timestamp,open,high,low,close,volume
2025-05-18 16:00:00+00:00,3.176,3.191,3.166,3.184,336578.3
2025-05-18 17:00:00+00:00,3.185,3.207,3.14,3.147,504005.79
2025-05-18 18:00:00+00:00,3.147,3.15,3.102,3.114,474676.91
2025-05-18 19:00:00+00:00,3.114,3.126,3.071,3.072,399010.45
2025-05-18 20:00:00+00:00,3.072,3.093,3.016,3.091,976206.88
2025-05-18 21:00:00+00:00,3.091,3.125,3.088,3.099,247813.35
2025-05-18 22:00:00+00:00,3.101,3.133,3.086,3.131,211325.73
2025-05-18 23:00:00+00:00,3.131,3.146,3.117,3.138,247464.07
2025-05-19 00:00:00+00:00,3.139,3.143,3.078,3.087,289501.84
2025-05-19 01:00:00+00:00,3.087,3.099,3.06,3.079,231327.45
2025-05-19 02:00:00+00:00,3.078,3.087,3.051,3.07,194024.66
2025-05-19 03:00:00+00:00,3.069,3.072,3.04,3.048,151589.94
2025-05-19 04:00:00+00:00,3.049,3.055,3.006,3.019,410845.66
2025-05-19 05:00:00+00:00,3.019,3.044,3.007,3.04,278658.24
2025-05-19 06:00:00+00:00,3.04,3.061,3.005,3.007,258060.16
2025-05-19 07:00:00+00:00,3.006,3.046,2.997,3.029,264285.42
2025-05-19 08:00:00+00:00,3.029,3.033,3.005,3.019,185739.1
2025-05-19 09:00:00+00:00,3.018,3.028,2.987,2.996,450080.74
2025-05-19 10:00:00+00:00,2.997,2.998,2.964,2.987,488351.0
2025-05-19 11:00:00+00:00,2.987,2.996,2.973,2.986,218810.96
2025-05-19 12:00:00+00:00,2.985,2.987,2.888,2.909,911750.25
2025-05-19 13:00:00+00:00,2.91,2.952,2.882,2.935,1037779.76
2025-05-19 14:00:00+00:00,2.936,2.952,2.914,2.945,541227.78
2025-05-19 15:00:00+00:00,2.946,2.978,2.941,2.973,280615.6
2025-05-19 16:00:00+00:00,2.973,3.004,2.945,3.002,348736.49
2025-05-19 17:00:00+00:00,3.002,3.029,2.994,3.023,525675.02
2025-05-19 18:00:00+00:00,3.022,3.033,2.984,2.996,396761.57
2025-05-19 19:00:00+00:00,2.996,3.023,2.994,3.012,254878.8
2025-05-19 20:00:00+00:00,3.012,3.027,3.004,3.014,148567.26
2025-05-19 21:00:00+00:00,3.013,3.025,2.996,3.02,127389.52
2025-05-19 22:00:00+00:00,3.019,3.022,3.01,3.016,130544.13
2025-05-19 23:00:00+00:00,3.015,3.031,3.011,3.03,70397.01
2025-05-20 00:00:00+00:00,3.03,3.057,3.016,3.017,269109.61
2025-05-20 01:00:00+00:00,3.017,3.055,3.007,3.04,255563.6
2025-05-20 02:00:00+00:00,3.041,3.078,3.041,3.058,350749.68
2025-05-20 03:00:00+00:00,3.058,3.067,3.031,3.044,163109.0
2025-05-20 04:00:00+00:00,3.044,3.06,3.032,3.055,101052.44
2025-05-20 05:00:00+00:00,3.055,3.065,3.048,3.057,135717.87
2025-05-20 06:00:00+00:00,3.058,3.066,3.039,3.04,172100.8
2025-05-20 07:00:00+00:00,3.04,3.047,3.019,3.026,373967.48
2025-05-20 08:00:00+00:00,3.026,3.049,3.013,3.043,212816.22
2025-05-20 09:00:00+00:00,3.043,3.053,3.035,3.046,167078.71
2025-05-20 10:00:00+00:00,3.046,3.059,3.029,3.044,146023.67
2025-05-20 11:00:00+00:00,3.044,3.051,3.02,3.048,139368.28
2025-05-20 12:00:00+00:00,3.047,3.053,3.024,3.045,168015.31
2025-05-20 13:00:00+00:00,3.045,3.064,3.038,3.05,302276.56
2025-05-20 14:00:00+00:00,3.051,3.052,3.018,3.034,272035.46
2025-05-20 15:00:00+00:00,3.034,3.056,3.03,3.047,153766.78
2025-05-20 16:00:00+00:00,3.047,3.053,3.034,3.043,95178.63
2025-05-20 17:00:00+00:00,3.044,3.076,3.041,3.068,263552.35
2025-05-20 18:00:00+00:00,3.068,3.077,3.029,3.031,261278.08
2025-05-20 19:00:00+00:00,3.032,3.071,3.027,3.064,111361.14
2025-05-20 20:00:00+00:00,3.063,3.089,3.054,3.078,214757.08
2025-05-20 21:00:00+00:00,3.079,3.094,3.053,3.081,153563.6
2025-05-20 22:00:00+00:00,3.082,3.088,3.061,3.08,102615.6
2025-05-20 23:00:00+00:00,3.08,3.093,3.076,3.084,91188.11
2025-05-21 00:00:00+00:00,3.084,3.095,3.063,3.067,127273.57
2025-05-21 01:00:00+00:00,3.066,3.079,3.052,3.055,94938.39
2025-05-21 02:00:00+00:00,3.054,3.069,3.036,3.067,139501.39
2025-05-21 03:00:00+00:00,3.067,3.088,3.06,3.075,144195.93
2025-05-21 04:00:00+00:00,3.074,3.098,3.072,3.09,221049.0
2025-05-21 05:00:00+00:00,3.089,3.111,3.068,3.085,404522.25
2025-05-21 06:00:00+00:00,3.086,3.098,3.072,3.085,162239.72
2025-05-21 07:00:00+00:00,3.085,3.088,3.04,3.049,401965.44
2025-05-21 08:00:00+00:00,3.05,3.061,3.038,3.04,132363.26
2025-05-21 09:00:00+00:00,3.041,3.046,3.028,3.041,183922.57
2025-05-21 10:00:00+00:00,3.042,3.056,3.04,3.049,134268.71
2025-05-21 11:00:00+00:00,3.05,3.068,3.046,3.056,157360.32
2025-05-21 12:00:00+00:00,3.056,3.066,3.045,3.064,155735.73
2025-05-21 13:00:00+00:00,3.065,3.087,3.062,3.074,319484.61
2025-05-21 14:00:00+00:00,3.075,3.092,3.056,3.092,337430.36
2025-05-21 15:00:00+00:00,3.093,3.102,3.077,3.094,431288.88
2025-05-21 16:00:00+00:00,3.094,3.141,3.088,3.12,603191.81
2025-05-21 17:00:00+00:00,3.119,3.129,3.015,3.038,1249147.84
2025-05-21 18:00:00+00:00,3.039,3.066,3.029,3.052,311810.29
2025-05-21 19:00:00+00:00,3.052,3.077,3.043,3.075,278376.96
2025-05-21 20:00:00+00:00,3.074,3.084,3.063,3.079,133507.93
2025-05-21 21:00:00+00:00,3.08,3.093,3.07,3.072,129311.98
2025-05-21 22:00:00+00:00,3.072,3.094,3.072,3.09,91013.58
2025-05-21 23:00:00+00:00,3.09,3.113,3.082,3.091,278663.1
2025-05-22 00:00:00+00:00,3.091,3.124,3.083,3.122,286644.88
2025-05-22 01:00:00+00:00,3.123,3.13,3.097,3.105,192144.46
2025-05-22 02:00:00+00:00,3.105,3.128,3.102,3.115,150239.51
2025-05-22 03:00:00+00:00,3.116,3.127,3.103,3.123,369310.38
2025-05-22 04:00:00+00:00,3.124,3.131,3.113,3.121,146900.43
2025-05-22 05:00:00+00:00,3.121,3.128,3.109,3.109,201691.02
2025-05-22 06:00:00+00:00,3.11,3.138,3.103,3.136,304925.98
2025-05-22 07:00:00+00:00,3.136,3.171,3.135,3.166,445842.56
2025-05-22 08:00:00+00:00,3.167,3.2,3.164,3.179,483547.45
2025-05-22 09:00:00+00:00,3.179,3.2,3.175,3.19,265195.25
2025-05-22 10:00:00+00:00,3.189,3.193,3.166,3.173,200892.01
2025-05-22 11:00:00+00:00,3.173,3.176,3.147,3.164,375295.68
2025-05-22 12:00:00+00:00,3.163,3.181,3.153,3.18,205792.68
2025-05-22 13:00:00+00:00,3.179,3.181,3.151,3.167,246594.8
2025-05-22 14:00:00+00:00,3.168,3.188,3.165,3.176,230643.47
2025-05-22 15:00:00+00:00,3.176,3.199,3.167,3.17,262468.54
2025-05-22 16:00:00+00:00,3.171,3.184,3.149,3.153,247070.67
2025-05-22 17:00:00+00:00,3.153,3.169,3.143,3.162,106589.16
2025-05-22 18:00:00+00:00,3.163,3.177,3.155,3.169,210310.71
2025-05-22 19:00:00+00:00,3.169,3.171,3.145,3.156,111898.8
2025-05-22 20:00:00+00:00,3.156,3.167,3.148,3.157,98680.93
2025-05-22 21:00:00+00:00,3.158,3.158,3.131,3.145,144314.98
2025-05-22 22:00:00+00:00,3.145,3.167,3.145,3.163,134817.44
2025-05-22 23:00:00+00:00,3.164,3.177,3.163,3.173,148215.4
2025-05-23 00:00:00+00:00,3.174,3.18,3.16,3.169,151113.58
2025-05-23 01:00:00+00:00,3.168,3.185,3.157,3.179,248339.26
2025-05-23 02:00:00+00:00,3.179,3.221,3.177,3.201,487472.7
2025-05-23 03:00:00+00:00,3.201,3.221,3.197,3.209,226648.66
2025-05-23 04:00:00+00:00,3.209,3.215,3.157,3.171,384867.21
2025-05-23 05:00:00+00:00,3.171,3.181,3.159,3.178,150837.44
2025-05-23 06:00:00+00:00,3.178,3.179,3.128,3.138,347461.66
2025-05-23 07:00:00+00:00,3.139,3.16,3.125,3.136,160640.31
2025-05-23 08:00:00+00:00,3.137,3.165,3.134,3.159,192066.66
2025-05-23 09:00:00+00:00,3.159,3.179,3.153,3.178,212216.86
2025-05-23 10:00:00+00:00,3.178,3.178,3.146,3.159,282917.22
2025-05-23 11:00:00+00:00,3.159,3.159,3.026,3.039,1576430.58
2025-05-23 12:00:00+00:00,3.039,3.041,2.957,3.021,1513937.8
2025-05-23 13:00:00+00:00,3.022,3.066,3.008,3.065,378535.87
2025-05-23 14:00:00+00:00,3.065,3.084,3.051,3.073,300604.16
2025-05-23 15:00:00+00:00,3.074,3.093,3.051,3.053,385568.08
2025-05-23 16:00:00+00:00,3.053,3.062,3.033,3.054,263876.05
2025-05-23 17:00:00+00:00,3.053,3.073,3.053,3.066,103953.63
2025-05-23 18:00:00+00:00,3.066,3.07,3.044,3.051,156781.45
2025-05-23 19:00:00+00:00,3.051,3.071,3.049,3.059,146586.72
2025-05-23 20:00:00+00:00,3.061,3.061,3.023,3.027,184440.96
2025-05-23 21:00:00+00:00,3.027,3.041,3.018,3.027,124964.07
2025-05-23 22:00:00+00:00,3.028,3.045,3.01,3.011,119982.52
2025-05-23 23:00:00+00:00,3.01,3.013,2.96,2.977,631767.15
2025-05-24 00:00:00+00:00,2.977,3.002,2.96,2.984,222241.18
2025-05-24 01:00:00+00:00,2.983,3.005,2.977,2.988,105242.18
2025-05-24 02:00:00+00:00,2.988,3.01,2.982,3.006,69193.04
2025-05-24 03:00:00+00:00,3.005,3.02,3.002,3.015,84674.25
2025-05-24 04:00:00+00:00,3.016,3.03,3.013,3.026,82652.28
2025-05-24 05:00:00+00:00,3.026,3.03,3.009,3.021,74867.02
2025-05-24 06:00:00+00:00,3.022,3.027,3.008,3.02,61569.61
2025-05-24 07:00:00+00:00,3.021,3.031,3.019,3.02,203172.69
2025-05-24 08:00:00+00:00,3.021,3.035,3.012,3.032,173940.74
2025-05-24 09:00:00+00:00,3.032,3.036,3.013,3.015,115742.26
2025-05-24 10:00:00+00:00,3.015,3.027,3.013,3.024,94280.06
2025-05-24 11:00:00+00:00,3.024,3.026,3.009,3.011,200905.04
2025-05-24 12:00:00+00:00,3.011,3.016,2.989,2.999,248145.72
2025-05-24 13:00:00+00:00,2.999,3.002,2.985,2.997,130876.31
2025-05-24 14:00:00+00:00,2.996,3.017,2.994,3.014,71779.84
2025-05-24 15:00:00+00:00,3.013,3.019,2.998,3.008,142424.37
2025-05-24 16:00:00+00:00,3.008,3.013,2.992,3.012,78690.44
2025-05-24 17:00:00+00:00,3.012,3.019,3.007,3.008,143654.71
2025-05-24 18:00:00+00:00,3.008,3.019,3.005,3.01,108263.78
2025-05-24 19:00:00+00:00,3.009,3.03,3.008,3.027,158705.08
2025-05-24 20:00:00+00:00,3.026,3.037,3.025,3.031,80260.66
2025-05-24 21:00:00+00:00,3.032,3.038,3.014,3.038,97515.56
2025-05-24 22:00:00+00:00,3.038,3.038,3.018,3.033,125879.94
2025-05-24 23:00:00+00:00,3.034,3.041,3.02,3.031,132192.59
2025-05-25 00:00:00+00:00,3.031,3.044,2.995,3.005,281809.59
2025-05-25 01:00:00+00:00,3.005,3.023,2.987,3.016,221347.56
2025-05-25 02:00:00+00:00,3.016,3.035,3.003,3.028,97821.88
2025-05-25 03:00:00+00:00,3.028,3.035,3.005,3.011,167856.76
2025-05-25 04:00:00+00:00,3.011,3.025,3.002,3.025,71977.09
2025-05-25 05:00:00+00:00,3.025,3.025,3.01,3.018,52651.98
2025-05-25 06:00:00+00:00,3.019,3.019,3.005,3.016,61578.45
2025-05-25 07:00:00+00:00,3.015,3.015,2.993,2.995,161961.54
2025-05-25 08:00:00+00:00,2.995,2.995,2.956,2.963,298626.97
2025-05-25 09:00:00+00:00,2.963,2.974,2.947,2.973,266234.65
2025-05-25 10:00:00+00:00,2.972,2.986,2.964,2.969,160642.58
2025-05-25 11:00:00+00:00,2.969,2.983,2.959,2.982,134707.34
2025-05-25 12:00:00+00:00,2.981,2.994,2.967,2.993,126111.49
2025-05-25 13:00:00+00:00,2.993,2.993,2.978,2.986,69035.53
2025-05-25 14:00:00+00:00,2.985,2.985,2.955,2.961,139064.52
2025-05-25 15:00:00+00:00,2.962,2.964,2.912,2.94,427255.14
2025-05-25 16:00:00+00:00,2.94,2.944,2.915,2.934,281425.14
2025-05-25 17:00:00+00:00,2.934,2.944,2.924,2.936,126293.0
2025-05-25 18:00:00+00:00,2.936,2.957,2.933,2.95,204031.99
2025-05-25 19:00:00+00:00,2.95,2.975,2.947,2.965,139391.37
2025-05-25 20:00:00+00:00,2.966,2.974,2.957,2.966,65855.13
2025-05-25 21:00:00+00:00,2.966,2.975,2.952,2.958,64605.5
2025-05-25 22:00:00+00:00,2.959,2.997,2.956,2.994,206438.69
2025-05-25 23:00:00+00:00,2.995,2.998,2.981,2.994,78362.11
2025-05-26 00:00:00+00:00,2.995,3.011,2.983,3.011,113063.69
2025-05-26 01:00:00+00:00,3.011,3.013,2.978,2.99,595734.17
2025-05-26 02:00:00+00:00,2.99,2.991,2.974,2.979,249435.07
2025-05-26 03:00:00+00:00,2.978,2.99,2.976,2.985,121742.01
2025-05-26 04:00:00+00:00,2.985,2.988,2.969,2.978,261879.38
2025-05-26 05:00:00+00:00,2.978,2.999,2.973,2.989,352883.68
2025-05-26 06:00:00+00:00,2.988,3.008,2.987,3.004,185401.97
2025-05-26 07:00:00+00:00,3.004,3.016,3.002,3.006,345579.63
2025-05-26 08:00:00+00:00,3.007,3.011,3.001,3.005,104494.38
2025-05-26 09:00:00+00:00,3.004,3.005,2.983,2.988,271210.46
2025-05-26 10:00:00+00:00,2.988,2.992,2.961,2.97,402578.36
2025-05-26 11:00:00+00:00,2.969,2.982,2.965,2.978,97176.64
2025-05-26 12:00:00+00:00,2.977,2.981,2.965,2.973,161585.11
2025-05-26 13:00:00+00:00,2.974,2.976,2.941,2.949,224134.58
2025-05-26 14:00:00+00:00,2.948,2.961,2.944,2.955,146193.08
2025-05-26 15:00:00+00:00,2.954,2.978,2.947,2.969,195609.55
2025-05-26 16:00:00+00:00,2.97,2.979,2.939,2.954,192235.41
2025-05-26 17:00:00+00:00,2.955,2.963,2.934,2.946,225541.78
2025-05-26 18:00:00+00:00,2.945,2.964,2.942,2.956,78216.79
2025-05-26 19:00:00+00:00,2.956,2.968,2.948,2.966,174014.54
2025-05-26 20:00:00+00:00,2.966,2.981,2.961,2.981,113136.73
2025-05-26 21:00:00+00:00,2.979,3.003,2.973,2.976,215488.7
2025-05-26 22:00:00+00:00,2.977,3.001,2.958,2.958,254648.08
2025-05-26 23:00:00+00:00,2.958,2.969,2.956,2.969,67978.59
2025-05-27 00:00:00+00:00,2.969,2.979,2.955,2.958,115216.22
2025-05-27 01:00:00+00:00,2.958,2.958,2.923,2.941,280762.57
2025-05-27 02:00:00+00:00,2.941,2.96,2.938,2.959,81199.65
2025-05-27 03:00:00+00:00,2.958,2.976,2.958,2.964,126600.25
2025-05-27 04:00:00+00:00,2.965,2.982,2.963,2.972,141533.26
2025-05-27 05:00:00+00:00,2.973,2.987,2.964,2.981,112089.0
2025-05-27 06:00:00+00:00,2.981,3.009,2.981,2.985,281727.63
2025-05-27 07:00:00+00:00,2.986,3.009,2.986,3.003,178832.56
2025-05-27 08:00:00+00:00,3.004,3.014,2.998,3.002,273301.83
2025-05-27 09:00:00+00:00,3.003,3.004,2.979,2.991,205160.75
2025-05-27 10:00:00+00:00,2.991,2.992,2.977,2.986,165088.66
2025-05-27 11:00:00+00:00,2.987,2.99,2.977,2.983,125746.98
2025-05-27 12:00:00+00:00,2.984,2.998,2.976,2.998,157272.25
2025-05-27 13:00:00+00:00,2.998,3.014,2.992,2.998,290966.8
2025-05-27 14:00:00+00:00,2.998,3.007,2.97,2.988,364719.22
2025-05-27 15:00:00+00:00,2.988,3.002,2.977,2.997,326941.06
2025-05-27 16:00:00+00:00,2.998,3.023,2.994,3.011,380619.21
2025-05-27 17:00:00+00:00,3.011,3.025,3.006,3.016,192330.78
2025-05-27 18:00:00+00:00,3.016,3.023,2.992,2.997,197260.74
2025-05-27 19:00:00+00:00,2.997,3.007,2.992,3.003,85562.0
2025-05-27 20:00:00+00:00,3.002,3.025,2.997,3.011,218178.29
2025-05-27 21:00:00+00:00,3.011,3.029,3.004,3.012,250766.14
2025-05-27 22:00:00+00:00,3.012,3.019,2.995,3.018,142130.81
2025-05-27 23:00:00+00:00,3.018,3.023,3.001,3.008,161152.78
2025-05-28 00:00:00+00:00,3.008,3.037,2.998,3.034,244840.12
2025-05-28 01:00:00+00:00,3.035,3.041,3.011,3.013,169687.89
2025-05-28 02:00:00+00:00,3.013,3.024,3.006,3.014,121502.79
2025-05-28 03:00:00+00:00,3.014,3.015,3.0,3.01,134922.96
2025-05-28 04:00:00+00:00,3.01,3.012,2.996,3.002,117363.99
2025-05-28 05:00:00+00:00,3.003,3.004,2.992,2.997,62750.77
2025-05-28 06:00:00+00:00,2.996,2.997,2.973,2.983,158300.54
2025-05-28 07:00:00+00:00,2.983,2.993,2.978,2.985,118421.33
2025-05-28 08:00:00+00:00,2.986,2.997,2.977,2.997,88082.64
2025-05-28 09:00:00+00:00,2.997,3.18,2.988,3.07,4394577.71
2025-05-28 10:00:00+00:00,3.071,3.308,3.053,3.258,3583644.97
2025-05-28 11:00:00+00:00,3.258,3.421,3.252,3.406,4513384.86
2025-05-28 12:00:00+00:00,3.406,3.698,3.367,3.557,9766783.53
2025-05-28 13:00:00+00:00,3.557,3.585,3.389,3.405,6258915.42
2025-05-28 14:00:00+00:00,3.405,3.513,3.377,3.464,3813823.98
2025-05-28 15:00:00+00:00,3.464,3.508,3.401,3.429,1914530.56
2025-05-28 16:00:00+00:00,3.43,3.48,3.336,3.371,2241966.95
2025-05-28 17:00:00+00:00,3.371,3.446,3.371,3.405,1411095.0
2025-05-28 18:00:00+00:00,3.405,3.45,3.38,3.401,1298942.15
2025-05-28 19:00:00+00:00,3.401,3.473,3.366,3.402,1577423.88
2025-05-28 20:00:00+00:00,3.403,3.445,3.379,3.44,854680.81
2025-05-28 21:00:00+00:00,3.441,3.471,3.169,3.266,3893567.72
2025-05-28 22:00:00+00:00,3.266,3.348,3.237,3.318,1837609.75
2025-05-28 23:00:00+00:00,3.317,3.367,3.305,3.325,2063956.3
2025-05-29 00:00:00+00:00,3.325,3.4,3.318,3.392,1236988.0
2025-05-29 01:00:00+00:00,3.391,3.421,3.363,3.4,796619.95
2025-05-29 02:00:00+00:00,3.399,3.406,3.332,3.394,1505042.12
2025-05-29 03:00:00+00:00,3.393,3.425,3.346,3.353,848728.45
2025-05-29 04:00:00+00:00,3.352,3.36,3.242,3.266,1533800.61
2025-05-29 05:00:00+00:00,3.266,3.288,3.26,3.272,1071360.38
2025-05-29 06:00:00+00:00,3.272,3.315,3.267,3.293,734906.42
2025-05-29 07:00:00+00:00,3.293,3.34,3.289,3.332,659488.3
2025-05-29 08:00:00+00:00,3.333,3.356,3.298,3.338,944588.74
2025-05-29 09:00:00+00:00,3.338,3.365,3.318,3.332,593224.12
2025-05-29 10:00:00+00:00,3.332,3.34,3.292,3.329,1255177.08
2025-05-29 11:00:00+00:00,3.329,3.355,3.326,3.351,475555.65
2025-05-29 12:00:00+00:00,3.351,3.368,3.327,3.352,395868.54
2025-05-29 13:00:00+00:00,3.352,3.399,3.334,3.357,1240413.0
2025-05-29 14:00:00+00:00,3.356,3.447,3.323,3.446,1723388.26
2025-05-29 15:00:00+00:00,3.446,3.474,3.401,3.414,1167025.42
2025-05-29 16:00:00+00:00,3.415,3.431,3.357,3.388,776867.79
2025-05-29 17:00:00+00:00,3.388,3.449,3.359,3.419,603457.38
2025-05-29 18:00:00+00:00,3.419,3.447,3.394,3.401,699169.34
2025-05-29 19:00:00+00:00,3.401,3.419,3.368,3.388,440066.48
2025-05-29 20:00:00+00:00,3.389,3.411,3.36,3.376,419877.53
2025-05-29 21:00:00+00:00,3.375,3.442,3.373,3.432,583581.91
2025-05-29 22:00:00+00:00,3.432,3.441,3.404,3.404,301795.44
2025-05-29 23:00:00+00:00,3.404,3.409,3.362,3.389,404269.19
2025-05-30 00:00:00+00:00,3.39,3.407,3.275,3.299,1297485.16
2025-05-30 01:00:00+00:00,3.299,3.359,3.295,3.347,598182.66
2025-05-30 02:00:00+00:00,3.347,3.377,3.316,3.317,483138.24
2025-05-30 03:00:00+00:00,3.317,3.322,3.283,3.303,432694.63
2025-05-30 04:00:00+00:00,3.304,3.311,3.282,3.295,276537.64
2025-05-30 05:00:00+00:00,3.295,3.331,3.293,3.318,504982.78
2025-05-30 06:00:00+00:00,3.319,3.322,3.258,3.265,792864.0
2025-05-30 07:00:00+00:00,3.264,3.288,3.237,3.257,570040.35
2025-05-30 08:00:00+00:00,3.258,3.275,3.226,3.231,349791.71
2025-05-30 09:00:00+00:00,3.23,3.276,3.22,3.274,399353.68
2025-05-30 10:00:00+00:00,3.274,3.3,3.256,3.299,328823.29
2025-05-30 11:00:00+00:00,3.299,3.327,3.295,3.316,454950.69
2025-05-30 12:00:00+00:00,3.317,3.346,3.288,3.322,424065.65
2025-05-30 13:00:00+00:00,3.323,3.323,3.294,3.296,280330.82
2025-05-30 14:00:00+00:00,3.296,3.324,3.276,3.315,338652.6
2025-05-30 15:00:00+00:00,3.315,3.325,3.295,3.304,211108.8
2025-05-30 16:00:00+00:00,3.304,3.309,3.227,3.258,860010.75
2025-05-30 17:00:00+00:00,3.257,3.31,3.255,3.309,454326.1
2025-05-30 18:00:00+00:00,3.309,3.336,3.297,3.334,495026.59
2025-05-30 19:00:00+00:00,3.333,3.34,3.311,3.318,186794.99
2025-05-30 20:00:00+00:00,3.317,3.334,3.305,3.311,166406.24
2025-05-30 21:00:00+00:00,3.311,3.325,3.287,3.291,326309.67
2025-05-30 22:00:00+00:00,3.292,3.296,3.214,3.215,491632.34
2025-05-30 23:00:00+00:00,3.215,3.218,3.066,3.088,1960126.29
2025-05-31 00:00:00+00:00,3.087,3.096,3.038,3.042,674085.62
2025-05-31 01:00:00+00:00,3.042,3.059,2.992,3.02,1130675.85
2025-05-31 02:00:00+00:00,3.02,3.032,2.999,3.007,435304.38
2025-05-31 03:00:00+00:00,3.007,3.042,2.995,3.037,266404.92
2025-05-31 04:00:00+00:00,3.037,3.081,3.024,3.077,405298.23
2025-05-31 05:00:00+00:00,3.076,3.086,3.058,3.069,171981.38
2025-05-31 06:00:00+00:00,3.069,3.09,3.066,3.069,207480.2
2025-05-31 07:00:00+00:00,3.069,3.093,3.057,3.083,197066.58
2025-05-31 08:00:00+00:00,3.082,3.084,3.055,3.065,136970.87
2025-05-31 09:00:00+00:00,3.064,3.07,3.053,3.066,161867.55
2025-05-31 10:00:00+00:00,3.065,3.076,3.047,3.056,171501.35
2025-05-31 11:00:00+00:00,3.056,3.058,3.044,3.052,116186.83
2025-05-31 12:00:00+00:00,3.051,3.105,3.048,3.104,282574.2
2025-05-31 13:00:00+00:00,3.103,3.119,3.078,3.083,326515.72
2025-05-31 14:00:00+00:00,3.082,3.096,3.073,3.095,300716.21
2025-05-31 15:00:00+00:00,3.095,3.108,3.084,3.089,249101.14
2025-05-31 16:00:00+00:00,3.089,3.12,3.081,3.111,184406.41
2025-05-31 17:00:00+00:00,3.111,3.134,3.105,3.111,285959.11
2025-05-31 18:00:00+00:00,3.111,3.136,3.107,3.134,77584.26
2025-05-31 19:00:00+00:00,3.134,3.149,3.13,3.142,88153.18
2025-05-31 20:00:00+00:00,3.141,3.161,3.137,3.16,108285.56
2025-05-31 21:00:00+00:00,3.161,3.166,3.136,3.14,165086.89
2025-05-31 22:00:00+00:00,3.139,3.141,3.127,3.137,131765.36
2025-05-31 23:00:00+00:00,3.137,3.158,3.128,3.148,110024.53
2025-06-01 00:00:00+00:00,3.149,3.16,3.137,3.16,104357.93
2025-06-01 01:00:00+00:00,3.16,3.186,3.148,3.153,320258.0
2025-06-01 02:00:00+00:00,3.154,3.175,3.141,3.172,249134.22
2025-06-01 03:00:00+00:00,3.173,3.179,3.149,3.159,105414.74
2025-06-01 04:00:00+00:00,3.159,3.17,3.141,3.162,98621.77
2025-06-01 05:00:00+00:00,3.162,3.167,3.146,3.155,50580.5
2025-06-01 06:00:00+00:00,3.154,3.162,3.14,3.155,88426.29
2025-06-01 07:00:00+00:00,3.154,3.154,3.13,3.136,105459.54
2025-06-01 08:00:00+00:00,3.136,3.144,3.129,3.137,80963.84
2025-06-01 09:00:00+00:00,3.136,3.143,3.094,3.11,369692.12
2025-06-01 10:00:00+00:00,3.109,3.12,3.099,3.11,159790.2
2025-06-01 11:00:00+00:00,3.11,3.131,3.102,3.12,107591.78
2025-06-01 12:00:00+00:00,3.119,3.124,3.08,3.102,238947.93
2025-06-01 13:00:00+00:00,3.102,3.127,3.099,3.115,145368.39
2025-06-01 14:00:00+00:00,3.115,3.138,3.112,3.124,139605.02
2025-06-01 15:00:00+00:00,3.123,3.135,3.114,3.128,92986.96
2025-06-01 16:00:00+00:00,3.128,3.149,3.125,3.145,203734.95
2025-06-01 17:00:00+00:00,3.146,3.151,3.131,3.14,93540.11
2025-06-01 18:00:00+00:00,3.14,3.142,3.103,3.131,194913.78
2025-06-01 19:00:00+00:00,3.131,3.15,3.129,3.15,96874.12
2025-06-01 20:00:00+00:00,3.15,3.161,3.145,3.155,94162.5
2025-06-01 21:00:00+00:00,3.154,3.188,3.153,3.185,145021.7
2025-06-01 22:00:00+00:00,3.185,3.207,3.183,3.207,133888.1
2025-06-01 23:00:00+00:00,3.207,3.22,3.186,3.188,184925.66
2025-06-02 00:00:00+00:00,3.188,3.201,3.177,3.195,181142.71
2025-06-02 01:00:00+00:00,3.195,3.209,3.186,3.186,144965.27
2025-06-02 02:00:00+00:00,3.186,3.198,3.171,3.175,155863.39
2025-06-02 03:00:00+00:00,3.175,3.175,3.151,3.155,198295.84
2025-06-02 04:00:00+00:00,3.155,3.163,3.134,3.138,138467.62
2025-06-02 05:00:00+00:00,3.139,3.161,3.131,3.137,169868.9
2025-06-02 06:00:00+00:00,3.136,3.151,3.125,3.139,126095.64
2025-06-02 07:00:00+00:00,3.138,3.148,3.119,3.122,144029.49
2025-06-02 08:00:00+00:00,3.122,3.139,3.114,3.12,125752.74
2025-06-02 09:00:00+00:00,3.121,3.129,3.109,3.118,221303.58
2025-06-02 10:00:00+00:00,3.117,3.124,3.102,3.108,177201.18
2025-06-02 11:00:00+00:00,3.108,3.119,3.1,3.111,127158.45
2025-06-02 12:00:00+00:00,3.113,3.136,3.108,3.13,101280.51
2025-06-02 13:00:00+00:00,3.131,3.149,3.123,3.135,137022.85
2025-06-02 14:00:00+00:00,3.135,3.178,3.133,3.17,222522.46
2025-06-02 15:00:00+00:00,3.17,3.198,3.164,3.191,246187.13
2025-06-02 16:00:00+00:00,3.192,3.212,3.181,3.205,301022.27
2025-06-02 17:00:00+00:00,3.206,3.243,3.194,3.238,346848.12
2025-06-02 18:00:00+00:00,3.237,3.252,3.222,3.226,367813.54
2025-06-02 19:00:00+00:00,3.227,3.236,3.206,3.218,238134.52
2025-06-02 20:00:00+00:00,3.218,3.244,3.218,3.236,191801.33
2025-06-02 21:00:00+00:00,3.235,3.237,3.212,3.219,141477.13
2025-06-02 22:00:00+00:00,3.218,3.229,3.213,3.221,221250.41
2025-06-02 23:00:00+00:00,3.221,3.227,3.203,3.216,190870.81
2025-06-03 00:00:00+00:00,3.217,3.226,3.205,3.213,186620.91
2025-06-03 01:00:00+00:00,3.213,3.225,3.207,3.221,166075.3
2025-06-03 02:00:00+00:00,3.221,3.224,3.187,3.199,195409.79
2025-06-03 03:00:00+00:00,3.199,3.2,3.182,3.188,99158.43
2025-06-03 04:00:00+00:00,3.188,3.189,3.172,3.173,100889.51
2025-06-03 05:00:00+00:00,3.173,3.202,3.172,3.201,128918.1
2025-06-03 06:00:00+00:00,3.2,3.215,3.198,3.202,190995.67
2025-06-03 07:00:00+00:00,3.202,3.207,3.193,3.202,95283.74
2025-06-03 08:00:00+00:00,3.202,3.212,3.178,3.21,255346.36
2025-06-03 09:00:00+00:00,3.21,3.228,3.195,3.217,389818.89
2025-06-03 10:00:00+00:00,3.218,3.237,3.209,3.236,172780.21
2025-06-03 11:00:00+00:00,3.235,3.238,3.216,3.223,135970.48
2025-06-03 12:00:00+00:00,3.223,3.225,3.206,3.212,158970.01
2025-06-03 13:00:00+00:00,3.211,3.219,3.189,3.189,354582.04
2025-06-03 14:00:00+00:00,3.188,3.208,3.18,3.207,423902.38
2025-06-03 15:00:00+00:00,3.207,3.212,3.193,3.199,195120.87
2025-06-03 16:00:00+00:00,3.199,3.219,3.186,3.203,181700.83
2025-06-03 17:00:00+00:00,3.203,3.208,3.192,3.205,208595.54
2025-06-03 18:00:00+00:00,3.204,3.224,3.193,3.202,147619.72
2025-06-03 19:00:00+00:00,3.201,3.218,3.201,3.213,77397.04
2025-06-03 20:00:00+00:00,3.214,3.214,3.167,3.184,209417.29
2025-06-03 21:00:00+00:00,3.184,3.192,3.16,3.175,153860.19
2025-06-03 22:00:00+00:00,3.175,3.194,3.164,3.189,141091.86
2025-06-03 23:00:00+00:00,3.189,3.19,3.174,3.182,97230.49
2025-06-04 00:00:00+00:00,3.182,3.194,3.168,3.183,128312.91
2025-06-04 01:00:00+00:00,3.183,3.21,3.182,3.206,139427.19
2025-06-04 02:00:00+00:00,3.205,3.217,3.2,3.209,127881.75
2025-06-04 03:00:00+00:00,3.21,3.223,3.209,3.217,131865.99
2025-06-04 04:00:00+00:00,3.217,3.225,3.19,3.201,507108.24
2025-06-04 05:00:00+00:00,3.2,3.206,3.194,3.201,101273.53
2025-06-04 06:00:00+00:00,3.202,3.209,3.192,3.2,130498.86
2025-06-04 07:00:00+00:00,3.2,3.206,3.187,3.191,65259.17
2025-06-04 08:00:00+00:00,3.191,3.199,3.187,3.194,72326.96
2025-06-04 09:00:00+00:00,3.194,3.203,3.178,3.201,139500.1
2025-06-04 10:00:00+00:00,3.202,3.205,3.182,3.188,121216.9
2025-06-04 11:00:00+00:00,3.189,3.195,3.171,3.176,191555.29
2025-06-04 12:00:00+00:00,3.176,3.184,3.163,3.171,226994.25
2025-06-04 13:00:00+00:00,3.172,3.182,3.162,3.165,166206.72
2025-06-04 14:00:00+00:00,3.165,3.165,3.137,3.162,379816.79
2025-06-04 15:00:00+00:00,3.163,3.18,3.158,3.172,180680.17
2025-06-04 16:00:00+00:00,3.172,3.18,3.168,3.175,147062.56
2025-06-04 17:00:00+00:00,3.175,3.176,3.148,3.16,137552.88
2025-06-04 18:00:00+00:00,3.161,3.181,3.161,3.174,82079.23
2025-06-04 19:00:00+00:00,3.174,3.184,3.166,3.171,130769.42
2025-06-04 20:00:00+00:00,3.172,3.172,3.148,3.171,155026.2
2025-06-04 21:00:00+00:00,3.17,3.19,3.164,3.17,173341.49
2025-06-04 22:00:00+00:00,3.171,3.176,3.161,3.166,121504.96
2025-06-04 23:00:00+00:00,3.166,3.172,3.156,3.169,130252.93
2025-06-05 00:00:00+00:00,3.17,3.192,3.165,3.192,146176.1
2025-06-05 01:00:00+00:00,3.191,3.195,3.173,3.186,107928.61
2025-06-05 02:00:00+00:00,3.186,3.223,3.185,3.215,315793.64
2025-06-05 03:00:00+00:00,3.216,3.219,3.197,3.209,149933.26
2025-06-05 04:00:00+00:00,3.21,3.212,3.192,3.201,84739.78
2025-06-05 05:00:00+00:00,3.202,3.203,3.182,3.2,127269.39
2025-06-05 06:00:00+00:00,3.2,3.206,3.174,3.176,174629.24
2025-06-05 07:00:00+00:00,3.175,3.186,3.165,3.174,207111.65
2025-06-05 08:00:00+00:00,3.174,3.198,3.171,3.198,290505.5
2025-06-05 09:00:00+00:00,3.198,3.259,3.197,3.247,1089557.03
2025-06-05 10:00:00+00:00,3.247,3.248,3.204,3.239,803622.06
2025-06-05 11:00:00+00:00,3.239,3.248,3.222,3.239,287317.65
2025-06-05 12:00:00+00:00,3.238,3.258,3.232,3.252,335955.16
2025-06-05 13:00:00+00:00,3.252,3.256,3.213,3.224,396288.27
2025-06-05 14:00:00+00:00,3.223,3.235,3.18,3.22,584598.98
2025-06-05 15:00:00+00:00,3.221,3.252,3.218,3.242,299083.29
2025-06-05 16:00:00+00:00,3.243,3.25,3.193,3.208,622728.99
2025-06-05 17:00:00+00:00,3.208,3.231,3.206,3.218,161390.19
2025-06-05 18:00:00+00:00,3.217,3.218,3.183,3.203,286982.79
2025-06-05 19:00:00+00:00,3.202,3.205,3.097,3.105,1263743.53
2025-06-05 20:00:00+00:00,3.105,3.107,2.995,3.001,1687324.3
2025-06-05 21:00:00+00:00,3.001,3.071,2.996,3.066,863016.43
2025-06-05 22:00:00+00:00,3.066,3.068,3.036,3.055,300035.01
2025-06-05 23:00:00+00:00,3.055,3.057,3.029,3.032,259234.03
2025-06-06 00:00:00+00:00,3.032,3.063,3.02,3.063,299201.42
2025-06-06 01:00:00+00:00,3.062,3.067,3.048,3.066,212451.23
2025-06-06 02:00:00+00:00,3.065,3.066,3.036,3.056,149253.19
2025-06-06 03:00:00+00:00,3.056,3.07,3.041,3.059,181171.46
2025-06-06 04:00:00+00:00,3.059,3.082,3.042,3.077,298310.9
2025-06-06 05:00:00+00:00,3.076,3.081,3.053,3.065,160225.93
2025-06-06 06:00:00+00:00,3.064,3.106,3.06,3.095,268704.35
2025-06-06 07:00:00+00:00,3.096,3.118,3.092,3.094,359695.32
2025-06-06 08:00:00+00:00,3.094,3.111,3.093,3.102,182518.92
2025-06-06 09:00:00+00:00,3.101,3.126,3.101,3.124,187117.43
2025-06-06 10:00:00+00:00,3.125,3.144,3.116,3.128,274278.95
2025-06-06 11:00:00+00:00,3.128,3.157,3.127,3.143,322797.12
2025-06-06 12:00:00+00:00,3.144,3.161,3.129,3.135,383978.14
2025-06-06 13:00:00+00:00,3.134,3.173,3.132,3.166,291113.91
2025-06-06 14:00:00+00:00,3.166,3.203,3.154,3.203,453520.09
2025-06-06 15:00:00+00:00,3.203,3.205,3.177,3.195,367365.8
2025-06-06 16:00:00+00:00,3.196,3.198,3.157,3.165,323217.96
2025-06-06 17:00:00+00:00,3.166,3.166,3.143,3.15,277370.24
2025-06-06 18:00:00+00:00,3.149,3.151,3.132,3.138,198609.39
2025-06-06 19:00:00+00:00,3.137,3.149,3.13,3.13,213287.37
2025-06-06 20:00:00+00:00,3.13,3.155,3.124,3.143,149615.66
2025-06-06 21:00:00+00:00,3.144,3.157,3.138,3.152,102761.73
2025-06-06 22:00:00+00:00,3.153,3.169,3.15,3.169,121272.5
2025-06-06 23:00:00+00:00,3.169,3.169,3.146,3.152,111535.03
2025-06-07 00:00:00+00:00,3.152,3.166,3.14,3.165,163317.21
2025-06-07 01:00:00+00:00,3.165,3.168,3.141,3.145,111266.08
2025-06-07 02:00:00+00:00,3.146,3.156,3.141,3.156,102903.68
2025-06-07 03:00:00+00:00,3.155,3.171,3.154,3.167,239343.55
2025-06-07 04:00:00+00:00,3.167,3.172,3.155,3.169,135612.07
2025-06-07 05:00:00+00:00,3.169,3.192,3.169,3.183,230107.62
2025-06-07 06:00:00+00:00,3.182,3.189,3.171,3.186,140739.13
2025-06-07 07:00:00+00:00,3.186,3.199,3.176,3.195,183757.3
2025-06-07 08:00:00+00:00,3.195,3.203,3.18,3.189,232331.08
2025-06-07 09:00:00+00:00,3.19,3.2,3.182,3.185,147339.08
2025-06-07 10:00:00+00:00,3.186,3.203,3.185,3.199,248899.55
2025-06-07 11:00:00+00:00,3.199,3.2,3.187,3.191,127321.9
2025-06-07 12:00:00+00:00,3.192,3.205,3.188,3.193,164854.71
2025-06-07 13:00:00+00:00,3.193,3.201,3.189,3.194,147795.34
2025-06-07 14:00:00+00:00,3.195,3.201,3.182,3.183,141791.67
2025-06-07 15:00:00+00:00,3.183,3.193,3.173,3.192,289034.66
2025-06-07 16:00:00+00:00,3.191,3.194,3.182,3.186,161498.92
2025-06-07 17:00:00+00:00,3.186,3.201,3.169,3.177,182871.52
2025-06-07 18:00:00+00:00,3.177,3.183,3.168,3.173,140539.5
2025-06-07 19:00:00+00:00,3.173,3.183,3.169,3.181,124758.85
2025-06-07 20:00:00+00:00,3.181,3.195,3.174,3.191,162347.26
2025-06-07 21:00:00+00:00,3.192,3.204,3.186,3.191,161171.71
2025-06-07 22:00:00+00:00,3.191,3.202,3.185,3.194,121981.77
2025-06-07 23:00:00+00:00,3.194,3.194,3.178,3.18,273646.82
2025-06-08 00:00:00+00:00,3.181,3.184,3.17,3.181,180042.55
2025-06-08 01:00:00+00:00,3.181,3.191,3.173,3.188,104320.04
2025-06-08 02:00:00+00:00,3.188,3.192,3.179,3.185,185168.58
2025-06-08 03:00:00+00:00,3.185,3.186,3.174,3.175,96563.68
2025-06-08 04:00:00+00:00,3.174,3.182,3.173,3.179,119515.64
2025-06-08 05:00:00+00:00,3.179,3.18,3.151,3.156,264760.37
2025-06-08 06:00:00+00:00,3.156,3.164,3.154,3.162,170672.32
2025-06-08 07:00:00+00:00,3.161,3.164,3.142,3.144,182491.42
2025-06-08 08:00:00+00:00,3.143,3.157,3.143,3.144,166223.89
2025-06-08 09:00:00+00:00,3.143,3.145,3.123,3.128,317941.54
2025-06-08 10:00:00+00:00,3.128,3.143,3.12,3.136,211581.04
2025-06-08 11:00:00+00:00,3.136,3.153,3.135,3.153,189189.55
2025-06-08 12:00:00+00:00,3.152,3.154,3.136,3.15,147179.3
2025-06-08 13:00:00+00:00,3.149,3.175,3.145,3.153,304757.0
2025-06-08 14:00:00+00:00,3.152,3.167,3.147,3.166,300438.17
2025-06-08 15:00:00+00:00,3.165,3.174,3.15,3.153,404682.96
2025-06-08 16:00:00+00:00,3.153,3.187,3.152,3.186,236194.45
2025-06-08 17:00:00+00:00,3.186,3.195,3.185,3.19,177971.87
2025-06-08 18:00:00+00:00,3.19,3.2,3.187,3.2,200336.07
2025-06-08 19:00:00+00:00,3.199,3.201,3.184,3.192,251733.14
2025-06-08 20:00:00+00:00,3.193,3.195,3.181,3.185,178713.95
2025-06-08 21:00:00+00:00,3.185,3.196,3.177,3.194,145181.92
2025-06-08 22:00:00+00:00,3.195,3.199,3.174,3.181,232034.25
2025-06-08 23:00:00+00:00,3.182,3.184,3.164,3.17,266735.22
2025-06-09 00:00:00+00:00,3.171,3.189,3.163,3.187,145873.07
2025-06-09 01:00:00+00:00,3.188,3.197,3.18,3.184,140235.71
2025-06-09 02:00:00+00:00,3.185,3.192,3.176,3.179,85024.21
2025-06-09 03:00:00+00:00,3.178,3.197,3.172,3.193,204437.45
2025-06-09 04:00:00+00:00,3.192,3.195,3.174,3.174,170609.52
2025-06-09 05:00:00+00:00,3.173,3.176,3.161,3.164,151108.58
2025-06-09 06:00:00+00:00,3.165,3.174,3.15,3.165,159467.23
2025-06-09 07:00:00+00:00,3.165,3.168,3.154,3.167,264260.11
2025-06-09 08:00:00+00:00,3.166,3.181,3.163,3.178,284517.39
2025-06-09 09:00:00+00:00,3.178,3.204,3.177,3.195,505870.95
2025-06-09 10:00:00+00:00,3.194,3.238,3.191,3.226,906392.39
2025-06-09 11:00:00+00:00,3.226,3.24,3.202,3.213,655230.03
2025-06-09 12:00:00+00:00,3.213,3.213,3.199,3.21,287486.33
2025-06-09 13:00:00+00:00,3.21,3.23,3.189,3.197,558610.48
2025-06-09 14:00:00+00:00,3.197,3.209,3.188,3.2,574008.61
2025-06-09 15:00:00+00:00,3.199,3.263,3.199,3.244,1215861.81
2025-06-09 16:00:00+00:00,3.244,3.329,3.243,3.274,1470802.09
2025-06-09 17:00:00+00:00,3.275,3.289,3.257,3.284,383020.25
2025-06-09 18:00:00+00:00,3.285,3.3,3.279,3.291,197041.02
2025-06-09 19:00:00+00:00,3.292,3.301,3.278,3.287,198172.55
2025-06-09 20:00:00+00:00,3.288,3.306,3.284,3.303,92065.67
2025-06-09 21:00:00+00:00,3.304,3.319,3.298,3.31,276993.83
2025-06-09 22:00:00+00:00,3.31,3.326,3.301,3.32,501057.53
2025-06-09 23:00:00+00:00,3.319,3.322,3.301,3.306,98371.11
2025-06-10 00:00:00+00:00,3.307,3.333,3.297,3.32,259670.21
2025-06-10 01:00:00+00:00,3.319,3.33,3.308,3.324,165016.52
2025-06-10 02:00:00+00:00,3.323,3.335,3.31,3.317,148462.23
2025-06-10 03:00:00+00:00,3.316,3.317,3.292,3.295,137902.66
2025-06-10 04:00:00+00:00,3.295,3.302,3.289,3.297,150072.34
2025-06-10 05:00:00+00:00,3.297,3.319,3.278,3.288,179920.33
2025-06-10 06:00:00+00:00,3.289,3.313,3.271,3.296,213153.04
2025-06-10 07:00:00+00:00,3.296,3.3,3.272,3.288,271354.14
2025-06-10 08:00:00+00:00,3.288,3.313,3.286,3.302,193890.72
2025-06-10 09:00:00+00:00,3.302,3.312,3.284,3.308,289538.51
2025-06-10 10:00:00+00:00,3.307,3.311,3.273,3.296,185527.28
2025-06-10 11:00:00+00:00,3.295,3.344,3.284,3.34,611478.92
2025-06-10 12:00:00+00:00,3.339,3.389,3.331,3.385,876965.66
2025-06-10 13:00:00+00:00,3.385,3.395,3.331,3.352,562884.22
2025-06-10 14:00:00+00:00,3.353,3.355,3.317,3.329,250253.07
2025-06-10 15:00:00+00:00,3.329,3.353,3.315,3.324,712343.06
2025-06-10 16:00:00+00:00,3.324,3.329,3.295,3.301,408962.92
2025-06-10 17:00:00+00:00,3.301,3.313,3.275,3.281,393749.18
2025-06-10 18:00:00+00:00,3.281,3.302,3.275,3.297,365233.64
2025-06-10 19:00:00+00:00,3.297,3.325,3.292,3.306,666649.71
2025-06-10 20:00:00+00:00,3.305,3.307,3.288,3.296,233394.85
2025-06-10 21:00:00+00:00,3.295,3.323,3.288,3.32,231574.14
2025-06-10 22:00:00+00:00,3.319,3.347,3.317,3.341,266550.01
2025-06-10 23:00:00+00:00,3.342,3.351,3.324,3.348,254017.08
2025-06-11 00:00:00+00:00,3.349,3.351,3.321,3.322,136599.42
2025-06-11 01:00:00+00:00,3.323,3.324,3.303,3.314,117372.36
2025-06-11 02:00:00+00:00,3.314,3.329,3.314,3.323,91061.61
2025-06-11 03:00:00+00:00,3.322,3.343,3.282,3.302,753400.99
2025-06-11 04:00:00+00:00,3.302,3.306,3.284,3.287,147354.36
2025-06-11 05:00:00+00:00,3.287,3.306,3.285,3.301,130407.51
2025-06-11 06:00:00+00:00,3.299,3.316,3.298,3.304,237345.68
2025-06-11 07:00:00+00:00,3.305,3.315,3.256,3.263,1810159.65
2025-06-11 08:00:00+00:00,3.262,3.269,3.238,3.248,489071.84
2025-06-11 09:00:00+00:00,3.248,3.25,3.221,3.224,441476.8
2025-06-11 10:00:00+00:00,3.225,3.242,3.215,3.238,297053.14
2025-06-11 11:00:00+00:00,3.239,3.243,3.219,3.228,378084.37
2025-06-11 12:00:00+00:00,3.227,3.271,3.218,3.264,486899.64
2025-06-11 13:00:00+00:00,3.264,3.287,3.252,3.263,467432.65
2025-06-11 14:00:00+00:00,3.264,3.297,3.256,3.275,275394.34
2025-06-11 15:00:00+00:00,3.275,3.297,3.267,3.295,300580.31
2025-06-11 16:00:00+00:00,3.295,3.303,3.268,3.295,363268.38
2025-06-11 17:00:00+00:00,3.294,3.309,3.277,3.279,290301.82
2025-06-11 18:00:00+00:00,3.278,3.285,3.253,3.263,328061.36
2025-06-11 19:00:00+00:00,3.263,3.266,3.242,3.25,293417.25
2025-06-11 20:00:00+00:00,3.251,3.261,3.227,3.249,354799.62
2025-06-11 21:00:00+00:00,3.25,3.274,3.214,3.22,372402.0
2025-06-11 22:00:00+00:00,3.219,3.232,3.204,3.217,362045.51
2025-06-11 23:00:00+00:00,3.217,3.241,3.214,3.238,114539.12
2025-06-12 00:00:00+00:00,3.237,3.245,3.211,3.228,171288.78
2025-06-12 01:00:00+00:00,3.227,3.23,3.196,3.217,207231.22
2025-06-12 02:00:00+00:00,3.217,3.225,3.207,3.217,84413.69
2025-06-12 03:00:00+00:00,3.216,3.228,3.199,3.217,206411.92
2025-06-12 04:00:00+00:00,3.217,3.223,3.206,3.22,150559.69
2025-06-12 05:00:00+00:00,3.219,3.229,3.2,3.221,117830.33
2025-06-12 06:00:00+00:00,3.221,3.226,3.207,3.216,105927.82
2025-06-12 07:00:00+00:00,3.217,3.235,3.206,3.227,241012.62
2025-06-12 08:00:00+00:00,3.227,3.242,3.211,3.231,238171.12
2025-06-12 09:00:00+00:00,3.232,3.242,3.224,3.226,161611.1
2025-06-12 10:00:00+00:00,3.226,3.227,3.164,3.178,485794.16
2025-06-12 11:00:00+00:00,3.179,3.184,3.148,3.162,260759.62
2025-06-12 12:00:00+00:00,3.163,3.186,3.156,3.18,406378.35
2025-06-12 13:00:00+00:00,3.18,3.216,3.18,3.201,334114.15
2025-06-12 14:00:00+00:00,3.201,3.213,3.19,3.196,236535.94
2025-06-12 15:00:00+00:00,3.197,3.203,3.154,3.158,387724.33
2025-06-12 16:00:00+00:00,3.157,3.195,3.155,3.192,233102.25
2025-06-12 17:00:00+00:00,3.193,3.206,3.19,3.199,186108.46
2025-06-12 18:00:00+00:00,3.199,3.202,3.177,3.182,164644.25
2025-06-12 19:00:00+00:00,3.182,3.183,3.13,3.14,305371.61
2025-06-12 20:00:00+00:00,3.139,3.148,3.071,3.082,636304.94
2025-06-12 21:00:00+00:00,3.083,3.114,3.069,3.083,332318.36
2025-06-12 22:00:00+00:00,3.083,3.095,3.072,3.08,166713.84
2025-06-12 23:00:00+00:00,3.08,3.101,3.077,3.088,107705.83
2025-06-13 00:00:00+00:00,3.087,3.088,2.937,2.979,1845920.02
2025-06-13 01:00:00+00:00,2.98,2.98,2.898,2.943,1422965.69
2025-06-13 02:00:00+00:00,2.944,2.945,2.903,2.928,795637.09
2025-06-13 03:00:00+00:00,2.927,2.978,2.922,2.967,608544.37
2025-06-13 04:00:00+00:00,2.967,2.967,2.941,2.962,505271.66
2025-06-13 05:00:00+00:00,2.961,2.968,2.948,2.955,278462.89
2025-06-13 06:00:00+00:00,2.955,2.986,2.95,2.986,564335.2
2025-06-13 07:00:00+00:00,2.985,2.987,2.971,2.977,392725.31
2025-06-13 08:00:00+00:00,2.977,2.999,2.97,2.992,451133.28
2025-06-13 09:00:00+00:00,2.992,3.002,2.964,2.97,432059.18
2025-06-13 10:00:00+00:00,2.971,2.973,2.948,2.963,377305.32
2025-06-13 11:00:00+00:00,2.963,2.98,2.952,2.98,287398.64
2025-06-13 12:00:00+00:00,2.98,2.99,2.952,2.956,523193.31
2025-06-13 13:00:00+00:00,2.957,2.975,2.948,2.964,517618.35
2025-06-13 14:00:00+00:00,2.964,2.982,2.942,2.979,646649.64
2025-06-13 15:00:00+00:00,2.979,3.0,2.971,2.993,358580.31
2025-06-13 16:00:00+00:00,2.994,3.017,2.989,3.011,329191.96
2025-06-13 17:00:00+00:00,3.012,3.012,2.984,3.005,179307.07
2025-06-13 18:00:00+00:00,3.005,3.007,2.962,2.981,212679.52
2025-06-13 19:00:00+00:00,2.981,2.987,2.969,2.984,131222.81
2025-06-13 20:00:00+00:00,2.983,3.006,2.974,3.002,128477.57
2025-06-13 21:00:00+00:00,3.003,3.009,2.997,3.003,85651.13
2025-06-13 22:00:00+00:00,3.005,3.02,3.005,3.015,129644.76
2025-06-13 23:00:00+00:00,3.015,3.028,3.013,3.024,92349.68
2025-06-14 00:00:00+00:00,3.024,3.03,3.005,3.007,221966.74
2025-06-14 01:00:00+00:00,3.008,3.012,2.998,3.006,92905.78
2025-06-14 02:00:00+00:00,3.006,3.013,3.003,3.009,79999.74
2025-06-14 03:00:00+00:00,3.009,3.022,3.005,3.021,143423.33
2025-06-14 04:00:00+00:00,3.02,3.03,3.017,3.029,46229.33
2025-06-14 05:00:00+00:00,3.029,3.035,3.016,3.031,214170.08
2025-06-14 06:00:00+00:00,3.031,3.036,3.018,3.025,103797.5
2025-06-14 07:00:00+00:00,3.026,3.03,3.01,3.024,87398.1
2025-06-14 08:00:00+00:00,3.024,3.024,3.008,3.02,67345.38
2025-06-14 09:00:00+00:00,3.02,3.026,3.004,3.004,77573.25
2025-06-14 10:00:00+00:00,3.004,3.007,2.991,3.001,210345.46
2025-06-14 11:00:00+00:00,3.002,3.004,2.99,3.002,88103.96
2025-06-14 12:00:00+00:00,3.002,3.005,2.988,2.999,84588.9
2025-06-14 13:00:00+00:00,2.998,3.003,2.916,2.944,993902.51
2025-06-14 14:00:00+00:00,2.945,2.962,2.943,2.951,215607.11
2025-06-14 15:00:00+00:00,2.951,2.962,2.933,2.942,259530.65
2025-06-14 16:00:00+00:00,2.941,2.953,2.904,2.908,415185.89
2025-06-14 17:00:00+00:00,2.907,2.936,2.906,2.931,170559.01
2025-06-14 18:00:00+00:00,2.931,2.943,2.912,2.93,214215.7
2025-06-14 19:00:00+00:00,2.931,2.944,2.928,2.928,103659.51
2025-06-14 20:00:00+00:00,2.928,2.937,2.914,2.934,133392.08
2025-06-14 21:00:00+00:00,2.934,2.957,2.933,2.954,110577.75
2025-06-14 22:00:00+00:00,2.955,2.96,2.943,2.95,102644.9
2025-06-14 23:00:00+00:00,2.951,2.957,2.948,2.952,74791.26
2025-06-15 00:00:00+00:00,2.953,2.962,2.946,2.959,143913.11
2025-06-15 01:00:00+00:00,2.96,2.966,2.954,2.959,119876.49
2025-06-15 02:00:00+00:00,2.96,2.968,2.957,2.958,54936.17
2025-06-15 03:00:00+00:00,2.957,2.97,2.955,2.964,48900.92
2025-06-15 04:00:00+00:00,2.964,2.973,2.964,2.969,64444.57
2025-06-15 05:00:00+00:00,2.97,2.978,2.958,2.976,67545.21
2025-06-15 06:00:00+00:00,2.977,2.98,2.961,2.961,104972.21
2025-06-15 07:00:00+00:00,2.961,2.962,2.946,2.961,130667.76
2025-06-15 08:00:00+00:00,2.96,2.962,2.951,2.954,117026.3
2025-06-15 09:00:00+00:00,2.954,2.954,2.943,2.945,79669.05
2025-06-15 10:00:00+00:00,2.945,2.963,2.945,2.961,142235.31
2025-06-15 11:00:00+00:00,2.961,2.965,2.945,2.953,74193.94
2025-06-15 12:00:00+00:00,2.952,2.973,2.95,2.97,193197.75
2025-06-15 13:00:00+00:00,2.971,2.976,2.965,2.97,144026.78
2025-06-15 14:00:00+00:00,2.97,2.976,2.951,2.973,166338.3
2025-06-15 15:00:00+00:00,2.974,2.979,2.964,2.968,205297.02
2025-06-15 16:00:00+00:00,2.968,2.979,2.962,2.976,69338.4
2025-06-15 17:00:00+00:00,2.976,2.984,2.964,2.98,141137.75
2025-06-15 18:00:00+00:00,2.98,2.98,2.965,2.974,93990.68
2025-06-15 19:00:00+00:00,2.975,2.983,2.967,2.978,61595.78
2025-06-15 20:00:00+00:00,2.977,2.977,2.94,2.949,241795.92
2025-06-15 21:00:00+00:00,2.948,2.956,2.939,2.953,155876.19
2025-06-15 22:00:00+00:00,2.953,2.977,2.952,2.971,173107.43
2025-06-15 23:00:00+00:00,2.971,2.98,2.968,2.973,170821.22
2025-06-16 00:00:00+00:00,2.974,2.975,2.959,2.964,158577.62
2025-06-16 01:00:00+00:00,2.965,2.985,2.953,2.984,159602.2
2025-06-16 02:00:00+00:00,2.984,2.999,2.984,2.993,155854.69
2025-06-16 03:00:00+00:00,2.994,3.002,2.991,2.991,173522.87
2025-06-16 04:00:00+00:00,2.992,3.004,2.989,3.003,122760.91
2025-06-16 05:00:00+00:00,3.002,3.018,2.994,3.008,272326.43
2025-06-16 06:00:00+00:00,3.007,3.019,3.006,3.014,128759.53
2025-06-16 07:00:00+00:00,3.014,3.034,3.014,3.03,202038.53
2025-06-16 08:00:00+00:00,3.03,3.033,3.012,3.014,192017.96
2025-06-16 09:00:00+00:00,3.015,3.016,3.002,3.01,345967.28
2025-06-16 10:00:00+00:00,3.011,3.016,2.985,2.987,443972.72
2025-06-16 11:00:00+00:00,2.987,2.999,2.979,2.994,361656.09
2025-06-16 12:00:00+00:00,2.994,2.995,2.977,2.982,313813.25
2025-06-16 13:00:00+00:00,2.982,3.007,2.98,2.998,383635.26
2025-06-16 14:00:00+00:00,2.999,3.021,2.997,3.017,514026.67
2025-06-16 15:00:00+00:00,3.017,3.024,3.007,3.011,270385.06
2025-06-16 16:00:00+00:00,3.01,3.026,3.01,3.024,192647.89
2025-06-16 17:00:00+00:00,3.025,3.03,3.02,3.026,276729.05
2025-06-16 18:00:00+00:00,3.025,3.04,3.017,3.035,256016.26
2025-06-16 19:00:00+00:00,3.036,3.04,3.023,3.029,130844.17
2025-06-16 20:00:00+00:00,3.029,3.045,3.021,3.041,255276.63
2025-06-16 21:00:00+00:00,3.041,3.047,3.032,3.041,109066.82
2025-06-16 22:00:00+00:00,3.042,3.046,2.971,2.988,503710.03
2025-06-16 23:00:00+00:00,2.989,3.003,2.958,2.965,384504.11
2025-06-17 00:00:00+00:00,2.965,2.982,2.912,2.98,884304.08
2025-06-17 01:00:00+00:00,2.98,2.99,2.966,2.969,255929.48
2025-06-17 02:00:00+00:00,2.969,2.985,2.957,2.985,271136.17
2025-06-17 03:00:00+00:00,2.986,2.995,2.979,2.983,208544.27
2025-06-17 04:00:00+00:00,2.984,2.997,2.982,2.991,94739.78
2025-06-17 05:00:00+00:00,2.991,2.996,2.979,2.986,111641.81
2025-06-17 06:00:00+00:00,2.985,2.993,2.973,2.979,116510.99
2025-06-17 07:00:00+00:00,2.978,2.984,2.97,2.978,65639.78
2025-06-17 08:00:00+00:00,2.978,2.984,2.97,2.975,98515.76
2025-06-17 09:00:00+00:00,2.976,2.979,2.965,2.975,119065.18
2025-06-17 10:00:00+00:00,2.975,2.979,2.953,2.978,168060.72
2025-06-17 11:00:00+00:00,2.978,2.978,2.961,2.971,99187.14
2025-06-17 12:00:00+00:00,2.971,3.002,2.968,2.999,197427.77
2025-06-17 13:00:00+00:00,2.998,3.025,2.997,3.011,398306.25
2025-06-17 14:00:00+00:00,3.013,3.02,2.995,2.996,322786.52
2025-06-17 15:00:00+00:00,2.996,2.997,2.945,2.965,562022.46
2025-06-17 16:00:00+00:00,2.964,2.967,2.919,2.921,575673.76
2025-06-17 17:00:00+00:00,2.92,2.955,2.912,2.938,396788.53
2025-06-17 18:00:00+00:00,2.938,2.966,2.934,2.966,95981.81
2025-06-17 19:00:00+00:00,2.966,2.993,2.961,2.983,199225.0
2025-06-17 20:00:00+00:00,2.984,2.998,2.975,2.977,149929.61
2025-06-17 21:00:00+00:00,2.976,2.979,2.941,2.951,159052.67
2025-06-17 22:00:00+00:00,2.951,2.958,2.941,2.946,62696.0
2025-06-17 23:00:00+00:00,2.945,2.966,2.945,2.959,39428.47
2025-06-18 00:00:00+00:00,2.958,2.981,2.958,2.979,75671.11
2025-06-18 01:00:00+00:00,2.978,2.989,2.966,2.967,67844.45
2025-06-18 02:00:00+00:00,2.968,2.976,2.961,2.968,50133.45
2025-06-18 03:00:00+00:00,2.968,2.98,2.964,2.973,41610.71
2025-06-18 04:00:00+00:00,2.973,2.985,2.969,2.981,57444.73
2025-06-18 05:00:00+00:00,2.981,2.992,2.979,2.984,64109.92
2025-06-18 06:00:00+00:00,2.984,2.987,2.957,2.96,324162.64
2025-06-18 07:00:00+00:00,2.959,2.961,2.949,2.949,105163.87
2025-06-18 08:00:00+00:00,2.948,2.957,2.927,2.938,293083.51
2025-06-18 09:00:00+00:00,2.939,2.945,2.923,2.928,116601.58
2025-06-18 10:00:00+00:00,2.928,2.929,2.854,2.882,1011039.0
2025-06-18 11:00:00+00:00,2.882,2.906,2.874,2.901,231588.83
2025-06-18 12:00:00+00:00,2.901,2.905,2.867,2.872,200908.83
2025-06-18 13:00:00+00:00,2.871,2.881,2.847,2.878,331500.03
2025-06-18 14:00:00+00:00,2.878,2.917,2.868,2.886,437863.77
2025-06-18 15:00:00+00:00,2.886,2.907,2.882,2.903,271502.5
2025-06-18 16:00:00+00:00,2.903,2.91,2.888,2.897,160548.77
2025-06-18 17:00:00+00:00,2.896,2.927,2.884,2.92,248255.65
2025-06-18 18:00:00+00:00,2.921,2.932,2.899,2.901,383079.55
2025-06-18 19:00:00+00:00,2.901,2.929,2.895,2.912,136213.17
2025-06-18 20:00:00+00:00,2.913,2.964,2.908,2.962,245621.49
2025-06-18 21:00:00+00:00,2.962,2.968,2.946,2.965,123876.79
2025-06-18 22:00:00+00:00,2.964,2.97,2.948,2.949,63689.4
2025-06-18 23:00:00+00:00,2.95,2.958,2.939,2.947,46924.37
2025-06-19 00:00:00+00:00,2.948,2.968,2.945,2.957,101496.63
2025-06-19 01:00:00+00:00,2.958,2.959,2.935,2.937,59686.86
2025-06-19 02:00:00+00:00,2.938,2.949,2.933,2.939,49465.53
2025-06-19 03:00:00+00:00,2.939,2.955,2.939,2.953,39071.06
2025-06-19 04:00:00+00:00,2.953,2.955,2.937,2.948,25548.44
2025-06-19 05:00:00+00:00,2.948,2.958,2.936,2.938,41910.24
2025-06-19 06:00:00+00:00,2.937,2.943,2.923,2.927,63568.62
2025-06-19 07:00:00+00:00,2.926,2.934,2.915,2.924,107802.09
2025-06-19 08:00:00+00:00,2.924,2.931,2.915,2.915,86058.83
2025-06-19 09:00:00+00:00,2.915,2.93,2.897,2.927,356692.71
2025-06-19 10:00:00+00:00,2.927,2.93,2.918,2.922,91166.2
2025-06-19 11:00:00+00:00,2.921,2.924,2.913,2.921,57010.21
2025-06-19 12:00:00+00:00,2.92,2.962,2.917,2.949,304172.02
2025-06-19 13:00:00+00:00,2.95,2.962,2.924,2.928,402525.06
2025-06-19 14:00:00+00:00,2.928,2.949,2.923,2.937,491868.48
2025-06-19 15:00:00+00:00,2.937,2.942,2.914,2.925,165242.72
2025-06-19 16:00:00+00:00,2.924,2.94,2.922,2.924,88118.93
2025-06-19 17:00:00+00:00,2.924,2.958,2.921,2.95,152799.93
2025-06-19 18:00:00+00:00,2.949,2.966,2.947,2.954,99415.44
2025-06-19 19:00:00+00:00,2.953,2.96,2.942,2.946,67759.72
2025-06-19 20:00:00+00:00,2.947,2.961,2.947,2.953,42174.76
2025-06-19 21:00:00+00:00,2.952,2.97,2.946,2.965,149214.52
2025-06-19 22:00:00+00:00,2.965,2.977,2.965,2.968,78990.8
2025-06-19 23:00:00+00:00,2.967,2.97,2.96,2.969,30971.18
2025-06-20 00:00:00+00:00,2.969,2.982,2.969,2.977,85426.39
2025-06-20 01:00:00+00:00,2.977,2.978,2.959,2.97,49982.94
2025-06-20 02:00:00+00:00,2.97,2.972,2.957,2.96,38604.29
2025-06-20 03:00:00+00:00,2.96,2.962,2.95,2.957,57307.49
2025-06-20 04:00:00+00:00,2.956,2.957,2.94,2.942,118941.54
2025-06-20 05:00:00+00:00,2.943,2.953,2.935,2.953,80226.28
2025-06-20 06:00:00+00:00,2.953,2.961,2.95,2.954,84290.84
2025-06-20 07:00:00+00:00,2.954,2.979,2.944,2.978,211054.78
2025-06-20 08:00:00+00:00,2.978,2.985,2.96,2.974,380174.75
2025-06-20 09:00:00+00:00,2.975,2.981,2.966,2.97,103349.05
2025-06-20 10:00:00+00:00,2.971,2.973,2.951,2.954,261395.18
2025-06-20 11:00:00+00:00,2.953,2.971,2.951,2.97,269672.87
2025-06-20 12:00:00+00:00,2.971,2.995,2.97,2.989,159012.12
2025-06-20 13:00:00+00:00,2.99,3.0,2.978,2.993,196010.35
2025-06-20 14:00:00+00:00,2.994,3.01,2.967,2.971,478999.31
2025-06-20 15:00:00+00:00,2.971,3.001,2.966,2.993,675563.42
2025-06-20 16:00:00+00:00,2.994,2.994,2.964,2.978,378304.85
2025-06-20 17:00:00+00:00,2.978,2.984,2.888,2.937,1062700.27
2025-06-20 18:00:00+00:00,2.936,2.956,2.926,2.954,274232.32
2025-06-20 19:00:00+00:00,2.955,2.971,2.944,2.97,190061.51
2025-06-20 20:00:00+00:00,2.97,2.983,2.964,2.964,151599.9
2025-06-20 21:00:00+00:00,2.965,2.973,2.948,2.952,136024.4
2025-06-20 22:00:00+00:00,2.951,2.953,2.934,2.936,144744.74
2025-06-20 23:00:00+00:00,2.936,2.944,2.929,2.937,76974.76
2025-06-21 00:00:00+00:00,2.937,2.942,2.918,2.919,132074.64
2025-06-21 01:00:00+00:00,2.918,2.927,2.903,2.924,347155.25
2025-06-21 02:00:00+00:00,2.925,2.931,2.914,2.93,83923.8
2025-06-21 03:00:00+00:00,2.931,2.936,2.926,2.928,56290.41
2025-06-21 04:00:00+00:00,2.927,2.928,2.914,2.92,56674.32
2025-06-21 05:00:00+00:00,2.92,2.941,2.918,2.939,82453.23
2025-06-21 06:00:00+00:00,2.94,2.944,2.933,2.943,57662.91
2025-06-21 07:00:00+00:00,2.943,2.961,2.942,2.958,191599.93
2025-06-21 08:00:00+00:00,2.958,2.963,2.953,2.961,64555.13
2025-06-21 09:00:00+00:00,2.962,2.963,2.948,2.956,117425.59
2025-06-21 10:00:00+00:00,2.956,2.961,2.949,2.956,73978.03
2025-06-21 11:00:00+00:00,2.957,2.963,2.954,2.961,60224.76
2025-06-21 12:00:00+00:00,2.962,2.97,2.952,2.953,129968.66
2025-06-21 13:00:00+00:00,2.953,2.955,2.923,2.927,212997.07
2025-06-21 14:00:00+00:00,2.927,2.942,2.919,2.929,130816.91
2025-06-21 15:00:00+00:00,2.93,2.935,2.905,2.924,365408.61
2025-06-21 16:00:00+00:00,2.925,2.925,2.892,2.893,190236.19
2025-06-21 17:00:00+00:00,2.893,2.905,2.869,2.885,255527.77
2025-06-21 18:00:00+00:00,2.886,2.908,2.885,2.894,160434.68
2025-06-21 19:00:00+00:00,2.894,2.898,2.88,2.883,154969.57
2025-06-21 20:00:00+00:00,2.883,2.901,2.879,2.895,219834.82
2025-06-21 21:00:00+00:00,2.896,2.901,2.772,2.819,1015300.19
2025-06-21 22:00:00+00:00,2.818,2.849,2.817,2.845,211193.8
2025-06-21 23:00:00+00:00,2.845,2.857,2.81,2.856,601381.92
2025-06-22 00:00:00+00:00,2.856,2.895,2.847,2.883,294561.59
2025-06-22 01:00:00+00:00,2.882,2.892,2.855,2.855,144689.67
2025-06-22 02:00:00+00:00,2.856,2.871,2.828,2.846,255982.08
2025-06-22 03:00:00+00:00,2.845,2.856,2.816,2.834,230164.23
2025-06-22 04:00:00+00:00,2.834,2.851,2.826,2.847,172874.3
2025-06-22 05:00:00+00:00,2.847,2.867,2.845,2.864,118404.29
2025-06-22 06:00:00+00:00,2.864,2.877,2.857,2.875,111545.92
2025-06-22 07:00:00+00:00,2.874,2.876,2.848,2.853,90046.28
2025-06-22 08:00:00+00:00,2.853,2.855,2.832,2.839,136814.1
2025-06-22 09:00:00+00:00,2.84,2.847,2.8,2.804,365754.37
2025-06-22 10:00:00+00:00,2.804,2.825,2.8,2.817,152155.84
2025-06-22 11:00:00+00:00,2.816,2.84,2.813,2.821,181618.96
2025-06-22 12:00:00+00:00,2.822,2.832,2.795,2.819,185186.38
2025-06-22 13:00:00+00:00,2.819,2.822,2.691,2.722,1873553.2
2025-06-22 14:00:00+00:00,2.722,2.74,2.673,2.718,864710.23
2025-06-22 15:00:00+00:00,2.718,2.74,2.709,2.716,898032.49
2025-06-22 16:00:00+00:00,2.716,2.723,2.675,2.693,550681.59
2025-06-22 17:00:00+00:00,2.693,2.717,2.678,2.713,262714.52
2025-06-22 18:00:00+00:00,2.712,2.733,2.702,2.725,282910.55
2025-06-22 19:00:00+00:00,2.725,2.731,2.671,2.677,371662.55
2025-06-22 20:00:00+00:00,2.677,2.678,2.604,2.661,1190802.0
2025-06-22 21:00:00+00:00,2.661,2.699,2.649,2.659,296290.77
2025-06-22 22:00:00+00:00,2.66,2.723,2.66,2.723,322145.67
2025-06-22 23:00:00+00:00,2.722,2.737,2.719,2.732,150021.63
2025-06-23 00:00:00+00:00,2.731,2.744,2.718,2.72,240828.67
2025-06-23 01:00:00+00:00,2.721,2.74,2.713,2.739,114247.17
2025-06-23 02:00:00+00:00,2.739,2.746,2.733,2.744,115980.59
2025-06-23 03:00:00+00:00,2.744,2.754,2.729,2.732,207556.69
2025-06-23 04:00:00+00:00,2.732,2.753,2.732,2.747,103690.06
2025-06-23 05:00:00+00:00,2.747,2.766,2.747,2.762,65613.64
2025-06-23 06:00:00+00:00,2.762,2.768,2.738,2.75,148362.58
2025-06-23 07:00:00+00:00,2.75,2.765,2.749,2.757,138913.77
2025-06-23 08:00:00+00:00,2.758,2.763,2.749,2.756,108522.14
2025-06-23 09:00:00+00:00,2.756,2.758,2.747,2.757,111958.68
2025-06-23 10:00:00+00:00,2.756,2.765,2.751,2.758,160305.64
2025-06-23 11:00:00+00:00,2.759,2.777,2.754,2.774,182160.37
2025-06-23 12:00:00+00:00,2.774,2.799,2.774,2.798,237504.67
2025-06-23 13:00:00+00:00,2.798,2.85,2.797,2.847,1488070.96
2025-06-23 14:00:00+00:00,2.848,2.858,2.812,2.819,444426.09
2025-06-23 15:00:00+00:00,2.818,2.823,2.8,2.804,187213.88
2025-06-23 16:00:00+00:00,2.803,2.807,2.724,2.747,660208.24
2025-06-23 17:00:00+00:00,2.748,2.82,2.743,2.817,446291.93
2025-06-23 18:00:00+00:00,2.817,2.842,2.817,2.837,378946.89
2025-06-23 19:00:00+00:00,2.838,2.853,2.832,2.849,164075.51
2025-06-23 20:00:00+00:00,2.85,2.879,2.843,2.866,309237.56
2025-06-23 21:00:00+00:00,2.867,2.879,2.858,2.866,156636.41
2025-06-23 22:00:00+00:00,2.867,2.926,2.866,2.923,849555.95
2025-06-23 23:00:00+00:00,2.922,2.926,2.901,2.908,177817.76
2025-06-24 00:00:00+00:00,2.909,2.92,2.897,2.907,367899.09
2025-06-24 01:00:00+00:00,2.906,2.914,2.901,2.905,74412.43
2025-06-24 02:00:00+00:00,2.906,2.906,2.888,2.89,168300.0
2025-06-24 03:00:00+00:00,2.89,2.897,2.886,2.891,140837.69
2025-06-24 04:00:00+00:00,2.89,2.895,2.88,2.885,96583.75
2025-06-24 05:00:00+00:00,2.886,2.923,2.884,2.922,174044.44
2025-06-24 06:00:00+00:00,2.921,2.932,2.92,2.926,187846.15
2025-06-24 07:00:00+00:00,2.925,2.932,2.896,2.899,218322.54
2025-06-24 08:00:00+00:00,2.898,2.903,2.873,2.899,205939.31
2025-06-24 09:00:00+00:00,2.898,2.918,2.891,2.902,146157.94
2025-06-24 10:00:00+00:00,2.902,2.904,2.882,2.893,132889.51
2025-06-24 11:00:00+00:00,2.892,2.901,2.876,2.899,291814.05
2025-06-24 12:00:00+00:00,2.899,2.91,2.894,2.907,228795.68
2025-06-24 13:00:00+00:00,2.907,2.915,2.894,2.904,247814.65
2025-06-24 14:00:00+00:00,2.905,2.922,2.9,2.914,408908.26
2025-06-24 15:00:00+00:00,2.915,2.919,2.895,2.914,228019.6
2025-06-24 16:00:00+00:00,2.914,2.93,2.892,2.93,259848.61
2025-06-24 17:00:00+00:00,2.931,2.935,2.9,2.911,289998.86
2025-06-24 18:00:00+00:00,2.912,2.915,2.895,2.895,112831.93
2025-06-24 19:00:00+00:00,2.895,2.897,2.871,2.881,219158.99
2025-06-24 20:00:00+00:00,2.881,2.892,2.873,2.892,128579.42
2025-06-24 21:00:00+00:00,2.891,2.911,2.884,2.907,124732.43
2025-06-24 22:00:00+00:00,2.906,2.906,2.89,2.896,77527.39
2025-06-24 23:00:00+00:00,2.895,2.906,2.884,2.906,100896.89
2025-06-25 00:00:00+00:00,2.905,2.91,2.892,2.908,87634.6
2025-06-25 01:00:00+00:00,2.908,2.913,2.896,2.906,82099.67
2025-06-25 02:00:00+00:00,2.907,2.918,2.904,2.907,98118.55
2025-06-25 03:00:00+00:00,2.908,2.911,2.898,2.898,75859.1
2025-06-25 04:00:00+00:00,2.898,2.901,2.887,2.894,63354.37
2025-06-25 05:00:00+00:00,2.893,2.897,2.885,2.886,119123.65
2025-06-25 06:00:00+00:00,2.885,2.902,2.883,2.9,53685.74
2025-06-25 07:00:00+00:00,2.899,2.911,2.893,2.908,71048.07
2025-06-25 08:00:00+00:00,2.908,2.913,2.874,2.889,239311.13
2025-06-25 09:00:00+00:00,2.888,2.894,2.867,2.876,163368.07
2025-06-25 10:00:00+00:00,2.875,2.887,2.866,2.887,160006.21
2025-06-25 11:00:00+00:00,2.887,2.901,2.872,2.898,300737.16
2025-06-25 12:00:00+00:00,2.899,2.899,2.881,2.895,116000.16
2025-06-25 13:00:00+00:00,2.895,2.91,2.892,2.896,227593.94
2025-06-25 14:00:00+00:00,2.895,2.895,2.857,2.874,384257.34
2025-06-25 15:00:00+00:00,2.874,2.874,2.827,2.834,353458.54
2025-06-25 16:00:00+00:00,2.834,2.839,2.813,2.818,249267.59
2025-06-25 17:00:00+00:00,2.817,2.85,2.816,2.839,158450.51
2025-06-25 18:00:00+00:00,2.838,2.842,2.828,2.834,116925.68
2025-06-25 19:00:00+00:00,2.833,2.859,2.832,2.849,201612.37
2025-06-25 20:00:00+00:00,2.849,2.857,2.844,2.855,86902.52
2025-06-25 21:00:00+00:00,2.855,2.863,2.833,2.839,110208.59
2025-06-25 22:00:00+00:00,2.839,2.84,2.823,2.829,117953.0
2025-06-25 23:00:00+00:00,2.828,2.836,2.821,2.834,49971.08
2025-06-26 00:00:00+00:00,2.834,2.845,2.827,2.839,96730.19
2025-06-26 01:00:00+00:00,2.839,2.872,2.832,2.864,198857.93
2025-06-26 02:00:00+00:00,2.865,2.883,2.857,2.878,171451.14
2025-06-26 03:00:00+00:00,2.879,2.888,2.853,2.857,139800.02
2025-06-26 04:00:00+00:00,2.857,2.859,2.841,2.848,114809.2
2025-06-26 05:00:00+00:00,2.849,2.849,2.839,2.847,67587.56
2025-06-26 06:00:00+00:00,2.847,2.852,2.843,2.846,110134.54
2025-06-26 07:00:00+00:00,2.846,2.862,2.845,2.853,142142.05
2025-06-26 08:00:00+00:00,2.853,2.856,2.834,2.835,89621.46
2025-06-26 09:00:00+00:00,2.836,2.84,2.82,2.826,163417.23
2025-06-26 10:00:00+00:00,2.826,2.836,2.82,2.827,126622.84
2025-06-26 11:00:00+00:00,2.826,2.832,2.819,2.825,94137.57
2025-06-26 12:00:00+00:00,2.826,2.829,2.807,2.81,202417.17
2025-06-26 13:00:00+00:00,2.811,2.818,2.8,2.801,198449.38
2025-06-26 14:00:00+00:00,2.802,2.825,2.791,2.817,228348.59
2025-06-26 15:00:00+00:00,2.817,2.825,2.793,2.81,187473.03
2025-06-26 16:00:00+00:00,2.809,2.81,2.794,2.799,77268.13
2025-06-26 17:00:00+00:00,2.799,2.813,2.799,2.802,70142.44
2025-06-26 18:00:00+00:00,2.803,2.818,2.8,2.809,86360.62
2025-06-26 19:00:00+00:00,2.809,2.819,2.803,2.814,49750.94
2025-06-26 20:00:00+00:00,2.813,2.844,2.81,2.83,223240.51
2025-06-26 21:00:00+00:00,2.829,2.831,2.803,2.812,119906.22
2025-06-26 22:00:00+00:00,2.811,2.822,2.81,2.813,69298.73
2025-06-26 23:00:00+00:00,2.813,2.818,2.811,2.814,43948.89
2025-06-27 00:00:00+00:00,2.814,2.827,2.81,2.812,64534.23
2025-06-27 01:00:00+00:00,2.813,2.838,2.803,2.833,115607.28
2025-06-27 02:00:00+00:00,2.833,2.843,2.83,2.836,134692.93
2025-06-27 03:00:00+00:00,2.836,2.84,2.829,2.837,43608.29
2025-06-27 04:00:00+00:00,2.838,2.848,2.834,2.845,87735.22
2025-06-27 05:00:00+00:00,2.845,2.855,2.828,2.829,82931.21
2025-06-27 06:00:00+00:00,2.829,2.841,2.827,2.836,47198.15
2025-06-27 07:00:00+00:00,2.837,2.845,2.817,2.821,84948.74
2025-06-27 08:00:00+00:00,2.822,2.836,2.817,2.833,66147.25
2025-06-27 09:00:00+00:00,2.834,2.838,2.826,2.834,67731.53
2025-06-27 10:00:00+00:00,2.834,2.84,2.828,2.829,91544.67
2025-06-27 11:00:00+00:00,2.829,2.842,2.826,2.837,135010.12
2025-06-27 12:00:00+00:00,2.838,2.861,2.83,2.836,332732.02
2025-06-27 13:00:00+00:00,2.835,2.858,2.835,2.856,190301.3
2025-06-27 14:00:00+00:00,2.856,2.867,2.846,2.847,205668.89
2025-06-27 15:00:00+00:00,2.847,2.853,2.836,2.846,332915.93
2025-06-27 16:00:00+00:00,2.845,2.865,2.842,2.849,145154.22
2025-06-27 17:00:00+00:00,2.848,2.85,2.83,2.839,118095.51
2025-06-27 18:00:00+00:00,2.838,2.84,2.818,2.823,135387.19
2025-06-27 19:00:00+00:00,2.822,2.833,2.818,2.832,83352.82
2025-06-27 20:00:00+00:00,2.832,2.845,2.828,2.844,90285.55
2025-06-27 21:00:00+00:00,2.845,2.86,2.844,2.852,102091.72
2025-06-27 22:00:00+00:00,2.852,2.858,2.85,2.85,46383.06
2025-06-27 23:00:00+00:00,2.85,2.853,2.843,2.851,79780.65
2025-06-28 00:00:00+00:00,2.85,2.857,2.848,2.853,59713.22
2025-06-28 01:00:00+00:00,2.852,2.86,2.843,2.857,103745.7
2025-06-28 02:00:00+00:00,2.857,2.861,2.851,2.851,46233.63
2025-06-28 03:00:00+00:00,2.851,2.853,2.848,2.85,37455.37
2025-06-28 04:00:00+00:00,2.849,2.852,2.843,2.846,47366.83
2025-06-28 05:00:00+00:00,2.846,2.854,2.845,2.846,56264.19
2025-06-28 06:00:00+00:00,2.846,2.849,2.839,2.847,114162.92
2025-06-28 07:00:00+00:00,2.847,2.851,2.84,2.851,53743.83
2025-06-28 08:00:00+00:00,2.85,2.851,2.836,2.836,49355.7
2025-06-28 09:00:00+00:00,2.837,2.845,2.833,2.841,44657.92
2025-06-28 10:00:00+00:00,2.842,2.845,2.835,2.837,44526.26
2025-06-28 11:00:00+00:00,2.837,2.841,2.83,2.832,45022.15
2025-06-28 12:00:00+00:00,2.832,2.832,2.824,2.825,44233.52
2025-06-28 13:00:00+00:00,2.824,2.84,2.821,2.838,133620.09
2025-06-28 14:00:00+00:00,2.839,2.84,2.828,2.834,90257.12
2025-06-28 15:00:00+00:00,2.833,2.841,2.832,2.839,89352.09
2025-06-28 16:00:00+00:00,2.838,2.845,2.826,2.83,137229.36
2025-06-28 17:00:00+00:00,2.829,2.843,2.829,2.841,57601.66
2025-06-28 18:00:00+00:00,2.842,2.843,2.834,2.841,78767.81
2025-06-28 19:00:00+00:00,2.841,2.848,2.838,2.846,79873.37
2025-06-28 20:00:00+00:00,2.847,2.853,2.841,2.843,113640.91
2025-06-28 21:00:00+00:00,2.843,2.857,2.841,2.855,46216.98
2025-06-28 22:00:00+00:00,2.854,2.86,2.852,2.855,64981.02
2025-06-28 23:00:00+00:00,2.855,2.859,2.85,2.852,56917.19
2025-06-29 00:00:00+00:00,2.853,2.858,2.849,2.85,41347.59
2025-06-29 01:00:00+00:00,2.85,2.851,2.844,2.844,35519.13
2025-06-29 02:00:00+00:00,2.845,2.845,2.839,2.843,81786.69
2025-06-29 03:00:00+00:00,2.844,2.847,2.839,2.84,36555.25
2025-06-29 04:00:00+00:00,2.84,2.843,2.837,2.842,69455.17
2025-06-29 05:00:00+00:00,2.842,2.859,2.841,2.857,65046.73
2025-06-29 06:00:00+00:00,2.857,2.859,2.836,2.848,290437.08
2025-06-29 07:00:00+00:00,2.848,2.851,2.843,2.851,111987.38
2025-06-29 08:00:00+00:00,2.85,2.853,2.844,2.853,67644.14
2025-06-29 09:00:00+00:00,2.853,2.862,2.85,2.856,126303.03
2025-06-29 10:00:00+00:00,2.856,2.878,2.855,2.87,253478.6
2025-06-29 11:00:00+00:00,2.87,2.878,2.867,2.876,124412.8
2025-06-29 12:00:00+00:00,2.876,2.882,2.866,2.881,195584.92
2025-06-29 13:00:00+00:00,2.882,2.888,2.872,2.876,159604.53
2025-06-29 14:00:00+00:00,2.876,2.88,2.865,2.869,124058.8
2025-06-29 15:00:00+00:00,2.869,2.876,2.863,2.865,104729.74
2025-06-29 16:00:00+00:00,2.865,2.879,2.863,2.878,109664.06
2025-06-29 17:00:00+00:00,2.877,2.881,2.872,2.877,77145.4
2025-06-29 18:00:00+00:00,2.876,2.881,2.871,2.878,57834.07
2025-06-29 19:00:00+00:00,2.878,2.88,2.873,2.876,74231.33
2025-06-29 20:00:00+00:00,2.877,2.881,2.871,2.871,96048.98
2025-06-29 21:00:00+00:00,2.871,2.882,2.862,2.88,98553.73
2025-06-29 22:00:00+00:00,2.88,2.919,2.88,2.911,324362.02
2025-06-29 23:00:00+00:00,2.911,2.92,2.906,2.913,165388.43
2025-06-30 00:00:00+00:00,2.913,2.915,2.903,2.906,179691.08
2025-06-30 01:00:00+00:00,2.907,2.908,2.89,2.89,121177.09
2025-06-30 02:00:00+00:00,2.89,2.892,2.884,2.887,51875.6
2025-06-30 03:00:00+00:00,2.886,2.891,2.884,2.885,73593.04
2025-06-30 04:00:00+00:00,2.886,2.894,2.883,2.884,73080.41
2025-06-30 05:00:00+00:00,2.885,2.894,2.882,2.887,41577.3
2025-06-30 06:00:00+00:00,2.888,2.899,2.876,2.887,121274.64
2025-06-30 07:00:00+00:00,2.887,2.892,2.88,2.884,146972.29
2025-06-30 08:00:00+00:00,2.885,2.89,2.869,2.873,132087.58
2025-06-30 09:00:00+00:00,2.872,2.881,2.869,2.871,92981.4
2025-06-30 10:00:00+00:00,2.871,2.888,2.87,2.886,78815.06
2025-06-30 11:00:00+00:00,2.887,2.895,2.881,2.894,133516.06
2025-06-30 12:00:00+00:00,2.894,2.906,2.891,2.904,154195.99
2025-06-30 13:00:00+00:00,2.904,2.918,2.897,2.909,247351.9
2025-06-30 14:00:00+00:00,2.909,2.926,2.896,2.903,313373.42
2025-06-30 15:00:00+00:00,2.903,2.946,2.903,2.941,457884.02
2025-06-30 16:00:00+00:00,2.942,2.964,2.939,2.96,369177.8
2025-06-30 17:00:00+00:00,2.96,2.967,2.941,2.943,146076.55
2025-06-30 18:00:00+00:00,2.943,2.949,2.939,2.947,115556.94
2025-06-30 19:00:00+00:00,2.947,2.955,2.946,2.952,122988.35
2025-06-30 20:00:00+00:00,2.952,2.956,2.943,2.945,130061.0
2025-06-30 21:00:00+00:00,2.945,2.945,2.913,2.923,206628.97
2025-06-30 22:00:00+00:00,2.924,2.928,2.915,2.917,140275.19
2025-06-30 23:00:00+00:00,2.917,2.92,2.908,2.912,104757.83
2025-07-01 00:00:00+00:00,2.912,2.915,2.9,2.901,158483.14
2025-07-01 01:00:00+00:00,2.902,2.906,2.898,2.9,141693.71
2025-07-01 02:00:00+00:00,2.9,2.904,2.897,2.9,85514.84
2025-07-01 03:00:00+00:00,2.9,2.901,2.883,2.884,288883.66
2025-07-01 04:00:00+00:00,2.884,2.885,2.869,2.869,156832.29
2025-07-01 05:00:00+00:00,2.87,2.873,2.862,2.872,286510.01
2025-07-01 06:00:00+00:00,2.872,2.873,2.864,2.866,144592.04
2025-07-01 07:00:00+00:00,2.866,2.869,2.852,2.856,212428.39
2025-07-01 08:00:00+00:00,2.855,2.856,2.843,2.844,198259.7
2025-07-01 09:00:00+00:00,2.843,2.847,2.834,2.836,174010.54
2025-07-01 10:00:00+00:00,2.837,2.839,2.831,2.836,198439.01
2025-07-01 11:00:00+00:00,2.836,2.836,2.827,2.83,157131.09
2025-07-01 12:00:00+00:00,2.83,2.833,2.811,2.812,339251.44
2025-07-01 13:00:00+00:00,2.812,2.815,2.795,2.802,381409.66
2025-07-01 14:00:00+00:00,2.801,2.816,2.795,2.797,449493.9
2025-07-01 15:00:00+00:00,2.796,2.8,2.75,2.779,1217078.38
2025-07-01 16:00:00+00:00,2.779,2.799,2.775,2.794,207454.25
2025-07-01 17:00:00+00:00,2.794,2.818,2.784,2.813,232473.98
2025-07-01 18:00:00+00:00,2.814,2.815,2.789,2.793,234777.05
2025-07-01 19:00:00+00:00,2.793,2.794,2.778,2.778,275015.67
2025-07-01 20:00:00+00:00,2.778,2.794,2.759,2.785,158313.07
2025-07-01 21:00:00+00:00,2.786,2.799,2.782,2.788,158351.37
2025-07-01 22:00:00+00:00,2.788,2.788,2.771,2.783,155517.24
2025-07-01 23:00:00+00:00,2.784,2.789,2.772,2.787,85183.09
2025-07-02 00:00:00+00:00,2.788,2.791,2.764,2.768,122826.5
2025-07-02 01:00:00+00:00,2.769,2.792,2.761,2.785,174988.85
2025-07-02 02:00:00+00:00,2.786,2.791,2.783,2.789,49032.63
2025-07-02 03:00:00+00:00,2.79,2.799,2.78,2.78,84969.69
2025-07-02 04:00:00+00:00,2.781,2.798,2.777,2.796,112716.36
2025-07-02 05:00:00+00:00,2.797,2.804,2.79,2.797,245701.21
2025-07-02 06:00:00+00:00,2.797,2.81,2.796,2.803,169265.91
2025-07-02 07:00:00+00:00,2.803,2.814,2.793,2.812,119738.57
2025-07-02 08:00:00+00:00,2.812,2.815,2.803,2.81,117318.62
2025-07-02 09:00:00+00:00,2.809,2.817,2.806,2.814,75159.07
2025-07-02 10:00:00+00:00,2.814,2.826,2.811,2.825,82368.44
2025-07-02 11:00:00+00:00,2.825,2.83,2.815,2.818,160368.86
2025-07-02 12:00:00+00:00,2.818,2.821,2.807,2.817,79113.24
2025-07-02 13:00:00+00:00,2.817,2.837,2.817,2.834,157702.21
2025-07-02 14:00:00+00:00,2.834,2.851,2.832,2.849,192730.05
2025-07-02 15:00:00+00:00,2.849,2.852,2.841,2.85,202844.32
2025-07-02 16:00:00+00:00,2.85,2.891,2.848,2.889,444569.68
2025-07-02 17:00:00+00:00,2.889,2.893,2.854,2.867,301017.42
2025-07-02 18:00:00+00:00,2.867,2.877,2.866,2.873,126798.15
2025-07-02 19:00:00+00:00,2.873,2.874,2.842,2.863,442646.13
2025-07-02 20:00:00+00:00,2.863,2.876,2.858,2.873,179755.45
2025-07-02 21:00:00+00:00,2.874,2.891,2.871,2.887,311899.23
2025-07-02 22:00:00+00:00,2.888,2.908,2.885,2.887,257235.08
2025-07-02 23:00:00+00:00,2.887,2.888,2.862,2.865,141384.11
2025-07-03 00:00:00+00:00,2.866,2.88,2.862,2.867,126145.78
2025-07-03 01:00:00+00:00,2.868,2.882,2.864,2.88,112181.84
2025-07-03 02:00:00+00:00,2.879,2.88,2.864,2.872,64322.97
2025-07-03 03:00:00+00:00,2.871,2.879,2.868,2.869,54406.08
2025-07-03 04:00:00+00:00,2.87,2.886,2.868,2.884,84586.72
2025-07-03 05:00:00+00:00,2.883,2.897,2.88,2.894,276765.74
2025-07-03 06:00:00+00:00,2.894,2.922,2.891,2.913,307051.17
2025-07-03 07:00:00+00:00,2.913,2.917,2.907,2.912,385745.93
2025-07-03 08:00:00+00:00,2.913,2.921,2.905,2.906,321959.9
2025-07-03 09:00:00+00:00,2.906,2.922,2.903,2.915,216544.36
2025-07-03 10:00:00+00:00,2.914,2.917,2.886,2.895,252147.8
2025-07-03 11:00:00+00:00,2.894,2.895,2.882,2.89,207077.52
2025-07-03 12:00:00+00:00,2.89,2.898,2.862,2.876,571149.52
2025-07-03 13:00:00+00:00,2.877,2.9,2.871,2.895,462480.29
2025-07-03 14:00:00+00:00,2.895,2.901,2.875,2.88,149063.34
2025-07-03 15:00:00+00:00,2.879,2.881,2.85,2.853,226721.38
2025-07-03 16:00:00+00:00,2.854,2.87,2.851,2.862,148538.13
2025-07-03 17:00:00+00:00,2.862,2.873,2.861,2.87,63244.86
2025-07-03 18:00:00+00:00,2.87,2.872,2.811,2.851,746097.54
2025-07-03 19:00:00+00:00,2.851,2.856,2.848,2.852,172325.13
2025-07-03 20:00:00+00:00,2.851,2.868,2.851,2.865,66550.35
2025-07-03 21:00:00+00:00,2.864,2.874,2.863,2.868,139864.07
2025-07-03 22:00:00+00:00,2.868,2.874,2.861,2.863,79674.09
2025-07-03 23:00:00+00:00,2.862,2.864,2.846,2.851,106941.64
2025-07-04 00:00:00+00:00,2.851,2.855,2.813,2.834,470548.39
2025-07-04 01:00:00+00:00,2.833,2.847,2.83,2.836,112171.77
2025-07-04 02:00:00+00:00,2.836,2.839,2.821,2.823,141874.2
2025-07-04 03:00:00+00:00,2.823,2.837,2.822,2.831,140557.49
2025-07-04 04:00:00+00:00,2.832,2.835,2.816,2.816,157300.36
2025-07-04 05:00:00+00:00,2.816,2.835,2.815,2.825,298467.79
2025-07-04 06:00:00+00:00,2.825,2.825,2.803,2.811,213154.83
2025-07-04 07:00:00+00:00,2.81,2.814,2.793,2.795,204261.76
2025-07-04 08:00:00+00:00,2.795,2.817,2.791,2.815,321687.04
2025-07-04 09:00:00+00:00,2.815,2.819,2.807,2.811,106756.3
2025-07-04 10:00:00+00:00,2.81,2.814,2.797,2.8,218245.55
2025-07-04 11:00:00+00:00,2.799,2.817,2.795,2.813,241769.79
2025-07-04 12:00:00+00:00,2.813,2.825,2.806,2.819,260633.88
2025-07-04 13:00:00+00:00,2.818,2.825,2.803,2.803,129818.76
2025-07-04 14:00:00+00:00,2.804,2.805,2.778,2.793,279934.56
2025-07-04 15:00:00+00:00,2.792,2.795,2.777,2.783,436459.55
2025-07-04 16:00:00+00:00,2.782,2.784,2.73,2.765,560265.58
2025-07-04 17:00:00+00:00,2.764,2.775,2.757,2.773,127036.26
2025-07-04 18:00:00+00:00,2.773,2.773,2.744,2.752,324866.06
2025-07-04 19:00:00+00:00,2.751,2.76,2.744,2.751,174916.29
2025-07-04 20:00:00+00:00,2.75,2.758,2.744,2.753,162793.63
2025-07-04 21:00:00+00:00,2.753,2.759,2.745,2.756,113637.25
2025-07-04 22:00:00+00:00,2.755,2.761,2.751,2.757,89584.98
2025-07-04 23:00:00+00:00,2.758,2.758,2.738,2.741,170234.16
2025-07-05 00:00:00+00:00,2.741,2.753,2.735,2.747,202426.83
2025-07-05 01:00:00+00:00,2.747,2.747,2.72,2.726,163686.81
2025-07-05 02:00:00+00:00,2.727,2.737,2.717,2.736,159177.01
2025-07-05 03:00:00+00:00,2.736,2.743,2.73,2.73,53834.95
2025-07-05 04:00:00+00:00,2.73,2.739,2.722,2.727,106427.89
2025-07-05 05:00:00+00:00,2.727,2.735,2.723,2.734,57083.04
2025-07-05 06:00:00+00:00,2.733,2.754,2.732,2.752,87544.34
2025-07-05 07:00:00+00:00,2.752,2.762,2.748,2.752,142598.37
2025-07-05 08:00:00+00:00,2.752,2.758,2.741,2.748,96791.78
2025-07-05 09:00:00+00:00,2.749,2.756,2.741,2.753,92695.54
2025-07-05 10:00:00+00:00,2.753,2.757,2.746,2.748,85231.74
2025-07-05 11:00:00+00:00,2.748,2.756,2.747,2.749,49247.16
2025-07-05 12:00:00+00:00,2.748,2.749,2.735,2.742,103615.36
2025-07-05 13:00:00+00:00,2.743,2.744,2.733,2.733,83536.4
2025-07-05 14:00:00+00:00,2.734,2.744,2.728,2.744,76807.93
2025-07-05 15:00:00+00:00,2.744,2.752,2.743,2.746,69951.71
2025-07-05 16:00:00+00:00,2.746,2.753,2.741,2.753,96468.27
2025-07-05 17:00:00+00:00,2.753,2.766,2.734,2.758,169001.69
2025-07-05 18:00:00+00:00,2.758,2.758,2.736,2.74,97607.23
2025-07-05 19:00:00+00:00,2.739,2.749,2.736,2.748,66954.37
2025-07-05 20:00:00+00:00,2.747,2.753,2.745,2.746,58626.24
2025-07-05 21:00:00+00:00,2.747,2.754,2.745,2.754,64835.51
2025-07-05 22:00:00+00:00,2.754,2.758,2.751,2.752,75312.31
2025-07-05 23:00:00+00:00,2.752,2.753,2.742,2.746,75796.4
2025-07-06 00:00:00+00:00,2.746,2.746,2.735,2.741,71208.76
2025-07-06 01:00:00+00:00,2.741,2.743,2.728,2.731,85837.9
2025-07-06 02:00:00+00:00,2.731,2.735,2.72,2.723,191822.08
2025-07-06 03:00:00+00:00,2.723,2.733,2.722,2.729,121308.88
2025-07-06 04:00:00+00:00,2.73,2.734,2.726,2.728,88762.95
2025-07-06 05:00:00+00:00,2.729,2.736,2.727,2.735,46884.77
2025-07-06 06:00:00+00:00,2.735,2.74,2.731,2.736,71848.05
2025-07-06 07:00:00+00:00,2.736,2.908,2.733,2.9,3160454.32
2025-07-06 08:00:00+00:00,2.9,3.09,2.806,2.999,13864373.56
2025-07-06 09:00:00+00:00,2.998,3.05,2.921,2.982,4163265.62
2025-07-06 10:00:00+00:00,2.983,2.995,2.935,2.962,2071676.5
2025-07-06 11:00:00+00:00,2.961,2.977,2.903,2.919,1583981.53
2025-07-06 12:00:00+00:00,2.92,2.938,2.892,2.924,1165729.77
2025-07-06 13:00:00+00:00,2.924,2.959,2.905,2.939,1056621.56
2025-07-06 14:00:00+00:00,2.939,2.95,2.852,2.873,1447085.46
2025-07-06 15:00:00+00:00,2.874,2.936,2.86,2.914,1744517.16
2025-07-06 16:00:00+00:00,2.914,2.933,2.895,2.908,722799.49
2025-07-06 17:00:00+00:00,2.907,2.927,2.903,2.923,412733.21
2025-07-06 18:00:00+00:00,2.922,2.922,2.899,2.905,285821.3
2025-07-06 19:00:00+00:00,2.905,2.909,2.879,2.906,460240.75
2025-07-06 20:00:00+00:00,2.906,2.924,2.818,2.838,1849902.79
2025-07-06 21:00:00+00:00,2.839,2.857,2.82,2.838,1346509.46
2025-07-06 22:00:00+00:00,2.838,2.851,2.827,2.833,535405.84
2025-07-06 23:00:00+00:00,2.833,2.839,2.818,2.838,1009045.25
2025-07-07 00:00:00+00:00,2.838,2.846,2.825,2.825,414007.26
2025-07-07 01:00:00+00:00,2.825,2.853,2.825,2.849,559059.12
2025-07-07 02:00:00+00:00,2.849,2.856,2.824,2.838,1149416.35
2025-07-07 03:00:00+00:00,2.838,2.842,2.826,2.836,512241.12
2025-07-07 04:00:00+00:00,2.836,2.838,2.812,2.817,465572.67
2025-07-07 05:00:00+00:00,2.817,2.833,2.816,2.831,270639.36
2025-07-07 06:00:00+00:00,2.83,2.843,2.805,2.81,428300.3
2025-07-07 07:00:00+00:00,2.81,2.817,2.804,2.816,364012.55
2025-07-07 08:00:00+00:00,2.816,2.82,2.785,2.797,768282.06
2025-07-07 09:00:00+00:00,2.797,2.803,2.779,2.797,559329.87
2025-07-07 10:00:00+00:00,2.797,2.802,2.784,2.798,310270.33
2025-07-07 11:00:00+00:00,2.798,2.807,2.79,2.793,302875.83
2025-07-07 12:00:00+00:00,2.793,2.795,2.773,2.778,350063.17
2025-07-07 13:00:00+00:00,2.779,2.793,2.772,2.79,284485.42
2025-07-07 14:00:00+00:00,2.791,2.798,2.769,2.774,418979.1
2025-07-07 15:00:00+00:00,2.775,2.792,2.762,2.78,348264.77
2025-07-07 16:00:00+00:00,2.78,2.784,2.757,2.758,511191.26
2025-07-07 17:00:00+00:00,2.759,2.772,2.751,2.765,329265.81
2025-07-07 18:00:00+00:00,2.764,2.777,2.756,2.773,472996.14
2025-07-07 19:00:00+00:00,2.772,2.783,2.752,2.757,339634.67
2025-07-07 20:00:00+00:00,2.757,2.759,2.748,2.751,302079.75
2025-07-07 21:00:00+00:00,2.751,2.754,2.74,2.747,290794.43
2025-07-07 22:00:00+00:00,2.748,2.749,2.734,2.736,241300.17
2025-07-07 23:00:00+00:00,2.736,2.743,2.728,2.736,488411.87
2025-07-08 00:00:00+00:00,2.736,2.744,2.728,2.738,432439.15
2025-07-08 01:00:00+00:00,2.737,2.742,2.729,2.73,295115.67
2025-07-08 02:00:00+00:00,2.73,2.743,2.726,2.736,335734.84
2025-07-08 03:00:00+00:00,2.737,2.755,2.736,2.75,264382.97
2025-07-08 04:00:00+00:00,2.75,2.755,2.737,2.744,251149.56
2025-07-08 05:00:00+00:00,2.744,2.759,2.739,2.757,194071.75
2025-07-08 06:00:00+00:00,2.758,2.76,2.749,2.753,182856.98
2025-07-08 07:00:00+00:00,2.752,2.766,2.746,2.759,324404.4
2025-07-08 08:00:00+00:00,2.76,2.775,2.755,2.772,270139.1
2025-07-08 09:00:00+00:00,2.771,2.772,2.754,2.754,252953.13
2025-07-08 10:00:00+00:00,2.754,2.768,2.752,2.766,309436.28
2025-07-08 11:00:00+00:00,2.766,2.773,2.759,2.765,318387.13
2025-07-08 12:00:00+00:00,2.764,2.767,2.757,2.765,224356.26
2025-07-08 13:00:00+00:00,2.765,2.777,2.758,2.765,226352.88
2025-07-08 14:00:00+00:00,2.765,2.769,2.75,2.756,342666.18
2025-07-08 15:00:00+00:00,2.755,2.769,2.751,2.768,297498.32
2025-07-08 16:00:00+00:00,2.768,2.768,2.755,2.761,127360.5
2025-07-08 17:00:00+00:00,2.761,2.784,2.76,2.781,253499.16
2025-07-08 18:00:00+00:00,2.782,2.802,2.781,2.799,247664.87
2025-07-08 19:00:00+00:00,2.798,2.802,2.788,2.802,167330.04
2025-07-08 20:00:00+00:00,2.801,2.804,2.794,2.797,173136.19
2025-07-08 21:00:00+00:00,2.796,2.806,2.79,2.803,137540.29
2025-07-08 22:00:00+00:00,2.803,2.808,2.799,2.805,155315.31
2025-07-08 23:00:00+00:00,2.804,2.806,2.795,2.802,119165.68
2025-07-09 00:00:00+00:00,2.803,2.805,2.788,2.795,164978.46
2025-07-09 01:00:00+00:00,2.794,2.812,2.793,2.812,98039.18
2025-07-09 02:00:00+00:00,2.811,2.815,2.804,2.81,127861.35
2025-07-09 03:00:00+00:00,2.811,2.815,2.802,2.811,121351.1
2025-07-09 04:00:00+00:00,2.811,2.817,2.808,2.816,101441.34
2025-07-09 05:00:00+00:00,2.816,2.818,2.802,2.81,215946.98
2025-07-09 06:00:00+00:00,2.811,2.816,2.808,2.815,136951.05
2025-07-09 07:00:00+00:00,2.816,2.818,2.803,2.804,85153.34
2025-07-09 08:00:00+00:00,2.805,2.81,2.804,2.806,60332.66
2025-07-09 09:00:00+00:00,2.806,2.809,2.798,2.806,121057.49
2025-07-09 10:00:00+00:00,2.805,2.815,2.802,2.814,127273.96
2025-07-09 11:00:00+00:00,2.814,2.819,2.808,2.818,187001.29
2025-07-09 12:00:00+00:00,2.818,2.831,2.818,2.826,268332.96
2025-07-09 13:00:00+00:00,2.826,2.833,2.811,2.815,267379.93
2025-07-09 14:00:00+00:00,2.815,2.832,2.805,2.821,291316.4
2025-07-09 15:00:00+00:00,2.821,2.826,2.812,2.821,123208.14
2025-07-09 16:00:00+00:00,2.82,2.826,2.818,2.823,80174.66
2025-07-09 17:00:00+00:00,2.824,2.824,2.811,2.815,190358.96
2025-07-09 18:00:00+00:00,2.816,2.832,2.814,2.832,247120.17
2025-07-09 19:00:00+00:00,2.832,2.868,2.828,2.852,622624.22
2025-07-09 20:00:00+00:00,2.852,2.856,2.809,2.831,903384.71
2025-07-09 21:00:00+00:00,2.831,2.845,2.83,2.841,185723.72
2025-07-09 22:00:00+00:00,2.84,2.851,2.839,2.849,249817.29
2025-07-09 23:00:00+00:00,2.85,2.85,2.834,2.836,279823.29
2025-07-10 00:00:00+00:00,2.837,2.84,2.828,2.833,157837.41
2025-07-10 01:00:00+00:00,2.834,2.845,2.834,2.841,228827.64
2025-07-10 02:00:00+00:00,2.842,2.874,2.839,2.863,515236.73
2025-07-10 03:00:00+00:00,2.863,2.873,2.86,2.867,274879.11
2025-07-10 04:00:00+00:00,2.867,2.88,2.862,2.877,234274.04
2025-07-10 05:00:00+00:00,2.877,2.884,2.867,2.87,220168.62
2025-07-10 06:00:00+00:00,2.871,2.883,2.871,2.88,185204.83
2025-07-10 07:00:00+00:00,2.881,2.891,2.869,2.871,318446.98
2025-07-10 08:00:00+00:00,2.871,2.887,2.865,2.882,551217.41
2025-07-10 09:00:00+00:00,2.881,2.888,2.875,2.878,238458.96
2025-07-10 10:00:00+00:00,2.879,2.887,2.871,2.887,142053.74
2025-07-10 11:00:00+00:00,2.887,2.892,2.882,2.89,154632.31
2025-07-10 12:00:00+00:00,2.891,2.892,2.87,2.874,191094.93
2025-07-10 13:00:00+00:00,2.873,2.887,2.872,2.879,234206.64
2025-07-10 14:00:00+00:00,2.879,2.883,2.859,2.873,225482.61
2025-07-10 15:00:00+00:00,2.872,2.877,2.858,2.867,217067.33
2025-07-10 16:00:00+00:00,2.867,2.891,2.855,2.885,557117.7
2025-07-10 17:00:00+00:00,2.885,2.903,2.878,2.897,612634.11
2025-07-10 18:00:00+00:00,2.898,2.907,2.883,2.896,350855.03
2025-07-10 19:00:00+00:00,2.897,2.9,2.887,2.891,208247.29
2025-07-10 20:00:00+00:00,2.89,2.909,2.89,2.907,322317.33
2025-07-10 21:00:00+00:00,2.907,2.945,2.896,2.935,816545.51
2025-07-10 22:00:00+00:00,2.936,2.947,2.93,2.947,305280.79
2025-07-10 23:00:00+00:00,2.946,2.948,2.931,2.943,261868.56
2025-07-11 00:00:00+00:00,2.944,2.944,2.916,2.93,263413.22
2025-07-11 01:00:00+00:00,2.929,2.959,2.929,2.958,460234.63
2025-07-11 02:00:00+00:00,2.958,2.98,2.954,2.978,706642.52
2025-07-11 03:00:00+00:00,2.979,2.988,2.972,2.978,389453.42
2025-07-11 04:00:00+00:00,2.978,2.998,2.956,2.992,844643.32
2025-07-11 05:00:00+00:00,2.993,3.009,2.985,2.999,669735.25
2025-07-11 06:00:00+00:00,2.999,3.006,2.903,2.931,4287882.05
2025-07-11 07:00:00+00:00,2.932,2.954,2.918,2.935,600719.81
2025-07-11 08:00:00+00:00,2.935,2.962,2.935,2.962,487879.76
2025-07-11 09:00:00+00:00,2.962,2.994,2.954,2.97,1313112.51
2025-07-11 10:00:00+00:00,2.97,2.987,2.966,2.978,481692.11
2025-07-11 11:00:00+00:00,2.977,2.982,2.933,2.962,882206.05
2025-07-11 12:00:00+00:00,2.963,2.984,2.951,2.983,403568.98
2025-07-11 13:00:00+00:00,2.983,2.997,2.961,2.996,717284.05
2025-07-11 14:00:00+00:00,2.997,3.018,2.982,2.996,759901.86
2025-07-11 15:00:00+00:00,2.996,3.009,2.945,2.961,889421.56
2025-07-11 16:00:00+00:00,2.962,2.992,2.945,2.98,875903.26
2025-07-11 17:00:00+00:00,2.98,2.994,2.971,2.983,292438.26
2025-07-11 18:00:00+00:00,2.984,3.001,2.978,2.998,286849.58
2025-07-11 19:00:00+00:00,2.999,3.004,2.973,3.001,395805.09
2025-07-11 20:00:00+00:00,3.002,3.008,2.978,2.979,295600.34
2025-07-11 21:00:00+00:00,2.979,2.983,2.932,2.956,412839.02
2025-07-11 22:00:00+00:00,2.955,2.964,2.903,2.939,658005.1
2025-07-11 23:00:00+00:00,2.94,2.967,2.938,2.961,283676.0
2025-07-12 00:00:00+00:00,2.961,2.968,2.941,2.966,285092.81
2025-07-12 01:00:00+00:00,2.966,2.998,2.965,2.998,326443.61
2025-07-12 02:00:00+00:00,2.997,3.007,2.994,2.998,324174.28
2025-07-12 03:00:00+00:00,2.997,3.007,2.996,2.998,289432.89
2025-07-12 04:00:00+00:00,2.999,3.004,2.965,2.975,341957.1
2025-07-12 05:00:00+00:00,2.975,2.986,2.959,2.978,271230.99
2025-07-12 06:00:00+00:00,2.979,2.991,2.968,2.988,454514.45
2025-07-12 07:00:00+00:00,2.988,2.996,2.983,2.987,445379.65
2025-07-12 08:00:00+00:00,2.987,3.005,2.987,2.994,435031.64
2025-07-12 09:00:00+00:00,2.994,3.015,2.989,3.01,245023.7
2025-07-12 10:00:00+00:00,3.01,3.018,3.006,3.016,394591.68
2025-07-12 11:00:00+00:00,3.017,3.023,3.007,3.012,328055.04
2025-07-12 12:00:00+00:00,3.012,3.02,2.955,2.983,710149.82
2025-07-12 13:00:00+00:00,2.982,2.982,2.927,2.951,680855.0
2025-07-12 14:00:00+00:00,2.951,2.973,2.938,2.941,380396.0
2025-07-12 15:00:00+00:00,2.941,2.946,2.897,2.916,673213.74
2025-07-12 16:00:00+00:00,2.917,2.949,2.908,2.932,331321.84
2025-07-12 17:00:00+00:00,2.932,2.97,2.931,2.967,219393.0
2025-07-12 18:00:00+00:00,2.966,2.973,2.954,2.968,215522.93
2025-07-12 19:00:00+00:00,2.968,2.974,2.959,2.973,175799.32
2025-07-12 20:00:00+00:00,2.974,2.981,2.964,2.967,183781.48
2025-07-12 21:00:00+00:00,2.968,3.008,2.965,3.004,338076.56
2025-07-12 22:00:00+00:00,3.005,3.005,2.987,3.0,170361.02
2025-07-12 23:00:00+00:00,3.0,3.002,2.987,3.0,166473.52
2025-07-13 00:00:00+00:00,3.0,3.009,2.992,3.005,189890.15
2025-07-13 01:00:00+00:00,3.006,3.014,2.998,3.006,152324.29
2025-07-13 02:00:00+00:00,3.006,3.024,2.995,3.015,238284.96
2025-07-13 03:00:00+00:00,3.016,3.017,3.0,3.003,144473.14
2025-07-13 04:00:00+00:00,3.002,3.014,2.996,3.013,130983.58
2025-07-13 05:00:00+00:00,3.013,3.015,2.991,2.992,118476.76
2025-07-13 06:00:00+00:00,2.993,3.002,2.987,3.0,139689.65
2025-07-13 07:00:00+00:00,3.001,3.013,2.997,3.013,110959.67
2025-07-13 08:00:00+00:00,3.012,3.019,2.997,3.002,159363.49
2025-07-13 09:00:00+00:00,3.003,3.01,2.995,2.999,101877.06
2025-07-13 10:00:00+00:00,2.999,3.01,2.996,3.009,100571.43
2025-07-13 11:00:00+00:00,3.01,3.016,3.006,3.011,115448.75
2025-07-13 12:00:00+00:00,3.011,3.022,3.004,3.02,169105.85
2025-07-13 13:00:00+00:00,3.019,3.032,3.007,3.025,248760.69
2025-07-13 14:00:00+00:00,3.026,3.041,3.012,3.037,985185.34
2025-07-13 15:00:00+00:00,3.037,3.047,2.987,2.996,670533.92
2025-07-13 16:00:00+00:00,2.996,3.013,2.966,2.967,605985.02
2025-07-13 17:00:00+00:00,2.967,2.986,2.955,2.98,247059.84
2025-07-13 18:00:00+00:00,2.98,2.998,2.975,2.998,236071.53
2025-07-13 19:00:00+00:00,2.998,3.003,2.978,2.978,187899.2
2025-07-13 20:00:00+00:00,2.979,2.997,2.975,2.996,121530.8
2025-07-13 21:00:00+00:00,2.996,2.997,2.942,2.962,356473.65
2025-07-13 22:00:00+00:00,2.961,2.97,2.95,2.953,229341.55
2025-07-13 23:00:00+00:00,2.953,2.973,2.951,2.969,232298.46
2025-07-14 00:00:00+00:00,2.97,2.975,2.961,2.963,207330.79
2025-07-14 01:00:00+00:00,2.963,2.968,2.952,2.965,205324.06
2025-07-14 02:00:00+00:00,2.966,3.006,2.963,2.993,440944.35
2025-07-14 03:00:00+00:00,2.994,3.032,2.994,3.023,537375.08
2025-07-14 04:00:00+00:00,3.024,3.051,3.015,3.05,658693.65
2025-07-14 05:00:00+00:00,3.05,3.057,2.994,3.026,611546.59
2025-07-14 06:00:00+00:00,3.026,3.033,3.009,3.018,405287.21
2025-07-14 07:00:00+00:00,3.017,3.05,3.017,3.047,451861.38
2025-07-14 08:00:00+00:00,3.046,3.049,3.016,3.029,581614.21
2025-07-14 09:00:00+00:00,3.03,3.053,3.024,3.031,415011.75
2025-07-14 10:00:00+00:00,3.032,3.033,3.007,3.032,314127.31
2025-07-14 11:00:00+00:00,3.031,3.037,3.014,3.023,269329.27
2025-07-14 12:00:00+00:00,3.022,3.051,3.021,3.05,422830.77
2025-07-14 13:00:00+00:00,3.051,3.053,3.033,3.04,315661.93
2025-07-14 14:00:00+00:00,3.04,3.049,3.001,3.02,922974.51
2025-07-14 15:00:00+00:00,3.021,3.031,2.983,3.0,847939.59
2025-07-14 16:00:00+00:00,3.0,3.039,2.997,3.038,412739.31
2025-07-14 17:00:00+00:00,3.038,3.041,3.021,3.037,302552.97
2025-07-14 18:00:00+00:00,3.037,3.043,3.01,3.013,238689.11
2025-07-14 19:00:00+00:00,3.012,3.03,3.001,3.02,258605.72
2025-07-14 20:00:00+00:00,3.019,3.029,2.995,3.021,532797.88
2025-07-14 21:00:00+00:00,3.021,3.054,3.02,3.044,292817.74
2025-07-14 22:00:00+00:00,3.045,3.056,3.038,3.042,164627.81
2025-07-14 23:00:00+00:00,3.042,3.043,3.022,3.025,122957.51
2025-07-15 00:00:00+00:00,3.025,3.034,3.002,3.002,210416.22
2025-07-15 01:00:00+00:00,3.003,3.019,2.975,3.004,579428.37
2025-07-15 02:00:00+00:00,3.003,3.018,2.981,2.993,424975.95
2025-07-15 03:00:00+00:00,2.992,2.992,2.958,2.983,408129.36
2025-07-15 04:00:00+00:00,2.983,2.993,2.96,2.987,244705.85
2025-07-15 05:00:00+00:00,2.987,3.015,2.986,3.009,777857.37
2025-07-15 06:00:00+00:00,3.009,3.011,2.966,2.976,433064.87
2025-07-15 07:00:00+00:00,2.975,2.986,2.956,2.967,262920.39
2025-07-15 08:00:00+00:00,2.967,2.977,2.955,2.975,131981.59
2025-07-15 09:00:00+00:00,2.975,2.984,2.971,2.971,120372.87
2025-07-15 10:00:00+00:00,2.972,2.987,2.97,2.985,91216.72
2025-07-15 11:00:00+00:00,2.985,2.989,2.969,2.987,145589.39
2025-07-15 12:00:00+00:00,2.987,3.006,2.978,2.998,550382.51
2025-07-15 13:00:00+00:00,2.998,3.015,2.987,3.013,562808.69
2025-07-15 14:00:00+00:00,3.013,3.027,2.967,2.975,455581.42
2025-07-15 15:00:00+00:00,2.975,3.01,2.971,3.008,290516.61
2025-07-15 16:00:00+00:00,3.008,3.024,3.004,3.01,392958.9
2025-07-15 17:00:00+00:00,3.01,3.038,3.01,3.038,240223.23
2025-07-15 18:00:00+00:00,3.037,3.046,3.008,3.025,321617.98
2025-07-15 19:00:00+00:00,3.024,3.041,3.017,3.02,138023.33
2025-07-15 20:00:00+00:00,3.019,3.033,3.019,3.022,112245.39
2025-07-15 21:00:00+00:00,3.022,3.045,3.02,3.041,172987.69
2025-07-15 22:00:00+00:00,3.042,3.044,3.03,3.04,126536.7
2025-07-15 23:00:00+00:00,3.04,3.1,3.04,3.094,695464.43
2025-07-16 00:00:00+00:00,3.095,3.147,3.084,3.12,877924.24
2025-07-16 01:00:00+00:00,3.121,3.121,3.088,3.089,302490.84
2025-07-16 02:00:00+00:00,3.088,3.088,3.056,3.076,313926.96
2025-07-16 03:00:00+00:00,3.077,3.097,3.077,3.088,221897.43
2025-07-16 04:00:00+00:00,3.088,3.093,3.075,3.091,146762.56
2025-07-16 05:00:00+00:00,3.091,3.105,3.084,3.1,205807.92
2025-07-16 06:00:00+00:00,3.1,3.136,3.096,3.121,684880.67
2025-07-16 07:00:00+00:00,3.121,3.124,3.11,3.115,280328.34
2025-07-16 08:00:00+00:00,3.115,3.131,3.113,3.127,217676.95
2025-07-16 09:00:00+00:00,3.126,3.131,3.107,3.121,228138.11
2025-07-16 10:00:00+00:00,3.12,3.122,3.094,3.102,259271.86
2025-07-16 11:00:00+00:00,3.102,3.112,3.097,3.104,191491.88
2025-07-16 12:00:00+00:00,3.104,3.121,3.097,3.119,199499.91
2025-07-16 13:00:00+00:00,3.119,3.129,3.099,3.116,344875.92
2025-07-16 14:00:00+00:00,3.116,3.148,3.1,3.142,581851.68
2025-07-16 15:00:00+00:00,3.142,3.155,3.122,3.134,581643.03
2025-07-16 16:00:00+00:00,3.133,3.166,3.123,3.161,450360.81
2025-07-16 17:00:00+00:00,3.161,3.163,3.15,3.157,291105.28
2025-07-16 18:00:00+00:00,3.158,3.184,3.158,3.162,440487.03
2025-07-16 19:00:00+00:00,3.162,3.171,3.154,3.17,237689.59
2025-07-16 20:00:00+00:00,3.17,3.188,3.161,3.171,268980.76
2025-07-16 21:00:00+00:00,3.171,3.189,3.165,3.172,231021.9
2025-07-16 22:00:00+00:00,3.173,3.184,3.16,3.175,302135.03
2025-07-16 23:00:00+00:00,3.176,3.177,3.143,3.158,210091.38
2025-07-17 00:00:00+00:00,3.159,3.183,3.156,3.176,257210.03
2025-07-17 01:00:00+00:00,3.176,3.198,3.126,3.155,588527.36
2025-07-17 02:00:00+00:00,3.155,3.174,3.148,3.152,234532.98
2025-07-17 03:00:00+00:00,3.153,3.154,3.099,3.118,724707.39
2025-07-17 04:00:00+00:00,3.117,3.149,3.114,3.148,260716.83
2025-07-17 05:00:00+00:00,3.149,3.149,3.132,3.14,516760.41
2025-07-17 06:00:00+00:00,3.139,3.176,3.137,3.176,317201.72
2025-07-17 07:00:00+00:00,3.176,3.184,3.163,3.174,257325.19
2025-07-17 08:00:00+00:00,3.175,3.183,3.168,3.179,191381.31
2025-07-17 09:00:00+00:00,3.178,3.235,3.174,3.235,716310.09
2025-07-17 10:00:00+00:00,3.235,3.27,3.207,3.269,875948.45
2025-07-17 11:00:00+00:00,3.269,3.269,3.223,3.232,517066.24
2025-07-17 12:00:00+00:00,3.233,3.25,3.208,3.243,707350.02
2025-07-17 13:00:00+00:00,3.243,3.254,3.184,3.216,600172.62
2025-07-17 14:00:00+00:00,3.216,3.228,3.2,3.206,431272.21
2025-07-17 15:00:00+00:00,3.206,3.216,3.189,3.207,321653.35
2025-07-17 16:00:00+00:00,3.206,3.213,3.131,3.163,895219.3
2025-07-17 17:00:00+00:00,3.163,3.187,3.156,3.185,236887.48
2025-07-17 18:00:00+00:00,3.184,3.193,3.179,3.185,129334.67
2025-07-17 19:00:00+00:00,3.184,3.193,3.146,3.148,245605.56
2025-07-17 20:00:00+00:00,3.149,3.152,3.116,3.149,337045.2
2025-07-17 21:00:00+00:00,3.15,3.186,3.148,3.178,416345.27
2025-07-17 22:00:00+00:00,3.179,3.205,3.177,3.197,195032.94
2025-07-17 23:00:00+00:00,3.196,3.211,3.184,3.196,217458.98
2025-07-18 00:00:00+00:00,3.196,3.236,3.186,3.236,375329.46
2025-07-18 01:00:00+00:00,3.235,3.271,3.229,3.263,618776.79
2025-07-18 02:00:00+00:00,3.263,3.265,3.242,3.259,307601.43
2025-07-18 03:00:00+00:00,3.259,3.284,3.25,3.283,241128.14
2025-07-18 04:00:00+00:00,3.283,3.298,3.269,3.297,349160.84
2025-07-18 05:00:00+00:00,3.298,3.352,3.298,3.333,1151786.42
2025-07-18 06:00:00+00:00,3.333,3.343,3.296,3.319,667162.52
2025-07-18 07:00:00+00:00,3.319,3.331,3.265,3.267,688798.75
2025-07-18 08:00:00+00:00,3.267,3.296,3.245,3.275,741890.38
2025-07-18 09:00:00+00:00,3.274,3.293,3.257,3.289,342599.33
2025-07-18 10:00:00+00:00,3.289,3.289,3.25,3.288,457183.2
2025-07-18 11:00:00+00:00,3.289,3.294,3.257,3.264,363189.47
2025-07-18 12:00:00+00:00,3.263,3.302,3.255,3.301,375075.85
2025-07-18 13:00:00+00:00,3.301,3.316,3.277,3.302,436634.61
2025-07-18 14:00:00+00:00,3.302,3.315,3.226,3.259,816025.03
2025-07-18 15:00:00+00:00,3.259,3.279,3.205,3.251,832103.26
2025-07-18 16:00:00+00:00,3.25,3.297,3.242,3.275,420947.68
2025-07-18 17:00:00+00:00,3.275,3.31,3.269,3.301,446320.58
2025-07-18 18:00:00+00:00,3.301,3.301,3.256,3.257,294105.82
2025-07-18 19:00:00+00:00,3.257,3.26,3.215,3.226,442884.59
2025-07-18 20:00:00+00:00,3.227,3.229,3.147,3.194,899668.02
2025-07-18 21:00:00+00:00,3.193,3.224,3.19,3.202,265085.86
2025-07-18 22:00:00+00:00,3.202,3.214,3.175,3.179,207181.26
2025-07-18 23:00:00+00:00,3.18,3.199,3.164,3.188,319479.48
2025-07-19 00:00:00+00:00,3.189,3.204,3.156,3.161,276320.88
2025-07-19 01:00:00+00:00,3.162,3.176,3.134,3.173,216052.95
2025-07-19 02:00:00+00:00,3.173,3.195,3.158,3.192,168633.57
2025-07-19 03:00:00+00:00,3.192,3.207,3.186,3.205,226885.96
2025-07-19 04:00:00+00:00,3.205,3.218,3.199,3.212,167278.99
2025-07-19 05:00:00+00:00,3.212,3.215,3.196,3.207,113098.0
2025-07-19 06:00:00+00:00,3.206,3.21,3.185,3.192,148097.38
2025-07-19 07:00:00+00:00,3.191,3.208,3.185,3.187,138595.87
2025-07-19 08:00:00+00:00,3.188,3.193,3.163,3.177,200682.39
2025-07-19 09:00:00+00:00,3.177,3.196,3.172,3.185,126923.13
2025-07-19 10:00:00+00:00,3.185,3.204,3.175,3.186,110681.74
2025-07-19 11:00:00+00:00,3.187,3.195,3.166,3.169,176149.43
2025-07-19 12:00:00+00:00,3.169,3.184,3.156,3.182,207861.89
2025-07-19 13:00:00+00:00,3.182,3.183,3.163,3.169,124438.07
2025-07-19 14:00:00+00:00,3.169,3.172,3.138,3.139,220824.96
2025-07-19 15:00:00+00:00,3.139,3.171,3.139,3.16,186759.97
2025-07-19 16:00:00+00:00,3.16,3.176,3.151,3.169,147189.68
2025-07-19 17:00:00+00:00,3.17,3.172,3.156,3.162,130511.08
2025-07-19 18:00:00+00:00,3.162,3.188,3.159,3.185,272087.3
2025-07-19 19:00:00+00:00,3.185,3.213,3.176,3.209,410353.63
2025-07-19 20:00:00+00:00,3.209,3.226,3.203,3.214,176081.79
2025-07-19 21:00:00+00:00,3.214,3.217,3.182,3.206,147643.89
2025-07-19 22:00:00+00:00,3.205,3.211,3.197,3.205,101972.77
2025-07-19 23:00:00+00:00,3.204,3.212,3.195,3.195,130551.36
2025-07-20 00:00:00+00:00,3.196,3.198,3.176,3.179,266578.01
2025-07-20 01:00:00+00:00,3.179,3.196,3.178,3.181,384790.19
2025-07-20 02:00:00+00:00,3.182,3.19,3.174,3.185,148056.38
2025-07-20 03:00:00+00:00,3.185,3.208,3.184,3.196,150862.58
2025-07-20 04:00:00+00:00,3.197,3.205,3.189,3.197,130957.04
2025-07-20 05:00:00+00:00,3.197,3.209,3.184,3.208,133854.57
2025-07-20 06:00:00+00:00,3.209,3.212,3.199,3.202,141887.62
2025-07-20 07:00:00+00:00,3.203,3.225,3.202,3.219,200507.89
2025-07-20 08:00:00+00:00,3.22,3.253,3.219,3.252,263328.72
2025-07-20 09:00:00+00:00,3.252,3.265,3.24,3.257,427812.54
2025-07-20 10:00:00+00:00,3.256,3.262,3.247,3.252,159962.0
2025-07-20 11:00:00+00:00,3.252,3.277,3.251,3.266,240036.67
2025-07-20 12:00:00+00:00,3.267,3.276,3.253,3.276,275895.42
2025-07-20 13:00:00+00:00,3.276,3.295,3.273,3.294,281836.89
2025-07-20 14:00:00+00:00,3.294,3.294,3.266,3.279,276532.66
2025-07-20 15:00:00+00:00,3.279,3.301,3.266,3.301,631185.99
2025-07-20 16:00:00+00:00,3.301,3.325,3.292,3.31,723860.24
2025-07-20 17:00:00+00:00,3.31,3.32,3.273,3.275,699822.79
2025-07-20 18:00:00+00:00,3.276,3.292,3.273,3.289,318508.16
2025-07-20 19:00:00+00:00,3.289,3.308,3.287,3.288,190759.33
2025-07-20 20:00:00+00:00,3.288,3.301,3.267,3.286,199856.46
2025-07-20 21:00:00+00:00,3.286,3.294,3.265,3.288,198243.94
2025-07-20 22:00:00+00:00,3.288,3.29,3.213,3.261,625238.76
2025-07-20 23:00:00+00:00,3.26,3.278,3.241,3.275,249750.2
2025-07-21 00:00:00+00:00,3.276,3.279,3.231,3.263,345018.02
2025-07-21 01:00:00+00:00,3.264,3.27,3.224,3.248,233342.03
2025-07-21 02:00:00+00:00,3.248,3.293,3.248,3.292,249869.6
2025-07-21 03:00:00+00:00,3.292,3.329,3.291,3.324,564512.94
2025-07-21 04:00:00+00:00,3.323,3.323,3.303,3.307,359808.73
2025-07-21 05:00:00+00:00,3.306,3.341,3.3,3.334,226848.94
2025-07-21 06:00:00+00:00,3.333,3.38,3.332,3.364,641947.35
2025-07-21 07:00:00+00:00,3.365,3.37,3.346,3.352,306047.96
2025-07-21 08:00:00+00:00,3.352,3.367,3.336,3.342,246503.93
2025-07-21 09:00:00+00:00,3.343,3.356,3.331,3.344,255233.74
2025-07-21 10:00:00+00:00,3.345,3.349,3.317,3.342,252721.53
2025-07-21 11:00:00+00:00,3.342,3.353,3.337,3.346,204260.23
2025-07-21 12:00:00+00:00,3.346,3.369,3.339,3.362,291312.01
2025-07-21 13:00:00+00:00,3.363,3.367,3.334,3.348,617164.53
2025-07-21 14:00:00+00:00,3.347,3.372,3.329,3.361,419873.87
2025-07-21 15:00:00+00:00,3.36,3.37,3.325,3.333,405373.02
2025-07-21 16:00:00+00:00,3.333,3.338,3.273,3.303,656118.54
2025-07-21 17:00:00+00:00,3.303,3.318,3.294,3.314,302704.03
2025-07-21 18:00:00+00:00,3.315,3.324,3.283,3.29,274927.99
2025-07-21 19:00:00+00:00,3.29,3.31,3.264,3.274,333710.49
2025-07-21 20:00:00+00:00,3.273,3.301,3.265,3.287,249495.22
2025-07-21 21:00:00+00:00,3.286,3.318,3.282,3.317,153246.41
2025-07-21 22:00:00+00:00,3.316,3.341,3.315,3.332,137462.18
2025-07-21 23:00:00+00:00,3.331,3.34,3.32,3.323,114766.25
2025-07-22 00:00:00+00:00,3.323,3.35,3.322,3.327,177685.66
2025-07-22 01:00:00+00:00,3.327,3.362,3.269,3.347,618948.49
2025-07-22 02:00:00+00:00,3.348,3.356,3.294,3.3,308266.95
2025-07-22 03:00:00+00:00,3.3,3.303,3.252,3.275,402920.98
2025-07-22 04:00:00+00:00,3.275,3.276,3.208,3.211,618664.91
2025-07-22 05:00:00+00:00,3.21,3.257,3.206,3.238,526957.27
2025-07-22 06:00:00+00:00,3.238,3.267,3.228,3.258,258052.61
2025-07-22 07:00:00+00:00,3.259,3.283,3.244,3.249,331551.82
2025-07-22 08:00:00+00:00,3.249,3.25,3.195,3.236,734990.19
2025-07-22 09:00:00+00:00,3.237,3.24,3.202,3.236,314031.32
2025-07-22 10:00:00+00:00,3.236,3.259,3.233,3.258,271615.85
2025-07-22 11:00:00+00:00,3.258,3.26,3.237,3.253,220709.27
2025-07-22 12:00:00+00:00,3.253,3.259,3.248,3.254,162712.23
2025-07-22 13:00:00+00:00,3.254,3.594,3.252,3.42,11722764.39
2025-07-22 14:00:00+00:00,3.421,3.465,3.365,3.425,3376689.66
2025-07-22 15:00:00+00:00,3.425,3.497,3.391,3.46,1971185.43
2025-07-22 16:00:00+00:00,3.459,3.557,3.457,3.483,2914938.71
2025-07-22 17:00:00+00:00,3.483,3.484,3.392,3.397,1326334.4
2025-07-22 18:00:00+00:00,3.397,3.429,3.39,3.416,622501.9
2025-07-22 19:00:00+00:00,3.416,3.429,3.351,3.36,933137.82
2025-07-22 20:00:00+00:00,3.36,3.397,3.341,3.392,431349.98
2025-07-22 21:00:00+00:00,3.393,3.396,3.308,3.346,875898.66
2025-07-22 22:00:00+00:00,3.346,3.358,3.324,3.328,369987.08
2025-07-22 23:00:00+00:00,3.328,3.345,3.317,3.34,484258.61
2025-07-23 00:00:00+00:00,3.34,3.348,3.303,3.304,580639.95
2025-07-23 01:00:00+00:00,3.304,3.317,3.29,3.306,358565.69
2025-07-23 02:00:00+00:00,3.307,3.311,3.274,3.291,699403.68
2025-07-23 03:00:00+00:00,3.291,3.295,3.273,3.275,440193.63
2025-07-23 04:00:00+00:00,3.275,3.312,3.272,3.305,534081.89
2025-07-23 05:00:00+00:00,3.305,3.312,3.29,3.292,330302.05
2025-07-23 06:00:00+00:00,3.292,3.31,3.289,3.309,307157.27
2025-07-23 07:00:00+00:00,3.309,3.316,3.292,3.308,332150.52
2025-07-23 08:00:00+00:00,3.308,3.342,3.301,3.324,445598.83
2025-07-23 09:00:00+00:00,3.324,3.337,3.289,3.29,774240.1
2025-07-23 10:00:00+00:00,3.29,3.29,3.266,3.283,494601.87
2025-07-23 11:00:00+00:00,3.283,3.298,3.27,3.293,268099.5
2025-07-23 12:00:00+00:00,3.293,3.307,3.238,3.245,689378.5
2025-07-23 13:00:00+00:00,3.245,3.263,3.095,3.159,3776664.15
2025-07-23 14:00:00+00:00,3.159,3.2,3.149,3.184,879950.77
2025-07-23 15:00:00+00:00,3.185,3.198,3.15,3.198,434780.54
2025-07-23 16:00:00+00:00,3.198,3.198,3.14,3.144,557225.14
2025-07-23 17:00:00+00:00,3.145,3.153,3.103,3.148,1116292.93
2025-07-23 18:00:00+00:00,3.149,3.174,3.143,3.174,207314.06
2025-07-23 19:00:00+00:00,3.174,3.182,3.16,3.167,174601.1
2025-07-23 20:00:00+00:00,3.166,3.175,3.105,3.152,823269.34
2025-07-23 21:00:00+00:00,3.152,3.176,3.104,3.172,516687.75
2025-07-23 22:00:00+00:00,3.172,3.193,3.159,3.185,250539.32
2025-07-23 23:00:00+00:00,3.185,3.199,3.182,3.199,105949.97
2025-07-24 00:00:00+00:00,3.199,3.229,3.18,3.228,260631.1
2025-07-24 01:00:00+00:00,3.228,3.23,3.205,3.229,258448.33
2025-07-24 02:00:00+00:00,3.228,3.235,3.22,3.228,166062.52
2025-07-24 03:00:00+00:00,3.229,3.234,3.193,3.195,150419.38
2025-07-24 04:00:00+00:00,3.195,3.199,3.151,3.161,212408.97
2025-07-24 05:00:00+00:00,3.16,3.165,3.076,3.079,808796.17
2025-07-24 06:00:00+00:00,3.079,3.104,3.018,3.049,1112997.97
2025-07-24 07:00:00+00:00,3.05,3.116,3.027,3.113,574319.22
2025-07-24 08:00:00+00:00,3.113,3.143,3.1,3.133,280808.32
2025-07-24 09:00:00+00:00,3.134,3.143,3.105,3.126,318645.45
2025-07-24 10:00:00+00:00,3.127,3.136,3.087,3.119,264718.5
2025-07-24 11:00:00+00:00,3.119,3.143,3.115,3.137,185858.73
2025-07-24 12:00:00+00:00,3.137,3.145,3.112,3.135,269250.99
2025-07-24 13:00:00+00:00,3.135,3.171,3.129,3.147,321799.89
2025-07-24 14:00:00+00:00,3.148,3.209,3.131,3.205,531052.56
2025-07-24 15:00:00+00:00,3.204,3.347,3.189,3.223,4256252.51
2025-07-24 16:00:00+00:00,3.223,3.23,3.131,3.155,1087851.6
2025-07-24 17:00:00+00:00,3.156,3.195,3.152,3.179,484989.92
2025-07-24 18:00:00+00:00,3.179,3.191,3.166,3.183,159992.68
2025-07-24 19:00:00+00:00,3.182,3.194,3.163,3.166,146873.73
2025-07-24 20:00:00+00:00,3.166,3.184,3.162,3.178,77159.75
2025-07-24 21:00:00+00:00,3.178,3.18,3.148,3.149,163541.67
2025-07-24 22:00:00+00:00,3.149,3.157,3.125,3.144,198169.29
2025-07-24 23:00:00+00:00,3.143,3.143,3.111,3.12,192745.08
2025-07-25 00:00:00+00:00,3.121,3.123,3.088,3.098,536841.34
2025-07-25 01:00:00+00:00,3.097,3.121,3.084,3.117,151066.74
2025-07-25 02:00:00+00:00,3.117,3.123,3.071,3.078,210906.34
2025-07-25 03:00:00+00:00,3.077,3.092,3.043,3.066,473416.2
2025-07-25 04:00:00+00:00,3.065,3.101,3.049,3.1,244666.98
2025-07-25 05:00:00+00:00,3.1,3.101,3.08,3.086,129457.13
2025-07-25 06:00:00+00:00,3.085,3.109,3.067,3.102,189229.99
2025-07-25 07:00:00+00:00,3.102,3.119,3.073,3.095,267382.11
2025-07-25 08:00:00+00:00,3.095,3.118,3.09,3.114,243498.13
2025-07-25 09:00:00+00:00,3.113,3.141,3.105,3.14,203940.13
2025-07-25 10:00:00+00:00,3.141,3.149,3.133,3.147,128128.3
2025-07-25 11:00:00+00:00,3.147,3.156,3.141,3.145,125247.72
2025-07-25 12:00:00+00:00,3.146,3.156,3.133,3.147,232324.66
2025-07-25 13:00:00+00:00,3.147,3.155,3.127,3.148,288457.27
2025-07-25 14:00:00+00:00,3.148,3.15,3.093,3.096,369327.21
2025-07-25 15:00:00+00:00,3.097,3.127,3.091,3.119,250182.53
2025-07-25 16:00:00+00:00,3.12,3.146,3.114,3.144,188003.67
2025-07-25 17:00:00+00:00,3.144,3.151,3.127,3.13,135133.59
2025-07-25 18:00:00+00:00,3.13,3.138,3.126,3.132,75520.63
2025-07-25 19:00:00+00:00,3.131,3.15,3.127,3.141,103855.44
2025-07-25 20:00:00+00:00,3.14,3.163,3.134,3.156,160016.91
2025-07-25 21:00:00+00:00,3.156,3.191,3.156,3.185,218239.36
2025-07-25 22:00:00+00:00,3.186,3.187,3.175,3.183,78436.91
2025-07-25 23:00:00+00:00,3.182,3.196,3.181,3.191,146240.49
2025-07-26 00:00:00+00:00,3.191,3.2,3.185,3.193,135369.02
2025-07-26 01:00:00+00:00,3.193,3.204,3.187,3.189,134207.65
2025-07-26 02:00:00+00:00,3.188,3.216,3.188,3.214,167999.22
2025-07-26 03:00:00+00:00,3.214,3.376,3.211,3.342,2801370.2
2025-07-26 04:00:00+00:00,3.342,3.364,3.307,3.331,974371.74
2025-07-26 05:00:00+00:00,3.332,3.337,3.301,3.334,477212.38
2025-07-26 06:00:00+00:00,3.335,3.337,3.307,3.316,322155.13
2025-07-26 07:00:00+00:00,3.317,3.339,3.307,3.33,263356.1
2025-07-26 08:00:00+00:00,3.331,3.338,3.312,3.314,262457.24
2025-07-26 09:00:00+00:00,3.313,3.329,3.311,3.319,198633.21
2025-07-26 10:00:00+00:00,3.319,3.321,3.302,3.304,201554.1
2025-07-26 11:00:00+00:00,3.305,3.312,3.295,3.305,228209.87
2025-07-26 12:00:00+00:00,3.305,3.311,3.286,3.294,157381.83
2025-07-26 13:00:00+00:00,3.294,3.295,3.271,3.279,171674.48
2025-07-26 14:00:00+00:00,3.279,3.296,3.273,3.291,151265.5
2025-07-26 15:00:00+00:00,3.291,3.307,3.29,3.306,133756.94
2025-07-26 16:00:00+00:00,3.307,3.314,3.297,3.308,227295.59
2025-07-26 17:00:00+00:00,3.309,3.312,3.298,3.303,163592.04
2025-07-26 18:00:00+00:00,3.303,3.314,3.299,3.309,85352.86
2025-07-26 19:00:00+00:00,3.31,3.331,3.306,3.323,185376.88
2025-07-26 20:00:00+00:00,3.323,3.329,3.313,3.314,69095.32
2025-07-26 21:00:00+00:00,3.314,3.316,3.302,3.309,88729.32
2025-07-26 22:00:00+00:00,3.308,3.318,3.305,3.309,116568.59
2025-07-26 23:00:00+00:00,3.309,3.312,3.295,3.298,93556.34
2025-07-27 00:00:00+00:00,3.298,3.302,3.293,3.3,49354.47
2025-07-27 01:00:00+00:00,3.301,3.34,3.294,3.317,424825.35
2025-07-27 02:00:00+00:00,3.316,3.329,3.316,3.327,126925.1
2025-07-27 03:00:00+00:00,3.327,3.343,3.32,3.329,249555.71
2025-07-27 04:00:00+00:00,3.329,3.337,3.322,3.33,147852.49
2025-07-27 05:00:00+00:00,3.33,3.35,3.328,3.349,282223.21
2025-07-27 06:00:00+00:00,3.349,3.379,3.346,3.362,334612.39
2025-07-27 07:00:00+00:00,3.363,3.377,3.328,3.333,372738.57
2025-07-27 08:00:00+00:00,3.333,3.336,3.3,3.3,279860.82
2025-07-27 09:00:00+00:00,3.3,3.301,3.28,3.285,274492.45
2025-07-27 10:00:00+00:00,3.284,3.303,3.282,3.298,271219.26
2025-07-27 11:00:00+00:00,3.297,3.319,3.285,3.312,289432.3
2025-07-27 12:00:00+00:00,3.312,3.351,3.304,3.35,335456.58
2025-07-27 13:00:00+00:00,3.351,3.358,3.326,3.335,310621.87
2025-07-27 14:00:00+00:00,3.335,3.353,3.327,3.352,161386.41
2025-07-27 15:00:00+00:00,3.352,3.368,3.344,3.367,264364.4
2025-07-27 16:00:00+00:00,3.368,3.373,3.34,3.349,468029.51
2025-07-27 17:00:00+00:00,3.348,3.355,3.341,3.344,187173.08
2025-07-27 18:00:00+00:00,3.345,3.364,3.344,3.355,124160.88
2025-07-27 19:00:00+00:00,3.355,3.363,3.349,3.363,86351.56
2025-07-27 20:00:00+00:00,3.363,3.363,3.349,3.357,104721.03
2025-07-27 21:00:00+00:00,3.357,3.37,3.347,3.364,172284.1
2025-07-27 22:00:00+00:00,3.365,3.383,3.361,3.379,152523.39
2025-07-27 23:00:00+00:00,3.38,3.382,3.361,3.375,106081.32
2025-07-28 00:00:00+00:00,3.375,3.382,3.368,3.369,148631.77
2025-07-28 01:00:00+00:00,3.369,3.386,3.367,3.385,126977.8
2025-07-28 02:00:00+00:00,3.385,3.408,3.382,3.394,300312.86
2025-07-28 03:00:00+00:00,3.395,3.409,3.386,3.403,165925.54
2025-07-28 04:00:00+00:00,3.402,3.431,3.399,3.429,170482.19
2025-07-28 05:00:00+00:00,3.429,3.446,3.425,3.437,287585.36
2025-07-28 06:00:00+00:00,3.437,3.446,3.419,3.422,340759.7
2025-07-28 07:00:00+00:00,3.422,3.43,3.409,3.418,422815.69
2025-07-28 08:00:00+00:00,3.418,3.423,3.396,3.413,371248.5
2025-07-28 09:00:00+00:00,3.413,3.424,3.399,3.404,281152.77
2025-07-28 10:00:00+00:00,3.405,3.405,3.386,3.392,144706.69
2025-07-28 11:00:00+00:00,3.393,3.394,3.369,3.392,256811.69
2025-07-28 12:00:00+00:00,3.391,3.395,3.38,3.383,188284.28
2025-07-28 13:00:00+00:00,3.384,3.384,3.338,3.35,526902.17
2025-07-28 14:00:00+00:00,3.351,3.351,3.269,3.308,1101606.5
2025-07-28 15:00:00+00:00,3.308,3.335,3.294,3.304,355752.3
2025-07-28 16:00:00+00:00,3.304,3.315,3.289,3.302,280878.27
2025-07-28 17:00:00+00:00,3.301,3.311,3.269,3.274,294891.39
2025-07-28 18:00:00+00:00,3.273,3.274,3.241,3.251,514462.93
2025-07-28 19:00:00+00:00,3.251,3.268,3.227,3.248,318334.71
2025-07-28 20:00:00+00:00,3.249,3.251,3.205,3.223,448738.51
2025-07-28 21:00:00+00:00,3.223,3.237,3.201,3.222,317896.46
2025-07-28 22:00:00+00:00,3.222,3.23,3.184,3.205,563782.88
2025-07-28 23:00:00+00:00,3.205,3.216,3.19,3.207,251902.51
2025-07-29 00:00:00+00:00,3.207,3.231,3.18,3.209,389337.91
2025-07-29 01:00:00+00:00,3.21,3.244,3.202,3.209,677764.96
2025-07-29 02:00:00+00:00,3.209,3.214,3.187,3.196,239151.02
2025-07-29 03:00:00+00:00,3.197,3.241,3.197,3.237,225399.66
2025-07-29 04:00:00+00:00,3.237,3.249,3.227,3.232,121069.91
2025-07-29 05:00:00+00:00,3.232,3.275,3.232,3.274,280090.29
2025-07-29 06:00:00+00:00,3.274,3.283,3.267,3.268,235985.44
2025-07-29 07:00:00+00:00,3.269,3.29,3.256,3.285,609906.56
2025-07-29 08:00:00+00:00,3.285,3.293,3.272,3.28,250478.48
2025-07-29 09:00:00+00:00,3.281,3.283,3.257,3.261,265724.01
2025-07-29 10:00:00+00:00,3.262,3.265,3.233,3.238,242545.8
2025-07-29 11:00:00+00:00,3.238,3.265,3.236,3.258,200920.26
2025-07-29 12:00:00+00:00,3.257,3.281,3.252,3.271,205347.84
2025-07-29 13:00:00+00:00,3.271,3.285,3.243,3.247,293690.91
2025-07-29 14:00:00+00:00,3.246,3.248,3.212,3.231,521594.47
2025-07-29 15:00:00+00:00,3.231,3.278,3.223,3.268,465857.43
2025-07-29 16:00:00+00:00,3.268,3.29,3.243,3.288,477943.99
2025-07-29 17:00:00+00:00,3.289,3.349,3.286,3.348,842713.05
2025-07-29 18:00:00+00:00,3.348,3.399,3.332,3.367,1844937.95
2025-07-29 19:00:00+00:00,3.368,3.397,3.333,3.338,697366.89
2025-07-29 20:00:00+00:00,3.338,3.374,3.317,3.366,957782.91
2025-07-29 21:00:00+00:00,3.367,3.375,3.339,3.361,282747.73
2025-07-29 22:00:00+00:00,3.361,3.397,3.352,3.391,331043.6
2025-07-29 23:00:00+00:00,3.391,3.41,3.368,3.377,441857.45
2025-07-30 00:00:00+00:00,3.377,3.406,3.363,3.399,326638.25
2025-07-30 01:00:00+00:00,3.4,3.4,3.352,3.377,307661.59
2025-07-30 02:00:00+00:00,3.376,3.4,3.343,3.396,578824.17
2025-07-30 03:00:00+00:00,3.397,3.451,3.389,3.406,997573.63
2025-07-30 04:00:00+00:00,3.407,3.41,3.378,3.407,344001.84
2025-07-30 05:00:00+00:00,3.407,3.435,3.397,3.416,674255.18
2025-07-30 06:00:00+00:00,3.416,3.419,3.38,3.381,702003.83
2025-07-30 07:00:00+00:00,3.381,3.392,3.362,3.368,294109.62
2025-07-30 08:00:00+00:00,3.369,3.494,3.367,3.448,1376227.04
2025-07-30 09:00:00+00:00,3.448,3.469,3.414,3.428,734773.26
2025-07-30 10:00:00+00:00,3.428,3.448,3.393,3.4,513929.38
2025-07-30 11:00:00+00:00,3.4,3.406,3.364,3.384,710767.18
2025-07-30 12:00:00+00:00,3.383,3.403,3.338,3.382,978066.07
2025-07-30 13:00:00+00:00,3.381,3.416,3.345,3.35,895664.32
2025-07-30 14:00:00+00:00,3.349,3.357,3.315,3.353,1082883.02
2025-07-30 15:00:00+00:00,3.354,3.365,3.321,3.338,623968.2
2025-07-30 16:00:00+00:00,3.338,3.342,3.309,3.327,532286.59
2025-07-30 17:00:00+00:00,3.327,3.41,3.326,3.357,601667.92
2025-07-30 18:00:00+00:00,3.357,3.431,3.332,3.332,1546594.32
2025-07-30 19:00:00+00:00,3.332,3.368,3.263,3.362,1731735.9
2025-07-30 20:00:00+00:00,3.363,3.373,3.344,3.371,290047.53
2025-07-30 21:00:00+00:00,3.371,3.385,3.339,3.381,252515.35
2025-07-30 22:00:00+00:00,3.381,3.39,3.355,3.363,197498.14
2025-07-30 23:00:00+00:00,3.363,3.418,3.356,3.406,386171.56
2025-07-31 00:00:00+00:00,3.406,3.483,3.404,3.447,582744.75
2025-07-31 01:00:00+00:00,3.447,3.45,3.411,3.425,361784.45
2025-07-31 02:00:00+00:00,3.426,3.435,3.408,3.422,234603.47
2025-07-31 03:00:00+00:00,3.422,3.452,3.421,3.445,313974.7
2025-07-31 04:00:00+00:00,3.444,3.455,3.425,3.454,288760.68
2025-07-31 05:00:00+00:00,3.454,3.483,3.446,3.473,328526.61
2025-07-31 06:00:00+00:00,3.473,3.489,3.443,3.478,395242.51
2025-07-31 07:00:00+00:00,3.478,3.511,3.469,3.501,543519.36
2025-07-31 08:00:00+00:00,3.5,3.54,3.496,3.526,1006346.88
2025-07-31 09:00:00+00:00,3.525,3.594,3.492,3.499,1833777.05
2025-07-31 10:00:00+00:00,3.499,3.509,3.473,3.501,609174.63
2025-07-31 11:00:00+00:00,3.502,3.512,3.466,3.508,447014.04
2025-07-31 12:00:00+00:00,3.507,3.561,3.496,3.547,1032235.54
2025-07-31 13:00:00+00:00,3.546,3.547,3.495,3.543,1224194.75
2025-07-31 14:00:00+00:00,3.544,3.56,3.492,3.521,1101657.12
2025-07-31 15:00:00+00:00,3.522,3.577,3.511,3.557,777511.04
2025-07-31 16:00:00+00:00,3.557,3.688,3.543,3.637,2140205.07
2025-07-31 17:00:00+00:00,3.636,3.64,3.583,3.621,1324272.1
2025-07-31 18:00:00+00:00,3.621,3.626,3.565,3.586,1072427.75
2025-07-31 19:00:00+00:00,3.586,3.602,3.551,3.593,588567.42
2025-07-31 20:00:00+00:00,3.592,3.593,3.538,3.559,963335.41
2025-07-31 21:00:00+00:00,3.558,3.571,3.523,3.563,1361019.74
2025-07-31 22:00:00+00:00,3.563,3.574,3.5,3.508,743503.01
2025-07-31 23:00:00+00:00,3.508,3.564,3.508,3.529,583379.16
2025-08-01 00:00:00+00:00,3.528,3.549,3.472,3.544,1285002.27
2025-08-01 01:00:00+00:00,3.543,3.558,3.471,3.5,1391217.04
2025-08-01 02:00:00+00:00,3.499,3.544,3.476,3.483,557655.01
2025-08-01 03:00:00+00:00,3.482,3.524,3.453,3.496,733833.78
2025-08-01 04:00:00+00:00,3.495,3.498,3.457,3.46,279669.74
2025-08-01 05:00:00+00:00,3.461,3.502,3.443,3.465,393855.79
2025-08-01 06:00:00+00:00,3.465,3.485,3.432,3.447,456843.3
2025-08-01 07:00:00+00:00,3.448,3.451,3.347,3.407,1085752.22
2025-08-01 08:00:00+00:00,3.406,3.44,3.351,3.415,1127739.67
2025-08-01 09:00:00+00:00,3.414,3.472,3.408,3.46,858424.98
2025-08-01 10:00:00+00:00,3.459,3.497,3.439,3.444,833266.17
2025-08-01 11:00:00+00:00,3.445,3.49,3.408,3.486,758816.89
2025-08-01 12:00:00+00:00,3.487,3.531,3.474,3.508,834289.79
2025-08-01 13:00:00+00:00,3.508,3.519,3.442,3.466,672847.77
2025-08-01 14:00:00+00:00,3.465,3.577,3.443,3.554,1386743.74
2025-08-01 15:00:00+00:00,3.553,3.559,3.454,3.542,1090866.55
2025-08-01 16:00:00+00:00,3.542,3.653,3.531,3.609,1494610.86
2025-08-01 17:00:00+00:00,3.608,3.636,3.564,3.599,767131.27
2025-08-01 18:00:00+00:00,3.599,3.638,3.534,3.609,1460328.73
2025-08-01 19:00:00+00:00,3.608,3.68,3.558,3.642,2057386.15
2025-08-01 20:00:00+00:00,3.641,3.65,3.541,3.6,1101108.02
2025-08-01 21:00:00+00:00,3.6,3.646,3.561,3.604,854435.89
2025-08-01 22:00:00+00:00,3.603,3.619,3.492,3.514,971959.94
2025-08-01 23:00:00+00:00,3.514,3.583,3.505,3.564,693000.89
2025-08-02 00:00:00+00:00,3.565,3.629,3.561,3.626,629737.07
2025-08-02 01:00:00+00:00,3.627,3.698,3.622,3.691,1036056.67
2025-08-02 02:00:00+00:00,3.691,3.695,3.62,3.653,619598.17
2025-08-02 03:00:00+00:00,3.653,3.672,3.634,3.65,315097.73
2025-08-02 04:00:00+00:00,3.651,3.698,3.638,3.694,353233.16
2025-08-02 05:00:00+00:00,3.694,3.723,3.646,3.666,911498.68
2025-08-02 06:00:00+00:00,3.665,3.669,3.575,3.609,650594.51
2025-08-02 07:00:00+00:00,3.61,3.635,3.572,3.632,394256.9
2025-08-02 08:00:00+00:00,3.632,3.635,3.576,3.578,412795.96
2025-08-02 09:00:00+00:00,3.578,3.597,3.561,3.586,410701.09
2025-08-02 10:00:00+00:00,3.585,3.621,3.544,3.612,721357.99
2025-08-02 11:00:00+00:00,3.612,3.612,3.564,3.569,259886.81
2025-08-02 12:00:00+00:00,3.568,3.63,3.523,3.62,795347.61
2025-08-02 13:00:00+00:00,3.62,3.63,3.581,3.619,498402.66
2025-08-02 14:00:00+00:00,3.619,3.625,3.567,3.571,523744.21
2025-08-02 15:00:00+00:00,3.571,3.603,3.55,3.559,253918.31
2025-08-02 16:00:00+00:00,3.56,3.648,3.543,3.621,816362.03
2025-08-02 17:00:00+00:00,3.621,3.652,3.578,3.58,745594.59
2025-08-02 18:00:00+00:00,3.58,3.591,3.529,3.537,926127.08
2025-08-02 19:00:00+00:00,3.539,3.565,3.497,3.532,891992.38
2025-08-02 20:00:00+00:00,3.53,3.56,3.495,3.53,397068.2
2025-08-02 21:00:00+00:00,3.53,3.552,3.504,3.527,267613.8
2025-08-02 22:00:00+00:00,3.525,3.56,3.507,3.558,164576.99
2025-08-02 23:00:00+00:00,3.559,3.559,3.512,3.541,212267.59
2025-08-03 00:00:00+00:00,3.542,3.546,3.459,3.493,425761.84
2025-08-03 01:00:00+00:00,3.493,3.576,3.492,3.526,440015.6
2025-08-03 02:00:00+00:00,3.527,3.582,3.523,3.582,264604.38
2025-08-03 03:00:00+00:00,3.582,3.589,3.56,3.567,259735.67
2025-08-03 04:00:00+00:00,3.567,3.594,3.548,3.566,432611.5
2025-08-03 05:00:00+00:00,3.567,3.626,3.557,3.585,459015.43
2025-08-03 06:00:00+00:00,3.585,3.639,3.585,3.636,421441.25
2025-08-03 07:00:00+00:00,3.637,3.645,3.613,3.617,470202.96
2025-08-03 08:00:00+00:00,3.617,3.649,3.608,3.633,276217.13
2025-08-03 09:00:00+00:00,3.634,3.712,3.631,3.701,783352.05
2025-08-03 10:00:00+00:00,3.702,3.749,3.698,3.716,993976.51
2025-08-03 11:00:00+00:00,3.717,3.727,3.653,3.679,610527.32
2025-08-03 12:00:00+00:00,3.679,3.721,3.666,3.679,471744.11
2025-08-03 13:00:00+00:00,3.679,3.697,3.655,3.663,319395.78
2025-08-03 14:00:00+00:00,3.664,3.666,3.6,3.623,1612242.55
2025-08-03 15:00:00+00:00,3.622,3.632,3.601,3.624,235581.37
2025-08-03 16:00:00+00:00,3.625,3.643,3.611,3.632,196112.34
2025-08-03 17:00:00+00:00,3.631,3.646,3.618,3.642,159144.12
2025-08-03 18:00:00+00:00,3.642,3.646,3.63,3.645,114694.43
2025-08-03 19:00:00+00:00,3.645,3.672,3.63,3.662,254299.53
2025-08-03 20:00:00+00:00,3.661,3.661,3.629,3.647,315025.8
2025-08-03 21:00:00+00:00,3.647,3.656,3.575,3.588,403694.05
2025-08-03 22:00:00+00:00,3.588,3.596,3.563,3.567,381068.68
2025-08-03 23:00:00+00:00,3.568,3.583,3.558,3.559,150529.94
2025-08-04 00:00:00+00:00,3.559,3.605,3.55,3.598,348984.56
2025-08-04 01:00:00+00:00,3.598,3.616,3.582,3.61,278161.75
2025-08-04 02:00:00+00:00,3.611,3.618,3.533,3.541,896506.57
2025-08-04 03:00:00+00:00,3.542,3.549,3.52,3.534,325625.21
2025-08-04 04:00:00+00:00,3.535,3.544,3.519,3.542,543894.27
2025-08-04 05:00:00+00:00,3.543,3.55,3.521,3.543,510858.62
2025-08-04 06:00:00+00:00,3.542,3.574,3.539,3.564,333152.76
2025-08-04 07:00:00+00:00,3.564,3.586,3.564,3.586,176738.06
2025-08-04 08:00:00+00:00,3.586,3.587,3.558,3.578,481612.42
2025-08-04 09:00:00+00:00,3.579,3.584,3.551,3.554,255988.26
2025-08-04 10:00:00+00:00,3.554,3.674,3.553,3.659,751438.36
2025-08-04 11:00:00+00:00,3.659,3.66,3.562,3.57,597083.0
2025-08-04 12:00:00+00:00,3.57,3.649,3.416,3.452,3212372.96
2025-08-04 13:00:00+00:00,3.453,3.465,3.366,3.383,2752701.68
2025-08-04 14:00:00+00:00,3.383,3.425,3.328,3.367,2263960.74
2025-08-04 15:00:00+00:00,3.367,3.387,3.36,3.379,1190305.37
2025-08-04 16:00:00+00:00,3.38,3.395,3.346,3.393,1100330.44
2025-08-04 17:00:00+00:00,3.393,3.422,3.382,3.41,979580.75
2025-08-04 18:00:00+00:00,3.41,3.441,3.396,3.414,1040076.38
2025-08-04 19:00:00+00:00,3.414,3.43,3.394,3.422,341694.89
2025-08-04 20:00:00+00:00,3.421,3.429,3.391,3.403,277812.7
2025-08-04 21:00:00+00:00,3.403,3.421,3.402,3.418,171525.3
2025-08-04 22:00:00+00:00,3.419,3.434,3.416,3.427,205279.71
2025-08-04 23:00:00+00:00,3.426,3.433,3.402,3.42,302665.57
2025-08-05 00:00:00+00:00,3.42,3.425,3.372,3.385,434268.53
2025-08-05 01:00:00+00:00,3.386,3.4,3.377,3.392,230652.25
2025-08-05 02:00:00+00:00,3.393,3.419,3.38,3.383,313394.77
2025-08-05 03:00:00+00:00,3.384,3.385,3.349,3.366,344236.62
2025-08-05 04:00:00+00:00,3.366,3.369,3.345,3.358,276947.96
2025-08-05 05:00:00+00:00,3.357,3.373,3.341,3.363,549714.46
2025-08-05 06:00:00+00:00,3.362,3.366,3.331,3.337,321776.44
2025-08-05 07:00:00+00:00,3.337,3.352,3.31,3.319,585852.58
2025-08-05 08:00:00+00:00,3.318,3.319,3.29,3.297,515768.41
2025-08-05 09:00:00+00:00,3.296,3.316,3.28,3.31,774576.78
2025-08-05 10:00:00+00:00,3.31,3.336,3.303,3.333,426319.54
2025-08-05 11:00:00+00:00,3.333,3.354,3.324,3.336,349527.08
2025-08-05 12:00:00+00:00,3.336,3.35,3.299,3.306,564956.41
2025-08-05 13:00:00+00:00,3.306,3.329,3.295,3.327,318814.17
2025-08-05 14:00:00+00:00,3.327,3.329,3.287,3.297,592901.74
2025-08-05 15:00:00+00:00,3.296,3.302,3.254,3.269,550353.27
2025-08-05 16:00:00+00:00,3.269,3.272,3.239,3.248,421045.84
2025-08-05 17:00:00+00:00,3.248,3.299,3.24,3.269,447255.76
2025-08-05 18:00:00+00:00,3.268,3.282,3.244,3.261,475717.6
2025-08-05 19:00:00+00:00,3.261,3.267,3.244,3.248,274490.81
2025-08-05 20:00:00+00:00,3.248,3.26,3.24,3.244,162417.29
2025-08-05 21:00:00+00:00,3.244,3.25,3.21,3.213,300499.36
2025-08-05 22:00:00+00:00,3.213,3.214,3.178,3.18,575339.24
2025-08-05 23:00:00+00:00,3.18,3.207,3.18,3.195,409519.41
2025-08-06 00:00:00+00:00,3.196,3.2,3.144,3.151,470200.14
2025-08-06 01:00:00+00:00,3.151,3.173,3.146,3.155,519680.05
2025-08-06 02:00:00+00:00,3.154,3.17,3.146,3.164,197567.33
2025-08-06 03:00:00+00:00,3.165,3.176,3.148,3.168,213769.94
2025-08-06 04:00:00+00:00,3.167,3.187,3.139,3.172,568195.62
2025-08-06 05:00:00+00:00,3.172,3.194,3.169,3.191,497551.34
2025-08-06 06:00:00+00:00,3.191,3.197,3.176,3.185,277776.31
2025-08-06 07:00:00+00:00,3.185,3.199,3.176,3.191,348028.36
2025-08-06 08:00:00+00:00,3.19,3.193,3.171,3.184,539572.86
2025-08-06 09:00:00+00:00,3.184,3.208,3.159,3.179,631331.81
2025-08-06 10:00:00+00:00,3.18,3.184,3.154,3.159,333073.38
2025-08-06 11:00:00+00:00,3.159,3.185,3.158,3.175,241480.53
2025-08-06 12:00:00+00:00,3.176,3.186,3.158,3.163,256732.72
2025-08-06 13:00:00+00:00,3.163,3.178,3.159,3.175,326977.55
2025-08-06 14:00:00+00:00,3.174,3.237,3.171,3.235,588774.25
2025-08-06 15:00:00+00:00,3.234,3.247,3.209,3.241,365286.48
2025-08-06 16:00:00+00:00,3.242,3.247,3.219,3.223,242334.82
2025-08-06 17:00:00+00:00,3.224,3.226,3.18,3.209,702177.89
2025-08-06 18:00:00+00:00,3.209,3.242,3.208,3.237,401309.3
2025-08-06 19:00:00+00:00,3.237,3.243,3.221,3.234,126764.41
2025-08-06 20:00:00+00:00,3.233,3.242,3.223,3.24,92051.95
2025-08-06 21:00:00+00:00,3.24,3.298,3.234,3.296,701575.09
2025-08-06 22:00:00+00:00,3.296,3.321,3.284,3.313,321876.04
2025-08-06 23:00:00+00:00,3.314,3.325,3.297,3.308,257470.27
2025-08-07 00:00:00+00:00,3.308,3.338,3.288,3.289,388330.25
2025-08-07 01:00:00+00:00,3.29,3.299,3.281,3.294,189066.89
2025-08-07 02:00:00+00:00,3.293,3.308,3.268,3.272,226613.47
2025-08-07 03:00:00+00:00,3.271,3.283,3.261,3.274,98346.56
2025-08-07 04:00:00+00:00,3.274,3.301,3.273,3.299,235100.38
2025-08-07 05:00:00+00:00,3.299,3.304,3.278,3.289,268753.62
2025-08-07 06:00:00+00:00,3.288,3.302,3.282,3.287,488352.79
2025-08-07 07:00:00+00:00,3.286,3.296,3.243,3.26,687546.99
2025-08-07 08:00:00+00:00,3.259,3.271,3.252,3.253,418704.09
2025-08-07 09:00:00+00:00,3.253,3.256,3.222,3.24,811809.33
2025-08-07 10:00:00+00:00,3.241,3.298,3.24,3.297,548688.22
2025-08-07 11:00:00+00:00,3.298,3.319,3.293,3.31,358445.92
2025-08-07 12:00:00+00:00,3.311,3.33,3.299,3.33,401274.37
2025-08-07 13:00:00+00:00,3.329,3.338,3.314,3.323,358309.26
2025-08-07 14:00:00+00:00,3.323,3.34,3.31,3.324,523874.07
2025-08-07 15:00:00+00:00,3.324,3.333,3.312,3.326,409051.29
2025-08-07 16:00:00+00:00,3.325,3.337,3.27,3.312,638009.07
2025-08-07 17:00:00+00:00,3.312,3.314,3.293,3.295,317918.57
2025-08-07 18:00:00+00:00,3.296,3.308,3.287,3.304,118298.65
2025-08-07 19:00:00+00:00,3.304,3.326,3.299,3.324,233245.91
2025-08-07 20:00:00+00:00,3.325,3.338,3.322,3.325,217190.94
2025-08-07 21:00:00+00:00,3.325,3.336,3.318,3.331,235519.36
2025-08-07 22:00:00+00:00,3.33,3.357,3.322,3.351,258234.86
2025-08-07 23:00:00+00:00,3.35,3.351,3.331,3.346,333567.02
2025-08-08 00:00:00+00:00,3.345,3.382,3.286,3.327,1658785.14
2025-08-08 01:00:00+00:00,3.328,3.349,3.272,3.329,2757452.31
2025-08-08 02:00:00+00:00,3.329,3.334,3.309,3.312,297353.55
2025-08-08 03:00:00+00:00,3.312,3.336,3.308,3.318,278432.93
2025-08-08 04:00:00+00:00,3.318,3.329,3.304,3.328,516252.44
2025-08-08 05:00:00+00:00,3.329,3.331,3.306,3.309,225375.4
2025-08-08 06:00:00+00:00,3.308,3.35,3.3,3.349,286271.86
2025-08-08 07:00:00+00:00,3.35,3.386,3.34,3.355,737220.52
2025-08-08 08:00:00+00:00,3.355,3.373,3.353,3.367,356524.18
2025-08-08 09:00:00+00:00,3.367,3.375,3.343,3.372,431411.05
2025-08-08 10:00:00+00:00,3.371,3.382,3.363,3.378,647308.06
2025-08-08 11:00:00+00:00,3.378,3.386,3.355,3.365,352174.15
2025-08-08 12:00:00+00:00,3.364,3.374,3.334,3.336,445425.08
2025-08-08 13:00:00+00:00,3.337,3.374,3.334,3.374,257428.01
2025-08-08 14:00:00+00:00,3.374,3.384,3.347,3.36,997580.13
2025-08-08 15:00:00+00:00,3.36,3.362,3.312,3.342,1016355.85
2025-08-08 16:00:00+00:00,3.341,3.363,3.34,3.355,467199.5
2025-08-08 17:00:00+00:00,3.356,3.38,3.354,3.378,452473.84
2025-08-08 18:00:00+00:00,3.379,3.393,3.361,3.363,381942.92
2025-08-08 19:00:00+00:00,3.364,3.369,3.342,3.356,551536.19
2025-08-08 20:00:00+00:00,3.356,3.361,3.344,3.358,231899.28
2025-08-08 21:00:00+00:00,3.359,3.37,3.351,3.355,215367.16
2025-08-08 22:00:00+00:00,3.355,3.356,3.337,3.344,211935.74
2025-08-08 23:00:00+00:00,3.343,3.348,3.332,3.335,150662.04
2025-08-09 00:00:00+00:00,3.335,3.345,3.323,3.326,246011.09
2025-08-09 01:00:00+00:00,3.327,3.336,3.316,3.329,201551.09
2025-08-09 02:00:00+00:00,3.329,3.331,3.314,3.32,189157.09
2025-08-09 03:00:00+00:00,3.32,3.328,3.316,3.326,129851.04
2025-08-09 04:00:00+00:00,3.326,3.348,3.321,3.347,218887.31
2025-08-09 05:00:00+00:00,3.346,3.392,3.341,3.367,838743.78
2025-08-09 06:00:00+00:00,3.366,3.378,3.352,3.371,350847.83
2025-08-09 07:00:00+00:00,3.37,3.381,3.355,3.369,331229.31
2025-08-09 08:00:00+00:00,3.368,3.382,3.363,3.374,272648.23
2025-08-09 09:00:00+00:00,3.373,3.405,3.371,3.404,414723.06
2025-08-09 10:00:00+00:00,3.403,3.412,3.393,3.398,431037.58
2025-08-09 11:00:00+00:00,3.397,3.406,3.376,3.406,351538.72
2025-08-09 12:00:00+00:00,3.406,3.424,3.396,3.417,409820.25
2025-08-09 13:00:00+00:00,3.417,3.423,3.371,3.373,398095.25
2025-08-09 14:00:00+00:00,3.373,3.388,3.355,3.382,457966.44
2025-08-09 15:00:00+00:00,3.382,3.431,3.364,3.42,907526.89
2025-08-09 16:00:00+00:00,3.421,3.452,3.418,3.445,1693785.42
2025-08-09 17:00:00+00:00,3.445,3.485,3.423,3.43,1602497.81
2025-08-09 18:00:00+00:00,3.43,3.444,3.419,3.427,291716.82
2025-08-09 19:00:00+00:00,3.428,3.43,3.409,3.418,335286.96
2025-08-09 20:00:00+00:00,3.418,3.436,3.409,3.436,325697.44
2025-08-09 21:00:00+00:00,3.437,3.437,3.404,3.405,234090.01
2025-08-09 22:00:00+00:00,3.406,3.42,3.387,3.394,262800.51
2025-08-09 23:00:00+00:00,3.395,3.401,3.384,3.386,124254.16
2025-08-10 00:00:00+00:00,3.387,3.409,3.382,3.403,142659.7
2025-08-10 01:00:00+00:00,3.403,3.406,3.39,3.392,168365.3
2025-08-10 02:00:00+00:00,3.392,3.402,3.381,3.382,189962.11
2025-08-10 03:00:00+00:00,3.383,3.421,3.377,3.411,239052.05
2025-08-10 04:00:00+00:00,3.411,3.435,3.406,3.435,184320.44
2025-08-10 05:00:00+00:00,3.434,3.435,3.384,3.387,257767.74
2025-08-10 06:00:00+00:00,3.387,3.39,3.356,3.373,389180.36
2025-08-10 07:00:00+00:00,3.373,3.383,3.329,3.335,679078.5
2025-08-10 08:00:00+00:00,3.335,3.348,3.294,3.346,529057.05
2025-08-10 09:00:00+00:00,3.346,3.353,3.335,3.339,257289.01
2025-08-10 10:00:00+00:00,3.339,3.342,3.312,3.329,248186.38
2025-08-10 11:00:00+00:00,3.33,3.337,3.313,3.318,473821.15
2025-08-10 12:00:00+00:00,3.317,3.33,3.311,3.323,193696.54
2025-08-10 13:00:00+00:00,3.324,3.332,3.294,3.296,287015.34
2025-08-10 14:00:00+00:00,3.297,3.325,3.29,3.318,335791.89
2025-08-10 15:00:00+00:00,3.319,3.334,3.312,3.327,266366.16
2025-08-10 16:00:00+00:00,3.327,3.346,3.322,3.345,254680.05
2025-08-10 17:00:00+00:00,3.345,3.351,3.33,3.337,108794.25
2025-08-10 18:00:00+00:00,3.337,3.348,3.335,3.342,87621.78
2025-08-10 19:00:00+00:00,3.342,3.352,3.338,3.341,89256.4
2025-08-10 20:00:00+00:00,3.34,3.342,3.325,3.334,124641.06
2025-08-10 21:00:00+00:00,3.334,3.335,3.307,3.329,161629.59
2025-08-10 22:00:00+00:00,3.329,3.344,3.32,3.344,188458.19
2025-08-10 23:00:00+00:00,3.344,3.352,3.333,3.348,191394.96
2025-08-11 00:00:00+00:00,3.349,3.352,3.335,3.335,85035.1
2025-08-11 01:00:00+00:00,3.335,3.386,3.331,3.381,489826.02
2025-08-11 02:00:00+00:00,3.381,3.412,3.381,3.398,395180.76
2025-08-11 03:00:00+00:00,3.398,3.405,3.384,3.397,192502.98
2025-08-11 04:00:00+00:00,3.398,3.416,3.391,3.392,202188.75
2025-08-11 05:00:00+00:00,3.392,3.409,3.391,3.402,577029.97
2025-08-11 06:00:00+00:00,3.402,3.428,3.388,3.419,482152.33
2025-08-11 07:00:00+00:00,3.419,3.423,3.362,3.369,439406.43
2025-08-11 08:00:00+00:00,3.369,3.399,3.359,3.381,221476.6
2025-08-11 09:00:00+00:00,3.381,3.385,3.365,3.371,135672.87
2025-08-11 10:00:00+00:00,3.371,3.373,3.341,3.345,389565.43
2025-08-11 11:00:00+00:00,3.345,3.345,3.295,3.307,477905.06
2025-08-11 12:00:00+00:00,3.308,3.325,3.299,3.316,342031.19
2025-08-11 13:00:00+00:00,3.316,3.372,3.3,3.365,672314.35
2025-08-11 14:00:00+00:00,3.364,3.392,3.364,3.376,692940.68
2025-08-11 15:00:00+00:00,3.376,3.396,3.352,3.392,407512.72
2025-08-11 16:00:00+00:00,3.392,3.408,3.383,3.401,626988.38
2025-08-11 17:00:00+00:00,3.4,3.452,3.375,3.395,1510590.12
2025-08-11 18:00:00+00:00,3.396,3.437,3.374,3.411,370670.09
2025-08-11 19:00:00+00:00,3.411,3.424,3.374,3.397,491781.82
2025-08-11 20:00:00+00:00,3.397,3.413,3.375,3.399,286194.83
2025-08-11 21:00:00+00:00,3.399,3.41,3.351,3.38,342108.05
2025-08-11 22:00:00+00:00,3.38,3.386,3.356,3.369,227747.03
2025-08-11 23:00:00+00:00,3.37,3.382,3.362,3.365,127513.65
2025-08-12 00:00:00+00:00,3.366,3.413,3.366,3.411,218180.38
2025-08-12 01:00:00+00:00,3.41,3.412,3.392,3.401,147996.62
2025-08-12 02:00:00+00:00,3.401,3.437,3.397,3.416,574759.77
2025-08-12 03:00:00+00:00,3.415,3.423,3.389,3.393,255185.05
2025-08-12 04:00:00+00:00,3.392,3.401,3.385,3.39,198265.44
2025-08-12 05:00:00+00:00,3.39,3.392,3.368,3.388,350307.46
2025-08-12 06:00:00+00:00,3.388,3.435,3.382,3.412,342752.96
2025-08-12 07:00:00+00:00,3.413,3.428,3.396,3.417,349835.57
2025-08-12 08:00:00+00:00,3.417,3.429,3.396,3.408,295780.46
2025-08-12 09:00:00+00:00,3.408,3.416,3.376,3.379,311532.36
2025-08-12 10:00:00+00:00,3.378,3.38,3.336,3.347,591698.54
2025-08-12 11:00:00+00:00,3.347,3.371,3.332,3.366,340792.47
2025-08-12 12:00:00+00:00,3.366,3.408,3.361,3.399,605115.1
2025-08-12 13:00:00+00:00,3.4,3.411,3.366,3.398,438248.95
2025-08-12 14:00:00+00:00,3.398,3.419,3.393,3.416,296714.46
2025-08-12 15:00:00+00:00,3.416,3.434,3.403,3.43,383177.31
2025-08-12 16:00:00+00:00,3.43,3.436,3.402,3.434,419338.44
2025-08-12 17:00:00+00:00,3.434,3.445,3.398,3.415,518952.2
2025-08-12 18:00:00+00:00,3.415,3.439,3.412,3.433,559710.85
2025-08-12 19:00:00+00:00,3.434,3.465,3.433,3.464,237117.86
2025-08-12 20:00:00+00:00,3.463,3.538,3.463,3.534,1014469.53
2025-08-12 21:00:00+00:00,3.535,3.551,3.501,3.526,692958.98
2025-08-12 22:00:00+00:00,3.526,3.534,3.488,3.503,417619.29
2025-08-12 23:00:00+00:00,3.503,3.515,3.492,3.502,181903.55
2025-08-13 00:00:00+00:00,3.502,3.518,3.485,3.5,387168.11
2025-08-13 01:00:00+00:00,3.499,3.499,3.442,3.46,537474.54
2025-08-13 02:00:00+00:00,3.46,3.46,3.367,3.388,1760423.18
2025-08-13 03:00:00+00:00,3.389,3.44,3.388,3.428,399416.56
2025-08-13 04:00:00+00:00,3.427,3.449,3.423,3.44,583193.91
2025-08-13 05:00:00+00:00,3.44,3.472,3.426,3.441,529671.48
2025-08-13 06:00:00+00:00,3.442,3.457,3.434,3.451,261639.58
2025-08-13 07:00:00+00:00,3.45,3.487,3.448,3.484,477439.11
2025-08-13 08:00:00+00:00,3.483,3.519,3.477,3.513,410160.28
2025-08-13 09:00:00+00:00,3.514,3.529,3.505,3.519,597026.23
2025-08-13 10:00:00+00:00,3.519,3.539,3.502,3.535,609375.37
2025-08-13 11:00:00+00:00,3.535,3.535,3.472,3.494,1194358.15
2025-08-13 12:00:00+00:00,3.494,3.508,3.424,3.447,1357071.72
2025-08-13 13:00:00+00:00,3.447,3.496,3.443,3.472,805881.46
2025-08-13 14:00:00+00:00,3.473,3.474,3.427,3.445,784849.58
2025-08-13 15:00:00+00:00,3.446,3.472,3.419,3.463,515833.83
2025-08-13 16:00:00+00:00,3.464,3.488,3.453,3.48,1232552.13
2025-08-13 17:00:00+00:00,3.479,3.499,3.473,3.493,383323.28
2025-08-13 18:00:00+00:00,3.493,3.509,3.483,3.502,366273.38
2025-08-13 19:00:00+00:00,3.502,3.515,3.493,3.513,208775.76
2025-08-13 20:00:00+00:00,3.513,3.522,3.499,3.502,369605.92
2025-08-13 21:00:00+00:00,3.502,3.52,3.487,3.5,403787.93
2025-08-13 22:00:00+00:00,3.5,3.531,3.495,3.519,206463.73
2025-08-13 23:00:00+00:00,3.518,3.544,3.518,3.531,294059.32
2025-08-14 00:00:00+00:00,3.532,3.564,3.529,3.547,515813.52
2025-08-14 01:00:00+00:00,3.547,3.564,3.524,3.545,329598.35
2025-08-14 02:00:00+00:00,3.544,3.586,3.536,3.585,313272.57
2025-08-14 03:00:00+00:00,3.586,3.586,3.561,3.577,312043.03
2025-08-14 04:00:00+00:00,3.576,3.598,3.568,3.572,341622.59
2025-08-14 05:00:00+00:00,3.572,3.624,3.571,3.596,977404.16
2025-08-14 06:00:00+00:00,3.597,3.643,3.569,3.632,1029113.32
2025-08-14 07:00:00+00:00,3.631,3.638,3.553,3.56,850422.39
2025-08-14 08:00:00+00:00,3.559,3.567,3.505,3.526,760727.43
2025-08-14 09:00:00+00:00,3.526,3.564,3.49,3.546,1151772.22
2025-08-14 10:00:00+00:00,3.545,3.545,3.482,3.508,502579.19
2025-08-14 11:00:00+00:00,3.508,3.516,3.487,3.499,330514.91
2025-08-14 12:00:00+00:00,3.5,3.533,3.314,3.383,3103889.1
2025-08-14 13:00:00+00:00,3.383,3.434,3.327,3.418,1412390.66
2025-08-14 14:00:00+00:00,3.419,3.456,3.407,3.429,484086.39
2025-08-14 15:00:00+00:00,3.43,3.441,3.4,3.421,436248.92
2025-08-14 16:00:00+00:00,3.42,3.42,3.365,3.391,653507.1
2025-08-14 17:00:00+00:00,3.391,3.407,3.365,3.405,294472.99
2025-08-14 18:00:00+00:00,3.404,3.423,3.365,3.417,386545.49
2025-08-14 19:00:00+00:00,3.417,3.436,3.399,3.4,209699.55
2025-08-14 20:00:00+00:00,3.4,3.471,3.394,3.468,520279.94
2025-08-14 21:00:00+00:00,3.468,3.468,3.389,3.401,423646.02
2025-08-14 22:00:00+00:00,3.402,3.421,3.388,3.412,216760.55
2025-08-14 23:00:00+00:00,3.411,3.426,3.404,3.411,83984.76
2025-08-15 00:00:00+00:00,3.411,3.438,3.383,3.401,638598.22
2025-08-15 01:00:00+00:00,3.401,3.423,3.394,3.418,139884.28
2025-08-15 02:00:00+00:00,3.418,3.434,3.415,3.418,117584.27
2025-08-15 03:00:00+00:00,3.417,3.451,3.411,3.446,187483.43
2025-08-15 04:00:00+00:00,3.446,3.456,3.43,3.432,169237.38
2025-08-15 05:00:00+00:00,3.432,3.438,3.409,3.43,241062.93
2025-08-15 06:00:00+00:00,3.429,3.455,3.428,3.455,182187.78
2025-08-15 07:00:00+00:00,3.455,3.455,3.431,3.452,191009.7
2025-08-15 08:00:00+00:00,3.452,3.48,3.452,3.475,220102.21
2025-08-15 09:00:00+00:00,3.474,3.486,3.437,3.458,349427.12
2025-08-15 10:00:00+00:00,3.458,3.49,3.454,3.478,301488.36
2025-08-15 11:00:00+00:00,3.477,3.495,3.471,3.476,234933.53
2025-08-15 12:00:00+00:00,3.477,3.506,3.458,3.499,632350.79
2025-08-15 13:00:00+00:00,3.498,3.513,3.463,3.476,540281.1
2025-08-15 14:00:00+00:00,3.475,3.5,3.395,3.401,772687.35
2025-08-15 15:00:00+00:00,3.4,3.404,3.324,3.342,772949.0
2025-08-15 16:00:00+00:00,3.342,3.391,3.325,3.387,803014.78
2025-08-15 17:00:00+00:00,3.387,3.413,3.361,3.41,318093.61
2025-08-15 18:00:00+00:00,3.409,3.414,3.374,3.386,207043.91
2025-08-15 19:00:00+00:00,3.387,3.407,3.372,3.373,125718.18
2025-08-15 20:00:00+00:00,3.373,3.414,3.365,3.407,158200.19
2025-08-15 21:00:00+00:00,3.408,3.433,3.407,3.432,157448.11
2025-08-15 22:00:00+00:00,3.433,3.464,3.428,3.463,215329.59
2025-08-15 23:00:00+00:00,3.462,3.465,3.419,3.44,202431.57
2025-08-16 00:00:00+00:00,3.439,3.458,3.433,3.45,117729.46
2025-08-16 01:00:00+00:00,3.45,3.45,3.432,3.448,102593.01
2025-08-16 02:00:00+00:00,3.448,3.466,3.446,3.453,114889.35
2025-08-16 03:00:00+00:00,3.453,3.467,3.452,3.456,80189.62
2025-08-16 04:00:00+00:00,3.456,3.47,3.453,3.468,54533.11
2025-08-16 05:00:00+00:00,3.468,3.47,3.437,3.439,76376.68
2025-08-16 06:00:00+00:00,3.439,3.444,3.423,3.426,81776.46
2025-08-16 07:00:00+00:00,3.426,3.474,3.426,3.471,251487.16
2025-08-16 08:00:00+00:00,3.472,3.475,3.464,3.467,108236.26
2025-08-16 09:00:00+00:00,3.466,3.495,3.466,3.473,196671.53
2025-08-16 10:00:00+00:00,3.472,3.495,3.467,3.494,358709.14
2025-08-16 11:00:00+00:00,3.494,3.51,3.475,3.476,334406.28
2025-08-16 12:00:00+00:00,3.477,3.48,3.457,3.477,200750.18
2025-08-16 13:00:00+00:00,3.477,3.499,3.471,3.476,144306.74
2025-08-16 14:00:00+00:00,3.476,3.481,3.459,3.464,166204.4
2025-08-16 15:00:00+00:00,3.464,3.468,3.411,3.427,560040.26
2025-08-16 16:00:00+00:00,3.427,3.446,3.426,3.441,120998.45
2025-08-16 17:00:00+00:00,3.442,3.453,3.437,3.443,82153.45
2025-08-16 18:00:00+00:00,3.444,3.453,3.435,3.449,73101.63
2025-08-16 19:00:00+00:00,3.449,3.455,3.444,3.447,116497.69
2025-08-16 20:00:00+00:00,3.447,3.457,3.441,3.455,74787.76
2025-08-16 21:00:00+00:00,3.454,3.457,3.442,3.444,53409.66
2025-08-16 22:00:00+00:00,3.443,3.464,3.437,3.462,77005.54
2025-08-16 23:00:00+00:00,3.462,3.464,3.454,3.46,37246.31
2025-08-17 00:00:00+00:00,3.46,3.46,3.444,3.444,71034.8
2025-08-17 01:00:00+00:00,3.444,3.452,3.438,3.442,82428.58
2025-08-17 02:00:00+00:00,3.443,3.463,3.435,3.461,139306.86
2025-08-17 03:00:00+00:00,3.461,3.473,3.459,3.47,181863.88
2025-08-17 04:00:00+00:00,3.471,3.491,3.47,3.489,118808.2
2025-08-17 05:00:00+00:00,3.49,3.493,3.48,3.484,130613.0
2025-08-17 06:00:00+00:00,3.485,3.495,3.484,3.49,90673.67
2025-08-17 07:00:00+00:00,3.49,3.5,3.477,3.48,220199.47
2025-08-17 08:00:00+00:00,3.479,3.489,3.461,3.488,216230.92
2025-08-17 09:00:00+00:00,3.488,3.491,3.481,3.487,140603.25
2025-08-17 10:00:00+00:00,3.488,3.495,3.487,3.491,108831.05
2025-08-17 11:00:00+00:00,3.491,3.498,3.488,3.497,113510.86
2025-08-17 12:00:00+00:00,3.498,3.503,3.481,3.486,379045.5
2025-08-17 13:00:00+00:00,3.487,3.488,3.475,3.483,114259.63
2025-08-17 14:00:00+00:00,3.483,3.487,3.473,3.478,155434.74
2025-08-17 15:00:00+00:00,3.478,3.503,3.473,3.501,216324.75
2025-08-17 16:00:00+00:00,3.5,3.506,3.484,3.495,211650.27
2025-08-17 17:00:00+00:00,3.496,3.497,3.483,3.483,135194.13
2025-08-17 18:00:00+00:00,3.483,3.505,3.463,3.487,415074.56
2025-08-17 19:00:00+00:00,3.488,3.495,3.468,3.472,279826.54
2025-08-17 20:00:00+00:00,3.471,3.485,3.471,3.481,101283.31
2025-08-17 21:00:00+00:00,3.481,3.491,3.472,3.482,132747.82
2025-08-17 22:00:00+00:00,3.481,3.516,3.479,3.513,366823.74
2025-08-17 23:00:00+00:00,3.513,3.539,3.509,3.517,389956.58
2025-08-18 00:00:00+00:00,3.517,3.526,3.469,3.476,371741.87
2025-08-18 01:00:00+00:00,3.476,3.484,3.426,3.444,688715.23
2025-08-18 02:00:00+00:00,3.443,3.445,3.371,3.374,861129.08
2025-08-18 03:00:00+00:00,3.374,3.389,3.359,3.382,315820.69
2025-08-18 04:00:00+00:00,3.381,3.406,3.377,3.395,196653.05
2025-08-18 05:00:00+00:00,3.395,3.402,3.374,3.395,195699.48
2025-08-18 06:00:00+00:00,3.395,3.397,3.329,3.347,534430.79
2025-08-18 07:00:00+00:00,3.347,3.378,3.347,3.352,269654.94
2025-08-18 08:00:00+00:00,3.352,3.374,3.337,3.339,403876.3
2025-08-18 09:00:00+00:00,3.339,3.363,3.326,3.358,333061.78
2025-08-18 10:00:00+00:00,3.358,3.36,3.343,3.345,191354.77
2025-08-18 11:00:00+00:00,3.345,3.358,3.339,3.353,97813.96
2025-08-18 12:00:00+00:00,3.352,3.374,3.345,3.374,164983.57
2025-08-18 13:00:00+00:00,3.374,3.387,3.351,3.351,279340.16
2025-08-18 14:00:00+00:00,3.351,3.373,3.342,3.366,233875.96
2025-08-18 15:00:00+00:00,3.366,3.378,3.333,3.354,306112.36
2025-08-18 16:00:00+00:00,3.354,3.358,3.307,3.318,388098.3
2025-08-18 17:00:00+00:00,3.318,3.363,3.314,3.342,339515.39
2025-08-18 18:00:00+00:00,3.343,3.362,3.336,3.357,112759.05
2025-08-18 19:00:00+00:00,3.357,3.362,3.34,3.345,120830.71
2025-08-18 20:00:00+00:00,3.344,3.35,3.326,3.337,111189.32
2025-08-18 21:00:00+00:00,3.337,3.361,3.336,3.357,149649.55
2025-08-18 22:00:00+00:00,3.357,3.389,3.357,3.36,271431.83
2025-08-18 23:00:00+00:00,3.36,3.363,3.321,3.329,221105.7
2025-08-19 00:00:00+00:00,3.328,3.345,3.286,3.344,446963.38
2025-08-19 01:00:00+00:00,3.345,3.354,3.277,3.281,707157.07
2025-08-19 02:00:00+00:00,3.28,3.285,3.258,3.259,1158617.88
2025-08-19 03:00:00+00:00,3.259,3.27,3.198,3.206,1759897.16
2025-08-19 04:00:00+00:00,3.206,3.23,3.194,3.23,684623.06
2025-08-19 05:00:00+00:00,3.23,3.235,3.214,3.216,250994.62
2025-08-19 06:00:00+00:00,3.215,3.219,3.205,3.214,326176.19
2025-08-19 07:00:00+00:00,3.214,3.223,3.203,3.215,377037.71
2025-08-19 08:00:00+00:00,3.216,3.226,3.205,3.22,509497.59
2025-08-19 09:00:00+00:00,3.219,3.25,3.219,3.247,699285.47
2025-08-19 10:00:00+00:00,3.248,3.254,3.238,3.252,361859.12
2025-08-19 11:00:00+00:00,3.252,3.292,3.241,3.283,721725.39
2025-08-19 12:00:00+00:00,3.284,3.292,3.268,3.28,209244.8
2025-08-19 13:00:00+00:00,3.279,3.289,3.237,3.26,408127.41
2025-08-19 14:00:00+00:00,3.26,3.268,3.199,3.221,1090921.48
2025-08-19 15:00:00+00:00,3.221,3.235,3.201,3.207,381178.65
2025-08-19 16:00:00+00:00,3.207,3.221,3.193,3.217,242729.01
2025-08-19 17:00:00+00:00,3.216,3.223,3.184,3.221,282753.08
2025-08-19 18:00:00+00:00,3.22,3.23,3.196,3.209,169682.18
2025-08-19 19:00:00+00:00,3.209,3.248,3.184,3.236,323718.69
2025-08-19 20:00:00+00:00,3.236,3.247,3.222,3.245,70923.03
2025-08-19 21:00:00+00:00,3.245,3.246,3.232,3.238,63833.38
2025-08-19 22:00:00+00:00,3.238,3.268,3.225,3.25,211223.71
2025-08-19 23:00:00+00:00,3.251,3.251,3.214,3.225,202726.85
2025-08-20 00:00:00+00:00,3.224,3.241,3.22,3.23,102327.59
2025-08-20 01:00:00+00:00,3.229,3.24,3.201,3.23,188363.35
2025-08-20 02:00:00+00:00,3.231,3.245,3.229,3.242,99107.29
2025-08-20 03:00:00+00:00,3.242,3.252,3.236,3.239,88497.5
2025-08-20 04:00:00+00:00,3.239,3.26,3.238,3.26,127304.63
2025-08-20 05:00:00+00:00,3.26,3.26,3.237,3.256,153344.6
2025-08-20 06:00:00+00:00,3.255,3.269,3.243,3.268,109479.76
2025-08-20 07:00:00+00:00,3.268,3.28,3.259,3.261,107043.55
2025-08-20 08:00:00+00:00,3.26,3.281,3.259,3.277,158798.29
2025-08-20 09:00:00+00:00,3.277,3.289,3.27,3.273,184575.48
2025-08-20 10:00:00+00:00,3.274,3.286,3.261,3.276,262633.97
2025-08-20 11:00:00+00:00,3.276,3.282,3.221,3.244,1020309.22
2025-08-20 12:00:00+00:00,3.244,3.259,3.232,3.246,228277.8
2025-08-20 13:00:00+00:00,3.247,3.252,3.212,3.22,330388.49
2025-08-20 14:00:00+00:00,3.22,3.261,3.195,3.246,351618.64
2025-08-20 15:00:00+00:00,3.246,3.28,3.243,3.257,284093.57
2025-08-20 16:00:00+00:00,3.258,3.286,3.256,3.273,234776.12
2025-08-20 17:00:00+00:00,3.272,3.293,3.272,3.285,189315.65
2025-08-20 18:00:00+00:00,3.285,3.287,3.247,3.263,188969.95
2025-08-20 19:00:00+00:00,3.264,3.292,3.26,3.289,173637.77
2025-08-20 20:00:00+00:00,3.29,3.291,3.28,3.282,167808.4
2025-08-20 21:00:00+00:00,3.283,3.286,3.267,3.281,117227.71
2025-08-20 22:00:00+00:00,3.28,3.29,3.275,3.285,72939.39
2025-08-20 23:00:00+00:00,3.284,3.287,3.273,3.28,95955.28
2025-08-21 00:00:00+00:00,3.281,3.284,3.267,3.279,109112.62
2025-08-21 01:00:00+00:00,3.28,3.291,3.263,3.29,137039.28
2025-08-21 02:00:00+00:00,3.29,3.293,3.252,3.267,105165.62
2025-08-21 03:00:00+00:00,3.268,3.286,3.267,3.268,134922.87
2025-08-21 04:00:00+00:00,3.268,3.277,3.262,3.274,98123.68
2025-08-21 05:00:00+00:00,3.275,3.28,3.265,3.277,95359.64
2025-08-21 06:00:00+00:00,3.278,3.279,3.258,3.263,131868.76
2025-08-21 07:00:00+00:00,3.263,3.267,3.246,3.26,231636.89
2025-08-21 08:00:00+00:00,3.261,3.263,3.242,3.242,110217.34
2025-08-21 09:00:00+00:00,3.243,3.251,3.231,3.241,153932.75
2025-08-21 10:00:00+00:00,3.24,3.259,3.238,3.253,103423.61
2025-08-21 11:00:00+00:00,3.253,3.274,3.251,3.269,477368.92
2025-08-21 12:00:00+00:00,3.27,3.29,3.262,3.271,724621.86
2025-08-21 13:00:00+00:00,3.271,3.31,3.269,3.288,332221.86
2025-08-21 14:00:00+00:00,3.288,3.305,3.279,3.289,199673.05
2025-08-21 15:00:00+00:00,3.289,3.298,3.269,3.279,390084.4
2025-08-21 16:00:00+00:00,3.279,3.297,3.272,3.279,455590.66
2025-08-21 17:00:00+00:00,3.28,3.318,3.274,3.308,309614.78
2025-08-21 18:00:00+00:00,3.309,3.331,3.308,3.33,189176.01
2025-08-21 19:00:00+00:00,3.33,3.338,3.303,3.308,197373.71
2025-08-21 20:00:00+00:00,3.308,3.32,3.3,3.311,164928.02
2025-08-21 21:00:00+00:00,3.312,3.319,3.3,3.318,159031.75
2025-08-21 22:00:00+00:00,3.318,3.334,3.314,3.33,98875.07
2025-08-21 23:00:00+00:00,3.33,3.33,3.303,3.315,107925.55
2025-08-22 00:00:00+00:00,3.315,3.334,3.315,3.318,117266.78
2025-08-22 01:00:00+00:00,3.318,3.334,3.308,3.328,138468.34
2025-08-22 02:00:00+00:00,3.328,3.353,3.314,3.318,302491.69
2025-08-22 03:00:00+00:00,3.318,3.322,3.29,3.296,205826.67
2025-08-22 04:00:00+00:00,3.295,3.314,3.294,3.308,178089.88
2025-08-22 05:00:00+00:00,3.308,3.312,3.294,3.3,78578.82
2025-08-22 06:00:00+00:00,3.3,3.306,3.282,3.298,174542.92
2025-08-22 07:00:00+00:00,3.297,3.313,3.289,3.291,228713.74
2025-08-22 08:00:00+00:00,3.29,3.298,3.283,3.284,230033.59
2025-08-22 09:00:00+00:00,3.285,3.288,3.274,3.285,136445.7
2025-08-22 10:00:00+00:00,3.285,3.285,3.255,3.261,165172.57
2025-08-22 11:00:00+00:00,3.26,3.263,3.245,3.247,163058.54
2025-08-22 12:00:00+00:00,3.248,3.249,3.204,3.224,550609.87
2025-08-22 13:00:00+00:00,3.225,3.251,3.21,3.225,351786.66
2025-08-22 14:00:00+00:00,3.226,3.327,3.226,3.32,2683650.36
2025-08-22 15:00:00+00:00,3.32,3.351,3.319,3.329,584582.31
2025-08-22 16:00:00+00:00,3.329,3.373,3.328,3.35,1073810.09
2025-08-22 17:00:00+00:00,3.35,3.396,3.35,3.38,744859.24
2025-08-22 18:00:00+00:00,3.381,3.394,3.371,3.379,316242.13
2025-08-22 19:00:00+00:00,3.378,3.4,3.377,3.389,428936.13
2025-08-22 20:00:00+00:00,3.389,3.399,3.384,3.397,310777.82
2025-08-22 21:00:00+00:00,3.398,3.438,3.396,3.43,645232.43
2025-08-22 22:00:00+00:00,3.43,3.442,3.42,3.425,450863.95
2025-08-22 23:00:00+00:00,3.425,3.431,3.42,3.423,197216.05
2025-08-23 00:00:00+00:00,3.423,3.44,3.411,3.413,353830.99
2025-08-23 01:00:00+00:00,3.414,3.415,3.368,3.383,313628.65
2025-08-23 02:00:00+00:00,3.384,3.389,3.337,3.364,315584.62
2025-08-23 03:00:00+00:00,3.365,3.376,3.351,3.359,153354.1
2025-08-23 04:00:00+00:00,3.358,3.396,3.358,3.395,225261.37
2025-08-23 05:00:00+00:00,3.395,3.412,3.388,3.409,310910.36
2025-08-23 06:00:00+00:00,3.409,3.42,3.401,3.408,212835.03
2025-08-23 07:00:00+00:00,3.408,3.415,3.387,3.391,198360.29
2025-08-23 08:00:00+00:00,3.392,3.4,3.375,3.384,119071.7
2025-08-23 09:00:00+00:00,3.385,3.388,3.367,3.38,560451.06
2025-08-23 10:00:00+00:00,3.379,3.384,3.355,3.358,276078.65
2025-08-23 11:00:00+00:00,3.359,3.367,3.349,3.355,162425.68
2025-08-23 12:00:00+00:00,3.355,3.369,3.347,3.35,286890.44
2025-08-23 13:00:00+00:00,3.349,3.362,3.333,3.335,432066.63
2025-08-23 14:00:00+00:00,3.335,3.352,3.332,3.345,238199.87
2025-08-23 15:00:00+00:00,3.345,3.367,3.344,3.36,469429.75
2025-08-23 16:00:00+00:00,3.36,3.391,3.355,3.385,672823.52
2025-08-23 17:00:00+00:00,3.386,3.387,3.363,3.37,228673.12
2025-08-23 18:00:00+00:00,3.37,3.377,3.366,3.372,100959.38
2025-08-23 19:00:00+00:00,3.373,3.387,3.371,3.387,71809.53
2025-08-23 20:00:00+00:00,3.386,3.388,3.371,3.384,137998.22
2025-08-23 21:00:00+00:00,3.384,3.385,3.369,3.373,89798.69
2025-08-23 22:00:00+00:00,3.373,3.384,3.373,3.383,51217.92
2025-08-23 23:00:00+00:00,3.384,3.387,3.379,3.381,77236.13
2025-08-24 00:00:00+00:00,3.382,3.391,3.38,3.385,104263.87
2025-08-24 01:00:00+00:00,3.386,3.387,3.372,3.379,70459.8
2025-08-24 02:00:00+00:00,3.379,3.39,3.376,3.384,105602.22
2025-08-24 03:00:00+00:00,3.385,3.388,3.371,3.384,88576.73
2025-08-24 04:00:00+00:00,3.385,3.389,3.365,3.375,160480.4
2025-08-24 05:00:00+00:00,3.375,3.375,3.352,3.357,135457.98
2025-08-24 06:00:00+00:00,3.358,3.358,3.34,3.341,117383.55
2025-08-24 07:00:00+00:00,3.341,3.361,3.339,3.349,82557.02
2025-08-24 08:00:00+00:00,3.348,3.361,3.346,3.353,77909.28
2025-08-24 09:00:00+00:00,3.353,3.356,3.345,3.345,117841.86
2025-08-24 10:00:00+00:00,3.346,3.347,3.323,3.326,140189.97
2025-08-24 11:00:00+00:00,3.325,3.335,3.31,3.319,152002.67
2025-08-24 12:00:00+00:00,3.318,3.324,3.311,3.319,121567.94
2025-08-24 13:00:00+00:00,3.319,3.33,3.318,3.322,82122.59
2025-08-24 14:00:00+00:00,3.323,3.329,3.313,3.327,114504.08
2025-08-24 15:00:00+00:00,3.326,3.346,3.321,3.333,286419.09
2025-08-24 16:00:00+00:00,3.333,3.343,3.326,3.338,92642.82
2025-08-24 17:00:00+00:00,3.337,3.37,3.335,3.366,269543.39
2025-08-24 18:00:00+00:00,3.367,3.392,3.361,3.384,231112.63
2025-08-24 19:00:00+00:00,3.384,3.408,3.27,3.333,1840410.55
2025-08-24 20:00:00+00:00,3.333,3.335,3.277,3.316,454795.53
2025-08-24 21:00:00+00:00,3.315,3.331,3.301,3.308,139665.59
2025-08-24 22:00:00+00:00,3.309,3.315,3.278,3.312,134791.55
2025-08-24 23:00:00+00:00,3.313,3.318,3.297,3.299,79603.27
2025-08-25 00:00:00+00:00,3.3,3.31,3.259,3.275,270082.22
2025-08-25 01:00:00+00:00,3.275,3.305,3.273,3.299,134599.27
2025-08-25 02:00:00+00:00,3.299,3.322,3.298,3.316,139485.65
2025-08-25 03:00:00+00:00,3.316,3.327,3.306,3.309,148204.78
2025-08-25 04:00:00+00:00,3.309,3.312,3.291,3.301,123348.28
2025-08-25 05:00:00+00:00,3.301,3.309,3.285,3.287,245185.32
2025-08-25 06:00:00+00:00,3.287,3.29,3.24,3.241,303123.82
2025-08-25 07:00:00+00:00,3.242,3.252,3.206,3.214,369246.93
2025-08-25 08:00:00+00:00,3.215,3.237,3.186,3.23,544052.9
2025-08-25 09:00:00+00:00,3.23,3.234,3.201,3.217,230759.08
2025-08-25 10:00:00+00:00,3.217,3.217,3.175,3.19,379359.46
2025-08-25 11:00:00+00:00,3.19,3.211,3.186,3.209,126871.79
2025-08-25 12:00:00+00:00,3.208,3.218,3.201,3.21,103816.41
2025-08-25 13:00:00+00:00,3.21,3.216,3.19,3.21,278176.78
2025-08-25 14:00:00+00:00,3.211,3.238,3.204,3.228,361171.92
2025-08-25 15:00:00+00:00,3.228,3.238,3.212,3.216,261562.66
2025-08-25 16:00:00+00:00,3.217,3.232,3.202,3.215,226745.11
2025-08-25 17:00:00+00:00,3.215,3.222,3.195,3.211,194765.57
2025-08-25 18:00:00+00:00,3.211,3.218,3.203,3.207,68166.12
2025-08-25 19:00:00+00:00,3.207,3.211,3.155,3.157,337362.57
2025-08-25 20:00:00+00:00,3.157,3.161,3.093,3.107,2304714.63
2025-08-25 21:00:00+00:00,3.107,3.119,3.095,3.098,328673.33
2025-08-25 22:00:00+00:00,3.099,3.136,3.098,3.127,139434.3
2025-08-25 23:00:00+00:00,3.127,3.128,3.1,3.115,205259.66
2025-08-26 00:00:00+00:00,3.115,3.132,3.104,3.117,301296.61
2025-08-26 01:00:00+00:00,3.117,3.16,3.109,3.157,185715.67
2025-08-26 02:00:00+00:00,3.157,3.163,3.147,3.151,126326.84
2025-08-26 03:00:00+00:00,3.151,3.159,3.146,3.153,118593.43
2025-08-26 04:00:00+00:00,3.153,3.162,3.15,3.151,84052.46
2025-08-26 05:00:00+00:00,3.151,3.167,3.149,3.153,76949.58
2025-08-26 06:00:00+00:00,3.153,3.163,3.14,3.145,98475.06
2025-08-26 07:00:00+00:00,3.145,3.168,3.14,3.156,197489.28
2025-08-26 08:00:00+00:00,3.156,3.159,3.136,3.138,167344.5
2025-08-26 09:00:00+00:00,3.139,3.145,3.133,3.141,140478.32
2025-08-26 10:00:00+00:00,3.141,3.145,3.128,3.131,97727.88
2025-08-26 11:00:00+00:00,3.131,3.135,3.118,3.126,129795.44
2025-08-26 12:00:00+00:00,3.126,3.166,3.115,3.141,414349.37
2025-08-26 13:00:00+00:00,3.14,3.148,3.106,3.131,410461.92
2025-08-26 14:00:00+00:00,3.132,3.153,3.117,3.148,192610.91
2025-08-26 15:00:00+00:00,3.147,3.157,3.137,3.15,174972.46
2025-08-26 16:00:00+00:00,3.15,3.158,3.126,3.146,347488.13
2025-08-26 17:00:00+00:00,3.146,3.147,3.11,3.116,310734.85
2025-08-26 18:00:00+00:00,3.117,3.131,3.112,3.121,231747.53
2025-08-26 19:00:00+00:00,3.12,3.16,3.115,3.159,440425.1
2025-08-26 20:00:00+00:00,3.158,3.17,3.156,3.166,246743.27
2025-08-26 21:00:00+00:00,3.166,3.178,3.158,3.177,114233.07
2025-08-26 22:00:00+00:00,3.178,3.179,3.161,3.17,112341.6
2025-08-26 23:00:00+00:00,3.171,3.181,3.164,3.167,142081.93
2025-08-27 00:00:00+00:00,3.167,3.173,3.16,3.166,160632.42
2025-08-27 01:00:00+00:00,3.166,3.181,3.16,3.181,94771.91
2025-08-27 02:00:00+00:00,3.18,3.192,3.171,3.186,132832.37
2025-08-27 03:00:00+00:00,3.187,3.202,3.177,3.192,120736.64
2025-08-27 04:00:00+00:00,3.191,3.198,3.182,3.19,82572.3
2025-08-27 05:00:00+00:00,3.19,3.208,3.183,3.185,213000.23
2025-08-27 06:00:00+00:00,3.186,3.203,3.184,3.193,129025.51
2025-08-27 07:00:00+00:00,3.193,3.195,3.165,3.171,167140.71
2025-08-27 08:00:00+00:00,3.171,3.182,3.164,3.179,147397.71
2025-08-27 09:00:00+00:00,3.18,3.189,3.177,3.178,151887.76
2025-08-27 10:00:00+00:00,3.178,3.18,3.145,3.149,459719.56
2025-08-27 11:00:00+00:00,3.149,3.163,3.144,3.159,364143.56
2025-08-27 12:00:00+00:00,3.159,3.174,3.148,3.173,277407.37
2025-08-27 13:00:00+00:00,3.173,3.191,3.161,3.176,553376.85
2025-08-27 14:00:00+00:00,3.177,3.201,3.169,3.188,300972.96
2025-08-27 15:00:00+00:00,3.188,3.204,3.176,3.195,195838.43
2025-08-27 16:00:00+00:00,3.196,3.198,3.177,3.197,124013.49
2025-08-27 17:00:00+00:00,3.196,3.204,3.186,3.2,103821.73
2025-08-27 18:00:00+00:00,3.2,3.204,3.188,3.188,140344.07
2025-08-27 19:00:00+00:00,3.189,3.193,3.164,3.175,139715.64
2025-08-27 20:00:00+00:00,3.175,3.2,3.152,3.197,701504.83
2025-08-27 21:00:00+00:00,3.198,3.2,3.159,3.165,1177797.12
2025-08-27 22:00:00+00:00,3.165,3.165,3.124,3.146,686815.89
2025-08-27 23:00:00+00:00,3.146,3.157,3.132,3.139,134575.5
2025-08-28 00:00:00+00:00,3.138,3.153,3.123,3.131,742612.0
2025-08-28 01:00:00+00:00,3.131,3.144,3.111,3.14,351283.97
2025-08-28 02:00:00+00:00,3.139,3.156,3.136,3.14,132982.65
2025-08-28 03:00:00+00:00,3.141,3.157,3.137,3.154,70747.25
2025-08-28 04:00:00+00:00,3.155,3.165,3.138,3.162,686957.88
2025-08-28 05:00:00+00:00,3.162,3.171,3.151,3.158,379472.66
2025-08-28 06:00:00+00:00,3.158,3.168,3.149,3.167,209301.86
2025-08-28 07:00:00+00:00,3.167,3.175,3.16,3.173,108524.41
2025-08-28 08:00:00+00:00,3.174,3.189,3.168,3.175,219121.19
2025-08-28 09:00:00+00:00,3.175,3.175,3.158,3.162,98298.2
2025-08-28 10:00:00+00:00,3.161,3.177,3.158,3.176,81802.94
2025-08-28 11:00:00+00:00,3.177,3.286,3.172,3.238,3661489.37
2025-08-28 12:00:00+00:00,3.238,3.239,3.198,3.199,923677.22
2025-08-28 13:00:00+00:00,3.2,3.222,3.174,3.185,998715.12
2025-08-28 14:00:00+00:00,3.186,3.202,3.17,3.191,504293.78
2025-08-28 15:00:00+00:00,3.19,3.195,3.152,3.157,672424.58
2025-08-28 16:00:00+00:00,3.157,3.172,3.133,3.135,738829.61
2025-08-28 17:00:00+00:00,3.134,3.166,3.13,3.161,265130.04
2025-08-28 18:00:00+00:00,3.161,3.176,3.16,3.172,162239.99
2025-08-28 19:00:00+00:00,3.171,3.178,3.151,3.151,180175.98
2025-08-28 20:00:00+00:00,3.151,3.171,3.147,3.17,269273.41
2025-08-28 21:00:00+00:00,3.169,3.18,3.162,3.18,119870.27
2025-08-28 22:00:00+00:00,3.179,3.192,3.179,3.187,84010.2
2025-08-28 23:00:00+00:00,3.187,3.188,3.171,3.175,122327.12
2025-08-29 00:00:00+00:00,3.176,3.186,3.168,3.174,151370.25
2025-08-29 01:00:00+00:00,3.173,3.177,3.155,3.163,300145.85
2025-08-29 02:00:00+00:00,3.163,3.181,3.158,3.167,154794.74
2025-08-29 03:00:00+00:00,3.167,3.177,3.161,3.161,207361.55
2025-08-29 04:00:00+00:00,3.161,3.163,3.137,3.14,476941.81
2025-08-29 05:00:00+00:00,3.14,3.141,3.127,3.131,293671.0
2025-08-29 06:00:00+00:00,3.131,3.131,3.098,3.128,984693.74
2025-08-29 07:00:00+00:00,3.127,3.128,3.067,3.07,842046.54
2025-08-29 08:00:00+00:00,3.071,3.082,3.059,3.063,378373.93
2025-08-29 09:00:00+00:00,3.064,3.074,3.039,3.051,841685.34
2025-08-29 10:00:00+00:00,3.052,3.063,3.049,3.061,151158.58
2025-08-29 11:00:00+00:00,3.061,3.073,3.057,3.064,246365.85
2025-08-29 12:00:00+00:00,3.064,3.11,3.064,3.085,544321.0
2025-08-29 13:00:00+00:00,3.085,3.086,3.042,3.058,488963.58
2025-08-29 14:00:00+00:00,3.058,3.072,3.021,3.055,773202.67
2025-08-29 15:00:00+00:00,3.056,3.081,3.053,3.065,413567.27
2025-08-29 16:00:00+00:00,3.066,3.082,3.05,3.077,223130.5
2025-08-29 17:00:00+00:00,3.076,3.078,3.052,3.057,172760.66
2025-08-29 18:00:00+00:00,3.057,3.065,3.04,3.046,186715.62
2025-08-29 19:00:00+00:00,3.046,3.067,3.041,3.057,161600.66
2025-08-29 20:00:00+00:00,3.056,3.059,3.043,3.054,161307.39
2025-08-29 21:00:00+00:00,3.053,3.074,3.044,3.071,157187.66
2025-08-29 22:00:00+00:00,3.071,3.078,3.063,3.076,88724.04
2025-08-29 23:00:00+00:00,3.076,3.079,3.071,3.074,66146.36
2025-08-30 00:00:00+00:00,3.075,3.078,3.064,3.071,131755.92
2025-08-30 01:00:00+00:00,3.072,3.079,3.036,3.039,227924.93
2025-08-30 02:00:00+00:00,3.04,3.073,3.035,3.069,151538.06
2025-08-30 03:00:00+00:00,3.07,3.094,3.069,3.089,313348.5
2025-08-30 04:00:00+00:00,3.09,3.096,3.086,3.086,113713.07
2025-08-30 05:00:00+00:00,3.086,3.095,3.084,3.086,138606.8
2025-08-30 06:00:00+00:00,3.087,3.099,3.085,3.094,150663.01
2025-08-30 07:00:00+00:00,3.095,3.102,3.091,3.101,121158.72
2025-08-30 08:00:00+00:00,3.1,3.101,3.093,3.094,68785.45
2025-08-30 09:00:00+00:00,3.095,3.097,3.086,3.093,83310.08
2025-08-30 10:00:00+00:00,3.093,3.103,3.092,3.098,82838.09
2025-08-30 11:00:00+00:00,3.098,3.099,3.081,3.086,114478.68
2025-08-30 12:00:00+00:00,3.086,3.087,3.068,3.084,198673.4
2025-08-30 13:00:00+00:00,3.083,3.141,3.071,3.118,2204401.17
2025-08-30 14:00:00+00:00,3.118,3.137,3.114,3.134,298812.6
2025-08-30 15:00:00+00:00,3.134,3.137,3.125,3.134,121229.69
2025-08-30 16:00:00+00:00,3.134,3.14,3.124,3.126,138750.19
2025-08-30 17:00:00+00:00,3.127,3.142,3.123,3.135,163737.34
2025-08-30 18:00:00+00:00,3.135,3.137,3.12,3.121,135270.14
2025-08-30 19:00:00+00:00,3.121,3.129,3.117,3.127,78853.8
2025-08-30 20:00:00+00:00,3.128,3.135,3.118,3.134,61925.54
2025-08-30 21:00:00+00:00,3.134,3.135,3.121,3.124,134797.96
2025-08-30 22:00:00+00:00,3.125,3.128,3.119,3.128,58570.19
2025-08-30 23:00:00+00:00,3.128,3.132,3.123,3.127,124954.47
2025-08-31 00:00:00+00:00,3.127,3.146,3.126,3.144,200634.56
2025-08-31 01:00:00+00:00,3.143,3.146,3.139,3.145,73530.62
2025-08-31 02:00:00+00:00,3.146,3.148,3.139,3.143,61541.72
2025-08-31 03:00:00+00:00,3.143,3.151,3.139,3.149,59635.95
2025-08-31 04:00:00+00:00,3.15,3.151,3.131,3.134,87847.24
2025-08-31 05:00:00+00:00,3.133,3.142,3.126,3.138,84009.51
2025-08-31 06:00:00+00:00,3.138,3.139,3.125,3.125,37357.61
2025-08-31 07:00:00+00:00,3.125,3.13,3.124,3.127,39794.82
2025-08-31 08:00:00+00:00,3.127,3.139,3.127,3.137,61939.96
2025-08-31 09:00:00+00:00,3.138,3.143,3.133,3.134,171594.33
2025-08-31 10:00:00+00:00,3.134,3.153,3.133,3.145,252628.31
2025-08-31 11:00:00+00:00,3.146,3.148,3.14,3.142,66394.69
2025-08-31 12:00:00+00:00,3.142,3.145,3.132,3.141,158454.68
2025-08-31 13:00:00+00:00,3.14,3.146,3.137,3.144,46152.29
2025-08-31 14:00:00+00:00,3.144,3.154,3.138,3.146,83493.03
2025-08-31 15:00:00+00:00,3.146,3.163,3.143,3.163,122943.47
2025-08-31 16:00:00+00:00,3.162,3.164,3.152,3.161,108090.78
2025-08-31 17:00:00+00:00,3.16,3.168,3.155,3.167,77753.42
2025-08-31 18:00:00+00:00,3.167,3.174,3.165,3.168,81122.27
2025-08-31 19:00:00+00:00,3.169,3.172,3.162,3.168,47180.4
2025-08-31 20:00:00+00:00,3.168,3.183,3.164,3.182,72159.77
2025-08-31 21:00:00+00:00,3.182,3.184,3.17,3.177,98372.08
2025-08-31 22:00:00+00:00,3.178,3.188,3.169,3.175,113744.67
2025-08-31 23:00:00+00:00,3.176,3.176,3.16,3.165,172478.83
2025-09-01 00:00:00+00:00,3.165,3.168,3.145,3.153,214110.78
2025-09-01 01:00:00+00:00,3.152,3.156,3.136,3.146,121279.66
2025-09-01 02:00:00+00:00,3.146,3.146,3.104,3.113,290190.43
2025-09-01 03:00:00+00:00,3.114,3.125,3.104,3.122,222685.78
2025-09-01 04:00:00+00:00,3.121,3.127,3.099,3.104,178528.04
2025-09-01 05:00:00+00:00,3.104,3.116,3.093,3.112,86183.24
2025-09-01 06:00:00+00:00,3.112,3.134,3.103,3.124,150462.54
2025-09-01 07:00:00+00:00,3.123,3.15,3.11,3.15,292365.94
2025-09-01 08:00:00+00:00,3.15,3.174,3.149,3.166,400568.12
2025-09-01 09:00:00+00:00,3.166,3.169,3.151,3.151,141835.27
2025-09-01 10:00:00+00:00,3.151,3.159,3.127,3.13,195018.5
2025-09-01 11:00:00+00:00,3.131,3.134,3.12,3.125,81204.14
2025-09-01 12:00:00+00:00,3.126,3.14,3.122,3.13,113695.36
2025-09-01 13:00:00+00:00,3.13,3.142,3.119,3.123,177340.23
2025-09-01 14:00:00+00:00,3.123,3.131,3.108,3.115,132218.53
2025-09-01 15:00:00+00:00,3.115,3.121,3.098,3.104,167828.97
2025-09-01 16:00:00+00:00,3.105,3.115,3.095,3.107,126267.24
2025-09-01 17:00:00+00:00,3.107,3.119,3.097,3.116,163093.87
2025-09-01 18:00:00+00:00,3.116,3.137,3.114,3.137,137916.46
2025-09-01 19:00:00+00:00,3.137,3.144,3.133,3.139,77223.43
2025-09-01 20:00:00+00:00,3.14,3.14,3.097,3.118,472082.18
2025-09-01 21:00:00+00:00,3.118,3.12,3.087,3.097,230943.29
2025-09-01 22:00:00+00:00,3.096,3.107,3.081,3.09,185045.82
2025-09-01 23:00:00+00:00,3.09,3.117,3.09,3.108,65478.26
2025-09-02 00:00:00+00:00,3.108,3.117,3.099,3.101,82527.36
2025-09-02 01:00:00+00:00,3.101,3.126,3.1,3.117,119710.83
2025-09-02 02:00:00+00:00,3.116,3.141,3.116,3.14,146899.49
2025-09-02 03:00:00+00:00,3.141,3.147,3.133,3.137,86118.28
2025-09-02 04:00:00+00:00,3.138,3.144,3.133,3.142,47193.9
2025-09-02 05:00:00+00:00,3.143,3.145,3.132,3.136,65358.42
2025-09-02 06:00:00+00:00,3.136,3.147,3.133,3.145,80480.9
2025-09-02 07:00:00+00:00,3.144,3.149,3.135,3.138,93151.08
2025-09-02 08:00:00+00:00,3.137,3.141,3.129,3.139,48462.11
2025-09-02 09:00:00+00:00,3.139,3.15,3.134,3.139,102784.16
2025-09-02 10:00:00+00:00,3.14,3.14,3.13,3.137,56336.11
2025-09-02 11:00:00+00:00,3.137,3.138,3.121,3.123,51213.65
2025-09-02 12:00:00+00:00,3.122,3.124,3.093,3.097,244713.61
2025-09-02 13:00:00+00:00,3.097,3.152,3.096,3.147,266812.41
2025-09-02 14:00:00+00:00,3.147,3.156,3.13,3.135,209711.31
2025-09-02 15:00:00+00:00,3.135,3.137,3.111,3.115,181351.89
2025-09-02 16:00:00+00:00,3.115,3.146,3.115,3.144,296600.92
2025-09-02 17:00:00+00:00,3.144,3.152,3.135,3.142,262321.01
2025-09-02 18:00:00+00:00,3.143,3.152,3.129,3.144,358080.34
2025-09-02 19:00:00+00:00,3.145,3.154,3.139,3.146,86258.8
2025-09-02 20:00:00+00:00,3.146,3.177,3.144,3.175,463603.32
2025-09-02 21:00:00+00:00,3.176,3.184,3.172,3.176,241199.95
2025-09-02 22:00:00+00:00,3.177,3.181,3.164,3.178,123960.28
2025-09-02 23:00:00+00:00,3.178,3.179,3.167,3.169,120797.98
2025-09-03 00:00:00+00:00,3.168,3.175,3.165,3.17,93320.95
2025-09-03 01:00:00+00:00,3.17,3.172,3.157,3.172,75017.26
2025-09-03 02:00:00+00:00,3.172,3.175,3.168,3.17,80440.61
2025-09-03 03:00:00+00:00,3.17,3.175,3.16,3.166,74862.9
2025-09-03 04:00:00+00:00,3.166,3.168,3.158,3.161,89259.79
2025-09-03 05:00:00+00:00,3.161,3.162,3.148,3.149,75997.24
2025-09-03 06:00:00+00:00,3.149,3.155,3.14,3.144,101637.53
2025-09-03 07:00:00+00:00,3.143,3.144,3.129,3.138,161591.68
2025-09-03 08:00:00+00:00,3.138,3.144,3.13,3.134,68859.81
2025-09-03 09:00:00+00:00,3.134,3.142,3.127,3.142,69643.89
2025-09-03 10:00:00+00:00,3.142,3.155,3.137,3.153,125396.76
2025-09-03 11:00:00+00:00,3.153,3.158,3.149,3.15,70095.33
2025-09-03 12:00:00+00:00,3.15,3.16,3.147,3.151,98040.79
2025-09-03 13:00:00+00:00,3.151,3.2,3.151,3.176,1357174.82
2025-09-03 14:00:00+00:00,3.176,3.19,3.171,3.184,133711.49
2025-09-03 15:00:00+00:00,3.184,3.193,3.176,3.185,319170.93
2025-09-03 16:00:00+00:00,3.185,3.188,3.167,3.173,246823.19
2025-09-03 17:00:00+00:00,3.172,3.177,3.167,3.168,80550.18
2025-09-03 18:00:00+00:00,3.167,3.178,3.155,3.177,260095.06
2025-09-03 19:00:00+00:00,3.177,3.185,3.172,3.184,108242.11
2025-09-03 20:00:00+00:00,3.184,3.191,3.184,3.186,63425.54
2025-09-03 21:00:00+00:00,3.187,3.191,3.18,3.189,68639.79
2025-09-03 22:00:00+00:00,3.188,3.194,3.178,3.18,56205.66
2025-09-03 23:00:00+00:00,3.179,3.183,3.173,3.176,132664.71
2025-09-04 00:00:00+00:00,3.177,3.197,3.175,3.19,77785.6
2025-09-04 01:00:00+00:00,3.19,3.198,3.185,3.198,136918.43
2025-09-04 02:00:00+00:00,3.197,3.203,3.17,3.18,292917.08
2025-09-04 03:00:00+00:00,3.18,3.186,3.17,3.172,84419.01
2025-09-04 04:00:00+00:00,3.172,3.18,3.167,3.174,65297.96
2025-09-04 05:00:00+00:00,3.174,3.174,3.158,3.17,111480.6
2025-09-04 06:00:00+00:00,3.17,3.174,3.153,3.16,139942.42
2025-09-04 07:00:00+00:00,3.159,3.175,3.159,3.168,114999.98
2025-09-04 08:00:00+00:00,3.167,3.175,3.154,3.158,109389.56
2025-09-04 09:00:00+00:00,3.157,3.163,3.118,3.133,706466.83
2025-09-04 10:00:00+00:00,3.133,3.143,3.131,3.134,221105.38
2025-09-04 11:00:00+00:00,3.134,3.142,3.125,3.126,243690.77
2025-09-04 12:00:00+00:00,3.126,3.139,3.116,3.13,294611.65
2025-09-04 13:00:00+00:00,3.13,3.132,3.113,3.125,206814.47
2025-09-04 14:00:00+00:00,3.124,3.125,3.108,3.117,198693.83
2025-09-04 15:00:00+00:00,3.117,3.119,3.1,3.1,385423.85
2025-09-04 16:00:00+00:00,3.1,3.108,3.092,3.107,190609.01
2025-09-04 17:00:00+00:00,3.106,3.111,3.097,3.102,208666.97
2025-09-04 18:00:00+00:00,3.102,3.107,3.086,3.093,142145.23
2025-09-04 19:00:00+00:00,3.093,3.102,3.089,3.092,159799.95
2025-09-04 20:00:00+00:00,3.092,3.109,3.09,3.104,115532.07
2025-09-04 21:00:00+00:00,3.103,3.11,3.102,3.108,63635.73
2025-09-04 22:00:00+00:00,3.107,3.12,3.104,3.118,95415.03
2025-09-04 23:00:00+00:00,3.118,3.121,3.096,3.098,84615.66
2025-09-05 00:00:00+00:00,3.097,3.104,3.087,3.09,56257.55
2025-09-05 01:00:00+00:00,3.089,3.11,3.086,3.105,59054.12
2025-09-05 02:00:00+00:00,3.104,3.113,3.1,3.106,127386.09
2025-09-05 03:00:00+00:00,3.105,3.11,3.098,3.11,33386.27
2025-09-05 04:00:00+00:00,3.109,3.113,3.104,3.111,70457.34
2025-09-05 05:00:00+00:00,3.11,3.118,3.107,3.118,57970.81
2025-09-05 06:00:00+00:00,3.117,3.12,3.111,3.117,72456.56
2025-09-05 07:00:00+00:00,3.118,3.134,3.117,3.13,288295.96
2025-09-05 08:00:00+00:00,3.13,3.13,3.116,3.116,140488.91
2025-09-05 09:00:00+00:00,3.116,3.128,3.113,3.126,251797.66
2025-09-05 10:00:00+00:00,3.127,3.129,3.122,3.126,107937.59
2025-09-05 11:00:00+00:00,3.126,3.134,3.123,3.125,133240.01
2025-09-05 12:00:00+00:00,3.125,3.142,3.111,3.131,699282.45
2025-09-05 13:00:00+00:00,3.132,3.139,3.119,3.122,327292.99
2025-09-05 14:00:00+00:00,3.122,3.123,3.071,3.088,650070.67
2025-09-05 15:00:00+00:00,3.088,3.103,3.084,3.089,275695.86
2025-09-05 16:00:00+00:00,3.088,3.091,3.079,3.085,229118.23
2025-09-05 17:00:00+00:00,3.086,3.092,3.079,3.091,179318.85
2025-09-05 18:00:00+00:00,3.092,3.104,3.086,3.098,157811.79
2025-09-05 19:00:00+00:00,3.097,3.109,3.093,3.102,165784.68
2025-09-05 20:00:00+00:00,3.102,3.106,3.098,3.1,36804.08
2025-09-05 21:00:00+00:00,3.1,3.1,3.072,3.079,187301.27
2025-09-05 22:00:00+00:00,3.08,3.09,3.076,3.088,41253.77
2025-09-05 23:00:00+00:00,3.087,3.091,3.086,3.09,22489.11
2025-09-06 00:00:00+00:00,3.089,3.095,3.084,3.084,71691.35
2025-09-06 01:00:00+00:00,3.085,3.09,3.08,3.085,54151.17
2025-09-06 02:00:00+00:00,3.085,3.089,3.08,3.088,57624.64
2025-09-06 03:00:00+00:00,3.088,3.088,3.08,3.081,44837.28
2025-09-06 04:00:00+00:00,3.08,3.083,3.072,3.082,49801.56
2025-09-06 05:00:00+00:00,3.082,3.083,3.076,3.082,65075.11
2025-09-06 06:00:00+00:00,3.082,3.084,3.076,3.079,30000.76
2025-09-06 07:00:00+00:00,3.079,3.081,3.075,3.08,107939.89
2025-09-06 08:00:00+00:00,3.08,3.081,3.069,3.071,149744.79
2025-09-06 09:00:00+00:00,3.072,3.072,3.057,3.057,160332.98
2025-09-06 10:00:00+00:00,3.057,3.06,3.05,3.058,121217.27
2025-09-06 11:00:00+00:00,3.059,3.059,3.048,3.05,75319.92
2025-09-06 12:00:00+00:00,3.05,3.051,3.041,3.041,107596.72
2025-09-06 13:00:00+00:00,3.041,3.047,3.005,3.005,605176.32
2025-09-06 14:00:00+00:00,3.005,3.051,2.998,3.046,819222.56
2025-09-06 15:00:00+00:00,3.045,3.047,3.034,3.043,119544.11
2025-09-06 16:00:00+00:00,3.042,3.059,3.039,3.047,205691.41
2025-09-06 17:00:00+00:00,3.048,3.056,3.048,3.056,39615.81
2025-09-06 18:00:00+00:00,3.056,3.061,3.052,3.06,72135.76
2025-09-06 19:00:00+00:00,3.059,3.063,3.05,3.054,63434.15
2025-09-06 20:00:00+00:00,3.054,3.063,3.053,3.057,39536.63
2025-09-06 21:00:00+00:00,3.057,3.065,3.051,3.053,73096.29
2025-09-06 22:00:00+00:00,3.054,3.057,3.042,3.056,108400.87
2025-09-06 23:00:00+00:00,3.056,3.066,3.054,3.059,60864.14
2025-09-07 00:00:00+00:00,3.06,3.07,3.06,3.062,42578.09
2025-09-07 01:00:00+00:00,3.061,3.075,3.061,3.072,62396.97
2025-09-07 02:00:00+00:00,3.071,3.079,3.069,3.079,73672.15
2025-09-07 03:00:00+00:00,3.079,3.082,3.075,3.077,70923.66
2025-09-07 04:00:00+00:00,3.077,3.087,3.077,3.087,46700.03
2025-09-07 05:00:00+00:00,3.086,3.089,3.084,3.089,61141.23
2025-09-07 06:00:00+00:00,3.089,3.092,3.082,3.082,53680.86
2025-09-07 07:00:00+00:00,3.083,3.089,3.078,3.081,101951.51
2025-09-07 08:00:00+00:00,3.081,3.091,3.081,3.085,112917.1
2025-09-07 09:00:00+00:00,3.085,3.094,3.084,3.088,71983.52
2025-09-07 10:00:00+00:00,3.087,3.091,3.085,3.091,66065.33
2025-09-07 11:00:00+00:00,3.091,3.098,3.088,3.095,90320.97
2025-09-07 12:00:00+00:00,3.095,3.095,3.084,3.092,127030.22
2025-09-07 13:00:00+00:00,3.093,3.098,3.089,3.097,92300.53
2025-09-07 14:00:00+00:00,3.098,3.101,3.092,3.093,184244.04
2025-09-07 15:00:00+00:00,3.093,3.095,3.083,3.089,120945.09
2025-09-07 16:00:00+00:00,3.088,3.095,3.085,3.093,74414.91
2025-09-07 17:00:00+00:00,3.093,3.096,3.083,3.089,84266.25
2025-09-07 18:00:00+00:00,3.09,3.101,3.09,3.097,76409.5
2025-09-07 19:00:00+00:00,3.097,3.107,3.092,3.1,152153.27
2025-09-07 20:00:00+00:00,3.099,3.102,3.093,3.097,76141.41
2025-09-07 21:00:00+00:00,3.097,3.103,3.092,3.094,117240.02
2025-09-07 22:00:00+00:00,3.093,3.101,3.091,3.098,102557.52
2025-09-07 23:00:00+00:00,3.099,3.102,3.094,3.094,52513.29
2025-09-08 00:00:00+00:00,3.094,3.097,3.089,3.089,67974.07
2025-09-08 01:00:00+00:00,3.089,3.093,3.085,3.087,43192.65
2025-09-08 02:00:00+00:00,3.087,3.102,3.084,3.101,72428.1
2025-09-08 03:00:00+00:00,3.101,3.108,3.096,3.099,186847.45
2025-09-08 04:00:00+00:00,3.099,3.102,3.089,3.095,67095.17
2025-09-08 05:00:00+00:00,3.095,3.098,3.088,3.095,89620.7
2025-09-08 06:00:00+00:00,3.095,3.097,3.088,3.094,56781.77
2025-09-08 07:00:00+00:00,3.094,3.1,3.086,3.089,137917.63
2025-09-08 08:00:00+00:00,3.09,3.091,3.081,3.085,201536.66
2025-09-08 09:00:00+00:00,3.086,3.103,3.084,3.097,351101.05
2025-09-08 10:00:00+00:00,3.097,3.111,3.095,3.099,287664.22
2025-09-08 11:00:00+00:00,3.1,3.1,3.08,3.088,368359.0
2025-09-08 12:00:00+00:00,3.089,3.096,3.083,3.089,412200.21
2025-09-08 13:00:00+00:00,3.089,3.1,3.077,3.079,238330.63
2025-09-08 14:00:00+00:00,3.079,3.094,3.077,3.092,209756.4
2025-09-08 15:00:00+00:00,3.092,3.105,3.091,3.103,402564.57
2025-09-08 16:00:00+00:00,3.103,3.104,3.088,3.091,164567.24
2025-09-08 17:00:00+00:00,3.091,3.105,3.086,3.092,138995.0
2025-09-08 18:00:00+00:00,3.092,3.103,3.09,3.102,132992.27
2025-09-08 19:00:00+00:00,3.102,3.106,3.092,3.094,278851.58
2025-09-08 20:00:00+00:00,3.094,3.098,3.088,3.094,119752.0
2025-09-08 21:00:00+00:00,3.094,3.106,3.092,3.102,151255.24
2025-09-08 22:00:00+00:00,3.102,3.109,3.095,3.097,134473.95
2025-09-08 23:00:00+00:00,3.097,3.1,3.093,3.095,81733.55
2025-09-09 00:00:00+00:00,3.096,3.102,3.084,3.085,140007.42
2025-09-09 01:00:00+00:00,3.085,3.095,3.072,3.074,316013.53
2025-09-09 02:00:00+00:00,3.074,3.076,3.065,3.067,157798.34
2025-09-09 03:00:00+00:00,3.067,3.08,3.065,3.078,152461.28
2025-09-09 04:00:00+00:00,3.078,3.092,3.073,3.091,258576.85
2025-09-09 05:00:00+00:00,3.091,3.099,3.083,3.098,180395.29
2025-09-09 06:00:00+00:00,3.099,3.132,3.098,3.119,1207058.29
2025-09-09 07:00:00+00:00,3.12,3.137,3.119,3.135,460195.03
2025-09-09 08:00:00+00:00,3.135,3.149,3.13,3.145,443223.2
2025-09-09 09:00:00+00:00,3.146,3.147,3.131,3.136,425384.02
2025-09-09 10:00:00+00:00,3.137,3.143,3.122,3.123,483739.64
2025-09-09 11:00:00+00:00,3.123,3.133,3.12,3.127,171844.95
2025-09-09 12:00:00+00:00,3.128,3.147,3.122,3.123,360202.77
2025-09-09 13:00:00+00:00,3.123,3.131,3.114,3.117,281496.14
2025-09-09 14:00:00+00:00,3.118,3.124,3.093,3.099,778387.12
2025-09-09 15:00:00+00:00,3.099,3.103,3.072,3.083,425291.07
2025-09-09 16:00:00+00:00,3.083,3.085,3.069,3.08,171891.04
2025-09-09 17:00:00+00:00,3.08,3.094,3.076,3.085,302038.84
2025-09-09 18:00:00+00:00,3.086,3.099,3.084,3.09,241288.37
2025-09-09 19:00:00+00:00,3.09,3.096,3.084,3.092,224968.6
2025-09-09 20:00:00+00:00,3.092,3.094,3.085,3.09,202318.77
2025-09-09 21:00:00+00:00,3.09,3.105,3.085,3.095,214679.58
2025-09-09 22:00:00+00:00,3.095,3.103,3.09,3.099,160664.84
2025-09-09 23:00:00+00:00,3.099,3.104,3.092,3.094,183214.25
2025-09-10 00:00:00+00:00,3.094,3.101,3.087,3.087,198619.12
2025-09-10 01:00:00+00:00,3.088,3.108,3.086,3.094,291256.31
2025-09-10 02:00:00+00:00,3.093,3.11,3.093,3.11,232739.56
2025-09-10 03:00:00+00:00,3.109,3.114,3.104,3.113,175939.69
2025-09-10 04:00:00+00:00,3.113,3.114,3.104,3.112,122498.29
2025-09-10 05:00:00+00:00,3.112,3.113,3.099,3.101,129157.61
2025-09-10 06:00:00+00:00,3.101,3.112,3.097,3.105,147920.55
2025-09-10 07:00:00+00:00,3.105,3.118,3.104,3.111,176778.6
2025-09-10 08:00:00+00:00,3.111,3.122,3.107,3.109,177452.92
2025-09-10 09:00:00+00:00,3.11,3.113,3.1,3.108,114124.83
2025-09-10 10:00:00+00:00,3.108,3.109,3.094,3.096,140616.98
2025-09-10 11:00:00+00:00,3.096,3.105,3.095,3.103,105451.75
2025-09-10 12:00:00+00:00,3.103,3.124,3.101,3.12,405305.21
2025-09-10 13:00:00+00:00,3.12,3.144,3.116,3.139,562538.33
2025-09-10 14:00:00+00:00,3.14,3.161,3.126,3.138,734831.44
2025-09-10 15:00:00+00:00,3.139,3.149,3.118,3.12,580990.39
2025-09-10 16:00:00+00:00,3.121,3.146,3.115,3.146,242266.84
2025-09-10 17:00:00+00:00,3.145,3.149,3.13,3.136,210948.17
2025-09-10 18:00:00+00:00,3.136,3.142,3.127,3.137,144727.84
2025-09-10 19:00:00+00:00,3.137,3.137,3.12,3.128,183425.88
2025-09-10 20:00:00+00:00,3.129,3.138,3.128,3.129,117321.94
2025-09-10 21:00:00+00:00,3.129,3.149,3.129,3.147,152785.1
2025-09-10 22:00:00+00:00,3.146,3.159,3.143,3.158,106420.56
2025-09-10 23:00:00+00:00,3.158,3.172,3.154,3.171,190137.73
2025-09-11 00:00:00+00:00,3.171,3.178,3.161,3.165,241225.75
2025-09-11 01:00:00+00:00,3.165,3.18,3.163,3.176,166614.48
2025-09-11 02:00:00+00:00,3.177,3.194,3.169,3.186,317175.56
2025-09-11 03:00:00+00:00,3.186,3.205,3.184,3.2,363655.39
2025-09-11 04:00:00+00:00,3.201,3.214,3.198,3.207,259778.99
2025-09-11 05:00:00+00:00,3.207,3.228,3.2,3.223,489418.63
2025-09-11 06:00:00+00:00,3.223,3.226,3.206,3.218,239672.19
2025-09-11 07:00:00+00:00,3.218,3.218,3.194,3.199,641341.89
2025-09-11 08:00:00+00:00,3.198,3.208,3.189,3.206,217247.12
2025-09-11 09:00:00+00:00,3.206,3.219,3.206,3.213,223580.35
2025-09-11 10:00:00+00:00,3.213,3.218,3.202,3.207,163929.9
2025-09-11 11:00:00+00:00,3.207,3.209,3.181,3.183,238219.57
2025-09-11 12:00:00+00:00,3.184,3.2,3.162,3.176,859954.16
2025-09-11 13:00:00+00:00,3.177,3.184,3.16,3.184,287737.28
2025-09-11 14:00:00+00:00,3.184,3.185,3.158,3.172,152579.91
2025-09-11 15:00:00+00:00,3.172,3.178,3.162,3.168,181890.05
2025-09-11 16:00:00+00:00,3.168,3.193,3.167,3.19,142469.11
2025-09-11 17:00:00+00:00,3.19,3.194,3.178,3.187,103425.74
2025-09-11 18:00:00+00:00,3.186,3.194,3.184,3.19,69397.84
2025-09-11 19:00:00+00:00,3.19,3.198,3.183,3.183,140268.11
2025-09-11 20:00:00+00:00,3.184,3.186,3.173,3.173,177112.66
2025-09-11 21:00:00+00:00,3.173,3.189,3.172,3.189,81736.13
2025-09-11 22:00:00+00:00,3.19,3.198,3.185,3.191,126031.94
2025-09-11 23:00:00+00:00,3.192,3.196,3.185,3.188,94442.89
2025-09-12 00:00:00+00:00,3.188,3.214,3.183,3.204,247898.87
2025-09-12 01:00:00+00:00,3.204,3.21,3.19,3.192,155769.64
2025-09-12 02:00:00+00:00,3.193,3.199,3.187,3.192,178244.13
2025-09-12 03:00:00+00:00,3.193,3.194,3.179,3.186,110496.09
2025-09-12 04:00:00+00:00,3.186,3.192,3.181,3.192,92893.12
2025-09-12 05:00:00+00:00,3.192,3.206,3.189,3.204,136536.52
2025-09-12 06:00:00+00:00,3.204,3.233,3.199,3.203,532296.59
2025-09-12 07:00:00+00:00,3.203,3.207,3.193,3.198,133708.22
2025-09-12 08:00:00+00:00,3.199,3.2,3.187,3.188,251273.35
2025-09-12 09:00:00+00:00,3.189,3.193,3.183,3.188,121736.65
2025-09-12 10:00:00+00:00,3.188,3.19,3.177,3.189,199143.64
2025-09-12 11:00:00+00:00,3.189,3.204,3.186,3.2,145065.28
2025-09-12 12:00:00+00:00,3.201,3.222,3.196,3.2,295294.9
2025-09-12 13:00:00+00:00,3.2,3.204,3.183,3.193,226174.28
2025-09-12 14:00:00+00:00,3.192,3.199,3.183,3.189,186349.03
2025-09-12 15:00:00+00:00,3.19,3.191,3.17,3.179,273230.65
2025-09-12 16:00:00+00:00,3.18,3.198,3.177,3.198,133761.97
2025-09-12 17:00:00+00:00,3.197,3.206,3.192,3.197,248812.21
2025-09-12 18:00:00+00:00,3.197,3.212,3.197,3.212,238003.25
2025-09-12 19:00:00+00:00,3.212,3.229,3.21,3.223,380870.69
2025-09-12 20:00:00+00:00,3.222,3.223,3.204,3.216,220523.47
2025-09-12 21:00:00+00:00,3.217,3.218,3.207,3.216,159748.33
2025-09-12 22:00:00+00:00,3.217,3.228,3.215,3.217,150838.54
2025-09-12 23:00:00+00:00,3.217,3.222,3.206,3.219,226251.76
2025-09-13 00:00:00+00:00,3.219,3.221,3.21,3.22,232230.78
2025-09-13 01:00:00+00:00,3.219,3.236,3.218,3.229,303787.13
2025-09-13 02:00:00+00:00,3.228,3.236,3.22,3.228,168478.42
2025-09-13 03:00:00+00:00,3.229,3.234,3.214,3.227,346565.54
2025-09-13 04:00:00+00:00,3.226,3.231,3.218,3.226,324454.25
2025-09-13 05:00:00+00:00,3.227,3.232,3.223,3.228,117203.26
2025-09-13 06:00:00+00:00,3.228,3.237,3.22,3.224,150131.15
2025-09-13 07:00:00+00:00,3.223,3.229,3.22,3.223,150326.65
2025-09-13 08:00:00+00:00,3.223,3.247,3.22,3.238,249296.35
2025-09-13 09:00:00+00:00,3.239,3.251,3.238,3.25,318376.03
2025-09-13 10:00:00+00:00,3.251,3.262,3.243,3.248,299021.9
2025-09-13 11:00:00+00:00,3.249,3.263,3.243,3.257,262765.65
2025-09-13 12:00:00+00:00,3.256,3.266,3.251,3.265,214554.15
2025-09-13 13:00:00+00:00,3.266,3.266,3.206,3.234,619104.0
2025-09-13 14:00:00+00:00,3.234,3.242,3.215,3.233,313343.52
2025-09-13 15:00:00+00:00,3.234,3.249,3.217,3.227,354357.85
2025-09-13 16:00:00+00:00,3.227,3.236,3.2,3.211,372015.08
2025-09-13 17:00:00+00:00,3.212,3.215,3.183,3.21,380245.73
2025-09-13 18:00:00+00:00,3.21,3.215,3.198,3.215,130996.98
2025-09-13 19:00:00+00:00,3.215,3.22,3.209,3.218,109195.75
2025-09-13 20:00:00+00:00,3.217,3.228,3.217,3.224,109072.08
2025-09-13 21:00:00+00:00,3.225,3.233,3.223,3.227,128498.96
2025-09-13 22:00:00+00:00,3.227,3.232,3.222,3.227,42623.03
2025-09-13 23:00:00+00:00,3.226,3.234,3.222,3.227,150627.14
2025-09-14 00:00:00+00:00,3.227,3.231,3.215,3.22,74324.1
2025-09-14 01:00:00+00:00,3.22,3.236,3.211,3.236,112615.41
2025-09-14 02:00:00+00:00,3.236,3.245,3.232,3.234,101942.38
2025-09-14 03:00:00+00:00,3.234,3.237,3.219,3.221,79015.14
2025-09-14 04:00:00+00:00,3.22,3.226,3.207,3.221,134357.87
2025-09-14 05:00:00+00:00,3.221,3.247,3.22,3.247,123778.32
2025-09-14 06:00:00+00:00,3.247,3.248,3.233,3.247,176927.8
2025-09-14 07:00:00+00:00,3.247,3.248,3.233,3.239,102489.36
2025-09-14 08:00:00+00:00,3.239,3.24,3.224,3.225,218115.97
2025-09-14 09:00:00+00:00,3.224,3.243,3.22,3.24,87885.17
2025-09-14 10:00:00+00:00,3.24,3.244,3.231,3.232,73888.5
2025-09-14 11:00:00+00:00,3.232,3.236,3.193,3.2,271744.21
2025-09-14 12:00:00+00:00,3.2,3.211,3.184,3.193,119972.09
2025-09-14 13:00:00+00:00,3.193,3.201,3.154,3.165,451455.26
2025-09-14 14:00:00+00:00,3.166,3.182,3.138,3.153,584576.28
2025-09-14 15:00:00+00:00,3.151,3.171,3.144,3.161,180565.51
2025-09-14 16:00:00+00:00,3.159,3.179,3.157,3.173,181587.04
2025-09-14 17:00:00+00:00,3.174,3.188,3.171,3.18,116221.68
2025-09-14 18:00:00+00:00,3.18,3.182,3.172,3.177,117487.81
2025-09-14 19:00:00+00:00,3.177,3.189,3.172,3.181,94144.6
2025-09-14 20:00:00+00:00,3.18,3.191,3.178,3.182,66784.2
2025-09-14 21:00:00+00:00,3.183,3.2,3.176,3.194,112352.33
2025-09-14 22:00:00+00:00,3.195,3.203,3.186,3.198,109292.72
2025-09-14 23:00:00+00:00,3.198,3.198,3.174,3.18,73880.38
2025-09-15 00:00:00+00:00,3.18,3.199,3.179,3.189,123718.42
2025-09-15 01:00:00+00:00,3.189,3.2,3.17,3.196,178623.01
2025-09-15 02:00:00+00:00,3.197,3.204,3.193,3.198,109908.06
2025-09-15 03:00:00+00:00,3.199,3.22,3.193,3.213,295198.63
2025-09-15 04:00:00+00:00,3.213,3.217,3.203,3.212,133762.41
2025-09-15 05:00:00+00:00,3.213,3.225,3.211,3.222,161545.26
2025-09-15 06:00:00+00:00,3.222,3.222,3.172,3.185,477431.29
2025-09-15 07:00:00+00:00,3.184,3.194,3.164,3.173,266605.12
2025-09-15 08:00:00+00:00,3.174,3.174,3.125,3.131,582301.82
2025-09-15 09:00:00+00:00,3.131,3.159,3.127,3.158,266612.92
2025-09-15 10:00:00+00:00,3.158,3.16,3.145,3.157,122258.03
2025-09-15 11:00:00+00:00,3.157,3.16,3.146,3.153,121404.43
2025-09-15 12:00:00+00:00,3.153,3.159,3.141,3.144,206155.37
2025-09-15 13:00:00+00:00,3.144,3.163,3.141,3.148,186336.17
2025-09-15 14:00:00+00:00,3.149,3.152,3.134,3.141,166469.17
2025-09-15 15:00:00+00:00,3.141,3.148,3.114,3.132,335336.69
2025-09-15 16:00:00+00:00,3.131,3.141,3.117,3.125,161030.73
2025-09-15 17:00:00+00:00,3.126,3.141,3.125,3.141,82877.54
2025-09-15 18:00:00+00:00,3.141,3.148,3.133,3.145,148497.56
2025-09-15 19:00:00+00:00,3.145,3.15,3.132,3.144,82687.57
2025-09-15 20:00:00+00:00,3.144,3.153,3.141,3.151,82386.59
2025-09-15 21:00:00+00:00,3.152,3.158,3.149,3.156,68039.75
2025-09-15 22:00:00+00:00,3.157,3.159,3.148,3.153,60190.36
2025-09-15 23:00:00+00:00,3.153,3.157,3.148,3.156,61058.78
2025-09-16 00:00:00+00:00,3.156,3.158,3.143,3.148,69697.76
2025-09-16 01:00:00+00:00,3.148,3.157,3.141,3.141,53265.39
2025-09-16 02:00:00+00:00,3.142,3.151,3.137,3.137,66365.96
2025-09-16 03:00:00+00:00,3.137,3.146,3.135,3.137,69278.42
2025-09-16 04:00:00+00:00,3.138,3.144,3.125,3.144,91601.5
2025-09-16 05:00:00+00:00,3.144,3.153,3.142,3.153,77688.81
2025-09-16 06:00:00+00:00,3.153,3.169,3.153,3.165,276499.9
2025-09-16 07:00:00+00:00,3.165,3.172,3.163,3.171,76873.85
2025-09-16 08:00:00+00:00,3.171,3.179,3.15,3.171,277530.85
2025-09-16 09:00:00+00:00,3.17,3.183,3.167,3.182,135083.52
2025-09-16 10:00:00+00:00,3.182,3.189,3.177,3.187,276781.31
2025-09-16 11:00:00+00:00,3.187,3.187,3.177,3.184,204576.26
2025-09-16 12:00:00+00:00,3.185,3.186,3.169,3.177,193542.73
2025-09-16 13:00:00+00:00,3.176,3.188,3.158,3.176,294781.56
2025-09-16 14:00:00+00:00,3.177,3.177,3.154,3.17,205409.98
2025-09-16 15:00:00+00:00,3.169,3.181,3.159,3.18,224863.26
2025-09-16 16:00:00+00:00,3.181,3.186,3.172,3.174,176731.28
2025-09-16 17:00:00+00:00,3.174,3.194,3.173,3.183,199612.34
2025-09-16 18:00:00+00:00,3.183,3.189,3.172,3.175,80393.26
2025-09-16 19:00:00+00:00,3.175,3.179,3.17,3.176,112240.16
2025-09-16 20:00:00+00:00,3.176,3.182,3.173,3.181,120106.48
2025-09-16 21:00:00+00:00,3.182,3.182,3.171,3.175,165894.45
2025-09-16 22:00:00+00:00,3.175,3.177,3.165,3.167,84499.91
2025-09-16 23:00:00+00:00,3.168,3.169,3.154,3.156,77755.28
2025-09-17 00:00:00+00:00,3.157,3.161,3.152,3.155,69173.22
2025-09-17 01:00:00+00:00,3.155,3.161,3.148,3.153,93233.02
2025-09-17 02:00:00+00:00,3.153,3.164,3.149,3.154,167498.85
2025-09-17 03:00:00+00:00,3.154,3.156,3.14,3.141,170880.98
2025-09-17 04:00:00+00:00,3.142,3.145,3.129,3.134,247080.44
2025-09-17 05:00:00+00:00,3.135,3.146,3.132,3.144,269848.19
2025-09-17 06:00:00+00:00,3.144,3.151,3.136,3.148,835279.37
2025-09-17 07:00:00+00:00,3.147,3.154,3.139,3.146,836816.41
2025-09-17 08:00:00+00:00,3.146,3.148,3.13,3.139,298187.99
2025-09-17 09:00:00+00:00,3.138,3.145,3.136,3.137,180633.08
2025-09-17 10:00:00+00:00,3.138,3.14,3.13,3.133,108489.83
2025-09-17 11:00:00+00:00,3.133,3.142,3.131,3.132,169272.72
2025-09-17 12:00:00+00:00,3.132,3.138,3.129,3.132,94765.78
2025-09-17 13:00:00+00:00,3.132,3.136,3.129,3.131,97333.04
2025-09-17 14:00:00+00:00,3.131,3.135,3.118,3.118,161995.97
2025-09-17 15:00:00+00:00,3.118,3.121,3.097,3.103,264833.27
2025-09-17 16:00:00+00:00,3.103,3.108,3.06,3.082,581406.4
2025-09-17 17:00:00+00:00,3.082,3.098,3.065,3.068,513599.76
2025-09-17 18:00:00+00:00,3.066,3.103,3.052,3.067,991898.14
2025-09-17 19:00:00+00:00,3.068,3.102,3.067,3.102,237596.24
2025-09-17 20:00:00+00:00,3.101,3.114,3.08,3.083,172096.06
2025-09-17 21:00:00+00:00,3.082,3.118,3.07,3.109,260172.78
2025-09-17 22:00:00+00:00,3.109,3.141,3.108,3.136,245563.15
2025-09-17 23:00:00+00:00,3.135,3.147,3.128,3.129,225613.68
2025-09-18 00:00:00+00:00,3.13,3.139,3.118,3.121,184604.86
2025-09-18 01:00:00+00:00,3.121,3.144,3.119,3.14,117529.68
2025-09-18 02:00:00+00:00,3.14,3.147,3.131,3.146,142369.93
2025-09-18 03:00:00+00:00,3.146,3.164,3.145,3.161,297189.79
2025-09-18 04:00:00+00:00,3.161,3.171,3.152,3.156,239741.11
2025-09-18 05:00:00+00:00,3.155,3.156,3.132,3.139,237576.96
2025-09-18 06:00:00+00:00,3.139,3.142,3.117,3.128,191858.12
2025-09-18 07:00:00+00:00,3.129,3.135,3.125,3.131,79469.11
2025-09-18 08:00:00+00:00,3.13,3.142,3.126,3.142,144409.81
2025-09-18 09:00:00+00:00,3.141,3.159,3.137,3.15,360312.25
2025-09-18 10:00:00+00:00,3.151,3.155,3.137,3.145,222408.32
2025-09-18 11:00:00+00:00,3.145,3.153,3.143,3.149,98536.95
2025-09-18 12:00:00+00:00,3.149,3.155,3.135,3.142,139497.84
2025-09-18 13:00:00+00:00,3.142,3.161,3.138,3.155,229764.95
2025-09-18 14:00:00+00:00,3.155,3.164,3.15,3.155,158171.47
2025-09-18 15:00:00+00:00,3.155,3.161,3.15,3.154,382340.09
2025-09-18 16:00:00+00:00,3.155,3.161,3.152,3.155,196017.74
2025-09-18 17:00:00+00:00,3.156,3.171,3.152,3.166,239593.69
2025-09-18 18:00:00+00:00,3.166,3.178,3.164,3.176,264600.49
2025-09-18 19:00:00+00:00,3.175,3.178,3.156,3.165,250434.92
2025-09-18 20:00:00+00:00,3.165,3.178,3.163,3.176,133781.92
2025-09-18 21:00:00+00:00,3.177,3.182,3.163,3.175,176090.99
2025-09-18 22:00:00+00:00,3.175,3.177,3.156,3.158,143871.11
2025-09-18 23:00:00+00:00,3.157,3.162,3.146,3.159,152266.78
2025-09-19 00:00:00+00:00,3.158,3.18,3.156,3.179,233695.04
2025-09-19 01:00:00+00:00,3.18,3.196,3.173,3.192,312587.16
2025-09-19 02:00:00+00:00,3.192,3.195,3.172,3.181,158489.51
2025-09-19 03:00:00+00:00,3.181,3.2,3.161,3.168,486899.42
2025-09-19 04:00:00+00:00,3.169,3.188,3.154,3.187,234102.36
2025-09-19 05:00:00+00:00,3.186,3.189,3.171,3.176,276546.33
2025-09-19 06:00:00+00:00,3.175,3.18,3.155,3.156,130324.64
2025-09-19 07:00:00+00:00,3.155,3.167,3.15,3.153,133790.17
2025-09-19 08:00:00+00:00,3.153,3.16,3.141,3.147,127742.73
2025-09-19 09:00:00+00:00,3.146,3.156,3.128,3.133,211318.08
2025-09-19 10:00:00+00:00,3.132,3.137,3.124,3.132,286136.86
2025-09-19 11:00:00+00:00,3.132,3.133,3.114,3.122,236118.73
2025-09-19 12:00:00+00:00,3.122,3.134,3.117,3.127,127990.36
2025-09-19 13:00:00+00:00,3.127,3.144,3.124,3.135,109393.19
2025-09-19 14:00:00+00:00,3.135,3.143,3.115,3.126,177931.72
2025-09-19 15:00:00+00:00,3.125,3.127,3.098,3.117,369180.65
2025-09-19 16:00:00+00:00,3.117,3.127,3.113,3.121,132501.08
2025-09-19 17:00:00+00:00,3.122,3.124,3.113,3.116,123918.24
2025-09-19 18:00:00+00:00,3.116,3.125,3.113,3.119,124644.42
2025-09-19 19:00:00+00:00,3.118,3.125,3.113,3.113,143835.79
2025-09-19 20:00:00+00:00,3.113,3.124,3.113,3.115,83646.42
2025-09-19 21:00:00+00:00,3.115,3.121,3.114,3.117,82183.91
2025-09-19 22:00:00+00:00,3.117,3.117,3.113,3.113,177655.81
2025-09-19 23:00:00+00:00,3.113,3.115,3.097,3.108,864642.88
2025-09-20 00:00:00+00:00,3.107,3.116,3.102,3.116,75590.34
2025-09-20 01:00:00+00:00,3.115,3.115,3.097,3.103,76028.52
2025-09-20 02:00:00+00:00,3.102,3.102,3.085,3.099,126745.01
2025-09-20 03:00:00+00:00,3.098,3.1,3.091,3.098,35008.04
2025-09-20 04:00:00+00:00,3.098,3.105,3.094,3.101,77340.57
2025-09-20 05:00:00+00:00,3.101,3.103,3.095,3.099,101043.78
2025-09-20 06:00:00+00:00,3.099,3.102,3.09,3.101,106885.68
2025-09-20 07:00:00+00:00,3.101,3.108,3.094,3.106,86824.24
2025-09-20 08:00:00+00:00,3.107,3.107,3.086,3.086,194365.25
2025-09-20 09:00:00+00:00,3.086,3.096,3.082,3.087,123622.32
2025-09-20 10:00:00+00:00,3.087,3.095,3.085,3.088,86853.79
2025-09-20 11:00:00+00:00,3.088,3.099,3.086,3.093,123097.64
2025-09-20 12:00:00+00:00,3.093,3.096,3.088,3.092,55333.79
2025-09-20 13:00:00+00:00,3.092,3.096,3.088,3.094,70382.59
2025-09-20 14:00:00+00:00,3.093,3.105,3.086,3.102,76077.55
2025-09-20 15:00:00+00:00,3.102,3.112,3.102,3.106,148080.49
2025-09-20 16:00:00+00:00,3.105,3.11,3.098,3.105,89929.11
2025-09-20 17:00:00+00:00,3.105,3.106,3.089,3.092,60024.64
2025-09-20 18:00:00+00:00,3.091,3.093,3.084,3.089,76988.58
2025-09-20 19:00:00+00:00,3.089,3.095,3.088,3.091,37846.92
2025-09-20 20:00:00+00:00,3.091,3.098,3.089,3.096,44828.54
2025-09-20 21:00:00+00:00,3.095,3.102,3.093,3.093,91294.57
2025-09-20 22:00:00+00:00,3.093,3.096,3.084,3.094,82523.45
2025-09-20 23:00:00+00:00,3.093,3.096,3.088,3.091,78702.69
2025-09-21 00:00:00+00:00,3.091,3.093,3.082,3.089,122905.37
2025-09-21 01:00:00+00:00,3.089,3.096,3.084,3.088,93831.53
2025-09-21 02:00:00+00:00,3.088,3.095,3.084,3.092,83287.66
2025-09-21 03:00:00+00:00,3.092,3.093,3.088,3.092,90369.45
2025-09-21 04:00:00+00:00,3.093,3.095,3.086,3.088,63623.78
2025-09-21 05:00:00+00:00,3.087,3.09,3.077,3.09,107241.35
2025-09-21 06:00:00+00:00,3.091,3.092,3.081,3.082,138442.74
2025-09-21 07:00:00+00:00,3.081,3.087,3.079,3.082,124785.61
2025-09-21 08:00:00+00:00,3.083,3.085,3.069,3.072,177671.69
2025-09-21 09:00:00+00:00,3.072,3.073,3.056,3.071,204069.04
2025-09-21 10:00:00+00:00,3.07,3.075,3.067,3.07,88852.44
2025-09-21 11:00:00+00:00,3.07,3.078,3.067,3.07,120102.47
2025-09-21 12:00:00+00:00,3.069,3.078,3.067,3.07,121933.8
2025-09-21 13:00:00+00:00,3.07,3.077,3.069,3.074,87853.39
2025-09-21 14:00:00+00:00,3.075,3.077,3.066,3.067,72297.21
2025-09-21 15:00:00+00:00,3.066,3.071,3.062,3.062,111463.6
2025-09-21 16:00:00+00:00,3.062,3.069,3.044,3.049,299162.3
2025-09-21 17:00:00+00:00,3.048,3.065,3.044,3.065,134126.13
2025-09-21 18:00:00+00:00,3.065,3.071,3.062,3.07,152151.56
2025-09-21 19:00:00+00:00,3.07,3.073,3.058,3.073,105549.8
2025-09-21 20:00:00+00:00,3.072,3.081,3.068,3.077,90618.65
2025-09-21 21:00:00+00:00,3.077,3.085,3.073,3.074,119787.82
2025-09-21 22:00:00+00:00,3.074,3.08,3.065,3.078,78133.75
2025-09-21 23:00:00+00:00,3.077,3.077,3.064,3.065,72518.41
2025-09-22 00:00:00+00:00,3.065,3.084,3.016,3.029,806187.51
2025-09-22 01:00:00+00:00,3.029,3.049,3.022,3.032,348034.74
2025-09-22 02:00:00+00:00,3.032,3.038,2.961,2.987,1506664.18
2025-09-22 03:00:00+00:00,2.987,2.994,2.977,2.983,260428.49
2025-09-22 04:00:00+00:00,2.983,2.995,2.974,2.992,173286.91
2025-09-22 05:00:00+00:00,2.991,2.994,2.944,2.946,282860.23
2025-09-22 06:00:00+00:00,2.947,2.95,2.581,2.823,7683330.93
2025-09-22 07:00:00+00:00,2.823,2.838,2.788,2.796,1125676.22
2025-09-22 08:00:00+00:00,2.797,2.829,2.78,2.816,573093.76
2025-09-22 09:00:00+00:00,2.816,2.831,2.8,2.81,793629.73
2025-09-22 10:00:00+00:00,2.81,2.837,2.806,2.837,428809.07
2025-09-22 11:00:00+00:00,2.836,2.839,2.82,2.821,429870.97
2025-09-22 12:00:00+00:00,2.822,2.847,2.817,2.847,220286.62
2025-09-22 13:00:00+00:00,2.847,2.862,2.834,2.861,371426.57
2025-09-22 14:00:00+00:00,2.86,2.862,2.827,2.833,307758.96
2025-09-22 15:00:00+00:00,2.832,2.836,2.814,2.826,540171.68
2025-09-22 16:00:00+00:00,2.826,2.832,2.798,2.803,411158.7
2025-09-22 17:00:00+00:00,2.803,2.806,2.762,2.784,582732.08
2025-09-22 18:00:00+00:00,2.784,2.79,2.771,2.773,220712.11
2025-09-22 19:00:00+00:00,2.772,2.787,2.754,2.759,632182.15
2025-09-22 20:00:00+00:00,2.759,2.799,2.757,2.795,229872.8
2025-09-22 21:00:00+00:00,2.795,2.808,2.792,2.807,145535.82
2025-09-22 22:00:00+00:00,2.806,2.811,2.798,2.806,112727.65
2025-09-22 23:00:00+00:00,2.806,2.808,2.799,2.805,86081.32
2025-09-23 00:00:00+00:00,2.806,2.811,2.785,2.787,197910.0
2025-09-23 01:00:00+00:00,2.787,2.793,2.77,2.771,227994.62
2025-09-23 02:00:00+00:00,2.771,2.78,2.757,2.758,195121.07
2025-09-23 03:00:00+00:00,2.758,2.807,2.75,2.802,468833.94
2025-09-23 04:00:00+00:00,2.802,2.805,2.783,2.788,269475.01
2025-09-23 05:00:00+00:00,2.788,2.803,2.78,2.799,180897.61
2025-09-23 06:00:00+00:00,2.798,2.82,2.797,2.816,417236.04
2025-09-23 07:00:00+00:00,2.815,2.826,2.808,2.819,276367.36
2025-09-23 08:00:00+00:00,2.818,2.828,2.815,2.826,385401.97
2025-09-23 09:00:00+00:00,2.826,2.832,2.811,2.816,399568.46
2025-09-23 10:00:00+00:00,2.817,2.828,2.814,2.826,104359.26
2025-09-23 11:00:00+00:00,2.827,2.83,2.814,2.822,208397.48
2025-09-23 12:00:00+00:00,2.821,2.828,2.814,2.823,128671.94
2025-09-23 13:00:00+00:00,2.823,2.832,2.818,2.826,203364.44
2025-09-23 14:00:00+00:00,2.826,2.839,2.817,2.818,287720.18
2025-09-23 15:00:00+00:00,2.818,2.832,2.807,2.825,259192.46
2025-09-23 16:00:00+00:00,2.824,2.846,2.813,2.838,303548.91
2025-09-23 17:00:00+00:00,2.837,2.842,2.803,2.81,664706.37
2025-09-23 18:00:00+00:00,2.81,2.823,2.805,2.808,168652.41
2025-09-23 19:00:00+00:00,2.809,2.826,2.799,2.806,183870.08
2025-09-23 20:00:00+00:00,2.806,2.817,2.802,2.817,102541.26
2025-09-23 21:00:00+00:00,2.817,2.827,2.811,2.826,73251.67
2025-09-23 22:00:00+00:00,2.826,2.828,2.814,2.818,47474.1
2025-09-23 23:00:00+00:00,2.819,2.819,2.803,2.808,111283.94
2025-09-24 00:00:00+00:00,2.809,2.835,2.808,2.828,156206.38
2025-09-24 01:00:00+00:00,2.828,2.84,2.824,2.836,116179.88
2025-09-24 02:00:00+00:00,2.836,2.837,2.821,2.829,142484.8
2025-09-24 03:00:00+00:00,2.83,2.836,2.801,2.802,184022.62
2025-09-24 04:00:00+00:00,2.802,2.82,2.771,2.809,515428.67
2025-09-24 05:00:00+00:00,2.808,2.844,2.806,2.842,251213.43
2025-09-24 06:00:00+00:00,2.843,2.843,2.826,2.838,170054.31
2025-09-24 07:00:00+00:00,2.838,2.839,2.829,2.835,115232.2
2025-09-24 08:00:00+00:00,2.836,2.838,2.82,2.823,142548.12
2025-09-24 09:00:00+00:00,2.824,2.831,2.817,2.828,120424.78
2025-09-24 10:00:00+00:00,2.828,2.83,2.811,2.822,142239.84
2025-09-24 11:00:00+00:00,2.821,2.834,2.818,2.832,116724.93
2025-09-24 12:00:00+00:00,2.832,2.835,2.824,2.831,89037.43
2025-09-24 13:00:00+00:00,2.831,2.837,2.821,2.821,141435.65
2025-09-24 14:00:00+00:00,2.821,2.848,2.821,2.843,194989.44
2025-09-24 15:00:00+00:00,2.844,2.846,2.83,2.832,189424.64
2025-09-24 16:00:00+00:00,2.832,2.84,2.825,2.827,149115.84
2025-09-24 17:00:00+00:00,2.826,2.84,2.823,2.831,73031.76
2025-09-24 18:00:00+00:00,2.831,2.833,2.825,2.829,74137.06
2025-09-24 19:00:00+00:00,2.828,2.834,2.825,2.832,68377.04
2025-09-24 20:00:00+00:00,2.833,2.836,2.822,2.833,104763.96
2025-09-24 21:00:00+00:00,2.832,2.836,2.826,2.827,177445.68
2025-09-24 22:00:00+00:00,2.827,2.833,2.82,2.824,67892.47
2025-09-24 23:00:00+00:00,2.824,2.827,2.812,2.817,84120.82
2025-09-25 00:00:00+00:00,2.817,2.823,2.8,2.803,115241.39
2025-09-25 01:00:00+00:00,2.803,2.807,2.787,2.79,170452.8
2025-09-25 02:00:00+00:00,2.789,2.824,2.782,2.815,452590.75
2025-09-25 03:00:00+00:00,2.815,2.815,2.784,2.799,174140.09
2025-09-25 04:00:00+00:00,2.798,2.807,2.765,2.777,295717.84
2025-09-25 05:00:00+00:00,2.776,2.796,2.767,2.788,173366.97
2025-09-25 06:00:00+00:00,2.788,2.791,2.771,2.775,148015.89
2025-09-25 07:00:00+00:00,2.775,2.797,2.774,2.787,142827.6
2025-09-25 08:00:00+00:00,2.787,2.796,2.774,2.779,98825.44
2025-09-25 09:00:00+00:00,2.78,2.795,2.774,2.776,222373.39
2025-09-25 10:00:00+00:00,2.775,2.791,2.772,2.773,91008.36
2025-09-25 11:00:00+00:00,2.772,2.777,2.753,2.759,189262.77
2025-09-25 12:00:00+00:00,2.758,2.768,2.719,2.752,647770.04
2025-09-25 13:00:00+00:00,2.752,2.771,2.737,2.759,421794.23
2025-09-25 14:00:00+00:00,2.759,2.785,2.759,2.771,269137.93
2025-09-25 15:00:00+00:00,2.771,2.771,2.75,2.761,195721.24
2025-09-25 16:00:00+00:00,2.762,2.77,2.728,2.731,255858.23
2025-09-25 17:00:00+00:00,2.731,2.731,2.652,2.658,1166537.06
2025-09-25 18:00:00+00:00,2.659,2.717,2.615,2.717,852646.42
2025-09-25 19:00:00+00:00,2.717,2.737,2.708,2.712,298265.85
2025-09-25 20:00:00+00:00,2.712,2.714,2.691,2.696,188263.98
2025-09-25 21:00:00+00:00,2.696,2.715,2.685,2.705,156500.09
2025-09-25 22:00:00+00:00,2.704,2.711,2.675,2.678,101262.63
2025-09-25 23:00:00+00:00,2.678,2.685,2.648,2.661,306374.86
2025-09-26 00:00:00+00:00,2.662,2.704,2.66,2.702,176421.29
2025-09-26 01:00:00+00:00,2.701,2.708,2.691,2.695,206122.66
2025-09-26 02:00:00+00:00,2.695,2.704,2.677,2.68,154959.75
2025-09-26 03:00:00+00:00,2.679,2.682,2.657,2.667,204404.35
2025-09-26 04:00:00+00:00,2.668,2.679,2.657,2.665,242045.83
2025-09-26 05:00:00+00:00,2.665,2.684,2.654,2.664,566495.32
2025-09-26 06:00:00+00:00,2.663,2.681,2.653,2.667,316939.01
2025-09-26 07:00:00+00:00,2.666,2.68,2.656,2.675,207379.73
2025-09-26 08:00:00+00:00,2.674,2.686,2.672,2.674,469440.11
2025-09-26 09:00:00+00:00,2.675,2.681,2.662,2.671,458340.9
2025-09-26 10:00:00+00:00,2.671,2.673,2.645,2.651,348524.69
2025-09-26 11:00:00+00:00,2.651,2.674,2.639,2.667,224534.35
2025-09-26 12:00:00+00:00,2.667,2.696,2.649,2.691,557127.66
2025-09-26 13:00:00+00:00,2.69,2.722,2.682,2.717,455820.0
2025-09-26 14:00:00+00:00,2.718,2.72,2.7,2.71,198739.11
2025-09-26 15:00:00+00:00,2.711,2.731,2.709,2.721,161877.82
2025-09-26 16:00:00+00:00,2.721,2.74,2.719,2.739,172363.44
2025-09-26 17:00:00+00:00,2.738,2.756,2.733,2.756,157970.35
2025-09-26 18:00:00+00:00,2.756,2.771,2.754,2.767,171994.04
2025-09-26 19:00:00+00:00,2.766,2.768,2.736,2.746,242223.1
2025-09-26 20:00:00+00:00,2.746,2.753,2.737,2.742,83032.43
2025-09-26 21:00:00+00:00,2.742,2.751,2.731,2.75,120827.07
2025-09-26 22:00:00+00:00,2.75,2.756,2.744,2.745,74358.71
2025-09-26 23:00:00+00:00,2.745,2.746,2.739,2.744,50081.66
2025-09-27 00:00:00+00:00,2.744,2.746,2.73,2.738,128853.22
2025-09-27 01:00:00+00:00,2.738,2.739,2.721,2.726,125036.49
2025-09-27 02:00:00+00:00,2.727,2.728,2.718,2.722,40611.97
2025-09-27 03:00:00+00:00,2.722,2.736,2.721,2.726,64537.06
2025-09-27 04:00:00+00:00,2.726,2.727,2.718,2.726,91542.72
2025-09-27 05:00:00+00:00,2.726,2.731,2.718,2.728,86936.69
2025-09-27 06:00:00+00:00,2.727,2.732,2.723,2.731,45860.9
2025-09-27 07:00:00+00:00,2.732,2.739,2.726,2.728,75564.85
2025-09-27 08:00:00+00:00,2.727,2.731,2.717,2.718,121456.98
2025-09-27 09:00:00+00:00,2.718,2.726,2.71,2.726,138179.52
2025-09-27 10:00:00+00:00,2.725,2.726,2.711,2.716,248055.62
2025-09-27 11:00:00+00:00,2.716,2.717,2.704,2.709,142494.98
2025-09-27 12:00:00+00:00,2.71,2.719,2.701,2.714,129518.26
2025-09-27 13:00:00+00:00,2.713,2.714,2.69,2.693,174454.34
2025-09-27 14:00:00+00:00,2.693,2.697,2.686,2.692,180026.95
2025-09-27 15:00:00+00:00,2.691,2.705,2.683,2.704,158347.68
2025-09-27 16:00:00+00:00,2.704,2.705,2.691,2.7,123012.87
2025-09-27 17:00:00+00:00,2.701,2.705,2.692,2.705,162172.31
2025-09-27 18:00:00+00:00,2.705,2.708,2.699,2.704,70256.47
2025-09-27 19:00:00+00:00,2.705,2.707,2.694,2.703,146732.79
2025-09-27 20:00:00+00:00,2.703,2.713,2.702,2.713,93326.43
2025-09-27 21:00:00+00:00,2.713,2.722,2.708,2.717,112062.86
2025-09-27 22:00:00+00:00,2.717,2.731,2.717,2.718,146813.15
2025-09-27 23:00:00+00:00,2.719,2.72,2.708,2.708,88961.72
2025-09-28 00:00:00+00:00,2.709,2.712,2.698,2.7,128729.24
2025-09-28 01:00:00+00:00,2.7,2.702,2.683,2.685,200907.73
2025-09-28 02:00:00+00:00,2.684,2.689,2.68,2.685,70571.8
2025-09-28 03:00:00+00:00,2.685,2.688,2.677,2.686,87459.23
2025-09-28 04:00:00+00:00,2.686,2.69,2.682,2.687,71451.41
2025-09-28 05:00:00+00:00,2.686,2.691,2.677,2.679,65024.83
2025-09-28 06:00:00+00:00,2.68,2.687,2.673,2.687,135224.14
2025-09-28 07:00:00+00:00,2.686,2.698,2.682,2.69,144336.6
2025-09-28 08:00:00+00:00,2.691,2.694,2.676,2.68,103069.73
2025-09-28 09:00:00+00:00,2.68,2.687,2.672,2.672,145066.93
2025-09-28 10:00:00+00:00,2.672,2.677,2.667,2.672,111255.8
2025-09-28 11:00:00+00:00,2.672,2.677,2.66,2.667,392756.3
2025-09-28 12:00:00+00:00,2.666,2.668,2.655,2.666,148427.34
2025-09-28 13:00:00+00:00,2.666,2.696,2.665,2.693,168603.6
2025-09-28 14:00:00+00:00,2.694,2.697,2.687,2.694,133833.78
2025-09-28 15:00:00+00:00,2.694,2.699,2.69,2.696,92287.79
2025-09-28 16:00:00+00:00,2.696,2.71,2.693,2.7,114577.29
2025-09-28 17:00:00+00:00,2.7,2.71,2.692,2.7,207471.67
2025-09-28 18:00:00+00:00,2.699,2.701,2.692,2.696,55567.08
2025-09-28 19:00:00+00:00,2.697,2.698,2.687,2.692,101616.93
2025-09-28 20:00:00+00:00,2.693,2.706,2.692,2.701,111395.44
2025-09-28 21:00:00+00:00,2.702,2.707,2.692,2.698,67865.14
2025-09-28 22:00:00+00:00,2.699,2.723,2.699,2.719,167740.62
2025-09-28 23:00:00+00:00,2.72,2.726,2.718,2.723,81595.92
2025-09-29 00:00:00+00:00,2.722,2.725,2.712,2.714,113478.4
2025-09-29 01:00:00+00:00,2.714,2.717,2.707,2.708,62735.98
2025-09-29 02:00:00+00:00,2.708,2.714,2.702,2.711,97964.08
2025-09-29 03:00:00+00:00,2.711,2.716,2.707,2.713,71534.23
2025-09-29 04:00:00+00:00,2.712,2.714,2.704,2.707,154729.64
2025-09-29 05:00:00+00:00,2.708,2.71,2.7,2.71,127780.44
2025-09-29 06:00:00+00:00,2.71,2.711,2.694,2.694,191108.41
2025-09-29 07:00:00+00:00,2.694,2.704,2.69,2.7,95017.05
2025-09-29 08:00:00+00:00,2.7,2.709,2.695,2.705,116756.13
2025-09-29 09:00:00+00:00,2.705,2.706,2.686,2.688,171387.05
2025-09-29 10:00:00+00:00,2.688,2.692,2.678,2.68,145887.21
2025-09-29 11:00:00+00:00,2.68,2.687,2.671,2.682,121730.93
2025-09-29 12:00:00+00:00,2.682,2.688,2.668,2.67,105576.01
2025-09-29 13:00:00+00:00,2.67,2.704,2.663,2.699,247653.84
2025-09-29 14:00:00+00:00,2.699,2.722,2.698,2.721,321110.14
2025-09-29 15:00:00+00:00,2.721,2.728,2.679,2.687,779962.95
2025-09-29 16:00:00+00:00,2.687,2.692,2.668,2.67,266552.86
2025-09-29 17:00:00+00:00,2.67,2.682,2.662,2.679,132894.94
2025-09-29 18:00:00+00:00,2.679,2.68,2.671,2.677,105474.66
2025-09-29 19:00:00+00:00,2.678,2.697,2.676,2.697,115847.39
2025-09-29 20:00:00+00:00,2.696,2.714,2.693,2.712,214617.65
2025-09-29 21:00:00+00:00,2.712,2.717,2.708,2.712,108207.53
2025-09-29 22:00:00+00:00,2.713,2.713,2.703,2.706,83694.98
2025-09-29 23:00:00+00:00,2.706,2.706,2.698,2.698,53474.79
2025-09-30 00:00:00+00:00,2.698,2.701,2.677,2.68,168444.44
2025-09-30 01:00:00+00:00,2.68,2.686,2.665,2.675,152782.97
2025-09-30 02:00:00+00:00,2.675,2.677,2.668,2.668,127655.53
2025-09-30 03:00:00+00:00,2.667,2.684,2.666,2.668,128192.9
2025-09-30 04:00:00+00:00,2.668,2.673,2.664,2.666,85176.86
2025-09-30 05:00:00+00:00,2.666,2.669,2.655,2.66,176374.17
2025-09-30 06:00:00+00:00,2.66,2.669,2.658,2.659,229014.11
2025-09-30 07:00:00+00:00,2.659,2.664,2.645,2.655,322504.45
2025-09-30 08:00:00+00:00,2.654,2.656,2.642,2.642,192658.12
2025-09-30 09:00:00+00:00,2.642,2.652,2.636,2.64,183098.1
2025-09-30 10:00:00+00:00,2.639,2.642,2.624,2.626,208764.74
2025-09-30 11:00:00+00:00,2.626,2.636,2.618,2.628,145409.37
2025-09-30 12:00:00+00:00,2.628,2.636,2.623,2.629,198095.18
2025-09-30 13:00:00+00:00,2.63,2.657,2.629,2.648,441070.17
2025-09-30 14:00:00+00:00,2.648,2.65,2.637,2.644,262551.08
2025-09-30 15:00:00+00:00,2.645,2.65,2.61,2.624,893626.68
2025-09-30 16:00:00+00:00,2.624,2.634,2.619,2.623,195132.47
2025-09-30 17:00:00+00:00,2.623,2.632,2.618,2.622,262945.63
2025-09-30 18:00:00+00:00,2.623,2.652,2.619,2.649,391115.55
2025-09-30 19:00:00+00:00,2.65,2.686,2.649,2.683,551614.23
2025-09-30 20:00:00+00:00,2.683,2.705,2.681,2.704,630924.06
2025-09-30 21:00:00+00:00,2.705,2.715,2.701,2.706,399631.67
2025-09-30 22:00:00+00:00,2.706,2.723,2.706,2.713,357520.02
2025-09-30 23:00:00+00:00,2.714,2.725,2.7,2.71,256423.62
2025-10-01 00:00:00+00:00,2.709,2.713,2.688,2.695,180217.11
2025-10-01 01:00:00+00:00,2.695,2.7,2.682,2.692,100701.63
2025-10-01 02:00:00+00:00,2.692,2.695,2.677,2.677,55245.05
2025-10-01 03:00:00+00:00,2.678,2.68,2.653,2.659,174174.11
2025-10-01 04:00:00+00:00,2.658,2.682,2.656,2.667,112299.66
2025-10-01 05:00:00+00:00,2.668,2.682,2.668,2.672,200908.35
2025-10-01 06:00:00+00:00,2.672,2.679,2.668,2.668,163001.84
2025-10-01 07:00:00+00:00,2.668,2.697,2.667,2.675,323956.77
2025-10-01 08:00:00+00:00,2.676,2.747,2.674,2.746,568129.88
2025-10-01 09:00:00+00:00,2.746,2.759,2.738,2.752,383534.79
2025-10-01 10:00:00+00:00,2.752,2.755,2.732,2.743,237129.41
2025-10-01 11:00:00+00:00,2.743,2.752,2.736,2.741,165084.65
2025-10-01 12:00:00+00:00,2.741,2.746,2.734,2.742,283738.53
2025-10-01 13:00:00+00:00,2.741,2.766,2.741,2.747,280283.09
2025-10-01 14:00:00+00:00,2.748,2.767,2.744,2.755,279560.45
2025-10-01 15:00:00+00:00,2.755,2.773,2.748,2.767,334275.2
2025-10-01 16:00:00+00:00,2.767,2.772,2.753,2.758,252277.77
2025-10-01 17:00:00+00:00,2.757,2.766,2.752,2.758,158454.29
2025-10-01 18:00:00+00:00,2.758,2.782,2.757,2.778,266750.87
2025-10-01 19:00:00+00:00,2.777,2.788,2.774,2.783,275290.09
2025-10-01 20:00:00+00:00,2.783,2.786,2.772,2.776,217637.47
2025-10-01 21:00:00+00:00,2.776,2.782,2.763,2.778,238636.71
2025-10-01 22:00:00+00:00,2.778,2.789,2.775,2.779,171791.58
2025-10-01 23:00:00+00:00,2.78,2.789,2.777,2.786,156768.44
2025-10-02 00:00:00+00:00,2.787,2.793,2.775,2.779,195230.14
2025-10-02 01:00:00+00:00,2.779,2.796,2.774,2.794,158845.43
2025-10-02 02:00:00+00:00,2.794,2.802,2.786,2.799,181233.74
2025-10-02 03:00:00+00:00,2.799,2.807,2.794,2.801,225879.26
2025-10-02 04:00:00+00:00,2.8,2.807,2.791,2.803,144586.72
2025-10-02 05:00:00+00:00,2.803,2.821,2.801,2.813,128162.75
2025-10-02 06:00:00+00:00,2.813,2.828,2.81,2.816,242664.14
2025-10-02 07:00:00+00:00,2.816,2.818,2.8,2.801,138837.73
2025-10-02 08:00:00+00:00,2.801,2.812,2.797,2.81,215994.07
2025-10-02 09:00:00+00:00,2.81,2.812,2.801,2.808,159229.1
2025-10-02 10:00:00+00:00,2.808,2.826,2.803,2.82,182725.99
2025-10-02 11:00:00+00:00,2.82,2.827,2.815,2.818,222774.76
2025-10-02 12:00:00+00:00,2.817,2.832,2.812,2.831,228366.23
2025-10-02 13:00:00+00:00,2.831,2.832,2.813,2.821,302623.44
2025-10-02 14:00:00+00:00,2.821,2.83,2.784,2.79,565723.15
2025-10-02 15:00:00+00:00,2.791,2.804,2.773,2.801,265089.8
2025-10-02 16:00:00+00:00,2.802,2.823,2.799,2.82,374377.63
2025-10-02 17:00:00+00:00,2.821,2.83,2.814,2.828,391392.37
2025-10-02 18:00:00+00:00,2.829,2.839,2.828,2.831,326868.51
2025-10-02 19:00:00+00:00,2.83,2.846,2.827,2.842,329784.41
2025-10-02 20:00:00+00:00,2.843,2.858,2.836,2.858,242379.71
2025-10-02 21:00:00+00:00,2.858,2.859,2.84,2.842,337877.98
2025-10-02 22:00:00+00:00,2.842,2.852,2.841,2.845,223615.65
2025-10-02 23:00:00+00:00,2.846,2.848,2.836,2.844,144906.74
2025-10-03 00:00:00+00:00,2.844,2.844,2.809,2.81,339581.09
2025-10-03 01:00:00+00:00,2.811,2.814,2.788,2.793,320582.19
2025-10-03 02:00:00+00:00,2.793,2.81,2.791,2.808,107934.72
2025-10-03 03:00:00+00:00,2.808,2.823,2.8,2.801,216323.79
2025-10-03 04:00:00+00:00,2.801,2.818,2.8,2.811,101696.19
2025-10-03 05:00:00+00:00,2.81,2.812,2.797,2.804,165418.13
2025-10-03 06:00:00+00:00,2.805,2.813,2.799,2.803,142572.24
2025-10-03 07:00:00+00:00,2.803,2.805,2.791,2.797,217595.82
2025-10-03 08:00:00+00:00,2.797,2.805,2.782,2.805,310706.5
2025-10-03 09:00:00+00:00,2.804,2.805,2.791,2.798,200507.2
2025-10-03 10:00:00+00:00,2.798,2.798,2.785,2.788,278569.46
2025-10-03 11:00:00+00:00,2.788,2.799,2.786,2.795,260733.61
2025-10-03 12:00:00+00:00,2.796,2.806,2.791,2.796,147290.45
2025-10-03 13:00:00+00:00,2.796,2.824,2.785,2.817,377815.96
2025-10-03 14:00:00+00:00,2.816,2.817,2.791,2.812,296495.36
2025-10-03 15:00:00+00:00,2.812,2.849,2.808,2.848,259520.75
2025-10-03 16:00:00+00:00,2.847,2.878,2.845,2.854,637583.46
2025-10-03 17:00:00+00:00,2.854,2.86,2.81,2.833,876984.89
2025-10-03 18:00:00+00:00,2.833,2.864,2.826,2.857,201677.42
2025-10-03 19:00:00+00:00,2.858,2.869,2.853,2.856,140453.72
2025-10-03 20:00:00+00:00,2.857,2.875,2.849,2.872,248087.11
2025-10-03 21:00:00+00:00,2.873,2.873,2.862,2.866,164546.74
2025-10-03 22:00:00+00:00,2.866,2.876,2.863,2.865,67486.21
2025-10-03 23:00:00+00:00,2.865,2.866,2.855,2.86,122683.89
2025-10-04 00:00:00+00:00,2.86,2.861,2.845,2.852,149704.73
2025-10-04 01:00:00+00:00,2.852,2.852,2.833,2.843,319223.69
2025-10-04 02:00:00+00:00,2.843,2.851,2.83,2.839,96481.78
2025-10-04 03:00:00+00:00,2.84,2.841,2.826,2.829,81249.91
2025-10-04 04:00:00+00:00,2.829,2.831,2.818,2.822,91316.17
2025-10-04 05:00:00+00:00,2.821,2.83,2.82,2.829,79480.02
2025-10-04 06:00:00+00:00,2.83,2.847,2.829,2.845,113048.29
2025-10-04 07:00:00+00:00,2.846,2.86,2.831,2.835,176135.64
2025-10-04 08:00:00+00:00,2.835,2.837,2.816,2.827,185244.09
2025-10-04 09:00:00+00:00,2.826,2.832,2.813,2.814,148276.24
2025-10-04 10:00:00+00:00,2.815,2.899,2.806,2.81,1022371.36
2025-10-04 11:00:00+00:00,2.81,2.81,2.797,2.8,230890.49
2025-10-04 12:00:00+00:00,2.801,2.808,2.791,2.792,98752.9
2025-10-04 13:00:00+00:00,2.793,2.817,2.788,2.81,130386.92
2025-10-04 14:00:00+00:00,2.811,2.818,2.804,2.812,140394.94
2025-10-04 15:00:00+00:00,2.812,2.824,2.794,2.802,252277.01
2025-10-04 16:00:00+00:00,2.803,2.813,2.786,2.81,195799.96
2025-10-04 17:00:00+00:00,2.811,2.814,2.795,2.802,80385.61
2025-10-04 18:00:00+00:00,2.801,2.809,2.797,2.801,74952.47
2025-10-04 19:00:00+00:00,2.8,2.816,2.8,2.816,91942.48
2025-10-04 20:00:00+00:00,2.815,2.82,2.804,2.805,90038.11
2025-10-04 21:00:00+00:00,2.806,2.816,2.803,2.808,65624.49
2025-10-04 22:00:00+00:00,2.808,2.813,2.803,2.808,63377.69
2025-10-04 23:00:00+00:00,2.807,2.812,2.803,2.809,51019.89
2025-10-05 00:00:00+00:00,2.808,2.817,2.795,2.796,112653.22
2025-10-05 01:00:00+00:00,2.797,2.808,2.794,2.807,77876.99
2025-10-05 02:00:00+00:00,2.807,2.836,2.803,2.836,305973.23
2025-10-05 03:00:00+00:00,2.835,2.84,2.8,2.82,696632.75
2025-10-05 04:00:00+00:00,2.82,2.841,2.817,2.83,556767.93
2025-10-05 05:00:00+00:00,2.829,2.847,2.826,2.837,492901.77
2025-10-05 06:00:00+00:00,2.837,2.84,2.829,2.838,253189.18
2025-10-05 07:00:00+00:00,2.839,2.865,2.838,2.863,280174.21
2025-10-05 08:00:00+00:00,2.863,2.867,2.85,2.859,188657.55
2025-10-05 09:00:00+00:00,2.859,2.86,2.829,2.834,395358.76
2025-10-05 10:00:00+00:00,2.835,2.839,2.822,2.83,254481.76
2025-10-05 11:00:00+00:00,2.83,2.834,2.82,2.83,102546.94
2025-10-05 12:00:00+00:00,2.829,2.83,2.808,2.809,156739.95
2025-10-05 13:00:00+00:00,2.809,2.822,2.799,2.807,641803.75
2025-10-05 14:00:00+00:00,2.808,2.821,2.801,2.808,240102.67
2025-10-05 15:00:00+00:00,2.808,2.817,2.805,2.815,69622.73
2025-10-05 16:00:00+00:00,2.815,2.82,2.801,2.818,265963.03
2025-10-05 17:00:00+00:00,2.819,2.823,2.798,2.804,173110.74
2025-10-05 18:00:00+00:00,2.803,2.81,2.793,2.803,148771.69
2025-10-05 19:00:00+00:00,2.804,2.804,2.785,2.787,153836.22
2025-10-05 20:00:00+00:00,2.787,2.803,2.782,2.794,93018.19
2025-10-05 21:00:00+00:00,2.794,2.808,2.792,2.807,93675.41
2025-10-05 22:00:00+00:00,2.807,2.814,2.799,2.807,94427.45
2025-10-05 23:00:00+00:00,2.807,2.812,2.796,2.796,155819.09
2025-10-06 00:00:00+00:00,2.795,2.818,2.785,2.799,301464.15
2025-10-06 01:00:00+00:00,2.8,2.822,2.797,2.818,141732.86
2025-10-06 02:00:00+00:00,2.818,2.821,2.803,2.815,147153.94
2025-10-06 03:00:00+00:00,2.815,2.816,2.807,2.81,63998.16
2025-10-06 04:00:00+00:00,2.81,2.811,2.797,2.798,221269.97
2025-10-06 05:00:00+00:00,2.797,2.811,2.792,2.81,124790.02
2025-10-06 06:00:00+00:00,2.81,2.834,2.809,2.824,208741.49
2025-10-06 07:00:00+00:00,2.825,2.835,2.82,2.832,261891.71
2025-10-06 08:00:00+00:00,2.833,2.841,2.832,2.838,165378.52
2025-10-06 09:00:00+00:00,2.839,2.842,2.824,2.838,768463.73
2025-10-06 10:00:00+00:00,2.838,2.843,2.828,2.839,155752.77
2025-10-06 11:00:00+00:00,2.838,2.846,2.826,2.83,137201.78
2025-10-06 12:00:00+00:00,2.829,2.842,2.827,2.836,174119.55
2025-10-06 13:00:00+00:00,2.835,2.85,2.831,2.85,289664.37
2025-10-06 14:00:00+00:00,2.849,2.853,2.831,2.835,390603.51
2025-10-06 15:00:00+00:00,2.835,2.857,2.835,2.853,229939.09
2025-10-06 16:00:00+00:00,2.853,2.857,2.839,2.855,211055.65
2025-10-06 17:00:00+00:00,2.854,2.866,2.85,2.859,222858.68
2025-10-06 18:00:00+00:00,2.86,2.87,2.856,2.867,178854.16
2025-10-06 19:00:00+00:00,2.868,2.875,2.864,2.873,166530.68
2025-10-06 20:00:00+00:00,2.872,2.877,2.864,2.87,158542.26
2025-10-06 21:00:00+00:00,2.871,2.877,2.859,2.869,124980.31
2025-10-06 22:00:00+00:00,2.87,2.875,2.859,2.866,86487.44
2025-10-06 23:00:00+00:00,2.866,2.867,2.847,2.855,135641.31
2025-10-07 00:00:00+00:00,2.854,2.859,2.846,2.856,74913.62
2025-10-07 01:00:00+00:00,2.855,2.857,2.837,2.839,141739.83
2025-10-07 02:00:00+00:00,2.839,2.846,2.832,2.834,112238.2
2025-10-07 03:00:00+00:00,2.835,2.844,2.832,2.84,65477.53
2025-10-07 04:00:00+00:00,2.84,2.852,2.826,2.846,146674.56
2025-10-07 05:00:00+00:00,2.846,2.861,2.838,2.86,113751.44
2025-10-07 06:00:00+00:00,2.86,2.862,2.835,2.837,165860.16
2025-10-07 07:00:00+00:00,2.838,2.855,2.832,2.837,255288.13
2025-10-07 08:00:00+00:00,2.837,2.844,2.821,2.838,321168.52
2025-10-07 09:00:00+00:00,2.838,2.851,2.829,2.831,260742.22
2025-10-07 10:00:00+00:00,2.831,2.837,2.824,2.831,182948.4
2025-10-07 11:00:00+00:00,2.83,2.83,2.808,2.821,500052.77
2025-10-07 12:00:00+00:00,2.821,2.838,2.814,2.835,246016.02
2025-10-07 13:00:00+00:00,2.835,2.845,2.806,2.814,909927.0
2025-10-07 14:00:00+00:00,2.814,2.817,2.785,2.786,885834.12
2025-10-07 15:00:00+00:00,2.787,2.793,2.756,2.779,648025.34
2025-10-07 16:00:00+00:00,2.779,2.802,2.752,2.79,398627.78
2025-10-07 17:00:00+00:00,2.79,2.795,2.777,2.777,166501.09
2025-10-07 18:00:00+00:00,2.777,2.781,2.769,2.772,298685.11
2025-10-07 19:00:00+00:00,2.772,2.785,2.769,2.776,158135.44
2025-10-07 20:00:00+00:00,2.776,2.793,2.774,2.785,110933.53
2025-10-07 21:00:00+00:00,2.785,2.79,2.759,2.765,174374.65
2025-10-07 22:00:00+00:00,2.765,2.77,2.757,2.764,104021.81
2025-10-07 23:00:00+00:00,2.764,2.764,2.745,2.753,306591.16
2025-10-08 00:00:00+00:00,2.754,2.774,2.752,2.767,157875.49
2025-10-08 01:00:00+00:00,2.768,2.775,2.762,2.768,143229.69
2025-10-08 02:00:00+00:00,2.768,2.77,2.752,2.753,127363.03
2025-10-08 03:00:00+00:00,2.753,2.754,2.731,2.734,242469.94
2025-10-08 04:00:00+00:00,2.734,2.75,2.721,2.745,183768.26
2025-10-08 05:00:00+00:00,2.745,2.745,2.726,2.736,114223.81
2025-10-08 06:00:00+00:00,2.737,2.744,2.729,2.742,110877.56
2025-10-08 07:00:00+00:00,2.742,2.75,2.735,2.749,369111.11
2025-10-08 08:00:00+00:00,2.749,2.757,2.74,2.749,273616.45
2025-10-08 09:00:00+00:00,2.75,2.753,2.737,2.744,336258.31
2025-10-08 10:00:00+00:00,2.743,2.749,2.737,2.745,116282.72
2025-10-08 11:00:00+00:00,2.745,2.749,2.734,2.736,182615.35
2025-10-08 12:00:00+00:00,2.736,2.74,2.726,2.729,435936.17
2025-10-08 13:00:00+00:00,2.729,2.733,2.713,2.73,552514.22
2025-10-08 14:00:00+00:00,2.73,2.752,2.704,2.709,1194094.59
2025-10-08 15:00:00+00:00,2.708,2.724,2.707,2.716,247385.02
2025-10-08 16:00:00+00:00,2.717,2.742,2.713,2.742,186445.47
2025-10-08 17:00:00+00:00,2.741,2.773,2.741,2.768,307111.71
2025-10-08 18:00:00+00:00,2.768,2.779,2.763,2.773,280218.18
2025-10-08 19:00:00+00:00,2.773,2.781,2.762,2.774,190047.52
2025-10-08 20:00:00+00:00,2.775,2.78,2.762,2.762,95929.99
2025-10-08 21:00:00+00:00,2.763,2.778,2.761,2.774,106934.05
2025-10-08 22:00:00+00:00,2.775,2.788,2.774,2.777,139751.65
2025-10-08 23:00:00+00:00,2.777,2.783,2.771,2.776,122454.76
2025-10-09 00:00:00+00:00,2.776,2.785,2.772,2.772,86137.29
2025-10-09 01:00:00+00:00,2.773,2.782,2.765,2.781,155600.72
2025-10-09 02:00:00+00:00,2.781,2.785,2.746,2.751,448269.36
2025-10-09 03:00:00+00:00,2.751,2.775,2.75,2.77,130436.7
2025-10-09 04:00:00+00:00,2.77,2.779,2.758,2.762,111698.95
2025-10-09 05:00:00+00:00,2.762,2.766,2.751,2.76,139849.14
2025-10-09 06:00:00+00:00,2.76,2.762,2.744,2.748,133533.07
2025-10-09 07:00:00+00:00,2.748,2.753,2.732,2.735,221243.53
2025-10-09 08:00:00+00:00,2.734,2.738,2.707,2.708,358579.96
2025-10-09 09:00:00+00:00,2.709,2.729,2.709,2.729,162914.75
2025-10-09 10:00:00+00:00,2.728,2.735,2.718,2.724,138924.47
2025-10-09 11:00:00+00:00,2.725,2.733,2.718,2.732,135168.11
2025-10-09 12:00:00+00:00,2.731,2.75,2.729,2.74,243863.5
2025-10-09 13:00:00+00:00,2.741,2.742,2.721,2.722,259227.51
2025-10-09 14:00:00+00:00,2.722,2.732,2.695,2.718,454411.67
2025-10-09 15:00:00+00:00,2.719,2.726,2.682,2.695,628895.06
2025-10-09 16:00:00+00:00,2.695,2.7,2.658,2.671,764125.19
2025-10-09 17:00:00+00:00,2.671,2.706,2.669,2.706,311579.03
2025-10-09 18:00:00+00:00,2.706,2.71,2.699,2.702,126528.24
2025-10-09 19:00:00+00:00,2.703,2.721,2.701,2.717,140310.67
2025-10-09 20:00:00+00:00,2.716,2.724,2.713,2.719,102534.3
2025-10-09 21:00:00+00:00,2.719,2.722,2.709,2.718,153208.71
2025-10-09 22:00:00+00:00,2.719,2.739,2.715,2.737,140591.9
2025-10-09 23:00:00+00:00,2.737,2.74,2.727,2.74,103344.31
2025-10-10 00:00:00+00:00,2.74,2.743,2.729,2.734,110116.88
2025-10-10 01:00:00+00:00,2.733,2.74,2.73,2.733,51026.21
2025-10-10 02:00:00+00:00,2.733,2.734,2.718,2.722,112123.29
2025-10-10 03:00:00+00:00,2.722,2.755,2.715,2.739,180782.59
2025-10-10 04:00:00+00:00,2.738,2.747,2.727,2.728,373333.02
2025-10-10 05:00:00+00:00,2.729,2.732,2.721,2.728,236588.36
2025-10-10 06:00:00+00:00,2.728,2.732,2.703,2.706,831756.4
2025-10-10 07:00:00+00:00,2.706,2.707,2.689,2.693,409986.63
2025-10-10 08:00:00+00:00,2.693,2.71,2.692,2.71,120906.92
2025-10-10 09:00:00+00:00,2.709,2.715,2.695,2.697,185166.31
2025-10-10 10:00:00+00:00,2.696,2.717,2.694,2.716,64376.53
2025-10-10 11:00:00+00:00,2.716,2.725,2.712,2.723,144533.51
2025-10-10 12:00:00+00:00,2.723,2.73,2.718,2.729,271351.28
2025-10-10 13:00:00+00:00,2.73,2.748,2.728,2.744,185740.01
2025-10-10 14:00:00+00:00,2.744,2.749,2.716,2.725,447581.46
2025-10-10 15:00:00+00:00,2.725,2.745,2.63,2.69,2410406.44
2025-10-10 16:00:00+00:00,2.689,2.727,2.681,2.707,950795.91
2025-10-10 17:00:00+00:00,2.707,2.739,2.7,2.718,556425.86
2025-10-10 18:00:00+00:00,2.718,2.722,2.702,2.703,301093.58
2025-10-10 19:00:00+00:00,2.702,2.706,2.651,2.671,1055468.86
2025-10-10 20:00:00+00:00,2.671,2.68,2.393,2.452,3558749.82
2025-10-10 21:00:00+00:00,2.45,2.502,0.554,1.977,15111577.38
2025-10-10 22:00:00+00:00,1.98,2.014,1.725,1.905,11485556.02
2025-10-10 23:00:00+00:00,1.905,2.151,1.858,2.052,6078294.73
2025-10-11 00:00:00+00:00,2.053,2.13,2.013,2.104,3572804.05
2025-10-11 01:00:00+00:00,2.104,2.109,2.026,2.048,1588414.71
2025-10-11 02:00:00+00:00,2.048,2.184,2.044,2.175,1417995.33
2025-10-11 03:00:00+00:00,2.175,2.18,2.076,2.105,1533270.36
2025-10-11 04:00:00+00:00,2.104,2.132,2.076,2.132,1195551.21
2025-10-11 05:00:00+00:00,2.131,2.149,2.084,2.11,1384231.24
2025-10-11 06:00:00+00:00,2.11,2.181,2.104,2.148,1671246.05
2025-10-11 07:00:00+00:00,2.149,2.161,2.115,2.126,1500863.49
2025-10-11 08:00:00+00:00,2.126,2.214,2.112,2.198,1868831.74
2025-10-11 09:00:00+00:00,2.198,2.253,2.197,2.213,1228193.27
2025-10-11 10:00:00+00:00,2.212,2.236,2.197,2.217,798415.27
2025-10-11 11:00:00+00:00,2.218,2.234,2.196,2.229,595369.15
2025-10-11 12:00:00+00:00,2.228,2.237,2.2,2.207,810258.44
2025-10-11 13:00:00+00:00,2.207,2.212,2.166,2.202,630682.39
2025-10-11 14:00:00+00:00,2.203,2.205,2.174,2.197,500704.13
2025-10-11 15:00:00+00:00,2.196,2.219,2.186,2.191,298927.49
2025-10-11 16:00:00+00:00,2.191,2.204,2.171,2.181,395240.1
2025-10-11 17:00:00+00:00,2.182,2.213,2.174,2.211,782531.71
2025-10-11 18:00:00+00:00,2.211,2.221,2.181,2.181,413393.31
2025-10-11 19:00:00+00:00,2.181,2.181,2.074,2.101,1252242.94
2025-10-11 20:00:00+00:00,2.1,2.104,2.053,2.074,1270051.54
2025-10-11 21:00:00+00:00,2.074,2.106,2.04,2.102,1153143.86
2025-10-11 22:00:00+00:00,2.101,2.118,2.098,2.104,451239.51
2025-10-11 23:00:00+00:00,2.104,2.11,2.091,2.097,224026.16
2025-10-12 00:00:00+00:00,2.096,2.112,2.068,2.07,516978.14
2025-10-12 01:00:00+00:00,2.071,2.094,2.069,2.073,436955.68
2025-10-12 02:00:00+00:00,2.073,2.101,2.063,2.079,355651.14
2025-10-12 03:00:00+00:00,2.079,2.11,2.076,2.089,364205.06
2025-10-12 04:00:00+00:00,2.09,2.117,2.084,2.11,312948.77
2025-10-12 05:00:00+00:00,2.111,2.134,2.1,2.125,250870.22
2025-10-12 06:00:00+00:00,2.125,2.16,2.123,2.153,596769.29
2025-10-12 07:00:00+00:00,2.154,2.166,2.128,2.135,350393.83
2025-10-12 08:00:00+00:00,2.135,2.146,2.131,2.132,242719.8
2025-10-12 09:00:00+00:00,2.132,2.15,2.112,2.147,369197.02
2025-10-12 10:00:00+00:00,2.148,2.157,2.124,2.126,261173.33
2025-10-12 11:00:00+00:00,2.125,2.137,2.12,2.129,257872.98
2025-10-12 12:00:00+00:00,2.129,2.151,2.128,2.145,264539.59
2025-10-12 13:00:00+00:00,2.145,2.156,2.119,2.124,407575.89
2025-10-12 14:00:00+00:00,2.125,2.203,2.1,2.174,1539632.98
2025-10-12 15:00:00+00:00,2.174,2.238,2.172,2.23,1378154.79
2025-10-12 16:00:00+00:00,2.231,2.299,2.23,2.275,1490247.98
2025-10-12 17:00:00+00:00,2.275,2.296,2.27,2.288,712734.31
2025-10-12 18:00:00+00:00,2.288,2.295,2.259,2.282,1190645.48
2025-10-12 19:00:00+00:00,2.282,2.311,2.274,2.302,432053.83
2025-10-12 20:00:00+00:00,2.302,2.326,2.298,2.305,592602.92
2025-10-12 21:00:00+00:00,2.305,2.31,2.253,2.279,487631.87
2025-10-12 22:00:00+00:00,2.28,2.297,2.261,2.275,367781.53
2025-10-12 23:00:00+00:00,2.276,2.28,2.251,2.274,184948.98
2025-10-13 00:00:00+00:00,2.274,2.294,2.252,2.258,291975.74
2025-10-13 01:00:00+00:00,2.257,2.276,2.244,2.276,193143.82
2025-10-13 02:00:00+00:00,2.276,2.284,2.25,2.274,268777.82
2025-10-13 03:00:00+00:00,2.275,2.275,2.258,2.264,153573.74
2025-10-13 04:00:00+00:00,2.263,2.277,2.255,2.274,213376.94
2025-10-13 05:00:00+00:00,2.274,2.277,2.258,2.267,196410.53
2025-10-13 06:00:00+00:00,2.268,2.306,2.255,2.301,238134.13
2025-10-13 07:00:00+00:00,2.301,2.328,2.296,2.309,500230.94
2025-10-13 08:00:00+00:00,2.309,2.337,2.302,2.325,389687.27
2025-10-13 09:00:00+00:00,2.324,2.326,2.286,2.316,625861.37
2025-10-13 10:00:00+00:00,2.316,2.322,2.293,2.302,259626.67
2025-10-13 11:00:00+00:00,2.302,2.302,2.215,2.249,1245840.4
2025-10-13 12:00:00+00:00,2.249,2.267,2.223,2.245,780568.74
2025-10-13 13:00:00+00:00,2.246,2.3,2.235,2.29,1770893.47
2025-10-13 14:00:00+00:00,2.29,2.297,2.236,2.25,820493.4
2025-10-13 15:00:00+00:00,2.251,2.295,2.25,2.29,332707.35
2025-10-13 16:00:00+00:00,2.29,2.312,2.281,2.306,564622.73
2025-10-13 17:00:00+00:00,2.305,2.341,2.299,2.34,626657.28
2025-10-13 18:00:00+00:00,2.34,2.345,2.323,2.33,454941.89
2025-10-13 19:00:00+00:00,2.33,2.36,2.324,2.357,457615.48
2025-10-13 20:00:00+00:00,2.357,2.374,2.35,2.374,223329.7
2025-10-13 21:00:00+00:00,2.374,2.376,2.352,2.355,225668.83
2025-10-13 22:00:00+00:00,2.355,2.362,2.346,2.356,168688.92
2025-10-13 23:00:00+00:00,2.357,2.37,2.349,2.368,146286.58
2025-10-14 00:00:00+00:00,2.367,2.374,2.349,2.358,146955.25
2025-10-14 01:00:00+00:00,2.357,2.361,2.338,2.341,164157.41
2025-10-14 02:00:00+00:00,2.342,2.343,2.312,2.315,257782.6
2025-10-14 03:00:00+00:00,2.315,2.317,2.295,2.303,302275.87
2025-10-14 04:00:00+00:00,2.303,2.312,2.268,2.278,420471.75
2025-10-14 05:00:00+00:00,2.279,2.298,2.241,2.253,403827.5
2025-10-14 06:00:00+00:00,2.253,2.266,2.164,2.209,1080827.58
2025-10-14 07:00:00+00:00,2.209,2.226,2.194,2.216,756101.59
2025-10-14 08:00:00+00:00,2.216,2.243,2.2,2.223,437388.88
2025-10-14 09:00:00+00:00,2.222,2.236,2.217,2.232,258442.59
2025-10-14 10:00:00+00:00,2.231,2.232,2.187,2.214,377856.66
2025-10-14 11:00:00+00:00,2.215,2.238,2.213,2.225,243963.96
2025-10-14 12:00:00+00:00,2.225,2.23,2.206,2.212,206939.76
2025-10-14 13:00:00+00:00,2.212,2.252,2.193,2.248,726488.34
2025-10-14 14:00:00+00:00,2.248,2.272,2.233,2.251,403532.33
2025-10-14 15:00:00+00:00,2.251,2.295,2.241,2.294,448572.45
2025-10-14 16:00:00+00:00,2.295,2.312,2.277,2.284,572408.61
2025-10-14 17:00:00+00:00,2.285,2.31,2.263,2.297,281038.69
2025-10-14 18:00:00+00:00,2.297,2.31,2.287,2.295,124007.78
2025-10-14 19:00:00+00:00,2.296,2.307,2.23,2.289,777442.51
2025-10-14 20:00:00+00:00,2.289,2.297,2.28,2.294,120426.62
2025-10-14 21:00:00+00:00,2.294,2.3,2.279,2.298,120962.75
2025-10-14 22:00:00+00:00,2.297,2.309,2.289,2.295,132721.76
2025-10-14 23:00:00+00:00,2.295,2.309,2.293,2.302,71002.56
2025-10-15 00:00:00+00:00,2.302,2.307,2.289,2.301,127664.82
2025-10-15 01:00:00+00:00,2.302,2.303,2.285,2.294,122528.65
2025-10-15 02:00:00+00:00,2.294,2.31,2.29,2.292,157288.64
2025-10-15 03:00:00+00:00,2.291,2.295,2.271,2.279,102052.95
2025-10-15 04:00:00+00:00,2.279,2.292,2.274,2.291,72767.69
2025-10-15 05:00:00+00:00,2.291,2.3,2.283,2.288,91380.37
2025-10-15 06:00:00+00:00,2.289,2.296,2.272,2.293,124363.34
2025-10-15 07:00:00+00:00,2.294,2.31,2.29,2.31,120774.37
2025-10-15 08:00:00+00:00,2.31,2.349,2.306,2.321,457220.23
2025-10-15 09:00:00+00:00,2.32,2.32,2.298,2.311,277100.33
2025-10-15 10:00:00+00:00,2.31,2.315,2.289,2.29,196888.13
2025-10-15 11:00:00+00:00,2.29,2.293,2.266,2.28,289659.96
2025-10-15 12:00:00+00:00,2.279,2.285,2.234,2.246,1226700.58
2025-10-15 13:00:00+00:00,2.247,2.263,2.209,2.246,1262240.6
2025-10-15 14:00:00+00:00,2.246,2.271,2.21,2.223,507202.44
2025-10-15 15:00:00+00:00,2.222,2.235,2.198,2.205,570382.34
2025-10-15 16:00:00+00:00,2.205,2.222,2.198,2.21,351772.94
2025-10-15 17:00:00+00:00,2.211,2.225,2.198,2.224,221170.54
2025-10-15 18:00:00+00:00,2.224,2.235,2.213,2.232,111296.14
2025-10-15 19:00:00+00:00,2.232,2.233,2.209,2.216,124615.1
2025-10-15 20:00:00+00:00,2.215,2.225,2.181,2.205,381655.25
2025-10-15 21:00:00+00:00,2.205,2.222,2.189,2.201,313994.46
2025-10-15 22:00:00+00:00,2.201,2.218,2.197,2.202,491095.77
2025-10-15 23:00:00+00:00,2.202,2.224,2.2,2.219,709854.95
2025-10-16 00:00:00+00:00,2.219,2.23,2.208,2.21,219488.92
2025-10-16 01:00:00+00:00,2.209,2.23,2.208,2.228,121642.88
2025-10-16 02:00:00+00:00,2.228,2.239,2.219,2.231,130006.75
2025-10-16 03:00:00+00:00,2.232,2.235,2.215,2.216,126603.73
2025-10-16 04:00:00+00:00,2.216,2.23,2.209,2.217,125252.95
2025-10-16 05:00:00+00:00,2.218,2.235,2.211,2.224,143218.57
2025-10-16 06:00:00+00:00,2.223,2.248,2.223,2.244,148736.02
2025-10-16 07:00:00+00:00,2.245,2.245,2.224,2.237,162228.18
2025-10-16 08:00:00+00:00,2.238,2.242,2.221,2.231,141405.11
2025-10-16 09:00:00+00:00,2.23,2.269,2.193,2.258,749299.66
2025-10-16 10:00:00+00:00,2.258,2.279,2.255,2.259,215631.55
2025-10-16 11:00:00+00:00,2.258,2.27,2.249,2.269,204022.86
2025-10-16 12:00:00+00:00,2.269,2.285,2.268,2.277,221848.75
2025-10-16 13:00:00+00:00,2.277,2.293,2.264,2.273,339744.48
2025-10-16 14:00:00+00:00,2.272,2.291,2.242,2.274,411990.01
2025-10-16 15:00:00+00:00,2.274,2.284,2.207,2.218,737483.17
2025-10-16 16:00:00+00:00,2.218,2.253,2.196,2.252,1016556.11
2025-10-16 17:00:00+00:00,2.251,2.251,2.209,2.211,540600.49
2025-10-16 18:00:00+00:00,2.212,2.214,2.185,2.208,355823.54
2025-10-16 19:00:00+00:00,2.208,2.21,2.162,2.182,749146.67
2025-10-16 20:00:00+00:00,2.182,2.191,2.143,2.16,503969.55
2025-10-16 21:00:00+00:00,2.16,2.185,2.156,2.185,230329.15
2025-10-16 22:00:00+00:00,2.185,2.187,2.158,2.159,147505.28
2025-10-16 23:00:00+00:00,2.159,2.183,2.155,2.178,139832.76
2025-10-17 00:00:00+00:00,2.179,2.197,2.175,2.192,111114.17
2025-10-17 01:00:00+00:00,2.193,2.214,2.183,2.193,202083.86
2025-10-17 02:00:00+00:00,2.193,2.198,2.175,2.191,185905.57
2025-10-17 03:00:00+00:00,2.191,2.201,2.187,2.19,172337.13
2025-10-17 04:00:00+00:00,2.19,2.194,2.176,2.179,150847.65
2025-10-17 05:00:00+00:00,2.18,2.18,2.152,2.155,200924.53
2025-10-17 06:00:00+00:00,2.156,2.164,2.09,2.105,941057.14
2025-10-17 07:00:00+00:00,2.104,2.107,2.043,2.049,1193926.33
2025-10-17 08:00:00+00:00,2.05,2.06,2.015,2.026,1283749.36
2025-10-17 09:00:00+00:00,2.026,2.101,2.022,2.069,536502.17
2025-10-17 10:00:00+00:00,2.068,2.08,2.039,2.067,590616.77
2025-10-17 11:00:00+00:00,2.068,2.136,2.066,2.119,830343.94
2025-10-17 12:00:00+00:00,2.118,2.134,2.113,2.113,273177.35
2025-10-17 13:00:00+00:00,2.114,2.143,2.097,2.131,655606.07
2025-10-17 14:00:00+00:00,2.13,2.136,2.092,2.115,485806.38
2025-10-17 15:00:00+00:00,2.115,2.138,2.102,2.137,416693.57
2025-10-17 16:00:00+00:00,2.137,2.16,2.115,2.121,388702.07
2025-10-17 17:00:00+00:00,2.121,2.128,2.105,2.121,212007.49
2025-10-17 18:00:00+00:00,2.122,2.129,2.113,2.117,159957.13
2025-10-17 19:00:00+00:00,2.118,2.127,2.11,2.123,193046.11
2025-10-17 20:00:00+00:00,2.123,2.143,2.119,2.14,125462.69
2025-10-17 21:00:00+00:00,2.14,2.152,2.138,2.142,156583.46
2025-10-17 22:00:00+00:00,2.143,2.146,2.127,2.132,84173.7
2025-10-17 23:00:00+00:00,2.132,2.132,2.118,2.119,62641.74
2025-10-18 00:00:00+00:00,2.12,2.128,2.114,2.12,99180.85
2025-10-18 01:00:00+00:00,2.12,2.136,2.119,2.135,116340.17
2025-10-18 02:00:00+00:00,2.135,2.14,2.116,2.12,140883.5
2025-10-18 03:00:00+00:00,2.121,2.134,2.121,2.13,71478.41
2025-10-18 04:00:00+00:00,2.13,2.13,2.112,2.113,92061.52
2025-10-18 05:00:00+00:00,2.114,2.124,2.109,2.122,96670.69
2025-10-18 06:00:00+00:00,2.123,2.129,2.117,2.127,118881.43
2025-10-18 07:00:00+00:00,2.127,2.194,2.126,2.141,1110899.67
2025-10-18 08:00:00+00:00,2.14,2.15,2.137,2.139,171779.36
2025-10-18 09:00:00+00:00,2.139,2.159,2.137,2.155,191078.47
2025-10-18 10:00:00+00:00,2.156,2.162,2.149,2.158,126379.05
2025-10-18 11:00:00+00:00,2.158,2.165,2.151,2.16,140789.02
2025-10-18 12:00:00+00:00,2.16,2.164,2.152,2.155,93508.52
2025-10-18 13:00:00+00:00,2.154,2.154,2.139,2.148,130219.15
2025-10-18 14:00:00+00:00,2.147,2.151,2.133,2.141,145896.86
2025-10-18 15:00:00+00:00,2.14,2.146,2.133,2.142,93717.91
2025-10-18 16:00:00+00:00,2.142,2.144,2.117,2.126,166245.21
2025-10-18 17:00:00+00:00,2.126,2.154,2.122,2.151,183040.44
2025-10-18 18:00:00+00:00,2.152,2.154,2.141,2.144,56498.5
2025-10-18 19:00:00+00:00,2.144,2.154,2.141,2.152,58381.51
2025-10-18 20:00:00+00:00,2.153,2.16,2.148,2.152,90949.11
2025-10-18 21:00:00+00:00,2.152,2.16,2.144,2.158,83190.57
2025-10-18 22:00:00+00:00,2.158,2.161,2.15,2.153,57062.19
2025-10-18 23:00:00+00:00,2.152,2.156,2.148,2.154,61703.77
2025-10-19 00:00:00+00:00,2.154,2.156,2.136,2.141,74817.05
2025-10-19 01:00:00+00:00,2.141,2.146,2.136,2.144,37524.22
2025-10-19 02:00:00+00:00,2.144,2.148,2.138,2.14,46693.43
2025-10-19 03:00:00+00:00,2.141,2.162,2.139,2.16,42558.53
2025-10-19 04:00:00+00:00,2.159,2.161,2.148,2.149,81403.2
2025-10-19 05:00:00+00:00,2.15,2.158,2.141,2.148,58443.63
2025-10-19 06:00:00+00:00,2.147,2.15,2.138,2.142,43815.4
2025-10-19 07:00:00+00:00,2.142,2.149,2.138,2.149,66152.26
2025-10-19 08:00:00+00:00,2.15,2.165,2.132,2.134,390248.49
2025-10-19 09:00:00+00:00,2.134,2.173,2.125,2.16,443764.11
2025-10-19 10:00:00+00:00,2.161,2.191,2.153,2.19,280546.92
2025-10-19 11:00:00+00:00,2.19,2.205,2.186,2.188,222055.24
2025-10-19 12:00:00+00:00,2.188,2.197,2.181,2.195,129236.74
2025-10-19 13:00:00+00:00,2.195,2.228,2.189,2.224,167917.41
2025-10-19 14:00:00+00:00,2.225,2.238,2.216,2.233,245528.36
2025-10-19 15:00:00+00:00,2.233,2.236,2.223,2.233,174171.77
2025-10-19 16:00:00+00:00,2.234,2.24,2.219,2.229,163404.22
2025-10-19 17:00:00+00:00,2.228,2.243,2.221,2.223,225892.15
2025-10-19 18:00:00+00:00,2.224,2.227,2.219,2.226,83617.02
2025-10-19 19:00:00+00:00,2.225,2.228,2.219,2.227,68578.19
2025-10-19 20:00:00+00:00,2.227,2.233,2.222,2.231,42867.46
2025-10-19 21:00:00+00:00,2.231,2.232,2.217,2.222,82099.76
2025-10-19 22:00:00+00:00,2.222,2.231,2.222,2.227,45217.46
2025-10-19 23:00:00+00:00,2.227,2.227,2.207,2.21,99823.7
2025-10-20 00:00:00+00:00,2.21,2.21,2.175,2.196,177163.82
2025-10-20 01:00:00+00:00,2.196,2.201,2.187,2.189,64793.63
2025-10-20 02:00:00+00:00,2.189,2.204,2.179,2.201,64008.36
2025-10-20 03:00:00+00:00,2.201,2.247,2.199,2.243,98035.21
2025-10-20 04:00:00+00:00,2.243,2.249,2.238,2.249,88120.84
2025-10-20 05:00:00+00:00,2.249,2.258,2.24,2.255,97365.46
2025-10-20 06:00:00+00:00,2.255,2.294,2.252,2.284,607715.83
2025-10-20 07:00:00+00:00,2.284,2.298,2.275,2.288,285264.12
2025-10-20 08:00:00+00:00,2.288,2.288,2.264,2.265,165225.3
2025-10-20 09:00:00+00:00,2.264,2.275,2.257,2.273,97864.29
2025-10-20 10:00:00+00:00,2.274,2.283,2.261,2.268,134141.38
2025-10-20 11:00:00+00:00,2.268,2.268,2.25,2.259,188269.63
2025-10-20 12:00:00+00:00,2.258,2.266,2.247,2.254,183724.96
2025-10-20 13:00:00+00:00,2.254,2.261,2.244,2.258,194912.04
2025-10-20 14:00:00+00:00,2.259,2.261,2.239,2.248,145907.58
2025-10-20 15:00:00+00:00,2.249,2.256,2.234,2.236,176060.54
2025-10-20 16:00:00+00:00,2.235,2.24,2.204,2.227,338266.82
2025-10-20 17:00:00+00:00,2.227,2.234,2.212,2.219,153205.23
2025-10-20 18:00:00+00:00,2.22,2.234,2.214,2.234,124867.28
2025-10-20 19:00:00+00:00,2.234,2.251,2.221,2.24,196338.94
2025-10-20 20:00:00+00:00,2.24,2.247,2.237,2.244,166188.59
2025-10-20 21:00:00+00:00,2.244,2.25,2.231,2.238,190180.02
2025-10-20 22:00:00+00:00,2.237,2.245,2.229,2.241,147457.71
2025-10-20 23:00:00+00:00,2.241,2.242,2.233,2.236,104959.2
2025-10-21 00:00:00+00:00,2.235,2.243,2.231,2.238,88426.23
2025-10-21 01:00:00+00:00,2.238,2.244,2.23,2.235,106951.09
2025-10-21 02:00:00+00:00,2.236,2.236,2.224,2.225,125822.1
2025-10-21 03:00:00+00:00,2.226,2.23,2.215,2.218,59276.01
2025-10-21 04:00:00+00:00,2.217,2.219,2.192,2.194,271730.96
2025-10-21 05:00:00+00:00,2.195,2.203,2.187,2.19,143010.11
2025-10-21 06:00:00+00:00,2.19,2.2,2.183,2.193,439579.5
2025-10-21 07:00:00+00:00,2.193,2.205,2.186,2.204,84007.02
2025-10-21 08:00:00+00:00,2.203,2.204,2.184,2.195,99525.11
2025-10-21 09:00:00+00:00,2.194,2.197,2.186,2.19,152361.37
2025-10-21 10:00:00+00:00,2.19,2.208,2.184,2.203,159542.14
2025-10-21 11:00:00+00:00,2.202,2.216,2.197,2.211,118656.05
2025-10-21 12:00:00+00:00,2.21,2.232,2.205,2.22,204256.78
2025-10-21 13:00:00+00:00,2.221,2.24,2.211,2.229,273091.6
2025-10-21 14:00:00+00:00,2.229,2.292,2.228,2.289,541715.09
2025-10-21 15:00:00+00:00,2.289,2.318,2.282,2.3,552682.43
2025-10-21 16:00:00+00:00,2.3,2.306,2.236,2.242,612300.53
2025-10-21 17:00:00+00:00,2.242,2.251,2.224,2.242,650381.47
2025-10-21 18:00:00+00:00,2.243,2.25,2.229,2.241,286522.45
2025-10-21 19:00:00+00:00,2.241,2.245,2.229,2.23,145310.34
2025-10-21 20:00:00+00:00,2.23,2.233,2.204,2.205,208851.15
2025-10-21 21:00:00+00:00,2.204,2.209,2.174,2.19,335201.86
2025-10-21 22:00:00+00:00,2.189,2.189,2.142,2.151,361853.58
2025-10-21 23:00:00+00:00,2.151,2.159,2.127,2.139,217242.47
2025-10-22 00:00:00+00:00,2.139,2.148,2.126,2.137,328276.14
2025-10-22 01:00:00+00:00,2.137,2.152,2.133,2.145,218533.13
2025-10-22 02:00:00+00:00,2.146,2.154,2.143,2.144,128264.15
2025-10-22 03:00:00+00:00,2.144,2.152,2.141,2.149,139995.7
2025-10-22 04:00:00+00:00,2.149,2.157,2.146,2.155,88614.95
2025-10-22 05:00:00+00:00,2.154,2.154,2.13,2.148,223920.85
2025-10-22 06:00:00+00:00,2.148,2.151,2.143,2.143,111776.86
2025-10-22 07:00:00+00:00,2.143,2.153,2.136,2.149,174753.74
2025-10-22 08:00:00+00:00,2.149,2.149,2.14,2.144,87470.53
2025-10-22 09:00:00+00:00,2.143,2.146,2.133,2.139,137968.56
2025-10-22 10:00:00+00:00,2.139,2.145,2.134,2.136,135429.78
2025-10-22 11:00:00+00:00,2.137,2.159,2.123,2.143,415412.68
2025-10-22 12:00:00+00:00,2.144,2.151,2.138,2.143,257045.04
2025-10-22 13:00:00+00:00,2.144,2.159,2.137,2.156,305645.35
2025-10-22 14:00:00+00:00,2.156,2.156,2.117,2.141,526924.18
2025-10-22 15:00:00+00:00,2.141,2.147,2.115,2.134,433526.67
2025-10-22 16:00:00+00:00,2.133,2.148,2.115,2.14,477042.22
2025-10-22 17:00:00+00:00,2.139,2.145,2.124,2.128,230654.59
2025-10-22 18:00:00+00:00,2.127,2.132,2.116,2.123,134216.33
2025-10-22 19:00:00+00:00,2.123,2.141,2.114,2.128,173453.4
2025-10-22 20:00:00+00:00,2.128,2.13,2.111,2.116,146152.04
2025-10-22 21:00:00+00:00,2.116,2.117,2.061,2.106,733153.16
2025-10-22 22:00:00+00:00,2.105,2.114,2.091,2.095,184011.15
2025-10-22 23:00:00+00:00,2.095,2.12,2.095,2.113,135009.36
2025-10-23 00:00:00+00:00,2.113,2.123,2.109,2.119,80841.45
2025-10-23 01:00:00+00:00,2.119,2.125,2.113,2.114,134767.28
2025-10-23 02:00:00+00:00,2.115,2.125,2.114,2.121,103467.34
2025-10-23 03:00:00+00:00,2.12,2.125,2.114,2.116,108774.73
2025-10-23 04:00:00+00:00,2.117,2.124,2.113,2.119,81871.31
2025-10-23 05:00:00+00:00,2.118,2.125,2.118,2.123,109778.98
2025-10-23 06:00:00+00:00,2.123,2.147,2.122,2.147,223737.04
2025-10-23 07:00:00+00:00,2.146,2.148,2.134,2.135,114162.55
2025-10-23 08:00:00+00:00,2.135,2.142,2.13,2.131,191590.46
2025-10-23 09:00:00+00:00,2.132,2.133,2.124,2.128,205623.98
2025-10-23 10:00:00+00:00,2.128,2.135,2.12,2.121,190624.9
2025-10-23 11:00:00+00:00,2.121,2.126,2.113,2.117,174300.93
2025-10-23 12:00:00+00:00,2.117,2.119,2.106,2.118,221276.89
2025-10-23 13:00:00+00:00,2.119,2.129,2.109,2.123,181647.23
2025-10-23 14:00:00+00:00,2.124,2.128,2.109,2.127,196676.18
2025-10-23 15:00:00+00:00,2.127,2.14,2.117,2.123,271083.41
2025-10-23 16:00:00+00:00,2.123,2.133,2.111,2.13,184723.32
2025-10-23 17:00:00+00:00,2.13,2.147,2.114,2.146,263868.32
2025-10-23 18:00:00+00:00,2.147,2.148,2.137,2.139,171862.5
2025-10-23 19:00:00+00:00,2.139,2.141,2.129,2.137,126006.66
2025-10-23 20:00:00+00:00,2.138,2.138,2.116,2.124,167585.31
2025-10-23 21:00:00+00:00,2.123,2.129,2.114,2.121,273437.25
2025-10-23 22:00:00+00:00,2.121,2.13,2.118,2.126,102987.88
2025-10-23 23:00:00+00:00,2.126,2.13,2.121,2.126,68070.43
2025-10-24 00:00:00+00:00,2.126,2.133,2.116,2.128,150208.91
2025-10-24 01:00:00+00:00,2.127,2.132,2.12,2.131,72346.79
2025-10-24 02:00:00+00:00,2.13,2.132,2.123,2.126,96531.74
2025-10-24 03:00:00+00:00,2.127,2.128,2.12,2.125,114342.37
2025-10-24 04:00:00+00:00,2.125,2.151,2.12,2.144,201325.02
2025-10-24 05:00:00+00:00,2.145,2.148,2.138,2.145,202165.97
2025-10-24 06:00:00+00:00,2.145,2.149,2.142,2.146,212660.52
2025-10-24 07:00:00+00:00,2.147,2.147,2.139,2.144,219605.51
2025-10-24 08:00:00+00:00,2.144,2.156,2.137,2.152,144329.99
2025-10-24 09:00:00+00:00,2.153,2.156,2.148,2.149,158074.03
2025-10-24 10:00:00+00:00,2.149,2.152,2.135,2.136,109251.92
2025-10-24 11:00:00+00:00,2.137,2.144,2.129,2.143,162271.88
2025-10-24 12:00:00+00:00,2.144,2.182,2.139,2.158,636654.72
2025-10-24 13:00:00+00:00,2.158,2.162,2.139,2.152,287426.97
2025-10-24 14:00:00+00:00,2.152,2.152,2.127,2.14,251905.76
2025-10-24 15:00:00+00:00,2.14,2.147,2.131,2.138,159802.81
2025-10-24 16:00:00+00:00,2.137,2.18,2.131,2.142,472082.98
2025-10-24 17:00:00+00:00,2.143,2.167,2.141,2.164,342600.64
2025-10-24 18:00:00+00:00,2.163,2.173,2.159,2.166,122334.58
2025-10-24 19:00:00+00:00,2.166,2.178,2.163,2.169,87916.74
2025-10-24 20:00:00+00:00,2.168,2.176,2.167,2.171,85800.54
2025-10-24 21:00:00+00:00,2.172,2.179,2.164,2.178,173689.71
2025-10-24 22:00:00+00:00,2.178,2.178,2.168,2.17,63979.34
2025-10-24 23:00:00+00:00,2.171,2.171,2.164,2.167,49065.9
2025-10-25 00:00:00+00:00,2.168,2.178,2.159,2.165,503422.26
2025-10-25 01:00:00+00:00,2.166,2.175,2.15,2.159,404846.26
2025-10-25 02:00:00+00:00,2.158,2.168,2.15,2.155,395459.95
2025-10-25 03:00:00+00:00,2.156,2.162,2.146,2.15,189541.39
2025-10-25 04:00:00+00:00,2.149,2.161,2.148,2.148,152825.11
2025-10-25 05:00:00+00:00,2.149,2.151,2.146,2.149,94249.64
2025-10-25 06:00:00+00:00,2.148,2.151,2.14,2.141,170953.68
2025-10-25 07:00:00+00:00,2.141,2.152,2.14,2.142,89235.15
2025-10-25 08:00:00+00:00,2.142,2.148,2.141,2.147,50976.44
2025-10-25 09:00:00+00:00,2.147,2.151,2.137,2.138,118935.46
2025-10-25 10:00:00+00:00,2.139,2.142,2.133,2.14,73874.0
2025-10-25 11:00:00+00:00,2.139,2.15,2.138,2.146,74918.91
2025-10-25 12:00:00+00:00,2.146,2.152,2.145,2.149,77408.59
2025-10-25 13:00:00+00:00,2.149,2.15,2.142,2.145,106450.91
2025-10-25 14:00:00+00:00,2.146,2.16,2.144,2.158,167064.97
2025-10-25 15:00:00+00:00,2.158,2.16,2.153,2.157,98024.03
2025-10-25 16:00:00+00:00,2.158,2.159,2.152,2.154,99932.04
2025-10-25 17:00:00+00:00,2.154,2.159,2.152,2.155,51535.69
2025-10-25 18:00:00+00:00,2.155,2.163,2.153,2.16,95251.76
2025-10-25 19:00:00+00:00,2.16,2.165,2.158,2.161,112945.13
2025-10-25 20:00:00+00:00,2.162,2.163,2.156,2.156,70096.94
2025-10-25 21:00:00+00:00,2.157,2.16,2.148,2.153,89082.15
2025-10-25 22:00:00+00:00,2.154,2.156,2.147,2.154,58176.0
2025-10-25 23:00:00+00:00,2.153,2.154,2.146,2.148,74742.65
2025-10-26 00:00:00+00:00,2.148,2.153,2.142,2.148,70842.33
2025-10-26 01:00:00+00:00,2.148,2.149,2.136,2.14,143629.18
2025-10-26 02:00:00+00:00,2.139,2.141,2.133,2.136,39308.08
2025-10-26 03:00:00+00:00,2.136,2.14,2.132,2.138,67232.93
2025-10-26 04:00:00+00:00,2.139,2.147,2.138,2.143,96063.49
2025-10-26 05:00:00+00:00,2.144,2.149,2.14,2.147,52130.97
2025-10-26 06:00:00+00:00,2.146,2.148,2.143,2.147,41706.71
2025-10-26 07:00:00+00:00,2.146,2.16,2.146,2.157,88082.5
2025-10-26 08:00:00+00:00,2.157,2.16,2.155,2.159,74336.12
2025-10-26 09:00:00+00:00,2.159,2.181,2.157,2.171,1086093.29
2025-10-26 10:00:00+00:00,2.171,2.174,2.164,2.166,103059.02
2025-10-26 11:00:00+00:00,2.166,2.185,2.161,2.185,174212.53
2025-10-26 12:00:00+00:00,2.185,2.193,2.179,2.19,230343.87
2025-10-26 13:00:00+00:00,2.191,2.202,2.185,2.195,249707.12
2025-10-26 14:00:00+00:00,2.196,2.197,2.185,2.192,168820.95
2025-10-26 15:00:00+00:00,2.192,2.201,2.187,2.2,161539.83
2025-10-26 16:00:00+00:00,2.201,2.206,2.194,2.195,169512.3
2025-10-26 17:00:00+00:00,2.194,2.208,2.191,2.203,177656.17
2025-10-26 18:00:00+00:00,2.204,2.205,2.198,2.2,87496.68
2025-10-26 19:00:00+00:00,2.199,2.2,2.192,2.198,83542.34
2025-10-26 20:00:00+00:00,2.199,2.206,2.19,2.201,110150.34
2025-10-26 21:00:00+00:00,2.201,2.207,2.195,2.205,79152.71
2025-10-26 22:00:00+00:00,2.206,2.24,2.206,2.237,416043.51
2025-10-26 23:00:00+00:00,2.237,2.24,2.222,2.228,225182.3
2025-10-27 00:00:00+00:00,2.228,2.246,2.225,2.237,214028.4
2025-10-27 01:00:00+00:00,2.236,2.25,2.23,2.249,125177.76
2025-10-27 02:00:00+00:00,2.249,2.258,2.245,2.256,283417.16
2025-10-27 03:00:00+00:00,2.257,2.261,2.238,2.241,187977.56
2025-10-27 04:00:00+00:00,2.241,2.246,2.239,2.244,82492.08
2025-10-27 05:00:00+00:00,2.244,2.258,2.241,2.242,151535.74
2025-10-27 06:00:00+00:00,2.242,2.248,2.235,2.242,269099.48
2025-10-27 07:00:00+00:00,2.242,2.25,2.23,2.246,167816.23
2025-10-27 08:00:00+00:00,2.247,2.255,2.235,2.246,352552.25
2025-10-27 09:00:00+00:00,2.246,2.246,2.215,2.221,258857.59
2025-10-27 10:00:00+00:00,2.221,2.224,2.212,2.214,171428.64
2025-10-27 11:00:00+00:00,2.214,2.224,2.206,2.222,198769.62
2025-10-27 12:00:00+00:00,2.222,2.224,2.198,2.2,218815.3
2025-10-27 13:00:00+00:00,2.201,2.211,2.188,2.21,277740.79
2025-10-27 14:00:00+00:00,2.21,2.214,2.197,2.212,174340.98
2025-10-27 15:00:00+00:00,2.212,2.227,2.212,2.223,201924.37
2025-10-27 16:00:00+00:00,2.223,2.248,2.222,2.243,238727.27
2025-10-27 17:00:00+00:00,2.243,2.264,2.239,2.264,339233.85
2025-10-27 18:00:00+00:00,2.263,2.283,2.255,2.275,452029.31
2025-10-27 19:00:00+00:00,2.274,2.284,2.257,2.259,488810.79
2025-10-27 20:00:00+00:00,2.259,2.259,2.235,2.239,355167.29
2025-10-27 21:00:00+00:00,2.239,2.261,2.236,2.243,196652.2
2025-10-27 22:00:00+00:00,2.243,2.266,2.239,2.245,240738.09
2025-10-27 23:00:00+00:00,2.246,2.25,2.229,2.235,237403.28
2025-10-28 00:00:00+00:00,2.235,2.237,2.221,2.227,185096.63
2025-10-28 01:00:00+00:00,2.228,2.24,2.228,2.236,168157.03
2025-10-28 02:00:00+00:00,2.236,2.24,2.204,2.217,171364.39
2025-10-28 03:00:00+00:00,2.217,2.259,2.212,2.229,532458.16
2025-10-28 04:00:00+00:00,2.229,2.237,2.222,2.234,136270.85
2025-10-28 05:00:00+00:00,2.234,2.238,2.209,2.218,226893.55
2025-10-28 06:00:00+00:00,2.219,2.257,2.218,2.254,299423.95
2025-10-28 07:00:00+00:00,2.255,2.257,2.241,2.246,155608.2
2025-10-28 08:00:00+00:00,2.245,2.256,2.238,2.255,213766.83
2025-10-28 09:00:00+00:00,2.254,2.266,2.246,2.247,252470.28
2025-10-28 10:00:00+00:00,2.248,2.29,2.245,2.281,525460.74
2025-10-28 11:00:00+00:00,2.281,2.311,2.274,2.282,677309.84
2025-10-28 12:00:00+00:00,2.282,2.319,2.276,2.312,598724.15
2025-10-28 13:00:00+00:00,2.313,2.321,2.292,2.299,438217.29
2025-10-28 14:00:00+00:00,2.299,2.309,2.237,2.272,859584.47
2025-10-28 15:00:00+00:00,2.273,2.279,2.254,2.262,234162.69
2025-10-28 16:00:00+00:00,2.262,2.276,2.256,2.274,239893.96
2025-10-28 17:00:00+00:00,2.274,2.284,2.264,2.269,145664.13
2025-10-28 18:00:00+00:00,2.269,2.273,2.254,2.262,152530.64
2025-10-28 19:00:00+00:00,2.262,2.269,2.245,2.252,230888.08
2025-10-28 20:00:00+00:00,2.252,2.253,2.207,2.213,585360.39
2025-10-28 21:00:00+00:00,2.212,2.228,2.192,2.218,375308.9
2025-10-28 22:00:00+00:00,2.217,2.236,2.213,2.232,121827.09
2025-10-28 23:00:00+00:00,2.231,2.245,2.214,2.243,435300.54
2025-10-29 00:00:00+00:00,2.243,2.275,2.242,2.261,539549.49
2025-10-29 01:00:00+00:00,2.262,2.273,2.247,2.27,200272.79
2025-10-29 02:00:00+00:00,2.27,2.281,2.26,2.272,233584.38
2025-10-29 03:00:00+00:00,2.271,2.277,2.264,2.266,170917.03
2025-10-29 04:00:00+00:00,2.265,2.282,2.264,2.273,155900.98
2025-10-29 05:00:00+00:00,2.273,2.281,2.262,2.265,157735.72
2025-10-29 06:00:00+00:00,2.266,2.276,2.257,2.275,263152.81
2025-10-29 07:00:00+00:00,2.276,2.281,2.263,2.267,206771.56
2025-10-29 08:00:00+00:00,2.268,2.269,2.25,2.252,296606.59
2025-10-29 09:00:00+00:00,2.251,2.266,2.25,2.259,146975.78
2025-10-29 10:00:00+00:00,2.259,2.282,2.259,2.276,196445.4
2025-10-29 11:00:00+00:00,2.277,2.321,2.273,2.31,742671.82
2025-10-29 12:00:00+00:00,2.309,2.326,2.226,2.247,2173845.01
2025-10-29 13:00:00+00:00,2.246,2.257,2.236,2.253,596746.34
2025-10-29 14:00:00+00:00,2.252,2.275,2.252,2.265,412916.53
2025-10-29 15:00:00+00:00,2.266,2.271,2.205,2.208,617661.57
2025-10-29 16:00:00+00:00,2.209,2.235,2.199,2.228,605798.85
2025-10-29 17:00:00+00:00,2.228,2.252,2.228,2.247,222751.24
2025-10-29 18:00:00+00:00,2.247,2.25,2.17,2.227,1384650.91
2025-10-29 19:00:00+00:00,2.226,2.241,2.208,2.236,271670.66
2025-10-29 20:00:00+00:00,2.236,2.254,2.223,2.246,223694.34
2025-10-29 21:00:00+00:00,2.247,2.271,2.24,2.24,374179.17
2025-10-29 22:00:00+00:00,2.241,2.245,2.23,2.232,125721.95
2025-10-29 23:00:00+00:00,2.232,2.232,2.206,2.213,153728.62
2025-10-30 00:00:00+00:00,2.213,2.224,2.205,2.219,151971.56
2025-10-30 01:00:00+00:00,2.219,2.228,2.21,2.222,131008.08
2025-10-30 02:00:00+00:00,2.221,2.226,2.217,2.222,141266.92
2025-10-30 03:00:00+00:00,2.223,2.223,2.204,2.212,133525.64
2025-10-30 04:00:00+00:00,2.211,2.213,2.156,2.167,875103.07
2025-10-30 05:00:00+00:00,2.167,2.204,2.163,2.201,314482.7
2025-10-30 06:00:00+00:00,2.201,2.211,2.194,2.201,222632.21
2025-10-30 07:00:00+00:00,2.202,2.216,2.201,2.21,125910.96
2025-10-30 08:00:00+00:00,2.21,2.21,2.194,2.201,142159.41
2025-10-30 09:00:00+00:00,2.201,2.204,2.188,2.191,93371.16
2025-10-30 10:00:00+00:00,2.191,2.199,2.179,2.182,117423.05
2025-10-30 11:00:00+00:00,2.182,2.191,2.178,2.185,191018.45
2025-10-30 12:00:00+00:00,2.186,2.19,2.159,2.17,567740.69
2025-10-30 13:00:00+00:00,2.17,2.181,2.138,2.144,496918.13
2025-10-30 14:00:00+00:00,2.144,2.162,2.139,2.147,321060.2
2025-10-30 15:00:00+00:00,2.146,2.15,2.115,2.121,398057.2
2025-10-30 16:00:00+00:00,2.12,2.13,2.108,2.128,371210.06
2025-10-30 17:00:00+00:00,2.129,2.129,2.086,2.113,546465.23
2025-10-30 18:00:00+00:00,2.113,2.118,2.086,2.092,211731.19
2025-10-30 19:00:00+00:00,2.092,2.098,2.077,2.082,327235.91
2025-10-30 20:00:00+00:00,2.082,2.128,2.079,2.127,387791.93
2025-10-30 21:00:00+00:00,2.127,2.152,2.125,2.127,293455.47
2025-10-30 22:00:00+00:00,2.127,2.146,2.125,2.139,100118.62
2025-10-30 23:00:00+00:00,2.139,2.157,2.131,2.155,134117.56
2025-10-31 00:00:00+00:00,2.155,2.169,2.146,2.165,150189.15
2025-10-31 01:00:00+00:00,2.165,2.176,2.157,2.175,228662.83
2025-10-31 02:00:00+00:00,2.175,2.179,2.163,2.174,202197.92
2025-10-31 03:00:00+00:00,2.174,2.183,2.156,2.16,157948.12
2025-10-31 04:00:00+00:00,2.161,2.18,2.16,2.18,192672.06
2025-10-31 05:00:00+00:00,2.179,2.179,2.153,2.156,152035.71
2025-10-31 06:00:00+00:00,2.156,2.16,2.146,2.153,94876.85
2025-10-31 07:00:00+00:00,2.153,2.156,2.138,2.145,299683.19
2025-10-31 08:00:00+00:00,2.144,2.16,2.14,2.159,118602.17
2025-10-31 09:00:00+00:00,2.16,2.163,2.154,2.161,318196.12
2025-10-31 10:00:00+00:00,2.16,2.202,2.16,2.192,1202366.31
2025-10-31 11:00:00+00:00,2.192,2.253,2.185,2.248,1814679.94
2025-10-31 12:00:00+00:00,2.248,2.289,2.242,2.262,1417450.48
2025-10-31 13:00:00+00:00,2.262,2.274,2.232,2.245,607053.36
2025-10-31 14:00:00+00:00,2.246,2.277,2.242,2.272,511898.43
2025-10-31 15:00:00+00:00,2.271,2.273,2.257,2.261,362377.42
2025-10-31 16:00:00+00:00,2.261,2.27,2.236,2.239,429437.69
2025-10-31 17:00:00+00:00,2.239,2.248,2.229,2.235,324600.49
2025-10-31 18:00:00+00:00,2.236,2.274,2.236,2.27,307154.98
2025-10-31 19:00:00+00:00,2.269,2.295,2.262,2.289,345801.4
2025-10-31 20:00:00+00:00,2.289,2.291,2.269,2.28,268733.95
2025-10-31 21:00:00+00:00,2.279,2.299,2.277,2.293,318503.6
2025-10-31 22:00:00+00:00,2.293,2.301,2.286,2.291,306241.39
2025-10-31 23:00:00+00:00,2.292,2.297,2.282,2.284,154702.56
2025-11-01 00:00:00+00:00,2.285,2.301,2.284,2.294,273741.65
2025-11-01 01:00:00+00:00,2.295,2.304,2.286,2.291,256228.97
2025-11-01 02:00:00+00:00,2.291,2.307,2.277,2.3,325621.23
2025-11-01 03:00:00+00:00,2.301,2.311,2.298,2.31,287225.05
2025-11-01 04:00:00+00:00,2.31,2.321,2.303,2.312,383362.09
2025-11-01 05:00:00+00:00,2.312,2.331,2.303,2.319,275861.13
2025-11-01 06:00:00+00:00,2.319,2.327,2.301,2.315,437053.22
2025-11-01 07:00:00+00:00,2.315,2.324,2.312,2.322,287740.27
2025-11-01 08:00:00+00:00,2.322,2.345,2.321,2.344,568711.52
2025-11-01 09:00:00+00:00,2.344,2.344,2.306,2.313,296110.62
2025-11-01 10:00:00+00:00,2.313,2.325,2.309,2.311,223597.63
2025-11-01 11:00:00+00:00,2.312,2.319,2.302,2.305,241876.14
2025-11-01 12:00:00+00:00,2.304,2.312,2.298,2.302,219453.45
2025-11-01 13:00:00+00:00,2.302,2.309,2.288,2.294,173467.86
2025-11-01 14:00:00+00:00,2.295,2.297,2.278,2.284,360142.11
2025-11-01 15:00:00+00:00,2.283,2.301,2.281,2.295,173864.45
2025-11-01 16:00:00+00:00,2.296,2.302,2.291,2.298,87207.18
2025-11-01 17:00:00+00:00,2.298,2.324,2.293,2.315,285960.36
2025-11-01 18:00:00+00:00,2.315,2.322,2.308,2.319,96561.28
2025-11-01 19:00:00+00:00,2.319,2.319,2.312,2.317,63584.24
2025-11-01 20:00:00+00:00,2.316,2.32,2.306,2.31,129403.58
2025-11-01 21:00:00+00:00,2.31,2.312,2.298,2.299,139202.38
2025-11-01 22:00:00+00:00,2.3,2.308,2.298,2.307,117552.78
2025-11-01 23:00:00+00:00,2.308,2.313,2.303,2.308,80348.28
2025-11-02 00:00:00+00:00,2.309,2.313,2.304,2.307,67639.6
2025-11-02 01:00:00+00:00,2.308,2.315,2.303,2.305,113715.02
2025-11-02 02:00:00+00:00,2.305,2.309,2.299,2.302,95044.49
2025-11-02 03:00:00+00:00,2.302,2.362,2.3,2.315,784922.51
2025-11-02 04:00:00+00:00,2.314,2.329,2.308,2.325,133777.98
2025-11-02 05:00:00+00:00,2.325,2.326,2.315,2.321,48573.93
2025-11-02 06:00:00+00:00,2.322,2.335,2.317,2.328,166153.47
2025-11-02 07:00:00+00:00,2.329,2.329,2.322,2.324,91424.66
2025-11-02 08:00:00+00:00,2.324,2.329,2.312,2.315,84223.05
2025-11-02 09:00:00+00:00,2.314,2.33,2.313,2.32,238904.86
2025-11-02 10:00:00+00:00,2.32,2.326,2.296,2.307,360068.42
2025-11-02 11:00:00+00:00,2.306,2.347,2.302,2.317,496044.07
2025-11-02 12:00:00+00:00,2.318,2.319,2.3,2.306,307398.68
2025-11-02 13:00:00+00:00,2.305,2.307,2.29,2.301,216414.31
2025-11-02 14:00:00+00:00,2.3,2.301,2.273,2.284,320411.6
2025-11-02 15:00:00+00:00,2.284,2.289,2.275,2.284,130235.76
2025-11-02 16:00:00+00:00,2.284,2.287,2.264,2.285,223635.73
2025-11-02 17:00:00+00:00,2.286,2.297,2.285,2.291,83565.04
2025-11-02 18:00:00+00:00,2.292,2.294,2.273,2.282,241680.0
2025-11-02 19:00:00+00:00,2.281,2.293,2.279,2.289,130353.39
2025-11-02 20:00:00+00:00,2.29,2.29,2.281,2.285,60094.14
2025-11-02 21:00:00+00:00,2.285,2.29,2.282,2.282,63547.65
2025-11-02 22:00:00+00:00,2.283,2.295,2.281,2.291,78752.63
2025-11-02 23:00:00+00:00,2.292,2.315,2.292,2.31,104804.82
2025-11-03 00:00:00+00:00,2.311,2.312,2.284,2.286,200729.18
2025-11-03 01:00:00+00:00,2.285,2.289,2.272,2.275,167779.61
2025-11-03 02:00:00+00:00,2.274,2.278,2.233,2.251,458384.37
2025-11-03 03:00:00+00:00,2.251,2.254,2.203,2.206,572777.05
2025-11-03 04:00:00+00:00,2.206,2.218,2.194,2.216,434519.91
2025-11-03 05:00:00+00:00,2.216,2.23,2.198,2.199,194774.98
2025-11-03 06:00:00+00:00,2.2,2.204,2.165,2.181,309210.27
2025-11-03 07:00:00+00:00,2.181,2.209,2.176,2.202,199121.07
2025-11-03 08:00:00+00:00,2.202,2.209,2.18,2.2,185101.41
2025-11-03 09:00:00+00:00,2.2,2.213,2.19,2.192,164621.0
2025-11-03 10:00:00+00:00,2.191,2.201,2.178,2.184,150164.32
2025-11-03 11:00:00+00:00,2.184,2.204,2.175,2.191,301193.89
2025-11-03 12:00:00+00:00,2.19,2.202,2.14,2.172,895574.91
2025-11-03 13:00:00+00:00,2.172,2.185,2.158,2.17,456326.8
2025-11-03 14:00:00+00:00,2.171,2.181,2.161,2.176,336055.14
2025-11-03 15:00:00+00:00,2.176,2.178,2.0,2.079,3248818.97
2025-11-03 16:00:00+00:00,2.078,2.102,2.065,2.088,786387.72
2025-11-03 17:00:00+00:00,2.087,2.121,2.082,2.113,428895.66
2025-11-03 18:00:00+00:00,2.112,2.112,2.061,2.067,1001292.88
2025-11-03 19:00:00+00:00,2.068,2.075,2.046,2.048,1011953.03
2025-11-03 20:00:00+00:00,2.049,2.052,2.016,2.019,525780.2
2025-11-03 21:00:00+00:00,2.019,2.04,1.997,2.024,745589.36
2025-11-03 22:00:00+00:00,2.025,2.027,2.003,2.011,364732.3
2025-11-03 23:00:00+00:00,2.012,2.019,1.99,2.017,304872.96
2025-11-04 00:00:00+00:00,2.017,2.034,1.993,2.021,353321.73
2025-11-04 01:00:00+00:00,2.022,2.042,2.016,2.029,410429.48
2025-11-04 02:00:00+00:00,2.029,2.029,2.001,2.006,260100.48
2025-11-04 03:00:00+00:00,2.006,2.021,2.0,2.015,260835.87
2025-11-04 04:00:00+00:00,2.016,2.027,2.002,2.003,411457.97
2025-11-04 05:00:00+00:00,2.002,2.008,1.917,1.919,1727447.41
2025-11-04 06:00:00+00:00,1.919,1.989,1.918,1.973,1201148.16
2025-11-04 07:00:00+00:00,1.974,1.983,1.949,1.956,1308540.99
2025-11-04 08:00:00+00:00,1.955,1.974,1.937,1.962,1139587.17
2025-11-04 09:00:00+00:00,1.961,1.991,1.96,1.98,471947.99
2025-11-04 10:00:00+00:00,1.979,1.994,1.976,1.994,352821.65
2025-11-04 11:00:00+00:00,1.994,2.003,1.968,1.976,429760.2
2025-11-04 12:00:00+00:00,1.976,1.984,1.964,1.974,348082.29
2025-11-04 13:00:00+00:00,1.974,1.995,1.971,1.991,343227.31
2025-11-04 14:00:00+00:00,1.99,2.026,1.971,2.017,616818.09
2025-11-04 15:00:00+00:00,2.017,2.025,1.968,1.973,621861.51
2025-11-04 16:00:00+00:00,1.972,1.981,1.918,1.922,741124.3
2025-11-04 17:00:00+00:00,1.922,1.931,1.873,1.908,1438445.35
2025-11-04 18:00:00+00:00,1.909,1.91,1.841,1.901,1639322.53
2025-11-04 19:00:00+00:00,1.901,1.916,1.882,1.884,660558.21
2025-11-04 20:00:00+00:00,1.885,1.898,1.805,1.867,2227046.02
2025-11-04 21:00:00+00:00,1.867,1.879,1.792,1.862,2023311.38
2025-11-04 22:00:00+00:00,1.862,1.905,1.854,1.903,712707.47
2025-11-04 23:00:00+00:00,1.903,1.913,1.891,1.902,450884.82
2025-11-05 00:00:00+00:00,1.901,1.908,1.88,1.893,327674.06
2025-11-05 01:00:00+00:00,1.894,1.897,1.832,1.886,747003.03
2025-11-05 02:00:00+00:00,1.887,1.934,1.887,1.93,1137677.86
2025-11-05 03:00:00+00:00,1.931,1.943,1.922,1.94,477790.21
2025-11-05 04:00:00+00:00,1.94,1.947,1.924,1.927,304278.56
2025-11-05 05:00:00+00:00,1.927,1.935,1.892,1.896,597411.97
2025-11-05 06:00:00+00:00,1.896,1.901,1.877,1.899,281120.15
2025-11-05 07:00:00+00:00,1.899,1.904,1.888,1.894,387479.74
2025-11-05 08:00:00+00:00,1.893,1.895,1.867,1.883,546517.71
2025-11-05 09:00:00+00:00,1.883,1.902,1.88,1.891,331977.98
2025-11-05 10:00:00+00:00,1.89,1.898,1.878,1.881,257482.83
2025-11-05 11:00:00+00:00,1.881,1.919,1.877,1.915,494929.45
2025-11-05 12:00:00+00:00,1.914,1.925,1.906,1.923,238603.57
2025-11-05 13:00:00+00:00,1.922,1.938,1.921,1.933,365633.71
2025-11-05 14:00:00+00:00,1.933,1.935,1.91,1.919,593109.38
2025-11-05 15:00:00+00:00,1.918,1.929,1.91,1.924,334325.78
2025-11-05 16:00:00+00:00,1.925,1.964,1.921,1.963,713008.49
2025-11-05 17:00:00+00:00,1.963,1.968,1.953,1.957,217554.55
2025-11-05 18:00:00+00:00,1.957,1.968,1.949,1.964,170123.25
2025-11-05 19:00:00+00:00,1.963,1.969,1.942,1.957,388256.56
2025-11-05 20:00:00+00:00,1.957,1.967,1.951,1.962,186107.73
2025-11-05 21:00:00+00:00,1.961,1.962,1.951,1.954,113435.45
2025-11-05 22:00:00+00:00,1.954,1.965,1.95,1.964,96857.09
2025-11-05 23:00:00+00:00,1.965,1.967,1.957,1.958,89059.73
2025-11-06 00:00:00+00:00,1.959,1.963,1.941,1.949,120030.72
2025-11-06 01:00:00+00:00,1.949,1.949,1.925,1.945,222453.9
2025-11-06 02:00:00+00:00,1.945,1.958,1.928,1.947,253426.5
2025-11-06 03:00:00+00:00,1.948,1.953,1.942,1.948,139883.74
2025-11-06 04:00:00+00:00,1.949,1.96,1.945,1.957,132674.47
2025-11-06 05:00:00+00:00,1.957,1.959,1.927,1.928,149163.4
2025-11-06 06:00:00+00:00,1.928,1.941,1.927,1.929,107628.97
2025-11-06 07:00:00+00:00,1.93,1.94,1.918,1.929,218948.87
2025-11-06 08:00:00+00:00,1.928,1.933,1.918,1.927,202705.88
2025-11-06 09:00:00+00:00,1.927,1.936,1.92,1.923,224437.82
2025-11-06 10:00:00+00:00,1.923,1.934,1.914,1.927,359309.26
2025-11-06 11:00:00+00:00,1.928,1.936,1.919,1.929,157650.74
2025-11-06 12:00:00+00:00,1.929,1.932,1.914,1.915,160010.05
2025-11-06 13:00:00+00:00,1.915,1.956,1.914,1.947,406089.53
2025-11-06 14:00:00+00:00,1.947,1.953,1.923,1.926,261526.73
2025-11-06 15:00:00+00:00,1.926,1.949,1.902,1.916,508186.65
2025-11-06 16:00:00+00:00,1.917,1.928,1.885,1.914,363116.02
2025-11-06 17:00:00+00:00,1.914,1.93,1.906,1.928,272945.42
2025-11-06 18:00:00+00:00,1.927,1.949,1.911,1.943,182587.86
2025-11-06 19:00:00+00:00,1.943,1.944,1.923,1.934,274867.14
2025-11-06 20:00:00+00:00,1.934,1.942,1.909,1.919,243941.8
2025-11-06 21:00:00+00:00,1.92,1.945,1.913,1.939,172649.39
2025-11-06 22:00:00+00:00,1.939,1.956,1.934,1.955,195022.6
2025-11-06 23:00:00+00:00,1.955,1.96,1.936,1.958,250951.37
2025-11-07 00:00:00+00:00,1.959,1.985,1.958,1.984,211699.45
2025-11-07 01:00:00+00:00,1.984,1.991,1.954,1.971,400209.68
2025-11-07 02:00:00+00:00,1.972,1.974,1.956,1.973,472458.98
2025-11-07 03:00:00+00:00,1.974,1.99,1.972,1.983,253099.99
2025-11-07 04:00:00+00:00,1.984,1.986,1.964,1.977,174275.64
2025-11-07 05:00:00+00:00,1.976,1.998,1.974,1.996,236829.63
2025-11-07 06:00:00+00:00,1.996,2.014,1.992,2.002,282686.6
2025-11-07 07:00:00+00:00,2.002,2.019,1.996,2.017,355328.72
2025-11-07 08:00:00+00:00,2.017,2.017,1.995,2.003,267662.2
2025-11-07 09:00:00+00:00,2.004,2.004,1.972,1.992,265185.28
2025-11-07 10:00:00+00:00,1.992,2.001,1.971,1.978,296053.57
2025-11-07 11:00:00+00:00,1.978,1.978,1.943,1.958,529516.26
2025-11-07 12:00:00+00:00,1.958,1.971,1.92,1.93,396134.43
2025-11-07 13:00:00+00:00,1.93,1.953,1.924,1.948,263210.0
2025-11-07 14:00:00+00:00,1.948,1.995,1.923,1.987,548305.38
2025-11-07 15:00:00+00:00,1.987,2.018,1.972,2.01,751329.65
2025-11-07 16:00:00+00:00,2.01,2.071,2.007,2.061,1019913.41
2025-11-07 17:00:00+00:00,2.061,2.092,2.045,2.088,910108.67
2025-11-07 18:00:00+00:00,2.089,2.127,2.084,2.098,1013555.28
2025-11-07 19:00:00+00:00,2.098,2.11,2.084,2.1,317461.45
2025-11-07 20:00:00+00:00,2.1,2.105,2.085,2.095,307879.65
2025-11-07 21:00:00+00:00,2.094,2.106,2.09,2.106,182213.75
2025-11-07 22:00:00+00:00,2.105,2.119,2.097,2.115,289716.33
2025-11-07 23:00:00+00:00,2.115,2.118,2.087,2.091,310176.0
2025-11-08 00:00:00+00:00,2.091,2.138,2.09,2.094,291503.74
2025-11-08 01:00:00+00:00,2.094,2.132,2.092,2.132,268295.95
2025-11-08 02:00:00+00:00,2.133,2.142,2.118,2.121,310460.94
2025-11-08 03:00:00+00:00,2.121,2.151,2.102,2.103,406305.83
2025-11-08 04:00:00+00:00,2.104,2.122,2.102,2.106,317995.51
2025-11-08 05:00:00+00:00,2.106,2.109,2.073,2.075,348485.97
2025-11-08 06:00:00+00:00,2.075,2.084,2.058,2.079,346481.04
2025-11-08 07:00:00+00:00,2.08,2.093,2.065,2.084,505728.57
2025-11-08 08:00:00+00:00,2.085,2.099,2.068,2.092,302857.21
2025-11-08 09:00:00+00:00,2.091,2.093,2.068,2.074,166387.87
2025-11-08 10:00:00+00:00,2.074,2.089,2.068,2.086,292576.69
2025-11-08 11:00:00+00:00,2.086,2.098,2.082,2.092,146848.01
2025-11-08 12:00:00+00:00,2.092,2.112,2.085,2.112,195398.03
2025-11-08 13:00:00+00:00,2.112,2.112,2.09,2.095,271288.38
2025-11-08 14:00:00+00:00,2.095,2.102,2.066,2.093,307239.69
2025-11-08 15:00:00+00:00,2.092,2.101,2.06,2.07,363360.52
2025-11-08 16:00:00+00:00,2.07,2.077,2.049,2.077,316930.66
2025-11-08 17:00:00+00:00,2.076,2.094,2.069,2.085,196686.48
2025-11-08 18:00:00+00:00,2.085,2.1,2.082,2.095,117707.0
2025-11-08 19:00:00+00:00,2.095,2.098,2.069,2.085,154152.36
2025-11-08 20:00:00+00:00,2.085,2.098,2.076,2.089,116264.52
2025-11-08 21:00:00+00:00,2.089,2.099,2.086,2.096,86864.06
2025-11-08 22:00:00+00:00,2.096,2.098,2.087,2.091,136489.83
2025-11-08 23:00:00+00:00,2.091,2.094,2.087,2.094,69167.23
2025-11-09 00:00:00+00:00,2.093,2.098,2.074,2.078,198787.48
2025-11-09 01:00:00+00:00,2.078,2.09,2.074,2.083,233484.77
2025-11-09 02:00:00+00:00,2.083,2.084,2.038,2.043,264775.76
2025-11-09 03:00:00+00:00,2.043,2.047,2.023,2.031,270019.86
2025-11-09 04:00:00+00:00,2.031,2.048,2.031,2.04,166993.92
2025-11-09 05:00:00+00:00,2.04,2.052,2.036,2.048,126044.2
2025-11-09 06:00:00+00:00,2.048,2.062,2.04,2.047,124277.79
2025-11-09 07:00:00+00:00,2.047,2.068,2.046,2.064,208769.38
2025-11-09 08:00:00+00:00,2.064,2.065,2.05,2.056,104992.69
2025-11-09 09:00:00+00:00,2.057,2.07,2.044,2.048,140323.17
2025-11-09 10:00:00+00:00,2.047,2.063,2.041,2.062,105870.54
2025-11-09 11:00:00+00:00,2.063,2.079,2.062,2.073,138036.06
2025-11-09 12:00:00+00:00,2.074,2.082,2.07,2.081,154452.01
2025-11-09 13:00:00+00:00,2.081,2.092,2.077,2.087,179163.96
2025-11-09 14:00:00+00:00,2.086,2.119,2.076,2.101,450795.12
2025-11-09 15:00:00+00:00,2.101,2.146,2.101,2.142,324624.46
2025-11-09 16:00:00+00:00,2.142,2.145,2.123,2.133,279583.77
2025-11-09 17:00:00+00:00,2.132,2.134,2.114,2.119,173452.54
2025-11-09 18:00:00+00:00,2.12,2.134,2.107,2.125,211125.58
2025-11-09 19:00:00+00:00,2.125,2.131,2.116,2.129,368641.01
2025-11-09 20:00:00+00:00,2.13,2.133,2.117,2.123,102205.27
2025-11-09 21:00:00+00:00,2.124,2.126,2.107,2.112,124141.34
2025-11-09 22:00:00+00:00,2.113,2.117,2.099,2.11,118261.3
2025-11-09 23:00:00+00:00,2.111,2.122,2.103,2.11,167927.93
2025-11-10 00:00:00+00:00,2.109,2.14,2.096,2.129,241630.33
2025-11-10 01:00:00+00:00,2.129,2.137,2.12,2.122,212437.43
2025-11-10 02:00:00+00:00,2.122,2.128,2.115,2.127,133004.93
2025-11-10 03:00:00+00:00,2.128,2.137,2.12,2.121,422686.59
2025-11-10 04:00:00+00:00,2.122,2.13,2.113,2.124,334112.96
2025-11-10 05:00:00+00:00,2.124,2.128,2.108,2.12,291462.92
2025-11-10 06:00:00+00:00,2.12,2.125,2.118,2.12,112217.64
2025-11-10 07:00:00+00:00,2.12,2.129,2.117,2.123,352739.95
2025-11-10 08:00:00+00:00,2.123,2.131,2.117,2.127,296295.03
2025-11-10 09:00:00+00:00,2.128,2.145,2.124,2.143,733272.01
2025-11-10 10:00:00+00:00,2.144,2.148,2.123,2.128,239378.56
2025-11-10 11:00:00+00:00,2.129,2.139,2.126,2.132,177591.86
2025-11-10 12:00:00+00:00,2.133,2.136,2.124,2.129,181840.84
2025-11-10 13:00:00+00:00,2.129,2.155,2.128,2.143,157177.69
2025-11-10 14:00:00+00:00,2.142,2.142,2.1,2.109,301976.25
2025-11-10 15:00:00+00:00,2.11,2.146,2.11,2.121,440863.11
2025-11-10 16:00:00+00:00,2.122,2.131,2.098,2.103,234977.14
2025-11-10 17:00:00+00:00,2.103,2.122,2.102,2.117,144001.94
2025-11-10 18:00:00+00:00,2.118,2.126,2.11,2.11,115959.26
2025-11-10 19:00:00+00:00,2.11,2.13,2.102,2.119,358020.42
2025-11-10 20:00:00+00:00,2.119,2.135,2.118,2.127,303547.39
2025-11-10 21:00:00+00:00,2.128,2.128,2.101,2.116,232795.26
2025-11-10 22:00:00+00:00,2.116,2.154,2.112,2.151,208851.5
2025-11-10 23:00:00+00:00,2.152,2.152,2.133,2.14,106293.59
2025-11-11 00:00:00+00:00,2.141,2.147,2.114,2.126,148995.73
2025-11-11 01:00:00+00:00,2.127,2.165,2.109,2.114,735069.32
2025-11-11 02:00:00+00:00,2.114,2.14,2.108,2.132,267970.85
2025-11-11 03:00:00+00:00,2.132,2.142,2.129,2.133,156557.25
2025-11-11 04:00:00+00:00,2.133,2.138,2.108,2.115,154551.64
2025-11-11 05:00:00+00:00,2.114,2.115,2.096,2.102,356395.15
2025-11-11 06:00:00+00:00,2.103,2.112,2.097,2.109,203389.78
2025-11-11 07:00:00+00:00,2.109,2.11,2.077,2.081,349557.8
2025-11-11 08:00:00+00:00,2.08,2.087,2.071,2.081,220887.78
2025-11-11 09:00:00+00:00,2.081,2.091,2.077,2.079,144821.75
2025-11-11 10:00:00+00:00,2.079,2.088,2.077,2.088,143222.08
2025-11-11 11:00:00+00:00,2.089,2.102,2.086,2.094,121044.2
2025-11-11 12:00:00+00:00,2.095,2.099,2.075,2.081,212009.85
2025-11-11 13:00:00+00:00,2.082,2.089,2.072,2.074,220704.7
2025-11-11 14:00:00+00:00,2.075,2.097,2.066,2.097,1025413.44
2025-11-11 15:00:00+00:00,2.096,2.096,2.061,2.073,330790.43
2025-11-11 16:00:00+00:00,2.073,2.082,2.066,2.072,183279.35
2025-11-11 17:00:00+00:00,2.072,2.082,2.038,2.058,312189.11
2025-11-11 18:00:00+00:00,2.059,2.065,2.048,2.051,270735.95
2025-11-11 19:00:00+00:00,2.051,2.054,2.033,2.038,391090.32
2025-11-11 20:00:00+00:00,2.038,2.05,2.031,2.038,352692.48
2025-11-11 21:00:00+00:00,2.037,2.046,2.03,2.032,114547.04
2025-11-11 22:00:00+00:00,2.032,2.057,2.021,2.049,300203.87
2025-11-11 23:00:00+00:00,2.05,2.053,2.026,2.031,112671.5
2025-11-12 00:00:00+00:00,2.031,2.039,2.019,2.024,145053.75
2025-11-12 01:00:00+00:00,2.025,2.047,2.024,2.039,147498.96
2025-11-12 02:00:00+00:00,2.039,2.044,2.023,2.037,185266.04
2025-11-12 03:00:00+00:00,2.037,2.047,2.035,2.043,110351.65
2025-11-12 04:00:00+00:00,2.044,2.047,2.04,2.047,76729.8
2025-11-12 05:00:00+00:00,2.047,2.055,2.043,2.051,84082.39
2025-11-12 06:00:00+00:00,2.05,2.061,2.049,2.056,80945.87
2025-11-12 07:00:00+00:00,2.056,2.058,2.032,2.036,275625.38
2025-11-12 08:00:00+00:00,2.037,2.069,2.036,2.061,161131.99
2025-11-12 09:00:00+00:00,2.062,2.078,2.061,2.076,297504.47
2025-11-12 10:00:00+00:00,2.076,2.092,2.076,2.091,207495.19
2025-11-12 11:00:00+00:00,2.092,2.099,2.085,2.087,187926.79
2025-11-12 12:00:00+00:00,2.087,2.1,2.08,2.092,255772.25
2025-11-12 13:00:00+00:00,2.092,2.12,2.091,2.115,324322.25
2025-11-12 14:00:00+00:00,2.114,2.115,2.048,2.076,809152.06
2025-11-12 15:00:00+00:00,2.076,2.089,2.033,2.041,660433.03
2025-11-12 16:00:00+00:00,2.04,2.045,2.003,2.014,468571.52
2025-11-12 17:00:00+00:00,2.014,2.019,1.991,2.005,365091.33
2025-11-12 18:00:00+00:00,2.005,2.012,1.999,2.002,190896.07
2025-11-12 19:00:00+00:00,2.001,2.009,1.984,2.003,186347.68
2025-11-12 20:00:00+00:00,2.003,2.026,1.997,2.017,91095.02
2025-11-12 21:00:00+00:00,2.018,2.027,1.991,2.004,540051.0
2025-11-12 22:00:00+00:00,2.004,2.017,1.997,2.015,197285.96
2025-11-12 23:00:00+00:00,2.014,2.014,2.0,2.01,135999.88
2025-11-13 00:00:00+00:00,2.01,2.019,2.003,2.014,136241.48
2025-11-13 01:00:00+00:00,2.013,2.033,2.011,2.017,205300.76
2025-11-13 02:00:00+00:00,2.016,2.05,2.003,2.009,894854.28
2025-11-13 03:00:00+00:00,2.009,2.038,1.989,2.026,281688.68
2025-11-13 04:00:00+00:00,2.026,2.036,2.015,2.032,210435.09
2025-11-13 05:00:00+00:00,2.031,2.057,2.024,2.055,144869.52
2025-11-13 06:00:00+00:00,2.055,2.062,2.048,2.055,256065.54
2025-11-13 07:00:00+00:00,2.055,2.067,2.051,2.057,235996.5
2025-11-13 08:00:00+00:00,2.057,2.072,2.053,2.064,151930.77
2025-11-13 09:00:00+00:00,2.063,2.065,2.041,2.048,143505.25
2025-11-13 10:00:00+00:00,2.049,2.074,2.049,2.059,150758.22
2025-11-13 11:00:00+00:00,2.059,2.067,2.048,2.049,85242.68
2025-11-13 12:00:00+00:00,2.05,2.051,2.039,2.049,153882.44
2025-11-13 13:00:00+00:00,2.049,2.096,2.047,2.071,2604884.55
2025-11-13 14:00:00+00:00,2.07,2.104,2.057,2.09,556615.61
2025-11-13 15:00:00+00:00,2.09,2.106,2.065,2.073,342602.27
2025-11-13 16:00:00+00:00,2.072,2.077,2.018,2.021,780787.32
2025-11-13 17:00:00+00:00,2.021,2.022,1.97,1.973,602855.43
2025-11-13 18:00:00+00:00,1.973,1.987,1.959,1.97,613534.86
2025-11-13 19:00:00+00:00,1.971,1.987,1.945,1.949,1007817.51
2025-11-13 20:00:00+00:00,1.949,1.967,1.94,1.948,369501.3
2025-11-13 21:00:00+00:00,1.947,1.967,1.942,1.952,363581.28
2025-11-13 22:00:00+00:00,1.951,1.98,1.944,1.975,311260.11
2025-11-13 23:00:00+00:00,1.975,2.001,1.971,1.988,221430.72
2025-11-14 00:00:00+00:00,1.989,2.0,1.968,1.975,323090.6
2025-11-14 01:00:00+00:00,1.975,1.984,1.965,1.971,338092.69
2025-11-14 02:00:00+00:00,1.971,1.984,1.969,1.972,286514.13
2025-11-14 03:00:00+00:00,1.973,1.974,1.949,1.959,233316.79
2025-11-14 04:00:00+00:00,1.958,1.959,1.886,1.92,1206006.48
2025-11-14 05:00:00+00:00,1.919,1.947,1.918,1.941,514450.93
2025-11-14 06:00:00+00:00,1.941,1.958,1.91,1.955,463108.39
2025-11-14 07:00:00+00:00,1.956,1.975,1.94,1.96,496132.04
2025-11-14 08:00:00+00:00,1.96,1.962,1.939,1.948,207088.83
2025-11-14 09:00:00+00:00,1.948,1.961,1.927,1.929,476247.36
2025-11-14 10:00:00+00:00,1.929,1.949,1.927,1.937,160936.09
2025-11-14 11:00:00+00:00,1.937,1.937,1.918,1.929,273856.11
2025-11-14 12:00:00+00:00,1.929,1.929,1.852,1.889,1211897.11
2025-11-14 13:00:00+00:00,1.889,1.897,1.853,1.869,693014.79
2025-11-14 14:00:00+00:00,1.869,1.894,1.834,1.876,1450515.8
2025-11-14 15:00:00+00:00,1.876,1.897,1.844,1.872,875107.66
2025-11-14 16:00:00+00:00,1.872,1.885,1.849,1.869,730592.26
2025-11-14 17:00:00+00:00,1.868,1.88,1.818,1.837,640248.65
2025-11-14 18:00:00+00:00,1.837,1.861,1.825,1.846,372401.0
2025-11-14 19:00:00+00:00,1.846,1.876,1.84,1.873,208515.54
2025-11-14 20:00:00+00:00,1.873,1.879,1.829,1.845,533133.38
2025-11-14 21:00:00+00:00,1.846,1.863,1.837,1.857,183724.0
2025-11-14 22:00:00+00:00,1.857,1.865,1.831,1.837,169650.8
2025-11-14 23:00:00+00:00,1.837,1.838,1.796,1.819,438725.09
2025-11-15 00:00:00+00:00,1.819,1.844,1.819,1.837,172775.26
2025-11-15 01:00:00+00:00,1.837,1.839,1.822,1.829,349881.95
2025-11-15 02:00:00+00:00,1.829,1.845,1.817,1.844,214222.25
2025-11-15 03:00:00+00:00,1.844,1.852,1.837,1.85,185261.12
2025-11-15 04:00:00+00:00,1.851,1.856,1.839,1.841,159497.49
2025-11-15 05:00:00+00:00,1.842,1.856,1.84,1.848,132652.28
2025-11-15 06:00:00+00:00,1.849,1.861,1.844,1.848,193195.06
2025-11-15 07:00:00+00:00,1.848,1.853,1.842,1.846,127570.68
2025-11-15 08:00:00+00:00,1.847,1.848,1.818,1.823,227042.22
2025-11-15 09:00:00+00:00,1.824,1.849,1.82,1.842,201928.56
2025-11-15 10:00:00+00:00,1.842,1.843,1.827,1.831,194751.91
2025-11-15 11:00:00+00:00,1.83,1.836,1.822,1.83,150728.77
2025-11-15 12:00:00+00:00,1.829,1.838,1.821,1.836,173148.74
2025-11-15 13:00:00+00:00,1.836,1.85,1.832,1.842,237907.84
2025-11-15 14:00:00+00:00,1.841,1.844,1.82,1.827,343514.82
2025-11-15 15:00:00+00:00,1.827,1.828,1.806,1.809,403085.1
2025-11-15 16:00:00+00:00,1.808,1.849,1.802,1.846,514081.78
2025-11-15 17:00:00+00:00,1.846,1.858,1.843,1.855,472043.26
2025-11-15 18:00:00+00:00,1.855,1.857,1.847,1.851,805383.89
2025-11-15 19:00:00+00:00,1.851,1.855,1.845,1.85,597161.08
