timestamp,open,high,low,close,volume
2025-09-14 17:30:00+00:00,115585.4,115605.5,115517.3,115576.1,535.612
2025-09-14 17:45:00+00:00,115576.1,115595.4,115500.0,115502.9,408.506
2025-09-14 18:00:00+00:00,115502.9,115503.0,115447.1,115477.9,240.698
2025-09-14 18:15:00+00:00,115478.0,115478.0,115394.6,115412.2,166.112
2025-09-14 18:30:00+00:00,115412.1,115434.7,115384.7,115419.7,184.524
2025-09-14 18:45:00+00:00,115419.6,115421.5,115313.2,115333.1,285.026
2025-09-14 19:00:00+00:00,115333.2,115418.4,115275.5,115392.7,490.656
2025-09-14 19:15:00+00:00,115392.7,115445.2,115379.3,115445.2,179.916
2025-09-14 19:30:00+00:00,115445.2,115594.1,115445.1,115559.7,352.644
2025-09-14 19:45:00+00:00,115559.8,115597.4,115520.2,115597.4,212.505
2025-09-14 20:00:00+00:00,115597.3,115727.8,115588.6,115710.0,388.52
2025-09-14 20:15:00+00:00,115710.0,115710.1,115623.9,115629.4,267.489
2025-09-14 20:30:00+00:00,115629.4,115792.7,115623.5,115792.7,450.984
2025-09-14 20:45:00+00:00,115792.7,115816.9,115739.8,115745.0,371.49
2025-09-14 21:00:00+00:00,115745.1,115799.6,115556.1,115743.2,558.429
2025-09-14 21:15:00+00:00,115743.2,115861.0,115743.1,115846.0,367.009
2025-09-14 21:30:00+00:00,115846.0,116026.8,115812.7,116021.2,1512.865
2025-09-14 21:45:00+00:00,116021.1,116050.0,115850.0,116023.3,615.622
2025-09-14 22:00:00+00:00,116023.3,116038.0,115850.0,115871.8,759.57
2025-09-14 22:15:00+00:00,115871.8,115871.8,115753.1,115848.9,244.573
2025-09-14 22:30:00+00:00,115848.9,116041.1,115774.4,115994.0,650.951
2025-09-14 22:45:00+00:00,115993.9,116020.0,115895.6,115957.0,1024.958
2025-09-14 23:00:00+00:00,115956.9,115957.0,115471.2,115542.4,1497.592
2025-09-14 23:15:00+00:00,115542.4,115559.4,115316.2,115324.6,1517.624
2025-09-14 23:30:00+00:00,115324.6,115347.1,115170.1,115194.9,1633.9
2025-09-14 23:45:00+00:00,115195.0,115333.2,115057.0,115210.0,1354.507
2025-09-15 00:00:00+00:00,115210.0,115214.8,114888.1,115061.3,2488.001
2025-09-15 00:15:00+00:00,115061.3,115163.3,114912.0,115162.6,1170.27
2025-09-15 00:30:00+00:00,115162.6,115166.0,114956.1,114968.0,743.269
2025-09-15 00:45:00+00:00,114968.0,115105.2,114955.2,115023.4,441.273
2025-09-15 01:00:00+00:00,115023.4,115023.5,114780.7,114780.8,2069.879
2025-09-15 01:15:00+00:00,114780.7,115158.4,114777.0,115113.1,981.533
2025-09-15 01:30:00+00:00,115113.1,115232.8,115082.0,115150.0,872.218
2025-09-15 01:45:00+00:00,115150.0,115205.4,115050.0,115178.3,631.806
2025-09-15 02:00:00+00:00,115178.4,115392.5,115157.3,115326.4,1482.325
2025-09-15 02:15:00+00:00,115326.5,115389.8,115297.3,115329.1,453.467
2025-09-15 02:30:00+00:00,115329.0,115373.1,115228.4,115373.1,358.026
2025-09-15 02:45:00+00:00,115373.0,115390.0,115274.9,115318.6,269.048
2025-09-15 03:00:00+00:00,115318.5,115456.2,115300.0,115445.8,479.347
2025-09-15 03:15:00+00:00,115445.7,115536.0,115374.4,115386.0,536.505
2025-09-15 03:30:00+00:00,115386.1,115411.0,115323.9,115386.1,323.92
2025-09-15 03:45:00+00:00,115386.1,115487.7,115386.0,115387.6,275.582
2025-09-15 04:00:00+00:00,115387.7,115461.7,115341.8,115450.0,531.967
2025-09-15 04:15:00+00:00,115450.0,116150.1,115449.9,115914.4,5367.315
2025-09-15 04:30:00+00:00,115914.4,116026.8,115851.5,116026.7,944.357
2025-09-15 04:45:00+00:00,116026.7,116116.2,115938.9,116006.5,1085.66
2025-09-15 05:00:00+00:00,116006.5,116183.3,115960.0,116120.3,1176.088
2025-09-15 05:15:00+00:00,116120.4,116369.9,116064.3,116265.7,2148.14
2025-09-15 05:30:00+00:00,116265.7,116355.0,116202.1,116324.5,847.262
2025-09-15 05:45:00+00:00,116324.6,116547.9,116293.3,116474.2,1968.553
2025-09-15 06:00:00+00:00,116474.2,116759.9,116407.0,116557.2,2370.418
2025-09-15 06:15:00+00:00,116557.2,116646.0,116360.0,116360.1,1752.678
2025-09-15 06:30:00+00:00,116360.1,116397.6,116106.0,116244.3,1886.232
2025-09-15 06:45:00+00:00,116244.4,116244.4,116000.1,116077.8,1133.769
2025-09-15 07:00:00+00:00,116077.7,116207.0,116044.9,116206.7,967.186
2025-09-15 07:15:00+00:00,116206.8,116362.9,116000.2,116013.7,982.325
2025-09-15 07:30:00+00:00,116013.7,116013.7,115554.0,115761.8,2831.453
2025-09-15 07:45:00+00:00,115761.8,115840.2,115630.0,115769.5,1470.288
2025-09-15 08:00:00+00:00,115769.6,115769.6,115364.4,115453.1,3527.82
2025-09-15 08:15:00+00:00,115453.2,115766.8,115388.0,115616.8,1447.58
2025-09-15 08:30:00+00:00,115616.8,115625.4,115204.4,115218.5,1873.177
2025-09-15 08:45:00+00:00,115218.6,115269.3,114650.0,114697.0,5810.312
2025-09-15 09:00:00+00:00,114697.0,115000.3,114588.0,114809.2,4755.511
2025-09-15 09:15:00+00:00,114809.1,115141.9,114728.7,115038.5,2156.111
2025-09-15 09:30:00+00:00,115038.6,115055.0,114862.0,114883.6,1166.818
2025-09-15 09:45:00+00:00,114883.7,114919.3,114789.8,114820.1,1380.681
2025-09-15 10:00:00+00:00,114820.1,114908.9,114767.0,114795.2,838.691
2025-09-15 10:15:00+00:00,114795.2,114896.2,114700.0,114737.5,1375.359
2025-09-15 10:30:00+00:00,114737.5,114830.4,114702.1,114728.2,769.947
2025-09-15 10:45:00+00:00,114728.2,114856.2,114700.0,114729.1,724.054
2025-09-15 11:00:00+00:00,114729.1,115023.6,114691.6,115016.0,1103.999
2025-09-15 11:15:00+00:00,115016.1,115035.3,114813.3,114863.3,1099.672
2025-09-15 11:30:00+00:00,114863.4,115167.7,114826.5,115027.3,1563.131
2025-09-15 11:45:00+00:00,115027.3,115077.7,114905.2,115009.0,646.68
2025-09-15 12:00:00+00:00,115009.0,115034.5,114810.1,114846.3,858.535
2025-09-15 12:15:00+00:00,114846.3,114977.0,114740.7,114752.2,623.101
2025-09-15 12:30:00+00:00,114752.3,114852.3,114740.5,114832.4,579.625
2025-09-15 12:45:00+00:00,114832.3,114832.3,114621.3,114686.7,1143.857
2025-09-15 13:00:00+00:00,114686.7,114769.2,114560.2,114725.5,1322.617
2025-09-15 13:15:00+00:00,114725.6,115017.9,114679.2,114984.9,1291.078
2025-09-15 13:30:00+00:00,114985.0,115045.5,114338.5,114425.9,6191.601
2025-09-15 13:45:00+00:00,114425.9,114861.0,114421.1,114610.7,3040.36
2025-09-15 14:00:00+00:00,114610.7,114646.7,114400.0,114595.6,1775.044
2025-09-15 14:15:00+00:00,114595.6,114984.9,114544.7,114960.7,1350.741
2025-09-15 14:30:00+00:00,114960.8,114968.3,114680.0,114871.9,1098.62
2025-09-15 14:45:00+00:00,114871.8,114930.0,114618.3,114618.3,597.7
2025-09-15 15:00:00+00:00,114618.3,114641.3,114404.2,114461.8,1615.464
2025-09-15 15:15:00+00:00,114461.9,114697.0,114340.0,114626.6,1623.699
2025-09-15 15:30:00+00:00,114626.7,114813.6,114402.6,114639.1,1476.67
2025-09-15 15:45:00+00:00,114639.1,114869.3,114513.8,114788.4,1293.197
2025-09-15 16:00:00+00:00,114788.1,114822.9,114600.0,114805.6,899.486
2025-09-15 16:15:00+00:00,114805.6,114878.2,114615.3,114628.8,529.857
2025-09-15 16:30:00+00:00,114628.9,114886.5,114555.0,114883.9,543.781
2025-09-15 16:45:00+00:00,114884.0,114884.0,114542.6,114618.9,696.561
2025-09-15 17:00:00+00:00,114618.9,114874.4,114553.3,114776.9,628.012
2025-09-15 17:15:00+00:00,114776.9,114845.3,114550.2,114679.5,659.853
2025-09-15 17:30:00+00:00,114679.5,114874.0,114651.0,114850.1,525.041
2025-09-15 17:45:00+00:00,114850.0,115086.6,114751.3,115075.9,898.407
2025-09-15 18:00:00+00:00,115075.9,115179.0,114848.4,114900.1,1104.557
2025-09-15 18:15:00+00:00,114900.0,115000.0,114855.9,114878.5,377.169
2025-09-15 18:30:00+00:00,114878.5,114980.3,114843.0,114889.5,516.771
2025-09-15 18:45:00+00:00,114889.6,115306.8,114880.0,115252.7,1094.255
2025-09-15 19:00:00+00:00,115252.7,115475.9,115057.2,115133.7,1883.191
2025-09-15 19:15:00+00:00,115133.7,115179.6,114996.6,115044.5,1584.062
2025-09-15 19:30:00+00:00,115044.4,115528.8,114901.7,115387.0,1805.446
2025-09-15 19:45:00+00:00,115387.1,115423.9,115191.3,115246.7,541.936
2025-09-15 20:00:00+00:00,115246.7,115444.1,115209.8,115410.0,518.965
2025-09-15 20:15:00+00:00,115410.0,115436.4,115214.1,115223.9,702.745
2025-09-15 20:30:00+00:00,115223.8,115295.8,115143.0,115199.3,518.0
2025-09-15 20:45:00+00:00,115199.4,115331.0,115141.4,115331.0,360.892
2025-09-15 21:00:00+00:00,115331.1,115360.8,115224.1,115248.2,306.466
2025-09-15 21:15:00+00:00,115248.3,115416.1,115234.6,115382.3,350.91
2025-09-15 21:30:00+00:00,115382.3,115464.4,115335.6,115464.3,234.994
2025-09-15 21:45:00+00:00,115464.4,115478.9,115425.1,115456.6,264.297
2025-09-15 22:00:00+00:00,115456.6,115550.0,115204.2,115354.2,764.067
2025-09-15 22:15:00+00:00,115354.2,115413.9,115308.3,115382.4,320.703
2025-09-15 22:30:00+00:00,115382.4,115390.0,115160.0,115193.1,325.609
2025-09-15 22:45:00+00:00,115193.0,115255.8,115161.3,115224.1,284.727
2025-09-15 23:00:00+00:00,115224.0,115290.0,115171.0,115290.0,308.729
2025-09-15 23:15:00+00:00,115290.0,115425.0,115274.5,115416.9,362.768
2025-09-15 23:30:00+00:00,115416.9,115422.0,115276.1,115293.4,446.162
2025-09-15 23:45:00+00:00,115293.4,115372.7,115251.2,115300.6,391.248
2025-09-16 00:00:00+00:00,115300.5,115300.6,115156.5,115164.8,364.193
2025-09-16 00:15:00+00:00,115164.7,115210.4,114958.9,114975.9,1066.076
2025-09-16 00:30:00+00:00,114975.9,115150.0,114973.2,115084.9,555.468
2025-09-16 00:45:00+00:00,115084.8,115084.9,114890.0,115033.5,542.961
2025-09-16 01:00:00+00:00,115033.6,115244.9,115033.6,115201.2,536.255
2025-09-16 01:15:00+00:00,115201.2,115490.8,115162.1,115365.0,722.589
2025-09-16 01:30:00+00:00,115365.1,115446.7,115072.2,115120.0,691.75
2025-09-16 01:45:00+00:00,115119.9,115224.8,114950.0,114964.4,672.35
2025-09-16 02:00:00+00:00,114964.4,115114.7,114964.4,115099.6,362.872
2025-09-16 02:15:00+00:00,115099.7,115187.6,115023.6,115107.6,391.844
2025-09-16 02:30:00+00:00,115107.5,115170.4,115001.0,115046.4,277.24
2025-09-16 02:45:00+00:00,115046.3,115086.6,114969.9,114969.9,316.492
2025-09-16 03:00:00+00:00,114969.9,115129.6,114969.9,115062.0,280.448
2025-09-16 03:15:00+00:00,115062.0,115138.1,115038.4,115136.0,335.94
2025-09-16 03:30:00+00:00,115136.0,115380.1,115135.9,115362.3,815.989
2025-09-16 03:45:00+00:00,115362.4,115375.9,115250.0,115250.9,342.139
2025-09-16 04:00:00+00:00,115250.8,115370.8,115030.4,115052.7,1564.091
2025-09-16 04:15:00+00:00,115052.6,115270.0,114867.0,115252.0,972.815
2025-09-16 04:30:00+00:00,115252.0,115324.0,115172.1,115323.9,440.02
2025-09-16 04:45:00+00:00,115324.0,115512.0,115252.5,115458.3,1544.264
2025-09-16 05:00:00+00:00,115458.4,115854.9,115397.6,115774.4,2351.429
2025-09-16 05:15:00+00:00,115774.4,115830.0,115487.6,115681.8,1918.335
2025-09-16 05:30:00+00:00,115681.9,115800.0,115637.7,115790.5,1380.55
2025-09-16 05:45:00+00:00,115790.6,115912.2,115750.0,115893.3,1540.664
2025-09-16 06:00:00+00:00,115893.2,115968.0,115767.7,115952.4,1519.306
2025-09-16 06:15:00+00:00,115952.5,115965.0,115609.0,115677.1,1322.969
2025-09-16 06:30:00+00:00,115677.1,115750.0,115547.1,115750.0,1596.735
2025-09-16 06:45:00+00:00,115749.9,115798.2,115640.0,115724.0,444.468
2025-09-16 07:00:00+00:00,115724.1,115854.5,115692.3,115784.9,843.254
2025-09-16 07:15:00+00:00,115784.9,115835.7,115744.3,115788.4,347.669
2025-09-16 07:30:00+00:00,115788.4,115823.0,115666.0,115750.0,370.408
2025-09-16 07:45:00+00:00,115750.0,115799.5,115715.7,115799.4,375.296
2025-09-16 08:00:00+00:00,115799.4,115923.0,115750.0,115905.1,822.227
2025-09-16 08:15:00+00:00,115905.0,115945.0,115700.0,115701.2,667.662
2025-09-16 08:30:00+00:00,115701.2,115712.2,115465.8,115551.7,1646.32
2025-09-16 08:45:00+00:00,115551.6,115696.1,115540.0,115616.4,443.808
2025-09-16 09:00:00+00:00,115616.4,115666.5,115552.5,115563.0,356.993
2025-09-16 09:15:00+00:00,115563.1,115668.5,115538.4,115538.4,306.893
2025-09-16 09:30:00+00:00,115538.5,115571.9,115470.7,115470.7,345.612
2025-09-16 09:45:00+00:00,115470.8,115496.7,115374.0,115420.5,561.162
2025-09-16 10:00:00+00:00,115420.6,115489.5,115333.3,115393.0,755.759
2025-09-16 10:15:00+00:00,115393.1,115552.6,115384.0,115465.6,457.77
2025-09-16 10:30:00+00:00,115465.7,115508.1,115378.4,115378.4,399.282
2025-09-16 10:45:00+00:00,115378.4,115443.8,115311.4,115318.5,372.517
2025-09-16 11:00:00+00:00,115318.4,115340.0,115157.0,115203.1,1091.066
2025-09-16 11:15:00+00:00,115203.0,115327.3,115151.0,115285.7,755.019
2025-09-16 11:30:00+00:00,115285.6,115384.6,115278.8,115285.8,486.75
2025-09-16 11:45:00+00:00,115285.8,115349.5,115222.0,115222.2,435.089
2025-09-16 12:00:00+00:00,115222.1,115346.9,115222.1,115317.6,390.205
2025-09-16 12:15:00+00:00,115317.5,115395.9,115228.6,115284.1,684.828
2025-09-16 12:30:00+00:00,115284.0,115421.4,115258.8,115384.0,552.239
2025-09-16 12:45:00+00:00,115384.0,115414.5,115319.0,115393.1,547.889
2025-09-16 13:00:00+00:00,115393.2,115473.6,115326.4,115338.3,636.641
2025-09-16 13:15:00+00:00,115338.3,115511.0,115199.9,115407.2,1064.997
2025-09-16 13:30:00+00:00,115407.1,115463.5,115000.0,115037.7,2304.235
2025-09-16 13:45:00+00:00,115037.7,115154.6,114600.0,115154.6,5486.794
2025-09-16 14:00:00+00:00,115154.5,115246.6,114769.2,114939.2,3220.369
2025-09-16 14:15:00+00:00,114939.1,115221.9,114864.7,114957.8,2359.619
2025-09-16 14:30:00+00:00,114957.9,115115.8,114865.0,114994.8,876.083
2025-09-16 14:45:00+00:00,114994.8,115268.6,114986.6,115231.1,955.988
2025-09-16 15:00:00+00:00,115231.1,115231.1,114985.4,114995.0,697.578
2025-09-16 15:15:00+00:00,114995.0,115176.4,114975.4,115068.5,504.554
2025-09-16 15:30:00+00:00,115068.5,115316.2,115068.5,115315.0,730.499
2025-09-16 15:45:00+00:00,115315.0,115878.2,115315.0,115877.9,3546.478
2025-09-16 16:00:00+00:00,115877.9,115990.0,115701.8,115717.1,2930.103
2025-09-16 16:15:00+00:00,115717.1,115867.6,115549.9,115819.9,1324.574
2025-09-16 16:30:00+00:00,115819.9,115864.7,115742.1,115800.4,676.294
2025-09-16 16:45:00+00:00,115800.4,116050.0,115780.2,116021.0,914.182
2025-09-16 17:00:00+00:00,116021.0,116561.0,116010.0,116492.1,4809.527
2025-09-16 17:15:00+00:00,116492.1,116750.0,116492.1,116704.0,3825.529
2025-09-16 17:30:00+00:00,116704.0,116830.0,116288.0,116446.4,4358.199
2025-09-16 17:45:00+00:00,116446.4,116600.0,116350.0,116414.8,1216.472
2025-09-16 18:00:00+00:00,116414.7,116733.7,116414.7,116501.2,1851.696
2025-09-16 18:15:00+00:00,116501.3,116660.8,116378.8,116426.0,1069.545
2025-09-16 18:30:00+00:00,116426.0,116433.6,116166.3,116228.4,1036.345
2025-09-16 18:45:00+00:00,116228.3,116454.7,116211.3,116372.6,760.876
2025-09-16 19:00:00+00:00,116372.5,116531.9,116340.3,116531.9,866.745
2025-09-16 19:15:00+00:00,116531.8,116542.8,116386.9,116430.0,505.366
2025-09-16 19:30:00+00:00,116430.0,116530.0,116360.0,116529.9,488.988
2025-09-16 19:45:00+00:00,116530.0,116779.9,116530.0,116758.0,1793.052
2025-09-16 20:00:00+00:00,116757.1,116829.3,116706.6,116821.0,851.145
2025-09-16 20:15:00+00:00,116821.1,116879.7,116655.4,116674.8,1012.461
2025-09-16 20:30:00+00:00,116674.9,116829.2,116674.8,116825.3,454.931
2025-09-16 20:45:00+00:00,116825.4,116838.3,116783.7,116783.7,408.614
2025-09-16 21:00:00+00:00,116783.8,116888.0,116579.8,116579.8,1012.31
2025-09-16 21:15:00+00:00,116579.8,116710.3,116543.7,116559.9,606.753
2025-09-16 21:30:00+00:00,116559.9,116663.5,116559.9,116612.3,456.334
2025-09-16 21:45:00+00:00,116612.3,116806.0,116591.9,116757.1,286.788
2025-09-16 22:00:00+00:00,116757.1,116910.8,116757.1,116837.1,998.421
2025-09-16 22:15:00+00:00,116837.1,116880.9,116786.4,116802.9,526.38
2025-09-16 22:30:00+00:00,116803.0,116816.9,116643.3,116732.5,621.767
2025-09-16 22:45:00+00:00,116732.4,116835.2,116708.3,116802.8,427.564
2025-09-16 23:00:00+00:00,116802.8,116854.2,116766.4,116842.3,506.604
2025-09-16 23:15:00+00:00,116842.3,116866.6,116660.2,116684.5,569.892
2025-09-16 23:30:00+00:00,116684.5,116800.0,116638.0,116645.8,498.502
2025-09-16 23:45:00+00:00,116645.9,116758.4,116565.8,116747.3,510.421
2025-09-17 00:00:00+00:00,116747.3,116786.6,116561.6,116561.7,582.265
2025-09-17 00:15:00+00:00,116561.6,116685.0,116561.6,116628.3,565.43
2025-09-17 00:30:00+00:00,116628.4,116651.7,116550.0,116632.3,372.889
2025-09-17 00:45:00+00:00,116632.3,116639.7,116501.0,116512.9,698.825
2025-09-17 01:00:00+00:00,116512.9,116580.0,116511.8,116580.0,388.783
2025-09-17 01:15:00+00:00,116579.9,116720.0,116450.0,116674.3,1004.635
2025-09-17 01:30:00+00:00,116674.3,116674.4,116480.0,116596.3,409.523
2025-09-17 01:45:00+00:00,116596.4,116635.2,116556.3,116621.9,251.502
2025-09-17 02:00:00+00:00,116622.0,116622.0,116504.2,116612.1,466.448
2025-09-17 02:15:00+00:00,116612.1,116715.8,116612.0,116709.9,493.119
2025-09-17 02:30:00+00:00,116710.0,116874.0,116709.9,116834.7,758.138
2025-09-17 02:45:00+00:00,116834.7,117081.9,116633.1,116633.2,2067.202
2025-09-17 03:00:00+00:00,116633.1,116714.0,116551.0,116653.5,1012.992
2025-09-17 03:15:00+00:00,116653.5,116713.2,116408.7,116475.5,1091.304
2025-09-17 03:30:00+00:00,116475.5,116523.8,116379.3,116423.7,663.256
2025-09-17 03:45:00+00:00,116423.8,116443.8,116317.0,116320.1,895.526
2025-09-17 04:00:00+00:00,116320.2,116433.3,116310.0,116382.9,539.42
2025-09-17 04:15:00+00:00,116382.9,116383.0,116245.8,116269.2,675.241
2025-09-17 04:30:00+00:00,116269.2,116269.2,116168.0,116196.1,550.316
2025-09-17 04:45:00+00:00,116196.1,116344.8,116107.2,116264.8,1525.454
2025-09-17 05:00:00+00:00,116264.8,116559.7,116264.7,116510.0,1479.901
2025-09-17 05:15:00+00:00,116510.0,116630.0,116466.2,116504.3,774.672
2025-09-17 05:30:00+00:00,116504.2,116654.6,116504.2,116626.0,537.618
2025-09-17 05:45:00+00:00,116625.9,117200.0,116533.5,117070.5,6176.431
2025-09-17 06:00:00+00:00,117070.4,117184.8,116952.0,117018.0,1942.325
2025-09-17 06:15:00+00:00,117018.0,117096.0,116943.5,117000.1,831.0
2025-09-17 06:30:00+00:00,117000.0,117140.4,116930.0,117107.0,860.288
2025-09-17 06:45:00+00:00,117106.9,117266.4,116989.0,117180.4,1118.164
2025-09-17 07:00:00+00:00,117180.3,117204.1,117072.9,117133.7,711.2
2025-09-17 07:15:00+00:00,117133.7,117233.5,117108.1,117183.1,932.339
2025-09-17 07:30:00+00:00,117183.1,117217.5,117116.3,117145.7,658.191
2025-09-17 07:45:00+00:00,117145.7,117184.9,117108.1,117120.5,591.165
2025-09-17 08:00:00+00:00,117120.5,117156.6,116950.1,116950.1,901.623
2025-09-17 08:15:00+00:00,116950.2,116986.5,116858.8,116858.8,876.231
2025-09-17 08:30:00+00:00,116858.8,116858.9,116639.4,116704.4,2614.543
2025-09-17 08:45:00+00:00,116704.5,116835.9,116680.1,116801.0,949.79
2025-09-17 09:00:00+00:00,116801.0,116801.0,116636.4,116666.5,669.735
2025-09-17 09:15:00+00:00,116666.5,116724.4,116573.5,116704.8,678.493
2025-09-17 09:30:00+00:00,116704.8,116749.4,116644.2,116644.2,555.898
2025-09-17 09:45:00+00:00,116644.3,116666.0,116502.3,116503.9,712.349
2025-09-17 10:00:00+00:00,116503.9,116563.3,116419.2,116431.4,901.855
2025-09-17 10:15:00+00:00,116431.4,116453.7,116346.6,116346.6,718.214
2025-09-17 10:30:00+00:00,116346.7,116417.7,116324.2,116353.7,873.261
2025-09-17 10:45:00+00:00,116353.8,116353.8,116212.1,116317.5,834.112
2025-09-17 11:00:00+00:00,116317.5,116332.9,116214.2,116292.9,1019.931
2025-09-17 11:15:00+00:00,116292.9,116314.6,116202.6,116265.9,742.725
2025-09-17 11:30:00+00:00,116265.9,116265.9,116220.0,116240.9,601.996
2025-09-17 11:45:00+00:00,116240.9,116310.0,116197.0,116200.1,1097.142
2025-09-17 12:00:00+00:00,116200.1,116319.6,116150.0,116298.1,1128.78
2025-09-17 12:15:00+00:00,116298.1,116345.4,116190.7,116312.8,961.466
2025-09-17 12:30:00+00:00,116312.7,116493.0,116034.0,116159.9,2570.857
2025-09-17 12:45:00+00:00,116159.8,116229.9,116052.0,116150.0,890.199
2025-09-17 13:00:00+00:00,116150.1,116153.8,116030.0,116072.6,1398.707
2025-09-17 13:15:00+00:00,116072.6,116287.8,116057.8,116200.0,894.546
2025-09-17 13:30:00+00:00,116199.9,116255.4,115901.4,115946.9,2674.686
2025-09-17 13:45:00+00:00,115946.9,116186.4,115847.7,116066.9,1935.159
2025-09-17 14:00:00+00:00,116067.1,116207.3,115967.0,116125.0,1396.096
2025-09-17 14:15:00+00:00,116125.0,116136.0,115555.0,115610.3,3466.625
2025-09-17 14:30:00+00:00,115610.3,115699.1,115340.0,115542.4,4638.802
2025-09-17 14:45:00+00:00,115542.4,115680.1,115433.2,115557.6,1566.679
2025-09-17 15:00:00+00:00,115557.5,115743.6,115483.4,115722.0,1245.194
2025-09-17 15:15:00+00:00,115722.0,115744.5,115587.3,115590.1,917.527
2025-09-17 15:30:00+00:00,115590.1,115786.0,115590.0,115778.5,1369.531
2025-09-17 15:45:00+00:00,115778.4,115837.6,115693.1,115825.1,879.219
2025-09-17 16:00:00+00:00,115825.1,115825.1,115524.0,115524.1,1179.639
2025-09-17 16:15:00+00:00,115524.1,115647.1,115480.0,115647.0,802.429
2025-09-17 16:30:00+00:00,115647.1,115647.1,115386.0,115421.2,1417.4
2025-09-17 16:45:00+00:00,115421.2,115658.0,115325.5,115594.5,2091.785
2025-09-17 17:00:00+00:00,115594.4,115762.9,115589.0,115626.7,1515.948
2025-09-17 17:15:00+00:00,115626.7,115682.2,115525.1,115631.7,544.013
2025-09-17 17:30:00+00:00,115631.7,116251.0,115602.0,115979.3,2835.127
2025-09-17 17:45:00+00:00,115979.2,116109.1,115400.0,115464.0,3970.692
2025-09-17 18:00:00+00:00,115476.9,116316.0,115359.0,115416.0,13490.079
2025-09-17 18:15:00+00:00,115416.0,115954.7,114820.0,115920.0,9206.388
2025-09-17 18:30:00+00:00,115920.0,115920.1,114811.2,114848.4,5227.875
2025-09-17 18:45:00+00:00,114848.4,115405.4,114623.3,115184.1,7793.113
2025-09-17 19:00:00+00:00,115184.1,115833.0,115026.7,115456.0,5819.802
2025-09-17 19:15:00+00:00,115456.1,115950.0,115374.6,115692.7,3466.899
2025-09-17 19:30:00+00:00,115692.7,115780.8,115525.2,115687.8,1341.25
2025-09-17 19:45:00+00:00,115687.8,115736.7,115526.6,115587.6,883.003
2025-09-17 20:00:00+00:00,115587.5,116084.1,115551.0,115986.3,1744.245
2025-09-17 20:15:00+00:00,115986.3,115986.3,115651.1,115754.3,1158.886
2025-09-17 20:30:00+00:00,115754.3,115847.6,115615.4,115645.9,556.851
2025-09-17 20:45:00+00:00,115645.9,115720.2,115430.9,115561.5,933.553
2025-09-17 21:00:00+00:00,115561.5,115752.0,115257.1,115730.4,1327.123
2025-09-17 21:15:00+00:00,115730.4,115852.3,115628.2,115740.2,678.799
2025-09-17 21:30:00+00:00,115740.2,115919.9,115700.0,115901.2,448.121
2025-09-17 21:45:00+00:00,115901.2,116077.7,115840.2,115986.8,658.811
2025-09-17 22:00:00+00:00,115986.8,116229.8,115974.6,116204.4,1342.699
2025-09-17 22:15:00+00:00,116204.3,116310.7,116074.5,116162.5,1322.356
2025-09-17 22:30:00+00:00,116162.4,116338.0,116132.0,116285.1,834.475
2025-09-17 22:45:00+00:00,116285.0,116772.0,116224.1,116507.9,4223.67
2025-09-17 23:00:00+00:00,116508.0,116940.0,116507.9,116761.0,3466.34
2025-09-17 23:15:00+00:00,116761.1,116832.6,116450.0,116504.0,1454.776
2025-09-17 23:30:00+00:00,116504.0,116615.2,116253.5,116338.8,1248.966
2025-09-17 23:45:00+00:00,116338.7,116491.7,116337.7,116402.5,832.424
2025-09-18 00:00:00+00:00,116402.6,116431.6,116156.2,116232.5,1405.9
2025-09-18 00:15:00+00:00,116232.5,116325.4,116033.5,116133.3,1374.233
2025-09-18 00:30:00+00:00,116133.3,116410.7,116133.1,116332.1,672.009
2025-09-18 00:45:00+00:00,116332.0,116388.1,116202.8,116291.8,767.773
2025-09-18 01:00:00+00:00,116291.9,116580.0,116281.7,116554.1,781.268
2025-09-18 01:15:00+00:00,116554.0,116622.0,116422.6,116509.1,867.555
2025-09-18 01:30:00+00:00,116509.1,116830.6,116390.3,116783.6,1250.14
2025-09-18 01:45:00+00:00,116783.6,116828.5,116579.8,116587.2,1267.109
2025-09-18 02:00:00+00:00,116587.2,116634.2,116480.9,116591.1,915.748
2025-09-18 02:15:00+00:00,116591.1,116664.1,116376.0,116442.1,807.189
2025-09-18 02:30:00+00:00,116442.1,116587.0,116440.6,116575.3,320.717
2025-09-18 02:45:00+00:00,116575.2,116907.1,116575.2,116888.4,1367.677
2025-09-18 03:00:00+00:00,116888.4,117549.8,116838.4,117397.9,8578.415
2025-09-18 03:15:00+00:00,117397.8,117773.9,117397.8,117712.9,4379.432
2025-09-18 03:30:00+00:00,117712.8,117865.9,117556.8,117637.8,3025.023
2025-09-18 03:45:00+00:00,117637.8,117734.9,117468.0,117531.2,2564.407
2025-09-18 04:00:00+00:00,117531.3,117713.5,117531.2,117612.4,1300.892
2025-09-18 04:15:00+00:00,117612.4,117707.6,117297.0,117330.1,2308.766
2025-09-18 04:30:00+00:00,117330.2,117410.0,117169.2,117374.9,1932.782
2025-09-18 04:45:00+00:00,117374.9,117567.4,117370.0,117567.3,1120.404
2025-09-18 05:00:00+00:00,117567.3,117567.4,117370.0,117406.6,655.144
2025-09-18 05:15:00+00:00,117406.6,117458.8,117180.0,117204.0,842.336
2025-09-18 05:30:00+00:00,117204.1,117280.3,117151.4,117183.9,622.981
2025-09-18 05:45:00+00:00,117184.0,117260.1,117136.0,117228.0,695.609
2025-09-18 06:00:00+00:00,117228.1,117289.1,116915.4,117024.2,2247.934
2025-09-18 06:15:00+00:00,117024.2,117116.9,116858.0,116907.0,1288.306
2025-09-18 06:30:00+00:00,116906.9,117018.0,116834.5,117013.5,801.145
2025-09-18 06:45:00+00:00,117013.5,117069.9,116888.8,117044.8,957.906
2025-09-18 07:00:00+00:00,117044.8,117165.5,117005.0,117103.4,970.229
2025-09-18 07:15:00+00:00,117103.4,117150.0,117013.9,117037.7,452.451
2025-09-18 07:30:00+00:00,117037.8,117150.0,117037.7,117150.0,593.474
2025-09-18 07:45:00+00:00,117149.9,117153.8,117000.0,117033.6,560.564
2025-09-18 08:00:00+00:00,117033.7,117200.0,116960.3,117181.3,956.31
2025-09-18 08:15:00+00:00,117181.2,117381.9,117141.2,117266.2,1403.81
2025-09-18 08:30:00+00:00,117266.2,117314.1,117126.1,117141.2,596.817
2025-09-18 08:45:00+00:00,117141.1,117211.9,117023.6,117187.1,475.292
2025-09-18 09:00:00+00:00,117187.1,117277.9,117084.8,117200.0,696.749
2025-09-18 09:15:00+00:00,117200.1,117309.9,117200.0,117202.5,358.689
2025-09-18 09:30:00+00:00,117202.4,117218.2,117065.0,117130.2,696.799
2025-09-18 09:45:00+00:00,117130.1,117280.0,117130.1,117251.4,432.28
2025-09-18 10:00:00+00:00,117251.4,117260.4,117160.0,117209.3,447.708
2025-09-18 10:15:00+00:00,117209.3,117244.8,117078.0,117078.0,532.662
2025-09-18 10:30:00+00:00,117078.1,117127.5,117039.0,117049.9,492.393
2025-09-18 10:45:00+00:00,117049.9,117143.6,117025.8,117143.4,479.996
2025-09-18 11:00:00+00:00,117143.5,117248.1,117073.0,117126.8,473.779
2025-09-18 11:15:00+00:00,117126.9,117263.9,117126.8,117191.5,971.122
2025-09-18 11:30:00+00:00,117191.5,117219.1,117055.0,117088.0,311.821
2025-09-18 11:45:00+00:00,117088.0,117088.0,116955.0,117015.0,731.577
2025-09-18 12:00:00+00:00,117015.0,117215.9,116920.1,117192.9,1350.344
2025-09-18 12:15:00+00:00,117192.9,117239.8,117110.7,117191.4,659.525
2025-09-18 12:30:00+00:00,117191.4,117221.7,117007.0,117151.4,814.147
2025-09-18 12:45:00+00:00,117151.4,117160.2,117002.2,117074.0,412.608
2025-09-18 13:00:00+00:00,117074.0,117329.5,117002.1,117328.5,710.507
2025-09-18 13:15:00+00:00,117328.6,117417.0,117282.9,117378.9,1139.171
2025-09-18 13:30:00+00:00,117378.8,117600.0,117108.1,117122.8,2637.904
2025-09-18 13:45:00+00:00,117122.8,117408.4,116913.9,117381.5,2350.246
2025-09-18 14:00:00+00:00,117381.5,117600.0,117340.2,117481.2,2210.077
2025-09-18 14:15:00+00:00,117481.2,117789.9,117433.2,117638.9,2405.57
2025-09-18 14:30:00+00:00,117638.9,117766.8,117549.9,117713.4,1721.901
2025-09-18 14:45:00+00:00,117713.3,117721.2,117575.0,117575.1,853.269
2025-09-18 15:00:00+00:00,117575.1,117625.0,117351.2,117361.6,1488.044
2025-09-18 15:15:00+00:00,117361.6,117536.8,117261.0,117279.9,997.821
2025-09-18 15:30:00+00:00,117280.0,117431.5,117280.0,117386.6,623.849
2025-09-18 15:45:00+00:00,117386.7,117656.0,117379.6,117530.3,1722.586
2025-09-18 16:00:00+00:00,117530.2,117650.0,117444.0,117644.0,869.452
2025-09-18 16:15:00+00:00,117644.0,117750.0,117618.3,117653.4,913.649
2025-09-18 16:30:00+00:00,117653.5,117728.0,117502.5,117700.1,696.207
2025-09-18 16:45:00+00:00,117700.0,117735.3,117482.4,117510.6,670.535
2025-09-18 17:00:00+00:00,117510.6,117729.6,117441.9,117617.0,1137.072
2025-09-18 17:15:00+00:00,117617.1,117694.7,117455.6,117497.4,497.421
2025-09-18 17:30:00+00:00,117497.4,117590.2,117365.0,117433.5,518.544
2025-09-18 17:45:00+00:00,117433.6,117532.7,117414.7,117530.2,354.311
2025-09-18 18:00:00+00:00,117530.2,117777.0,117450.0,117777.0,979.267
2025-09-18 18:15:00+00:00,117776.9,117875.2,117679.1,117745.2,1267.451
2025-09-18 18:30:00+00:00,117745.3,117752.0,117635.0,117749.1,575.406
2025-09-18 18:45:00+00:00,117749.0,117830.0,117749.0,117760.0,536.5
2025-09-18 19:00:00+00:00,117760.0,117760.1,117652.9,117664.3,458.27
2025-09-18 19:15:00+00:00,117664.3,117664.3,117400.0,117401.8,799.431
2025-09-18 19:30:00+00:00,117401.8,117432.9,117133.0,117237.4,1431.197
2025-09-18 19:45:00+00:00,117237.4,117448.0,117141.8,117403.0,752.307
2025-09-18 20:00:00+00:00,117402.9,117467.4,117279.8,117392.3,586.907
2025-09-18 20:15:00+00:00,117392.2,117461.0,117301.2,117440.9,325.274
2025-09-18 20:30:00+00:00,117441.0,117605.8,117441.0,117599.7,443.082
2025-09-18 20:45:00+00:00,117599.7,117605.7,117454.8,117454.8,443.31
2025-09-18 21:00:00+00:00,117454.8,117454.8,117277.7,117277.7,407.212
2025-09-18 21:15:00+00:00,117277.7,117384.8,117259.9,117384.7,264.248
2025-09-18 21:30:00+00:00,117384.7,117417.0,117309.6,117309.7,191.635
2025-09-18 21:45:00+00:00,117309.6,117378.5,117233.0,117233.0,198.368
2025-09-18 22:00:00+00:00,117233.1,117243.5,117152.9,117152.9,523.138
2025-09-18 22:15:00+00:00,117153.0,117251.4,117140.0,117203.2,470.444
2025-09-18 22:30:00+00:00,117203.1,117275.7,117188.5,117241.0,358.879
2025-09-18 22:45:00+00:00,117240.9,117241.0,116961.1,116995.0,2466.862
2025-09-18 23:00:00+00:00,116995.0,116995.0,116489.7,116715.4,5189.176
2025-09-18 23:15:00+00:00,116715.5,116778.0,116582.6,116766.0,1193.96
2025-09-18 23:30:00+00:00,116766.0,116978.0,116765.9,116927.5,972.333
2025-09-18 23:45:00+00:00,116927.5,117125.0,116914.4,117017.1,872.978
2025-09-19 00:00:00+00:00,117017.1,117100.0,116960.8,117013.2,724.139
2025-09-19 00:15:00+00:00,117013.2,117280.2,117009.4,117173.5,1240.302
2025-09-19 00:30:00+00:00,117173.5,117333.0,117158.2,117333.0,476.676
2025-09-19 00:45:00+00:00,117332.9,117375.1,117270.7,117359.9,757.635
2025-09-19 01:00:00+00:00,117360.0,117406.8,117190.0,117220.5,752.123
2025-09-19 01:15:00+00:00,117220.4,117328.9,117157.7,117290.3,422.53
2025-09-19 01:30:00+00:00,117290.3,117337.2,117058.0,117058.0,724.44
2025-09-19 01:45:00+00:00,117058.0,117214.9,117054.1,117184.0,451.403
2025-09-19 02:00:00+00:00,117184.0,117234.5,116990.8,116999.1,469.221
2025-09-19 02:15:00+00:00,116999.0,117078.7,116990.9,117057.0,398.937
2025-09-19 02:30:00+00:00,117057.0,117174.9,117000.0,117043.2,463.808
2025-09-19 02:45:00+00:00,117043.1,117150.0,117035.7,117054.8,379.466
2025-09-19 03:00:00+00:00,117054.9,117177.0,117054.8,117156.0,304.617
2025-09-19 03:15:00+00:00,117156.0,117237.0,117010.7,117030.1,454.277
2025-09-19 03:30:00+00:00,117030.1,117038.2,116831.0,116912.1,1345.544
2025-09-19 03:45:00+00:00,116912.2,116936.1,116800.0,116914.2,904.092
2025-09-19 04:00:00+00:00,116914.1,116927.2,116631.6,116709.5,2022.709
2025-09-19 04:15:00+00:00,116709.5,116978.1,116709.4,116932.7,1011.237
2025-09-19 04:30:00+00:00,116932.7,117049.9,116861.6,116938.1,871.506
2025-09-19 04:45:00+00:00,116938.1,116988.2,116881.2,116929.4,352.713
2025-09-19 05:00:00+00:00,116929.4,116947.3,116823.4,116919.7,506.918
2025-09-19 05:15:00+00:00,116919.6,116966.7,116762.0,116798.6,502.068
2025-09-19 05:30:00+00:00,116798.6,116866.6,116725.0,116818.1,407.27
2025-09-19 05:45:00+00:00,116818.1,116870.2,116817.7,116837.5,237.567
2025-09-19 06:00:00+00:00,116837.6,116837.6,116705.4,116730.1,652.667
2025-09-19 06:15:00+00:00,116730.0,116814.7,116700.1,116734.9,518.69
2025-09-19 06:30:00+00:00,116734.9,116751.4,116567.3,116688.6,1113.986
2025-09-19 06:45:00+00:00,116688.6,116764.4,116611.3,116633.2,1344.063
2025-09-19 07:00:00+00:00,116633.2,116795.8,116625.1,116750.1,1552.845
2025-09-19 07:15:00+00:00,116750.1,116837.0,116743.2,116806.6,517.35
2025-09-19 07:30:00+00:00,116806.7,116943.9,116780.0,116916.4,815.108
2025-09-19 07:45:00+00:00,116916.4,116916.5,116850.0,116850.1,435.808
2025-09-19 08:00:00+00:00,116850.0,116959.8,116818.9,116941.1,650.273
2025-09-19 08:15:00+00:00,116941.2,117050.6,116937.5,117033.3,946.911
2025-09-19 08:30:00+00:00,117033.2,117037.8,116841.4,116882.6,492.073
2025-09-19 08:45:00+00:00,116882.6,116921.9,116860.0,116862.6,256.254
2025-09-19 09:00:00+00:00,116862.6,116936.1,116812.7,116927.0,445.56
2025-09-19 09:15:00+00:00,116927.1,116927.1,116729.9,116765.3,635.785
2025-09-19 09:30:00+00:00,116765.4,116843.9,116661.7,116661.7,440.407
2025-09-19 09:45:00+00:00,116661.7,116685.7,116425.0,116437.7,3103.816
2025-09-19 10:00:00+00:00,116437.7,116500.0,116368.0,116486.2,1489.688
2025-09-19 10:15:00+00:00,116486.2,116486.2,116377.2,116433.8,985.689
2025-09-19 10:30:00+00:00,116433.9,116490.9,116386.6,116473.0,661.124
2025-09-19 10:45:00+00:00,116473.1,116491.9,116426.4,116476.7,567.566
2025-09-19 11:00:00+00:00,116476.7,116501.5,116370.0,116408.5,674.525
2025-09-19 11:15:00+00:00,116408.6,116477.5,116311.0,116313.0,854.566
2025-09-19 11:30:00+00:00,116312.9,116360.1,116272.0,116302.3,964.081
2025-09-19 11:45:00+00:00,116302.3,116350.0,116250.7,116343.1,829.277
2025-09-19 12:00:00+00:00,116343.3,116426.0,116325.7,116424.7,714.734
2025-09-19 12:15:00+00:00,116424.7,116488.0,116131.2,116175.1,1810.45
2025-09-19 12:30:00+00:00,116175.0,116234.0,116125.8,116169.6,1064.768
2025-09-19 12:45:00+00:00,116169.6,116188.0,116072.0,116124.1,1392.492
2025-09-19 13:00:00+00:00,116124.1,116160.3,116065.9,116087.6,803.529
2025-09-19 13:15:00+00:00,116087.7,116318.9,116017.1,116164.3,1840.388
2025-09-19 13:30:00+00:00,116164.2,116309.5,116050.0,116226.2,1515.16
2025-09-19 13:45:00+00:00,116226.3,116416.4,116180.0,116238.7,1360.729
2025-09-19 14:00:00+00:00,116238.6,116339.0,116171.1,116257.4,885.238
2025-09-19 14:15:00+00:00,116257.3,116447.3,116157.1,116209.1,942.685
2025-09-19 14:30:00+00:00,116209.1,116303.8,116056.1,116056.2,849.037
2025-09-19 14:45:00+00:00,116056.2,116107.9,115730.0,115849.7,4560.602
2025-09-19 15:00:00+00:00,115849.7,115849.8,115408.4,115475.9,4566.63
2025-09-19 15:15:00+00:00,115475.9,115752.0,115445.3,115744.5,2381.192
2025-09-19 15:30:00+00:00,115744.4,115900.0,115584.0,115860.7,1421.264
2025-09-19 15:45:00+00:00,115860.7,115882.2,115750.0,115826.9,1187.231
2025-09-19 16:00:00+00:00,115826.9,115946.9,115735.7,115918.6,2053.568
2025-09-19 16:15:00+00:00,115918.6,115998.6,115868.8,115916.0,771.247
2025-09-19 16:30:00+00:00,115916.0,115932.2,115791.6,115932.2,522.907
2025-09-19 16:45:00+00:00,115932.1,116093.0,115932.1,116029.9,1003.983
2025-09-19 17:00:00+00:00,116030.0,116035.8,115737.2,115753.5,802.574
2025-09-19 17:15:00+00:00,115753.5,115780.0,115662.4,115739.2,620.574
2025-09-19 17:30:00+00:00,115739.2,115739.2,115500.0,115578.0,973.737
2025-09-19 17:45:00+00:00,115578.1,115654.8,115490.9,115490.9,682.592
2025-09-19 18:00:00+00:00,115490.9,115553.6,115349.3,115431.9,1363.869
2025-09-19 18:15:00+00:00,115431.9,115453.2,115333.0,115380.0,797.92
2025-09-19 18:30:00+00:00,115380.0,115575.3,115353.7,115539.2,1289.92
2025-09-19 18:45:00+00:00,115539.1,115596.0,115322.0,115365.7,794.448
2025-09-19 19:00:00+00:00,115365.7,115433.1,115231.5,115242.1,1644.55
2025-09-19 19:15:00+00:00,115242.1,115352.0,115230.0,115305.1,724.88
2025-09-19 19:30:00+00:00,115305.1,115354.9,115140.0,115140.1,1333.38
2025-09-19 19:45:00+00:00,115140.0,115159.8,115057.0,115082.4,1138.122
2025-09-19 20:00:00+00:00,115082.4,115291.5,115049.9,115262.9,1197.689
2025-09-19 20:15:00+00:00,115262.9,115380.0,115239.4,115346.9,590.717
2025-09-19 20:30:00+00:00,115346.8,115382.0,115254.2,115364.3,635.373
2025-09-19 20:45:00+00:00,115364.3,115393.6,115230.7,115306.6,513.976
2025-09-19 21:00:00+00:00,115306.5,115392.4,115255.3,115343.2,686.348
2025-09-19 21:15:00+00:00,115343.2,115410.9,115342.5,115369.6,286.541
2025-09-19 21:30:00+00:00,115369.6,115433.7,115369.6,115415.9,349.872
2025-09-19 21:45:00+00:00,115415.9,115493.7,115376.0,115411.5,309.402
2025-09-19 22:00:00+00:00,115411.4,115567.8,115411.4,115555.0,519.695
2025-09-19 22:15:00+00:00,115555.0,115564.2,115488.8,115530.1,317.28
2025-09-19 22:30:00+00:00,115530.1,115569.0,115520.7,115520.7,307.451
2025-09-19 22:45:00+00:00,115520.8,115596.5,115520.7,115550.5,284.142
2025-09-19 23:00:00+00:00,115550.5,115550.5,115431.6,115444.1,269.158
2025-09-19 23:15:00+00:00,115444.0,115485.4,115394.5,115406.3,337.508
2025-09-19 23:30:00+00:00,115406.4,115493.7,115394.5,115464.8,248.764
2025-09-19 23:45:00+00:00,115464.8,115600.0,115464.8,115569.5,354.023
2025-09-20 00:00:00+00:00,115569.6,115603.4,115532.0,115557.9,541.243
2025-09-20 00:15:00+00:00,115558.0,115558.0,115484.9,115499.3,446.587
2025-09-20 00:30:00+00:00,115499.3,115638.1,115499.2,115638.1,303.324
2025-09-20 00:45:00+00:00,115638.1,115670.0,115612.0,115656.4,289.589
2025-09-20 01:00:00+00:00,115656.3,115660.4,115556.4,115556.4,523.858
2025-09-20 01:15:00+00:00,115556.4,115657.2,115550.2,115637.4,175.502
2025-09-20 01:30:00+00:00,115637.4,115650.0,115567.4,115613.2,291.95
2025-09-20 01:45:00+00:00,115613.2,115636.3,115562.6,115562.6,252.19
2025-09-20 02:00:00+00:00,115562.6,115562.7,115427.0,115442.1,483.184
2025-09-20 02:15:00+00:00,115442.1,115479.0,115371.0,115474.6,417.989
2025-09-20 02:30:00+00:00,115474.6,115507.2,115437.6,115507.1,181.248
2025-09-20 02:45:00+00:00,115507.1,115555.3,115495.8,115544.4,147.585
2025-09-20 03:00:00+00:00,115544.4,115545.5,115406.1,115437.5,200.788
2025-09-20 03:15:00+00:00,115437.5,115491.6,115437.5,115454.2,159.849
2025-09-20 03:30:00+00:00,115454.1,115454.8,115407.0,115451.5,143.134
2025-09-20 03:45:00+00:00,115451.5,115451.6,115355.0,115394.2,227.606
2025-09-20 04:00:00+00:00,115394.3,115437.4,115371.6,115426.3,220.777
2025-09-20 04:15:00+00:00,115426.3,115448.2,115401.1,115401.1,146.24
2025-09-20 04:30:00+00:00,115401.1,115496.0,115343.0,115492.7,415.532
2025-09-20 04:45:00+00:00,115492.7,115526.6,115484.1,115511.9,200.878
2025-09-20 05:00:00+00:00,115511.9,115529.5,115459.6,115524.2,305.552
2025-09-20 05:15:00+00:00,115524.1,115556.1,115524.1,115556.1,230.099
2025-09-20 05:30:00+00:00,115556.0,115610.0,115556.0,115583.8,339.257
2025-09-20 05:45:00+00:00,115583.7,115655.3,115583.7,115655.3,267.331
2025-09-20 06:00:00+00:00,115655.3,115655.3,115571.1,115571.2,344.029
2025-09-20 06:15:00+00:00,115571.1,115624.0,115571.1,115623.3,205.196
2025-09-20 06:30:00+00:00,115623.4,115629.7,115616.5,115616.6,128.069
2025-09-20 06:45:00+00:00,115616.5,115666.1,115616.5,115643.4,243.198
2025-09-20 07:00:00+00:00,115643.4,115665.0,115624.2,115624.3,433.139
2025-09-20 07:15:00+00:00,115624.2,115685.5,115624.2,115685.4,385.295
2025-09-20 07:30:00+00:00,115685.4,115875.2,115672.9,115869.3,1298.392
2025-09-20 07:45:00+00:00,115869.3,115933.4,115818.0,115909.8,1095.561
2025-09-20 08:00:00+00:00,115909.9,115914.4,115774.3,115797.3,621.894
2025-09-20 08:15:00+00:00,115797.3,115797.4,115761.3,115761.3,218.364
2025-09-20 08:30:00+00:00,115761.4,115830.9,115761.3,115830.8,302.466
2025-09-20 08:45:00+00:00,115830.8,115830.9,115637.5,115645.0,683.481
2025-09-20 09:00:00+00:00,115645.1,115733.7,115638.8,115733.7,359.733
2025-09-20 09:15:00+00:00,115733.6,115743.1,115689.9,115695.6,333.103
2025-09-20 09:30:00+00:00,115695.6,115695.6,115607.4,115610.1,458.376
2025-09-20 09:45:00+00:00,115610.0,115634.4,115605.6,115605.7,290.197
2025-09-20 10:00:00+00:00,115605.7,115708.8,115605.6,115693.9,326.701
2025-09-20 10:15:00+00:00,115693.8,115733.8,115640.3,115675.1,451.379
2025-09-20 10:30:00+00:00,115675.1,115727.1,115660.4,115722.8,132.038
2025-09-20 10:45:00+00:00,115722.8,115739.3,115683.9,115688.4,162.625
2025-09-20 11:00:00+00:00,115688.4,115784.3,115688.4,115784.2,364.324
2025-09-20 11:15:00+00:00,115784.3,115800.0,115715.6,115715.7,555.657
2025-09-20 11:30:00+00:00,115715.6,115773.8,115715.6,115756.3,405.169
2025-09-20 11:45:00+00:00,115756.2,115857.9,115756.2,115834.9,463.521
2025-09-20 12:00:00+00:00,115834.9,115900.0,115834.8,115855.5,539.559
2025-09-20 12:15:00+00:00,115855.5,115883.8,115763.3,115763.8,433.609
2025-09-20 12:30:00+00:00,115763.8,115789.9,115750.6,115786.8,185.007
2025-09-20 12:45:00+00:00,115786.8,115820.3,115786.7,115820.2,178.661
2025-09-20 13:00:00+00:00,115820.2,115841.1,115793.5,115841.0,151.79
2025-09-20 13:15:00+00:00,115841.0,115861.4,115841.0,115852.1,163.846
2025-09-20 13:30:00+00:00,115852.2,115869.0,115833.2,115866.0,240.824
2025-09-20 13:45:00+00:00,115866.0,115897.0,115825.2,115859.0,357.743
2025-09-20 14:00:00+00:00,115859.0,115888.0,115820.1,115820.1,354.087
2025-09-20 14:15:00+00:00,115820.2,115848.0,115820.1,115837.9,263.253
2025-09-20 14:30:00+00:00,115837.9,115888.1,115837.9,115888.1,268.779
2025-09-20 14:45:00+00:00,115888.1,115975.0,115888.0,115899.1,882.703
2025-09-20 15:00:00+00:00,115899.2,116026.4,115899.1,115999.9,884.145
2025-09-20 15:15:00+00:00,116000.0,116055.1,115958.4,116046.6,710.211
2025-09-20 15:30:00+00:00,116046.6,116059.2,115934.0,115950.1,506.599
2025-09-20 15:45:00+00:00,115950.1,115950.1,115881.3,115928.5,407.014
2025-09-20 16:00:00+00:00,115928.4,115987.0,115900.0,115900.1,401.943
2025-09-20 16:15:00+00:00,115900.0,115900.1,115807.0,115889.7,571.015
2025-09-20 16:30:00+00:00,115889.8,116000.0,115889.7,115971.7,280.859
2025-09-20 16:45:00+00:00,115971.7,115977.6,115956.4,115965.8,208.332
2025-09-20 17:00:00+00:00,115965.8,116017.9,115839.8,115839.8,412.159
2025-09-20 17:15:00+00:00,115839.8,115851.4,115760.0,115791.4,525.117
2025-09-20 17:30:00+00:00,115791.5,115828.1,115791.4,115815.8,207.657
2025-09-20 17:45:00+00:00,115815.8,115815.8,115756.6,115760.0,312.024
2025-09-20 18:00:00+00:00,115760.0,115760.0,115666.6,115666.7,443.794
2025-09-20 18:15:00+00:00,115666.6,115735.0,115637.3,115734.9,295.197
2025-09-20 18:30:00+00:00,115734.9,115734.9,115646.5,115678.2,216.937
2025-09-20 18:45:00+00:00,115678.2,115680.0,115640.9,115654.2,242.958
2025-09-20 19:00:00+00:00,115654.3,115672.6,115642.9,115670.2,265.255
2025-09-20 19:15:00+00:00,115670.1,115743.2,115658.0,115713.3,269.036
2025-09-20 19:30:00+00:00,115713.3,115724.5,115642.5,115642.5,186.935
2025-09-20 19:45:00+00:00,115642.5,115647.1,115636.6,115636.6,162.238
2025-09-20 20:00:00+00:00,115636.6,115693.7,115631.1,115656.8,237.324
2025-09-20 20:15:00+00:00,115656.9,115695.1,115625.7,115695.0,221.988
2025-09-20 20:30:00+00:00,115695.0,115710.7,115683.8,115705.3,141.004
2025-09-20 20:45:00+00:00,115705.3,115724.2,115653.5,115653.6,178.759
2025-09-20 21:00:00+00:00,115653.5,115758.7,115653.5,115758.5,177.212
2025-09-20 21:15:00+00:00,115758.6,115806.9,115736.6,115806.9,170.823
2025-09-20 21:30:00+00:00,115806.9,115887.6,115800.1,115817.0,331.534
2025-09-20 21:45:00+00:00,115817.0,115817.0,115696.4,115724.2,209.497
2025-09-20 22:00:00+00:00,115724.2,115740.5,115696.0,115721.4,212.93
2025-09-20 22:15:00+00:00,115721.3,115731.3,115697.0,115697.9,252.362
2025-09-20 22:30:00+00:00,115697.9,115701.6,115679.9,115680.7,157.827
2025-09-20 22:45:00+00:00,115680.7,115717.6,115680.7,115703.2,170.916
2025-09-20 23:00:00+00:00,115703.1,115703.2,115663.0,115664.1,141.355
2025-09-20 23:15:00+00:00,115664.1,115669.6,115657.1,115662.2,194.074
2025-09-20 23:30:00+00:00,115662.1,115662.2,115549.9,115578.4,749.52
2025-09-20 23:45:00+00:00,115578.3,115625.0,115578.3,115624.9,106.068
2025-09-21 00:00:00+00:00,115625.0,115664.6,115613.1,115664.5,243.967
2025-09-21 00:15:00+00:00,115664.5,115671.2,115532.6,115535.7,449.722
2025-09-21 00:30:00+00:00,115535.7,115541.4,115483.1,115541.4,476.082
2025-09-21 00:45:00+00:00,115541.4,115622.4,115534.6,115587.3,292.395
2025-09-21 01:00:00+00:00,115587.3,115587.4,115520.3,115520.4,168.763
2025-09-21 01:15:00+00:00,115520.3,115545.4,115500.0,115500.1,199.826
2025-09-21 01:30:00+00:00,115500.1,115512.6,115500.0,115500.0,179.201
2025-09-21 01:45:00+00:00,115500.1,115500.1,115435.0,115435.1,362.538
2025-09-21 02:00:00+00:00,115435.1,115524.1,115435.0,115524.0,335.596
2025-09-21 02:15:00+00:00,115524.1,115527.5,115388.0,115459.4,599.068
2025-09-21 02:30:00+00:00,115459.4,115578.8,115459.3,115566.9,359.557
2025-09-21 02:45:00+00:00,115567.0,115650.0,115566.9,115635.6,237.581
2025-09-21 03:00:00+00:00,115635.7,115661.9,115617.6,115661.9,241.804
2025-09-21 03:15:00+00:00,115662.1,115662.1,115560.7,115600.7,357.041
2025-09-21 03:30:00+00:00,115600.7,115600.7,115567.2,115570.8,153.111
2025-09-21 03:45:00+00:00,115570.7,115616.6,115570.7,115613.8,174.394
2025-09-21 04:00:00+00:00,115613.8,115614.9,115525.6,115525.6,216.877
2025-09-21 04:15:00+00:00,115525.7,115525.7,115520.0,115520.0,117.384
2025-09-21 04:30:00+00:00,115520.0,115522.0,115480.0,115480.0,197.095
2025-09-21 04:45:00+00:00,115480.0,115480.1,115440.0,115440.1,265.056
2025-09-21 05:00:00+00:00,115440.0,115483.4,115430.2,115477.3,401.296
2025-09-21 05:15:00+00:00,115477.3,115510.5,115477.3,115481.8,230.942
2025-09-21 05:30:00+00:00,115481.9,115481.9,115470.1,115479.0,222.677
2025-09-21 05:45:00+00:00,115479.0,115623.9,115478.9,115623.9,318.723
2025-09-21 06:00:00+00:00,115623.9,115743.4,115623.8,115740.1,469.029
2025-09-21 06:15:00+00:00,115740.0,115744.0,115714.5,115733.2,328.22
2025-09-21 06:30:00+00:00,115733.1,115733.2,115674.9,115697.6,312.34
2025-09-21 06:45:00+00:00,115697.5,115697.6,115633.3,115633.3,125.073
2025-09-21 07:00:00+00:00,115633.3,115649.7,115581.8,115586.2,348.551
2025-09-21 07:15:00+00:00,115586.2,115586.3,115556.7,115556.8,148.092
2025-09-21 07:30:00+00:00,115556.7,115665.5,115556.7,115632.4,533.046
2025-09-21 07:45:00+00:00,115632.4,115772.9,115632.4,115772.9,622.318
2025-09-21 08:00:00+00:00,115772.8,115778.0,115601.0,115601.0,260.107
2025-09-21 08:15:00+00:00,115601.0,115617.4,115544.3,115544.3,321.393
2025-09-21 08:30:00+00:00,115544.3,115555.0,115509.5,115543.5,396.146
2025-09-21 08:45:00+00:00,115543.4,115596.8,115525.0,115583.2,372.811
2025-09-21 09:00:00+00:00,115583.1,115588.3,115524.2,115524.2,169.323
2025-09-21 09:15:00+00:00,115524.2,115524.3,115390.0,115419.9,812.663
2025-09-21 09:30:00+00:00,115419.8,115467.0,115277.0,115455.7,1421.045
2025-09-21 09:45:00+00:00,115455.7,115660.1,115422.9,115626.2,759.594
2025-09-21 10:00:00+00:00,115626.1,115666.0,115597.8,115609.9,385.548
2025-09-21 10:15:00+00:00,115609.9,115610.0,115546.0,115576.7,235.397
2025-09-21 10:30:00+00:00,115576.7,115576.8,115503.6,115503.7,208.946
2025-09-21 10:45:00+00:00,115503.6,115509.4,115445.0,115465.1,284.415
2025-09-21 11:00:00+00:00,115465.1,115634.5,115459.0,115620.2,348.919
2025-09-21 11:15:00+00:00,115620.2,115620.3,115559.7,115616.3,226.983
2025-09-21 11:30:00+00:00,115616.3,115654.1,115616.2,115638.0,176.912
2025-09-21 11:45:00+00:00,115637.9,115637.9,115555.0,115559.3,214.515
2025-09-21 12:00:00+00:00,115559.3,115654.0,115559.3,115644.3,202.54
2025-09-21 12:15:00+00:00,115644.2,115702.2,115644.2,115666.0,347.954
2025-09-21 12:30:00+00:00,115666.1,115703.9,115666.0,115678.3,236.639
2025-09-21 12:45:00+00:00,115678.3,115678.4,115623.8,115623.8,208.441
2025-09-21 13:00:00+00:00,115623.9,115680.0,115618.2,115650.1,290.328
2025-09-21 13:15:00+00:00,115650.1,115667.0,115641.1,115667.0,103.354
2025-09-21 13:30:00+00:00,115666.9,115696.3,115583.3,115587.6,329.33
2025-09-21 13:45:00+00:00,115587.5,115612.9,115587.5,115611.0,129.084
2025-09-21 14:00:00+00:00,115611.0,115636.1,115581.0,115621.9,213.27
2025-09-21 14:15:00+00:00,115621.8,115621.9,115505.0,115526.2,243.743
2025-09-21 14:30:00+00:00,115526.3,115619.5,115436.1,115607.9,610.739
2025-09-21 14:45:00+00:00,115607.9,115638.7,115446.3,115446.4,478.785
2025-09-21 15:00:00+00:00,115446.3,115524.0,115445.0,115496.8,260.893
2025-09-21 15:15:00+00:00,115496.7,115503.9,115435.9,115435.9,164.194
2025-09-21 15:30:00+00:00,115435.9,115526.9,115413.0,115526.8,330.534
2025-09-21 15:45:00+00:00,115526.8,115557.0,115468.7,115471.1,286.53
2025-09-21 16:00:00+00:00,115471.0,115500.6,115420.6,115420.9,302.642
2025-09-21 16:15:00+00:00,115420.9,115421.0,115318.7,115358.4,547.753
2025-09-21 16:30:00+00:00,115358.3,115358.4,115250.0,115277.5,881.329
2025-09-21 16:45:00+00:00,115277.4,115277.5,115158.0,115270.8,1082.004
2025-09-21 17:00:00+00:00,115270.8,115335.3,115206.0,115330.9,519.228
2025-09-21 17:15:00+00:00,115330.9,115449.8,115241.4,115356.1,549.398
2025-09-21 17:30:00+00:00,115356.1,115367.3,115311.5,115359.3,203.074
2025-09-21 17:45:00+00:00,115359.3,115596.0,115359.2,115581.3,600.556
2025-09-21 18:00:00+00:00,115581.3,115620.0,115529.8,115567.7,406.382
2025-09-21 18:15:00+00:00,115567.7,115583.0,115482.5,115482.6,219.079
2025-09-21 18:30:00+00:00,115482.5,115542.2,115482.5,115488.9,181.134
2025-09-21 18:45:00+00:00,115488.9,115508.4,115469.6,115481.6,227.908
2025-09-21 19:00:00+00:00,115481.6,115481.6,115267.5,115296.6,554.291
2025-09-21 19:15:00+00:00,115296.6,115471.4,115296.6,115471.4,258.071
2025-09-21 19:30:00+00:00,115471.3,115471.4,115400.0,115400.0,106.782
2025-09-21 19:45:00+00:00,115400.0,115441.0,115395.9,115441.0,100.977
2025-09-21 20:00:00+00:00,115441.0,115457.7,115309.3,115345.1,202.627
2025-09-21 20:15:00+00:00,115345.1,115458.2,115345.1,115458.1,151.59
2025-09-21 20:30:00+00:00,115458.1,115458.2,115329.7,115339.9,177.212
2025-09-21 20:45:00+00:00,115339.9,115373.0,115256.2,115256.3,219.023
2025-09-21 21:00:00+00:00,115256.2,115281.6,115181.7,115257.0,367.976
2025-09-21 21:15:00+00:00,115257.0,115275.6,115197.7,115197.8,156.863
2025-09-21 21:30:00+00:00,115197.8,115362.5,115197.7,115362.5,266.146
2025-09-21 21:45:00+00:00,115362.5,115383.9,115304.0,115364.0,175.024
2025-09-21 22:00:00+00:00,115363.9,115437.5,115163.5,115178.5,737.606
2025-09-21 22:15:00+00:00,115178.4,115285.3,115137.6,115268.3,454.587
2025-09-21 22:30:00+00:00,115268.4,115452.2,115220.6,115452.1,338.831
2025-09-21 22:45:00+00:00,115452.2,115510.7,115452.1,115485.6,392.23
2025-09-21 23:00:00+00:00,115485.6,115485.7,115158.4,115240.5,732.001
2025-09-21 23:15:00+00:00,115240.4,115287.9,115150.8,115261.3,360.223
2025-09-21 23:30:00+00:00,115261.3,115293.0,115171.0,115215.9,278.178
2025-09-21 23:45:00+00:00,115215.8,115232.7,115172.0,115183.9,324.266
2025-09-22 00:00:00+00:00,115183.9,115344.6,115136.5,115229.7,577.739
2025-09-22 00:15:00+00:00,115229.7,115277.1,115083.7,115129.5,955.516
2025-09-22 00:30:00+00:00,115129.4,115129.4,114641.8,114794.9,7800.104
2025-09-22 00:45:00+00:00,114795.0,114856.0,114122.0,114335.9,6567.368
2025-09-22 01:00:00+00:00,114335.8,114578.6,114226.7,114559.5,2360.718
2025-09-22 01:15:00+00:00,114559.5,114629.4,114393.8,114593.7,2199.557
2025-09-22 01:30:00+00:00,114593.7,114700.0,114490.0,114547.8,1447.102
2025-09-22 01:45:00+00:00,114547.8,114617.5,114178.0,114211.8,2039.18
2025-09-22 02:00:00+00:00,114211.9,114520.7,114205.5,114305.1,2480.745
2025-09-22 02:15:00+00:00,114305.1,114563.4,114300.1,114460.3,1440.048
2025-09-22 02:30:00+00:00,114460.4,114460.4,114050.0,114234.7,2419.278
2025-09-22 02:45:00+00:00,114234.7,114368.0,114126.0,114126.0,675.659
2025-09-22 03:00:00+00:00,114126.1,114329.3,114126.0,114249.5,805.854
2025-09-22 03:15:00+00:00,114249.6,114403.8,114249.5,114403.8,709.372
2025-09-22 03:30:00+00:00,114403.8,114481.9,114270.0,114478.8,846.632
2025-09-22 03:45:00+00:00,114478.7,114602.9,114478.7,114602.9,892.398
2025-09-22 04:00:00+00:00,114602.9,114604.9,114382.4,114382.5,717.986
2025-09-22 04:15:00+00:00,114382.5,114500.0,114342.5,114445.5,567.75
2025-09-22 04:30:00+00:00,114445.5,114518.3,114352.9,114358.4,545.012
2025-09-22 04:45:00+00:00,114358.4,114423.0,114342.8,114380.1,796.272
2025-09-22 05:00:00+00:00,114380.1,114382.2,114300.0,114351.4,483.843
2025-09-22 05:15:00+00:00,114351.5,114499.4,114300.6,114478.5,576.367
2025-09-22 05:30:00+00:00,114478.6,114478.6,114276.2,114276.2,482.541
2025-09-22 05:45:00+00:00,114276.3,114337.3,113588.0,113635.6,2770.936
2025-09-22 06:00:00+00:00,113615.0,113636.5,111469.2,112937.0,27033.299
2025-09-22 06:15:00+00:00,112937.1,113094.3,112600.0,112752.0,5144.448
2025-09-22 06:30:00+00:00,112752.0,113000.0,112619.1,112894.6,2743.369
2025-09-22 06:45:00+00:00,112894.5,112980.2,112666.3,112748.8,1580.545
2025-09-22 07:00:00+00:00,112748.8,112837.3,112584.0,112652.2,2291.575
2025-09-22 07:15:00+00:00,112652.2,112769.2,112523.6,112730.0,1202.887
2025-09-22 07:30:00+00:00,112730.0,112937.8,112681.4,112932.9,1539.825
2025-09-22 07:45:00+00:00,112933.0,112948.8,112391.5,112454.4,5494.031
2025-09-22 08:00:00+00:00,112454.5,112698.1,112377.0,112578.9,1821.409
2025-09-22 08:15:00+00:00,112578.9,112660.0,112429.1,112566.2,1025.269
2025-09-22 08:30:00+00:00,112566.2,112698.9,112486.4,112658.9,678.866
2025-09-22 08:45:00+00:00,112659.0,112724.5,112560.0,112568.3,654.826
2025-09-22 09:00:00+00:00,112568.2,112616.5,112354.0,112359.9,701.496
2025-09-22 09:15:00+00:00,112359.9,112491.7,112267.8,112340.0,1312.339
2025-09-22 09:30:00+00:00,112340.1,112430.0,112167.7,112276.4,1964.558
2025-09-22 09:45:00+00:00,112276.3,112348.8,112119.0,112288.6,1274.203
2025-09-22 10:00:00+00:00,112288.7,112474.9,112203.2,112470.0,1229.485
2025-09-22 10:15:00+00:00,112470.0,112627.5,112455.3,112500.0,978.275
2025-09-22 10:30:00+00:00,112500.1,112500.1,112319.4,112414.7,515.982
2025-09-22 10:45:00+00:00,112414.8,112800.0,112414.7,112732.6,1185.412
2025-09-22 11:00:00+00:00,112732.5,112865.2,112721.8,112857.3,803.857
2025-09-22 11:15:00+00:00,112857.3,112927.0,112725.3,112725.4,879.813
2025-09-22 11:30:00+00:00,112725.3,112795.2,112617.0,112648.8,695.447
2025-09-22 11:45:00+00:00,112648.9,112841.8,112640.0,112814.1,548.369
2025-09-22 12:00:00+00:00,112814.0,112814.1,112488.6,112619.6,1370.439
2025-09-22 12:15:00+00:00,112619.7,112647.9,112506.6,112522.6,540.097
2025-09-22 12:30:00+00:00,112522.6,112587.6,112458.4,112520.0,507.261
2025-09-22 12:45:00+00:00,112520.1,112778.8,112500.0,112682.1,882.848
2025-09-22 13:00:00+00:00,112682.2,112891.9,112615.3,112891.9,735.184
2025-09-22 13:15:00+00:00,112891.9,112915.0,112770.0,112884.2,1042.968
2025-09-22 13:30:00+00:00,112884.2,112884.2,112426.1,112537.3,1311.577
2025-09-22 13:45:00+00:00,112537.3,113100.0,112333.0,113087.1,2526.521
2025-09-22 14:00:00+00:00,113087.1,113221.8,113000.0,113111.9,4172.772
2025-09-22 14:15:00+00:00,113111.9,113399.6,113071.6,113337.3,4310.173
2025-09-22 14:30:00+00:00,113337.2,113413.5,112831.5,112951.6,2626.883
2025-09-22 14:45:00+00:00,112951.6,112953.4,112707.8,112892.0,1392.152
2025-09-22 15:00:00+00:00,112892.1,112986.0,112746.2,112827.4,1164.108
2025-09-22 15:15:00+00:00,112827.3,112845.6,112536.2,112622.3,1511.993
2025-09-22 15:30:00+00:00,112622.4,112672.4,112524.3,112637.5,894.005
2025-09-22 15:45:00+00:00,112637.5,112865.2,112555.0,112768.7,1158.911
2025-09-22 16:00:00+00:00,112768.7,112839.0,112649.2,112763.2,878.95
2025-09-22 16:15:00+00:00,112763.2,112820.0,112605.5,112695.1,696.268
2025-09-22 16:30:00+00:00,112695.0,112785.2,112638.7,112780.9,414.974
2025-09-22 16:45:00+00:00,112781.0,112781.0,112533.3,112558.3,587.247
2025-09-22 17:00:00+00:00,112558.3,112576.8,112200.0,112264.9,1758.578
2025-09-22 17:15:00+00:00,112265.0,112452.3,112227.5,112350.1,1012.625
2025-09-22 17:30:00+00:00,112350.0,112450.3,112311.3,112430.1,568.697
2025-09-22 17:45:00+00:00,112430.0,112514.8,112279.6,112350.0,887.051
2025-09-22 18:00:00+00:00,112350.0,112557.8,112300.0,112550.0,624.277
2025-09-22 18:15:00+00:00,112550.1,112688.6,112471.9,112618.4,1127.629
2025-09-22 18:30:00+00:00,112618.4,112776.1,112594.8,112684.0,804.786
2025-09-22 18:45:00+00:00,112684.1,112700.0,112354.5,112385.6,621.238
2025-09-22 19:00:00+00:00,112385.6,112529.3,112385.5,112522.5,526.972
2025-09-22 19:15:00+00:00,112522.5,112549.6,112370.2,112408.2,519.863
2025-09-22 19:30:00+00:00,112408.3,112421.7,111897.0,111938.4,4087.503
2025-09-22 19:45:00+00:00,111938.4,112285.5,111866.3,112072.9,2013.826
2025-09-22 20:00:00+00:00,112072.8,112093.7,111924.6,112081.8,1025.385
2025-09-22 20:15:00+00:00,112081.8,112251.5,111994.9,112237.0,703.545
2025-09-22 20:30:00+00:00,112236.9,112599.3,112236.9,112573.1,1857.7
2025-09-22 20:45:00+00:00,112573.1,112942.4,112503.5,112732.1,1867.191
2025-09-22 21:00:00+00:00,112731.9,112739.6,112543.2,112699.9,723.398
2025-09-22 21:15:00+00:00,112700.0,112819.2,112615.3,112645.5,567.05
2025-09-22 21:30:00+00:00,112645.5,112846.5,112640.1,112843.1,730.247
2025-09-22 21:45:00+00:00,112843.2,112923.0,112840.4,112922.9,390.717
2025-09-22 22:00:00+00:00,112922.9,112923.0,112628.0,112706.3,1065.313
2025-09-22 22:15:00+00:00,112706.3,112763.9,112595.0,112595.1,354.703
2025-09-22 22:30:00+00:00,112595.0,112644.5,112567.0,112599.4,466.693
2025-09-22 22:45:00+00:00,112599.4,112619.9,112533.3,112584.1,358.914
2025-09-22 23:00:00+00:00,112584.2,112668.9,112584.1,112644.0,348.063
2025-09-22 23:15:00+00:00,112644.0,112666.4,112533.6,112573.8,377.891
2025-09-22 23:30:00+00:00,112573.8,112653.7,112540.0,112591.3,454.609
2025-09-22 23:45:00+00:00,112591.3,112699.9,112540.5,112604.7,434.211
2025-09-23 00:00:00+00:00,112604.7,112659.8,112442.1,112497.0,976.495
2025-09-23 00:15:00+00:00,112496.9,112808.4,112485.4,112698.8,915.117
2025-09-23 00:30:00+00:00,112698.8,112719.8,112512.2,112532.9,551.055
2025-09-23 00:45:00+00:00,112532.8,112563.3,112330.0,112347.2,736.482
2025-09-23 01:00:00+00:00,112347.1,112387.3,112260.2,112302.1,787.313
2025-09-23 01:15:00+00:00,112302.0,112474.0,112260.0,112454.9,500.308
2025-09-23 01:30:00+00:00,112454.9,112462.1,112162.4,112212.1,633.883
2025-09-23 01:45:00+00:00,112212.1,112283.2,112090.6,112115.2,687.809
2025-09-23 02:00:00+00:00,112115.3,112450.0,112115.2,112350.9,1172.329
2025-09-23 02:15:00+00:00,112350.9,112366.9,111965.5,111967.3,1259.933
2025-09-23 02:30:00+00:00,111967.3,112083.2,111963.0,111985.0,962.774
2025-09-23 02:45:00+00:00,111985.0,112000.0,111591.6,111760.4,3246.524
2025-09-23 03:00:00+00:00,111760.5,111776.8,111405.1,111771.2,3150.133
2025-09-23 03:15:00+00:00,111771.3,112369.9,111750.1,112263.6,2829.947
2025-09-23 03:30:00+00:00,112263.6,112378.1,112156.8,112184.0,1739.421
2025-09-23 03:45:00+00:00,112184.0,112417.4,112150.0,112294.0,1149.564
2025-09-23 04:00:00+00:00,112294.0,112426.6,112086.3,112091.0,1034.842
2025-09-23 04:15:00+00:00,112091.1,112144.7,111969.0,111969.0,679.447
2025-09-23 04:30:00+00:00,111968.8,112293.5,111804.9,112210.1,2119.486
2025-09-23 04:45:00+00:00,112210.2,112387.2,112159.1,112377.6,669.033
2025-09-23 05:00:00+00:00,112377.7,112623.9,112361.1,112587.1,1694.68
2025-09-23 05:15:00+00:00,112587.1,112740.0,112514.3,112739.9,1099.517
2025-09-23 05:30:00+00:00,112740.0,112850.0,112723.3,112794.4,1133.742
2025-09-23 05:45:00+00:00,112794.4,112812.4,112582.4,112616.6,1739.275
2025-09-23 06:00:00+00:00,112616.6,112799.0,112557.1,112683.7,860.648
2025-09-23 06:15:00+00:00,112683.7,112863.2,112655.5,112823.9,692.845
2025-09-23 06:30:00+00:00,112823.9,113058.0,112823.8,112863.8,1800.847
2025-09-23 06:45:00+00:00,112863.8,113070.0,112806.0,112924.1,1301.514
2025-09-23 07:00:00+00:00,112924.1,112964.4,112818.1,112911.7,917.904
2025-09-23 07:15:00+00:00,112911.7,113039.9,112832.7,112902.0,918.181
2025-09-23 07:30:00+00:00,112902.0,113016.8,112850.0,112902.8,783.961
2025-09-23 07:45:00+00:00,112902.9,113080.0,112872.9,113048.1,1562.35
2025-09-23 08:00:00+00:00,113048.1,113128.2,112891.3,113022.1,1951.242
2025-09-23 08:15:00+00:00,113022.2,113144.2,113014.0,113053.0,1080.139
2025-09-23 08:30:00+00:00,113053.1,113079.5,112981.8,113031.1,516.888
2025-09-23 08:45:00+00:00,113031.1,113094.3,112980.6,113087.9,614.268
2025-09-23 09:00:00+00:00,113087.9,113236.0,113039.3,113227.0,1003.6
2025-09-23 09:15:00+00:00,113226.9,113227.0,112950.0,112950.0,936.346
2025-09-23 09:30:00+00:00,112950.1,113070.0,112914.1,112991.1,581.731
2025-09-23 09:45:00+00:00,112991.0,112991.1,112823.8,112892.5,679.404
2025-09-23 10:00:00+00:00,112892.5,112962.5,112779.5,112911.3,626.949
2025-09-23 10:15:00+00:00,112911.2,112913.4,112769.2,112861.7,502.409
2025-09-23 10:30:00+00:00,112861.7,112916.3,112786.6,112786.6,382.918
2025-09-23 10:45:00+00:00,112786.6,112971.1,112786.6,112929.0,601.567
2025-09-23 11:00:00+00:00,112929.0,112935.8,112634.0,112666.3,1006.594
2025-09-23 11:15:00+00:00,112666.2,112849.9,112666.2,112803.9,1077.683
2025-09-23 11:30:00+00:00,112803.9,113014.7,112765.4,113014.6,763.452
2025-09-23 11:45:00+00:00,113014.7,113039.1,112858.6,112938.6,508.992
2025-09-23 12:00:00+00:00,112938.6,112976.8,112820.3,112966.1,697.653
2025-09-23 12:15:00+00:00,112966.1,113003.3,112777.7,112802.8,650.944
2025-09-23 12:30:00+00:00,112802.8,112970.0,112758.7,112954.6,708.531
2025-09-23 12:45:00+00:00,112954.5,113010.0,112816.1,112885.8,542.55
2025-09-23 13:00:00+00:00,112885.8,112885.8,112778.6,112868.2,584.382
2025-09-23 13:15:00+00:00,112868.2,112900.0,112809.8,112853.0,361.133
2025-09-23 13:30:00+00:00,112853.1,112969.8,112667.7,112749.5,1154.181
2025-09-23 13:45:00+00:00,112749.6,112923.0,112670.9,112894.1,1047.401
2025-09-23 14:00:00+00:00,112894.1,113254.8,112840.3,113007.6,2036.338
2025-09-23 14:15:00+00:00,113007.5,113030.7,112735.8,112755.5,1325.429
2025-09-23 14:30:00+00:00,112755.6,112841.1,112549.9,112769.2,1670.515
2025-09-23 14:45:00+00:00,112769.1,112778.9,112512.0,112602.3,979.522
2025-09-23 15:00:00+00:00,112602.2,112944.8,112390.6,112891.7,2153.111
2025-09-23 15:15:00+00:00,112891.7,113025.2,112797.2,112907.7,1252.059
2025-09-23 15:30:00+00:00,112907.7,112951.9,112782.6,112801.9,781.436
2025-09-23 15:45:00+00:00,112801.9,112950.0,112745.0,112828.6,629.302
2025-09-23 16:00:00+00:00,112828.6,112874.2,112433.9,112530.0,1278.411
2025-09-23 16:15:00+00:00,112529.9,112810.6,112490.8,112767.8,1009.863
2025-09-23 16:30:00+00:00,112767.8,112767.9,112452.0,112546.6,927.909
2025-09-23 16:45:00+00:00,112546.7,112927.8,112535.5,112763.8,928.859
2025-09-23 17:00:00+00:00,112763.8,112779.4,112501.0,112526.4,604.386
2025-09-23 17:15:00+00:00,112526.3,112615.3,112320.0,112345.0,1102.788
2025-09-23 17:30:00+00:00,112344.9,112373.6,111955.0,111982.6,2931.475
2025-09-23 17:45:00+00:00,111982.5,112200.0,111827.2,111919.2,2376.608
2025-09-23 18:00:00+00:00,111919.2,112168.6,111850.0,112072.9,2514.903
2025-09-23 18:15:00+00:00,112072.9,112089.0,111711.0,111972.0,1905.314
2025-09-23 18:30:00+00:00,111972.0,111972.0,111670.0,111686.3,1217.623
2025-09-23 18:45:00+00:00,111686.3,111782.5,111625.5,111728.3,1064.029
2025-09-23 19:00:00+00:00,111728.3,111925.8,111728.2,111822.7,974.757
2025-09-23 19:15:00+00:00,111822.7,111941.6,111688.8,111722.7,887.956
2025-09-23 19:30:00+00:00,111722.6,111772.7,111564.1,111575.7,1081.144
2025-09-23 19:45:00+00:00,111575.6,111630.6,111482.0,111611.8,1661.066
2025-09-23 20:00:00+00:00,111611.7,111936.7,111584.5,111789.1,1380.296
2025-09-23 20:15:00+00:00,111789.0,111830.0,111590.3,111590.4,579.413
2025-09-23 20:30:00+00:00,111590.3,111846.1,111413.5,111838.6,1114.461
2025-09-23 20:45:00+00:00,111838.5,111949.1,111628.4,111936.4,742.457
2025-09-23 21:00:00+00:00,111936.2,111956.2,111835.5,111956.2,560.77
2025-09-23 21:15:00+00:00,111956.2,112027.3,111900.0,112027.3,574.228
2025-09-23 21:30:00+00:00,112027.3,112151.6,111991.6,112151.5,701.108
2025-09-23 21:45:00+00:00,112151.5,112151.6,112047.8,112108.6,478.126
2025-09-23 22:00:00+00:00,112108.5,112171.2,111999.9,112102.1,562.222
2025-09-23 22:15:00+00:00,112102.1,112114.5,111940.6,111950.8,386.589
2025-09-23 22:30:00+00:00,111950.8,112165.1,111940.8,112130.0,513.567
2025-09-23 22:45:00+00:00,112130.1,112151.2,112052.5,112107.0,437.062
2025-09-23 23:00:00+00:00,112107.0,112178.0,112038.8,112077.8,373.258
2025-09-23 23:15:00+00:00,112077.9,112136.2,111812.0,111842.6,797.471
2025-09-23 23:30:00+00:00,111842.6,112056.0,111842.5,112027.6,520.21
2025-09-23 23:45:00+00:00,112027.5,112054.8,111923.9,111947.0,353.907
2025-09-24 00:00:00+00:00,111947.0,111991.5,111770.9,111989.2,823.695
2025-09-24 00:15:00+00:00,111989.1,112338.3,111970.4,112248.2,1602.691
2025-09-24 00:30:00+00:00,112248.2,112249.4,112108.4,112172.0,468.059
2025-09-24 00:45:00+00:00,112172.0,112301.0,112160.0,112175.1,599.121
2025-09-24 01:00:00+00:00,112175.1,112289.9,112085.7,112274.9,433.621
2025-09-24 01:15:00+00:00,112274.8,112368.1,112274.8,112348.3,507.854
2025-09-24 01:30:00+00:00,112348.3,112466.6,112300.9,112314.5,694.903
2025-09-24 01:45:00+00:00,112314.6,112426.3,112305.5,112394.6,696.256
2025-09-24 02:00:00+00:00,112394.6,112450.0,112087.9,112123.2,697.783
2025-09-24 02:15:00+00:00,112123.2,112233.7,111967.9,112233.7,1218.067
2025-09-24 02:30:00+00:00,112233.7,112277.1,112082.5,112185.4,697.853
2025-09-24 02:45:00+00:00,112185.3,112222.3,111850.0,112070.2,3250.591
2025-09-24 03:00:00+00:00,112070.1,112172.3,112044.6,112143.0,516.005
2025-09-24 03:15:00+00:00,112143.0,112167.7,111698.2,111727.4,1491.459
2025-09-24 03:30:00+00:00,111727.4,111997.2,111711.0,111792.3,1461.572
2025-09-24 03:45:00+00:00,111792.2,111838.9,111622.4,111639.7,1023.06
2025-09-24 04:00:00+00:00,111639.8,111693.6,110935.0,111418.0,5849.449
2025-09-24 04:15:00+00:00,111417.9,111998.5,111324.4,111987.4,3057.589
2025-09-24 04:30:00+00:00,111987.5,112336.7,111980.0,112186.3,3349.106
2025-09-24 04:45:00+00:00,112186.3,112210.2,112007.0,112122.5,1348.14
2025-09-24 05:00:00+00:00,112122.5,112207.1,112083.2,112190.2,626.886
2025-09-24 05:15:00+00:00,112190.2,112381.0,112190.1,112291.5,665.072
2025-09-24 05:30:00+00:00,112291.5,112444.3,112208.9,112430.2,855.77
2025-09-24 05:45:00+00:00,112430.2,112630.0,112430.2,112595.9,1591.942
2025-09-24 06:00:00+00:00,112596.0,112732.8,112581.7,112671.5,1110.024
2025-09-24 06:15:00+00:00,112671.4,112700.0,112479.9,112580.9,986.961
2025-09-24 06:30:00+00:00,112581.0,112650.0,112485.0,112522.3,685.388
2025-09-24 06:45:00+00:00,112522.3,112600.0,112522.2,112551.1,426.987
2025-09-24 07:00:00+00:00,112551.2,112637.1,112535.0,112615.7,567.591
2025-09-24 07:15:00+00:00,112615.8,112695.4,112403.0,112465.2,654.25
2025-09-24 07:30:00+00:00,112465.2,112549.6,112400.4,112526.5,740.939
2025-09-24 07:45:00+00:00,112526.6,112578.3,112452.1,112544.7,485.178
2025-09-24 08:00:00+00:00,112544.7,112557.4,112362.4,112474.9,705.049
2025-09-24 08:15:00+00:00,112474.9,112500.0,112356.4,112393.5,706.332
2025-09-24 08:30:00+00:00,112393.4,112540.6,112393.4,112532.7,732.698
2025-09-24 08:45:00+00:00,112532.8,112596.6,112446.1,112574.3,578.168
2025-09-24 09:00:00+00:00,112574.4,112574.4,112447.6,112493.7,430.378
2025-09-24 09:15:00+00:00,112493.8,112583.1,112493.7,112559.1,424.464
2025-09-24 09:30:00+00:00,112559.2,112796.5,112559.1,112686.1,829.076
2025-09-24 09:45:00+00:00,112686.0,112697.7,112616.1,112691.0,295.213
2025-09-24 10:00:00+00:00,112691.0,112825.9,112684.3,112763.8,1175.303
2025-09-24 10:15:00+00:00,112763.8,112815.1,112613.0,112613.1,812.819
2025-09-24 10:30:00+00:00,112613.1,112778.9,112609.4,112756.5,408.671
2025-09-24 10:45:00+00:00,112756.5,112911.0,112748.8,112883.2,1451.286
2025-09-24 11:00:00+00:00,112883.1,113121.8,112874.1,113038.4,2730.782
2025-09-24 11:15:00+00:00,113038.5,113080.0,112953.9,112984.4,1024.938
2025-09-24 11:30:00+00:00,112984.4,113040.1,112819.4,112997.8,1045.703
2025-09-24 11:45:00+00:00,112997.7,113011.8,112838.8,112982.0,1479.446
2025-09-24 12:00:00+00:00,112982.0,112993.3,112889.7,112986.7,737.005
2025-09-24 12:15:00+00:00,112986.6,113008.1,112882.7,112960.5,507.14
2025-09-24 12:30:00+00:00,112960.5,113037.8,112960.5,113015.2,477.159
2025-09-24 12:45:00+00:00,113015.2,113050.0,112948.5,113010.8,579.423
2025-09-24 13:00:00+00:00,113010.8,113050.0,112926.2,112955.0,527.564
2025-09-24 13:15:00+00:00,112955.1,113104.0,112954.5,112995.1,1232.647
2025-09-24 13:30:00+00:00,112995.0,113177.6,112862.6,113045.2,2249.771
2025-09-24 13:45:00+00:00,113045.2,113080.7,112760.0,112780.2,2667.196
2025-09-24 14:00:00+00:00,112780.2,113134.0,112780.1,113094.1,1650.396
2025-09-24 14:15:00+00:00,113094.1,113125.0,112960.2,113101.3,776.65
2025-09-24 14:30:00+00:00,113101.3,113342.1,113047.0,113322.8,2392.544
2025-09-24 14:45:00+00:00,113322.8,113850.0,113255.6,113662.7,6700.159
2025-09-24 15:00:00+00:00,113662.6,113843.0,113404.5,113430.1,3304.118
2025-09-24 15:15:00+00:00,113430.2,113671.9,113420.5,113599.4,1173.706
2025-09-24 15:30:00+00:00,113599.4,113661.9,113501.3,113661.9,774.056
2025-09-24 15:45:00+00:00,113661.9,113661.9,113191.5,113299.9,2210.653
2025-09-24 16:00:00+00:00,113300.0,113384.6,113107.4,113231.0,1895.388
2025-09-24 16:15:00+00:00,113231.1,113540.4,113217.1,113521.4,988.689
2025-09-24 16:30:00+00:00,113521.4,113676.2,113457.5,113618.5,990.201
2025-09-24 16:45:00+00:00,113618.5,113700.0,113569.0,113668.9,611.51
2025-09-24 17:00:00+00:00,113668.9,113878.3,113550.6,113802.8,1194.004
2025-09-24 17:15:00+00:00,113802.8,113802.9,113634.0,113717.2,769.389
2025-09-24 17:30:00+00:00,113717.2,113895.8,113717.2,113788.5,1359.067
2025-09-24 17:45:00+00:00,113788.6,113788.6,113602.5,113700.1,1131.066
2025-09-24 18:00:00+00:00,113700.1,113777.5,113505.0,113567.1,1190.753
2025-09-24 18:15:00+00:00,113566.9,113638.6,113472.0,113632.1,664.506
2025-09-24 18:30:00+00:00,113632.1,113677.1,113530.5,113604.1,334.95
2025-09-24 18:45:00+00:00,113604.0,113629.9,113423.9,113595.0,769.498
2025-09-24 19:00:00+00:00,113595.1,113632.4,113491.2,113547.9,456.028
2025-09-24 19:15:00+00:00,113547.8,113572.8,113423.5,113442.6,479.009
2025-09-24 19:30:00+00:00,113442.5,113456.3,113252.3,113278.1,1016.514
2025-09-24 19:45:00+00:00,113278.1,113438.9,113230.7,113371.7,952.078
2025-09-24 20:00:00+00:00,113371.7,113494.9,113338.8,113470.2,632.443
2025-09-24 20:15:00+00:00,113470.2,113551.9,113450.0,113490.4,421.153
2025-09-24 20:30:00+00:00,113490.4,113496.1,113378.1,113481.0,419.661
2025-09-24 20:45:00+00:00,113480.9,113557.0,113439.1,113447.6,386.477
2025-09-24 21:00:00+00:00,113447.5,113529.6,113409.4,113520.8,422.476
2025-09-24 21:15:00+00:00,113520.3,113522.8,113449.4,113522.6,161.995
2025-09-24 21:30:00+00:00,113522.6,113522.7,113275.2,113279.9,591.752
2025-09-24 21:45:00+00:00,113279.9,113480.0,113220.2,113284.3,463.87
2025-09-24 22:00:00+00:00,113284.3,113590.0,113284.2,113577.0,1038.153
2025-09-24 22:15:00+00:00,113577.0,113589.9,113408.1,113427.7,364.446
2025-09-24 22:30:00+00:00,113427.6,113450.8,113306.1,113306.1,377.739
2025-09-24 22:45:00+00:00,113306.1,113306.1,113193.9,113274.8,680.81
2025-09-24 23:00:00+00:00,113274.7,113357.9,113272.8,113295.7,371.413
2025-09-24 23:15:00+00:00,113295.7,113374.0,113158.9,113292.2,921.306
2025-09-24 23:30:00+00:00,113292.2,113292.3,113145.0,113170.0,721.428
2025-09-24 23:45:00+00:00,113169.9,113285.0,113143.3,113254.0,561.949
2025-09-25 00:00:00+00:00,113253.9,113462.1,113215.0,113418.7,867.752
2025-09-25 00:15:00+00:00,113418.7,113418.8,113075.0,113075.2,999.326
2025-09-25 00:30:00+00:00,113075.2,113250.0,112996.0,113146.0,1177.881
2025-09-25 00:45:00+00:00,113146.0,113203.4,112886.1,113002.1,1513.85
2025-09-25 01:00:00+00:00,113002.0,113322.0,112850.4,113208.1,1360.368
2025-09-25 01:15:00+00:00,113207.7,113256.6,112974.5,113033.1,1099.872
2025-09-25 01:30:00+00:00,113033.0,113033.0,112586.6,112644.2,2818.032
2025-09-25 01:45:00+00:00,112644.2,112768.0,112380.1,112615.7,4565.772
2025-09-25 02:00:00+00:00,112615.7,112863.4,112600.7,112622.3,1771.285
2025-09-25 02:15:00+00:00,112622.4,112753.9,112453.3,112691.9,1720.663
2025-09-25 02:30:00+00:00,112691.8,113140.8,112691.8,112858.1,1647.051
2025-09-25 02:45:00+00:00,112858.1,113000.0,112800.1,112852.0,722.276
2025-09-25 03:00:00+00:00,112852.1,112852.1,112667.3,112690.6,502.742
2025-09-25 03:15:00+00:00,112690.6,112730.1,112275.2,112311.9,2992.855
2025-09-25 03:30:00+00:00,112311.9,112490.0,112155.6,112379.8,2040.465
2025-09-25 03:45:00+00:00,112379.8,112572.0,112320.0,112485.8,1368.804
2025-09-25 04:00:00+00:00,112485.7,112574.6,112160.7,112232.7,1508.016
2025-09-25 04:15:00+00:00,112232.7,112249.1,111641.1,111880.1,6408.751
2025-09-25 04:30:00+00:00,111880.2,111884.6,111611.0,111838.6,2946.562
2025-09-25 04:45:00+00:00,111838.6,111864.5,111540.0,111684.3,2672.215
2025-09-25 05:00:00+00:00,111684.3,111869.4,111540.0,111792.0,1834.409
2025-09-25 05:15:00+00:00,111792.1,111994.0,111755.4,111935.3,1568.611
2025-09-25 05:30:00+00:00,111935.3,111935.3,111711.5,111724.5,822.253
2025-09-25 05:45:00+00:00,111724.5,111769.8,111593.8,111690.4,803.934
2025-09-25 06:00:00+00:00,111690.4,111750.2,111540.4,111540.9,1033.337
2025-09-25 06:15:00+00:00,111540.9,111802.1,111500.0,111650.5,1298.617
2025-09-25 06:30:00+00:00,111650.5,111751.1,111563.0,111567.5,622.124
2025-09-25 06:45:00+00:00,111567.5,111620.0,111451.0,111474.4,951.731
2025-09-25 07:00:00+00:00,111474.5,111686.5,111389.0,111553.7,1773.904
2025-09-25 07:15:00+00:00,111553.7,111836.7,111534.7,111800.0,1192.699
2025-09-25 07:30:00+00:00,111800.0,111834.4,111724.3,111774.4,566.906
2025-09-25 07:45:00+00:00,111774.4,111800.0,111670.0,111708.5,471.121
2025-09-25 08:00:00+00:00,111708.5,111933.3,111708.4,111933.3,948.906
2025-09-25 08:15:00+00:00,111933.6,111980.4,111825.3,111980.3,844.838
2025-09-25 08:30:00+00:00,111980.4,111980.4,111692.3,111714.0,760.015
2025-09-25 08:45:00+00:00,111714.0,111751.5,111636.1,111678.7,696.784
2025-09-25 09:00:00+00:00,111678.7,111843.3,111662.0,111834.2,840.965
2025-09-25 09:15:00+00:00,111834.3,112220.3,111816.2,112032.3,2523.46
2025-09-25 09:30:00+00:00,112032.2,112079.5,111780.3,111780.4,969.19
2025-09-25 09:45:00+00:00,111780.3,111780.3,111510.4,111510.4,1127.063
2025-09-25 10:00:00+00:00,111510.4,111652.6,111471.0,111634.7,800.501
2025-09-25 10:15:00+00:00,111634.7,111821.6,111634.7,111718.1,700.87
2025-09-25 10:30:00+00:00,111718.1,111782.5,111531.9,111572.9,675.277
2025-09-25 10:45:00+00:00,111572.9,111629.1,111530.2,111601.6,424.073
2025-09-25 11:00:00+00:00,111601.6,111676.9,111411.4,111504.0,1173.869
2025-09-25 11:15:00+00:00,111503.9,111541.3,111360.0,111498.4,1017.009
2025-09-25 11:30:00+00:00,111498.4,111544.6,111320.0,111378.4,1151.922
2025-09-25 11:45:00+00:00,111378.5,111444.3,111234.8,111316.1,1286.112
2025-09-25 12:00:00+00:00,111316.0,111600.2,111271.9,111514.8,1150.507
2025-09-25 12:15:00+00:00,111514.7,111517.7,111089.2,111094.6,1870.829
2025-09-25 12:30:00+00:00,111094.5,111617.3,111000.0,111334.7,5017.863
2025-09-25 12:45:00+00:00,111334.7,111343.1,111070.5,111080.0,2063.414
2025-09-25 13:00:00+00:00,111079.9,111240.4,110802.8,111216.8,4863.051
2025-09-25 13:15:00+00:00,111216.9,111645.3,111138.6,111566.5,3635.127
2025-09-25 13:30:00+00:00,111566.5,111682.6,110555.0,110672.4,4975.466
2025-09-25 13:45:00+00:00,110672.4,111055.7,110615.3,110958.5,3213.707
2025-09-25 14:00:00+00:00,110958.4,111258.9,110935.9,111250.0,1848.574
2025-09-25 14:15:00+00:00,111250.1,111680.8,111250.1,111443.1,4422.672
2025-09-25 14:30:00+00:00,111443.0,111680.0,111304.1,111443.5,1710.205
2025-09-25 14:45:00+00:00,111443.5,111560.0,111332.4,111483.0,828.402
2025-09-25 15:00:00+00:00,111483.0,111538.4,111144.5,111283.5,1401.942
2025-09-25 15:15:00+00:00,111283.4,111300.0,110807.2,110905.7,1933.644
2025-09-25 15:30:00+00:00,110905.7,111371.8,110871.2,111264.5,1795.216
2025-09-25 15:45:00+00:00,111264.6,111538.4,111169.5,111538.4,1368.881
2025-09-25 16:00:00+00:00,111538.4,111636.6,111415.7,111477.1,1918.029
2025-09-25 16:15:00+00:00,111477.1,111488.0,111043.1,111074.6,1139.64
2025-09-25 16:30:00+00:00,111074.7,111250.0,110926.5,111044.1,950.497
2025-09-25 16:45:00+00:00,111044.1,111116.3,110852.0,110907.9,1423.327
2025-09-25 17:00:00+00:00,110908.0,110930.0,110087.6,110088.7,4515.137
2025-09-25 17:15:00+00:00,110087.6,110404.8,109800.0,109883.2,8454.731
2025-09-25 17:30:00+00:00,109883.2,109936.7,109329.0,109329.0,6025.603
2025-09-25 17:45:00+00:00,109329.0,109420.6,108578.2,108793.9,7574.765
2025-09-25 18:00:00+00:00,108793.9,109205.9,108574.1,109177.4,5752.554
2025-09-25 18:15:00+00:00,109177.4,109600.0,109068.5,109398.4,3454.523
2025-09-25 18:30:00+00:00,109398.4,109586.0,109212.3,109432.3,1627.772
2025-09-25 18:45:00+00:00,109432.3,109759.7,109270.0,109708.3,1663.452
2025-09-25 19:00:00+00:00,109708.4,109820.0,109583.2,109620.0,1291.801
2025-09-25 19:15:00+00:00,109619.9,109926.7,109619.9,109771.5,1214.904
2025-09-25 19:30:00+00:00,109771.6,109850.0,109433.1,109496.2,1413.282
2025-09-25 19:45:00+00:00,109496.3,109506.7,109250.0,109320.5,2118.862
2025-09-25 20:00:00+00:00,109320.5,109447.9,109138.2,109194.2,1207.19
2025-09-25 20:15:00+00:00,109194.3,109384.6,109153.0,109310.8,762.9
2025-09-25 20:30:00+00:00,109310.8,109331.0,109020.5,109156.0,1175.972
2025-09-25 20:45:00+00:00,109155.9,109244.8,109005.0,109126.8,677.662
2025-09-25 21:00:00+00:00,109126.9,109619.5,109113.5,109415.0,1170.293
2025-09-25 21:15:00+00:00,109415.0,109547.2,109257.1,109260.2,572.977
2025-09-25 21:30:00+00:00,109260.2,109269.2,109018.9,109126.0,727.739
2025-09-25 21:45:00+00:00,109126.0,109458.3,109125.9,109360.8,497.181
2025-09-25 22:00:00+00:00,109360.8,109485.4,109252.7,109476.5,806.731
2025-09-25 22:15:00+00:00,109476.4,109534.9,109381.8,109423.7,767.292
2025-09-25 22:30:00+00:00,109423.6,109437.7,109272.7,109380.7,415.942
2025-09-25 22:45:00+00:00,109380.7,109380.7,109200.1,109369.5,702.326
2025-09-25 23:00:00+00:00,109369.6,109637.3,109329.0,109434.3,1021.592
2025-09-25 23:15:00+00:00,109434.4,109496.2,109230.7,109386.6,892.258
2025-09-25 23:30:00+00:00,109386.7,109386.7,108694.8,109029.9,3846.18
2025-09-25 23:45:00+00:00,109030.0,109034.6,108801.3,108934.5,1196.089
2025-09-26 00:00:00+00:00,108934.6,109315.9,108898.8,109247.1,1815.983
2025-09-26 00:15:00+00:00,109247.1,109350.0,109175.1,109254.3,1151.88
2025-09-26 00:30:00+00:00,109254.2,109262.2,108750.0,108753.2,1789.412
2025-09-26 00:45:00+00:00,108753.2,109563.9,108753.1,109419.1,2999.479
2025-09-26 01:00:00+00:00,109419.1,109605.4,109259.0,109584.7,1610.075
2025-09-26 01:15:00+00:00,109584.7,109713.8,109509.3,109517.0,1014.591
2025-09-26 01:30:00+00:00,109517.1,109658.7,109501.5,109609.1,595.417
2025-09-26 01:45:00+00:00,109609.0,109720.0,109546.1,109640.0,845.043
2025-09-26 02:00:00+00:00,109640.1,109766.0,109540.0,109618.4,849.047
2025-09-26 02:15:00+00:00,109618.5,109750.3,109515.4,109531.7,584.502
2025-09-26 02:30:00+00:00,109531.7,109620.7,109439.0,109579.1,468.8
2025-09-26 02:45:00+00:00,109579.1,109712.7,109532.4,109581.8,434.75
2025-09-26 03:00:00+00:00,109581.8,109596.3,109323.5,109487.1,884.717
2025-09-26 03:15:00+00:00,109487.2,109591.1,109301.9,109311.6,952.417
2025-09-26 03:30:00+00:00,109311.8,109377.1,109241.1,109374.1,503.514
2025-09-26 03:45:00+00:00,109374.2,109610.4,109269.0,109537.6,856.859
2025-09-26 04:00:00+00:00,109537.5,109582.2,109407.4,109453.7,621.941
2025-09-26 04:15:00+00:00,109453.6,109588.8,109360.5,109366.0,617.184
2025-09-26 04:30:00+00:00,109366.0,109366.1,109200.0,109219.3,501.99
2025-09-26 04:45:00+00:00,109219.4,109339.4,109201.2,109300.0,325.672
2025-09-26 05:00:00+00:00,109300.0,109430.0,109263.8,109341.3,501.246
2025-09-26 05:15:00+00:00,109341.4,109538.4,109341.3,109505.0,520.052
2025-09-26 05:30:00+00:00,109505.1,109513.9,109257.8,109304.9,492.129
2025-09-26 05:45:00+00:00,109304.9,109349.3,109027.1,109202.8,1984.42
2025-09-26 06:00:00+00:00,109202.8,109275.6,108955.0,109219.9,1459.333
2025-09-26 06:15:00+00:00,109219.9,109584.5,109203.7,109434.9,2092.235
2025-09-26 06:30:00+00:00,109434.9,109560.0,109363.8,109509.9,530.554
2025-09-26 06:45:00+00:00,109510.0,109510.0,109252.3,109298.8,960.757
2025-09-26 07:00:00+00:00,109298.8,109508.0,109298.8,109499.7,1251.057
2025-09-26 07:15:00+00:00,109499.8,109538.3,109223.9,109223.9,1228.606
2025-09-26 07:30:00+00:00,109223.9,109224.0,108841.0,108870.1,3776.606
2025-09-26 07:45:00+00:00,108870.1,109285.0,108870.0,109257.3,2299.618
2025-09-26 08:00:00+00:00,109257.4,109446.4,109246.7,109388.3,1438.06
2025-09-26 08:15:00+00:00,109388.3,109479.2,109314.4,109464.3,854.317
2025-09-26 08:30:00+00:00,109464.3,109559.5,109411.9,109555.0,783.754
2025-09-26 08:45:00+00:00,109554.9,109568.0,109478.4,109520.2,537.544
2025-09-26 09:00:00+00:00,109520.2,109627.2,109390.0,109627.1,800.741
2025-09-26 09:15:00+00:00,109627.1,109653.6,109565.1,109605.6,636.134
2025-09-26 09:30:00+00:00,109605.6,109639.5,109349.0,109373.9,948.596
2025-09-26 09:45:00+00:00,109373.9,109543.4,109363.1,109522.5,575.408
2025-09-26 10:00:00+00:00,109522.4,109532.0,109110.1,109140.0,1026.355
2025-09-26 10:15:00+00:00,109140.0,109140.0,108899.9,109035.0,2340.668
2025-09-26 10:30:00+00:00,109035.1,109087.0,108700.0,108778.9,1977.609
2025-09-26 10:45:00+00:00,108778.8,108900.0,108645.9,108848.2,1442.17
2025-09-26 11:00:00+00:00,108848.2,108906.4,108690.8,108725.8,1073.162
2025-09-26 11:15:00+00:00,108725.9,108796.6,108566.0,108697.8,1690.894
2025-09-26 11:30:00+00:00,108697.9,109093.6,108697.7,108996.9,1109.706
2025-09-26 11:45:00+00:00,108997.0,109157.6,108934.5,109082.9,802.95
2025-09-26 12:00:00+00:00,109082.9,109082.9,108824.4,108824.4,766.223
2025-09-26 12:15:00+00:00,108824.4,109109.2,108757.5,109068.6,803.013
2025-09-26 12:30:00+00:00,109068.6,109534.1,108877.8,109457.3,4546.895
2025-09-26 12:45:00+00:00,109457.3,109506.1,109138.4,109330.1,1489.417
2025-09-26 13:00:00+00:00,109330.1,109479.2,109106.0,109111.3,1243.633
2025-09-26 13:15:00+00:00,109111.3,109294.3,109035.4,109133.9,859.416
2025-09-26 13:30:00+00:00,109133.8,109595.2,108950.0,109570.0,2610.124
2025-09-26 13:45:00+00:00,109570.0,109742.3,109442.8,109621.3,3628.096
2025-09-26 14:00:00+00:00,109621.3,109731.5,109213.9,109266.6,2228.314
2025-09-26 14:15:00+00:00,109266.6,109395.3,108863.0,109040.0,2263.953
2025-09-26 14:30:00+00:00,109040.0,109096.2,108656.8,108863.9,2483.534
2025-09-26 14:45:00+00:00,108863.8,109066.4,108723.0,108796.7,1160.662
2025-09-26 15:00:00+00:00,108796.8,109080.0,108753.5,108889.2,1518.842
2025-09-26 15:15:00+00:00,108889.1,109276.0,108830.9,109258.6,1421.938
2025-09-26 15:30:00+00:00,109258.6,109313.7,109080.0,109229.4,574.655
2025-09-26 15:45:00+00:00,109229.4,109229.4,108953.4,108976.0,669.751
2025-09-26 16:00:00+00:00,108976.0,109280.0,108976.0,109228.0,680.084
2025-09-26 16:15:00+00:00,109228.0,109576.5,109212.8,109472.6,1210.731
2025-09-26 16:30:00+00:00,109472.7,109500.0,109211.1,109289.3,554.103
2025-09-26 16:45:00+00:00,109289.0,109449.7,109252.0,109408.6,459.526
2025-09-26 17:00:00+00:00,109408.5,109546.5,109337.4,109521.7,874.955
2025-09-26 17:15:00+00:00,109521.6,109966.5,109460.9,109868.1,2261.724
2025-09-26 17:30:00+00:00,109868.2,109910.4,109645.3,109893.6,1532.261
2025-09-26 17:45:00+00:00,109893.5,109930.0,109700.0,109847.3,1762.419
2025-09-26 18:00:00+00:00,109847.4,109952.0,109767.1,109940.5,1269.215
2025-09-26 18:15:00+00:00,109940.5,110250.0,109940.4,110136.8,2000.834
2025-09-26 18:30:00+00:00,110136.8,110140.6,109767.8,109812.9,1281.643
2025-09-26 18:45:00+00:00,109812.9,109910.5,109643.6,109669.9,898.142
2025-09-26 19:00:00+00:00,109669.9,109669.9,109350.2,109466.9,2526.19
2025-09-26 19:15:00+00:00,109466.8,109636.6,109220.6,109225.3,1419.336
2025-09-26 19:30:00+00:00,109225.4,109276.5,108953.7,109032.0,2217.653
2025-09-26 19:45:00+00:00,109032.0,109184.6,108966.8,109115.9,1258.611
2025-09-26 20:00:00+00:00,109115.8,109260.0,109045.1,109248.6,855.94
2025-09-26 20:15:00+00:00,109248.5,109252.5,109028.7,109095.2,669.981
2025-09-26 20:30:00+00:00,109095.2,109183.4,109069.7,109115.6,338.56
2025-09-26 20:45:00+00:00,109115.6,109289.6,109115.6,109233.8,529.791
2025-09-26 21:00:00+00:00,109233.8,109405.0,109127.2,109405.0,431.077
2025-09-26 21:15:00+00:00,109405.0,109427.6,109264.7,109410.4,404.744
2025-09-26 21:30:00+00:00,109410.3,109410.4,109281.2,109281.3,266.295
2025-09-26 21:45:00+00:00,109281.2,109479.2,109250.2,109412.4,361.82
2025-09-26 22:00:00+00:00,109412.4,109488.3,109286.9,109460.4,617.546
2025-09-26 22:15:00+00:00,109460.4,109522.9,109391.6,109445.6,475.707
2025-09-26 22:30:00+00:00,109445.6,109504.1,109431.3,109474.5,479.179
2025-09-26 22:45:00+00:00,109474.6,109554.0,109461.4,109505.2,306.229
2025-09-26 23:00:00+00:00,109505.2,109505.3,109421.6,109428.5,269.985
2025-09-26 23:15:00+00:00,109428.4,109505.3,109373.4,109505.3,238.754
2025-09-26 23:30:00+00:00,109505.2,109633.0,109505.2,109613.4,607.604
2025-09-26 23:45:00+00:00,109613.3,109641.6,109578.1,109588.5,390.6
2025-09-27 00:00:00+00:00,109588.5,109600.3,109519.7,109541.0,509.034
2025-09-27 00:15:00+00:00,109541.0,109606.6,109448.0,109535.5,444.531
2025-09-27 00:30:00+00:00,109535.6,109551.4,109418.0,109432.3,477.133
2025-09-27 00:45:00+00:00,109432.2,109596.1,109432.2,109596.0,259.889
2025-09-27 01:00:00+00:00,109596.1,109607.0,109444.5,109472.0,500.457
2025-09-27 01:15:00+00:00,109472.0,109491.3,109377.0,109430.2,365.85
2025-09-27 01:30:00+00:00,109430.3,109470.9,109267.3,109282.1,853.584
2025-09-27 01:45:00+00:00,109282.2,109389.9,109282.1,109384.3,248.16
2025-09-27 02:00:00+00:00,109384.3,109432.3,109334.9,109384.3,275.656
2025-09-27 02:15:00+00:00,109384.3,109399.5,109277.4,109294.1,312.363
2025-09-27 02:30:00+00:00,109294.2,109400.0,109294.2,109395.3,188.228
2025-09-27 02:45:00+00:00,109395.4,109398.7,109329.8,109348.5,395.402
2025-09-27 03:00:00+00:00,109348.5,109424.8,109323.6,109392.8,393.185
2025-09-27 03:15:00+00:00,109392.9,109515.0,109392.8,109488.0,272.669
2025-09-27 03:30:00+00:00,109488.1,109700.0,109488.0,109585.3,1402.849
2025-09-27 03:45:00+00:00,109585.2,109610.1,109470.3,109503.8,536.567
2025-09-27 04:00:00+00:00,109503.8,109586.4,109472.0,109492.1,392.826
2025-09-27 04:15:00+00:00,109492.2,109645.4,109460.9,109645.4,537.105
2025-09-27 04:30:00+00:00,109645.4,109694.2,109554.7,109554.7,451.188
2025-09-27 04:45:00+00:00,109554.8,109611.6,109550.4,109598.1,93.429
2025-09-27 05:00:00+00:00,109598.2,109598.2,109538.4,109560.4,153.179
2025-09-27 05:15:00+00:00,109560.4,109604.7,109544.8,109561.4,136.097
2025-09-27 05:30:00+00:00,109561.4,109631.2,109561.3,109603.5,265.34
2025-09-27 05:45:00+00:00,109603.4,109620.5,109555.0,109587.0,174.233
2025-09-27 06:00:00+00:00,109587.0,109587.0,109493.0,109521.6,356.436
2025-09-27 06:15:00+00:00,109521.6,109521.7,109470.9,109494.4,234.719
2025-09-27 06:30:00+00:00,109494.4,109494.4,109437.4,109437.4,260.62
2025-09-27 06:45:00+00:00,109437.4,109488.6,109432.2,109488.6,123.674
2025-09-27 07:00:00+00:00,109488.6,109509.6,109465.3,109507.5,206.951
2025-09-27 07:15:00+00:00,109507.6,109517.4,109441.5,109441.5,191.854
2025-09-27 07:30:00+00:00,109441.6,109441.6,109326.1,109327.6,438.291
2025-09-27 07:45:00+00:00,109327.7,109364.8,109284.3,109354.8,319.049
2025-09-27 08:00:00+00:00,109354.9,109354.9,109216.7,109239.2,869.62
2025-09-27 08:15:00+00:00,109238.8,109313.2,109218.0,109313.2,662.229
2025-09-27 08:30:00+00:00,109313.2,109313.2,109256.7,109270.2,402.661
2025-09-27 08:45:00+00:00,109270.1,109288.4,109205.2,109205.2,230.106
2025-09-27 09:00:00+00:00,109205.3,109238.6,109116.0,109127.3,704.698
2025-09-27 09:15:00+00:00,109127.4,109127.4,109021.9,109038.8,798.906
2025-09-27 09:30:00+00:00,109038.8,109246.6,109038.7,109234.4,568.472
2025-09-27 09:45:00+00:00,109234.4,109309.7,109191.0,109250.0,532.234
2025-09-27 10:00:00+00:00,109250.0,109269.9,109218.0,109248.7,252.701
2025-09-27 10:15:00+00:00,109248.7,109254.3,109205.3,109239.8,267.847
2025-09-27 10:30:00+00:00,109239.8,109449.2,109239.7,109356.1,1058.693
2025-09-27 10:45:00+00:00,109356.1,109433.6,109348.0,109385.4,533.206
2025-09-27 11:00:00+00:00,109385.4,109401.9,109287.9,109287.9,251.396
2025-09-27 11:15:00+00:00,109287.9,109306.3,109250.1,109286.0,226.531
2025-09-27 11:30:00+00:00,109286.0,109296.7,109244.7,109247.5,98.65
2025-09-27 11:45:00+00:00,109247.6,109265.9,109237.0,109265.8,145.902
2025-09-27 12:00:00+00:00,109265.8,109283.3,109193.6,109213.1,380.737
2025-09-27 12:15:00+00:00,109213.0,109255.0,109201.0,109212.8,124.538
2025-09-27 12:30:00+00:00,109212.7,109395.2,109190.8,109362.3,671.377
2025-09-27 12:45:00+00:00,109362.4,109444.2,109311.0,109355.2,725.293
2025-09-27 13:00:00+00:00,109355.2,109372.7,109265.0,109265.0,614.918
2025-09-27 13:15:00+00:00,109265.0,109343.4,109265.0,109320.2,270.728
2025-09-27 13:30:00+00:00,109320.1,109320.2,109267.2,109317.7,292.834
2025-09-27 13:45:00+00:00,109317.7,109329.6,109264.9,109264.9,194.908
2025-09-27 14:00:00+00:00,109264.9,109346.0,109264.9,109306.9,211.635
2025-09-27 14:15:00+00:00,109306.9,109307.0,109264.9,109278.5,178.262
2025-09-27 14:30:00+00:00,109278.6,109312.5,109248.4,109248.5,225.035
2025-09-27 14:45:00+00:00,109248.4,109261.6,109201.3,109244.0,451.433
2025-09-27 15:00:00+00:00,109243.9,109244.0,109145.0,109182.9,825.092
2025-09-27 15:15:00+00:00,109182.9,109287.8,109177.7,109215.9,717.495
2025-09-27 15:30:00+00:00,109215.9,109346.0,109165.1,109287.2,581.555
2025-09-27 15:45:00+00:00,109287.2,109384.6,109263.4,109340.7,582.249
2025-09-27 16:00:00+00:00,109340.8,109369.6,109277.7,109290.8,582.695
2025-09-27 16:15:00+00:00,109290.8,109367.1,109260.0,109332.8,303.276
2025-09-27 16:30:00+00:00,109332.7,109380.0,109289.6,109313.7,324.977
2025-09-27 16:45:00+00:00,109313.6,109364.0,109255.6,109338.2,551.531
2025-09-27 17:00:00+00:00,109338.3,109347.7,109236.5,109275.0,514.935
2025-09-27 17:15:00+00:00,109275.0,109280.0,109188.1,109254.3,481.354
2025-09-27 17:30:00+00:00,109254.3,109329.4,109233.3,109289.4,402.275
2025-09-27 17:45:00+00:00,109289.4,109371.7,109224.8,109331.4,457.357
2025-09-27 18:00:00+00:00,109330.9,109384.6,109291.4,109365.7,518.617
2025-09-27 18:15:00+00:00,109365.8,109374.9,109345.3,109366.9,149.577
2025-09-27 18:30:00+00:00,109367.0,109375.0,109324.5,109329.3,185.075
2025-09-27 18:45:00+00:00,109329.3,109397.6,109329.3,109383.2,126.852
2025-09-27 19:00:00+00:00,109383.3,109394.2,109371.9,109371.9,74.854
2025-09-27 19:15:00+00:00,109371.9,109390.0,109345.5,109370.6,228.983
2025-09-27 19:30:00+00:00,109370.7,109384.2,109331.4,109348.0,195.884
2025-09-27 19:45:00+00:00,109348.0,109371.7,109347.9,109369.3,72.743
2025-09-27 20:00:00+00:00,109369.4,109388.8,109322.0,109340.3,190.943
2025-09-27 20:15:00+00:00,109340.3,109340.4,109305.5,109315.9,101.687
2025-09-27 20:30:00+00:00,109316.0,109371.5,109315.9,109342.8,120.264
2025-09-27 20:45:00+00:00,109342.7,109342.8,109333.3,109333.3,68.59
2025-09-27 21:00:00+00:00,109333.4,109338.1,109333.3,109338.1,103.649
2025-09-27 21:15:00+00:00,109338.0,109383.3,109338.0,109383.3,187.269
2025-09-27 21:30:00+00:00,109383.3,109435.4,109383.2,109396.3,320.783
2025-09-27 21:45:00+00:00,109396.4,109420.3,109396.3,109420.3,99.231
2025-09-27 22:00:00+00:00,109420.2,109567.6,109420.2,109567.6,777.039
2025-09-27 22:15:00+00:00,109567.5,109653.2,109558.9,109653.2,535.03
2025-09-27 22:30:00+00:00,109653.2,109653.2,109531.4,109538.5,434.049
2025-09-27 22:45:00+00:00,109538.5,109550.6,109452.0,109550.6,263.365
2025-09-27 23:00:00+00:00,109550.6,109590.0,109480.0,109540.6,270.689
2025-09-27 23:15:00+00:00,109540.6,109540.7,109399.3,109486.3,401.159
2025-09-27 23:30:00+00:00,109486.3,109556.5,109486.2,109545.7,192.991
2025-09-27 23:45:00+00:00,109545.6,109627.2,109541.1,109577.3,211.712
2025-09-28 00:00:00+00:00,109577.2,109620.0,109489.6,109510.0,420.233
2025-09-28 00:15:00+00:00,109510.0,109749.9,109503.1,109728.1,611.347
2025-09-28 00:30:00+00:00,109728.1,109737.2,109518.0,109617.1,615.553
2025-09-28 00:45:00+00:00,109617.1,109655.9,109501.9,109556.3,810.44
2025-09-28 01:00:00+00:00,109556.3,109608.3,109412.9,109435.6,1167.392
2025-09-28 01:15:00+00:00,109435.6,109506.3,109408.0,109441.2,842.061
2025-09-28 01:30:00+00:00,109441.2,109489.7,109310.0,109378.6,719.024
2025-09-28 01:45:00+00:00,109378.6,109387.1,109284.1,109305.6,1050.184
2025-09-28 02:00:00+00:00,109305.5,109405.0,109296.0,109328.1,314.032
2025-09-28 02:15:00+00:00,109328.2,109445.0,109317.2,109445.0,440.401
2025-09-28 02:30:00+00:00,109445.0,109496.4,109380.1,109405.3,470.121
2025-09-28 02:45:00+00:00,109405.4,109413.3,109342.9,109398.8,267.147
2025-09-28 03:00:00+00:00,109398.9,109489.2,109398.9,109432.8,380.918
2025-09-28 03:15:00+00:00,109432.7,109443.4,109405.0,109410.3,163.434
2025-09-28 03:30:00+00:00,109410.3,109433.2,109364.2,109365.5,199.449
2025-09-28 03:45:00+00:00,109365.4,109397.3,109365.4,109397.3,93.474
2025-09-28 04:00:00+00:00,109397.3,109445.1,109381.1,109417.6,171.561
2025-09-28 04:15:00+00:00,109417.6,109439.0,109316.3,109316.4,226.971
2025-09-28 04:30:00+00:00,109316.3,109352.1,109315.5,109329.4,166.983
2025-09-28 04:45:00+00:00,109329.3,109329.4,109316.1,109329.4,104.098
2025-09-28 05:00:00+00:00,109329.4,109345.0,109302.0,109302.0,208.22
2025-09-28 05:15:00+00:00,109302.0,109351.6,109302.0,109346.9,178.952
2025-09-28 05:30:00+00:00,109347.0,109349.5,109300.0,109302.2,138.936
2025-09-28 05:45:00+00:00,109302.2,109303.4,109292.0,109303.2,150.488
2025-09-28 06:00:00+00:00,109303.2,109338.5,109302.4,109332.9,128.181
2025-09-28 06:15:00+00:00,109332.8,109332.9,109227.2,109227.2,297.928
2025-09-28 06:30:00+00:00,109227.2,109410.4,109203.9,109386.8,494.124
2025-09-28 06:45:00+00:00,109386.8,109386.9,109329.6,109358.7,199.098
2025-09-28 07:00:00+00:00,109358.8,109365.3,109294.2,109323.4,181.617
2025-09-28 07:15:00+00:00,109323.4,109450.0,109323.3,109402.3,598.05
2025-09-28 07:30:00+00:00,109402.3,109456.6,109393.0,109417.2,335.092
2025-09-28 07:45:00+00:00,109417.2,109500.0,109417.2,109468.5,448.035
2025-09-28 08:00:00+00:00,109468.4,109544.8,109430.5,109457.7,364.897
2025-09-28 08:15:00+00:00,109457.8,109489.3,109372.8,109484.3,618.061
2025-09-28 08:30:00+00:00,109484.3,109505.9,109427.0,109476.3,458.288
2025-09-28 08:45:00+00:00,109476.4,109531.7,109460.0,109462.7,456.751
2025-09-28 09:00:00+00:00,109462.7,109500.0,109309.2,109309.3,737.81
2025-09-28 09:15:00+00:00,109309.3,109410.7,109279.9,109405.4,572.731
2025-09-28 09:30:00+00:00,109405.4,109520.4,109394.4,109520.4,781.005
2025-09-28 09:45:00+00:00,109520.3,109520.4,109441.9,109477.5,463.088
2025-09-28 10:00:00+00:00,109477.4,109477.5,109363.6,109402.4,415.73
2025-09-28 10:15:00+00:00,109402.4,109429.7,109377.3,109392.2,186.191
2025-09-28 10:30:00+00:00,109392.2,109417.0,109316.5,109349.7,392.238
2025-09-28 10:45:00+00:00,109349.7,109355.4,109313.1,109323.4,168.395
2025-09-28 11:00:00+00:00,109323.4,109329.0,109271.1,109280.1,289.029
2025-09-28 11:15:00+00:00,109280.0,109282.7,109188.0,109225.6,1061.467
2025-09-28 11:30:00+00:00,109225.6,109294.3,109224.2,109244.7,318.705
2025-09-28 11:45:00+00:00,109244.8,109399.0,109200.0,109319.9,552.184
2025-09-28 12:00:00+00:00,109319.9,109396.9,109303.7,109381.0,842.303
2025-09-28 12:15:00+00:00,109380.9,109390.0,109314.7,109383.6,475.146
2025-09-28 12:30:00+00:00,109383.5,109400.0,109156.0,109189.9,750.445
2025-09-28 12:45:00+00:00,109190.0,109291.3,109136.5,109266.9,1577.875
2025-09-28 13:00:00+00:00,109266.8,109392.7,109266.8,109367.5,589.696
2025-09-28 13:15:00+00:00,109367.5,109447.0,109325.2,109429.9,715.316
2025-09-28 13:30:00+00:00,109429.8,109580.4,109411.3,109550.2,1295.801
2025-09-28 13:45:00+00:00,109550.2,109625.1,109523.6,109580.9,831.399
2025-09-28 14:00:00+00:00,109580.8,109580.9,109455.9,109479.6,732.331
2025-09-28 14:15:00+00:00,109479.5,109673.9,109479.5,109665.9,672.398
2025-09-28 14:30:00+00:00,109665.9,109700.0,109580.4,109641.0,748.364
2025-09-28 14:45:00+00:00,109641.1,109842.9,109627.4,109801.2,2169.187
2025-09-28 15:00:00+00:00,109801.2,109871.0,109656.5,109718.3,1883.114
2025-09-28 15:15:00+00:00,109718.3,109857.0,109718.2,109857.0,709.278
2025-09-28 15:30:00+00:00,109857.0,109883.0,109747.2,109883.0,967.62
2025-09-28 15:45:00+00:00,109883.0,109990.0,109853.6,109990.0,1400.93
2025-09-28 16:00:00+00:00,109990.0,110350.0,109989.9,110143.0,2684.51
2025-09-28 16:15:00+00:00,110143.1,110177.7,109992.2,110094.0,1491.543
2025-09-28 16:30:00+00:00,110094.0,110145.8,109952.2,110103.5,872.267
2025-09-28 16:45:00+00:00,110103.4,110187.9,110091.5,110172.5,514.935
2025-09-28 17:00:00+00:00,110172.5,110324.5,110144.6,110279.8,1205.163
2025-09-28 17:15:00+00:00,110279.8,110297.6,110074.4,110146.7,1136.044
2025-09-28 17:30:00+00:00,110146.6,110325.7,110121.0,110274.8,986.936
2025-09-28 17:45:00+00:00,110274.8,110314.6,110139.6,110153.5,715.81
2025-09-28 18:00:00+00:00,110153.4,110195.4,110003.0,110057.3,973.946
2025-09-28 18:15:00+00:00,110057.2,110139.6,110057.2,110082.3,328.388
2025-09-28 18:30:00+00:00,110082.3,110143.4,110074.7,110137.4,233.749
2025-09-28 18:45:00+00:00,110137.5,110237.5,110137.4,110237.5,243.016
2025-09-28 19:00:00+00:00,110237.5,110284.3,110063.7,110063.8,336.725
2025-09-28 19:15:00+00:00,110063.7,110293.8,110060.0,110290.0,284.911
2025-09-28 19:30:00+00:00,110290.2,110290.3,110232.9,110282.5,366.689
2025-09-28 19:45:00+00:00,110282.4,110333.0,110240.7,110281.6,202.126
2025-09-28 20:00:00+00:00,110281.7,110390.5,110236.6,110377.7,530.763
2025-09-28 20:15:00+00:00,110377.8,110598.0,110350.0,110590.3,1505.876
2025-09-28 20:30:00+00:00,110590.3,110888.0,110590.3,110877.8,2555.287
2025-09-28 20:45:00+00:00,110877.7,110887.8,110676.8,110748.0,938.007
2025-09-28 21:00:00+00:00,110748.0,110835.8,110748.0,110800.0,542.862
2025-09-28 21:15:00+00:00,110799.9,110800.0,110654.0,110661.7,458.232
2025-09-28 21:30:00+00:00,110661.8,110661.8,110568.7,110626.0,402.637
2025-09-28 21:45:00+00:00,110625.9,110788.2,110625.9,110788.1,255.61
2025-09-28 22:00:00+00:00,110788.1,111487.0,110788.1,111411.8,5583.487
2025-09-28 22:15:00+00:00,111411.9,111777.0,111373.3,111682.6,3355.936
2025-09-28 22:30:00+00:00,111682.5,111929.8,111669.5,111849.9,2337.494
2025-09-28 22:45:00+00:00,111849.9,111981.2,111800.0,111881.5,1629.701
2025-09-28 23:00:00+00:00,111881.4,112300.0,111881.4,112050.3,4517.229
2025-09-28 23:15:00+00:00,112050.4,112197.2,111914.0,112050.0,1566.266
2025-09-28 23:30:00+00:00,112050.0,112213.2,111968.4,112194.8,845.576
2025-09-28 23:45:00+00:00,112194.8,112213.2,111987.8,112119.6,854.925
2025-09-29 00:00:00+00:00,112119.7,112220.0,111989.4,112053.7,1244.552
2025-09-29 00:15:00+00:00,112053.6,112269.3,111916.0,112146.2,1093.386
2025-09-29 00:30:00+00:00,112146.2,112227.1,111946.6,112007.5,817.654
2025-09-29 00:45:00+00:00,112007.4,112238.9,111989.8,112211.2,877.065
2025-09-29 01:00:00+00:00,112211.2,112259.8,112058.5,112198.6,746.83
2025-09-29 01:15:00+00:00,112198.7,112266.2,111967.3,111994.3,1085.052
2025-09-29 01:30:00+00:00,111994.2,112060.3,111954.5,111995.0,604.213
2025-09-29 01:45:00+00:00,111995.0,111995.0,111652.7,111800.7,3601.332
2025-09-29 02:00:00+00:00,111800.7,111839.9,111664.5,111765.1,1517.049
2025-09-29 02:15:00+00:00,111765.1,111975.5,111717.8,111827.5,1054.219
2025-09-29 02:30:00+00:00,111827.5,111878.8,111578.5,111605.8,1451.558
2025-09-29 02:45:00+00:00,111605.9,111716.4,111562.0,111690.8,1030.086
2025-09-29 03:00:00+00:00,111690.8,111690.8,111517.3,111535.5,1045.243
2025-09-29 03:15:00+00:00,111535.4,111720.0,111535.4,111700.0,1175.217
2025-09-29 03:30:00+00:00,111700.0,111710.0,111650.0,111651.0,383.92
2025-09-29 03:45:00+00:00,111651.0,111817.9,111621.1,111817.9,1020.04
2025-09-29 04:00:00+00:00,111817.9,111846.1,111736.1,111747.7,1452.312
2025-09-29 04:15:00+00:00,111747.7,111800.0,111692.3,111759.6,710.815
2025-09-29 04:30:00+00:00,111759.6,111854.6,111750.0,111814.0,324.587
2025-09-29 04:45:00+00:00,111814.0,111860.0,111752.6,111752.7,359.436
2025-09-29 05:00:00+00:00,111752.6,111769.0,111562.6,111632.3,921.88
2025-09-29 05:15:00+00:00,111632.3,111658.8,111508.7,111579.1,1037.301
2025-09-29 05:30:00+00:00,111579.0,111661.5,111533.2,111650.4,418.566
2025-09-29 05:45:00+00:00,111650.4,111731.5,111642.3,111699.9,431.621
2025-09-29 06:00:00+00:00,111700.0,111742.9,111603.5,111665.1,633.314
2025-09-29 06:15:00+00:00,111665.0,111787.0,111655.4,111741.7,704.8
2025-09-29 06:30:00+00:00,111741.7,111811.1,111682.1,111682.2,581.478
2025-09-29 06:45:00+00:00,111682.2,111698.7,111561.3,111580.1,988.381
2025-09-29 07:00:00+00:00,111580.0,111685.1,111563.7,111578.0,894.367
2025-09-29 07:15:00+00:00,111577.9,111598.6,111501.0,111545.0,946.015
2025-09-29 07:30:00+00:00,111544.9,111742.9,111539.0,111677.0,1163.669
2025-09-29 07:45:00+00:00,111677.1,111814.8,111642.8,111814.7,955.318
2025-09-29 08:00:00+00:00,111814.8,112088.4,111814.7,111926.1,3013.802
2025-09-29 08:15:00+00:00,111926.2,112163.3,111913.9,112147.0,1189.603
2025-09-29 08:30:00+00:00,112147.0,112210.0,112044.6,112210.0,1128.608
2025-09-29 08:45:00+00:00,112209.9,112381.3,112028.4,112033.4,1849.667
2025-09-29 09:00:00+00:00,112033.5,112110.0,111972.6,111972.6,814.069
2025-09-29 09:15:00+00:00,111972.6,112128.0,111927.4,112108.8,667.356
2025-09-29 09:30:00+00:00,112108.8,112166.2,111992.4,112002.3,557.649
2025-09-29 09:45:00+00:00,112002.4,112092.0,111987.0,112050.0,305.299
2025-09-29 10:00:00+00:00,112049.9,112106.5,112029.0,112099.9,735.261
2025-09-29 10:15:00+00:00,112099.9,112185.4,112052.4,112172.8,574.745
2025-09-29 10:30:00+00:00,112172.8,112180.1,111972.4,112001.9,1088.123
2025-09-29 10:45:00+00:00,112001.8,112124.0,111999.1,112034.9,440.974
2025-09-29 11:00:00+00:00,112034.9,112059.4,111862.1,111862.1,1233.795
2025-09-29 11:15:00+00:00,111862.1,112031.2,111862.1,111903.4,873.525
2025-09-29 11:30:00+00:00,111903.4,112061.4,111894.5,112050.0,726.965
2025-09-29 11:45:00+00:00,112050.0,112069.7,112002.8,112052.0,440.172
2025-09-29 12:00:00+00:00,112052.0,112104.2,111990.8,112104.2,456.369
2025-09-29 12:15:00+00:00,112104.2,112337.9,112070.5,112318.6,1179.624
2025-09-29 12:30:00+00:00,112318.7,112492.2,111950.0,112057.0,2217.76
2025-09-29 12:45:00+00:00,112057.0,112181.0,111881.3,111972.6,1043.489
2025-09-29 13:00:00+00:00,111972.3,112069.4,111844.3,112058.0,1446.217
2025-09-29 13:15:00+00:00,112057.9,112266.0,112057.9,112122.3,1460.809
2025-09-29 13:30:00+00:00,112122.3,113283.7,112025.2,113240.4,9305.06
2025-09-29 13:45:00+00:00,113240.3,113443.6,113011.8,113168.2,6799.417
2025-09-29 14:00:00+00:00,113168.1,113775.5,113136.8,113750.0,5023.013
2025-09-29 14:15:00+00:00,113750.0,113881.6,113498.9,113677.1,4784.19
2025-09-29 14:30:00+00:00,113677.1,114149.0,113628.9,114012.5,4975.216
2025-09-29 14:45:00+00:00,114012.6,114188.0,113948.8,113956.7,2924.776
2025-09-29 15:00:00+00:00,113956.8,114060.0,113817.1,113878.0,2765.335
2025-09-29 15:15:00+00:00,113877.9,113950.0,113695.0,113735.2,1778.984
2025-09-29 15:30:00+00:00,113735.7,113948.5,113735.7,113892.4,1216.062
2025-09-29 15:45:00+00:00,113892.4,113898.0,113624.9,113752.0,1173.29
2025-09-29 16:00:00+00:00,113752.0,113982.9,113719.0,113916.1,1270.398
2025-09-29 16:15:00+00:00,113916.0,113968.0,113746.5,113804.9,763.898
2025-09-29 16:30:00+00:00,113804.9,114011.4,113716.0,113719.2,1048.837
2025-09-29 16:45:00+00:00,113719.1,113839.9,113547.0,113580.2,1066.776
2025-09-29 17:00:00+00:00,113580.2,113846.2,113404.5,113736.3,2085.122
2025-09-29 17:15:00+00:00,113736.3,113847.4,113548.6,113837.1,1016.195
2025-09-29 17:30:00+00:00,113837.1,113921.4,113732.5,113882.2,633.844
2025-09-29 17:45:00+00:00,113882.2,114137.8,113873.4,114000.0,2258.772
2025-09-29 18:00:00+00:00,114000.1,114094.2,113860.0,113983.7,851.914
2025-09-29 18:15:00+00:00,113983.7,114004.6,113812.3,113921.7,752.267
2025-09-29 18:30:00+00:00,113921.8,113981.1,113847.8,113949.9,502.267
2025-09-29 18:45:00+00:00,113950.0,114016.9,113949.9,113959.9,439.479
2025-09-29 19:00:00+00:00,113959.9,114041.3,113887.0,113961.4,612.764
2025-09-29 19:15:00+00:00,113961.4,113980.9,113790.5,113934.1,488.257
2025-09-29 19:30:00+00:00,113934.1,114097.3,113826.8,114097.2,811.922
2025-09-29 19:45:00+00:00,114097.3,114349.7,114085.0,114204.8,2916.943
2025-09-29 20:00:00+00:00,114204.9,114353.0,114057.5,114310.5,1597.671
2025-09-29 20:15:00+00:00,114310.6,114316.1,114159.0,114233.4,1275.079
2025-09-29 20:30:00+00:00,114233.4,114377.2,114204.5,114344.7,1033.774
2025-09-29 20:45:00+00:00,114344.8,114344.8,114159.8,114190.3,972.002
2025-09-29 21:00:00+00:00,114190.3,114279.2,114133.2,114133.3,748.759
2025-09-29 21:15:00+00:00,114133.2,114163.7,114080.4,114100.0,360.09
2025-09-29 21:30:00+00:00,114099.9,114135.0,114033.9,114135.0,495.951
2025-09-29 21:45:00+00:00,114134.9,114213.2,114111.4,114120.9,328.207
2025-09-29 22:00:00+00:00,114120.8,114166.1,114057.0,114064.4,475.588
2025-09-29 22:15:00+00:00,114064.4,114064.5,113977.1,114017.9,690.096
2025-09-29 22:30:00+00:00,114018.0,114059.8,113960.6,113979.4,368.66
2025-09-29 22:45:00+00:00,113979.4,114149.4,113979.4,114125.9,662.069
2025-09-29 23:00:00+00:00,114125.9,114296.4,114125.9,114178.4,1048.322
2025-09-29 23:15:00+00:00,114178.5,114319.5,114142.1,114245.3,940.052
2025-09-29 23:30:00+00:00,114245.3,114260.0,114164.3,114174.7,327.464
2025-09-29 23:45:00+00:00,114174.7,114359.1,114174.6,114257.1,1101.77
2025-09-30 00:00:00+00:00,114257.1,114395.1,114148.6,114243.4,1399.446
2025-09-30 00:15:00+00:00,114243.2,114243.2,113985.1,114117.7,992.457
2025-09-30 00:30:00+00:00,114117.7,114381.3,114076.0,114331.0,776.695
2025-09-30 00:45:00+00:00,114331.1,114800.0,114254.4,114465.8,3854.801
2025-09-30 01:00:00+00:00,114465.8,114720.4,114275.3,114714.7,1412.479
2025-09-30 01:15:00+00:00,114714.7,114756.2,114394.0,114576.0,1792.645
2025-09-30 01:30:00+00:00,114576.0,114576.1,114342.5,114401.1,993.22
2025-09-30 01:45:00+00:00,114401.2,114461.5,114210.0,114455.0,974.479
2025-09-30 02:00:00+00:00,114455.0,114542.4,114307.7,114359.2,830.809
2025-09-30 02:15:00+00:00,114359.1,114490.0,114307.6,114425.2,981.108
2025-09-30 02:30:00+00:00,114425.1,114530.0,114383.2,114421.6,553.637
2025-09-30 02:45:00+00:00,114421.6,114538.0,114319.2,114405.5,1136.05
2025-09-30 03:00:00+00:00,114405.6,114473.7,114290.0,114336.0,767.708
2025-09-30 03:15:00+00:00,114336.0,114376.7,114252.5,114284.1,681.961
2025-09-30 03:30:00+00:00,114284.1,114380.7,114246.6,114380.6,483.5
2025-09-30 03:45:00+00:00,114380.7,114403.2,114283.4,114321.5,588.213
2025-09-30 04:00:00+00:00,114321.5,114321.5,114250.0,114270.8,343.605
2025-09-30 04:15:00+00:00,114270.8,114286.7,114140.0,114140.1,632.481
2025-09-30 04:30:00+00:00,114140.1,114231.4,114085.3,114161.7,782.017
2025-09-30 04:45:00+00:00,114161.6,114171.1,114037.1,114037.2,682.994
2025-09-30 05:00:00+00:00,114037.1,114159.1,114000.0,114075.1,986.332
2025-09-30 05:15:00+00:00,114075.0,114084.5,113867.0,113898.2,2774.808
2025-09-30 05:30:00+00:00,113898.2,113968.1,113844.7,113935.1,1013.755
2025-09-30 05:45:00+00:00,113935.0,113944.7,113777.8,113856.9,1032.311
2025-09-30 06:00:00+00:00,113856.9,113960.0,113779.0,113907.7,730.057
2025-09-30 06:15:00+00:00,113907.8,113943.9,113800.0,113869.6,626.048
2025-09-30 06:30:00+00:00,113869.5,114040.9,113861.1,113957.8,572.261
2025-09-30 06:45:00+00:00,113957.9,113957.9,113800.0,113840.2,367.765
2025-09-30 07:00:00+00:00,113840.2,113909.4,113793.0,113870.1,700.131
2025-09-30 07:15:00+00:00,113870.0,113948.7,113825.1,113907.9,413.047
2025-09-30 07:30:00+00:00,113907.9,113908.0,113540.0,113580.4,1534.173
2025-09-30 07:45:00+00:00,113580.5,113755.0,113531.7,113662.4,2071.582
2025-09-30 08:00:00+00:00,113662.3,113700.0,113573.7,113650.1,902.476
2025-09-30 08:15:00+00:00,113650.1,113671.5,113473.4,113538.3,1223.559
2025-09-30 08:30:00+00:00,113538.4,113569.9,113288.0,113413.4,2028.333
2025-09-30 08:45:00+00:00,113413.5,113532.1,113370.5,113409.2,1009.658
2025-09-30 09:00:00+00:00,113409.1,113416.6,113177.5,113182.7,1741.255
2025-09-30 09:15:00+00:00,113182.6,113290.1,113174.0,113216.5,907.958
2025-09-30 09:30:00+00:00,113216.5,113300.1,112888.0,112945.1,2602.44
2025-09-30 09:45:00+00:00,112945.0,112945.1,112701.8,112743.1,1934.609
2025-09-30 10:00:00+00:00,112743.1,112998.0,112615.3,112815.1,2374.743
2025-09-30 10:15:00+00:00,112815.2,112905.4,112685.1,112794.4,1547.227
2025-09-30 10:30:00+00:00,112794.4,112905.5,112738.4,112853.7,855.383
2025-09-30 10:45:00+00:00,112853.8,113049.8,112853.7,112876.5,1269.698
2025-09-30 11:00:00+00:00,112876.5,112966.0,112811.0,112835.7,753.612
2025-09-30 11:15:00+00:00,112835.8,112885.2,112750.1,112871.7,772.402
2025-09-30 11:30:00+00:00,112871.6,113020.0,112835.0,112967.0,986.398
2025-09-30 11:45:00+00:00,112967.0,113091.5,112939.1,113003.7,1156.228
2025-09-30 12:00:00+00:00,113003.7,113066.5,112930.2,112962.7,708.717
2025-09-30 12:15:00+00:00,112962.8,113044.2,112960.2,113024.2,653.388
2025-09-30 12:30:00+00:00,113024.2,113202.5,113009.2,113191.6,1293.443
2025-09-30 12:45:00+00:00,113191.6,113191.6,112933.6,112950.0,1470.776
2025-09-30 13:00:00+00:00,112950.0,113066.0,112800.1,112988.6,1511.243
2025-09-30 13:15:00+00:00,112988.7,113300.0,112965.3,113263.8,1610.42
2025-09-30 13:30:00+00:00,113263.8,113485.0,113059.0,113466.9,3215.093
2025-09-30 13:45:00+00:00,113466.9,113623.8,113056.6,113338.7,2977.703
2025-09-30 14:00:00+00:00,113338.7,113447.5,112828.5,113070.0,2724.446
2025-09-30 14:15:00+00:00,113070.1,113255.7,112923.0,113044.8,1196.478
2025-09-30 14:30:00+00:00,113044.8,113225.5,112978.9,113161.5,1013.251
2025-09-30 14:45:00+00:00,113161.5,113582.8,113113.0,113539.5,2099.064
2025-09-30 15:00:00+00:00,113539.6,113543.2,113024.7,113162.9,1594.957
2025-09-30 15:15:00+00:00,113162.8,113213.0,112856.0,112996.1,1636.924
2025-09-30 15:30:00+00:00,112996.0,113209.8,112936.7,113008.9,1025.066
2025-09-30 15:45:00+00:00,113008.8,113160.0,112926.6,113055.4,735.967
2025-09-30 16:00:00+00:00,113055.4,113136.0,112941.0,113025.8,835.328
2025-09-30 16:15:00+00:00,113025.9,113242.6,112967.4,113015.1,1130.098
2025-09-30 16:30:00+00:00,113015.1,113046.3,112745.9,112878.5,1231.635
2025-09-30 16:45:00+00:00,112878.5,112911.2,112743.6,112798.6,961.073
2025-09-30 17:00:00+00:00,112798.6,113125.0,112763.2,113099.9,1389.297
2025-09-30 17:15:00+00:00,113099.9,113280.0,113088.2,113203.4,1095.864
2025-09-30 17:30:00+00:00,113203.5,113470.0,113111.0,113243.2,1464.281
2025-09-30 17:45:00+00:00,113242.8,113348.1,113173.3,113198.8,887.472
2025-09-30 18:00:00+00:00,113198.8,113476.0,113126.7,113471.4,875.385
2025-09-30 18:15:00+00:00,113471.5,113496.2,113301.0,113419.3,611.847
2025-09-30 18:30:00+00:00,113419.3,113449.8,113287.7,113416.5,380.344
2025-09-30 18:45:00+00:00,113416.5,113658.0,113416.4,113658.0,1184.868
2025-09-30 19:00:00+00:00,113658.0,113877.6,113650.0,113822.5,2156.521
2025-09-30 19:15:00+00:00,113822.5,113932.7,113740.1,113890.3,1694.592
2025-09-30 19:30:00+00:00,113890.3,114219.7,113885.9,114144.4,3282.011
2025-09-30 19:45:00+00:00,114144.4,114528.2,114136.3,114309.1,2685.15
2025-09-30 20:00:00+00:00,114309.1,114461.4,114065.0,114105.9,1856.947
2025-09-30 20:15:00+00:00,114105.9,114438.3,114100.0,114338.6,820.369
2025-09-30 20:30:00+00:00,114338.5,114348.8,114242.8,114242.9,501.407
2025-09-30 20:45:00+00:00,114242.9,114684.7,114242.8,114569.8,1824.62
2025-09-30 21:00:00+00:00,114569.8,114720.0,114321.0,114323.7,1847.067
2025-09-30 21:15:00+00:00,114323.6,114490.6,114232.3,114235.2,955.628
2025-09-30 21:30:00+00:00,114235.1,114469.4,114141.6,114312.9,1397.156
2025-09-30 21:45:00+00:00,114312.9,114320.8,114071.7,114108.0,633.602
2025-09-30 22:00:00+00:00,114108.0,114310.9,114070.0,114080.6,989.96
2025-09-30 22:15:00+00:00,114080.5,114129.6,113901.2,113942.0,1339.792
2025-09-30 22:30:00+00:00,113942.0,113988.6,113825.0,113871.9,956.107
2025-09-30 22:45:00+00:00,113872.0,113979.6,113850.8,113883.4,533.261
2025-09-30 23:00:00+00:00,113883.3,113889.6,113710.2,113783.6,1071.342
2025-09-30 23:15:00+00:00,113783.7,113965.8,113710.0,113897.2,911.099
2025-09-30 23:30:00+00:00,113897.2,113926.4,113786.5,113913.6,437.599
2025-09-30 23:45:00+00:00,113913.5,113988.8,113882.3,113988.8,362.803
2025-10-01 00:00:00+00:00,113988.7,114246.0,113988.7,114098.1,1631.6
2025-10-01 00:15:00+00:00,114098.0,114123.1,113899.4,113960.6,979.333
2025-10-01 00:30:00+00:00,113960.7,114178.1,113906.4,113913.2,593.524
2025-10-01 00:45:00+00:00,113913.2,114198.0,113913.2,114181.1,568.675
2025-10-01 01:00:00+00:00,114181.0,114347.1,114083.3,114283.3,852.327
2025-10-01 01:15:00+00:00,114283.3,114373.0,114138.5,114315.7,1134.258
2025-10-01 01:30:00+00:00,114315.7,114440.0,114159.1,114345.4,906.125
2025-10-01 01:45:00+00:00,114345.4,114498.0,114293.7,114491.6,871.309
2025-10-01 02:00:00+00:00,114491.6,114494.0,114356.2,114418.2,644.679
2025-10-01 02:15:00+00:00,114418.2,114439.4,114354.8,114368.2,365.094
2025-10-01 02:30:00+00:00,114368.2,114387.1,114237.8,114275.3,594.019
2025-10-01 02:45:00+00:00,114275.4,114330.0,114218.9,114219.0,1014.492
2025-10-01 03:00:00+00:00,114219.0,114387.8,114139.4,114387.8,1168.703
2025-10-01 03:15:00+00:00,114387.8,114481.2,114283.5,114416.7,1553.49
2025-10-01 03:30:00+00:00,114416.7,114480.0,114272.3,114272.4,1235.65
2025-10-01 03:45:00+00:00,114272.4,114272.4,114038.7,114135.9,1783.813
2025-10-01 04:00:00+00:00,114135.8,114398.4,114095.2,114284.8,1058.832
2025-10-01 04:15:00+00:00,114284.8,114553.5,114284.8,114549.9,1213.041
2025-10-01 04:30:00+00:00,114550.0,114669.0,114450.0,114503.3,1896.985
2025-10-01 04:45:00+00:00,114503.3,114545.9,114184.4,114227.8,1577.199
2025-10-01 05:00:00+00:00,114227.8,114700.0,114200.8,114552.5,2206.584
2025-10-01 05:15:00+00:00,114552.5,114661.3,114471.7,114553.7,1021.322
2025-10-01 05:30:00+00:00,114553.7,114580.0,114479.2,114511.9,622.626
2025-10-01 05:45:00+00:00,114512.0,114595.5,114453.7,114511.4,483.422
2025-10-01 06:00:00+00:00,114511.5,114529.9,114413.8,114503.1,691.087
2025-10-01 06:15:00+00:00,114503.1,114570.1,114250.0,114330.7,1103.872
2025-10-01 06:30:00+00:00,114330.7,114491.8,114257.1,114457.3,879.206
2025-10-01 06:45:00+00:00,114457.3,114457.4,114170.0,114212.8,1115.997
2025-10-01 07:00:00+00:00,114212.7,114380.4,114184.9,114312.2,501.092
2025-10-01 07:15:00+00:00,114312.1,114538.6,114306.0,114504.6,784.025
2025-10-01 07:30:00+00:00,114504.6,114534.3,114386.7,114470.4,542.062
2025-10-01 07:45:00+00:00,114470.4,114539.1,114432.4,114480.8,580.319
2025-10-01 08:00:00+00:00,114480.8,114550.0,114425.6,114534.9,817.056
2025-10-01 08:15:00+00:00,114534.8,115072.1,114500.2,115034.8,6330.913
2025-10-01 08:30:00+00:00,115034.8,115666.8,115034.8,115586.3,9101.646
2025-10-01 08:45:00+00:00,115586.3,116599.8,115426.0,116060.5,14539.377
2025-10-01 09:00:00+00:00,116060.4,116332.9,115890.7,116200.0,4164.904
2025-10-01 09:15:00+00:00,116199.9,116280.0,116075.7,116193.8,1546.995
2025-10-01 09:30:00+00:00,116193.7,116500.0,116109.6,116350.6,3511.812
2025-10-01 09:45:00+00:00,116350.6,116423.6,116288.2,116372.4,1203.543
2025-10-01 10:00:00+00:00,116372.3,116520.0,116214.4,116217.8,1799.732
2025-10-01 10:15:00+00:00,116217.4,116365.1,116190.8,116190.8,830.642
2025-10-01 10:30:00+00:00,116190.3,116299.9,116154.5,116234.2,795.715
2025-10-01 10:45:00+00:00,116234.3,116328.3,116180.0,116233.6,796.905
2025-10-01 11:00:00+00:00,116233.5,116388.0,116228.1,116342.6,809.555
2025-10-01 11:15:00+00:00,116342.7,116375.7,116284.6,116284.7,654.109
2025-10-01 11:30:00+00:00,116284.7,116570.8,116238.2,116533.5,2173.144
2025-10-01 11:45:00+00:00,116533.5,116750.0,116456.3,116736.8,2813.304
2025-10-01 12:00:00+00:00,116736.8,116838.3,116562.5,116615.2,2284.459
2025-10-01 12:15:00+00:00,116615.3,116850.0,116575.0,116587.3,1588.227
2025-10-01 12:30:00+00:00,116587.3,116604.0,116408.5,116415.7,2226.234
2025-10-01 12:45:00+00:00,116415.6,116512.0,116311.5,116373.7,1142.065
2025-10-01 13:00:00+00:00,116373.8,116522.6,116373.7,116494.9,850.587
2025-10-01 13:15:00+00:00,116494.9,116617.2,116491.1,116595.1,781.962
2025-10-01 13:30:00+00:00,116595.1,116700.0,116370.4,116479.6,1811.102
2025-10-01 13:45:00+00:00,116479.7,116802.0,116380.3,116762.5,1960.675
2025-10-01 14:00:00+00:00,116761.9,117231.4,116655.2,117131.6,6527.781
2025-10-01 14:15:00+00:00,117131.6,117400.0,117000.0,117085.0,3534.744
2025-10-01 14:30:00+00:00,117085.0,117371.2,117000.0,117261.9,1548.24
2025-10-01 14:45:00+00:00,117261.8,117276.3,117000.0,117245.3,1512.568
2025-10-01 15:00:00+00:00,117245.4,117294.6,117031.0,117192.9,1030.9
2025-10-01 15:15:00+00:00,117192.9,117647.8,117132.0,117457.3,2755.742
2025-10-01 15:30:00+00:00,117457.2,117495.5,117236.5,117432.0,1555.293
2025-10-01 15:45:00+00:00,117432.0,117500.0,117249.2,117366.4,1004.978
2025-10-01 16:00:00+00:00,117366.5,117750.0,117259.3,117749.9,3936.174
2025-10-01 16:15:00+00:00,117749.9,117850.0,117639.2,117821.5,3931.458
2025-10-01 16:30:00+00:00,117821.4,118190.0,117748.7,117830.2,6413.848
2025-10-01 16:45:00+00:00,117830.1,117929.9,117475.0,117480.1,3332.251
2025-10-01 17:00:00+00:00,117480.0,117649.2,117213.9,117260.0,2091.352
2025-10-01 17:15:00+00:00,117259.9,117524.3,117208.9,117352.5,1880.271
2025-10-01 17:30:00+00:00,117352.5,117456.1,117106.6,117114.2,1327.354
2025-10-01 17:45:00+00:00,117114.1,117137.5,116687.5,116734.2,4025.879
2025-10-01 18:00:00+00:00,116734.3,117035.8,116731.4,117012.1,1859.772
2025-10-01 18:15:00+00:00,117012.2,117012.2,116827.2,116984.9,805.819
2025-10-01 18:30:00+00:00,116984.9,117150.1,116984.9,117030.0,1078.37
2025-10-01 18:45:00+00:00,117030.1,117312.7,117023.2,117192.3,1374.32
2025-10-01 19:00:00+00:00,117192.3,117382.4,117167.6,117350.2,669.246
2025-10-01 19:15:00+00:00,117350.2,117458.6,117347.2,117419.8,847.438
2025-10-01 19:30:00+00:00,117419.8,117572.7,117268.4,117485.8,917.916
2025-10-01 19:45:00+00:00,117485.9,117550.0,117234.8,117374.1,1064.624
2025-10-01 20:00:00+00:00,117374.0,117388.2,117104.1,117152.5,1759.792
2025-10-01 20:15:00+00:00,117152.5,117344.2,117152.5,117344.2,429.615
2025-10-01 20:30:00+00:00,117344.2,117344.2,117252.8,117316.5,478.393
2025-10-01 20:45:00+00:00,117316.5,117493.6,117243.0,117474.6,508.085
2025-10-01 21:00:00+00:00,117474.7,117524.3,117400.0,117524.2,420.603
2025-10-01 21:15:00+00:00,117524.3,117524.9,117356.5,117434.7,280.166
2025-10-01 21:30:00+00:00,117434.7,117434.8,117276.3,117314.9,333.807
2025-10-01 21:45:00+00:00,117314.9,117503.3,117314.8,117503.2,430.67
2025-10-01 22:00:00+00:00,117503.2,118041.9,117503.2,117778.8,2815.23
2025-10-01 22:15:00+00:00,117778.8,117864.4,117718.0,117756.8,837.317
2025-10-01 22:30:00+00:00,117756.8,117756.9,117584.0,117603.0,413.753
2025-10-01 22:45:00+00:00,117603.0,117828.0,117602.9,117695.8,1363.322
2025-10-01 23:00:00+00:00,117695.8,117928.1,117634.9,117905.1,1078.955
2025-10-01 23:15:00+00:00,117905.0,118457.3,117905.0,118312.1,6225.733
2025-10-01 23:30:00+00:00,118312.2,118321.0,118020.7,118263.6,1292.067
2025-10-01 23:45:00+00:00,118263.6,118631.8,118229.9,118552.4,2586.158
2025-10-02 00:00:00+00:00,118552.0,119457.0,118552.0,119119.5,9737.126
2025-10-02 00:15:00+00:00,119119.4,119160.0,118814.6,118898.4,1824.655
2025-10-02 00:30:00+00:00,118898.5,118900.6,118447.9,118550.4,2170.612
2025-10-02 00:45:00+00:00,118550.4,118651.5,118367.0,118397.0,1307.485
2025-10-02 01:00:00+00:00,118397.0,118666.6,118335.0,118651.9,1246.126
2025-10-02 01:15:00+00:00,118652.0,118660.8,118396.1,118454.1,747.336
2025-10-02 01:30:00+00:00,118454.1,118700.0,118454.1,118675.3,789.118
2025-10-02 01:45:00+00:00,118675.3,118862.0,118569.6,118577.4,1482.664
2025-10-02 02:00:00+00:00,118577.5,118677.3,118465.1,118664.1,1271.911
2025-10-02 02:15:00+00:00,118664.1,118748.8,118449.5,118491.2,1178.529
2025-10-02 02:30:00+00:00,118491.2,118724.4,118433.4,118625.6,1317.485
2025-10-02 02:45:00+00:00,118625.5,118736.2,118609.2,118697.4,828.77
2025-10-02 03:00:00+00:00,118697.3,118966.0,118676.9,118825.0,2628.234
2025-10-02 03:15:00+00:00,118825.0,119043.4,118744.1,118893.7,1757.692
2025-10-02 03:30:00+00:00,118893.6,118988.2,118770.1,118929.5,1268.592
2025-10-02 03:45:00+00:00,118929.4,118929.5,118652.5,118697.0,803.713
2025-10-02 04:00:00+00:00,118697.0,118893.8,118633.7,118860.0,1010.909
2025-10-02 04:15:00+00:00,118859.9,118860.0,118508.4,118525.1,1010.427
2025-10-02 04:30:00+00:00,118525.0,118574.1,118372.0,118552.0,1025.828
2025-10-02 04:45:00+00:00,118552.0,118641.8,118448.1,118616.8,596.755
2025-10-02 05:00:00+00:00,118616.7,118641.8,118460.0,118476.6,479.136
2025-10-02 05:15:00+00:00,118476.6,118613.5,118358.3,118600.1,833.173
2025-10-02 05:30:00+00:00,118600.1,118600.1,118318.3,118418.8,897.497
2025-10-02 05:45:00+00:00,118418.7,118431.6,118226.4,118329.7,972.976
2025-10-02 06:00:00+00:00,118329.7,118484.3,118251.3,118382.3,851.193
2025-10-02 06:15:00+00:00,118382.3,118481.1,118362.4,118412.5,542.908
2025-10-02 06:30:00+00:00,118412.5,118644.8,118387.9,118600.0,1143.686
2025-10-02 06:45:00+00:00,118599.9,118620.1,118469.8,118600.0,526.907
2025-10-02 07:00:00+00:00,118599.9,118629.8,118500.0,118611.1,605.054
2025-10-02 07:15:00+00:00,118611.0,118612.6,118437.7,118471.8,383.362
2025-10-02 07:30:00+00:00,118471.9,118471.9,118377.1,118422.0,469.889
2025-10-02 07:45:00+00:00,118422.0,118477.1,118378.0,118444.1,498.415
2025-10-02 08:00:00+00:00,118444.1,118524.4,118310.4,118310.4,719.22
2025-10-02 08:15:00+00:00,118310.4,118606.0,118307.3,118590.4,617.698
2025-10-02 08:30:00+00:00,118590.3,118625.4,118523.6,118579.6,469.209
2025-10-02 08:45:00+00:00,118579.6,118647.7,118568.2,118635.4,399.585
2025-10-02 09:00:00+00:00,118635.3,118635.4,118521.7,118563.1,419.819
2025-10-02 09:15:00+00:00,118563.2,118648.5,118553.9,118640.6,459.399
2025-10-02 09:30:00+00:00,118640.7,118724.8,118555.9,118690.8,858.931
2025-10-02 09:45:00+00:00,118690.9,118827.7,118647.5,118813.3,966.712
2025-10-02 10:00:00+00:00,118813.3,118885.8,118640.1,118699.9,841.426
2025-10-02 10:15:00+00:00,118700.0,118742.1,118563.0,118564.4,481.973
2025-10-02 10:30:00+00:00,118564.4,118724.6,118564.4,118711.2,609.894
2025-10-02 10:45:00+00:00,118711.3,118717.3,118530.8,118575.3,418.518
2025-10-02 11:00:00+00:00,118575.3,118628.6,118481.6,118530.4,589.451
2025-10-02 11:15:00+00:00,118530.4,118660.3,118503.2,118636.0,403.742
2025-10-02 11:30:00+00:00,118635.9,118707.6,118609.1,118707.6,333.222
2025-10-02 11:45:00+00:00,118707.6,118843.8,118655.4,118716.0,890.349
2025-10-02 12:00:00+00:00,118716.1,118844.9,118690.4,118805.8,621.661
2025-10-02 12:15:00+00:00,118805.7,119130.0,118805.7,119043.9,2025.466
2025-10-02 12:30:00+00:00,119043.8,119309.2,118952.5,119157.2,2156.843
2025-10-02 12:45:00+00:00,119157.2,119361.4,119106.0,119360.1,1743.825
2025-10-02 13:00:00+00:00,119360.0,119360.1,119054.0,119060.5,1527.013
2025-10-02 13:15:00+00:00,119060.5,119250.0,118868.2,119114.3,1547.393
2025-10-02 13:30:00+00:00,119114.3,119523.5,119042.3,119503.7,3221.909
2025-10-02 13:45:00+00:00,119503.8,119733.0,119441.3,119559.6,5035.82
2025-10-02 14:00:00+00:00,119559.6,119607.6,119218.7,119381.6,2468.928
2025-10-02 14:15:00+00:00,119381.7,119672.1,119350.0,119643.2,1414.757
2025-10-02 14:30:00+00:00,119643.3,119747.2,118910.0,118950.5,3316.919
2025-10-02 14:45:00+00:00,118950.5,119044.8,118606.2,118768.0,4159.461
2025-10-02 15:00:00+00:00,118768.1,119205.3,118458.4,119128.2,4237.676
2025-10-02 15:15:00+00:00,119128.1,119555.0,118966.0,119378.8,3019.124
2025-10-02 15:30:00+00:00,119379.1,119600.0,119142.2,119586.0,2471.934
2025-10-02 15:45:00+00:00,119585.9,119889.0,119500.0,119875.1,3789.476
2025-10-02 16:00:00+00:00,119875.1,120291.0,119650.1,120083.4,6700.761
2025-10-02 16:15:00+00:00,120083.4,120188.1,119880.0,119961.9,2275.931
2025-10-02 16:30:00+00:00,119961.9,120066.7,119663.8,119732.5,1899.706
2025-10-02 16:45:00+00:00,119732.5,119870.9,119564.9,119694.0,1083.205
2025-10-02 17:00:00+00:00,119694.0,119775.3,119500.0,119766.9,1234.268
2025-10-02 17:15:00+00:00,119766.9,119766.9,119317.0,119390.6,1617.08
2025-10-02 17:30:00+00:00,119390.7,119619.4,119342.7,119542.6,923.843
2025-10-02 17:45:00+00:00,119542.5,119916.8,119507.9,119869.1,1430.113
2025-10-02 18:00:00+00:00,119869.1,120181.5,119859.9,120080.8,2195.516
2025-10-02 18:15:00+00:00,120080.8,120195.8,119920.8,120103.2,1265.258
2025-10-02 18:30:00+00:00,120103.2,120148.8,119930.5,120032.3,1122.262
2025-10-02 18:45:00+00:00,120032.3,120637.2,120032.3,120461.6,3659.623
2025-10-02 19:00:00+00:00,120461.6,120999.0,120398.2,120988.0,5627.035
2025-10-02 19:15:00+00:00,120988.0,120990.0,120632.2,120692.1,2656.276
2025-10-02 19:30:00+00:00,120692.2,120921.3,120653.6,120665.5,1320.985
2025-10-02 19:45:00+00:00,120665.5,120843.8,120516.4,120787.9,1396.345
2025-10-02 20:00:00+00:00,120787.8,120880.9,120631.2,120631.2,1535.444
2025-10-02 20:15:00+00:00,120631.2,120719.7,120403.7,120504.4,1224.3
2025-10-02 20:30:00+00:00,120504.4,120524.4,120258.1,120441.9,1341.372
2025-10-02 20:45:00+00:00,120442.0,120633.4,120365.8,120598.8,962.223
2025-10-02 21:00:00+00:00,120598.9,120700.0,120485.7,120700.0,581.783
2025-10-02 21:15:00+00:00,120700.0,120735.0,120386.3,120407.5,616.515
2025-10-02 21:30:00+00:00,120407.6,120407.6,120157.1,120211.2,1028.837
2025-10-02 21:45:00+00:00,120211.1,120335.8,120105.1,120105.2,463.716
2025-10-02 22:00:00+00:00,120105.1,120372.1,120040.0,120372.0,776.348
2025-10-02 22:15:00+00:00,120372.0,120372.1,120177.0,120286.8,506.623
2025-10-02 22:30:00+00:00,120286.8,120348.5,120069.1,120121.8,746.276
2025-10-02 22:45:00+00:00,120121.9,120208.8,120018.0,120208.8,897.717
2025-10-02 23:00:00+00:00,120208.7,120432.0,120191.9,120431.9,848.912
2025-10-02 23:15:00+00:00,120432.0,120633.0,120306.0,120512.1,1078.83
2025-10-02 23:30:00+00:00,120512.1,120569.6,120234.0,120296.0,928.972
2025-10-02 23:45:00+00:00,120296.0,120570.0,120215.6,120481.3,1065.347
2025-10-03 00:00:00+00:00,120481.3,120505.5,120059.5,120112.0,1162.0
2025-10-03 00:15:00+00:00,120112.1,120258.7,120033.0,120246.4,676.464
2025-10-03 00:30:00+00:00,120246.3,120246.3,120119.4,120159.3,519.16
2025-10-03 00:45:00+00:00,120159.2,120234.0,120044.3,120097.1,901.758
2025-10-03 01:00:00+00:00,120097.2,120255.1,120031.2,120185.1,1239.704
2025-10-03 01:15:00+00:00,120185.0,120250.0,119958.5,120081.5,1165.584
2025-10-03 01:30:00+00:00,120081.6,120129.6,119977.2,120050.1,549.902
2025-10-03 01:45:00+00:00,120050.1,120050.1,119766.0,119832.6,1303.704
2025-10-03 02:00:00+00:00,119832.6,120093.7,119823.6,120093.7,892.148
2025-10-03 02:15:00+00:00,120093.7,120138.7,119923.4,119943.9,475.278
2025-10-03 02:30:00+00:00,119943.8,120062.0,119888.0,120028.2,552.049
2025-10-03 02:45:00+00:00,120028.2,120237.9,119990.5,120117.9,1003.273
2025-10-03 03:00:00+00:00,120118.0,120447.2,120108.5,120250.0,1521.031
2025-10-03 03:15:00+00:00,120250.0,120362.1,120146.0,120146.0,791.729
2025-10-03 03:30:00+00:00,120146.1,120374.6,120120.0,120300.8,1050.297
2025-10-03 03:45:00+00:00,120300.8,120311.6,120163.1,120185.4,500.501
2025-10-03 04:00:00+00:00,120185.4,120281.6,120135.6,120209.7,367.586
2025-10-03 04:15:00+00:00,120209.8,120265.2,120122.1,120156.9,428.842
2025-10-03 04:30:00+00:00,120156.8,120156.9,119954.8,119990.1,602.824
2025-10-03 04:45:00+00:00,119990.2,120138.6,119990.1,120000.2,595.007
2025-10-03 05:00:00+00:00,120000.2,120033.0,119903.0,119994.7,456.596
2025-10-03 05:15:00+00:00,119994.6,120006.0,119931.4,119974.8,430.577
2025-10-03 05:30:00+00:00,119974.8,119974.9,119783.0,119798.2,723.105
2025-10-03 05:45:00+00:00,119798.3,119901.6,119700.0,119894.5,1437.565
2025-10-03 06:00:00+00:00,119894.5,120040.0,119744.6,120009.5,812.445
2025-10-03 06:15:00+00:00,120009.5,120020.0,119935.3,119945.5,375.975
2025-10-03 06:30:00+00:00,119945.6,119988.1,119884.8,119890.2,369.579
2025-10-03 06:45:00+00:00,119890.1,119890.2,119725.2,119882.6,682.545
2025-10-03 07:00:00+00:00,119882.5,119985.5,119750.6,119830.4,800.397
2025-10-03 07:15:00+00:00,119830.3,119859.8,119737.1,119737.1,619.783
2025-10-03 07:30:00+00:00,119737.2,119793.0,119579.6,119619.8,2071.738
2025-10-03 07:45:00+00:00,119619.8,119724.4,119603.6,119620.1,1536.146
2025-10-03 08:00:00+00:00,119620.1,119707.7,119404.6,119473.2,1652.818
2025-10-03 08:15:00+00:00,119473.2,119624.0,119200.0,119623.9,2933.467
2025-10-03 08:30:00+00:00,119624.0,119884.6,119610.3,119828.8,1957.01
2025-10-03 08:45:00+00:00,119828.7,120058.2,119811.6,120007.0,1135.799
2025-10-03 09:00:00+00:00,120007.0,120173.0,120006.9,120038.4,1266.27
2025-10-03 09:15:00+00:00,120038.3,120342.0,119968.6,120263.4,1690.985
2025-10-03 09:30:00+00:00,120263.4,120304.9,120120.8,120163.7,1000.1
2025-10-03 09:45:00+00:00,120163.8,120300.0,120163.7,120257.8,587.65
2025-10-03 10:00:00+00:00,120257.9,120336.0,120226.0,120304.9,470.8
2025-10-03 10:15:00+00:00,120305.0,120484.1,120295.3,120422.8,1147.906
2025-10-03 10:30:00+00:00,120422.9,120481.1,120317.3,120452.5,720.136
2025-10-03 10:45:00+00:00,120452.5,120474.0,120365.2,120392.8,384.868
2025-10-03 11:00:00+00:00,120392.9,120435.0,120242.7,120262.3,829.784
2025-10-03 11:15:00+00:00,120262.4,120339.0,120100.0,120250.0,1053.685
2025-10-03 11:30:00+00:00,120250.0,120319.0,120160.0,120319.0,493.034
2025-10-03 11:45:00+00:00,120319.0,120444.2,120288.0,120307.2,555.979
2025-10-03 12:00:00+00:00,120307.2,120374.4,120220.7,120329.0,668.341
2025-10-03 12:15:00+00:00,120328.9,120377.9,120172.8,120175.6,477.967
2025-10-03 12:30:00+00:00,120175.6,120300.0,120061.3,120253.2,863.407
2025-10-03 12:45:00+00:00,120253.3,120352.5,120205.9,120320.7,695.712
2025-10-03 13:00:00+00:00,120320.6,120320.7,120104.1,120227.9,775.009
2025-10-03 13:15:00+00:00,120227.9,120540.0,120185.5,120501.9,1386.999
2025-10-03 13:30:00+00:00,120501.8,120687.3,120058.0,120228.1,2767.593
2025-10-03 13:45:00+00:00,120228.0,120519.4,120207.7,120325.0,1342.608
2025-10-03 14:00:00+00:00,120325.1,120354.8,120050.0,120118.3,1777.648
2025-10-03 14:15:00+00:00,120118.3,120435.7,119820.4,120399.7,2455.083
2025-10-03 14:30:00+00:00,120399.7,120752.6,120253.5,120599.9,2760.085
2025-10-03 14:45:00+00:00,120599.9,120935.0,120595.0,120861.4,2732.608
2025-10-03 15:00:00+00:00,120861.4,120861.4,120579.1,120799.5,1816.685
2025-10-03 15:15:00+00:00,120799.6,121470.0,120799.5,121247.4,6583.251
2025-10-03 15:30:00+00:00,121247.5,121776.4,121235.3,121670.0,4340.571
2025-10-03 15:45:00+00:00,121669.9,122399.9,121583.5,122238.5,7172.618
2025-10-03 16:00:00+00:00,122238.5,123289.0,122238.5,123100.0,12922.236
2025-10-03 16:15:00+00:00,123099.9,123809.1,122884.3,123630.6,8932.721
2025-10-03 16:30:00+00:00,123630.7,123900.0,123500.0,123764.5,4609.181
2025-10-03 16:45:00+00:00,123764.5,123801.8,122500.0,122527.1,7756.299
2025-10-03 17:00:00+00:00,122527.0,123092.5,121611.0,122952.8,15167.548
2025-10-03 17:15:00+00:00,122952.8,122960.0,122207.8,122481.0,4196.163
2025-10-03 17:30:00+00:00,122481.0,122950.0,122300.0,122557.4,2420.377
2025-10-03 17:45:00+00:00,122557.4,122583.0,121528.1,122035.5,6065.093
2025-10-03 18:00:00+00:00,122035.6,122124.2,121425.5,121994.0,3156.659
2025-10-03 18:15:00+00:00,121994.0,122578.8,121970.7,122449.5,2116.447
2025-10-03 18:30:00+00:00,122449.7,122714.2,122154.4,122602.2,2121.521
2025-10-03 18:45:00+00:00,122602.1,122699.7,122286.8,122505.6,1024.592
2025-10-03 19:00:00+00:00,122505.7,122598.1,122313.0,122417.9,1036.554
2025-10-03 19:15:00+00:00,122418.0,122796.0,122417.9,122746.6,1088.103
2025-10-03 19:30:00+00:00,122746.5,122930.3,122621.4,122720.0,1293.425
2025-10-03 19:45:00+00:00,122719.9,122747.6,122524.3,122609.3,794.909
2025-10-03 20:00:00+00:00,122609.3,122659.1,121986.3,122050.8,1696.114
2025-10-03 20:15:00+00:00,122050.8,122248.5,122043.3,122097.9,733.363
2025-10-03 20:30:00+00:00,122098.0,122638.4,122098.0,122627.3,699.771
2025-10-03 20:45:00+00:00,122627.4,122694.1,122388.7,122402.2,674.424
2025-10-03 21:00:00+00:00,122402.3,122406.2,122323.9,122402.9,703.623
2025-10-03 21:15:00+00:00,122402.8,122402.9,122229.9,122236.1,441.602
2025-10-03 21:30:00+00:00,122236.1,122313.6,122011.3,122111.3,775.234
2025-10-03 21:45:00+00:00,122111.2,122341.6,121944.7,122245.2,789.247
2025-10-03 22:00:00+00:00,122245.2,122414.7,122245.2,122414.2,427.433
2025-10-03 22:15:00+00:00,122414.1,122496.0,122383.6,122434.8,400.622
2025-10-03 22:30:00+00:00,122434.8,122622.7,122434.8,122528.4,544.291
2025-10-03 22:45:00+00:00,122528.5,122554.5,122400.0,122427.7,333.161
2025-10-03 23:00:00+00:00,122427.7,122427.7,122228.4,122252.2,427.725
2025-10-03 23:15:00+00:00,122252.2,122310.0,122227.9,122229.7,285.62
2025-10-03 23:30:00+00:00,122229.7,122287.0,122140.2,122248.5,341.188
2025-10-03 23:45:00+00:00,122248.5,122270.8,122125.1,122182.7,793.248
2025-10-04 00:00:00+00:00,122182.6,122219.8,121999.3,122122.8,1592.352
2025-10-04 00:15:00+00:00,122122.8,122256.4,122115.1,122115.2,814.933
2025-10-04 00:30:00+00:00,122115.1,122138.6,121936.2,122016.9,860.713
2025-10-04 00:45:00+00:00,122016.9,122076.4,121946.7,122076.4,1178.88
2025-10-04 01:00:00+00:00,122076.4,122076.4,121969.6,122062.3,805.697
2025-10-04 01:15:00+00:00,122062.2,122070.8,121900.0,121900.1,743.969
2025-10-04 01:30:00+00:00,121900.0,121990.8,121804.0,121834.9,1488.024
2025-10-04 01:45:00+00:00,121834.9,121849.8,121650.8,121818.9,1290.148
2025-10-04 02:00:00+00:00,121819.0,122000.0,121750.0,121833.5,1124.561
2025-10-04 02:15:00+00:00,121833.5,121857.1,121636.5,121760.1,1537.591
2025-10-04 02:30:00+00:00,121760.1,121801.0,121636.4,121718.4,1097.725
2025-10-04 02:45:00+00:00,121718.3,121916.0,121687.1,121811.7,1452.812
2025-10-04 03:00:00+00:00,121811.7,121861.0,121781.9,121854.9,454.557
2025-10-04 03:15:00+00:00,121854.9,122037.6,121854.9,122018.4,669.002
2025-10-04 03:30:00+00:00,122018.3,122053.0,121987.0,122053.0,479.069
2025-10-04 03:45:00+00:00,122052.9,122301.9,121989.5,122197.2,949.73
2025-10-04 04:00:00+00:00,122197.3,122262.8,122188.5,122234.9,476.343
2025-10-04 04:15:00+00:00,122235.0,122335.3,122168.4,122299.8,1431.812
2025-10-04 04:30:00+00:00,122299.8,122474.2,122240.0,122441.8,1209.877
2025-10-04 04:45:00+00:00,122441.8,122486.8,122404.0,122448.8,706.14
2025-10-04 05:00:00+00:00,122448.7,122641.1,122385.6,122601.9,1282.147
2025-10-04 05:15:00+00:00,122602.0,122781.1,122569.1,122630.1,1260.214
2025-10-04 05:30:00+00:00,122630.1,122674.5,122408.1,122430.4,955.785
2025-10-04 05:45:00+00:00,122430.4,122554.1,122353.8,122480.6,1149.299
2025-10-04 06:00:00+00:00,122480.7,122510.6,122325.6,122359.1,1077.193
2025-10-04 06:15:00+00:00,122359.1,122551.3,122359.0,122448.4,911.759
2025-10-04 06:30:00+00:00,122448.5,122511.0,122431.7,122464.3,475.951
2025-10-04 06:45:00+00:00,122464.3,122479.3,122382.8,122388.9,266.495
2025-10-04 07:00:00+00:00,122388.9,122414.8,122289.9,122378.4,465.956
2025-10-04 07:15:00+00:00,122378.4,122378.4,122260.7,122324.8,348.46
2025-10-04 07:30:00+00:00,122324.9,122350.0,122226.1,122270.9,673.993
2025-10-04 07:45:00+00:00,122270.9,122305.6,122209.7,122271.3,474.758
2025-10-04 08:00:00+00:00,122271.4,122497.4,122243.8,122425.5,960.109
2025-10-04 08:15:00+00:00,122425.5,122457.7,122319.5,122382.7,942.289
2025-10-04 08:30:00+00:00,122382.8,122382.8,122168.8,122190.1,428.512
2025-10-04 08:45:00+00:00,122190.1,122273.9,122141.5,122226.2,652.468
2025-10-04 09:00:00+00:00,122226.2,122379.0,122217.0,122372.2,462.942
2025-10-04 09:15:00+00:00,122372.2,122414.1,122311.7,122327.8,329.092
2025-10-04 09:30:00+00:00,122327.8,122327.9,122262.2,122279.7,225.357
2025-10-04 09:45:00+00:00,122279.8,122279.8,122133.0,122168.0,443.669
2025-10-04 10:00:00+00:00,122168.0,122224.8,122139.9,122180.1,316.005
2025-10-04 10:15:00+00:00,122180.1,122278.9,122165.7,122257.4,325.801
2025-10-04 10:30:00+00:00,122257.3,122293.2,122150.0,122184.9,273.402
2025-10-04 10:45:00+00:00,122184.9,122194.0,122062.1,122075.0,520.155
2025-10-04 11:00:00+00:00,122075.1,122177.3,121938.1,121980.9,700.07
2025-10-04 11:15:00+00:00,121980.8,122086.3,121908.3,122045.5,836.078
2025-10-04 11:30:00+00:00,122045.4,122090.1,121978.3,122019.7,419.669
2025-10-04 11:45:00+00:00,122019.6,122030.8,121924.6,121924.6,311.794
2025-10-04 12:00:00+00:00,121924.6,122060.4,121918.8,122060.4,458.429
2025-10-04 12:15:00+00:00,122060.4,122060.4,121982.3,122029.6,301.631
2025-10-04 12:30:00+00:00,122029.6,122039.9,121962.0,121986.3,332.643
2025-10-04 12:45:00+00:00,121986.3,121986.4,121891.2,121955.0,510.225
2025-10-04 13:00:00+00:00,121954.9,122480.9,121954.9,122341.3,1920.365
2025-10-04 13:15:00+00:00,122341.3,122411.0,122237.9,122260.1,766.577
2025-10-04 13:30:00+00:00,122260.0,122412.2,122260.0,122351.4,503.1
2025-10-04 13:45:00+00:00,122351.4,122399.8,122301.6,122335.5,408.438
2025-10-04 14:00:00+00:00,122335.5,122380.3,122237.6,122380.3,433.012
2025-10-04 14:15:00+00:00,122380.2,122411.5,122245.7,122270.1,373.051
2025-10-04 14:30:00+00:00,122270.1,122270.2,122187.5,122190.0,401.269
2025-10-04 14:45:00+00:00,122190.0,122190.0,121944.3,121944.4,975.245
2025-10-04 15:00:00+00:00,121944.4,122085.1,121817.0,121843.1,1546.522
2025-10-04 15:15:00+00:00,121843.0,121932.7,121638.5,121689.8,2346.992
2025-10-04 15:30:00+00:00,121689.9,121865.7,121662.1,121854.0,1357.047
2025-10-04 15:45:00+00:00,121853.9,121968.0,121700.0,121744.8,837.322
2025-10-04 16:00:00+00:00,121744.8,121920.0,121551.8,121647.1,1827.044
2025-10-04 16:15:00+00:00,121647.1,121699.7,121533.3,121664.5,1206.194
2025-10-04 16:30:00+00:00,121664.4,121850.0,121653.1,121780.8,954.885
2025-10-04 16:45:00+00:00,121780.9,121788.5,121542.0,121668.5,1981.951
2025-10-04 17:00:00+00:00,121668.4,121799.0,121610.0,121728.5,582.709
2025-10-04 17:15:00+00:00,121728.5,121812.1,121682.4,121789.5,339.771
2025-10-04 17:30:00+00:00,121789.4,121869.6,121633.0,121666.4,790.473
2025-10-04 17:45:00+00:00,121666.4,121698.1,121622.5,121698.0,459.245
2025-10-04 18:00:00+00:00,121698.0,121784.3,121649.4,121649.4,641.779
2025-10-04 18:15:00+00:00,121649.4,121713.3,121649.4,121681.7,468.011
2025-10-04 18:30:00+00:00,121681.6,121681.7,121550.0,121621.6,755.144
2025-10-04 18:45:00+00:00,121621.7,121621.7,121432.0,121533.4,841.533
2025-10-04 19:00:00+00:00,121533.3,121765.6,121533.3,121756.4,561.822
2025-10-04 19:15:00+00:00,121756.5,121828.8,121700.9,121781.7,404.288
2025-10-04 19:30:00+00:00,121781.8,121906.2,121781.7,121829.5,356.782
2025-10-04 19:45:00+00:00,121829.5,121919.0,121819.6,121919.0,238.368
2025-10-04 20:00:00+00:00,121918.9,122055.4,121843.8,121906.2,763.92
2025-10-04 20:15:00+00:00,121906.2,122021.7,121906.2,122021.7,317.052
2025-10-04 20:30:00+00:00,122021.6,122021.6,121938.7,121980.0,180.984
2025-10-04 20:45:00+00:00,121980.1,122013.5,121832.8,121832.8,342.072
2025-10-04 21:00:00+00:00,121832.9,122092.5,121813.4,122092.5,409.749
2025-10-04 21:15:00+00:00,122092.5,122287.9,122040.0,122287.9,993.172
2025-10-04 21:30:00+00:00,122287.9,122310.7,122175.4,122277.7,772.369
2025-10-04 21:45:00+00:00,122277.6,122277.7,122128.4,122139.9,240.655
2025-10-04 22:00:00+00:00,122139.9,122178.9,122089.2,122145.2,341.854
2025-10-04 22:15:00+00:00,122145.2,122230.6,122131.8,122192.9,223.626
2025-10-04 22:30:00+00:00,122192.9,122322.2,122192.9,122245.3,365.131
2025-10-04 22:45:00+00:00,122245.3,122293.2,122156.6,122230.9,532.837
2025-10-04 23:00:00+00:00,122231.0,122250.0,122191.5,122200.9,205.63
2025-10-04 23:15:00+00:00,122200.8,122200.9,122159.9,122160.0,246.553
2025-10-04 23:30:00+00:00,122160.0,122298.5,122159.9,122298.4,383.448
2025-10-04 23:45:00+00:00,122298.4,122374.8,122297.5,122343.2,424.934
2025-10-05 00:00:00+00:00,122343.2,122369.3,122204.7,122204.7,343.865
2025-10-05 00:15:00+00:00,122204.8,122365.4,122197.2,122359.2,352.175
2025-10-05 00:30:00+00:00,122359.2,122359.3,122220.1,122220.2,266.25
2025-10-05 00:45:00+00:00,122220.1,122226.1,122101.2,122112.5,672.78
2025-10-05 01:00:00+00:00,122112.5,122274.8,122112.5,122274.8,439.067
2025-10-05 01:15:00+00:00,122274.7,122274.8,122088.1,122201.0,538.778
2025-10-05 01:30:00+00:00,122201.0,122377.7,122201.0,122349.7,456.509
2025-10-05 01:45:00+00:00,122349.8,122350.0,122271.4,122326.9,358.65
2025-10-05 02:00:00+00:00,122326.8,122355.5,122290.5,122355.5,304.99
2025-10-05 02:15:00+00:00,122355.4,122847.0,122329.3,122821.7,3979.093
2025-10-05 02:30:00+00:00,122821.8,124374.0,122787.0,123643.1,15074.937
2025-10-05 02:45:00+00:00,123643.0,124120.5,123500.4,124012.2,3493.71
2025-10-05 03:00:00+00:00,124012.2,124110.0,123584.2,123633.4,2480.605
2025-10-05 03:15:00+00:00,123633.4,123824.0,123303.6,123818.4,2248.239
2025-10-05 03:30:00+00:00,123818.4,124153.3,123812.2,123990.0,2172.051
2025-10-05 03:45:00+00:00,123990.0,124100.0,123695.1,123735.7,1549.479
2025-10-05 04:00:00+00:00,123735.7,124046.2,123678.0,123872.9,1755.05
2025-10-05 04:15:00+00:00,123872.9,124037.6,123810.0,123977.9,1086.131
2025-10-05 04:30:00+00:00,123977.9,124453.3,123956.6,124269.5,2457.563
2025-10-05 04:45:00+00:00,124269.4,125877.3,124269.4,125167.5,16261.111
2025-10-05 05:00:00+00:00,125167.4,125420.1,124856.2,125177.2,3465.899
2025-10-05 05:15:00+00:00,125177.2,125388.4,124888.0,125367.4,2744.345
2025-10-05 05:30:00+00:00,125367.4,125380.0,125073.8,125210.3,2140.158
2025-10-05 05:45:00+00:00,125210.2,125210.3,124930.0,125103.0,1559.942
2025-10-05 06:00:00+00:00,125103.0,125215.6,124950.0,125050.4,1461.281
2025-10-05 06:15:00+00:00,125050.4,125050.5,124784.4,124981.5,1476.125
2025-10-05 06:30:00+00:00,124981.6,125058.4,124812.5,125055.0,938.929
2025-10-05 06:45:00+00:00,125055.0,125195.4,124946.8,124977.7,1025.646
2025-10-05 07:00:00+00:00,124977.7,125065.3,124817.8,124985.3,1118.522
2025-10-05 07:15:00+00:00,124985.4,125147.0,124741.5,124741.5,1628.699
2025-10-05 07:30:00+00:00,124741.6,124848.4,124558.8,124683.1,2538.929
2025-10-05 07:45:00+00:00,124683.2,124919.9,124657.9,124692.4,1138.133
2025-10-05 08:00:00+00:00,124692.5,124796.9,124524.9,124616.3,1663.364
2025-10-05 08:15:00+00:00,124616.4,124843.0,124616.3,124720.5,914.338
2025-10-05 08:30:00+00:00,124720.5,124756.6,124587.2,124670.8,735.753
2025-10-05 08:45:00+00:00,124670.8,124682.7,124561.5,124580.9,637.945
2025-10-05 09:00:00+00:00,124581.0,124644.9,124331.5,124371.3,1244.294
2025-10-05 09:15:00+00:00,124371.3,124428.9,123900.0,123979.8,2946.004
2025-10-05 09:30:00+00:00,123979.8,123996.2,122828.1,122954.9,12071.406
2025-10-05 09:45:00+00:00,122955.0,123250.1,122720.4,122998.0,4814.622
2025-10-05 10:00:00+00:00,122998.0,123049.9,122472.0,122816.9,4918.859
2025-10-05 10:15:00+00:00,122816.9,123102.6,122765.5,122970.6,2104.639
2025-10-05 10:30:00+00:00,122970.6,122970.7,122622.0,122775.2,1626.236
2025-10-05 10:45:00+00:00,122775.2,123074.2,122775.1,122980.9,1444.263
2025-10-05 11:00:00+00:00,122981.0,123222.1,122788.0,122823.2,2438.306
2025-10-05 11:15:00+00:00,122823.7,123414.6,122823.7,123301.3,1929.769
2025-10-05 11:30:00+00:00,123301.2,123307.0,123111.0,123295.3,733.077
2025-10-05 11:45:00+00:00,123295.2,123500.0,123288.0,123413.2,1331.556
2025-10-05 12:00:00+00:00,123413.3,123413.3,122875.4,123105.6,1860.736
2025-10-05 12:15:00+00:00,123105.6,123210.5,123012.0,123081.4,687.516
2025-10-05 12:30:00+00:00,123081.5,123152.8,122914.3,123002.1,570.834
2025-10-05 12:45:00+00:00,123002.2,123188.0,123002.1,123035.8,557.662
2025-10-05 13:00:00+00:00,123035.9,123281.1,123012.3,123199.7,658.235
2025-10-05 13:15:00+00:00,123199.7,123275.5,123117.0,123242.5,554.247
2025-10-05 13:30:00+00:00,123242.5,123295.0,123160.7,123217.4,607.555
2025-10-05 13:45:00+00:00,123217.4,123230.0,123050.6,123120.0,446.732
2025-10-05 14:00:00+00:00,123119.9,123288.6,123119.9,123213.0,546.883
2025-10-05 14:15:00+00:00,123212.9,123239.3,123086.7,123152.9,356.847
2025-10-05 14:30:00+00:00,123152.8,123182.4,122684.9,122864.9,2024.358
2025-10-05 14:45:00+00:00,122864.9,123020.9,122766.8,122983.4,867.869
2025-10-05 15:00:00+00:00,122983.2,122983.2,122773.8,122899.9,532.932
2025-10-05 15:15:00+00:00,122899.9,122968.7,122812.4,122842.5,438.439
2025-10-05 15:30:00+00:00,122842.5,122864.6,122600.0,122726.0,1041.244
2025-10-05 15:45:00+00:00,122725.9,122818.0,122675.0,122753.0,656.65
2025-10-05 16:00:00+00:00,122752.9,123067.6,122722.2,123029.2,1288.761
2025-10-05 16:15:00+00:00,123029.2,123048.0,122910.3,122912.3,522.991
2025-10-05 16:30:00+00:00,122912.3,123043.9,122867.0,122970.8,727.001
2025-10-05 16:45:00+00:00,122970.7,123295.0,122160.0,123210.1,6505.432
2025-10-05 17:00:00+00:00,123210.0,123422.0,123125.1,123152.1,2748.07
2025-10-05 17:15:00+00:00,123152.0,123342.2,123111.0,123138.7,606.636
2025-10-05 17:30:00+00:00,123138.6,123138.7,122840.9,123072.1,1080.699
2025-10-05 17:45:00+00:00,123072.1,123092.6,122940.7,123013.9,359.738
2025-10-05 18:00:00+00:00,123013.8,123123.4,122814.7,122929.9,1074.842
2025-10-05 18:15:00+00:00,122929.9,123029.2,122896.9,122997.9,398.206
2025-10-05 18:30:00+00:00,122997.9,123166.7,122909.4,122952.0,1129.187
2025-10-05 18:45:00+00:00,122951.9,123053.0,122914.0,122963.5,244.665
2025-10-05 19:00:00+00:00,122963.5,122982.9,122568.0,122741.5,1087.463
2025-10-05 19:15:00+00:00,122741.4,122917.5,122634.2,122795.9,708.935
2025-10-05 19:30:00+00:00,122796.0,122842.2,122650.4,122686.7,349.801
2025-10-05 19:45:00+00:00,122686.7,122686.7,122442.6,122550.4,1172.784
2025-10-05 20:00:00+00:00,122550.5,122716.2,122425.7,122648.2,764.553
2025-10-05 20:15:00+00:00,122648.2,122754.0,122578.4,122696.6,342.045
2025-10-05 20:30:00+00:00,122696.7,123023.9,122696.7,122895.3,971.151
2025-10-05 20:45:00+00:00,122895.4,122956.2,122648.5,122648.5,368.633
2025-10-05 21:00:00+00:00,122648.1,122678.3,122474.3,122573.5,595.067
2025-10-05 21:15:00+00:00,122573.5,122751.6,122536.8,122629.5,301.065
2025-10-05 21:30:00+00:00,122629.5,122629.6,122440.1,122625.3,311.325
2025-10-05 21:45:00+00:00,122625.3,122732.0,122594.4,122682.3,232.207
2025-10-05 22:00:00+00:00,122682.3,123060.0,122682.2,122868.4,1016.658
2025-10-05 22:15:00+00:00,122868.4,123228.0,122859.6,123073.2,1101.484
2025-10-05 22:30:00+00:00,123073.3,123130.1,122987.2,123079.8,384.422
2025-10-05 22:45:00+00:00,123079.7,123222.0,123015.7,123188.5,363.089
2025-10-05 23:00:00+00:00,123188.5,123436.8,123166.0,123420.0,1602.426
2025-10-05 23:15:00+00:00,123419.9,123450.0,123272.8,123420.0,693.669
2025-10-05 23:30:00+00:00,123420.0,123453.5,123400.1,123453.4,1539.571
2025-10-05 23:45:00+00:00,123453.5,123453.5,123385.2,123426.7,487.613
2025-10-06 00:00:00+00:00,123426.7,123453.5,123206.1,123453.5,1690.569
2025-10-06 00:15:00+00:00,123453.4,124336.3,123446.7,123625.4,6718.212
2025-10-06 00:30:00+00:00,123625.4,123837.9,123401.7,123646.2,1483.235
2025-10-06 00:45:00+00:00,123646.3,123696.7,123018.5,123295.8,2282.125
2025-10-06 01:00:00+00:00,123295.9,123594.8,123140.3,123435.7,1161.088
2025-10-06 01:15:00+00:00,123435.7,123959.7,123262.6,123799.9,1413.916
2025-10-06 01:30:00+00:00,123800.0,124218.0,123663.9,123817.4,2391.053
2025-10-06 01:45:00+00:00,123817.4,124010.5,123730.8,123980.8,647.452
2025-10-06 02:00:00+00:00,123980.8,124085.6,123752.1,123815.3,667.972
2025-10-06 02:15:00+00:00,123815.3,124045.0,123750.0,123824.6,877.501
2025-10-06 02:30:00+00:00,123824.6,123892.6,123385.2,123776.6,1987.864
2025-10-06 02:45:00+00:00,123776.7,124200.0,123776.6,124066.9,1569.694
2025-10-06 03:00:00+00:00,124066.8,124086.6,123897.3,123965.3,677.833
2025-10-06 03:15:00+00:00,123965.3,124017.9,123819.3,123865.5,474.996
2025-10-06 03:30:00+00:00,123865.5,123950.0,123805.3,123845.1,351.401
2025-10-06 03:45:00+00:00,123845.1,123885.6,123689.3,123792.9,540.9
2025-10-06 04:00:00+00:00,123792.8,123875.0,123697.4,123875.0,591.085
2025-10-06 04:15:00+00:00,123875.0,123946.9,123835.3,123924.1,342.851
2025-10-06 04:30:00+00:00,123924.2,123955.0,123584.1,123673.8,685.965
2025-10-06 04:45:00+00:00,123673.7,123740.2,123525.1,123538.2,740.068
2025-10-06 05:00:00+00:00,123538.2,123538.3,123223.9,123267.2,2331.902
2025-10-06 05:15:00+00:00,123267.3,123598.7,123246.9,123552.1,702.81
2025-10-06 05:30:00+00:00,123552.1,123568.2,123400.1,123469.2,337.705
2025-10-06 05:45:00+00:00,123469.1,123710.8,123444.0,123522.3,725.271
2025-10-06 06:00:00+00:00,123522.3,123794.9,123522.3,123776.8,915.335
2025-10-06 06:15:00+00:00,123776.8,123865.3,123611.4,123815.5,661.111
2025-10-06 06:30:00+00:00,123815.5,124137.7,123815.5,123940.9,1378.518
2025-10-06 06:45:00+00:00,123941.0,124028.9,123750.5,123900.0,818.27
2025-10-06 07:00:00+00:00,123900.1,123974.0,123751.8,123950.4,678.182
2025-10-06 07:15:00+00:00,123950.3,123988.1,123770.2,123788.4,668.774
2025-10-06 07:30:00+00:00,123788.4,123790.1,123302.2,123363.2,1678.592
2025-10-06 07:45:00+00:00,123363.9,123412.8,123217.9,123332.3,1282.209
2025-10-06 08:00:00+00:00,123332.4,123649.5,123332.3,123594.1,1004.093
2025-10-06 08:15:00+00:00,123594.0,123741.8,123523.3,123716.8,559.162
2025-10-06 08:30:00+00:00,123716.9,123830.7,123561.3,123621.8,1037.852
2025-10-06 08:45:00+00:00,123621.8,123837.7,123588.4,123800.0,498.767
2025-10-06 09:00:00+00:00,123800.0,124020.8,123766.3,123894.9,946.278
2025-10-06 09:15:00+00:00,123894.8,123900.0,123777.1,123850.8,526.77
2025-10-06 09:30:00+00:00,123850.7,123872.2,123749.0,123754.6,464.615
2025-10-06 09:45:00+00:00,123754.5,123975.6,123725.5,123915.2,745.036
2025-10-06 10:00:00+00:00,123915.1,124067.1,123850.0,123910.6,1030.814
2025-10-06 10:15:00+00:00,123910.5,124063.0,123865.3,124042.2,493.236
2025-10-06 10:30:00+00:00,124042.2,124068.0,123967.8,124030.0,390.706
2025-10-06 10:45:00+00:00,124029.9,124104.0,123920.0,123920.0,858.246
2025-10-06 11:00:00+00:00,123920.0,123953.4,123696.2,123696.2,816.153
2025-10-06 11:15:00+00:00,123696.3,124404.9,123682.1,124329.4,1631.642
2025-10-06 11:30:00+00:00,124329.4,124500.0,124042.0,124242.0,2445.875
2025-10-06 11:45:00+00:00,124242.0,124364.8,124127.0,124161.2,992.136
2025-10-06 12:00:00+00:00,124161.3,124485.7,124123.3,124361.3,1712.124
2025-10-06 12:15:00+00:00,124361.3,124647.6,124300.0,124327.6,2228.997
2025-10-06 12:30:00+00:00,124327.7,124421.0,124203.6,124276.9,906.935
2025-10-06 12:45:00+00:00,124276.8,124550.0,124261.8,124495.3,811.816
2025-10-06 13:00:00+00:00,124495.2,124773.8,124495.2,124635.5,1496.349
2025-10-06 13:15:00+00:00,124635.6,124898.8,124481.1,124801.8,2139.373
2025-10-06 13:30:00+00:00,124801.8,124943.3,124350.0,124504.1,4212.032
2025-10-06 13:45:00+00:00,124504.4,125062.9,124320.0,124967.8,3557.395
2025-10-06 14:00:00+00:00,124967.7,125281.0,124817.5,124916.8,5348.183
2025-10-06 14:15:00+00:00,124916.8,125087.3,124468.0,124801.7,2992.411
2025-10-06 14:30:00+00:00,124801.8,125000.4,124543.1,124675.0,2042.489
2025-10-06 14:45:00+00:00,124675.0,124843.7,124245.0,124475.9,2448.08
2025-10-06 15:00:00+00:00,124475.9,124697.2,124452.1,124662.2,1223.144
2025-10-06 15:15:00+00:00,124662.1,125375.0,124662.1,125115.8,3164.838
2025-10-06 15:30:00+00:00,125115.9,125233.2,124913.7,125023.4,1904.143
2025-10-06 15:45:00+00:00,125023.5,125200.0,124937.5,124946.2,1267.286
2025-10-06 16:00:00+00:00,124946.2,125046.2,124742.5,124808.1,2035.232
2025-10-06 16:15:00+00:00,124808.0,124963.3,124795.8,124828.2,869.452
2025-10-06 16:30:00+00:00,124828.2,125193.4,124818.8,125174.4,1126.062
2025-10-06 16:45:00+00:00,125174.3,125480.0,125051.3,125417.8,1986.59
2025-10-06 17:00:00+00:00,125417.7,125613.4,125247.0,125384.5,3614.728
2025-10-06 17:15:00+00:00,125384.5,125789.7,125347.1,125590.2,2632.324
2025-10-06 17:30:00+00:00,125590.2,125660.1,125068.7,125113.4,1748.184
2025-10-06 17:45:00+00:00,125113.3,125448.4,125085.0,125235.2,1352.401
2025-10-06 18:00:00+00:00,125235.3,125250.0,124979.0,125196.5,1281.799
2025-10-06 18:15:00+00:00,125196.5,125330.0,125086.6,125170.7,1043.668
2025-10-06 18:30:00+00:00,125170.8,125429.3,125160.2,125400.1,795.413
2025-10-06 18:45:00+00:00,125400.0,126208.5,125382.3,125986.0,6977.843
2025-10-06 19:00:00+00:00,125986.1,126093.7,125583.0,125599.9,2878.388
2025-10-06 19:15:00+00:00,125599.9,125827.0,125372.7,125617.6,1817.662
2025-10-06 19:30:00+00:00,125617.7,125733.9,125185.1,125330.4,1538.79
2025-10-06 19:45:00+00:00,125330.4,125448.8,125221.8,125357.3,1549.741
2025-10-06 20:00:00+00:00,125357.3,125500.0,125254.8,125313.3,863.224
2025-10-06 20:15:00+00:00,125313.3,125313.4,124986.0,125087.6,1465.126
2025-10-06 20:30:00+00:00,125087.7,125291.2,125048.0,125160.9,720.797
2025-10-06 20:45:00+00:00,125160.9,125276.0,125135.1,125170.0,416.336
2025-10-06 21:00:00+00:00,125170.1,125248.1,125001.6,125012.1,804.34
2025-10-06 21:15:00+00:00,125012.1,125012.1,124463.0,124750.2,4103.507
2025-10-06 21:30:00+00:00,124750.2,124969.3,124564.3,124969.3,1841.768
2025-10-06 21:45:00+00:00,124969.3,125062.1,124850.0,125062.0,380.25
2025-10-06 22:00:00+00:00,125062.1,125245.4,124933.2,125111.7,1165.455
2025-10-06 22:15:00+00:00,125111.8,125236.9,125090.0,125131.1,488.42
2025-10-06 22:30:00+00:00,125131.1,125136.9,124733.0,124856.3,892.443
2025-10-06 22:45:00+00:00,124856.3,125084.6,124856.3,124999.8,600.432
2025-10-06 23:00:00+00:00,124999.9,125060.0,124820.1,124820.1,517.718
2025-10-06 23:15:00+00:00,124820.1,124829.0,124640.0,124793.8,454.243
2025-10-06 23:30:00+00:00,124793.8,124831.6,124704.1,124728.9,363.835
2025-10-06 23:45:00+00:00,124728.9,124742.9,124592.0,124628.5,503.723
2025-10-07 00:00:00+00:00,124628.6,124803.6,124569.9,124712.2,899.604
2025-10-07 00:15:00+00:00,124712.3,124798.2,124600.7,124641.5,439.723
2025-10-07 00:30:00+00:00,124641.5,124830.0,124541.8,124830.0,625.123
2025-10-07 00:45:00+00:00,124829.9,124886.6,124721.5,124850.3,618.876
2025-10-07 01:00:00+00:00,124850.4,125047.0,124825.7,124850.0,674.42
2025-10-07 01:15:00+00:00,124850.1,124850.1,124387.6,124662.1,1709.171
2025-10-07 01:30:00+00:00,124662.0,124751.6,124488.0,124746.9,582.143
2025-10-07 01:45:00+00:00,124746.9,124746.9,124520.0,124658.0,461.215
2025-10-07 02:00:00+00:00,124657.9,124658.0,124528.2,124533.2,482.315
2025-10-07 02:15:00+00:00,124533.2,124564.2,124100.8,124515.7,2148.155
2025-10-07 02:30:00+00:00,124515.7,124580.1,124334.5,124411.9,522.529
2025-10-07 02:45:00+00:00,124411.9,124500.0,124205.5,124205.5,798.965
2025-10-07 03:00:00+00:00,124205.6,124527.7,124205.5,124433.2,703.315
2025-10-07 03:15:00+00:00,124433.1,124433.2,124074.4,124112.0,1370.532
2025-10-07 03:30:00+00:00,124111.9,124260.3,124055.0,124229.4,724.201
2025-10-07 03:45:00+00:00,124229.8,124289.5,124193.6,124277.7,290.606
2025-10-07 04:00:00+00:00,124277.8,124277.8,124085.3,124126.5,855.697
2025-10-07 04:15:00+00:00,124126.6,124380.1,124056.1,124379.9,900.439
2025-10-07 04:30:00+00:00,124380.0,124631.9,124345.1,124550.0,1910.388
2025-10-07 04:45:00+00:00,124550.0,124550.0,124444.2,124449.8,790.784
2025-10-07 05:00:00+00:00,124449.8,124477.6,124176.1,124415.4,1254.899
2025-10-07 05:15:00+00:00,124415.5,124523.3,124315.9,124430.0,568.163
2025-10-07 05:30:00+00:00,124430.0,124588.0,124383.4,124477.0,497.905
2025-10-07 05:45:00+00:00,124477.0,124503.4,124229.0,124349.0,868.745
2025-10-07 06:00:00+00:00,124349.0,124410.2,124240.0,124240.0,488.975
2025-10-07 06:15:00+00:00,124240.1,124261.1,123797.5,123837.9,2173.059
2025-10-07 06:30:00+00:00,123837.9,123955.2,123720.3,123809.5,1704.441
2025-10-07 06:45:00+00:00,123809.5,123950.4,123755.0,123852.6,1085.252
2025-10-07 07:00:00+00:00,123852.6,124009.9,123760.0,123773.2,844.747
2025-10-07 07:15:00+00:00,123773.1,123820.0,123562.9,123820.0,1591.222
2025-10-07 07:30:00+00:00,123819.9,123819.9,123503.9,123642.7,1383.57
2025-10-07 07:45:00+00:00,123642.6,123656.2,123525.6,123627.1,1238.054
2025-10-07 08:00:00+00:00,123627.1,123668.3,123459.0,123508.0,1986.286
2025-10-07 08:15:00+00:00,123507.9,123685.4,123261.6,123600.0,2643.211
2025-10-07 08:30:00+00:00,123599.9,123772.4,123372.7,123771.8,1744.101
2025-10-07 08:45:00+00:00,123771.9,123948.7,123707.7,123813.1,1995.263
2025-10-07 09:00:00+00:00,123813.1,124153.5,123799.5,124064.2,1348.651
2025-10-07 09:15:00+00:00,124064.1,124117.2,123946.3,124044.6,858.257
2025-10-07 09:30:00+00:00,124044.6,124199.2,124026.5,124026.5,640.308
2025-10-07 09:45:00+00:00,124026.5,124150.0,124018.4,124049.2,498.917
2025-10-07 10:00:00+00:00,124049.2,124317.6,123951.6,124282.6,951.071
2025-10-07 10:15:00+00:00,124282.5,124372.0,124183.2,124224.1,956.051
2025-10-07 10:30:00+00:00,124224.1,124330.0,124171.5,124241.1,769.039
2025-10-07 10:45:00+00:00,124241.1,124300.0,124185.0,124229.9,401.79
2025-10-07 11:00:00+00:00,124229.9,124263.1,124110.7,124132.3,741.095
2025-10-07 11:15:00+00:00,124132.2,124338.4,124132.2,124318.9,552.672
2025-10-07 11:30:00+00:00,124318.8,124436.4,124204.4,124315.2,812.669
2025-10-07 11:45:00+00:00,124315.2,124471.4,124300.0,124397.2,1544.104
2025-10-07 12:00:00+00:00,124397.1,124467.2,124349.9,124374.1,804.795
2025-10-07 12:15:00+00:00,124374.0,124422.4,124300.0,124380.0,550.749
2025-10-07 12:30:00+00:00,124380.0,124538.4,124271.8,124538.3,936.356
2025-10-07 12:45:00+00:00,124538.2,125098.0,124538.2,124869.5,3969.487
2025-10-07 13:00:00+00:00,124869.4,125012.9,124672.1,124681.1,1427.199
2025-10-07 13:15:00+00:00,124681.0,124769.3,124562.7,124753.6,1164.66
2025-10-07 13:30:00+00:00,124753.6,124756.3,123500.1,123734.1,6018.7
2025-10-07 13:45:00+00:00,123734.2,123898.9,123300.1,123825.4,6462.085
2025-10-07 14:00:00+00:00,123825.4,123943.1,122705.5,122795.5,8787.602
2025-10-07 14:15:00+00:00,122795.6,123289.2,122728.3,122845.1,3769.29
2025-10-07 14:30:00+00:00,122845.1,122985.3,122526.0,122766.6,4114.019
2025-10-07 14:45:00+00:00,122766.6,122959.2,122500.1,122684.0,3454.142
2025-10-07 15:00:00+00:00,122684.1,122819.4,121656.7,121906.9,10868.715
2025-10-07 15:15:00+00:00,121906.8,122340.0,121803.8,122029.1,4016.27
2025-10-07 15:30:00+00:00,122029.1,122090.0,121102.0,121652.6,8698.181
2025-10-07 15:45:00+00:00,121652.5,121853.6,121281.0,121788.3,5929.537
2025-10-07 16:00:00+00:00,121788.2,121827.7,121294.9,121498.0,3591.918
2025-10-07 16:15:00+00:00,121498.0,121605.4,120720.2,121090.1,8116.54
2025-10-07 16:30:00+00:00,121090.2,121775.0,121081.4,121703.6,3756.043
2025-10-07 16:45:00+00:00,121703.6,122049.7,121557.7,121621.5,3625.155
2025-10-07 17:00:00+00:00,121621.6,121763.6,121249.9,121414.9,3116.523
2025-10-07 17:15:00+00:00,121414.9,121506.7,121162.5,121246.4,1789.604
2025-10-07 17:30:00+00:00,121246.3,121387.9,121100.0,121353.1,1174.418
2025-10-07 17:45:00+00:00,121353.2,121537.2,121016.6,121073.1,2047.204
2025-10-07 18:00:00+00:00,121073.2,121270.1,120810.0,121129.0,3150.033
2025-10-07 18:15:00+00:00,121129.0,121174.3,120516.0,120687.2,5683.693
2025-10-07 18:30:00+00:00,120687.2,120873.2,120545.5,120738.4,1781.56
2025-10-07 18:45:00+00:00,120738.5,120945.1,120712.7,120838.0,1661.5
2025-10-07 19:00:00+00:00,120838.0,121512.0,120801.6,121374.0,3452.752
2025-10-07 19:15:00+00:00,121374.0,121533.0,121150.5,121206.5,1167.469
2025-10-07 19:30:00+00:00,121206.5,121488.2,121199.4,121322.8,831.596
2025-10-07 19:45:00+00:00,121322.8,122000.0,121280.0,121593.6,3248.973
2025-10-07 20:00:00+00:00,121593.5,122100.0,121593.5,121981.4,1713.334
2025-10-07 20:15:00+00:00,121981.4,122134.7,121885.9,122131.9,813.722
2025-10-07 20:30:00+00:00,122132.0,122132.0,121960.5,122008.2,475.942
2025-10-07 20:45:00+00:00,122008.3,122142.6,121854.0,121885.4,621.458
2025-10-07 21:00:00+00:00,121885.4,122136.9,121710.9,121934.9,1004.133
2025-10-07 21:15:00+00:00,121934.9,122255.4,121903.5,122184.0,735.301
2025-10-07 21:30:00+00:00,122183.9,122184.0,121751.0,121973.2,765.085
2025-10-07 21:45:00+00:00,121973.3,121973.3,121730.3,121954.1,553.673
2025-10-07 22:00:00+00:00,121954.0,122000.0,121735.2,121965.0,537.55
2025-10-07 22:15:00+00:00,121965.0,122134.8,121817.6,121859.4,622.55
2025-10-07 22:30:00+00:00,121859.3,122000.0,121762.9,121877.5,506.507
2025-10-07 22:45:00+00:00,121877.6,121960.0,121855.8,121956.8,320.454
2025-10-07 23:00:00+00:00,121956.8,121961.1,121711.2,121737.4,537.313
2025-10-07 23:15:00+00:00,121737.5,121800.0,121520.9,121614.3,1428.247
2025-10-07 23:30:00+00:00,121614.3,121614.4,121306.0,121424.0,1462.374
2025-10-07 23:45:00+00:00,121423.9,121483.8,121218.0,121286.5,984.218
2025-10-08 00:00:00+00:00,121286.6,121564.3,121286.6,121500.0,931.866
2025-10-08 00:15:00+00:00,121500.0,121750.0,121499.9,121538.0,876.552
2025-10-08 00:30:00+00:00,121538.0,121912.0,121219.0,121844.5,1709.695
2025-10-08 00:45:00+00:00,121844.4,122042.0,121741.5,121868.9,2874.123
2025-10-08 01:00:00+00:00,121868.9,121994.1,121622.6,121661.6,2325.223
2025-10-08 01:15:00+00:00,121661.6,122011.8,121550.1,121779.8,1037.659
2025-10-08 01:30:00+00:00,121779.8,121923.4,121696.7,121746.5,596.195
2025-10-08 01:45:00+00:00,121746.5,121915.8,121726.0,121911.3,333.362
2025-10-08 02:00:00+00:00,121911.3,121939.8,121761.3,121894.3,565.718
2025-10-08 02:15:00+00:00,121894.3,122196.9,121894.3,122132.0,1004.137
2025-10-08 02:30:00+00:00,122132.1,122141.8,121811.2,121854.5,1197.869
2025-10-08 02:45:00+00:00,121854.5,122050.0,121806.4,121995.0,717.55
2025-10-08 03:00:00+00:00,121995.1,121995.1,121662.5,121670.9,1081.329
2025-10-08 03:15:00+00:00,121671.0,121777.1,121323.9,121402.1,1903.001
2025-10-08 03:30:00+00:00,121402.0,121473.1,121258.0,121275.6,1353.308
2025-10-08 03:45:00+00:00,121275.7,121399.5,121137.0,121333.1,1181.372
2025-10-08 04:00:00+00:00,121333.1,121443.3,121005.3,121339.1,1440.498
2025-10-08 04:15:00+00:00,121339.2,121564.4,121298.6,121433.0,1108.586
2025-10-08 04:30:00+00:00,121433.1,121749.1,121433.0,121551.2,1134.06
2025-10-08 04:45:00+00:00,121551.3,121880.0,121551.3,121865.4,726.951
2025-10-08 05:00:00+00:00,121865.4,121868.3,121607.5,121727.9,949.804
2025-10-08 05:15:00+00:00,121727.9,121744.3,121207.2,121337.7,2229.338
2025-10-08 05:30:00+00:00,121337.7,121489.4,121233.6,121233.6,1008.268
2025-10-08 05:45:00+00:00,121233.6,121338.1,121124.2,121338.0,954.642
2025-10-08 06:00:00+00:00,121338.1,121378.8,121020.0,121261.4,1196.553
2025-10-08 06:15:00+00:00,121261.5,121460.2,121111.0,121360.8,951.598
2025-10-08 06:30:00+00:00,121360.9,121545.2,121350.8,121537.2,591.776
2025-10-08 06:45:00+00:00,121537.1,121814.0,121537.1,121749.0,774.547
2025-10-08 07:00:00+00:00,121749.1,121836.6,121573.9,121623.5,997.619
2025-10-08 07:15:00+00:00,121623.6,121657.6,121447.4,121513.6,749.672
2025-10-08 07:30:00+00:00,121513.6,121536.3,121272.7,121444.4,624.886
2025-10-08 07:45:00+00:00,121444.5,121559.7,121283.1,121550.4,703.033
2025-10-08 08:00:00+00:00,121550.5,121793.5,121493.8,121510.7,891.109
2025-10-08 08:15:00+00:00,121510.6,121965.8,121468.5,121873.2,1200.371
2025-10-08 08:30:00+00:00,121873.2,122800.0,121873.1,122795.7,5823.838
2025-10-08 08:45:00+00:00,122795.8,122820.0,122292.1,122332.6,2018.753
2025-10-08 09:00:00+00:00,122332.7,122600.0,122332.5,122514.0,1548.812
2025-10-08 09:15:00+00:00,122514.1,122588.0,122400.6,122484.8,847.535
2025-10-08 09:30:00+00:00,122484.8,122538.7,122343.7,122412.4,686.136
2025-10-08 09:45:00+00:00,122412.5,122485.0,122324.5,122485.0,700.776
2025-10-08 10:00:00+00:00,122485.0,122779.7,122449.9,122513.8,920.532
2025-10-08 10:15:00+00:00,122513.8,122662.7,122469.2,122550.1,626.242
2025-10-08 10:30:00+00:00,122550.2,123074.8,122516.3,122926.1,2624.382
2025-10-08 10:45:00+00:00,122926.1,122967.8,122825.3,122885.7,842.658
2025-10-08 11:00:00+00:00,122885.7,123150.0,122754.4,123065.3,1771.35
2025-10-08 11:15:00+00:00,123065.3,123065.4,122779.9,122959.1,1066.37
2025-10-08 11:30:00+00:00,122959.2,122987.2,122734.1,122743.4,545.535
2025-10-08 11:45:00+00:00,122743.4,122851.0,122672.8,122825.7,574.817
2025-10-08 12:00:00+00:00,122825.8,123009.6,122655.8,122918.8,1367.312
2025-10-08 12:15:00+00:00,122918.9,122976.4,122571.1,122701.8,1019.51
2025-10-08 12:30:00+00:00,122701.9,122701.9,122550.0,122609.1,864.121
2025-10-08 12:45:00+00:00,122609.1,122680.0,122478.9,122580.3,687.972
2025-10-08 13:00:00+00:00,122580.2,122729.8,122340.0,122597.8,1150.227
2025-10-08 13:15:00+00:00,122597.7,122664.5,122431.9,122431.9,456.359
2025-10-08 13:30:00+00:00,122431.9,122637.5,121626.4,121845.0,4771.208
2025-10-08 13:45:00+00:00,121845.0,122616.2,121607.8,122540.4,3029.158
2025-10-08 14:00:00+00:00,122540.4,123312.9,122540.3,122761.4,6271.908
2025-10-08 14:15:00+00:00,122761.3,123035.5,122366.3,122543.5,2613.393
2025-10-08 14:30:00+00:00,122543.5,122807.5,122188.1,122416.0,2322.775
2025-10-08 14:45:00+00:00,122416.0,122566.0,122043.1,122268.4,1663.85
2025-10-08 15:00:00+00:00,122268.3,122577.9,122171.1,122438.3,1095.361
2025-10-08 15:15:00+00:00,122438.3,122494.0,122136.7,122399.9,984.911
2025-10-08 15:30:00+00:00,122400.0,122403.1,122178.0,122305.5,593.459
2025-10-08 15:45:00+00:00,122305.5,122305.6,121888.0,122140.1,1528.602
2025-10-08 16:00:00+00:00,122140.1,122682.0,122055.8,122681.9,2083.244
2025-10-08 16:15:00+00:00,122682.0,122877.2,122555.1,122624.3,1515.102
2025-10-08 16:30:00+00:00,122624.2,122692.8,122500.5,122659.4,506.091
2025-10-08 16:45:00+00:00,122659.3,123088.0,122655.3,122999.9,1474.083
2025-10-08 17:00:00+00:00,122999.9,123645.0,122903.8,123614.6,3947.963
2025-10-08 17:15:00+00:00,123614.6,123923.0,123435.4,123747.5,4525.45
2025-10-08 17:30:00+00:00,123747.4,123996.0,123579.9,123718.0,1898.408
2025-10-08 17:45:00+00:00,123718.0,124170.6,123628.0,123985.5,2215.615
2025-10-08 18:00:00+00:00,123985.5,124169.2,123753.8,123809.5,1934.946
2025-10-08 18:15:00+00:00,123809.6,123827.7,123520.0,123561.3,1721.654
2025-10-08 18:30:00+00:00,123561.4,123747.7,123359.7,123505.7,1489.861
2025-10-08 18:45:00+00:00,123505.9,123771.3,123381.9,123389.8,1345.037
2025-10-08 19:00:00+00:00,123389.8,123469.0,123150.0,123192.6,1103.881
2025-10-08 19:15:00+00:00,123192.6,123604.4,123095.0,123577.9,1460.343
2025-10-08 19:30:00+00:00,123577.8,123690.0,123321.0,123372.6,1130.509
2025-10-08 19:45:00+00:00,123372.7,123524.0,123340.5,123381.8,1296.326
2025-10-08 20:00:00+00:00,123381.8,123471.6,123235.6,123434.3,872.867
2025-10-08 20:15:00+00:00,123434.4,123671.5,123423.0,123491.2,685.923
2025-10-08 20:30:00+00:00,123491.2,123515.0,123284.9,123299.1,472.325
2025-10-08 20:45:00+00:00,123299.0,123329.0,122757.5,122784.6,1523.225
2025-10-08 21:00:00+00:00,122784.6,123112.6,122739.7,123033.9,1192.342
2025-10-08 21:15:00+00:00,123034.0,123257.4,123033.9,123215.9,502.995
2025-10-08 21:30:00+00:00,123216.0,123272.2,123206.8,123272.1,202.172
2025-10-08 21:45:00+00:00,123272.1,123272.2,123104.0,123231.4,295.728
2025-10-08 22:00:00+00:00,123231.5,123362.9,123230.1,123295.3,512.231
2025-10-08 22:15:00+00:00,123295.3,123347.2,123209.3,123228.8,208.328
2025-10-08 22:30:00+00:00,123228.8,123300.0,123228.7,123255.3,170.2
2025-10-08 22:45:00+00:00,123255.3,123272.9,123126.1,123126.1,194.989
2025-10-08 23:00:00+00:00,123126.0,123136.6,122981.2,123070.8,403.241
2025-10-08 23:15:00+00:00,123070.8,123420.9,123070.7,123420.9,522.489
2025-10-08 23:30:00+00:00,123421.0,123475.3,123270.6,123290.8,441.114
2025-10-08 23:45:00+00:00,123290.8,123300.0,123235.2,123237.5,310.972
2025-10-09 00:00:00+00:00,123237.4,123279.7,122959.7,123051.7,754.585
2025-10-09 00:15:00+00:00,123051.8,123206.1,122989.6,123000.0,400.39
2025-10-09 00:30:00+00:00,122999.9,123048.7,122801.1,122906.3,642.006
2025-10-09 00:45:00+00:00,122906.3,123062.3,122782.0,122782.0,462.567
2025-10-09 01:00:00+00:00,122782.0,122806.0,122535.0,122576.3,1386.349
2025-10-09 01:15:00+00:00,122576.3,122710.9,122424.2,122471.9,1072.6
2025-10-09 01:30:00+00:00,122471.9,122472.0,122272.7,122284.3,1125.173
2025-10-09 01:45:00+00:00,122284.4,122520.2,122284.4,122496.6,678.95
2025-10-09 02:00:00+00:00,122496.5,122496.6,122004.0,122214.2,1749.583
2025-10-09 02:15:00+00:00,122214.2,122276.7,121907.0,121956.3,1240.953
2025-10-09 02:30:00+00:00,121956.3,122070.0,121535.1,121636.5,2118.806
2025-10-09 02:45:00+00:00,121636.5,121768.9,121411.8,121573.2,1990.726
2025-10-09 03:00:00+00:00,121573.2,121920.0,121558.8,121766.7,1748.868
2025-10-09 03:15:00+00:00,121766.8,122080.7,121766.7,121927.3,1058.362
2025-10-09 03:30:00+00:00,121927.4,122033.3,121841.9,121852.4,549.333
2025-10-09 03:45:00+00:00,121852.3,122000.0,121843.4,121988.4,493.776
2025-10-09 04:00:00+00:00,121988.4,122050.0,121845.2,121850.1,961.248
2025-10-09 04:15:00+00:00,121850.1,122221.0,121850.1,122193.1,916.263
2025-10-09 04:30:00+00:00,122193.1,122193.1,121947.0,121974.3,623.48
2025-10-09 04:45:00+00:00,121974.3,122126.0,121964.3,122087.6,482.314
2025-10-09 05:00:00+00:00,122087.6,122150.4,121863.3,121863.4,629.329
2025-10-09 05:15:00+00:00,121863.3,121980.7,121816.3,121951.2,867.726
2025-10-09 05:30:00+00:00,121951.2,122078.1,121762.2,121908.4,1027.846
2025-10-09 05:45:00+00:00,121908.4,122088.6,121850.0,122052.6,500.948
2025-10-09 06:00:00+00:00,122052.6,122066.4,121850.0,121895.0,586.63
2025-10-09 06:15:00+00:00,121894.9,122093.1,121824.7,122041.3,698.586
2025-10-09 06:30:00+00:00,122041.3,122139.1,121988.0,122060.2,326.731
2025-10-09 06:45:00+00:00,122060.2,122110.9,121810.4,121900.4,688.652
2025-10-09 07:00:00+00:00,121900.3,122006.0,121879.1,121915.2,392.345
2025-10-09 07:15:00+00:00,121915.1,122006.7,121741.1,121812.9,582.343
2025-10-09 07:30:00+00:00,121812.8,121829.1,121657.3,121677.0,765.045
2025-10-09 07:45:00+00:00,121676.9,121946.2,121664.2,121847.9,641.954
2025-10-09 08:00:00+00:00,121847.8,121909.7,121622.5,121675.0,973.908
2025-10-09 08:15:00+00:00,121675.0,121675.1,121136.0,121136.0,3393.26
2025-10-09 08:30:00+00:00,121136.1,121570.9,121102.0,121275.6,2353.581
2025-10-09 08:45:00+00:00,121275.6,121463.3,121081.5,121202.4,1507.668
2025-10-09 09:00:00+00:00,121202.4,121638.0,121202.4,121552.4,1618.277
2025-10-09 09:15:00+00:00,121552.4,121719.5,121463.5,121643.6,913.521
2025-10-09 09:30:00+00:00,121643.7,121768.1,121609.6,121619.6,731.247
2025-10-09 09:45:00+00:00,121619.7,121790.0,121555.0,121753.3,705.536
2025-10-09 10:00:00+00:00,121753.4,121850.0,121695.0,121812.6,570.577
2025-10-09 10:15:00+00:00,121812.6,121829.4,121591.4,121671.3,609.287
2025-10-09 10:30:00+00:00,121671.3,122286.7,121671.2,122168.5,2130.203
2025-10-09 10:45:00+00:00,122168.4,122287.2,122034.0,122106.2,796.811
2025-10-09 11:00:00+00:00,122106.1,122297.0,122106.1,122173.2,796.179
2025-10-09 11:15:00+00:00,122173.1,122721.5,122173.1,122610.0,2187.335
2025-10-09 11:30:00+00:00,122610.1,122777.0,122521.4,122768.5,1163.93
2025-10-09 11:45:00+00:00,122768.4,122768.5,122627.2,122672.9,806.735
2025-10-09 12:00:00+00:00,122673.0,123091.6,122640.3,122967.5,2632.521
2025-10-09 12:15:00+00:00,122967.5,123088.0,122920.3,122961.0,1866.826
2025-10-09 12:30:00+00:00,122961.0,123740.1,122885.2,123481.2,4059.919
2025-10-09 12:45:00+00:00,123481.2,123603.7,123266.3,123500.0,2500.8
2025-10-09 13:00:00+00:00,123500.0,123598.8,123098.7,123190.6,2844.177
2025-10-09 13:15:00+00:00,123190.6,123450.1,123156.1,123408.8,1374.762
2025-10-09 13:30:00+00:00,123408.8,123408.8,122520.0,122707.1,3696.613
2025-10-09 13:45:00+00:00,122707.1,123039.5,122227.7,122357.0,4939.033
2025-10-09 14:00:00+00:00,122357.0,122533.4,121700.1,122377.6,8683.359
2025-10-09 14:15:00+00:00,122377.6,122457.5,121450.0,121621.6,5263.769
2025-10-09 14:30:00+00:00,121621.6,121769.7,121177.3,121206.7,5769.553
2025-10-09 14:45:00+00:00,121206.8,121412.3,120666.9,121235.1,8696.595
2025-10-09 15:00:00+00:00,121235.1,121663.0,121231.2,121278.3,3172.486
2025-10-09 15:15:00+00:00,121278.2,121345.6,120955.0,120981.5,2154.772
2025-10-09 15:30:00+00:00,120981.4,121000.0,120699.9,120739.2,2347.537
2025-10-09 15:45:00+00:00,120739.4,121218.0,120595.5,121079.4,2514.546
2025-10-09 16:00:00+00:00,121079.4,121339.8,121067.2,121177.3,1440.873
2025-10-09 16:15:00+00:00,121177.2,121426.7,120987.8,121189.9,2138.659
2025-10-09 16:30:00+00:00,121189.8,121242.6,120528.0,120743.5,3718.205
2025-10-09 16:45:00+00:00,120743.5,120816.0,119619.0,119752.1,10968.528
2025-10-09 17:00:00+00:00,119752.1,120317.5,119572.8,120201.7,6700.153
2025-10-09 17:15:00+00:00,120201.7,120472.7,120071.4,120205.6,2135.414
2025-10-09 17:30:00+00:00,120205.7,120562.3,120192.0,120400.0,2152.066
2025-10-09 17:45:00+00:00,120399.9,121000.3,120350.0,120915.6,2846.36
2025-10-09 18:00:00+00:00,120915.5,121051.2,120608.2,120702.3,2258.951
2025-10-09 18:15:00+00:00,120702.2,120879.4,120482.3,120635.8,2414.321
2025-10-09 18:30:00+00:00,120635.8,120644.1,120319.0,120548.0,1279.907
2025-10-09 18:45:00+00:00,120548.1,120671.4,120435.5,120600.0,801.923
2025-10-09 19:00:00+00:00,120600.0,120911.4,120600.0,120887.3,983.302
2025-10-09 19:15:00+00:00,120887.3,121060.1,120770.4,121041.4,882.983
2025-10-09 19:30:00+00:00,121041.3,121057.8,120751.2,120785.8,617.001
2025-10-09 19:45:00+00:00,120785.9,121000.0,120782.1,120897.6,667.541
2025-10-09 20:00:00+00:00,120897.6,121104.9,120787.9,120794.6,804.452
2025-10-09 20:15:00+00:00,120794.6,120925.1,120788.7,120830.5,329.874
2025-10-09 20:30:00+00:00,120830.5,120952.1,120830.5,120952.1,212.186
2025-10-09 20:45:00+00:00,120952.1,121147.2,120862.7,121045.4,1056.609
2025-10-09 21:00:00+00:00,121045.3,121345.0,120998.3,121312.4,760.265
2025-10-09 21:15:00+00:00,121312.3,121442.6,121241.8,121268.7,833.039
2025-10-09 21:30:00+00:00,121268.8,121457.2,121178.7,121385.3,567.491
2025-10-09 21:45:00+00:00,121385.3,121435.8,121259.2,121407.8,446.47
2025-10-09 22:00:00+00:00,121407.9,121473.0,121342.0,121411.1,506.809
2025-10-09 22:15:00+00:00,121411.2,121544.5,121388.8,121486.0,674.765
2025-10-09 22:30:00+00:00,121486.1,121636.5,121413.1,121602.4,440.028
2025-10-09 22:45:00+00:00,121602.5,121712.4,121588.2,121619.5,625.143
2025-10-09 23:00:00+00:00,121619.6,121619.6,121370.1,121409.1,783.966
2025-10-09 23:15:00+00:00,121409.0,121488.2,121271.3,121455.1,582.922
2025-10-09 23:30:00+00:00,121455.1,121475.5,121366.0,121475.5,269.608
2025-10-09 23:45:00+00:00,121475.5,121671.1,121448.4,121579.3,756.776
2025-10-10 00:00:00+00:00,121579.4,121690.0,121523.7,121583.8,649.262
2025-10-10 00:15:00+00:00,121583.7,121808.0,121583.7,121808.0,664.386
2025-10-10 00:30:00+00:00,121807.9,121807.9,121634.6,121646.5,461.201
2025-10-10 00:45:00+00:00,121646.5,121738.0,121548.2,121682.2,417.607
2025-10-10 01:00:00+00:00,121682.2,121835.5,121671.9,121758.9,473.473
2025-10-10 01:15:00+00:00,121758.9,121759.0,121589.4,121755.9,447.932
2025-10-10 01:30:00+00:00,121755.9,121769.7,121425.3,121515.0,557.642
2025-10-10 01:45:00+00:00,121514.9,121657.9,121484.6,121575.3,564.403
2025-10-10 02:00:00+00:00,121575.2,121595.4,121155.7,121215.2,3331.513
2025-10-10 02:15:00+00:00,121215.1,121348.1,121184.5,121292.3,811.597
2025-10-10 02:30:00+00:00,121292.3,121303.0,121010.8,121171.0,1524.54
2025-10-10 02:45:00+00:00,121171.1,121229.0,120850.0,121007.2,1616.63
2025-10-10 03:00:00+00:00,121007.1,121061.3,120852.4,121042.3,873.474
2025-10-10 03:15:00+00:00,121042.3,121412.7,121042.3,121389.0,1127.615
2025-10-10 03:30:00+00:00,121389.0,121485.4,121366.3,121454.9,1159.514
2025-10-10 03:45:00+00:00,121455.0,121535.3,120960.4,120960.8,1433.325
2025-10-10 04:00:00+00:00,120960.8,121342.5,120956.8,121310.1,1305.647
2025-10-10 04:15:00+00:00,121310.1,121311.3,121122.1,121240.5,624.877
2025-10-10 04:30:00+00:00,121240.5,121308.5,120989.6,121097.6,819.327
2025-10-10 04:45:00+00:00,121097.6,121235.1,121080.0,121192.7,454.697
2025-10-10 05:00:00+00:00,121192.6,121200.0,120933.7,121050.1,740.283
2025-10-10 05:15:00+00:00,121050.1,121452.5,121038.1,121314.0,787.864
2025-10-10 05:30:00+00:00,121314.1,121388.0,121155.2,121388.0,640.036
2025-10-10 05:45:00+00:00,121388.0,121559.1,121387.9,121529.6,1049.718
2025-10-10 06:00:00+00:00,121529.6,121712.2,121490.2,121524.9,1319.943
2025-10-10 06:15:00+00:00,121524.9,121628.0,121446.1,121466.9,551.793
2025-10-10 06:30:00+00:00,121466.9,121671.2,121417.4,121604.8,638.283
2025-10-10 06:45:00+00:00,121604.8,121678.0,121194.3,121315.0,1093.675
2025-10-10 07:00:00+00:00,121315.1,121315.1,121135.4,121214.2,668.031
2025-10-10 07:15:00+00:00,121214.1,121336.5,121145.4,121261.2,680.991
2025-10-10 07:30:00+00:00,121261.2,121291.1,121050.0,121076.7,802.793
2025-10-10 07:45:00+00:00,121076.6,121085.3,120814.0,120886.1,1458.382
2025-10-10 08:00:00+00:00,120886.1,121149.6,120869.2,121108.5,1097.815
2025-10-10 08:15:00+00:00,121108.5,121275.2,121108.5,121229.4,566.335
2025-10-10 08:30:00+00:00,121229.4,121308.4,121160.3,121220.0,519.839
2025-10-10 08:45:00+00:00,121220.1,121624.4,121220.1,121570.5,785.136
2025-10-10 09:00:00+00:00,121570.5,121602.6,121446.0,121452.4,871.869
2025-10-10 09:15:00+00:00,121452.5,121728.3,121408.1,121679.6,724.14
2025-10-10 09:30:00+00:00,121679.6,121698.6,121591.3,121623.4,553.876
2025-10-10 09:45:00+00:00,121623.5,121682.3,121209.3,121249.9,1334.201
2025-10-10 10:00:00+00:00,121250.0,121350.0,121237.5,121279.5,382.712
2025-10-10 10:15:00+00:00,121279.4,121428.9,121254.2,121270.0,382.015
2025-10-10 10:30:00+00:00,121270.0,121337.1,121163.2,121263.2,640.648
2025-10-10 10:45:00+00:00,121263.1,121489.2,121231.2,121443.4,525.213
2025-10-10 11:00:00+00:00,121443.4,121608.0,121443.3,121470.8,523.381
2025-10-10 11:15:00+00:00,121470.7,121514.4,121361.8,121394.0,378.078
2025-10-10 11:30:00+00:00,121394.0,121518.4,121383.8,121463.0,335.568
2025-10-10 11:45:00+00:00,121463.0,121586.3,121399.7,121493.2,427.727
2025-10-10 12:00:00+00:00,121493.2,121638.7,121400.8,121422.2,726.083
2025-10-10 12:15:00+00:00,121422.2,121519.2,121396.0,121480.9,365.77
2025-10-10 12:30:00+00:00,121480.9,121533.0,121353.7,121403.7,503.021
2025-10-10 12:45:00+00:00,121403.6,121562.3,121403.6,121534.8,402.533
2025-10-10 13:00:00+00:00,121534.8,121870.1,121534.7,121765.5,1583.177
2025-10-10 13:15:00+00:00,121765.5,121999.0,121630.8,121909.9,1631.753
2025-10-10 13:30:00+00:00,121909.9,122497.0,121718.7,122187.1,4182.486
2025-10-10 13:45:00+00:00,122187.2,122253.4,121313.6,121609.1,4236.835
2025-10-10 14:00:00+00:00,121609.1,122000.0,121404.0,121601.5,2505.599
2025-10-10 14:15:00+00:00,121601.4,121630.0,121074.0,121165.1,2714.939
2025-10-10 14:30:00+00:00,121165.1,121400.0,121124.8,121294.8,1110.539
2025-10-10 14:45:00+00:00,121294.8,121360.8,120408.1,120436.4,4819.82
2025-10-10 15:00:00+00:00,120436.3,120583.7,119837.1,120375.1,10463.256
2025-10-10 15:15:00+00:00,120375.0,120454.1,119188.0,119188.0,12469.631
2025-10-10 15:30:00+00:00,119188.0,119544.0,118424.4,119520.1,14385.678
2025-10-10 15:45:00+00:00,119520.0,119560.9,118800.0,118965.3,5001.234
2025-10-10 16:00:00+00:00,118965.2,119185.1,118611.5,118885.6,4007.952
2025-10-10 16:15:00+00:00,118885.5,119199.0,118520.7,119015.0,3640.721
2025-10-10 16:30:00+00:00,119015.0,119403.4,118769.6,118833.6,2895.079
2025-10-10 16:45:00+00:00,118833.5,118842.8,118150.0,118150.0,7581.053
2025-10-10 17:00:00+00:00,118150.0,118379.7,117600.0,117857.1,8012.429
2025-10-10 17:15:00+00:00,117857.0,118201.1,117681.2,118108.6,3360.161
2025-10-10 17:30:00+00:00,118108.6,118142.0,117732.9,117791.2,1681.109
2025-10-10 17:45:00+00:00,117791.1,117883.7,117517.6,117590.8,3440.631
2025-10-10 18:00:00+00:00,117590.8,117771.1,117460.0,117609.8,2881.947
2025-10-10 18:15:00+00:00,117609.8,117825.2,117480.4,117560.1,1600.941
2025-10-10 18:30:00+00:00,117560.0,117658.8,117360.4,117411.2,1562.963
2025-10-10 18:45:00+00:00,117411.2,117599.0,117161.8,117178.5,2412.485
2025-10-10 19:00:00+00:00,117178.5,117300.0,116635.7,116784.7,5653.909
2025-10-10 19:15:00+00:00,116784.6,116887.2,115845.0,116001.3,11072.491
2025-10-10 19:30:00+00:00,116007.8,116944.0,115935.8,116877.7,4863.844
2025-10-10 19:45:00+00:00,116877.7,117051.7,116511.0,116605.3,3174.813
2025-10-10 20:00:00+00:00,116605.2,116850.0,116514.0,116720.3,1587.687
2025-10-10 20:15:00+00:00,116720.3,117122.2,116626.9,117014.0,1929.865
2025-10-10 20:30:00+00:00,117014.0,117145.3,116712.9,116970.0,1413.703
2025-10-10 20:45:00+00:00,116970.1,117040.3,112786.6,114198.0,26562.594
2025-10-10 21:00:00+00:00,114200.4,115075.6,109069.0,112137.6,27883.198
2025-10-10 21:15:00+00:00,112137.6,112539.5,101516.5,109183.0,69613.76
2025-10-10 21:30:00+00:00,109183.0,112387.3,108668.3,111243.1,18205.499
2025-10-10 21:45:00+00:00,111243.0,113757.0,111233.6,113253.6,16147.762
2025-10-10 22:00:00+00:00,113253.6,113700.0,111020.4,113639.5,13102.261
2025-10-10 22:15:00+00:00,113639.6,113750.0,112037.9,112329.3,8416.486
2025-10-10 22:30:00+00:00,112329.3,113215.2,112044.0,113143.8,6512.346
2025-10-10 22:45:00+00:00,113143.8,114071.0,113143.7,113606.3,6876.17
2025-10-10 23:00:00+00:00,113606.2,113778.9,112700.0,112995.3,3568.573
2025-10-10 23:15:00+00:00,112995.3,113798.0,112752.1,113704.2,3990.195
2025-10-10 23:30:00+00:00,113704.2,114829.7,113517.2,114552.2,5187.422
2025-10-10 23:45:00+00:00,114552.2,114567.0,112688.0,112714.9,6222.222
2025-10-11 00:00:00+00:00,112715.0,112986.8,112200.0,112314.1,4736.083
2025-10-11 00:15:00+00:00,112314.1,112435.1,111580.0,112416.0,4720.659
2025-10-11 00:30:00+00:00,112416.0,112640.0,112021.0,112582.1,2904.944
2025-10-11 00:45:00+00:00,112582.0,113142.7,112462.0,112463.3,2219.053
2025-10-11 01:00:00+00:00,112463.3,112489.9,111897.8,111903.3,1666.297
2025-10-11 01:15:00+00:00,111903.3,111986.4,111147.7,111233.2,3295.55
2025-10-11 01:30:00+00:00,111233.2,111940.0,111129.0,111207.8,2676.233
2025-10-11 01:45:00+00:00,111207.9,111591.4,110987.0,111060.0,2597.667
2025-10-11 02:00:00+00:00,111060.0,111995.8,111045.5,111910.3,2919.491
2025-10-11 02:15:00+00:00,111910.2,112409.0,111834.5,112154.9,2693.674
2025-10-11 02:30:00+00:00,112154.9,113206.0,112128.7,113152.3,2787.215
2025-10-11 02:45:00+00:00,113152.3,113273.3,112950.0,113175.4,3144.239
2025-10-11 03:00:00+00:00,113175.3,113300.1,112071.1,112333.2,3188.663
2025-10-11 03:15:00+00:00,112333.3,112387.7,111808.3,111826.1,2192.697
2025-10-11 03:30:00+00:00,111826.0,112151.6,111750.0,111843.9,2023.434
2025-10-11 03:45:00+00:00,111843.9,112375.2,111790.7,112261.9,1256.279
2025-10-11 04:00:00+00:00,112261.6,112483.4,112024.4,112388.1,1064.886
2025-10-11 04:15:00+00:00,112388.2,112560.5,112023.1,112233.6,1393.043
2025-10-11 04:30:00+00:00,112233.6,112261.6,111633.2,112076.5,1504.146
2025-10-11 04:45:00+00:00,112076.6,112931.9,111890.4,112905.3,2061.996
2025-10-11 05:00:00+00:00,112905.3,112908.8,112511.6,112612.9,1495.28
2025-10-11 05:15:00+00:00,112613.0,112630.0,111982.5,111982.6,2697.606
2025-10-11 05:30:00+00:00,111982.5,112228.4,111982.5,111993.7,1249.085
2025-10-11 05:45:00+00:00,111993.6,112498.7,111986.8,112338.3,990.716
2025-10-11 06:00:00+00:00,112338.2,112579.5,112056.0,112327.6,987.224
2025-10-11 06:15:00+00:00,112327.5,112718.9,112260.2,112638.3,875.074
2025-10-11 06:30:00+00:00,112638.3,112641.1,112029.5,112093.3,1066.986
2025-10-11 06:45:00+00:00,112094.1,112265.7,111982.5,112000.0,1310.874
2025-10-11 07:00:00+00:00,112000.1,112050.0,110894.2,111344.6,7865.686
2025-10-11 07:15:00+00:00,111344.7,111344.7,110604.0,110693.2,5570.649
2025-10-11 07:30:00+00:00,110693.2,110949.2,110450.0,110573.6,3467.519
2025-10-11 07:45:00+00:00,110573.6,110635.4,110022.0,110338.7,4419.494
2025-10-11 08:00:00+00:00,110338.7,110471.8,110100.5,110220.0,2049.634
2025-10-11 08:15:00+00:00,110219.9,111080.0,110207.8,110909.9,3042.452
2025-10-11 08:30:00+00:00,110909.9,111276.0,110666.8,111201.2,1446.219
2025-10-11 08:45:00+00:00,111201.2,111497.2,111201.1,111273.7,1556.607
2025-10-11 09:00:00+00:00,111273.7,111633.3,111212.6,111495.0,1835.889
2025-10-11 09:15:00+00:00,111495.0,111748.4,111389.7,111713.2,1324.892
2025-10-11 09:30:00+00:00,111713.3,111855.5,111417.9,111776.5,1360.088
2025-10-11 09:45:00+00:00,111776.6,111789.7,111528.6,111576.8,1107.612
2025-10-11 10:00:00+00:00,111576.9,111930.2,111571.3,111840.5,1112.493
2025-10-11 10:15:00+00:00,111840.4,112142.0,111683.3,112141.9,2161.898
2025-10-11 10:30:00+00:00,112141.9,112214.8,111893.4,111962.6,1265.895
2025-10-11 10:45:00+00:00,111962.6,112133.6,111934.9,112063.2,667.818
2025-10-11 11:00:00+00:00,112063.1,112095.3,111837.3,111974.5,861.182
2025-10-11 11:15:00+00:00,111974.4,112307.6,111632.0,112290.1,2001.641
2025-10-11 11:30:00+00:00,112290.1,112300.0,112103.9,112269.0,904.081
2025-10-11 11:45:00+00:00,112269.0,112300.0,112043.8,112224.6,794.589
2025-10-11 12:00:00+00:00,112224.6,112266.2,111976.3,112039.2,957.44
2025-10-11 12:15:00+00:00,112039.3,112423.0,112017.7,112423.0,963.937
2025-10-11 12:30:00+00:00,112422.9,112423.0,112142.0,112242.9,909.736
2025-10-11 12:45:00+00:00,112243.5,112339.8,112100.5,112319.6,750.464
2025-10-11 13:00:00+00:00,112319.6,112464.5,112109.5,112450.1,788.229
2025-10-11 13:15:00+00:00,112450.1,112466.2,112226.0,112282.5,848.809
2025-10-11 13:30:00+00:00,112282.6,112326.1,111810.6,112111.6,2419.531
2025-10-11 13:45:00+00:00,112111.5,112299.9,112017.7,112208.6,919.22
2025-10-11 14:00:00+00:00,112208.7,112297.1,112090.1,112153.8,850.195
2025-10-11 14:15:00+00:00,112153.7,112253.6,111911.0,111989.8,1189.849
2025-10-11 14:30:00+00:00,111989.8,112142.0,111879.9,112013.4,1082.022
2025-10-11 14:45:00+00:00,112013.4,112036.6,111823.8,111934.5,929.292
2025-10-11 15:00:00+00:00,111934.5,112342.2,111911.0,112230.9,1244.791
2025-10-11 15:15:00+00:00,112230.9,112315.8,112142.0,112150.0,916.082
2025-10-11 15:30:00+00:00,112150.0,112181.1,111884.8,111885.4,889.672
2025-10-11 15:45:00+00:00,111885.3,112017.7,111740.8,111744.4,1039.629
2025-10-11 16:00:00+00:00,111744.4,112046.4,111744.4,112000.1,826.951
2025-10-11 16:15:00+00:00,112000.0,112013.1,111729.0,111757.7,844.429
2025-10-11 16:30:00+00:00,111757.6,111792.4,111353.1,111471.8,2029.536
2025-10-11 16:45:00+00:00,111471.6,111852.0,111400.6,111803.8,1073.143
2025-10-11 17:00:00+00:00,111803.8,112015.4,111666.0,112004.1,797.071
2025-10-11 17:15:00+00:00,112004.2,112142.0,111976.3,112071.5,887.512
2025-10-11 17:30:00+00:00,112071.4,112129.5,111908.3,111997.2,881.472
2025-10-11 17:45:00+00:00,111997.2,112042.0,111799.6,111944.5,704.286
2025-10-11 18:00:00+00:00,111944.5,111976.0,111776.7,111844.0,558.04
2025-10-11 18:15:00+00:00,111843.9,111923.4,111787.3,111835.1,412.492
2025-10-11 18:30:00+00:00,111835.1,111919.2,111800.0,111876.9,316.24
2025-10-11 18:45:00+00:00,111876.8,111915.6,111811.4,111907.2,282.293
2025-10-11 19:00:00+00:00,111907.2,111980.0,111205.9,111518.2,1778.875
2025-10-11 19:15:00+00:00,111518.3,111577.1,110934.9,111334.3,2978.65
2025-10-11 19:30:00+00:00,111334.3,111370.5,110978.1,111004.1,1187.965
2025-10-11 19:45:00+00:00,111004.1,111160.3,110800.1,111126.7,1551.682
2025-10-11 20:00:00+00:00,111126.6,111333.5,110693.1,110824.4,1865.114
2025-10-11 20:15:00+00:00,110824.5,110900.0,110430.0,110569.2,1777.261
2025-10-11 20:30:00+00:00,110569.2,110580.8,110249.4,110290.0,2017.151
2025-10-11 20:45:00+00:00,110289.6,110800.0,109600.0,110184.8,4293.06
2025-10-11 21:00:00+00:00,110184.8,110307.3,109501.0,109994.9,2603.129
2025-10-11 21:15:00+00:00,109995.0,110823.4,109876.7,110731.1,2441.028
2025-10-11 21:30:00+00:00,110731.2,110920.0,110513.6,110634.9,929.97
2025-10-11 21:45:00+00:00,110634.9,110953.8,110634.9,110832.7,471.508
2025-10-11 22:00:00+00:00,110832.6,110990.0,110687.4,110883.7,1071.825
2025-10-11 22:15:00+00:00,110883.7,110925.0,110584.3,110871.7,843.313
2025-10-11 22:30:00+00:00,110871.8,111247.6,110839.0,111033.2,1229.279
2025-10-11 22:45:00+00:00,111033.1,111140.7,110937.5,110978.8,668.62
2025-10-11 23:00:00+00:00,110978.8,111060.8,110750.1,110836.9,868.514
2025-10-11 23:15:00+00:00,110836.9,110956.3,110761.3,110894.8,667.854
2025-10-11 23:30:00+00:00,110894.8,110938.5,110723.3,110788.5,746.703
2025-10-11 23:45:00+00:00,110788.5,110833.7,110576.8,110579.1,832.294
2025-10-12 00:00:00+00:00,110579.1,110613.7,110226.9,110259.9,1644.509
2025-10-12 00:15:00+00:00,110259.9,110443.2,109844.6,109870.9,1809.027
2025-10-12 00:30:00+00:00,109870.9,110422.8,109625.0,109682.0,2149.976
2025-10-12 00:45:00+00:00,109682.0,109862.9,109509.3,109600.7,1547.287
2025-10-12 01:00:00+00:00,109600.7,109983.6,109589.5,109972.4,1527.092
2025-10-12 01:15:00+00:00,109972.3,110084.0,109630.0,109911.9,1484.917
2025-10-12 01:30:00+00:00,109912.0,110190.4,109758.9,109950.0,1850.171
2025-10-12 01:45:00+00:00,109950.0,110275.0,109800.0,109928.6,1768.25
2025-10-12 02:00:00+00:00,109928.6,110244.1,109803.0,110089.8,2305.319
2025-10-12 02:15:00+00:00,110089.8,110493.3,110086.2,110402.5,1792.692
2025-10-12 02:30:00+00:00,110402.6,110670.5,109900.0,110206.0,2439.236
2025-10-12 02:45:00+00:00,110206.0,110210.7,109544.2,110072.2,2711.472
2025-10-12 03:00:00+00:00,110072.2,111424.0,109950.0,110670.0,4393.184
2025-10-12 03:15:00+00:00,110669.9,111050.8,110472.2,110924.7,2122.138
2025-10-12 03:30:00+00:00,110924.7,111186.6,110800.0,110903.9,1501.633
2025-10-12 03:45:00+00:00,110903.8,110903.8,110556.7,110643.3,977.607
2025-10-12 04:00:00+00:00,110643.3,111030.0,110561.8,111028.5,831.979
2025-10-12 04:15:00+00:00,111028.6,111180.6,110968.0,111075.6,873.455
2025-10-12 04:30:00+00:00,111075.6,111494.5,111075.6,111450.2,1485.98
2025-10-12 04:45:00+00:00,111450.2,111909.5,111326.4,111486.1,2891.034
2025-10-12 05:00:00+00:00,111486.1,111486.2,111142.8,111250.0,1254.696
2025-10-12 05:15:00+00:00,111250.0,111537.5,111250.0,111533.9,770.798
2025-10-12 05:30:00+00:00,111533.9,111577.8,111372.1,111477.7,724.514
2025-10-12 05:45:00+00:00,111477.6,111755.7,111475.8,111642.4,986.045
2025-10-12 06:00:00+00:00,111642.4,111800.1,111546.0,111766.1,855.038
2025-10-12 06:15:00+00:00,111766.2,112110.0,111644.9,111866.8,1626.026
2025-10-12 06:30:00+00:00,111866.8,111866.8,111568.1,111668.4,1018.351
2025-10-12 06:45:00+00:00,111668.4,111850.0,111604.9,111634.8,1009.665
2025-10-12 07:00:00+00:00,111634.9,111739.4,111525.4,111525.4,988.484
2025-10-12 07:15:00+00:00,111525.5,111884.8,111490.7,111555.7,1475.036
2025-10-12 07:30:00+00:00,111555.7,111683.2,111445.0,111521.5,1219.618
2025-10-12 07:45:00+00:00,111521.5,111626.6,111433.7,111464.0,736.892
2025-10-12 08:00:00+00:00,111463.9,111650.0,111418.8,111465.3,1210.328
2025-10-12 08:15:00+00:00,111465.4,111746.2,111465.3,111712.2,1026.747
2025-10-12 08:30:00+00:00,111712.2,111712.2,111533.4,111546.0,1290.877
2025-10-12 08:45:00+00:00,111546.0,111564.4,111233.0,111244.1,2257.587
2025-10-12 09:00:00+00:00,111244.0,111244.1,111070.4,111136.3,1451.856
2025-10-12 09:15:00+00:00,111136.4,111370.9,111136.3,111331.9,785.539
2025-10-12 09:30:00+00:00,111331.8,111553.6,111280.3,111553.6,567.072
2025-10-12 09:45:00+00:00,111553.6,111854.0,111455.2,111772.1,1442.793
2025-10-12 10:00:00+00:00,111772.2,111963.9,111664.1,111778.3,1792.149
2025-10-12 10:15:00+00:00,111778.2,111793.0,111479.5,111541.3,867.492
2025-10-12 10:30:00+00:00,111541.3,111576.3,111377.5,111517.3,710.752
2025-10-12 10:45:00+00:00,111517.3,111658.6,111445.1,111589.7,686.583
2025-10-12 11:00:00+00:00,111589.7,111850.1,111407.1,111797.9,1082.239
2025-10-12 11:15:00+00:00,111797.9,111800.8,111492.9,111669.4,812.824
2025-10-12 11:30:00+00:00,111669.4,112084.3,111602.2,111901.9,2161.581
2025-10-12 11:45:00+00:00,111902.0,111950.0,111699.0,111783.8,1033.992
2025-10-12 12:00:00+00:00,111783.8,112191.5,111767.6,112050.5,2074.656
2025-10-12 12:15:00+00:00,112050.6,112066.8,111853.8,111930.6,1502.645
2025-10-12 12:30:00+00:00,111930.6,111955.2,111620.3,111764.0,1296.945
2025-10-12 12:45:00+00:00,111764.1,111764.1,111470.9,111711.3,1293.534
2025-10-12 13:00:00+00:00,111711.3,111877.7,111543.2,111856.0,1144.985
2025-10-12 13:15:00+00:00,111856.0,111875.0,111493.7,111611.6,1202.287
2025-10-12 13:30:00+00:00,111611.5,111747.8,111342.7,111743.6,2547.718
2025-10-12 13:45:00+00:00,111743.6,111767.7,111191.1,111238.1,2488.692
2025-10-12 14:00:00+00:00,111238.1,111443.5,111150.7,111357.6,1614.731
2025-10-12 14:15:00+00:00,111357.7,111485.8,111260.1,111405.4,1282.137
2025-10-12 14:30:00+00:00,111405.5,111430.0,111111.0,111339.2,1510.886
2025-10-12 14:45:00+00:00,111339.2,112929.0,111300.4,112260.0,16853.32
2025-10-12 15:00:00+00:00,112260.1,113371.6,111996.9,113140.6,10373.202
2025-10-12 15:15:00+00:00,113140.6,113687.6,112803.8,113100.0,6578.804
2025-10-12 15:30:00+00:00,113100.0,113107.6,112331.2,112600.1,5884.327
2025-10-12 15:45:00+00:00,112600.0,113225.0,112600.0,113119.0,2915.582
2025-10-12 16:00:00+00:00,113119.0,114243.8,113119.0,113822.6,6988.299
2025-10-12 16:15:00+00:00,113823.0,113857.3,113400.0,113568.1,3307.552
2025-10-12 16:30:00+00:00,113568.1,114222.5,113290.0,114171.5,3907.75
2025-10-12 16:45:00+00:00,114171.5,114654.5,113785.2,113993.4,7122.245
2025-10-12 17:00:00+00:00,113993.4,114396.5,113789.5,114223.7,3697.918
2025-10-12 17:15:00+00:00,114223.7,114380.0,114167.5,114262.7,2058.433
2025-10-12 17:30:00+00:00,114262.7,114332.9,113925.5,114264.4,2435.192
2025-10-12 17:45:00+00:00,114264.4,114300.0,113400.0,113729.4,3704.115
2025-10-12 18:00:00+00:00,113729.4,114183.1,113700.1,113964.2,1805.037
2025-10-12 18:15:00+00:00,113964.1,114110.0,113764.1,113823.8,1554.192
2025-10-12 18:30:00+00:00,113823.7,113944.1,113463.2,113554.5,1714.427
2025-10-12 18:45:00+00:00,113554.4,113846.2,113484.5,113815.9,1149.27
2025-10-12 19:00:00+00:00,113816.0,114320.0,113754.8,114300.1,1558.486
2025-10-12 19:15:00+00:00,114300.1,114346.2,114135.6,114236.4,1243.253
2025-10-12 19:30:00+00:00,114236.4,114338.5,114028.8,114125.3,901.023
2025-10-12 19:45:00+00:00,114125.3,114300.0,114059.0,114288.7,898.557
2025-10-12 20:00:00+00:00,114288.8,114762.9,114288.7,114547.4,2262.652
2025-10-12 20:15:00+00:00,114547.4,115305.8,114496.0,115175.0,3378.369
2025-10-12 20:30:00+00:00,115175.0,115400.0,114889.5,115043.8,3546.35
2025-10-12 20:45:00+00:00,115043.8,115222.2,114839.4,114864.5,2202.508
2025-10-12 21:00:00+00:00,114864.4,115594.6,114578.0,115326.5,3633.763
2025-10-12 21:15:00+00:00,115326.5,115350.0,114632.7,114904.7,2790.115
2025-10-12 21:30:00+00:00,114904.7,114916.5,114200.0,114570.9,3276.139
2025-10-12 21:45:00+00:00,114570.9,114910.7,114450.0,114822.0,911.024
2025-10-12 22:00:00+00:00,114822.0,115730.3,114822.0,115311.6,7665.206
2025-10-12 22:15:00+00:00,115311.6,115550.0,115100.4,115169.6,2821.763
2025-10-12 22:30:00+00:00,115169.5,115349.8,115037.9,115327.2,1935.333
2025-10-12 22:45:00+00:00,115327.3,115486.0,115133.8,115160.7,1608.326
2025-10-12 23:00:00+00:00,115160.7,115200.0,114679.0,114833.0,2890.116
2025-10-12 23:15:00+00:00,114833.1,115273.7,114676.1,115177.0,1621.666
2025-10-12 23:30:00+00:00,115177.0,115298.3,114777.0,114908.7,1452.885
2025-10-12 23:45:00+00:00,114908.7,115092.8,114830.3,114894.4,1369.09
2025-10-13 00:00:00+00:00,114894.5,115155.0,114703.9,115155.0,2191.393
2025-10-13 00:15:00+00:00,115155.0,115844.8,115131.1,115131.1,4246.203
2025-10-13 00:30:00+00:00,115131.1,115160.0,114888.0,115063.0,2502.855
2025-10-13 00:45:00+00:00,115063.0,115424.4,114903.5,115220.0,2408.851
2025-10-13 01:00:00+00:00,115220.0,115329.5,115021.6,115111.4,2646.789
2025-10-13 01:15:00+00:00,115111.5,115600.0,115010.2,115538.8,2296.08
2025-10-13 01:30:00+00:00,115538.8,115700.0,115432.0,115603.7,1889.78
2025-10-13 01:45:00+00:00,115603.8,115680.0,115490.0,115638.0,1192.166
2025-10-13 02:00:00+00:00,115638.0,115912.0,115186.0,115264.1,2876.439
2025-10-13 02:15:00+00:00,115264.0,115302.9,114941.0,115155.5,2449.373
2025-10-13 02:30:00+00:00,115155.6,115377.2,115123.0,115263.2,1260.239
2025-10-13 02:45:00+00:00,115263.1,115428.4,115214.4,115275.0,1167.053
2025-10-13 03:00:00+00:00,115275.0,115573.7,115219.4,115413.6,1303.133
2025-10-13 03:15:00+00:00,115413.6,115413.6,115053.4,115101.8,1316.005
2025-10-13 03:30:00+00:00,115101.9,115158.9,114722.2,114811.3,2074.54
2025-10-13 03:45:00+00:00,114811.4,114845.5,114566.1,114773.6,2045.18
2025-10-13 04:00:00+00:00,114773.5,114958.0,114610.2,114682.4,1462.496
2025-10-13 04:15:00+00:00,114682.5,114800.0,114560.0,114605.7,1546.219
2025-10-13 04:30:00+00:00,114605.7,114953.4,114542.8,114571.4,2542.422
2025-10-13 04:45:00+00:00,114571.5,114681.2,114357.2,114656.6,3180.264
2025-10-13 05:00:00+00:00,114656.5,114719.8,114458.1,114690.1,1243.167
2025-10-13 05:15:00+00:00,114690.0,114785.8,114500.0,114661.3,1079.837
2025-10-13 05:30:00+00:00,114661.3,114693.2,114482.9,114527.5,1257.718
2025-10-13 05:45:00+00:00,114527.5,114633.8,114492.4,114570.2,796.307
2025-10-13 06:00:00+00:00,114570.1,114796.9,114369.2,114734.3,1241.281
2025-10-13 06:15:00+00:00,114734.4,115077.3,114712.9,115048.6,2237.373
2025-10-13 06:30:00+00:00,115048.0,115333.2,114931.1,114958.8,1710.23
2025-10-13 06:45:00+00:00,114958.8,115251.6,114852.8,115168.4,1610.762
2025-10-13 07:00:00+00:00,115168.4,115450.4,114970.8,115349.5,2283.793
2025-10-13 07:15:00+00:00,115349.5,115500.0,115268.5,115440.9,1605.577
2025-10-13 07:30:00+00:00,115440.9,115494.7,115287.0,115376.1,1520.125
2025-10-13 07:45:00+00:00,115376.0,115376.0,115025.0,115341.7,1698.978
2025-10-13 08:00:00+00:00,115341.7,115350.0,115112.0,115250.9,1516.829
2025-10-13 08:15:00+00:00,115251.0,115339.8,115070.1,115217.6,1439.827
2025-10-13 08:30:00+00:00,115217.6,115366.6,115109.3,115144.8,950.755
2025-10-13 08:45:00+00:00,115144.8,115376.3,115100.0,115193.8,813.481
2025-10-13 09:00:00+00:00,115193.7,115193.8,114682.8,114749.3,2357.613
2025-10-13 09:15:00+00:00,114749.3,114944.9,114731.0,114888.0,1194.657
2025-10-13 09:30:00+00:00,114887.9,115107.2,114858.8,115051.4,1142.593
2025-10-13 09:45:00+00:00,115051.3,115130.4,115021.6,115057.2,774.379
2025-10-13 10:00:00+00:00,115057.2,115098.9,114876.4,114926.4,1064.715
2025-10-13 10:15:00+00:00,114926.5,115000.0,114760.0,114834.4,1077.182
2025-10-13 10:30:00+00:00,114834.4,114882.3,114670.1,114724.0,1391.742
2025-10-13 10:45:00+00:00,114723.9,114919.5,114700.0,114754.8,902.648
2025-10-13 11:00:00+00:00,114754.7,114754.7,114105.0,114498.0,5159.903
2025-10-13 11:15:00+00:00,114498.0,114561.6,113600.5,113618.3,5078.251
2025-10-13 11:30:00+00:00,113612.3,114167.7,113612.3,114040.7,3442.969
2025-10-13 11:45:00+00:00,114040.7,114338.0,113928.3,114129.3,1623.862
2025-10-13 12:00:00+00:00,114129.2,114440.2,113871.8,114320.6,2415.255
2025-10-13 12:15:00+00:00,114320.6,114331.4,114134.9,114293.2,1490.872
2025-10-13 12:30:00+00:00,114293.3,114615.7,114202.5,114472.6,2051.374
2025-10-13 12:45:00+00:00,114472.6,114707.0,114270.0,114360.0,2107.633
2025-10-13 13:00:00+00:00,114359.9,114653.0,114185.7,114316.5,3026.951
2025-10-13 13:15:00+00:00,114316.5,114516.6,114160.5,114285.5,1771.371
2025-10-13 13:30:00+00:00,114285.6,115488.9,114261.4,114902.3,9664.118
2025-10-13 13:45:00+00:00,114902.2,115348.0,114376.5,115291.5,4603.358
2025-10-13 14:00:00+00:00,115291.4,115420.1,114806.1,114898.2,3723.049
2025-10-13 14:15:00+00:00,114898.1,115012.0,114100.0,114254.9,4633.373
2025-10-13 14:30:00+00:00,114254.8,114744.2,113899.0,114484.4,4322.432
2025-10-13 14:45:00+00:00,114484.4,114552.8,113721.2,113973.6,3401.183
2025-10-13 15:00:00+00:00,113973.5,114545.0,113917.4,114356.8,2613.193
2025-10-13 15:15:00+00:00,114356.7,114526.8,114134.1,114192.3,2319.266
2025-10-13 15:30:00+00:00,114192.4,114497.8,114057.4,114127.0,1868.066
2025-10-13 15:45:00+00:00,114127.1,114683.5,114127.0,114260.7,2238.72
2025-10-13 16:00:00+00:00,114260.8,115139.0,114200.1,114842.2,4668.02
2025-10-13 16:15:00+00:00,114842.2,114903.1,114323.7,114378.6,3110.141
2025-10-13 16:30:00+00:00,114378.6,114530.8,114280.4,114329.1,1845.251
2025-10-13 16:45:00+00:00,114329.1,114745.1,114300.0,114596.6,1769.303
2025-10-13 17:00:00+00:00,114596.6,114941.5,114392.7,114519.7,2455.209
2025-10-13 17:15:00+00:00,114519.7,114629.3,114390.0,114499.8,1323.136
2025-10-13 17:30:00+00:00,114499.9,114661.9,114367.6,114401.7,1696.048
2025-10-13 17:45:00+00:00,114401.7,115025.0,114151.0,114990.1,2641.29
2025-10-13 18:00:00+00:00,114990.1,115050.7,114653.2,114699.9,3658.115
2025-10-13 18:15:00+00:00,114699.9,115268.0,114695.3,115208.6,2584.511
2025-10-13 18:30:00+00:00,115208.7,115332.7,114908.8,115146.1,1826.83
2025-10-13 18:45:00+00:00,115146.1,115227.2,114952.8,115107.7,1916.328
2025-10-13 19:00:00+00:00,115107.7,115230.0,115011.6,115230.0,1434.377
2025-10-13 19:15:00+00:00,115230.0,115694.9,115159.9,115544.5,3563.457
2025-10-13 19:30:00+00:00,115544.5,115660.0,115421.2,115644.7,1566.345
2025-10-13 19:45:00+00:00,115644.7,115827.6,115541.6,115726.6,2696.343
2025-10-13 20:00:00+00:00,115726.6,115817.4,115467.3,115583.1,1189.139
2025-10-13 20:15:00+00:00,115583.0,115604.0,115420.0,115426.2,989.234
2025-10-13 20:30:00+00:00,115426.1,115493.2,115323.9,115395.4,900.92
2025-10-13 20:45:00+00:00,115395.4,115684.4,115388.3,115656.9,1050.159
2025-10-13 21:00:00+00:00,115656.9,115741.3,115491.8,115570.8,868.657
2025-10-13 21:15:00+00:00,115570.8,115722.3,115493.1,115569.6,629.491
2025-10-13 21:30:00+00:00,115569.6,115632.9,115549.0,115554.8,373.862
2025-10-13 21:45:00+00:00,115554.9,115651.1,115536.4,115651.0,222.278
2025-10-13 22:00:00+00:00,115651.1,115777.2,115613.1,115684.5,929.755
2025-10-13 22:15:00+00:00,115684.6,115720.0,115506.2,115517.4,604.363
2025-10-13 22:30:00+00:00,115517.4,115545.8,115371.3,115505.5,675.308
2025-10-13 22:45:00+00:00,115505.5,115525.2,115404.2,115443.3,568.017
2025-10-13 23:00:00+00:00,115443.2,115443.3,115230.4,115286.8,1133.654
2025-10-13 23:15:00+00:00,115286.8,115368.5,115256.2,115326.4,654.154
2025-10-13 23:30:00+00:00,115326.5,115368.0,115000.0,115135.2,1708.261
2025-10-13 23:45:00+00:00,115135.2,115154.6,114930.1,115111.9,1680.579
2025-10-14 00:00:00+00:00,115112.0,115177.3,114992.6,115170.1,1204.544
2025-10-14 00:15:00+00:00,115170.0,115327.8,115077.4,115150.3,1493.773
2025-10-14 00:30:00+00:00,115150.2,115360.2,115033.1,115107.7,1366.565
2025-10-14 00:45:00+00:00,115107.8,115107.8,114800.1,114904.1,1646.64
2025-10-14 01:00:00+00:00,114904.0,114937.8,114463.5,114626.4,2342.273
2025-10-14 01:15:00+00:00,114626.4,114722.1,114461.3,114512.7,1408.617
2025-10-14 01:30:00+00:00,114512.6,114539.4,114401.0,114461.6,854.478
2025-10-14 01:45:00+00:00,114461.6,114463.8,114073.4,114216.2,1665.016
2025-10-14 02:00:00+00:00,114216.1,114237.5,114035.2,114036.8,1486.11
2025-10-14 02:15:00+00:00,114036.8,114085.7,113832.0,113958.3,2175.798
2025-10-14 02:30:00+00:00,113958.3,114055.0,113703.6,113796.8,1487.59
2025-10-14 02:45:00+00:00,113796.9,113915.6,113566.1,113566.2,3269.481
2025-10-14 03:00:00+00:00,113566.1,113581.7,113210.6,113440.5,4522.819
2025-10-14 03:15:00+00:00,113440.6,113633.9,113250.0,113267.6,3370.159
2025-10-14 03:30:00+00:00,113267.6,113479.0,113260.6,113435.9,1732.256
2025-10-14 03:45:00+00:00,113436.0,113639.0,113368.0,113441.0,1842.077
2025-10-14 04:00:00+00:00,113440.9,113534.3,113160.7,113375.4,2674.77
2025-10-14 04:15:00+00:00,113375.5,113494.7,113211.0,113434.1,2056.26
2025-10-14 04:30:00+00:00,113434.2,113434.2,113031.0,113129.4,3173.676
2025-10-14 04:45:00+00:00,113129.4,113149.7,112718.0,113012.9,5808.012
2025-10-14 05:00:00+00:00,113012.9,113677.9,112950.0,113463.9,6196.225
2025-10-14 05:15:00+00:00,113464.0,113499.8,112926.4,112975.7,4592.551
2025-10-14 05:30:00+00:00,112975.7,113061.4,112300.1,112445.4,8280.325
2025-10-14 05:45:00+00:00,112445.4,112647.5,112325.2,112438.3,3015.461
2025-10-14 06:00:00+00:00,112438.3,112650.0,112419.0,112505.9,2016.226
2025-10-14 06:15:00+00:00,112501.7,112501.7,112200.7,112237.3,3042.696
2025-10-14 06:30:00+00:00,112237.3,112391.1,111750.0,111786.2,5123.53
2025-10-14 06:45:00+00:00,111786.1,112113.6,111302.0,111933.5,7108.008
2025-10-14 07:00:00+00:00,111933.4,112111.0,111605.2,111906.4,3303.936
2025-10-14 07:15:00+00:00,111906.3,112147.3,111750.0,112030.0,2644.156
2025-10-14 07:30:00+00:00,112030.0,112035.3,111450.6,111611.6,4320.618
2025-10-14 07:45:00+00:00,111611.5,111720.0,111412.5,111665.2,2856.424
2025-10-14 08:00:00+00:00,111665.2,111870.6,111456.0,111826.5,3314.604
2025-10-14 08:15:00+00:00,111826.6,111947.2,111600.0,111917.0,2039.457
2025-10-14 08:30:00+00:00,111917.1,112100.1,111850.1,112021.7,2419.993
2025-10-14 08:45:00+00:00,112021.6,112057.7,111677.0,111748.1,1252.545
2025-10-14 09:00:00+00:00,111748.1,111950.0,111692.3,111714.1,1338.428
2025-10-14 09:15:00+00:00,111714.1,111838.3,111561.7,111703.1,1865.377
2025-10-14 09:30:00+00:00,111703.1,111838.4,111350.0,111463.1,1657.451
2025-10-14 09:45:00+00:00,111463.2,111496.0,111002.8,111237.4,4830.102
2025-10-14 10:00:00+00:00,111237.4,111286.2,110794.3,110892.7,2707.566
2025-10-14 10:15:00+00:00,110892.6,110911.3,110270.3,110315.5,5214.177
2025-10-14 10:30:00+00:00,110315.6,110625.8,109969.2,110321.1,5738.046
2025-10-14 10:45:00+00:00,110321.1,110654.5,110126.7,110573.9,1767.052
2025-10-14 11:00:00+00:00,110573.9,111292.4,110552.3,111280.0,4077.133
2025-10-14 11:15:00+00:00,111280.0,111560.7,111155.0,111407.5,2950.336
2025-10-14 11:30:00+00:00,111407.4,111561.2,111209.7,111261.4,2411.23
2025-10-14 11:45:00+00:00,111261.4,111465.0,111185.6,111241.4,1217.234
2025-10-14 12:00:00+00:00,111241.4,111291.9,110875.2,111194.7,2149.112
2025-10-14 12:15:00+00:00,111194.8,111216.4,110900.0,111192.5,1177.122
2025-10-14 12:30:00+00:00,111192.4,111228.4,110715.8,110824.2,1508.197
2025-10-14 12:45:00+00:00,110824.3,111075.3,110675.0,110741.1,1245.694
2025-10-14 13:00:00+00:00,110741.2,110907.9,110400.0,110655.7,1655.989
2025-10-14 13:15:00+00:00,110656.0,110750.0,110285.7,110716.8,2781.602
2025-10-14 13:30:00+00:00,110716.7,110876.8,109802.0,110654.4,8400.547
2025-10-14 13:45:00+00:00,110654.4,111313.5,110473.4,110961.4,5676.313
2025-10-14 14:00:00+00:00,110961.4,111646.2,110860.8,111613.6,3637.879
2025-10-14 14:15:00+00:00,111613.5,112163.8,111534.0,111749.9,6520.27
2025-10-14 14:30:00+00:00,111749.9,111865.6,111284.2,111759.4,2538.503
2025-10-14 14:45:00+00:00,111759.4,112047.8,111315.0,111369.2,2177.77
2025-10-14 15:00:00+00:00,111369.2,111719.0,111085.9,111132.8,1740.144
2025-10-14 15:15:00+00:00,111132.8,111470.0,110998.7,111448.5,1682.341
2025-10-14 15:30:00+00:00,111448.5,112246.1,111319.4,112075.8,3570.782
2025-10-14 15:45:00+00:00,112075.9,112839.9,112050.0,112823.0,6319.245
2025-10-14 16:00:00+00:00,112822.9,112848.8,112203.0,112439.1,3892.6
2025-10-14 16:15:00+00:00,112439.2,113233.2,112323.0,112648.3,5974.036
2025-10-14 16:30:00+00:00,112648.2,112811.5,112200.0,112694.5,4012.694
2025-10-14 16:45:00+00:00,112694.5,112799.8,112101.9,112253.1,3235.865
2025-10-14 17:00:00+00:00,112253.1,112781.9,111615.1,112669.5,5749.242
2025-10-14 17:15:00+00:00,112669.5,112842.7,112518.5,112702.6,3714.097
2025-10-14 17:30:00+00:00,112702.7,112833.0,112260.0,112608.7,2445.713
2025-10-14 17:45:00+00:00,112608.7,112868.0,112552.8,112690.5,2349.046
2025-10-14 18:00:00+00:00,112690.6,113316.2,112638.4,113192.2,3104.015
2025-10-14 18:15:00+00:00,113192.1,113391.4,113050.0,113073.5,2018.661
2025-10-14 18:30:00+00:00,113073.5,113277.9,112703.9,112774.3,1636.691
2025-10-14 18:45:00+00:00,112774.3,113061.3,112576.5,112784.2,1458.789
2025-10-14 19:00:00+00:00,112784.1,113130.9,112784.1,113095.0,1063.791
2025-10-14 19:15:00+00:00,113095.1,113480.0,113095.1,113287.1,1381.733
2025-10-14 19:30:00+00:00,113287.1,113360.8,111952.0,112063.8,6409.656
2025-10-14 19:45:00+00:00,112063.9,112766.2,111980.0,112543.9,2594.699
2025-10-14 20:00:00+00:00,112543.9,112723.3,112164.6,112497.7,1555.098
2025-10-14 20:15:00+00:00,112497.7,112859.9,112443.4,112741.4,765.742
2025-10-14 20:30:00+00:00,112741.3,112845.3,112626.9,112810.6,640.986
2025-10-14 20:45:00+00:00,112810.6,112950.0,112746.6,112939.0,520.73
2025-10-14 21:00:00+00:00,112939.0,112944.2,112634.8,112687.9,635.456
2025-10-14 21:15:00+00:00,112687.9,112946.0,112654.3,112917.2,550.387
2025-10-14 21:30:00+00:00,112917.2,113121.2,112800.9,113035.8,609.038
2025-10-14 21:45:00+00:00,113035.8,113142.8,112909.5,113060.1,349.751
2025-10-14 22:00:00+00:00,113060.1,113557.9,113060.1,113372.6,2279.184
2025-10-14 22:15:00+00:00,113372.7,113385.4,113087.5,113123.8,555.136
2025-10-14 22:30:00+00:00,113123.8,113136.1,112854.1,112894.9,682.435
2025-10-14 22:45:00+00:00,112894.9,113185.0,112762.6,113150.1,729.408
2025-10-14 23:00:00+00:00,113150.2,113443.4,113060.6,113379.1,911.492
2025-10-14 23:15:00+00:00,113379.1,113465.0,113276.1,113380.4,443.78
2025-10-14 23:30:00+00:00,113380.4,113429.4,113196.0,113218.1,514.23
2025-10-14 23:45:00+00:00,113218.1,113257.1,112960.5,112983.8,797.004
2025-10-15 00:00:00+00:00,112983.9,112999.7,112718.5,112740.0,1194.33
2025-10-15 00:15:00+00:00,112740.1,112971.4,112587.2,112780.0,1544.311
2025-10-15 00:30:00+00:00,112779.9,112956.3,112543.1,112886.6,1402.603
2025-10-15 00:45:00+00:00,112886.6,113069.7,112751.6,112939.4,853.7
2025-10-15 01:00:00+00:00,112939.5,112964.4,112341.7,112676.7,1741.301
2025-10-15 01:15:00+00:00,112676.8,112824.0,112422.9,112426.7,977.032
2025-10-15 01:30:00+00:00,112426.7,112472.3,112270.4,112465.5,1182.125
2025-10-15 01:45:00+00:00,112465.4,112730.8,112382.1,112677.6,679.437
2025-10-15 02:00:00+00:00,112677.5,112938.0,112612.4,112900.6,824.943
2025-10-15 02:15:00+00:00,112900.6,113510.9,112805.7,113510.9,2168.11
2025-10-15 02:30:00+00:00,113510.8,113576.1,112932.9,112980.6,1500.605
2025-10-15 02:45:00+00:00,112980.6,113050.0,112752.0,112763.2,719.498
2025-10-15 03:00:00+00:00,112763.2,112820.0,112271.7,112432.9,1701.75
2025-10-15 03:15:00+00:00,112432.9,112450.0,111889.0,112213.1,1902.346
2025-10-15 03:30:00+00:00,112213.2,112213.2,111815.8,111967.0,1040.933
2025-10-15 03:45:00+00:00,111966.9,112094.7,111758.5,111978.7,932.524
2025-10-15 04:00:00+00:00,111978.7,112067.1,111692.8,111978.2,1290.64
2025-10-15 04:15:00+00:00,111978.2,112287.1,111909.4,112137.9,929.862
2025-10-15 04:30:00+00:00,112137.9,112213.1,112023.4,112154.4,475.913
2025-10-15 04:45:00+00:00,112154.3,112435.4,112104.7,112292.4,966.519
2025-10-15 05:00:00+00:00,112292.3,112489.7,112259.3,112443.6,1089.279
2025-10-15 05:15:00+00:00,112443.5,112523.0,112162.6,112269.2,778.306
2025-10-15 05:30:00+00:00,112269.3,112616.7,112131.3,112501.3,902.906
2025-10-15 05:45:00+00:00,112501.4,112501.4,112307.1,112378.0,366.644
2025-10-15 06:00:00+00:00,112378.0,112440.1,112125.0,112183.7,575.029
2025-10-15 06:15:00+00:00,112183.7,112205.9,111834.0,111887.4,1288.414
2025-10-15 06:30:00+00:00,111887.5,112528.3,111841.8,112270.4,953.304
2025-10-15 06:45:00+00:00,112270.4,112447.0,112243.9,112399.9,792.336
2025-10-15 07:00:00+00:00,112400.0,112551.8,112170.3,112441.4,774.912
2025-10-15 07:15:00+00:00,112441.4,112637.0,112300.0,112300.0,726.183
2025-10-15 07:30:00+00:00,112300.1,112437.4,112262.2,112382.2,514.616
2025-10-15 07:45:00+00:00,112382.1,112533.1,112329.6,112524.3,509.123
2025-10-15 08:00:00+00:00,112524.4,112875.7,112476.3,112860.6,1283.734
2025-10-15 08:15:00+00:00,112860.6,113113.0,112800.0,113068.1,2021.984
2025-10-15 08:30:00+00:00,113068.1,113477.9,113050.6,113168.9,2618.875
2025-10-15 08:45:00+00:00,113168.9,113169.0,112839.0,112899.9,1682.127
2025-10-15 09:00:00+00:00,112899.9,113072.2,112751.6,112903.2,1061.638
2025-10-15 09:15:00+00:00,112903.1,112915.2,112424.4,112548.7,1636.932
2025-10-15 09:30:00+00:00,112548.7,112613.6,112317.2,112500.8,1360.526
2025-10-15 09:45:00+00:00,112500.8,112670.1,112343.7,112506.2,783.784
2025-10-15 10:00:00+00:00,112506.1,112603.1,112259.4,112530.1,1349.667
2025-10-15 10:15:00+00:00,112530.0,112553.1,112261.8,112360.5,822.814
2025-10-15 10:30:00+00:00,112360.6,112429.1,111995.5,112280.2,2628.401
2025-10-15 10:45:00+00:00,112280.2,112354.7,112094.9,112214.2,735.394
2025-10-15 11:00:00+00:00,112214.1,112557.0,112189.3,112200.0,1806.862
2025-10-15 11:15:00+00:00,112200.0,112230.6,111606.1,111990.5,4575.723
2025-10-15 11:30:00+00:00,111990.5,112054.5,111809.2,112054.4,766.802
2025-10-15 11:45:00+00:00,112054.4,112054.5,111800.0,111841.0,725.69
2025-10-15 12:00:00+00:00,111840.9,112039.5,111714.6,111932.5,1446.658
2025-10-15 12:15:00+00:00,111932.6,111955.7,111312.6,111414.6,2571.928
2025-10-15 12:30:00+00:00,111414.6,111639.0,111343.6,111556.7,1427.506
2025-10-15 12:45:00+00:00,111556.8,111756.9,111500.0,111656.8,906.348
2025-10-15 13:00:00+00:00,111656.7,111656.8,111289.7,111422.4,913.693
2025-10-15 13:15:00+00:00,111422.4,111580.7,111350.0,111379.5,643.124
2025-10-15 13:30:00+00:00,111379.5,111961.5,111100.0,111275.7,4001.336
2025-10-15 13:45:00+00:00,111275.7,111445.9,110666.0,111339.0,5017.441
2025-10-15 14:00:00+00:00,111338.9,112183.4,111329.8,111973.1,4131.054
2025-10-15 14:15:00+00:00,111973.0,112140.0,111760.8,111867.1,1590.683
2025-10-15 14:30:00+00:00,111867.0,111892.7,111131.1,111247.9,1976.953
2025-10-15 14:45:00+00:00,111247.9,111284.9,110736.1,111000.4,3574.988
2025-10-15 15:00:00+00:00,111000.4,111226.7,110666.0,110786.9,2380.653
2025-10-15 15:15:00+00:00,110786.8,111572.7,110500.0,111128.5,4592.84
2025-10-15 15:30:00+00:00,111128.4,111344.1,110530.0,110685.4,1840.265
2025-10-15 15:45:00+00:00,110685.4,110765.1,110320.4,110757.5,3172.384
2025-10-15 16:00:00+00:00,110757.4,111089.7,110560.4,110870.8,1814.986
2025-10-15 16:15:00+00:00,110870.8,111022.6,110639.1,110921.0,1053.314
2025-10-15 16:30:00+00:00,110921.0,110986.0,110588.1,110639.7,1504.703
2025-10-15 16:45:00+00:00,110639.8,110805.1,110546.8,110693.4,951.104
2025-10-15 17:00:00+00:00,110693.4,110707.7,110181.0,110216.2,2295.964
2025-10-15 17:15:00+00:00,110216.2,110615.8,110096.9,110351.5,2020.891
2025-10-15 17:30:00+00:00,110351.5,110690.4,110185.0,110664.5,1127.48
2025-10-15 17:45:00+00:00,110664.5,111137.5,110664.5,111133.9,1542.488
2025-10-15 18:00:00+00:00,111133.8,111153.5,110770.0,110924.8,1054.945
2025-10-15 18:15:00+00:00,110924.7,111327.0,110915.3,111154.2,1011.807
2025-10-15 18:30:00+00:00,111154.1,111257.9,110932.8,111105.9,762.819
2025-10-15 18:45:00+00:00,111105.8,111441.0,111012.7,111372.9,752.061
2025-10-15 19:00:00+00:00,111372.9,111391.4,111030.2,111159.4,756.599
2025-10-15 19:15:00+00:00,111159.4,111500.0,111127.4,111426.1,872.367
2025-10-15 19:30:00+00:00,111426.1,111473.4,111073.4,111247.8,732.507
2025-10-15 19:45:00+00:00,111247.7,111254.9,111014.0,111202.7,689.759
2025-10-15 20:00:00+00:00,111202.7,111441.6,111202.7,111350.9,512.069
2025-10-15 20:15:00+00:00,111350.8,111499.7,110957.9,110987.8,809.1
2025-10-15 20:30:00+00:00,110987.8,111293.7,110441.7,111217.7,2461.22
2025-10-15 20:45:00+00:00,111217.7,111387.8,110973.0,111049.8,656.866
2025-10-15 21:00:00+00:00,111049.7,111105.6,110429.8,110749.9,1305.981
2025-10-15 21:15:00+00:00,110750.0,111038.4,110528.8,110911.3,750.649
2025-10-15 21:30:00+00:00,110911.3,111368.5,110716.8,111049.8,1405.79
2025-10-15 21:45:00+00:00,111049.8,111142.7,110626.2,110795.9,736.101
2025-10-15 22:00:00+00:00,110795.9,111016.3,110744.4,111008.4,628.559
2025-10-15 22:15:00+00:00,111008.3,111333.3,110974.7,111113.5,947.723
2025-10-15 22:30:00+00:00,111113.4,111257.0,111098.4,111148.6,306.489
2025-10-15 22:45:00+00:00,111148.6,111148.7,110597.9,110602.2,961.022
2025-10-15 23:00:00+00:00,110602.2,110886.5,110526.3,110796.2,675.741
2025-10-15 23:15:00+00:00,110796.2,110879.0,110700.0,110826.7,382.882
2025-10-15 23:30:00+00:00,110826.7,110958.4,110748.0,110886.0,427.505
2025-10-15 23:45:00+00:00,110886.0,110900.0,110588.5,110699.0,517.258
2025-10-16 00:00:00+00:00,110699.1,110800.0,110474.0,110482.9,839.737
2025-10-16 00:15:00+00:00,110482.8,110797.0,110437.8,110737.0,719.779
2025-10-16 00:30:00+00:00,110737.0,110737.0,110304.7,110321.2,1064.499
2025-10-16 00:45:00+00:00,110321.1,110507.5,110300.0,110387.2,567.546
2025-10-16 01:00:00+00:00,110387.1,111069.4,110373.8,110955.4,1339.902
2025-10-16 01:15:00+00:00,110955.4,111000.0,110655.3,110843.2,838.71
2025-10-16 01:30:00+00:00,110843.3,111083.7,110755.2,110973.0,751.698
2025-10-16 01:45:00+00:00,110972.9,111290.0,110867.2,111256.8,975.927
2025-10-16 02:00:00+00:00,111256.9,111524.1,110959.0,111283.7,2191.897
2025-10-16 02:15:00+00:00,111283.7,111421.6,111237.1,111357.7,518.188
2025-10-16 02:30:00+00:00,111357.7,111379.4,111221.7,111287.1,515.918
2025-10-16 02:45:00+00:00,111287.1,111509.6,111250.1,111464.2,701.739
2025-10-16 03:00:00+00:00,111464.2,111566.0,111359.1,111450.0,882.225
2025-10-16 03:15:00+00:00,111450.0,111827.5,111384.0,111674.7,1278.4
2025-10-16 03:30:00+00:00,111674.6,111674.7,111344.2,111521.5,1023.294
2025-10-16 03:45:00+00:00,111521.4,111576.7,111200.0,111277.4,983.259
2025-10-16 04:00:00+00:00,111277.5,111599.6,111257.4,111541.2,830.0
2025-10-16 04:15:00+00:00,111541.2,111626.0,111471.1,111493.2,476.371
2025-10-16 04:30:00+00:00,111493.2,111533.0,110860.0,110935.7,1343.535
2025-10-16 04:45:00+00:00,110935.6,111067.4,110737.0,110918.4,1315.476
2025-10-16 05:00:00+00:00,110918.4,111113.7,110845.7,111060.6,701.315
2025-10-16 05:15:00+00:00,111060.6,111107.2,110895.5,110998.7,750.832
2025-10-16 05:30:00+00:00,110998.7,111436.0,110998.6,111293.9,1320.795
2025-10-16 05:45:00+00:00,111294.0,111307.9,110666.0,110881.8,1118.616
2025-10-16 06:00:00+00:00,110881.8,111139.4,110874.0,110874.0,972.109
2025-10-16 06:15:00+00:00,110874.0,111259.3,110845.0,111253.4,723.148
2025-10-16 06:30:00+00:00,111253.4,111483.2,111245.1,111287.7,1185.231
2025-10-16 06:45:00+00:00,111287.6,111693.4,111287.6,111603.9,1340.162
2025-10-16 07:00:00+00:00,111604.0,111711.4,111249.2,111337.5,1442.645
2025-10-16 07:15:00+00:00,111337.5,111337.5,110650.0,110700.0,2617.184
2025-10-16 07:30:00+00:00,110700.1,110875.4,110654.0,110845.7,1479.377
2025-10-16 07:45:00+00:00,110845.7,110845.7,110488.0,110518.2,2310.495
2025-10-16 08:00:00+00:00,110518.2,110610.1,110330.4,110599.9,1687.934
2025-10-16 08:15:00+00:00,110600.0,110688.1,110432.4,110488.7,675.227
2025-10-16 08:30:00+00:00,110488.7,110826.5,110435.9,110660.3,1188.988
2025-10-16 08:45:00+00:00,110660.3,110849.9,110625.0,110760.8,958.49
2025-10-16 09:00:00+00:00,110760.7,110918.6,110681.4,110788.0,810.452
2025-10-16 09:15:00+00:00,110787.9,110884.9,110615.0,110615.1,596.999
2025-10-16 09:30:00+00:00,110615.0,111457.4,109403.5,111191.9,12019.309
2025-10-16 09:45:00+00:00,111192.0,111623.0,110937.3,111099.9,6877.229
2025-10-16 10:00:00+00:00,111099.9,111471.8,110963.1,111336.3,2506.495
2025-10-16 10:15:00+00:00,111336.4,111677.1,111261.0,111312.0,2076.655
2025-10-16 10:30:00+00:00,111311.9,111460.0,111200.0,111396.4,796.702
2025-10-16 10:45:00+00:00,111396.4,111600.0,111391.9,111422.3,949.683
2025-10-16 11:00:00+00:00,111422.3,111521.8,111185.7,111374.3,1060.204
2025-10-16 11:15:00+00:00,111374.3,111424.8,111017.9,111068.4,1235.491
2025-10-16 11:30:00+00:00,111068.4,111238.5,110955.0,111112.9,1535.182
2025-10-16 11:45:00+00:00,111112.8,111398.8,111036.0,111363.9,856.957
2025-10-16 12:00:00+00:00,111364.0,111960.0,111360.2,111487.0,3672.503
2025-10-16 12:15:00+00:00,111487.0,111619.3,111276.8,111366.5,1286.55
2025-10-16 12:30:00+00:00,111366.5,111640.9,111279.4,111479.2,1649.145
2025-10-16 12:45:00+00:00,111479.2,111590.1,111350.0,111470.9,923.842
2025-10-16 13:00:00+00:00,111470.8,111507.9,111098.8,111254.9,946.1
2025-10-16 13:15:00+00:00,111254.9,111258.2,110756.4,111092.6,1875.25
2025-10-16 13:30:00+00:00,111092.6,111452.7,111014.2,111269.8,1985.659
2025-10-16 13:45:00+00:00,111269.8,111400.0,110611.0,110794.7,2458.748
2025-10-16 14:00:00+00:00,110794.7,110891.3,110136.0,110153.5,3876.856
2025-10-16 14:15:00+00:00,110153.4,110406.1,109637.8,110275.4,5029.671
2025-10-16 14:30:00+00:00,110275.1,111377.7,110275.1,111289.0,5113.177
2025-10-16 14:45:00+00:00,111289.0,111355.5,110408.2,110466.9,3306.861
2025-10-16 15:00:00+00:00,110466.9,110666.6,110077.9,110534.8,2488.676
2025-10-16 15:15:00+00:00,110534.7,110577.7,109801.0,109989.9,2298.137
2025-10-16 15:30:00+00:00,109989.8,110134.5,108805.8,109149.4,10146.876
2025-10-16 15:45:00+00:00,109149.3,109182.1,108250.0,108474.0,9178.461
2025-10-16 16:00:00+00:00,108473.9,108761.6,108115.5,108510.0,5563.049
2025-10-16 16:15:00+00:00,108510.0,108761.6,107850.5,108083.5,6466.53
2025-10-16 16:30:00+00:00,108083.5,108398.6,107503.3,108031.9,6497.603
2025-10-16 16:45:00+00:00,108031.8,109212.6,107868.0,109182.9,4945.428
2025-10-16 17:00:00+00:00,109182.9,109192.7,108259.8,108432.0,5343.367
2025-10-16 17:15:00+00:00,108432.0,109108.0,108400.0,108748.2,2444.974
2025-10-16 17:30:00+00:00,108748.3,108890.9,108402.1,108466.3,1331.911
2025-10-16 17:45:00+00:00,108466.4,108548.2,108156.0,108220.5,1867.129
2025-10-16 18:00:00+00:00,108220.5,108245.9,107659.9,107849.9,3144.579
2025-10-16 18:15:00+00:00,107849.8,108073.7,107625.3,107822.9,2349.416
2025-10-16 18:30:00+00:00,107822.6,108584.4,107779.8,108419.5,2459.922
2025-10-16 18:45:00+00:00,108419.4,108608.9,108164.5,108600.0,1397.998
2025-10-16 19:00:00+00:00,108600.0,108700.0,107980.5,108001.8,2186.721
2025-10-16 19:15:00+00:00,108001.8,108144.5,107650.0,107875.9,1763.62
2025-10-16 19:30:00+00:00,107875.9,108024.0,107626.5,107949.3,1293.667
2025-10-16 19:45:00+00:00,107949.3,108500.0,107765.9,108151.3,1830.168
2025-10-16 20:00:00+00:00,108151.2,108391.5,107959.0,108032.2,1285.07
2025-10-16 20:15:00+00:00,108032.2,108195.2,107733.8,107934.0,1064.325
2025-10-16 20:30:00+00:00,107934.0,108004.1,107350.0,107741.9,2929.76
2025-10-16 20:45:00+00:00,107741.8,107955.7,107486.3,107796.4,1136.934
2025-10-16 21:00:00+00:00,107796.4,108090.9,107520.6,108073.3,1426.429
2025-10-16 21:15:00+00:00,108073.3,108171.2,107869.9,108059.3,792.656
2025-10-16 21:30:00+00:00,108059.2,108312.5,108039.5,108239.3,850.198
2025-10-16 21:45:00+00:00,108239.3,108404.6,108147.2,108374.5,484.871
2025-10-16 22:00:00+00:00,108374.6,108450.4,108032.4,108032.5,659.007
2025-10-16 22:15:00+00:00,108032.5,108107.7,107910.1,107925.9,597.982
2025-10-16 22:30:00+00:00,107926.0,108017.7,107829.6,107870.4,573.608
2025-10-16 22:45:00+00:00,107870.4,107951.9,107712.2,107738.5,682.142
2025-10-16 23:00:00+00:00,107738.5,107960.6,107666.0,107916.5,678.295
2025-10-16 23:15:00+00:00,107916.6,108376.2,107916.5,108250.1,1292.706
2025-10-16 23:30:00+00:00,108250.1,108250.1,107910.2,107965.5,629.734
2025-10-16 23:45:00+00:00,107965.5,108143.6,107956.2,108129.4,386.468
2025-10-17 00:00:00+00:00,108129.4,108221.4,107885.6,108189.3,928.805
2025-10-17 00:15:00+00:00,108189.3,108458.6,108150.0,108451.7,959.707
2025-10-17 00:30:00+00:00,108451.6,108795.0,108254.5,108605.7,1616.729
2025-10-17 00:45:00+00:00,108605.8,108738.1,108500.0,108738.1,763.626
2025-10-17 01:00:00+00:00,108737.3,109050.0,108698.3,108923.0,1726.944
2025-10-17 01:15:00+00:00,108923.0,108998.0,108670.5,108750.2,988.517
2025-10-17 01:30:00+00:00,108750.2,108851.6,108566.6,108624.0,790.069
2025-10-17 01:45:00+00:00,108624.0,108800.0,108437.6,108774.2,867.19
2025-10-17 02:00:00+00:00,108774.3,108776.4,108355.8,108441.8,1017.752
2025-10-17 02:15:00+00:00,108441.8,108527.6,108322.1,108369.9,617.349
2025-10-17 02:30:00+00:00,108369.8,108762.2,108337.5,108682.6,710.568
2025-10-17 02:45:00+00:00,108682.7,109046.2,108663.5,108916.6,1338.411
2025-10-17 03:00:00+00:00,108916.6,109040.1,108850.0,108990.1,738.557
2025-10-17 03:15:00+00:00,108990.0,109034.9,108876.2,108981.2,527.26
2025-10-17 03:30:00+00:00,108981.3,109050.0,108832.4,108843.8,633.894
2025-10-17 03:45:00+00:00,108843.8,109199.8,108843.8,109121.8,774.27
2025-10-17 04:00:00+00:00,109121.9,109182.9,108948.4,109029.9,725.329
2025-10-17 04:15:00+00:00,109029.8,109077.0,108857.7,108913.3,532.084
2025-10-17 04:30:00+00:00,108913.4,109013.7,108802.0,108848.8,999.336
2025-10-17 04:45:00+00:00,108848.9,108953.5,108715.6,108729.7,881.584
2025-10-17 05:00:00+00:00,108729.7,108863.5,108656.2,108750.0,699.541
2025-10-17 05:15:00+00:00,108750.0,108828.5,108657.5,108770.4,474.179
2025-10-17 05:30:00+00:00,108770.4,108804.8,108458.0,108498.2,1025.751
2025-10-17 05:45:00+00:00,108498.2,108518.8,108250.0,108327.9,1603.359
2025-10-17 06:00:00+00:00,108328.0,108471.4,108214.8,108272.9,1321.156
2025-10-17 06:15:00+00:00,108272.8,108298.7,107706.8,107768.3,2933.872
2025-10-17 06:30:00+00:00,107768.2,107838.7,106810.7,106960.1,8477.327
2025-10-17 06:45:00+00:00,106960.1,107146.1,106600.0,106699.1,5743.027
2025-10-17 07:00:00+00:00,106699.1,106864.9,106105.3,106198.4,7082.448
2025-10-17 07:15:00+00:00,106198.3,106535.3,106100.0,106256.8,3442.828
2025-10-17 07:30:00+00:00,106256.9,106280.8,105640.0,105709.7,6483.807
2025-10-17 07:45:00+00:00,105709.7,105948.5,105457.4,105578.3,4494.483
2025-10-17 08:00:00+00:00,105578.3,105616.7,105000.0,105094.4,8061.579
2025-10-17 08:15:00+00:00,105094.4,105399.4,104383.3,105132.1,10119.15
2025-10-17 08:30:00+00:00,105132.1,105660.0,104831.0,105024.3,5470.962
2025-10-17 08:45:00+00:00,105024.2,105194.3,104688.4,104845.1,2272.71
2025-10-17 09:00:00+00:00,104845.2,105299.9,104764.4,105190.0,2953.103
2025-10-17 09:15:00+00:00,105190.0,105274.5,104842.2,105060.9,1506.615
2025-10-17 09:30:00+00:00,105060.9,105581.3,105024.3,105024.4,2740.504
2025-10-17 09:45:00+00:00,105024.3,105142.4,104480.4,104487.5,2795.801
2025-10-17 10:00:00+00:00,104487.5,104795.0,104217.6,104594.0,3608.948
2025-10-17 10:15:00+00:00,104594.1,104635.9,103470.0,103971.4,9463.739
2025-10-17 10:30:00+00:00,103971.5,104488.0,103921.9,104382.0,4534.19
2025-10-17 10:45:00+00:00,104382.0,104885.3,104307.1,104728.5,2988.825
2025-10-17 11:00:00+00:00,104728.4,105880.7,104617.4,105767.9,8500.064
2025-10-17 11:15:00+00:00,105767.8,106666.6,105720.4,106183.9,11084.921
2025-10-17 11:30:00+00:00,106183.9,106256.9,105610.9,105805.2,6125.661
2025-10-17 11:45:00+00:00,105805.1,105953.9,105355.4,105610.5,3551.089
2025-10-17 12:00:00+00:00,105610.5,105998.0,105489.3,105676.2,3406.591
2025-10-17 12:15:00+00:00,105676.2,105933.5,105434.4,105536.7,2814.711
2025-10-17 12:30:00+00:00,105536.8,105739.8,105155.7,105565.9,2467.012
2025-10-17 12:45:00+00:00,105565.8,105589.7,105154.6,105283.8,2099.886
2025-10-17 13:00:00+00:00,105283.8,105469.4,104850.0,104850.1,3199.314
2025-10-17 13:15:00+00:00,104850.1,105571.9,104795.0,105443.4,2679.728
2025-10-17 13:30:00+00:00,105443.4,106040.0,105089.9,105279.9,4798.921
2025-10-17 13:45:00+00:00,105279.8,106126.2,104895.0,105769.9,3894.994
2025-10-17 14:00:00+00:00,105770.0,105934.4,105077.2,105355.8,4421.043
2025-10-17 14:15:00+00:00,105356.0,105529.5,104900.0,105004.5,2233.695
2025-10-17 14:30:00+00:00,105004.4,105378.4,104489.5,105168.1,6162.444
2025-10-17 14:45:00+00:00,105168.1,105729.5,105025.8,105110.9,4339.034
2025-10-17 15:00:00+00:00,105110.9,105715.5,105044.8,105445.2,4444.797
2025-10-17 15:15:00+00:00,105445.2,106196.8,105406.4,106049.0,3986.682
2025-10-17 15:30:00+00:00,106049.0,106168.0,105603.6,106078.8,3072.997
2025-10-17 15:45:00+00:00,106078.8,106800.0,106030.3,106750.1,3729.825
2025-10-17 16:00:00+00:00,106750.0,107505.0,106708.4,106929.9,6715.545
2025-10-17 16:15:00+00:00,106929.9,107202.4,106609.5,106738.2,2535.662
2025-10-17 16:30:00+00:00,106738.2,106830.1,106379.0,106564.7,2239.352
2025-10-17 16:45:00+00:00,106564.7,106867.5,106200.0,106331.2,1930.455
2025-10-17 17:00:00+00:00,106331.1,106666.6,106242.6,106603.8,1022.74
2025-10-17 17:15:00+00:00,106603.8,106688.7,106129.0,106171.6,1093.566
2025-10-17 17:30:00+00:00,106171.5,106533.4,106094.6,106303.9,1051.203
2025-10-17 17:45:00+00:00,106303.9,106538.2,106016.6,106405.3,1317.82
2025-10-17 18:00:00+00:00,106405.2,106850.0,106405.2,106531.1,1852.99
2025-10-17 18:15:00+00:00,106531.1,106916.6,106468.0,106830.1,903.925
2025-10-17 18:30:00+00:00,106830.1,107058.8,106677.4,106677.4,1032.07
2025-10-17 18:45:00+00:00,106677.4,106776.2,106454.5,106600.1,798.734
2025-10-17 19:00:00+00:00,106600.1,106849.9,106597.6,106718.0,721.184
2025-10-17 19:15:00+00:00,106718.6,106781.0,106428.0,106546.7,736.034
2025-10-17 19:30:00+00:00,106546.7,106546.7,106183.3,106404.8,1200.291
2025-10-17 19:45:00+00:00,106404.9,106593.8,106331.4,106416.4,603.171
2025-10-17 20:00:00+00:00,106416.5,106564.6,106296.3,106564.5,572.36
2025-10-17 20:15:00+00:00,106564.6,107019.4,106557.6,106976.3,952.332
2025-10-17 20:30:00+00:00,106976.3,107084.2,106843.0,106938.8,1118.972
2025-10-17 20:45:00+00:00,106938.9,107134.8,106912.2,106970.0,496.837
2025-10-17 21:00:00+00:00,106968.6,107346.6,106952.0,107335.0,1260.737
2025-10-17 21:15:00+00:00,107335.0,107370.0,107234.8,107364.2,820.603
2025-10-17 21:30:00+00:00,107364.3,107364.3,107141.7,107213.2,756.621
2025-10-17 21:45:00+00:00,107213.2,107370.0,107146.3,107232.6,781.721
2025-10-17 22:00:00+00:00,107232.6,107355.3,107084.0,107100.3,559.102
2025-10-17 22:15:00+00:00,107100.2,107170.0,106921.3,107070.6,686.32
2025-10-17 22:30:00+00:00,107070.6,107087.4,106737.3,106846.8,1114.417
2025-10-17 22:45:00+00:00,106846.8,106969.5,106846.8,106929.7,307.539
2025-10-17 23:00:00+00:00,106929.6,106929.8,106731.3,106771.3,403.533
2025-10-17 23:15:00+00:00,106771.2,106825.0,106524.2,106534.3,487.357
2025-10-17 23:30:00+00:00,106534.3,106630.6,106408.2,106515.3,688.697
2025-10-17 23:45:00+00:00,106515.3,106585.6,106325.0,106378.6,578.508
2025-10-18 00:00:00+00:00,106378.5,106408.7,106296.4,106304.2,693.78
2025-10-18 00:15:00+00:00,106304.2,106786.7,106270.0,106688.7,1460.325
2025-10-18 00:30:00+00:00,106688.8,106759.1,106515.3,106731.1,691.927
2025-10-18 00:45:00+00:00,106731.0,106785.6,106701.1,106783.0,391.292
2025-10-18 01:00:00+00:00,106783.0,106940.0,106757.4,106926.9,812.258
2025-10-18 01:15:00+00:00,106926.9,107233.8,106881.9,107233.8,773.839
2025-10-18 01:30:00+00:00,107233.7,107248.0,107010.1,107051.2,896.382
2025-10-18 01:45:00+00:00,107051.2,107135.7,106966.4,107095.8,454.167
2025-10-18 02:00:00+00:00,107095.8,107250.0,106819.0,106854.3,1463.926
2025-10-18 02:15:00+00:00,106854.4,106966.5,106778.8,106938.6,597.137
2025-10-18 02:30:00+00:00,106938.6,107042.7,106502.6,106557.5,2845.082
2025-10-18 02:45:00+00:00,106557.5,106660.3,106435.0,106540.5,1180.562
2025-10-18 03:00:00+00:00,106540.5,106775.1,106517.8,106733.6,740.228
2025-10-18 03:15:00+00:00,106733.5,106934.7,106731.3,106892.4,892.262
2025-10-18 03:30:00+00:00,106892.5,107084.9,106875.0,106906.2,621.476
2025-10-18 03:45:00+00:00,106906.2,107066.0,106869.0,107025.0,1097.582
2025-10-18 04:00:00+00:00,107024.9,107025.0,106390.5,106551.2,4721.811
2025-10-18 04:15:00+00:00,106551.2,106659.1,106515.9,106614.1,612.034
2025-10-18 04:30:00+00:00,106614.1,106651.1,106376.9,106384.1,951.943
2025-10-18 04:45:00+00:00,106384.1,106482.1,106374.2,106405.5,586.606
2025-10-18 05:00:00+00:00,106405.5,106587.0,106405.5,106525.0,729.32
2025-10-18 05:15:00+00:00,106525.1,106614.0,106525.0,106527.0,595.572
2025-10-18 05:30:00+00:00,106527.1,106678.4,106447.3,106630.6,636.642
2025-10-18 05:45:00+00:00,106630.7,106790.1,106630.6,106755.4,665.257
2025-10-18 06:00:00+00:00,106755.4,106896.0,106653.8,106838.3,1143.298
2025-10-18 06:15:00+00:00,106838.3,106880.0,106735.2,106804.4,686.371
2025-10-18 06:30:00+00:00,106804.3,106847.8,106687.6,106706.0,348.182
2025-10-18 06:45:00+00:00,106705.9,106866.0,106686.5,106801.3,426.374
2025-10-18 07:00:00+00:00,106801.3,107452.6,106801.3,107240.2,3056.1
2025-10-18 07:15:00+00:00,107240.1,107243.6,106931.7,107027.7,1026.023
2025-10-18 07:30:00+00:00,107027.7,107199.0,106964.1,107137.6,891.858
2025-10-18 07:45:00+00:00,107137.6,107309.0,106570.6,106648.3,2460.844
2025-10-18 08:00:00+00:00,106648.2,106925.8,106570.6,106910.0,1826.825
2025-10-18 08:15:00+00:00,106910.0,106910.1,106660.0,106660.1,1128.389
2025-10-18 08:30:00+00:00,106660.0,106748.9,106550.0,106658.8,889.577
2025-10-18 08:45:00+00:00,106658.8,106779.9,106650.4,106663.2,677.84
2025-10-18 09:00:00+00:00,106663.3,106730.2,106568.0,106669.2,670.404
2025-10-18 09:15:00+00:00,106669.2,106817.1,106570.9,106788.0,434.092
2025-10-18 09:30:00+00:00,106788.0,106819.2,106693.8,106771.0,276.956
2025-10-18 09:45:00+00:00,106771.0,106887.4,106671.9,106834.5,361.55
2025-10-18 10:00:00+00:00,106834.5,106852.1,106791.0,106843.4,233.768
2025-10-18 10:15:00+00:00,106843.3,106921.1,106760.0,106912.7,382.654
2025-10-18 10:30:00+00:00,106912.8,107089.9,106911.5,107014.4,753.856
2025-10-18 10:45:00+00:00,107014.4,107014.5,106721.7,106859.7,679.531
2025-10-18 11:00:00+00:00,106859.6,106859.7,106708.6,106817.0,383.667
2025-10-18 11:15:00+00:00,106817.0,106898.8,106808.8,106836.7,310.232
2025-10-18 11:30:00+00:00,106836.7,106973.2,106800.0,106968.0,322.726
2025-10-18 11:45:00+00:00,106967.9,107187.9,106870.0,107151.0,1083.801
2025-10-18 12:00:00+00:00,107151.0,107188.0,107022.7,107134.5,786.443
2025-10-18 12:15:00+00:00,107134.4,107248.0,107008.8,107050.2,923.515
2025-10-18 12:30:00+00:00,107050.2,107050.2,106901.7,106967.7,429.413
2025-10-18 12:45:00+00:00,106967.7,107048.6,106940.5,107001.1,279.05
2025-10-18 13:00:00+00:00,107001.0,107011.7,106850.0,106983.5,495.156
2025-10-18 13:15:00+00:00,106983.6,107043.5,106850.0,106943.1,486.68
2025-10-18 13:30:00+00:00,106943.1,106943.1,106750.1,106825.0,714.463
2025-10-18 13:45:00+00:00,106825.1,106933.4,106754.4,106836.7,613.47
2025-10-18 14:00:00+00:00,106836.6,106916.0,106669.0,106787.0,849.863
2025-10-18 14:15:00+00:00,106787.0,106932.1,106720.6,106853.4,535.781
2025-10-18 14:30:00+00:00,106853.3,107074.3,106845.9,106891.5,582.562
2025-10-18 14:45:00+00:00,106891.5,107024.9,106850.0,106978.4,591.608
2025-10-18 15:00:00+00:00,106978.5,107099.9,106970.9,107007.1,507.821
2025-10-18 15:15:00+00:00,107007.1,107078.1,106920.0,106920.0,456.743
2025-10-18 15:30:00+00:00,106920.0,106920.0,106763.6,106845.5,707.655
2025-10-18 15:45:00+00:00,106845.5,106931.4,106845.5,106893.2,393.424
2025-10-18 16:00:00+00:00,106893.3,107007.9,106838.5,106871.9,479.376
2025-10-18 16:15:00+00:00,106871.9,106891.9,106650.1,106762.7,844.173
2025-10-18 16:30:00+00:00,106762.7,106762.7,106410.8,106522.4,2211.363
2025-10-18 16:45:00+00:00,106522.3,106672.2,106491.2,106601.3,566.281
2025-10-18 17:00:00+00:00,106601.4,106667.0,106510.3,106666.9,481.853
2025-10-18 17:15:00+00:00,106666.9,106900.0,106666.9,106879.1,601.287
2025-10-18 17:30:00+00:00,106879.1,106900.0,106705.4,106750.0,400.373
2025-10-18 17:45:00+00:00,106750.1,106863.9,106723.4,106822.8,228.793
2025-10-18 18:00:00+00:00,106822.9,106876.0,106670.9,106680.1,309.166
2025-10-18 18:15:00+00:00,106680.1,106752.0,106669.2,106751.9,198.985
2025-10-18 18:30:00+00:00,106752.0,106820.6,106750.3,106798.2,123.854
2025-10-18 18:45:00+00:00,106798.3,106818.5,106755.0,106792.4,123.241
2025-10-18 19:00:00+00:00,106792.3,106820.0,106712.6,106815.0,143.83
2025-10-18 19:15:00+00:00,106814.9,106940.9,106814.9,106921.0,359.588
2025-10-18 19:30:00+00:00,106921.0,106991.6,106853.3,106939.9,452.418
2025-10-18 19:45:00+00:00,106939.9,107047.5,106939.9,107023.0,307.532
2025-10-18 20:00:00+00:00,107023.0,107220.7,106978.1,106986.9,1170.958
2025-10-18 20:15:00+00:00,106987.1,107196.0,106927.2,107182.8,683.927
2025-10-18 20:30:00+00:00,107182.9,107298.7,107063.9,107107.1,593.991
2025-10-18 20:45:00+00:00,107107.2,107188.2,106957.5,106957.5,302.227
2025-10-18 21:00:00+00:00,106957.6,106996.8,106788.4,106882.2,471.812
2025-10-18 21:15:00+00:00,106882.2,107047.8,106795.9,107047.8,299.885
2025-10-18 21:30:00+00:00,107047.8,107128.2,107000.0,107025.6,327.246
2025-10-18 21:45:00+00:00,107025.5,107185.0,107010.0,107116.4,157.523
2025-10-18 22:00:00+00:00,107116.5,107151.5,107044.7,107065.2,207.844
2025-10-18 22:15:00+00:00,107065.2,107229.6,107050.0,107178.2,253.337
2025-10-18 22:30:00+00:00,107178.1,107200.0,107082.3,107103.4,230.193
2025-10-18 22:45:00+00:00,107103.4,107103.4,107005.6,107061.9,216.331
2025-10-18 23:00:00+00:00,107061.8,107122.7,107000.4,107041.5,291.835
2025-10-18 23:15:00+00:00,107041.4,107075.7,106952.6,106997.9,217.212
2025-10-18 23:30:00+00:00,106998.0,107071.7,106997.9,107020.1,119.507
2025-10-18 23:45:00+00:00,107020.1,107140.3,107011.8,107117.5,213.987
2025-10-19 00:00:00+00:00,107117.5,107217.0,106936.6,107016.9,941.254
2025-10-19 00:15:00+00:00,107016.9,107113.5,106988.2,107024.8,606.569
2025-10-19 00:30:00+00:00,107024.8,107034.0,106697.8,106772.0,1512.028
2025-10-19 00:45:00+00:00,106772.0,106852.2,106692.2,106833.4,626.743
2025-10-19 01:00:00+00:00,106833.4,106841.8,106666.9,106756.8,366.228
2025-10-19 01:15:00+00:00,106756.7,106924.8,106756.7,106894.1,524.724
2025-10-19 01:30:00+00:00,106894.1,106906.8,106818.0,106849.3,129.276
2025-10-19 01:45:00+00:00,106849.4,106933.0,106849.4,106910.7,216.199
2025-10-19 02:00:00+00:00,106910.8,106944.0,106833.2,106878.5,427.121
2025-10-19 02:15:00+00:00,106878.5,106947.0,106827.9,106832.3,223.388
2025-10-19 02:30:00+00:00,106832.4,106877.1,106783.8,106800.0,244.609
2025-10-19 02:45:00+00:00,106800.1,106825.4,106750.0,106796.7,247.956
2025-10-19 03:00:00+00:00,106796.7,106796.8,106750.0,106791.8,295.579
2025-10-19 03:15:00+00:00,106791.8,107119.7,106791.7,107084.2,1138.068
2025-10-19 03:30:00+00:00,107084.2,107236.0,107079.1,107195.4,1407.848
2025-10-19 03:45:00+00:00,107195.4,107333.0,107167.4,107221.9,754.405
2025-10-19 04:00:00+00:00,107221.9,107241.5,106911.4,106994.7,840.262
2025-10-19 04:15:00+00:00,106994.7,107019.0,106947.4,107015.5,300.066
2025-10-19 04:30:00+00:00,107015.5,107129.3,107015.4,107062.6,365.614
2025-10-19 04:45:00+00:00,107062.6,107108.9,106966.7,106989.6,194.343
2025-10-19 05:00:00+00:00,106989.5,107040.0,106985.7,106998.4,191.649
2025-10-19 05:15:00+00:00,106998.4,107130.1,106868.0,106923.1,443.544
2025-10-19 05:30:00+00:00,106923.1,107000.0,106895.5,106931.7,244.331
2025-10-19 05:45:00+00:00,106931.6,106931.6,106753.7,106846.1,1214.493
2025-10-19 06:00:00+00:00,106846.0,106865.7,106755.1,106765.1,527.482
2025-10-19 06:15:00+00:00,106765.1,106794.1,106715.6,106750.1,553.732
2025-10-19 06:30:00+00:00,106750.1,106769.9,106503.3,106653.8,1305.842
2025-10-19 06:45:00+00:00,106653.8,106737.0,106604.1,106726.7,450.535
2025-10-19 07:00:00+00:00,106726.8,106838.0,106680.0,106816.2,394.613
2025-10-19 07:15:00+00:00,106816.2,106876.2,106766.6,106788.2,381.988
2025-10-19 07:30:00+00:00,106788.2,106841.1,106653.3,106699.4,454.515
2025-10-19 07:45:00+00:00,106699.3,106756.0,106650.0,106733.3,216.777
2025-10-19 08:00:00+00:00,106733.3,106853.6,106724.5,106784.7,460.894
2025-10-19 08:15:00+00:00,106784.6,107180.0,106200.0,106655.3,5142.417
2025-10-19 08:30:00+00:00,106655.3,106676.9,106400.0,106451.3,1412.631
2025-10-19 08:45:00+00:00,106451.3,106529.8,106239.9,106401.2,1701.785
2025-10-19 09:00:00+00:00,106401.2,106423.9,106150.0,106275.0,1708.348
2025-10-19 09:15:00+00:00,106275.1,106400.0,106055.8,106115.9,1938.509
2025-10-19 09:30:00+00:00,106115.8,107200.9,106115.8,106923.6,4887.067
2025-10-19 09:45:00+00:00,106923.5,108214.8,106724.6,107348.8,14500.425
2025-10-19 10:00:00+00:00,107348.9,107600.0,106912.0,107376.6,2418.106
2025-10-19 10:15:00+00:00,107376.6,107814.9,107257.4,107742.4,1921.635
2025-10-19 10:30:00+00:00,107742.3,107825.0,107520.4,107678.9,1347.642
2025-10-19 10:45:00+00:00,107678.8,107825.0,107451.4,107824.9,866.801
2025-10-19 11:00:00+00:00,107824.9,108200.0,107822.0,108042.7,4212.793
2025-10-19 11:15:00+00:00,108042.8,108104.4,107700.0,107767.5,1530.578
2025-10-19 11:30:00+00:00,107767.4,107920.0,107765.2,107767.2,694.51
2025-10-19 11:45:00+00:00,107767.2,107780.0,107577.7,107730.6,1024.094
2025-10-19 12:00:00+00:00,107730.6,107796.2,107456.4,107519.6,1205.431
2025-10-19 12:15:00+00:00,107519.6,107582.3,107410.7,107454.0,1007.233
2025-10-19 12:30:00+00:00,107453.9,107662.0,107381.1,107469.0,883.986
2025-10-19 12:45:00+00:00,107469.0,107605.3,107388.9,107605.3,667.78
2025-10-19 13:00:00+00:00,107605.3,107612.2,107312.2,107395.5,930.265
2025-10-19 13:15:00+00:00,107395.4,107472.0,107342.2,107453.5,943.797
2025-10-19 13:30:00+00:00,107453.5,107842.0,107439.0,107772.9,966.433
2025-10-19 13:45:00+00:00,107772.9,108176.8,107700.0,108035.3,2092.697
2025-10-19 14:00:00+00:00,108035.3,108105.4,107827.5,107929.7,1600.459
2025-10-19 14:15:00+00:00,107929.6,108483.0,107882.9,108352.1,3013.846
2025-10-19 14:30:00+00:00,108352.1,108403.2,108102.2,108218.0,1671.878
2025-10-19 14:45:00+00:00,108218.0,108460.0,108154.1,108360.9,1108.935
2025-10-19 15:00:00+00:00,108360.9,108550.2,108331.3,108446.2,1688.525
2025-10-19 15:15:00+00:00,108446.3,108575.6,108339.9,108424.3,1364.645
2025-10-19 15:30:00+00:00,108424.4,108459.2,108270.1,108309.8,720.177
2025-10-19 15:45:00+00:00,108309.8,108435.4,108309.8,108429.5,466.451
2025-10-19 16:00:00+00:00,108429.6,108471.0,108245.1,108288.8,538.608
2025-10-19 16:15:00+00:00,108288.9,108317.4,108175.6,108292.2,488.916
2025-10-19 16:30:00+00:00,108292.2,108900.0,108208.6,108844.4,2129.964
2025-10-19 16:45:00+00:00,108844.3,108891.0,108523.7,108561.9,2273.699
2025-10-19 17:00:00+00:00,108561.8,109120.0,108551.1,109069.9,2139.529
2025-10-19 17:15:00+00:00,109069.9,109399.9,108938.0,108989.4,4313.898
2025-10-19 17:30:00+00:00,108989.3,109188.7,108944.3,109093.4,746.43
2025-10-19 17:45:00+00:00,109093.5,109134.2,108947.1,109036.3,528.756
2025-10-19 18:00:00+00:00,109036.3,109170.6,108969.7,109147.1,667.081
2025-10-19 18:15:00+00:00,109147.2,109313.0,109070.7,109150.0,629.672
2025-10-19 18:30:00+00:00,109150.0,109333.0,109089.0,109263.2,729.454
2025-10-19 18:45:00+00:00,109263.2,109382.1,109234.0,109315.4,701.321
2025-10-19 19:00:00+00:00,109315.3,109315.4,108803.5,109015.3,1271.362
2025-10-19 19:15:00+00:00,109015.3,109130.0,108983.5,109079.7,496.754
2025-10-19 19:30:00+00:00,109079.7,109079.7,108713.0,108865.6,1016.685
2025-10-19 19:45:00+00:00,108865.7,108909.4,108739.5,108850.0,586.894
2025-10-19 20:00:00+00:00,108850.1,108932.2,108751.8,108821.8,543.127
2025-10-19 20:15:00+00:00,108821.9,108891.3,108773.3,108889.6,545.812
2025-10-19 20:30:00+00:00,108889.7,108918.7,108766.1,108845.8,374.371
2025-10-19 20:45:00+00:00,108845.9,108939.0,108781.1,108790.6,495.674
2025-10-19 21:00:00+00:00,108790.6,108817.6,108662.0,108720.4,558.778
2025-10-19 21:15:00+00:00,108720.4,108729.4,108556.4,108567.7,678.114
2025-10-19 21:30:00+00:00,108567.8,108729.5,108567.7,108701.0,326.606
2025-10-19 21:45:00+00:00,108701.0,108726.8,108579.2,108691.2,269.576
2025-10-19 22:00:00+00:00,108691.3,109046.6,108691.3,109004.2,1111.759
2025-10-19 22:15:00+00:00,109004.1,109198.3,108973.0,109130.8,687.996
2025-10-19 22:30:00+00:00,109130.9,109340.7,109128.3,109224.8,769.917
2025-10-19 22:45:00+00:00,109224.9,109280.0,109041.5,109088.9,480.137
2025-10-19 23:00:00+00:00,109088.8,109088.9,108770.6,108790.8,658.492
2025-10-19 23:15:00+00:00,108790.7,108859.2,108625.0,108719.8,763.71
2025-10-19 23:30:00+00:00,108719.9,108766.8,108366.4,108490.4,1159.537
2025-10-19 23:45:00+00:00,108490.4,108600.2,108391.2,108586.2,948.537
2025-10-20 00:00:00+00:00,108586.2,108586.2,107980.8,108030.0,2347.999
2025-10-20 00:15:00+00:00,108030.0,108075.8,107430.5,107614.1,3809.427
2025-10-20 00:30:00+00:00,107614.2,108068.1,107377.2,107791.6,2508.919
2025-10-20 00:45:00+00:00,107791.6,108075.1,107750.0,108011.1,1226.841
2025-10-20 01:00:00+00:00,108011.1,108257.3,107841.7,108064.9,1456.97
2025-10-20 01:15:00+00:00,108064.9,108167.8,107849.5,108072.8,790.829
2025-10-20 01:30:00+00:00,108072.8,108180.0,107912.5,108039.4,760.148
2025-10-20 01:45:00+00:00,108039.5,108193.6,107960.0,108011.8,1204.791
2025-10-20 02:00:00+00:00,108011.9,108071.7,107801.9,107962.4,1107.94
2025-10-20 02:15:00+00:00,107962.3,108476.9,107943.5,108405.9,1335.08
2025-10-20 02:30:00+00:00,108405.9,108752.4,108260.0,108703.2,1580.081
2025-10-20 02:45:00+00:00,108703.2,108935.8,108606.3,108714.3,1221.99
2025-10-20 03:00:00+00:00,108714.3,108730.0,108511.9,108663.9,636.203
2025-10-20 03:15:00+00:00,108663.9,108920.1,108614.7,108728.6,856.104
2025-10-20 03:30:00+00:00,108728.7,109200.0,108607.6,109080.0,1469.247
2025-10-20 03:45:00+00:00,109080.0,110404.3,109020.3,110100.4,8619.651
2025-10-20 04:00:00+00:00,110100.3,110490.4,110030.4,110344.8,3485.241
2025-10-20 04:15:00+00:00,110344.7,110430.5,109875.0,110001.0,3547.468
2025-10-20 04:30:00+00:00,110001.0,110258.3,110001.0,110190.0,1313.874
2025-10-20 04:45:00+00:00,110190.0,110405.3,110135.6,110369.3,1458.653
2025-10-20 05:00:00+00:00,110369.2,110555.0,110232.1,110475.4,1419.468
2025-10-20 05:15:00+00:00,110475.4,110677.2,110384.2,110510.4,1849.603
2025-10-20 05:30:00+00:00,110510.5,110753.5,110486.2,110733.8,1687.004
2025-10-20 05:45:00+00:00,110733.9,111074.2,110642.5,110973.6,2729.128
2025-10-20 06:00:00+00:00,110973.7,111180.0,110933.5,111088.9,2167.486
2025-10-20 06:15:00+00:00,111089.0,111238.2,110943.1,110992.0,1852.323
2025-10-20 06:30:00+00:00,110992.0,111321.5,110989.4,111251.1,1408.887
2025-10-20 06:45:00+00:00,111251.1,111311.0,111103.3,111232.1,934.604
2025-10-20 07:00:00+00:00,111232.1,111257.2,111048.4,111204.0,1396.623
2025-10-20 07:15:00+00:00,111204.0,111350.0,111165.0,111296.4,1084.107
2025-10-20 07:30:00+00:00,111296.5,111296.5,111076.1,111184.4,1325.977
2025-10-20 07:45:00+00:00,111184.4,111211.6,111000.0,111126.2,1161.47
2025-10-20 08:00:00+00:00,111126.2,111159.4,110982.8,111117.9,1173.121
2025-10-20 08:15:00+00:00,111117.9,111212.7,110888.0,111212.6,1391.281
2025-10-20 08:30:00+00:00,111212.7,111650.0,111100.0,111256.3,3265.429
2025-10-20 08:45:00+00:00,111256.2,111349.6,111001.5,111031.4,932.545
2025-10-20 09:00:00+00:00,111031.4,111151.4,110902.0,111072.8,982.361
2025-10-20 09:15:00+00:00,111072.8,111102.5,110650.0,110759.7,2209.136
2025-10-20 09:30:00+00:00,110759.8,110820.0,110650.0,110800.1,964.092
2025-10-20 09:45:00+00:00,110800.0,110983.7,110692.3,110921.0,906.785
2025-10-20 10:00:00+00:00,110920.9,111012.5,110795.9,110921.1,801.64
2025-10-20 10:15:00+00:00,110921.2,110994.7,110818.1,110975.4,563.766
2025-10-20 10:30:00+00:00,110975.4,111061.3,110856.9,110879.5,601.718
2025-10-20 10:45:00+00:00,110879.5,110907.8,110595.1,110692.1,1298.907
2025-10-20 11:00:00+00:00,110692.0,110724.6,110552.3,110654.6,1321.338
2025-10-20 11:15:00+00:00,110654.5,110858.6,110644.6,110765.2,970.137
2025-10-20 11:30:00+00:00,110765.2,110792.7,110665.1,110700.1,451.168
2025-10-20 11:45:00+00:00,110700.0,110988.0,110680.1,110969.5,1428.992
2025-10-20 12:00:00+00:00,110969.5,110977.5,110810.0,110852.1,715.36
2025-10-20 12:15:00+00:00,110852.0,111062.8,110811.1,111009.5,798.976
2025-10-20 12:30:00+00:00,111009.5,111191.2,110836.9,110876.8,1119.26
2025-10-20 12:45:00+00:00,110876.8,110948.7,110728.6,110796.4,793.897
2025-10-20 13:00:00+00:00,110796.3,110835.8,110522.9,110563.8,1364.4
2025-10-20 13:15:00+00:00,110563.9,110728.9,110535.2,110697.6,1070.767
2025-10-20 13:30:00+00:00,110697.6,110933.4,110583.4,110864.9,1823.853
2025-10-20 13:45:00+00:00,110864.9,111173.3,110851.2,111098.3,1448.267
2025-10-20 14:00:00+00:00,111098.4,111253.8,110911.0,110932.8,1615.925
2025-10-20 14:15:00+00:00,110932.7,111257.6,110657.9,111220.9,1598.99
2025-10-20 14:30:00+00:00,111220.9,111249.7,110928.0,111041.2,1186.901
2025-10-20 14:45:00+00:00,111041.2,111350.0,111041.2,111153.4,1201.697
2025-10-20 15:00:00+00:00,111153.3,111552.3,110949.5,110969.1,3057.905
2025-10-20 15:15:00+00:00,110969.8,111256.0,110936.0,111231.4,1234.032
2025-10-20 15:30:00+00:00,111231.3,111324.7,111117.8,111316.0,673.056
2025-10-20 15:45:00+00:00,111316.1,111649.0,111052.4,111079.1,2300.302
2025-10-20 16:00:00+00:00,111079.2,111255.0,110500.0,111000.1,4397.967
2025-10-20 16:15:00+00:00,111000.2,111225.8,110816.4,110928.8,1684.047
2025-10-20 16:30:00+00:00,110928.8,110928.8,110326.2,110429.0,4744.273
2025-10-20 16:45:00+00:00,110429.1,110660.0,110050.0,110634.3,3755.492
2025-10-20 17:00:00+00:00,110634.3,111042.5,110435.0,110516.6,2491.881
2025-10-20 17:15:00+00:00,110516.7,110614.8,110250.0,110322.5,1084.733
2025-10-20 17:30:00+00:00,110322.6,110345.1,109800.0,109890.1,2236.511
2025-10-20 17:45:00+00:00,109890.0,110452.0,109872.2,110244.1,2176.033
2025-10-20 18:00:00+00:00,110244.2,110504.5,110211.6,110281.0,788.115
2025-10-20 18:15:00+00:00,110281.0,110646.3,110160.0,110612.4,879.185
2025-10-20 18:30:00+00:00,110612.4,110772.0,110522.4,110729.9,924.268
2025-10-20 18:45:00+00:00,110729.9,110927.3,110672.6,110877.7,748.614
2025-10-20 19:00:00+00:00,110877.7,111047.5,110659.2,110747.0,1078.048
2025-10-20 19:15:00+00:00,110747.0,110785.0,110466.0,110750.1,852.745
2025-10-20 19:30:00+00:00,110750.1,110892.4,110660.4,110795.0,675.279
2025-10-20 19:45:00+00:00,110795.0,110900.0,110709.3,110735.0,862.782
2025-10-20 20:00:00+00:00,110735.1,111215.3,110585.3,110944.1,1416.968
2025-10-20 20:15:00+00:00,110944.2,111040.5,110837.3,110973.7,784.014
2025-10-20 20:30:00+00:00,110973.7,111038.9,110863.9,111038.9,309.517
2025-10-20 20:45:00+00:00,111039.0,111084.9,110883.3,111037.2,485.87
2025-10-20 21:00:00+00:00,111037.2,111197.0,110966.7,110966.7,610.623
2025-10-20 21:15:00+00:00,110966.7,110966.8,110722.7,110823.9,513.19
2025-10-20 21:30:00+00:00,110823.8,110825.3,110588.8,110622.8,690.002
2025-10-20 21:45:00+00:00,110622.9,110624.1,110385.0,110506.9,929.767
2025-10-20 22:00:00+00:00,110506.8,110627.3,110355.0,110607.3,566.625
2025-10-20 22:15:00+00:00,110607.2,110731.9,110607.2,110608.2,422.388
2025-10-20 22:30:00+00:00,110608.1,110808.8,110604.8,110779.7,308.538
2025-10-20 22:45:00+00:00,110779.7,110792.4,110662.3,110731.5,264.29
2025-10-20 23:00:00+00:00,110731.5,110765.8,110499.9,110524.5,374.696
2025-10-20 23:15:00+00:00,110524.5,110729.0,110465.6,110706.2,512.343
2025-10-20 23:30:00+00:00,110706.2,110706.2,110507.0,110507.1,558.543
2025-10-20 23:45:00+00:00,110507.1,110612.7,110458.1,110469.9,499.462
2025-10-21 00:00:00+00:00,110469.9,110470.0,110097.4,110110.0,1438.11
2025-10-21 00:15:00+00:00,110110.0,110368.7,110110.0,110270.1,543.969
2025-10-21 00:30:00+00:00,110270.1,110453.8,110207.4,110440.5,468.959
2025-10-21 00:45:00+00:00,110440.4,110486.3,110346.3,110399.0,550.865
2025-10-21 01:00:00+00:00,110399.1,110438.9,110058.0,110072.1,1088.914
2025-10-21 01:15:00+00:00,110072.1,110251.2,110064.0,110224.5,346.525
2025-10-21 01:30:00+00:00,110224.5,110255.3,110035.0,110050.1,513.937
2025-10-21 01:45:00+00:00,110050.0,110160.6,109345.0,109804.2,3491.91
2025-10-21 02:00:00+00:00,109804.2,109866.0,109370.8,109579.5,1702.498
2025-10-21 02:15:00+00:00,109579.6,109624.2,109250.0,109429.9,1252.184
2025-10-21 02:30:00+00:00,109429.9,109700.0,109318.2,109550.1,1612.194
2025-10-21 02:45:00+00:00,109550.1,109619.0,109371.1,109459.3,665.72
2025-10-21 03:00:00+00:00,109459.3,109572.3,109350.0,109384.9,1019.774
2025-10-21 03:15:00+00:00,109384.9,109513.9,109200.0,109393.1,1230.739
2025-10-21 03:30:00+00:00,109393.1,109527.0,109360.0,109422.2,555.753
2025-10-21 03:45:00+00:00,109422.2,109422.2,109005.0,109005.0,1495.047
2025-10-21 04:00:00+00:00,109005.1,109005.1,107918.4,108247.1,7550.201
2025-10-21 04:15:00+00:00,108247.2,108293.9,107971.7,108181.9,2320.604
2025-10-21 04:30:00+00:00,108181.9,108181.9,107755.1,107845.2,3094.066
2025-10-21 04:45:00+00:00,107845.2,107964.5,107592.0,107743.4,2280.396
2025-10-21 05:00:00+00:00,107743.5,107937.1,107489.0,107672.1,2692.533
2025-10-21 05:15:00+00:00,107672.1,107887.8,107504.7,107842.2,2872.496
2025-10-21 05:30:00+00:00,107842.1,107943.5,107400.0,107651.6,3232.264
2025-10-21 05:45:00+00:00,107651.5,107780.6,107418.1,107498.0,1446.431
2025-10-21 06:00:00+00:00,107498.0,107694.1,107450.2,107595.8,1041.715
2025-10-21 06:15:00+00:00,107595.9,108183.3,107583.9,107930.4,2432.968
2025-10-21 06:30:00+00:00,107930.5,108032.7,107781.8,107872.2,961.59
2025-10-21 06:45:00+00:00,107872.2,108076.2,107813.8,107868.4,915.268
2025-10-21 07:00:00+00:00,107868.2,107891.6,107585.6,107602.4,984.084
2025-10-21 07:15:00+00:00,107602.4,108000.0,107593.6,107996.7,702.973
2025-10-21 07:30:00+00:00,107996.6,108112.8,107905.2,107987.8,1089.504
2025-10-21 07:45:00+00:00,107987.8,108154.0,107947.0,108020.0,923.913
2025-10-21 08:00:00+00:00,108019.9,108044.2,107695.7,107752.0,1255.614
2025-10-21 08:15:00+00:00,107752.0,107898.2,107652.0,107793.6,707.334
2025-10-21 08:30:00+00:00,107793.5,107796.0,107467.5,107546.9,1195.751
2025-10-21 08:45:00+00:00,107547.0,107799.9,107432.8,107649.7,1451.857
2025-10-21 09:00:00+00:00,107649.7,107807.0,107496.0,107740.0,836.358
2025-10-21 09:15:00+00:00,107740.0,107810.0,107615.3,107735.6,580.061
2025-10-21 09:30:00+00:00,107735.6,107820.0,107613.6,107653.3,526.283
2025-10-21 09:45:00+00:00,107653.4,107753.2,107653.3,107708.7,263.114
2025-10-21 10:00:00+00:00,107708.6,107870.0,107642.5,107717.0,600.99
2025-10-21 10:15:00+00:00,107717.0,107719.2,107524.3,107594.9,516.955
2025-10-21 10:30:00+00:00,107594.9,108074.9,107572.3,107953.6,3469.72
2025-10-21 10:45:00+00:00,107953.6,108772.4,107953.6,108445.4,4679.718
2025-10-21 11:00:00+00:00,108445.3,108468.9,108102.3,108277.2,1854.513
2025-10-21 11:15:00+00:00,108277.2,108433.4,108215.0,108283.5,749.35
2025-10-21 11:30:00+00:00,108283.5,108462.0,108182.7,108359.4,1033.653
2025-10-21 11:45:00+00:00,108359.3,108600.0,108358.6,108519.4,680.902
2025-10-21 12:00:00+00:00,108519.4,108583.9,108417.0,108417.0,729.811
2025-10-21 12:15:00+00:00,108417.0,109439.8,108414.0,109079.9,5243.189
2025-10-21 12:30:00+00:00,109079.9,109329.3,108815.5,109281.7,2390.328
2025-10-21 12:45:00+00:00,109281.6,109439.4,108706.2,108733.8,2471.929
2025-10-21 13:00:00+00:00,108733.7,108852.8,107677.0,108529.1,4529.421
2025-10-21 13:15:00+00:00,108529.2,108758.5,108387.7,108657.0,1403.073
2025-10-21 13:30:00+00:00,108656.9,108834.5,108253.7,108570.3,2197.985
2025-10-21 13:45:00+00:00,108570.3,108570.3,108100.0,108384.4,1897.047
2025-10-21 14:00:00+00:00,108384.4,109763.8,108352.5,109696.2,5681.214
2025-10-21 14:15:00+00:00,109696.2,110555.1,109444.8,109618.6,9063.076
2025-10-21 14:30:00+00:00,109618.6,110070.7,109600.0,109882.4,2980.639
2025-10-21 14:45:00+00:00,109882.3,112292.1,109701.0,112127.5,11707.76
2025-10-21 15:00:00+00:00,112127.6,112877.9,111643.1,112325.4,11164.192
2025-10-21 15:15:00+00:00,112325.3,113100.0,112176.0,112900.0,5202.64
2025-10-21 15:30:00+00:00,112899.9,113288.2,112655.0,113267.1,5956.47
2025-10-21 15:45:00+00:00,113267.0,113480.0,113013.5,113355.2,4313.842
2025-10-21 16:00:00+00:00,113355.2,113500.0,113030.2,113458.2,3477.949
2025-10-21 16:15:00+00:00,113458.2,113800.0,113442.7,113599.9,3992.358
2025-10-21 16:30:00+00:00,113599.8,113940.0,113300.0,113361.1,5085.261
2025-10-21 16:45:00+00:00,113361.2,113540.3,112400.0,112507.2,7079.203
2025-10-21 17:00:00+00:00,112507.5,112947.8,112301.0,112657.5,5243.014
2025-10-21 17:15:00+00:00,112657.5,112726.7,111730.5,112320.0,7436.623
2025-10-21 17:30:00+00:00,112319.9,112540.0,112140.0,112428.8,3886.993
2025-10-21 17:45:00+00:00,112428.7,112485.1,111928.6,111960.1,3578.288
2025-10-21 18:00:00+00:00,111960.2,112261.2,111728.7,111838.1,2756.242
2025-10-21 18:15:00+00:00,111838.1,112108.5,111762.3,111790.5,1187.087
2025-10-21 18:30:00+00:00,111790.4,111902.1,111255.9,111602.3,3179.125
2025-10-21 18:45:00+00:00,111602.2,111994.5,111586.1,111934.5,1228.548
2025-10-21 19:00:00+00:00,111934.5,112110.4,111888.0,112110.4,750.346
2025-10-21 19:15:00+00:00,112110.4,112147.4,111567.7,111667.1,1067.765
2025-10-21 19:30:00+00:00,111667.0,111773.6,111501.7,111761.8,993.071
2025-10-21 19:45:00+00:00,111761.7,111974.3,111695.2,111720.7,797.275
2025-10-21 20:00:00+00:00,111720.7,111747.7,111124.9,111253.0,2165.624
2025-10-21 20:15:00+00:00,111253.1,111307.0,110468.0,110783.3,3967.281
2025-10-21 20:30:00+00:00,110783.3,111046.3,110640.0,110874.5,983.96
2025-10-21 20:45:00+00:00,110874.5,111052.7,110727.7,110733.0,777.549
2025-10-21 21:00:00+00:00,110733.0,111058.1,110611.9,111045.0,964.733
2025-10-21 21:15:00+00:00,111045.0,111068.7,110016.3,110444.4,3493.477
2025-10-21 21:30:00+00:00,110444.4,110849.0,110335.3,110842.3,896.282
2025-10-21 21:45:00+00:00,110842.2,110915.2,110646.4,110772.6,630.256
2025-10-21 22:00:00+00:00,110772.5,110772.5,109950.0,110372.8,2759.573
2025-10-21 22:15:00+00:00,110372.7,110463.2,109503.6,109553.5,3654.748
2025-10-21 22:30:00+00:00,109553.5,109748.6,108005.0,109102.6,8160.199
2025-10-21 22:45:00+00:00,109102.6,109366.8,108869.0,109008.0,2132.338
2025-10-21 23:00:00+00:00,109008.0,109262.0,108888.3,109154.5,1400.718
2025-10-21 23:15:00+00:00,109154.5,109367.0,109000.0,109059.4,1574.296
2025-10-21 23:30:00+00:00,109059.3,109059.4,108000.0,108449.6,4271.108
2025-10-21 23:45:00+00:00,108449.7,108560.5,108240.4,108253.7,1703.243
2025-10-22 00:00:00+00:00,108253.8,108600.0,108122.2,108500.0,2323.682
2025-10-22 00:15:00+00:00,108500.0,108506.4,107800.0,107950.0,2315.166
2025-10-22 00:30:00+00:00,107950.0,108280.0,107777.1,108022.0,2582.577
2025-10-22 00:45:00+00:00,108022.2,108160.4,107930.0,107930.1,1107.758
2025-10-22 01:00:00+00:00,107930.1,108410.8,107930.0,108353.3,2424.89
2025-10-22 01:15:00+00:00,108353.2,108353.2,107964.1,108110.5,1609.164
2025-10-22 01:30:00+00:00,108110.4,108236.1,107980.5,108207.0,884.657
2025-10-22 01:45:00+00:00,108207.1,108417.6,108073.2,108313.6,1393.454
2025-10-22 02:00:00+00:00,108313.6,108649.4,108278.2,108615.5,1442.89
2025-10-22 02:15:00+00:00,108615.4,108627.2,108408.0,108532.5,821.878
2025-10-22 02:30:00+00:00,108532.5,108532.5,108213.1,108249.4,899.953
2025-10-22 02:45:00+00:00,108249.3,108310.1,108159.3,108159.3,748.064
2025-10-22 03:00:00+00:00,108159.3,108184.0,107935.2,107975.7,1110.332
2025-10-22 03:15:00+00:00,107975.7,108170.0,107802.3,108110.1,1551.299
2025-10-22 03:30:00+00:00,108110.0,108149.4,107909.1,107994.6,687.954
2025-10-22 03:45:00+00:00,107994.7,108179.2,107946.2,108174.1,805.256
2025-10-22 04:00:00+00:00,108174.0,108449.0,108106.8,108398.3,1346.406
2025-10-22 04:15:00+00:00,108398.2,108498.6,108316.4,108321.6,789.1
2025-10-22 04:30:00+00:00,108321.5,108500.0,108303.2,108436.3,781.147
2025-10-22 04:45:00+00:00,108436.2,108570.7,108406.8,108554.4,949.544
2025-10-22 05:00:00+00:00,108554.5,108581.9,108279.8,108294.5,1109.706
2025-10-22 05:15:00+00:00,108294.5,108325.7,107886.2,107997.2,1715.365
2025-10-22 05:30:00+00:00,107997.2,108071.7,107821.6,107913.9,1219.374
2025-10-22 05:45:00+00:00,107913.9,108150.1,107874.5,108118.7,904.221
2025-10-22 06:00:00+00:00,108118.7,108118.8,107984.4,108086.1,533.615
2025-10-22 06:15:00+00:00,108086.1,108300.0,108003.3,108199.3,725.057
2025-10-22 06:30:00+00:00,108199.2,108238.0,107889.5,107978.1,1586.537
2025-10-22 06:45:00+00:00,107978.0,108035.0,107897.8,107936.7,621.149
2025-10-22 07:00:00+00:00,107936.7,107968.1,107558.1,107569.4,2662.137
2025-10-22 07:15:00+00:00,107569.3,107968.1,107560.2,107948.8,1784.239
2025-10-22 07:30:00+00:00,107948.7,108257.4,107916.7,108121.1,1524.299
2025-10-22 07:45:00+00:00,108121.0,108284.2,108035.6,108284.1,1521.026
2025-10-22 08:00:00+00:00,108284.1,108284.2,108035.6,108052.1,718.797
2025-10-22 08:15:00+00:00,108052.1,108313.8,108037.2,108209.0,644.311
2025-10-22 08:30:00+00:00,108208.9,108268.4,108079.7,108258.2,556.745
2025-10-22 08:45:00+00:00,108258.1,108313.3,108136.7,108171.2,837.624
2025-10-22 09:00:00+00:00,108171.2,108219.0,107926.2,107945.9,998.587
2025-10-22 09:15:00+00:00,107945.8,108164.6,107799.8,108160.3,1160.741
2025-10-22 09:30:00+00:00,108160.2,108235.4,107801.2,107810.4,899.685
2025-10-22 09:45:00+00:00,107810.4,108060.9,107708.2,107907.9,1106.508
2025-10-22 10:00:00+00:00,107907.9,108055.5,107791.8,107909.2,874.528
2025-10-22 10:15:00+00:00,107909.2,108079.0,107781.0,107884.8,858.782
2025-10-22 10:30:00+00:00,107884.8,107939.0,107760.0,107787.4,454.332
2025-10-22 10:45:00+00:00,107787.3,107787.4,107588.0,107613.5,1023.365
2025-10-22 11:00:00+00:00,107613.5,107967.1,106360.3,107929.4,11400.396
2025-10-22 11:15:00+00:00,107929.5,108188.9,107731.3,107768.9,3913.533
2025-10-22 11:30:00+00:00,107768.9,107945.6,107633.0,107669.9,1301.436
2025-10-22 11:45:00+00:00,107669.9,107686.7,107282.5,107501.7,2201.943
2025-10-22 12:00:00+00:00,107501.7,107700.0,107389.4,107647.9,1619.401
2025-10-22 12:15:00+00:00,107648.0,108081.6,107648.0,107934.1,3062.835
2025-10-22 12:30:00+00:00,107934.2,108349.1,107863.9,108130.1,1779.782
2025-10-22 12:45:00+00:00,108130.1,108130.2,107893.3,107976.9,1102.694
2025-10-22 13:00:00+00:00,107976.9,108350.5,107864.4,108267.8,1357.158
2025-10-22 13:15:00+00:00,108267.8,108271.1,108013.3,108052.5,1124.502
2025-10-22 13:30:00+00:00,108052.5,108439.8,107550.4,108019.2,4661.333
2025-10-22 13:45:00+00:00,108019.9,109000.0,107726.0,108728.0,7420.312
2025-10-22 14:00:00+00:00,108728.1,108780.4,107945.9,108132.1,6242.276
2025-10-22 14:15:00+00:00,108132.2,108324.6,107415.1,107905.8,7980.102
2025-10-22 14:30:00+00:00,107905.8,108132.9,107650.0,107775.7,4570.145
2025-10-22 14:45:00+00:00,107775.7,108990.0,107619.6,108912.7,7287.494
2025-10-22 15:00:00+00:00,108913.2,109160.0,108311.0,108369.1,5151.793
2025-10-22 15:15:00+00:00,108369.2,108380.0,107710.0,107853.4,3488.614
2025-10-22 15:30:00+00:00,107853.5,108577.3,107706.0,108430.7,2977.04
2025-10-22 15:45:00+00:00,108430.6,108625.8,108169.3,108369.9,1245.627
2025-10-22 16:00:00+00:00,108369.8,108619.4,108209.5,108387.8,1310.072
2025-10-22 16:15:00+00:00,108387.9,108631.9,108024.0,108497.8,1693.959
2025-10-22 16:30:00+00:00,108497.7,108780.0,107805.0,108375.2,5389.134
2025-10-22 16:45:00+00:00,108375.2,108654.4,108145.9,108177.4,1187.502
2025-10-22 17:00:00+00:00,108177.5,108310.9,108008.2,108145.8,923.903
2025-10-22 17:15:00+00:00,108145.8,108153.0,107825.9,107911.2,1650.107
2025-10-22 17:30:00+00:00,107911.1,108210.3,107706.1,107824.5,1414.284
2025-10-22 17:45:00+00:00,107824.5,107948.2,107526.3,107743.4,1575.954
2025-10-22 18:00:00+00:00,107743.3,107961.0,107664.1,107686.0,989.046
2025-10-22 18:15:00+00:00,107685.9,108026.3,107416.1,107976.4,1727.358
2025-10-22 18:30:00+00:00,107976.4,108181.4,107830.8,107907.1,1177.126
2025-10-22 18:45:00+00:00,107907.2,108023.5,107816.4,107987.8,867.076
2025-10-22 19:00:00+00:00,107987.7,108346.7,107865.7,108115.8,1389.693
2025-10-22 19:15:00+00:00,108115.8,108379.3,108056.2,108066.0,818.136
2025-10-22 19:30:00+00:00,108066.0,108206.1,107966.5,107967.4,909.148
2025-10-22 19:45:00+00:00,107967.3,108062.4,107491.8,107829.0,1794.311
2025-10-22 20:00:00+00:00,107829.1,108032.0,107821.0,107836.8,745.812
2025-10-22 20:15:00+00:00,107836.9,107836.9,107577.0,107584.1,637.514
2025-10-22 20:30:00+00:00,107584.0,107881.7,107480.0,107831.7,1147.819
2025-10-22 20:45:00+00:00,107831.7,107831.8,107453.9,107644.4,1893.703
2025-10-22 21:00:00+00:00,107644.4,107694.6,106588.0,107088.2,5346.134
2025-10-22 21:15:00+00:00,107088.3,107262.0,106675.1,106729.6,1788.419
2025-10-22 21:30:00+00:00,106729.5,107080.3,106694.5,106894.1,1247.035
2025-10-22 21:45:00+00:00,106894.1,107289.2,106894.1,107159.8,1106.358
2025-10-22 22:00:00+00:00,107159.7,107650.2,107101.5,107377.1,1977.823
2025-10-22 22:15:00+00:00,107377.2,107396.2,106849.8,107008.0,1204.454
2025-10-22 22:30:00+00:00,107007.9,107279.9,106933.3,107258.6,980.047
2025-10-22 22:45:00+00:00,107258.5,107290.1,106937.9,107142.6,818.53
2025-10-22 23:00:00+00:00,107142.6,107542.2,107110.4,107351.6,1258.872
2025-10-22 23:15:00+00:00,107351.6,107862.3,107343.5,107741.1,1701.106
2025-10-22 23:30:00+00:00,107741.2,107898.9,107592.1,107592.1,1119.428
2025-10-22 23:45:00+00:00,107592.1,107691.6,107523.4,107532.0,599.803
2025-10-23 00:00:00+00:00,107532.1,107672.5,107462.9,107647.8,697.175
2025-10-23 00:15:00+00:00,107647.8,107797.3,107463.2,107555.0,751.06
2025-10-23 00:30:00+00:00,107555.0,107779.7,107524.5,107673.1,892.744
2025-10-23 00:45:00+00:00,107673.2,107954.5,107630.3,107815.7,776.468
2025-10-23 01:00:00+00:00,107815.6,108392.6,107769.1,108270.6,2804.941
2025-10-23 01:15:00+00:00,108270.6,108500.0,107982.3,108156.0,3805.269
2025-10-23 01:30:00+00:00,108155.9,108300.0,108084.3,108194.0,772.874
2025-10-23 01:45:00+00:00,108194.1,108209.1,108090.7,108107.7,361.471
2025-10-23 02:00:00+00:00,108107.6,108128.0,108010.8,108099.9,514.766
2025-10-23 02:15:00+00:00,108100.0,108348.8,108099.9,108159.0,794.252
2025-10-23 02:30:00+00:00,108159.0,108285.6,108136.9,108238.5,668.976
2025-10-23 02:45:00+00:00,108238.4,108370.0,108155.9,108370.0,609.283
2025-10-23 03:00:00+00:00,108370.0,108547.5,108290.5,108435.6,1026.633
2025-10-23 03:15:00+00:00,108435.6,108655.0,108435.3,108642.2,1154.577
2025-10-23 03:30:00+00:00,108642.3,108660.0,108343.1,108374.4,981.723
2025-10-23 03:45:00+00:00,108374.4,108374.4,108276.7,108322.2,548.762
2025-10-23 04:00:00+00:00,108322.2,108450.0,108290.3,108324.9,566.812
2025-10-23 04:15:00+00:00,108325.0,108566.2,108316.0,108506.3,450.768
2025-10-23 04:30:00+00:00,108506.3,108887.9,108405.0,108831.4,1138.609
2025-10-23 04:45:00+00:00,108831.4,108843.7,108581.8,108581.9,773.24
2025-10-23 05:00:00+00:00,108581.9,108776.8,108557.6,108765.9,740.173
2025-10-23 05:15:00+00:00,108765.9,108775.6,108681.2,108711.9,559.378
2025-10-23 05:30:00+00:00,108712.0,108742.1,108600.0,108600.8,576.641
2025-10-23 05:45:00+00:00,108600.9,108939.7,108591.7,108894.1,906.315
2025-10-23 06:00:00+00:00,108894.1,109063.6,108791.9,109022.8,1428.438
2025-10-23 06:15:00+00:00,109022.7,110152.9,109022.3,109823.6,8367.758
2025-10-23 06:30:00+00:00,109823.6,110049.9,109723.7,109967.9,1538.193
2025-10-23 06:45:00+00:00,109967.9,110275.9,109961.1,110180.2,2024.477
2025-10-23 07:00:00+00:00,110180.2,110214.7,109716.9,109753.1,2090.579
2025-10-23 07:15:00+00:00,109753.1,109833.1,109325.7,109500.1,2799.384
2025-10-23 07:30:00+00:00,109500.0,109568.7,109151.8,109383.3,1423.235
2025-10-23 07:45:00+00:00,109383.4,109515.4,109182.5,109228.6,1065.996
2025-10-23 08:00:00+00:00,109228.6,109721.0,109204.7,109667.1,1762.673
2025-10-23 08:15:00+00:00,109667.1,109867.7,109595.6,109735.4,1160.284
2025-10-23 08:30:00+00:00,109735.4,109758.7,109383.7,109532.8,1239.85
2025-10-23 08:45:00+00:00,109532.7,109652.4,109342.5,109459.3,546.967
2025-10-23 09:00:00+00:00,109459.2,109492.4,109064.6,109093.4,1453.193
2025-10-23 09:15:00+00:00,109093.4,109377.3,109076.9,109377.3,867.423
2025-10-23 09:30:00+00:00,109377.2,109390.8,109293.7,109326.7,332.74
2025-10-23 09:45:00+00:00,109326.8,109447.1,109246.6,109388.2,580.643
2025-10-23 10:00:00+00:00,109388.1,109544.0,109344.7,109542.6,806.53
2025-10-23 10:15:00+00:00,109542.5,109664.7,109469.4,109469.5,650.542
2025-10-23 10:30:00+00:00,109469.4,109521.7,109316.0,109396.9,723.146
2025-10-23 10:45:00+00:00,109396.9,109554.9,109367.8,109383.7,515.609
2025-10-23 11:00:00+00:00,109383.7,109451.2,109310.0,109348.6,401.349
2025-10-23 11:15:00+00:00,109348.6,109609.4,109217.0,109480.0,963.776
2025-10-23 11:30:00+00:00,109480.1,109506.4,109021.3,109169.7,1328.581
2025-10-23 11:45:00+00:00,109169.8,109300.8,109093.2,109218.5,749.969
2025-10-23 12:00:00+00:00,109218.5,109218.5,108639.4,108891.2,4124.547
2025-10-23 12:15:00+00:00,108891.2,109188.0,108808.8,109083.6,1122.486
2025-10-23 12:30:00+00:00,109083.5,109083.5,108750.0,109035.3,903.019
2025-10-23 12:45:00+00:00,109035.3,109159.5,108971.7,109135.0,893.543
2025-10-23 13:00:00+00:00,109134.9,109195.2,108750.3,109043.2,1257.74
2025-10-23 13:15:00+00:00,109043.2,109127.1,108897.8,109106.0,866.889
2025-10-23 13:30:00+00:00,109106.1,109577.3,108970.0,109330.0,3084.176
2025-10-23 13:45:00+00:00,109330.0,109584.8,109178.6,109450.0,1701.663
2025-10-23 14:00:00+00:00,109450.0,109513.8,108800.0,108858.8,2660.094
2025-10-23 14:15:00+00:00,108858.9,109430.0,108647.4,109255.6,2854.003
2025-10-23 14:30:00+00:00,109255.6,109851.6,109206.6,109503.9,2459.812
2025-10-23 14:45:00+00:00,109503.9,109676.0,109313.6,109544.2,1126.401
2025-10-23 15:00:00+00:00,109544.3,110088.0,109428.3,109818.2,2806.544
2025-10-23 15:15:00+00:00,109818.1,109867.7,109444.4,109724.7,1451.453
2025-10-23 15:30:00+00:00,109724.7,110056.0,109553.4,109653.2,2163.128
2025-10-23 15:45:00+00:00,109653.1,109999.0,109604.4,109849.0,819.206
2025-10-23 16:00:00+00:00,109849.0,110000.0,109707.2,109947.1,999.594
2025-10-23 16:15:00+00:00,109947.1,110050.0,109716.6,109765.1,759.219
2025-10-23 16:30:00+00:00,109765.2,109858.2,109581.7,109775.8,920.132
2025-10-23 16:45:00+00:00,109775.9,110551.2,109766.0,110197.8,3189.806
2025-10-23 17:00:00+00:00,110197.8,110219.5,109575.9,109880.7,2705.579
2025-10-23 17:15:00+00:00,109880.7,110150.0,109840.0,110148.4,929.21
2025-10-23 17:30:00+00:00,110148.5,110983.1,110046.5,110673.0,4210.23
2025-10-23 17:45:00+00:00,110673.1,111240.0,110673.0,111175.2,3483.23
2025-10-23 18:00:00+00:00,111175.6,111235.6,110692.1,110719.5,2444.548
2025-10-23 18:15:00+00:00,110719.4,110856.6,110431.5,110475.0,2074.371
2025-10-23 18:30:00+00:00,110475.0,110529.2,110334.9,110472.3,1224.489
2025-10-23 18:45:00+00:00,110472.4,110566.7,110199.3,110518.1,1081.48
2025-10-23 19:00:00+00:00,110518.2,110579.7,110041.6,110310.0,1210.702
2025-10-23 19:15:00+00:00,110310.1,110512.0,110147.5,110482.7,612.045
2025-10-23 19:30:00+00:00,110482.9,110485.8,110242.3,110285.4,373.4
2025-10-23 19:45:00+00:00,110285.5,110485.6,110137.8,110137.8,668.927
2025-10-23 20:00:00+00:00,110137.9,110145.8,109727.9,109852.1,2545.014
2025-10-23 20:15:00+00:00,109852.0,109979.6,109800.0,109905.8,557.288
2025-10-23 20:30:00+00:00,109905.8,110008.6,109740.1,109836.2,705.94
2025-10-23 20:45:00+00:00,109836.2,109850.0,109260.0,109469.9,2815.486
2025-10-23 21:00:00+00:00,109470.0,109668.4,109350.3,109668.4,1134.244
2025-10-23 21:15:00+00:00,109668.4,109677.9,109535.4,109604.1,480.077
2025-10-23 21:30:00+00:00,109604.1,109660.2,109313.6,109414.6,1001.687
2025-10-23 21:45:00+00:00,109414.5,109562.5,109414.5,109493.3,393.498
2025-10-23 22:00:00+00:00,109493.2,109956.8,109467.5,109814.8,1354.342
2025-10-23 22:15:00+00:00,109814.8,109944.9,109732.8,109932.8,438.318
2025-10-23 22:30:00+00:00,109932.9,110143.9,109925.8,109954.7,906.11
2025-10-23 22:45:00+00:00,109954.7,110011.1,109809.0,109890.0,562.499
2025-10-23 23:00:00+00:00,109890.0,109980.0,109782.7,109972.5,456.283
2025-10-23 23:15:00+00:00,109972.4,110050.2,109926.3,110018.8,490.204
2025-10-23 23:30:00+00:00,110018.7,110034.4,109914.9,110020.0,362.149
2025-10-23 23:45:00+00:00,110019.9,110034.0,109913.1,110025.9,561.667
2025-10-24 00:00:00+00:00,110026.0,110269.2,109927.8,110170.6,1453.549
2025-10-24 00:15:00+00:00,110170.5,110400.0,110082.0,110109.1,1388.601
2025-10-24 00:30:00+00:00,110109.1,110485.0,110068.4,110329.7,1058.649
2025-10-24 00:45:00+00:00,110329.6,110698.4,110329.6,110443.1,1306.556
2025-10-24 01:00:00+00:00,110443.2,110621.8,110426.4,110449.4,567.167
2025-10-24 01:15:00+00:00,110449.4,110452.1,110075.1,110184.9,1326.872
2025-10-24 01:30:00+00:00,110185.0,110359.0,110150.2,110358.9,612.225
2025-10-24 01:45:00+00:00,110359.0,110621.0,110358.9,110534.9,811.591
2025-10-24 02:00:00+00:00,110534.9,110545.0,110342.2,110400.0,447.108
2025-10-24 02:15:00+00:00,110400.0,110514.4,110284.8,110367.5,487.16
2025-10-24 02:30:00+00:00,110367.6,110645.9,110330.0,110641.7,747.048
2025-10-24 02:45:00+00:00,110641.7,110839.9,110507.4,110514.9,936.695
2025-10-24 03:00:00+00:00,110515.0,110587.9,110382.5,110446.3,553.95
2025-10-24 03:15:00+00:00,110446.2,110507.4,110397.3,110409.1,333.202
2025-10-24 03:30:00+00:00,110409.1,110444.5,110220.0,110371.8,729.955
2025-10-24 03:45:00+00:00,110371.7,110413.4,110243.8,110399.9,471.801
2025-10-24 04:00:00+00:00,110399.9,110584.1,110274.4,110570.2,508.894
2025-10-24 04:15:00+00:00,110570.1,110980.0,110483.3,110904.5,1683.482
2025-10-24 04:30:00+00:00,110904.4,111488.0,110890.5,111075.3,3685.065
2025-10-24 04:45:00+00:00,111075.3,111272.0,111029.8,111117.7,997.153
2025-10-24 05:00:00+00:00,111117.7,111178.0,110902.1,111087.8,1369.971
2025-10-24 05:15:00+00:00,111087.9,111128.9,110880.5,110946.1,817.269
2025-10-24 05:30:00+00:00,110946.1,111234.6,110916.6,111108.2,1213.304
2025-10-24 05:45:00+00:00,111108.2,111267.6,111090.9,111193.0,966.108
2025-10-24 06:00:00+00:00,111193.1,111200.0,111063.4,111167.3,574.938
2025-10-24 06:15:00+00:00,111167.2,111290.8,111075.0,111274.4,618.822
2025-10-24 06:30:00+00:00,111274.3,111450.0,111248.1,111373.9,908.106
2025-10-24 06:45:00+00:00,111373.9,111450.0,111289.3,111413.2,655.511
2025-10-24 07:00:00+00:00,111413.2,111498.8,111070.1,111088.0,1367.357
2025-10-24 07:15:00+00:00,111087.9,111184.9,111035.8,111173.7,635.911
2025-10-24 07:30:00+00:00,111173.7,111221.7,110843.0,110893.1,1319.745
2025-10-24 07:45:00+00:00,110893.1,111100.1,110723.9,111013.7,2198.055
2025-10-24 08:00:00+00:00,111013.7,111193.8,110759.0,111052.4,1634.141
2025-10-24 08:15:00+00:00,111052.3,111052.4,110758.9,110771.1,742.734
2025-10-24 08:30:00+00:00,110771.1,111072.9,110648.4,111056.3,1116.075
2025-10-24 08:45:00+00:00,111056.2,111188.5,111004.3,111045.8,1025.631
2025-10-24 09:00:00+00:00,111045.8,111340.9,110946.1,111294.0,1255.049
2025-10-24 09:15:00+00:00,111294.3,111400.0,111234.9,111389.1,595.052
2025-10-24 09:30:00+00:00,111389.1,111400.0,111160.7,111343.6,682.028
2025-10-24 09:45:00+00:00,111343.7,111438.3,111200.0,111280.0,658.189
2025-10-24 10:00:00+00:00,111280.1,111280.1,111134.3,111225.0,458.76
2025-10-24 10:15:00+00:00,111225.1,111230.9,111000.0,111034.7,745.495
2025-10-24 10:30:00+00:00,111034.9,111220.4,111034.9,111126.1,1246.293
2025-10-24 10:45:00+00:00,111126.1,111163.8,111033.2,111063.4,347.301
2025-10-24 11:00:00+00:00,111063.5,111229.9,111007.0,111190.2,505.509
2025-10-24 11:15:00+00:00,111190.2,111222.6,111030.4,111072.6,337.622
2025-10-24 11:30:00+00:00,111072.5,111072.6,110496.5,110940.7,2838.888
2025-10-24 11:45:00+00:00,110940.7,111078.4,110834.1,111006.7,987.334
2025-10-24 12:00:00+00:00,111006.7,111245.2,111006.7,111126.8,983.501
2025-10-24 12:15:00+00:00,111126.7,111133.5,110808.4,110947.2,1890.811
2025-10-24 12:30:00+00:00,110947.2,112086.0,110836.3,111501.3,9566.495
2025-10-24 12:45:00+00:00,111501.4,111524.9,111101.2,111247.5,1754.642
2025-10-24 13:00:00+00:00,111247.5,111386.4,111097.2,111135.2,1148.709
2025-10-24 13:15:00+00:00,111135.2,111343.7,111079.6,111175.2,929.865
2025-10-24 13:30:00+00:00,111175.2,111254.0,110600.0,110617.0,3674.808
2025-10-24 13:45:00+00:00,110617.1,110917.3,110316.0,110884.6,3507.011
2025-10-24 14:00:00+00:00,110884.6,110884.6,110127.9,110532.4,2788.501
2025-10-24 14:15:00+00:00,110532.4,110532.4,109650.0,109967.4,5564.151
2025-10-24 14:30:00+00:00,109967.3,110159.5,109703.1,110018.4,2613.056
2025-10-24 14:45:00+00:00,110018.3,110185.4,109833.6,110177.7,3531.683
2025-10-24 15:00:00+00:00,110177.8,110616.9,109978.6,110404.4,1987.948
2025-10-24 15:15:00+00:00,110404.4,110589.9,110262.6,110541.0,1246.884
2025-10-24 15:30:00+00:00,110541.0,110579.5,110029.3,110099.6,1283.219
2025-10-24 15:45:00+00:00,110099.7,110180.0,109832.1,110009.8,1405.91
2025-10-24 16:00:00+00:00,110009.9,110092.1,109752.8,109985.1,1209.759
2025-10-24 16:15:00+00:00,109985.1,110346.4,109985.1,110312.3,983.904
2025-10-24 16:30:00+00:00,110312.2,110319.2,109866.6,109954.8,773.826
2025-10-24 16:45:00+00:00,109954.9,110268.7,109906.8,110222.3,512.821
2025-10-24 17:00:00+00:00,110222.3,110418.6,110138.6,110193.2,693.192
2025-10-24 17:15:00+00:00,110193.1,110538.0,110143.0,110449.9,801.094
2025-10-24 17:30:00+00:00,110450.0,110458.6,110271.5,110308.1,363.214
2025-10-24 17:45:00+00:00,110308.2,110400.0,110170.6,110173.7,463.007
2025-10-24 18:00:00+00:00,110173.7,110463.0,110104.5,110443.4,611.044
2025-10-24 18:15:00+00:00,110443.4,110600.0,110425.0,110467.6,525.108
2025-10-24 18:30:00+00:00,110467.7,110550.0,110362.8,110550.0,337.3
2025-10-24 18:45:00+00:00,110550.0,110592.1,110441.4,110557.4,383.78
2025-10-24 19:00:00+00:00,110557.5,110841.0,110556.4,110670.7,1093.269
2025-10-24 19:15:00+00:00,110670.6,110907.1,110670.6,110897.9,899.091
2025-10-24 19:30:00+00:00,110898.0,110898.0,110582.5,110695.8,610.676
2025-10-24 19:45:00+00:00,110695.9,110709.3,110473.3,110571.3,634.668
2025-10-24 20:00:00+00:00,110571.4,110625.7,110431.0,110612.0,546.014
2025-10-24 20:15:00+00:00,110612.1,110746.6,110600.0,110687.5,288.17
2025-10-24 20:30:00+00:00,110687.5,110745.0,110612.1,110745.0,262.851
2025-10-24 20:45:00+00:00,110745.0,110989.3,110709.0,110853.0,696.958
2025-10-24 21:00:00+00:00,110853.0,110985.1,110530.0,110590.9,1554.147
2025-10-24 21:15:00+00:00,110590.9,111068.8,110590.8,110832.2,1409.627
2025-10-24 21:30:00+00:00,110832.2,110964.0,110787.6,110963.9,326.46
2025-10-24 21:45:00+00:00,110963.9,111063.9,110901.0,111029.1,602.378
2025-10-24 22:00:00+00:00,111029.1,111038.8,110869.6,110899.6,434.609
2025-10-24 22:15:00+00:00,110899.7,111013.5,110899.6,111012.4,262.26
2025-10-24 22:30:00+00:00,111012.5,111088.0,110935.7,110976.3,346.556
2025-10-24 22:45:00+00:00,110976.3,111004.7,110902.6,110964.3,371.39
2025-10-24 23:00:00+00:00,110964.3,110964.3,110840.3,110842.1,241.033
2025-10-24 23:15:00+00:00,110842.0,111028.3,110823.9,110988.8,294.897
2025-10-24 23:30:00+00:00,110988.8,111084.6,110895.1,110915.1,270.144
2025-10-24 23:45:00+00:00,110915.0,110965.4,110894.3,110965.4,151.17
2025-10-25 00:00:00+00:00,110965.4,111000.0,110812.0,110815.5,448.498
2025-10-25 00:15:00+00:00,110815.4,110842.3,110751.0,110804.1,327.686
2025-10-25 00:30:00+00:00,110804.1,110804.2,110655.0,110750.1,516.489
2025-10-25 00:45:00+00:00,110750.0,110915.5,110600.5,110720.7,713.921
2025-10-25 01:00:00+00:00,110720.7,110852.2,110700.0,110851.8,292.429
2025-10-25 01:15:00+00:00,110851.8,111107.1,110813.1,111059.3,568.898
2025-10-25 01:30:00+00:00,111059.4,111187.5,110883.0,110903.3,780.971
2025-10-25 01:45:00+00:00,110903.2,111033.2,110903.2,111026.7,201.401
2025-10-25 02:00:00+00:00,111026.7,111055.0,110902.0,110930.0,241.94
2025-10-25 02:15:00+00:00,110929.9,110969.5,110917.8,110955.0,145.771
2025-10-25 02:30:00+00:00,110955.1,110983.3,110923.2,110949.2,150.617
2025-10-25 02:45:00+00:00,110949.2,111081.4,110929.4,110976.4,347.293
2025-10-25 03:00:00+00:00,110976.5,111067.1,110958.2,111002.5,337.621
2025-10-25 03:15:00+00:00,111002.5,111083.1,110990.0,111028.7,360.054
2025-10-25 03:30:00+00:00,111028.7,111060.6,110983.1,111034.4,287.306
2025-10-25 03:45:00+00:00,111034.3,111034.4,110935.8,110962.3,239.05
2025-10-25 04:00:00+00:00,110962.3,111153.4,110962.3,111140.6,461.991
2025-10-25 04:15:00+00:00,111140.6,111487.6,111122.6,111241.6,1554.937
2025-10-25 04:30:00+00:00,111241.7,111318.6,111179.2,111226.3,444.667
2025-10-25 04:45:00+00:00,111226.4,111260.0,111160.7,111163.3,315.212
2025-10-25 05:00:00+00:00,111163.3,111193.4,111041.0,111089.1,451.505
2025-10-25 05:15:00+00:00,111089.1,111172.6,111030.4,111123.3,272.326
2025-10-25 05:30:00+00:00,111123.3,111237.9,111123.2,111229.1,237.642
2025-10-25 05:45:00+00:00,111229.2,111397.3,111227.0,111334.7,584.202
2025-10-25 06:00:00+00:00,111334.8,111447.6,111272.2,111358.7,579.133
2025-10-25 06:15:00+00:00,111358.6,111363.6,111246.8,111263.8,282.494
2025-10-25 06:30:00+00:00,111263.7,111312.3,111200.0,111312.3,373.828
2025-10-25 06:45:00+00:00,111312.3,111386.0,111308.7,111308.7,241.394
2025-10-25 07:00:00+00:00,111308.8,111428.2,111308.7,111399.9,285.721
2025-10-25 07:15:00+00:00,111400.0,111671.5,111400.0,111588.0,1504.895
2025-10-25 07:30:00+00:00,111587.9,111775.1,111423.8,111481.5,1081.062
2025-10-25 07:45:00+00:00,111481.5,111494.3,111386.2,111445.4,590.495
2025-10-25 08:00:00+00:00,111445.5,111545.9,111430.0,111544.1,381.973
2025-10-25 08:15:00+00:00,111544.2,111663.6,111494.8,111607.1,632.322
2025-10-25 08:30:00+00:00,111607.1,111615.1,111484.1,111559.2,578.273
2025-10-25 08:45:00+00:00,111559.2,111767.0,111559.2,111716.0,684.426
2025-10-25 09:00:00+00:00,111716.0,111789.4,111637.5,111735.0,735.494
2025-10-25 09:15:00+00:00,111734.9,111734.9,111539.1,111625.6,587.804
2025-10-25 09:30:00+00:00,111625.6,111707.6,111566.1,111676.6,421.41
2025-10-25 09:45:00+00:00,111676.5,111682.8,111432.0,111471.0,929.283
2025-10-25 10:00:00+00:00,111470.9,111542.5,111328.0,111368.1,966.198
2025-10-25 10:15:00+00:00,111368.1,111550.0,111368.1,111454.8,446.45
2025-10-25 10:30:00+00:00,111454.8,111671.9,111408.8,111621.6,558.097
2025-10-25 10:45:00+00:00,111621.6,111680.0,111510.9,111515.4,371.187
2025-10-25 11:00:00+00:00,111515.4,111560.8,111432.0,111485.4,266.252
2025-10-25 11:15:00+00:00,111485.5,111590.0,111485.4,111589.9,189.299
2025-10-25 11:30:00+00:00,111590.0,111615.2,111516.6,111534.3,324.445
2025-10-25 11:45:00+00:00,111534.3,111626.5,111505.4,111522.7,257.756
2025-10-25 12:00:00+00:00,111522.6,111618.6,111478.3,111618.5,416.577
2025-10-25 12:15:00+00:00,111618.5,111668.0,111600.0,111664.6,445.252
2025-10-25 12:30:00+00:00,111664.6,111664.6,111600.0,111664.6,244.695
2025-10-25 12:45:00+00:00,111664.6,111903.9,111650.0,111871.5,1699.536
2025-10-25 13:00:00+00:00,111871.4,111880.3,111682.0,111731.9,861.416
2025-10-25 13:15:00+00:00,111731.8,111816.5,111625.0,111727.2,568.856
2025-10-25 13:30:00+00:00,111727.3,111748.6,111512.3,111518.8,926.968
2025-10-25 13:45:00+00:00,111518.9,111638.0,111466.0,111626.9,411.601
2025-10-25 14:00:00+00:00,111626.8,111725.0,111626.8,111683.3,290.177
2025-10-25 14:15:00+00:00,111683.2,111686.5,111572.1,111572.1,488.617
2025-10-25 14:30:00+00:00,111572.1,111593.0,111450.0,111580.4,625.477
2025-10-25 14:45:00+00:00,111580.4,111580.5,111505.2,111546.6,279.47
2025-10-25 15:00:00+00:00,111546.5,111546.6,111349.4,111374.0,1012.143
2025-10-25 15:15:00+00:00,111374.1,111455.6,111374.1,111427.0,377.879
2025-10-25 15:30:00+00:00,111426.9,111496.0,111354.0,111454.3,432.713
2025-10-25 15:45:00+00:00,111454.2,111469.3,111255.2,111340.9,1269.27
2025-10-25 16:00:00+00:00,111341.0,111395.4,111094.4,111195.8,2861.532
2025-10-25 16:15:00+00:00,111195.8,111250.0,111170.4,111170.4,462.883
2025-10-25 16:30:00+00:00,111170.4,111240.0,111170.4,111225.9,215.708
2025-10-25 16:45:00+00:00,111225.9,111445.2,111225.8,111323.4,580.032
2025-10-25 17:00:00+00:00,111323.4,111420.0,111285.8,111372.7,226.184
2025-10-25 17:15:00+00:00,111372.7,111372.7,111275.1,111303.2,193.219
2025-10-25 17:30:00+00:00,111303.2,111311.5,111250.6,111278.7,171.688
2025-10-25 17:45:00+00:00,111278.7,111322.0,111230.6,111322.0,205.208
2025-10-25 18:00:00+00:00,111322.0,111396.3,111263.0,111387.4,238.25
2025-10-25 18:15:00+00:00,111387.4,111562.2,111354.4,111558.5,318.885
2025-10-25 18:30:00+00:00,111558.6,111682.2,111537.8,111619.9,592.781
2025-10-25 18:45:00+00:00,111619.9,111686.0,111540.0,111668.2,473.434
2025-10-25 19:00:00+00:00,111668.1,111668.1,111544.6,111547.5,348.29
2025-10-25 19:15:00+00:00,111547.5,111616.0,111547.5,111586.6,160.813
2025-10-25 19:30:00+00:00,111586.5,111684.3,111551.0,111587.3,311.328
2025-10-25 19:45:00+00:00,111587.3,111591.1,111519.9,111574.9,173.75
2025-10-25 20:00:00+00:00,111574.9,111607.9,111539.7,111539.7,158.314
2025-10-25 20:15:00+00:00,111539.7,111539.8,111475.0,111491.5,164.52
2025-10-25 20:30:00+00:00,111491.5,111491.6,111315.4,111424.8,485.466
2025-10-25 20:45:00+00:00,111424.9,111472.9,111315.2,111385.2,288.714
2025-10-25 21:00:00+00:00,111385.1,111416.5,111336.8,111413.5,220.838
2025-10-25 21:15:00+00:00,111413.4,111413.5,111316.3,111357.8,179.997
2025-10-25 21:30:00+00:00,111357.7,111364.4,111292.5,111309.5,227.165
2025-10-25 21:45:00+00:00,111309.6,111433.4,111291.0,111430.0,146.809
2025-10-25 22:00:00+00:00,111430.0,111430.0,111364.6,111368.4,191.362
2025-10-25 22:15:00+00:00,111368.4,111466.1,111360.0,111454.1,214.626
2025-10-25 22:30:00+00:00,111454.1,111572.6,111454.0,111555.6,258.933
2025-10-25 22:45:00+00:00,111555.6,111640.1,111544.0,111567.2,256.706
2025-10-25 23:00:00+00:00,111567.3,111623.6,111485.0,111596.2,313.325
2025-10-25 23:15:00+00:00,111596.2,111606.1,111509.0,111581.7,238.249
2025-10-25 23:30:00+00:00,111581.7,111581.7,111471.6,111503.8,171.609
2025-10-25 23:45:00+00:00,111503.9,111619.0,111475.2,111589.4,316.1
2025-10-26 00:00:00+00:00,111589.4,111589.5,111479.3,111526.4,316.117
2025-10-26 00:15:00+00:00,111526.4,111737.1,111523.3,111695.3,532.798
2025-10-26 00:30:00+00:00,111695.3,111838.5,111685.5,111794.3,723.808
2025-10-26 00:45:00+00:00,111794.2,111866.7,111625.0,111654.4,715.583
2025-10-26 01:00:00+00:00,111654.4,111799.0,111627.2,111747.6,431.534
2025-10-26 01:15:00+00:00,111747.6,111760.1,111635.8,111660.0,265.953
2025-10-26 01:30:00+00:00,111659.9,111733.2,111632.1,111693.7,218.285
2025-10-26 01:45:00+00:00,111693.7,111743.2,111455.9,111589.6,482.751
2025-10-26 02:00:00+00:00,111589.5,111589.6,111405.5,111504.7,422.084
2025-10-26 02:15:00+00:00,111504.7,111615.0,111488.8,111615.0,193.916
2025-10-26 02:30:00+00:00,111614.9,111636.3,111501.0,111538.8,383.124
2025-10-26 02:45:00+00:00,111538.8,111568.1,111353.2,111404.6,455.994
2025-10-26 03:00:00+00:00,111404.6,111417.3,111316.0,111410.1,376.161
2025-10-26 03:15:00+00:00,111410.1,111454.5,111385.0,111447.8,305.695
2025-10-26 03:30:00+00:00,111447.7,111448.0,111215.6,111222.6,505.297
2025-10-26 03:45:00+00:00,111222.7,111275.8,111200.0,111210.1,505.803
2025-10-26 04:00:00+00:00,111210.1,111319.2,111200.2,111319.2,292.665
2025-10-26 04:15:00+00:00,111319.1,111358.2,111250.0,111349.0,192.121
2025-10-26 04:30:00+00:00,111349.0,111407.2,111346.6,111372.5,164.514
2025-10-26 04:45:00+00:00,111372.5,111434.8,111372.4,111378.4,209.914
2025-10-26 05:00:00+00:00,111378.4,111437.5,111300.0,111437.5,304.979
2025-10-26 05:15:00+00:00,111437.5,111465.0,111414.9,111446.6,194.679
2025-10-26 05:30:00+00:00,111446.6,111584.7,111433.0,111578.4,438.157
2025-10-26 05:45:00+00:00,111578.5,111600.0,111542.2,111554.3,197.813
2025-10-26 06:00:00+00:00,111554.4,111554.4,111499.5,111518.7,180.597
2025-10-26 06:15:00+00:00,111518.7,111575.2,111485.0,111575.1,126.223
2025-10-26 06:30:00+00:00,111575.1,111630.6,111513.0,111562.4,219.404
2025-10-26 06:45:00+00:00,111562.3,111597.5,111527.6,111574.3,143.625
2025-10-26 07:00:00+00:00,111574.4,111655.0,111557.7,111621.1,243.65
2025-10-26 07:15:00+00:00,111621.0,111645.0,111587.1,111594.0,144.007
2025-10-26 07:30:00+00:00,111594.0,111651.4,111594.0,111614.7,201.143
2025-10-26 07:45:00+00:00,111614.7,111677.9,111614.7,111672.8,256.107
2025-10-26 08:00:00+00:00,111672.9,111792.9,111672.8,111752.9,442.539
2025-10-26 08:15:00+00:00,111752.9,111753.0,111683.0,111747.7,311.924
2025-10-26 08:30:00+00:00,111747.6,111795.9,111706.8,111788.9,373.862
2025-10-26 08:45:00+00:00,111788.9,111797.0,111712.8,111716.2,339.158
2025-10-26 09:00:00+00:00,111716.2,111729.8,111650.3,111650.5,427.941
2025-10-26 09:15:00+00:00,111650.4,112762.8,111650.4,112630.8,6455.095
2025-10-26 09:30:00+00:00,112630.7,112765.3,112150.1,112277.8,3482.997
2025-10-26 09:45:00+00:00,112277.7,112532.3,112170.0,112477.9,1626.165
2025-10-26 10:00:00+00:00,112478.0,112523.7,112256.2,112335.1,823.312
2025-10-26 10:15:00+00:00,112335.0,112362.7,112244.4,112280.0,612.608
2025-10-26 10:30:00+00:00,112280.1,112398.0,112130.0,112365.3,906.92
2025-10-26 10:45:00+00:00,112365.4,112456.1,112345.0,112425.2,590.259
2025-10-26 11:00:00+00:00,112425.2,112524.3,112368.8,112439.5,771.222
2025-10-26 11:15:00+00:00,112439.5,112697.9,112439.4,112649.5,1167.229
2025-10-26 11:30:00+00:00,112649.6,113355.6,112622.5,113273.5,4238.317
2025-10-26 11:45:00+00:00,113273.5,113442.5,112973.8,113235.2,3151.245
2025-10-26 12:00:00+00:00,113235.1,113800.0,113221.5,113695.6,4773.458
2025-10-26 12:15:00+00:00,113695.6,113786.9,113468.3,113596.9,1977.847
2025-10-26 12:30:00+00:00,113596.8,113697.9,113430.7,113451.2,1622.051
2025-10-26 12:45:00+00:00,113451.2,113726.7,113451.2,113530.7,1424.865
2025-10-26 13:00:00+00:00,113530.7,113620.9,113320.7,113352.3,2360.188
2025-10-26 13:15:00+00:00,113352.2,113650.0,113224.4,113586.5,1345.465
2025-10-26 13:30:00+00:00,113586.6,114000.0,113480.6,113796.2,2137.441
2025-10-26 13:45:00+00:00,113796.2,113961.7,113540.0,113669.4,2965.138
2025-10-26 14:00:00+00:00,113669.4,113773.3,113570.1,113753.0,983.979
2025-10-26 14:15:00+00:00,113753.0,113850.0,113594.3,113643.9,1703.54
2025-10-26 14:30:00+00:00,113644.0,113848.0,113574.7,113812.9,1311.2
2025-10-26 14:45:00+00:00,113812.8,113812.9,113450.7,113515.2,1416.61
2025-10-26 15:00:00+00:00,113515.3,113563.3,113400.0,113484.8,903.366
2025-10-26 15:15:00+00:00,113484.8,113560.0,113378.3,113470.8,692.127
2025-10-26 15:30:00+00:00,113470.8,113536.4,113406.1,113445.1,566.355
2025-10-26 15:45:00+00:00,113445.1,113700.0,113426.6,113648.1,747.908
2025-10-26 16:00:00+00:00,113648.0,113699.9,113390.7,113407.3,1071.092
2025-10-26 16:15:00+00:00,113407.2,113420.0,113231.2,113362.2,1235.336
2025-10-26 16:30:00+00:00,113362.2,113599.9,113273.6,113596.3,677.822
2025-10-26 16:45:00+00:00,113596.3,113730.7,113455.1,113463.3,1054.961
2025-10-26 17:00:00+00:00,113463.3,113720.7,113410.0,113634.3,700.008
2025-10-26 17:15:00+00:00,113634.3,113671.1,113571.2,113599.2,308.141
2025-10-26 17:30:00+00:00,113599.1,113621.2,113500.0,113506.0,187.782
2025-10-26 17:45:00+00:00,113506.0,113577.8,113389.5,113397.1,516.761
2025-10-26 18:00:00+00:00,113397.1,113537.0,113397.1,113528.7,289.708
2025-10-26 18:15:00+00:00,113528.6,113564.2,113424.1,113456.4,340.281
2025-10-26 18:30:00+00:00,113456.4,113774.5,113456.4,113645.2,859.061
2025-10-26 18:45:00+00:00,113645.1,113707.0,113524.8,113540.8,361.422
2025-10-26 19:00:00+00:00,113540.8,113556.0,113456.6,113507.0,268.075
2025-10-26 19:15:00+00:00,113507.0,113681.3,113456.8,113650.0,390.801
2025-10-26 19:30:00+00:00,113650.0,113660.0,113555.0,113562.9,309.093
2025-10-26 19:45:00+00:00,113562.9,113574.5,113508.7,113546.3,251.649
2025-10-26 20:00:00+00:00,113546.2,113546.2,113464.2,113495.3,191.299
2025-10-26 20:15:00+00:00,113495.4,113509.4,113316.9,113316.9,408.337
2025-10-26 20:30:00+00:00,113316.9,113445.5,113316.9,113441.3,252.736
2025-10-26 20:45:00+00:00,113441.3,113441.3,113244.2,113267.8,313.727
2025-10-26 21:00:00+00:00,113267.9,113425.0,113267.9,113362.2,305.954
2025-10-26 21:15:00+00:00,113362.2,113362.2,112800.0,113023.5,1635.874
2025-10-26 21:30:00+00:00,113023.6,113473.8,112928.6,113410.7,1397.428
2025-10-26 21:45:00+00:00,113410.7,113550.0,113326.0,113457.5,535.748
2025-10-26 22:00:00+00:00,113457.5,115521.7,113457.5,114576.3,11694.692
2025-10-26 22:15:00+00:00,114576.4,114651.4,114191.0,114344.1,1742.136
2025-10-26 22:30:00+00:00,114344.1,114534.7,114258.3,114492.7,1086.598
2025-10-26 22:45:00+00:00,114492.6,114749.4,114492.6,114631.8,1155.549
2025-10-26 23:00:00+00:00,114631.7,114923.3,114347.9,114423.0,2236.06
2025-10-26 23:15:00+00:00,114422.9,114532.1,114321.0,114334.4,777.069
2025-10-26 23:30:00+00:00,114334.4,114666.9,114325.2,114578.7,1007.157
2025-10-26 23:45:00+00:00,114578.6,114676.8,114351.0,114497.8,776.198
2025-10-27 00:00:00+00:00,114497.9,114859.4,114300.0,114820.0,1827.943
2025-10-27 00:15:00+00:00,114820.0,114925.4,114698.0,114817.6,1496.106
2025-10-27 00:30:00+00:00,114817.5,115129.1,114727.2,114836.7,1749.162
2025-10-27 00:45:00+00:00,114836.8,114849.9,114600.0,114705.0,830.802
2025-10-27 01:00:00+00:00,114705.0,114966.5,114650.0,114947.0,683.252
2025-10-27 01:15:00+00:00,114947.0,115200.0,114827.9,115097.0,1252.411
2025-10-27 01:30:00+00:00,115097.0,115340.1,115000.0,115164.4,1212.422
2025-10-27 01:45:00+00:00,115164.4,115343.1,115154.1,115217.8,773.618
2025-10-27 02:00:00+00:00,115217.7,115407.7,115209.0,115225.3,1322.933
2025-10-27 02:15:00+00:00,115225.4,115239.3,114907.1,114917.2,1597.533
2025-10-27 02:30:00+00:00,114917.2,115018.0,114770.1,114984.9,1658.023
2025-10-27 02:45:00+00:00,114984.9,115019.7,114769.3,114831.1,945.96
2025-10-27 03:00:00+00:00,114831.0,115097.3,114781.1,115043.8,758.182
2025-10-27 03:15:00+00:00,115043.8,115222.6,114880.0,114880.0,854.429
2025-10-27 03:30:00+00:00,114880.1,114976.6,114829.4,114856.1,458.406
2025-10-27 03:45:00+00:00,114856.1,115013.5,114825.0,114927.7,632.088
2025-10-27 04:00:00+00:00,114927.8,115185.0,114925.6,115168.1,1102.677
2025-10-27 04:15:00+00:00,115168.2,115218.1,115141.0,115166.5,814.762
2025-10-27 04:30:00+00:00,115166.5,115254.0,115156.8,115225.0,693.355
2025-10-27 04:45:00+00:00,115224.9,115251.2,115162.4,115215.5,575.43
2025-10-27 05:00:00+00:00,115215.5,115499.9,115215.4,115446.8,1328.001
2025-10-27 05:15:00+00:00,115446.9,115565.6,115337.5,115517.9,2146.197
2025-10-27 05:30:00+00:00,115517.9,115629.4,115407.7,115590.2,1386.127
2025-10-27 05:45:00+00:00,115590.2,115601.0,115460.0,115511.1,1276.338
2025-10-27 06:00:00+00:00,115511.1,115517.5,115309.0,115444.6,1911.031
2025-10-27 06:15:00+00:00,115444.6,115720.0,115442.8,115707.6,1965.14
2025-10-27 06:30:00+00:00,115707.7,115835.2,115511.1,115645.9,1809.345
2025-10-27 06:45:00+00:00,115645.9,116098.9,115645.9,116008.8,5015.327
2025-10-27 07:00:00+00:00,116008.9,116380.2,115811.0,115832.5,5171.01
2025-10-27 07:15:00+00:00,115832.4,116014.5,115815.0,115824.0,1386.948
2025-10-27 07:30:00+00:00,115823.9,115869.2,115459.4,115622.6,2710.525
2025-10-27 07:45:00+00:00,115622.7,115750.0,115500.3,115522.5,1523.446
2025-10-27 08:00:00+00:00,115522.4,115575.1,115400.7,115419.2,1124.952
2025-10-27 08:15:00+00:00,115419.2,115556.6,115058.3,115100.0,1739.093
2025-10-27 08:30:00+00:00,115099.9,115399.7,115099.9,115185.4,1301.944
2025-10-27 08:45:00+00:00,115185.3,115191.2,114860.0,114990.2,2460.936
2025-10-27 09:00:00+00:00,114990.1,115100.0,114780.2,115099.0,1982.55
2025-10-27 09:15:00+00:00,115099.0,115270.0,114905.3,115134.5,1830.17
2025-10-27 09:30:00+00:00,115134.6,115334.6,115056.3,115318.5,1429.929
2025-10-27 09:45:00+00:00,115318.5,115318.5,115138.7,115204.7,522.449
2025-10-27 10:00:00+00:00,115204.8,115357.7,115068.0,115307.5,771.56
2025-10-27 10:15:00+00:00,115307.6,115526.3,115307.5,115424.8,788.711
2025-10-27 10:30:00+00:00,115424.8,115492.0,115354.1,115354.2,601.802
2025-10-27 10:45:00+00:00,115354.2,115493.5,115340.0,115411.8,458.943
2025-10-27 11:00:00+00:00,115411.9,115478.5,115353.0,115362.3,577.811
2025-10-27 11:15:00+00:00,115362.2,115455.6,115063.3,115243.1,880.15
2025-10-27 11:30:00+00:00,115243.2,115497.0,115243.1,115396.4,660.667
2025-10-27 11:45:00+00:00,115396.5,115421.4,115282.0,115302.3,648.566
2025-10-27 12:00:00+00:00,115302.3,115385.7,115141.2,115220.0,636.91
2025-10-27 12:15:00+00:00,115220.0,115263.0,115127.1,115226.4,1118.751
2025-10-27 12:30:00+00:00,115226.5,115249.2,114920.2,115040.4,1201.66
2025-10-27 12:45:00+00:00,115040.4,115066.0,114981.5,115016.4,503.515
2025-10-27 13:00:00+00:00,115016.3,115200.1,114961.8,115083.1,676.468
2025-10-27 13:15:00+00:00,115083.0,115225.1,115047.2,115089.6,412.751
2025-10-27 13:30:00+00:00,115089.6,115251.6,114530.7,114838.4,3854.488
2025-10-27 13:45:00+00:00,114838.4,115370.8,114758.1,115210.4,3093.691
2025-10-27 14:00:00+00:00,115210.3,115311.3,114589.1,114773.6,2332.789
2025-10-27 14:15:00+00:00,114773.6,115004.8,114433.0,114939.9,2588.314
2025-10-27 14:30:00+00:00,114939.9,115009.9,114724.2,114832.0,1070.859
2025-10-27 14:45:00+00:00,114831.9,114888.7,114642.4,114751.0,835.556
2025-10-27 15:00:00+00:00,114750.8,115029.5,114717.5,114996.0,1059.038
2025-10-27 15:15:00+00:00,114996.0,115050.0,114843.1,115019.0,1424.465
2025-10-27 15:30:00+00:00,115019.0,115195.5,114855.1,114911.6,1154.373
2025-10-27 15:45:00+00:00,114911.5,115016.0,114814.3,114914.4,609.254
2025-10-27 16:00:00+00:00,114914.5,115324.8,114818.1,115209.6,1542.858
2025-10-27 16:15:00+00:00,115209.7,115364.1,115117.9,115291.6,1082.38
2025-10-27 16:30:00+00:00,115291.5,115487.5,115218.3,115405.3,1126.072
2025-10-27 16:45:00+00:00,115405.4,115599.9,115295.2,115438.1,1064.891
2025-10-27 17:00:00+00:00,115438.1,115578.0,115400.0,115500.8,674.606
2025-10-27 17:15:00+00:00,115500.8,115545.2,115259.9,115272.8,912.463
2025-10-27 17:30:00+00:00,115272.9,115700.0,115251.6,115580.0,954.007
2025-10-27 17:45:00+00:00,115579.9,115661.6,115463.2,115647.4,671.559
2025-10-27 18:00:00+00:00,115647.3,115744.8,115492.6,115690.6,669.594
2025-10-27 18:15:00+00:00,115690.7,115690.7,115284.4,115345.4,867.183
2025-10-27 18:30:00+00:00,115345.4,115447.4,115251.9,115420.0,708.021
2025-10-27 18:45:00+00:00,115419.9,115466.1,115263.0,115277.9,451.825
2025-10-27 19:00:00+00:00,115277.9,115278.1,114870.0,115260.7,1501.255
2025-10-27 19:15:00+00:00,115260.7,115260.7,114863.0,114942.3,616.476
2025-10-27 19:30:00+00:00,114942.4,114972.7,114712.4,114884.8,1263.847
2025-10-27 19:45:00+00:00,114884.8,114990.8,114761.0,114894.9,481.824
2025-10-27 20:00:00+00:00,114894.8,114894.8,114662.1,114725.9,829.335
2025-10-27 20:15:00+00:00,114726.0,114815.8,114664.3,114665.8,449.352
2025-10-27 20:30:00+00:00,114665.7,114720.0,114559.9,114599.9,720.135
2025-10-27 20:45:00+00:00,114599.9,114736.2,114349.9,114405.4,1199.392
2025-10-27 21:00:00+00:00,114405.4,114553.2,114336.0,114356.3,986.469
2025-10-27 21:15:00+00:00,114356.3,114426.1,114067.5,114120.7,1507.36
2025-10-27 21:30:00+00:00,114120.7,114325.0,114100.8,114255.2,677.55
2025-10-27 21:45:00+00:00,114255.1,114602.6,114254.3,114258.1,1024.468
2025-10-27 22:00:00+00:00,114258.0,114450.0,114077.7,114410.6,994.112
2025-10-27 22:15:00+00:00,114410.6,114555.1,114340.0,114374.3,699.573
2025-10-27 22:30:00+00:00,114374.2,114379.3,114137.5,114149.9,561.032
2025-10-27 22:45:00+00:00,114149.9,114282.9,114012.0,114078.9,810.341
2025-10-27 23:00:00+00:00,114078.9,114088.4,113904.1,113978.0,1636.425
2025-10-27 23:15:00+00:00,113978.0,114026.7,113792.4,113988.6,1348.851
2025-10-27 23:30:00+00:00,113988.6,114140.0,113982.3,114093.4,756.102
2025-10-27 23:45:00+00:00,114093.3,114180.2,114036.8,114064.1,600.21
2025-10-28 00:00:00+00:00,114064.2,114094.0,113857.8,114034.1,1141.08
2025-10-28 00:15:00+00:00,114034.2,114331.3,114006.2,114190.1,1036.094
2025-10-28 00:30:00+00:00,114190.1,114190.1,113866.5,113941.3,856.352
2025-10-28 00:45:00+00:00,113941.3,113964.0,113710.0,113921.6,1077.439
2025-10-28 01:00:00+00:00,113921.5,114184.6,113921.5,114134.2,774.329
2025-10-28 01:15:00+00:00,114134.2,114258.0,114112.2,114157.8,621.154
2025-10-28 01:30:00+00:00,114157.7,114500.1,114052.4,114421.7,1216.0
2025-10-28 01:45:00+00:00,114421.7,114480.6,114350.0,114377.6,735.505
2025-10-28 02:00:00+00:00,114377.5,114428.3,114067.9,114119.1,616.593
2025-10-28 02:15:00+00:00,114119.2,114147.2,113841.6,114054.9,1034.629
2025-10-28 02:30:00+00:00,114054.9,114085.4,113880.0,113880.0,465.022
2025-10-28 02:45:00+00:00,113880.0,113940.0,113477.5,113878.4,2395.105
2025-10-28 03:00:00+00:00,113878.4,114066.0,113661.9,113678.2,1187.946
2025-10-28 03:15:00+00:00,113678.2,113955.0,113678.2,113914.6,832.254
2025-10-28 03:30:00+00:00,113914.7,113949.2,113722.7,113793.5,747.273
2025-10-28 03:45:00+00:00,113793.5,113923.9,113720.0,113863.9,667.616
2025-10-28 04:00:00+00:00,113864.0,113896.6,113706.8,113874.1,652.581
2025-10-28 04:15:00+00:00,113874.0,113917.1,113788.7,113820.2,649.747
2025-10-28 04:30:00+00:00,113820.3,113947.9,113760.4,113833.4,640.868
2025-10-28 04:45:00+00:00,113833.3,114034.0,113833.3,113914.2,502.26
2025-10-28 05:00:00+00:00,113914.1,113919.7,113781.3,113781.3,406.931
2025-10-28 05:15:00+00:00,113781.3,113949.0,113739.6,113914.7,464.026
2025-10-28 05:30:00+00:00,113914.6,113914.6,113650.0,113650.0,495.966
2025-10-28 05:45:00+00:00,113650.0,113735.1,113422.0,113561.9,2212.499
2025-10-28 06:00:00+00:00,113561.8,113796.9,113561.8,113754.7,758.02
2025-10-28 06:15:00+00:00,113754.6,113855.2,113695.7,113790.6,430.213
2025-10-28 06:30:00+00:00,113790.5,114000.1,113735.3,113950.3,740.846
2025-10-28 06:45:00+00:00,113950.3,114140.7,113942.5,114060.1,1127.057
2025-10-28 07:00:00+00:00,114060.1,114269.4,114039.2,114068.5,1030.698
2025-10-28 07:15:00+00:00,114068.6,114272.7,114039.0,114207.3,887.944
2025-10-28 07:30:00+00:00,114207.3,114232.8,114063.0,114205.3,471.833
2025-10-28 07:45:00+00:00,114205.2,114320.6,114115.7,114128.7,476.871
2025-10-28 08:00:00+00:00,114128.8,114182.2,114058.0,114072.2,422.558
2025-10-28 08:15:00+00:00,114072.2,114388.6,114061.1,114319.9,631.942
2025-10-28 08:30:00+00:00,114319.9,114424.0,114294.6,114362.6,936.652
2025-10-28 08:45:00+00:00,114362.5,114430.3,114312.8,114370.5,632.94
2025-10-28 09:00:00+00:00,114370.5,114588.0,114259.6,114318.0,1198.715
2025-10-28 09:15:00+00:00,114318.0,114372.9,114138.0,114188.8,653.166
2025-10-28 09:30:00+00:00,114188.9,114489.3,114185.0,114417.7,461.438
2025-10-28 09:45:00+00:00,114417.7,114499.9,114372.5,114470.0,405.092
2025-10-28 10:00:00+00:00,114470.0,114489.3,114388.0,114438.9,362.74
2025-10-28 10:15:00+00:00,114438.9,114500.0,114396.8,114490.0,607.772
2025-10-28 10:30:00+00:00,114490.0,114490.1,114364.7,114480.9,341.546
2025-10-28 10:45:00+00:00,114480.9,114555.0,114445.3,114543.5,476.787
2025-10-28 11:00:00+00:00,114543.4,114554.3,114412.2,114458.6,455.352
2025-10-28 11:15:00+00:00,114458.6,114546.5,114422.8,114500.0,413.422
2025-10-28 11:30:00+00:00,114499.9,114619.2,114397.6,114453.0,665.724
2025-10-28 11:45:00+00:00,114453.0,114453.0,114217.2,114290.7,911.302
2025-10-28 12:00:00+00:00,114290.6,114332.9,114200.0,114268.0,656.722
2025-10-28 12:15:00+00:00,114268.0,114268.1,114080.8,114145.7,769.48
2025-10-28 12:30:00+00:00,114145.7,114329.7,114118.9,114320.3,538.123
2025-10-28 12:45:00+00:00,114320.4,114467.6,114315.6,114402.2,679.433
2025-10-28 13:00:00+00:00,114402.1,114827.8,114402.1,114707.0,2200.682
2025-10-28 13:15:00+00:00,114707.0,115140.3,114707.0,115011.5,3237.276
2025-10-28 13:30:00+00:00,115011.5,115171.3,114808.4,115080.0,2195.65
2025-10-28 13:45:00+00:00,115079.9,115470.0,115060.8,115469.9,3246.455
2025-10-28 14:00:00+00:00,115470.0,115797.4,115267.9,115739.0,3145.292
2025-10-28 14:15:00+00:00,115738.9,116074.3,115646.2,115873.0,4147.674
2025-10-28 14:30:00+00:00,115873.0,115919.1,114491.3,114720.1,6684.461
2025-10-28 14:45:00+00:00,114720.1,115234.4,114130.7,115021.8,6017.969
2025-10-28 15:00:00+00:00,115021.8,115354.2,115021.8,115279.7,1619.293
2025-10-28 15:15:00+00:00,115279.7,115279.8,114966.0,114980.0,1522.752
2025-10-28 15:30:00+00:00,114980.0,115017.3,114444.0,114486.1,2437.451
2025-10-28 15:45:00+00:00,114486.2,114867.4,114486.1,114571.9,1707.907
2025-10-28 16:00:00+00:00,114571.7,114844.7,114468.0,114804.5,1835.22
2025-10-28 16:15:00+00:00,114804.5,115107.0,114603.1,115019.9,1288.315
2025-10-28 16:30:00+00:00,115020.0,115325.0,114888.0,115033.4,2118.229
2025-10-28 16:45:00+00:00,115033.5,115450.1,115033.4,115296.1,1259.329
2025-10-28 17:00:00+00:00,115296.1,115530.0,115221.9,115431.9,1022.112
2025-10-28 17:15:00+00:00,115431.9,115554.5,115350.0,115412.0,895.575
2025-10-28 17:30:00+00:00,115412.1,115541.1,115170.2,115468.6,984.229
2025-10-28 17:45:00+00:00,115468.6,115487.3,115232.4,115246.7,530.953
2025-10-28 18:00:00+00:00,115246.6,115316.2,115068.5,115271.8,829.111
2025-10-28 18:15:00+00:00,115271.9,115324.5,114800.0,114849.9,826.145
2025-10-28 18:30:00+00:00,114849.9,114968.8,114589.1,114699.9,1207.085
2025-10-28 18:45:00+00:00,114699.9,114987.5,114602.0,114971.1,773.318
2025-10-28 19:00:00+00:00,114971.1,115040.9,114773.6,114786.6,766.62
2025-10-28 19:15:00+00:00,114786.6,114786.7,113656.3,113656.3,5308.362
2025-10-28 19:30:00+00:00,113656.4,114107.0,113517.1,113955.2,2774.397
2025-10-28 19:45:00+00:00,113955.2,113977.2,113500.0,113629.0,1729.699
2025-10-28 20:00:00+00:00,113629.0,113647.4,112677.9,112879.0,7510.934
2025-10-28 20:15:00+00:00,112879.1,112899.6,112350.0,112492.4,5679.749
2025-10-28 20:30:00+00:00,112492.5,112999.0,112268.1,112686.5,3372.428
2025-10-28 20:45:00+00:00,112686.5,112862.4,112564.1,112744.6,1172.924
2025-10-28 21:00:00+00:00,112744.6,112744.6,112121.4,112632.6,2828.492
2025-10-28 21:15:00+00:00,112632.5,112733.9,112507.2,112670.1,898.543
2025-10-28 21:30:00+00:00,112670.0,113066.4,112583.6,113066.4,1568.432
2025-10-28 21:45:00+00:00,113066.4,113166.0,112914.0,112935.5,995.015
2025-10-28 22:00:00+00:00,112935.4,113092.3,112773.5,112786.4,803.919
2025-10-28 22:15:00+00:00,112786.4,113086.4,112768.0,113080.0,641.192
2025-10-28 22:30:00+00:00,113079.9,113233.0,113056.2,113192.5,713.963
2025-10-28 22:45:00+00:00,113192.6,113200.0,113110.4,113164.2,590.531
2025-10-28 23:00:00+00:00,113164.2,113164.2,112919.3,112968.7,711.125
2025-10-28 23:15:00+00:00,112968.8,113085.8,112716.7,112842.3,651.168
2025-10-28 23:30:00+00:00,112842.1,113032.8,112807.6,112904.0,632.985
2025-10-28 23:45:00+00:00,112903.9,113000.0,112829.4,112833.5,432.222
2025-10-29 00:00:00+00:00,112833.5,112871.3,112630.0,112693.3,1415.74
2025-10-29 00:15:00+00:00,112693.3,112779.1,112574.0,112641.2,693.977
2025-10-29 00:30:00+00:00,112641.3,112709.9,112552.2,112552.2,656.799
2025-10-29 00:45:00+00:00,112552.3,112584.9,112371.1,112382.5,1343.237
2025-10-29 01:00:00+00:00,112382.5,112549.3,112200.0,112256.8,1686.586
2025-10-29 01:15:00+00:00,112256.8,112324.9,112036.1,112162.7,1742.06
2025-10-29 01:30:00+00:00,112162.6,112927.5,112162.6,112640.0,2561.773
2025-10-29 01:45:00+00:00,112640.0,112651.5,112201.5,112435.4,1653.727
2025-10-29 02:00:00+00:00,112435.4,112492.9,112380.0,112440.2,659.506
2025-10-29 02:15:00+00:00,112440.1,112743.3,112352.2,112637.9,845.46
2025-10-29 02:30:00+00:00,112638.0,112638.0,112481.4,112518.1,440.073
2025-10-29 02:45:00+00:00,112518.1,112686.6,112488.0,112617.9,593.831
2025-10-29 03:00:00+00:00,112617.9,112617.9,112276.0,112397.8,911.542
2025-10-29 03:15:00+00:00,112397.8,112520.0,112313.4,112429.6,498.362
2025-10-29 03:30:00+00:00,112429.6,112550.1,112429.5,112489.1,467.956
2025-10-29 03:45:00+00:00,112489.0,112535.0,112440.0,112459.6,256.098
2025-10-29 04:00:00+00:00,112459.6,112617.2,112443.5,112617.2,411.701
2025-10-29 04:15:00+00:00,112617.2,112739.5,112600.0,112652.0,597.756
2025-10-29 04:30:00+00:00,112652.0,112843.0,112619.8,112668.3,783.808
2025-10-29 04:45:00+00:00,112668.2,112806.3,112668.2,112755.6,326.535
2025-10-29 05:00:00+00:00,112755.5,112920.0,112750.0,112825.8,846.282
2025-10-29 05:15:00+00:00,112825.8,113045.6,112825.7,112915.8,1715.769
2025-10-29 05:30:00+00:00,112915.7,113320.0,112870.1,113150.1,2561.686
2025-10-29 05:45:00+00:00,113150.0,113150.0,112975.9,112987.0,941.218
2025-10-29 06:00:00+00:00,112987.0,113213.6,112914.5,113033.1,903.298
2025-10-29 06:15:00+00:00,113033.0,113050.0,112939.3,112996.8,466.482
2025-10-29 06:30:00+00:00,112996.8,113073.0,112909.5,112995.0,373.197
2025-10-29 06:45:00+00:00,112995.0,113309.0,112995.0,113232.1,841.762
2025-10-29 07:00:00+00:00,113232.1,113250.0,113168.6,113213.6,499.452
2025-10-29 07:15:00+00:00,113213.7,113428.4,113193.0,113381.6,1093.39
2025-10-29 07:30:00+00:00,113381.6,113389.8,113178.4,113239.5,844.732
2025-10-29 07:45:00+00:00,113239.5,113525.0,113191.4,113511.9,1051.297
2025-10-29 08:00:00+00:00,113512.0,113581.7,113270.1,113272.9,1781.672
2025-10-29 08:15:00+00:00,113272.9,113386.4,113216.6,113255.0,1033.944
2025-10-29 08:30:00+00:00,113255.0,113266.6,112938.2,113060.1,1284.771
2025-10-29 08:45:00+00:00,113060.0,113132.8,112888.0,113005.4,1119.283
2025-10-29 09:00:00+00:00,113005.3,113043.6,112800.5,112813.7,1055.868
2025-10-29 09:15:00+00:00,112813.8,113030.0,112813.7,112887.1,744.022
2025-10-29 09:30:00+00:00,112887.1,112910.3,112700.0,112893.7,928.615
2025-10-29 09:45:00+00:00,112893.8,113036.1,112824.1,112935.2,496.804
2025-10-29 10:00:00+00:00,112935.2,113052.7,112850.0,112865.7,662.541
2025-10-29 10:15:00+00:00,112865.7,113083.5,112822.2,113000.0,520.213
2025-10-29 10:30:00+00:00,112999.9,113154.4,112947.2,112990.1,515.781
2025-10-29 10:45:00+00:00,112990.0,113057.5,112666.0,112810.3,798.218
2025-10-29 11:00:00+00:00,112810.4,113055.0,112692.4,112990.2,709.776
2025-10-29 11:15:00+00:00,112990.1,113134.0,112954.2,113083.7,526.739
2025-10-29 11:30:00+00:00,113083.6,113210.0,112969.7,112979.6,620.924
2025-10-29 11:45:00+00:00,112979.7,113134.6,112979.7,113084.5,359.476
2025-10-29 12:00:00+00:00,113084.6,113281.6,113084.5,113215.9,589.958
2025-10-29 12:15:00+00:00,113216.0,113242.0,113024.7,113024.8,316.904
2025-10-29 12:30:00+00:00,113024.7,113139.6,113001.2,113099.2,432.857
2025-10-29 12:45:00+00:00,113099.2,113231.1,113033.0,113102.5,390.498
2025-10-29 13:00:00+00:00,113102.4,113345.0,113048.7,113304.3,606.078
2025-10-29 13:15:00+00:00,113304.2,113593.0,113280.0,113484.1,1308.693
2025-10-29 13:30:00+00:00,113484.1,113555.0,112858.1,112963.6,2791.141
2025-10-29 13:45:00+00:00,112964.1,113020.1,112647.2,112824.7,2349.942
2025-10-29 14:00:00+00:00,112824.7,112874.2,112418.7,112654.5,2387.015
2025-10-29 14:15:00+00:00,112654.6,112660.3,112190.8,112263.0,2726.181
2025-10-29 14:30:00+00:00,112263.0,112660.3,112200.2,112514.8,1829.615
2025-10-29 14:45:00+00:00,112514.9,112696.3,112251.9,112438.9,1379.351
2025-10-29 15:00:00+00:00,112439.0,112517.0,112109.8,112206.7,3067.502
2025-10-29 15:15:00+00:00,112206.7,112435.4,111900.0,111970.0,3888.256
2025-10-29 15:30:00+00:00,111970.0,112100.0,111600.0,111695.0,5822.99
2025-10-29 15:45:00+00:00,111694.9,111829.6,111326.5,111460.6,3983.233
2025-10-29 16:00:00+00:00,111460.7,111480.3,110888.0,110987.7,6561.161
2025-10-29 16:15:00+00:00,110987.6,111340.2,110904.6,111088.8,4137.747
2025-10-29 16:30:00+00:00,111088.9,111371.0,111030.0,111259.8,1736.691
2025-10-29 16:45:00+00:00,111259.5,111267.8,111032.9,111060.0,955.354
2025-10-29 17:00:00+00:00,111060.0,111306.0,111019.3,111071.1,1222.127
2025-10-29 17:15:00+00:00,111071.2,111184.7,110941.6,111152.3,932.212
2025-10-29 17:30:00+00:00,111152.2,111788.3,111109.5,111633.8,2691.608
2025-10-29 17:45:00+00:00,111633.7,111872.7,111570.0,111819.3,1715.192
2025-10-29 18:00:00+00:00,111819.3,111963.0,111035.1,111149.2,5844.123
2025-10-29 18:15:00+00:00,111149.1,111528.5,111111.0,111385.2,1184.267
2025-10-29 18:30:00+00:00,111385.3,111725.1,109026.4,109689.1,20609.968
2025-10-29 18:45:00+00:00,109689.1,111250.0,109577.0,110743.0,7735.612
2025-10-29 19:00:00+00:00,110743.0,111398.3,110658.2,111244.0,3766.545
2025-10-29 19:15:00+00:00,111244.1,111345.1,110808.3,110899.9,2347.849
2025-10-29 19:30:00+00:00,110899.9,110912.6,110100.0,110335.3,3006.7
2025-10-29 19:45:00+00:00,110335.3,110796.0,110335.3,110605.6,2040.174
2025-10-29 20:00:00+00:00,110605.9,110806.9,110342.1,110533.6,2030.043
2025-10-29 20:15:00+00:00,110533.6,111297.3,110451.6,111285.6,1902.695
2025-10-29 20:30:00+00:00,111285.5,111300.0,111078.8,111201.5,1023.619
2025-10-29 20:45:00+00:00,111201.5,111494.1,111154.3,111372.0,1657.847
2025-10-29 21:00:00+00:00,111371.9,111489.6,111318.3,111326.9,1176.964
2025-10-29 21:15:00+00:00,111326.9,111508.5,111324.3,111480.1,487.291
2025-10-29 21:30:00+00:00,111480.1,111744.0,111480.0,111555.0,633.085
2025-10-29 21:45:00+00:00,111555.0,111630.0,111405.5,111558.3,571.627
2025-10-29 22:00:00+00:00,111558.2,111562.8,111160.7,111381.5,959.063
2025-10-29 22:15:00+00:00,111381.5,111450.7,111113.8,111167.4,529.857
2025-10-29 22:30:00+00:00,111167.4,111201.7,111056.0,111071.4,595.975
2025-10-29 22:45:00+00:00,111071.4,111211.8,110900.2,110974.9,685.394
2025-10-29 23:00:00+00:00,110974.9,111023.3,110548.6,110550.1,1359.356
2025-10-29 23:15:00+00:00,110550.1,110696.6,110380.3,110420.2,1409.016
2025-10-29 23:30:00+00:00,110420.3,110420.3,109686.4,109961.6,3078.614
2025-10-29 23:45:00+00:00,109961.6,110120.0,109867.7,109985.6,1619.137
2025-10-30 00:00:00+00:00,109985.6,110120.2,109670.6,110104.6,1873.126
2025-10-30 00:15:00+00:00,110104.5,110351.7,110055.9,110342.9,1576.512
2025-10-30 00:30:00+00:00,110342.9,110475.7,110198.2,110385.1,1130.809
2025-10-30 00:45:00+00:00,110385.1,110524.6,110312.5,110496.3,840.469
2025-10-30 01:00:00+00:00,110496.3,110574.6,110189.0,110446.1,1265.333
2025-10-30 01:15:00+00:00,110446.1,110544.2,110234.3,110336.1,661.501
2025-10-30 01:30:00+00:00,110336.1,110567.1,110318.0,110567.1,616.301
2025-10-30 01:45:00+00:00,110567.1,110675.0,110341.0,110405.5,1120.279
2025-10-30 02:00:00+00:00,110405.5,110543.4,110251.4,110543.4,1108.954
2025-10-30 02:15:00+00:00,110543.3,110935.3,110543.3,110861.3,1389.68
2025-10-30 02:30:00+00:00,110861.2,110949.1,110851.7,110919.6,856.994
2025-10-30 02:45:00+00:00,110919.5,110957.9,110764.6,110925.8,598.919
2025-10-30 03:00:00+00:00,110925.9,110940.7,110606.1,110721.6,1468.496
2025-10-30 03:15:00+00:00,110721.7,110815.6,110670.7,110731.7,507.883
2025-10-30 03:30:00+00:00,110731.8,110869.4,110650.0,110673.2,867.332
2025-10-30 03:45:00+00:00,110673.2,110804.8,110460.7,110694.5,1170.676
2025-10-30 04:00:00+00:00,110694.4,110694.5,109832.8,109954.3,3364.165
2025-10-30 04:15:00+00:00,109954.3,110111.8,107817.3,108328.9,11013.507
2025-10-30 04:30:00+00:00,108329.0,109414.1,107846.7,108915.8,9665.515
2025-10-30 04:45:00+00:00,108915.7,109188.6,108462.6,108503.7,3135.628
2025-10-30 05:00:00+00:00,108503.7,108974.6,108366.0,108956.1,2824.917
2025-10-30 05:15:00+00:00,108956.0,109161.8,108735.2,109097.6,1690.598
2025-10-30 05:30:00+00:00,109097.5,109885.4,109053.2,109868.8,3102.468
2025-10-30 05:45:00+00:00,109868.8,110385.0,109787.9,110199.7,3316.769
2025-10-30 06:00:00+00:00,110199.7,110250.0,110027.5,110136.3,1478.266
2025-10-30 06:15:00+00:00,110136.3,110199.9,109917.2,110124.2,1462.526
2025-10-30 06:30:00+00:00,110124.2,110881.3,110099.7,110844.9,2395.389
2025-10-30 06:45:00+00:00,110845.0,110933.0,110708.3,110720.0,2035.02
2025-10-30 07:00:00+00:00,110720.1,111282.6,110601.7,111171.0,2733.872
2025-10-30 07:15:00+00:00,111171.0,111565.1,111150.0,111236.1,3497.109
2025-10-30 07:30:00+00:00,111236.0,111340.2,111160.0,111340.2,1354.616
2025-10-30 07:45:00+00:00,111340.2,111396.0,111215.7,111313.5,830.824
2025-10-30 08:00:00+00:00,111313.6,111400.0,110764.1,110790.8,4351.22
2025-10-30 08:15:00+00:00,110790.8,110910.0,110594.6,110622.0,2362.843
2025-10-30 08:30:00+00:00,110622.1,110855.3,110622.0,110804.6,1015.151
2025-10-30 08:45:00+00:00,110804.6,110832.7,110625.1,110649.6,785.501
2025-10-30 09:00:00+00:00,110649.6,110749.8,110316.4,110362.8,1719.08
2025-10-30 09:15:00+00:00,110362.7,110423.5,110058.5,110368.5,1771.819
2025-10-30 09:30:00+00:00,110368.4,110482.5,110063.8,110144.3,924.389
2025-10-30 09:45:00+00:00,110144.3,110338.1,110110.0,110129.5,592.989
2025-10-30 10:00:00+00:00,110129.6,110193.4,109752.4,109815.1,2151.363
2025-10-30 10:15:00+00:00,109815.2,110123.2,109815.1,110019.8,1272.229
2025-10-30 10:30:00+00:00,110019.8,110148.3,109856.1,109856.1,710.689
2025-10-30 10:45:00+00:00,109856.2,110151.5,109850.1,110055.2,694.294
2025-10-30 11:00:00+00:00,110055.2,110103.0,109881.2,109955.2,619.943
2025-10-30 11:15:00+00:00,109955.1,110018.7,109645.8,109878.6,1236.953
2025-10-30 11:30:00+00:00,109878.6,110026.4,109801.7,109898.3,606.299
2025-10-30 11:45:00+00:00,109898.3,110034.2,109638.6,109666.0,955.075
2025-10-30 12:00:00+00:00,109665.9,109736.3,109300.0,109365.4,2304.493
2025-10-30 12:15:00+00:00,109365.5,109461.8,108602.7,108720.6,4746.228
2025-10-30 12:30:00+00:00,108720.6,109063.5,108438.0,108441.1,4085.587
2025-10-30 12:45:00+00:00,108438.1,108622.6,108216.5,108337.8,3314.044
2025-10-30 13:00:00+00:00,108337.9,108682.0,108261.0,108483.4,4039.919
2025-10-30 13:15:00+00:00,108483.4,108510.5,108112.0,108421.6,2906.299
2025-10-30 13:30:00+00:00,108421.6,108500.0,107350.0,107435.6,10314.766
2025-10-30 13:45:00+00:00,107435.6,108128.0,107372.5,107582.2,4878.719
2025-10-30 14:00:00+00:00,107582.2,108228.6,107564.8,108043.2,3277.255
2025-10-30 14:15:00+00:00,108043.1,108050.3,107715.2,107910.4,1390.334
2025-10-30 14:30:00+00:00,107910.4,108300.0,107777.0,108263.9,2071.777
2025-10-30 14:45:00+00:00,108263.8,108320.9,107850.1,108212.1,2228.784
2025-10-30 15:00:00+00:00,108212.1,108292.2,107831.0,107913.7,1746.629
2025-10-30 15:15:00+00:00,107913.7,107934.9,107698.1,107814.8,1672.008
2025-10-30 15:30:00+00:00,107814.9,107830.0,107423.1,107633.7,2312.654
2025-10-30 15:45:00+00:00,107633.6,107760.0,107254.1,107670.6,2539.027
2025-10-30 16:00:00+00:00,107670.5,108146.5,107516.1,108039.8,2373.724
2025-10-30 16:15:00+00:00,108039.7,108184.0,107854.5,108101.2,1155.697
2025-10-30 16:30:00+00:00,108101.2,108150.0,107897.8,107975.4,1140.953
2025-10-30 16:45:00+00:00,107975.4,108100.0,107894.7,108100.0,572.279
2025-10-30 17:00:00+00:00,108100.0,108113.5,107417.0,107461.2,1954.097
2025-10-30 17:15:00+00:00,107461.1,107461.2,106745.3,107107.1,7076.134
2025-10-30 17:30:00+00:00,107107.0,107216.7,106808.9,107144.4,3166.526
2025-10-30 17:45:00+00:00,107144.3,107670.0,107144.2,107446.3,2582.112
2025-10-30 18:00:00+00:00,107446.2,107469.0,107178.7,107267.8,1353.563
2025-10-30 18:15:00+00:00,107267.7,107357.3,107150.7,107308.3,1185.435
2025-10-30 18:30:00+00:00,107308.3,107521.5,106887.2,106943.7,1727.346
2025-10-30 18:45:00+00:00,106943.7,107195.7,106736.8,106793.7,1710.451
2025-10-30 19:00:00+00:00,106793.7,107122.1,106666.0,106854.2,2327.242
2025-10-30 19:15:00+00:00,106854.2,107081.9,106605.7,106968.4,1609.978
2025-10-30 19:30:00+00:00,106968.4,107117.3,106200.0,106699.9,4174.257
2025-10-30 19:45:00+00:00,106700.0,107000.0,106284.7,106495.1,2792.576
2025-10-30 20:00:00+00:00,106494.3,107049.0,106257.0,106823.7,3138.819
2025-10-30 20:15:00+00:00,106823.7,107168.6,106800.3,107131.6,1211.065
2025-10-30 20:30:00+00:00,107131.6,107415.3,106772.8,107236.0,2706.036
2025-10-30 20:45:00+00:00,107236.0,107600.0,107172.5,107441.2,1613.395
2025-10-30 21:00:00+00:00,107441.2,107616.0,107334.7,107484.0,834.566
2025-10-30 21:15:00+00:00,107484.0,107716.1,107333.7,107573.9,724.333
2025-10-30 21:30:00+00:00,107574.0,107820.0,107373.2,107591.8,1371.054
2025-10-30 21:45:00+00:00,107591.8,107886.6,107529.9,107847.7,1267.806
2025-10-30 22:00:00+00:00,107847.7,107865.6,107575.8,107606.7,983.843
2025-10-30 22:15:00+00:00,107606.7,107722.0,107524.3,107533.0,618.675
2025-10-30 22:30:00+00:00,107533.1,107634.8,107396.7,107603.6,774.16
2025-10-30 22:45:00+00:00,107603.5,107860.4,107515.3,107858.7,622.414
2025-10-30 23:00:00+00:00,107858.6,107880.0,107530.3,107594.4,684.532
2025-10-30 23:15:00+00:00,107594.4,107700.0,107538.1,107660.0,632.293
2025-10-30 23:30:00+00:00,107660.0,108296.3,107646.3,107888.5,3885.272
2025-10-30 23:45:00+00:00,107888.5,108300.0,107868.2,108263.5,1230.198
2025-10-31 00:00:00+00:00,108263.6,108620.0,108226.6,108618.2,2125.433
2025-10-31 00:15:00+00:00,108618.2,108632.9,108362.8,108460.1,1065.755
2025-10-31 00:30:00+00:00,108460.1,108660.7,108417.9,108660.6,594.319
2025-10-31 00:45:00+00:00,108660.7,109583.4,108660.6,109276.3,5277.671
2025-10-31 01:00:00+00:00,109276.3,110014.4,109122.9,109727.7,5270.509
2025-10-31 01:15:00+00:00,109727.6,109960.3,109650.0,109799.3,2150.496
2025-10-31 01:30:00+00:00,109799.2,109801.8,109400.0,109503.8,2017.176
2025-10-31 01:45:00+00:00,109503.7,109767.6,109466.0,109585.3,1023.963
2025-10-31 02:00:00+00:00,109585.3,109644.1,108962.4,109025.0,2448.53
2025-10-31 02:15:00+00:00,109025.0,109440.0,109025.0,109323.8,1358.637
2025-10-31 02:30:00+00:00,109323.8,109370.0,108700.1,108752.4,1494.063
2025-10-31 02:45:00+00:00,108752.4,108939.5,108511.7,108816.3,1960.915
2025-10-31 03:00:00+00:00,108816.3,109200.0,108568.7,109000.8,1677.448
2025-10-31 03:15:00+00:00,109000.8,109131.3,108916.2,109045.4,840.271
2025-10-31 03:30:00+00:00,109045.5,109287.0,108778.6,108838.1,1225.037
2025-10-31 03:45:00+00:00,108838.1,109286.0,108838.0,109186.2,1803.379
2025-10-31 04:00:00+00:00,109186.3,109490.7,109062.7,109345.2,1498.967
2025-10-31 04:15:00+00:00,109345.2,109860.0,109189.9,109760.0,3479.75
2025-10-31 04:30:00+00:00,109759.9,110200.0,109631.1,110050.1,3530.256
2025-10-31 04:45:00+00:00,110050.0,110165.0,109881.2,110052.5,1912.118
2025-10-31 05:00:00+00:00,110052.5,110052.5,109742.6,109771.9,1453.32
2025-10-31 05:15:00+00:00,109772.0,109920.1,109645.3,109850.1,1047.894
2025-10-31 05:30:00+00:00,109850.0,109988.0,109794.5,109852.0,996.114
2025-10-31 05:45:00+00:00,109852.1,109962.0,109795.9,109856.6,934.66
2025-10-31 06:00:00+00:00,109856.6,109930.4,109555.0,109658.9,1453.134
2025-10-31 06:15:00+00:00,109658.9,109718.0,109517.5,109654.7,835.337
2025-10-31 06:30:00+00:00,109654.7,109678.5,109470.9,109474.7,691.455
2025-10-31 06:45:00+00:00,109474.8,109610.4,109474.7,109604.2,684.513
2025-10-31 07:00:00+00:00,109604.2,109714.0,109377.0,109706.5,1260.822
2025-10-31 07:15:00+00:00,109706.5,109785.6,109560.7,109630.7,958.244
2025-10-31 07:30:00+00:00,109630.7,109708.3,109446.2,109461.7,1297.772
2025-10-31 07:45:00+00:00,109461.8,109519.3,109209.3,109400.1,1891.726
2025-10-31 08:00:00+00:00,109400.0,109697.8,109159.0,109173.0,1576.77
2025-10-31 08:15:00+00:00,109173.1,109838.7,109173.0,109784.8,1234.163
2025-10-31 08:30:00+00:00,109784.8,109848.9,109624.2,109758.8,871.974
2025-10-31 08:45:00+00:00,109758.9,110064.1,109717.2,110013.0,1567.003
2025-10-31 09:00:00+00:00,110013.0,110318.0,109957.6,110104.5,2501.587
2025-10-31 09:15:00+00:00,110104.6,110410.0,109933.8,109953.2,1316.989
2025-10-31 09:30:00+00:00,109953.3,110037.4,109851.0,109920.0,798.271
2025-10-31 09:45:00+00:00,109919.9,110022.7,109761.0,109813.3,819.468
2025-10-31 10:00:00+00:00,109813.3,109917.1,109705.6,109730.7,666.71
2025-10-31 10:15:00+00:00,109730.7,109895.8,109722.0,109807.4,454.078
2025-10-31 10:30:00+00:00,109807.4,110083.9,109665.4,110038.5,977.65
2025-10-31 10:45:00+00:00,110038.5,110038.6,109757.1,109780.1,565.126
2025-10-31 11:00:00+00:00,109780.2,109830.6,109520.0,109520.1,955.581
2025-10-31 11:15:00+00:00,109520.0,109636.9,109430.0,109468.5,1161.858
2025-10-31 11:30:00+00:00,109468.6,109616.6,109408.6,109556.3,556.095
2025-10-31 11:45:00+00:00,109556.2,110500.0,109556.2,110375.7,3114.368
2025-10-31 12:00:00+00:00,110375.7,110666.0,110083.9,110115.2,2467.468
2025-10-31 12:15:00+00:00,110115.2,110467.0,110100.0,110122.9,1290.573
2025-10-31 12:30:00+00:00,110122.9,110290.5,109600.0,109719.5,2088.503
2025-10-31 12:45:00+00:00,109719.5,109803.9,109566.7,109610.7,1095.14
2025-10-31 13:00:00+00:00,109610.7,110023.6,109599.5,109985.8,992.434
2025-10-31 13:15:00+00:00,109985.8,110200.0,109836.3,109879.9,1185.324
2025-10-31 13:30:00+00:00,109879.9,109879.9,109308.1,109580.3,5194.511
2025-10-31 13:45:00+00:00,109580.3,110199.6,109554.8,110120.9,2033.376
2025-10-31 14:00:00+00:00,110120.8,110597.3,109893.6,109933.4,3422.963
2025-10-31 14:15:00+00:00,109933.5,110055.1,109650.0,109770.2,2120.15
2025-10-31 14:30:00+00:00,109770.1,110077.1,109541.0,110000.0,4449.151
2025-10-31 14:45:00+00:00,110000.0,111100.0,109945.0,110750.5,8221.205
2025-10-31 15:00:00+00:00,110750.5,111233.0,110356.3,110741.6,4996.053
2025-10-31 15:15:00+00:00,110741.7,110829.9,110337.0,110436.9,1698.084
2025-10-31 15:30:00+00:00,110437.0,110582.8,110190.0,110443.9,1890.802
2025-10-31 15:45:00+00:00,110444.0,110589.0,110081.9,110160.1,1354.662
2025-10-31 16:00:00+00:00,110160.1,110273.2,109944.4,110070.0,1653.715
2025-10-31 16:15:00+00:00,110069.9,110125.0,109750.3,110068.8,1585.012
2025-10-31 16:30:00+00:00,110068.9,110113.1,109570.0,109675.6,1082.145
2025-10-31 16:45:00+00:00,109675.6,109675.6,108627.2,108812.9,4477.013
2025-10-31 17:00:00+00:00,108812.8,109218.7,108600.0,108900.0,2507.248
2025-10-31 17:15:00+00:00,108900.0,109196.5,108600.0,109007.1,1561.737
2025-10-31 17:30:00+00:00,109007.0,109298.8,108976.4,109244.6,1280.181
2025-10-31 17:45:00+00:00,109244.6,109387.2,109210.5,109269.5,915.464
2025-10-31 18:00:00+00:00,109269.5,109515.7,109260.0,109386.1,817.158
2025-10-31 18:15:00+00:00,109386.1,109406.7,109164.8,109201.2,678.017
2025-10-31 18:30:00+00:00,109201.3,109837.4,108919.5,109725.1,2996.033
2025-10-31 18:45:00+00:00,109725.0,109725.1,109275.4,109415.8,885.221
2025-10-31 19:00:00+00:00,109415.7,109415.7,109076.5,109324.2,680.985
2025-10-31 19:15:00+00:00,109324.1,109941.2,109318.0,109750.0,1407.717
2025-10-31 19:30:00+00:00,109750.0,110170.4,109750.0,109910.3,1187.353
2025-10-31 19:45:00+00:00,109910.3,110231.0,109754.5,109802.8,1608.479
2025-10-31 20:00:00+00:00,109802.7,109802.7,109515.5,109759.1,1099.53
2025-10-31 20:15:00+00:00,109759.0,109800.4,109606.9,109660.9,463.02
2025-10-31 20:30:00+00:00,109660.9,109676.5,109460.3,109500.0,415.595
2025-10-31 20:45:00+00:00,109500.1,109776.8,109405.2,109455.4,829.481
2025-10-31 21:00:00+00:00,109455.4,109563.4,109277.7,109307.8,555.872
2025-10-31 21:15:00+00:00,109307.8,109656.7,109307.8,109510.0,380.214
2025-10-31 21:30:00+00:00,109509.9,109718.7,109410.1,109523.7,622.93
2025-10-31 21:45:00+00:00,109523.7,109650.1,109505.9,109530.1,256.224
2025-10-31 22:00:00+00:00,109530.2,109719.3,109436.1,109669.4,488.271
2025-10-31 22:15:00+00:00,109669.4,109770.3,109546.8,109614.7,392.783
2025-10-31 22:30:00+00:00,109614.6,109695.0,109587.8,109590.0,279.746
2025-10-31 22:45:00+00:00,109590.0,109597.1,109516.9,109543.0,260.413
2025-10-31 23:00:00+00:00,109543.0,109575.6,109500.2,109500.2,238.367
2025-10-31 23:15:00+00:00,109500.2,109587.9,109500.2,109578.7,127.82
2025-10-31 23:30:00+00:00,109578.6,109622.9,109475.6,109620.1,286.848
2025-10-31 23:45:00+00:00,109620.0,109641.9,109557.2,109557.3,145.41
2025-11-01 00:00:00+00:00,109557.2,109600.0,109368.4,109430.0,534.276
2025-11-01 00:15:00+00:00,109429.9,109528.1,109351.5,109500.0,300.496
2025-11-01 00:30:00+00:00,109500.0,109582.0,109393.6,109582.0,211.636
2025-11-01 00:45:00+00:00,109582.0,109725.0,109580.0,109689.7,442.537
2025-11-01 01:00:00+00:00,109689.7,109848.0,109684.7,109725.1,466.621
2025-11-01 01:15:00+00:00,109725.0,109900.0,109656.2,109900.0,316.677
2025-11-01 01:30:00+00:00,109900.0,110052.5,109739.4,109775.9,755.528
2025-11-01 01:45:00+00:00,109776.0,109815.9,109690.0,109690.0,193.974
2025-11-01 02:00:00+00:00,109690.0,109719.0,109480.0,109600.0,531.024
2025-11-01 02:15:00+00:00,109600.0,109763.3,109599.9,109610.2,294.943
2025-11-01 02:30:00+00:00,109610.2,109630.8,109432.0,109580.3,356.725
2025-11-01 02:45:00+00:00,109580.3,109847.3,109580.2,109750.0,512.614
2025-11-01 03:00:00+00:00,109750.0,109920.1,109750.0,109858.4,379.705
2025-11-01 03:15:00+00:00,109858.4,110242.0,109858.3,110003.0,1544.721
2025-11-01 03:30:00+00:00,110003.0,110266.0,110000.0,110138.5,1025.933
2025-11-01 03:45:00+00:00,110138.5,110300.0,110076.8,110194.6,884.696
2025-11-01 04:00:00+00:00,110194.6,110557.0,110194.6,110230.1,1592.606
2025-11-01 04:15:00+00:00,110230.1,110342.7,110073.2,110256.2,693.684
2025-11-01 04:30:00+00:00,110256.2,110347.5,110163.5,110241.8,607.268
2025-11-01 04:45:00+00:00,110241.9,110315.4,110178.3,110245.8,316.525
2025-11-01 05:00:00+00:00,110245.8,110284.7,110043.3,110046.0,471.306
2025-11-01 05:15:00+00:00,110046.1,110143.9,110000.0,110103.8,386.71
2025-11-01 05:30:00+00:00,110103.9,110338.0,110069.6,110231.6,369.288
2025-11-01 05:45:00+00:00,110231.7,110231.7,110052.0,110087.7,285.982
2025-11-01 06:00:00+00:00,110087.7,110121.6,109977.7,110016.5,444.772
2025-11-01 06:15:00+00:00,110016.5,110027.2,109953.1,109979.9,264.79
2025-11-01 06:30:00+00:00,109980.0,110125.0,109901.0,109923.4,371.882
2025-11-01 06:45:00+00:00,109923.4,109965.4,109885.5,109956.2,348.188
2025-11-01 07:00:00+00:00,109956.2,110090.5,109945.0,109999.7,311.042
2025-11-01 07:15:00+00:00,109999.7,110158.0,109999.7,110133.0,282.534
2025-11-01 07:30:00+00:00,110133.1,110224.0,110026.1,110050.0,345.835
2025-11-01 07:45:00+00:00,110049.9,110050.0,109969.8,110025.3,238.112
2025-11-01 08:00:00+00:00,110025.3,110150.0,110025.3,110116.9,281.882
2025-11-01 08:15:00+00:00,110117.0,110237.6,110116.9,110148.3,233.791
2025-11-01 08:30:00+00:00,110148.3,110195.0,110121.9,110129.9,217.376
2025-11-01 08:45:00+00:00,110129.9,110225.0,110129.9,110200.3,198.3
2025-11-01 09:00:00+00:00,110200.3,110203.6,110127.2,110194.9,286.255
2025-11-01 09:15:00+00:00,110194.9,110213.4,110085.6,110143.6,248.01
2025-11-01 09:30:00+00:00,110143.6,110143.6,109925.0,109952.9,451.848
2025-11-01 09:45:00+00:00,109953.0,110080.7,109931.0,109954.6,549.867
2025-11-01 10:00:00+00:00,109954.6,110066.0,109803.0,109858.7,681.296
2025-11-01 10:15:00+00:00,109858.8,109990.4,109858.7,109966.3,283.45
2025-11-01 10:30:00+00:00,109966.2,110042.1,109935.9,110038.9,246.071
2025-11-01 10:45:00+00:00,110038.9,110151.0,110024.6,110119.4,323.472
2025-11-01 11:00:00+00:00,110119.5,110207.1,110119.5,110161.5,335.631
2025-11-01 11:15:00+00:00,110161.5,110161.6,110009.3,110010.7,262.181
2025-11-01 11:30:00+00:00,110010.7,110058.0,109958.6,110051.6,308.968
2025-11-01 11:45:00+00:00,110051.5,110151.5,110039.0,110096.2,264.439
2025-11-01 12:00:00+00:00,110096.3,110164.4,110058.0,110058.0,341.439
2025-11-01 12:15:00+00:00,110058.1,110082.5,109956.5,110045.3,391.048
2025-11-01 12:30:00+00:00,110045.2,110120.0,110040.1,110111.0,240.12
2025-11-01 12:45:00+00:00,110111.0,110111.1,109972.0,109972.0,306.303
2025-11-01 13:00:00+00:00,109972.1,109997.2,109903.0,109915.0,375.766
2025-11-01 13:15:00+00:00,109915.0,109978.3,109914.9,109966.9,373.888
2025-11-01 13:30:00+00:00,109966.9,110015.0,109654.5,109733.7,949.422
2025-11-01 13:45:00+00:00,109733.6,109947.2,109733.6,109899.6,516.219
2025-11-01 14:00:00+00:00,109899.7,109945.8,109683.3,109696.3,776.332
2025-11-01 14:15:00+00:00,109696.3,109842.4,109679.5,109833.0,896.767
2025-11-01 14:30:00+00:00,109833.1,109906.0,109818.5,109884.1,577.559
2025-11-01 14:45:00+00:00,109884.2,109884.8,109842.4,109880.0,320.034
2025-11-01 15:00:00+00:00,109880.0,110300.0,109854.4,110139.0,1599.603
2025-11-01 15:15:00+00:00,110138.9,110210.0,109922.8,110007.3,936.355
2025-11-01 15:30:00+00:00,110007.2,110100.0,109957.8,110019.5,505.361
2025-11-01 15:45:00+00:00,110019.5,110267.4,110008.8,110253.2,649.274
2025-11-01 16:00:00+00:00,110253.1,110400.0,110145.5,110145.5,1425.307
2025-11-01 16:15:00+00:00,110145.6,110254.2,110144.0,110144.0,405.812
2025-11-01 16:30:00+00:00,110144.0,110400.0,110144.0,110399.9,837.332
2025-11-01 16:45:00+00:00,110399.8,110486.4,110339.4,110413.7,795.961
2025-11-01 17:00:00+00:00,110413.8,110455.5,110215.9,110305.2,637.541
2025-11-01 17:15:00+00:00,110305.1,110323.4,110157.5,110170.0,367.091
2025-11-01 17:30:00+00:00,110170.1,110301.0,110163.9,110243.4,265.95
2025-11-01 17:45:00+00:00,110243.4,110298.9,110125.1,110160.1,227.866
2025-11-01 18:00:00+00:00,110160.1,110255.8,110145.5,110221.4,202.177
2025-11-01 18:15:00+00:00,110221.4,110297.3,110196.2,110208.2,246.457
2025-11-01 18:30:00+00:00,110208.2,110224.3,110163.5,110203.0,235.293
2025-11-01 18:45:00+00:00,110203.1,110325.1,110203.0,110294.9,254.338
2025-11-01 19:00:00+00:00,110294.9,110294.9,110171.7,110186.6,228.581
2025-11-01 19:15:00+00:00,110186.5,110254.5,110186.5,110217.6,133.388
2025-11-01 19:30:00+00:00,110217.5,110238.9,110176.9,110238.9,106.262
2025-11-01 19:45:00+00:00,110238.9,110279.3,110214.0,110249.0,75.413
2025-11-01 20:00:00+00:00,110249.0,110342.5,110248.9,110298.2,195.125
2025-11-01 20:15:00+00:00,110298.3,110440.0,110283.2,110399.0,249.732
2025-11-01 20:30:00+00:00,110399.0,110487.0,110343.5,110394.0,308.158
2025-11-01 20:45:00+00:00,110394.0,110406.8,110299.9,110358.4,231.482
2025-11-01 21:00:00+00:00,110358.4,110389.9,110157.6,110167.7,219.269
2025-11-01 21:15:00+00:00,110167.6,110334.3,110167.6,110316.5,323.996
2025-11-01 21:30:00+00:00,110316.6,110316.6,110105.6,110154.6,365.204
2025-11-01 21:45:00+00:00,110154.7,110154.7,109803.5,109815.2,718.949
2025-11-01 22:00:00+00:00,109815.2,109999.8,109815.1,109912.1,489.492
2025-11-01 22:15:00+00:00,109912.1,109993.0,109900.0,109955.0,170.361
2025-11-01 22:30:00+00:00,109955.1,110028.6,109955.0,110010.9,127.849
2025-11-01 22:45:00+00:00,110011.0,110060.2,109951.6,110044.0,131.768
2025-11-01 23:00:00+00:00,110044.0,110044.1,109950.5,109999.9,184.136
2025-11-01 23:15:00+00:00,109999.9,110044.1,109943.9,110037.0,135.618
2025-11-01 23:30:00+00:00,110037.0,110041.5,109922.4,110002.7,138.364
2025-11-01 23:45:00+00:00,110002.8,110100.0,109973.4,110047.2,168.992
2025-11-02 00:00:00+00:00,110047.3,110075.1,109982.7,109998.3,384.042
2025-11-02 00:15:00+00:00,109998.3,110088.0,109846.7,109980.0,421.767
2025-11-02 00:30:00+00:00,109980.1,110033.5,109910.0,109959.2,247.231
2025-11-02 00:45:00+00:00,109959.3,109991.9,109904.6,109932.3,143.25
2025-11-02 01:00:00+00:00,109932.2,109995.7,109872.1,109935.8,279.842
2025-11-02 01:15:00+00:00,109935.9,110058.0,109929.4,110058.0,183.751
2025-11-02 01:30:00+00:00,110057.9,110058.0,109979.0,109993.0,147.614
2025-11-02 01:45:00+00:00,109993.1,109993.1,109900.0,109930.0,272.279
2025-11-02 02:00:00+00:00,109930.0,109970.2,109836.7,109970.2,331.804
2025-11-02 02:15:00+00:00,109970.1,109970.2,109850.0,109953.2,209.081
2025-11-02 02:30:00+00:00,109953.1,110234.4,109953.1,109966.9,628.734
2025-11-02 02:45:00+00:00,109966.8,110011.5,109929.4,109976.4,296.922
2025-11-02 03:00:00+00:00,109975.9,110002.9,109918.2,109987.2,246.09
2025-11-02 03:15:00+00:00,109987.3,109996.4,109922.7,109945.0,162.692
2025-11-02 03:30:00+00:00,109945.0,110048.4,109934.4,109975.0,230.377
2025-11-02 03:45:00+00:00,109975.1,110012.6,109911.7,110008.5,347.814
2025-11-02 04:00:00+00:00,110008.4,110105.5,109974.1,110076.9,483.876
2025-11-02 04:15:00+00:00,110076.9,110156.8,110009.1,110107.5,414.423
2025-11-02 04:30:00+00:00,110107.5,110450.0,110062.4,110402.6,1206.528
2025-11-02 04:45:00+00:00,110402.6,110799.7,110390.0,110624.8,2220.368
2025-11-02 05:00:00+00:00,110624.8,110667.0,110400.0,110470.0,959.887
2025-11-02 05:15:00+00:00,110470.0,110554.4,110265.5,110402.3,955.448
2025-11-02 05:30:00+00:00,110402.2,110471.2,110230.0,110429.9,517.023
2025-11-02 05:45:00+00:00,110430.0,110516.0,110300.0,110452.7,521.084
2025-11-02 06:00:00+00:00,110453.1,110480.0,110317.9,110318.0,300.392
2025-11-02 06:15:00+00:00,110318.0,110376.4,110268.5,110352.0,291.949
2025-11-02 06:30:00+00:00,110352.0,110470.0,110244.8,110469.9,381.62
2025-11-02 06:45:00+00:00,110469.9,110675.4,110464.8,110610.0,717.006
2025-11-02 07:00:00+00:00,110609.9,110633.7,110462.0,110493.2,407.02
2025-11-02 07:15:00+00:00,110493.2,110497.0,110375.0,110451.0,339.977
2025-11-02 07:30:00+00:00,110450.9,110681.2,110416.0,110636.8,664.34
2025-11-02 07:45:00+00:00,110636.8,110988.0,110607.2,110844.1,1773.951
2025-11-02 08:00:00+00:00,110844.0,110966.2,110738.6,110758.0,795.39
2025-11-02 08:15:00+00:00,110758.0,110819.6,110650.4,110747.9,532.494
2025-11-02 08:30:00+00:00,110747.8,110804.3,110678.0,110784.3,431.668
2025-11-02 08:45:00+00:00,110784.4,110817.7,110715.1,110805.7,344.999
2025-11-02 09:00:00+00:00,110805.7,110950.0,110805.7,110930.2,545.626
2025-11-02 09:15:00+00:00,110930.3,110999.9,110866.8,110923.1,684.065
2025-11-02 09:30:00+00:00,110923.1,110923.1,110525.0,110584.8,1100.705
2025-11-02 09:45:00+00:00,110584.8,110674.1,110464.0,110657.1,1017.905
2025-11-02 10:00:00+00:00,110657.2,110814.0,110526.5,110804.0,819.219
2025-11-02 10:15:00+00:00,110804.0,110804.0,110520.0,110527.4,659.867
2025-11-02 10:30:00+00:00,110527.4,110527.5,110302.1,110352.0,1443.372
2025-11-02 10:45:00+00:00,110352.0,110452.6,110339.6,110450.0,481.242
2025-11-02 11:00:00+00:00,110449.9,110640.1,110434.3,110606.9,526.233
2025-11-02 11:15:00+00:00,110606.9,110831.8,110606.8,110805.9,823.265
2025-11-02 11:30:00+00:00,110805.8,110922.8,110667.7,110862.4,815.275
2025-11-02 11:45:00+00:00,110862.3,111193.5,110862.3,111145.4,1400.613
2025-11-02 12:00:00+00:00,111145.4,111216.0,111008.1,111053.5,1266.192
2025-11-02 12:15:00+00:00,111053.6,111137.1,110847.0,110893.7,753.951
2025-11-02 12:30:00+00:00,110893.7,110981.9,110740.4,110775.0,802.187
2025-11-02 12:45:00+00:00,110775.0,110787.6,110614.8,110690.8,901.835
2025-11-02 13:00:00+00:00,110690.8,110726.3,110520.1,110560.2,890.917
2025-11-02 13:15:00+00:00,110560.2,110560.2,110109.2,110361.8,2087.434
2025-11-02 13:30:00+00:00,110361.7,110441.8,110235.8,110321.2,855.915
2025-11-02 13:45:00+00:00,110321.2,110550.7,110251.3,110513.0,655.293
2025-11-02 14:00:00+00:00,110513.0,110625.0,110379.5,110427.7,707.8
2025-11-02 14:15:00+00:00,110427.6,110490.9,110152.0,110254.7,1099.894
2025-11-02 14:30:00+00:00,110254.6,110500.0,110239.0,110297.8,637.864
2025-11-02 14:45:00+00:00,110297.8,110473.3,110138.5,110370.7,663.589
2025-11-02 15:00:00+00:00,110370.7,110386.2,110217.2,110334.0,467.67
2025-11-02 15:15:00+00:00,110334.0,110500.0,110321.0,110470.0,523.124
2025-11-02 15:30:00+00:00,110470.0,110510.0,110170.0,110222.7,794.632
2025-11-02 15:45:00+00:00,110222.7,110300.0,110030.0,110066.1,864.474
2025-11-02 16:00:00+00:00,110066.2,110097.3,109728.0,109781.3,2993.344
2025-11-02 16:15:00+00:00,109781.4,110035.6,109661.2,110027.3,1316.598
2025-11-02 16:30:00+00:00,110027.3,110081.1,109890.0,110025.3,785.397
2025-11-02 16:45:00+00:00,110025.3,110086.2,109905.6,110068.1,351.324
2025-11-02 17:00:00+00:00,110068.2,110196.1,110047.7,110174.9,463.158
2025-11-02 17:15:00+00:00,110175.0,110222.0,110090.0,110107.7,359.546
2025-11-02 17:30:00+00:00,110107.7,110107.7,109970.1,110003.3,429.378
2025-11-02 17:45:00+00:00,110003.2,110142.2,109971.8,110142.2,216.204
2025-11-02 18:00:00+00:00,110142.1,110234.3,110126.8,110132.9,270.442
2025-11-02 18:15:00+00:00,110132.9,110234.0,110121.0,110197.3,172.783
2025-11-02 18:30:00+00:00,110197.3,110250.0,110133.7,110231.2,241.71
2025-11-02 18:45:00+00:00,110231.1,110286.2,110219.4,110283.2,197.026
2025-11-02 19:00:00+00:00,110283.2,110283.2,110155.6,110165.7,260.965
2025-11-02 19:15:00+00:00,110165.7,110165.8,109900.4,109905.4,389.406
2025-11-02 19:30:00+00:00,109905.4,110104.3,109905.3,109999.9,428.587
2025-11-02 19:45:00+00:00,110000.0,110137.9,109983.5,110125.2,240.117
2025-11-02 20:00:00+00:00,110125.3,110172.5,109917.0,109917.2,252.25
2025-11-02 20:15:00+00:00,109917.2,110005.6,109834.8,109877.7,409.288
2025-11-02 20:30:00+00:00,109877.7,110045.7,109866.8,110012.5,271.793
2025-11-02 20:45:00+00:00,110012.4,110045.6,109981.6,110045.6,138.791
2025-11-02 21:00:00+00:00,110045.6,110091.2,109922.6,109958.6,223.137
2025-11-02 21:15:00+00:00,109958.6,110013.4,109927.2,109972.4,105.476
2025-11-02 21:30:00+00:00,109972.4,110038.3,109955.9,109994.3,143.429
2025-11-02 21:45:00+00:00,109994.4,110066.8,109940.9,109947.6,171.37
2025-11-02 22:00:00+00:00,109947.5,109964.4,109906.0,109919.0,253.858
2025-11-02 22:15:00+00:00,109919.1,109982.4,109909.8,109949.4,155.83
2025-11-02 22:30:00+00:00,109949.4,109949.4,109368.9,109596.1,1818.958
2025-11-02 22:45:00+00:00,109596.1,109860.9,109500.0,109860.9,472.519
2025-11-02 23:00:00+00:00,109860.9,110471.1,109860.9,110415.3,1678.99
2025-11-02 23:15:00+00:00,110415.3,110450.0,110089.9,110133.2,699.37
2025-11-02 23:30:00+00:00,110133.1,110509.1,110115.5,110364.4,954.336
2025-11-02 23:45:00+00:00,110364.4,110700.0,110300.0,110494.9,1160.902
2025-11-03 00:00:00+00:00,110494.9,110711.0,110444.2,110631.1,987.542
2025-11-03 00:15:00+00:00,110631.0,110649.5,110275.4,110281.5,792.803
2025-11-03 00:30:00+00:00,110281.4,110330.0,110180.2,110222.4,443.559
2025-11-03 00:45:00+00:00,110222.3,110267.7,109700.0,109700.1,1334.648
2025-11-03 01:00:00+00:00,109700.0,109801.6,109424.3,109681.8,2127.98
2025-11-03 01:15:00+00:00,109681.7,109773.4,109475.0,109599.7,949.88
2025-11-03 01:30:00+00:00,109599.7,109744.0,109310.0,109682.1,1482.335
2025-11-03 01:45:00+00:00,109682.1,109846.2,109521.9,109614.2,668.482
2025-11-03 02:00:00+00:00,109614.2,109713.2,109341.3,109624.1,1162.527
2025-11-03 02:15:00+00:00,109624.1,109627.9,109150.9,109181.5,1442.764
2025-11-03 02:30:00+00:00,109181.8,109181.8,108750.0,108816.9,2955.266
2025-11-03 02:45:00+00:00,108816.9,109040.0,108600.0,108991.7,2120.949
2025-11-03 03:00:00+00:00,108991.7,109116.4,108132.5,108182.6,3831.017
2025-11-03 03:15:00+00:00,108182.7,108428.6,107900.1,108079.8,3131.158
2025-11-03 03:30:00+00:00,108079.9,108350.9,107916.3,108207.6,1777.641
2025-11-03 03:45:00+00:00,108207.5,108207.6,107850.0,107886.0,1851.085
2025-11-03 04:00:00+00:00,107886.0,107952.1,107448.2,107689.1,3708.671
2025-11-03 04:15:00+00:00,107689.2,107848.6,107435.0,107775.9,1784.55
2025-11-03 04:30:00+00:00,107775.9,107887.0,107627.4,107666.9,1856.221
2025-11-03 04:45:00+00:00,107666.8,107944.1,107660.0,107843.8,1159.614
2025-11-03 05:00:00+00:00,107843.8,107989.9,107737.3,107919.8,1191.036
2025-11-03 05:15:00+00:00,107919.7,108088.8,107702.8,107920.0,1326.495
2025-11-03 05:30:00+00:00,107920.1,107963.6,107473.3,107562.9,982.638
2025-11-03 05:45:00+00:00,107562.9,107629.5,107333.0,107556.9,1347.298
2025-11-03 06:00:00+00:00,107556.8,107666.0,107239.3,107308.9,1271.371
2025-11-03 06:15:00+00:00,107308.9,107541.7,107276.0,107422.7,873.382
2025-11-03 06:30:00+00:00,107422.7,107626.0,107265.8,107322.1,1162.679
2025-11-03 06:45:00+00:00,107322.0,107597.0,106946.7,107452.8,2989.55
2025-11-03 07:00:00+00:00,107452.8,107452.8,107222.0,107405.0,893.516
2025-11-03 07:15:00+00:00,107405.0,107801.5,107265.0,107604.5,2171.899
2025-11-03 07:30:00+00:00,107604.5,107673.1,107430.5,107430.5,1211.922
2025-11-03 07:45:00+00:00,107430.5,107650.0,107400.0,107420.5,907.822
2025-11-03 08:00:00+00:00,107420.6,107677.5,107365.0,107539.2,817.529
2025-11-03 08:15:00+00:00,107539.3,107542.4,107163.1,107180.7,1192.747
2025-11-03 08:30:00+00:00,107180.7,107263.2,107069.8,107190.0,1165.794
2025-11-03 08:45:00+00:00,107190.1,107558.0,106925.7,107548.6,2146.299
2025-11-03 09:00:00+00:00,107548.5,107881.4,107491.7,107759.3,1718.702
2025-11-03 09:15:00+00:00,107759.2,107759.2,107247.9,107333.0,1498.945
2025-11-03 09:30:00+00:00,107333.0,107420.8,107149.3,107300.0,690.329
2025-11-03 09:45:00+00:00,107300.1,107300.1,107029.0,107173.1,698.033
2025-11-03 10:00:00+00:00,107173.1,107518.4,107156.8,107465.6,909.485
2025-11-03 10:15:00+00:00,107465.6,107577.5,107440.2,107541.2,410.684
2025-11-03 10:30:00+00:00,107541.1,107541.1,107150.0,107209.7,663.783
2025-11-03 10:45:00+00:00,107209.6,107288.1,106618.7,106925.9,3016.34
2025-11-03 11:00:00+00:00,106926.0,107545.0,106918.8,107484.9,2154.515
2025-11-03 11:15:00+00:00,107484.9,107775.8,107415.9,107595.4,1189.642
2025-11-03 11:30:00+00:00,107595.4,107726.0,107459.4,107687.8,649.253
2025-11-03 11:45:00+00:00,107687.8,107873.9,107606.9,107737.4,1184.641
2025-11-03 12:00:00+00:00,107737.4,108216.9,107666.0,108016.4,3137.176
2025-11-03 12:15:00+00:00,108016.5,108210.0,108011.1,108203.9,1536.3
2025-11-03 12:30:00+00:00,108203.9,108210.0,107782.8,107782.8,1191.143
2025-11-03 12:45:00+00:00,107782.9,107924.7,107650.5,107717.2,645.219
2025-11-03 13:00:00+00:00,107717.1,107728.8,107549.8,107639.3,806.422
2025-11-03 13:15:00+00:00,107639.2,107710.5,107512.0,107646.5,672.445
2025-11-03 13:30:00+00:00,107646.0,108000.0,107646.0,107813.4,1007.765
2025-11-03 13:45:00+00:00,107813.5,108013.6,107705.3,107855.0,683.48
2025-11-03 14:00:00+00:00,107855.0,108280.0,107731.3,107791.1,1928.261
2025-11-03 14:15:00+00:00,107801.3,107866.6,107463.4,107499.6,1808.711
2025-11-03 14:30:00+00:00,107499.7,107789.8,107317.6,107572.2,2048.659
2025-11-03 14:45:00+00:00,107572.2,108024.5,107467.2,108016.5,1336.789
2025-11-03 15:00:00+00:00,108016.5,108117.0,107477.7,107592.2,1795.821
2025-11-03 15:15:00+00:00,107592.2,107592.2,105600.0,105926.2,12217.812
2025-11-03 15:30:00+00:00,105925.5,106583.2,105500.0,106063.1,13479.383
2025-11-03 15:45:00+00:00,106063.1,106267.2,105617.3,105718.8,4092.649
2025-11-03 16:00:00+00:00,105718.8,106165.5,105300.0,106045.8,7677.032
2025-11-03 16:15:00+00:00,106045.8,106555.0,105766.4,106328.0,4619.182
2025-11-03 16:30:00+00:00,106328.0,106604.1,106183.7,106452.4,2840.544
2025-11-03 16:45:00+00:00,106452.5,106758.0,106388.0,106644.0,1649.156
2025-11-03 17:00:00+00:00,106644.1,106883.3,106489.5,106796.8,1786.455
2025-11-03 17:15:00+00:00,106796.9,107797.2,106732.5,107045.5,6374.416
2025-11-03 17:30:00+00:00,107045.6,107544.3,107014.5,107416.4,1763.028
2025-11-03 17:45:00+00:00,107416.3,107634.9,107265.1,107433.2,1515.624
2025-11-03 18:00:00+00:00,107433.3,107550.1,107145.0,107172.4,1375.736
2025-11-03 18:15:00+00:00,107172.4,107496.6,107060.3,107210.1,987.565
2025-11-03 18:30:00+00:00,107210.1,107360.0,106820.0,106853.0,1651.526
2025-11-03 18:45:00+00:00,106853.0,107142.8,106747.5,106905.9,1356.266
2025-11-03 19:00:00+00:00,106905.9,107011.2,106400.0,106753.7,1787.975
2025-11-03 19:15:00+00:00,106753.6,107123.2,106725.6,106893.0,1110.712
2025-11-03 19:30:00+00:00,106893.1,107350.0,106867.7,107219.0,1044.654
2025-11-03 19:45:00+00:00,107219.1,107329.0,106979.4,107034.7,580.389
2025-11-03 20:00:00+00:00,107034.7,107120.0,106656.7,106666.4,932.01
2025-11-03 20:15:00+00:00,106666.3,106800.0,106461.6,106700.0,1053.544
2025-11-03 20:30:00+00:00,106700.0,107000.0,106567.4,106622.8,701.337
2025-11-03 20:45:00+00:00,106622.8,106675.9,106259.9,106615.9,1484.784
2025-11-03 21:00:00+00:00,106615.8,107061.3,106503.0,106518.8,1403.575
2025-11-03 21:15:00+00:00,106518.7,106753.3,106038.0,106583.3,1780.622
2025-11-03 21:30:00+00:00,106583.3,107007.4,106501.7,106985.1,1067.522
2025-11-03 21:45:00+00:00,106985.0,107012.6,106770.5,106849.3,583.823
2025-11-03 22:00:00+00:00,106849.3,106849.3,106314.1,106481.8,1142.084
2025-11-03 22:15:00+00:00,106481.9,106574.2,106100.0,106133.6,927.468
2025-11-03 22:30:00+00:00,106133.5,106421.0,105750.1,106335.0,1663.783
2025-11-03 22:45:00+00:00,106335.0,106592.4,106275.9,106441.6,599.137
2025-11-03 23:00:00+00:00,106441.6,106441.6,105984.3,106201.0,672.445
2025-11-03 23:15:00+00:00,106201.0,106503.8,106200.0,106399.6,548.873
2025-11-03 23:30:00+00:00,106399.4,106716.6,106374.4,106575.7,688.455
2025-11-03 23:45:00+00:00,106575.7,106626.8,106418.6,106544.0,495.269
2025-11-04 00:00:00+00:00,106544.0,106591.1,106255.0,106280.9,942.341
2025-11-04 00:15:00+00:00,106280.8,106326.9,105820.0,105820.0,1581.815
2025-11-04 00:30:00+00:00,105820.0,106777.0,105820.0,106689.8,2215.15
2025-11-04 00:45:00+00:00,106689.8,106689.9,106261.3,106428.8,842.211
2025-11-04 01:00:00+00:00,106428.8,106664.9,106224.0,106552.5,906.486
2025-11-04 01:15:00+00:00,106552.5,107150.0,106477.0,106864.9,2528.312
2025-11-04 01:30:00+00:00,106865.0,107271.9,106862.8,107083.5,1434.016
2025-11-04 01:45:00+00:00,107083.6,107110.6,106627.1,106991.0,1325.484
2025-11-04 02:00:00+00:00,106990.9,106990.9,106679.4,106874.5,939.416
2025-11-04 02:15:00+00:00,106874.5,107192.2,106787.0,106893.9,1353.119
2025-11-04 02:30:00+00:00,106893.9,106968.5,106614.2,106713.6,1297.742
2025-11-04 02:45:00+00:00,106713.6,106713.6,106404.8,106438.0,1571.121
2025-11-04 03:00:00+00:00,106438.0,106906.8,106150.0,106874.0,1608.325
2025-11-04 03:15:00+00:00,106874.0,106992.0,106700.0,106917.9,1046.901
2025-11-04 03:30:00+00:00,106918.0,107172.8,106785.7,107114.4,1156.865
2025-11-04 03:45:00+00:00,107114.4,107192.2,106960.4,107097.2,922.835
2025-11-04 04:00:00+00:00,107097.1,107247.8,107050.6,107144.1,1033.322
2025-11-04 04:15:00+00:00,107144.2,107144.2,106850.6,106884.7,648.857
2025-11-04 04:30:00+00:00,106884.7,107000.0,106728.5,106793.6,698.834
2025-11-04 04:45:00+00:00,106793.6,106845.4,106659.2,106702.8,558.64
2025-11-04 05:00:00+00:00,106702.7,106702.8,106435.4,106540.6,1145.606
2025-11-04 05:15:00+00:00,106540.6,106559.7,105395.7,105612.6,4631.632
2025-11-04 05:30:00+00:00,105612.7,105620.9,104880.0,104885.5,6272.729
2025-11-04 05:45:00+00:00,104885.5,105027.1,104131.8,104164.3,7737.049
2025-11-04 06:00:00+00:00,104164.3,104851.2,104125.3,104850.0,5762.387
2025-11-04 06:15:00+00:00,104849.9,105190.0,104667.0,104934.4,3232.892
2025-11-04 06:30:00+00:00,104934.3,104946.3,104433.4,104482.8,1659.707
2025-11-04 06:45:00+00:00,104482.7,104748.1,104468.1,104702.4,1405.552
2025-11-04 07:00:00+00:00,104702.4,104900.0,104350.0,104394.1,2419.997
2025-11-04 07:15:00+00:00,104394.1,104664.4,104274.3,104328.3,1448.117
2025-11-04 07:30:00+00:00,104328.3,104703.0,104274.2,104339.1,1342.982
2025-11-04 07:45:00+00:00,104339.1,104556.8,104279.6,104442.9,1304.593
2025-11-04 08:00:00+00:00,104442.9,104500.0,103800.0,103832.7,4245.586
2025-11-04 08:15:00+00:00,103832.6,104457.6,103700.2,104167.5,3728.995
2025-11-04 08:30:00+00:00,104167.5,104591.7,104160.1,104403.4,1860.754
2025-11-04 08:45:00+00:00,104403.5,104438.3,103911.2,104018.4,1542.161
2025-11-04 09:00:00+00:00,104018.5,104047.7,103643.6,103796.4,1988.791
2025-11-04 09:15:00+00:00,103796.5,104005.3,103621.8,103849.3,1629.459
2025-11-04 09:30:00+00:00,103849.2,104125.5,103745.1,103850.1,1386.193
2025-11-04 09:45:00+00:00,103850.1,103954.7,103600.0,103822.3,1432.2
2025-11-04 10:00:00+00:00,103822.4,103848.3,103622.0,103650.1,1327.531
2025-11-04 10:15:00+00:00,103650.2,103872.6,103605.1,103704.6,1247.369
2025-11-04 10:30:00+00:00,103704.6,104096.1,103550.0,103810.0,2148.584
2025-11-04 10:45:00+00:00,103809.9,103831.6,103565.1,103787.0,1878.894
2025-11-04 11:00:00+00:00,103787.0,104217.0,103731.2,104156.2,1809.981
2025-11-04 11:15:00+00:00,104156.2,104433.6,104083.5,104254.7,1911.536
2025-11-04 11:30:00+00:00,104254.6,104656.0,104220.5,104554.9,1965.388
2025-11-04 11:45:00+00:00,104554.9,104589.0,104412.8,104530.7,790.37
2025-11-04 12:00:00+00:00,104530.7,104596.4,104235.9,104298.3,1586.437
2025-11-04 12:15:00+00:00,104298.3,104298.4,103822.0,104070.5,2580.355
2025-11-04 12:30:00+00:00,104070.5,104072.4,103777.0,103995.1,1124.912
2025-11-04 12:45:00+00:00,103995.1,104029.0,103849.0,103907.3,796.519
2025-11-04 13:00:00+00:00,103907.3,104044.4,103666.9,103794.0,1130.638
2025-11-04 13:15:00+00:00,103793.8,103933.8,103513.2,103639.1,1706.322
2025-11-04 13:30:00+00:00,103639.2,104191.0,103607.3,104139.4,2214.271
2025-11-04 13:45:00+00:00,104139.4,104139.4,103820.7,103870.0,956.665
2025-11-04 14:00:00+00:00,103870.1,103999.0,103660.3,103848.1,1275.35
2025-11-04 14:15:00+00:00,103848.1,103930.6,103653.6,103733.0,1060.497
2025-11-04 14:30:00+00:00,103733.0,103930.2,102870.0,103886.4,10820.594
2025-11-04 14:45:00+00:00,103886.4,104651.2,103781.0,104458.4,6461.7
2025-11-04 15:00:00+00:00,104458.4,104800.0,104010.3,104038.9,4471.898
2025-11-04 15:15:00+00:00,104038.9,104800.0,104038.9,104420.1,2998.707
2025-11-04 15:30:00+00:00,104420.1,104420.1,103921.8,104078.9,2294.71
2025-11-04 15:45:00+00:00,104078.9,104078.9,103136.3,103157.7,4407.337
2025-11-04 16:00:00+00:00,103157.7,103474.1,102942.2,103039.5,3487.484
2025-11-04 16:15:00+00:00,103039.6,103164.9,102456.0,102701.4,6374.615
2025-11-04 16:30:00+00:00,102701.3,103000.0,102532.0,102627.9,3526.486
2025-11-04 16:45:00+00:00,102628.0,102751.7,102110.0,102227.4,5178.955
2025-11-04 17:00:00+00:00,102227.4,102227.4,101200.0,101307.9,10523.034
2025-11-04 17:15:00+00:00,101307.9,101540.0,100725.0,101318.1,9674.801
2025-11-04 17:30:00+00:00,101318.1,101934.2,101238.4,101326.8,5089.001
2025-11-04 17:45:00+00:00,101326.8,101461.9,101045.6,101074.8,2479.099
2025-11-04 18:00:00+00:00,101074.8,101108.8,100585.0,100777.3,4899.841
2025-11-04 18:15:00+00:00,100777.4,100868.0,100250.0,100668.8,6755.517
2025-11-04 18:30:00+00:00,100668.8,101233.7,99980.0,101233.6,8744.447
2025-11-04 18:45:00+00:00,101233.6,101469.5,100500.0,101317.3,4406.696
2025-11-04 19:00:00+00:00,101317.3,101522.6,100850.6,101358.7,3121.174
2025-11-04 19:15:00+00:00,101358.7,101674.6,101129.4,101246.5,2472.252
2025-11-04 19:30:00+00:00,101246.5,101389.3,100618.5,100781.5,2301.958
2025-11-04 19:45:00+00:00,100781.5,100953.1,100367.9,100507.0,2866.203
2025-11-04 20:00:00+00:00,100507.0,100727.9,100230.1,100481.3,2218.672
2025-11-04 20:15:00+00:00,100481.2,100595.8,99482.6,100493.4,11336.73
2025-11-04 20:30:00+00:00,100493.4,101077.2,99964.1,100868.4,4132.989
2025-11-04 20:45:00+00:00,100868.4,101007.0,100474.0,100710.1,2606.279
2025-11-04 21:00:00+00:00,100710.0,100793.8,100202.1,100253.1,2626.91
2025-11-04 21:15:00+00:00,100253.1,100353.1,99678.7,99874.8,3231.003
2025-11-04 21:30:00+00:00,99874.8,99904.4,98888.8,99260.1,7738.64
2025-11-04 21:45:00+00:00,99260.1,100313.9,99080.4,100274.1,4373.161
2025-11-04 22:00:00+00:00,100274.2,101000.8,100043.0,100871.9,4454.136
2025-11-04 22:15:00+00:00,100872.0,101300.0,100812.1,101107.8,3898.754
2025-11-04 22:30:00+00:00,101107.8,101859.5,101004.0,101143.0,3728.511
2025-11-04 22:45:00+00:00,101142.9,101359.6,100836.7,101260.2,1590.631
2025-11-04 23:00:00+00:00,101260.3,101544.6,100850.3,101228.2,2369.766
2025-11-04 23:15:00+00:00,101228.3,101317.6,100964.9,101191.8,1380.373
2025-11-04 23:30:00+00:00,101191.8,101357.5,101048.0,101357.5,1019.113
2025-11-04 23:45:00+00:00,101357.5,101697.0,101280.9,101450.3,3379.19
2025-11-05 00:00:00+00:00,101450.2,101700.0,101020.1,101063.1,2831.798
2025-11-05 00:15:00+00:00,101063.1,101458.2,100907.6,100927.4,1909.791
2025-11-05 00:30:00+00:00,100927.5,101045.8,100336.2,100348.2,2481.003
2025-11-05 00:45:00+00:00,100348.3,100686.0,100308.0,100522.9,1410.212
2025-11-05 01:00:00+00:00,100523.0,100599.0,100000.0,100333.0,2124.017
2025-11-05 01:15:00+00:00,100333.0,100339.9,99039.8,99087.8,5222.581
2025-11-05 01:30:00+00:00,99087.8,99549.9,98909.7,99302.3,6183.091
2025-11-05 01:45:00+00:00,99302.3,100988.1,99210.8,100722.1,6296.698
2025-11-05 02:00:00+00:00,100722.1,101546.9,100713.5,101083.4,5931.079
2025-11-05 02:15:00+00:00,101083.4,101475.6,100873.2,101247.6,3345.34
2025-11-05 02:30:00+00:00,101247.5,101692.5,101105.7,101692.5,5221.536
2025-11-05 02:45:00+00:00,101692.5,101918.1,101216.8,101633.7,3040.521
2025-11-05 03:00:00+00:00,101633.8,101857.0,101405.1,101673.2,2972.273
2025-11-05 03:15:00+00:00,101672.6,102088.0,101456.6,102061.8,2238.051
2025-11-05 03:30:00+00:00,102061.9,102195.9,101801.4,102163.0,1921.721
2025-11-05 03:45:00+00:00,102163.1,102222.0,101923.7,102094.8,2387.432
2025-11-05 04:00:00+00:00,102094.8,102212.3,101853.2,101899.4,1794.316
2025-11-05 04:15:00+00:00,101899.4,101964.5,101513.0,101540.1,1944.197
2025-11-05 04:30:00+00:00,101540.1,102088.0,101481.1,102016.4,1572.609
2025-11-05 04:45:00+00:00,102016.5,102151.2,101743.1,101952.1,967.025
2025-11-05 05:00:00+00:00,101952.1,102326.4,101905.0,102209.1,2894.212
2025-11-05 05:15:00+00:00,102209.1,102278.3,101617.4,101825.7,2039.599
2025-11-05 05:30:00+00:00,101825.7,102000.0,101678.5,101739.4,1073.971
2025-11-05 05:45:00+00:00,101739.5,101782.7,101536.8,101768.2,868.221
2025-11-05 06:00:00+00:00,101768.1,101775.2,101433.3,101616.5,1578.77
2025-11-05 06:15:00+00:00,101616.5,101889.4,101479.1,101864.5,1215.459
2025-11-05 06:30:00+00:00,101864.5,102022.7,101663.4,101836.4,1085.423
2025-11-05 06:45:00+00:00,101836.4,102094.7,101766.2,102068.8,745.921
2025-11-05 07:00:00+00:00,102068.8,102100.0,101698.1,101880.1,683.683
2025-11-05 07:15:00+00:00,101880.0,101890.4,101552.0,101769.6,773.648
2025-11-05 07:30:00+00:00,101769.6,101919.0,101699.1,101893.9,624.022
2025-11-05 07:45:00+00:00,101893.9,102100.0,101811.5,101946.1,1127.272
2025-11-05 08:00:00+00:00,101946.2,101946.3,101595.0,101670.8,1876.734
2025-11-05 08:15:00+00:00,101670.8,101689.7,101131.0,101381.4,3104.378
2025-11-05 08:30:00+00:00,101381.4,101738.8,101286.3,101459.4,1242.91
2025-11-05 08:45:00+00:00,101459.3,101819.3,101163.8,101650.8,2319.581
2025-11-05 09:00:00+00:00,101650.7,102174.9,101561.8,101865.9,2003.202
2025-11-05 09:15:00+00:00,101865.9,102020.7,101553.6,101847.8,1073.232
2025-11-05 09:30:00+00:00,101847.7,101965.2,101700.0,101894.5,504.087
2025-11-05 09:45:00+00:00,101894.4,101980.0,101677.4,101949.5,789.151
2025-11-05 10:00:00+00:00,101949.6,101949.6,101654.0,101710.1,651.533
2025-11-05 10:15:00+00:00,101710.1,101812.4,101574.1,101754.2,906.299
2025-11-05 10:30:00+00:00,101754.2,101800.0,101518.0,101648.0,594.3
2025-11-05 10:45:00+00:00,101648.0,101651.6,101250.0,101352.5,1249.092
2025-11-05 11:00:00+00:00,101352.6,101667.4,101338.0,101506.0,1045.524
2025-11-05 11:15:00+00:00,101506.1,101735.1,101429.7,101554.5,1359.905
2025-11-05 11:30:00+00:00,101554.5,101800.0,101530.0,101696.2,647.834
2025-11-05 11:45:00+00:00,101696.2,102060.4,101690.0,102019.4,1367.754
2025-11-05 12:00:00+00:00,102019.3,102056.0,101867.8,101985.3,825.42
2025-11-05 12:15:00+00:00,101985.4,102853.2,101954.0,102466.7,5580.07
2025-11-05 12:30:00+00:00,102466.7,102678.7,102237.6,102664.1,1663.447
2025-11-05 12:45:00+00:00,102664.1,102681.4,102420.9,102622.7,1277.734
2025-11-05 13:00:00+00:00,102622.6,102719.7,102430.0,102443.6,985.87
2025-11-05 13:15:00+00:00,102443.6,102545.6,102240.7,102471.7,1387.454
2025-11-05 13:30:00+00:00,102471.7,102940.1,102306.2,102779.9,1520.148
2025-11-05 13:45:00+00:00,102780.0,103207.0,102721.2,102926.1,3467.84
2025-11-05 14:00:00+00:00,102926.2,102973.5,102558.2,102594.7,1658.091
2025-11-05 14:15:00+00:00,102594.7,102737.4,102439.8,102611.5,1356.56
2025-11-05 14:30:00+00:00,102611.6,103338.1,102120.0,102934.4,4705.211
2025-11-05 14:45:00+00:00,102930.2,103440.0,102789.4,103162.6,2826.317
2025-11-05 15:00:00+00:00,103162.6,103392.8,102777.0,102960.1,2262.838
2025-11-05 15:15:00+00:00,102960.1,103439.7,102870.4,103312.1,1547.133
2025-11-05 15:30:00+00:00,103312.1,103750.0,103204.0,103503.0,2791.651
2025-11-05 15:45:00+00:00,103503.0,103746.6,103459.7,103668.3,1462.813
2025-11-05 16:00:00+00:00,103668.2,103790.0,103225.2,103265.9,2042.614
2025-11-05 16:15:00+00:00,103265.9,103504.0,102972.8,103459.2,2160.969
2025-11-05 16:30:00+00:00,103459.2,103750.0,103430.4,103546.8,1535.929
2025-11-05 16:45:00+00:00,103546.7,103990.3,103532.4,103865.0,2178.495
2025-11-05 17:00:00+00:00,103865.1,103873.3,103326.7,103426.9,1599.261
2025-11-05 17:15:00+00:00,103426.9,103953.9,103388.0,103850.1,1347.279
2025-11-05 17:30:00+00:00,103850.0,103950.8,103692.0,103868.9,1003.154
2025-11-05 17:45:00+00:00,103868.9,103884.2,103452.5,103850.6,1166.463
2025-11-05 18:00:00+00:00,103850.6,103928.0,103700.0,103890.0,740.577
2025-11-05 18:15:00+00:00,103889.9,104100.0,103850.0,104063.9,1547.999
2025-11-05 18:30:00+00:00,104063.9,104235.4,103961.3,104130.1,1547.703
2025-11-05 18:45:00+00:00,104130.0,104383.6,104053.6,104292.8,1520.685
2025-11-05 19:00:00+00:00,104292.9,104300.1,104020.6,104107.6,1015.989
2025-11-05 19:15:00+00:00,104107.5,104496.6,104107.5,104150.0,1173.045
2025-11-05 19:30:00+00:00,104150.0,104412.1,104139.0,104265.4,681.678
2025-11-05 19:45:00+00:00,104265.3,104277.6,103926.1,103950.0,1006.849
2025-11-05 20:00:00+00:00,103950.0,104497.6,103874.8,104466.7,1498.014
2025-11-05 20:15:00+00:00,104466.8,104483.7,103945.0,103956.7,826.096
2025-11-05 20:30:00+00:00,103956.7,103968.6,103683.2,103854.5,1206.503
2025-11-05 20:45:00+00:00,103854.5,103948.0,103566.3,103788.0,1203.183
2025-11-05 21:00:00+00:00,103788.0,103788.1,103555.0,103587.7,1069.008
2025-11-05 21:15:00+00:00,103587.6,103775.5,103450.7,103533.0,1078.861
2025-11-05 21:30:00+00:00,103533.0,103688.6,103511.9,103572.0,490.247
2025-11-05 21:45:00+00:00,103572.0,103728.9,103528.1,103626.0,510.299
2025-11-05 22:00:00+00:00,103625.9,103626.0,103240.5,103270.2,987.635
2025-11-05 22:15:00+00:00,103270.2,103434.2,103260.1,103318.7,525.751
2025-11-05 22:30:00+00:00,103318.7,103641.3,103278.0,103521.7,535.309
2025-11-05 22:45:00+00:00,103521.7,103750.0,103456.3,103671.9,502.238
2025-11-05 23:00:00+00:00,103671.8,103838.1,103620.0,103734.0,631.055
2025-11-05 23:15:00+00:00,103733.9,103958.0,103733.9,103903.3,738.148
2025-11-05 23:30:00+00:00,103903.2,104062.9,103808.9,104045.9,605.329
2025-11-05 23:45:00+00:00,104045.9,104045.9,103800.0,103837.0,534.124
2025-11-06 00:00:00+00:00,103837.0,103840.7,103396.9,103700.0,1484.736
2025-11-06 00:15:00+00:00,103700.1,103723.2,103264.6,103386.5,1008.838
2025-11-06 00:30:00+00:00,103386.5,103483.8,103282.1,103374.0,580.442
2025-11-06 00:45:00+00:00,103374.0,103649.5,103370.0,103631.5,518.055
2025-11-06 01:00:00+00:00,103631.5,103631.5,103068.7,103168.6,1431.411
2025-11-06 01:15:00+00:00,103168.6,103240.6,102684.7,102800.0,3153.627
2025-11-06 01:30:00+00:00,102800.1,103392.9,102771.8,103289.1,1452.575
2025-11-06 01:45:00+00:00,103289.2,103500.0,103281.7,103315.4,655.346
2025-11-06 02:00:00+00:00,103315.4,103383.3,102871.4,102896.8,945.826
2025-11-06 02:15:00+00:00,102896.8,103117.1,102800.3,102855.7,1077.691
2025-11-06 02:30:00+00:00,102855.8,103420.0,102835.8,103283.5,1019.726
2025-11-06 02:45:00+00:00,103283.6,103537.9,103271.2,103278.2,963.808
2025-11-06 03:00:00+00:00,103278.1,103537.7,103278.1,103515.5,761.156
2025-11-06 03:15:00+00:00,103515.5,103919.7,103501.9,103562.0,1647.082
2025-11-06 03:30:00+00:00,103561.9,103738.6,103551.8,103605.2,596.723
2025-11-06 03:45:00+00:00,103605.1,103679.7,103557.0,103598.3,473.827
2025-11-06 04:00:00+00:00,103598.3,103803.0,103534.0,103763.2,690.808
2025-11-06 04:15:00+00:00,103763.2,103789.8,103681.0,103720.1,444.864
2025-11-06 04:30:00+00:00,103720.1,103839.1,103645.0,103826.3,476.105
2025-11-06 04:45:00+00:00,103826.2,104210.2,103812.6,103987.5,1814.096
2025-11-06 05:00:00+00:00,103987.5,103987.5,103370.2,103468.3,1170.014
2025-11-06 05:15:00+00:00,103468.4,103632.5,103333.0,103455.8,787.183
2025-11-06 05:30:00+00:00,103455.8,103497.9,103029.4,103219.3,1067.591
2025-11-06 05:45:00+00:00,103219.2,103292.7,103050.0,103103.5,742.32
2025-11-06 06:00:00+00:00,103103.5,103231.1,102938.0,103217.3,873.063
2025-11-06 06:15:00+00:00,103217.3,103481.9,103217.2,103467.6,780.134
2025-11-06 06:30:00+00:00,103467.5,103560.6,103199.9,103332.6,605.039
2025-11-06 06:45:00+00:00,103332.5,103425.0,103264.5,103268.7,403.968
2025-11-06 07:00:00+00:00,103268.8,103500.0,103161.3,103261.6,586.087
2025-11-06 07:15:00+00:00,103261.6,103542.3,102850.1,103399.9,1539.535
2025-11-06 07:30:00+00:00,103400.0,103460.0,102968.0,103140.7,1049.178
2025-11-06 07:45:00+00:00,103140.6,103227.4,102900.0,103138.6,683.386
2025-11-06 08:00:00+00:00,103138.6,103242.9,102929.2,103242.9,583.191
2025-11-06 08:15:00+00:00,103242.9,103406.0,103219.7,103300.4,669.344
2025-11-06 08:30:00+00:00,103300.4,103348.5,103133.3,103146.2,326.141
2025-11-06 08:45:00+00:00,103146.1,103257.3,103050.0,103161.2,568.597
2025-11-06 09:00:00+00:00,103161.3,103226.2,102811.1,103073.4,1350.259
2025-11-06 09:15:00+00:00,103073.5,103122.7,102904.8,102915.9,618.324
2025-11-06 09:30:00+00:00,102915.9,103059.7,102888.0,102943.9,396.413
2025-11-06 09:45:00+00:00,102944.0,103045.5,102766.3,102766.3,709.457
2025-11-06 10:00:00+00:00,102766.4,102913.6,102611.5,102828.8,1650.008
2025-11-06 10:15:00+00:00,102828.8,103061.3,102813.7,102987.4,724.243
2025-11-06 10:30:00+00:00,102987.3,103250.0,102975.9,103070.0,1284.076
2025-11-06 10:45:00+00:00,103070.0,103183.2,102968.8,103090.0,594.815
2025-11-06 11:00:00+00:00,103089.9,103090.0,102689.9,102831.5,1486.209
2025-11-06 11:15:00+00:00,102831.5,103135.5,102777.0,103100.1,636.997
2025-11-06 11:30:00+00:00,103100.0,103270.0,103035.1,103129.4,758.946
2025-11-06 11:45:00+00:00,103129.3,103234.6,103090.0,103182.6,367.765
2025-11-06 12:00:00+00:00,103182.6,103287.7,102924.4,102969.0,891.74
2025-11-06 12:15:00+00:00,102969.0,102977.0,102740.0,102756.7,1497.051
2025-11-06 12:30:00+00:00,102756.7,102961.2,102386.1,102400.1,3265.013
2025-11-06 12:45:00+00:00,102400.1,102619.6,102329.0,102507.1,1716.271
2025-11-06 13:00:00+00:00,102507.1,102901.2,102507.1,102849.0,1031.384
2025-11-06 13:15:00+00:00,102848.9,103585.0,102814.4,103447.8,2853.707
2025-11-06 13:30:00+00:00,103447.9,103540.4,103090.7,103251.2,1267.751
2025-11-06 13:45:00+00:00,103251.2,103477.4,103237.6,103270.0,936.604
2025-11-06 14:00:00+00:00,103269.9,103550.0,102660.0,102979.2,2223.353
2025-11-06 14:15:00+00:00,102979.2,103081.2,102702.4,102849.2,1087.147
2025-11-06 14:30:00+00:00,102849.3,102873.5,102150.0,102464.2,4262.655
2025-11-06 14:45:00+00:00,102464.1,102872.2,102001.0,102083.1,3512.355
2025-11-06 15:00:00+00:00,102083.0,102442.7,101860.0,102185.2,4844.074
2025-11-06 15:15:00+00:00,102185.1,102907.4,102074.1,102386.0,2524.758
2025-11-06 15:30:00+00:00,102386.1,102417.9,101715.0,101764.0,3543.392
2025-11-06 15:45:00+00:00,101764.1,102196.1,101570.5,101981.6,5554.659
2025-11-06 16:00:00+00:00,101981.6,102367.9,101760.0,101763.3,2691.157
2025-11-06 16:15:00+00:00,101763.3,101886.7,101501.8,101764.3,3762.408
2025-11-06 16:30:00+00:00,101764.3,101764.3,100238.4,100557.4,9667.211
2025-11-06 16:45:00+00:00,100557.3,101134.4,100288.6,100830.6,5255.835
2025-11-06 17:00:00+00:00,100830.5,101456.3,100724.6,100933.5,3359.424
2025-11-06 17:15:00+00:00,100933.6,101462.0,100814.0,101391.6,1965.759
2025-11-06 17:30:00+00:00,101391.6,101545.2,101151.5,101316.4,1861.438
2025-11-06 17:45:00+00:00,101316.5,101958.9,101316.4,101762.2,2460.635
2025-11-06 18:00:00+00:00,101762.2,101762.2,101253.2,101351.0,1335.955
2025-11-06 18:15:00+00:00,101350.1,101487.5,100870.8,101322.8,2620.372
2025-11-06 18:30:00+00:00,101322.9,101798.1,101270.8,101627.0,1876.836
2025-11-06 18:45:00+00:00,101627.1,102298.0,101593.9,101670.0,2292.693
2025-11-06 19:00:00+00:00,101670.0,101908.0,101526.6,101896.2,2609.177
2025-11-06 19:15:00+00:00,101896.2,101949.0,101573.4,101751.8,1000.521
2025-11-06 19:30:00+00:00,101751.8,101831.4,101170.3,101400.7,1250.941
2025-11-06 19:45:00+00:00,101400.6,101549.5,101140.9,101335.9,798.592
2025-11-06 20:00:00+00:00,101335.9,101599.6,101205.0,101249.9,756.313
2025-11-06 20:15:00+00:00,101249.5,101401.6,100991.9,101041.2,1071.34
2025-11-06 20:30:00+00:00,101041.3,101101.5,100590.0,100712.3,1557.514
2025-11-06 20:45:00+00:00,100712.3,101060.8,100644.5,100873.8,1373.857
2025-11-06 21:00:00+00:00,100873.7,100978.7,100518.6,100572.5,1393.566
2025-11-06 21:15:00+00:00,100572.4,100850.0,100500.0,100831.5,901.206
2025-11-06 21:30:00+00:00,100831.6,101111.1,100776.0,100954.9,1031.973
2025-11-06 21:45:00+00:00,100954.9,101175.7,100720.1,101071.8,1110.255
2025-11-06 22:00:00+00:00,101071.8,101346.5,100950.7,100950.8,779.824
2025-11-06 22:15:00+00:00,100950.8,101278.9,100950.7,101092.9,601.771
2025-11-06 22:30:00+00:00,101092.9,101246.3,101025.3,101167.6,618.516
2025-11-06 22:45:00+00:00,101167.5,101447.5,101076.7,101364.2,552.69
2025-11-06 23:00:00+00:00,101364.1,101422.8,101115.8,101357.6,813.828
2025-11-06 23:15:00+00:00,101357.6,101507.3,101076.3,101313.8,1285.943
2025-11-06 23:30:00+00:00,101313.8,101346.2,101096.4,101196.1,797.734
2025-11-06 23:45:00+00:00,101196.1,101355.0,101196.1,101305.6,353.598
2025-11-07 00:00:00+00:00,101305.6,101596.3,101154.1,101293.7,1209.855
2025-11-07 00:15:00+00:00,101293.8,101455.2,100700.1,100890.9,2257.552
2025-11-07 00:30:00+00:00,100891.0,101415.0,100736.5,101342.7,1369.811
2025-11-07 00:45:00+00:00,101342.7,101592.1,101254.0,101434.5,1450.389
2025-11-07 01:00:00+00:00,101434.6,101534.2,101000.0,101277.2,1145.696
2025-11-07 01:15:00+00:00,101277.1,101846.5,101157.6,101639.7,1938.233
2025-11-07 01:30:00+00:00,101639.7,101639.7,100835.4,101035.2,1749.496
2025-11-07 01:45:00+00:00,101035.2,101543.1,100913.1,101501.3,1193.808
2025-11-07 02:00:00+00:00,101501.3,101600.0,101368.3,101529.5,1088.86
2025-11-07 02:15:00+00:00,101529.6,101676.8,101200.0,101200.1,776.878
2025-11-07 02:30:00+00:00,101200.0,101571.0,101200.0,101513.2,647.055
2025-11-07 02:45:00+00:00,101513.2,101890.0,101495.4,101863.8,1106.272
2025-11-07 03:00:00+00:00,101863.8,102311.0,101837.5,102286.6,1808.826
2025-11-07 03:15:00+00:00,102286.7,102292.3,102060.1,102233.7,965.891
2025-11-07 03:30:00+00:00,102233.7,102233.7,102040.0,102089.0,721.391
2025-11-07 03:45:00+00:00,102089.1,102089.1,101810.0,101863.5,787.518
2025-11-07 04:00:00+00:00,101863.4,101932.6,101530.0,101530.0,1260.216
2025-11-07 04:15:00+00:00,101530.1,102022.4,101530.1,101943.1,831.484
2025-11-07 04:30:00+00:00,101943.0,101943.1,101663.1,101775.0,538.352
2025-11-07 04:45:00+00:00,101775.0,102027.7,101724.2,101974.1,707.102
2025-11-07 05:00:00+00:00,101974.0,102480.4,101965.7,102377.8,1791.229
2025-11-07 05:15:00+00:00,102377.8,102429.7,102200.0,102354.7,896.679
2025-11-07 05:30:00+00:00,102354.8,102354.8,102220.4,102257.5,946.353
2025-11-07 05:45:00+00:00,102257.4,102442.5,102212.1,102400.0,860.008
2025-11-07 06:00:00+00:00,102400.0,102450.0,102223.7,102268.6,705.26
2025-11-07 06:15:00+00:00,102268.6,102433.9,102187.5,102197.3,505.736
2025-11-07 06:30:00+00:00,102197.3,102197.4,102010.0,102037.9,534.41
2025-11-07 06:45:00+00:00,102038.0,102043.9,101763.6,101778.7,574.344
2025-11-07 07:00:00+00:00,101778.6,101949.5,101760.6,101807.0,639.749
2025-11-07 07:15:00+00:00,101807.0,101977.0,101632.4,101798.0,915.537
2025-11-07 07:30:00+00:00,101798.0,101824.8,101586.6,101768.1,788.652
2025-11-07 07:45:00+00:00,101768.1,101981.9,101760.3,101978.8,785.071
2025-11-07 08:00:00+00:00,101978.2,102024.7,101816.7,101895.2,599.311
2025-11-07 08:15:00+00:00,101895.3,101930.1,101650.1,101755.0,638.645
2025-11-07 08:30:00+00:00,101754.9,101764.9,101458.1,101578.7,1015.62
2025-11-07 08:45:00+00:00,101578.7,101578.7,101388.0,101461.8,706.924
2025-11-07 09:00:00+00:00,101461.8,101480.0,101167.9,101325.0,1314.536
2025-11-07 09:15:00+00:00,101325.0,101452.1,100922.0,100972.6,1620.017
2025-11-07 09:30:00+00:00,100972.6,101108.5,100801.2,100904.1,1863.237
2025-11-07 09:45:00+00:00,100904.1,100999.3,100700.8,100968.1,2253.948
2025-11-07 10:00:00+00:00,100968.1,101213.3,100908.4,100924.5,1238.227
2025-11-07 10:15:00+00:00,100924.5,100934.9,100592.0,100617.1,1735.093
2025-11-07 10:30:00+00:00,100617.1,100922.7,100568.0,100900.1,887.041
2025-11-07 10:45:00+00:00,100900.1,100900.1,100516.2,100725.3,690.764
2025-11-07 11:00:00+00:00,100725.4,100751.0,100035.1,100044.1,3246.225
2025-11-07 11:15:00+00:00,100044.1,100278.2,99750.0,99885.0,7620.982
2025-11-07 11:30:00+00:00,99885.0,100256.2,99827.0,100122.6,3181.335
2025-11-07 11:45:00+00:00,100122.6,100585.9,100058.1,100369.1,2227.767
2025-11-07 12:00:00+00:00,100369.2,100593.2,100245.2,100252.4,2234.073
2025-11-07 12:15:00+00:00,100252.4,100295.0,99820.0,99896.1,1523.225
2025-11-07 12:30:00+00:00,99896.2,99896.2,99601.8,99760.1,2771.89
2025-11-07 12:45:00+00:00,99760.0,99760.1,99200.0,99608.9,4877.517
2025-11-07 13:00:00+00:00,99608.9,100282.3,99425.4,100006.0,3211.114
2025-11-07 13:15:00+00:00,100005.9,100500.0,99864.3,100107.2,3064.584
2025-11-07 13:30:00+00:00,100107.5,100348.9,100040.5,100159.0,1668.026
2025-11-07 13:45:00+00:00,100159.0,100537.5,100138.7,100295.1,1731.547
2025-11-07 14:00:00+00:00,100295.0,100499.9,99972.2,100302.1,1855.81
2025-11-07 14:15:00+00:00,100302.1,100323.3,100000.1,100247.4,1375.386
2025-11-07 14:30:00+00:00,100247.6,100776.4,99451.1,100771.3,6304.39
2025-11-07 14:45:00+00:00,100776.3,100924.4,100283.0,100753.6,4772.463
2025-11-07 15:00:00+00:00,100753.7,101167.6,100319.4,101119.1,4838.952
2025-11-07 15:15:00+00:00,101119.2,101230.0,100629.0,100978.1,3625.798
2025-11-07 15:30:00+00:00,100978.1,101116.1,100367.0,100623.0,1991.333
2025-11-07 15:45:00+00:00,100623.0,101100.0,100551.5,100758.0,1762.419
2025-11-07 16:00:00+00:00,100758.0,100919.4,100468.9,100521.9,1775.028
2025-11-07 16:15:00+00:00,100521.9,101620.1,100495.8,101492.6,3807.287
2025-11-07 16:30:00+00:00,101492.5,101592.4,101036.2,101370.0,2171.726
2025-11-07 16:45:00+00:00,101369.9,101430.0,100920.8,101128.4,1278.761
2025-11-07 17:00:00+00:00,101128.3,101608.9,100888.3,101592.2,1614.312
2025-11-07 17:15:00+00:00,101592.2,102457.2,101551.7,102299.9,5239.095
2025-11-07 17:30:00+00:00,102299.9,102688.0,102052.9,102088.5,3054.437
2025-11-07 17:45:00+00:00,102088.6,102417.5,101840.5,102354.6,1950.638
2025-11-07 18:00:00+00:00,102354.7,102778.9,102276.9,102536.9,2266.267
2025-11-07 18:15:00+00:00,102536.8,102818.0,102336.6,102644.5,1651.362
2025-11-07 18:30:00+00:00,102644.6,102782.4,102457.4,102567.1,1923.988
2025-11-07 18:45:00+00:00,102567.0,102700.0,102235.9,102551.3,1672.658
2025-11-07 19:00:00+00:00,102551.3,102778.4,102429.4,102766.2,1036.836
2025-11-07 19:15:00+00:00,102766.3,102963.5,102712.2,102803.0,1284.507
2025-11-07 19:30:00+00:00,102803.0,103262.4,102803.0,103206.6,2021.055
2025-11-07 19:45:00+00:00,103206.8,103350.7,103043.0,103350.0,1661.252
2025-11-07 20:00:00+00:00,103350.0,103377.2,102889.6,103292.1,1480.78
2025-11-07 20:15:00+00:00,103292.1,103376.9,102949.7,103144.9,980.67
2025-11-07 20:30:00+00:00,103145.0,103830.8,103131.2,103784.8,1969.604
2025-11-07 20:45:00+00:00,103784.8,103849.9,103572.1,103718.4,1403.159
2025-11-07 21:00:00+00:00,103718.4,103720.0,103305.7,103410.8,1138.459
2025-11-07 21:15:00+00:00,103410.8,103552.4,103295.6,103377.0,542.341
2025-11-07 21:30:00+00:00,103377.0,103489.8,103332.2,103446.5,579.43
2025-11-07 21:45:00+00:00,103446.5,103844.9,103395.8,103844.9,883.961
2025-11-07 22:00:00+00:00,103844.8,104070.7,103590.7,103646.5,3343.885
2025-11-07 22:15:00+00:00,103646.5,103981.4,103646.5,103890.5,894.416
2025-11-07 22:30:00+00:00,103890.6,103890.6,103658.0,103668.8,728.962
2025-11-07 22:45:00+00:00,103668.8,103846.5,103553.1,103586.6,673.633
2025-11-07 23:00:00+00:00,103586.6,103733.2,103449.7,103539.0,919.563
2025-11-07 23:15:00+00:00,103539.1,103632.9,103368.1,103374.8,736.015
2025-11-07 23:30:00+00:00,103375.0,103587.9,103368.8,103380.2,708.343
2025-11-07 23:45:00+00:00,103380.1,103510.5,103285.7,103305.2,629.116
2025-11-08 00:00:00+00:00,103305.3,103350.3,103078.1,103285.6,1533.488
2025-11-08 00:15:00+00:00,103285.5,103373.8,103013.0,103046.2,824.584
2025-11-08 00:30:00+00:00,103046.2,103086.2,102488.0,102849.6,2777.34
2025-11-08 00:45:00+00:00,102849.6,103146.3,102605.9,102674.6,1041.579
2025-11-08 01:00:00+00:00,102674.5,103085.7,102620.0,102864.0,1062.613
2025-11-08 01:15:00+00:00,102864.0,103048.6,102848.5,102939.1,468.93
2025-11-08 01:30:00+00:00,102939.0,103212.2,102798.6,102988.1,875.601
2025-11-08 01:45:00+00:00,102988.0,103079.7,102919.8,102955.8,427.66
2025-11-08 02:00:00+00:00,102955.8,103121.0,102875.0,103064.6,567.253
2025-11-08 02:15:00+00:00,103064.5,103270.0,103008.0,103192.7,929.659
2025-11-08 02:30:00+00:00,103192.7,103294.1,103080.1,103087.1,685.384
2025-11-08 02:45:00+00:00,103087.1,103117.6,102706.5,102804.9,969.132
2025-11-08 03:00:00+00:00,102804.9,103155.1,102795.0,103044.0,527.112
2025-11-08 03:15:00+00:00,103044.1,103264.0,103035.9,103053.0,540.804
2025-11-08 03:30:00+00:00,103053.0,103092.0,102611.3,102679.2,1059.928
2025-11-08 03:45:00+00:00,102679.1,102744.4,102544.3,102545.8,1402.594
2025-11-08 04:00:00+00:00,102545.8,102700.0,102545.8,102606.0,778.685
2025-11-08 04:15:00+00:00,102606.1,102660.0,102407.0,102417.1,1106.253
2025-11-08 04:30:00+00:00,102417.0,102734.9,102341.9,102721.1,1667.585
2025-11-08 04:45:00+00:00,102721.0,102794.0,102420.0,102504.9,994.328
2025-11-08 05:00:00+00:00,102505.0,102685.8,102432.5,102491.1,650.701
2025-11-08 05:15:00+00:00,102491.1,102582.9,102415.1,102450.0,539.86
2025-11-08 05:30:00+00:00,102450.0,102570.6,102379.3,102405.1,689.705
2025-11-08 05:45:00+00:00,102405.1,102520.8,102234.0,102257.4,868.37
2025-11-08 06:00:00+00:00,102257.4,102333.7,102036.3,102056.6,1800.368
2025-11-08 06:15:00+00:00,102056.7,102400.0,102051.1,102291.2,1099.936
2025-11-08 06:30:00+00:00,102291.2,102485.0,102279.9,102356.4,565.212
2025-11-08 06:45:00+00:00,102356.3,102437.1,102147.9,102171.8,632.622
2025-11-08 07:00:00+00:00,102171.8,102260.0,102128.0,102239.9,421.951
2025-11-08 07:15:00+00:00,102239.9,102344.8,101853.8,102040.1,1652.693
2025-11-08 07:30:00+00:00,102040.1,102235.9,101967.4,102207.4,840.909
2025-11-08 07:45:00+00:00,102207.3,102368.4,102207.3,102302.9,558.937
2025-11-08 08:00:00+00:00,102302.8,102607.9,102260.0,102297.1,1191.434
2025-11-08 08:15:00+00:00,102297.1,102469.5,102111.8,102412.1,665.375
2025-11-08 08:30:00+00:00,102412.1,102654.1,102362.5,102558.8,851.484
2025-11-08 08:45:00+00:00,102558.9,102566.6,102392.0,102392.1,441.538
2025-11-08 09:00:00+00:00,102392.0,102392.1,102203.1,102232.4,527.411
2025-11-08 09:15:00+00:00,102232.4,102486.4,102182.1,102433.2,462.255
2025-11-08 09:30:00+00:00,102433.0,102564.0,102410.9,102501.8,462.397
2025-11-08 09:45:00+00:00,102501.9,102508.1,102257.2,102354.7,436.466
2025-11-08 10:00:00+00:00,102354.6,102354.6,102261.3,102319.9,262.882
2025-11-08 10:15:00+00:00,102319.9,102485.0,102291.1,102485.0,296.062
2025-11-08 10:30:00+00:00,102485.0,102534.9,102390.3,102450.0,280.712
2025-11-08 10:45:00+00:00,102450.0,102535.6,102430.6,102430.8,264.341
2025-11-08 11:00:00+00:00,102430.8,102584.6,102400.5,102576.8,434.233
2025-11-08 11:15:00+00:00,102576.7,102594.0,102414.1,102463.1,412.477
2025-11-08 11:30:00+00:00,102463.1,102463.1,101906.8,101980.1,1695.559
2025-11-08 11:45:00+00:00,101980.0,102049.9,101647.7,101805.6,3034.583
2025-11-08 12:00:00+00:00,101805.6,102019.7,101672.8,101698.2,1000.37
2025-11-08 12:15:00+00:00,101698.1,102018.2,101698.1,101945.4,601.043
2025-11-08 12:30:00+00:00,101945.4,102055.0,101847.2,101847.2,587.143
2025-11-08 12:45:00+00:00,101847.2,102063.0,101829.0,102011.7,507.188
2025-11-08 13:00:00+00:00,102011.6,102038.0,101651.0,101935.7,855.241
2025-11-08 13:15:00+00:00,101935.6,102112.0,101823.4,102059.7,676.312
2025-11-08 13:30:00+00:00,102059.7,102142.9,101847.6,101935.9,789.86
2025-11-08 13:45:00+00:00,101935.8,101950.0,101739.7,101758.9,758.389
2025-11-08 14:00:00+00:00,101758.9,101832.5,101511.0,101590.2,1927.422
2025-11-08 14:15:00+00:00,101590.2,101707.9,101400.1,101672.7,1566.419
2025-11-08 14:30:00+00:00,101672.6,102020.2,101672.6,101880.1,1082.087
2025-11-08 14:45:00+00:00,101880.0,102052.4,101755.8,101786.2,1059.345
2025-11-08 15:00:00+00:00,101786.3,101898.8,101720.3,101814.0,529.115
2025-11-08 15:15:00+00:00,101813.9,101917.7,101456.2,101555.0,1341.873
2025-11-08 15:30:00+00:00,101554.9,101622.0,101435.4,101529.9,613.383
2025-11-08 15:45:00+00:00,101529.9,101698.0,101504.0,101678.0,512.711
2025-11-08 16:00:00+00:00,101678.1,101900.0,101476.9,101889.9,945.822
2025-11-08 16:15:00+00:00,101889.9,101921.5,101655.6,101802.8,664.316
2025-11-08 16:30:00+00:00,101802.9,101894.3,101704.9,101704.9,528.075
2025-11-08 16:45:00+00:00,101704.9,101821.7,101630.0,101808.9,461.771
2025-11-08 17:00:00+00:00,101808.8,101829.6,101485.5,101602.0,714.512
2025-11-08 17:15:00+00:00,101602.1,101844.8,101602.0,101759.6,426.022
2025-11-08 17:30:00+00:00,101759.7,101922.9,101729.5,101843.1,428.793
2025-11-08 17:45:00+00:00,101843.1,101971.1,101770.2,101945.1,437.021
2025-11-08 18:00:00+00:00,101945.1,101975.4,101845.0,101950.1,405.689
2025-11-08 18:15:00+00:00,101950.1,101965.0,101780.3,101952.8,291.285
2025-11-08 18:30:00+00:00,101953.0,102066.9,101855.6,101990.6,548.374
2025-11-08 18:45:00+00:00,101990.5,102182.7,101946.6,102084.4,592.652
2025-11-08 19:00:00+00:00,102084.3,102137.1,102057.6,102074.1,328.601
2025-11-08 19:15:00+00:00,102074.2,102091.0,101471.1,101747.8,1431.308
2025-11-08 19:30:00+00:00,101747.8,101972.0,101717.1,101901.1,383.882
2025-11-08 19:45:00+00:00,101901.2,101950.4,101805.5,101934.3,264.12
2025-11-08 20:00:00+00:00,101934.4,102062.9,101906.6,101924.8,374.813
2025-11-08 20:15:00+00:00,101924.7,102060.5,101919.6,102060.5,194.692
2025-11-08 20:30:00+00:00,102060.5,102091.8,102023.0,102078.9,246.99
2025-11-08 20:45:00+00:00,102078.8,102125.0,101976.8,102024.4,235.062
2025-11-08 21:00:00+00:00,102024.3,102101.1,101974.3,101984.4,176.075
2025-11-08 21:15:00+00:00,101984.5,102053.7,101984.5,102037.6,130.89
2025-11-08 21:30:00+00:00,102037.7,102278.0,102037.6,102277.6,629.397
2025-11-08 21:45:00+00:00,102277.7,102328.9,102151.8,102224.1,542.627
2025-11-08 22:00:00+00:00,102224.0,102315.8,102117.3,102315.8,393.146
2025-11-08 22:15:00+00:00,102315.7,102323.9,102168.9,102277.1,288.619
2025-11-08 22:30:00+00:00,102277.0,102277.1,102171.1,102200.8,269.961
2025-11-08 22:45:00+00:00,102200.8,102382.6,102183.0,102325.4,333.488
2025-11-08 23:00:00+00:00,102325.3,102378.1,102275.3,102326.1,413.176
2025-11-08 23:15:00+00:00,102326.0,102410.0,102319.9,102410.0,334.129
2025-11-08 23:30:00+00:00,102410.0,102443.9,102274.2,102328.5,270.474
2025-11-08 23:45:00+00:00,102328.6,102332.1,102233.8,102269.3,317.281
2025-11-09 00:00:00+00:00,102269.3,102294.9,102004.9,102004.9,602.951
2025-11-09 00:15:00+00:00,102004.9,102024.6,101571.0,101735.1,1213.711
2025-11-09 00:30:00+00:00,101735.1,102036.1,101735.1,101970.9,553.72
2025-11-09 00:45:00+00:00,101970.9,101972.5,101680.4,101749.9,508.061
2025-11-09 01:00:00+00:00,101749.9,101960.2,101727.8,101920.0,419.338
2025-11-09 01:15:00+00:00,101920.0,101964.5,101682.1,101799.9,357.305
2025-11-09 01:30:00+00:00,101799.9,101960.0,101637.2,101960.0,396.699
2025-11-09 01:45:00+00:00,101960.0,102069.8,101931.0,101995.4,381.804
2025-11-09 02:00:00+00:00,101995.4,101995.5,101769.3,101839.6,352.143
2025-11-09 02:15:00+00:00,101839.6,101948.9,101768.3,101864.6,270.992
2025-11-09 02:30:00+00:00,101864.6,101864.6,101711.5,101757.9,431.806
2025-11-09 02:45:00+00:00,101757.8,101870.0,101523.9,101589.7,588.845
2025-11-09 03:00:00+00:00,101589.7,101771.9,101500.0,101666.0,605.268
2025-11-09 03:15:00+00:00,101666.1,101771.0,101300.0,101466.8,911.048
2025-11-09 03:30:00+00:00,101466.8,101716.5,101427.2,101601.0,563.709
2025-11-09 03:45:00+00:00,101601.0,101699.9,101488.1,101622.9,456.169
2025-11-09 04:00:00+00:00,101623.0,101795.0,101602.1,101795.0,412.501
2025-11-09 04:15:00+00:00,101794.9,102097.0,101780.0,102030.0,909.077
2025-11-09 04:30:00+00:00,102030.0,102057.9,101810.4,101835.4,469.941
2025-11-09 04:45:00+00:00,101835.4,101855.4,101655.2,101673.8,446.386
2025-11-09 05:00:00+00:00,101673.8,101764.3,101627.5,101746.5,499.921
2025-11-09 05:15:00+00:00,101746.6,101950.0,101716.2,101932.7,572.205
2025-11-09 05:30:00+00:00,101932.7,101988.2,101685.2,101751.1,422.999
2025-11-09 05:45:00+00:00,101751.1,101880.0,101740.6,101879.9,309.847
2025-11-09 06:00:00+00:00,101880.0,101907.9,101758.9,101836.7,306.716
2025-11-09 06:15:00+00:00,101836.6,101890.9,101778.5,101836.9,297.878
2025-11-09 06:30:00+00:00,101836.9,101922.7,101764.0,101895.0,276.617
2025-11-09 06:45:00+00:00,101895.0,101923.0,101650.0,101698.9,381.419
2025-11-09 07:00:00+00:00,101698.8,101846.0,101618.3,101755.7,450.187
2025-11-09 07:15:00+00:00,101755.7,101799.8,101689.2,101749.6,263.602
2025-11-09 07:30:00+00:00,101749.7,101866.6,101731.4,101819.7,318.137
2025-11-09 07:45:00+00:00,101819.6,101930.0,101810.5,101898.2,418.94
2025-11-09 08:00:00+00:00,101898.3,101935.3,101834.8,101934.1,287.284
2025-11-09 08:15:00+00:00,101934.0,102008.3,101759.9,101895.1,529.822
2025-11-09 08:30:00+00:00,101895.1,102009.2,101800.7,101883.3,278.22
2025-11-09 08:45:00+00:00,101883.3,101938.4,101824.8,101938.3,198.432
2025-11-09 09:00:00+00:00,101938.4,102079.1,101920.1,102009.2,532.916
2025-11-09 09:15:00+00:00,102009.2,102087.1,101834.6,101914.1,562.33
2025-11-09 09:30:00+00:00,101914.2,102000.0,101851.8,101862.5,342.882
2025-11-09 09:45:00+00:00,101862.5,101862.6,101566.7,101602.2,1093.77
2025-11-09 10:00:00+00:00,101602.3,101622.7,101457.0,101575.6,1022.955
2025-11-09 10:15:00+00:00,101575.6,101751.0,101471.5,101715.9,727.865
2025-11-09 10:30:00+00:00,101715.8,101725.5,101546.9,101721.0,362.609
2025-11-09 10:45:00+00:00,101721.0,101884.3,101720.9,101829.4,514.704
2025-11-09 11:00:00+00:00,101829.3,102161.5,101829.3,102156.1,1189.264
2025-11-09 11:15:00+00:00,102156.2,102274.9,102066.5,102079.9,886.209
2025-11-09 11:30:00+00:00,102079.9,102148.0,102000.0,102126.8,445.466
2025-11-09 11:45:00+00:00,102126.9,102270.0,102115.1,102198.2,531.551
2025-11-09 12:00:00+00:00,102198.2,102231.8,102053.3,102191.7,493.435
2025-11-09 12:15:00+00:00,102191.7,102390.0,102100.0,102145.5,1194.004
2025-11-09 12:30:00+00:00,102145.5,102242.8,102055.0,102091.2,466.306
2025-11-09 12:45:00+00:00,102091.2,102147.8,102001.0,102038.3,387.057
2025-11-09 13:00:00+00:00,102038.3,102388.0,102025.6,102320.0,983.412
2025-11-09 13:15:00+00:00,102320.0,102489.8,102294.7,102478.3,1567.887
2025-11-09 13:30:00+00:00,102478.3,102772.0,102445.5,102755.0,2224.068
2025-11-09 13:45:00+00:00,102755.0,102967.0,102631.9,102877.9,1715.227
2025-11-09 14:00:00+00:00,102877.9,103188.0,102718.7,103000.6,2547.288
2025-11-09 14:15:00+00:00,103000.5,103850.0,102887.4,103850.0,4048.585
2025-11-09 14:30:00+00:00,103849.9,104031.4,103173.4,103322.9,4756.334
2025-11-09 14:45:00+00:00,103323.0,103337.0,102857.8,102994.4,2342.181
2025-11-09 15:00:00+00:00,102994.3,103462.2,102922.0,103300.3,1711.222
2025-11-09 15:15:00+00:00,103300.3,103560.0,103293.1,103545.3,1022.462
2025-11-09 15:30:00+00:00,103545.4,103860.0,103466.1,103793.0,1630.39
2025-11-09 15:45:00+00:00,103793.1,104180.0,103651.1,103715.8,2832.337
2025-11-09 16:00:00+00:00,103715.8,103815.6,103333.0,103378.6,2002.283
2025-11-09 16:15:00+00:00,103378.7,103527.3,103294.5,103460.0,982.01
2025-11-09 16:30:00+00:00,103460.0,103500.0,103290.8,103470.8,740.66
2025-11-09 16:45:00+00:00,103470.9,103881.0,103464.7,103814.8,1064.901
2025-11-09 17:00:00+00:00,103814.8,103938.6,103547.2,103612.8,925.725
2025-11-09 17:15:00+00:00,103612.8,103634.0,103300.0,103585.9,933.767
2025-11-09 17:30:00+00:00,103585.9,103786.0,103424.5,103490.4,898.88
2025-11-09 17:45:00+00:00,103490.4,103650.0,103480.1,103607.6,283.999
2025-11-09 18:00:00+00:00,103607.7,103733.7,103547.0,103568.2,443.276
2025-11-09 18:15:00+00:00,103568.2,103655.8,103473.0,103576.7,313.075
2025-11-09 18:30:00+00:00,103576.8,103799.9,103570.0,103792.8,379.424
2025-11-09 18:45:00+00:00,103792.8,104573.7,103781.8,104479.8,4910.203
2025-11-09 19:00:00+00:00,104479.8,104644.6,104164.3,104200.3,2133.735
2025-11-09 19:15:00+00:00,104200.3,104711.0,104100.0,104700.0,1543.727
2025-11-09 19:30:00+00:00,104700.0,104780.0,104528.2,104639.5,1489.208
2025-11-09 19:45:00+00:00,104639.5,104770.9,104600.0,104764.1,645.222
2025-11-09 20:00:00+00:00,104764.1,105036.5,104357.5,104500.0,2820.49
2025-11-09 20:15:00+00:00,104500.0,104562.0,104366.7,104451.9,689.477
2025-11-09 20:30:00+00:00,104451.9,104651.4,104415.9,104501.7,533.168
2025-11-09 20:45:00+00:00,104501.6,104616.9,104472.0,104585.5,332.235
2025-11-09 21:00:00+00:00,104585.4,104616.1,104327.6,104340.2,448.376
2025-11-09 21:15:00+00:00,104340.1,104600.0,104340.1,104598.0,387.382
2025-11-09 21:30:00+00:00,104598.0,104807.2,104518.2,104732.8,663.168
2025-11-09 21:45:00+00:00,104732.8,104739.0,104249.4,104483.6,1356.899
2025-11-09 22:00:00+00:00,104483.6,104577.4,103999.5,104433.4,1391.32
2025-11-09 22:15:00+00:00,104433.4,104663.9,104288.4,104293.4,733.403
2025-11-09 22:30:00+00:00,104293.4,104419.5,104098.4,104232.5,743.613
2025-11-09 22:45:00+00:00,104232.5,104774.4,104224.9,104676.8,809.444
2025-11-09 23:00:00+00:00,104676.9,105440.0,104676.9,104888.0,3952.921
2025-11-09 23:15:00+00:00,104887.9,105052.3,104580.6,104608.1,1391.024
2025-11-09 23:30:00+00:00,104608.1,104729.4,104484.0,104530.3,918.32
2025-11-09 23:45:00+00:00,104530.3,104718.6,104482.6,104670.6,707.919
2025-11-10 00:00:00+00:00,104670.7,105032.1,104205.9,104977.4,2178.345
2025-11-10 00:15:00+00:00,104977.4,105678.8,104879.6,105448.3,3103.42
2025-11-10 00:30:00+00:00,105448.3,105998.0,105417.6,105995.9,3834.025
2025-11-10 00:45:00+00:00,105996.0,106484.8,105900.0,106268.0,4993.454
2025-11-10 01:00:00+00:00,106267.9,106666.0,106080.0,106263.5,3987.432
2025-11-10 01:15:00+00:00,106263.6,106365.7,105944.9,106020.5,2869.925
2025-11-10 01:30:00+00:00,106020.5,106123.1,105707.4,105773.2,1814.833
2025-11-10 01:45:00+00:00,105773.1,106092.4,105681.6,105683.0,1508.724
2025-11-10 02:00:00+00:00,105683.0,105814.8,105558.4,105799.1,1417.572
2025-11-10 02:15:00+00:00,105799.1,105950.9,105705.0,105732.1,1090.562
2025-11-10 02:30:00+00:00,105732.2,105915.8,105622.6,105644.7,860.459
2025-11-10 02:45:00+00:00,105644.6,106025.6,105618.0,105965.9,790.606
2025-11-10 03:00:00+00:00,105966.0,106257.5,105797.7,105849.2,1537.302
2025-11-10 03:15:00+00:00,105849.2,106012.4,105800.0,105914.6,691.553
2025-11-10 03:30:00+00:00,105914.5,106193.0,105826.4,106144.8,1238.951
2025-11-10 03:45:00+00:00,106144.8,106182.6,105906.8,105990.6,1015.959
2025-11-10 04:00:00+00:00,105990.6,106270.6,105990.6,106100.0,1011.674
2025-11-10 04:15:00+00:00,106099.9,106100.0,105827.8,105902.0,1006.298
2025-11-10 04:30:00+00:00,105902.0,105936.3,105800.0,105872.3,448.542
2025-11-10 04:45:00+00:00,105872.4,106237.6,105823.9,106115.9,988.983
2025-11-10 05:00:00+00:00,106115.9,106333.0,106077.3,106326.8,954.318
2025-11-10 05:15:00+00:00,106326.8,106438.1,106055.5,106181.9,1328.344
2025-11-10 05:30:00+00:00,106182.0,106259.3,105947.8,106108.5,853.263
2025-11-10 05:45:00+00:00,106108.4,106153.7,105992.9,106050.0,471.939
2025-11-10 06:00:00+00:00,106049.9,106213.7,106000.0,106172.1,641.033
2025-11-10 06:15:00+00:00,106172.0,106258.2,105903.0,106056.3,984.093
2025-11-10 06:30:00+00:00,106056.3,106183.5,106026.5,106141.5,482.404
2025-11-10 06:45:00+00:00,106141.6,106263.1,106117.5,106166.6,395.264
2025-11-10 07:00:00+00:00,106166.7,106499.0,106096.6,106486.2,954.178
2025-11-10 07:15:00+00:00,106486.2,106488.7,106244.0,106282.3,722.631
2025-11-10 07:30:00+00:00,106282.2,106392.2,106181.8,106291.8,744.103
2025-11-10 07:45:00+00:00,106291.8,106425.3,106285.1,106417.7,541.766
2025-11-10 08:00:00+00:00,106417.6,106525.0,106196.9,106208.8,1139.48
2025-11-10 08:15:00+00:00,106208.8,106278.3,106134.4,106189.0,735.203
2025-11-10 08:30:00+00:00,106189.0,106189.0,105821.4,105891.7,1500.497
2025-11-10 08:45:00+00:00,105891.8,105983.1,105868.9,105931.2,742.65
2025-11-10 09:00:00+00:00,105931.2,106071.8,105873.5,105907.5,826.0
2025-11-10 09:15:00+00:00,105907.5,106400.0,105780.1,106383.8,1758.528
2025-11-10 09:30:00+00:00,106383.8,106535.9,106287.0,106464.8,1050.947
2025-11-10 09:45:00+00:00,106464.7,106570.0,106330.9,106402.0,1285.393
2025-11-10 10:00:00+00:00,106402.0,106416.4,106219.6,106227.6,794.538
2025-11-10 10:15:00+00:00,106227.7,106341.9,106107.7,106112.0,430.748
2025-11-10 10:30:00+00:00,106112.1,106124.4,105964.5,106004.0,678.422
2025-11-10 10:45:00+00:00,106004.0,106135.3,105916.0,105946.1,581.759
2025-11-10 11:00:00+00:00,105946.1,106097.2,105900.8,106005.1,596.329
2025-11-10 11:15:00+00:00,106005.1,106215.5,105966.0,106116.4,507.671
2025-11-10 11:30:00+00:00,106116.4,106250.0,106106.1,106236.0,459.549
2025-11-10 11:45:00+00:00,106235.9,106287.7,106096.6,106136.6,485.052
2025-11-10 12:00:00+00:00,106136.5,106176.6,105804.3,105946.1,1305.284
2025-11-10 12:15:00+00:00,105946.1,106018.9,105866.0,105878.2,491.892
2025-11-10 12:30:00+00:00,105878.3,105994.7,105825.7,105894.0,492.083
2025-11-10 12:45:00+00:00,105893.9,105934.7,105844.2,105900.1,1083.222
2025-11-10 13:00:00+00:00,105900.1,106542.8,105869.0,106204.9,2743.408
2025-11-10 13:15:00+00:00,106205.0,106312.6,106000.1,106256.1,1206.833
2025-11-10 13:30:00+00:00,106256.1,106519.4,106256.0,106365.9,1331.975
2025-11-10 13:45:00+00:00,106365.8,106566.7,106350.0,106509.4,768.185
2025-11-10 14:00:00+00:00,106509.4,106509.4,106122.0,106207.6,1454.307
2025-11-10 14:15:00+00:00,106207.6,106326.9,106096.3,106139.0,753.715
2025-11-10 14:30:00+00:00,106139.0,106186.0,105518.9,105611.6,3368.372
2025-11-10 14:45:00+00:00,105611.7,105666.1,104615.7,104846.5,7716.09
2025-11-10 15:00:00+00:00,104846.6,105300.0,104744.3,104951.8,3505.175
2025-11-10 15:15:00+00:00,104951.8,105458.1,104912.9,105427.1,2058.113
2025-11-10 15:30:00+00:00,105427.2,105584.7,105193.1,105350.4,2037.017
2025-11-10 15:45:00+00:00,105350.4,105372.9,104617.0,105028.9,2762.473
2025-11-10 16:00:00+00:00,105028.9,105320.6,104762.2,105259.1,1818.931
2025-11-10 16:15:00+00:00,105259.0,105306.0,104963.1,105136.3,890.742
2025-11-10 16:30:00+00:00,105135.9,105314.6,104854.2,104924.1,1227.122
2025-11-10 16:45:00+00:00,104924.0,105229.3,104735.6,105189.2,1515.926
2025-11-10 17:00:00+00:00,105189.2,105478.9,105132.3,105244.7,973.992
2025-11-10 17:15:00+00:00,105244.8,105432.2,105220.0,105312.6,573.002
2025-11-10 17:30:00+00:00,105312.6,105720.0,105312.6,105638.7,1162.52
2025-11-10 17:45:00+00:00,105638.7,105962.6,105638.7,105906.6,1619.044
2025-11-10 18:00:00+00:00,105906.6,106081.1,105657.0,105670.3,1377.836
2025-11-10 18:15:00+00:00,105670.3,106018.8,105657.0,105858.9,781.065
2025-11-10 18:30:00+00:00,105859.0,105913.8,105750.8,105833.9,691.599
2025-11-10 18:45:00+00:00,105834.0,105925.4,105420.0,105435.8,723.462
2025-11-10 19:00:00+00:00,105435.9,105675.1,105354.0,105596.9,758.961
2025-11-10 19:15:00+00:00,105596.8,105741.3,105520.6,105667.8,335.502
2025-11-10 19:30:00+00:00,105667.8,105872.9,105412.8,105750.3,745.324
2025-11-10 19:45:00+00:00,105750.2,106000.0,105699.0,105767.2,1131.391
2025-11-10 20:00:00+00:00,105767.1,106249.6,105750.3,106179.5,1159.419
2025-11-10 20:15:00+00:00,106179.5,106206.1,105933.4,105984.0,833.019
2025-11-10 20:30:00+00:00,105984.1,106210.0,105872.1,106192.9,574.399
2025-11-10 20:45:00+00:00,106192.9,106222.0,105771.3,105956.7,916.71
2025-11-10 21:00:00+00:00,105956.7,105973.9,105461.2,105547.6,984.739
2025-11-10 21:15:00+00:00,105547.7,105675.1,105434.9,105505.9,488.987
2025-11-10 21:30:00+00:00,105505.9,105614.7,105380.0,105449.1,516.665
2025-11-10 21:45:00+00:00,105449.2,105603.0,105202.7,105583.5,1314.934
2025-11-10 22:00:00+00:00,105583.5,105778.3,105300.0,105400.0,747.355
2025-11-10 22:15:00+00:00,105400.0,105600.0,105391.0,105559.1,393.223
2025-11-10 22:30:00+00:00,105559.2,105715.0,105546.6,105609.0,274.331
2025-11-10 22:45:00+00:00,105609.0,106089.0,105560.5,106003.8,847.433
2025-11-10 23:00:00+00:00,106003.9,106151.1,105919.4,106070.5,811.564
2025-11-10 23:15:00+00:00,106070.5,106242.3,106056.9,106135.8,832.273
2025-11-10 23:30:00+00:00,106135.8,106222.0,105931.0,106156.7,546.748
2025-11-10 23:45:00+00:00,106156.6,106228.9,105831.8,105966.3,722.455
2025-11-11 00:00:00+00:00,105966.3,106094.0,105744.3,105840.3,777.422
2025-11-11 00:15:00+00:00,105840.3,105900.0,105561.0,105673.5,633.234
2025-11-11 00:30:00+00:00,105673.6,105815.6,105578.3,105632.2,649.74
2025-11-11 00:45:00+00:00,105632.3,106111.9,105399.6,106100.0,1269.484
2025-11-11 01:00:00+00:00,106100.0,106222.0,106001.3,106220.4,920.395
2025-11-11 01:15:00+00:00,106220.3,107473.7,106220.3,106741.7,7606.669
2025-11-11 01:30:00+00:00,106741.8,106781.4,106183.9,106362.6,3092.612
2025-11-11 01:45:00+00:00,106362.5,106631.7,105957.5,106047.4,2113.028
2025-11-11 02:00:00+00:00,106047.5,106204.6,105533.5,106131.2,3047.731
2025-11-11 02:15:00+00:00,106131.2,106344.9,105847.7,106320.5,1480.102
2025-11-11 02:30:00+00:00,106320.6,107099.9,106294.1,106749.9,3297.234
2025-11-11 02:45:00+00:00,106749.9,106843.5,106423.8,106595.8,1281.942
2025-11-11 03:00:00+00:00,106595.8,106971.0,106543.8,106843.9,1245.107
2025-11-11 03:15:00+00:00,106844.0,107041.5,106717.5,106717.6,815.382
2025-11-11 03:30:00+00:00,106717.5,106824.5,106325.0,106373.4,1097.182
2025-11-11 03:45:00+00:00,106373.4,106530.0,106302.5,106407.3,784.54
2025-11-11 04:00:00+00:00,106407.4,106496.6,106112.8,106112.9,1058.921
2025-11-11 04:15:00+00:00,106112.8,106241.5,105919.7,105919.7,1115.936
2025-11-11 04:30:00+00:00,105919.7,106005.2,105765.4,105782.8,1131.566
2025-11-11 04:45:00+00:00,105782.8,105798.3,105650.2,105709.0,857.974
2025-11-11 05:00:00+00:00,105709.0,105709.1,105310.8,105313.6,1667.581
2025-11-11 05:15:00+00:00,105313.6,105506.4,105072.0,105506.4,2110.317
2025-11-11 05:30:00+00:00,105506.4,105521.2,105187.0,105277.9,827.789
2025-11-11 05:45:00+00:00,105277.9,105412.4,105180.6,105203.4,874.904
2025-11-11 06:00:00+00:00,105203.4,105300.0,104838.3,105012.3,3100.355
2025-11-11 06:15:00+00:00,105012.3,105190.0,104960.0,104985.9,1758.041
2025-11-11 06:30:00+00:00,104985.8,105092.4,104917.0,104952.3,1024.886
2025-11-11 06:45:00+00:00,104952.3,105250.0,104830.5,105202.0,1210.479
2025-11-11 07:00:00+00:00,105202.0,105278.0,105044.0,105178.5,1221.071
2025-11-11 07:15:00+00:00,105178.5,105178.5,104895.0,105126.4,681.469
2025-11-11 07:30:00+00:00,105126.4,105195.1,104751.2,104880.2,1061.869
2025-11-11 07:45:00+00:00,104880.1,104900.0,104685.3,104737.0,1295.506
2025-11-11 08:00:00+00:00,104737.1,105126.1,104718.2,105009.8,1128.222
2025-11-11 08:15:00+00:00,105009.8,105226.8,104972.3,105050.2,1112.74
2025-11-11 08:30:00+00:00,105050.3,105079.0,104837.0,104975.7,725.198
2025-11-11 08:45:00+00:00,104975.7,105122.5,104964.6,105110.5,429.875
2025-11-11 09:00:00+00:00,105110.6,105363.6,105087.5,105167.0,970.412
2025-11-11 09:15:00+00:00,105167.1,105353.5,105072.3,105287.2,546.505
2025-11-11 09:30:00+00:00,105287.1,105454.7,105024.3,105024.3,1016.85
2025-11-11 09:45:00+00:00,105024.3,105069.5,104856.9,104920.6,816.785
2025-11-11 10:00:00+00:00,104920.6,105165.7,104869.6,105067.9,886.047
2025-11-11 10:15:00+00:00,105067.9,105172.6,104980.0,105075.9,455.523
2025-11-11 10:30:00+00:00,105075.9,105182.9,104966.0,105169.1,328.351
2025-11-11 10:45:00+00:00,105169.2,105193.0,104980.3,105120.5,383.325
2025-11-11 11:00:00+00:00,105120.5,105346.0,105120.5,105280.8,748.469
2025-11-11 11:15:00+00:00,105280.9,105313.3,105130.0,105250.2,588.098
2025-11-11 11:30:00+00:00,105250.1,105464.2,105240.2,105435.6,647.062
2025-11-11 11:45:00+00:00,105435.6,105441.9,105090.6,105256.2,772.131
2025-11-11 12:00:00+00:00,105256.2,105459.8,105150.0,105167.7,698.734
2025-11-11 12:15:00+00:00,105167.7,105200.0,104875.0,104904.8,971.558
2025-11-11 12:30:00+00:00,104904.8,104985.5,104644.0,104688.4,1512.034
2025-11-11 12:45:00+00:00,104688.5,104759.3,104342.6,104500.0,3921.803
2025-11-11 13:00:00+00:00,104499.9,104670.0,104450.0,104590.2,1196.276
2025-11-11 13:15:00+00:00,104590.3,104659.5,104160.0,104293.7,2873.78
2025-11-11 13:30:00+00:00,104293.7,104457.9,104245.9,104312.3,1381.993
2025-11-11 13:45:00+00:00,104312.4,104527.2,104200.0,104350.1,1109.522
2025-11-11 14:00:00+00:00,104350.1,104429.0,104209.1,104340.0,943.168
2025-11-11 14:15:00+00:00,104340.0,104527.3,104290.0,104434.6,763.488
2025-11-11 14:30:00+00:00,104434.7,104443.0,104022.6,104057.7,1975.357
2025-11-11 14:45:00+00:00,104057.7,104641.9,103800.0,104517.8,4940.468
2025-11-11 15:00:00+00:00,104517.8,104517.8,103876.2,103940.0,3021.434
2025-11-11 15:15:00+00:00,103940.0,104228.5,103600.1,103656.0,2259.432
2025-11-11 15:30:00+00:00,103656.0,103679.1,103315.0,103494.6,4399.265
2025-11-11 15:45:00+00:00,103494.5,103549.7,103135.2,103417.2,3034.917
2025-11-11 16:00:00+00:00,103417.2,103561.3,103168.0,103485.4,1799.86
2025-11-11 16:15:00+00:00,103485.5,103694.8,103307.3,103379.5,1603.562
2025-11-11 16:30:00+00:00,103379.6,103559.1,103236.6,103466.3,971.847
2025-11-11 16:45:00+00:00,103466.4,103610.9,103294.0,103366.6,672.418
2025-11-11 17:00:00+00:00,103366.5,103599.9,103228.6,103516.5,974.891
2025-11-11 17:15:00+00:00,103516.6,103590.0,103304.2,103362.0,531.136
2025-11-11 17:30:00+00:00,103362.0,103421.4,102777.0,102948.4,3599.663
2025-11-11 17:45:00+00:00,102948.5,103357.6,102875.8,103294.0,1400.18
2025-11-11 18:00:00+00:00,103294.0,103525.1,103102.3,103200.1,1306.54
2025-11-11 18:15:00+00:00,103200.1,103369.4,103009.0,103259.7,877.059
2025-11-11 18:30:00+00:00,103259.7,103396.2,103090.0,103122.0,683.143
2025-11-11 18:45:00+00:00,103122.1,103495.6,103108.0,103344.6,1087.66
2025-11-11 19:00:00+00:00,103344.5,103344.5,102797.5,103060.9,1752.118
2025-11-11 19:15:00+00:00,103061.0,103400.0,103061.0,103365.6,608.404
2025-11-11 19:30:00+00:00,103365.7,103411.0,103074.8,103141.5,658.156
2025-11-11 19:45:00+00:00,103141.4,103368.8,103036.9,103073.6,711.487
2025-11-11 20:00:00+00:00,103073.6,103073.6,102729.0,102966.5,1472.988
2025-11-11 20:15:00+00:00,102966.4,103183.8,102898.0,102910.9,750.409
2025-11-11 20:30:00+00:00,102910.8,102910.8,102671.6,102796.9,1591.076
2025-11-11 20:45:00+00:00,102796.9,102879.0,102602.0,102774.8,1073.668
2025-11-11 21:00:00+00:00,102774.8,103066.2,102600.9,102935.0,1471.423
2025-11-11 21:15:00+00:00,102935.0,103029.8,102724.6,102751.1,388.912
2025-11-11 21:30:00+00:00,102751.1,102758.5,102400.0,102526.2,1947.006
2025-11-11 21:45:00+00:00,102526.2,102786.9,102427.5,102598.4,1156.946
2025-11-11 22:00:00+00:00,102598.3,102805.3,102459.3,102724.3,721.092
2025-11-11 22:15:00+00:00,102724.3,102993.9,102552.0,102884.3,950.057
2025-11-11 22:30:00+00:00,102884.2,103035.0,102810.9,103000.0,582.434
2025-11-11 22:45:00+00:00,102999.9,103120.0,102889.2,102940.1,567.435
2025-11-11 23:00:00+00:00,102940.1,102965.1,102751.6,102936.5,637.645
2025-11-11 23:15:00+00:00,102936.4,103170.7,102936.4,103066.4,1170.389
2025-11-11 23:30:00+00:00,103066.3,103066.4,102751.7,102939.5,711.584
2025-11-11 23:45:00+00:00,102939.5,103071.5,102810.0,103005.8,503.296
2025-11-12 00:00:00+00:00,103005.8,103321.4,102761.8,102878.2,1565.51
2025-11-12 00:15:00+00:00,102878.2,103155.2,102842.3,103032.3,747.97
2025-11-12 00:30:00+00:00,103032.2,103040.4,102807.7,102940.9,752.031
2025-11-12 00:45:00+00:00,102940.9,103021.3,102777.0,102838.4,648.811
2025-11-12 01:00:00+00:00,102838.4,103182.7,102629.5,103122.3,1520.342
2025-11-12 01:15:00+00:00,103122.3,103250.0,102975.0,103106.2,926.283
2025-11-12 01:30:00+00:00,103106.2,103237.8,103064.0,103124.8,525.062
2025-11-12 01:45:00+00:00,103124.8,103325.0,103102.9,103200.1,887.88
2025-11-12 02:00:00+00:00,103200.1,103318.4,103137.6,103264.1,604.603
2025-11-12 02:15:00+00:00,103264.2,103360.2,103152.0,103249.8,785.635
2025-11-12 02:30:00+00:00,103249.8,103270.3,102885.0,102986.5,1644.819
2025-11-12 02:45:00+00:00,102986.4,103194.3,102926.7,103099.3,689.383
2025-11-12 03:00:00+00:00,103099.3,103206.1,103045.5,103154.0,432.189
2025-11-12 03:15:00+00:00,103154.0,103339.0,103139.0,103288.0,502.907
2025-11-12 03:30:00+00:00,103288.0,103338.2,103238.0,103296.1,361.367
2025-11-12 03:45:00+00:00,103296.2,103399.4,103215.7,103267.2,528.146
2025-11-12 04:00:00+00:00,103267.2,103400.0,103180.2,103400.0,550.184
2025-11-12 04:15:00+00:00,103400.0,103426.1,103144.3,103161.6,553.117
2025-11-12 04:30:00+00:00,103161.7,103187.3,102941.6,103031.4,699.075
2025-11-12 04:45:00+00:00,103031.4,103200.0,102986.1,103199.9,401.896
2025-11-12 05:00:00+00:00,103200.0,103300.0,103188.1,103232.6,345.331
2025-11-12 05:15:00+00:00,103232.6,103400.0,103213.8,103314.4,411.601
2025-11-12 05:30:00+00:00,103314.3,103344.7,103220.3,103342.1,286.749
2025-11-12 05:45:00+00:00,103342.1,103423.6,103238.1,103350.0,437.266
2025-11-12 06:00:00+00:00,103350.0,103585.4,103311.2,103500.0,1008.711
2025-11-12 06:15:00+00:00,103499.9,103605.0,103427.2,103469.0,732.494
2025-11-12 06:30:00+00:00,103469.0,103500.0,103331.7,103384.0,428.536
2025-11-12 06:45:00+00:00,103384.0,103420.7,103290.0,103305.9,448.11
2025-11-12 07:00:00+00:00,103305.9,103487.1,103280.9,103455.0,492.962
2025-11-12 07:15:00+00:00,103455.1,103496.9,103371.4,103380.2,311.103
2025-11-12 07:30:00+00:00,103380.2,103470.6,103313.7,103346.1,453.675
2025-11-12 07:45:00+00:00,103346.2,103346.2,103001.0,103066.7,1263.74
2025-11-12 08:00:00+00:00,103066.7,103271.9,103066.7,103239.9,796.227
2025-11-12 08:15:00+00:00,103239.9,103886.8,103239.8,103809.2,2441.308
2025-11-12 08:30:00+00:00,103809.2,104188.0,103689.2,104004.7,2994.901
2025-11-12 08:45:00+00:00,104004.6,104165.5,103938.0,104100.0,1164.454
2025-11-12 09:00:00+00:00,104100.0,104878.2,104090.0,104753.6,4733.687
2025-11-12 09:15:00+00:00,104753.7,105044.2,104668.6,104715.0,3503.046
2025-11-12 09:30:00+00:00,104714.9,104820.0,104366.0,104543.1,2236.562
2025-11-12 09:45:00+00:00,104543.1,104543.1,104404.6,104475.4,977.744
2025-11-12 10:00:00+00:00,104475.4,104796.2,104462.9,104750.0,1254.778
2025-11-12 10:15:00+00:00,104750.0,104810.2,104627.2,104685.7,793.724
2025-11-12 10:30:00+00:00,104685.7,104999.0,104657.1,104779.9,1380.011
2025-11-12 10:45:00+00:00,104779.9,104907.6,104739.1,104844.9,572.265
2025-11-12 11:00:00+00:00,104844.8,105162.6,104824.9,105023.4,1711.414
2025-11-12 11:15:00+00:00,105023.4,105122.1,104728.3,104741.1,1225.494
2025-11-12 11:30:00+00:00,104741.1,104918.8,104703.0,104708.8,777.531
2025-11-12 11:45:00+00:00,104708.7,104982.4,104693.4,104979.9,839.349
2025-11-12 12:00:00+00:00,104979.9,105137.9,104825.2,105103.7,1343.61
2025-11-12 12:15:00+00:00,105103.7,105297.0,104917.7,104922.1,1666.761
2025-11-12 12:30:00+00:00,104922.0,105020.0,104778.2,104817.2,941.41
2025-11-12 12:45:00+00:00,104817.2,105054.1,104809.5,104947.8,673.075
2025-11-12 13:00:00+00:00,104947.8,104995.0,104742.2,104838.6,1356.547
2025-11-12 13:15:00+00:00,104838.6,104950.0,104556.6,104926.6,1559.153
2025-11-12 13:30:00+00:00,104926.5,105132.1,104784.3,105028.6,1228.277
2025-11-12 13:45:00+00:00,105028.7,105135.9,104950.9,104993.8,611.937
2025-11-12 14:00:00+00:00,104993.7,104993.8,104693.0,104875.0,1557.708
2025-11-12 14:15:00+00:00,104875.1,104919.3,104700.0,104720.0,701.665
2025-11-12 14:30:00+00:00,104719.9,104851.0,104454.0,104653.8,2117.448
2025-11-12 14:45:00+00:00,104653.7,104820.9,103508.8,103948.5,7955.682
2025-11-12 15:00:00+00:00,103948.5,104275.8,103668.7,103684.9,2853.918
2025-11-12 15:15:00+00:00,103685.0,103878.0,103226.1,103417.0,3825.677
2025-11-12 15:30:00+00:00,103417.0,103665.0,102608.3,102741.8,6129.558
2025-11-12 15:45:00+00:00,102741.7,102789.4,101900.0,102124.9,7417.79
2025-11-12 16:00:00+00:00,102124.9,102249.2,101274.8,101473.9,7025.538
2025-11-12 16:15:00+00:00,101473.8,101871.4,101417.6,101750.3,3806.056
2025-11-12 16:30:00+00:00,101750.2,102069.4,101581.1,101653.8,3209.934
2025-11-12 16:45:00+00:00,101653.8,101768.1,101344.0,101393.1,2664.748
2025-11-12 17:00:00+00:00,101393.1,101770.0,101354.6,101489.7,1946.367
2025-11-12 17:15:00+00:00,101489.6,101610.3,101359.0,101548.9,1218.732
2025-11-12 17:30:00+00:00,101548.9,102100.0,101489.3,101803.2,2535.163
2025-11-12 17:45:00+00:00,101803.3,101813.3,101503.3,101700.0,1348.812
2025-11-12 18:00:00+00:00,101700.0,101910.0,101538.0,101615.8,1259.031
2025-11-12 18:15:00+00:00,101615.8,101762.5,101533.8,101563.0,774.059
2025-11-12 18:30:00+00:00,101562.9,101800.1,101421.0,101450.2,1628.354
2025-11-12 18:45:00+00:00,101450.2,101559.8,101360.4,101493.6,992.972
2025-11-12 19:00:00+00:00,101493.6,101523.0,101000.0,101114.1,3549.911
2025-11-12 19:15:00+00:00,101114.3,101271.9,100711.0,101040.0,2762.34
2025-11-12 19:30:00+00:00,101040.0,101498.3,100810.0,101359.5,2210.622
2025-11-12 19:45:00+00:00,101359.5,101376.2,101164.6,101245.4,892.396
2025-11-12 20:00:00+00:00,101245.3,101505.9,101087.8,101389.2,1344.886
2025-11-12 20:15:00+00:00,101389.1,101736.3,101378.1,101671.9,1178.503
2025-11-12 20:30:00+00:00,101671.8,101795.3,101570.0,101636.9,723.004
2025-11-12 20:45:00+00:00,101636.9,101671.8,101440.4,101494.9,603.414
2025-11-12 21:00:00+00:00,101494.9,101860.0,101467.1,101846.0,838.905
2025-11-12 21:15:00+00:00,101845.9,101845.9,101631.4,101663.2,558.746
2025-11-12 21:30:00+00:00,101663.2,101864.8,101663.1,101750.7,498.914
2025-11-12 21:45:00+00:00,101750.7,101880.1,101674.3,101880.1,423.927
2025-11-12 22:00:00+00:00,101880.0,101880.1,101400.0,101422.6,663.265
2025-11-12 22:15:00+00:00,101422.7,101698.6,101408.3,101656.4,480.748
2025-11-12 22:30:00+00:00,101656.4,101771.5,101558.1,101771.5,410.541
2025-11-12 22:45:00+00:00,101771.4,101951.0,101725.0,101922.6,740.988
2025-11-12 23:00:00+00:00,101922.5,101922.6,101532.2,101751.3,689.177
2025-11-12 23:15:00+00:00,101751.3,101964.5,101727.2,101835.8,1012.525
2025-11-12 23:30:00+00:00,101835.8,101886.9,101488.1,101506.2,790.659
2025-11-12 23:45:00+00:00,101506.2,101645.6,101409.8,101605.8,802.84
2025-11-13 00:00:00+00:00,101605.8,101750.8,101549.6,101675.2,884.358
2025-11-13 00:15:00+00:00,101675.2,101793.4,101412.0,101434.1,663.81
2025-11-13 00:30:00+00:00,101434.0,102020.0,101434.0,101800.0,1224.186
2025-11-13 00:45:00+00:00,101800.0,101906.6,101729.0,101813.1,475.515
2025-11-13 01:00:00+00:00,101813.1,102581.7,101782.7,102352.1,3329.681
2025-11-13 01:15:00+00:00,102352.0,102432.4,101815.4,101950.9,2036.933
2025-11-13 01:30:00+00:00,101950.9,102393.7,101908.1,102372.5,922.251
2025-11-13 01:45:00+00:00,102372.4,102410.0,101890.5,101960.1,984.088
2025-11-13 02:00:00+00:00,101960.1,102172.9,101921.1,102138.1,752.511
2025-11-13 02:15:00+00:00,102138.1,102284.3,101934.9,101950.8,637.768
2025-11-13 02:30:00+00:00,101950.7,102300.0,101937.2,102073.2,715.618
2025-11-13 02:45:00+00:00,102072.9,102103.0,101964.4,102015.0,489.16
2025-11-13 03:00:00+00:00,102015.0,102050.9,101243.3,101298.8,2167.919
2025-11-13 03:15:00+00:00,101298.7,102130.9,100850.0,102085.8,4066.744
2025-11-13 03:30:00+00:00,102085.8,102525.1,102085.7,102389.9,1980.585
2025-11-13 03:45:00+00:00,102389.9,102512.2,102081.0,102088.1,1308.445
2025-11-13 04:00:00+00:00,102088.0,102150.0,101602.2,101966.1,1880.432
2025-11-13 04:15:00+00:00,101966.0,102391.0,101790.3,102093.0,1660.118
2025-11-13 04:30:00+00:00,102093.0,102177.0,101869.3,101953.0,629.92
2025-11-13 04:45:00+00:00,101953.0,102183.6,101755.0,102067.2,833.631
2025-11-13 05:00:00+00:00,102067.2,102067.2,101708.2,101821.9,861.834
2025-11-13 05:15:00+00:00,101821.9,102220.0,101821.8,102214.4,687.707
2025-11-13 05:30:00+00:00,102214.4,102531.5,102166.0,102525.2,1697.427
2025-11-13 05:45:00+00:00,102525.1,103373.2,102467.9,103097.5,3974.482
2025-11-13 06:00:00+00:00,103097.8,103346.5,102870.0,103140.7,2888.047
2025-11-13 06:15:00+00:00,103140.7,103589.9,103117.2,103544.5,3634.497
2025-11-13 06:30:00+00:00,103544.6,103584.6,103277.7,103434.6,3414.11
2025-11-13 06:45:00+00:00,103434.7,103666.6,103365.8,103555.0,2042.285
2025-11-13 07:00:00+00:00,103555.0,103793.8,103555.0,103741.8,2552.384
2025-11-13 07:15:00+00:00,103741.9,104024.6,103669.0,103881.5,2157.351
2025-11-13 07:30:00+00:00,103881.5,103953.3,103465.4,103514.1,2784.074
2025-11-13 07:45:00+00:00,103514.0,103536.5,103271.7,103430.9,2627.055
2025-11-13 08:00:00+00:00,103430.9,103600.6,103227.7,103425.2,1833.756
2025-11-13 08:15:00+00:00,103425.3,103725.0,103328.1,103665.6,1038.206
2025-11-13 08:30:00+00:00,103665.6,103750.0,103562.1,103749.9,585.045
2025-11-13 08:45:00+00:00,103750.0,103765.4,103504.6,103635.1,788.438
2025-11-13 09:00:00+00:00,103635.2,103705.3,102509.1,102780.3,4273.417
2025-11-13 09:15:00+00:00,102780.4,103133.0,102558.0,102853.3,1968.203
2025-11-13 09:30:00+00:00,102853.3,103117.0,102800.0,103041.6,1029.392
2025-11-13 09:45:00+00:00,103041.6,103049.5,102571.8,102792.2,1291.19
2025-11-13 10:00:00+00:00,102792.3,103050.0,102768.0,102768.1,834.378
2025-11-13 10:15:00+00:00,102768.1,103261.6,102730.6,103028.7,1430.163
2025-11-13 10:30:00+00:00,103028.7,103080.0,102827.8,102936.5,633.657
2025-11-13 10:45:00+00:00,102936.4,102980.6,102835.1,102951.2,364.132
2025-11-13 11:00:00+00:00,102951.2,103124.6,102933.8,103065.7,710.546
2025-11-13 11:15:00+00:00,103065.7,103107.9,102840.6,102874.0,463.71
2025-11-13 11:30:00+00:00,102874.0,102963.8,102654.1,102932.0,734.722
2025-11-13 11:45:00+00:00,102932.0,103035.3,102833.3,102900.0,587.692
2025-11-13 12:00:00+00:00,102900.1,103142.4,102691.0,102835.0,1766.344
2025-11-13 12:15:00+00:00,102834.9,102999.7,102831.9,102913.8,365.341
2025-11-13 12:30:00+00:00,102913.8,103248.9,102888.7,103129.9,1040.154
2025-11-13 12:45:00+00:00,103130.0,103232.5,103035.3,103100.0,469.955
2025-11-13 13:00:00+00:00,103100.0,103120.3,102853.2,102876.0,598.935
2025-11-13 13:15:00+00:00,102876.1,102926.7,102350.0,102511.7,2006.252
2025-11-13 13:30:00+00:00,102511.8,102600.0,102100.0,102499.8,4072.847
2025-11-13 13:45:00+00:00,102499.8,102627.4,102200.3,102282.2,1531.962
2025-11-13 14:00:00+00:00,102282.2,102489.5,102088.0,102180.4,1900.598
2025-11-13 14:15:00+00:00,102180.5,102490.0,102000.1,102399.9,2162.118
2025-11-13 14:30:00+00:00,102400.0,102560.7,101689.0,101775.5,5234.214
2025-11-13 14:45:00+00:00,101775.5,103456.0,101707.0,102823.4,8701.495
2025-11-13 15:00:00+00:00,102823.4,102823.4,101906.9,102816.3,4601.252
2025-11-13 15:15:00+00:00,102816.3,102969.8,102006.0,102148.8,3364.414
2025-11-13 15:30:00+00:00,102148.9,102173.1,101510.3,101550.8,3597.059
2025-11-13 15:45:00+00:00,101550.7,101583.5,101135.0,101338.0,3665.959
2025-11-13 16:00:00+00:00,101338.0,101495.7,101000.0,101146.9,3174.854
2025-11-13 16:15:00+00:00,101146.9,101233.4,100627.0,101019.1,5117.329
2025-11-13 16:30:00+00:00,101019.0,101388.5,100802.3,100895.9,3831.096
2025-11-13 16:45:00+00:00,100895.9,100958.7,100832.1,100846.3,183.764
