timestamp,open,high,low,close,volume
2023-11-19 21:00:00+00:00,0.382,0.3825,0.38,0.3817,2593349.3
2023-11-19 22:00:00+00:00,0.3817,0.3824,0.379,0.3802,2381266.0
2023-11-19 23:00:00+00:00,0.3802,0.3857,0.38,0.384,6360641.2
2023-11-20 00:00:00+00:00,0.384,0.385,0.3806,0.3828,3692556.0
2023-11-20 01:00:00+00:00,0.3828,0.3836,0.3807,0.3814,2817468.5
2023-11-20 02:00:00+00:00,0.3814,0.383,0.3803,0.3828,3155755.1
2023-11-20 03:00:00+00:00,0.3828,0.3837,0.3806,0.3819,2042713.4
2023-11-20 04:00:00+00:00,0.3819,0.3851,0.3816,0.3843,3312797.3
2023-11-20 05:00:00+00:00,0.3844,0.3844,0.381,0.3832,4748825.8
2023-11-20 06:00:00+00:00,0.3832,0.385,0.3826,0.3844,2450561.9
2023-11-20 07:00:00+00:00,0.3844,0.3877,0.3835,0.3872,6224709.4
2023-11-20 08:00:00+00:00,0.3872,0.3898,0.3864,0.3898,6222187.1
2023-11-20 09:00:00+00:00,0.3897,0.395,0.3884,0.394,9784181.0
2023-11-20 10:00:00+00:00,0.394,0.3994,0.3936,0.3967,12450288.7
2023-11-20 11:00:00+00:00,0.3967,0.3983,0.3907,0.3923,9431832.5
2023-11-20 12:00:00+00:00,0.3923,0.3933,0.3884,0.3911,6472987.4
2023-11-20 13:00:00+00:00,0.3911,0.3915,0.3874,0.3885,4318320.5
2023-11-20 14:00:00+00:00,0.3885,0.3944,0.3837,0.393,9755111.3
2023-11-20 15:00:00+00:00,0.3931,0.3949,0.3902,0.3921,5549923.4
2023-11-20 16:00:00+00:00,0.3921,0.3937,0.3847,0.3858,6821368.7
2023-11-20 17:00:00+00:00,0.3859,0.3925,0.3825,0.3897,8849618.3
2023-11-20 18:00:00+00:00,0.3898,0.3912,0.3843,0.387,5868817.9
2023-11-20 19:00:00+00:00,0.387,0.3888,0.385,0.3854,3029941.4
2023-11-20 20:00:00+00:00,0.3855,0.3872,0.3846,0.3854,1725552.8
2023-11-20 21:00:00+00:00,0.3855,0.3856,0.3786,0.3829,7193657.8
2023-11-20 22:00:00+00:00,0.3829,0.3853,0.3806,0.3817,2656502.3
2023-11-20 23:00:00+00:00,0.3816,0.383,0.378,0.3804,4415700.2
2023-11-21 00:00:00+00:00,0.3803,0.3843,0.3788,0.3841,4092118.8
2023-11-21 01:00:00+00:00,0.3841,0.3873,0.3822,0.387,4513532.9
2023-11-21 02:00:00+00:00,0.387,0.3883,0.3798,0.381,9993607.3
2023-11-21 03:00:00+00:00,0.381,0.3853,0.3806,0.3848,3375676.8
2023-11-21 04:00:00+00:00,0.3849,0.385,0.3828,0.3846,2043653.2
2023-11-21 05:00:00+00:00,0.3846,0.3899,0.3841,0.3887,4005687.3
2023-11-21 06:00:00+00:00,0.3887,0.3893,0.3854,0.3867,2453581.5
2023-11-21 07:00:00+00:00,0.3867,0.3867,0.3818,0.3825,3644568.0
2023-11-21 08:00:00+00:00,0.3826,0.3843,0.3815,0.3836,2395147.0
2023-11-21 09:00:00+00:00,0.3836,0.3846,0.3815,0.3817,1593514.8
2023-11-21 10:00:00+00:00,0.3817,0.3835,0.3814,0.3834,1984401.4
2023-11-21 11:00:00+00:00,0.3833,0.3838,0.3781,0.3786,4253428.9
2023-11-21 12:00:00+00:00,0.3786,0.38,0.3772,0.3789,3217317.5
2023-11-21 13:00:00+00:00,0.3789,0.3796,0.3747,0.3751,5576899.7
2023-11-21 14:00:00+00:00,0.375,0.3751,0.372,0.3741,8440195.8
2023-11-21 15:00:00+00:00,0.3742,0.3772,0.3638,0.3759,22693725.4
2023-11-21 16:00:00+00:00,0.3759,0.3769,0.3701,0.374,8983529.8
2023-11-21 17:00:00+00:00,0.374,0.3795,0.3643,0.3675,17054518.5
2023-11-21 18:00:00+00:00,0.3675,0.3685,0.3603,0.3662,15788490.5
2023-11-21 19:00:00+00:00,0.3662,0.3718,0.3655,0.3693,5615497.0
2023-11-21 20:00:00+00:00,0.3693,0.3746,0.3673,0.3727,6987047.1
2023-11-21 21:00:00+00:00,0.3727,0.3749,0.3689,0.3694,5306496.8
2023-11-21 22:00:00+00:00,0.3694,0.3696,0.3556,0.3577,13412405.2
2023-11-21 23:00:00+00:00,0.3576,0.363,0.3551,0.3566,11732962.5
2023-11-22 00:00:00+00:00,0.3566,0.3625,0.3553,0.362,6255597.4
2023-11-22 01:00:00+00:00,0.362,0.3647,0.3613,0.3634,2758981.1
2023-11-22 02:00:00+00:00,0.3633,0.3668,0.3622,0.3666,2929354.6
2023-11-22 03:00:00+00:00,0.3667,0.3709,0.3657,0.3704,4937924.5
2023-11-22 04:00:00+00:00,0.3704,0.3724,0.3688,0.3696,3596503.0
2023-11-22 05:00:00+00:00,0.3697,0.371,0.3673,0.3677,3393693.4
2023-11-22 06:00:00+00:00,0.3677,0.3715,0.3676,0.3697,2437704.1
2023-11-22 07:00:00+00:00,0.3698,0.3706,0.3678,0.3682,2267269.6
2023-11-22 08:00:00+00:00,0.3684,0.3706,0.3681,0.3703,2514058.9
2023-11-22 09:00:00+00:00,0.3702,0.3721,0.3696,0.3719,2419407.5
2023-11-22 10:00:00+00:00,0.3718,0.3721,0.3683,0.371,1831036.1
2023-11-22 11:00:00+00:00,0.3709,0.371,0.3682,0.3686,1731927.8
2023-11-22 12:00:00+00:00,0.3685,0.3712,0.3681,0.3705,2363446.6
2023-11-22 13:00:00+00:00,0.3704,0.3724,0.3688,0.3716,3202658.1
2023-11-22 14:00:00+00:00,0.3717,0.3731,0.3679,0.3694,3920788.5
2023-11-22 15:00:00+00:00,0.3694,0.3714,0.3661,0.3694,4573304.6
2023-11-22 16:00:00+00:00,0.3694,0.3716,0.3668,0.3681,2482586.1
2023-11-22 17:00:00+00:00,0.3682,0.3711,0.368,0.3703,2714724.2
2023-11-22 18:00:00+00:00,0.3703,0.3778,0.3699,0.3763,7623607.0
2023-11-22 19:00:00+00:00,0.3764,0.3794,0.3761,0.378,5628714.6
2023-11-22 20:00:00+00:00,0.378,0.385,0.3778,0.3849,5869575.2
2023-11-22 21:00:00+00:00,0.3849,0.3874,0.3816,0.3828,10300957.1
2023-11-22 22:00:00+00:00,0.3828,0.3838,0.3796,0.3803,4028479.5
2023-11-22 23:00:00+00:00,0.3803,0.381,0.3776,0.3805,3865596.2
2023-11-23 00:00:00+00:00,0.3805,0.3812,0.3777,0.3788,3267146.9
2023-11-23 01:00:00+00:00,0.3789,0.3837,0.3786,0.3819,2523203.8
2023-11-23 02:00:00+00:00,0.3819,0.3827,0.3805,0.3814,1557831.5
2023-11-23 03:00:00+00:00,0.3813,0.3819,0.3798,0.3799,1275023.9
2023-11-23 04:00:00+00:00,0.3799,0.3826,0.3791,0.382,1901915.0
2023-11-23 05:00:00+00:00,0.3821,0.3835,0.3817,0.3819,2224662.8
2023-11-23 06:00:00+00:00,0.3819,0.382,0.3797,0.3808,2691923.8
2023-11-23 07:00:00+00:00,0.3808,0.3824,0.3802,0.3814,2081527.9
2023-11-23 08:00:00+00:00,0.3814,0.3863,0.3807,0.3862,3555459.9
2023-11-23 09:00:00+00:00,0.3862,0.3874,0.3838,0.3873,4109552.9
2023-11-23 10:00:00+00:00,0.3873,0.3873,0.3836,0.3847,3410141.3
2023-11-23 11:00:00+00:00,0.3847,0.3848,0.3807,0.3827,4139154.0
2023-11-23 12:00:00+00:00,0.3827,0.3858,0.3819,0.3828,3140765.9
2023-11-23 13:00:00+00:00,0.3827,0.3839,0.38,0.3807,2609603.3
2023-11-23 14:00:00+00:00,0.3807,0.3822,0.3792,0.3802,2289400.8
2023-11-23 15:00:00+00:00,0.3803,0.381,0.376,0.3779,5979678.4
2023-11-23 16:00:00+00:00,0.378,0.3818,0.3779,0.3805,4524649.6
2023-11-23 17:00:00+00:00,0.3804,0.3836,0.3803,0.3828,2363875.3
2023-11-23 18:00:00+00:00,0.3828,0.3845,0.3812,0.3813,1985551.1
2023-11-23 19:00:00+00:00,0.3814,0.3816,0.3795,0.3798,2107489.7
2023-11-23 20:00:00+00:00,0.3798,0.3816,0.3794,0.3807,2126168.1
2023-11-23 21:00:00+00:00,0.3808,0.3826,0.3808,0.3825,1341516.9
2023-11-23 22:00:00+00:00,0.3825,0.3835,0.3814,0.3829,1213487.2
2023-11-23 23:00:00+00:00,0.383,0.3873,0.3818,0.3873,5755938.9
2023-11-24 00:00:00+00:00,0.3872,0.3919,0.3857,0.3861,8997145.4
2023-11-24 01:00:00+00:00,0.386,0.391,0.3857,0.3905,4379630.3
2023-11-24 02:00:00+00:00,0.3905,0.3966,0.3903,0.3937,9468029.5
2023-11-24 03:00:00+00:00,0.3938,0.3977,0.3937,0.3949,5042081.1
2023-11-24 04:00:00+00:00,0.3949,0.3965,0.3936,0.3939,5699806.3
2023-11-24 05:00:00+00:00,0.3939,0.3944,0.391,0.3921,6029430.2
2023-11-24 06:00:00+00:00,0.3921,0.3922,0.3901,0.3908,3463292.8
2023-11-24 07:00:00+00:00,0.3908,0.3927,0.3899,0.3918,2593232.0
2023-11-24 08:00:00+00:00,0.3918,0.3927,0.3867,0.3872,9481023.8
2023-11-24 09:00:00+00:00,0.3872,0.3907,0.3866,0.3892,3432372.2
2023-11-24 10:00:00+00:00,0.3892,0.3927,0.3888,0.3894,5222109.8
2023-11-24 11:00:00+00:00,0.3895,0.3926,0.389,0.3902,4664559.1
2023-11-24 12:00:00+00:00,0.3903,0.3918,0.3889,0.3894,3329900.4
2023-11-24 13:00:00+00:00,0.3893,0.3903,0.388,0.3901,3154995.0
2023-11-24 14:00:00+00:00,0.39,0.3901,0.3867,0.3884,3248050.1
2023-11-24 15:00:00+00:00,0.3885,0.3931,0.3884,0.3922,9041617.2
2023-11-24 16:00:00+00:00,0.3922,0.3943,0.3857,0.3877,6454738.9
2023-11-24 17:00:00+00:00,0.3878,0.3913,0.3866,0.3885,3147844.2
2023-11-24 18:00:00+00:00,0.3885,0.3892,0.3858,0.3869,2830372.9
2023-11-24 19:00:00+00:00,0.387,0.387,0.3851,0.3861,2106100.2
2023-11-24 20:00:00+00:00,0.3861,0.3881,0.385,0.3877,1645119.9
2023-11-24 21:00:00+00:00,0.3878,0.3888,0.3865,0.3866,1605786.7
2023-11-24 22:00:00+00:00,0.3867,0.387,0.3836,0.3858,2439228.8
2023-11-24 23:00:00+00:00,0.3858,0.3864,0.3839,0.3862,1480584.6
2023-11-25 00:00:00+00:00,0.3862,0.388,0.3845,0.3868,2016373.1
2023-11-25 01:00:00+00:00,0.3868,0.3894,0.3867,0.3894,1211583.0
2023-11-25 02:00:00+00:00,0.3894,0.3916,0.3877,0.3913,1872945.1
2023-11-25 03:00:00+00:00,0.3913,0.392,0.3899,0.3906,1824713.4
2023-11-25 04:00:00+00:00,0.3907,0.3915,0.3896,0.3903,1668454.4
2023-11-25 05:00:00+00:00,0.3903,0.3909,0.3885,0.3899,1969324.2
2023-11-25 06:00:00+00:00,0.3898,0.3913,0.3896,0.3912,1016226.4
2023-11-25 07:00:00+00:00,0.3912,0.3935,0.3906,0.3928,2307086.5
2023-11-25 08:00:00+00:00,0.3928,0.3933,0.391,0.391,2228179.9
2023-11-25 09:00:00+00:00,0.391,0.3919,0.3898,0.3906,2129877.1
2023-11-25 10:00:00+00:00,0.3907,0.3907,0.388,0.3892,2016924.4
2023-11-25 11:00:00+00:00,0.3891,0.3899,0.3867,0.3882,2367811.0
2023-11-25 12:00:00+00:00,0.3882,0.3944,0.388,0.3941,6089193.3
2023-11-25 13:00:00+00:00,0.3941,0.3959,0.3919,0.3924,5947266.2
2023-11-25 14:00:00+00:00,0.3924,0.393,0.3908,0.3925,2040258.8
2023-11-25 15:00:00+00:00,0.3924,0.394,0.3906,0.3932,2204143.7
2023-11-25 16:00:00+00:00,0.3931,0.3945,0.3915,0.3918,2126776.7
2023-11-25 17:00:00+00:00,0.3919,0.3938,0.3918,0.3927,1829701.4
2023-11-25 18:00:00+00:00,0.3926,0.3953,0.3915,0.3945,2278970.3
2023-11-25 19:00:00+00:00,0.3945,0.395,0.3937,0.3949,1863224.1
2023-11-25 20:00:00+00:00,0.3949,0.3958,0.3928,0.3938,1637178.5
2023-11-25 21:00:00+00:00,0.3938,0.3959,0.3938,0.3945,1340134.6
2023-11-25 22:00:00+00:00,0.3945,0.3946,0.3937,0.3937,821967.5
2023-11-25 23:00:00+00:00,0.3938,0.3949,0.3934,0.3941,1331484.1
2023-11-26 00:00:00+00:00,0.3942,0.3956,0.3935,0.3946,1746838.3
2023-11-26 01:00:00+00:00,0.3946,0.3947,0.39,0.3902,4150913.2
2023-11-26 02:00:00+00:00,0.3903,0.3921,0.3901,0.3919,1303918.4
2023-11-26 03:00:00+00:00,0.392,0.3926,0.3905,0.3909,1052293.5
2023-11-26 04:00:00+00:00,0.3909,0.3929,0.3906,0.3927,1194911.2
2023-11-26 05:00:00+00:00,0.3927,0.3935,0.3919,0.3926,1557458.1
2023-11-26 06:00:00+00:00,0.3926,0.3946,0.392,0.3943,1946758.0
2023-11-26 07:00:00+00:00,0.3942,0.3951,0.3928,0.395,1329197.2
2023-11-26 08:00:00+00:00,0.395,0.3951,0.3933,0.3933,1147379.2
2023-11-26 09:00:00+00:00,0.3934,0.3944,0.3921,0.3936,2098145.8
2023-11-26 10:00:00+00:00,0.3936,0.3937,0.3909,0.3911,1791164.8
2023-11-26 11:00:00+00:00,0.3911,0.3927,0.3906,0.3912,2512406.0
2023-11-26 12:00:00+00:00,0.3911,0.3923,0.3884,0.3923,4731582.2
2023-11-26 13:00:00+00:00,0.3923,0.3928,0.3886,0.3902,4089668.0
2023-11-26 14:00:00+00:00,0.3902,0.3902,0.3852,0.3869,3894884.5
2023-11-26 15:00:00+00:00,0.387,0.3888,0.3858,0.3862,2534806.9
2023-11-26 16:00:00+00:00,0.3861,0.387,0.3782,0.3814,10724784.8
2023-11-26 17:00:00+00:00,0.3813,0.3842,0.3806,0.3834,2679586.5
2023-11-26 18:00:00+00:00,0.3835,0.3847,0.3816,0.3823,2181162.4
2023-11-26 19:00:00+00:00,0.3823,0.3848,0.3817,0.3847,1600725.2
2023-11-26 20:00:00+00:00,0.3847,0.3881,0.3834,0.3872,2392762.0
2023-11-26 21:00:00+00:00,0.3873,0.3878,0.3856,0.3878,1877607.7
2023-11-26 22:00:00+00:00,0.3879,0.3924,0.3877,0.3892,3741620.2
2023-11-26 23:00:00+00:00,0.3891,0.3892,0.3866,0.3873,2184493.6
2023-11-27 00:00:00+00:00,0.3874,0.3914,0.3864,0.3911,4207277.4
2023-11-27 01:00:00+00:00,0.3911,0.3922,0.3872,0.3885,1851685.5
2023-11-27 02:00:00+00:00,0.3886,0.3888,0.3844,0.3854,3007312.1
2023-11-27 03:00:00+00:00,0.3854,0.3856,0.3809,0.384,2322924.4
2023-11-27 04:00:00+00:00,0.384,0.3861,0.3834,0.386,1579937.6
2023-11-27 05:00:00+00:00,0.3859,0.3864,0.383,0.3843,1035646.1
2023-11-27 06:00:00+00:00,0.3844,0.3867,0.3829,0.383,2002594.4
2023-11-27 07:00:00+00:00,0.3829,0.3849,0.3795,0.3831,3959956.9
2023-11-27 08:00:00+00:00,0.3831,0.3854,0.3823,0.3825,1894148.0
2023-11-27 09:00:00+00:00,0.3825,0.3862,0.3824,0.3849,2233430.3
2023-11-27 10:00:00+00:00,0.3848,0.3851,0.3788,0.3804,4963774.8
2023-11-27 11:00:00+00:00,0.3805,0.3815,0.3783,0.3804,4224374.7
2023-11-27 12:00:00+00:00,0.3804,0.3815,0.3786,0.379,2290434.8
2023-11-27 13:00:00+00:00,0.3791,0.3806,0.3764,0.3793,4096840.5
2023-11-27 14:00:00+00:00,0.3792,0.3807,0.3749,0.3756,4175962.5
2023-11-27 15:00:00+00:00,0.3757,0.3797,0.374,0.3748,4337317.5
2023-11-27 16:00:00+00:00,0.3747,0.3789,0.3742,0.3788,3889045.9
2023-11-27 17:00:00+00:00,0.3788,0.3805,0.3763,0.3767,3306994.4
2023-11-27 18:00:00+00:00,0.3767,0.3793,0.3765,0.3765,1538844.9
2023-11-27 19:00:00+00:00,0.3764,0.3778,0.3718,0.3741,4501158.9
2023-11-27 20:00:00+00:00,0.3742,0.3751,0.3712,0.3725,3823921.4
2023-11-27 21:00:00+00:00,0.3725,0.3758,0.3722,0.3739,2140959.5
2023-11-27 22:00:00+00:00,0.3738,0.3751,0.3727,0.3747,1500322.4
2023-11-27 23:00:00+00:00,0.3748,0.3785,0.3747,0.3777,1784486.6
2023-11-28 00:00:00+00:00,0.3778,0.3806,0.3763,0.3799,2951155.7
2023-11-28 01:00:00+00:00,0.38,0.3802,0.3785,0.3785,1472291.0
2023-11-28 02:00:00+00:00,0.3786,0.3796,0.3756,0.3785,2448681.8
2023-11-28 03:00:00+00:00,0.3785,0.3791,0.3758,0.3761,1269490.4
2023-11-28 04:00:00+00:00,0.3762,0.3777,0.3743,0.3743,1880961.4
2023-11-28 05:00:00+00:00,0.3743,0.3747,0.3701,0.3706,3900366.1
2023-11-28 06:00:00+00:00,0.3705,0.3739,0.3701,0.3737,2662273.8
2023-11-28 07:00:00+00:00,0.3737,0.3741,0.37,0.3738,3808853.0
2023-11-28 08:00:00+00:00,0.3739,0.3741,0.3701,0.3704,2657320.9
2023-11-28 09:00:00+00:00,0.3703,0.3747,0.3693,0.3738,4380252.9
2023-11-28 10:00:00+00:00,0.3739,0.3754,0.3725,0.3752,3064120.6
2023-11-28 11:00:00+00:00,0.3752,0.3785,0.3745,0.3777,2349534.3
2023-11-28 12:00:00+00:00,0.3777,0.3782,0.3759,0.3763,2962343.8
2023-11-28 13:00:00+00:00,0.3763,0.3806,0.375,0.3802,3414979.9
2023-11-28 14:00:00+00:00,0.3802,0.3826,0.379,0.3801,5913816.7
2023-11-28 15:00:00+00:00,0.38,0.3818,0.3776,0.3811,3434028.5
2023-11-28 16:00:00+00:00,0.381,0.3856,0.3807,0.3844,5586303.2
2023-11-28 17:00:00+00:00,0.3844,0.3871,0.3825,0.3869,6748391.0
2023-11-28 18:00:00+00:00,0.387,0.3882,0.3844,0.3855,4995521.5
2023-11-28 19:00:00+00:00,0.3856,0.3883,0.3853,0.387,3927625.0
2023-11-28 20:00:00+00:00,0.3871,0.3879,0.3858,0.3873,1955238.8
2023-11-28 21:00:00+00:00,0.3874,0.3875,0.385,0.3853,2523805.7
2023-11-28 22:00:00+00:00,0.3853,0.3864,0.3826,0.3836,2398039.9
2023-11-28 23:00:00+00:00,0.3837,0.386,0.3836,0.3858,2468990.7
2023-11-29 00:00:00+00:00,0.3857,0.387,0.3841,0.3863,3388380.6
2023-11-29 01:00:00+00:00,0.3862,0.3875,0.385,0.3851,2178970.0
2023-11-29 02:00:00+00:00,0.3852,0.3861,0.3839,0.3843,1772232.4
2023-11-29 03:00:00+00:00,0.3844,0.385,0.3836,0.3847,1453577.1
2023-11-29 04:00:00+00:00,0.3848,0.3849,0.3837,0.3847,1200335.8
2023-11-29 05:00:00+00:00,0.3848,0.3854,0.3834,0.3852,1317080.5
2023-11-29 06:00:00+00:00,0.3853,0.387,0.3843,0.3867,2042254.4
2023-11-29 07:00:00+00:00,0.3867,0.3868,0.3843,0.3854,2580043.5
2023-11-29 08:00:00+00:00,0.3854,0.3891,0.3843,0.3887,3120153.8
2023-11-29 09:00:00+00:00,0.3887,0.3892,0.386,0.3873,3941931.1
2023-11-29 10:00:00+00:00,0.3873,0.3875,0.3811,0.3828,4694338.7
2023-11-29 11:00:00+00:00,0.3829,0.3856,0.3819,0.3842,2466430.4
2023-11-29 12:00:00+00:00,0.3843,0.3862,0.3832,0.3847,2907160.7
2023-11-29 13:00:00+00:00,0.3846,0.3858,0.3836,0.3837,1599946.5
2023-11-29 14:00:00+00:00,0.3836,0.3849,0.3806,0.3814,2930534.1
2023-11-29 15:00:00+00:00,0.3812,0.382,0.3775,0.3797,5445123.8
2023-11-29 16:00:00+00:00,0.3798,0.3868,0.3792,0.3833,9088455.4
2023-11-29 17:00:00+00:00,0.3834,0.3875,0.3824,0.3865,3287235.5
2023-11-29 18:00:00+00:00,0.3865,0.3871,0.3847,0.3863,2514930.2
2023-11-29 19:00:00+00:00,0.3863,0.3872,0.3841,0.3856,2142021.5
2023-11-29 20:00:00+00:00,0.3856,0.3858,0.3818,0.3827,2770782.7
2023-11-29 21:00:00+00:00,0.3829,0.3834,0.381,0.3818,1892116.2
2023-11-29 22:00:00+00:00,0.3818,0.3838,0.3813,0.3825,1537490.4
2023-11-29 23:00:00+00:00,0.3824,0.3828,0.3808,0.3816,1928998.3
2023-11-30 00:00:00+00:00,0.3817,0.3829,0.3807,0.3807,1709942.3
2023-11-30 01:00:00+00:00,0.3807,0.3814,0.3788,0.3788,1561768.1
2023-11-30 02:00:00+00:00,0.3789,0.3814,0.3783,0.3807,2570299.1
2023-11-30 03:00:00+00:00,0.3808,0.3818,0.3792,0.3816,1706643.6
2023-11-30 04:00:00+00:00,0.3817,0.3826,0.3797,0.3797,1126107.5
2023-11-30 05:00:00+00:00,0.3798,0.38,0.3765,0.3774,2987859.2
2023-11-30 06:00:00+00:00,0.3774,0.3786,0.3764,0.3781,2018509.0
2023-11-30 07:00:00+00:00,0.3781,0.3786,0.3765,0.3769,1731059.9
2023-11-30 08:00:00+00:00,0.377,0.377,0.3721,0.3735,10924471.6
2023-11-30 09:00:00+00:00,0.3734,0.3748,0.3725,0.3743,3055752.8
2023-11-30 10:00:00+00:00,0.3743,0.3757,0.374,0.3745,2316013.6
2023-11-30 11:00:00+00:00,0.3745,0.3773,0.3741,0.3769,1963425.8
2023-11-30 12:00:00+00:00,0.3768,0.3772,0.3752,0.3763,2028993.7
2023-11-30 13:00:00+00:00,0.3764,0.3766,0.373,0.3747,2899506.9
2023-11-30 14:00:00+00:00,0.3746,0.3747,0.3719,0.3743,4626028.1
2023-11-30 15:00:00+00:00,0.3743,0.3756,0.3729,0.3749,3052786.3
2023-11-30 16:00:00+00:00,0.3748,0.3759,0.3736,0.3749,1894101.0
2023-11-30 17:00:00+00:00,0.3749,0.3762,0.3745,0.3762,1862826.0
2023-11-30 18:00:00+00:00,0.3762,0.3774,0.3753,0.3754,3028853.5
2023-11-30 19:00:00+00:00,0.3755,0.3763,0.3749,0.3752,1796147.2
2023-11-30 20:00:00+00:00,0.3752,0.3754,0.3742,0.3748,1679523.8
2023-11-30 21:00:00+00:00,0.3747,0.3761,0.3742,0.376,1279358.4
2023-11-30 22:00:00+00:00,0.3759,0.377,0.3753,0.3754,958942.9
2023-11-30 23:00:00+00:00,0.3754,0.3762,0.3745,0.3759,1151536.5
2023-12-01 00:00:00+00:00,0.376,0.3761,0.3736,0.3746,1715322.8
2023-12-01 01:00:00+00:00,0.3745,0.3795,0.3739,0.379,4433896.7
2023-12-01 02:00:00+00:00,0.379,0.3813,0.3782,0.3801,2721474.9
2023-12-01 03:00:00+00:00,0.3801,0.3805,0.3788,0.3791,1524704.5
2023-12-01 04:00:00+00:00,0.3792,0.3809,0.3788,0.3801,1432860.0
2023-12-01 05:00:00+00:00,0.3802,0.3803,0.378,0.3782,1505985.4
2023-12-01 06:00:00+00:00,0.3783,0.3791,0.3771,0.3788,1896720.3
2023-12-01 07:00:00+00:00,0.379,0.3808,0.3782,0.3789,2775887.9
2023-12-01 08:00:00+00:00,0.3789,0.3803,0.3785,0.3796,1549461.4
2023-12-01 09:00:00+00:00,0.3795,0.3829,0.3794,0.3828,4294911.7
2023-12-01 10:00:00+00:00,0.3828,0.3832,0.3805,0.3806,2725938.8
2023-12-01 11:00:00+00:00,0.3807,0.3822,0.3804,0.382,1597563.4
2023-12-01 12:00:00+00:00,0.382,0.3829,0.3792,0.3803,3771748.6
2023-12-01 13:00:00+00:00,0.3804,0.3813,0.3793,0.3796,1660577.9
2023-12-01 14:00:00+00:00,0.3796,0.3815,0.3787,0.3805,2773170.7
2023-12-01 15:00:00+00:00,0.3806,0.3815,0.3797,0.3812,2059988.6
2023-12-01 16:00:00+00:00,0.3813,0.385,0.3808,0.3843,6010348.9
2023-12-01 17:00:00+00:00,0.3843,0.3847,0.3831,0.3837,2498683.8
2023-12-01 18:00:00+00:00,0.3837,0.3846,0.3832,0.3834,1724829.7
2023-12-01 19:00:00+00:00,0.3834,0.3849,0.3832,0.3847,1896826.2
2023-12-01 20:00:00+00:00,0.3846,0.3855,0.3836,0.3837,1815118.5
2023-12-01 21:00:00+00:00,0.3838,0.3844,0.3831,0.3837,916121.0
2023-12-01 22:00:00+00:00,0.3837,0.3839,0.3817,0.3822,1783543.3
2023-12-01 23:00:00+00:00,0.3822,0.3844,0.3821,0.3844,1248712.5
2023-12-02 00:00:00+00:00,0.3844,0.3845,0.3827,0.3845,1377284.3
2023-12-02 01:00:00+00:00,0.3845,0.385,0.3838,0.3849,1258929.8
2023-12-02 02:00:00+00:00,0.3849,0.3854,0.384,0.3848,1705383.9
2023-12-02 03:00:00+00:00,0.3849,0.3861,0.3844,0.3861,1413615.9
2023-12-02 04:00:00+00:00,0.3861,0.3865,0.3852,0.3859,1538912.0
2023-12-02 05:00:00+00:00,0.386,0.3864,0.3852,0.3859,759237.2
2023-12-02 06:00:00+00:00,0.3859,0.3865,0.3855,0.3864,1337185.2
2023-12-02 07:00:00+00:00,0.3864,0.3871,0.3858,0.3864,1540429.5
2023-12-02 08:00:00+00:00,0.3863,0.3881,0.3863,0.3877,2472347.5
2023-12-02 09:00:00+00:00,0.3877,0.3908,0.3876,0.3905,4130974.7
2023-12-02 10:00:00+00:00,0.3906,0.3912,0.3887,0.3898,3253431.4
2023-12-02 11:00:00+00:00,0.3898,0.3902,0.3887,0.3889,2074493.3
2023-12-02 12:00:00+00:00,0.3889,0.3904,0.3886,0.3898,1521142.0
2023-12-02 13:00:00+00:00,0.3899,0.3903,0.3889,0.3892,2241445.0
2023-12-02 14:00:00+00:00,0.3892,0.3898,0.3853,0.3868,4716802.4
2023-12-02 15:00:00+00:00,0.3868,0.3894,0.3856,0.3891,3986616.9
2023-12-02 16:00:00+00:00,0.3891,0.3891,0.3869,0.3878,1646006.7
2023-12-02 17:00:00+00:00,0.3878,0.3895,0.3872,0.3893,1379408.7
2023-12-02 18:00:00+00:00,0.3894,0.3908,0.389,0.3903,3048677.4
2023-12-02 19:00:00+00:00,0.3902,0.3948,0.3899,0.3933,10244000.1
2023-12-02 20:00:00+00:00,0.3933,0.395,0.3927,0.395,3010496.5
2023-12-02 21:00:00+00:00,0.3949,0.3972,0.3938,0.3969,5195683.5
2023-12-02 22:00:00+00:00,0.3969,0.3972,0.3934,0.3946,4095297.0
2023-12-02 23:00:00+00:00,0.3945,0.398,0.3943,0.3976,4690767.4
2023-12-03 00:00:00+00:00,0.3976,0.3998,0.3969,0.3981,5611482.7
2023-12-03 01:00:00+00:00,0.3981,0.3999,0.3979,0.3996,2921512.8
2023-12-03 02:00:00+00:00,0.3997,0.403,0.398,0.3983,9955272.6
2023-12-03 03:00:00+00:00,0.3982,0.3987,0.3957,0.3967,3927570.9
2023-12-03 04:00:00+00:00,0.3968,0.3978,0.3963,0.3967,2035684.5
2023-12-03 05:00:00+00:00,0.3967,0.3972,0.3956,0.3961,2648613.7
2023-12-03 06:00:00+00:00,0.3962,0.3968,0.3948,0.3952,2912825.3
2023-12-03 07:00:00+00:00,0.3953,0.3968,0.3942,0.3967,3718355.3
2023-12-03 08:00:00+00:00,0.3967,0.3973,0.394,0.394,3420929.2
2023-12-03 09:00:00+00:00,0.3941,0.3961,0.3938,0.3957,2301417.7
2023-12-03 10:00:00+00:00,0.3958,0.3958,0.3941,0.3953,2509561.2
2023-12-03 11:00:00+00:00,0.3952,0.3953,0.3919,0.394,3110390.0
2023-12-03 12:00:00+00:00,0.3939,0.3939,0.3892,0.3902,4762531.8
2023-12-03 13:00:00+00:00,0.3903,0.3932,0.3901,0.392,4265876.8
2023-12-03 14:00:00+00:00,0.392,0.3927,0.3891,0.3891,3854576.1
2023-12-03 15:00:00+00:00,0.3892,0.391,0.3878,0.3905,5745917.6
2023-12-03 16:00:00+00:00,0.3905,0.392,0.389,0.3912,3165569.9
2023-12-03 17:00:00+00:00,0.3913,0.3913,0.3878,0.3889,5477579.6
2023-12-03 18:00:00+00:00,0.3889,0.3902,0.3887,0.3891,1558877.7
2023-12-03 19:00:00+00:00,0.3892,0.3901,0.388,0.3901,1396245.5
2023-12-03 20:00:00+00:00,0.3901,0.391,0.39,0.3909,1628821.6
2023-12-03 21:00:00+00:00,0.3909,0.3922,0.3908,0.3918,1702166.8
2023-12-03 22:00:00+00:00,0.3918,0.3982,0.3918,0.3977,8219761.8
2023-12-03 23:00:00+00:00,0.3978,0.3983,0.392,0.3949,5031135.7
2023-12-04 00:00:00+00:00,0.3948,0.398,0.3943,0.3973,3134756.5
2023-12-04 01:00:00+00:00,0.3974,0.405,0.3964,0.404,10709957.2
2023-12-04 02:00:00+00:00,0.404,0.4073,0.4022,0.4049,9709079.8
2023-12-04 03:00:00+00:00,0.4048,0.4064,0.4027,0.403,5266149.2
2023-12-04 04:00:00+00:00,0.403,0.408,0.403,0.4066,7889441.3
2023-12-04 05:00:00+00:00,0.4066,0.4094,0.4057,0.4076,9084401.6
2023-12-04 06:00:00+00:00,0.4076,0.4118,0.4066,0.4105,8522722.0
2023-12-04 07:00:00+00:00,0.4104,0.4125,0.4078,0.4084,5978097.4
2023-12-04 08:00:00+00:00,0.4085,0.415,0.4074,0.4134,9189317.7
2023-12-04 09:00:00+00:00,0.4135,0.4139,0.4075,0.4079,5733130.9
2023-12-04 10:00:00+00:00,0.4078,0.4112,0.4076,0.4093,6187419.2
2023-12-04 11:00:00+00:00,0.4093,0.41,0.3911,0.4037,30547508.7
2023-12-04 12:00:00+00:00,0.4037,0.407,0.4007,0.4056,7584540.3
2023-12-04 13:00:00+00:00,0.4057,0.406,0.4009,0.4019,7644498.8
2023-12-04 14:00:00+00:00,0.402,0.4031,0.3974,0.4012,9027311.2
2023-12-04 15:00:00+00:00,0.4012,0.4018,0.3968,0.3975,5583367.4
2023-12-04 16:00:00+00:00,0.3975,0.403,0.3973,0.4016,9223511.9
2023-12-04 17:00:00+00:00,0.4016,0.4021,0.3989,0.3999,3157486.4
2023-12-04 18:00:00+00:00,0.3999,0.4013,0.3993,0.4,2284528.4
2023-12-04 19:00:00+00:00,0.4,0.4013,0.3991,0.4012,4364732.4
2023-12-04 20:00:00+00:00,0.4012,0.4022,0.4,0.4009,2670034.4
2023-12-04 21:00:00+00:00,0.4009,0.4033,0.4007,0.4029,2762336.9
2023-12-04 22:00:00+00:00,0.4029,0.4058,0.4002,0.4022,5671550.0
2023-12-04 23:00:00+00:00,0.4023,0.4074,0.4013,0.4068,5354851.3
2023-12-05 00:00:00+00:00,0.4069,0.4107,0.4041,0.4104,6141224.2
2023-12-05 01:00:00+00:00,0.4104,0.411,0.4054,0.4075,4583850.9
2023-12-05 02:00:00+00:00,0.4075,0.4077,0.4018,0.4036,6023558.4
2023-12-05 03:00:00+00:00,0.4036,0.4066,0.4031,0.4054,2492845.1
2023-12-05 04:00:00+00:00,0.4054,0.4056,0.4029,0.4032,2253910.5
2023-12-05 05:00:00+00:00,0.4032,0.4059,0.4023,0.405,2267800.4
2023-12-05 06:00:00+00:00,0.4049,0.4052,0.4003,0.4015,3122210.3
2023-12-05 07:00:00+00:00,0.4015,0.4021,0.3969,0.3991,7348513.2
2023-12-05 08:00:00+00:00,0.3991,0.4008,0.3976,0.4,3487718.0
2023-12-05 09:00:00+00:00,0.4,0.402,0.3997,0.4014,3024807.5
2023-12-05 10:00:00+00:00,0.4014,0.4016,0.3979,0.398,3146900.3
2023-12-05 11:00:00+00:00,0.398,0.4005,0.3972,0.3994,3203590.6
2023-12-05 12:00:00+00:00,0.3994,0.4011,0.3987,0.4007,2839328.7
2023-12-05 13:00:00+00:00,0.4006,0.4025,0.3981,0.3982,3632269.0
2023-12-05 14:00:00+00:00,0.3982,0.4017,0.3974,0.3998,3804026.2
2023-12-05 15:00:00+00:00,0.3998,0.4039,0.399,0.4032,4666373.5
2023-12-05 16:00:00+00:00,0.4032,0.4069,0.4011,0.4066,6622746.0
2023-12-05 17:00:00+00:00,0.4066,0.4143,0.4064,0.4134,15838070.7
2023-12-05 18:00:00+00:00,0.4134,0.422,0.4132,0.4195,22918183.9
2023-12-05 19:00:00+00:00,0.4193,0.4244,0.4174,0.4219,19475097.8
2023-12-05 20:00:00+00:00,0.4218,0.4239,0.4167,0.4193,7620725.6
2023-12-05 21:00:00+00:00,0.4194,0.423,0.4173,0.4202,5817883.6
2023-12-05 22:00:00+00:00,0.4202,0.4249,0.4194,0.4222,6633235.1
2023-12-05 23:00:00+00:00,0.4222,0.426,0.4215,0.4257,6814477.0
2023-12-06 00:00:00+00:00,0.4258,0.4294,0.4202,0.4282,9454330.0
2023-12-06 01:00:00+00:00,0.4283,0.4283,0.4212,0.4231,5079735.6
2023-12-06 02:00:00+00:00,0.4232,0.4256,0.42,0.424,4308975.6
2023-12-06 03:00:00+00:00,0.424,0.4255,0.4202,0.4253,4367320.2
2023-12-06 04:00:00+00:00,0.4252,0.4257,0.4223,0.4251,2660786.8
2023-12-06 05:00:00+00:00,0.4252,0.426,0.4162,0.4221,9370529.0
2023-12-06 06:00:00+00:00,0.4221,0.4291,0.4168,0.4283,8856656.6
2023-12-06 07:00:00+00:00,0.4283,0.432,0.424,0.4298,14079726.5
2023-12-06 08:00:00+00:00,0.4298,0.4319,0.4269,0.4281,6992814.0
2023-12-06 09:00:00+00:00,0.4282,0.4324,0.4257,0.4311,10056812.2
2023-12-06 10:00:00+00:00,0.4311,0.438,0.4295,0.4332,28453988.2
2023-12-06 11:00:00+00:00,0.4334,0.438,0.4204,0.4371,30935278.9
2023-12-06 12:00:00+00:00,0.4369,0.4408,0.4334,0.4404,12637593.4
2023-12-06 13:00:00+00:00,0.4404,0.449,0.4394,0.4469,23324598.2
2023-12-06 14:00:00+00:00,0.4469,0.4479,0.4375,0.4397,12879666.3
2023-12-06 15:00:00+00:00,0.4397,0.451,0.4376,0.4506,18948763.0
2023-12-06 16:00:00+00:00,0.4507,0.451,0.443,0.4445,14872998.7
2023-12-06 17:00:00+00:00,0.4445,0.4492,0.4434,0.4476,8390144.4
2023-12-06 18:00:00+00:00,0.4475,0.4486,0.4444,0.4472,5225240.3
2023-12-06 19:00:00+00:00,0.4471,0.448,0.4445,0.4477,4378010.4
2023-12-06 20:00:00+00:00,0.4477,0.4491,0.4437,0.4478,7027278.4
2023-12-06 21:00:00+00:00,0.4478,0.4494,0.4418,0.4484,7650617.5
2023-12-06 22:00:00+00:00,0.4485,0.455,0.4452,0.4464,11976704.1
2023-12-06 23:00:00+00:00,0.4463,0.4476,0.4405,0.4429,9001099.6
2023-12-07 00:00:00+00:00,0.4431,0.4554,0.4409,0.4529,17037106.2
2023-12-07 01:00:00+00:00,0.4529,0.4532,0.4449,0.4457,7195208.1
2023-12-07 02:00:00+00:00,0.4457,0.4475,0.4443,0.4448,5521710.4
2023-12-07 03:00:00+00:00,0.4448,0.4461,0.4436,0.4442,3394365.2
2023-12-07 04:00:00+00:00,0.4443,0.4514,0.444,0.4514,5007992.1
2023-12-07 05:00:00+00:00,0.4513,0.4534,0.4478,0.4516,6248488.5
2023-12-07 06:00:00+00:00,0.4517,0.4525,0.4471,0.4473,4146883.6
2023-12-07 07:00:00+00:00,0.4473,0.4493,0.4455,0.4463,3854523.6
2023-12-07 08:00:00+00:00,0.4462,0.4476,0.4381,0.4393,10890121.8
2023-12-07 09:00:00+00:00,0.4393,0.4425,0.4312,0.4383,18829500.1
2023-12-07 10:00:00+00:00,0.4383,0.4398,0.4339,0.4349,8689741.0
2023-12-07 11:00:00+00:00,0.4348,0.438,0.434,0.4351,5171036.7
2023-12-07 12:00:00+00:00,0.4352,0.4379,0.4332,0.4376,4297800.9
2023-12-07 13:00:00+00:00,0.4376,0.4394,0.434,0.4355,6320075.4
2023-12-07 14:00:00+00:00,0.4355,0.4383,0.434,0.4374,4742428.7
2023-12-07 15:00:00+00:00,0.4374,0.4451,0.4368,0.4437,8221329.6
2023-12-07 16:00:00+00:00,0.4437,0.455,0.4424,0.4548,12348692.8
2023-12-07 17:00:00+00:00,0.4548,0.4593,0.4502,0.455,16777775.2
2023-12-07 18:00:00+00:00,0.455,0.4551,0.4488,0.4507,4416243.6
2023-12-07 19:00:00+00:00,0.4507,0.4523,0.448,0.452,4378814.3
2023-12-07 20:00:00+00:00,0.452,0.4572,0.4518,0.4535,6445136.7
2023-12-07 21:00:00+00:00,0.4534,0.4586,0.453,0.4581,4939545.6
2023-12-07 22:00:00+00:00,0.4583,0.4599,0.4543,0.4545,8084776.9
2023-12-07 23:00:00+00:00,0.4545,0.4574,0.4538,0.4555,3528585.7
2023-12-08 00:00:00+00:00,0.4555,0.4593,0.4545,0.455,5438675.2
2023-12-08 01:00:00+00:00,0.455,0.4566,0.4519,0.4559,3540193.0
2023-12-08 02:00:00+00:00,0.456,0.4595,0.4543,0.4586,3193387.4
2023-12-08 03:00:00+00:00,0.4585,0.465,0.457,0.4635,9403145.0
2023-12-08 04:00:00+00:00,0.4636,0.4695,0.4622,0.4657,8034951.7
2023-12-08 05:00:00+00:00,0.4657,0.47,0.4656,0.4698,4816664.9
2023-12-08 06:00:00+00:00,0.4697,0.481,0.4679,0.4791,16031314.6
2023-12-08 07:00:00+00:00,0.4792,0.484,0.473,0.4747,13970972.7
2023-12-08 08:00:00+00:00,0.4747,0.4846,0.4739,0.4831,12440921.7
2023-12-08 09:00:00+00:00,0.4832,0.4972,0.4832,0.4939,32471839.4
2023-12-08 10:00:00+00:00,0.4939,0.4992,0.4922,0.4944,16546818.0
2023-12-08 11:00:00+00:00,0.4944,0.5292,0.4944,0.5201,50766228.2
2023-12-08 12:00:00+00:00,0.5201,0.5213,0.5108,0.5204,31850487.9
2023-12-08 13:00:00+00:00,0.5204,0.5256,0.5137,0.515,29083651.9
2023-12-08 14:00:00+00:00,0.515,0.5381,0.515,0.5276,41460113.4
2023-12-08 15:00:00+00:00,0.5276,0.5496,0.5263,0.5485,33489823.6
2023-12-08 16:00:00+00:00,0.5485,0.5719,0.5483,0.5532,72574673.7
2023-12-08 17:00:00+00:00,0.5532,0.5555,0.5334,0.539,44948683.7
2023-12-08 18:00:00+00:00,0.5391,0.5433,0.5315,0.5361,17297310.9
2023-12-08 19:00:00+00:00,0.5362,0.5371,0.5318,0.5325,7974361.2
2023-12-08 20:00:00+00:00,0.5325,0.5489,0.5325,0.5487,19343771.1
2023-12-08 21:00:00+00:00,0.5488,0.5488,0.5402,0.5463,14123784.0
2023-12-08 22:00:00+00:00,0.5464,0.5523,0.5446,0.5455,16024300.9
2023-12-08 23:00:00+00:00,0.5456,0.5511,0.5443,0.5454,9505654.6
2023-12-09 00:00:00+00:00,0.5455,0.5669,0.5441,0.5588,30189150.0
2023-12-09 01:00:00+00:00,0.5587,0.5654,0.5476,0.5557,21216093.1
2023-12-09 02:00:00+00:00,0.5556,0.5675,0.5514,0.5649,13399999.9
2023-12-09 03:00:00+00:00,0.565,0.58,0.5622,0.5777,29171228.6
2023-12-09 04:00:00+00:00,0.5776,0.5997,0.5754,0.5981,49055786.6
2023-12-09 05:00:00+00:00,0.5982,0.6,0.5861,0.5922,33013372.3
2023-12-09 06:00:00+00:00,0.5921,0.5949,0.583,0.5893,18920161.2
2023-12-09 07:00:00+00:00,0.5893,0.6277,0.5877,0.6244,45961589.5
2023-12-09 08:00:00+00:00,0.6243,0.6474,0.6034,0.6136,90177259.2
2023-12-09 09:00:00+00:00,0.6136,0.6353,0.6133,0.6162,40396348.9
2023-12-09 10:00:00+00:00,0.6162,0.636,0.6154,0.6331,26570265.6
2023-12-09 11:00:00+00:00,0.6331,0.6368,0.6169,0.6229,23605405.8
2023-12-09 12:00:00+00:00,0.6231,0.633,0.6202,0.6311,22230911.7
2023-12-09 13:00:00+00:00,0.6309,0.6367,0.6117,0.6221,32272819.5
2023-12-09 14:00:00+00:00,0.6222,0.624,0.6006,0.6094,48735775.1
2023-12-09 15:00:00+00:00,0.6094,0.616,0.6022,0.6129,22973082.2
2023-12-09 16:00:00+00:00,0.6128,0.6153,0.5901,0.5934,35580818.3
2023-12-09 17:00:00+00:00,0.5934,0.5963,0.5682,0.5692,41283531.0
2023-12-09 18:00:00+00:00,0.5692,0.5929,0.5689,0.5918,27226372.5
2023-12-09 19:00:00+00:00,0.5918,0.596,0.5878,0.5911,15432585.6
2023-12-09 20:00:00+00:00,0.5912,0.596,0.5817,0.5901,14838762.4
2023-12-09 21:00:00+00:00,0.5901,0.5955,0.584,0.5913,10268787.2
2023-12-09 22:00:00+00:00,0.5914,0.5931,0.5825,0.5832,7998443.7
2023-12-09 23:00:00+00:00,0.5832,0.5867,0.57,0.5791,15642739.9
2023-12-10 00:00:00+00:00,0.5791,0.6039,0.5773,0.6022,30618126.0
2023-12-10 01:00:00+00:00,0.6022,0.6059,0.5955,0.5968,19462241.6
2023-12-10 02:00:00+00:00,0.5967,0.5978,0.5837,0.5851,11101184.3
2023-12-10 03:00:00+00:00,0.585,0.5935,0.584,0.5923,7951441.6
2023-12-10 04:00:00+00:00,0.5924,0.5998,0.5882,0.5987,9660179.4
2023-12-10 05:00:00+00:00,0.5987,0.6019,0.5963,0.5964,5727039.9
2023-12-10 06:00:00+00:00,0.5964,0.602,0.591,0.5943,7077120.3
2023-12-10 07:00:00+00:00,0.5944,0.5958,0.584,0.5906,9501831.1
2023-12-10 08:00:00+00:00,0.5905,0.5941,0.5816,0.5847,11986246.3
2023-12-10 09:00:00+00:00,0.5846,0.5888,0.5694,0.5696,14947749.1
2023-12-10 10:00:00+00:00,0.5698,0.5899,0.5695,0.5859,20035534.3
2023-12-10 11:00:00+00:00,0.586,0.5959,0.586,0.5905,14872348.9
2023-12-10 12:00:00+00:00,0.5905,0.5988,0.5836,0.5907,11961150.0
2023-12-10 13:00:00+00:00,0.5907,0.5918,0.5853,0.588,6845016.8
2023-12-10 14:00:00+00:00,0.588,0.598,0.5871,0.5943,10205062.0
2023-12-10 15:00:00+00:00,0.5945,0.5978,0.5892,0.5939,9535857.7
2023-12-10 16:00:00+00:00,0.5938,0.597,0.5865,0.5879,9820158.4
2023-12-10 17:00:00+00:00,0.588,0.5957,0.5875,0.592,8573004.6
2023-12-10 18:00:00+00:00,0.5919,0.6058,0.5916,0.5971,14020925.9
2023-12-10 19:00:00+00:00,0.5971,0.5998,0.5934,0.5992,7929355.1
2023-12-10 20:00:00+00:00,0.5993,0.6167,0.5973,0.6131,24201360.8
2023-12-10 21:00:00+00:00,0.6132,0.6139,0.5926,0.5951,23183630.4
2023-12-10 22:00:00+00:00,0.5953,0.6006,0.5911,0.5959,11547986.6
2023-12-10 23:00:00+00:00,0.596,0.5973,0.5886,0.5948,6683194.1
2023-12-11 00:00:00+00:00,0.5947,0.5984,0.5858,0.5893,8913181.8
2023-12-11 01:00:00+00:00,0.5895,0.5896,0.5818,0.5866,11564144.1
2023-12-11 02:00:00+00:00,0.5866,0.5866,0.5106,0.5518,56907463.2
2023-12-11 03:00:00+00:00,0.5516,0.566,0.5501,0.5588,19854261.8
2023-12-11 04:00:00+00:00,0.5588,0.5632,0.5539,0.5602,12652510.3
2023-12-11 05:00:00+00:00,0.5602,0.5636,0.5499,0.5549,15474313.4
2023-12-11 06:00:00+00:00,0.5548,0.557,0.5385,0.5518,26937139.8
2023-12-11 07:00:00+00:00,0.5518,0.5584,0.551,0.5551,12405359.6
2023-12-11 08:00:00+00:00,0.5552,0.5619,0.5491,0.5598,14288087.5
2023-12-11 09:00:00+00:00,0.5597,0.5627,0.5535,0.5579,13518029.0
2023-12-11 10:00:00+00:00,0.5577,0.5603,0.5545,0.5553,5915909.4
2023-12-11 11:00:00+00:00,0.5552,0.558,0.5499,0.5522,10231789.3
2023-12-11 12:00:00+00:00,0.5523,0.556,0.5489,0.55,11619875.8
2023-12-11 13:00:00+00:00,0.55,0.554,0.5426,0.5485,12228746.4
2023-12-11 14:00:00+00:00,0.5487,0.5533,0.535,0.5381,25251172.3
2023-12-11 15:00:00+00:00,0.5381,0.5477,0.5367,0.5456,18738685.8
2023-12-11 16:00:00+00:00,0.5456,0.5517,0.5401,0.5483,15002595.3
2023-12-11 17:00:00+00:00,0.5482,0.5482,0.537,0.5375,9532588.5
2023-12-11 18:00:00+00:00,0.5373,0.538,0.5222,0.5344,33844530.6
2023-12-11 19:00:00+00:00,0.5343,0.5361,0.5222,0.5328,19294111.6
2023-12-11 20:00:00+00:00,0.5327,0.5411,0.528,0.5405,12467361.5
2023-12-11 21:00:00+00:00,0.5404,0.557,0.54,0.5563,16663613.7
2023-12-11 22:00:00+00:00,0.5563,0.561,0.5508,0.5539,13536828.5
2023-12-11 23:00:00+00:00,0.554,0.554,0.5491,0.5507,7102743.0
2023-12-12 00:00:00+00:00,0.5507,0.5618,0.5506,0.554,10347653.6
2023-12-12 01:00:00+00:00,0.5542,0.5572,0.5512,0.5528,6523318.2
2023-12-12 02:00:00+00:00,0.5527,0.5667,0.5522,0.5622,13764388.2
2023-12-12 03:00:00+00:00,0.5621,0.5649,0.5575,0.5625,8746298.5
2023-12-12 04:00:00+00:00,0.5625,0.5635,0.5548,0.5555,5455092.1
2023-12-12 05:00:00+00:00,0.5555,0.5698,0.5548,0.5645,9354352.6
2023-12-12 06:00:00+00:00,0.5644,0.578,0.5615,0.5737,19499938.7
2023-12-12 07:00:00+00:00,0.5736,0.5949,0.5726,0.593,30300047.9
2023-12-12 08:00:00+00:00,0.5931,0.5995,0.5829,0.5989,18486866.1
2023-12-12 09:00:00+00:00,0.5989,0.6017,0.5862,0.59,19970742.8
2023-12-12 10:00:00+00:00,0.59,0.5996,0.5872,0.5989,11913284.0
2023-12-12 11:00:00+00:00,0.5988,0.6075,0.5897,0.5916,27459671.1
2023-12-12 12:00:00+00:00,0.5917,0.5967,0.5875,0.5937,12610887.7
2023-12-12 13:00:00+00:00,0.5938,0.6047,0.5923,0.595,18382394.2
2023-12-12 14:00:00+00:00,0.5949,0.5996,0.5824,0.5876,20177873.3
2023-12-12 15:00:00+00:00,0.5875,0.59,0.5774,0.5825,19485243.7
2023-12-12 16:00:00+00:00,0.5824,0.5842,0.572,0.5744,14873313.4
2023-12-12 17:00:00+00:00,0.5744,0.5748,0.5561,0.5561,16322032.1
2023-12-12 18:00:00+00:00,0.5561,0.5814,0.5561,0.5805,20247017.8
2023-12-12 19:00:00+00:00,0.5805,0.5805,0.5678,0.5729,12771488.8
2023-12-12 20:00:00+00:00,0.5728,0.5753,0.5641,0.5683,9704042.0
2023-12-12 21:00:00+00:00,0.5683,0.5738,0.56,0.5605,9398313.6
2023-12-12 22:00:00+00:00,0.5604,0.5693,0.5595,0.5655,5187360.5
2023-12-12 23:00:00+00:00,0.5655,0.5785,0.5651,0.5784,7856963.4
2023-12-13 00:00:00+00:00,0.5784,0.5874,0.5738,0.5788,17374256.7
2023-12-13 01:00:00+00:00,0.5788,0.5793,0.5604,0.5606,11210320.4
2023-12-13 02:00:00+00:00,0.5606,0.5667,0.55,0.5616,14483102.8
2023-12-13 03:00:00+00:00,0.5616,0.5647,0.5527,0.5563,6091126.8
2023-12-13 04:00:00+00:00,0.5564,0.5635,0.5516,0.562,11018945.7
2023-12-13 05:00:00+00:00,0.562,0.5632,0.5559,0.5601,5476601.3
2023-12-13 06:00:00+00:00,0.5601,0.5631,0.5452,0.5476,10556377.9
2023-12-13 07:00:00+00:00,0.5476,0.56,0.5419,0.5576,12434526.0
2023-12-13 08:00:00+00:00,0.5577,0.5721,0.5574,0.5699,11049473.8
2023-12-13 09:00:00+00:00,0.5699,0.5757,0.5675,0.5737,7972103.0
2023-12-13 10:00:00+00:00,0.5738,0.5776,0.5677,0.5712,7409475.0
2023-12-13 11:00:00+00:00,0.5713,0.5874,0.5711,0.578,16779078.6
2023-12-13 12:00:00+00:00,0.5781,0.5908,0.575,0.58,15567632.7
2023-12-13 13:00:00+00:00,0.5801,0.6168,0.577,0.6112,45346583.2
2023-12-13 14:00:00+00:00,0.6113,0.6245,0.5996,0.6171,53980946.8
2023-12-13 15:00:00+00:00,0.6171,0.6337,0.616,0.626,43527854.8
2023-12-13 16:00:00+00:00,0.626,0.6274,0.6077,0.6087,36490897.1
2023-12-13 17:00:00+00:00,0.6086,0.6158,0.6066,0.6121,10921892.2
2023-12-13 18:00:00+00:00,0.6121,0.6178,0.6102,0.6133,8496704.0
2023-12-13 19:00:00+00:00,0.6134,0.652,0.6134,0.6438,39863355.8
2023-12-13 20:00:00+00:00,0.6439,0.649,0.6317,0.6347,23435531.6
2023-12-13 21:00:00+00:00,0.6348,0.651,0.6344,0.6494,16184802.9
2023-12-13 22:00:00+00:00,0.6495,0.6788,0.6473,0.6601,46134835.3
2023-12-13 23:00:00+00:00,0.6602,0.67,0.6557,0.6675,22115254.4
2023-12-14 00:00:00+00:00,0.6677,0.68,0.6523,0.6614,32663923.6
2023-12-14 01:00:00+00:00,0.6616,0.6792,0.6613,0.6758,26605924.4
2023-12-14 02:00:00+00:00,0.6759,0.6763,0.6549,0.6614,21951481.1
2023-12-14 03:00:00+00:00,0.6614,0.664,0.6464,0.6564,14479604.5
2023-12-14 04:00:00+00:00,0.6564,0.658,0.6477,0.6479,8511773.6
2023-12-14 05:00:00+00:00,0.6479,0.6533,0.6466,0.6511,7570449.3
2023-12-14 06:00:00+00:00,0.6512,0.665,0.6497,0.6602,17269025.8
2023-12-14 07:00:00+00:00,0.6601,0.6601,0.6497,0.6559,8109409.2
2023-12-14 08:00:00+00:00,0.6558,0.656,0.6369,0.6387,15051532.7
2023-12-14 09:00:00+00:00,0.6387,0.6469,0.636,0.6451,9359496.0
2023-12-14 10:00:00+00:00,0.6451,0.6559,0.6434,0.654,8456508.0
2023-12-14 11:00:00+00:00,0.654,0.6616,0.6509,0.6572,16510728.4
2023-12-14 12:00:00+00:00,0.6571,0.6628,0.651,0.6517,9987533.9
2023-12-14 13:00:00+00:00,0.6517,0.6521,0.61,0.6349,47366686.0
2023-12-14 14:00:00+00:00,0.635,0.6386,0.6258,0.634,19888530.4
2023-12-14 15:00:00+00:00,0.634,0.6391,0.6282,0.6358,11156801.4
2023-12-14 16:00:00+00:00,0.6358,0.6454,0.6348,0.6385,12205905.3
2023-12-14 17:00:00+00:00,0.6385,0.6474,0.6338,0.64,14775570.6
2023-12-14 18:00:00+00:00,0.6401,0.6402,0.6315,0.6352,10481649.1
2023-12-14 19:00:00+00:00,0.6352,0.6399,0.6351,0.6376,4657701.5
2023-12-14 20:00:00+00:00,0.6376,0.642,0.6308,0.6392,6860018.2
2023-12-14 21:00:00+00:00,0.6391,0.6411,0.6334,0.6357,5604400.6
2023-12-14 22:00:00+00:00,0.6358,0.6466,0.6352,0.6442,7524606.7
2023-12-14 23:00:00+00:00,0.6442,0.65,0.6412,0.6433,8163233.9
2023-12-15 00:00:00+00:00,0.6433,0.6541,0.6358,0.6369,17551469.1
2023-12-15 01:00:00+00:00,0.6368,0.6499,0.6367,0.6434,6930140.7
2023-12-15 02:00:00+00:00,0.6435,0.6466,0.6375,0.6379,7896208.3
2023-12-15 03:00:00+00:00,0.6381,0.6405,0.6348,0.6378,4889189.7
2023-12-15 04:00:00+00:00,0.6379,0.6402,0.6342,0.6393,4304776.9
2023-12-15 05:00:00+00:00,0.6394,0.6403,0.6318,0.6373,6111769.7
2023-12-15 06:00:00+00:00,0.6373,0.6407,0.6298,0.6309,6211300.0
2023-12-15 07:00:00+00:00,0.6309,0.6336,0.6271,0.6295,6227131.2
2023-12-15 08:00:00+00:00,0.6296,0.6469,0.6277,0.6445,11443536.9
2023-12-15 09:00:00+00:00,0.6446,0.6512,0.639,0.6408,13313937.3
2023-12-15 10:00:00+00:00,0.6409,0.6409,0.634,0.6376,6609443.1
2023-12-15 11:00:00+00:00,0.6377,0.6435,0.6347,0.6384,7538128.9
2023-12-15 12:00:00+00:00,0.6383,0.6426,0.632,0.6334,7331365.4
2023-12-15 13:00:00+00:00,0.6333,0.6372,0.6225,0.6264,12762864.1
2023-12-15 14:00:00+00:00,0.6264,0.6306,0.6187,0.6216,13838879.5
2023-12-15 15:00:00+00:00,0.6216,0.6236,0.6124,0.6227,23461454.5
2023-12-15 16:00:00+00:00,0.6226,0.6272,0.6167,0.6196,7437349.3
2023-12-15 17:00:00+00:00,0.6197,0.6237,0.615,0.6171,6957447.7
2023-12-15 18:00:00+00:00,0.617,0.6249,0.6166,0.6238,3613018.6
2023-12-15 19:00:00+00:00,0.6239,0.6282,0.6121,0.6149,22496916.9
2023-12-15 20:00:00+00:00,0.6149,0.6194,0.61,0.6172,11202663.0
2023-12-15 21:00:00+00:00,0.6173,0.6212,0.6138,0.6151,8460240.6
2023-12-15 22:00:00+00:00,0.6152,0.6155,0.605,0.6076,13612299.0
2023-12-15 23:00:00+00:00,0.6076,0.61,0.5998,0.6004,10370213.7
2023-12-16 00:00:00+00:00,0.6004,0.6056,0.5865,0.595,15941861.0
2023-12-16 01:00:00+00:00,0.5949,0.6062,0.5936,0.6031,7671487.9
2023-12-16 02:00:00+00:00,0.6032,0.6121,0.6032,0.6095,6815729.2
2023-12-16 03:00:00+00:00,0.6095,0.6158,0.6089,0.6156,4755526.8
2023-12-16 04:00:00+00:00,0.6157,0.6164,0.6101,0.6138,4460222.9
2023-12-16 05:00:00+00:00,0.6139,0.6152,0.6034,0.6086,8028317.5
2023-12-16 06:00:00+00:00,0.6085,0.6113,0.607,0.6103,3947962.2
2023-12-16 07:00:00+00:00,0.6102,0.6124,0.6062,0.6121,3397145.5
2023-12-16 08:00:00+00:00,0.6121,0.614,0.6086,0.6114,4154493.4
2023-12-16 09:00:00+00:00,0.6116,0.6174,0.6106,0.6116,4628281.1
2023-12-16 10:00:00+00:00,0.6116,0.6149,0.6104,0.6136,2877659.0
2023-12-16 11:00:00+00:00,0.6135,0.6164,0.61,0.6164,3761412.2
2023-12-16 12:00:00+00:00,0.6164,0.6216,0.6136,0.6203,8054826.7
2023-12-16 13:00:00+00:00,0.6203,0.6235,0.6117,0.6156,10048556.3
2023-12-16 14:00:00+00:00,0.6157,0.6165,0.6106,0.6139,4510027.7
2023-12-16 15:00:00+00:00,0.6138,0.625,0.6101,0.622,7876346.1
2023-12-16 16:00:00+00:00,0.6221,0.6258,0.6182,0.6236,8549279.6
2023-12-16 17:00:00+00:00,0.6237,0.6255,0.6187,0.6201,7268777.5
2023-12-16 18:00:00+00:00,0.6202,0.6202,0.6119,0.6162,8597658.4
2023-12-16 19:00:00+00:00,0.6163,0.6181,0.6053,0.6106,7618275.1
2023-12-16 20:00:00+00:00,0.6106,0.6161,0.6097,0.6137,3951963.5
2023-12-16 21:00:00+00:00,0.6138,0.6158,0.6103,0.6109,3959838.3
2023-12-16 22:00:00+00:00,0.6111,0.6142,0.6066,0.6105,5988727.7
2023-12-16 23:00:00+00:00,0.6106,0.611,0.6025,0.6078,5500980.1
2023-12-17 00:00:00+00:00,0.6078,0.6131,0.6075,0.6076,3611542.7
2023-12-17 01:00:00+00:00,0.6076,0.6134,0.6012,0.6069,5803332.5
2023-12-17 02:00:00+00:00,0.6068,0.612,0.6047,0.6053,4509491.3
2023-12-17 03:00:00+00:00,0.6052,0.6149,0.6026,0.6145,4337344.5
2023-12-17 04:00:00+00:00,0.6144,0.6182,0.6096,0.6108,3438925.1
2023-12-17 05:00:00+00:00,0.6108,0.6117,0.5967,0.6008,5797762.5
2023-12-17 06:00:00+00:00,0.6007,0.6059,0.595,0.6009,6736802.5
2023-12-17 07:00:00+00:00,0.6009,0.6022,0.5918,0.5938,5558512.2
2023-12-17 08:00:00+00:00,0.5938,0.6002,0.5915,0.5989,4558677.7
2023-12-17 09:00:00+00:00,0.599,0.6034,0.5977,0.6021,4848373.6
2023-12-17 10:00:00+00:00,0.6021,0.6029,0.5984,0.6006,2840543.4
2023-12-17 11:00:00+00:00,0.6006,0.6034,0.5974,0.6008,2895026.8
2023-12-17 12:00:00+00:00,0.6008,0.6021,0.5961,0.6001,3587060.0
2023-12-17 13:00:00+00:00,0.6001,0.6011,0.5913,0.5935,6455738.9
2023-12-17 14:00:00+00:00,0.5935,0.5979,0.5859,0.5873,9573093.1
2023-12-17 15:00:00+00:00,0.5873,0.5946,0.5851,0.593,8242684.1
2023-12-17 16:00:00+00:00,0.5931,0.5991,0.5879,0.5989,7043402.8
2023-12-17 17:00:00+00:00,0.5988,0.6108,0.5986,0.6007,12126638.0
2023-12-17 18:00:00+00:00,0.6007,0.6019,0.5935,0.5984,4673944.2
2023-12-17 19:00:00+00:00,0.5984,0.6,0.5931,0.5941,4641130.6
2023-12-17 20:00:00+00:00,0.5941,0.5984,0.5937,0.5962,2518160.1
2023-12-17 21:00:00+00:00,0.5961,0.5963,0.5876,0.5894,5053842.9
2023-12-17 22:00:00+00:00,0.5894,0.5894,0.5802,0.5822,7127891.3
2023-12-17 23:00:00+00:00,0.5821,0.5835,0.5772,0.5804,7212994.5
2023-12-18 00:00:00+00:00,0.5805,0.5855,0.5799,0.5824,4604528.1
2023-12-18 01:00:00+00:00,0.5824,0.5864,0.5668,0.5692,14664666.2
2023-12-18 02:00:00+00:00,0.5693,0.5734,0.5612,0.5637,10554496.9
2023-12-18 03:00:00+00:00,0.5637,0.574,0.5633,0.5733,4976844.4
2023-12-18 04:00:00+00:00,0.5734,0.5768,0.5709,0.5763,3402543.9
2023-12-18 05:00:00+00:00,0.5763,0.5766,0.571,0.572,4214744.8
2023-12-18 06:00:00+00:00,0.5719,0.5778,0.5711,0.5769,3821752.3
2023-12-18 07:00:00+00:00,0.5768,0.5768,0.5668,0.5685,4899763.5
2023-12-18 08:00:00+00:00,0.5685,0.5708,0.5605,0.5668,8772360.1
2023-12-18 09:00:00+00:00,0.5667,0.5673,0.5527,0.5579,13473278.7
2023-12-18 10:00:00+00:00,0.5578,0.5582,0.5435,0.5528,21058931.2
2023-12-18 11:00:00+00:00,0.5529,0.5607,0.5527,0.5599,8432132.3
2023-12-18 12:00:00+00:00,0.5598,0.5603,0.5548,0.5567,6208883.0
2023-12-18 13:00:00+00:00,0.5567,0.5688,0.5559,0.5678,10229549.9
2023-12-18 14:00:00+00:00,0.5678,0.5747,0.5659,0.5697,11518807.7
2023-12-18 15:00:00+00:00,0.5698,0.5718,0.565,0.5667,7822923.2
2023-12-18 16:00:00+00:00,0.5668,0.574,0.5637,0.5719,6820834.6
2023-12-18 17:00:00+00:00,0.572,0.5764,0.5699,0.5715,6527382.0
2023-12-18 18:00:00+00:00,0.5716,0.5751,0.5701,0.5751,2349839.7
2023-12-18 19:00:00+00:00,0.5751,0.5798,0.5744,0.5781,7396322.5
2023-12-18 20:00:00+00:00,0.5781,0.5839,0.5733,0.5835,6580554.9
2023-12-18 21:00:00+00:00,0.5835,0.5997,0.5833,0.5986,17918453.2
2023-12-18 22:00:00+00:00,0.5986,0.601,0.5933,0.5961,9480492.5
2023-12-18 23:00:00+00:00,0.5961,0.6032,0.5961,0.6021,8445056.4
2023-12-19 00:00:00+00:00,0.602,0.6085,0.5965,0.6022,14221104.2
2023-12-19 01:00:00+00:00,0.6022,0.6167,0.5973,0.6146,13282430.8
2023-12-19 02:00:00+00:00,0.6146,0.6164,0.6068,0.6096,8711072.3
2023-12-19 03:00:00+00:00,0.6095,0.6138,0.608,0.6106,6984175.4
2023-12-19 04:00:00+00:00,0.6106,0.614,0.6054,0.6133,5592010.5
2023-12-19 05:00:00+00:00,0.6134,0.6152,0.6105,0.6119,4407746.0
2023-12-19 06:00:00+00:00,0.6119,0.6158,0.6084,0.6137,6906571.3
2023-12-19 07:00:00+00:00,0.6137,0.6173,0.6073,0.6084,7580213.9
2023-12-19 08:00:00+00:00,0.6083,0.6097,0.6031,0.6035,9158703.3
2023-12-19 09:00:00+00:00,0.6035,0.6059,0.5981,0.5998,7448224.0
2023-12-19 10:00:00+00:00,0.5998,0.6026,0.5968,0.5969,8426958.9
2023-12-19 11:00:00+00:00,0.597,0.5989,0.5931,0.5937,5500681.6
2023-12-19 12:00:00+00:00,0.5937,0.5976,0.5887,0.5909,5737692.1
2023-12-19 13:00:00+00:00,0.5908,0.5947,0.5897,0.5903,6033953.7
2023-12-19 14:00:00+00:00,0.5903,0.5916,0.576,0.5794,13325431.7
2023-12-19 15:00:00+00:00,0.5794,0.5854,0.576,0.5817,9711611.2
2023-12-19 16:00:00+00:00,0.5817,0.5852,0.5796,0.5833,5779229.8
2023-12-19 17:00:00+00:00,0.5835,0.5841,0.5671,0.5677,16276111.1
2023-12-19 18:00:00+00:00,0.5677,0.5779,0.5661,0.5765,14514179.0
2023-12-19 19:00:00+00:00,0.5766,0.5818,0.5745,0.5791,5982366.4
2023-12-19 20:00:00+00:00,0.5791,0.5817,0.5714,0.5734,7164974.9
2023-12-19 21:00:00+00:00,0.5737,0.583,0.5731,0.5821,7363276.7
2023-12-19 22:00:00+00:00,0.5822,0.5822,0.574,0.5754,4229764.7
2023-12-19 23:00:00+00:00,0.5753,0.5789,0.5722,0.5761,4508978.6
2023-12-20 00:00:00+00:00,0.576,0.5829,0.5749,0.5804,7753170.5
2023-12-20 01:00:00+00:00,0.5804,0.5818,0.5691,0.5727,6033283.0
2023-12-20 02:00:00+00:00,0.5727,0.5768,0.5686,0.5758,7003584.7
2023-12-20 03:00:00+00:00,0.5758,0.5797,0.5757,0.5788,3636109.5
2023-12-20 04:00:00+00:00,0.5788,0.5865,0.5769,0.5856,7452738.4
2023-12-20 05:00:00+00:00,0.5855,0.5861,0.5814,0.5843,5831951.3
2023-12-20 06:00:00+00:00,0.5843,0.5895,0.5817,0.5853,7163748.3
2023-12-20 07:00:00+00:00,0.5854,0.5922,0.5849,0.5918,6780639.1
2023-12-20 08:00:00+00:00,0.5918,0.5947,0.587,0.589,8342726.5
2023-12-20 09:00:00+00:00,0.5891,0.5942,0.588,0.5903,5613964.3
2023-12-20 10:00:00+00:00,0.5903,0.5929,0.5875,0.5917,4834287.4
2023-12-20 11:00:00+00:00,0.5917,0.5939,0.5853,0.5913,5625197.2
2023-12-20 12:00:00+00:00,0.5913,0.5935,0.588,0.5916,4910832.1
2023-12-20 13:00:00+00:00,0.5917,0.6044,0.5915,0.6027,13823374.8
2023-12-20 14:00:00+00:00,0.6027,0.607,0.5966,0.5974,13837085.4
2023-12-20 15:00:00+00:00,0.5973,0.604,0.595,0.6007,10331327.2
2023-12-20 16:00:00+00:00,0.6007,0.6026,0.5905,0.5933,10039605.0
2023-12-20 17:00:00+00:00,0.5933,0.6021,0.5933,0.6014,10277088.9
2023-12-20 18:00:00+00:00,0.6014,0.61,0.6007,0.6058,14092436.3
2023-12-20 19:00:00+00:00,0.6058,0.6077,0.5942,0.5945,9512566.7
2023-12-20 20:00:00+00:00,0.5946,0.5966,0.58,0.5838,17494164.2
2023-12-20 21:00:00+00:00,0.5839,0.5904,0.581,0.5844,6128043.2
2023-12-20 22:00:00+00:00,0.5843,0.5928,0.5829,0.5883,5754727.5
2023-12-20 23:00:00+00:00,0.5884,0.5903,0.5848,0.5894,6637116.3
2023-12-21 00:00:00+00:00,0.5893,0.5911,0.5851,0.5857,5840220.0
2023-12-21 01:00:00+00:00,0.5856,0.5891,0.5818,0.589,4621605.1
2023-12-21 02:00:00+00:00,0.5889,0.5976,0.5854,0.5934,8552132.1
2023-12-21 03:00:00+00:00,0.5934,0.5983,0.5907,0.5936,5629046.4
2023-12-21 04:00:00+00:00,0.5935,0.5956,0.5923,0.5929,3295765.1
2023-12-21 05:00:00+00:00,0.5929,0.5952,0.586,0.5871,5263637.5
2023-12-21 06:00:00+00:00,0.587,0.5947,0.5865,0.5946,3831030.7
2023-12-21 07:00:00+00:00,0.5946,0.605,0.5928,0.5981,8757125.1
2023-12-21 08:00:00+00:00,0.5983,0.605,0.5963,0.5996,7328339.6
2023-12-21 09:00:00+00:00,0.5996,0.6029,0.5969,0.6024,6793850.5
2023-12-21 10:00:00+00:00,0.6023,0.6085,0.6005,0.6082,8935868.0
2023-12-21 11:00:00+00:00,0.6082,0.6146,0.6075,0.61,12295398.5
2023-12-21 12:00:00+00:00,0.6098,0.6127,0.6051,0.6064,9793226.9
2023-12-21 13:00:00+00:00,0.6063,0.6098,0.6004,0.6086,7675081.6
2023-12-21 14:00:00+00:00,0.6086,0.6095,0.5954,0.5962,15504126.6
2023-12-21 15:00:00+00:00,0.5963,0.6005,0.593,0.5972,7773537.7
2023-12-21 16:00:00+00:00,0.5971,0.6034,0.597,0.6034,8762037.5
2023-12-21 17:00:00+00:00,0.6033,0.6257,0.6001,0.6192,20777174.1
2023-12-21 18:00:00+00:00,0.6192,0.6248,0.612,0.6137,16103944.6
2023-12-21 19:00:00+00:00,0.6138,0.6205,0.611,0.6143,9448209.8
2023-12-21 20:00:00+00:00,0.6142,0.6216,0.6137,0.6215,6922916.5
2023-12-21 21:00:00+00:00,0.6215,0.6258,0.6165,0.6241,14863567.2
2023-12-21 22:00:00+00:00,0.6241,0.6321,0.6224,0.631,10533388.0
2023-12-21 23:00:00+00:00,0.631,0.6397,0.6282,0.6351,16997832.8
2023-12-22 00:00:00+00:00,0.6352,0.6487,0.6352,0.6442,20110852.5
2023-12-22 01:00:00+00:00,0.6441,0.6513,0.6389,0.6428,18730911.6
2023-12-22 02:00:00+00:00,0.6428,0.6451,0.6316,0.6342,14088485.9
2023-12-22 03:00:00+00:00,0.6341,0.6366,0.6255,0.6277,10690122.8
2023-12-22 04:00:00+00:00,0.6278,0.6283,0.6179,0.6244,11953223.4
2023-12-22 05:00:00+00:00,0.6243,0.635,0.6238,0.6336,11600432.7
2023-12-22 06:00:00+00:00,0.6335,0.6394,0.6132,0.619,19890343.0
2023-12-22 07:00:00+00:00,0.619,0.6222,0.6075,0.6145,14364064.1
2023-12-22 08:00:00+00:00,0.6146,0.6209,0.6112,0.6132,9172857.2
2023-12-22 09:00:00+00:00,0.6139,0.6172,0.6052,0.6153,11007079.0
2023-12-22 10:00:00+00:00,0.6151,0.6188,0.6114,0.6149,6175672.5
2023-12-22 11:00:00+00:00,0.6148,0.6194,0.6135,0.6181,4772061.4
2023-12-22 12:00:00+00:00,0.6181,0.6191,0.6119,0.6141,5941903.7
2023-12-22 13:00:00+00:00,0.6141,0.6186,0.6128,0.6179,5114775.5
2023-12-22 14:00:00+00:00,0.618,0.618,0.6065,0.6156,7907942.6
2023-12-22 15:00:00+00:00,0.6156,0.62,0.6117,0.6194,6022992.6
2023-12-22 16:00:00+00:00,0.6195,0.6199,0.6112,0.6144,7043302.6
2023-12-22 17:00:00+00:00,0.6143,0.619,0.6142,0.617,4301540.9
2023-12-22 18:00:00+00:00,0.6171,0.6249,0.6165,0.6228,8051245.9
2023-12-22 19:00:00+00:00,0.6228,0.6231,0.6141,0.6171,4869793.9
2023-12-22 20:00:00+00:00,0.6171,0.6215,0.6171,0.6189,3033248.0
2023-12-22 21:00:00+00:00,0.6189,0.6235,0.6185,0.6199,2991784.6
2023-12-22 22:00:00+00:00,0.6199,0.6221,0.6182,0.6205,3143489.8
2023-12-22 23:00:00+00:00,0.6204,0.6254,0.6184,0.6226,3871804.6
2023-12-23 00:00:00+00:00,0.6225,0.6231,0.6131,0.6161,5069409.3
2023-12-23 01:00:00+00:00,0.616,0.6178,0.601,0.6023,13556726.1
2023-12-23 02:00:00+00:00,0.6024,0.606,0.6002,0.6008,6694141.9
2023-12-23 03:00:00+00:00,0.6009,0.6047,0.5974,0.5999,6504527.9
2023-12-23 04:00:00+00:00,0.5997,0.6026,0.5964,0.6018,7348765.1
2023-12-23 05:00:00+00:00,0.6018,0.6058,0.6007,0.6056,4834894.2
2023-12-23 06:00:00+00:00,0.6055,0.6071,0.6033,0.6068,3013471.9
2023-12-23 07:00:00+00:00,0.6067,0.6075,0.6022,0.6037,3370965.7
2023-12-23 08:00:00+00:00,0.6036,0.6084,0.6033,0.6081,3083925.4
2023-12-23 09:00:00+00:00,0.6082,0.6087,0.6047,0.6069,2972392.8
2023-12-23 10:00:00+00:00,0.6069,0.6086,0.6048,0.6063,2473004.7
2023-12-23 11:00:00+00:00,0.6063,0.6066,0.6013,0.6042,3154461.6
2023-12-23 12:00:00+00:00,0.6042,0.6091,0.6034,0.6065,4074484.1
2023-12-23 13:00:00+00:00,0.6065,0.6077,0.602,0.605,4407785.6
2023-12-23 14:00:00+00:00,0.6048,0.6063,0.6026,0.6059,2743770.9
2023-12-23 15:00:00+00:00,0.606,0.6061,0.603,0.6037,2532696.6
2023-12-23 16:00:00+00:00,0.6037,0.6059,0.6026,0.6046,2170755.6
2023-12-23 17:00:00+00:00,0.6045,0.6058,0.6008,0.601,4254304.1
2023-12-23 18:00:00+00:00,0.6011,0.6069,0.6,0.6057,5385961.2
2023-12-23 19:00:00+00:00,0.6058,0.6073,0.6027,0.6043,5712810.4
2023-12-23 20:00:00+00:00,0.6043,0.6071,0.6012,0.6031,4436451.2
2023-12-23 21:00:00+00:00,0.6031,0.6068,0.6,0.6066,8483029.3
2023-12-23 22:00:00+00:00,0.6067,0.6144,0.6052,0.6133,11250638.3
2023-12-23 23:00:00+00:00,0.6133,0.6172,0.611,0.613,8743537.8
2023-12-24 00:00:00+00:00,0.613,0.6181,0.606,0.6141,10595593.6
2023-12-24 01:00:00+00:00,0.6141,0.6248,0.6141,0.6244,10618381.6
2023-12-24 02:00:00+00:00,0.6243,0.6274,0.6189,0.6224,10152938.8
2023-12-24 03:00:00+00:00,0.6224,0.6245,0.6169,0.6192,5209966.4
2023-12-24 04:00:00+00:00,0.6193,0.6286,0.6187,0.6232,8230516.2
2023-12-24 05:00:00+00:00,0.6231,0.6239,0.6006,0.6113,11063201.1
2023-12-24 06:00:00+00:00,0.6113,0.6137,0.6038,0.6078,8911711.0
2023-12-24 07:00:00+00:00,0.6079,0.6155,0.6046,0.6147,8736192.1
2023-12-24 08:00:00+00:00,0.6147,0.62,0.6131,0.6183,6121967.4
2023-12-24 09:00:00+00:00,0.6184,0.6211,0.6129,0.6179,7877254.5
2023-12-24 10:00:00+00:00,0.618,0.6202,0.6041,0.61,12876290.7
2023-12-24 11:00:00+00:00,0.6099,0.6162,0.6081,0.6142,5773904.3
2023-12-24 12:00:00+00:00,0.6144,0.6174,0.6091,0.6152,6254444.4
2023-12-24 13:00:00+00:00,0.6152,0.6195,0.6124,0.6186,5273441.0
2023-12-24 14:00:00+00:00,0.6186,0.6225,0.6119,0.614,7900071.0
2023-12-24 15:00:00+00:00,0.614,0.617,0.6129,0.615,3762632.3
2023-12-24 16:00:00+00:00,0.6151,0.6154,0.61,0.6142,4404635.4
2023-12-24 17:00:00+00:00,0.6142,0.6155,0.611,0.6124,4734829.8
2023-12-24 18:00:00+00:00,0.6125,0.6191,0.6124,0.6181,8157549.1
2023-12-24 19:00:00+00:00,0.618,0.6185,0.6125,0.618,9810164.1
2023-12-24 20:00:00+00:00,0.618,0.6207,0.6066,0.6104,12384188.7
2023-12-24 21:00:00+00:00,0.6105,0.612,0.605,0.6068,11111857.0
2023-12-24 22:00:00+00:00,0.6068,0.6078,0.585,0.5938,22575490.7
2023-12-24 23:00:00+00:00,0.594,0.5975,0.591,0.5919,14771164.8
2023-12-25 00:00:00+00:00,0.5919,0.5973,0.589,0.5958,9883686.3
2023-12-25 01:00:00+00:00,0.5959,0.6017,0.5959,0.5986,6479136.2
2023-12-25 02:00:00+00:00,0.5985,0.6018,0.5954,0.6007,4320808.6
2023-12-25 03:00:00+00:00,0.6007,0.6058,0.599,0.6041,4461295.2
2023-12-25 04:00:00+00:00,0.6043,0.6062,0.6035,0.6046,3336334.1
2023-12-25 05:00:00+00:00,0.6045,0.6097,0.6042,0.6077,4407925.3
2023-12-25 06:00:00+00:00,0.6077,0.6085,0.6038,0.6049,6157111.0
2023-12-25 07:00:00+00:00,0.6049,0.605,0.601,0.6026,5213086.7
2023-12-25 08:00:00+00:00,0.6027,0.6078,0.6005,0.601,5712823.3
2023-12-25 09:00:00+00:00,0.601,0.6041,0.5998,0.6036,5373416.9
2023-12-25 10:00:00+00:00,0.6036,0.6063,0.603,0.6059,5151730.9
2023-12-25 11:00:00+00:00,0.606,0.6105,0.6036,0.6065,5744151.2
2023-12-25 12:00:00+00:00,0.6064,0.615,0.6054,0.614,5864501.5
2023-12-25 13:00:00+00:00,0.614,0.615,0.6107,0.614,7113188.8
2023-12-25 14:00:00+00:00,0.614,0.6175,0.6112,0.6175,5779290.7
2023-12-25 15:00:00+00:00,0.6175,0.6199,0.6124,0.6171,9157024.6
2023-12-25 16:00:00+00:00,0.6171,0.6267,0.6167,0.6216,19017790.9
2023-12-25 17:00:00+00:00,0.6217,0.624,0.6196,0.6238,6526529.9
2023-12-25 18:00:00+00:00,0.6239,0.6259,0.6193,0.621,7386315.2
2023-12-25 19:00:00+00:00,0.6211,0.6247,0.6199,0.62,4057523.2
2023-12-25 20:00:00+00:00,0.62,0.6216,0.6123,0.6177,7506455.2
2023-12-25 21:00:00+00:00,0.6178,0.6214,0.6125,0.6206,4349862.9
2023-12-25 22:00:00+00:00,0.6206,0.635,0.6201,0.6278,14396459.5
2023-12-25 23:00:00+00:00,0.6279,0.6288,0.6239,0.6242,6238439.7
2023-12-26 00:00:00+00:00,0.624,0.6279,0.6169,0.618,6531022.5
2023-12-26 01:00:00+00:00,0.6181,0.6198,0.6147,0.6167,3918179.3
2023-12-26 02:00:00+00:00,0.6167,0.6205,0.6166,0.6171,3484046.0
2023-12-26 03:00:00+00:00,0.617,0.6198,0.6151,0.6184,3387947.5
2023-12-26 04:00:00+00:00,0.6184,0.62,0.6169,0.6193,2071236.2
2023-12-26 05:00:00+00:00,0.6193,0.6196,0.6,0.604,13709704.6
2023-12-26 06:00:00+00:00,0.6041,0.6045,0.5962,0.5968,18247404.8
2023-12-26 07:00:00+00:00,0.5967,0.6052,0.594,0.6043,8014084.8
2023-12-26 08:00:00+00:00,0.6043,0.6075,0.601,0.6067,6530967.1
2023-12-26 09:00:00+00:00,0.6066,0.6077,0.6003,0.6039,7461718.7
2023-12-26 10:00:00+00:00,0.6038,0.6125,0.6019,0.6112,7930366.5
2023-12-26 11:00:00+00:00,0.6112,0.6147,0.6077,0.6139,5870884.8
2023-12-26 12:00:00+00:00,0.6138,0.6175,0.612,0.6172,6750791.8
2023-12-26 13:00:00+00:00,0.6172,0.6238,0.6154,0.6217,12839441.6
2023-12-26 14:00:00+00:00,0.6217,0.6223,0.6131,0.6154,10550934.4
2023-12-26 15:00:00+00:00,0.6153,0.6186,0.6069,0.608,9592115.6
2023-12-26 16:00:00+00:00,0.608,0.6153,0.6056,0.6102,9463960.2
2023-12-26 17:00:00+00:00,0.6103,0.6108,0.5601,0.5867,33631352.0
2023-12-26 18:00:00+00:00,0.5868,0.5942,0.5827,0.5927,18032176.4
2023-12-26 19:00:00+00:00,0.5927,0.5942,0.5884,0.5901,7089085.0
2023-12-26 20:00:00+00:00,0.5901,0.5983,0.5888,0.595,6917707.3
2023-12-26 21:00:00+00:00,0.5951,0.6024,0.5941,0.6022,7931879.9
2023-12-26 22:00:00+00:00,0.6023,0.6063,0.6005,0.6062,5843750.2
2023-12-26 23:00:00+00:00,0.6062,0.6117,0.6055,0.6087,6162482.5
2023-12-27 00:00:00+00:00,0.6087,0.6096,0.6005,0.602,7744864.4
2023-12-27 01:00:00+00:00,0.602,0.6072,0.6015,0.604,3499527.9
2023-12-27 02:00:00+00:00,0.6039,0.6041,0.5896,0.5912,6631509.2
2023-12-27 03:00:00+00:00,0.5911,0.5951,0.5839,0.5901,8911789.9
2023-12-27 04:00:00+00:00,0.5901,0.5979,0.5898,0.5948,6822041.4
2023-12-27 05:00:00+00:00,0.5949,0.5989,0.5925,0.5981,4857755.3
2023-12-27 06:00:00+00:00,0.598,0.6018,0.5965,0.5982,4109194.8
2023-12-27 07:00:00+00:00,0.5983,0.5987,0.5934,0.5964,4883306.3
2023-12-27 08:00:00+00:00,0.5964,0.6061,0.5949,0.6038,5966097.3
2023-12-27 09:00:00+00:00,0.6038,0.6078,0.6022,0.606,6457863.0
2023-12-27 10:00:00+00:00,0.6061,0.6159,0.6046,0.6153,8906985.4
2023-12-27 11:00:00+00:00,0.6153,0.6161,0.6098,0.6123,7060081.3
2023-12-27 12:00:00+00:00,0.6122,0.614,0.6079,0.6129,7404333.9
2023-12-27 13:00:00+00:00,0.6129,0.6194,0.6102,0.6152,9408187.1
2023-12-27 14:00:00+00:00,0.6151,0.6188,0.6083,0.6138,12587781.7
2023-12-27 15:00:00+00:00,0.6138,0.623,0.6138,0.62,14648982.3
2023-12-27 16:00:00+00:00,0.6202,0.635,0.6193,0.6321,23355673.1
2023-12-27 17:00:00+00:00,0.6322,0.6395,0.6196,0.6309,25673835.3
2023-12-27 18:00:00+00:00,0.6309,0.6351,0.6258,0.6327,11221569.9
2023-12-27 19:00:00+00:00,0.6326,0.637,0.6263,0.6367,10438660.9
2023-12-27 20:00:00+00:00,0.6367,0.6382,0.632,0.6343,7801254.5
2023-12-27 21:00:00+00:00,0.6344,0.6407,0.6326,0.6397,11012535.9
2023-12-27 22:00:00+00:00,0.6397,0.643,0.6293,0.632,11983139.5
2023-12-27 23:00:00+00:00,0.632,0.6388,0.6313,0.6334,7681864.0
2023-12-28 00:00:00+00:00,0.6334,0.6597,0.6317,0.6513,26728948.4
2023-12-28 01:00:00+00:00,0.6513,0.6594,0.6444,0.6457,18934673.9
2023-12-28 02:00:00+00:00,0.6456,0.657,0.6436,0.6532,12378471.5
2023-12-28 03:00:00+00:00,0.6533,0.6614,0.6497,0.6601,15371257.0
2023-12-28 04:00:00+00:00,0.6602,0.6769,0.6503,0.6532,26121077.2
2023-12-28 05:00:00+00:00,0.6533,0.6619,0.6475,0.6483,16089526.2
2023-12-28 06:00:00+00:00,0.6483,0.6518,0.6404,0.6426,15380020.7
2023-12-28 07:00:00+00:00,0.6426,0.6642,0.6416,0.6615,17453678.3
2023-12-28 08:00:00+00:00,0.6616,0.6632,0.6488,0.6495,12379728.3
2023-12-28 09:00:00+00:00,0.6494,0.6528,0.6434,0.6448,10791944.5
2023-12-28 10:00:00+00:00,0.6447,0.6532,0.6435,0.6471,8248779.9
2023-12-28 11:00:00+00:00,0.6471,0.6495,0.6439,0.6455,5468897.0
2023-12-28 12:00:00+00:00,0.6454,0.6493,0.624,0.6274,18933025.7
2023-12-28 13:00:00+00:00,0.6276,0.6387,0.6221,0.6339,11885347.8
2023-12-28 14:00:00+00:00,0.6339,0.6361,0.612,0.6183,26054032.0
2023-12-28 15:00:00+00:00,0.6182,0.6205,0.61,0.617,15093055.0
2023-12-28 16:00:00+00:00,0.6169,0.6234,0.61,0.6216,11747207.9
2023-12-28 17:00:00+00:00,0.6216,0.6367,0.6214,0.6285,17699257.6
2023-12-28 18:00:00+00:00,0.6285,0.6322,0.6228,0.6236,6897987.2
2023-12-28 19:00:00+00:00,0.6236,0.6295,0.6232,0.6255,4693560.5
2023-12-28 20:00:00+00:00,0.6256,0.6256,0.6157,0.6194,7402908.6
2023-12-28 21:00:00+00:00,0.6194,0.6231,0.6131,0.616,6152224.0
2023-12-28 22:00:00+00:00,0.6161,0.6248,0.6144,0.6247,4660002.7
2023-12-28 23:00:00+00:00,0.6247,0.6255,0.6149,0.6158,4651921.3
2023-12-29 00:00:00+00:00,0.6158,0.6202,0.6007,0.6048,18933923.0
2023-12-29 01:00:00+00:00,0.6046,0.6083,0.5982,0.6037,15134024.5
2023-12-29 02:00:00+00:00,0.6036,0.613,0.6019,0.6122,7430066.0
2023-12-29 03:00:00+00:00,0.6123,0.617,0.6097,0.6138,4955857.3
2023-12-29 04:00:00+00:00,0.6138,0.6173,0.612,0.6153,7174374.0
2023-12-29 05:00:00+00:00,0.6154,0.6194,0.6116,0.6181,7029992.7
2023-12-29 06:00:00+00:00,0.6181,0.6207,0.6154,0.6166,5081334.4
2023-12-29 07:00:00+00:00,0.6167,0.6198,0.6065,0.608,7211799.7
2023-12-29 08:00:00+00:00,0.6082,0.6157,0.6076,0.6137,5121352.8
2023-12-29 09:00:00+00:00,0.6137,0.6221,0.6106,0.618,8011502.9
2023-12-29 10:00:00+00:00,0.6179,0.6238,0.6166,0.6187,5274891.6
2023-12-29 11:00:00+00:00,0.6187,0.6249,0.6184,0.6218,6270286.2
2023-12-29 12:00:00+00:00,0.6218,0.6234,0.6173,0.6194,4267292.4
2023-12-29 13:00:00+00:00,0.6194,0.6249,0.6152,0.6213,6308751.3
2023-12-29 14:00:00+00:00,0.6213,0.6258,0.6178,0.6187,8911539.5
2023-12-29 15:00:00+00:00,0.6188,0.619,0.5977,0.6039,16947994.5
2023-12-29 16:00:00+00:00,0.6039,0.6062,0.596,0.5971,18845290.3
2023-12-29 17:00:00+00:00,0.5972,0.604,0.5953,0.6004,13271433.0
2023-12-29 18:00:00+00:00,0.6003,0.6085,0.5993,0.6085,8068501.3
2023-12-29 19:00:00+00:00,0.6085,0.6096,0.6048,0.6089,2717247.7
2023-12-29 20:00:00+00:00,0.6089,0.6092,0.6021,0.6037,4386427.7
2023-12-29 21:00:00+00:00,0.6038,0.608,0.6001,0.602,3362885.4
2023-12-29 22:00:00+00:00,0.6018,0.6048,0.5908,0.6034,6963138.4
2023-12-29 23:00:00+00:00,0.6035,0.6089,0.6031,0.6083,3482674.4
2023-12-30 00:00:00+00:00,0.6082,0.6123,0.6063,0.6102,4968408.5
2023-12-30 01:00:00+00:00,0.6102,0.6133,0.608,0.6122,3937554.8
2023-12-30 02:00:00+00:00,0.6121,0.6128,0.6033,0.6048,3985197.0
2023-12-30 03:00:00+00:00,0.6048,0.6082,0.6027,0.6046,2299076.3
2023-12-30 04:00:00+00:00,0.6046,0.608,0.6035,0.6045,1697028.2
2023-12-30 05:00:00+00:00,0.6044,0.6089,0.6037,0.6084,2454922.1
2023-12-30 06:00:00+00:00,0.6084,0.6099,0.6058,0.6073,1955145.7
2023-12-30 07:00:00+00:00,0.6073,0.609,0.6024,0.6033,3546031.0
2023-12-30 08:00:00+00:00,0.6035,0.6038,0.5938,0.5952,8513466.6
2023-12-30 09:00:00+00:00,0.5951,0.5996,0.5929,0.5964,4807024.5
2023-12-30 10:00:00+00:00,0.5964,0.5986,0.5946,0.598,4429008.6
2023-12-30 11:00:00+00:00,0.5979,0.6008,0.5973,0.5993,2513163.8
2023-12-30 12:00:00+00:00,0.5993,0.6047,0.5985,0.6021,3657517.2
2023-12-30 13:00:00+00:00,0.6021,0.6036,0.5982,0.6011,2878424.3
2023-12-30 14:00:00+00:00,0.6011,0.6094,0.6007,0.6092,8972038.9
2023-12-30 15:00:00+00:00,0.6091,0.6115,0.6051,0.6096,6715111.3
2023-12-30 16:00:00+00:00,0.6095,0.613,0.6067,0.6087,6444549.0
2023-12-30 17:00:00+00:00,0.6087,0.6114,0.606,0.608,3623532.9
2023-12-30 18:00:00+00:00,0.6079,0.61,0.6062,0.6096,3776457.1
2023-12-30 19:00:00+00:00,0.6096,0.6106,0.6068,0.6074,2399826.5
2023-12-30 20:00:00+00:00,0.6074,0.6096,0.6035,0.604,3795934.6
2023-12-30 21:00:00+00:00,0.6041,0.6056,0.6007,0.6021,2553531.3
2023-12-30 22:00:00+00:00,0.602,0.6041,0.5985,0.6005,3879257.0
2023-12-30 23:00:00+00:00,0.6005,0.6046,0.5999,0.6011,2257181.2
2023-12-31 00:00:00+00:00,0.601,0.6053,0.5997,0.6038,3104894.4
2023-12-31 01:00:00+00:00,0.6039,0.6058,0.601,0.601,2339745.9
2023-12-31 02:00:00+00:00,0.6011,0.6018,0.595,0.5976,5292364.1
2023-12-31 03:00:00+00:00,0.5976,0.6013,0.5961,0.6011,2112581.4
2023-12-31 04:00:00+00:00,0.601,0.6037,0.6002,0.6016,2066944.4
2023-12-31 05:00:00+00:00,0.6017,0.6054,0.601,0.6031,2307304.9
2023-12-31 06:00:00+00:00,0.6032,0.6056,0.6029,0.6033,4358245.9
2023-12-31 07:00:00+00:00,0.6033,0.61,0.6031,0.6074,3760780.3
2023-12-31 08:00:00+00:00,0.6074,0.6077,0.6034,0.6046,3237850.1
2023-12-31 09:00:00+00:00,0.6047,0.6097,0.6039,0.6079,5813464.0
2023-12-31 10:00:00+00:00,0.608,0.6092,0.6052,0.6069,4450647.6
2023-12-31 11:00:00+00:00,0.6069,0.6079,0.6045,0.6047,2381440.9
2023-12-31 12:00:00+00:00,0.6048,0.6095,0.6008,0.6035,7698914.9
2023-12-31 13:00:00+00:00,0.6036,0.6054,0.6007,0.6036,3305850.5
2023-12-31 14:00:00+00:00,0.6037,0.6037,0.6005,0.6013,2205022.0
2023-12-31 15:00:00+00:00,0.6014,0.6047,0.5999,0.6004,3708993.6
2023-12-31 16:00:00+00:00,0.6004,0.604,0.5997,0.6017,2309335.6
2023-12-31 17:00:00+00:00,0.6018,0.6031,0.5991,0.6017,3563515.8
2023-12-31 18:00:00+00:00,0.6017,0.6028,0.5995,0.6011,2257719.8
2023-12-31 19:00:00+00:00,0.6012,0.6022,0.5985,0.5997,3767199.5
2023-12-31 20:00:00+00:00,0.5997,0.6031,0.5972,0.5993,9041359.2
2023-12-31 21:00:00+00:00,0.5994,0.6045,0.5989,0.6017,3260734.9
2023-12-31 22:00:00+00:00,0.6017,0.6039,0.58,0.5892,14435714.9
2023-12-31 23:00:00+00:00,0.5891,0.5949,0.5877,0.594,7410895.2
2024-01-01 00:00:00+00:00,0.5939,0.5982,0.5932,0.5979,4297502.3
2024-01-01 01:00:00+00:00,0.5979,0.6029,0.5966,0.6023,2607606.7
2024-01-01 02:00:00+00:00,0.6023,0.6027,0.5979,0.5995,1791058.5
2024-01-01 03:00:00+00:00,0.5995,0.6005,0.5914,0.5956,5483337.5
2024-01-01 04:00:00+00:00,0.5955,0.5975,0.5902,0.5953,3359568.1
2024-01-01 05:00:00+00:00,0.5953,0.5967,0.5913,0.5921,2168655.2
2024-01-01 06:00:00+00:00,0.5923,0.5982,0.5916,0.5977,1681282.4
2024-01-01 07:00:00+00:00,0.5976,0.5999,0.596,0.5991,2362504.0
2024-01-01 08:00:00+00:00,0.599,0.6,0.5972,0.5994,1796452.7
2024-01-01 09:00:00+00:00,0.5995,0.6026,0.5982,0.6015,2593489.5
2024-01-01 10:00:00+00:00,0.6014,0.6035,0.6003,0.6024,2440553.5
2024-01-01 11:00:00+00:00,0.6024,0.6046,0.6007,0.6031,3575185.0
2024-01-01 12:00:00+00:00,0.6031,0.6073,0.6017,0.6047,5151486.8
2024-01-01 13:00:00+00:00,0.6047,0.6061,0.603,0.6037,4662189.4
2024-01-01 14:00:00+00:00,0.6036,0.6038,0.6,0.6018,2687856.6
2024-01-01 15:00:00+00:00,0.6018,0.6063,0.6002,0.6059,2283928.2
2024-01-01 16:00:00+00:00,0.6059,0.6068,0.602,0.6034,6682571.7
2024-01-01 17:00:00+00:00,0.6035,0.6061,0.6021,0.6058,2582714.6
2024-01-01 18:00:00+00:00,0.6059,0.6121,0.6059,0.6097,7068612.7
2024-01-01 19:00:00+00:00,0.6098,0.6196,0.6098,0.6185,7393301.8
2024-01-01 20:00:00+00:00,0.6184,0.621,0.6158,0.6193,6650514.2
2024-01-01 21:00:00+00:00,0.6193,0.62,0.6146,0.6175,4187433.0
2024-01-01 22:00:00+00:00,0.6174,0.6193,0.6133,0.619,3271027.8
2024-01-01 23:00:00+00:00,0.6191,0.624,0.6183,0.6232,4242554.2
2024-01-02 00:00:00+00:00,0.6233,0.6342,0.6215,0.6336,14383658.5
2024-01-02 01:00:00+00:00,0.6337,0.637,0.626,0.6278,12086737.9
2024-01-02 02:00:00+00:00,0.6278,0.6322,0.6266,0.6321,3777207.9
2024-01-02 03:00:00+00:00,0.6321,0.6325,0.627,0.6302,4770408.7
2024-01-02 04:00:00+00:00,0.6303,0.6303,0.6275,0.6276,3648853.2
2024-01-02 05:00:00+00:00,0.6276,0.6294,0.623,0.6261,7272864.7
2024-01-02 06:00:00+00:00,0.6261,0.6269,0.6216,0.6218,3890261.2
2024-01-02 07:00:00+00:00,0.6218,0.6285,0.6217,0.6272,5775104.7
2024-01-02 08:00:00+00:00,0.6273,0.6333,0.6255,0.6324,6632369.3
2024-01-02 09:00:00+00:00,0.6324,0.6338,0.6292,0.6314,6041049.0
2024-01-02 10:00:00+00:00,0.6314,0.6344,0.6252,0.6281,9479215.4
2024-01-02 11:00:00+00:00,0.6281,0.6312,0.6224,0.626,6149093.6
2024-01-02 12:00:00+00:00,0.626,0.6281,0.6216,0.6221,4637897.8
2024-01-02 13:00:00+00:00,0.622,0.626,0.6197,0.6251,4769450.7
2024-01-02 14:00:00+00:00,0.6252,0.6276,0.61,0.6132,9832331.5
2024-01-02 15:00:00+00:00,0.6131,0.6172,0.6075,0.6138,8423442.5
2024-01-02 16:00:00+00:00,0.6139,0.6184,0.6112,0.6178,4403639.0
2024-01-02 17:00:00+00:00,0.6178,0.6179,0.6102,0.6136,3898215.6
2024-01-02 18:00:00+00:00,0.6136,0.6157,0.6119,0.6146,2575072.1
2024-01-02 19:00:00+00:00,0.6147,0.6178,0.6113,0.6146,3668332.5
2024-01-02 20:00:00+00:00,0.6146,0.6178,0.6049,0.6065,9538693.2
2024-01-02 21:00:00+00:00,0.6065,0.6073,0.6015,0.604,15646068.7
2024-01-02 22:00:00+00:00,0.6041,0.609,0.6029,0.608,5567625.3
2024-01-02 23:00:00+00:00,0.608,0.6095,0.6039,0.605,3668079.8
2024-01-03 00:00:00+00:00,0.6051,0.6093,0.6026,0.6068,4248247.3
2024-01-03 01:00:00+00:00,0.6068,0.6111,0.6065,0.611,1837620.7
2024-01-03 02:00:00+00:00,0.6109,0.6133,0.6078,0.6089,2915312.9
2024-01-03 03:00:00+00:00,0.609,0.6093,0.6063,0.6091,1631587.0
2024-01-03 04:00:00+00:00,0.6091,0.6131,0.6086,0.6125,4342029.6
2024-01-03 05:00:00+00:00,0.6124,0.6156,0.6112,0.6145,2909737.8
2024-01-03 06:00:00+00:00,0.6143,0.6177,0.6142,0.6145,5438831.3
2024-01-03 07:00:00+00:00,0.6145,0.6162,0.6088,0.6095,3815297.2
2024-01-03 08:00:00+00:00,0.6095,0.6141,0.6094,0.6137,2551276.0
2024-01-03 09:00:00+00:00,0.6137,0.6188,0.6133,0.6164,4585600.2
2024-01-03 10:00:00+00:00,0.6164,0.618,0.611,0.6142,3625704.1
2024-01-03 11:00:00+00:00,0.6142,0.6152,0.5909,0.5954,22893661.2
2024-01-03 12:00:00+00:00,0.5955,0.5958,0.5,0.562,99829977.8
2024-01-03 13:00:00+00:00,0.5619,0.5639,0.5488,0.5571,37835324.1
2024-01-03 14:00:00+00:00,0.5572,0.5573,0.538,0.5455,25846880.5
2024-01-03 15:00:00+00:00,0.5455,0.5652,0.545,0.565,23414762.5
2024-01-03 16:00:00+00:00,0.565,0.5706,0.5601,0.566,20513280.0
2024-01-03 17:00:00+00:00,0.5659,0.5669,0.5568,0.5595,10996474.3
2024-01-03 18:00:00+00:00,0.5595,0.5625,0.5431,0.5485,11149367.4
2024-01-03 19:00:00+00:00,0.5487,0.5623,0.5487,0.5546,7589330.2
2024-01-03 20:00:00+00:00,0.5545,0.5619,0.5537,0.5609,6192376.0
2024-01-03 21:00:00+00:00,0.5613,0.5632,0.5573,0.5627,6399476.9
2024-01-03 22:00:00+00:00,0.5626,0.5628,0.5554,0.5588,4720364.6
2024-01-03 23:00:00+00:00,0.5588,0.559,0.5536,0.5569,4524093.2
2024-01-04 00:00:00+00:00,0.5568,0.565,0.556,0.5601,7166610.8
2024-01-04 01:00:00+00:00,0.5601,0.5612,0.5491,0.5517,6929481.0
2024-01-04 02:00:00+00:00,0.5517,0.5607,0.5512,0.5603,3327993.3
2024-01-04 03:00:00+00:00,0.5603,0.5613,0.557,0.56,4590293.9
2024-01-04 04:00:00+00:00,0.56,0.5637,0.5583,0.5628,4322418.1
2024-01-04 05:00:00+00:00,0.5628,0.566,0.5606,0.5623,3685862.2
2024-01-04 06:00:00+00:00,0.5623,0.5653,0.5606,0.5622,4677882.3
2024-01-04 07:00:00+00:00,0.5622,0.5646,0.5554,0.5557,6678649.0
2024-01-04 08:00:00+00:00,0.5557,0.5623,0.5513,0.5577,10130956.5
2024-01-04 09:00:00+00:00,0.5577,0.5643,0.5575,0.5626,5657023.5
2024-01-04 10:00:00+00:00,0.5627,0.5708,0.5575,0.5666,13479822.7
2024-01-04 11:00:00+00:00,0.5665,0.567,0.5555,0.5579,9734621.7
2024-01-04 12:00:00+00:00,0.5579,0.564,0.5562,0.5624,7004903.0
2024-01-04 13:00:00+00:00,0.5625,0.5653,0.5593,0.5625,4465337.6
2024-01-04 14:00:00+00:00,0.5625,0.57,0.5604,0.5696,6440861.9
2024-01-04 15:00:00+00:00,0.5697,0.5771,0.5678,0.5746,13394052.4
2024-01-04 16:00:00+00:00,0.5747,0.5759,0.5672,0.5685,7333383.3
2024-01-04 17:00:00+00:00,0.5685,0.5737,0.5674,0.5708,4721684.0
2024-01-04 18:00:00+00:00,0.5707,0.5733,0.569,0.5702,2932760.2
2024-01-04 19:00:00+00:00,0.5702,0.5758,0.57,0.572,5325656.0
2024-01-04 20:00:00+00:00,0.572,0.5791,0.5717,0.5723,5061486.3
2024-01-04 21:00:00+00:00,0.5724,0.5759,0.5687,0.5711,5566799.8
2024-01-04 22:00:00+00:00,0.5711,0.5763,0.5685,0.5704,4697091.1
2024-01-04 23:00:00+00:00,0.5704,0.5723,0.5679,0.5699,2626457.4
2024-01-05 00:00:00+00:00,0.57,0.5726,0.5637,0.5682,4403547.3
2024-01-05 01:00:00+00:00,0.5681,0.5695,0.5355,0.5535,15687170.8
2024-01-05 02:00:00+00:00,0.5534,0.5588,0.5502,0.5526,6426145.1
2024-01-05 03:00:00+00:00,0.5526,0.5562,0.551,0.5521,3478796.1
2024-01-05 04:00:00+00:00,0.5522,0.5548,0.5485,0.5531,6062548.0
2024-01-05 05:00:00+00:00,0.5531,0.5568,0.5524,0.5554,2594035.9
2024-01-05 06:00:00+00:00,0.5553,0.5571,0.5525,0.5555,2977768.0
2024-01-05 07:00:00+00:00,0.5555,0.5573,0.5525,0.5528,3723845.7
2024-01-05 08:00:00+00:00,0.5528,0.5552,0.5505,0.5517,2893201.4
2024-01-05 09:00:00+00:00,0.5516,0.5585,0.5516,0.555,6818660.7
2024-01-05 10:00:00+00:00,0.555,0.5555,0.5396,0.5449,6078007.4
2024-01-05 11:00:00+00:00,0.545,0.5475,0.5407,0.5421,8427254.0
2024-01-05 12:00:00+00:00,0.5421,0.5457,0.5374,0.5417,6577016.6
2024-01-05 13:00:00+00:00,0.5416,0.5454,0.5387,0.5412,5173435.8
2024-01-05 14:00:00+00:00,0.5412,0.5433,0.522,0.5275,16743683.9
2024-01-05 15:00:00+00:00,0.5276,0.5348,0.5264,0.5306,10172601.2
2024-01-05 16:00:00+00:00,0.5305,0.534,0.525,0.5263,7762371.0
2024-01-05 17:00:00+00:00,0.5263,0.5319,0.522,0.5311,10846169.0
2024-01-05 18:00:00+00:00,0.5311,0.5329,0.5271,0.5299,5111948.3
2024-01-05 19:00:00+00:00,0.5299,0.5319,0.5272,0.5282,2937071.0
2024-01-05 20:00:00+00:00,0.5282,0.5365,0.5275,0.5343,5493942.1
2024-01-05 21:00:00+00:00,0.5343,0.5345,0.5282,0.5343,4574062.7
2024-01-05 22:00:00+00:00,0.5344,0.5363,0.5312,0.5356,2735866.0
2024-01-05 23:00:00+00:00,0.5356,0.5417,0.5356,0.5414,5149397.9
2024-01-06 00:00:00+00:00,0.5413,0.5429,0.5389,0.5415,4375524.0
2024-01-06 01:00:00+00:00,0.5415,0.5421,0.5351,0.5367,3898728.7
2024-01-06 02:00:00+00:00,0.5367,0.5374,0.5326,0.5349,2076615.8
2024-01-06 03:00:00+00:00,0.535,0.5363,0.5329,0.534,1479739.9
2024-01-06 04:00:00+00:00,0.5338,0.5353,0.5284,0.529,2616922.8
2024-01-06 05:00:00+00:00,0.5289,0.53,0.5168,0.5202,11471049.6
2024-01-06 06:00:00+00:00,0.5201,0.5222,0.5068,0.5091,16748567.7
2024-01-06 07:00:00+00:00,0.5092,0.5182,0.5072,0.5179,9250493.4
2024-01-06 08:00:00+00:00,0.5179,0.5231,0.5137,0.5227,6266187.5
2024-01-06 09:00:00+00:00,0.5227,0.5233,0.5192,0.5197,3839859.7
2024-01-06 10:00:00+00:00,0.5197,0.5217,0.5173,0.5197,4385079.1
2024-01-06 11:00:00+00:00,0.5196,0.521,0.5167,0.5206,4155084.2
2024-01-06 12:00:00+00:00,0.5206,0.5235,0.5171,0.5189,4142988.0
2024-01-06 13:00:00+00:00,0.5189,0.5223,0.5171,0.5213,3436446.1
2024-01-06 14:00:00+00:00,0.5214,0.5297,0.5206,0.526,6144199.4
2024-01-06 15:00:00+00:00,0.5259,0.5275,0.5223,0.5255,3461022.7
2024-01-06 16:00:00+00:00,0.5255,0.5286,0.5246,0.5271,4752407.0
2024-01-06 17:00:00+00:00,0.5271,0.5294,0.525,0.5282,3003372.9
2024-01-06 18:00:00+00:00,0.5282,0.5298,0.5256,0.5262,3157912.1
2024-01-06 19:00:00+00:00,0.5262,0.5265,0.5197,0.522,5132466.9
2024-01-06 20:00:00+00:00,0.522,0.528,0.521,0.5238,6338560.4
2024-01-06 21:00:00+00:00,0.5238,0.5256,0.5203,0.5241,2806620.4
2024-01-06 22:00:00+00:00,0.5241,0.5247,0.518,0.5211,3111502.6
2024-01-06 23:00:00+00:00,0.5211,0.5235,0.5147,0.5227,4908145.5
2024-01-07 00:00:00+00:00,0.5227,0.5294,0.5211,0.527,5713743.1
2024-01-07 01:00:00+00:00,0.5271,0.5291,0.5231,0.5231,2558859.6
2024-01-07 02:00:00+00:00,0.5231,0.5253,0.5169,0.5193,2767184.5
2024-01-07 03:00:00+00:00,0.5193,0.5229,0.519,0.5212,2184246.4
2024-01-07 04:00:00+00:00,0.5211,0.5268,0.5211,0.5258,2468906.5
2024-01-07 05:00:00+00:00,0.5258,0.5278,0.523,0.5256,2684584.9
2024-01-07 06:00:00+00:00,0.5256,0.5294,0.5242,0.5262,3629352.5
2024-01-07 07:00:00+00:00,0.5262,0.5282,0.5246,0.5267,3370704.7
2024-01-07 08:00:00+00:00,0.5267,0.53,0.521,0.5217,4292789.6
2024-01-07 09:00:00+00:00,0.5216,0.5236,0.5166,0.5218,6172004.5
2024-01-07 10:00:00+00:00,0.5219,0.5278,0.5188,0.5196,4291241.6
2024-01-07 11:00:00+00:00,0.5196,0.5227,0.5179,0.5204,3600708.7
2024-01-07 12:00:00+00:00,0.5204,0.5213,0.5169,0.5189,3536196.5
2024-01-07 13:00:00+00:00,0.519,0.5248,0.5184,0.5232,4059855.4
2024-01-07 14:00:00+00:00,0.5231,0.5254,0.5177,0.5213,4094413.2
2024-01-07 15:00:00+00:00,0.5214,0.5215,0.512,0.5143,4480486.8
2024-01-07 16:00:00+00:00,0.5144,0.5168,0.5078,0.5109,6712347.4
2024-01-07 17:00:00+00:00,0.511,0.5173,0.5097,0.517,3069973.3
2024-01-07 18:00:00+00:00,0.517,0.5196,0.5159,0.5174,2388731.4
2024-01-07 19:00:00+00:00,0.5175,0.5184,0.5145,0.5171,2396254.6
2024-01-07 20:00:00+00:00,0.5171,0.5183,0.5134,0.5135,1572152.1
2024-01-07 21:00:00+00:00,0.5136,0.515,0.5083,0.5085,2633678.2
2024-01-07 22:00:00+00:00,0.5084,0.5085,0.4905,0.4933,20055786.8
2024-01-07 23:00:00+00:00,0.4938,0.4988,0.4877,0.4945,13033516.6
2024-01-08 00:00:00+00:00,0.4945,0.5001,0.4878,0.4915,11255887.0
2024-01-08 01:00:00+00:00,0.4916,0.4976,0.4839,0.4876,11053334.7
2024-01-08 02:00:00+00:00,0.4877,0.4897,0.468,0.4746,20884035.5
2024-01-08 03:00:00+00:00,0.4745,0.4772,0.4643,0.474,16628046.4
2024-01-08 04:00:00+00:00,0.474,0.4847,0.4712,0.4844,5935145.7
2024-01-08 05:00:00+00:00,0.4844,0.4861,0.4795,0.4846,5258002.3
2024-01-08 06:00:00+00:00,0.4846,0.4917,0.4825,0.4871,8857610.2
2024-01-08 07:00:00+00:00,0.487,0.4943,0.4862,0.4895,5154005.0
2024-01-08 08:00:00+00:00,0.4895,0.495,0.4879,0.4889,3990075.4
2024-01-08 09:00:00+00:00,0.4889,0.4915,0.4846,0.4864,3454840.3
2024-01-08 10:00:00+00:00,0.4864,0.4945,0.4847,0.4935,4122371.3
2024-01-08 11:00:00+00:00,0.4935,0.5002,0.4927,0.4998,6052800.2
2024-01-08 12:00:00+00:00,0.4999,0.5134,0.4999,0.5121,16336436.6
2024-01-08 13:00:00+00:00,0.5124,0.5134,0.5068,0.5075,8060004.5
2024-01-08 14:00:00+00:00,0.5075,0.5116,0.5057,0.5069,6413132.6
2024-01-08 15:00:00+00:00,0.507,0.5156,0.5058,0.5118,7780271.7
2024-01-08 16:00:00+00:00,0.5119,0.5168,0.5066,0.5089,6108426.3
2024-01-08 17:00:00+00:00,0.5088,0.519,0.5081,0.5186,5865484.3
2024-01-08 18:00:00+00:00,0.5185,0.5487,0.5184,0.5406,26671885.5
2024-01-08 19:00:00+00:00,0.5407,0.5425,0.5321,0.5422,13302583.4
2024-01-08 20:00:00+00:00,0.5422,0.5445,0.5326,0.5334,9113077.4
2024-01-08 21:00:00+00:00,0.5336,0.5395,0.5325,0.5353,5790498.4
2024-01-08 22:00:00+00:00,0.5354,0.5417,0.5346,0.5411,4335286.9
2024-01-08 23:00:00+00:00,0.541,0.542,0.5387,0.5412,3676573.6
2024-01-09 00:00:00+00:00,0.5412,0.5436,0.5258,0.5326,9729933.8
2024-01-09 01:00:00+00:00,0.5326,0.5336,0.5257,0.5285,4283580.6
2024-01-09 02:00:00+00:00,0.5285,0.5319,0.5266,0.5304,3413433.1
2024-01-09 03:00:00+00:00,0.5304,0.5305,0.5261,0.5267,2286037.7
2024-01-09 04:00:00+00:00,0.5267,0.5353,0.5258,0.5348,4211629.6
2024-01-09 05:00:00+00:00,0.5347,0.5357,0.5274,0.5315,3333003.7
2024-01-09 06:00:00+00:00,0.5314,0.5341,0.5293,0.532,2768423.7
2024-01-09 07:00:00+00:00,0.532,0.5326,0.5293,0.5294,2389518.8
2024-01-09 08:00:00+00:00,0.5294,0.5303,0.5195,0.5208,5933563.3
2024-01-09 09:00:00+00:00,0.5207,0.5229,0.5139,0.5165,5872654.1
2024-01-09 10:00:00+00:00,0.5165,0.53,0.5164,0.5222,9014435.2
2024-01-09 11:00:00+00:00,0.5224,0.5254,0.5194,0.5218,3794308.3
2024-01-09 12:00:00+00:00,0.5219,0.5253,0.5,0.5104,10669274.3
2024-01-09 13:00:00+00:00,0.5105,0.5221,0.5092,0.5162,11740350.2
2024-01-09 14:00:00+00:00,0.5162,0.5186,0.5067,0.5074,8294639.8
2024-01-09 15:00:00+00:00,0.5073,0.5139,0.5045,0.5097,6783102.4
2024-01-09 16:00:00+00:00,0.5097,0.5126,0.5002,0.5068,8643816.0
2024-01-09 17:00:00+00:00,0.5068,0.5101,0.5039,0.5059,5241044.5
2024-01-09 18:00:00+00:00,0.5058,0.511,0.5048,0.51,4322813.9
2024-01-09 19:00:00+00:00,0.5099,0.5106,0.5005,0.5054,4410803.5
2024-01-09 20:00:00+00:00,0.5057,0.5068,0.4964,0.4976,7356144.3
2024-01-09 21:00:00+00:00,0.4975,0.5175,0.4964,0.5045,31420847.7
2024-01-09 22:00:00+00:00,0.5045,0.5166,0.5034,0.5108,9748056.7
2024-01-09 23:00:00+00:00,0.5107,0.5125,0.507,0.5124,3262159.9
2024-01-10 00:00:00+00:00,0.5123,0.5194,0.5102,0.5154,6081436.1
2024-01-10 01:00:00+00:00,0.5155,0.5176,0.5133,0.5169,2509849.1
2024-01-10 02:00:00+00:00,0.5169,0.5184,0.5103,0.5109,2660175.0
2024-01-10 03:00:00+00:00,0.511,0.5144,0.51,0.5131,1864720.5
2024-01-10 04:00:00+00:00,0.5131,0.5188,0.5127,0.5128,3412971.5
2024-01-10 05:00:00+00:00,0.5128,0.5137,0.5087,0.5116,4948573.0
2024-01-10 06:00:00+00:00,0.5117,0.512,0.5066,0.5095,3241902.8
2024-01-10 07:00:00+00:00,0.5095,0.5102,0.5057,0.5069,2309344.0
2024-01-10 08:00:00+00:00,0.5071,0.5084,0.4988,0.5003,7342337.2
2024-01-10 09:00:00+00:00,0.5003,0.5159,0.4992,0.5159,9683021.1
2024-01-10 10:00:00+00:00,0.5159,0.5224,0.5105,0.5109,14103502.4
2024-01-10 11:00:00+00:00,0.511,0.5149,0.507,0.5139,4351685.7
2024-01-10 12:00:00+00:00,0.5138,0.5154,0.4872,0.4939,15816961.7
2024-01-10 13:00:00+00:00,0.494,0.5012,0.4902,0.4969,8406078.2
2024-01-10 14:00:00+00:00,0.4968,0.5021,0.4935,0.4941,5811422.7
2024-01-10 15:00:00+00:00,0.4941,0.5076,0.492,0.5058,10919302.2
2024-01-10 16:00:00+00:00,0.5058,0.5082,0.4993,0.4998,9463038.0
2024-01-10 17:00:00+00:00,0.4998,0.5126,0.4985,0.5122,6512671.1
2024-01-10 18:00:00+00:00,0.5122,0.5166,0.5092,0.514,9862215.3
2024-01-10 19:00:00+00:00,0.5139,0.5218,0.5098,0.5185,16885757.9
2024-01-10 20:00:00+00:00,0.5184,0.5321,0.5028,0.5304,36086011.4
2024-01-10 21:00:00+00:00,0.5301,0.5561,0.5276,0.5545,32761692.4
2024-01-10 22:00:00+00:00,0.5546,0.5818,0.5546,0.5695,29375529.7
2024-01-10 23:00:00+00:00,0.5695,0.5895,0.5584,0.566,35161715.5
2024-01-11 00:00:00+00:00,0.5662,0.574,0.5611,0.5734,19909442.8
2024-01-11 01:00:00+00:00,0.5734,0.5796,0.5672,0.5733,11359436.2
2024-01-11 02:00:00+00:00,0.5734,0.5785,0.5709,0.5742,6137332.4
2024-01-11 03:00:00+00:00,0.5742,0.5828,0.5741,0.582,8756249.6
2024-01-11 04:00:00+00:00,0.582,0.5854,0.5772,0.5776,7837225.8
2024-01-11 05:00:00+00:00,0.5777,0.5792,0.5664,0.5698,8085744.7
2024-01-11 06:00:00+00:00,0.5699,0.5709,0.5607,0.5645,8484820.3
2024-01-11 07:00:00+00:00,0.5645,0.5807,0.5642,0.5766,17553081.5
2024-01-11 08:00:00+00:00,0.5765,0.5863,0.5747,0.5835,10531405.6
2024-01-11 09:00:00+00:00,0.5834,0.5858,0.58,0.5808,9916340.7
2024-01-11 10:00:00+00:00,0.5807,0.5949,0.5807,0.5947,12119916.1
2024-01-11 11:00:00+00:00,0.5947,0.6,0.5901,0.5994,11200159.5
2024-01-11 12:00:00+00:00,0.5994,0.6174,0.599,0.6145,21825917.4
2024-01-11 13:00:00+00:00,0.6145,0.6145,0.5917,0.5996,27891214.7
2024-01-11 14:00:00+00:00,0.5996,0.606,0.5902,0.6034,25059690.6
2024-01-11 15:00:00+00:00,0.6034,0.6048,0.578,0.5834,23244447.1
2024-01-11 16:00:00+00:00,0.5835,0.59,0.5684,0.5776,22043842.4
2024-01-11 17:00:00+00:00,0.5776,0.5856,0.5722,0.5842,8198856.9
2024-01-11 18:00:00+00:00,0.5842,0.5842,0.5778,0.5812,5209168.3
2024-01-11 19:00:00+00:00,0.5814,0.5843,0.5771,0.5837,3596133.0
2024-01-11 20:00:00+00:00,0.5836,0.5885,0.5736,0.5752,8166389.1
2024-01-11 21:00:00+00:00,0.575,0.5828,0.5744,0.5786,4310867.3
2024-01-11 22:00:00+00:00,0.5786,0.5815,0.5744,0.5801,3366366.0
2024-01-11 23:00:00+00:00,0.5801,0.5838,0.5785,0.582,3061675.4
2024-01-12 00:00:00+00:00,0.582,0.5844,0.5771,0.5824,4786009.3
2024-01-12 01:00:00+00:00,0.5824,0.5833,0.57,0.5782,5669939.9
2024-01-12 02:00:00+00:00,0.5781,0.5834,0.5775,0.5825,3918992.2
2024-01-12 03:00:00+00:00,0.5825,0.5829,0.5761,0.5774,3192354.4
2024-01-12 04:00:00+00:00,0.5771,0.5829,0.5759,0.5805,3464621.3
2024-01-12 05:00:00+00:00,0.5805,0.5874,0.5804,0.5862,2805384.1
2024-01-12 06:00:00+00:00,0.5861,0.5891,0.5813,0.5821,3818645.3
2024-01-12 07:00:00+00:00,0.582,0.5831,0.5757,0.5788,3679465.2
2024-01-12 08:00:00+00:00,0.5788,0.5792,0.5711,0.5765,4462184.1
2024-01-12 09:00:00+00:00,0.5765,0.5804,0.5712,0.5783,4093504.2
2024-01-12 10:00:00+00:00,0.5783,0.5804,0.5763,0.579,2972068.4
2024-01-12 11:00:00+00:00,0.5791,0.5856,0.5787,0.5811,4310855.5
2024-01-12 12:00:00+00:00,0.5812,0.5868,0.575,0.5785,5330865.4
2024-01-12 13:00:00+00:00,0.5786,0.584,0.5778,0.5826,4801475.4
2024-01-12 14:00:00+00:00,0.5826,0.5875,0.5786,0.5843,6540350.1
2024-01-12 15:00:00+00:00,0.5845,0.5856,0.5631,0.5664,16342047.9
2024-01-12 16:00:00+00:00,0.5662,0.571,0.5495,0.5546,18887768.0
2024-01-12 17:00:00+00:00,0.5546,0.5582,0.5403,0.558,14737303.8
2024-01-12 18:00:00+00:00,0.5581,0.5619,0.5533,0.5575,6157442.0
2024-01-12 19:00:00+00:00,0.5575,0.5611,0.5547,0.5583,2503787.1
2024-01-12 20:00:00+00:00,0.5583,0.5658,0.558,0.5652,4659813.1
2024-01-12 21:00:00+00:00,0.5652,0.5656,0.5465,0.5524,9834395.4
2024-01-12 22:00:00+00:00,0.5524,0.5531,0.5271,0.5437,15950144.1
2024-01-12 23:00:00+00:00,0.5437,0.5486,0.5429,0.5476,5389833.4
2024-01-13 00:00:00+00:00,0.5477,0.5505,0.5419,0.542,4241018.2
2024-01-13 01:00:00+00:00,0.542,0.5434,0.531,0.5417,6705768.6
2024-01-13 02:00:00+00:00,0.5419,0.547,0.5402,0.5435,2458619.3
2024-01-13 03:00:00+00:00,0.5435,0.547,0.5415,0.5456,2177814.1
2024-01-13 04:00:00+00:00,0.5456,0.5481,0.5445,0.5467,1512777.9
2024-01-13 05:00:00+00:00,0.5467,0.5533,0.545,0.5532,3022612.5
2024-01-13 06:00:00+00:00,0.5532,0.554,0.5493,0.5516,2205880.4
2024-01-13 07:00:00+00:00,0.5516,0.5532,0.548,0.5486,2445351.6
2024-01-13 08:00:00+00:00,0.5486,0.5522,0.5483,0.5504,2191971.3
2024-01-13 09:00:00+00:00,0.5504,0.5516,0.5458,0.5472,3523141.9
2024-01-13 10:00:00+00:00,0.547,0.5503,0.545,0.5488,3328115.9
2024-01-13 11:00:00+00:00,0.5489,0.5509,0.5478,0.5487,3002115.8
2024-01-13 12:00:00+00:00,0.5486,0.5506,0.546,0.5466,3762349.0
2024-01-13 13:00:00+00:00,0.5467,0.5485,0.5442,0.5459,3135778.3
2024-01-13 14:00:00+00:00,0.5459,0.5492,0.543,0.546,3226189.5
2024-01-13 15:00:00+00:00,0.546,0.5526,0.5458,0.5507,5433730.9
2024-01-13 16:00:00+00:00,0.5507,0.5509,0.5425,0.5434,4953840.7
2024-01-13 17:00:00+00:00,0.5434,0.5475,0.5405,0.5451,3081512.6
2024-01-13 18:00:00+00:00,0.545,0.5454,0.5429,0.545,2122352.2
2024-01-13 19:00:00+00:00,0.545,0.549,0.545,0.5468,2456274.4
2024-01-13 20:00:00+00:00,0.5468,0.5502,0.5458,0.5491,2105994.2
2024-01-13 21:00:00+00:00,0.549,0.5504,0.5467,0.55,2186182.0
2024-01-13 22:00:00+00:00,0.5501,0.5516,0.5477,0.5507,1919214.4
2024-01-13 23:00:00+00:00,0.5506,0.5514,0.5472,0.5491,2767952.4
2024-01-14 00:00:00+00:00,0.5491,0.5495,0.5421,0.543,2418582.7
2024-01-14 01:00:00+00:00,0.543,0.547,0.5425,0.5465,1604605.5
2024-01-14 02:00:00+00:00,0.5465,0.5475,0.5426,0.545,1460068.2
2024-01-14 03:00:00+00:00,0.545,0.5466,0.5428,0.5441,1571080.9
2024-01-14 04:00:00+00:00,0.544,0.5463,0.5404,0.5412,2686668.1
2024-01-14 05:00:00+00:00,0.5411,0.5479,0.5411,0.5479,2108265.1
2024-01-14 06:00:00+00:00,0.548,0.5502,0.5476,0.5489,2542248.0
2024-01-14 07:00:00+00:00,0.5489,0.5493,0.545,0.5468,1832503.7
2024-01-14 08:00:00+00:00,0.5468,0.5469,0.543,0.5462,5409781.4
2024-01-14 09:00:00+00:00,0.5462,0.5474,0.5432,0.5471,2078252.5
2024-01-14 10:00:00+00:00,0.5471,0.5494,0.5456,0.5462,2965590.2
2024-01-14 11:00:00+00:00,0.5462,0.5469,0.5435,0.5443,1254213.6
2024-01-14 12:00:00+00:00,0.5443,0.5461,0.5415,0.5417,3147268.4
2024-01-14 13:00:00+00:00,0.5417,0.5455,0.5412,0.5452,1691452.1
2024-01-14 14:00:00+00:00,0.5452,0.5474,0.5436,0.5439,1951815.1
2024-01-14 15:00:00+00:00,0.544,0.547,0.5437,0.5456,1733495.2
2024-01-14 16:00:00+00:00,0.5456,0.5477,0.5424,0.5447,3060336.2
2024-01-14 17:00:00+00:00,0.5447,0.5488,0.5441,0.5465,2740405.1
2024-01-14 18:00:00+00:00,0.5466,0.5482,0.5422,0.5452,2593038.5
2024-01-14 19:00:00+00:00,0.5452,0.5459,0.5344,0.5357,7205633.3
2024-01-14 20:00:00+00:00,0.5356,0.5392,0.529,0.536,7762571.9
2024-01-14 21:00:00+00:00,0.536,0.5399,0.5313,0.5393,4799731.9
2024-01-14 22:00:00+00:00,0.5392,0.5404,0.532,0.5335,2415833.9
2024-01-14 23:00:00+00:00,0.5333,0.5339,0.5233,0.5251,7106123.2
2024-01-15 00:00:00+00:00,0.5251,0.5332,0.5244,0.5332,4452343.5
2024-01-15 01:00:00+00:00,0.5332,0.536,0.5312,0.5349,1981989.2
2024-01-15 02:00:00+00:00,0.5349,0.5367,0.5329,0.5367,1854411.1
2024-01-15 03:00:00+00:00,0.5367,0.5395,0.536,0.5378,2573553.3
2024-01-15 04:00:00+00:00,0.538,0.5396,0.5367,0.5393,1630371.2
2024-01-15 05:00:00+00:00,0.5393,0.5416,0.5378,0.5391,1721539.7
2024-01-15 06:00:00+00:00,0.5391,0.5403,0.5361,0.5364,2035218.6
2024-01-15 07:00:00+00:00,0.5363,0.5376,0.5339,0.5369,1631785.8
2024-01-15 08:00:00+00:00,0.5369,0.5383,0.5357,0.5375,1698886.9
2024-01-15 09:00:00+00:00,0.5376,0.54,0.5353,0.5392,1573037.6
2024-01-15 10:00:00+00:00,0.5393,0.54,0.5368,0.5377,1594383.3
2024-01-15 11:00:00+00:00,0.5378,0.5387,0.5355,0.5363,1422543.7
2024-01-15 12:00:00+00:00,0.5362,0.538,0.5323,0.534,2742816.7
2024-01-15 13:00:00+00:00,0.534,0.5371,0.5314,0.5349,2669725.7
2024-01-15 14:00:00+00:00,0.535,0.5354,0.5239,0.5255,4629935.3
2024-01-15 15:00:00+00:00,0.5255,0.5294,0.5233,0.5248,5048899.3
2024-01-15 16:00:00+00:00,0.5247,0.5279,0.5242,0.5273,2194976.2
2024-01-15 17:00:00+00:00,0.5274,0.5291,0.5265,0.5286,2909047.9
2024-01-15 18:00:00+00:00,0.5285,0.5364,0.5283,0.5321,5702417.0
2024-01-15 19:00:00+00:00,0.5322,0.5365,0.5315,0.5341,2447010.8
2024-01-15 20:00:00+00:00,0.534,0.5375,0.5309,0.5322,3858398.9
2024-01-15 21:00:00+00:00,0.5323,0.5324,0.5277,0.5284,1901027.0
2024-01-15 22:00:00+00:00,0.5285,0.5312,0.5217,0.5285,3852053.6
2024-01-15 23:00:00+00:00,0.5284,0.5304,0.5272,0.5276,1459153.7
2024-01-16 00:00:00+00:00,0.5276,0.5326,0.5276,0.532,1792669.7
2024-01-16 01:00:00+00:00,0.5319,0.5356,0.5306,0.5316,2218710.3
2024-01-16 02:00:00+00:00,0.5316,0.5342,0.5308,0.5322,1196636.8
2024-01-16 03:00:00+00:00,0.5322,0.5358,0.5321,0.5358,1271466.8
2024-01-16 04:00:00+00:00,0.5359,0.536,0.5323,0.533,1011585.7
2024-01-16 05:00:00+00:00,0.533,0.5349,0.5313,0.5315,1502156.4
2024-01-16 06:00:00+00:00,0.5315,0.5326,0.5297,0.5326,1333171.4
2024-01-16 07:00:00+00:00,0.5325,0.5338,0.5303,0.5325,1565225.4
2024-01-16 08:00:00+00:00,0.5326,0.5366,0.5313,0.5361,2610947.1
2024-01-16 09:00:00+00:00,0.5361,0.5384,0.535,0.5353,2874617.6
2024-01-16 10:00:00+00:00,0.5352,0.5382,0.534,0.5369,2752254.8
2024-01-16 11:00:00+00:00,0.5369,0.5382,0.5341,0.5375,1995434.4
2024-01-16 12:00:00+00:00,0.5375,0.5418,0.537,0.5418,3093462.6
2024-01-16 13:00:00+00:00,0.5418,0.5426,0.537,0.5374,6684222.6
2024-01-16 14:00:00+00:00,0.5374,0.5395,0.525,0.5335,9979990.3
2024-01-16 15:00:00+00:00,0.5335,0.5454,0.5316,0.5422,8455074.2
2024-01-16 16:00:00+00:00,0.5423,0.5482,0.5409,0.5442,5384449.2
2024-01-16 17:00:00+00:00,0.5442,0.5443,0.5396,0.5399,2897084.9
2024-01-16 18:00:00+00:00,0.5399,0.5419,0.536,0.5395,3276844.9
2024-01-16 19:00:00+00:00,0.5395,0.5417,0.5382,0.5396,2137889.2
2024-01-16 20:00:00+00:00,0.5397,0.5419,0.5381,0.5408,2230504.9
2024-01-16 21:00:00+00:00,0.5408,0.5452,0.5406,0.543,2617090.4
2024-01-16 22:00:00+00:00,0.543,0.5441,0.5391,0.54,2884425.6
2024-01-16 23:00:00+00:00,0.54,0.5416,0.5346,0.5356,2588099.3
2024-01-17 00:00:00+00:00,0.5356,0.5371,0.5335,0.5353,2255536.3
2024-01-17 01:00:00+00:00,0.5353,0.5395,0.534,0.538,2770688.6
2024-01-17 02:00:00+00:00,0.538,0.5395,0.5362,0.5376,2383038.7
2024-01-17 03:00:00+00:00,0.5376,0.5378,0.5347,0.5347,1620731.8
2024-01-17 04:00:00+00:00,0.5348,0.5361,0.5322,0.5336,2768540.6
2024-01-17 05:00:00+00:00,0.5336,0.5365,0.5311,0.5313,2783879.7
2024-01-17 06:00:00+00:00,0.5312,0.5333,0.5306,0.5312,1251072.5
2024-01-17 07:00:00+00:00,0.5312,0.532,0.5273,0.5283,3600001.1
2024-01-17 08:00:00+00:00,0.5284,0.53,0.5259,0.5296,4084439.5
2024-01-17 09:00:00+00:00,0.5296,0.5326,0.5289,0.5307,1802102.4
2024-01-17 10:00:00+00:00,0.5306,0.5347,0.5305,0.5341,3296055.3
2024-01-17 11:00:00+00:00,0.5342,0.5352,0.5318,0.5323,2632309.0
2024-01-17 12:00:00+00:00,0.5324,0.5346,0.5288,0.5345,3672550.2
2024-01-17 13:00:00+00:00,0.5345,0.5345,0.5279,0.5293,2860284.9
2024-01-17 14:00:00+00:00,0.5292,0.5339,0.5268,0.5285,3709335.2
2024-01-17 15:00:00+00:00,0.5286,0.5307,0.5254,0.5263,3463685.3
2024-01-17 16:00:00+00:00,0.5263,0.5274,0.5248,0.5267,2854374.2
2024-01-17 17:00:00+00:00,0.5267,0.529,0.5213,0.5277,3836249.2
2024-01-17 18:00:00+00:00,0.5277,0.5293,0.5259,0.5288,2462177.0
2024-01-17 19:00:00+00:00,0.5289,0.5298,0.5266,0.5278,1713579.3
2024-01-17 20:00:00+00:00,0.5279,0.53,0.5269,0.5287,1903690.7
2024-01-17 21:00:00+00:00,0.5285,0.5304,0.5276,0.5285,1595141.3
2024-01-17 22:00:00+00:00,0.5285,0.5289,0.5223,0.5276,2501893.4
2024-01-17 23:00:00+00:00,0.5276,0.5283,0.5247,0.5282,2112436.8
2024-01-18 00:00:00+00:00,0.5282,0.5283,0.5242,0.5269,1698266.8
2024-01-18 01:00:00+00:00,0.527,0.5278,0.5178,0.5222,3981011.6
2024-01-18 02:00:00+00:00,0.5222,0.5245,0.5214,0.5222,1558593.3
2024-01-18 03:00:00+00:00,0.5222,0.5228,0.52,0.5212,1690700.5
2024-01-18 04:00:00+00:00,0.5211,0.523,0.5196,0.5205,1549946.6
2024-01-18 05:00:00+00:00,0.5206,0.5226,0.5194,0.5226,1090763.2
2024-01-18 06:00:00+00:00,0.5225,0.5242,0.5221,0.5237,1446802.2
2024-01-18 07:00:00+00:00,0.5237,0.5254,0.5226,0.5252,1979342.1
2024-01-18 08:00:00+00:00,0.5253,0.526,0.5223,0.5226,1760372.0
2024-01-18 09:00:00+00:00,0.5227,0.5241,0.5205,0.5207,1607712.2
2024-01-18 10:00:00+00:00,0.5207,0.5227,0.515,0.5159,4208863.1
2024-01-18 11:00:00+00:00,0.5158,0.5181,0.5156,0.5173,2312061.9
2024-01-18 12:00:00+00:00,0.5173,0.5173,0.5114,0.5143,4008667.0
2024-01-18 13:00:00+00:00,0.5142,0.5168,0.5105,0.5147,3903771.4
2024-01-18 14:00:00+00:00,0.5147,0.5175,0.5144,0.5173,2787087.9
2024-01-18 15:00:00+00:00,0.5174,0.5229,0.5144,0.5203,7585370.0
2024-01-18 16:00:00+00:00,0.5203,0.5234,0.5068,0.5134,9784730.6
2024-01-18 17:00:00+00:00,0.5134,0.5145,0.5053,0.5096,7198465.4
2024-01-18 18:00:00+00:00,0.5096,0.5107,0.5029,0.5093,6113911.1
2024-01-18 19:00:00+00:00,0.5094,0.5097,0.4955,0.4993,10306445.2
2024-01-18 20:00:00+00:00,0.4993,0.5061,0.4966,0.5003,8292114.8
2024-01-18 21:00:00+00:00,0.5003,0.5045,0.4983,0.5023,4111904.0
2024-01-18 22:00:00+00:00,0.5023,0.5049,0.5008,0.5046,2136385.8
2024-01-18 23:00:00+00:00,0.5046,0.5046,0.5017,0.5026,1827980.8
2024-01-19 00:00:00+00:00,0.5027,0.505,0.4971,0.4997,3742104.8
2024-01-19 01:00:00+00:00,0.4996,0.4998,0.4914,0.496,5330736.9
2024-01-19 02:00:00+00:00,0.496,0.4973,0.4903,0.4924,4246148.8
2024-01-19 03:00:00+00:00,0.4924,0.4949,0.4872,0.4945,8599302.4
2024-01-19 04:00:00+00:00,0.4946,0.4975,0.4938,0.4958,2859745.5
2024-01-19 05:00:00+00:00,0.4958,0.5003,0.4946,0.4975,2777394.7
2024-01-19 06:00:00+00:00,0.4974,0.5012,0.4969,0.5004,4037996.4
2024-01-19 07:00:00+00:00,0.5003,0.5012,0.4992,0.4996,3642367.8
2024-01-19 08:00:00+00:00,0.4997,0.5011,0.4975,0.4996,2056500.8
2024-01-19 09:00:00+00:00,0.4997,0.5014,0.498,0.4999,2170463.2
2024-01-19 10:00:00+00:00,0.4998,0.5019,0.4992,0.5018,2588108.4
2024-01-19 11:00:00+00:00,0.5018,0.5021,0.4994,0.5007,2117836.0
2024-01-19 12:00:00+00:00,0.5008,0.5008,0.498,0.4984,2761572.9
2024-01-19 13:00:00+00:00,0.4984,0.5003,0.4976,0.4999,2287813.2
2024-01-19 14:00:00+00:00,0.4999,0.5005,0.4913,0.4932,8220084.5
2024-01-19 15:00:00+00:00,0.4931,0.4937,0.4875,0.4885,6220129.9
2024-01-19 16:00:00+00:00,0.4885,0.4895,0.4713,0.4763,18261376.4
2024-01-19 17:00:00+00:00,0.4764,0.487,0.4756,0.4869,9596659.3
2024-01-19 18:00:00+00:00,0.4869,0.4978,0.4835,0.4961,9074115.9
2024-01-19 19:00:00+00:00,0.4961,0.4986,0.4936,0.4979,4737451.1
2024-01-19 20:00:00+00:00,0.498,0.5014,0.4943,0.4952,5365217.1
2024-01-19 21:00:00+00:00,0.4953,0.5003,0.4945,0.4996,2327841.1
2024-01-19 22:00:00+00:00,0.4995,0.4997,0.4967,0.4988,2330686.4
2024-01-19 23:00:00+00:00,0.4988,0.5054,0.4976,0.5044,4575288.5
2024-01-20 00:00:00+00:00,0.5043,0.507,0.4986,0.4993,4690665.8
2024-01-20 01:00:00+00:00,0.4992,0.5098,0.4989,0.5091,4091847.3
2024-01-20 02:00:00+00:00,0.5091,0.51,0.5059,0.5093,1992462.6
2024-01-20 03:00:00+00:00,0.5093,0.5093,0.5042,0.5056,2616690.7
2024-01-20 04:00:00+00:00,0.5055,0.5087,0.5049,0.5073,1521718.7
2024-01-20 05:00:00+00:00,0.5074,0.5076,0.5047,0.5057,1193992.8
2024-01-20 06:00:00+00:00,0.5057,0.5111,0.505,0.5111,4035526.6
2024-01-20 07:00:00+00:00,0.5111,0.5179,0.5111,0.5146,6544054.9
2024-01-20 08:00:00+00:00,0.5146,0.5174,0.5097,0.5139,5711249.5
2024-01-20 09:00:00+00:00,0.5137,0.515,0.509,0.5107,5466751.0
2024-01-20 10:00:00+00:00,0.5105,0.5165,0.5101,0.5132,4026618.8
2024-01-20 11:00:00+00:00,0.5132,0.5161,0.5096,0.5161,3973342.4
2024-01-20 12:00:00+00:00,0.5161,0.5177,0.5144,0.5153,3440062.5
2024-01-20 13:00:00+00:00,0.5153,0.5176,0.5142,0.515,2809306.5
2024-01-20 14:00:00+00:00,0.5151,0.5163,0.5115,0.5122,4285104.9
2024-01-20 15:00:00+00:00,0.5122,0.5131,0.5095,0.5109,2859411.3
2024-01-20 16:00:00+00:00,0.511,0.513,0.5097,0.51,2801371.9
2024-01-20 17:00:00+00:00,0.5101,0.511,0.5066,0.5094,3461153.2
2024-01-20 18:00:00+00:00,0.5095,0.5098,0.5069,0.5084,1742141.5
2024-01-20 19:00:00+00:00,0.5085,0.5115,0.5084,0.5106,1281947.5
2024-01-20 20:00:00+00:00,0.5106,0.515,0.5096,0.5134,2967144.5
2024-01-20 21:00:00+00:00,0.5133,0.5167,0.5132,0.5138,3101332.1
2024-01-20 22:00:00+00:00,0.5138,0.5162,0.5138,0.5147,2287102.0
2024-01-20 23:00:00+00:00,0.5146,0.5167,0.5137,0.516,2543229.6
2024-01-21 00:00:00+00:00,0.5159,0.5182,0.5127,0.5137,2920786.8
2024-01-21 01:00:00+00:00,0.5138,0.5158,0.5125,0.5129,1476294.3
2024-01-21 02:00:00+00:00,0.5128,0.5175,0.5128,0.5172,1214662.8
2024-01-21 03:00:00+00:00,0.5172,0.5201,0.5162,0.5178,3735808.6
2024-01-21 04:00:00+00:00,0.5178,0.5205,0.5172,0.5177,2061399.0
2024-01-21 05:00:00+00:00,0.5178,0.5186,0.5143,0.5145,2336670.5
2024-01-21 06:00:00+00:00,0.5144,0.5161,0.5138,0.5148,1319413.8
2024-01-21 07:00:00+00:00,0.5148,0.5163,0.514,0.5159,1129318.7
2024-01-21 08:00:00+00:00,0.5158,0.5175,0.5144,0.5145,1604928.8
2024-01-21 09:00:00+00:00,0.5146,0.518,0.5145,0.5177,1527230.4
2024-01-21 10:00:00+00:00,0.5177,0.5203,0.517,0.52,2154990.0
2024-01-21 11:00:00+00:00,0.5201,0.5204,0.5168,0.5174,1964055.7
2024-01-21 12:00:00+00:00,0.5173,0.5189,0.5158,0.5169,2029307.2
2024-01-21 13:00:00+00:00,0.5168,0.519,0.5164,0.518,1945183.0
2024-01-21 14:00:00+00:00,0.518,0.5204,0.5172,0.519,2051405.7
2024-01-21 15:00:00+00:00,0.519,0.5197,0.5129,0.5142,4294226.8
2024-01-21 16:00:00+00:00,0.5142,0.5142,0.5094,0.5121,4576097.1
2024-01-21 17:00:00+00:00,0.5121,0.5147,0.512,0.5139,1250085.9
2024-01-21 18:00:00+00:00,0.5138,0.5146,0.5114,0.5121,1240522.1
2024-01-21 19:00:00+00:00,0.5121,0.5127,0.5109,0.5114,1111366.8
2024-01-21 20:00:00+00:00,0.5115,0.5127,0.5082,0.5092,2058381.4
2024-01-21 21:00:00+00:00,0.5091,0.51,0.5072,0.5091,3869103.3
2024-01-21 22:00:00+00:00,0.5092,0.5093,0.5041,0.5055,2285654.6
2024-01-21 23:00:00+00:00,0.5054,0.5065,0.5024,0.5032,3851008.4
2024-01-22 00:00:00+00:00,0.5031,0.5063,0.5009,0.5048,2742846.4
2024-01-22 01:00:00+00:00,0.5048,0.5062,0.4979,0.5005,5774560.1
2024-01-22 02:00:00+00:00,0.5005,0.5018,0.4954,0.4968,3741823.6
2024-01-22 03:00:00+00:00,0.4968,0.4983,0.494,0.4965,2735549.4
2024-01-22 04:00:00+00:00,0.4966,0.4974,0.4935,0.4936,3128591.2
2024-01-22 05:00:00+00:00,0.4936,0.5005,0.4909,0.4998,4403343.4
2024-01-22 06:00:00+00:00,0.4998,0.5022,0.4982,0.5001,2338895.2
2024-01-22 07:00:00+00:00,0.5001,0.5003,0.4971,0.498,1909155.3
2024-01-22 08:00:00+00:00,0.498,0.499,0.4894,0.4939,6891787.7
2024-01-22 09:00:00+00:00,0.494,0.4966,0.4891,0.4912,4834119.7
2024-01-22 10:00:00+00:00,0.491,0.4931,0.4852,0.4911,6909839.9
2024-01-22 11:00:00+00:00,0.4911,0.4954,0.4908,0.4935,4873445.9
2024-01-22 12:00:00+00:00,0.4935,0.4953,0.4921,0.4952,2671093.2
2024-01-22 13:00:00+00:00,0.4951,0.4999,0.4951,0.4969,4594446.8
2024-01-22 14:00:00+00:00,0.497,0.4983,0.4911,0.4949,6940845.9
2024-01-22 15:00:00+00:00,0.4949,0.4964,0.487,0.4955,8728879.9
2024-01-22 16:00:00+00:00,0.4956,0.498,0.4899,0.4899,4494588.3
2024-01-22 17:00:00+00:00,0.4899,0.4943,0.4885,0.4921,6444738.2
2024-01-22 18:00:00+00:00,0.4921,0.4939,0.4857,0.4895,8799818.9
2024-01-22 19:00:00+00:00,0.4894,0.4925,0.4767,0.482,20522656.4
2024-01-22 20:00:00+00:00,0.482,0.4893,0.4814,0.4864,11767372.3
2024-01-22 21:00:00+00:00,0.4864,0.4865,0.4811,0.4835,5345425.9
2024-01-22 22:00:00+00:00,0.4834,0.486,0.478,0.4813,5997442.9
2024-01-22 23:00:00+00:00,0.4814,0.4833,0.4769,0.4786,7263183.5
2024-01-23 00:00:00+00:00,0.4787,0.4826,0.478,0.4815,5014864.6
2024-01-23 01:00:00+00:00,0.4817,0.4832,0.4777,0.4809,3233567.6
2024-01-23 02:00:00+00:00,0.4809,0.4854,0.4805,0.4853,2854712.4
2024-01-23 03:00:00+00:00,0.4854,0.4863,0.4825,0.4828,2834799.4
2024-01-23 04:00:00+00:00,0.4829,0.4862,0.4826,0.4826,1759180.0
2024-01-23 05:00:00+00:00,0.4827,0.4841,0.4822,0.4832,1184274.1
2024-01-23 06:00:00+00:00,0.4832,0.4835,0.4801,0.4803,2308822.6
2024-01-23 07:00:00+00:00,0.4803,0.4808,0.4724,0.4754,5682274.4
2024-01-23 08:00:00+00:00,0.4753,0.4766,0.465,0.4668,13032370.5
2024-01-23 09:00:00+00:00,0.4666,0.467,0.4521,0.4558,28684624.7
2024-01-23 10:00:00+00:00,0.4557,0.4634,0.4551,0.4564,8237472.7
2024-01-23 11:00:00+00:00,0.4564,0.46,0.4545,0.4584,7503153.7
2024-01-23 12:00:00+00:00,0.4583,0.4611,0.4538,0.4592,6062588.6
2024-01-23 13:00:00+00:00,0.4592,0.4595,0.4525,0.4528,7414568.8
2024-01-23 14:00:00+00:00,0.4528,0.4595,0.4477,0.4588,15546293.8
2024-01-23 15:00:00+00:00,0.4588,0.4709,0.4587,0.4676,21150780.0
2024-01-23 16:00:00+00:00,0.4676,0.4692,0.4624,0.4679,7757853.0
2024-01-23 17:00:00+00:00,0.4679,0.4723,0.4663,0.4673,7711155.8
2024-01-23 18:00:00+00:00,0.4673,0.4723,0.463,0.463,6045434.1
2024-01-23 19:00:00+00:00,0.463,0.4669,0.4625,0.4633,4584952.4
2024-01-23 20:00:00+00:00,0.4633,0.4701,0.4628,0.4675,5988816.9
2024-01-23 21:00:00+00:00,0.4674,0.4697,0.4632,0.4673,5299177.6
2024-01-23 22:00:00+00:00,0.4674,0.4743,0.4674,0.4723,4198878.8
2024-01-23 23:00:00+00:00,0.4724,0.4777,0.4718,0.4773,5274320.2
2024-01-24 00:00:00+00:00,0.4773,0.4791,0.4716,0.475,7704631.0
2024-01-24 01:00:00+00:00,0.4749,0.4749,0.4665,0.4667,3534403.3
2024-01-24 02:00:00+00:00,0.467,0.4694,0.4654,0.4669,3233503.5
2024-01-24 03:00:00+00:00,0.4669,0.4676,0.4643,0.4651,3839292.8
2024-01-24 04:00:00+00:00,0.4653,0.4673,0.4643,0.4645,2582990.3
2024-01-24 05:00:00+00:00,0.4646,0.4687,0.4646,0.4672,2659997.2
2024-01-24 06:00:00+00:00,0.4672,0.4697,0.4646,0.4693,3518524.1
2024-01-24 07:00:00+00:00,0.4693,0.4727,0.4672,0.4701,4314279.0
2024-01-24 08:00:00+00:00,0.4702,0.4728,0.4674,0.471,3279984.6
2024-01-24 09:00:00+00:00,0.4709,0.4766,0.4703,0.4735,5690340.1
2024-01-24 10:00:00+00:00,0.4736,0.4805,0.4726,0.4783,6135573.4
2024-01-24 11:00:00+00:00,0.4784,0.4792,0.4735,0.4751,3861259.9
2024-01-24 12:00:00+00:00,0.475,0.4776,0.4726,0.4732,3909631.9
2024-01-24 13:00:00+00:00,0.4732,0.474,0.4687,0.4711,5334876.4
2024-01-24 14:00:00+00:00,0.4712,0.4752,0.4692,0.4706,4748745.2
2024-01-24 15:00:00+00:00,0.4705,0.4741,0.4685,0.4728,3822941.7
2024-01-24 16:00:00+00:00,0.4728,0.4758,0.4702,0.4753,3603351.6
2024-01-24 17:00:00+00:00,0.4754,0.4784,0.4734,0.4758,3831630.6
2024-01-24 18:00:00+00:00,0.4757,0.4761,0.4682,0.4718,3575762.4
2024-01-24 19:00:00+00:00,0.4717,0.4736,0.4703,0.4724,2356612.9
2024-01-24 20:00:00+00:00,0.4724,0.4758,0.4682,0.4691,3770933.6
2024-01-24 21:00:00+00:00,0.4692,0.4723,0.4686,0.471,2771504.2
2024-01-24 22:00:00+00:00,0.471,0.4736,0.4703,0.4721,1718265.8
2024-01-24 23:00:00+00:00,0.4722,0.4778,0.4722,0.4765,4275382.0
2024-01-25 00:00:00+00:00,0.4766,0.4773,0.4725,0.4758,3994813.3
2024-01-25 01:00:00+00:00,0.4759,0.4762,0.4701,0.471,2633623.9
2024-01-25 02:00:00+00:00,0.471,0.4727,0.4693,0.4701,2120557.1
2024-01-25 03:00:00+00:00,0.4703,0.4728,0.4699,0.4716,1797223.0
2024-01-25 04:00:00+00:00,0.4717,0.4729,0.4677,0.4691,1914503.8
2024-01-25 05:00:00+00:00,0.469,0.4695,0.4658,0.4684,3159729.4
2024-01-25 06:00:00+00:00,0.4684,0.4731,0.4682,0.4727,2283270.6
2024-01-25 07:00:00+00:00,0.4728,0.4749,0.4714,0.4747,2116850.8
2024-01-25 08:00:00+00:00,0.4746,0.4757,0.4726,0.474,3475348.7
2024-01-25 09:00:00+00:00,0.4739,0.4752,0.4707,0.4709,3561318.1
2024-01-25 10:00:00+00:00,0.4709,0.4736,0.469,0.4733,1888743.4
2024-01-25 11:00:00+00:00,0.4733,0.4841,0.4718,0.4794,12061455.5
2024-01-25 12:00:00+00:00,0.4793,0.4814,0.471,0.4725,5550890.4
2024-01-25 13:00:00+00:00,0.4727,0.4746,0.4691,0.471,4045061.7
2024-01-25 14:00:00+00:00,0.4709,0.4761,0.4697,0.4736,2067938.4
2024-01-25 15:00:00+00:00,0.4737,0.474,0.4646,0.4668,6991106.1
2024-01-25 16:00:00+00:00,0.4668,0.4669,0.4603,0.4606,5144126.3
2024-01-25 17:00:00+00:00,0.4606,0.4663,0.4585,0.4656,3703491.1
2024-01-25 18:00:00+00:00,0.4656,0.4701,0.4654,0.4661,3905901.7
2024-01-25 19:00:00+00:00,0.4661,0.4702,0.465,0.4689,2515235.2
2024-01-25 20:00:00+00:00,0.4689,0.469,0.4652,0.4677,2287590.8
2024-01-25 21:00:00+00:00,0.4678,0.4697,0.4662,0.4681,2109774.9
2024-01-25 22:00:00+00:00,0.4681,0.4687,0.4661,0.4678,1817764.3
2024-01-25 23:00:00+00:00,0.4678,0.4681,0.4644,0.4666,4526179.2
2024-01-26 00:00:00+00:00,0.4667,0.4667,0.4631,0.4652,1814416.0
2024-01-26 01:00:00+00:00,0.4652,0.4683,0.463,0.4666,1839115.0
2024-01-26 02:00:00+00:00,0.4666,0.4708,0.4666,0.4702,3583424.4
2024-01-26 03:00:00+00:00,0.4702,0.4714,0.4687,0.4693,2473896.1
2024-01-26 04:00:00+00:00,0.4693,0.4713,0.4692,0.4698,1325185.5
2024-01-26 05:00:00+00:00,0.4699,0.4714,0.4692,0.4706,1389831.3
2024-01-26 06:00:00+00:00,0.4707,0.4729,0.4688,0.4693,3090452.9
2024-01-26 07:00:00+00:00,0.4694,0.4703,0.4675,0.4678,2330849.6
2024-01-26 08:00:00+00:00,0.4679,0.4715,0.4676,0.4706,3025078.3
2024-01-26 09:00:00+00:00,0.4707,0.4744,0.4699,0.4702,2688752.3
2024-01-26 10:00:00+00:00,0.4701,0.4796,0.47,0.4792,5339466.9
2024-01-26 11:00:00+00:00,0.4791,0.4845,0.4791,0.4835,12333277.9
2024-01-26 12:00:00+00:00,0.4835,0.4873,0.4808,0.4815,7718260.7
2024-01-26 13:00:00+00:00,0.4815,0.4839,0.4785,0.4807,4012680.9
2024-01-26 14:00:00+00:00,0.4807,0.4862,0.4804,0.4861,3721425.1
2024-01-26 15:00:00+00:00,0.4861,0.4862,0.4828,0.4856,3617855.5
2024-01-26 16:00:00+00:00,0.4856,0.4904,0.4853,0.4892,7678204.5
2024-01-26 17:00:00+00:00,0.4893,0.4899,0.4862,0.4865,5732810.6
2024-01-26 18:00:00+00:00,0.4865,0.4889,0.4853,0.4856,8568490.5
2024-01-26 19:00:00+00:00,0.4856,0.486,0.4817,0.4828,9482808.8
2024-01-26 20:00:00+00:00,0.4829,0.4865,0.4807,0.4822,7563089.2
2024-01-26 21:00:00+00:00,0.4822,0.4838,0.4804,0.4833,2629145.3
2024-01-26 22:00:00+00:00,0.4833,0.4859,0.4818,0.4859,2444892.7
2024-01-26 23:00:00+00:00,0.4858,0.4867,0.484,0.4849,2121317.9
2024-01-27 00:00:00+00:00,0.485,0.4875,0.4845,0.4871,2290939.5
2024-01-27 01:00:00+00:00,0.4872,0.4878,0.4848,0.4862,3030469.2
2024-01-27 02:00:00+00:00,0.4862,0.4882,0.4859,0.4871,1453791.9
2024-01-27 03:00:00+00:00,0.4871,0.4882,0.4859,0.4873,1190656.4
2024-01-27 04:00:00+00:00,0.4873,0.4879,0.4849,0.4855,1659380.2
2024-01-27 05:00:00+00:00,0.4855,0.4857,0.481,0.4816,2406304.0
2024-01-27 06:00:00+00:00,0.4816,0.4827,0.4805,0.4807,2470804.5
2024-01-27 07:00:00+00:00,0.4808,0.4812,0.4781,0.4797,2932705.9
2024-01-27 08:00:00+00:00,0.4797,0.4797,0.4757,0.4764,4482434.6
2024-01-27 09:00:00+00:00,0.4764,0.4803,0.4754,0.4795,3330647.7
2024-01-27 10:00:00+00:00,0.4795,0.4816,0.4788,0.48,3293841.1
2024-01-27 11:00:00+00:00,0.4801,0.4822,0.479,0.4817,2001417.1
2024-01-27 12:00:00+00:00,0.4816,0.4845,0.4814,0.4834,2138437.1
2024-01-27 13:00:00+00:00,0.4833,0.4834,0.4814,0.482,1600283.9
2024-01-27 14:00:00+00:00,0.4819,0.4857,0.4815,0.4839,2160933.0
2024-01-27 15:00:00+00:00,0.4839,0.4864,0.4834,0.4854,2157590.0
2024-01-27 16:00:00+00:00,0.4853,0.4867,0.483,0.4835,2153444.1
2024-01-27 17:00:00+00:00,0.4836,0.4852,0.4833,0.484,1327529.0
2024-01-27 18:00:00+00:00,0.4841,0.4859,0.4834,0.4847,1796267.7
2024-01-27 19:00:00+00:00,0.4848,0.4889,0.4848,0.488,3354540.7
2024-01-27 20:00:00+00:00,0.488,0.4895,0.4871,0.4891,1414256.1
2024-01-27 21:00:00+00:00,0.4892,0.49,0.4886,0.4891,1909046.5
2024-01-27 22:00:00+00:00,0.4891,0.4894,0.4866,0.487,2418617.5
2024-01-27 23:00:00+00:00,0.487,0.487,0.4846,0.4862,2393811.8
2024-01-28 00:00:00+00:00,0.4862,0.4878,0.4854,0.4871,1606311.7
2024-01-28 01:00:00+00:00,0.4871,0.4938,0.487,0.4908,4893394.7
2024-01-28 02:00:00+00:00,0.4908,0.4915,0.4899,0.4912,1551059.4
2024-01-28 03:00:00+00:00,0.4912,0.4964,0.4909,0.4959,4563199.2
2024-01-28 04:00:00+00:00,0.4959,0.4996,0.4948,0.4988,6017216.5
2024-01-28 05:00:00+00:00,0.4988,0.5006,0.4958,0.4975,5442939.0
2024-01-28 06:00:00+00:00,0.4976,0.4981,0.4939,0.4946,4402942.7
2024-01-28 07:00:00+00:00,0.4946,0.4972,0.4923,0.4928,13950805.4
2024-01-28 08:00:00+00:00,0.4928,0.4979,0.4911,0.4955,3884181.1
2024-01-28 09:00:00+00:00,0.4955,0.4983,0.495,0.4975,3626171.3
2024-01-28 10:00:00+00:00,0.4975,0.4998,0.4964,0.4984,2569768.1
2024-01-28 11:00:00+00:00,0.4985,0.4992,0.4945,0.4955,4352750.8
2024-01-28 12:00:00+00:00,0.4955,0.4969,0.4912,0.4954,4249268.6
2024-01-28 13:00:00+00:00,0.4953,0.4959,0.4914,0.493,3265988.7
2024-01-28 14:00:00+00:00,0.4929,0.4961,0.4893,0.4894,3658877.0
2024-01-28 15:00:00+00:00,0.4895,0.4929,0.4885,0.4915,5642823.0
2024-01-28 16:00:00+00:00,0.4914,0.4944,0.4911,0.4938,1856175.7
2024-01-28 17:00:00+00:00,0.4938,0.494,0.4885,0.4905,2442231.2
2024-01-28 18:00:00+00:00,0.4904,0.491,0.4861,0.4881,2890556.3
2024-01-28 19:00:00+00:00,0.4881,0.4903,0.484,0.4862,4057387.8
2024-01-28 20:00:00+00:00,0.4862,0.4906,0.4834,0.4896,3785249.9
2024-01-28 21:00:00+00:00,0.4896,0.4923,0.4888,0.4913,3955772.4
2024-01-28 22:00:00+00:00,0.4913,0.4917,0.4851,0.4872,2162784.5
2024-01-28 23:00:00+00:00,0.4872,0.4904,0.4852,0.4903,2301702.5
2024-01-29 00:00:00+00:00,0.4903,0.4927,0.4868,0.4907,3015557.4
2024-01-29 01:00:00+00:00,0.4907,0.4962,0.4905,0.4945,3263985.4
2024-01-29 02:00:00+00:00,0.4944,0.498,0.4937,0.494,2509243.6
2024-01-29 03:00:00+00:00,0.4939,0.497,0.4939,0.4939,3103987.6
2024-01-29 04:00:00+00:00,0.4939,0.4941,0.4909,0.492,2761751.3
2024-01-29 05:00:00+00:00,0.492,0.4932,0.4905,0.491,2202646.9
2024-01-29 06:00:00+00:00,0.4911,0.4925,0.4896,0.4899,2772870.2
2024-01-29 07:00:00+00:00,0.4899,0.491,0.4867,0.4874,3558731.5
2024-01-29 08:00:00+00:00,0.4875,0.4888,0.486,0.4883,2552536.0
2024-01-29 09:00:00+00:00,0.4883,0.4907,0.4859,0.4899,2238902.6
2024-01-29 10:00:00+00:00,0.49,0.4909,0.4886,0.4897,1875447.3
2024-01-29 11:00:00+00:00,0.4897,0.4901,0.4872,0.4879,2366718.9
2024-01-29 12:00:00+00:00,0.488,0.4917,0.4857,0.4873,2625258.8
2024-01-29 13:00:00+00:00,0.4873,0.4888,0.4836,0.4859,4146252.6
2024-01-29 14:00:00+00:00,0.4859,0.4887,0.4849,0.4884,2405733.4
2024-01-29 15:00:00+00:00,0.4885,0.4978,0.4867,0.4977,3770082.6
2024-01-29 16:00:00+00:00,0.4976,0.5087,0.4966,0.5079,15680670.7
2024-01-29 17:00:00+00:00,0.508,0.5118,0.5048,0.5067,9598057.1
2024-01-29 18:00:00+00:00,0.5068,0.5192,0.5067,0.5174,11032500.2
2024-01-29 19:00:00+00:00,0.5173,0.5246,0.5173,0.5206,10918863.2
2024-01-29 20:00:00+00:00,0.5207,0.5279,0.5207,0.5273,10636984.5
2024-01-29 21:00:00+00:00,0.5273,0.5276,0.5232,0.5256,8113229.7
2024-01-29 22:00:00+00:00,0.5256,0.5282,0.5242,0.525,5058028.2
2024-01-29 23:00:00+00:00,0.525,0.5264,0.523,0.526,4793382.4
2024-01-30 00:00:00+00:00,0.5261,0.5316,0.5227,0.523,9601727.5
2024-01-30 01:00:00+00:00,0.523,0.535,0.5228,0.5319,9263640.0
2024-01-30 02:00:00+00:00,0.532,0.5367,0.5316,0.5356,8207615.6
2024-01-30 03:00:00+00:00,0.5356,0.5367,0.5304,0.5305,5156937.6
2024-01-30 04:00:00+00:00,0.5305,0.5317,0.5277,0.5278,4563554.2
2024-01-30 05:00:00+00:00,0.5278,0.5295,0.5262,0.5289,4648168.6
2024-01-30 06:00:00+00:00,0.5289,0.5325,0.528,0.5323,4404629.9
2024-01-30 07:00:00+00:00,0.5322,0.5324,0.5284,0.5288,3666350.1
2024-01-30 08:00:00+00:00,0.5287,0.5305,0.5271,0.5294,3225750.2
2024-01-30 09:00:00+00:00,0.5294,0.5299,0.5269,0.5278,2810841.0
2024-01-30 10:00:00+00:00,0.5277,0.5315,0.5272,0.5305,2411661.2
2024-01-30 11:00:00+00:00,0.5305,0.531,0.5282,0.53,2826760.7
2024-01-30 12:00:00+00:00,0.53,0.5315,0.523,0.5245,9419527.9
2024-01-30 13:00:00+00:00,0.5244,0.5259,0.5174,0.5185,9426347.9
2024-01-30 14:00:00+00:00,0.5186,0.5211,0.5152,0.5181,6719407.9
2024-01-30 15:00:00+00:00,0.5181,0.5247,0.5159,0.522,5569654.1
2024-01-30 16:00:00+00:00,0.522,0.524,0.5174,0.5219,4407349.4
2024-01-30 17:00:00+00:00,0.5218,0.5237,0.5178,0.5191,4614083.2
2024-01-30 18:00:00+00:00,0.5192,0.5198,0.5156,0.5181,5176942.3
2024-01-30 19:00:00+00:00,0.5182,0.5208,0.5169,0.5205,2790225.3
2024-01-30 20:00:00+00:00,0.5206,0.5222,0.5183,0.5218,3223196.8
2024-01-30 21:00:00+00:00,0.5217,0.5294,0.5186,0.5262,6489791.0
2024-01-30 22:00:00+00:00,0.5261,0.5263,0.517,0.5172,4625490.5
2024-01-30 23:00:00+00:00,0.5172,0.5215,0.5122,0.5136,8688367.9
2024-01-31 00:00:00+00:00,0.5137,0.516,0.5056,0.5126,7101626.5
2024-01-31 01:00:00+00:00,0.5127,0.5153,0.5094,0.5127,4573718.4
2024-01-31 02:00:00+00:00,0.5126,0.5141,0.5062,0.512,5592581.3
2024-01-31 03:00:00+00:00,0.512,0.5136,0.5105,0.5125,2754060.4
2024-01-31 04:00:00+00:00,0.5125,0.5129,0.5098,0.5115,3111415.4
2024-01-31 05:00:00+00:00,0.5114,0.513,0.5086,0.5113,3186846.3
2024-01-31 06:00:00+00:00,0.5113,0.5125,0.5084,0.5096,3237530.2
2024-01-31 07:00:00+00:00,0.5096,0.5129,0.5087,0.5126,3799322.9
2024-01-31 08:00:00+00:00,0.5127,0.5132,0.5088,0.5096,2660733.0
2024-01-31 09:00:00+00:00,0.5096,0.5097,0.5018,0.5021,6790271.0
2024-01-31 10:00:00+00:00,0.5021,0.5042,0.4977,0.4985,7437659.7
2024-01-31 11:00:00+00:00,0.4985,0.5024,0.4975,0.5021,4902594.9
2024-01-31 12:00:00+00:00,0.502,0.505,0.5008,0.5031,2781703.0
2024-01-31 13:00:00+00:00,0.5031,0.5056,0.5012,0.5037,2844974.4
2024-01-31 14:00:00+00:00,0.5036,0.5054,0.498,0.5031,5161019.0
2024-01-31 15:00:00+00:00,0.5032,0.5098,0.495,0.5085,9161043.0
2024-01-31 16:00:00+00:00,0.5085,0.5103,0.5053,0.5078,5065151.9
2024-01-31 17:00:00+00:00,0.5077,0.52,0.5058,0.5172,16118891.7
2024-01-31 18:00:00+00:00,0.5172,0.5203,0.513,0.5142,4694420.2
2024-01-31 19:00:00+00:00,0.5142,0.5167,0.5078,0.5123,6587466.9
2024-01-31 20:00:00+00:00,0.5124,0.5131,0.5016,0.5023,8946171.1
2024-01-31 21:00:00+00:00,0.5024,0.5047,0.4939,0.4985,8508364.1
2024-01-31 22:00:00+00:00,0.4985,0.5014,0.4932,0.5,4797330.4
2024-01-31 23:00:00+00:00,0.4999,0.5023,0.4975,0.4976,3184727.8
2024-02-01 00:00:00+00:00,0.4976,0.4998,0.4946,0.4989,6208064.2
2024-02-01 01:00:00+00:00,0.4989,0.499,0.4858,0.4873,10971568.1
2024-02-01 02:00:00+00:00,0.4874,0.4928,0.4868,0.4921,3960033.5
2024-02-01 03:00:00+00:00,0.4921,0.4946,0.4909,0.4917,3629521.8
2024-02-01 04:00:00+00:00,0.4916,0.4932,0.4895,0.4913,3996186.7
2024-02-01 05:00:00+00:00,0.4913,0.4923,0.488,0.4903,2580089.4
2024-02-01 06:00:00+00:00,0.4904,0.4918,0.4878,0.4911,3584845.5
2024-02-01 07:00:00+00:00,0.4911,0.4934,0.4898,0.491,3195256.5
2024-02-01 08:00:00+00:00,0.491,0.4937,0.4901,0.4937,1923870.5
2024-02-01 09:00:00+00:00,0.4937,0.4968,0.4913,0.4928,3188798.8
2024-02-01 10:00:00+00:00,0.4928,0.4946,0.4915,0.4921,1840126.1
2024-02-01 11:00:00+00:00,0.4921,0.4928,0.4885,0.4888,3037414.9
2024-02-01 12:00:00+00:00,0.4888,0.4908,0.488,0.4896,3188843.5
2024-02-01 13:00:00+00:00,0.4897,0.4912,0.4866,0.4896,2976928.2
2024-02-01 14:00:00+00:00,0.4895,0.4946,0.489,0.4943,5662416.3
2024-02-01 15:00:00+00:00,0.4942,0.4984,0.4929,0.4932,4509120.9
2024-02-01 16:00:00+00:00,0.4933,0.4938,0.4873,0.4927,4015471.0
2024-02-01 17:00:00+00:00,0.4928,0.4984,0.4924,0.4961,4616429.6
2024-02-01 18:00:00+00:00,0.4961,0.497,0.4929,0.4943,2641300.2
2024-02-01 19:00:00+00:00,0.4944,0.5004,0.4944,0.4998,4138831.2
2024-02-01 20:00:00+00:00,0.4998,0.5015,0.4982,0.5004,3523744.3
2024-02-01 21:00:00+00:00,0.5004,0.5047,0.4999,0.503,4010387.9
2024-02-01 22:00:00+00:00,0.5029,0.5059,0.4996,0.5051,3411146.2
2024-02-01 23:00:00+00:00,0.5052,0.5084,0.5039,0.5078,7012975.4
2024-02-02 00:00:00+00:00,0.5077,0.5125,0.5052,0.5084,5740205.6
2024-02-02 01:00:00+00:00,0.5084,0.5098,0.5067,0.5073,2161356.2
2024-02-02 02:00:00+00:00,0.5073,0.5094,0.5062,0.5087,3736497.0
2024-02-02 03:00:00+00:00,0.5087,0.509,0.5067,0.5068,1115218.7
2024-02-02 04:00:00+00:00,0.5068,0.5077,0.5052,0.5056,1225029.6
2024-02-02 05:00:00+00:00,0.5056,0.5061,0.5041,0.5049,1886834.1
2024-02-02 06:00:00+00:00,0.5048,0.5098,0.5048,0.5082,4128626.3
2024-02-02 07:00:00+00:00,0.5083,0.5108,0.5079,0.5101,3120239.7
2024-02-02 08:00:00+00:00,0.5101,0.5154,0.5074,0.5148,10435341.3
2024-02-02 09:00:00+00:00,0.5149,0.5179,0.5113,0.5173,4560710.8
2024-02-02 10:00:00+00:00,0.5174,0.5244,0.5152,0.5236,10535234.3
2024-02-02 11:00:00+00:00,0.5237,0.5243,0.5171,0.5182,8107709.0
2024-02-02 12:00:00+00:00,0.5182,0.5206,0.513,0.5136,7827063.0
2024-02-02 13:00:00+00:00,0.5136,0.5151,0.5064,0.5085,7928959.4
2024-02-02 14:00:00+00:00,0.5084,0.5133,0.5074,0.5108,6271599.1
2024-02-02 15:00:00+00:00,0.5107,0.5185,0.51,0.5179,5913420.8
2024-02-02 16:00:00+00:00,0.5179,0.52,0.5157,0.5161,4593055.2
2024-02-02 17:00:00+00:00,0.5162,0.5172,0.5122,0.5137,3904096.6
2024-02-02 18:00:00+00:00,0.5137,0.5142,0.5081,0.5104,5865015.2
2024-02-02 19:00:00+00:00,0.5104,0.5119,0.5086,0.5106,3117354.7
2024-02-02 20:00:00+00:00,0.5107,0.5111,0.5081,0.5089,2024740.5
2024-02-02 21:00:00+00:00,0.5088,0.5121,0.5087,0.5099,1554189.6
2024-02-02 22:00:00+00:00,0.5099,0.5137,0.5091,0.5136,1643924.3
2024-02-02 23:00:00+00:00,0.5135,0.515,0.5129,0.5146,1912170.4
2024-02-03 00:00:00+00:00,0.5147,0.5216,0.5145,0.5204,4012216.7
2024-02-03 01:00:00+00:00,0.5204,0.523,0.5196,0.5207,3968425.3
2024-02-03 02:00:00+00:00,0.5208,0.5208,0.516,0.5171,3367699.5
2024-02-03 03:00:00+00:00,0.5171,0.5183,0.5156,0.5158,2081208.4
2024-02-03 04:00:00+00:00,0.5158,0.5179,0.5147,0.5179,2069835.9
2024-02-03 05:00:00+00:00,0.5179,0.5192,0.5164,0.5189,1377309.4
2024-02-03 06:00:00+00:00,0.5188,0.52,0.5178,0.5188,1242315.3
2024-02-03 07:00:00+00:00,0.5187,0.5195,0.5146,0.5171,1802247.9
2024-02-03 08:00:00+00:00,0.5172,0.5244,0.5172,0.5216,5064173.1
2024-02-03 09:00:00+00:00,0.5216,0.5257,0.521,0.5242,4622227.7
2024-02-03 10:00:00+00:00,0.5242,0.5253,0.5209,0.5228,3505886.1
2024-02-03 11:00:00+00:00,0.5228,0.5239,0.5212,0.5217,2546298.0
2024-02-03 12:00:00+00:00,0.5218,0.5241,0.5207,0.5216,2755699.2
2024-02-03 13:00:00+00:00,0.5217,0.5217,0.519,0.5191,1943635.7
2024-02-03 14:00:00+00:00,0.5191,0.5192,0.5153,0.5156,2836571.0
2024-02-03 15:00:00+00:00,0.5156,0.5177,0.5117,0.5161,5231394.6
2024-02-03 16:00:00+00:00,0.5162,0.5178,0.515,0.5165,1843154.4
2024-02-03 17:00:00+00:00,0.5164,0.5195,0.5159,0.5187,1453648.9
2024-02-03 18:00:00+00:00,0.5186,0.5186,0.5141,0.5146,2488867.9
2024-02-03 19:00:00+00:00,0.5146,0.5181,0.5143,0.5178,2321858.4
2024-02-03 20:00:00+00:00,0.5178,0.5178,0.5155,0.5158,1457993.0
2024-02-03 21:00:00+00:00,0.5158,0.5165,0.5145,0.5157,1791011.3
2024-02-03 22:00:00+00:00,0.5157,0.5159,0.5141,0.5141,1071895.4
2024-02-03 23:00:00+00:00,0.5142,0.516,0.5117,0.5124,2104369.5
2024-02-04 00:00:00+00:00,0.5125,0.5126,0.5082,0.5105,5455446.5
2024-02-04 01:00:00+00:00,0.5105,0.5122,0.5084,0.5121,1140597.3
2024-02-04 02:00:00+00:00,0.5121,0.5121,0.51,0.5101,1574774.9
2024-02-04 03:00:00+00:00,0.5101,0.5111,0.51,0.5103,750305.2
2024-02-04 04:00:00+00:00,0.5102,0.5102,0.5059,0.5081,3141423.3
2024-02-04 05:00:00+00:00,0.5082,0.5085,0.5061,0.5066,2235196.5
2024-02-04 06:00:00+00:00,0.5065,0.5075,0.5034,0.5038,2488611.6
2024-02-04 07:00:00+00:00,0.5038,0.5055,0.5015,0.5039,3463279.8
2024-02-04 08:00:00+00:00,0.5039,0.5047,0.5031,0.5035,1397442.7
2024-02-04 09:00:00+00:00,0.5035,0.5068,0.5018,0.5064,3253423.3
2024-02-04 10:00:00+00:00,0.5063,0.5064,0.5045,0.5055,1285080.3
2024-02-04 11:00:00+00:00,0.5054,0.5086,0.5049,0.5069,2529203.8
2024-02-04 12:00:00+00:00,0.507,0.5089,0.5069,0.5074,1983243.3
2024-02-04 13:00:00+00:00,0.5074,0.5079,0.5058,0.5061,1053820.4
2024-02-04 14:00:00+00:00,0.5061,0.5082,0.5053,0.5055,1794995.8
2024-02-04 15:00:00+00:00,0.5055,0.5069,0.5039,0.5049,2880906.6
2024-02-04 16:00:00+00:00,0.5048,0.5049,0.5021,0.5039,1768014.9
2024-02-04 17:00:00+00:00,0.5038,0.5046,0.5021,0.5041,1382166.0
2024-02-04 18:00:00+00:00,0.5041,0.5047,0.5004,0.5014,2382335.1
2024-02-04 19:00:00+00:00,0.5014,0.5023,0.4972,0.5,4291059.6
2024-02-04 20:00:00+00:00,0.4999,0.5037,0.4983,0.5032,2493614.5
2024-02-04 21:00:00+00:00,0.5032,0.5043,0.501,0.5016,1546610.1
2024-02-04 22:00:00+00:00,0.5016,0.5028,0.494,0.4972,4106415.7
2024-02-04 23:00:00+00:00,0.4973,0.498,0.4932,0.4934,3368954.6
2024-02-05 00:00:00+00:00,0.4933,0.4949,0.4911,0.4921,3932011.5
2024-02-05 01:00:00+00:00,0.4922,0.4928,0.4883,0.4923,4228379.1
2024-02-05 02:00:00+00:00,0.4922,0.4934,0.4913,0.4933,2645984.3
2024-02-05 03:00:00+00:00,0.4934,0.4978,0.4933,0.4973,1873119.6
2024-02-05 04:00:00+00:00,0.4973,0.4988,0.4965,0.4966,1810732.3
2024-02-05 05:00:00+00:00,0.4966,0.4977,0.4956,0.4973,1089112.3
2024-02-05 06:00:00+00:00,0.4972,0.4989,0.4963,0.4983,1421055.8
2024-02-05 07:00:00+00:00,0.4984,0.5027,0.4971,0.5022,3319694.6
2024-02-05 08:00:00+00:00,0.5022,0.5034,0.5007,0.5011,4280776.8
2024-02-05 09:00:00+00:00,0.5011,0.5025,0.5002,0.5022,2191055.4
2024-02-05 10:00:00+00:00,0.5022,0.5053,0.5017,0.5037,4399724.4
2024-02-05 11:00:00+00:00,0.5038,0.5047,0.503,0.5039,1619454.6
2024-02-05 12:00:00+00:00,0.504,0.5045,0.5002,0.501,5246970.1
2024-02-05 13:00:00+00:00,0.501,0.5062,0.5005,0.504,3559848.1
2024-02-05 14:00:00+00:00,0.5041,0.5055,0.5012,0.5016,2490235.3
2024-02-05 15:00:00+00:00,0.5017,0.5017,0.494,0.4953,6963081.0
2024-02-05 16:00:00+00:00,0.4951,0.4966,0.4925,0.4952,3351110.6
2024-02-05 17:00:00+00:00,0.4951,0.496,0.4937,0.4938,2248105.6
2024-02-05 18:00:00+00:00,0.4939,0.4947,0.492,0.4933,2944263.8
2024-02-05 19:00:00+00:00,0.4933,0.4957,0.4928,0.4937,2074077.1
2024-02-05 20:00:00+00:00,0.4938,0.4938,0.4882,0.4927,4528774.3
2024-02-05 21:00:00+00:00,0.4927,0.493,0.4903,0.4904,2537131.7
2024-02-05 22:00:00+00:00,0.4904,0.4918,0.4872,0.4917,3023507.4
2024-02-05 23:00:00+00:00,0.4917,0.4944,0.4905,0.4944,2296095.4
2024-02-06 00:00:00+00:00,0.4944,0.4951,0.4912,0.4926,2605360.9
2024-02-06 01:00:00+00:00,0.4926,0.4945,0.4913,0.4916,2479104.3
2024-02-06 02:00:00+00:00,0.4915,0.4988,0.4909,0.4971,4594775.8
2024-02-06 03:00:00+00:00,0.4971,0.4982,0.4938,0.4947,3125871.0
2024-02-06 04:00:00+00:00,0.4946,0.4951,0.4921,0.4923,1706443.6
2024-02-06 05:00:00+00:00,0.4923,0.4925,0.4906,0.4919,1694874.1
2024-02-06 06:00:00+00:00,0.4918,0.4925,0.4906,0.4924,1548179.0
2024-02-06 07:00:00+00:00,0.4924,0.4934,0.4909,0.4932,2521443.4
2024-02-06 08:00:00+00:00,0.4932,0.4972,0.4923,0.4968,3133314.5
2024-02-06 09:00:00+00:00,0.4968,0.498,0.4944,0.4979,2818423.9
2024-02-06 10:00:00+00:00,0.4978,0.4985,0.4912,0.4931,5063867.9
2024-02-06 11:00:00+00:00,0.4931,0.4943,0.4912,0.4923,4224525.6
2024-02-06 12:00:00+00:00,0.4922,0.4942,0.4887,0.492,4344027.4
2024-02-06 13:00:00+00:00,0.4919,0.4962,0.4901,0.4945,3695120.3
2024-02-06 14:00:00+00:00,0.4947,0.4976,0.4934,0.494,3708105.4
2024-02-06 15:00:00+00:00,0.494,0.4973,0.4932,0.4969,3911262.5
2024-02-06 16:00:00+00:00,0.4969,0.5,0.496,0.4962,3903369.6
2024-02-06 17:00:00+00:00,0.4963,0.4996,0.4957,0.4981,2695779.4
2024-02-06 18:00:00+00:00,0.4981,0.4993,0.4958,0.4985,2481827.2
2024-02-06 19:00:00+00:00,0.4986,0.5029,0.4972,0.5027,4700009.8
2024-02-06 20:00:00+00:00,0.5027,0.5042,0.5006,0.501,3945416.1
2024-02-06 21:00:00+00:00,0.501,0.502,0.4999,0.5007,2662897.1
2024-02-06 22:00:00+00:00,0.5007,0.5019,0.4998,0.5002,1023506.5
2024-02-06 23:00:00+00:00,0.5002,0.5005,0.4981,0.4983,1586112.4
2024-02-07 00:00:00+00:00,0.4982,0.5007,0.4977,0.4983,1559527.9
2024-02-07 01:00:00+00:00,0.4983,0.5008,0.4979,0.5003,1052817.4
2024-02-07 02:00:00+00:00,0.5004,0.5011,0.498,0.4983,1521734.0
2024-02-07 03:00:00+00:00,0.4983,0.4983,0.4885,0.4891,13795359.2
2024-02-07 04:00:00+00:00,0.4891,0.4893,0.4826,0.4861,12001114.1
2024-02-07 05:00:00+00:00,0.486,0.4915,0.4836,0.4903,4396233.1
2024-02-07 06:00:00+00:00,0.4903,0.4908,0.488,0.4901,2562191.1
2024-02-07 07:00:00+00:00,0.4902,0.4905,0.48,0.4832,12600345.7
2024-02-07 08:00:00+00:00,0.4832,0.4844,0.4795,0.4835,11749332.1
2024-02-07 09:00:00+00:00,0.4835,0.484,0.4777,0.4814,14432350.0
2024-02-07 10:00:00+00:00,0.4814,0.4827,0.4761,0.4792,11982172.0
2024-02-07 11:00:00+00:00,0.4791,0.4803,0.4727,0.4757,19815615.7
2024-02-07 12:00:00+00:00,0.4757,0.4801,0.4745,0.48,6052967.0
2024-02-07 13:00:00+00:00,0.4799,0.4824,0.4784,0.4811,4421683.9
2024-02-07 14:00:00+00:00,0.4811,0.4851,0.4804,0.4814,5888703.2
2024-02-07 15:00:00+00:00,0.4813,0.4847,0.4792,0.4826,4793713.6
2024-02-07 16:00:00+00:00,0.4825,0.4855,0.4819,0.4853,4971712.7
2024-02-07 17:00:00+00:00,0.4855,0.4939,0.4849,0.4892,12093300.5
2024-02-07 18:00:00+00:00,0.4892,0.4926,0.4892,0.4915,5883017.1
2024-02-07 19:00:00+00:00,0.4916,0.4929,0.4892,0.4916,3490176.0
2024-02-07 20:00:00+00:00,0.4916,0.5009,0.4916,0.4981,11247145.1
2024-02-07 21:00:00+00:00,0.498,0.5,0.4977,0.4991,5963580.1
2024-02-07 22:00:00+00:00,0.499,0.5024,0.4987,0.5,4747298.9
2024-02-07 23:00:00+00:00,0.5,0.5025,0.4993,0.5022,3273595.2
2024-02-08 00:00:00+00:00,0.5023,0.5097,0.502,0.508,9766620.8
2024-02-08 01:00:00+00:00,0.5082,0.5085,0.5039,0.5069,5270808.1
2024-02-08 02:00:00+00:00,0.5069,0.5096,0.5058,0.5092,4088207.5
2024-02-08 03:00:00+00:00,0.5092,0.513,0.5089,0.5112,6176083.6
2024-02-08 04:00:00+00:00,0.5113,0.5138,0.5111,0.513,5021070.0
2024-02-08 05:00:00+00:00,0.5131,0.5175,0.5128,0.5154,6430483.7
2024-02-08 06:00:00+00:00,0.5155,0.5156,0.5113,0.5117,8103944.7
2024-02-08 07:00:00+00:00,0.5116,0.5278,0.5093,0.5277,16906866.9
2024-02-08 08:00:00+00:00,0.5277,0.5356,0.5214,0.5244,24513212.5
2024-02-08 09:00:00+00:00,0.5243,0.53,0.5223,0.5292,10351972.5
2024-02-08 10:00:00+00:00,0.5293,0.5357,0.5272,0.5349,14336322.5
2024-02-08 11:00:00+00:00,0.5349,0.5354,0.5272,0.5315,16599628.4
2024-02-08 12:00:00+00:00,0.5316,0.533,0.5257,0.5262,10840130.1
2024-02-08 13:00:00+00:00,0.5262,0.5295,0.5229,0.5287,13264393.9
2024-02-08 14:00:00+00:00,0.5286,0.5327,0.528,0.53,12936422.0
2024-02-08 15:00:00+00:00,0.53,0.5361,0.53,0.5319,16820401.1
2024-02-08 16:00:00+00:00,0.5318,0.5332,0.5214,0.5247,11695584.3
2024-02-08 17:00:00+00:00,0.5247,0.5289,0.5221,0.525,9390475.9
2024-02-08 18:00:00+00:00,0.525,0.5276,0.5239,0.5271,4815800.6
2024-02-08 19:00:00+00:00,0.5271,0.5325,0.5265,0.5296,5426475.2
2024-02-08 20:00:00+00:00,0.5296,0.5323,0.5283,0.5305,5394024.4
2024-02-08 21:00:00+00:00,0.5302,0.5305,0.5272,0.5284,4096738.5
2024-02-08 22:00:00+00:00,0.5284,0.5296,0.5257,0.5265,2775095.4
2024-02-08 23:00:00+00:00,0.5266,0.5305,0.5257,0.5304,3588268.0
2024-02-09 00:00:00+00:00,0.5304,0.535,0.5303,0.5317,5111815.5
2024-02-09 01:00:00+00:00,0.5317,0.5323,0.5278,0.5304,3413041.5
2024-02-09 02:00:00+00:00,0.5303,0.5409,0.5291,0.5399,10910148.0
2024-02-09 03:00:00+00:00,0.5398,0.5408,0.5334,0.5342,6667088.7
2024-02-09 04:00:00+00:00,0.5341,0.5354,0.5306,0.5334,5275357.5
2024-02-09 05:00:00+00:00,0.5336,0.5384,0.533,0.5384,4676171.0
2024-02-09 06:00:00+00:00,0.5383,0.5399,0.5359,0.5365,3959694.7
2024-02-09 07:00:00+00:00,0.5366,0.5379,0.5343,0.5357,3177987.9
2024-02-09 08:00:00+00:00,0.5357,0.5415,0.5355,0.5409,6170736.1
2024-02-09 09:00:00+00:00,0.5409,0.5417,0.5381,0.5381,6333472.7
2024-02-09 10:00:00+00:00,0.5382,0.5397,0.5367,0.5388,2943270.6
2024-02-09 11:00:00+00:00,0.5387,0.5445,0.5368,0.5434,9591565.2
2024-02-09 12:00:00+00:00,0.5433,0.5478,0.539,0.5398,11823104.8
2024-02-09 13:00:00+00:00,0.5398,0.5449,0.5389,0.5448,6003743.3
2024-02-09 14:00:00+00:00,0.5448,0.547,0.5333,0.5391,16735738.3
2024-02-09 15:00:00+00:00,0.539,0.5443,0.5351,0.5421,8662227.3
2024-02-09 16:00:00+00:00,0.5421,0.5425,0.5366,0.5375,4758124.2
2024-02-09 17:00:00+00:00,0.5376,0.5405,0.5371,0.5395,5015291.1
2024-02-09 18:00:00+00:00,0.5394,0.5434,0.5392,0.5413,8289131.8
2024-02-09 19:00:00+00:00,0.5413,0.5449,0.5376,0.5423,6791186.2
2024-02-09 20:00:00+00:00,0.5424,0.5439,0.5412,0.5415,3578089.5
2024-02-09 21:00:00+00:00,0.5416,0.5485,0.5414,0.5472,5786187.1
2024-02-09 22:00:00+00:00,0.5472,0.5475,0.542,0.544,5116598.8
2024-02-09 23:00:00+00:00,0.544,0.544,0.5391,0.5407,3725511.2
2024-02-10 00:00:00+00:00,0.5407,0.5498,0.5407,0.5454,7515055.6
2024-02-10 01:00:00+00:00,0.5455,0.5473,0.5421,0.5448,3448904.4
2024-02-10 02:00:00+00:00,0.5447,0.546,0.5422,0.5431,3377152.5
2024-02-10 03:00:00+00:00,0.5432,0.5436,0.5412,0.5418,2767683.6
2024-02-10 04:00:00+00:00,0.5419,0.5421,0.5374,0.5388,5093390.8
2024-02-10 05:00:00+00:00,0.5388,0.5391,0.5376,0.5386,2508661.5
2024-02-10 06:00:00+00:00,0.5387,0.5394,0.5355,0.5368,3962989.2
2024-02-10 07:00:00+00:00,0.5369,0.5371,0.5342,0.5342,4990332.0
2024-02-10 08:00:00+00:00,0.5342,0.5368,0.5313,0.5316,6368497.0
2024-02-10 09:00:00+00:00,0.5317,0.5362,0.5317,0.5334,7307061.6
2024-02-10 10:00:00+00:00,0.5334,0.5342,0.528,0.5296,7721714.2
2024-02-10 11:00:00+00:00,0.5296,0.5338,0.529,0.533,3700604.0
2024-02-10 12:00:00+00:00,0.5332,0.5349,0.5317,0.5317,2652644.3
2024-02-10 13:00:00+00:00,0.5318,0.534,0.5306,0.5337,3304681.3
2024-02-10 14:00:00+00:00,0.5337,0.5354,0.5331,0.5338,1495468.4
2024-02-10 15:00:00+00:00,0.5338,0.5381,0.5335,0.5381,3046094.0
2024-02-10 16:00:00+00:00,0.538,0.5402,0.535,0.5401,2892251.8
2024-02-10 17:00:00+00:00,0.5401,0.541,0.5375,0.5376,2033487.4
2024-02-10 18:00:00+00:00,0.5375,0.5402,0.537,0.5397,2427376.2
2024-02-10 19:00:00+00:00,0.5398,0.5439,0.5393,0.5414,4146848.5
2024-02-10 20:00:00+00:00,0.5414,0.5484,0.5401,0.5459,6560163.4
2024-02-10 21:00:00+00:00,0.5459,0.5581,0.5459,0.5542,16779021.0
2024-02-10 22:00:00+00:00,0.5543,0.5566,0.5505,0.5529,6414451.5
2024-02-10 23:00:00+00:00,0.5529,0.5558,0.5487,0.5515,5345055.5
2024-02-11 00:00:00+00:00,0.5515,0.5636,0.5485,0.5581,13280429.1
2024-02-11 01:00:00+00:00,0.558,0.563,0.5574,0.5596,11663572.1
2024-02-11 02:00:00+00:00,0.5596,0.5618,0.5567,0.558,6821699.2
2024-02-11 03:00:00+00:00,0.558,0.5638,0.5578,0.5623,6945778.2
2024-02-11 04:00:00+00:00,0.5621,0.565,0.56,0.5616,12004848.1
2024-02-11 05:00:00+00:00,0.5615,0.5624,0.5592,0.5604,5974147.3
2024-02-11 06:00:00+00:00,0.5604,0.5653,0.5601,0.5651,10453312.2
2024-02-11 07:00:00+00:00,0.5651,0.5654,0.5562,0.56,12594494.9
2024-02-11 08:00:00+00:00,0.56,0.5609,0.5553,0.556,7200584.1
2024-02-11 09:00:00+00:00,0.556,0.5581,0.5545,0.5553,3673384.5
2024-02-11 10:00:00+00:00,0.5553,0.5558,0.55,0.5534,6960335.7
2024-02-11 11:00:00+00:00,0.5534,0.5549,0.5521,0.5538,2899949.8
2024-02-11 12:00:00+00:00,0.5538,0.5544,0.5507,0.5521,4149852.4
2024-02-11 13:00:00+00:00,0.5521,0.5528,0.5468,0.5477,5797149.3
2024-02-11 14:00:00+00:00,0.5477,0.5491,0.544,0.5467,6590048.5
2024-02-11 15:00:00+00:00,0.5467,0.5468,0.542,0.5427,4733599.7
2024-02-11 16:00:00+00:00,0.5427,0.5444,0.5406,0.5429,6628446.3
2024-02-11 17:00:00+00:00,0.5429,0.5466,0.5425,0.5453,4183730.3
2024-02-11 18:00:00+00:00,0.5452,0.5453,0.5377,0.5416,9159153.7
2024-02-11 19:00:00+00:00,0.5415,0.5424,0.5402,0.5403,2301354.9
2024-02-11 20:00:00+00:00,0.5403,0.5426,0.5353,0.5365,6908170.4
2024-02-11 21:00:00+00:00,0.5366,0.5393,0.5361,0.5377,3690681.6
2024-02-11 22:00:00+00:00,0.5378,0.5404,0.5365,0.54,2382529.0
2024-02-11 23:00:00+00:00,0.54,0.542,0.5389,0.5414,2391281.8
2024-02-12 00:00:00+00:00,0.5415,0.5473,0.5402,0.5433,7683706.7
2024-02-12 01:00:00+00:00,0.5434,0.5444,0.5405,0.5429,3315622.1
2024-02-12 02:00:00+00:00,0.543,0.5431,0.5331,0.5375,8529233.9
2024-02-12 03:00:00+00:00,0.5376,0.5402,0.536,0.5386,1782677.1
2024-02-12 04:00:00+00:00,0.5387,0.5389,0.5359,0.5366,1975864.9
2024-02-12 05:00:00+00:00,0.5367,0.5386,0.5356,0.5357,2411414.5
2024-02-12 06:00:00+00:00,0.5357,0.5372,0.5311,0.534,6974283.9
2024-02-12 07:00:00+00:00,0.534,0.5387,0.5328,0.5368,4020695.6
2024-02-12 08:00:00+00:00,0.5368,0.5406,0.5368,0.5375,3498338.9
2024-02-12 09:00:00+00:00,0.5375,0.5385,0.5322,0.5339,2559393.0
2024-02-12 10:00:00+00:00,0.5339,0.5357,0.5321,0.5334,2086562.3
2024-02-12 11:00:00+00:00,0.5334,0.535,0.5306,0.5349,5526591.0
2024-02-12 12:00:00+00:00,0.5349,0.5371,0.5334,0.5363,3116319.0
2024-02-12 13:00:00+00:00,0.5364,0.5364,0.5338,0.5343,1684087.7
2024-02-12 14:00:00+00:00,0.5344,0.545,0.5339,0.5446,7062053.1
2024-02-12 15:00:00+00:00,0.5446,0.5577,0.5422,0.5561,18249424.6
2024-02-12 16:00:00+00:00,0.556,0.5583,0.5513,0.553,13068567.2
2024-02-12 17:00:00+00:00,0.553,0.5658,0.5528,0.562,17235735.2
2024-02-12 18:00:00+00:00,0.5619,0.5655,0.5593,0.5608,11734592.0
2024-02-12 19:00:00+00:00,0.5609,0.562,0.5537,0.5541,8630549.2
2024-02-12 20:00:00+00:00,0.5541,0.563,0.554,0.5622,7908382.8
2024-02-12 21:00:00+00:00,0.5621,0.5635,0.5564,0.5569,8138224.5
2024-02-12 22:00:00+00:00,0.5569,0.5618,0.5566,0.5611,3938813.9
2024-02-12 23:00:00+00:00,0.5609,0.561,0.5576,0.5592,4955793.1
2024-02-13 00:00:00+00:00,0.5591,0.564,0.5591,0.5626,5202687.2
2024-02-13 01:00:00+00:00,0.5626,0.5645,0.5597,0.5611,5091015.7
2024-02-13 02:00:00+00:00,0.561,0.5616,0.5523,0.5534,5900353.0
2024-02-13 03:00:00+00:00,0.5534,0.5548,0.5486,0.5497,5791478.9
2024-02-13 04:00:00+00:00,0.5497,0.5547,0.5497,0.5541,3065887.5
2024-02-13 05:00:00+00:00,0.5541,0.556,0.5524,0.556,2796651.0
2024-02-13 06:00:00+00:00,0.5559,0.5584,0.555,0.5564,3464230.6
2024-02-13 07:00:00+00:00,0.5564,0.5616,0.555,0.5596,4758592.8
2024-02-13 08:00:00+00:00,0.5596,0.5597,0.5568,0.5583,3499867.1
2024-02-13 09:00:00+00:00,0.5582,0.5615,0.5563,0.5611,3315646.4
2024-02-13 10:00:00+00:00,0.561,0.561,0.553,0.5537,4936488.1
2024-02-13 11:00:00+00:00,0.5536,0.5542,0.5505,0.5539,4282681.0
2024-02-13 12:00:00+00:00,0.5539,0.5544,0.5497,0.552,5916893.5
2024-02-13 13:00:00+00:00,0.552,0.5531,0.5376,0.5453,13129970.6
2024-02-13 14:00:00+00:00,0.5452,0.547,0.5338,0.5374,17440511.7
2024-02-13 15:00:00+00:00,0.5374,0.5418,0.5339,0.5398,8256100.4
2024-02-13 16:00:00+00:00,0.5398,0.5408,0.5356,0.5358,6530209.4
2024-02-13 17:00:00+00:00,0.5358,0.5408,0.5353,0.5404,5375096.0
2024-02-13 18:00:00+00:00,0.5404,0.545,0.54,0.5421,5060250.4
2024-02-13 19:00:00+00:00,0.5421,0.5432,0.539,0.5393,2966179.8
2024-02-13 20:00:00+00:00,0.5393,0.5447,0.5391,0.5429,3308125.7
2024-02-13 21:00:00+00:00,0.543,0.5468,0.5422,0.5441,3856201.9
2024-02-13 22:00:00+00:00,0.544,0.5449,0.5409,0.544,2458041.7
2024-02-13 23:00:00+00:00,0.5439,0.5456,0.5425,0.5449,2357730.0
2024-02-14 00:00:00+00:00,0.5448,0.5451,0.5396,0.541,3282369.3
2024-02-14 01:00:00+00:00,0.541,0.5429,0.5397,0.5412,2040247.5
2024-02-14 02:00:00+00:00,0.5412,0.5446,0.5404,0.5438,2434842.4
2024-02-14 03:00:00+00:00,0.5438,0.5482,0.5438,0.5461,3628125.1
2024-02-14 04:00:00+00:00,0.5461,0.5488,0.5461,0.5483,3040951.7
2024-02-14 05:00:00+00:00,0.5483,0.5505,0.5475,0.5493,3825106.9
2024-02-14 06:00:00+00:00,0.5492,0.5505,0.5482,0.5503,1859007.2
2024-02-14 07:00:00+00:00,0.5504,0.553,0.55,0.5523,3498505.4
2024-02-14 08:00:00+00:00,0.5522,0.5586,0.5502,0.5584,5063817.0
2024-02-14 09:00:00+00:00,0.5583,0.5676,0.5576,0.5672,16854464.3
2024-02-14 10:00:00+00:00,0.5672,0.5762,0.5666,0.5756,18043230.6
2024-02-14 11:00:00+00:00,0.5755,0.5785,0.5705,0.5734,13789354.4
2024-02-14 12:00:00+00:00,0.5735,0.5806,0.573,0.5735,13044488.8
2024-02-14 13:00:00+00:00,0.5736,0.5806,0.5732,0.578,8530475.2
2024-02-14 14:00:00+00:00,0.578,0.5833,0.5748,0.577,10468579.6
2024-02-14 15:00:00+00:00,0.5769,0.5787,0.5705,0.5744,10882466.8
2024-02-14 16:00:00+00:00,0.5744,0.5761,0.569,0.5701,7724842.7
2024-02-14 17:00:00+00:00,0.57,0.5722,0.5659,0.5679,8181625.2
2024-02-14 18:00:00+00:00,0.5679,0.5733,0.5652,0.5728,5176457.9
2024-02-14 19:00:00+00:00,0.5729,0.5763,0.5708,0.5752,4495885.6
2024-02-14 20:00:00+00:00,0.5751,0.5786,0.5746,0.5765,4500169.7
2024-02-14 21:00:00+00:00,0.5765,0.578,0.5728,0.5779,4506803.2
2024-02-14 22:00:00+00:00,0.578,0.579,0.5752,0.578,3782207.7
2024-02-14 23:00:00+00:00,0.5779,0.578,0.5756,0.5768,5440557.3
2024-02-15 00:00:00+00:00,0.5769,0.5823,0.5754,0.5819,7957960.1
2024-02-15 01:00:00+00:00,0.5818,0.5822,0.5713,0.5753,7477052.6
2024-02-15 02:00:00+00:00,0.5753,0.5817,0.5745,0.5788,6316126.7
2024-02-15 03:00:00+00:00,0.5789,0.5827,0.5785,0.5824,5059402.2
2024-02-15 04:00:00+00:00,0.5824,0.5825,0.5794,0.5803,3919755.6
2024-02-15 05:00:00+00:00,0.5803,0.5807,0.5706,0.5731,5734316.1
2024-02-15 06:00:00+00:00,0.5731,0.5781,0.5721,0.5758,3291387.5
2024-02-15 07:00:00+00:00,0.5758,0.5789,0.5728,0.5778,3823086.7
2024-02-15 08:00:00+00:00,0.5778,0.5783,0.5743,0.575,3987873.3
2024-02-15 09:00:00+00:00,0.575,0.5823,0.5741,0.5816,5789563.7
2024-02-15 10:00:00+00:00,0.5816,0.5887,0.5807,0.5883,12296025.4
2024-02-15 11:00:00+00:00,0.5882,0.595,0.5856,0.5893,15669053.9
2024-02-15 12:00:00+00:00,0.5892,0.5949,0.5877,0.5901,9057783.5
2024-02-15 13:00:00+00:00,0.5902,0.5985,0.5873,0.5979,8307852.6
2024-02-15 14:00:00+00:00,0.598,0.6079,0.5946,0.606,22770427.9
2024-02-15 15:00:00+00:00,0.6061,0.612,0.5974,0.5997,25555201.0
2024-02-15 16:00:00+00:00,0.5998,0.6093,0.5942,0.6062,16940171.1
2024-02-15 17:00:00+00:00,0.6062,0.6126,0.6,0.6013,14595960.4
2024-02-15 18:00:00+00:00,0.6013,0.6044,0.5978,0.6005,10073702.0
2024-02-15 19:00:00+00:00,0.6004,0.6042,0.5964,0.6021,9623524.0
2024-02-15 20:00:00+00:00,0.6021,0.6044,0.5973,0.5986,7229306.1
2024-02-15 21:00:00+00:00,0.5986,0.6019,0.5893,0.5913,9729137.7
2024-02-15 22:00:00+00:00,0.5913,0.5996,0.5913,0.5978,7314025.5
2024-02-15 23:00:00+00:00,0.5978,0.6095,0.5976,0.6087,9763358.8
2024-02-16 00:00:00+00:00,0.6087,0.6118,0.6014,0.6042,9350359.3
2024-02-16 01:00:00+00:00,0.6042,0.6049,0.6009,0.6038,4835869.8
2024-02-16 02:00:00+00:00,0.6037,0.6058,0.6016,0.6046,3448660.2
2024-02-16 03:00:00+00:00,0.6047,0.6095,0.6007,0.6083,5384172.4
2024-02-16 04:00:00+00:00,0.6082,0.6119,0.6064,0.6068,8134734.8
2024-02-16 05:00:00+00:00,0.6067,0.6075,0.6022,0.6044,5388873.4
2024-02-16 06:00:00+00:00,0.6044,0.6063,0.5997,0.6005,4258411.4
2024-02-16 07:00:00+00:00,0.6004,0.6039,0.5971,0.5979,6355518.0
2024-02-16 08:00:00+00:00,0.5979,0.6,0.5958,0.5969,7268096.0
2024-02-16 09:00:00+00:00,0.5969,0.5978,0.5909,0.5951,5571310.7
2024-02-16 10:00:00+00:00,0.5951,0.6012,0.5929,0.6011,6011710.9
2024-02-16 11:00:00+00:00,0.6012,0.6016,0.5983,0.5989,3646803.3
2024-02-16 12:00:00+00:00,0.5989,0.6106,0.5976,0.6105,5705062.2
2024-02-16 13:00:00+00:00,0.6104,0.614,0.6027,0.6057,11032355.4
2024-02-16 14:00:00+00:00,0.6056,0.6074,0.5864,0.5909,13425029.0
2024-02-16 15:00:00+00:00,0.5908,0.591,0.5821,0.5896,13246859.4
2024-02-16 16:00:00+00:00,0.5896,0.5991,0.5886,0.5908,9256262.4
2024-02-16 17:00:00+00:00,0.5908,0.5928,0.586,0.5892,6144228.7
2024-02-16 18:00:00+00:00,0.5892,0.5928,0.5858,0.5919,3671492.4
2024-02-16 19:00:00+00:00,0.592,0.5947,0.5877,0.5892,5064239.7
2024-02-16 20:00:00+00:00,0.5893,0.5961,0.5881,0.5944,3820585.5
2024-02-16 21:00:00+00:00,0.5945,0.596,0.5926,0.5949,1800782.9
2024-02-16 22:00:00+00:00,0.5948,0.595,0.5911,0.593,1997810.1
2024-02-16 23:00:00+00:00,0.593,0.5999,0.5922,0.5986,4090501.6
2024-02-17 00:00:00+00:00,0.5987,0.5996,0.5949,0.5951,3899473.6
2024-02-17 01:00:00+00:00,0.5951,0.5959,0.5866,0.5892,4985753.6
2024-02-17 02:00:00+00:00,0.5893,0.5913,0.5872,0.5896,3219273.8
2024-02-17 03:00:00+00:00,0.5896,0.5916,0.5888,0.5913,1710386.4
2024-02-17 04:00:00+00:00,0.5913,0.5945,0.5905,0.5922,3182562.4
2024-02-17 05:00:00+00:00,0.5923,0.5925,0.5871,0.5894,2852997.6
2024-02-17 06:00:00+00:00,0.5895,0.59,0.5876,0.5888,1603664.8
2024-02-17 07:00:00+00:00,0.5889,0.5935,0.5886,0.5923,2913691.7
2024-02-17 08:00:00+00:00,0.5923,0.5925,0.5858,0.5873,4393936.9
2024-02-17 09:00:00+00:00,0.5873,0.5885,0.5831,0.5835,3381640.3
2024-02-17 10:00:00+00:00,0.5834,0.5852,0.5809,0.5845,6837638.2
2024-02-17 11:00:00+00:00,0.5845,0.5881,0.5842,0.5862,2778971.8
2024-02-17 12:00:00+00:00,0.5862,0.5893,0.5844,0.5883,4144123.3
2024-02-17 13:00:00+00:00,0.5883,0.5884,0.5768,0.5785,10822709.3
2024-02-17 14:00:00+00:00,0.5785,0.5814,0.5687,0.5735,13032050.9
2024-02-17 15:00:00+00:00,0.5737,0.5797,0.5709,0.5786,4912605.8
2024-02-17 16:00:00+00:00,0.5787,0.5796,0.5759,0.5785,2716388.0
2024-02-17 17:00:00+00:00,0.5784,0.5842,0.5784,0.5829,3692985.7
2024-02-17 18:00:00+00:00,0.5829,0.5832,0.5819,0.583,1679764.1
2024-02-17 19:00:00+00:00,0.5831,0.5879,0.5828,0.5869,4454923.9
2024-02-17 20:00:00+00:00,0.587,0.5998,0.5862,0.5991,6685365.1
2024-02-17 21:00:00+00:00,0.5992,0.6043,0.5942,0.5976,9515619.7
2024-02-17 22:00:00+00:00,0.5975,0.6104,0.5967,0.6087,11985347.8
2024-02-17 23:00:00+00:00,0.6087,0.611,0.6059,0.6096,12760529.4
2024-02-18 00:00:00+00:00,0.6096,0.6241,0.6093,0.6193,24579074.5
2024-02-18 01:00:00+00:00,0.6193,0.6203,0.6111,0.6124,6874570.3
2024-02-18 02:00:00+00:00,0.6124,0.6225,0.6118,0.6179,9447275.7
2024-02-18 03:00:00+00:00,0.6178,0.6238,0.6176,0.6208,7830306.7
2024-02-18 04:00:00+00:00,0.6208,0.6278,0.6208,0.6259,9905926.4
2024-02-18 05:00:00+00:00,0.6259,0.6261,0.6209,0.6223,6071246.0
2024-02-18 06:00:00+00:00,0.6223,0.6265,0.6179,0.621,8577827.3
2024-02-18 07:00:00+00:00,0.6211,0.626,0.6167,0.6243,10309213.2
2024-02-18 08:00:00+00:00,0.6243,0.635,0.6237,0.6336,12917631.4
2024-02-18 09:00:00+00:00,0.6336,0.6391,0.6336,0.6352,14839042.0
2024-02-18 10:00:00+00:00,0.6353,0.6364,0.6292,0.6321,10861944.5
2024-02-18 11:00:00+00:00,0.6321,0.6366,0.6317,0.6344,6883288.2
2024-02-18 12:00:00+00:00,0.6345,0.6375,0.6269,0.6285,10189610.7
2024-02-18 13:00:00+00:00,0.6285,0.631,0.6236,0.6245,7902025.3
2024-02-18 14:00:00+00:00,0.6246,0.6284,0.6238,0.6271,5546332.0
2024-02-18 15:00:00+00:00,0.6271,0.6271,0.6195,0.6212,5677386.8
2024-02-18 16:00:00+00:00,0.6212,0.6214,0.6162,0.6203,7946783.6
2024-02-18 17:00:00+00:00,0.6204,0.622,0.6165,0.6177,4971979.4
2024-02-18 18:00:00+00:00,0.6177,0.6232,0.6167,0.6206,5657436.9
2024-02-18 19:00:00+00:00,0.6206,0.6249,0.6181,0.6202,5719574.8
2024-02-18 20:00:00+00:00,0.6201,0.6201,0.6135,0.6184,7723658.3
2024-02-18 21:00:00+00:00,0.6184,0.6207,0.6165,0.6197,3481030.2
2024-02-18 22:00:00+00:00,0.6197,0.6247,0.6191,0.6233,6306040.1
2024-02-18 23:00:00+00:00,0.6234,0.6255,0.6162,0.6193,7534166.0
2024-02-19 00:00:00+00:00,0.6194,0.6274,0.619,0.6236,6300118.5
2024-02-19 01:00:00+00:00,0.6237,0.6238,0.6194,0.6234,4864989.5
2024-02-19 02:00:00+00:00,0.6233,0.6253,0.6199,0.6222,4765135.8
2024-02-19 03:00:00+00:00,0.6223,0.6223,0.619,0.6195,4950896.2
2024-02-19 04:00:00+00:00,0.6195,0.6249,0.6189,0.6225,4395736.8
2024-02-19 05:00:00+00:00,0.6224,0.6243,0.6191,0.6238,3428347.9
2024-02-19 06:00:00+00:00,0.6238,0.628,0.6225,0.6248,5890294.3
2024-02-19 07:00:00+00:00,0.6248,0.63,0.6245,0.6292,5727270.1
2024-02-19 08:00:00+00:00,0.6293,0.6351,0.6286,0.6293,10556774.7
2024-02-19 09:00:00+00:00,0.6293,0.638,0.6252,0.6308,14754333.5
2024-02-19 10:00:00+00:00,0.6307,0.6347,0.6222,0.6341,10236016.0
2024-02-19 11:00:00+00:00,0.6341,0.6389,0.6284,0.6288,9062857.7
2024-02-19 12:00:00+00:00,0.629,0.6298,0.6246,0.6246,7697669.1
2024-02-19 13:00:00+00:00,0.6246,0.6273,0.6206,0.6219,9589168.2
2024-02-19 14:00:00+00:00,0.6219,0.6231,0.6187,0.6201,6756812.1
2024-02-19 15:00:00+00:00,0.6201,0.6263,0.62,0.6246,7196019.4
2024-02-19 16:00:00+00:00,0.6244,0.6272,0.6165,0.6176,8947154.8
2024-02-19 17:00:00+00:00,0.6177,0.6284,0.6147,0.6276,8738244.0
2024-02-19 18:00:00+00:00,0.6277,0.6295,0.6226,0.6228,5175742.4
2024-02-19 19:00:00+00:00,0.6226,0.6235,0.6195,0.6217,5732302.8
2024-02-19 20:00:00+00:00,0.6216,0.6272,0.6194,0.6254,5173535.2
2024-02-19 21:00:00+00:00,0.6255,0.6348,0.6239,0.633,7643509.4
2024-02-19 22:00:00+00:00,0.6329,0.6355,0.6302,0.6319,7064057.8
2024-02-19 23:00:00+00:00,0.632,0.6342,0.6297,0.6308,5140719.7
2024-02-20 00:00:00+00:00,0.6308,0.6351,0.6228,0.6233,10023546.7
2024-02-20 01:00:00+00:00,0.6233,0.631,0.6196,0.6286,9622554.0
2024-02-20 02:00:00+00:00,0.6286,0.6414,0.6284,0.6324,18183582.1
2024-02-20 03:00:00+00:00,0.6324,0.6353,0.625,0.6255,7850107.4
2024-02-20 04:00:00+00:00,0.6255,0.6315,0.6228,0.6284,9624026.1
2024-02-20 05:00:00+00:00,0.6283,0.6291,0.6249,0.6271,4143273.3
2024-02-20 06:00:00+00:00,0.6271,0.635,0.6258,0.6319,6301000.0
2024-02-20 07:00:00+00:00,0.6319,0.6339,0.628,0.6291,4482541.1
2024-02-20 08:00:00+00:00,0.6291,0.6323,0.6208,0.6251,6441672.5
2024-02-20 09:00:00+00:00,0.6252,0.6268,0.6151,0.6218,9346195.2
2024-02-20 10:00:00+00:00,0.6219,0.6356,0.6214,0.6318,11396868.5
2024-02-20 11:00:00+00:00,0.6317,0.6359,0.6294,0.6296,6115894.6
2024-02-20 12:00:00+00:00,0.6297,0.6322,0.6249,0.6251,4284636.6
2024-02-20 13:00:00+00:00,0.6252,0.6409,0.6234,0.6378,14559802.7
2024-02-20 14:00:00+00:00,0.6378,0.6391,0.6185,0.6226,22124987.8
2024-02-20 15:00:00+00:00,0.6225,0.6239,0.5964,0.6095,27013066.0
2024-02-20 16:00:00+00:00,0.6095,0.6147,0.6023,0.6033,10844943.1
2024-02-20 17:00:00+00:00,0.6032,0.6057,0.5958,0.6034,9413337.5
2024-02-20 18:00:00+00:00,0.6034,0.6064,0.6001,0.6042,6151365.6
2024-02-20 19:00:00+00:00,0.6042,0.6185,0.6006,0.6179,9095646.9
2024-02-20 20:00:00+00:00,0.618,0.618,0.6115,0.6144,7962581.8
2024-02-20 21:00:00+00:00,0.6144,0.63,0.613,0.626,9990598.5
2024-02-20 22:00:00+00:00,0.626,0.6293,0.6237,0.6254,3893611.4
2024-02-20 23:00:00+00:00,0.6254,0.6294,0.6213,0.6216,4894788.0
2024-02-21 00:00:00+00:00,0.6216,0.6237,0.6135,0.6142,4420335.5
2024-02-21 01:00:00+00:00,0.6142,0.616,0.6081,0.6091,3389372.8
2024-02-21 02:00:00+00:00,0.609,0.6118,0.6064,0.6091,3604035.1
2024-02-21 03:00:00+00:00,0.6091,0.6139,0.609,0.6122,2878446.8
2024-02-21 04:00:00+00:00,0.6123,0.6134,0.6031,0.6052,5313436.2
2024-02-21 05:00:00+00:00,0.6054,0.6088,0.6017,0.6019,3457511.3
2024-02-21 06:00:00+00:00,0.6018,0.6033,0.5964,0.5973,5684700.1
2024-02-21 07:00:00+00:00,0.5973,0.5973,0.5905,0.5946,9494868.4
2024-02-21 08:00:00+00:00,0.5946,0.5994,0.5937,0.5976,4397398.1
2024-02-21 09:00:00+00:00,0.5977,0.5981,0.5827,0.585,8100420.0
2024-02-21 10:00:00+00:00,0.5849,0.5923,0.5807,0.5898,9206135.4
2024-02-21 11:00:00+00:00,0.5898,0.5918,0.5838,0.5859,6092392.3
2024-02-21 12:00:00+00:00,0.586,0.5936,0.5813,0.5915,7678444.2
2024-02-21 13:00:00+00:00,0.5916,0.5945,0.5873,0.5917,6321632.9
2024-02-21 14:00:00+00:00,0.5917,0.5923,0.581,0.5856,6550013.0
2024-02-21 15:00:00+00:00,0.5857,0.5925,0.5836,0.5889,5357792.8
2024-02-21 16:00:00+00:00,0.589,0.5909,0.5824,0.5887,6256529.5
2024-02-21 17:00:00+00:00,0.5887,0.5905,0.5812,0.5814,5383443.4
2024-02-21 18:00:00+00:00,0.5815,0.5824,0.5747,0.5785,7602748.3
2024-02-21 19:00:00+00:00,0.5784,0.5831,0.5767,0.583,3834368.5
2024-02-21 20:00:00+00:00,0.5831,0.5866,0.5811,0.5835,5383216.3
2024-02-21 21:00:00+00:00,0.5836,0.5924,0.5826,0.5923,5952152.0
2024-02-21 22:00:00+00:00,0.5924,0.5953,0.5903,0.5949,3505904.9
2024-02-21 23:00:00+00:00,0.5948,0.5989,0.5947,0.5988,3666937.3
2024-02-22 00:00:00+00:00,0.5987,0.599,0.5916,0.5927,4492009.6
2024-02-22 01:00:00+00:00,0.5927,0.594,0.582,0.5827,5641872.9
2024-02-22 02:00:00+00:00,0.5826,0.587,0.5819,0.5822,3464471.8
2024-02-22 03:00:00+00:00,0.5822,0.5886,0.5806,0.5868,2547266.0
2024-02-22 04:00:00+00:00,0.5869,0.5884,0.5828,0.584,2437363.6
2024-02-22 05:00:00+00:00,0.584,0.59,0.5829,0.5877,2801409.1
2024-02-22 06:00:00+00:00,0.5878,0.603,0.5876,0.602,11609970.1
2024-02-22 07:00:00+00:00,0.6021,0.6046,0.5965,0.6018,7973848.8
2024-02-22 08:00:00+00:00,0.6017,0.608,0.6001,0.6063,8729750.1
2024-02-22 09:00:00+00:00,0.6062,0.608,0.6019,0.6065,5569419.2
2024-02-22 10:00:00+00:00,0.6064,0.6064,0.5972,0.6007,5057643.3
2024-02-22 11:00:00+00:00,0.6009,0.6013,0.5969,0.5995,3011676.9
2024-02-22 12:00:00+00:00,0.5994,0.602,0.5941,0.5965,5070434.4
2024-02-22 13:00:00+00:00,0.5964,0.597,0.5849,0.5887,9306220.4
2024-02-22 14:00:00+00:00,0.5887,0.596,0.5878,0.5949,6933684.8
2024-02-22 15:00:00+00:00,0.595,0.5991,0.5916,0.5966,3899953.4
2024-02-22 16:00:00+00:00,0.5965,0.5969,0.588,0.5899,4290567.5
2024-02-22 17:00:00+00:00,0.5898,0.5958,0.5898,0.5953,3839526.7
2024-02-22 18:00:00+00:00,0.5952,0.6003,0.5934,0.6001,4054295.2
2024-02-22 19:00:00+00:00,0.6001,0.6001,0.5931,0.5941,4418944.4
2024-02-22 20:00:00+00:00,0.5941,0.6035,0.5932,0.6018,8203498.5
2024-02-22 21:00:00+00:00,0.6019,0.6021,0.5904,0.5941,7855137.0
2024-02-22 22:00:00+00:00,0.5941,0.5961,0.5874,0.591,3804610.7
2024-02-22 23:00:00+00:00,0.591,0.5928,0.585,0.5858,3978206.6
2024-02-23 00:00:00+00:00,0.5858,0.5942,0.585,0.5939,4643321.4
2024-02-23 01:00:00+00:00,0.5939,0.5953,0.5897,0.59,2834338.6
2024-02-23 02:00:00+00:00,0.5899,0.5936,0.5841,0.585,2941268.1
2024-02-23 03:00:00+00:00,0.585,0.5863,0.5822,0.5858,4665672.2
2024-02-23 04:00:00+00:00,0.5858,0.5894,0.5817,0.5884,3308693.0
2024-02-23 05:00:00+00:00,0.5883,0.59,0.5869,0.5896,1838827.6
2024-02-23 06:00:00+00:00,0.5896,0.592,0.5885,0.5911,3247619.9
2024-02-23 07:00:00+00:00,0.5911,0.592,0.5825,0.583,6451849.6
2024-02-23 08:00:00+00:00,0.583,0.5875,0.5781,0.5798,6597508.2
2024-02-23 09:00:00+00:00,0.5798,0.5836,0.5782,0.5831,3764632.5
2024-02-23 10:00:00+00:00,0.583,0.5848,0.5807,0.5842,2737814.3
2024-02-23 11:00:00+00:00,0.5842,0.5852,0.5822,0.5842,1719379.7
2024-02-23 12:00:00+00:00,0.5843,0.5844,0.5784,0.5792,4104673.9
2024-02-23 13:00:00+00:00,0.5791,0.5836,0.578,0.5833,4146214.9
2024-02-23 14:00:00+00:00,0.5833,0.5899,0.58,0.5885,8342236.4
2024-02-23 15:00:00+00:00,0.5884,0.5886,0.5773,0.5784,10231576.9
2024-02-23 16:00:00+00:00,0.5783,0.5802,0.568,0.5789,15464012.9
2024-02-23 17:00:00+00:00,0.5789,0.5854,0.5777,0.5852,4861036.2
2024-02-23 18:00:00+00:00,0.5854,0.5871,0.5801,0.5868,3782190.1
2024-02-23 19:00:00+00:00,0.5868,0.5919,0.5854,0.5913,5546025.4
2024-02-23 20:00:00+00:00,0.5914,0.5938,0.5877,0.5928,4507894.6
2024-02-23 21:00:00+00:00,0.5928,0.5935,0.5879,0.5879,2890175.8
2024-02-23 22:00:00+00:00,0.5879,0.5902,0.5812,0.5822,3144204.2
2024-02-23 23:00:00+00:00,0.5822,0.5859,0.5765,0.5824,5678591.7
2024-02-24 00:00:00+00:00,0.5823,0.5854,0.5811,0.5832,2872405.4
2024-02-24 01:00:00+00:00,0.5833,0.5836,0.5708,0.5718,4768372.2
2024-02-24 02:00:00+00:00,0.5717,0.5769,0.571,0.5734,4036875.8
2024-02-24 03:00:00+00:00,0.5735,0.5759,0.5697,0.5755,4859656.9
2024-02-24 04:00:00+00:00,0.5756,0.5819,0.5743,0.5809,2779695.7
2024-02-24 05:00:00+00:00,0.5808,0.5817,0.5785,0.5806,2361542.7
2024-02-24 06:00:00+00:00,0.5806,0.582,0.5796,0.5812,2112014.5
2024-02-24 07:00:00+00:00,0.5813,0.5868,0.5797,0.5856,4213785.6
2024-02-24 08:00:00+00:00,0.5856,0.5883,0.5825,0.5835,5829913.7
2024-02-24 09:00:00+00:00,0.5835,0.5872,0.5834,0.5869,3598724.2
2024-02-24 10:00:00+00:00,0.5869,0.5898,0.5856,0.5885,5543241.2
2024-02-24 11:00:00+00:00,0.5885,0.5891,0.5858,0.5875,3192051.6
2024-02-24 12:00:00+00:00,0.5875,0.5885,0.5848,0.5869,2069662.0
2024-02-24 13:00:00+00:00,0.5869,0.5922,0.586,0.591,5516054.6
2024-02-24 14:00:00+00:00,0.5909,0.5933,0.5873,0.5907,6536130.5
2024-02-24 15:00:00+00:00,0.5908,0.5925,0.5878,0.5884,3891975.2
2024-02-24 16:00:00+00:00,0.5885,0.5915,0.5872,0.5886,2786911.2
2024-02-24 17:00:00+00:00,0.5886,0.5976,0.5885,0.5942,6716692.7
2024-02-24 18:00:00+00:00,0.5943,0.5963,0.5906,0.5916,3413977.8
2024-02-24 19:00:00+00:00,0.5915,0.594,0.591,0.5937,2650532.2
2024-02-24 20:00:00+00:00,0.5938,0.5943,0.5912,0.5917,2470884.5
2024-02-24 21:00:00+00:00,0.5916,0.5998,0.5895,0.5965,8086787.2
2024-02-24 22:00:00+00:00,0.5965,0.5998,0.5946,0.5947,3110292.5
2024-02-24 23:00:00+00:00,0.5947,0.598,0.5942,0.5969,1957036.7
2024-02-25 00:00:00+00:00,0.5969,0.5978,0.5942,0.597,1828752.7
2024-02-25 01:00:00+00:00,0.5971,0.5982,0.5943,0.5977,2874474.7
2024-02-25 02:00:00+00:00,0.5977,0.6007,0.5947,0.5959,4878825.2
2024-02-25 03:00:00+00:00,0.5958,0.5964,0.5893,0.5963,3046589.6
2024-02-25 04:00:00+00:00,0.5963,0.5978,0.5927,0.5954,1824756.0
2024-02-25 05:00:00+00:00,0.5954,0.5954,0.5924,0.5949,1790730.8
2024-02-25 06:00:00+00:00,0.595,0.599,0.5936,0.5958,2347372.4
2024-02-25 07:00:00+00:00,0.5957,0.5961,0.5934,0.5941,1921690.9
2024-02-25 08:00:00+00:00,0.5941,0.595,0.5891,0.5895,2975426.3
2024-02-25 09:00:00+00:00,0.5895,0.591,0.5877,0.5907,1947612.0
2024-02-25 10:00:00+00:00,0.5907,0.5908,0.5871,0.5887,2939227.1
2024-02-25 11:00:00+00:00,0.5887,0.5908,0.5876,0.5893,1547202.7
2024-02-25 12:00:00+00:00,0.5893,0.5896,0.5868,0.5886,1789485.8
2024-02-25 13:00:00+00:00,0.5885,0.5902,0.5859,0.5895,2781002.8
2024-02-25 14:00:00+00:00,0.5895,0.5907,0.5837,0.5886,8053160.9
2024-02-25 15:00:00+00:00,0.5887,0.5888,0.583,0.5842,3233079.2
2024-02-25 16:00:00+00:00,0.5842,0.5853,0.5806,0.5817,4159632.2
2024-02-25 17:00:00+00:00,0.5817,0.5868,0.5806,0.5862,2874193.4
2024-02-25 18:00:00+00:00,0.5862,0.5867,0.5835,0.5855,1911857.7
2024-02-25 19:00:00+00:00,0.5855,0.5889,0.5838,0.5878,4527064.6
2024-02-25 20:00:00+00:00,0.5877,0.5936,0.5876,0.5891,6547543.6
2024-02-25 21:00:00+00:00,0.5891,0.5896,0.587,0.5879,2733526.2
2024-02-25 22:00:00+00:00,0.5879,0.5935,0.5865,0.5913,6577002.4
2024-02-25 23:00:00+00:00,0.5914,0.5933,0.5904,0.5914,2945613.6
2024-02-26 00:00:00+00:00,0.5913,0.5918,0.5879,0.5891,3022777.1
2024-02-26 01:00:00+00:00,0.5891,0.5896,0.5844,0.5853,2688684.5
2024-02-26 02:00:00+00:00,0.5853,0.5855,0.5811,0.5814,4625781.7
2024-02-26 03:00:00+00:00,0.5814,0.5855,0.581,0.585,3520490.2
2024-02-26 04:00:00+00:00,0.5851,0.5861,0.5835,0.5848,2489086.4
2024-02-26 05:00:00+00:00,0.5849,0.5872,0.5826,0.5867,2007508.8
2024-02-26 06:00:00+00:00,0.5867,0.5913,0.5853,0.5908,5316588.3
2024-02-26 07:00:00+00:00,0.5907,0.5918,0.5836,0.5839,5391981.7
2024-02-26 08:00:00+00:00,0.5839,0.5861,0.582,0.5829,4651805.3
2024-02-26 09:00:00+00:00,0.5829,0.5847,0.5732,0.5748,14655225.5
2024-02-26 10:00:00+00:00,0.5748,0.5798,0.5741,0.5779,4200591.8
2024-02-26 11:00:00+00:00,0.5778,0.581,0.5744,0.5797,4953758.4
2024-02-26 12:00:00+00:00,0.5796,0.5837,0.5753,0.5837,5439363.5
2024-02-26 13:00:00+00:00,0.5837,0.5868,0.582,0.5836,6077805.6
2024-02-26 14:00:00+00:00,0.5837,0.5935,0.5833,0.5932,8026875.9
2024-02-26 15:00:00+00:00,0.5933,0.6087,0.5909,0.6058,22019878.3
2024-02-26 16:00:00+00:00,0.6059,0.615,0.6052,0.6095,18316632.8
2024-02-26 17:00:00+00:00,0.6095,0.6117,0.6071,0.6102,6894791.7
2024-02-26 18:00:00+00:00,0.6102,0.6124,0.6074,0.6086,7881729.3
2024-02-26 19:00:00+00:00,0.6086,0.6178,0.6058,0.6177,13015564.4
2024-02-26 20:00:00+00:00,0.6177,0.6222,0.6161,0.6215,10145058.9
2024-02-26 21:00:00+00:00,0.6216,0.622,0.6174,0.6187,4362669.9
2024-02-26 22:00:00+00:00,0.6186,0.6194,0.6146,0.6146,4877037.2
2024-02-26 23:00:00+00:00,0.6146,0.6202,0.6136,0.6191,5104188.3
2024-02-27 00:00:00+00:00,0.6192,0.6227,0.6152,0.6215,7455469.2
2024-02-27 01:00:00+00:00,0.6215,0.6288,0.6208,0.6263,9843104.9
2024-02-27 02:00:00+00:00,0.6262,0.63,0.6236,0.6253,16386566.3
2024-02-27 03:00:00+00:00,0.6254,0.6295,0.6197,0.6211,8082822.1
2024-02-27 04:00:00+00:00,0.6212,0.625,0.6201,0.6213,5892848.2
2024-02-27 05:00:00+00:00,0.6213,0.6247,0.6205,0.6236,4539363.3
2024-02-27 06:00:00+00:00,0.6236,0.6264,0.6198,0.6208,7217650.9
2024-02-27 07:00:00+00:00,0.6208,0.6212,0.6149,0.6155,8034618.4
2024-02-27 08:00:00+00:00,0.6155,0.6215,0.6152,0.6188,6113308.5
2024-02-27 09:00:00+00:00,0.6189,0.6276,0.6178,0.6224,9556939.0
2024-02-27 10:00:00+00:00,0.6225,0.6245,0.6189,0.6231,4627313.5
2024-02-27 11:00:00+00:00,0.6232,0.6232,0.617,0.62,6115591.5
2024-02-27 12:00:00+00:00,0.6199,0.6265,0.6161,0.6204,10597282.6
2024-02-27 13:00:00+00:00,0.6205,0.628,0.6174,0.628,8367244.2
2024-02-27 14:00:00+00:00,0.628,0.6288,0.62,0.6229,8614116.3
2024-02-27 15:00:00+00:00,0.623,0.6257,0.6105,0.6133,9598303.3
2024-02-27 16:00:00+00:00,0.6133,0.6179,0.6073,0.616,9589193.9
2024-02-27 17:00:00+00:00,0.616,0.6175,0.6097,0.611,6203505.2
2024-02-27 18:00:00+00:00,0.6111,0.6252,0.6107,0.6214,13389104.0
2024-02-27 19:00:00+00:00,0.6214,0.629,0.6202,0.6265,15580093.1
2024-02-27 20:00:00+00:00,0.6264,0.6271,0.6188,0.6262,6429623.5
2024-02-27 21:00:00+00:00,0.6263,0.6271,0.6226,0.6252,4030111.0
2024-02-27 22:00:00+00:00,0.6251,0.6295,0.6247,0.6247,5520582.5
2024-02-27 23:00:00+00:00,0.6248,0.6259,0.6232,0.6239,2801040.0
2024-02-28 00:00:00+00:00,0.6238,0.6296,0.6236,0.6247,4416870.2
2024-02-28 01:00:00+00:00,0.6246,0.6252,0.619,0.6201,5228952.2
2024-02-28 02:00:00+00:00,0.6201,0.6217,0.6186,0.6203,2385088.0
2024-02-28 03:00:00+00:00,0.6202,0.6203,0.6152,0.6171,3299444.4
2024-02-28 04:00:00+00:00,0.6171,0.6231,0.6166,0.6214,5349126.7
2024-02-28 05:00:00+00:00,0.6214,0.6228,0.6183,0.6189,2797666.4
2024-02-28 06:00:00+00:00,0.6189,0.621,0.6167,0.6187,3942711.8
2024-02-28 07:00:00+00:00,0.6186,0.628,0.617,0.628,7373738.3
2024-02-28 08:00:00+00:00,0.6281,0.6389,0.6274,0.6371,24814407.4
2024-02-28 09:00:00+00:00,0.6371,0.6395,0.6307,0.6385,14429561.1
2024-02-28 10:00:00+00:00,0.6385,0.6398,0.6334,0.6396,9260862.6
2024-02-28 11:00:00+00:00,0.6396,0.6448,0.6201,0.6247,20162327.7
2024-02-28 12:00:00+00:00,0.6249,0.6306,0.6237,0.6285,11170408.1
2024-02-28 13:00:00+00:00,0.6285,0.638,0.6269,0.6352,14013788.7
2024-02-28 14:00:00+00:00,0.6353,0.6422,0.6282,0.64,20840562.5
2024-02-28 15:00:00+00:00,0.64,0.6503,0.6375,0.6395,30116246.4
2024-02-28 16:00:00+00:00,0.6393,0.6535,0.6389,0.6523,17277936.7
2024-02-28 17:00:00+00:00,0.6521,0.661,0.601,0.627,78406994.2
2024-02-28 18:00:00+00:00,0.6272,0.6288,0.5961,0.6189,36462927.7
2024-02-28 19:00:00+00:00,0.619,0.624,0.6146,0.6181,10879951.2
2024-02-28 20:00:00+00:00,0.6181,0.6232,0.6112,0.6218,9490780.1
2024-02-28 21:00:00+00:00,0.6216,0.6276,0.6168,0.6262,6938050.9
2024-02-28 22:00:00+00:00,0.6263,0.6367,0.6256,0.6286,9999648.9
2024-02-28 23:00:00+00:00,0.6285,0.6324,0.6275,0.6287,6733200.7
2024-02-29 00:00:00+00:00,0.6287,0.6375,0.6223,0.6374,14487048.9
2024-02-29 01:00:00+00:00,0.6373,0.6481,0.634,0.6469,16135479.6
2024-02-29 02:00:00+00:00,0.6469,0.6493,0.6396,0.6402,9167171.4
2024-02-29 03:00:00+00:00,0.64,0.6433,0.6349,0.6424,6997775.1
2024-02-29 04:00:00+00:00,0.6424,0.6581,0.6391,0.6567,16622882.6
2024-02-29 05:00:00+00:00,0.6565,0.6666,0.6547,0.6665,24904252.8
2024-02-29 06:00:00+00:00,0.6665,0.6896,0.6663,0.6884,55852832.0
2024-02-29 07:00:00+00:00,0.6884,0.6985,0.6791,0.6836,40909029.3
2024-02-29 08:00:00+00:00,0.6835,0.699,0.6827,0.6968,31771421.7
2024-02-29 09:00:00+00:00,0.6967,0.7015,0.6846,0.6915,36683025.3
2024-02-29 10:00:00+00:00,0.6914,0.7064,0.6826,0.7015,24185931.4
2024-02-29 11:00:00+00:00,0.7014,0.7088,0.6871,0.6904,32142143.6
2024-02-29 12:00:00+00:00,0.6904,0.6934,0.6827,0.6895,14322823.9
2024-02-29 13:00:00+00:00,0.6895,0.6986,0.6837,0.6972,14191568.4
2024-02-29 14:00:00+00:00,0.6973,0.7002,0.69,0.6983,14059593.9
2024-02-29 15:00:00+00:00,0.6983,0.703,0.6924,0.6927,11131259.1
2024-02-29 16:00:00+00:00,0.6928,0.6957,0.6688,0.6819,31957787.5
2024-02-29 17:00:00+00:00,0.6819,0.6846,0.6633,0.6698,23900598.3
2024-02-29 18:00:00+00:00,0.6697,0.6758,0.6631,0.667,14936868.8
2024-02-29 19:00:00+00:00,0.667,0.6781,0.6664,0.6766,11398896.9
2024-02-29 20:00:00+00:00,0.6766,0.6791,0.6756,0.6756,6880853.7
2024-02-29 21:00:00+00:00,0.6755,0.6766,0.6521,0.6625,18471878.0
2024-02-29 22:00:00+00:00,0.6625,0.6635,0.6398,0.6485,16355181.3
2024-02-29 23:00:00+00:00,0.6485,0.6606,0.6482,0.6547,9134539.4
2024-03-01 00:00:00+00:00,0.6549,0.673,0.6529,0.6718,9628763.4
2024-03-01 01:00:00+00:00,0.6718,0.6762,0.6655,0.6727,12679348.0
2024-03-01 02:00:00+00:00,0.6726,0.6767,0.666,0.6763,6593626.7
2024-03-01 03:00:00+00:00,0.6763,0.6836,0.6707,0.6727,7417782.4
2024-03-01 04:00:00+00:00,0.6727,0.6754,0.669,0.6743,4544315.7
2024-03-01 05:00:00+00:00,0.6743,0.6759,0.6674,0.6682,5696532.1
2024-03-01 06:00:00+00:00,0.6683,0.6745,0.6652,0.6691,4935287.2
2024-03-01 07:00:00+00:00,0.6692,0.672,0.6634,0.664,5706559.5
2024-03-01 08:00:00+00:00,0.664,0.6758,0.6619,0.6717,6050642.5
2024-03-01 09:00:00+00:00,0.6717,0.6817,0.6711,0.6802,9622585.4
2024-03-01 10:00:00+00:00,0.6802,0.6891,0.6769,0.6859,8431666.4
2024-03-01 11:00:00+00:00,0.6859,0.6899,0.6807,0.6855,8441530.5
2024-03-01 12:00:00+00:00,0.6856,0.6916,0.6831,0.6851,9620423.8
2024-03-01 13:00:00+00:00,0.6852,0.6894,0.6829,0.688,7168309.1
2024-03-01 14:00:00+00:00,0.6879,0.695,0.6804,0.6878,19032533.8
2024-03-01 15:00:00+00:00,0.6878,0.6934,0.6764,0.6794,12660058.5
2024-03-01 16:00:00+00:00,0.6794,0.6838,0.6748,0.6778,17022275.6
2024-03-01 17:00:00+00:00,0.6778,0.6917,0.6778,0.6881,11282438.5
2024-03-01 18:00:00+00:00,0.6881,0.6934,0.6853,0.6907,6040204.8
2024-03-01 19:00:00+00:00,0.6907,0.6956,0.6895,0.691,9683986.2
2024-03-01 20:00:00+00:00,0.6911,0.6957,0.6888,0.6951,6454645.8
2024-03-01 21:00:00+00:00,0.695,0.6954,0.6894,0.6952,7426410.0
2024-03-01 22:00:00+00:00,0.6951,0.6997,0.6931,0.6986,8083336.3
2024-03-01 23:00:00+00:00,0.6986,0.72,0.6981,0.7195,23155234.3
2024-03-02 00:00:00+00:00,0.7196,0.7519,0.7171,0.7474,51242077.1
2024-03-02 01:00:00+00:00,0.7474,0.76,0.7389,0.7559,31079332.8
2024-03-02 02:00:00+00:00,0.7558,0.7619,0.747,0.7617,15411907.6
2024-03-02 03:00:00+00:00,0.7617,0.7638,0.7518,0.7556,11139844.5
2024-03-02 04:00:00+00:00,0.7556,0.7618,0.7514,0.7545,11757551.6
2024-03-02 05:00:00+00:00,0.7544,0.7576,0.7444,0.746,12010273.3
2024-03-02 06:00:00+00:00,0.746,0.7505,0.7378,0.7402,19600590.2
2024-03-02 07:00:00+00:00,0.7402,0.7437,0.728,0.7343,15555066.7
2024-03-02 08:00:00+00:00,0.7343,0.7507,0.7337,0.7438,16238834.4
2024-03-02 09:00:00+00:00,0.7438,0.7471,0.7193,0.725,20484324.7
2024-03-02 10:00:00+00:00,0.725,0.7351,0.7246,0.7325,7462172.8
2024-03-02 11:00:00+00:00,0.7324,0.7356,0.73,0.7331,6534093.8
2024-03-02 12:00:00+00:00,0.7331,0.7441,0.7316,0.7417,9762974.6
2024-03-02 13:00:00+00:00,0.7417,0.7461,0.7367,0.7377,6955045.5
2024-03-02 14:00:00+00:00,0.7377,0.7382,0.723,0.7315,13987899.6
2024-03-02 15:00:00+00:00,0.7315,0.7335,0.7253,0.7303,6762161.4
2024-03-02 16:00:00+00:00,0.7304,0.738,0.7253,0.733,7602791.0
2024-03-02 17:00:00+00:00,0.733,0.7379,0.732,0.7326,4285204.2
2024-03-02 18:00:00+00:00,0.7326,0.7427,0.7316,0.7426,5297308.3
2024-03-02 19:00:00+00:00,0.7426,0.744,0.7378,0.7409,4222234.5
2024-03-02 20:00:00+00:00,0.7409,0.7419,0.7291,0.7335,7575164.8
2024-03-02 21:00:00+00:00,0.7334,0.7357,0.7309,0.7341,2611538.8
2024-03-02 22:00:00+00:00,0.734,0.7385,0.7308,0.7349,4103906.1
2024-03-02 23:00:00+00:00,0.735,0.7422,0.735,0.7416,6064180.2
2024-03-03 00:00:00+00:00,0.7414,0.742,0.7278,0.7298,11002706.0
2024-03-03 01:00:00+00:00,0.7298,0.7373,0.7266,0.7367,6070688.3
2024-03-03 02:00:00+00:00,0.7366,0.7375,0.7257,0.7348,6274372.8
2024-03-03 03:00:00+00:00,0.7347,0.742,0.7321,0.7395,5933055.2
2024-03-03 04:00:00+00:00,0.7394,0.7421,0.7381,0.7397,3853602.6
2024-03-03 05:00:00+00:00,0.7397,0.7402,0.7219,0.7269,13023607.4
2024-03-03 06:00:00+00:00,0.7269,0.7338,0.7249,0.7272,11326404.2
2024-03-03 07:00:00+00:00,0.7272,0.7286,0.685,0.7116,35166799.0
2024-03-03 08:00:00+00:00,0.7116,0.7281,0.7038,0.7269,22339969.3
2024-03-03 09:00:00+00:00,0.7268,0.7296,0.7215,0.7233,9355662.1
2024-03-03 10:00:00+00:00,0.7234,0.725,0.7174,0.7202,6316538.0
2024-03-03 11:00:00+00:00,0.7201,0.7276,0.7179,0.7271,3747861.0
2024-03-03 12:00:00+00:00,0.7271,0.7333,0.7239,0.7268,8968750.3
2024-03-03 13:00:00+00:00,0.7269,0.7308,0.7234,0.729,4084178.8
2024-03-03 14:00:00+00:00,0.7291,0.7292,0.7187,0.7209,6456651.3
2024-03-03 15:00:00+00:00,0.7208,0.7274,0.7207,0.7227,4501828.6
2024-03-03 16:00:00+00:00,0.7227,0.7332,0.72,0.7327,7615090.6
2024-03-03 17:00:00+00:00,0.7327,0.7356,0.7267,0.7286,6775011.7
2024-03-03 18:00:00+00:00,0.7286,0.7291,0.7219,0.7256,4865818.7
2024-03-03 19:00:00+00:00,0.7256,0.7294,0.7236,0.7257,5512930.0
2024-03-03 20:00:00+00:00,0.7257,0.7291,0.724,0.7252,4352539.2
2024-03-03 21:00:00+00:00,0.7253,0.7287,0.7246,0.7277,3218304.2
2024-03-03 22:00:00+00:00,0.7278,0.7393,0.727,0.7307,9378763.3
2024-03-03 23:00:00+00:00,0.7308,0.7311,0.725,0.7279,5361605.7
2024-03-04 00:00:00+00:00,0.728,0.7461,0.7219,0.7365,25563022.4
2024-03-04 01:00:00+00:00,0.7365,0.7436,0.7286,0.7428,12321028.4
2024-03-04 02:00:00+00:00,0.7429,0.7561,0.7399,0.7526,23017555.6
2024-03-04 03:00:00+00:00,0.7526,0.759,0.7444,0.7551,16082651.2
2024-03-04 04:00:00+00:00,0.7549,0.7565,0.744,0.746,10315907.6
2024-03-04 05:00:00+00:00,0.746,0.7773,0.7422,0.7619,27368365.7
2024-03-04 06:00:00+00:00,0.762,0.7927,0.7591,0.7925,30831734.7
2024-03-04 07:00:00+00:00,0.7925,0.7957,0.781,0.7811,21106602.4
2024-03-04 08:00:00+00:00,0.7811,0.7969,0.781,0.7932,22444079.0
2024-03-04 09:00:00+00:00,0.7932,0.7964,0.7817,0.7963,18590314.1
2024-03-04 10:00:00+00:00,0.7963,0.7986,0.7742,0.7784,24571444.0
2024-03-04 11:00:00+00:00,0.7785,0.7849,0.7721,0.7837,10404900.5
2024-03-04 12:00:00+00:00,0.7838,0.7842,0.7751,0.7831,8329472.6
2024-03-04 13:00:00+00:00,0.783,0.7849,0.7701,0.7714,11087265.7
2024-03-04 14:00:00+00:00,0.7714,0.7902,0.7645,0.7852,19693296.4
2024-03-04 15:00:00+00:00,0.7853,0.7896,0.7796,0.7878,12413798.6
2024-03-04 16:00:00+00:00,0.7877,0.789,0.7735,0.7787,19562799.8
2024-03-04 17:00:00+00:00,0.7788,0.7882,0.7654,0.7659,23259994.7
2024-03-04 18:00:00+00:00,0.7659,0.7815,0.7555,0.7766,18612479.3
2024-03-04 19:00:00+00:00,0.7766,0.7832,0.767,0.7768,13387965.6
2024-03-04 20:00:00+00:00,0.777,0.7785,0.7676,0.7713,9101650.6
2024-03-04 21:00:00+00:00,0.7713,0.772,0.7628,0.7717,7105319.5
2024-03-04 22:00:00+00:00,0.7718,0.7741,0.7635,0.7718,7262039.5
2024-03-04 23:00:00+00:00,0.7719,0.7809,0.7668,0.7701,12402049.4
2024-03-05 00:00:00+00:00,0.77,0.7786,0.7641,0.7712,15868924.0
2024-03-05 01:00:00+00:00,0.7711,0.781,0.7675,0.7768,14373619.4
2024-03-05 02:00:00+00:00,0.7768,0.7775,0.7554,0.7673,19076451.2
2024-03-05 03:00:00+00:00,0.7672,0.77,0.76,0.7672,7602022.2
2024-03-05 04:00:00+00:00,0.7672,0.7747,0.7518,0.7594,29850000.8
2024-03-05 05:00:00+00:00,0.7593,0.7708,0.7417,0.7696,30785942.7
2024-03-05 06:00:00+00:00,0.7697,0.7707,0.7608,0.7697,12316306.7
2024-03-05 07:00:00+00:00,0.7695,0.7701,0.7535,0.7538,13725257.3
2024-03-05 08:00:00+00:00,0.7538,0.7636,0.7464,0.7624,15397759.2
2024-03-05 09:00:00+00:00,0.7624,0.7831,0.7585,0.7759,18187364.5
2024-03-05 10:00:00+00:00,0.7758,0.779,0.7728,0.7743,10446947.9
2024-03-05 11:00:00+00:00,0.7742,0.776,0.7678,0.7678,7632715.1
2024-03-05 12:00:00+00:00,0.7678,0.7758,0.7676,0.775,7282318.2
2024-03-05 13:00:00+00:00,0.775,0.7794,0.7703,0.7751,11616843.3
2024-03-05 14:00:00+00:00,0.775,0.7791,0.7625,0.7753,18185404.0
2024-03-05 15:00:00+00:00,0.7754,0.7793,0.751,0.754,32825876.5
2024-03-05 16:00:00+00:00,0.7541,0.7592,0.714,0.7342,46160882.6
2024-03-05 17:00:00+00:00,0.7343,0.735,0.7078,0.7346,27815800.7
2024-03-05 18:00:00+00:00,0.7346,0.7346,0.7172,0.7191,13398407.1
2024-03-05 19:00:00+00:00,0.719,0.7237,0.571,0.6348,71091332.0
2024-03-05 20:00:00+00:00,0.6354,0.6631,0.6263,0.6558,111063601.6
2024-03-05 21:00:00+00:00,0.6555,0.6781,0.6546,0.6777,49862726.0
2024-03-05 22:00:00+00:00,0.6776,0.6797,0.6628,0.6788,17851923.2
2024-03-05 23:00:00+00:00,0.6787,0.6987,0.6758,0.6923,18295299.6
2024-03-06 00:00:00+00:00,0.6923,0.6969,0.6845,0.6858,15854474.6
2024-03-06 01:00:00+00:00,0.6858,0.6931,0.6758,0.6781,14358799.7
2024-03-06 02:00:00+00:00,0.6782,0.6808,0.665,0.6654,10955943.3
2024-03-06 03:00:00+00:00,0.6654,0.6778,0.6654,0.6762,7189605.7
2024-03-06 04:00:00+00:00,0.6763,0.6982,0.6763,0.698,9859030.2
2024-03-06 05:00:00+00:00,0.698,0.7256,0.6962,0.7226,26389113.9
2024-03-06 06:00:00+00:00,0.7226,0.724,0.7156,0.7176,13552202.3
2024-03-06 07:00:00+00:00,0.7176,0.7386,0.7148,0.7382,17441577.8
2024-03-06 08:00:00+00:00,0.7381,0.7575,0.7337,0.74,25943412.2
2024-03-06 09:00:00+00:00,0.74,0.7436,0.7234,0.7241,12396016.7
2024-03-06 10:00:00+00:00,0.724,0.7352,0.724,0.7275,10973710.4
2024-03-06 11:00:00+00:00,0.7276,0.7345,0.7245,0.7322,8729978.3
2024-03-06 12:00:00+00:00,0.7323,0.7368,0.7026,0.7127,22209474.5
2024-03-06 13:00:00+00:00,0.7127,0.7184,0.7043,0.7156,13612216.1
2024-03-06 14:00:00+00:00,0.7157,0.7223,0.7072,0.7113,15636902.4
2024-03-06 15:00:00+00:00,0.7113,0.7194,0.7016,0.7176,13645457.5
2024-03-06 16:00:00+00:00,0.7176,0.7228,0.7132,0.7203,9235860.4
2024-03-06 17:00:00+00:00,0.7205,0.7232,0.7153,0.723,7226303.2
2024-03-06 18:00:00+00:00,0.723,0.7265,0.7171,0.7245,7600213.1
2024-03-06 19:00:00+00:00,0.7245,0.7308,0.7192,0.7271,7162088.0
2024-03-06 20:00:00+00:00,0.7271,0.7287,0.7206,0.7256,4896709.1
2024-03-06 21:00:00+00:00,0.7256,0.7337,0.7236,0.7325,6066190.9
2024-03-06 22:00:00+00:00,0.7325,0.7356,0.7245,0.7295,6776845.8
2024-03-06 23:00:00+00:00,0.7296,0.7378,0.7265,0.7349,7839467.0
2024-03-07 00:00:00+00:00,0.735,0.7486,0.7313,0.7483,11956286.2
2024-03-07 01:00:00+00:00,0.7484,0.7497,0.7333,0.7495,12620407.9
2024-03-07 02:00:00+00:00,0.7495,0.7508,0.7367,0.741,8076903.1
2024-03-07 03:00:00+00:00,0.741,0.7491,0.7355,0.737,10388976.4
2024-03-07 04:00:00+00:00,0.737,0.7445,0.7298,0.7321,9838119.6
2024-03-07 05:00:00+00:00,0.732,0.7351,0.7195,0.7223,10941044.1
2024-03-07 06:00:00+00:00,0.7224,0.7296,0.7181,0.7263,10509915.2
2024-03-07 07:00:00+00:00,0.7261,0.74,0.7253,0.7367,9684981.6
2024-03-07 08:00:00+00:00,0.7367,0.7416,0.7328,0.7335,8352057.4
2024-03-07 09:00:00+00:00,0.7336,0.738,0.7307,0.733,4404314.5
2024-03-07 10:00:00+00:00,0.7332,0.7387,0.7304,0.7343,5038193.3
2024-03-07 11:00:00+00:00,0.7343,0.7391,0.7294,0.7387,7889683.3
2024-03-07 12:00:00+00:00,0.7387,0.741,0.7295,0.7323,6010522.2
2024-03-07 13:00:00+00:00,0.7323,0.736,0.7246,0.7352,6630882.6
2024-03-07 14:00:00+00:00,0.7352,0.7519,0.7295,0.7384,22998162.1
2024-03-07 15:00:00+00:00,0.7384,0.7468,0.7323,0.7435,10592471.4
2024-03-07 16:00:00+00:00,0.7435,0.7479,0.7346,0.7409,10334547.7
2024-03-07 17:00:00+00:00,0.741,0.7483,0.7388,0.7463,8133514.5
2024-03-07 18:00:00+00:00,0.7463,0.7547,0.7435,0.7522,6941931.7
2024-03-07 19:00:00+00:00,0.7522,0.755,0.747,0.7518,6027191.4
2024-03-07 20:00:00+00:00,0.7518,0.7537,0.7452,0.7455,7822308.6
2024-03-07 21:00:00+00:00,0.7458,0.7472,0.7397,0.747,6017478.0
2024-03-07 22:00:00+00:00,0.7471,0.7494,0.7414,0.7422,3407119.0
2024-03-07 23:00:00+00:00,0.7422,0.7477,0.7422,0.7427,3334349.9
2024-03-08 00:00:00+00:00,0.7427,0.7489,0.7426,0.7475,5394889.7
2024-03-08 01:00:00+00:00,0.7477,0.7547,0.7415,0.7418,6938190.7
2024-03-08 02:00:00+00:00,0.7418,0.7461,0.7351,0.7376,7201222.9
2024-03-08 03:00:00+00:00,0.7377,0.7393,0.7337,0.7389,5453804.0
2024-03-08 04:00:00+00:00,0.739,0.7425,0.7343,0.7387,4758323.0
2024-03-08 05:00:00+00:00,0.7386,0.7396,0.7292,0.7333,6058095.6
2024-03-08 06:00:00+00:00,0.7333,0.736,0.7299,0.7357,4047322.1
2024-03-08 07:00:00+00:00,0.7357,0.736,0.73,0.7308,4744411.3
2024-03-08 08:00:00+00:00,0.7308,0.7336,0.7259,0.732,7022576.4
2024-03-08 09:00:00+00:00,0.732,0.7355,0.7316,0.7337,4325972.5
2024-03-08 10:00:00+00:00,0.7337,0.7367,0.7316,0.7337,3740437.8
2024-03-08 11:00:00+00:00,0.7336,0.7358,0.7286,0.7358,4407373.3
2024-03-08 12:00:00+00:00,0.7358,0.7362,0.7306,0.7335,4319578.3
2024-03-08 13:00:00+00:00,0.7335,0.736,0.7307,0.7316,6536170.4
2024-03-08 14:00:00+00:00,0.7317,0.7392,0.7286,0.7363,8738068.6
2024-03-08 15:00:00+00:00,0.7363,0.7421,0.698,0.7181,44532080.8
2024-03-08 16:00:00+00:00,0.7183,0.7265,0.6992,0.7226,41048171.1
2024-03-08 17:00:00+00:00,0.7227,0.7326,0.7204,0.7266,10620789.0
2024-03-08 18:00:00+00:00,0.7265,0.7283,0.7202,0.7232,7960067.9
2024-03-08 19:00:00+00:00,0.7232,0.7251,0.7165,0.7226,9101856.1
2024-03-08 20:00:00+00:00,0.7227,0.7269,0.7206,0.7231,5637340.8
2024-03-08 21:00:00+00:00,0.7232,0.7255,0.7169,0.7201,6887541.2
2024-03-08 22:00:00+00:00,0.7201,0.7253,0.7176,0.7208,4777470.9
2024-03-08 23:00:00+00:00,0.7207,0.7251,0.7205,0.7228,2865166.5
2024-03-09 00:00:00+00:00,0.7228,0.7277,0.7204,0.7275,3350064.4
2024-03-09 01:00:00+00:00,0.7276,0.7282,0.72,0.7251,3377559.3
2024-03-09 02:00:00+00:00,0.7251,0.7296,0.7237,0.7269,4537396.8
2024-03-09 03:00:00+00:00,0.727,0.729,0.7246,0.7284,2819708.4
2024-03-09 04:00:00+00:00,0.7285,0.7332,0.7269,0.7327,4121289.3
2024-03-09 05:00:00+00:00,0.7327,0.7342,0.7294,0.7316,4365536.4
2024-03-09 06:00:00+00:00,0.7314,0.7352,0.7303,0.7324,4486848.6
2024-03-09 07:00:00+00:00,0.7324,0.7403,0.7321,0.7366,5918584.0
2024-03-09 08:00:00+00:00,0.7366,0.7392,0.7313,0.7327,5203840.4
2024-03-09 09:00:00+00:00,0.7327,0.7353,0.7298,0.7319,4617611.7
2024-03-09 10:00:00+00:00,0.732,0.7332,0.7207,0.7271,8246806.5
2024-03-09 11:00:00+00:00,0.7272,0.7305,0.7252,0.7305,4212280.4
2024-03-09 12:00:00+00:00,0.7305,0.7353,0.7279,0.7331,5057799.1
2024-03-09 13:00:00+00:00,0.7331,0.735,0.7309,0.7335,3920314.0
2024-03-09 14:00:00+00:00,0.7335,0.7351,0.7299,0.7312,6511305.1
2024-03-09 15:00:00+00:00,0.7312,0.739,0.7308,0.7363,6835204.7
2024-03-09 16:00:00+00:00,0.7362,0.7398,0.733,0.7393,6657722.3
2024-03-09 17:00:00+00:00,0.7393,0.7411,0.7312,0.7379,8257702.1
2024-03-09 18:00:00+00:00,0.7379,0.7447,0.736,0.7409,6148733.8
2024-03-09 19:00:00+00:00,0.741,0.7442,0.7375,0.7377,3381949.2
2024-03-09 20:00:00+00:00,0.7377,0.7429,0.7369,0.7425,3423155.0
2024-03-09 21:00:00+00:00,0.7425,0.7426,0.7375,0.7419,3084001.2
2024-03-09 22:00:00+00:00,0.7419,0.7461,0.7408,0.7415,4707166.4
2024-03-09 23:00:00+00:00,0.7415,0.745,0.7408,0.7416,4296735.2
2024-03-10 00:00:00+00:00,0.7416,0.744,0.736,0.7389,5014619.3
2024-03-10 01:00:00+00:00,0.7389,0.742,0.7355,0.7388,5010051.0
2024-03-10 02:00:00+00:00,0.7388,0.7406,0.7367,0.7373,2586768.0
2024-03-10 03:00:00+00:00,0.7373,0.7381,0.7336,0.7354,2953295.9
2024-03-10 04:00:00+00:00,0.7355,0.7388,0.7343,0.7346,5648210.3
2024-03-10 05:00:00+00:00,0.7345,0.7354,0.7312,0.7322,3001347.7
2024-03-10 06:00:00+00:00,0.7322,0.7346,0.7303,0.732,3082383.5
2024-03-10 07:00:00+00:00,0.732,0.7371,0.7305,0.7368,3274226.3
2024-03-10 08:00:00+00:00,0.7368,0.7383,0.7335,0.7375,4712809.8
2024-03-10 09:00:00+00:00,0.7375,0.7377,0.7257,0.7283,8469770.7
2024-03-10 10:00:00+00:00,0.7284,0.7333,0.7278,0.7332,5003371.3
2024-03-10 11:00:00+00:00,0.7333,0.7346,0.7269,0.7279,4866300.5
2024-03-10 12:00:00+00:00,0.728,0.73,0.7177,0.7259,8785088.0
2024-03-10 13:00:00+00:00,0.7259,0.7308,0.7226,0.7257,9275695.2
2024-03-10 14:00:00+00:00,0.7257,0.7276,0.7081,0.7195,10972837.9
2024-03-10 15:00:00+00:00,0.7196,0.7213,0.7128,0.7153,6154830.6
2024-03-10 16:00:00+00:00,0.7152,0.7262,0.7143,0.7207,4355323.3
2024-03-10 17:00:00+00:00,0.7207,0.7231,0.717,0.718,3711443.2
2024-03-10 18:00:00+00:00,0.7182,0.72,0.7158,0.7163,3138506.4
2024-03-10 19:00:00+00:00,0.7163,0.7205,0.7147,0.7199,2967240.9
2024-03-10 20:00:00+00:00,0.7198,0.7215,0.7172,0.7199,3337305.4
2024-03-10 21:00:00+00:00,0.7199,0.7207,0.7153,0.7163,2654414.0
2024-03-10 22:00:00+00:00,0.7164,0.7167,0.7,0.7046,11604203.7
2024-03-10 23:00:00+00:00,0.7045,0.7178,0.7039,0.7166,4393612.9
2024-03-11 00:00:00+00:00,0.7165,0.7192,0.685,0.7017,14499600.5
2024-03-11 01:00:00+00:00,0.7018,0.709,0.6896,0.7008,15613118.6
2024-03-11 02:00:00+00:00,0.7008,0.7046,0.6976,0.7033,6574821.3
2024-03-11 03:00:00+00:00,0.7033,0.7135,0.7026,0.7131,6623051.4
2024-03-11 04:00:00+00:00,0.7131,0.7153,0.7098,0.7108,3578246.1
2024-03-11 05:00:00+00:00,0.7109,0.7161,0.7095,0.7117,5795149.7
2024-03-11 06:00:00+00:00,0.7115,0.722,0.7066,0.722,7473396.5
2024-03-11 07:00:00+00:00,0.7219,0.7433,0.7218,0.7339,28274127.1
2024-03-11 08:00:00+00:00,0.734,0.7393,0.7325,0.7366,13556782.8
2024-03-11 09:00:00+00:00,0.7367,0.744,0.7339,0.7434,7928139.8
2024-03-11 10:00:00+00:00,0.7433,0.7446,0.739,0.7397,9272658.2
2024-03-11 11:00:00+00:00,0.7398,0.7442,0.7341,0.7377,9487924.8
2024-03-11 12:00:00+00:00,0.7376,0.742,0.7348,0.7403,6997305.5
2024-03-11 13:00:00+00:00,0.7402,0.7414,0.728,0.729,8267777.3
2024-03-11 14:00:00+00:00,0.729,0.7397,0.7289,0.7346,8711383.0
2024-03-11 15:00:00+00:00,0.7346,0.7617,0.7329,0.7586,29449972.8
2024-03-11 16:00:00+00:00,0.7586,0.7728,0.754,0.7595,42325845.2
2024-03-11 17:00:00+00:00,0.7595,0.7664,0.7544,0.7662,20257410.0
2024-03-11 18:00:00+00:00,0.7663,0.7785,0.7645,0.7724,19188235.5
2024-03-11 19:00:00+00:00,0.7724,0.7779,0.7698,0.7735,10585353.9
2024-03-11 20:00:00+00:00,0.7736,0.7795,0.7717,0.7729,9774915.1
2024-03-11 21:00:00+00:00,0.7728,0.784,0.7703,0.7803,11501360.0
2024-03-11 22:00:00+00:00,0.7803,0.7882,0.7792,0.7832,14220910.9
2024-03-11 23:00:00+00:00,0.7833,0.7854,0.7727,0.7754,10672842.7
2024-03-12 00:00:00+00:00,0.7754,0.7764,0.7629,0.763,13572236.3
2024-03-12 01:00:00+00:00,0.7629,0.7675,0.7621,0.7636,5628990.4
2024-03-12 02:00:00+00:00,0.7636,0.7715,0.7611,0.7702,8021825.9
2024-03-12 03:00:00+00:00,0.7702,0.7706,0.7553,0.7574,7922002.7
2024-03-12 04:00:00+00:00,0.7575,0.7663,0.7538,0.7637,6621976.9
2024-03-12 05:00:00+00:00,0.7637,0.7658,0.7614,0.7625,3539965.6
2024-03-12 06:00:00+00:00,0.7626,0.7628,0.7465,0.7551,11744755.9
2024-03-12 07:00:00+00:00,0.7549,0.757,0.7508,0.7518,4623863.5
2024-03-12 08:00:00+00:00,0.7517,0.7529,0.7325,0.7421,12566875.1
2024-03-12 09:00:00+00:00,0.7421,0.7482,0.7413,0.7451,5263587.9
2024-03-12 10:00:00+00:00,0.7451,0.7472,0.7409,0.7466,4827037.4
2024-03-12 11:00:00+00:00,0.7467,0.7538,0.7454,0.7481,7673905.9
2024-03-12 12:00:00+00:00,0.7481,0.7527,0.735,0.751,11854934.9
2024-03-12 13:00:00+00:00,0.751,0.7532,0.7419,0.7492,9002406.6
2024-03-12 14:00:00+00:00,0.7492,0.7577,0.738,0.7388,15387985.3
2024-03-12 15:00:00+00:00,0.7388,0.7495,0.7329,0.7471,11153517.2
2024-03-12 16:00:00+00:00,0.747,0.7493,0.7261,0.7292,19685212.9
2024-03-12 17:00:00+00:00,0.7291,0.7374,0.704,0.7373,36539683.7
2024-03-12 18:00:00+00:00,0.7374,0.7416,0.7333,0.7412,7939274.2
2024-03-12 19:00:00+00:00,0.7414,0.7475,0.7385,0.7471,6278468.5
2024-03-12 20:00:00+00:00,0.747,0.7472,0.7336,0.7356,6467819.7
2024-03-12 21:00:00+00:00,0.7356,0.7406,0.7337,0.7385,3711195.8
2024-03-12 22:00:00+00:00,0.7384,0.7434,0.7366,0.742,3338920.7
2024-03-12 23:00:00+00:00,0.7419,0.7489,0.7404,0.7481,3784674.0
2024-03-13 00:00:00+00:00,0.7482,0.7517,0.7453,0.7467,5049737.1
2024-03-13 01:00:00+00:00,0.7468,0.755,0.7455,0.7546,5864192.8
2024-03-13 02:00:00+00:00,0.7545,0.755,0.7524,0.7533,2704138.3
2024-03-13 03:00:00+00:00,0.7533,0.7542,0.75,0.7523,3487495.9
2024-03-13 04:00:00+00:00,0.7523,0.7528,0.7492,0.7509,3873472.4
2024-03-13 05:00:00+00:00,0.751,0.7564,0.7489,0.755,3204747.9
2024-03-13 06:00:00+00:00,0.7551,0.7599,0.7513,0.7598,6443819.6
2024-03-13 07:00:00+00:00,0.7598,0.7691,0.7589,0.763,12049606.1
2024-03-13 08:00:00+00:00,0.7631,0.7731,0.7629,0.7692,10816590.2
2024-03-13 09:00:00+00:00,0.7693,0.7707,0.7623,0.7624,8707321.8
2024-03-13 10:00:00+00:00,0.7624,0.7632,0.7558,0.7593,6880201.3
2024-03-13 11:00:00+00:00,0.7593,0.7625,0.7566,0.7587,6436586.9
2024-03-13 12:00:00+00:00,0.7588,0.7649,0.7568,0.759,12467592.3
2024-03-13 13:00:00+00:00,0.7589,0.7617,0.739,0.7462,12528941.2
2024-03-13 14:00:00+00:00,0.7462,0.7528,0.738,0.7411,9640228.9
2024-03-13 15:00:00+00:00,0.7411,0.7517,0.7357,0.7462,9935389.4
2024-03-13 16:00:00+00:00,0.7463,0.751,0.7415,0.7504,7569433.6
2024-03-13 17:00:00+00:00,0.7504,0.7538,0.7451,0.7481,5534250.1
2024-03-13 18:00:00+00:00,0.748,0.7547,0.748,0.7519,4369160.8
2024-03-13 19:00:00+00:00,0.7518,0.7527,0.7473,0.752,4744279.7
2024-03-13 20:00:00+00:00,0.752,0.7541,0.7468,0.7491,5872951.2
2024-03-13 21:00:00+00:00,0.7491,0.7529,0.746,0.7525,4451166.1
2024-03-13 22:00:00+00:00,0.7525,0.7572,0.7512,0.7567,5696514.5
2024-03-13 23:00:00+00:00,0.7567,0.7666,0.7562,0.7638,10222935.7
2024-03-14 00:00:00+00:00,0.7639,0.7668,0.7549,0.7566,8999441.6
2024-03-14 01:00:00+00:00,0.7565,0.76,0.7531,0.7589,5085251.4
2024-03-14 02:00:00+00:00,0.7589,0.7643,0.7555,0.7585,6461867.9
2024-03-14 03:00:00+00:00,0.7584,0.7614,0.7553,0.7595,6542919.3
2024-03-14 04:00:00+00:00,0.7594,0.76,0.7433,0.7484,8811669.8
2024-03-14 05:00:00+00:00,0.7484,0.7567,0.7465,0.7545,5005857.1
2024-03-14 06:00:00+00:00,0.7546,0.7618,0.7541,0.7597,6087977.7
2024-03-14 07:00:00+00:00,0.7596,0.7931,0.7589,0.7831,36146806.2
2024-03-14 08:00:00+00:00,0.783,0.7925,0.7738,0.7889,29027150.7
2024-03-14 09:00:00+00:00,0.7888,0.808,0.7847,0.7998,37335287.2
2024-03-14 10:00:00+00:00,0.7998,0.8104,0.7893,0.7947,29851417.9
2024-03-14 11:00:00+00:00,0.7947,0.7961,0.7803,0.795,21829893.9
2024-03-14 12:00:00+00:00,0.7951,0.8016,0.7816,0.7884,16982170.4
2024-03-14 13:00:00+00:00,0.7883,0.7906,0.753,0.7628,34038145.4
2024-03-14 14:00:00+00:00,0.7628,0.7763,0.7562,0.7608,23066498.6
2024-03-14 15:00:00+00:00,0.761,0.7653,0.74,0.7474,24251155.0
2024-03-14 16:00:00+00:00,0.7473,0.76,0.736,0.7597,22490902.0
2024-03-14 17:00:00+00:00,0.7594,0.7619,0.7484,0.7551,9459108.3
2024-03-14 18:00:00+00:00,0.7552,0.7552,0.73,0.7375,17278384.4
2024-03-14 19:00:00+00:00,0.7374,0.7418,0.7133,0.7269,28856271.6
2024-03-14 20:00:00+00:00,0.727,0.747,0.7261,0.742,18182050.8
2024-03-14 21:00:00+00:00,0.7421,0.7451,0.7356,0.7448,6353626.8
2024-03-14 22:00:00+00:00,0.7447,0.7548,0.7445,0.7495,8603938.7
2024-03-14 23:00:00+00:00,0.7495,0.754,0.7475,0.7509,5278901.3
2024-03-15 00:00:00+00:00,0.7509,0.7606,0.7479,0.7558,7417256.2
2024-03-15 01:00:00+00:00,0.7557,0.7618,0.7515,0.7572,8218133.3
2024-03-15 02:00:00+00:00,0.7571,0.7647,0.72,0.7295,30137693.5
2024-03-15 03:00:00+00:00,0.7298,0.7345,0.6981,0.7206,36355085.6
2024-03-15 04:00:00+00:00,0.7205,0.7227,0.7036,0.7078,17147167.4
2024-03-15 05:00:00+00:00,0.7076,0.7202,0.7042,0.7077,11026581.9
2024-03-15 06:00:00+00:00,0.7077,0.7267,0.7076,0.7254,9232316.4
2024-03-15 07:00:00+00:00,0.7254,0.7267,0.7151,0.7207,9912404.7
2024-03-15 08:00:00+00:00,0.7208,0.7224,0.6873,0.6883,26622076.9
2024-03-15 09:00:00+00:00,0.6885,0.7023,0.669,0.7006,43832406.0
2024-03-15 10:00:00+00:00,0.7006,0.7042,0.6929,0.6962,12445903.5
2024-03-15 11:00:00+00:00,0.6963,0.7038,0.6846,0.7013,17368176.4
2024-03-15 12:00:00+00:00,0.7012,0.7071,0.6972,0.7034,8792199.0
2024-03-15 13:00:00+00:00,0.7034,0.7193,0.6992,0.7182,11903984.0
2024-03-15 14:00:00+00:00,0.7182,0.7198,0.708,0.7184,7302155.9
2024-03-15 15:00:00+00:00,0.7182,0.7247,0.7156,0.7172,7402544.6
2024-03-15 16:00:00+00:00,0.7171,0.7206,0.7079,0.7118,8562650.6
2024-03-15 17:00:00+00:00,0.7118,0.7165,0.7072,0.7158,6084361.0
2024-03-15 18:00:00+00:00,0.7159,0.736,0.7153,0.7349,12350357.4
2024-03-15 19:00:00+00:00,0.735,0.7402,0.7146,0.7194,17570141.7
2024-03-15 20:00:00+00:00,0.7193,0.7198,0.6987,0.7018,13050738.3
2024-03-15 21:00:00+00:00,0.7018,0.7124,0.7011,0.712,5189024.6
2024-03-15 22:00:00+00:00,0.712,0.7243,0.7093,0.7238,6055075.1
2024-03-15 23:00:00+00:00,0.7238,0.73,0.7188,0.7274,8410973.2
2024-03-16 00:00:00+00:00,0.7274,0.7301,0.7203,0.7218,6542391.0
2024-03-16 01:00:00+00:00,0.7218,0.7269,0.7205,0.7235,6573688.4
2024-03-16 02:00:00+00:00,0.7236,0.725,0.7191,0.7201,4056481.4
2024-03-16 03:00:00+00:00,0.7202,0.7256,0.7165,0.7221,4576752.1
2024-03-16 04:00:00+00:00,0.7222,0.7245,0.7156,0.7184,4081506.8
2024-03-16 05:00:00+00:00,0.7184,0.7191,0.7075,0.7142,6382409.6
2024-03-16 06:00:00+00:00,0.7142,0.7246,0.7138,0.7242,6688714.1
2024-03-16 07:00:00+00:00,0.7241,0.7345,0.7223,0.7341,9358437.6
2024-03-16 08:00:00+00:00,0.7341,0.7355,0.726,0.7273,7532908.5
2024-03-16 09:00:00+00:00,0.7274,0.7292,0.7233,0.7262,8549565.2
2024-03-16 10:00:00+00:00,0.7263,0.7315,0.7226,0.7231,7165177.8
2024-03-16 11:00:00+00:00,0.723,0.7265,0.7117,0.7184,8841327.1
2024-03-16 12:00:00+00:00,0.7184,0.7196,0.7067,0.7079,7594308.3
2024-03-16 13:00:00+00:00,0.708,0.7132,0.6964,0.6965,16283825.9
2024-03-16 14:00:00+00:00,0.6966,0.703,0.6928,0.7025,12189179.9
2024-03-16 15:00:00+00:00,0.7024,0.7048,0.6919,0.7042,14680139.3
2024-03-16 16:00:00+00:00,0.7043,0.705,0.6955,0.6976,6414828.2
2024-03-16 17:00:00+00:00,0.6976,0.6997,0.6804,0.6828,13406070.8
2024-03-16 18:00:00+00:00,0.6829,0.6852,0.6602,0.6679,30576680.9
2024-03-16 19:00:00+00:00,0.6679,0.6806,0.6642,0.6664,17927917.1
2024-03-16 20:00:00+00:00,0.6664,0.6767,0.6585,0.6728,13399891.1
2024-03-16 21:00:00+00:00,0.6727,0.6754,0.658,0.6644,10936359.7
2024-03-16 22:00:00+00:00,0.6642,0.6716,0.6591,0.6658,6445236.8
2024-03-16 23:00:00+00:00,0.6657,0.6657,0.65,0.6591,23544405.7
2024-03-17 00:00:00+00:00,0.6591,0.6717,0.6505,0.6516,13196429.0
2024-03-17 01:00:00+00:00,0.6516,0.6655,0.6516,0.6654,10706289.1
2024-03-17 02:00:00+00:00,0.6654,0.6737,0.6627,0.6706,7509750.8
2024-03-17 03:00:00+00:00,0.6706,0.6735,0.6679,0.6732,3960471.1
2024-03-17 04:00:00+00:00,0.6732,0.6735,0.6664,0.6688,3812749.3
2024-03-17 05:00:00+00:00,0.6688,0.6702,0.6612,0.6641,4004097.4
2024-03-17 06:00:00+00:00,0.6642,0.666,0.6429,0.6429,10632358.3
2024-03-17 07:00:00+00:00,0.6428,0.6493,0.6288,0.6458,23964717.0
2024-03-17 08:00:00+00:00,0.6458,0.668,0.6439,0.6662,12991952.5
2024-03-17 09:00:00+00:00,0.6662,0.6757,0.6637,0.6687,8080894.9
2024-03-17 10:00:00+00:00,0.6686,0.6829,0.6685,0.6798,12343960.0
2024-03-17 11:00:00+00:00,0.6798,0.684,0.6763,0.6776,5461407.4
2024-03-17 12:00:00+00:00,0.6776,0.6832,0.6628,0.666,8417623.2
2024-03-17 13:00:00+00:00,0.6659,0.6802,0.6659,0.6767,6591420.7
2024-03-17 14:00:00+00:00,0.6766,0.6817,0.6723,0.6785,5411273.7
2024-03-17 15:00:00+00:00,0.6784,0.6862,0.6727,0.684,6790074.0
2024-03-17 16:00:00+00:00,0.6839,0.6868,0.6756,0.6779,6193747.3
2024-03-17 17:00:00+00:00,0.6778,0.6857,0.6757,0.6836,7040330.7
2024-03-17 18:00:00+00:00,0.6837,0.6849,0.6766,0.6775,4406764.3
2024-03-17 19:00:00+00:00,0.6775,0.6846,0.6768,0.6844,3852732.8
2024-03-17 20:00:00+00:00,0.6844,0.6858,0.6779,0.6788,3192538.9
2024-03-17 21:00:00+00:00,0.6787,0.6799,0.6738,0.6774,4216939.2
2024-03-17 22:00:00+00:00,0.6774,0.6881,0.6774,0.682,8197739.9
2024-03-17 23:00:00+00:00,0.6819,0.6839,0.6754,0.6814,7663639.8
2024-03-18 00:00:00+00:00,0.6814,0.6814,0.6629,0.663,9289339.2
2024-03-18 01:00:00+00:00,0.663,0.6721,0.6565,0.6694,8237640.8
2024-03-18 02:00:00+00:00,0.6694,0.6769,0.6676,0.6715,6256011.1
2024-03-18 03:00:00+00:00,0.6715,0.6763,0.6698,0.6708,4109229.3
2024-03-18 04:00:00+00:00,0.6707,0.6798,0.6649,0.6765,5247440.6
2024-03-18 05:00:00+00:00,0.6764,0.6939,0.6728,0.6937,12263803.2
2024-03-18 06:00:00+00:00,0.6938,0.699,0.6851,0.6881,14438640.5
2024-03-18 07:00:00+00:00,0.6881,0.6894,0.6819,0.6872,7027300.1
2024-03-18 08:00:00+00:00,0.6872,0.6874,0.6701,0.6816,8679165.5
2024-03-18 09:00:00+00:00,0.6816,0.6833,0.6723,0.6745,7299142.9
2024-03-18 10:00:00+00:00,0.6744,0.683,0.6712,0.6828,6521408.4
2024-03-18 11:00:00+00:00,0.6828,0.6879,0.6802,0.6817,5254364.8
2024-03-18 12:00:00+00:00,0.6817,0.6862,0.6762,0.6818,6518156.1
2024-03-18 13:00:00+00:00,0.6818,0.6824,0.661,0.6637,14629348.5
2024-03-18 14:00:00+00:00,0.6636,0.6666,0.6497,0.6544,12719182.5
2024-03-18 15:00:00+00:00,0.6543,0.6632,0.6501,0.6603,12677025.0
2024-03-18 16:00:00+00:00,0.6603,0.6676,0.6499,0.6525,9796690.8
2024-03-18 17:00:00+00:00,0.6525,0.6551,0.642,0.6519,11294076.5
2024-03-18 18:00:00+00:00,0.6518,0.6561,0.6458,0.6463,4374765.1
2024-03-18 19:00:00+00:00,0.6463,0.6558,0.6448,0.649,6232789.0
2024-03-18 20:00:00+00:00,0.6491,0.6571,0.649,0.6552,3299822.2
2024-03-18 21:00:00+00:00,0.655,0.6612,0.6538,0.6548,4751074.2
2024-03-18 22:00:00+00:00,0.6547,0.6571,0.651,0.657,6907671.2
2024-03-18 23:00:00+00:00,0.657,0.6666,0.6554,0.6603,6084618.6
2024-03-19 00:00:00+00:00,0.6603,0.6661,0.6449,0.6479,9186055.8
2024-03-19 01:00:00+00:00,0.6477,0.6488,0.6251,0.6301,21915924.5
2024-03-19 02:00:00+00:00,0.6302,0.6416,0.6291,0.6313,9337691.1
2024-03-19 03:00:00+00:00,0.6313,0.638,0.62,0.6353,14674599.7
2024-03-19 04:00:00+00:00,0.6352,0.6379,0.6237,0.6244,11768501.1
2024-03-19 05:00:00+00:00,0.6243,0.6319,0.6172,0.6259,14097716.9
2024-03-19 06:00:00+00:00,0.6258,0.629,0.6112,0.6184,18278820.7
2024-03-19 07:00:00+00:00,0.6185,0.6279,0.6,0.6264,29483799.1
2024-03-19 08:00:00+00:00,0.6265,0.6268,0.6,0.6024,20267550.2
2024-03-19 09:00:00+00:00,0.6023,0.6202,0.5915,0.6178,30905382.4
2024-03-19 10:00:00+00:00,0.6178,0.6178,0.6001,0.6071,12200244.4
2024-03-19 11:00:00+00:00,0.607,0.6188,0.5978,0.6169,12928272.7
2024-03-19 12:00:00+00:00,0.6169,0.6288,0.6156,0.6213,18483780.1
2024-03-19 13:00:00+00:00,0.6213,0.6242,0.6133,0.6182,9558830.9
2024-03-19 14:00:00+00:00,0.6181,0.6199,0.6076,0.6171,9962188.2
2024-03-19 15:00:00+00:00,0.6171,0.6277,0.6098,0.6266,14265733.8
2024-03-19 16:00:00+00:00,0.6266,0.6296,0.6195,0.6239,13591317.2
2024-03-19 17:00:00+00:00,0.6239,0.6286,0.6181,0.6216,10521083.3
2024-03-19 18:00:00+00:00,0.6215,0.6215,0.6126,0.614,7044360.7
2024-03-19 19:00:00+00:00,0.614,0.6243,0.6108,0.6157,8005258.9
2024-03-19 20:00:00+00:00,0.6157,0.6173,0.6018,0.6035,8765106.6
2024-03-19 21:00:00+00:00,0.6035,0.6061,0.5993,0.6049,8442189.5
2024-03-19 22:00:00+00:00,0.605,0.6065,0.5852,0.5891,19901462.7
2024-03-19 23:00:00+00:00,0.5891,0.5914,0.58,0.5864,16428646.4
2024-03-20 00:00:00+00:00,0.5864,0.5998,0.5842,0.5996,14307108.8
2024-03-20 01:00:00+00:00,0.5995,0.5999,0.5846,0.5889,11484506.7
2024-03-20 02:00:00+00:00,0.5891,0.6,0.5866,0.5983,8481508.7
2024-03-20 03:00:00+00:00,0.5982,0.6053,0.5868,0.5884,7300737.9
2024-03-20 04:00:00+00:00,0.5886,0.5936,0.5787,0.5843,20045474.3
2024-03-20 05:00:00+00:00,0.5843,0.587,0.5689,0.5797,22002627.3
2024-03-20 06:00:00+00:00,0.5796,0.5927,0.5793,0.5913,9337523.5
2024-03-20 07:00:00+00:00,0.5916,0.6114,0.5906,0.6092,12526610.1
2024-03-20 08:00:00+00:00,0.6092,0.6119,0.6011,0.6015,8246917.2
2024-03-20 09:00:00+00:00,0.6015,0.6081,0.6005,0.6049,5873511.7
2024-03-20 10:00:00+00:00,0.6049,0.608,0.601,0.6044,5072880.3
2024-03-20 11:00:00+00:00,0.6044,0.6142,0.6031,0.6112,7052914.6
2024-03-20 12:00:00+00:00,0.6112,0.6162,0.6073,0.6132,9765867.8
2024-03-20 13:00:00+00:00,0.6132,0.6133,0.6053,0.607,8578188.1
2024-03-20 14:00:00+00:00,0.607,0.6124,0.604,0.6102,6609923.1
2024-03-20 15:00:00+00:00,0.6103,0.6127,0.5965,0.5986,10894856.5
2024-03-20 16:00:00+00:00,0.5987,0.6008,0.5757,0.5895,24837595.3
2024-03-20 17:00:00+00:00,0.5896,0.6054,0.5866,0.5997,10884719.0
2024-03-20 18:00:00+00:00,0.5996,0.6241,0.5995,0.6232,15841639.9
2024-03-20 19:00:00+00:00,0.6233,0.6346,0.6193,0.6318,19297981.9
2024-03-20 20:00:00+00:00,0.6319,0.6435,0.6289,0.6367,17825767.8
2024-03-20 21:00:00+00:00,0.6367,0.6428,0.635,0.6399,10746834.5
2024-03-20 22:00:00+00:00,0.6399,0.6441,0.6365,0.6398,9172382.3
2024-03-20 23:00:00+00:00,0.6397,0.6425,0.6365,0.6396,6898486.2
2024-03-21 00:00:00+00:00,0.6395,0.6448,0.6345,0.6388,7392108.7
2024-03-21 01:00:00+00:00,0.6388,0.6427,0.6363,0.6409,4633649.6
2024-03-21 02:00:00+00:00,0.6409,0.6447,0.6385,0.6414,4756048.2
2024-03-21 03:00:00+00:00,0.6415,0.6459,0.6326,0.6355,8162269.6
2024-03-21 04:00:00+00:00,0.6354,0.6385,0.6302,0.6319,7426931.3
2024-03-21 05:00:00+00:00,0.6318,0.6329,0.6202,0.6313,6927012.2
2024-03-21 06:00:00+00:00,0.6313,0.6358,0.6276,0.6298,5569089.3
2024-03-21 07:00:00+00:00,0.6296,0.6351,0.6283,0.6309,3394908.4
2024-03-21 08:00:00+00:00,0.6309,0.6379,0.6303,0.635,4898466.1
2024-03-21 09:00:00+00:00,0.635,0.6377,0.628,0.6327,3709167.4
2024-03-21 10:00:00+00:00,0.6327,0.6372,0.6317,0.6351,4920816.0
2024-03-21 11:00:00+00:00,0.6351,0.6364,0.6304,0.6321,6036873.5
2024-03-21 12:00:00+00:00,0.6323,0.6376,0.6282,0.6311,8387962.5
2024-03-21 13:00:00+00:00,0.6311,0.6366,0.6292,0.6304,9238968.1
2024-03-21 14:00:00+00:00,0.6303,0.6382,0.6283,0.635,7521318.5
2024-03-21 15:00:00+00:00,0.635,0.6371,0.6287,0.636,8528704.7
2024-03-21 16:00:00+00:00,0.636,0.6447,0.6328,0.6438,9381939.8
2024-03-21 17:00:00+00:00,0.6439,0.6484,0.6289,0.6328,10399473.9
2024-03-21 18:00:00+00:00,0.6328,0.6343,0.6178,0.624,15653438.9
2024-03-21 19:00:00+00:00,0.624,0.6355,0.6225,0.6325,5242610.3
2024-03-21 20:00:00+00:00,0.6324,0.6409,0.6242,0.6363,10071396.2
2024-03-21 21:00:00+00:00,0.6363,0.6365,0.6293,0.6333,3111207.0
2024-03-21 22:00:00+00:00,0.6332,0.635,0.6292,0.6308,3981903.3
2024-03-21 23:00:00+00:00,0.6308,0.6338,0.6301,0.6318,2787783.9
2024-03-22 00:00:00+00:00,0.6319,0.6345,0.6266,0.6305,4317525.0
2024-03-22 01:00:00+00:00,0.6305,0.6324,0.6223,0.6226,3880184.9
2024-03-22 02:00:00+00:00,0.6226,0.6255,0.6203,0.625,2920187.2
2024-03-22 03:00:00+00:00,0.6249,0.635,0.6246,0.6345,4594102.1
2024-03-22 04:00:00+00:00,0.6344,0.6374,0.6317,0.6351,5978741.4
2024-03-22 05:00:00+00:00,0.635,0.6395,0.6319,0.6394,4216201.7
2024-03-22 06:00:00+00:00,0.6393,0.6414,0.6369,0.6408,3969973.9
2024-03-22 07:00:00+00:00,0.6409,0.6426,0.6378,0.6398,3336732.1
2024-03-22 08:00:00+00:00,0.6399,0.6427,0.6337,0.6348,3229155.4
2024-03-22 09:00:00+00:00,0.6348,0.6369,0.6306,0.6318,4370580.5
2024-03-22 10:00:00+00:00,0.6318,0.633,0.6207,0.6211,5658761.1
2024-03-22 11:00:00+00:00,0.621,0.6264,0.6164,0.6186,6910774.0
2024-03-22 12:00:00+00:00,0.6187,0.6246,0.6153,0.6203,4548311.2
2024-03-22 13:00:00+00:00,0.6201,0.6219,0.603,0.6054,11697744.6
2024-03-22 14:00:00+00:00,0.6053,0.6117,0.5987,0.6066,16459510.1
2024-03-22 15:00:00+00:00,0.6065,0.6224,0.6064,0.6179,14851905.3
2024-03-22 16:00:00+00:00,0.618,0.618,0.6082,0.6137,7437539.6
2024-03-22 17:00:00+00:00,0.6137,0.618,0.6099,0.6136,5949862.8
2024-03-22 18:00:00+00:00,0.6137,0.6165,0.6098,0.6122,3514548.6
2024-03-22 19:00:00+00:00,0.6123,0.6155,0.6073,0.6131,3014336.6
2024-03-22 20:00:00+00:00,0.6129,0.614,0.6077,0.6088,3348384.4
2024-03-22 21:00:00+00:00,0.6088,0.6089,0.6,0.6055,6334976.3
2024-03-22 22:00:00+00:00,0.6054,0.6088,0.6008,0.6066,5658324.2
2024-03-22 23:00:00+00:00,0.6066,0.6151,0.6058,0.6147,2579702.1
2024-03-23 00:00:00+00:00,0.6147,0.6169,0.612,0.6151,3753998.0
2024-03-23 01:00:00+00:00,0.6152,0.6259,0.6149,0.6227,4337682.6
2024-03-23 02:00:00+00:00,0.6228,0.6261,0.6179,0.6211,4803247.1
2024-03-23 03:00:00+00:00,0.6211,0.6213,0.6103,0.6169,3216816.1
2024-03-23 04:00:00+00:00,0.6168,0.6248,0.6163,0.6205,2461785.0
2024-03-23 05:00:00+00:00,0.6205,0.6219,0.6182,0.6206,1476552.9
2024-03-23 06:00:00+00:00,0.6207,0.6277,0.619,0.6248,3576278.2
2024-03-23 07:00:00+00:00,0.6247,0.6311,0.6245,0.6276,4124073.6
2024-03-23 08:00:00+00:00,0.6277,0.6312,0.6253,0.6274,2972482.8
2024-03-23 09:00:00+00:00,0.6275,0.6298,0.6242,0.6295,3411127.2
2024-03-23 10:00:00+00:00,0.6296,0.632,0.6262,0.6274,3933807.6
2024-03-23 11:00:00+00:00,0.6274,0.6308,0.6255,0.6301,3068859.0
2024-03-23 12:00:00+00:00,0.6301,0.634,0.6287,0.6321,2528286.5
2024-03-23 13:00:00+00:00,0.632,0.6347,0.6292,0.6336,3545731.7
2024-03-23 14:00:00+00:00,0.6335,0.6394,0.6315,0.6379,6091780.1
2024-03-23 15:00:00+00:00,0.6379,0.6391,0.629,0.633,6088912.9
2024-03-23 16:00:00+00:00,0.633,0.6353,0.6297,0.6316,4107348.1
2024-03-23 17:00:00+00:00,0.6316,0.635,0.6301,0.6334,3081201.3
2024-03-23 18:00:00+00:00,0.6334,0.6349,0.6325,0.6332,2280551.4
2024-03-23 19:00:00+00:00,0.6332,0.6339,0.6287,0.6299,2196830.9
2024-03-23 20:00:00+00:00,0.6299,0.6317,0.6296,0.6303,2099843.9
2024-03-23 21:00:00+00:00,0.6302,0.6325,0.6279,0.6311,1561037.0
2024-03-23 22:00:00+00:00,0.6311,0.6333,0.6299,0.6312,1619383.9
2024-03-23 23:00:00+00:00,0.6311,0.6314,0.6223,0.6232,3237478.1
2024-03-24 00:00:00+00:00,0.6231,0.6339,0.6224,0.6328,2708244.2
2024-03-24 01:00:00+00:00,0.6328,0.6347,0.6301,0.6331,1867343.2
2024-03-24 02:00:00+00:00,0.6331,0.6356,0.6315,0.6341,1871727.7
2024-03-24 03:00:00+00:00,0.6341,0.6342,0.6268,0.627,3387144.0
2024-03-24 04:00:00+00:00,0.627,0.6302,0.6244,0.6285,2331076.1
2024-03-24 05:00:00+00:00,0.6286,0.6341,0.6268,0.6332,1892601.5
2024-03-24 06:00:00+00:00,0.6333,0.6351,0.63,0.6334,2886074.6
2024-03-24 07:00:00+00:00,0.6334,0.6387,0.6323,0.6377,3882127.6
2024-03-24 08:00:00+00:00,0.6377,0.6404,0.6353,0.6391,4806994.1
2024-03-24 09:00:00+00:00,0.6391,0.6393,0.6344,0.638,2210797.9
2024-03-24 10:00:00+00:00,0.638,0.6387,0.6356,0.6365,1583103.4
2024-03-24 11:00:00+00:00,0.6364,0.6375,0.6342,0.636,2627190.7
2024-03-24 12:00:00+00:00,0.636,0.6399,0.6352,0.6388,2427374.0
2024-03-24 13:00:00+00:00,0.6388,0.6399,0.6351,0.6384,4122435.0
2024-03-24 14:00:00+00:00,0.6385,0.6454,0.6362,0.6381,6184900.4
2024-03-24 15:00:00+00:00,0.6381,0.6386,0.6343,0.6351,3122286.2
2024-03-24 16:00:00+00:00,0.6351,0.6359,0.6301,0.6307,3191367.7
2024-03-24 17:00:00+00:00,0.6308,0.6312,0.6249,0.6295,4610277.6
2024-03-24 18:00:00+00:00,0.6293,0.6357,0.629,0.6331,3301781.7
2024-03-24 19:00:00+00:00,0.633,0.6349,0.6325,0.6332,1729817.6
2024-03-24 20:00:00+00:00,0.6332,0.6396,0.6313,0.6388,3764393.9
2024-03-24 21:00:00+00:00,0.6388,0.6446,0.6387,0.6416,4949736.0
2024-03-24 22:00:00+00:00,0.6416,0.6456,0.6409,0.6446,4837205.3
2024-03-24 23:00:00+00:00,0.6447,0.6482,0.6439,0.6468,6378632.7
2024-03-25 00:00:00+00:00,0.6469,0.6476,0.639,0.6394,5814154.1
2024-03-25 01:00:00+00:00,0.6393,0.6452,0.639,0.6411,2776194.4
2024-03-25 02:00:00+00:00,0.6412,0.6444,0.6385,0.643,2920920.5
2024-03-25 03:00:00+00:00,0.643,0.6476,0.6418,0.6469,4675608.6
2024-03-25 04:00:00+00:00,0.6469,0.6516,0.6429,0.6513,9082355.7
2024-03-25 05:00:00+00:00,0.6513,0.6557,0.6507,0.6525,4406095.8
2024-03-25 06:00:00+00:00,0.6525,0.6526,0.6469,0.6483,3217428.4
2024-03-25 07:00:00+00:00,0.6483,0.6506,0.6418,0.6421,4202218.6
2024-03-25 08:00:00+00:00,0.642,0.6473,0.6416,0.6462,5692871.2
2024-03-25 09:00:00+00:00,0.6462,0.6474,0.6421,0.6474,2656404.9
2024-03-25 10:00:00+00:00,0.6473,0.6516,0.6453,0.6487,3780967.6
2024-03-25 11:00:00+00:00,0.6486,0.6492,0.6411,0.6423,3378773.9
2024-03-25 12:00:00+00:00,0.6423,0.6458,0.6412,0.6424,3193683.4
2024-03-25 13:00:00+00:00,0.6424,0.6475,0.6379,0.647,5172322.8
2024-03-25 14:00:00+00:00,0.6471,0.6615,0.6438,0.6591,16594280.0
2024-03-25 15:00:00+00:00,0.659,0.6643,0.6575,0.6616,8928002.0
2024-03-25 16:00:00+00:00,0.6616,0.666,0.6585,0.6637,8057008.0
2024-03-25 17:00:00+00:00,0.6639,0.6684,0.6621,0.664,8424985.8
2024-03-25 18:00:00+00:00,0.664,0.665,0.66,0.6645,4277441.2
2024-03-25 19:00:00+00:00,0.6645,0.6663,0.6602,0.6656,5148018.5
2024-03-25 20:00:00+00:00,0.6657,0.6669,0.6638,0.6653,3775133.3
2024-03-25 21:00:00+00:00,0.6653,0.6656,0.6535,0.6582,5954141.8
2024-03-25 22:00:00+00:00,0.6581,0.6642,0.6581,0.6613,3994941.9
2024-03-25 23:00:00+00:00,0.6613,0.6617,0.6538,0.6567,3081137.3
2024-03-26 00:00:00+00:00,0.6566,0.6621,0.6541,0.6591,3638397.1
2024-03-26 01:00:00+00:00,0.6591,0.6644,0.658,0.6643,3464691.1
2024-03-26 02:00:00+00:00,0.6644,0.6666,0.6617,0.6666,4631829.8
2024-03-26 03:00:00+00:00,0.6665,0.6669,0.6634,0.666,3390714.4
2024-03-26 04:00:00+00:00,0.666,0.6732,0.6656,0.6717,4441300.3
2024-03-26 05:00:00+00:00,0.6717,0.6721,0.6686,0.6695,3333238.8
2024-03-26 06:00:00+00:00,0.6695,0.6744,0.6687,0.6738,2780677.2
2024-03-26 07:00:00+00:00,0.6739,0.6807,0.6714,0.6719,9855529.9
2024-03-26 08:00:00+00:00,0.6719,0.677,0.6695,0.6755,4590000.8
2024-03-26 09:00:00+00:00,0.6754,0.678,0.6726,0.6769,3296709.5
2024-03-26 10:00:00+00:00,0.6768,0.6837,0.675,0.682,6717262.5
2024-03-26 11:00:00+00:00,0.682,0.6822,0.676,0.6762,5176916.0
2024-03-26 12:00:00+00:00,0.6761,0.6781,0.6657,0.6752,9381350.5
2024-03-26 13:00:00+00:00,0.6752,0.6764,0.6634,0.6665,7481226.4
2024-03-26 14:00:00+00:00,0.6667,0.6688,0.6524,0.6653,14444646.0
2024-03-26 15:00:00+00:00,0.6652,0.6655,0.6562,0.663,7855320.5
2024-03-26 16:00:00+00:00,0.6629,0.6655,0.6517,0.6551,7180506.2
2024-03-26 17:00:00+00:00,0.655,0.6606,0.652,0.6592,4189251.3
2024-03-26 18:00:00+00:00,0.6592,0.665,0.6586,0.6607,3400157.7
2024-03-26 19:00:00+00:00,0.6608,0.6617,0.6557,0.6572,2943575.0
2024-03-26 20:00:00+00:00,0.6574,0.6632,0.6571,0.6613,3354429.3
2024-03-26 21:00:00+00:00,0.6612,0.6663,0.6601,0.6645,4202997.7
2024-03-26 22:00:00+00:00,0.6644,0.6679,0.6598,0.6676,6348839.9
2024-03-26 23:00:00+00:00,0.6675,0.6684,0.6638,0.665,2112115.5
2024-03-27 00:00:00+00:00,0.665,0.6697,0.6614,0.6696,4286113.5
2024-03-27 01:00:00+00:00,0.6697,0.671,0.6661,0.6671,3211308.2
2024-03-27 02:00:00+00:00,0.6672,0.6678,0.6641,0.6669,2550439.1
2024-03-27 03:00:00+00:00,0.6668,0.6672,0.6614,0.6626,2760381.8
2024-03-27 04:00:00+00:00,0.6627,0.664,0.659,0.661,2553874.1
2024-03-27 05:00:00+00:00,0.661,0.6631,0.6596,0.661,2459099.6
2024-03-27 06:00:00+00:00,0.6611,0.6619,0.6556,0.6572,3239402.4
2024-03-27 07:00:00+00:00,0.6572,0.6575,0.6468,0.6485,6152084.6
2024-03-27 08:00:00+00:00,0.6486,0.6515,0.6425,0.6437,5527677.5
2024-03-27 09:00:00+00:00,0.6437,0.6504,0.6393,0.65,6225258.8
2024-03-27 10:00:00+00:00,0.65,0.6522,0.6481,0.6494,5507268.7
2024-03-27 11:00:00+00:00,0.6495,0.6571,0.6484,0.6571,3664963.1
2024-03-27 12:00:00+00:00,0.6571,0.6614,0.6515,0.6531,11721739.7
2024-03-27 13:00:00+00:00,0.6531,0.6656,0.644,0.6486,17370938.3
2024-03-27 14:00:00+00:00,0.6486,0.6499,0.6331,0.645,19935424.6
2024-03-27 15:00:00+00:00,0.645,0.6454,0.6337,0.6338,8858779.3
2024-03-27 16:00:00+00:00,0.6338,0.6392,0.6301,0.6389,6499429.8
2024-03-27 17:00:00+00:00,0.6388,0.6417,0.6365,0.6386,3399926.8
2024-03-27 18:00:00+00:00,0.6385,0.6402,0.6347,0.6355,3723279.3
2024-03-27 19:00:00+00:00,0.6356,0.6458,0.6356,0.6449,4629297.7
2024-03-27 20:00:00+00:00,0.6449,0.6523,0.6445,0.6522,6984407.3
2024-03-27 21:00:00+00:00,0.6521,0.6597,0.6489,0.6493,5530301.8
2024-03-27 22:00:00+00:00,0.6494,0.6526,0.649,0.6505,2422470.3
2024-03-27 23:00:00+00:00,0.6506,0.6508,0.6452,0.6478,2570609.9
2024-03-28 00:00:00+00:00,0.6478,0.6531,0.6445,0.6493,5551559.3
2024-03-28 01:00:00+00:00,0.6493,0.6499,0.6408,0.6431,4366622.9
2024-03-28 02:00:00+00:00,0.6432,0.6468,0.6365,0.6387,3472374.8
2024-03-28 03:00:00+00:00,0.6388,0.6414,0.6352,0.6398,3027268.8
2024-03-28 04:00:00+00:00,0.6398,0.645,0.6394,0.6437,1882083.2
2024-03-28 05:00:00+00:00,0.6436,0.6458,0.642,0.643,1415936.8
2024-03-28 06:00:00+00:00,0.6429,0.648,0.6411,0.6478,3008115.2
2024-03-28 07:00:00+00:00,0.6479,0.6536,0.6458,0.6512,6037940.4
2024-03-28 08:00:00+00:00,0.6511,0.6537,0.6477,0.6528,4155213.2
2024-03-28 09:00:00+00:00,0.6529,0.6543,0.6486,0.6509,5409036.9
2024-03-28 10:00:00+00:00,0.6509,0.6522,0.6474,0.6519,3120699.7
2024-03-28 11:00:00+00:00,0.6519,0.654,0.6498,0.6517,4096174.8
2024-03-28 12:00:00+00:00,0.6517,0.6541,0.6444,0.6488,4430032.4
2024-03-28 13:00:00+00:00,0.6487,0.6521,0.6433,0.65,4193972.5
2024-03-28 14:00:00+00:00,0.6499,0.6578,0.6477,0.6573,8003971.9
2024-03-28 15:00:00+00:00,0.6574,0.658,0.6511,0.6548,5164144.8
2024-03-28 16:00:00+00:00,0.6549,0.6559,0.6501,0.6526,6111388.1
2024-03-28 17:00:00+00:00,0.6526,0.6538,0.6502,0.6507,2756296.8
2024-03-28 18:00:00+00:00,0.6508,0.653,0.649,0.65,2236568.0
2024-03-28 19:00:00+00:00,0.65,0.6535,0.6498,0.6503,2981907.7
2024-03-28 20:00:00+00:00,0.6502,0.651,0.6481,0.6505,2901759.2
2024-03-28 21:00:00+00:00,0.6504,0.6534,0.6503,0.6507,2355022.4
2024-03-28 22:00:00+00:00,0.6506,0.6521,0.6461,0.652,2755656.3
2024-03-28 23:00:00+00:00,0.652,0.6533,0.6498,0.6511,3439006.7
2024-03-29 00:00:00+00:00,0.6511,0.6511,0.6464,0.6485,3277657.8
2024-03-29 01:00:00+00:00,0.6486,0.6521,0.647,0.6479,2754174.3
2024-03-29 02:00:00+00:00,0.6479,0.6485,0.6418,0.6453,4180058.9
2024-03-29 03:00:00+00:00,0.6453,0.6479,0.643,0.6474,2214106.1
2024-03-29 04:00:00+00:00,0.6474,0.6515,0.645,0.6473,3464500.3
2024-03-29 05:00:00+00:00,0.6472,0.6498,0.6437,0.6453,2089612.5
2024-03-29 06:00:00+00:00,0.6453,0.6468,0.6421,0.6463,2040113.7
2024-03-29 07:00:00+00:00,0.6463,0.6469,0.635,0.6378,6136383.9
2024-03-29 08:00:00+00:00,0.6378,0.6431,0.6371,0.642,5290135.3
2024-03-29 09:00:00+00:00,0.642,0.6425,0.6375,0.6394,3849257.0
2024-03-29 10:00:00+00:00,0.6393,0.6509,0.6379,0.6508,4576209.1
2024-03-29 11:00:00+00:00,0.6508,0.6571,0.6505,0.652,9259277.4
2024-03-29 12:00:00+00:00,0.652,0.6642,0.652,0.655,16029591.8
2024-03-29 13:00:00+00:00,0.655,0.6617,0.6536,0.66,6267285.3
2024-03-29 14:00:00+00:00,0.66,0.6678,0.6572,0.6625,12406388.7
2024-03-29 15:00:00+00:00,0.6624,0.6666,0.6433,0.6495,11690511.5
2024-03-29 16:00:00+00:00,0.6495,0.6559,0.6466,0.648,5505189.2
2024-03-29 17:00:00+00:00,0.648,0.6544,0.6466,0.6518,3955960.6
2024-03-29 18:00:00+00:00,0.6518,0.6527,0.6488,0.6495,2371536.5
2024-03-29 19:00:00+00:00,0.6495,0.6499,0.6449,0.648,2532989.5
2024-03-29 20:00:00+00:00,0.6479,0.6492,0.6461,0.647,1799811.3
2024-03-29 21:00:00+00:00,0.6471,0.6488,0.6422,0.6474,3701610.8
2024-03-29 22:00:00+00:00,0.6474,0.6574,0.6473,0.6573,4279910.8
2024-03-29 23:00:00+00:00,0.6574,0.6665,0.6573,0.6643,9917619.9
2024-03-30 00:00:00+00:00,0.6643,0.6691,0.661,0.667,11352858.3
2024-03-30 01:00:00+00:00,0.667,0.6687,0.6623,0.6635,5030932.6
2024-03-30 02:00:00+00:00,0.6635,0.6659,0.6618,0.6622,3309969.8
2024-03-30 03:00:00+00:00,0.6623,0.6636,0.6574,0.658,2681914.0
2024-03-30 04:00:00+00:00,0.6579,0.6593,0.6563,0.6585,2929315.8
2024-03-30 05:00:00+00:00,0.6586,0.6613,0.6564,0.6574,2933648.9
2024-03-30 06:00:00+00:00,0.6575,0.6576,0.6516,0.6534,3012431.6
2024-03-30 07:00:00+00:00,0.6534,0.6544,0.6505,0.6505,1686989.6
2024-03-30 08:00:00+00:00,0.6506,0.6524,0.6476,0.6511,4623682.9
2024-03-30 09:00:00+00:00,0.651,0.6534,0.6489,0.6532,3019219.4
2024-03-30 10:00:00+00:00,0.6531,0.6546,0.651,0.6541,2935062.5
2024-03-30 11:00:00+00:00,0.6541,0.6596,0.6541,0.6582,3749503.6
2024-03-30 12:00:00+00:00,0.6581,0.6586,0.6534,0.6547,3253148.2
2024-03-30 13:00:00+00:00,0.6547,0.6553,0.6519,0.6522,2862174.7
2024-03-30 14:00:00+00:00,0.6522,0.6545,0.6505,0.6522,2266361.3
2024-03-30 15:00:00+00:00,0.6522,0.6533,0.6497,0.6505,2430056.4
2024-03-30 16:00:00+00:00,0.6505,0.6521,0.6466,0.65,6068545.3
2024-03-30 17:00:00+00:00,0.6501,0.6501,0.6469,0.6494,2219520.2
2024-03-30 18:00:00+00:00,0.6495,0.6509,0.6474,0.6478,2572213.8
2024-03-30 19:00:00+00:00,0.6476,0.6554,0.6458,0.6505,11317507.6
2024-03-30 20:00:00+00:00,0.6504,0.652,0.6486,0.6486,2015776.9
2024-03-30 21:00:00+00:00,0.6486,0.649,0.6426,0.6449,2911776.3
2024-03-30 22:00:00+00:00,0.6448,0.6462,0.6429,0.644,1829951.2
2024-03-30 23:00:00+00:00,0.6439,0.6449,0.6416,0.6436,2384475.9
2024-03-31 00:00:00+00:00,0.6435,0.6454,0.6418,0.6439,2961255.8
2024-03-31 01:00:00+00:00,0.6439,0.648,0.6433,0.6469,2208272.7
2024-03-31 02:00:00+00:00,0.6468,0.6482,0.6449,0.6462,972876.1
2024-03-31 03:00:00+00:00,0.6461,0.6468,0.6433,0.6452,1243517.2
2024-03-31 04:00:00+00:00,0.6452,0.65,0.6442,0.6493,2524160.4
2024-03-31 05:00:00+00:00,0.6492,0.6527,0.6484,0.6521,3632757.1
2024-03-31 06:00:00+00:00,0.6522,0.6526,0.65,0.6516,2335094.5
2024-03-31 07:00:00+00:00,0.6517,0.6535,0.6496,0.6503,2972414.0
2024-03-31 08:00:00+00:00,0.6504,0.6514,0.6488,0.6491,1362248.0
2024-03-31 09:00:00+00:00,0.649,0.6494,0.6473,0.6483,1393123.3
2024-03-31 10:00:00+00:00,0.6483,0.6486,0.6469,0.647,2004049.0
2024-03-31 11:00:00+00:00,0.647,0.6484,0.6464,0.6471,3014616.0
2024-03-31 12:00:00+00:00,0.6471,0.6475,0.6452,0.6471,2826322.1
2024-03-31 13:00:00+00:00,0.647,0.6476,0.6467,0.6469,3373633.8
2024-03-31 14:00:00+00:00,0.6469,0.6477,0.645,0.6454,2797996.6
2024-03-31 15:00:00+00:00,0.6454,0.6482,0.6448,0.6464,2462783.9
2024-03-31 16:00:00+00:00,0.6464,0.6489,0.6459,0.6464,1798153.3
2024-03-31 17:00:00+00:00,0.6464,0.6468,0.645,0.6451,1072203.3
2024-03-31 18:00:00+00:00,0.645,0.6487,0.6431,0.6456,3258544.3
2024-03-31 19:00:00+00:00,0.6455,0.6487,0.6425,0.6473,4184219.5
2024-03-31 20:00:00+00:00,0.6473,0.6499,0.6462,0.649,3799667.5
2024-03-31 21:00:00+00:00,0.649,0.649,0.6448,0.6461,2676003.4
2024-03-31 22:00:00+00:00,0.6461,0.6493,0.6458,0.6488,2804743.9
2024-03-31 23:00:00+00:00,0.6488,0.6515,0.648,0.6501,3660134.2
2024-04-01 00:00:00+00:00,0.6501,0.6514,0.6459,0.6489,4697902.2
2024-04-01 01:00:00+00:00,0.6489,0.6515,0.6468,0.649,4198799.2
2024-04-01 02:00:00+00:00,0.6489,0.6496,0.6464,0.6465,2487510.0
2024-04-01 03:00:00+00:00,0.6464,0.6466,0.6437,0.645,2352239.4
2024-04-01 04:00:00+00:00,0.6449,0.6468,0.6434,0.6449,2906887.9
2024-04-01 05:00:00+00:00,0.6448,0.6466,0.6157,0.6206,28167470.8
2024-04-01 06:00:00+00:00,0.6205,0.6299,0.6183,0.6278,13989576.8
2024-04-01 07:00:00+00:00,0.6278,0.6322,0.6274,0.6309,3909298.1
2024-04-01 08:00:00+00:00,0.6308,0.633,0.621,0.6308,10472578.5
2024-04-01 09:00:00+00:00,0.6309,0.6338,0.6295,0.6304,5315494.7
2024-04-01 10:00:00+00:00,0.6304,0.6316,0.6275,0.6315,3201082.2
2024-04-01 11:00:00+00:00,0.6315,0.6334,0.6271,0.6272,2823392.5
2024-04-01 12:00:00+00:00,0.6272,0.6289,0.6213,0.6281,6724391.7
2024-04-01 13:00:00+00:00,0.6281,0.6304,0.6242,0.6272,2953651.3
2024-04-01 14:00:00+00:00,0.6272,0.6285,0.6105,0.6127,13630993.8
2024-04-01 15:00:00+00:00,0.6128,0.6156,0.605,0.6089,17310973.5
2024-04-01 16:00:00+00:00,0.6089,0.614,0.6074,0.6115,5915912.9
2024-04-01 17:00:00+00:00,0.6114,0.6134,0.6073,0.6114,5324189.1
2024-04-01 18:00:00+00:00,0.6115,0.6148,0.6055,0.6145,4899614.4
2024-04-01 19:00:00+00:00,0.6145,0.6203,0.6135,0.6199,5610469.9
2024-04-01 20:00:00+00:00,0.62,0.6205,0.6161,0.6195,2515229.4
2024-04-01 21:00:00+00:00,0.6194,0.6208,0.6178,0.6198,2299181.2
2024-04-01 22:00:00+00:00,0.6198,0.6228,0.6186,0.6212,3140555.6
2024-04-01 23:00:00+00:00,0.6212,0.623,0.6208,0.6212,1928317.1
2024-04-02 00:00:00+00:00,0.6211,0.6214,0.615,0.6171,3626363.8
2024-04-02 01:00:00+00:00,0.6173,0.6199,0.6128,0.6183,3972540.6
2024-04-02 02:00:00+00:00,0.6182,0.6184,0.5856,0.5988,26596800.1
2024-04-02 03:00:00+00:00,0.5988,0.6024,0.5941,0.5957,8925029.3
2024-04-02 04:00:00+00:00,0.5957,0.5999,0.5944,0.5956,5387253.6
2024-04-02 05:00:00+00:00,0.5956,0.5962,0.5888,0.5948,8031983.1
2024-04-02 06:00:00+00:00,0.5948,0.6008,0.594,0.5997,5029806.5
2024-04-02 07:00:00+00:00,0.5997,0.6014,0.5958,0.5961,3501420.7
2024-04-02 08:00:00+00:00,0.5962,0.5977,0.5839,0.5853,10182247.8
2024-04-02 09:00:00+00:00,0.5851,0.5903,0.5801,0.5879,14469775.6
2024-04-02 10:00:00+00:00,0.588,0.588,0.5785,0.5838,13443324.3
2024-04-02 11:00:00+00:00,0.5837,0.5857,0.5723,0.5852,15463133.5
2024-04-02 12:00:00+00:00,0.5852,0.5878,0.5817,0.583,9176335.8
2024-04-02 13:00:00+00:00,0.583,0.5832,0.5747,0.5816,10048681.9
2024-04-02 14:00:00+00:00,0.5816,0.5914,0.5812,0.5876,12420013.4
2024-04-02 15:00:00+00:00,0.5875,0.5923,0.5791,0.5811,9386932.6
2024-04-02 16:00:00+00:00,0.5811,0.5866,0.5768,0.5846,9448030.5
2024-04-02 17:00:00+00:00,0.5847,0.5871,0.5827,0.5869,3740134.1
2024-04-02 18:00:00+00:00,0.5869,0.5884,0.5841,0.5864,3156422.3
2024-04-02 19:00:00+00:00,0.5864,0.5884,0.5851,0.5865,3447568.3
2024-04-02 20:00:00+00:00,0.5864,0.5894,0.581,0.5826,6945031.6
2024-04-02 21:00:00+00:00,0.5824,0.5842,0.5772,0.5813,3458720.7
2024-04-02 22:00:00+00:00,0.5814,0.5863,0.5794,0.585,2335880.4
2024-04-02 23:00:00+00:00,0.5849,0.5853,0.5797,0.5807,2303004.6
2024-04-03 00:00:00+00:00,0.5807,0.5828,0.5622,0.5753,18740497.8
2024-04-03 01:00:00+00:00,0.5754,0.5845,0.5698,0.5836,8757554.6
2024-04-03 02:00:00+00:00,0.5836,0.5864,0.5808,0.5832,4400303.7
2024-04-03 03:00:00+00:00,0.5832,0.5869,0.5813,0.5867,3231361.3
2024-04-03 04:00:00+00:00,0.5866,0.589,0.5859,0.5872,3961889.7
2024-04-03 05:00:00+00:00,0.5871,0.5875,0.584,0.5872,3508688.9
2024-04-03 06:00:00+00:00,0.5871,0.5904,0.5867,0.5891,3834442.0
2024-04-03 07:00:00+00:00,0.5892,0.5908,0.5874,0.5879,3203126.5
2024-04-03 08:00:00+00:00,0.5878,0.5944,0.5847,0.5907,4689358.1
2024-04-03 09:00:00+00:00,0.5907,0.595,0.5898,0.5934,4519085.3
2024-04-03 10:00:00+00:00,0.5935,0.5946,0.5869,0.5894,5552214.0
2024-04-03 11:00:00+00:00,0.5892,0.5894,0.5823,0.585,5610371.9
2024-04-03 12:00:00+00:00,0.585,0.5858,0.5791,0.5814,3853959.5
2024-04-03 13:00:00+00:00,0.5814,0.584,0.5772,0.58,4245048.5
2024-04-03 14:00:00+00:00,0.58,0.5893,0.58,0.5878,4935230.0
2024-04-03 15:00:00+00:00,0.5879,0.588,0.5779,0.5816,3756986.5
2024-04-03 16:00:00+00:00,0.5816,0.5866,0.5801,0.5823,3291268.6
2024-04-03 17:00:00+00:00,0.5822,0.5833,0.5758,0.5797,4381954.6
2024-04-03 18:00:00+00:00,0.5798,0.5802,0.573,0.5789,4178498.5
2024-04-03 19:00:00+00:00,0.579,0.5805,0.5756,0.5771,2166385.7
2024-04-03 20:00:00+00:00,0.577,0.5772,0.571,0.573,3281098.3
2024-04-03 21:00:00+00:00,0.573,0.5759,0.5675,0.5753,4083671.8
2024-04-03 22:00:00+00:00,0.5753,0.5764,0.5707,0.5733,5526730.0
2024-04-03 23:00:00+00:00,0.5733,0.5751,0.569,0.5693,3406491.5
2024-04-04 00:00:00+00:00,0.5693,0.5761,0.5678,0.5751,5366985.4
2024-04-04 01:00:00+00:00,0.5752,0.5779,0.5719,0.5743,3213398.6
2024-04-04 02:00:00+00:00,0.5743,0.575,0.5655,0.5706,5577202.1
2024-04-04 03:00:00+00:00,0.5706,0.5718,0.5661,0.5661,6481666.5
2024-04-04 04:00:00+00:00,0.5662,0.5677,0.5588,0.5673,10380569.9
2024-04-04 05:00:00+00:00,0.5673,0.5726,0.5673,0.5702,9148360.6
2024-04-04 06:00:00+00:00,0.5701,0.5744,0.5694,0.5721,3820135.2
2024-04-04 07:00:00+00:00,0.572,0.5787,0.571,0.5757,5848212.2
2024-04-04 08:00:00+00:00,0.5758,0.5804,0.5751,0.5797,4921682.0
2024-04-04 09:00:00+00:00,0.5797,0.5824,0.5791,0.5816,4416548.7
2024-04-04 10:00:00+00:00,0.5816,0.5845,0.5798,0.5821,3991173.8
2024-04-04 11:00:00+00:00,0.5821,0.5831,0.5796,0.5812,3113054.9
2024-04-04 12:00:00+00:00,0.5811,0.5866,0.5803,0.5853,5318285.5
2024-04-04 13:00:00+00:00,0.5853,0.5919,0.5851,0.5867,11458929.1
2024-04-04 14:00:00+00:00,0.5867,0.5909,0.5849,0.5889,4365616.1
2024-04-04 15:00:00+00:00,0.5889,0.5895,0.5858,0.5879,3797799.0
2024-04-04 16:00:00+00:00,0.588,0.592,0.5868,0.5903,3475102.5
2024-04-04 17:00:00+00:00,0.5904,0.5949,0.5889,0.5942,4905947.6
2024-04-04 18:00:00+00:00,0.5943,0.5967,0.5868,0.5876,5704402.9
2024-04-04 19:00:00+00:00,0.5875,0.5887,0.5838,0.585,4033518.7
2024-04-04 20:00:00+00:00,0.585,0.5857,0.5728,0.581,13051043.4
2024-04-04 21:00:00+00:00,0.581,0.5835,0.575,0.5775,5130047.5
2024-04-04 22:00:00+00:00,0.5776,0.5803,0.5737,0.5776,4205355.0
2024-04-04 23:00:00+00:00,0.5775,0.5845,0.5765,0.5831,2773030.4
2024-04-05 00:00:00+00:00,0.5831,0.5849,0.5804,0.5846,3499151.1
2024-04-05 01:00:00+00:00,0.5845,0.5846,0.5758,0.5794,2266053.8
2024-04-05 02:00:00+00:00,0.5793,0.5795,0.5683,0.571,6907541.0
2024-04-05 03:00:00+00:00,0.571,0.5775,0.5706,0.5775,2844562.8
2024-04-05 04:00:00+00:00,0.5774,0.5775,0.5705,0.5732,2476178.0
2024-04-05 05:00:00+00:00,0.5731,0.5737,0.5627,0.5695,7653496.7
2024-04-05 06:00:00+00:00,0.5695,0.5738,0.5684,0.5719,2724338.5
2024-04-05 07:00:00+00:00,0.5718,0.5739,0.568,0.572,2421974.5
2024-04-05 08:00:00+00:00,0.572,0.5795,0.5715,0.5749,4751090.8
2024-04-05 09:00:00+00:00,0.5748,0.5748,0.565,0.5687,7891265.3
2024-04-05 10:00:00+00:00,0.5686,0.5704,0.5633,0.5695,5469160.7
2024-04-05 11:00:00+00:00,0.5695,0.5718,0.5626,0.563,8119253.9
2024-04-05 12:00:00+00:00,0.563,0.5713,0.5593,0.5711,13360907.7
2024-04-05 13:00:00+00:00,0.5711,0.5733,0.567,0.5708,6555883.7
2024-04-05 14:00:00+00:00,0.5707,0.5773,0.5677,0.5759,8230392.5
2024-04-05 15:00:00+00:00,0.5758,0.578,0.5729,0.5778,3659757.5
2024-04-05 16:00:00+00:00,0.5777,0.5784,0.5738,0.5754,4182860.9
2024-04-05 17:00:00+00:00,0.5754,0.5761,0.5721,0.5728,2475173.7
2024-04-05 18:00:00+00:00,0.5728,0.5759,0.5715,0.5753,2147864.0
2024-04-05 19:00:00+00:00,0.5753,0.5785,0.5743,0.5744,2888969.3
2024-04-05 20:00:00+00:00,0.5744,0.5786,0.5742,0.576,1846157.1
2024-04-05 21:00:00+00:00,0.576,0.578,0.5748,0.575,1492475.8
2024-04-05 22:00:00+00:00,0.575,0.5768,0.5739,0.5741,1942066.7
2024-04-05 23:00:00+00:00,0.5742,0.5759,0.5737,0.5741,949236.6
2024-04-06 00:00:00+00:00,0.5741,0.5789,0.5714,0.5768,2601625.4
2024-04-06 01:00:00+00:00,0.5768,0.579,0.5753,0.5756,1375992.1
2024-04-06 02:00:00+00:00,0.5757,0.5797,0.5754,0.5784,2328703.4
2024-04-06 03:00:00+00:00,0.5785,0.5818,0.5775,0.5807,3605018.7
2024-04-06 04:00:00+00:00,0.5806,0.5809,0.5788,0.5801,1587786.1
2024-04-06 05:00:00+00:00,0.5801,0.5826,0.5796,0.5813,1635684.7
2024-04-06 06:00:00+00:00,0.5812,0.5832,0.5806,0.5831,2261805.9
2024-04-06 07:00:00+00:00,0.5831,0.5831,0.5803,0.5816,1673699.5
2024-04-06 08:00:00+00:00,0.5816,0.5844,0.5813,0.5837,1762562.1
2024-04-06 09:00:00+00:00,0.5837,0.5855,0.581,0.5812,1909277.4
2024-04-06 10:00:00+00:00,0.5811,0.5829,0.5791,0.5806,2271460.3
2024-04-06 11:00:00+00:00,0.5806,0.5813,0.5784,0.5807,1646507.8
2024-04-06 12:00:00+00:00,0.5807,0.5809,0.5781,0.5799,1044052.7
2024-04-06 13:00:00+00:00,0.5798,0.5798,0.5765,0.5771,1822585.7
2024-04-06 14:00:00+00:00,0.5772,0.5814,0.5768,0.5806,1527211.3
2024-04-06 15:00:00+00:00,0.5806,0.5855,0.5794,0.5842,3798600.6
2024-04-06 16:00:00+00:00,0.5841,0.5853,0.5826,0.5851,1793322.8
2024-04-06 17:00:00+00:00,0.585,0.586,0.5822,0.5827,3165984.1
2024-04-06 18:00:00+00:00,0.5827,0.5831,0.5807,0.5822,1319122.5
2024-04-06 19:00:00+00:00,0.5822,0.5828,0.5803,0.5809,1475035.6
2024-04-06 20:00:00+00:00,0.5809,0.5825,0.5799,0.5825,961920.4
2024-04-06 21:00:00+00:00,0.5825,0.5832,0.5808,0.5809,1450802.5
2024-04-06 22:00:00+00:00,0.5808,0.5854,0.5805,0.5853,3031234.4
2024-04-06 23:00:00+00:00,0.5853,0.5896,0.5831,0.5836,4039823.8
2024-04-07 00:00:00+00:00,0.5837,0.5856,0.5817,0.5851,3239304.2
2024-04-07 01:00:00+00:00,0.5851,0.5896,0.585,0.5886,2132030.4
2024-04-07 02:00:00+00:00,0.5886,0.5903,0.587,0.5872,1970477.7
2024-04-07 03:00:00+00:00,0.5872,0.589,0.5869,0.5886,1115379.1
2024-04-07 04:00:00+00:00,0.5886,0.5908,0.5873,0.5887,2533709.2
2024-04-07 05:00:00+00:00,0.5886,0.5908,0.5883,0.59,2400783.2
2024-04-07 06:00:00+00:00,0.5901,0.5914,0.589,0.5894,3162834.6
2024-04-07 07:00:00+00:00,0.5892,0.5907,0.5885,0.5898,1624403.7
2024-04-07 08:00:00+00:00,0.5897,0.5934,0.5897,0.593,1983311.1
2024-04-07 09:00:00+00:00,0.5929,0.5931,0.5885,0.5892,3303000.9
2024-04-07 10:00:00+00:00,0.5891,0.5922,0.5882,0.5921,2269273.7
2024-04-07 11:00:00+00:00,0.5922,0.5949,0.5909,0.5931,2439590.4
2024-04-07 12:00:00+00:00,0.5931,0.5945,0.5907,0.593,3330595.5
2024-04-07 13:00:00+00:00,0.593,0.5964,0.592,0.5953,5053393.2
2024-04-07 14:00:00+00:00,0.5953,0.5956,0.5926,0.5943,3683472.1
2024-04-07 15:00:00+00:00,0.5943,0.5955,0.5895,0.5899,5536098.1
2024-04-07 16:00:00+00:00,0.59,0.5972,0.5899,0.5942,6169407.6
2024-04-07 17:00:00+00:00,0.5942,0.5946,0.5893,0.5904,3420573.4
2024-04-07 18:00:00+00:00,0.5903,0.5905,0.5848,0.5879,3964741.4
2024-04-07 19:00:00+00:00,0.5879,0.5879,0.5826,0.5839,2872837.4
2024-04-07 20:00:00+00:00,0.5838,0.5867,0.5834,0.5847,1698738.3
2024-04-07 21:00:00+00:00,0.5848,0.5868,0.5837,0.5838,2678631.6
2024-04-07 22:00:00+00:00,0.5838,0.5853,0.5817,0.5846,2201639.3
2024-04-07 23:00:00+00:00,0.5847,0.5904,0.5846,0.5892,2859572.5
2024-04-08 00:00:00+00:00,0.5893,0.5893,0.5829,0.5861,3147306.4
2024-04-08 01:00:00+00:00,0.586,0.5894,0.5848,0.5854,2493924.4
2024-04-08 02:00:00+00:00,0.5853,0.5865,0.5825,0.5836,2457956.2
2024-04-08 03:00:00+00:00,0.5835,0.5837,0.5801,0.582,2041719.5
2024-04-08 04:00:00+00:00,0.5821,0.5822,0.5793,0.5813,1965625.2
2024-04-08 05:00:00+00:00,0.5813,0.5855,0.5813,0.585,1742835.6
2024-04-08 06:00:00+00:00,0.585,0.5857,0.5827,0.5844,2305930.0
2024-04-08 07:00:00+00:00,0.5845,0.597,0.5844,0.5949,7014684.9
2024-04-08 08:00:00+00:00,0.5949,0.6098,0.5941,0.6065,19025906.9
2024-04-08 09:00:00+00:00,0.6065,0.612,0.606,0.6075,12517463.3
2024-04-08 10:00:00+00:00,0.6075,0.6096,0.606,0.6095,4868624.1
2024-04-08 11:00:00+00:00,0.6094,0.611,0.6074,0.6081,4096536.5
2024-04-08 12:00:00+00:00,0.6081,0.6109,0.6016,0.6028,10050249.1
2024-04-08 13:00:00+00:00,0.6029,0.6092,0.6029,0.6076,6597717.4
2024-04-08 14:00:00+00:00,0.6077,0.6085,0.6038,0.6076,4972332.6
2024-04-08 15:00:00+00:00,0.6077,0.61,0.6061,0.6074,3619089.5
2024-04-08 16:00:00+00:00,0.6073,0.6115,0.6062,0.6112,4825802.1
2024-04-08 17:00:00+00:00,0.6112,0.6138,0.6087,0.6126,3482941.5
2024-04-08 18:00:00+00:00,0.6125,0.6144,0.6115,0.6129,3454875.1
2024-04-08 19:00:00+00:00,0.6128,0.6151,0.6126,0.6148,3470461.3
2024-04-08 20:00:00+00:00,0.6148,0.6152,0.612,0.6142,2958147.2
2024-04-08 21:00:00+00:00,0.6142,0.6166,0.6133,0.6153,2180296.6
2024-04-08 22:00:00+00:00,0.6153,0.6164,0.6135,0.6153,2240352.3
2024-04-08 23:00:00+00:00,0.6154,0.6159,0.6136,0.6137,1337688.0
2024-04-09 00:00:00+00:00,0.6137,0.616,0.6107,0.6112,2754448.8
2024-04-09 01:00:00+00:00,0.6112,0.6117,0.6064,0.6096,4706939.8
2024-04-09 02:00:00+00:00,0.6097,0.6135,0.6083,0.6115,1779762.7
2024-04-09 03:00:00+00:00,0.6115,0.6126,0.6065,0.6081,2148431.2
2024-04-09 04:00:00+00:00,0.608,0.6108,0.6058,0.6101,3479828.4
2024-04-09 05:00:00+00:00,0.6101,0.6128,0.609,0.6125,3576443.9
2024-04-09 06:00:00+00:00,0.6124,0.6128,0.6037,0.6056,6135145.3
2024-04-09 07:00:00+00:00,0.6057,0.6078,0.6005,0.6024,9286990.7
2024-04-09 08:00:00+00:00,0.6023,0.6055,0.5946,0.6043,10859383.7
2024-04-09 09:00:00+00:00,0.6044,0.6102,0.6025,0.6038,5735988.0
2024-04-09 10:00:00+00:00,0.6038,0.6069,0.6021,0.6062,3606429.4
2024-04-09 11:00:00+00:00,0.6062,0.6119,0.6062,0.6118,3848384.1
2024-04-09 12:00:00+00:00,0.6119,0.6242,0.6118,0.6218,16460084.8
2024-04-09 13:00:00+00:00,0.6218,0.623,0.6075,0.6075,11111198.4
2024-04-09 14:00:00+00:00,0.6074,0.6161,0.5952,0.5995,15603326.0
2024-04-09 15:00:00+00:00,0.5994,0.6058,0.5922,0.6058,10672889.4
2024-04-09 16:00:00+00:00,0.6057,0.6069,0.5976,0.6007,6042733.1
2024-04-09 17:00:00+00:00,0.6009,0.6048,0.595,0.6024,6080991.3
2024-04-09 18:00:00+00:00,0.6024,0.6033,0.6001,0.6007,2177288.7
2024-04-09 19:00:00+00:00,0.6006,0.6021,0.5979,0.6002,3355698.2
2024-04-09 20:00:00+00:00,0.6,0.603,0.5996,0.6005,2644446.2
2024-04-09 21:00:00+00:00,0.6006,0.6006,0.5946,0.5975,3196375.2
2024-04-09 22:00:00+00:00,0.5975,0.5978,0.5941,0.5969,1860750.5
2024-04-09 23:00:00+00:00,0.5968,0.5969,0.5903,0.5912,3546987.9
2024-04-10 00:00:00+00:00,0.5912,0.5941,0.589,0.5912,4013552.3
2024-04-10 01:00:00+00:00,0.5912,0.5913,0.5824,0.5888,7615190.1
2024-04-10 02:00:00+00:00,0.5888,0.591,0.5758,0.5771,8506363.9
2024-04-10 03:00:00+00:00,0.5771,0.5826,0.575,0.5825,8113313.5
2024-04-10 04:00:00+00:00,0.5825,0.5836,0.5797,0.5832,3329561.6
2024-04-10 05:00:00+00:00,0.5832,0.588,0.5829,0.5853,3702960.1
2024-04-10 06:00:00+00:00,0.5854,0.5902,0.5845,0.5862,3885264.0
2024-04-10 07:00:00+00:00,0.5862,0.5869,0.5806,0.5844,6072108.9
2024-04-10 08:00:00+00:00,0.5843,0.5843,0.5783,0.5808,6178164.8
2024-04-10 09:00:00+00:00,0.5808,0.5833,0.5781,0.5809,2840823.5
2024-04-10 10:00:00+00:00,0.5809,0.5816,0.5736,0.5776,10079197.2
2024-04-10 11:00:00+00:00,0.5775,0.5785,0.5754,0.5777,2468102.6
2024-04-10 12:00:00+00:00,0.5777,0.579,0.5572,0.5678,27363860.8
2024-04-10 13:00:00+00:00,0.5678,0.5693,0.5633,0.5688,6906954.5
2024-04-10 14:00:00+00:00,0.5688,0.5754,0.566,0.573,8964529.4
2024-04-10 15:00:00+00:00,0.573,0.5742,0.5691,0.5728,5842971.8
2024-04-10 16:00:00+00:00,0.5728,0.5829,0.5705,0.5817,7327704.7
2024-04-10 17:00:00+00:00,0.5817,0.5853,0.5794,0.581,5499667.7
2024-04-10 18:00:00+00:00,0.5811,0.5813,0.5744,0.5758,3810073.0
2024-04-10 19:00:00+00:00,0.5757,0.5829,0.5746,0.5829,2545137.8
2024-04-10 20:00:00+00:00,0.583,0.585,0.5817,0.5819,3051865.5
2024-04-10 21:00:00+00:00,0.5819,0.5834,0.5799,0.5826,2379759.3
2024-04-10 22:00:00+00:00,0.5826,0.59,0.5826,0.5856,3722514.8
2024-04-10 23:00:00+00:00,0.5856,0.5878,0.5846,0.5862,1859802.4
2024-04-11 00:00:00+00:00,0.5862,0.59,0.5836,0.5894,2980780.0
2024-04-11 01:00:00+00:00,0.5893,0.5896,0.5847,0.5853,3018695.5
2024-04-11 02:00:00+00:00,0.5853,0.5886,0.5844,0.5871,3394894.1
2024-04-11 03:00:00+00:00,0.5872,0.5893,0.5858,0.5889,1964941.3
2024-04-11 04:00:00+00:00,0.589,0.5895,0.5831,0.5857,3005927.6
2024-04-11 05:00:00+00:00,0.5857,0.5876,0.5851,0.5863,2298202.0
2024-04-11 06:00:00+00:00,0.5862,0.5898,0.5861,0.5895,2612244.2
2024-04-11 07:00:00+00:00,0.5895,0.5939,0.5894,0.5916,4796606.2
2024-04-11 08:00:00+00:00,0.5917,0.5945,0.5908,0.5936,2879798.1
2024-04-11 09:00:00+00:00,0.5936,0.5938,0.5881,0.5882,4043537.6
2024-04-11 10:00:00+00:00,0.5882,0.591,0.5869,0.5871,1692627.8
2024-04-11 11:00:00+00:00,0.5871,0.5875,0.5802,0.5817,4220723.5
2024-04-11 12:00:00+00:00,0.5816,0.588,0.5793,0.5861,4047762.5
2024-04-11 13:00:00+00:00,0.5861,0.5896,0.5777,0.5825,8536338.5
2024-04-11 14:00:00+00:00,0.5824,0.5833,0.5759,0.5797,4625861.7
2024-04-11 15:00:00+00:00,0.5798,0.5827,0.5786,0.582,2958620.3
2024-04-11 16:00:00+00:00,0.582,0.5827,0.5755,0.5795,3550761.6
2024-04-11 17:00:00+00:00,0.5795,0.584,0.5789,0.5829,3621831.3
2024-04-11 18:00:00+00:00,0.5827,0.584,0.5785,0.5805,2724109.3
2024-04-11 19:00:00+00:00,0.5804,0.5841,0.5791,0.583,2704062.3
2024-04-11 20:00:00+00:00,0.583,0.589,0.5823,0.5884,3107846.1
2024-04-11 21:00:00+00:00,0.5884,0.5908,0.5848,0.585,4331509.1
2024-04-11 22:00:00+00:00,0.5851,0.5866,0.5842,0.5855,2285797.4
2024-04-11 23:00:00+00:00,0.5855,0.5874,0.5837,0.5858,1536171.6
2024-04-12 00:00:00+00:00,0.5858,0.5888,0.5853,0.5879,2473867.1
2024-04-12 01:00:00+00:00,0.5878,0.5892,0.5861,0.5885,2031955.5
2024-04-12 02:00:00+00:00,0.5885,0.5918,0.5878,0.5879,2961151.7
2024-04-12 03:00:00+00:00,0.5879,0.591,0.5876,0.5909,2196941.6
2024-04-12 04:00:00+00:00,0.5909,0.5924,0.5883,0.591,1390276.1
2024-04-12 05:00:00+00:00,0.5909,0.5909,0.5866,0.5879,2511503.0
2024-04-12 06:00:00+00:00,0.5879,0.588,0.5806,0.583,5623907.9
2024-04-12 07:00:00+00:00,0.583,0.5842,0.5803,0.5817,3046573.2
2024-04-12 08:00:00+00:00,0.5818,0.5878,0.5801,0.5859,9035200.1
2024-04-12 09:00:00+00:00,0.586,0.59,0.585,0.5864,6888311.0
2024-04-12 10:00:00+00:00,0.5865,0.5866,0.5828,0.5856,2857229.6
2024-04-12 11:00:00+00:00,0.5855,0.5878,0.585,0.585,2561714.4
2024-04-12 12:00:00+00:00,0.585,0.5855,0.5728,0.5738,13845777.4
2024-04-12 13:00:00+00:00,0.5738,0.5738,0.5614,0.5646,11134619.4
2024-04-12 14:00:00+00:00,0.5646,0.5675,0.5622,0.5632,5140940.3
2024-04-12 15:00:00+00:00,0.5632,0.5656,0.5615,0.5641,3826234.4
2024-04-12 16:00:00+00:00,0.564,0.5665,0.555,0.5592,11206712.7
2024-04-12 17:00:00+00:00,0.5591,0.5596,0.513,0.5288,69598084.2
2024-04-12 18:00:00+00:00,0.5288,0.5309,0.45,0.4667,106943337.4
2024-04-12 19:00:00+00:00,0.4667,0.4867,0.4664,0.4821,93914359.9
2024-04-12 20:00:00+00:00,0.4821,0.4964,0.4796,0.4959,44530036.4
2024-04-12 21:00:00+00:00,0.496,0.5002,0.4909,0.4991,14846408.3
2024-04-12 22:00:00+00:00,0.4991,0.5015,0.496,0.5004,13782334.0
2024-04-12 23:00:00+00:00,0.5004,0.5057,0.4973,0.5027,13686555.3
2024-04-13 00:00:00+00:00,0.5027,0.5039,0.4992,0.5018,7957667.1
2024-04-13 01:00:00+00:00,0.5019,0.5021,0.4849,0.4863,15238428.2
2024-04-13 02:00:00+00:00,0.4861,0.496,0.486,0.495,12741657.8
2024-04-13 03:00:00+00:00,0.4949,0.5042,0.4922,0.5036,12224038.7
2024-04-13 04:00:00+00:00,0.5037,0.5116,0.4993,0.5105,11843296.5
2024-04-13 05:00:00+00:00,0.5106,0.513,0.5062,0.5065,7663612.6
2024-04-13 06:00:00+00:00,0.5065,0.5098,0.506,0.5096,3694098.4
2024-04-13 07:00:00+00:00,0.5095,0.5102,0.5043,0.5057,5121744.9
2024-04-13 08:00:00+00:00,0.5057,0.5072,0.5019,0.503,6777280.9
2024-04-13 09:00:00+00:00,0.5032,0.5069,0.502,0.5067,4391238.0
2024-04-13 10:00:00+00:00,0.5067,0.5154,0.5049,0.5129,8954507.0
2024-04-13 11:00:00+00:00,0.5128,0.5164,0.5092,0.5096,4658147.9
2024-04-13 12:00:00+00:00,0.5095,0.5143,0.5063,0.5088,8497568.1
2024-04-13 13:00:00+00:00,0.5088,0.5117,0.5061,0.5072,5986734.9
2024-04-13 14:00:00+00:00,0.5073,0.5077,0.5019,0.505,6033325.3
2024-04-13 15:00:00+00:00,0.505,0.5103,0.5022,0.5027,5118475.0
2024-04-13 16:00:00+00:00,0.5027,0.504,0.4907,0.4926,19306255.3
2024-04-13 17:00:00+00:00,0.4924,0.4928,0.4655,0.4748,46285593.0
2024-04-13 18:00:00+00:00,0.4747,0.4859,0.4684,0.4848,26791533.1
2024-04-13 19:00:00+00:00,0.4848,0.4866,0.4332,0.4508,38140703.4
2024-04-13 20:00:00+00:00,0.4507,0.4557,0.4015,0.4129,115375989.4
2024-04-13 21:00:00+00:00,0.4129,0.4336,0.3994,0.4333,44111271.5
2024-04-13 22:00:00+00:00,0.4333,0.449,0.4254,0.4463,32014238.8
2024-04-13 23:00:00+00:00,0.4463,0.4521,0.4418,0.4449,26257319.8
2024-04-14 00:00:00+00:00,0.4448,0.4487,0.4322,0.4375,21498388.0
2024-04-14 01:00:00+00:00,0.4376,0.4485,0.4339,0.4454,13595300.7
2024-04-14 02:00:00+00:00,0.4455,0.4476,0.4407,0.4459,8091813.5
2024-04-14 03:00:00+00:00,0.4463,0.4491,0.4358,0.447,16698338.5
2024-04-14 04:00:00+00:00,0.4471,0.4601,0.4432,0.4575,14400856.6
2024-04-14 05:00:00+00:00,0.4575,0.467,0.4564,0.4644,12068246.5
2024-04-14 06:00:00+00:00,0.4643,0.4691,0.4602,0.4681,11219710.2
2024-04-14 07:00:00+00:00,0.4682,0.4733,0.4659,0.4724,12565356.2
2024-04-14 08:00:00+00:00,0.4723,0.4778,0.4702,0.4722,10400761.0
2024-04-14 09:00:00+00:00,0.4721,0.4745,0.4652,0.4674,14518840.6
2024-04-14 10:00:00+00:00,0.4674,0.472,0.4666,0.4686,7988474.5
2024-04-14 11:00:00+00:00,0.4687,0.47,0.4553,0.457,15438978.9
2024-04-14 12:00:00+00:00,0.457,0.4674,0.4559,0.462,13614932.3
2024-04-14 13:00:00+00:00,0.462,0.4663,0.4548,0.4549,15251665.2
2024-04-14 14:00:00+00:00,0.4548,0.4599,0.4483,0.4531,23738085.1
2024-04-14 15:00:00+00:00,0.453,0.46,0.452,0.4544,13929525.7
2024-04-14 16:00:00+00:00,0.4543,0.4645,0.453,0.4571,14346309.4
2024-04-14 17:00:00+00:00,0.4571,0.4615,0.4383,0.4498,41359991.0
2024-04-14 18:00:00+00:00,0.4497,0.4603,0.4482,0.4576,19693746.7
2024-04-14 19:00:00+00:00,0.4575,0.4592,0.45,0.4509,10052565.2
2024-04-14 20:00:00+00:00,0.4509,0.4547,0.4438,0.4455,13327851.9
2024-04-14 21:00:00+00:00,0.4455,0.448,0.4421,0.4462,6601106.1
2024-04-14 22:00:00+00:00,0.4462,0.4723,0.446,0.4714,23568298.9
2024-04-14 23:00:00+00:00,0.4714,0.4737,0.4667,0.4673,8290568.6
2024-04-15 00:00:00+00:00,0.4673,0.4697,0.4596,0.4612,11092636.5
2024-04-15 01:00:00+00:00,0.4611,0.4666,0.4569,0.4642,8781971.4
2024-04-15 02:00:00+00:00,0.4643,0.4643,0.457,0.4597,6461843.7
2024-04-15 03:00:00+00:00,0.4598,0.4657,0.4584,0.4631,5025177.9
2024-04-15 04:00:00+00:00,0.4631,0.4647,0.4585,0.4639,5141673.3
2024-04-15 05:00:00+00:00,0.4639,0.4729,0.4631,0.4715,7283108.9
2024-04-15 06:00:00+00:00,0.4716,0.4878,0.4702,0.4865,26424594.5
2024-04-15 07:00:00+00:00,0.4866,0.4914,0.4829,0.4895,13230883.4
2024-04-15 08:00:00+00:00,0.4896,0.4952,0.4877,0.4887,10444071.7
2024-04-15 09:00:00+00:00,0.4888,0.4913,0.4854,0.4899,7600937.1
2024-04-15 10:00:00+00:00,0.49,0.494,0.4887,0.4921,6151085.0
2024-04-15 11:00:00+00:00,0.4921,0.4934,0.4839,0.4849,7832136.8
2024-04-15 12:00:00+00:00,0.4849,0.4886,0.4833,0.487,5532188.9
2024-04-15 13:00:00+00:00,0.487,0.4897,0.4795,0.4802,7656096.1
2024-04-15 14:00:00+00:00,0.4803,0.4845,0.4651,0.4656,21879917.6
2024-04-15 15:00:00+00:00,0.4657,0.4714,0.46,0.4678,19575757.7
2024-04-15 16:00:00+00:00,0.4679,0.4707,0.4593,0.461,14957839.0
2024-04-15 17:00:00+00:00,0.4609,0.4689,0.4521,0.4562,21256419.3
2024-04-15 18:00:00+00:00,0.456,0.4581,0.4437,0.444,23505933.8
2024-04-15 19:00:00+00:00,0.444,0.4577,0.4388,0.4556,18465845.5
2024-04-15 20:00:00+00:00,0.4556,0.4603,0.4504,0.452,6978432.2
2024-04-15 21:00:00+00:00,0.452,0.4585,0.4486,0.458,6790793.4
2024-04-15 22:00:00+00:00,0.458,0.4621,0.4527,0.4618,4925088.9
2024-04-15 23:00:00+00:00,0.4617,0.4626,0.4578,0.461,2908454.7
2024-04-16 00:00:00+00:00,0.461,0.4629,0.4544,0.4581,4634966.5
2024-04-16 01:00:00+00:00,0.4581,0.4676,0.4556,0.4584,6063141.8
2024-04-16 02:00:00+00:00,0.4583,0.4625,0.4546,0.4616,4056250.2
2024-04-16 03:00:00+00:00,0.4615,0.4637,0.4533,0.4564,5069685.0
2024-04-16 04:00:00+00:00,0.4566,0.4589,0.4455,0.4535,13449380.4
2024-04-16 05:00:00+00:00,0.4536,0.4596,0.4514,0.4575,5544464.1
2024-04-16 06:00:00+00:00,0.4575,0.4657,0.4567,0.465,3751263.4
2024-04-16 07:00:00+00:00,0.4651,0.4781,0.4649,0.4741,11018977.4
2024-04-16 08:00:00+00:00,0.4742,0.475,0.4671,0.4699,6041256.7
2024-04-16 09:00:00+00:00,0.47,0.4735,0.4668,0.4681,5130710.9
2024-04-16 10:00:00+00:00,0.4681,0.4688,0.4514,0.4618,14032199.5
2024-04-16 11:00:00+00:00,0.4616,0.4668,0.4577,0.4649,8069674.4
2024-04-16 12:00:00+00:00,0.4646,0.4651,0.4567,0.4582,6089839.4
2024-04-16 13:00:00+00:00,0.4583,0.4616,0.4498,0.4554,9480186.5
2024-04-16 14:00:00+00:00,0.4556,0.4607,0.4489,0.4498,7012293.6
2024-04-16 15:00:00+00:00,0.4498,0.4523,0.4416,0.4425,9542903.6
2024-04-16 16:00:00+00:00,0.4425,0.4513,0.4391,0.4511,15206309.2
2024-04-16 17:00:00+00:00,0.4512,0.4583,0.448,0.4504,10046180.5
2024-04-16 18:00:00+00:00,0.4503,0.456,0.4483,0.4547,7175497.3
2024-04-16 19:00:00+00:00,0.4547,0.4552,0.4467,0.4486,4024904.7
2024-04-16 20:00:00+00:00,0.4486,0.4535,0.4483,0.4534,3456519.2
2024-04-16 21:00:00+00:00,0.4535,0.4629,0.4533,0.4603,6169096.5
2024-04-16 22:00:00+00:00,0.4603,0.4612,0.4576,0.4596,3943755.5
2024-04-16 23:00:00+00:00,0.4596,0.4617,0.4575,0.4583,2448048.5
2024-04-17 00:00:00+00:00,0.4583,0.4606,0.4546,0.4583,3720947.7
2024-04-17 01:00:00+00:00,0.4583,0.46,0.4525,0.4587,3711121.4
2024-04-17 02:00:00+00:00,0.4587,0.4595,0.4531,0.4569,3334083.6
2024-04-17 03:00:00+00:00,0.4569,0.4599,0.4554,0.458,2537274.1
2024-04-17 04:00:00+00:00,0.4579,0.4649,0.4553,0.4638,5809857.0
2024-04-17 05:00:00+00:00,0.4637,0.4651,0.4568,0.4584,5297685.0
2024-04-17 06:00:00+00:00,0.4583,0.4589,0.4553,0.4568,4233981.8
2024-04-17 07:00:00+00:00,0.4568,0.4592,0.4523,0.4569,5049334.3
2024-04-17 08:00:00+00:00,0.457,0.4594,0.4531,0.4553,3559071.0
2024-04-17 09:00:00+00:00,0.4553,0.459,0.4547,0.4566,2696325.9
2024-04-17 10:00:00+00:00,0.4569,0.4572,0.4511,0.4523,4465566.6
2024-04-17 11:00:00+00:00,0.4522,0.4546,0.4463,0.4468,6249800.8
2024-04-17 12:00:00+00:00,0.4468,0.4485,0.4407,0.4449,8149059.6
2024-04-17 13:00:00+00:00,0.4451,0.4513,0.4442,0.448,6482379.4
2024-04-17 14:00:00+00:00,0.448,0.4482,0.4342,0.4411,28063051.4
2024-04-17 15:00:00+00:00,0.4411,0.4426,0.4303,0.4326,29286297.7
2024-04-17 16:00:00+00:00,0.4326,0.4406,0.4272,0.4321,17113214.0
2024-04-17 17:00:00+00:00,0.432,0.4445,0.4315,0.4435,6688153.4
2024-04-17 18:00:00+00:00,0.4436,0.4548,0.4425,0.4501,13593418.9
2024-04-17 19:00:00+00:00,0.45,0.4501,0.4426,0.4471,7547781.7
2024-04-17 20:00:00+00:00,0.4472,0.4492,0.4418,0.4424,5820597.5
2024-04-17 21:00:00+00:00,0.4424,0.4528,0.4424,0.4488,5811041.7
2024-04-17 22:00:00+00:00,0.4488,0.4497,0.4456,0.4475,3898130.5
2024-04-17 23:00:00+00:00,0.4475,0.4497,0.4426,0.444,3307791.0
2024-04-18 00:00:00+00:00,0.4441,0.447,0.4363,0.4447,6247512.3
2024-04-18 01:00:00+00:00,0.4447,0.4495,0.444,0.4483,5557292.2
2024-04-18 02:00:00+00:00,0.4484,0.4512,0.4452,0.4479,5309237.9
2024-04-18 03:00:00+00:00,0.4479,0.4534,0.4478,0.4505,8456496.2
2024-04-18 04:00:00+00:00,0.4504,0.453,0.4485,0.4494,3335394.9
2024-04-18 05:00:00+00:00,0.4492,0.4529,0.4471,0.4478,3407001.1
2024-04-18 06:00:00+00:00,0.4477,0.4489,0.4385,0.442,5643194.9
2024-04-18 07:00:00+00:00,0.4421,0.4449,0.4374,0.4391,7690824.2
2024-04-18 08:00:00+00:00,0.4391,0.444,0.4343,0.4414,6216418.5
2024-04-18 09:00:00+00:00,0.4415,0.4459,0.441,0.4454,3682299.1
2024-04-18 10:00:00+00:00,0.4454,0.4469,0.4436,0.4457,4724561.8
2024-04-18 11:00:00+00:00,0.4458,0.4548,0.4458,0.4506,8318013.7
2024-04-18 12:00:00+00:00,0.4507,0.4519,0.442,0.4461,6475849.6
2024-04-18 13:00:00+00:00,0.4463,0.4484,0.442,0.4481,6044179.6
2024-04-18 14:00:00+00:00,0.4482,0.4579,0.4457,0.4568,13313456.9
2024-04-18 15:00:00+00:00,0.4568,0.461,0.4531,0.4542,7405486.9
2024-04-18 16:00:00+00:00,0.4543,0.4575,0.452,0.4531,5456317.7
2024-04-18 17:00:00+00:00,0.4532,0.4538,0.4454,0.4464,7013644.8
2024-04-18 18:00:00+00:00,0.4463,0.452,0.4436,0.4507,4438632.3
2024-04-18 19:00:00+00:00,0.4507,0.4552,0.4501,0.4542,2740391.0
2024-04-18 20:00:00+00:00,0.4542,0.4562,0.452,0.4561,2523821.0
2024-04-18 21:00:00+00:00,0.4562,0.4581,0.4548,0.4564,2217400.7
2024-04-18 22:00:00+00:00,0.4563,0.4599,0.4549,0.4588,4315486.1
2024-04-18 23:00:00+00:00,0.4588,0.4596,0.4565,0.458,2048805.6
2024-04-19 00:00:00+00:00,0.458,0.458,0.4524,0.4526,3383862.3
2024-04-19 01:00:00+00:00,0.4527,0.4527,0.4323,0.4342,19886096.9
2024-04-19 02:00:00+00:00,0.4342,0.4366,0.4227,0.4356,26210585.3
2024-04-19 03:00:00+00:00,0.4355,0.4461,0.4349,0.4417,16783893.9
2024-04-19 04:00:00+00:00,0.4418,0.4499,0.441,0.4469,6739663.4
2024-04-19 05:00:00+00:00,0.4466,0.4479,0.4403,0.4423,6396601.5
2024-04-19 06:00:00+00:00,0.4422,0.4606,0.4401,0.4589,17179964.3
2024-04-19 07:00:00+00:00,0.4589,0.4646,0.453,0.4564,11363916.2
2024-04-19 08:00:00+00:00,0.4564,0.4638,0.4558,0.463,9705541.3
2024-04-19 09:00:00+00:00,0.4629,0.4637,0.4601,0.4624,5641797.4
2024-04-19 10:00:00+00:00,0.4624,0.4673,0.4607,0.4664,7325603.6
2024-04-19 11:00:00+00:00,0.4664,0.4714,0.4649,0.4676,8280678.0
2024-04-19 12:00:00+00:00,0.4676,0.4736,0.4651,0.4721,9517012.0
2024-04-19 13:00:00+00:00,0.4721,0.4758,0.4667,0.4726,11940673.9
2024-04-19 14:00:00+00:00,0.4728,0.4756,0.4652,0.4711,9543394.5
2024-04-19 15:00:00+00:00,0.4711,0.4743,0.4693,0.4716,5395291.2
2024-04-19 16:00:00+00:00,0.4715,0.4727,0.4645,0.4695,7888873.9
2024-04-19 17:00:00+00:00,0.4694,0.474,0.4662,0.4719,4996693.7
2024-04-19 18:00:00+00:00,0.4718,0.4721,0.4679,0.4697,4259245.8
2024-04-19 19:00:00+00:00,0.4696,0.4736,0.469,0.4729,3056837.0
2024-04-19 20:00:00+00:00,0.4729,0.473,0.4667,0.4693,2850629.3
2024-04-19 21:00:00+00:00,0.4695,0.473,0.4695,0.4728,1680745.1
2024-04-19 22:00:00+00:00,0.473,0.4749,0.4711,0.4711,2745539.7
2024-04-19 23:00:00+00:00,0.4711,0.4715,0.4614,0.4682,10263616.2
2024-04-20 00:00:00+00:00,0.4681,0.4753,0.4666,0.4676,7459628.2
2024-04-20 01:00:00+00:00,0.4675,0.4814,0.4643,0.4792,9468025.0
2024-04-20 02:00:00+00:00,0.4792,0.4847,0.4759,0.4781,9400265.9
2024-04-20 03:00:00+00:00,0.4781,0.4794,0.4754,0.4779,4573346.7
2024-04-20 04:00:00+00:00,0.478,0.4835,0.4764,0.4818,5868799.5
2024-04-20 05:00:00+00:00,0.4818,0.4905,0.4814,0.489,8650485.6
2024-04-20 06:00:00+00:00,0.4891,0.4993,0.4879,0.4975,17129995.1
2024-04-20 07:00:00+00:00,0.4975,0.4984,0.4937,0.4967,10560706.8
2024-04-20 08:00:00+00:00,0.4967,0.4967,0.4885,0.489,7226930.7
2024-04-20 09:00:00+00:00,0.4889,0.4899,0.4829,0.4856,8315537.7
2024-04-20 10:00:00+00:00,0.4856,0.488,0.4815,0.4837,4650302.5
2024-04-20 11:00:00+00:00,0.4838,0.4867,0.4755,0.4764,16182151.5
2024-04-20 12:00:00+00:00,0.4763,0.4827,0.4761,0.4799,8129783.4
2024-04-20 13:00:00+00:00,0.4798,0.4824,0.4778,0.4812,3395929.3
2024-04-20 14:00:00+00:00,0.4812,0.4836,0.4786,0.4818,3587890.2
2024-04-20 15:00:00+00:00,0.4819,0.4921,0.4801,0.491,6556265.2
2024-04-20 16:00:00+00:00,0.491,0.4948,0.4878,0.489,8526120.2
2024-04-20 17:00:00+00:00,0.489,0.5049,0.489,0.5047,9496280.4
2024-04-20 18:00:00+00:00,0.5048,0.5083,0.5004,0.5029,8162175.6
2024-04-20 19:00:00+00:00,0.5028,0.5036,0.4998,0.5021,5337398.2
2024-04-20 20:00:00+00:00,0.5023,0.506,0.5017,0.5041,3706958.4
2024-04-20 21:00:00+00:00,0.5042,0.508,0.503,0.5053,4102161.8
2024-04-20 22:00:00+00:00,0.5055,0.507,0.5018,0.5024,4117243.2
2024-04-20 23:00:00+00:00,0.5024,0.5075,0.5023,0.5072,2935491.4
2024-04-21 00:00:00+00:00,0.5073,0.5073,0.4977,0.5006,5159396.3
2024-04-21 01:00:00+00:00,0.5007,0.5071,0.5007,0.5067,2672229.1
2024-04-21 02:00:00+00:00,0.5068,0.5126,0.5052,0.5088,7463414.0
2024-04-21 03:00:00+00:00,0.5089,0.5123,0.5048,0.5061,5218191.1
2024-04-21 04:00:00+00:00,0.5061,0.5069,0.5031,0.5058,3366376.7
2024-04-21 05:00:00+00:00,0.5058,0.5091,0.5048,0.5066,1816276.2
2024-04-21 06:00:00+00:00,0.5066,0.51,0.5053,0.5068,3328157.8
2024-04-21 07:00:00+00:00,0.5068,0.5081,0.5025,0.5056,2779577.2
2024-04-21 08:00:00+00:00,0.5056,0.507,0.5018,0.502,2664000.9
2024-04-21 09:00:00+00:00,0.502,0.5038,0.5001,0.5013,3123196.3
2024-04-21 10:00:00+00:00,0.5012,0.5035,0.4984,0.503,3256607.8
2024-04-21 11:00:00+00:00,0.5029,0.5068,0.5008,0.5043,4300315.0
2024-04-21 12:00:00+00:00,0.5043,0.5051,0.4989,0.5007,4106689.1
2024-04-21 13:00:00+00:00,0.5006,0.503,0.4945,0.4962,5218936.3
2024-04-21 14:00:00+00:00,0.4962,0.4989,0.4938,0.4955,6511489.4
2024-04-21 15:00:00+00:00,0.4955,0.5006,0.4951,0.4984,4444919.5
2024-04-21 16:00:00+00:00,0.4985,0.4993,0.4874,0.4932,10668668.3
2024-04-21 17:00:00+00:00,0.4931,0.4965,0.4907,0.4956,4076598.3
2024-04-21 18:00:00+00:00,0.4957,0.4979,0.4931,0.4975,2715601.6
2024-04-21 19:00:00+00:00,0.4975,0.4998,0.4958,0.4963,1882680.5
2024-04-21 20:00:00+00:00,0.4963,0.5025,0.4953,0.5017,4293718.2
2024-04-21 21:00:00+00:00,0.5018,0.5051,0.4995,0.5001,3199765.4
2024-04-21 22:00:00+00:00,0.5001,0.5042,0.4993,0.4996,2535835.8
2024-04-21 23:00:00+00:00,0.4995,0.5006,0.4979,0.4993,2367178.0
2024-04-22 00:00:00+00:00,0.4994,0.5047,0.4968,0.4997,3705671.0
2024-04-22 01:00:00+00:00,0.4997,0.5053,0.4953,0.4976,6469429.4
2024-04-22 02:00:00+00:00,0.4975,0.4998,0.4948,0.4973,5433437.8
2024-04-22 03:00:00+00:00,0.4972,0.5102,0.497,0.5075,4549664.4
2024-04-22 04:00:00+00:00,0.5075,0.511,0.5065,0.5085,4539802.6
2024-04-22 05:00:00+00:00,0.5086,0.5134,0.5086,0.5129,4256460.2
2024-04-22 06:00:00+00:00,0.5129,0.5162,0.5101,0.5107,7049237.4
2024-04-22 07:00:00+00:00,0.5106,0.5128,0.5059,0.506,3768573.9
2024-04-22 08:00:00+00:00,0.506,0.51,0.5046,0.5057,3988967.8
2024-04-22 09:00:00+00:00,0.5057,0.5103,0.5051,0.5095,2983867.8
2024-04-22 10:00:00+00:00,0.5095,0.5125,0.5087,0.51,3735990.7
2024-04-22 11:00:00+00:00,0.51,0.512,0.5084,0.51,3902984.8
2024-04-22 12:00:00+00:00,0.51,0.5144,0.5093,0.5137,5297369.1
2024-04-22 13:00:00+00:00,0.5137,0.516,0.51,0.5139,5417115.4
2024-04-22 14:00:00+00:00,0.514,0.5155,0.5109,0.5123,4127505.9
2024-04-22 15:00:00+00:00,0.5122,0.5186,0.5076,0.5157,6858802.7
2024-04-22 16:00:00+00:00,0.5157,0.519,0.5105,0.5134,6117106.0
2024-04-22 17:00:00+00:00,0.5133,0.5205,0.5132,0.5161,6304411.0
2024-04-22 18:00:00+00:00,0.5161,0.5187,0.5155,0.517,2996125.9
2024-04-22 19:00:00+00:00,0.5171,0.5186,0.5143,0.5181,2719111.4
2024-04-22 20:00:00+00:00,0.5181,0.5203,0.5154,0.5194,3413873.9
2024-04-22 21:00:00+00:00,0.5194,0.5203,0.5174,0.5195,1865186.0
2024-04-22 22:00:00+00:00,0.5195,0.5225,0.5189,0.5202,6582846.3
2024-04-22 23:00:00+00:00,0.5202,0.5222,0.5156,0.5167,3527626.6
2024-04-23 00:00:00+00:00,0.5167,0.5194,0.5151,0.5182,4249211.6
2024-04-23 01:00:00+00:00,0.5183,0.5191,0.5161,0.5164,3380705.7
2024-04-23 02:00:00+00:00,0.5164,0.5175,0.5116,0.5123,3023644.0
2024-04-23 03:00:00+00:00,0.5124,0.5142,0.5089,0.5098,3440797.0
2024-04-23 04:00:00+00:00,0.5098,0.5117,0.5059,0.508,5200842.6
2024-04-23 05:00:00+00:00,0.508,0.5157,0.5078,0.514,5246511.8
2024-04-23 06:00:00+00:00,0.5141,0.5168,0.5094,0.5103,6265830.7
2024-04-23 07:00:00+00:00,0.5101,0.5115,0.5053,0.5088,4398184.5
2024-04-23 08:00:00+00:00,0.5088,0.5217,0.5062,0.517,12124408.9
2024-04-23 09:00:00+00:00,0.5169,0.5193,0.5148,0.5168,4147092.0
2024-04-23 10:00:00+00:00,0.5169,0.5198,0.5152,0.5166,4290082.5
2024-04-23 11:00:00+00:00,0.5167,0.5181,0.5133,0.5147,2880145.6
2024-04-23 12:00:00+00:00,0.5146,0.5159,0.5109,0.5135,3582872.4
2024-04-23 13:00:00+00:00,0.5135,0.5144,0.503,0.5082,12521439.7
2024-04-23 14:00:00+00:00,0.5082,0.5139,0.5076,0.5125,6762440.3
2024-04-23 15:00:00+00:00,0.5126,0.513,0.504,0.5052,6576646.5
2024-04-23 16:00:00+00:00,0.5053,0.5083,0.504,0.5056,2964511.0
2024-04-23 17:00:00+00:00,0.5056,0.5085,0.504,0.5063,4829676.0
2024-04-23 18:00:00+00:00,0.5063,0.5064,0.5013,0.5034,4408662.3
2024-04-23 19:00:00+00:00,0.5034,0.5053,0.501,0.5049,2660668.5
2024-04-23 20:00:00+00:00,0.5049,0.5058,0.5005,0.5045,3554540.9
2024-04-23 21:00:00+00:00,0.5045,0.5046,0.5015,0.502,2360190.6
2024-04-23 22:00:00+00:00,0.5021,0.5036,0.4993,0.4997,3341845.6
2024-04-23 23:00:00+00:00,0.4997,0.5009,0.497,0.5,2749712.8
2024-04-24 00:00:00+00:00,0.4999,0.5042,0.4979,0.5034,4492189.7
2024-04-24 01:00:00+00:00,0.5035,0.5059,0.5029,0.5039,3056859.8
2024-04-24 02:00:00+00:00,0.5039,0.5045,0.4979,0.5002,2413361.8
2024-04-24 03:00:00+00:00,0.5002,0.5033,0.4995,0.501,2305606.6
2024-04-24 04:00:00+00:00,0.501,0.5086,0.5001,0.5082,3399118.0
2024-04-24 05:00:00+00:00,0.5082,0.5109,0.505,0.5079,6546909.0
2024-04-24 06:00:00+00:00,0.5079,0.5084,0.5044,0.5075,2179519.1
2024-04-24 07:00:00+00:00,0.5075,0.5081,0.5033,0.5044,2585541.5
2024-04-24 08:00:00+00:00,0.5044,0.5055,0.4991,0.5,8022461.9
2024-04-24 09:00:00+00:00,0.5001,0.5004,0.4933,0.4969,10327260.5
2024-04-24 10:00:00+00:00,0.4968,0.4986,0.4943,0.4968,5767466.8
2024-04-24 11:00:00+00:00,0.4969,0.4999,0.4944,0.4983,6680003.1
2024-04-24 12:00:00+00:00,0.4983,0.4996,0.4965,0.4972,4922720.4
2024-04-24 13:00:00+00:00,0.4972,0.4972,0.487,0.4885,13283830.5
2024-04-24 14:00:00+00:00,0.4885,0.4905,0.476,0.4838,25953837.2
2024-04-24 15:00:00+00:00,0.4838,0.4838,0.4757,0.4769,10973684.0
2024-04-24 16:00:00+00:00,0.477,0.4787,0.4716,0.4756,9647130.2
2024-04-24 17:00:00+00:00,0.4757,0.4822,0.4747,0.4791,5968780.8
2024-04-24 18:00:00+00:00,0.479,0.4807,0.4744,0.4761,5561736.5
2024-04-24 19:00:00+00:00,0.476,0.4819,0.4722,0.4801,4929073.5
2024-04-24 20:00:00+00:00,0.48,0.481,0.4759,0.4775,6325998.2
2024-04-24 21:00:00+00:00,0.4776,0.4808,0.4747,0.4808,4310343.6
2024-04-24 22:00:00+00:00,0.4808,0.481,0.4708,0.4728,5562384.4
2024-04-24 23:00:00+00:00,0.4728,0.4761,0.4688,0.4746,5389178.7
2024-04-25 00:00:00+00:00,0.4747,0.48,0.4744,0.4776,2736959.0
2024-04-25 01:00:00+00:00,0.4775,0.4795,0.4727,0.473,2286172.7
2024-04-25 02:00:00+00:00,0.4727,0.4774,0.4696,0.4755,3485380.7
2024-04-25 03:00:00+00:00,0.4755,0.4767,0.4717,0.4734,3176016.1
2024-04-25 04:00:00+00:00,0.4735,0.4756,0.4667,0.4749,5592964.4
2024-04-25 05:00:00+00:00,0.4749,0.478,0.4724,0.4761,2504684.7
2024-04-25 06:00:00+00:00,0.4761,0.4785,0.4757,0.4773,2622662.2
2024-04-25 07:00:00+00:00,0.4773,0.4784,0.4712,0.4723,2892014.9
2024-04-25 08:00:00+00:00,0.4723,0.4741,0.4684,0.4706,3738754.4
2024-04-25 09:00:00+00:00,0.4707,0.474,0.4682,0.4697,2498285.3
2024-04-25 10:00:00+00:00,0.4697,0.4697,0.4628,0.4641,8423507.4
2024-04-25 11:00:00+00:00,0.4642,0.4709,0.4638,0.4695,3308823.8
2024-04-25 12:00:00+00:00,0.4694,0.4739,0.4642,0.4661,5338783.8
2024-04-25 13:00:00+00:00,0.466,0.4685,0.4624,0.4673,6917582.2
2024-04-25 14:00:00+00:00,0.4673,0.4726,0.4657,0.4676,5414846.3
2024-04-25 15:00:00+00:00,0.4676,0.4747,0.4666,0.4737,6228831.9
2024-04-25 16:00:00+00:00,0.4736,0.4748,0.4706,0.4727,4022763.3
2024-04-25 17:00:00+00:00,0.4726,0.4748,0.4707,0.4738,4467758.7
2024-04-25 18:00:00+00:00,0.4739,0.4751,0.4717,0.4747,2968922.9
2024-04-25 19:00:00+00:00,0.4747,0.4754,0.4719,0.4743,2281117.5
2024-04-25 20:00:00+00:00,0.4744,0.4769,0.4724,0.4752,3372726.7
2024-04-25 21:00:00+00:00,0.4753,0.4786,0.4751,0.4761,2658449.9
2024-04-25 22:00:00+00:00,0.4761,0.4762,0.4712,0.4716,2388696.6
2024-04-25 23:00:00+00:00,0.4716,0.473,0.4697,0.4705,2598170.7
2024-04-26 00:00:00+00:00,0.4705,0.4717,0.4645,0.4682,3679890.6
2024-04-26 01:00:00+00:00,0.4683,0.4724,0.4613,0.4701,8622257.6
2024-04-26 02:00:00+00:00,0.4701,0.4743,0.469,0.472,3538081.8
2024-04-26 03:00:00+00:00,0.472,0.4748,0.4705,0.473,3166861.2
2024-04-26 04:00:00+00:00,0.473,0.4773,0.4713,0.4752,3503433.0
2024-04-26 05:00:00+00:00,0.4753,0.4789,0.475,0.4788,2604247.3
2024-04-26 06:00:00+00:00,0.4788,0.4788,0.472,0.472,2841521.4
2024-04-26 07:00:00+00:00,0.472,0.4733,0.4684,0.4688,4911693.9
2024-04-26 08:00:00+00:00,0.4687,0.4715,0.4661,0.4678,3833605.6
2024-04-26 09:00:00+00:00,0.4677,0.4705,0.4667,0.4687,2812350.2
2024-04-26 10:00:00+00:00,0.4688,0.4705,0.4652,0.4665,3179586.0
2024-04-26 11:00:00+00:00,0.4666,0.4696,0.4665,0.4683,1733633.5
2024-04-26 12:00:00+00:00,0.4683,0.4726,0.4666,0.469,2976739.5
2024-04-26 13:00:00+00:00,0.469,0.4732,0.4632,0.4724,4665094.2
2024-04-26 14:00:00+00:00,0.4725,0.476,0.4653,0.467,6908507.3
2024-04-26 15:00:00+00:00,0.4669,0.4679,0.4622,0.4661,5705200.8
2024-04-26 16:00:00+00:00,0.4662,0.4676,0.4629,0.4641,2912313.3
2024-04-26 17:00:00+00:00,0.4642,0.4682,0.4635,0.4673,3166611.5
2024-04-26 18:00:00+00:00,0.4673,0.4681,0.4655,0.4672,1346450.7
2024-04-26 19:00:00+00:00,0.4672,0.4675,0.4648,0.4649,1563014.8
2024-04-26 20:00:00+00:00,0.4648,0.4692,0.4648,0.4666,2255971.1
2024-04-26 21:00:00+00:00,0.4668,0.4686,0.4656,0.468,1497806.0
2024-04-26 22:00:00+00:00,0.468,0.468,0.4607,0.4619,3932552.5
2024-04-26 23:00:00+00:00,0.4618,0.4639,0.4616,0.4631,1732213.3
2024-04-27 00:00:00+00:00,0.4631,0.4662,0.4562,0.4612,7525619.0
2024-04-27 01:00:00+00:00,0.4613,0.4617,0.444,0.4522,18699199.0
2024-04-27 02:00:00+00:00,0.452,0.4593,0.4502,0.4574,4803357.1
2024-04-27 03:00:00+00:00,0.4573,0.4611,0.4573,0.4589,2849263.1
2024-04-27 04:00:00+00:00,0.4588,0.4619,0.4585,0.4607,2694595.2
2024-04-27 05:00:00+00:00,0.4606,0.4618,0.4581,0.4589,2905213.8
2024-04-27 06:00:00+00:00,0.4589,0.4608,0.4558,0.4565,3039563.7
2024-04-27 07:00:00+00:00,0.4564,0.4587,0.4543,0.4544,3175122.5
2024-04-27 08:00:00+00:00,0.4544,0.4556,0.4533,0.4547,3162675.0
2024-04-27 09:00:00+00:00,0.4547,0.4571,0.4533,0.4557,2324752.7
2024-04-27 10:00:00+00:00,0.4557,0.4563,0.4514,0.4523,2365252.1
2024-04-27 11:00:00+00:00,0.4523,0.4545,0.4503,0.4529,2651460.7
2024-04-27 12:00:00+00:00,0.4528,0.4579,0.452,0.4573,3650622.5
2024-04-27 13:00:00+00:00,0.4573,0.4613,0.4568,0.4609,2359567.1
2024-04-27 14:00:00+00:00,0.4609,0.4629,0.4583,0.459,4139707.2
2024-04-27 15:00:00+00:00,0.4589,0.46,0.4561,0.4571,2488702.5
2024-04-27 16:00:00+00:00,0.4571,0.459,0.456,0.4576,3051346.9
2024-04-27 17:00:00+00:00,0.4576,0.469,0.4566,0.4676,8079560.7
2024-04-27 18:00:00+00:00,0.4677,0.4701,0.4605,0.465,6384598.3
2024-04-27 19:00:00+00:00,0.4651,0.4662,0.4641,0.4662,2152128.6
2024-04-27 20:00:00+00:00,0.4662,0.4664,0.464,0.4648,2148887.9
2024-04-27 21:00:00+00:00,0.4649,0.465,0.464,0.4646,1726361.4
2024-04-27 22:00:00+00:00,0.4646,0.4656,0.464,0.4649,1647242.7
2024-04-27 23:00:00+00:00,0.465,0.4686,0.465,0.4675,1717584.5
2024-04-28 00:00:00+00:00,0.4675,0.4701,0.4667,0.4698,2437647.2
2024-04-28 01:00:00+00:00,0.4696,0.4716,0.4692,0.4706,1847192.2
2024-04-28 02:00:00+00:00,0.4707,0.4758,0.4697,0.4751,2572171.8
2024-04-28 03:00:00+00:00,0.4752,0.477,0.4742,0.4749,3487048.5
2024-04-28 04:00:00+00:00,0.4747,0.4751,0.4702,0.4707,1391830.9
2024-04-28 05:00:00+00:00,0.4706,0.4738,0.4702,0.4732,1590755.1
2024-04-28 06:00:00+00:00,0.4731,0.4785,0.4728,0.4767,7067371.3
2024-04-28 07:00:00+00:00,0.4766,0.4774,0.474,0.4748,3866047.4
2024-04-28 08:00:00+00:00,0.4749,0.4761,0.4716,0.4732,2455547.5
2024-04-28 09:00:00+00:00,0.4732,0.4744,0.4709,0.4719,2051525.2
2024-04-28 10:00:00+00:00,0.472,0.4727,0.4686,0.471,2476030.0
2024-04-28 11:00:00+00:00,0.471,0.4711,0.4668,0.4678,2566773.4
2024-04-28 12:00:00+00:00,0.4678,0.4699,0.4675,0.4694,1577275.1
2024-04-28 13:00:00+00:00,0.4693,0.4729,0.4686,0.4706,2414594.6
2024-04-28 14:00:00+00:00,0.4706,0.4711,0.4676,0.4691,2770548.5
2024-04-28 15:00:00+00:00,0.469,0.4699,0.4669,0.4674,2387844.0
2024-04-28 16:00:00+00:00,0.4673,0.4703,0.4661,0.4687,3189042.2
2024-04-28 17:00:00+00:00,0.4686,0.4713,0.4683,0.4708,2178048.4
2024-04-28 18:00:00+00:00,0.4709,0.4726,0.4685,0.4717,2698724.2
2024-04-28 19:00:00+00:00,0.4716,0.4717,0.469,0.4693,1148943.8
2024-04-28 20:00:00+00:00,0.4693,0.4706,0.4679,0.4702,1484073.6
2024-04-28 21:00:00+00:00,0.4702,0.4708,0.4684,0.4688,987114.5
2024-04-28 22:00:00+00:00,0.4687,0.4694,0.4618,0.4635,5071555.0
2024-04-28 23:00:00+00:00,0.4634,0.4635,0.4583,0.4603,4857025.1
2024-04-29 00:00:00+00:00,0.4602,0.4625,0.4591,0.4619,2420753.5
2024-04-29 01:00:00+00:00,0.4618,0.4637,0.4603,0.4628,2578665.2
2024-04-29 02:00:00+00:00,0.4628,0.4638,0.4552,0.4572,4931727.5
2024-04-29 03:00:00+00:00,0.4571,0.458,0.4515,0.4523,4242829.7
2024-04-29 04:00:00+00:00,0.4524,0.4561,0.4508,0.4554,2564235.4
2024-04-29 05:00:00+00:00,0.4553,0.4563,0.4518,0.4563,2061422.9
2024-04-29 06:00:00+00:00,0.4562,0.4562,0.4463,0.4499,7023580.8
2024-04-29 07:00:00+00:00,0.4499,0.4519,0.4483,0.4508,3605752.1
2024-04-29 08:00:00+00:00,0.4509,0.4514,0.4477,0.4507,2531661.0
2024-04-29 09:00:00+00:00,0.4507,0.4549,0.4492,0.453,3342222.6
2024-04-29 10:00:00+00:00,0.4531,0.4554,0.4522,0.4548,2879666.7
2024-04-29 11:00:00+00:00,0.4547,0.4556,0.4516,0.4533,2724434.7
2024-04-29 12:00:00+00:00,0.4533,0.4557,0.4497,0.4551,3830873.7
2024-04-29 13:00:00+00:00,0.4553,0.4565,0.4493,0.4513,4432783.8
2024-04-29 14:00:00+00:00,0.4513,0.4592,0.4496,0.4576,4635107.9
2024-04-29 15:00:00+00:00,0.4576,0.4592,0.4556,0.4572,3390143.5
2024-04-29 16:00:00+00:00,0.4573,0.4578,0.4521,0.4527,2746889.4
2024-04-29 17:00:00+00:00,0.4526,0.4561,0.4525,0.4548,1850448.3
2024-04-29 18:00:00+00:00,0.4548,0.455,0.4523,0.4538,1838667.9
2024-04-29 19:00:00+00:00,0.4537,0.4537,0.4502,0.4531,2263083.8
2024-04-29 20:00:00+00:00,0.453,0.4557,0.4521,0.4536,2279959.0
2024-04-29 21:00:00+00:00,0.4537,0.4542,0.4503,0.453,1804828.8
2024-04-29 22:00:00+00:00,0.4531,0.4593,0.4523,0.4566,3937552.7
2024-04-29 23:00:00+00:00,0.4565,0.4596,0.456,0.4571,2509723.1
2024-04-30 00:00:00+00:00,0.4572,0.4632,0.4554,0.4619,3373377.4
2024-04-30 01:00:00+00:00,0.4621,0.4623,0.4545,0.4547,3126138.7
2024-04-30 02:00:00+00:00,0.4547,0.4606,0.4508,0.4586,4287908.8
2024-04-30 03:00:00+00:00,0.4586,0.4594,0.4556,0.4571,2555025.4
2024-04-30 04:00:00+00:00,0.4571,0.4575,0.4547,0.4551,3425314.0
2024-04-30 05:00:00+00:00,0.4552,0.4564,0.4523,0.4542,1869000.4
2024-04-30 06:00:00+00:00,0.4543,0.4561,0.4535,0.4551,1740824.1
2024-04-30 07:00:00+00:00,0.4551,0.4556,0.4512,0.4512,2429968.3
2024-04-30 08:00:00+00:00,0.4512,0.4529,0.4388,0.4406,10844937.6
2024-04-30 09:00:00+00:00,0.4405,0.444,0.4396,0.4404,5351570.3
2024-04-30 10:00:00+00:00,0.4403,0.4414,0.4365,0.4384,6228385.3
2024-04-30 11:00:00+00:00,0.4383,0.4383,0.4297,0.4318,12634386.4
2024-04-30 12:00:00+00:00,0.4318,0.4338,0.4254,0.4304,11157170.8
2024-04-30 13:00:00+00:00,0.4304,0.4315,0.4259,0.428,4763393.1
2024-04-30 14:00:00+00:00,0.4276,0.4357,0.4271,0.4335,7332555.0
2024-04-30 15:00:00+00:00,0.4334,0.4372,0.431,0.436,6138942.2
2024-04-30 16:00:00+00:00,0.4361,0.4372,0.4291,0.4365,8984684.2
2024-04-30 17:00:00+00:00,0.4365,0.4376,0.433,0.4338,3655561.5
2024-04-30 18:00:00+00:00,0.4338,0.4356,0.432,0.4355,3620494.9
2024-04-30 19:00:00+00:00,0.4356,0.4371,0.4296,0.4326,6984154.6
2024-04-30 20:00:00+00:00,0.4331,0.4411,0.4331,0.4395,5804418.2
2024-04-30 21:00:00+00:00,0.4395,0.4418,0.4387,0.4388,2329418.0
2024-04-30 22:00:00+00:00,0.4388,0.4447,0.4387,0.4411,4898763.1
2024-04-30 23:00:00+00:00,0.441,0.4426,0.439,0.4412,2556671.3
2024-05-01 00:00:00+00:00,0.4412,0.4436,0.4373,0.439,4930827.6
2024-05-01 01:00:00+00:00,0.439,0.4418,0.4364,0.4396,4645900.3
2024-05-01 02:00:00+00:00,0.4397,0.4412,0.4345,0.4404,3480702.9
2024-05-01 03:00:00+00:00,0.4404,0.4418,0.439,0.4406,2573454.4
2024-05-01 04:00:00+00:00,0.4407,0.444,0.4406,0.4436,3078950.3
2024-05-01 05:00:00+00:00,0.4436,0.4446,0.4404,0.4425,3221901.3
2024-05-01 06:00:00+00:00,0.4426,0.4431,0.4364,0.4368,4257928.3
2024-05-01 07:00:00+00:00,0.4369,0.4377,0.4232,0.4277,25392612.8
2024-05-01 08:00:00+00:00,0.4278,0.4292,0.4184,0.4262,18339300.2
2024-05-01 09:00:00+00:00,0.4261,0.433,0.4252,0.4304,6638695.3
2024-05-01 10:00:00+00:00,0.4306,0.4343,0.4284,0.4333,5657282.6
2024-05-01 11:00:00+00:00,0.4332,0.435,0.4311,0.435,2880262.2
2024-05-01 12:00:00+00:00,0.4348,0.442,0.4336,0.442,7606504.0
2024-05-01 13:00:00+00:00,0.442,0.4433,0.4364,0.4384,7177132.2
2024-05-01 14:00:00+00:00,0.4384,0.4406,0.4353,0.4401,4584821.0
2024-05-01 15:00:00+00:00,0.4402,0.4402,0.4323,0.4353,4692863.3
2024-05-01 16:00:00+00:00,0.4353,0.4371,0.4312,0.432,4171762.3
2024-05-01 17:00:00+00:00,0.432,0.4394,0.429,0.4379,5534307.3
2024-05-01 18:00:00+00:00,0.438,0.4578,0.438,0.4555,15524630.4
2024-05-01 19:00:00+00:00,0.4555,0.4579,0.4398,0.4417,13137547.7
2024-05-01 20:00:00+00:00,0.4418,0.4482,0.4383,0.4467,7395826.3
2024-05-01 21:00:00+00:00,0.4467,0.4525,0.4454,0.4499,3896958.0
2024-05-01 22:00:00+00:00,0.4499,0.4514,0.4482,0.449,2876046.2
2024-05-01 23:00:00+00:00,0.4489,0.451,0.4478,0.4501,2106197.8
2024-05-02 00:00:00+00:00,0.4501,0.4513,0.4435,0.4445,3279140.9
2024-05-02 01:00:00+00:00,0.4444,0.4472,0.4386,0.4427,5606468.9
2024-05-02 02:00:00+00:00,0.4434,0.4473,0.4429,0.4453,3575800.9
2024-05-02 03:00:00+00:00,0.4454,0.4468,0.4449,0.4455,2019486.9
2024-05-02 04:00:00+00:00,0.4456,0.4479,0.4437,0.4446,2223643.8
2024-05-02 05:00:00+00:00,0.4446,0.4454,0.4411,0.4444,1900536.0
2024-05-02 06:00:00+00:00,0.4445,0.4455,0.4426,0.4436,1526203.7
2024-05-02 07:00:00+00:00,0.4435,0.446,0.4435,0.4446,3492799.0
2024-05-02 08:00:00+00:00,0.4446,0.4478,0.444,0.4476,3120094.9
2024-05-02 09:00:00+00:00,0.4478,0.4512,0.4471,0.4508,3294393.2
2024-05-02 10:00:00+00:00,0.4509,0.4523,0.4485,0.4517,3856113.0
2024-05-02 11:00:00+00:00,0.4517,0.4561,0.4514,0.4531,8859677.0
2024-05-02 12:00:00+00:00,0.4531,0.4625,0.4519,0.4539,11765505.2
2024-05-02 13:00:00+00:00,0.4539,0.4555,0.4506,0.4522,4043945.2
2024-05-02 14:00:00+00:00,0.4522,0.4581,0.4507,0.4573,5321651.1
2024-05-02 15:00:00+00:00,0.4574,0.4616,0.4547,0.4576,7177861.0
2024-05-02 16:00:00+00:00,0.4576,0.458,0.4543,0.4546,3117409.0
2024-05-02 17:00:00+00:00,0.4546,0.4561,0.4535,0.4554,2347544.0
2024-05-02 18:00:00+00:00,0.4554,0.4581,0.452,0.4556,3707221.8
2024-05-02 19:00:00+00:00,0.4555,0.456,0.4538,0.4559,1959783.8
2024-05-02 20:00:00+00:00,0.4558,0.4573,0.4525,0.4547,3510254.9
2024-05-02 21:00:00+00:00,0.4547,0.4586,0.4547,0.4569,1533237.0
2024-05-02 22:00:00+00:00,0.457,0.4601,0.4564,0.4593,3889907.5
2024-05-02 23:00:00+00:00,0.4593,0.4602,0.4575,0.4578,2443539.7
2024-05-03 00:00:00+00:00,0.4577,0.4601,0.4563,0.4571,2156463.8
2024-05-03 01:00:00+00:00,0.457,0.4621,0.4568,0.4592,2872120.7
2024-05-03 02:00:00+00:00,0.4592,0.463,0.4584,0.4612,2039952.7
2024-05-03 03:00:00+00:00,0.4613,0.463,0.4595,0.4606,1876619.9
2024-05-03 04:00:00+00:00,0.4606,0.4612,0.4565,0.4571,2203811.2
2024-05-03 05:00:00+00:00,0.4572,0.4573,0.4489,0.4536,15913663.6
2024-05-03 06:00:00+00:00,0.4536,0.4539,0.4511,0.4518,1777581.1
2024-05-03 07:00:00+00:00,0.4518,0.4535,0.4506,0.4511,2791322.8
2024-05-03 08:00:00+00:00,0.4512,0.4531,0.4507,0.451,1571745.2
2024-05-03 09:00:00+00:00,0.451,0.4522,0.4495,0.4504,3043699.6
2024-05-03 10:00:00+00:00,0.4504,0.4506,0.4462,0.4483,4761288.8
2024-05-03 11:00:00+00:00,0.4483,0.4493,0.4466,0.4481,2053074.6
2024-05-03 12:00:00+00:00,0.4481,0.4591,0.4471,0.4577,8454728.8
2024-05-03 13:00:00+00:00,0.4577,0.465,0.4572,0.4649,9268772.8
2024-05-03 14:00:00+00:00,0.4649,0.4671,0.4616,0.4638,5645595.7
2024-05-03 15:00:00+00:00,0.4638,0.4678,0.4626,0.467,3616921.6
2024-05-03 16:00:00+00:00,0.4671,0.469,0.4655,0.4657,3494565.6
2024-05-03 17:00:00+00:00,0.4658,0.468,0.4649,0.4661,3121107.8
2024-05-03 18:00:00+00:00,0.4661,0.467,0.4645,0.465,1445297.6
2024-05-03 19:00:00+00:00,0.4649,0.4663,0.4631,0.4662,2645096.6
2024-05-03 20:00:00+00:00,0.466,0.4736,0.4657,0.4705,5779631.8
2024-05-03 21:00:00+00:00,0.4706,0.4719,0.4658,0.4678,3816484.3
2024-05-03 22:00:00+00:00,0.4678,0.4691,0.4668,0.4682,2711236.9
2024-05-03 23:00:00+00:00,0.4681,0.4706,0.4664,0.4673,4117333.3
2024-05-04 00:00:00+00:00,0.4674,0.4707,0.4666,0.4698,2295118.2
2024-05-04 01:00:00+00:00,0.4697,0.4713,0.4672,0.4673,2257204.5
2024-05-04 02:00:00+00:00,0.4672,0.4676,0.4647,0.4666,2275446.6
2024-05-04 03:00:00+00:00,0.4666,0.4673,0.4655,0.4668,1700287.1
2024-05-04 04:00:00+00:00,0.4668,0.4688,0.466,0.4679,1471347.8
2024-05-04 05:00:00+00:00,0.4681,0.4687,0.4657,0.4683,1726617.2
2024-05-04 06:00:00+00:00,0.4683,0.4683,0.4649,0.4655,1198761.7
2024-05-04 07:00:00+00:00,0.4655,0.4668,0.465,0.4651,1533779.5
2024-05-04 08:00:00+00:00,0.4651,0.4682,0.465,0.4677,1556030.2
2024-05-04 09:00:00+00:00,0.4676,0.4689,0.4667,0.4675,1660858.0
2024-05-04 10:00:00+00:00,0.4676,0.4748,0.4666,0.4746,3936163.2
2024-05-04 11:00:00+00:00,0.4746,0.4759,0.467,0.4687,8491985.2
2024-05-04 12:00:00+00:00,0.4687,0.4712,0.468,0.4704,2763379.2
2024-05-04 13:00:00+00:00,0.4704,0.4712,0.4656,0.468,5688114.2
2024-05-04 14:00:00+00:00,0.468,0.469,0.466,0.4679,2926372.0
2024-05-04 15:00:00+00:00,0.4678,0.4686,0.466,0.4679,1646077.4
2024-05-04 16:00:00+00:00,0.468,0.4694,0.4658,0.4691,2028397.9
2024-05-04 17:00:00+00:00,0.4692,0.4696,0.4664,0.4679,2162664.7
2024-05-04 18:00:00+00:00,0.4679,0.47,0.4675,0.469,1155660.5
2024-05-04 19:00:00+00:00,0.4689,0.4707,0.4682,0.4698,1289687.2
2024-05-04 20:00:00+00:00,0.4699,0.471,0.4675,0.4682,2981562.2
2024-05-04 21:00:00+00:00,0.4682,0.4687,0.4633,0.4661,3585436.1
2024-05-04 22:00:00+00:00,0.4661,0.4666,0.4639,0.464,2923530.5
2024-05-04 23:00:00+00:00,0.4639,0.4642,0.4623,0.4633,2504211.3
2024-05-05 00:00:00+00:00,0.4633,0.464,0.4569,0.4595,6621493.5
2024-05-05 01:00:00+00:00,0.4595,0.4598,0.4521,0.4542,6451958.7
2024-05-05 02:00:00+00:00,0.4542,0.4565,0.4536,0.4538,1616719.3
2024-05-05 03:00:00+00:00,0.4539,0.455,0.4525,0.455,1450358.3
2024-05-05 04:00:00+00:00,0.4549,0.4563,0.4545,0.4556,1878421.8
2024-05-05 05:00:00+00:00,0.4556,0.4576,0.454,0.4541,2302528.6
2024-05-05 06:00:00+00:00,0.454,0.4569,0.4536,0.4563,2686990.7
2024-05-05 07:00:00+00:00,0.4564,0.4596,0.4556,0.4584,2428706.4
2024-05-05 08:00:00+00:00,0.4584,0.462,0.4578,0.4606,4424569.6
2024-05-05 09:00:00+00:00,0.4606,0.4606,0.4578,0.4585,1717433.2
2024-05-05 10:00:00+00:00,0.4585,0.4595,0.4563,0.4578,2118895.2
2024-05-05 11:00:00+00:00,0.4578,0.4592,0.4565,0.4585,1387480.0
2024-05-05 12:00:00+00:00,0.4584,0.4588,0.4554,0.456,1397704.3
2024-05-05 13:00:00+00:00,0.4561,0.4593,0.4548,0.459,3723278.6
2024-05-05 14:00:00+00:00,0.4589,0.4618,0.4565,0.4615,2856031.3
2024-05-05 15:00:00+00:00,0.4615,0.4645,0.4605,0.4636,4584869.1
2024-05-05 16:00:00+00:00,0.4636,0.4661,0.461,0.4621,4203026.5
2024-05-05 17:00:00+00:00,0.462,0.4634,0.4602,0.4608,2284315.5
2024-05-05 18:00:00+00:00,0.4607,0.4609,0.4567,0.4596,4216678.6
2024-05-05 19:00:00+00:00,0.4596,0.461,0.459,0.4608,1587463.7
2024-05-05 20:00:00+00:00,0.4607,0.4614,0.4591,0.461,1752802.2
2024-05-05 21:00:00+00:00,0.461,0.4611,0.4589,0.4596,901876.3
2024-05-05 22:00:00+00:00,0.4596,0.4601,0.4563,0.4568,1153415.3
2024-05-05 23:00:00+00:00,0.4568,0.4596,0.4566,0.458,2096415.8
2024-05-06 00:00:00+00:00,0.4579,0.4618,0.4577,0.4608,2329085.4
2024-05-06 01:00:00+00:00,0.4608,0.4612,0.4557,0.4571,3585136.4
2024-05-06 02:00:00+00:00,0.4571,0.4591,0.4557,0.4558,1752064.0
2024-05-06 03:00:00+00:00,0.4558,0.4575,0.4543,0.4567,2335703.0
2024-05-06 04:00:00+00:00,0.4566,0.4591,0.4558,0.4585,1527862.7
2024-05-06 05:00:00+00:00,0.4585,0.463,0.4574,0.4621,2224235.9
2024-05-06 06:00:00+00:00,0.4622,0.4647,0.4611,0.4631,2526018.9
2024-05-06 07:00:00+00:00,0.4631,0.4669,0.4629,0.4667,3485909.6
2024-05-06 08:00:00+00:00,0.4667,0.4752,0.4667,0.4708,11482267.8
2024-05-06 09:00:00+00:00,0.4708,0.4735,0.4708,0.4711,4809585.8
2024-05-06 10:00:00+00:00,0.4712,0.4757,0.46,0.4632,10970695.3
2024-05-06 11:00:00+00:00,0.4631,0.467,0.463,0.4654,3898342.7
2024-05-06 12:00:00+00:00,0.4655,0.4667,0.4537,0.4572,9984511.1
2024-05-06 13:00:00+00:00,0.4573,0.4621,0.4559,0.4615,4829032.7
2024-05-06 14:00:00+00:00,0.4616,0.4627,0.4544,0.4546,4782853.7
2024-05-06 15:00:00+00:00,0.4544,0.4608,0.4513,0.4606,6941831.4
2024-05-06 16:00:00+00:00,0.4606,0.4624,0.4585,0.4594,3556202.2
2024-05-06 17:00:00+00:00,0.4595,0.4641,0.4583,0.4607,4720822.6
2024-05-06 18:00:00+00:00,0.4608,0.4641,0.4596,0.4622,2570234.3
2024-05-06 19:00:00+00:00,0.4622,0.4622,0.4557,0.4609,3937325.8
2024-05-06 20:00:00+00:00,0.4608,0.4619,0.4597,0.4598,2057588.3
2024-05-06 21:00:00+00:00,0.4599,0.4603,0.458,0.4587,1421327.0
2024-05-06 22:00:00+00:00,0.4587,0.4588,0.4551,0.4556,3007415.4
2024-05-06 23:00:00+00:00,0.4556,0.4559,0.4535,0.4541,2117764.9
2024-05-07 00:00:00+00:00,0.454,0.4557,0.4509,0.4528,3644125.7
2024-05-07 01:00:00+00:00,0.453,0.4561,0.4523,0.4556,2241102.2
2024-05-07 02:00:00+00:00,0.4556,0.4559,0.4541,0.4544,1017134.5
2024-05-07 03:00:00+00:00,0.4544,0.4551,0.4453,0.4493,8099438.7
2024-05-07 04:00:00+00:00,0.4494,0.4513,0.4485,0.4512,2388777.6
2024-05-07 05:00:00+00:00,0.4512,0.4513,0.4467,0.4492,2652994.6
2024-05-07 06:00:00+00:00,0.4492,0.4498,0.4461,0.4478,2522464.7
2024-05-07 07:00:00+00:00,0.4477,0.4502,0.447,0.4494,9572152.8
2024-05-07 08:00:00+00:00,0.4494,0.4553,0.4486,0.4539,7570194.6
2024-05-07 09:00:00+00:00,0.4541,0.4567,0.4518,0.4521,3478527.6
2024-05-07 10:00:00+00:00,0.4521,0.4527,0.4494,0.452,3428267.4
2024-05-07 11:00:00+00:00,0.4519,0.4527,0.4477,0.4488,3328636.0
2024-05-07 12:00:00+00:00,0.4488,0.4515,0.4488,0.4508,2455048.7
2024-05-07 13:00:00+00:00,0.4508,0.4524,0.448,0.45,2752447.3
2024-05-07 14:00:00+00:00,0.45,0.4543,0.4479,0.4542,4613221.0
2024-05-07 15:00:00+00:00,0.4541,0.4555,0.4516,0.4522,4537309.6
2024-05-07 16:00:00+00:00,0.4522,0.4534,0.4504,0.4517,1642733.6
2024-05-07 17:00:00+00:00,0.4516,0.4523,0.4502,0.4511,1524832.5
2024-05-07 18:00:00+00:00,0.4511,0.4511,0.4463,0.4496,3809138.9
2024-05-07 19:00:00+00:00,0.4495,0.4501,0.4467,0.4474,2757779.4
2024-05-07 20:00:00+00:00,0.4474,0.4493,0.4465,0.4476,1503125.9
2024-05-07 21:00:00+00:00,0.4476,0.4493,0.4439,0.447,2399186.9
2024-05-07 22:00:00+00:00,0.447,0.4481,0.4436,0.4458,4402512.9
2024-05-07 23:00:00+00:00,0.4458,0.4461,0.4407,0.4414,4062384.2
2024-05-08 00:00:00+00:00,0.4413,0.4429,0.4363,0.4417,4813505.9
2024-05-08 01:00:00+00:00,0.4417,0.4442,0.4412,0.4423,2131127.0
2024-05-08 02:00:00+00:00,0.4423,0.4448,0.4423,0.4437,1937834.5
2024-05-08 03:00:00+00:00,0.4438,0.4454,0.4425,0.4442,1373153.7
2024-05-08 04:00:00+00:00,0.4442,0.4452,0.4392,0.4421,2031519.0
2024-05-08 05:00:00+00:00,0.4421,0.4434,0.4398,0.4419,1899281.8
2024-05-08 06:00:00+00:00,0.4419,0.4431,0.4378,0.4419,4263857.5
2024-05-08 07:00:00+00:00,0.4418,0.4433,0.4377,0.439,2713028.0
2024-05-08 08:00:00+00:00,0.4389,0.4441,0.4375,0.4428,4603134.4
2024-05-08 09:00:00+00:00,0.4428,0.4434,0.4386,0.4417,2328138.6
2024-05-08 10:00:00+00:00,0.4418,0.4433,0.4416,0.4423,1511548.4
2024-05-08 11:00:00+00:00,0.4422,0.4425,0.4392,0.4394,1870467.9
2024-05-08 12:00:00+00:00,0.4396,0.4414,0.4366,0.4387,3320141.9
2024-05-08 13:00:00+00:00,0.4386,0.4451,0.4369,0.4448,5141490.2
2024-05-08 14:00:00+00:00,0.4449,0.4597,0.4432,0.4585,38100419.5
2024-05-08 15:00:00+00:00,0.4584,0.469,0.4521,0.4613,29103625.3
2024-05-08 16:00:00+00:00,0.4613,0.469,0.4593,0.4622,11527517.5
2024-05-08 17:00:00+00:00,0.4622,0.4663,0.4581,0.4609,6460907.5
2024-05-08 18:00:00+00:00,0.4609,0.4653,0.4607,0.4633,2920890.5
2024-05-08 19:00:00+00:00,0.4633,0.4674,0.4599,0.4643,6356410.1
2024-05-08 20:00:00+00:00,0.4643,0.4665,0.4542,0.4553,8339701.9
2024-05-08 21:00:00+00:00,0.4551,0.4591,0.4533,0.4571,4454802.1
2024-05-08 22:00:00+00:00,0.457,0.457,0.4518,0.4533,3782529.6
2024-05-08 23:00:00+00:00,0.4532,0.4558,0.4509,0.4518,4435626.1
2024-05-09 00:00:00+00:00,0.4517,0.4633,0.4515,0.4613,5754989.2
2024-05-09 01:00:00+00:00,0.4612,0.4643,0.46,0.4614,5857388.6
2024-05-09 02:00:00+00:00,0.4614,0.4645,0.4603,0.463,2212843.7
2024-05-09 03:00:00+00:00,0.4628,0.4636,0.4599,0.4632,2782162.7
2024-05-09 04:00:00+00:00,0.4632,0.4642,0.4594,0.4595,1966888.1
2024-05-09 05:00:00+00:00,0.4595,0.462,0.4585,0.4586,1532676.1
2024-05-09 06:00:00+00:00,0.4585,0.4611,0.4574,0.4581,1802169.0
2024-05-09 07:00:00+00:00,0.458,0.4587,0.4523,0.4533,3824065.0
2024-05-09 08:00:00+00:00,0.4535,0.4559,0.4517,0.4559,2203748.8
2024-05-09 09:00:00+00:00,0.4559,0.4564,0.4514,0.4557,3618513.9
2024-05-09 10:00:00+00:00,0.4557,0.4557,0.4479,0.4481,8741556.9
2024-05-09 11:00:00+00:00,0.4481,0.4531,0.4469,0.4516,4172634.0
2024-05-09 12:00:00+00:00,0.4516,0.4555,0.451,0.4539,3470522.2
2024-05-09 13:00:00+00:00,0.4539,0.454,0.4476,0.4511,4945926.6
2024-05-09 14:00:00+00:00,0.4512,0.4532,0.449,0.4527,3864625.0
2024-05-09 15:00:00+00:00,0.4529,0.4582,0.4514,0.4557,5026617.2
2024-05-09 16:00:00+00:00,0.4558,0.4579,0.4539,0.4542,4230639.3
2024-05-09 17:00:00+00:00,0.4541,0.4575,0.4534,0.4557,3156348.3
2024-05-09 18:00:00+00:00,0.4558,0.4593,0.4556,0.4592,1916308.7
2024-05-09 19:00:00+00:00,0.4593,0.4618,0.4584,0.4602,2408879.2
2024-05-09 20:00:00+00:00,0.4602,0.4609,0.4582,0.4588,1903060.9
2024-05-09 21:00:00+00:00,0.4588,0.4599,0.4576,0.4586,1877319.7
2024-05-09 22:00:00+00:00,0.4586,0.4645,0.4581,0.4633,4240658.3
2024-05-09 23:00:00+00:00,0.4634,0.4641,0.4616,0.4635,3870589.2
2024-05-10 00:00:00+00:00,0.4635,0.4636,0.4605,0.4614,2700165.6
2024-05-10 01:00:00+00:00,0.4615,0.4658,0.4607,0.4646,3001654.6
2024-05-10 02:00:00+00:00,0.4645,0.4658,0.4632,0.4654,1944431.1
2024-05-10 03:00:00+00:00,0.4653,0.4662,0.4646,0.4655,1276221.0
2024-05-10 04:00:00+00:00,0.4656,0.4682,0.4646,0.4651,2584226.1
2024-05-10 05:00:00+00:00,0.4652,0.4661,0.4635,0.4639,1426125.4
2024-05-10 06:00:00+00:00,0.4638,0.4672,0.4631,0.4666,2345208.7
2024-05-10 07:00:00+00:00,0.4666,0.4688,0.4645,0.4653,5413348.6
2024-05-10 08:00:00+00:00,0.4652,0.4658,0.4635,0.464,2790395.0
2024-05-10 09:00:00+00:00,0.464,0.4643,0.462,0.4633,3917667.6
2024-05-10 10:00:00+00:00,0.4634,0.4637,0.4617,0.4634,1895394.4
2024-05-10 11:00:00+00:00,0.4633,0.4658,0.4616,0.4658,2706038.3
2024-05-10 12:00:00+00:00,0.4658,0.4666,0.4626,0.4633,2740590.1
2024-05-10 13:00:00+00:00,0.4632,0.4646,0.4613,0.4636,1967569.2
2024-05-10 14:00:00+00:00,0.4635,0.4647,0.4464,0.4496,14539021.6
2024-05-10 15:00:00+00:00,0.4497,0.4514,0.4467,0.4496,8314500.0
2024-05-10 16:00:00+00:00,0.4495,0.4509,0.4431,0.448,7880158.6
2024-05-10 17:00:00+00:00,0.448,0.4483,0.4432,0.4462,4480396.9
2024-05-10 18:00:00+00:00,0.4462,0.4484,0.4449,0.4483,3085466.9
2024-05-10 19:00:00+00:00,0.4484,0.4495,0.4472,0.448,1846360.9
2024-05-10 20:00:00+00:00,0.4482,0.4493,0.4442,0.4468,2256000.2
2024-05-10 21:00:00+00:00,0.4467,0.4487,0.4463,0.4473,2402469.2
2024-05-10 22:00:00+00:00,0.4473,0.4485,0.4444,0.4467,2963106.9
2024-05-10 23:00:00+00:00,0.4468,0.4493,0.4467,0.4479,1640858.3
2024-05-11 00:00:00+00:00,0.4479,0.4498,0.4464,0.4476,2074686.5
2024-05-11 01:00:00+00:00,0.4476,0.4511,0.4459,0.4478,4222117.0
2024-05-11 02:00:00+00:00,0.4478,0.4486,0.4458,0.4479,1464380.8
2024-05-11 03:00:00+00:00,0.448,0.4482,0.4453,0.4464,1649926.3
2024-05-11 04:00:00+00:00,0.4464,0.4467,0.4457,0.4458,1194864.6
2024-05-11 05:00:00+00:00,0.4458,0.4469,0.4457,0.4468,811739.6
2024-05-11 06:00:00+00:00,0.4468,0.4486,0.4463,0.4466,1743199.5
2024-05-11 07:00:00+00:00,0.4467,0.4494,0.4464,0.449,1074028.3
2024-05-11 08:00:00+00:00,0.449,0.4493,0.445,0.445,1526521.8
2024-05-11 09:00:00+00:00,0.4451,0.4456,0.4442,0.4451,1328574.0
2024-05-11 10:00:00+00:00,0.4451,0.4451,0.4412,0.4432,2310158.3
2024-05-11 11:00:00+00:00,0.4431,0.4441,0.4405,0.4434,1875172.9
2024-05-11 12:00:00+00:00,0.4433,0.4448,0.4423,0.4427,2005723.7
2024-05-11 13:00:00+00:00,0.4427,0.4454,0.4422,0.4451,1785057.9
2024-05-11 14:00:00+00:00,0.4452,0.4453,0.4424,0.4428,1212605.8
2024-05-11 15:00:00+00:00,0.4427,0.4467,0.4413,0.4432,3216141.1
2024-05-11 16:00:00+00:00,0.4433,0.4443,0.4425,0.4431,1972388.8
2024-05-11 17:00:00+00:00,0.4431,0.4437,0.4414,0.4418,1668293.0
2024-05-11 18:00:00+00:00,0.4418,0.4425,0.44,0.4413,2555742.9
2024-05-11 19:00:00+00:00,0.4413,0.4419,0.4403,0.4412,1231702.3
2024-05-11 20:00:00+00:00,0.4409,0.441,0.4379,0.4398,2871152.3
2024-05-11 21:00:00+00:00,0.4398,0.4398,0.4379,0.4388,1338578.2
2024-05-11 22:00:00+00:00,0.4387,0.4398,0.4379,0.4397,1548251.9
2024-05-11 23:00:00+00:00,0.4396,0.4403,0.438,0.439,1624772.5
2024-05-12 00:00:00+00:00,0.4388,0.4409,0.4383,0.4389,1594467.8
2024-05-12 01:00:00+00:00,0.4389,0.4407,0.4388,0.4395,1382122.4
2024-05-12 02:00:00+00:00,0.4395,0.4417,0.4392,0.4414,1087586.2
2024-05-12 03:00:00+00:00,0.4413,0.4414,0.4394,0.4405,1315643.5
2024-05-12 04:00:00+00:00,0.4406,0.4421,0.4405,0.442,930764.6
2024-05-12 05:00:00+00:00,0.442,0.4422,0.4404,0.4409,1286198.2
2024-05-12 06:00:00+00:00,0.4408,0.441,0.4396,0.4402,834934.5
2024-05-12 07:00:00+00:00,0.4402,0.4407,0.4368,0.4382,2124853.9
2024-05-12 08:00:00+00:00,0.4383,0.4398,0.4368,0.4385,1047477.9
2024-05-12 09:00:00+00:00,0.4386,0.4388,0.437,0.4384,1220076.2
2024-05-12 10:00:00+00:00,0.4385,0.4426,0.4381,0.4406,2174542.1
2024-05-12 11:00:00+00:00,0.4406,0.4412,0.4401,0.4406,868353.3
2024-05-12 12:00:00+00:00,0.4406,0.4412,0.4397,0.4405,1013706.6
2024-05-12 13:00:00+00:00,0.4405,0.4431,0.4403,0.4424,1464916.8
2024-05-12 14:00:00+00:00,0.4425,0.443,0.4412,0.4418,1480889.9
2024-05-12 15:00:00+00:00,0.4419,0.4427,0.4405,0.4416,1756680.0
2024-05-12 16:00:00+00:00,0.4416,0.4436,0.4404,0.4405,1710226.9
2024-05-12 17:00:00+00:00,0.4404,0.4415,0.4391,0.4404,1959092.2
2024-05-12 18:00:00+00:00,0.4404,0.4405,0.438,0.4382,1585985.0
2024-05-12 19:00:00+00:00,0.4382,0.4385,0.4372,0.4382,1002632.6
2024-05-12 20:00:00+00:00,0.4381,0.4384,0.4368,0.4377,1114727.7
2024-05-12 21:00:00+00:00,0.4377,0.438,0.4331,0.4364,3368014.5
2024-05-12 22:00:00+00:00,0.4364,0.4371,0.4357,0.4369,811813.8
2024-05-12 23:00:00+00:00,0.4368,0.4381,0.4365,0.4377,535422.4
2024-05-13 00:00:00+00:00,0.4378,0.4403,0.4377,0.4386,1200789.9
2024-05-13 01:00:00+00:00,0.4387,0.4392,0.4319,0.4347,3498463.2
2024-05-13 02:00:00+00:00,0.4347,0.4358,0.4262,0.4299,8917971.7
2024-05-13 03:00:00+00:00,0.4299,0.4303,0.4251,0.4299,5601450.8
2024-05-13 04:00:00+00:00,0.4299,0.4299,0.4255,0.4266,2739333.9
2024-05-13 05:00:00+00:00,0.4266,0.4281,0.4256,0.4264,2419581.6
2024-05-13 06:00:00+00:00,0.4264,0.4427,0.4258,0.4397,8161215.1
2024-05-13 07:00:00+00:00,0.4396,0.4458,0.439,0.4441,6906284.5
2024-05-13 08:00:00+00:00,0.444,0.4508,0.444,0.4498,11391331.5
2024-05-13 09:00:00+00:00,0.4499,0.4532,0.4495,0.4509,5652625.4
2024-05-13 10:00:00+00:00,0.4509,0.4516,0.4456,0.4485,4214993.9
2024-05-13 11:00:00+00:00,0.4484,0.4492,0.4451,0.4487,2636024.7
2024-05-13 12:00:00+00:00,0.4487,0.4494,0.441,0.4435,9987656.3
2024-05-13 13:00:00+00:00,0.4436,0.4479,0.4431,0.4453,5207623.5
2024-05-13 14:00:00+00:00,0.4452,0.4471,0.4423,0.4429,3539256.9
2024-05-13 15:00:00+00:00,0.443,0.4467,0.4429,0.4451,2151520.3
2024-05-13 16:00:00+00:00,0.4451,0.4494,0.4439,0.4477,4815848.8
2024-05-13 17:00:00+00:00,0.4477,0.4482,0.4408,0.4419,4331472.6
2024-05-13 18:00:00+00:00,0.4418,0.4453,0.4388,0.4404,4818789.0
2024-05-13 19:00:00+00:00,0.4404,0.4428,0.4404,0.4415,1804728.7
2024-05-13 20:00:00+00:00,0.4416,0.4422,0.4398,0.4412,1152377.3
2024-05-13 21:00:00+00:00,0.4413,0.4418,0.4384,0.439,1223737.2
2024-05-13 22:00:00+00:00,0.439,0.44,0.4357,0.4366,3847094.8
2024-05-13 23:00:00+00:00,0.4366,0.4383,0.436,0.4368,2217676.3
2024-05-14 00:00:00+00:00,0.4367,0.4383,0.4341,0.4357,3709255.3
2024-05-14 01:00:00+00:00,0.4357,0.438,0.4338,0.4358,3845332.8
2024-05-14 02:00:00+00:00,0.4356,0.4362,0.4325,0.4349,3797958.0
2024-05-14 03:00:00+00:00,0.4349,0.4365,0.434,0.4349,1857343.2
2024-05-14 04:00:00+00:00,0.4348,0.4369,0.4344,0.4361,3628611.7
2024-05-14 05:00:00+00:00,0.4361,0.4386,0.4354,0.4372,2773109.5
2024-05-14 06:00:00+00:00,0.4371,0.4371,0.4279,0.4338,10700554.5
2024-05-14 07:00:00+00:00,0.4338,0.4374,0.4335,0.4373,2726607.1
2024-05-14 08:00:00+00:00,0.4374,0.4385,0.4358,0.4368,2609734.4
2024-05-14 09:00:00+00:00,0.4368,0.4375,0.4342,0.4347,1506898.9
2024-05-14 10:00:00+00:00,0.4347,0.436,0.4333,0.4346,2555606.4
2024-05-14 11:00:00+00:00,0.4346,0.4351,0.4326,0.433,1937005.0
2024-05-14 12:00:00+00:00,0.4329,0.4346,0.4301,0.4325,7232079.1
2024-05-14 13:00:00+00:00,0.4326,0.4344,0.4311,0.4322,3516767.4
2024-05-14 14:00:00+00:00,0.4321,0.4354,0.4279,0.4321,7146811.8
2024-05-14 15:00:00+00:00,0.432,0.4364,0.4312,0.4359,3561192.2
2024-05-14 16:00:00+00:00,0.436,0.4361,0.4324,0.4335,2456494.0
2024-05-14 17:00:00+00:00,0.4335,0.4342,0.4287,0.4307,3541946.3
2024-05-14 18:00:00+00:00,0.4307,0.4326,0.4305,0.432,1172926.1
2024-05-14 19:00:00+00:00,0.432,0.4328,0.4311,0.4313,997584.6
2024-05-14 20:00:00+00:00,0.4313,0.4315,0.4297,0.4299,1155116.4
2024-05-14 21:00:00+00:00,0.4298,0.4306,0.4277,0.4296,1999784.2
2024-05-14 22:00:00+00:00,0.4294,0.4294,0.426,0.4272,1791366.5
2024-05-14 23:00:00+00:00,0.4271,0.4285,0.4267,0.4285,914749.5
2024-05-15 00:00:00+00:00,0.4285,0.4306,0.4258,0.4276,2292637.3
2024-05-15 01:00:00+00:00,0.4276,0.4298,0.4275,0.4296,1485821.7
2024-05-15 02:00:00+00:00,0.4297,0.4307,0.4289,0.4293,1017933.9
2024-05-15 03:00:00+00:00,0.4293,0.4306,0.4292,0.4306,1033870.5
2024-05-15 04:00:00+00:00,0.4306,0.4309,0.4283,0.4288,1304964.2
2024-05-15 05:00:00+00:00,0.4287,0.4297,0.4275,0.4285,1253752.8
2024-05-15 06:00:00+00:00,0.4286,0.4288,0.4273,0.4287,1642935.8
2024-05-15 07:00:00+00:00,0.4287,0.4316,0.4286,0.4311,1756646.0
2024-05-15 08:00:00+00:00,0.431,0.4329,0.4307,0.4327,2687380.4
2024-05-15 09:00:00+00:00,0.4329,0.4364,0.4308,0.4348,3814938.4
2024-05-15 10:00:00+00:00,0.4349,0.4356,0.4325,0.433,1950894.8
2024-05-15 11:00:00+00:00,0.4329,0.4333,0.4287,0.4309,2561618.3
2024-05-15 12:00:00+00:00,0.4309,0.4411,0.43,0.4411,12006731.6
2024-05-15 13:00:00+00:00,0.4411,0.4481,0.4398,0.4427,8221846.3
2024-05-15 14:00:00+00:00,0.4427,0.4454,0.4419,0.4452,6439931.7
2024-05-15 15:00:00+00:00,0.4453,0.4477,0.4445,0.4457,4708540.6
2024-05-15 16:00:00+00:00,0.4458,0.4496,0.4452,0.4463,5136028.2
2024-05-15 17:00:00+00:00,0.4463,0.4487,0.4458,0.4464,3009884.1
2024-05-15 18:00:00+00:00,0.4464,0.4495,0.4454,0.4491,3414225.4
2024-05-15 19:00:00+00:00,0.4492,0.4524,0.4471,0.4521,5338573.1
2024-05-15 20:00:00+00:00,0.4521,0.4558,0.4504,0.4542,7935252.0
2024-05-15 21:00:00+00:00,0.4542,0.4551,0.4514,0.4515,2358657.0
2024-05-15 22:00:00+00:00,0.4515,0.4536,0.4513,0.4516,4285457.1
2024-05-15 23:00:00+00:00,0.4517,0.454,0.4513,0.4524,2289812.9
2024-05-16 00:00:00+00:00,0.4525,0.4556,0.4524,0.4536,5301359.8
2024-05-16 01:00:00+00:00,0.4535,0.4571,0.4535,0.457,4000681.8
2024-05-16 02:00:00+00:00,0.457,0.4573,0.4541,0.455,2221365.6
2024-05-16 03:00:00+00:00,0.4551,0.4586,0.4544,0.4579,2678621.1
2024-05-16 04:00:00+00:00,0.4579,0.4627,0.4577,0.4615,6591765.3
2024-05-16 05:00:00+00:00,0.4616,0.4622,0.4585,0.4596,3075658.2
2024-05-16 06:00:00+00:00,0.4596,0.4608,0.457,0.4576,4604407.0
2024-05-16 07:00:00+00:00,0.4575,0.4588,0.4564,0.4572,4641715.7
2024-05-16 08:00:00+00:00,0.4572,0.4581,0.455,0.4551,3622482.5
2024-05-16 09:00:00+00:00,0.4551,0.4571,0.4546,0.4571,3415794.6
2024-05-16 10:00:00+00:00,0.4571,0.4574,0.4539,0.4549,2677592.1
2024-05-16 11:00:00+00:00,0.4549,0.456,0.4542,0.4553,1539734.6
2024-05-16 12:00:00+00:00,0.4551,0.4555,0.4502,0.4525,6195432.5
2024-05-16 13:00:00+00:00,0.4525,0.4556,0.4504,0.4545,4297669.1
2024-05-16 14:00:00+00:00,0.4545,0.4555,0.4488,0.4493,6018289.8
2024-05-16 15:00:00+00:00,0.4494,0.456,0.4485,0.4554,5949303.4
2024-05-16 16:00:00+00:00,0.4554,0.4598,0.4549,0.4589,6071966.7
2024-05-16 17:00:00+00:00,0.4587,0.4595,0.4527,0.4548,2860814.6
2024-05-16 18:00:00+00:00,0.4549,0.4572,0.4537,0.4557,3172762.3
2024-05-16 19:00:00+00:00,0.4557,0.46,0.4551,0.4581,2567593.8
2024-05-16 20:00:00+00:00,0.4582,0.4585,0.4549,0.4552,4342723.4
2024-05-16 21:00:00+00:00,0.4553,0.4608,0.454,0.4608,2160392.8
2024-05-16 22:00:00+00:00,0.4608,0.4617,0.4572,0.4597,4172528.0
2024-05-16 23:00:00+00:00,0.4598,0.461,0.459,0.4597,1838578.2
2024-05-17 00:00:00+00:00,0.4598,0.4615,0.4558,0.4582,3480649.8
2024-05-17 01:00:00+00:00,0.4581,0.4586,0.455,0.4586,2921503.1
2024-05-17 02:00:00+00:00,0.4586,0.46,0.4576,0.4596,2123888.8
2024-05-17 03:00:00+00:00,0.4596,0.4613,0.459,0.4602,2111113.3
2024-05-17 04:00:00+00:00,0.4602,0.4664,0.4602,0.4638,7677996.2
2024-05-17 05:00:00+00:00,0.4638,0.4653,0.4629,0.4647,2627893.9
2024-05-17 06:00:00+00:00,0.4647,0.4679,0.4633,0.4672,2889967.1
2024-05-17 07:00:00+00:00,0.4674,0.4817,0.4673,0.4805,17838977.1
2024-05-17 08:00:00+00:00,0.4806,0.4835,0.4768,0.4805,8303098.4
2024-05-17 09:00:00+00:00,0.4805,0.4827,0.4794,0.4825,2737644.8
2024-05-17 10:00:00+00:00,0.4824,0.4883,0.4813,0.4876,8100259.6
2024-05-17 11:00:00+00:00,0.4877,0.4907,0.4853,0.4877,8052525.1
2024-05-17 12:00:00+00:00,0.4877,0.4886,0.4841,0.4854,6088310.3
2024-05-17 13:00:00+00:00,0.4854,0.4862,0.4805,0.4813,5489203.0
2024-05-17 14:00:00+00:00,0.4813,0.4823,0.4781,0.481,4140490.2
2024-05-17 15:00:00+00:00,0.4809,0.4842,0.4788,0.4832,6288390.6
2024-05-17 16:00:00+00:00,0.4832,0.4849,0.4811,0.4811,3699746.4
2024-05-17 17:00:00+00:00,0.481,0.4839,0.4809,0.483,2268384.6
2024-05-17 18:00:00+00:00,0.4829,0.4829,0.4796,0.4815,2810568.2
2024-05-17 19:00:00+00:00,0.4815,0.4836,0.4807,0.4835,1762031.6
2024-05-17 20:00:00+00:00,0.4835,0.4835,0.4814,0.4822,2596173.4
2024-05-17 21:00:00+00:00,0.4823,0.4829,0.4811,0.4821,1418745.4
2024-05-17 22:00:00+00:00,0.4821,0.4831,0.4806,0.4823,1710760.5
2024-05-17 23:00:00+00:00,0.4824,0.4826,0.4804,0.4824,1542020.3
2024-05-18 00:00:00+00:00,0.4825,0.4825,0.4792,0.4795,2515936.5
2024-05-18 01:00:00+00:00,0.4794,0.4835,0.4789,0.4835,1459716.3
2024-05-18 02:00:00+00:00,0.4836,0.4837,0.481,0.4818,2110320.7
2024-05-18 03:00:00+00:00,0.4818,0.4857,0.4815,0.4855,1605653.6
2024-05-18 04:00:00+00:00,0.4855,0.4858,0.4834,0.4847,1525234.9
2024-05-18 05:00:00+00:00,0.4847,0.4847,0.482,0.4829,2133440.1
2024-05-18 06:00:00+00:00,0.483,0.4831,0.4808,0.4811,1764353.7
2024-05-18 07:00:00+00:00,0.4811,0.4825,0.48,0.4805,1397116.9
2024-05-18 08:00:00+00:00,0.4805,0.4828,0.4802,0.4822,1202541.8
2024-05-18 09:00:00+00:00,0.4821,0.4852,0.4814,0.4852,1732800.8
2024-05-18 10:00:00+00:00,0.4852,0.486,0.4833,0.4845,2658902.2
2024-05-18 11:00:00+00:00,0.4845,0.4849,0.4828,0.4838,1532733.8
2024-05-18 12:00:00+00:00,0.4838,0.4842,0.4783,0.4789,3925800.9
2024-05-18 13:00:00+00:00,0.4789,0.48,0.4758,0.4766,5013892.5
2024-05-18 14:00:00+00:00,0.4766,0.4797,0.4755,0.4783,2724449.4
2024-05-18 15:00:00+00:00,0.4785,0.4816,0.4784,0.4811,2060972.1
2024-05-18 16:00:00+00:00,0.4811,0.4843,0.4811,0.4831,2384106.2
2024-05-18 17:00:00+00:00,0.4832,0.4838,0.4819,0.4835,1237246.3
2024-05-18 18:00:00+00:00,0.4834,0.4844,0.4824,0.4831,981638.6
2024-05-18 19:00:00+00:00,0.4831,0.4843,0.4824,0.4837,880731.5
2024-05-18 20:00:00+00:00,0.4836,0.484,0.4826,0.4827,1372502.9
2024-05-18 21:00:00+00:00,0.4826,0.4826,0.4806,0.4822,1371418.2
2024-05-18 22:00:00+00:00,0.4822,0.4828,0.4813,0.4813,1082047.8
2024-05-18 23:00:00+00:00,0.4813,0.4826,0.4806,0.482,1248803.0
2024-05-19 00:00:00+00:00,0.4819,0.4824,0.4793,0.4794,1618539.6
2024-05-19 01:00:00+00:00,0.4794,0.4806,0.479,0.4793,1291560.2
2024-05-19 02:00:00+00:00,0.4793,0.4825,0.4793,0.4823,1790524.0
2024-05-19 03:00:00+00:00,0.4823,0.484,0.4821,0.4822,2059883.9
2024-05-19 04:00:00+00:00,0.4821,0.4827,0.4799,0.4809,1041145.9
2024-05-19 05:00:00+00:00,0.4809,0.4812,0.4798,0.4801,1025140.1
2024-05-19 06:00:00+00:00,0.4802,0.4802,0.4765,0.4776,1527728.3
2024-05-19 07:00:00+00:00,0.4777,0.4807,0.4772,0.4802,1550358.7
2024-05-19 08:00:00+00:00,0.4801,0.4802,0.4759,0.4767,2282561.7
2024-05-19 09:00:00+00:00,0.4766,0.4772,0.4746,0.4765,3810009.8
2024-05-19 10:00:00+00:00,0.4765,0.4798,0.4757,0.4774,2569004.2
2024-05-19 11:00:00+00:00,0.4774,0.478,0.474,0.4776,3061661.0
2024-05-19 12:00:00+00:00,0.4776,0.4781,0.4715,0.4725,3831196.1
2024-05-19 13:00:00+00:00,0.4724,0.4736,0.4697,0.4727,3029262.7
2024-05-19 14:00:00+00:00,0.4726,0.473,0.4707,0.4716,1549634.8
2024-05-19 15:00:00+00:00,0.4716,0.4716,0.4685,0.4707,2075754.9
2024-05-19 16:00:00+00:00,0.4706,0.4715,0.4647,0.4655,5915895.3
2024-05-19 17:00:00+00:00,0.4655,0.4678,0.465,0.4675,3171529.7
2024-05-19 18:00:00+00:00,0.4675,0.4685,0.4669,0.4677,1167262.2
2024-05-19 19:00:00+00:00,0.4678,0.4703,0.4667,0.4682,2756108.8
2024-05-19 20:00:00+00:00,0.4682,0.471,0.4678,0.4703,1098854.0
2024-05-19 21:00:00+00:00,0.4703,0.4706,0.4645,0.4681,2144965.5
2024-05-19 22:00:00+00:00,0.4682,0.4705,0.4679,0.4705,1339924.3
2024-05-19 23:00:00+00:00,0.4704,0.4705,0.4667,0.4672,1140390.3
2024-05-20 00:00:00+00:00,0.4672,0.4687,0.465,0.4667,2496497.5
2024-05-20 01:00:00+00:00,0.4666,0.468,0.4609,0.4655,5128412.8
2024-05-20 02:00:00+00:00,0.4655,0.4702,0.4653,0.469,2226556.8
2024-05-20 03:00:00+00:00,0.469,0.4719,0.4687,0.4704,1839383.3
2024-05-20 04:00:00+00:00,0.4703,0.477,0.4703,0.476,2703330.1
2024-05-20 05:00:00+00:00,0.476,0.4779,0.4747,0.4747,2155390.9
2024-05-20 06:00:00+00:00,0.4747,0.4751,0.4605,0.4622,22289329.9
2024-05-20 07:00:00+00:00,0.4622,0.4675,0.4613,0.4672,3307188.7
2024-05-20 08:00:00+00:00,0.4671,0.4692,0.4665,0.4684,2415860.4
2024-05-20 09:00:00+00:00,0.4684,0.4697,0.4665,0.4667,1528637.1
2024-05-20 10:00:00+00:00,0.4667,0.47,0.4661,0.4685,2430232.2
2024-05-20 11:00:00+00:00,0.4686,0.4692,0.4665,0.4671,2425278.1
2024-05-20 12:00:00+00:00,0.4671,0.4674,0.4646,0.4656,2070307.6
2024-05-20 13:00:00+00:00,0.4655,0.4685,0.4647,0.468,2692281.8
2024-05-20 14:00:00+00:00,0.4681,0.4681,0.4636,0.4655,3317101.3
2024-05-20 15:00:00+00:00,0.4656,0.4687,0.4647,0.4685,2595098.8
2024-05-20 16:00:00+00:00,0.4685,0.4739,0.4678,0.4726,5034702.5
2024-05-20 17:00:00+00:00,0.4727,0.4756,0.4678,0.4687,6774779.4
2024-05-20 18:00:00+00:00,0.4687,0.4709,0.4677,0.47,7647647.4
2024-05-20 19:00:00+00:00,0.4701,0.4906,0.4691,0.4896,22682896.6
2024-05-20 20:00:00+00:00,0.4896,0.4925,0.4826,0.4889,15643461.1
2024-05-20 21:00:00+00:00,0.489,0.4971,0.4847,0.4971,11350805.8
2024-05-20 22:00:00+00:00,0.4969,0.4995,0.494,0.497,9343901.8
2024-05-20 23:00:00+00:00,0.4971,0.5033,0.495,0.502,12300350.7
2024-05-21 00:00:00+00:00,0.5021,0.5102,0.502,0.5044,12369564.9
2024-05-21 01:00:00+00:00,0.5044,0.5045,0.4968,0.5015,7566568.0
2024-05-21 02:00:00+00:00,0.5015,0.5017,0.4986,0.4996,4199232.3
2024-05-21 03:00:00+00:00,0.4995,0.502,0.4975,0.4985,5109461.8
2024-05-21 04:00:00+00:00,0.4986,0.5005,0.4963,0.4963,3071430.6
2024-05-21 05:00:00+00:00,0.4963,0.4993,0.4944,0.4987,4637620.4
2024-05-21 06:00:00+00:00,0.4986,0.5009,0.4977,0.4998,6649606.4
2024-05-21 07:00:00+00:00,0.4998,0.5019,0.4973,0.5012,3940826.8
2024-05-21 08:00:00+00:00,0.5013,0.5045,0.5005,0.5043,6733799.3
2024-05-21 09:00:00+00:00,0.5043,0.5045,0.5007,0.5034,6023770.2
2024-05-21 10:00:00+00:00,0.5035,0.5044,0.5012,0.5028,3279851.4
2024-05-21 11:00:00+00:00,0.5028,0.5051,0.5005,0.501,5383019.7
2024-05-21 12:00:00+00:00,0.501,0.5047,0.4991,0.5019,7346564.6
2024-05-21 13:00:00+00:00,0.502,0.5071,0.497,0.501,8062729.0
2024-05-21 14:00:00+00:00,0.5011,0.5106,0.5008,0.5052,11869252.2
2024-05-21 15:00:00+00:00,0.5052,0.5074,0.4956,0.4975,6360598.5
2024-05-21 16:00:00+00:00,0.4975,0.5037,0.4956,0.501,9156949.1
2024-05-21 17:00:00+00:00,0.501,0.5043,0.4997,0.5031,4318454.5
2024-05-21 18:00:00+00:00,0.5031,0.5052,0.5002,0.5016,3270702.0
2024-05-21 19:00:00+00:00,0.5015,0.5018,0.4927,0.4954,4743267.8
2024-05-21 20:00:00+00:00,0.4955,0.4993,0.4939,0.4955,5345438.5
2024-05-21 21:00:00+00:00,0.4955,0.4961,0.4906,0.4922,4603322.1
2024-05-21 22:00:00+00:00,0.4921,0.4972,0.4917,0.4967,4451951.7
2024-05-21 23:00:00+00:00,0.4968,0.4969,0.4941,0.4946,2426432.3
2024-05-22 00:00:00+00:00,0.4946,0.4954,0.4914,0.4918,5732758.8
2024-05-22 01:00:00+00:00,0.4917,0.4944,0.4914,0.4936,2507953.1
2024-05-22 02:00:00+00:00,0.4936,0.4946,0.4912,0.4926,1816422.8
2024-05-22 03:00:00+00:00,0.4925,0.4932,0.4912,0.4919,1944616.6
2024-05-22 04:00:00+00:00,0.4919,0.4924,0.4815,0.4866,9321748.1
2024-05-22 05:00:00+00:00,0.4865,0.4897,0.4845,0.4896,4522786.3
2024-05-22 06:00:00+00:00,0.4897,0.4929,0.4896,0.4924,2964410.4
2024-05-22 07:00:00+00:00,0.4925,0.4933,0.4888,0.4901,2534678.0
2024-05-22 08:00:00+00:00,0.49,0.4917,0.487,0.4888,2822924.1
2024-05-22 09:00:00+00:00,0.4888,0.4889,0.4849,0.4853,3698823.8
2024-05-22 10:00:00+00:00,0.4853,0.4881,0.4841,0.4872,2284158.7
2024-05-22 11:00:00+00:00,0.4872,0.4882,0.4819,0.482,3763407.4
2024-05-22 12:00:00+00:00,0.482,0.4846,0.4746,0.4752,12130541.9
2024-05-22 13:00:00+00:00,0.4752,0.4801,0.4751,0.4801,5918811.2
2024-05-22 14:00:00+00:00,0.48,0.4827,0.4768,0.4811,7628679.7
2024-05-22 15:00:00+00:00,0.481,0.4862,0.4788,0.4838,5875147.8
2024-05-22 16:00:00+00:00,0.4839,0.4844,0.4807,0.4837,2964270.7
2024-05-22 17:00:00+00:00,0.4837,0.4869,0.4811,0.4816,4389525.1
2024-05-22 18:00:00+00:00,0.4815,0.4822,0.4764,0.4797,4351122.1
2024-05-22 19:00:00+00:00,0.4797,0.4826,0.4791,0.4818,2004535.2
2024-05-22 20:00:00+00:00,0.4819,0.4844,0.4781,0.4803,3440327.2
2024-05-22 21:00:00+00:00,0.4802,0.4839,0.477,0.4836,3444456.3
2024-05-22 22:00:00+00:00,0.4836,0.4846,0.4817,0.4837,2817792.8
2024-05-22 23:00:00+00:00,0.4837,0.4841,0.4828,0.4835,1903731.3
2024-05-23 00:00:00+00:00,0.4835,0.4854,0.4832,0.4841,2483384.5
2024-05-23 01:00:00+00:00,0.4841,0.4852,0.4811,0.4837,2244379.9
2024-05-23 02:00:00+00:00,0.4836,0.4848,0.4823,0.4837,1442401.5
2024-05-23 03:00:00+00:00,0.4837,0.4878,0.4831,0.4868,1867329.3
2024-05-23 04:00:00+00:00,0.4868,0.4882,0.4845,0.4868,1884472.7
2024-05-23 05:00:00+00:00,0.4868,0.4869,0.4829,0.4841,2236314.7
2024-05-23 06:00:00+00:00,0.4841,0.486,0.4825,0.4842,2253751.0
2024-05-23 07:00:00+00:00,0.4842,0.487,0.4827,0.4852,1839918.5
2024-05-23 08:00:00+00:00,0.4853,0.4859,0.4831,0.4839,1734712.2
2024-05-23 09:00:00+00:00,0.4839,0.4849,0.4805,0.481,3602194.2
2024-05-23 10:00:00+00:00,0.481,0.4816,0.4755,0.4784,8700535.0
2024-05-23 11:00:00+00:00,0.4783,0.4852,0.4783,0.4851,3019382.0
2024-05-23 12:00:00+00:00,0.4852,0.4885,0.4691,0.4777,14142875.8
2024-05-23 13:00:00+00:00,0.4777,0.4801,0.46,0.4675,22378907.5
2024-05-23 14:00:00+00:00,0.4672,0.472,0.4656,0.466,7847882.4
2024-05-23 15:00:00+00:00,0.466,0.4719,0.4654,0.468,4172391.0
2024-05-23 16:00:00+00:00,0.4679,0.4688,0.4621,0.4644,9679309.3
2024-05-23 17:00:00+00:00,0.4643,0.466,0.4613,0.4617,3595216.8
2024-05-23 18:00:00+00:00,0.4618,0.4628,0.454,0.4604,9562998.0
2024-05-23 19:00:00+00:00,0.4603,0.4628,0.4573,0.4601,3151490.2
2024-05-23 20:00:00+00:00,0.46,0.46,0.444,0.4586,26334702.7
2024-05-23 21:00:00+00:00,0.4586,0.4676,0.4566,0.4676,22437919.1
2024-05-23 22:00:00+00:00,0.4675,0.468,0.462,0.464,4405891.5
2024-05-23 23:00:00+00:00,0.4639,0.4658,0.462,0.4656,3373910.8
2024-05-24 00:00:00+00:00,0.4655,0.4696,0.4625,0.4683,4397100.0
2024-05-24 01:00:00+00:00,0.4683,0.4684,0.4658,0.4677,1554281.8
2024-05-24 02:00:00+00:00,0.4676,0.4684,0.4641,0.4677,2097972.6
2024-05-24 03:00:00+00:00,0.4676,0.4684,0.4664,0.4674,2135477.5
2024-05-24 04:00:00+00:00,0.4674,0.4691,0.4665,0.4671,2562212.0
2024-05-24 05:00:00+00:00,0.467,0.4675,0.4596,0.4614,7294995.3
2024-05-24 06:00:00+00:00,0.4614,0.463,0.4558,0.456,3461876.1
2024-05-24 07:00:00+00:00,0.456,0.462,0.4541,0.4615,4976936.2
2024-05-24 08:00:00+00:00,0.4615,0.4616,0.4545,0.4601,2908722.5
2024-05-24 09:00:00+00:00,0.4601,0.4624,0.4582,0.4614,2184211.0
2024-05-24 10:00:00+00:00,0.4614,0.4631,0.4611,0.4617,2497007.3
2024-05-24 11:00:00+00:00,0.4618,0.4641,0.4615,0.4638,1590310.1
2024-05-24 12:00:00+00:00,0.4637,0.4644,0.462,0.4622,1718204.3
2024-05-24 13:00:00+00:00,0.4621,0.463,0.4572,0.4579,2943697.5
2024-05-24 14:00:00+00:00,0.4579,0.4624,0.4569,0.4601,3500109.3
2024-05-24 15:00:00+00:00,0.4602,0.463,0.4587,0.459,6820776.7
2024-05-24 16:00:00+00:00,0.4591,0.4598,0.4547,0.4562,5101850.8
2024-05-24 17:00:00+00:00,0.4563,0.4603,0.456,0.4601,3687617.3
2024-05-24 18:00:00+00:00,0.4601,0.4638,0.4598,0.4604,4877899.7
2024-05-24 19:00:00+00:00,0.4604,0.4614,0.4589,0.4609,2232020.4
2024-05-24 20:00:00+00:00,0.4608,0.4621,0.4581,0.4585,5449797.7
2024-05-24 21:00:00+00:00,0.4586,0.4599,0.4579,0.4586,2597280.9
2024-05-24 22:00:00+00:00,0.4587,0.4594,0.458,0.4591,1391505.3
2024-05-24 23:00:00+00:00,0.459,0.4602,0.4577,0.4601,1022652.5
2024-05-25 00:00:00+00:00,0.4601,0.4607,0.4574,0.4592,1455521.3
2024-05-25 01:00:00+00:00,0.4592,0.4617,0.459,0.4611,2898849.4
2024-05-25 02:00:00+00:00,0.4611,0.4618,0.4603,0.4608,1585632.5
2024-05-25 03:00:00+00:00,0.4609,0.4621,0.4605,0.462,904742.1
2024-05-25 04:00:00+00:00,0.462,0.4643,0.4618,0.4639,1725514.4
2024-05-25 05:00:00+00:00,0.4638,0.4645,0.4631,0.4638,1682635.6
2024-05-25 06:00:00+00:00,0.4638,0.4641,0.4611,0.4618,2005498.0
2024-05-25 07:00:00+00:00,0.4619,0.463,0.4611,0.4625,1201594.0
2024-05-25 08:00:00+00:00,0.4625,0.464,0.4611,0.4613,2879464.6
2024-05-25 09:00:00+00:00,0.4613,0.4646,0.4608,0.464,2198096.8
2024-05-25 10:00:00+00:00,0.464,0.4647,0.4627,0.4637,2143414.8
2024-05-25 11:00:00+00:00,0.4638,0.4646,0.4615,0.4615,3512389.7
2024-05-25 12:00:00+00:00,0.4616,0.4617,0.46,0.4606,2924438.0
2024-05-25 13:00:00+00:00,0.4605,0.4614,0.4574,0.458,5657946.2
2024-05-25 14:00:00+00:00,0.458,0.4603,0.4572,0.4599,2963597.5
2024-05-25 15:00:00+00:00,0.4598,0.4617,0.4593,0.4597,2132228.3
2024-05-25 16:00:00+00:00,0.4598,0.4609,0.4592,0.4597,2441039.1
2024-05-25 17:00:00+00:00,0.4597,0.4607,0.4593,0.4597,1344588.3
2024-05-25 18:00:00+00:00,0.4598,0.4609,0.4585,0.4594,2891890.7
2024-05-25 19:00:00+00:00,0.4594,0.4607,0.4587,0.4599,3390531.2
2024-05-25 20:00:00+00:00,0.4599,0.4607,0.4588,0.4592,1203981.9
2024-05-25 21:00:00+00:00,0.4592,0.461,0.459,0.4607,1270830.6
2024-05-25 22:00:00+00:00,0.4607,0.4613,0.4598,0.4612,908422.5
2024-05-25 23:00:00+00:00,0.4613,0.4625,0.4611,0.4623,1547553.8
2024-05-26 00:00:00+00:00,0.4623,0.4627,0.4608,0.4609,1245249.1
2024-05-26 01:00:00+00:00,0.4608,0.4625,0.4608,0.4615,939666.2
2024-05-26 02:00:00+00:00,0.4615,0.4618,0.458,0.4595,2443944.1
2024-05-26 03:00:00+00:00,0.4595,0.461,0.4582,0.4605,2041546.8
2024-05-26 04:00:00+00:00,0.4604,0.4604,0.4581,0.4586,1711214.6
2024-05-26 05:00:00+00:00,0.4585,0.4601,0.4578,0.4601,1628193.5
2024-05-26 06:00:00+00:00,0.4601,0.4602,0.4587,0.4594,900888.4
2024-05-26 07:00:00+00:00,0.4594,0.4619,0.4589,0.4612,2175891.9
2024-05-26 08:00:00+00:00,0.4611,0.4629,0.46,0.4606,1660273.5
2024-05-26 09:00:00+00:00,0.4605,0.4612,0.4573,0.4583,2260116.1
2024-05-26 10:00:00+00:00,0.4582,0.4622,0.4582,0.4622,2036116.2
2024-05-26 11:00:00+00:00,0.4622,0.4625,0.4607,0.4612,2563029.9
2024-05-26 12:00:00+00:00,0.4612,0.4618,0.4593,0.4595,1880002.2
2024-05-26 13:00:00+00:00,0.4595,0.4604,0.4572,0.4593,2413247.5
2024-05-26 14:00:00+00:00,0.4593,0.4626,0.4582,0.4625,2136185.7
2024-05-26 15:00:00+00:00,0.4626,0.463,0.4572,0.4595,4411313.4
2024-05-26 16:00:00+00:00,0.4596,0.4608,0.4578,0.4592,2841454.4
2024-05-26 17:00:00+00:00,0.4593,0.4595,0.4576,0.4589,1298324.3
2024-05-26 18:00:00+00:00,0.4589,0.4595,0.4576,0.4587,1530897.4
2024-05-26 19:00:00+00:00,0.4588,0.4596,0.4584,0.4587,966219.1
2024-05-26 20:00:00+00:00,0.4587,0.4589,0.4576,0.4582,1504171.4
2024-05-26 21:00:00+00:00,0.4582,0.4594,0.455,0.4594,3873876.4
2024-05-26 22:00:00+00:00,0.4593,0.4604,0.4588,0.4601,2084451.9
2024-05-26 23:00:00+00:00,0.46,0.4605,0.4577,0.4581,1358964.8
2024-05-27 00:00:00+00:00,0.4581,0.4605,0.458,0.4595,1411389.6
2024-05-27 01:00:00+00:00,0.4594,0.4636,0.4588,0.4629,2398482.9
2024-05-27 02:00:00+00:00,0.4629,0.4644,0.462,0.4631,2186552.1
2024-05-27 03:00:00+00:00,0.4631,0.4635,0.4619,0.4622,1607893.8
2024-05-27 04:00:00+00:00,0.4623,0.4636,0.4615,0.462,1024398.5
2024-05-27 05:00:00+00:00,0.4621,0.4626,0.4577,0.4591,2708344.0
2024-05-27 06:00:00+00:00,0.459,0.4596,0.4567,0.4572,2079280.4
2024-05-27 07:00:00+00:00,0.4571,0.4595,0.4566,0.4589,2033904.9
2024-05-27 08:00:00+00:00,0.4589,0.4621,0.4589,0.46,2726304.9
2024-05-27 09:00:00+00:00,0.4601,0.4609,0.4586,0.4597,2727060.1
2024-05-27 10:00:00+00:00,0.4596,0.4603,0.4587,0.4595,2595514.0
2024-05-27 11:00:00+00:00,0.4595,0.4616,0.4589,0.4613,1790753.5
2024-05-27 12:00:00+00:00,0.4613,0.4625,0.4604,0.4618,1893310.0
2024-05-27 13:00:00+00:00,0.4619,0.4674,0.4619,0.4667,6580077.4
2024-05-27 14:00:00+00:00,0.4667,0.4676,0.4641,0.467,7269602.1
2024-05-27 15:00:00+00:00,0.467,0.4726,0.4667,0.4722,8322143.6
2024-05-27 16:00:00+00:00,0.4722,0.475,0.4718,0.4727,6120732.0
2024-05-27 17:00:00+00:00,0.4728,0.4737,0.4704,0.471,2879332.4
2024-05-27 18:00:00+00:00,0.471,0.4718,0.4682,0.4682,2729732.3
2024-05-27 19:00:00+00:00,0.4682,0.4699,0.4621,0.4646,6237758.6
2024-05-27 20:00:00+00:00,0.4645,0.4686,0.4641,0.4682,3419448.7
2024-05-27 21:00:00+00:00,0.4683,0.4691,0.4655,0.4666,2191255.5
2024-05-27 22:00:00+00:00,0.4666,0.4692,0.4651,0.4683,2523224.6
2024-05-27 23:00:00+00:00,0.4683,0.4695,0.4665,0.4683,1737788.2
2024-05-28 00:00:00+00:00,0.4683,0.4693,0.4655,0.4667,4881356.8
2024-05-28 01:00:00+00:00,0.4667,0.4694,0.4615,0.4626,6060955.8
2024-05-28 02:00:00+00:00,0.4625,0.4655,0.4592,0.4646,11509633.4
2024-05-28 03:00:00+00:00,0.4644,0.4653,0.4588,0.4609,5061093.8
2024-05-28 04:00:00+00:00,0.4609,0.4611,0.4533,0.4558,8899239.7
2024-05-28 05:00:00+00:00,0.4559,0.4574,0.4536,0.4572,3703143.7
2024-05-28 06:00:00+00:00,0.4573,0.4578,0.455,0.4569,1931364.0
2024-05-28 07:00:00+00:00,0.457,0.4571,0.4547,0.4555,2242571.2
2024-05-28 08:00:00+00:00,0.4555,0.4582,0.4546,0.4581,3881088.4
2024-05-28 09:00:00+00:00,0.4581,0.46,0.4567,0.459,3153793.0
2024-05-28 10:00:00+00:00,0.4589,0.4634,0.4583,0.4603,4542804.0
2024-05-28 11:00:00+00:00,0.4602,0.462,0.458,0.4597,7542981.0
2024-05-28 12:00:00+00:00,0.4596,0.4609,0.4581,0.4582,2923914.9
2024-05-28 13:00:00+00:00,0.4582,0.4603,0.4543,0.4556,6260138.8
2024-05-28 14:00:00+00:00,0.4557,0.4581,0.4524,0.4549,7724163.2
2024-05-28 15:00:00+00:00,0.4549,0.4589,0.4531,0.4579,4318037.6
2024-05-28 16:00:00+00:00,0.4579,0.4591,0.4552,0.4565,4159766.1
2024-05-28 17:00:00+00:00,0.4565,0.4589,0.4558,0.4571,2390218.5
2024-05-28 18:00:00+00:00,0.4572,0.4585,0.452,0.455,3897193.2
2024-05-28 19:00:00+00:00,0.455,0.4585,0.4548,0.4577,1909337.0
2024-05-28 20:00:00+00:00,0.4578,0.459,0.4566,0.4576,2111989.1
2024-05-28 21:00:00+00:00,0.4576,0.4593,0.4568,0.4575,1558361.6
2024-05-28 22:00:00+00:00,0.4575,0.4587,0.4572,0.4573,1651628.4
2024-05-28 23:00:00+00:00,0.4573,0.4582,0.4565,0.4576,1199436.2
2024-05-29 00:00:00+00:00,0.4577,0.4593,0.4571,0.4577,1618002.1
2024-05-29 01:00:00+00:00,0.4578,0.4602,0.4572,0.4585,1931650.2
2024-05-29 02:00:00+00:00,0.4585,0.4617,0.457,0.4605,2431320.9
2024-05-29 03:00:00+00:00,0.4606,0.4619,0.4601,0.4611,2174041.7
2024-05-29 04:00:00+00:00,0.461,0.4639,0.461,0.4632,2654914.0
2024-05-29 05:00:00+00:00,0.4632,0.4638,0.4623,0.4625,1381816.6
2024-05-29 06:00:00+00:00,0.4626,0.4639,0.4614,0.4621,2273234.7
2024-05-29 07:00:00+00:00,0.4621,0.463,0.4592,0.4592,5697284.6
2024-05-29 08:00:00+00:00,0.4592,0.4604,0.4549,0.4603,6444108.5
2024-05-29 09:00:00+00:00,0.4603,0.4635,0.4598,0.4619,3934736.2
2024-05-29 10:00:00+00:00,0.4619,0.4638,0.4613,0.4628,2848400.9
2024-05-29 11:00:00+00:00,0.4629,0.4642,0.46,0.4602,3231501.4
2024-05-29 12:00:00+00:00,0.4602,0.4634,0.4583,0.4617,3465334.2
2024-05-29 13:00:00+00:00,0.4617,0.4637,0.4579,0.4602,4886846.4
2024-05-29 14:00:00+00:00,0.4602,0.4617,0.4578,0.4589,3526935.8
2024-05-29 15:00:00+00:00,0.4589,0.4592,0.4551,0.4556,7879701.7
2024-05-29 16:00:00+00:00,0.4556,0.4558,0.452,0.4554,14183417.0
2024-05-29 17:00:00+00:00,0.4554,0.457,0.4538,0.4558,2322644.3
2024-05-29 18:00:00+00:00,0.4558,0.4561,0.4528,0.4537,1905812.9
2024-05-29 19:00:00+00:00,0.4537,0.4556,0.4523,0.4525,1714741.7
2024-05-29 20:00:00+00:00,0.4525,0.453,0.45,0.4523,4593014.4
2024-05-29 21:00:00+00:00,0.4522,0.4543,0.4505,0.4535,2463955.0
2024-05-29 22:00:00+00:00,0.4535,0.454,0.452,0.4527,1189071.5
2024-05-29 23:00:00+00:00,0.4528,0.4536,0.4508,0.4512,1730827.3
2024-05-30 00:00:00+00:00,0.451,0.4537,0.4506,0.4514,2087265.4
2024-05-30 01:00:00+00:00,0.4514,0.4532,0.4503,0.4527,2555852.0
2024-05-30 02:00:00+00:00,0.4526,0.4554,0.4526,0.4536,2096928.5
2024-05-30 03:00:00+00:00,0.4537,0.455,0.4534,0.4544,1010439.5
2024-05-30 04:00:00+00:00,0.4545,0.4556,0.4527,0.4531,2075688.0
2024-05-30 05:00:00+00:00,0.453,0.4531,0.4511,0.452,2162129.9
2024-05-30 06:00:00+00:00,0.452,0.4522,0.4445,0.4454,10012300.7
2024-05-30 07:00:00+00:00,0.4455,0.4496,0.4438,0.4458,11181435.4
2024-05-30 08:00:00+00:00,0.4457,0.4517,0.4432,0.4512,10987237.7
2024-05-30 09:00:00+00:00,0.4511,0.4527,0.4481,0.4506,4086855.2
2024-05-30 10:00:00+00:00,0.4506,0.4526,0.4493,0.452,2529122.1
2024-05-30 11:00:00+00:00,0.452,0.4526,0.4481,0.4483,5211331.9
2024-05-30 12:00:00+00:00,0.4484,0.4513,0.4472,0.4502,2929598.9
2024-05-30 13:00:00+00:00,0.4502,0.4523,0.4482,0.4508,3142162.3
2024-05-30 14:00:00+00:00,0.4509,0.4522,0.4473,0.4483,3329113.5
2024-05-30 15:00:00+00:00,0.4483,0.4507,0.4467,0.4505,3161738.3
2024-05-30 16:00:00+00:00,0.4505,0.4513,0.4496,0.4513,2516380.4
2024-05-30 17:00:00+00:00,0.4512,0.4551,0.4503,0.4535,3739642.6
2024-05-30 18:00:00+00:00,0.4536,0.4544,0.4521,0.4537,1984938.0
2024-05-30 19:00:00+00:00,0.4537,0.454,0.4505,0.4515,2662962.5
2024-05-30 20:00:00+00:00,0.4514,0.4515,0.4465,0.4474,2976446.4
2024-05-30 21:00:00+00:00,0.4475,0.4485,0.4452,0.448,1805383.2
2024-05-30 22:00:00+00:00,0.448,0.4487,0.4468,0.4479,2038032.8
2024-05-30 23:00:00+00:00,0.4478,0.4478,0.4458,0.4465,2469491.2
2024-05-31 00:00:00+00:00,0.4465,0.4473,0.4445,0.4462,1998321.9
2024-05-31 01:00:00+00:00,0.4462,0.4527,0.4457,0.4467,7923105.3
2024-05-31 02:00:00+00:00,0.4468,0.4499,0.4465,0.4484,1535220.2
2024-05-31 03:00:00+00:00,0.4484,0.45,0.4483,0.4497,1340954.4
2024-05-31 04:00:00+00:00,0.4498,0.4504,0.4482,0.4485,1127201.2
2024-05-31 05:00:00+00:00,0.4485,0.4487,0.4448,0.4483,1716930.0
2024-05-31 06:00:00+00:00,0.4483,0.449,0.4469,0.4479,1676543.1
2024-05-31 07:00:00+00:00,0.4479,0.45,0.4474,0.4484,1715354.7
2024-05-31 08:00:00+00:00,0.4485,0.4495,0.448,0.4487,1796273.5
2024-05-31 09:00:00+00:00,0.4487,0.4489,0.4465,0.4479,1657653.2
2024-05-31 10:00:00+00:00,0.448,0.4502,0.4475,0.4492,1640709.5
2024-05-31 11:00:00+00:00,0.4493,0.4519,0.449,0.451,2561301.8
2024-05-31 12:00:00+00:00,0.4511,0.4559,0.4507,0.4539,5867769.8
2024-05-31 13:00:00+00:00,0.4539,0.4559,0.4508,0.4514,4292194.5
2024-05-31 14:00:00+00:00,0.4515,0.4527,0.4489,0.4512,4373351.3
2024-05-31 15:00:00+00:00,0.4511,0.4517,0.4463,0.4464,3725642.3
2024-05-31 16:00:00+00:00,0.4465,0.4479,0.4436,0.4472,5675122.3
2024-05-31 17:00:00+00:00,0.4471,0.4484,0.4465,0.4482,1319820.3
2024-05-31 18:00:00+00:00,0.4482,0.4484,0.4467,0.4479,1600887.7
2024-05-31 19:00:00+00:00,0.4478,0.4497,0.4471,0.4491,2078868.0
2024-05-31 20:00:00+00:00,0.4491,0.4508,0.449,0.4502,1770347.1
2024-05-31 21:00:00+00:00,0.4502,0.4503,0.448,0.448,1821539.9
2024-05-31 22:00:00+00:00,0.4481,0.4494,0.4481,0.4484,1300182.2
2024-05-31 23:00:00+00:00,0.4484,0.4491,0.446,0.447,2338758.0
2024-06-01 00:00:00+00:00,0.447,0.4481,0.4454,0.4464,1568507.8
2024-06-01 01:00:00+00:00,0.4465,0.4469,0.445,0.4462,1315982.4
2024-06-01 02:00:00+00:00,0.4461,0.4475,0.4454,0.4475,1673704.0
2024-06-01 03:00:00+00:00,0.4475,0.4483,0.4469,0.4476,776417.8
2024-06-01 04:00:00+00:00,0.4476,0.449,0.4469,0.4486,709017.8
2024-06-01 05:00:00+00:00,0.4487,0.45,0.448,0.449,958215.7
2024-06-01 06:00:00+00:00,0.449,0.4496,0.4485,0.4491,1325981.5
2024-06-01 07:00:00+00:00,0.4492,0.4493,0.4479,0.4483,1546903.1
2024-06-01 08:00:00+00:00,0.4482,0.4489,0.448,0.4488,804685.5
2024-06-01 09:00:00+00:00,0.4487,0.4491,0.4472,0.448,911129.7
2024-06-01 10:00:00+00:00,0.448,0.4484,0.4475,0.4478,1088054.9
2024-06-01 11:00:00+00:00,0.4479,0.4493,0.4474,0.4486,1035549.7
2024-06-01 12:00:00+00:00,0.4486,0.4494,0.4482,0.449,1392778.5
2024-06-01 13:00:00+00:00,0.4489,0.4502,0.4488,0.4493,2081408.9
2024-06-01 14:00:00+00:00,0.4493,0.4507,0.4491,0.45,1890156.3
2024-06-01 15:00:00+00:00,0.45,0.4502,0.4484,0.4485,1448631.2
2024-06-01 16:00:00+00:00,0.4486,0.4498,0.4486,0.4494,1020165.6
2024-06-01 17:00:00+00:00,0.4493,0.4501,0.448,0.4501,1962317.2
2024-06-01 18:00:00+00:00,0.45,0.4502,0.4487,0.4489,1158512.7
2024-06-01 19:00:00+00:00,0.4489,0.4498,0.4486,0.4497,790844.0
2024-06-01 20:00:00+00:00,0.4497,0.4506,0.4495,0.4505,656724.7
2024-06-01 21:00:00+00:00,0.4506,0.4521,0.4501,0.4515,1014972.5
2024-06-01 22:00:00+00:00,0.4516,0.4533,0.4516,0.4523,1556977.7
2024-06-01 23:00:00+00:00,0.4522,0.4524,0.4498,0.4499,2443270.4
