timestamp,open,high,low,close,volume
2023-11-19 21:00:00+00:00,0.6228,0.6257,0.6213,0.625,6321054.0
2023-11-19 22:00:00+00:00,0.6249,0.6257,0.6214,0.6227,4326423.0
2023-11-19 23:00:00+00:00,0.6227,0.6286,0.6226,0.6258,13929164.0
2023-11-20 00:00:00+00:00,0.6258,0.6268,0.6211,0.624,15284599.0
2023-11-20 01:00:00+00:00,0.624,0.6249,0.6222,0.623,9746697.0
2023-11-20 02:00:00+00:00,0.6229,0.6258,0.6215,0.6254,6598634.0
2023-11-20 03:00:00+00:00,0.6254,0.6258,0.6224,0.6228,7887415.0
2023-11-20 04:00:00+00:00,0.6228,0.6246,0.6216,0.6241,5998916.0
2023-11-20 05:00:00+00:00,0.624,0.6242,0.6179,0.6183,14067668.0
2023-11-20 06:00:00+00:00,0.6182,0.6191,0.616,0.6182,14842392.0
2023-11-20 07:00:00+00:00,0.6182,0.6227,0.6154,0.6224,17476363.0
2023-11-20 08:00:00+00:00,0.6224,0.623,0.6189,0.6201,15255283.0
2023-11-20 09:00:00+00:00,0.62,0.6262,0.62,0.6258,9551149.0
2023-11-20 10:00:00+00:00,0.6257,0.6281,0.625,0.6262,12604843.0
2023-11-20 11:00:00+00:00,0.6262,0.6282,0.6214,0.6234,15338522.0
2023-11-20 12:00:00+00:00,0.6233,0.6234,0.6215,0.6217,9915214.0
2023-11-20 13:00:00+00:00,0.6216,0.624,0.6191,0.6196,10566862.0
2023-11-20 14:00:00+00:00,0.6195,0.622,0.611,0.6215,23380782.0
2023-11-20 15:00:00+00:00,0.6214,0.6231,0.618,0.619,11889810.0
2023-11-20 16:00:00+00:00,0.619,0.6212,0.613,0.6139,14013553.0
2023-11-20 17:00:00+00:00,0.6138,0.623,0.6125,0.6217,20698234.0
2023-11-20 18:00:00+00:00,0.6216,0.623,0.6158,0.6194,11524690.0
2023-11-20 19:00:00+00:00,0.6193,0.6214,0.6167,0.6188,7694296.0
2023-11-20 20:00:00+00:00,0.6187,0.6198,0.6175,0.6185,7283332.0
2023-11-20 21:00:00+00:00,0.6185,0.6186,0.6061,0.6137,17657673.0
2023-11-20 22:00:00+00:00,0.6136,0.6172,0.6119,0.6128,10056149.0
2023-11-20 23:00:00+00:00,0.6128,0.6154,0.6115,0.6122,8898669.0
2023-11-21 00:00:00+00:00,0.6121,0.6155,0.6112,0.6134,14252015.0
2023-11-21 01:00:00+00:00,0.6134,0.6178,0.6128,0.6163,12065301.0
2023-11-21 02:00:00+00:00,0.6162,0.6166,0.6058,0.6099,14126471.0
2023-11-21 03:00:00+00:00,0.6098,0.6137,0.6092,0.6137,8779299.0
2023-11-21 04:00:00+00:00,0.6136,0.6166,0.6123,0.6126,21078146.0
2023-11-21 05:00:00+00:00,0.6125,0.6142,0.6104,0.611,10626085.0
2023-11-21 06:00:00+00:00,0.611,0.6112,0.6088,0.6089,11812242.0
2023-11-21 07:00:00+00:00,0.6089,0.6106,0.6056,0.6099,20119397.0
2023-11-21 08:00:00+00:00,0.6098,0.6131,0.6075,0.6093,18050413.0
2023-11-21 09:00:00+00:00,0.6093,0.6175,0.609,0.6133,20941780.0
2023-11-21 10:00:00+00:00,0.6132,0.6155,0.6123,0.6144,17783205.0
2023-11-21 11:00:00+00:00,0.6143,0.6149,0.6101,0.6112,12397213.0
2023-11-21 12:00:00+00:00,0.6111,0.6139,0.6108,0.6135,8596271.0
2023-11-21 13:00:00+00:00,0.6135,0.6157,0.6113,0.6117,13437967.0
2023-11-21 14:00:00+00:00,0.6117,0.6118,0.6026,0.6054,23984872.0
2023-11-21 15:00:00+00:00,0.6054,0.6059,0.5923,0.6042,51624494.0
2023-11-21 16:00:00+00:00,0.6042,0.6056,0.6002,0.6043,18302097.0
2023-11-21 17:00:00+00:00,0.6042,0.6062,0.5859,0.5923,40060243.0
2023-11-21 18:00:00+00:00,0.5923,0.5924,0.5801,0.592,41132929.0
2023-11-21 19:00:00+00:00,0.592,0.5974,0.591,0.595,12577093.0
2023-11-21 20:00:00+00:00,0.5951,0.6021,0.5928,0.5993,10867972.0
2023-11-21 21:00:00+00:00,0.5993,0.6008,0.595,0.596,9255405.0
2023-11-21 22:00:00+00:00,0.596,0.596,0.5725,0.5805,29795668.0
2023-11-21 23:00:00+00:00,0.5804,0.5841,0.5772,0.5788,27184332.0
2023-11-22 00:00:00+00:00,0.5787,0.588,0.5774,0.5867,17696740.0
2023-11-22 01:00:00+00:00,0.5866,0.5886,0.586,0.5873,11480073.0
2023-11-22 02:00:00+00:00,0.5874,0.5907,0.5872,0.5906,9264097.0
2023-11-22 03:00:00+00:00,0.5906,0.5933,0.5894,0.5932,10147980.0
2023-11-22 04:00:00+00:00,0.5932,0.5948,0.5913,0.5916,12807790.0
2023-11-22 05:00:00+00:00,0.5916,0.5927,0.5881,0.5888,13213522.0
2023-11-22 06:00:00+00:00,0.5888,0.5973,0.5888,0.5935,20196850.0
2023-11-22 07:00:00+00:00,0.5936,0.5958,0.5926,0.5933,10779562.0
2023-11-22 08:00:00+00:00,0.5932,0.5956,0.5907,0.5922,16565209.0
2023-11-22 09:00:00+00:00,0.5923,0.5981,0.5921,0.596,24050345.0
2023-11-22 10:00:00+00:00,0.596,0.5972,0.5934,0.5969,14324631.0
2023-11-22 11:00:00+00:00,0.5969,0.5971,0.5936,0.5942,14814214.0
2023-11-22 12:00:00+00:00,0.5941,0.5955,0.5932,0.5955,11593815.0
2023-11-22 13:00:00+00:00,0.5955,0.5969,0.5938,0.5961,11069559.0
2023-11-22 14:00:00+00:00,0.5962,0.5986,0.5922,0.594,14669181.0
2023-11-22 15:00:00+00:00,0.5939,0.5959,0.5916,0.5934,12926581.0
2023-11-22 16:00:00+00:00,0.5934,0.5956,0.5921,0.5937,10623128.0
2023-11-22 17:00:00+00:00,0.5938,0.5988,0.5934,0.5987,10820695.0
2023-11-22 18:00:00+00:00,0.5987,0.6051,0.5985,0.6045,23351594.0
2023-11-22 19:00:00+00:00,0.6046,0.6132,0.6044,0.6091,22978991.0
2023-11-22 20:00:00+00:00,0.6091,0.6142,0.608,0.6138,13870928.0
2023-11-22 21:00:00+00:00,0.6137,0.6162,0.6114,0.6131,14379054.0
2023-11-22 22:00:00+00:00,0.613,0.615,0.6093,0.6135,13651028.0
2023-11-22 23:00:00+00:00,0.6136,0.6141,0.6103,0.6109,10940649.0
2023-11-23 00:00:00+00:00,0.6109,0.6119,0.6084,0.6089,9484384.0
2023-11-23 01:00:00+00:00,0.609,0.6147,0.6087,0.6137,10968680.0
2023-11-23 02:00:00+00:00,0.6137,0.614,0.6113,0.6122,7493720.0
2023-11-23 03:00:00+00:00,0.6122,0.6128,0.6105,0.6111,10668180.0
2023-11-23 04:00:00+00:00,0.611,0.6111,0.6061,0.6099,11014116.0
2023-11-23 05:00:00+00:00,0.61,0.6106,0.6086,0.6093,5326418.0
2023-11-23 06:00:00+00:00,0.6092,0.6092,0.6059,0.6066,11703326.0
2023-11-23 07:00:00+00:00,0.6066,0.6115,0.6066,0.6113,15590488.0
2023-11-23 08:00:00+00:00,0.6113,0.615,0.6111,0.6132,12415046.0
2023-11-23 09:00:00+00:00,0.6133,0.6231,0.6126,0.6215,23193017.0
2023-11-23 10:00:00+00:00,0.6215,0.622,0.6154,0.6177,19028501.0
2023-11-23 11:00:00+00:00,0.6176,0.6176,0.6107,0.6135,21229572.0
2023-11-23 12:00:00+00:00,0.6134,0.6153,0.6114,0.6125,12605972.0
2023-11-23 13:00:00+00:00,0.6126,0.6163,0.6102,0.6117,14363338.0
2023-11-23 14:00:00+00:00,0.6118,0.6142,0.6112,0.6137,10749438.0
2023-11-23 15:00:00+00:00,0.6137,0.6226,0.6093,0.6161,23377221.0
2023-11-23 16:00:00+00:00,0.6161,0.621,0.6132,0.6174,17180378.0
2023-11-23 17:00:00+00:00,0.6174,0.6193,0.6156,0.6177,12896980.0
2023-11-23 18:00:00+00:00,0.6177,0.62,0.6174,0.618,10729709.0
2023-11-23 19:00:00+00:00,0.6179,0.6238,0.6167,0.6214,12519384.0
2023-11-23 20:00:00+00:00,0.6214,0.623,0.6182,0.6189,10913661.0
2023-11-23 21:00:00+00:00,0.6189,0.6213,0.6179,0.6184,7173449.0
2023-11-23 22:00:00+00:00,0.6184,0.6205,0.6178,0.6204,6178859.0
2023-11-23 23:00:00+00:00,0.6204,0.6212,0.6197,0.6209,8889355.0
2023-11-24 00:00:00+00:00,0.6208,0.6233,0.6204,0.6208,12157176.0
2023-11-24 01:00:00+00:00,0.6208,0.6241,0.6204,0.6232,9013700.0
2023-11-24 02:00:00+00:00,0.6231,0.6241,0.6218,0.6239,7641584.0
2023-11-24 03:00:00+00:00,0.6238,0.6252,0.6205,0.6206,9308130.0
2023-11-24 04:00:00+00:00,0.6205,0.6234,0.6185,0.6207,13309892.0
2023-11-24 05:00:00+00:00,0.6207,0.6248,0.6172,0.6203,22335436.0
2023-11-24 06:00:00+00:00,0.6203,0.6215,0.6186,0.6189,11207782.0
2023-11-24 07:00:00+00:00,0.6189,0.6242,0.6181,0.6239,14779579.0
2023-11-24 08:00:00+00:00,0.6238,0.6247,0.62,0.6206,12112852.0
2023-11-24 09:00:00+00:00,0.6205,0.6241,0.6197,0.6225,20205610.0
2023-11-24 10:00:00+00:00,0.6225,0.6258,0.6198,0.6201,17806423.0
2023-11-24 11:00:00+00:00,0.62,0.6232,0.6192,0.6203,18331953.0
2023-11-24 12:00:00+00:00,0.6203,0.6214,0.6189,0.619,11850863.0
2023-11-24 13:00:00+00:00,0.619,0.6208,0.6165,0.6184,14811442.0
2023-11-24 14:00:00+00:00,0.6183,0.6187,0.6155,0.6184,10818166.0
2023-11-24 15:00:00+00:00,0.6184,0.6249,0.618,0.6221,19655984.0
2023-11-24 16:00:00+00:00,0.6221,0.6249,0.6156,0.6188,23597556.0
2023-11-24 17:00:00+00:00,0.6188,0.6208,0.6177,0.618,12439652.0
2023-11-24 18:00:00+00:00,0.6179,0.6202,0.6176,0.6193,6770624.0
2023-11-24 19:00:00+00:00,0.6193,0.6197,0.6169,0.6191,6299877.0
2023-11-24 20:00:00+00:00,0.619,0.6217,0.6181,0.6211,6894083.0
2023-11-24 21:00:00+00:00,0.621,0.6226,0.6207,0.6209,6104880.0
2023-11-24 22:00:00+00:00,0.6208,0.6218,0.6175,0.6205,8277494.0
2023-11-24 23:00:00+00:00,0.6205,0.622,0.6184,0.6212,7418501.0
2023-11-25 00:00:00+00:00,0.6212,0.6212,0.6186,0.6188,5611787.0
2023-11-25 01:00:00+00:00,0.6188,0.6217,0.6186,0.6212,6891316.0
2023-11-25 02:00:00+00:00,0.6212,0.6231,0.6192,0.6225,8100948.0
2023-11-25 03:00:00+00:00,0.6226,0.6228,0.6211,0.6216,5299688.0
2023-11-25 04:00:00+00:00,0.6215,0.6216,0.6197,0.6206,5670626.0
2023-11-25 05:00:00+00:00,0.6205,0.6207,0.6193,0.6197,4371987.0
2023-11-25 06:00:00+00:00,0.6197,0.621,0.6193,0.6208,6761171.0
2023-11-25 07:00:00+00:00,0.6208,0.6222,0.6207,0.6221,4245744.0
2023-11-25 08:00:00+00:00,0.6222,0.6228,0.621,0.6215,6256869.0
2023-11-25 09:00:00+00:00,0.6215,0.6223,0.6206,0.6216,5007206.0
2023-11-25 10:00:00+00:00,0.6217,0.622,0.6182,0.6194,5993770.0
2023-11-25 11:00:00+00:00,0.6195,0.62,0.6157,0.6176,9397639.0
2023-11-25 12:00:00+00:00,0.6176,0.6195,0.6172,0.6192,3846116.0
2023-11-25 13:00:00+00:00,0.6193,0.6196,0.6172,0.6191,4635777.0
2023-11-25 14:00:00+00:00,0.619,0.6192,0.6174,0.6184,4960405.0
2023-11-25 15:00:00+00:00,0.6184,0.6195,0.6164,0.6193,4875316.0
2023-11-25 16:00:00+00:00,0.6192,0.6209,0.6192,0.6199,3858785.0
2023-11-25 17:00:00+00:00,0.6199,0.6215,0.6199,0.6207,4115538.0
2023-11-25 18:00:00+00:00,0.6207,0.6215,0.62,0.6207,3313687.0
2023-11-25 19:00:00+00:00,0.6207,0.6212,0.6199,0.6205,2808227.0
2023-11-25 20:00:00+00:00,0.6205,0.6213,0.6191,0.6192,3941922.0
2023-11-25 21:00:00+00:00,0.6192,0.6208,0.619,0.62,2704564.0
2023-11-25 22:00:00+00:00,0.6199,0.621,0.6194,0.6206,2396249.0
2023-11-25 23:00:00+00:00,0.6207,0.6238,0.6203,0.6228,6855930.0
2023-11-26 00:00:00+00:00,0.6228,0.623,0.6202,0.6215,6701058.0
2023-11-26 01:00:00+00:00,0.6215,0.6216,0.6187,0.6192,8817634.0
2023-11-26 02:00:00+00:00,0.6192,0.6212,0.6184,0.6209,4175685.0
2023-11-26 03:00:00+00:00,0.6209,0.6213,0.6197,0.6199,2927041.0
2023-11-26 04:00:00+00:00,0.6198,0.6208,0.619,0.6208,3515397.0
2023-11-26 05:00:00+00:00,0.6208,0.6211,0.6202,0.6206,2789039.0
2023-11-26 06:00:00+00:00,0.6207,0.621,0.6192,0.6209,3909896.0
2023-11-26 07:00:00+00:00,0.621,0.6219,0.6205,0.6217,4112706.0
2023-11-26 08:00:00+00:00,0.6217,0.6227,0.6212,0.6214,5199022.0
2023-11-26 09:00:00+00:00,0.6214,0.6214,0.6198,0.6211,4101155.0
2023-11-26 10:00:00+00:00,0.6211,0.6362,0.6205,0.6337,32670919.0
2023-11-26 11:00:00+00:00,0.6338,0.6353,0.6283,0.6298,20701786.0
2023-11-26 12:00:00+00:00,0.6298,0.6375,0.6294,0.6333,19964896.0
2023-11-26 13:00:00+00:00,0.6333,0.6334,0.6269,0.6284,16130825.0
2023-11-26 14:00:00+00:00,0.6284,0.6286,0.6181,0.6237,23639928.0
2023-11-26 15:00:00+00:00,0.6237,0.6266,0.6209,0.6221,10977057.0
2023-11-26 16:00:00+00:00,0.6221,0.6232,0.6064,0.6127,44022815.0
2023-11-26 17:00:00+00:00,0.6127,0.617,0.6112,0.6158,8509384.0
2023-11-26 18:00:00+00:00,0.6158,0.6178,0.6126,0.6146,11762700.0
2023-11-26 19:00:00+00:00,0.6146,0.6181,0.6139,0.618,5906997.0
2023-11-26 20:00:00+00:00,0.6181,0.6201,0.6161,0.6188,7652183.0
2023-11-26 21:00:00+00:00,0.6187,0.6193,0.6167,0.6179,5050866.0
2023-11-26 22:00:00+00:00,0.6179,0.6195,0.6177,0.6187,5694054.0
2023-11-26 23:00:00+00:00,0.6187,0.6187,0.6154,0.6157,7374369.0
2023-11-27 00:00:00+00:00,0.6157,0.6168,0.6138,0.6145,15592010.0
2023-11-27 01:00:00+00:00,0.6145,0.6155,0.6118,0.613,14225856.0
2023-11-27 02:00:00+00:00,0.6129,0.613,0.6081,0.6097,13927719.0
2023-11-27 03:00:00+00:00,0.6097,0.6101,0.6054,0.61,12676850.0
2023-11-27 04:00:00+00:00,0.6099,0.6117,0.6088,0.6116,11421682.0
2023-11-27 05:00:00+00:00,0.6115,0.6117,0.6074,0.6082,12332218.0
2023-11-27 06:00:00+00:00,0.6081,0.6118,0.6067,0.607,18500638.0
2023-11-27 07:00:00+00:00,0.607,0.6086,0.6006,0.6074,24195559.0
2023-11-27 08:00:00+00:00,0.6074,0.6082,0.6036,0.6044,11768328.0
2023-11-27 09:00:00+00:00,0.6043,0.609,0.6041,0.6084,13396189.0
2023-11-27 10:00:00+00:00,0.6084,0.6088,0.6008,0.6036,15827530.0
2023-11-27 11:00:00+00:00,0.6035,0.6048,0.5983,0.6039,17819950.0
2023-11-27 12:00:00+00:00,0.6038,0.6053,0.6021,0.6025,12227940.0
2023-11-27 13:00:00+00:00,0.6025,0.6046,0.5989,0.6029,13070242.0
2023-11-27 14:00:00+00:00,0.6029,0.6036,0.5971,0.5988,15181881.0
2023-11-27 15:00:00+00:00,0.5988,0.6029,0.5978,0.5979,13270541.0
2023-11-27 16:00:00+00:00,0.5979,0.6029,0.5974,0.6029,13678937.0
2023-11-27 17:00:00+00:00,0.6028,0.6051,0.5997,0.6004,10280118.0
2023-11-27 18:00:00+00:00,0.6003,0.6024,0.6001,0.6001,6721838.0
2023-11-27 19:00:00+00:00,0.6001,0.6013,0.5937,0.5987,13699226.0
2023-11-27 20:00:00+00:00,0.5987,0.5999,0.5953,0.5971,8735948.0
2023-11-27 21:00:00+00:00,0.597,0.6011,0.5966,0.6,7983834.0
2023-11-27 22:00:00+00:00,0.5999,0.6014,0.5988,0.6011,6103214.0
2023-11-27 23:00:00+00:00,0.601,0.6042,0.601,0.6039,6773158.0
2023-11-28 00:00:00+00:00,0.6039,0.6051,0.6025,0.6043,8311479.0
2023-11-28 01:00:00+00:00,0.6043,0.6047,0.6028,0.604,6893883.0
2023-11-28 02:00:00+00:00,0.6039,0.6042,0.6013,0.6039,7010473.0
2023-11-28 03:00:00+00:00,0.6039,0.6047,0.6031,0.6047,7600626.0
2023-11-28 04:00:00+00:00,0.6046,0.6054,0.6022,0.6023,7842648.0
2023-11-28 05:00:00+00:00,0.6023,0.6027,0.5957,0.5974,16242074.0
2023-11-28 06:00:00+00:00,0.5973,0.5996,0.5963,0.5994,13454907.0
2023-11-28 07:00:00+00:00,0.5994,0.6033,0.5981,0.6028,15055557.0
2023-11-28 08:00:00+00:00,0.6027,0.6033,0.5975,0.5976,15117700.0
2023-11-28 09:00:00+00:00,0.5976,0.6043,0.5972,0.6025,21835499.0
2023-11-28 10:00:00+00:00,0.6025,0.6058,0.6018,0.6058,17069555.0
2023-11-28 11:00:00+00:00,0.6057,0.6072,0.6038,0.6047,14852671.0
2023-11-28 12:00:00+00:00,0.6046,0.6061,0.6035,0.606,14129521.0
2023-11-28 13:00:00+00:00,0.6059,0.6095,0.6047,0.6092,12665608.0
2023-11-28 14:00:00+00:00,0.6091,0.6119,0.6079,0.6088,14797057.0
2023-11-28 15:00:00+00:00,0.6087,0.6098,0.605,0.6086,14621351.0
2023-11-28 16:00:00+00:00,0.6086,0.6121,0.6066,0.6109,13258049.0
2023-11-28 17:00:00+00:00,0.6108,0.6139,0.6086,0.6128,17691023.0
2023-11-28 18:00:00+00:00,0.6128,0.6138,0.6092,0.6102,12640626.0
2023-11-28 19:00:00+00:00,0.6102,0.6133,0.6099,0.6109,9455903.0
2023-11-28 20:00:00+00:00,0.6108,0.6131,0.6101,0.6128,6574473.0
2023-11-28 21:00:00+00:00,0.6128,0.6129,0.6102,0.6115,6901086.0
2023-11-28 22:00:00+00:00,0.6114,0.6123,0.6094,0.6104,5712545.0
2023-11-28 23:00:00+00:00,0.6104,0.6118,0.6097,0.6107,6393624.0
2023-11-29 00:00:00+00:00,0.6106,0.6117,0.6086,0.6112,5402016.0
2023-11-29 01:00:00+00:00,0.6112,0.6128,0.6107,0.6109,7755296.0
2023-11-29 02:00:00+00:00,0.6109,0.612,0.6102,0.6116,5014532.0
2023-11-29 03:00:00+00:00,0.6116,0.6124,0.6113,0.6121,5300235.0
2023-11-29 04:00:00+00:00,0.6122,0.6131,0.6119,0.613,6033143.0
2023-11-29 05:00:00+00:00,0.613,0.6132,0.6093,0.6106,10979789.0
2023-11-29 06:00:00+00:00,0.6107,0.6118,0.609,0.611,10566609.0
2023-11-29 07:00:00+00:00,0.611,0.6157,0.6103,0.6134,15445049.0
2023-11-29 08:00:00+00:00,0.6135,0.617,0.6107,0.6157,19422652.0
2023-11-29 09:00:00+00:00,0.6157,0.6169,0.6127,0.6149,12903930.0
2023-11-29 10:00:00+00:00,0.6148,0.6156,0.6089,0.61,17168550.0
2023-11-29 11:00:00+00:00,0.61,0.612,0.6091,0.611,13988431.0
2023-11-29 12:00:00+00:00,0.611,0.6119,0.6099,0.6107,12371338.0
2023-11-29 13:00:00+00:00,0.6107,0.6123,0.6095,0.6118,12725269.0
2023-11-29 14:00:00+00:00,0.6118,0.6125,0.6065,0.608,15144837.0
2023-11-29 15:00:00+00:00,0.608,0.6084,0.604,0.6079,14320027.0
2023-11-29 16:00:00+00:00,0.6078,0.6088,0.6041,0.6058,11082669.0
2023-11-29 17:00:00+00:00,0.6057,0.6089,0.6043,0.6078,8203922.0
2023-11-29 18:00:00+00:00,0.6078,0.6095,0.6068,0.6095,5784033.0
2023-11-29 19:00:00+00:00,0.6094,0.6099,0.6067,0.6093,7226704.0
2023-11-29 20:00:00+00:00,0.6094,0.6096,0.6062,0.6071,4829686.0
2023-11-29 21:00:00+00:00,0.6071,0.6083,0.606,0.6075,4500795.0
2023-11-29 22:00:00+00:00,0.6074,0.6091,0.6067,0.6084,4693309.0
2023-11-29 23:00:00+00:00,0.6085,0.6098,0.608,0.6091,4478640.0
2023-11-30 00:00:00+00:00,0.609,0.6092,0.6061,0.6061,11615054.0
2023-11-30 01:00:00+00:00,0.6061,0.607,0.605,0.6053,9295195.0
2023-11-30 02:00:00+00:00,0.6053,0.6083,0.6049,0.6076,6146629.0
2023-11-30 03:00:00+00:00,0.6075,0.6088,0.6067,0.6084,4111927.0
2023-11-30 04:00:00+00:00,0.6084,0.6099,0.6074,0.6077,7736133.0
2023-11-30 05:00:00+00:00,0.6078,0.6082,0.6041,0.605,18148509.0
2023-11-30 06:00:00+00:00,0.6051,0.6054,0.6033,0.6048,16280676.0
2023-11-30 07:00:00+00:00,0.6049,0.608,0.6034,0.6038,14082817.0
2023-11-30 08:00:00+00:00,0.6037,0.6043,0.5982,0.6019,23336489.0
2023-11-30 09:00:00+00:00,0.6018,0.6035,0.6011,0.6031,9324057.0
2023-11-30 10:00:00+00:00,0.6031,0.604,0.6003,0.6016,14741580.0
2023-11-30 11:00:00+00:00,0.6015,0.6058,0.6007,0.6056,13180254.0
2023-11-30 12:00:00+00:00,0.6055,0.6065,0.6028,0.605,12395010.0
2023-11-30 13:00:00+00:00,0.605,0.605,0.6017,0.6027,10118677.0
2023-11-30 14:00:00+00:00,0.6027,0.6031,0.6003,0.602,10908998.0
2023-11-30 15:00:00+00:00,0.6019,0.6038,0.6006,0.6019,9941648.0
2023-11-30 16:00:00+00:00,0.602,0.602,0.6001,0.6004,8183784.0
2023-11-30 17:00:00+00:00,0.6004,0.6032,0.5996,0.6032,6814136.0
2023-11-30 18:00:00+00:00,0.6031,0.6039,0.6025,0.6037,4239801.0
2023-11-30 19:00:00+00:00,0.6037,0.6047,0.603,0.6033,3793432.0
2023-11-30 20:00:00+00:00,0.6034,0.6056,0.6032,0.6053,3708714.0
2023-11-30 21:00:00+00:00,0.6053,0.6078,0.6051,0.607,8076189.0
2023-11-30 22:00:00+00:00,0.607,0.6071,0.6055,0.6055,3025964.0
2023-11-30 23:00:00+00:00,0.6055,0.6065,0.6046,0.6063,3508757.0
2023-12-01 00:00:00+00:00,0.6063,0.6064,0.6031,0.6043,9121573.0
2023-12-01 01:00:00+00:00,0.6044,0.6093,0.604,0.6093,9067714.0
2023-12-01 02:00:00+00:00,0.6092,0.6135,0.6083,0.6105,10633383.0
2023-12-01 03:00:00+00:00,0.6105,0.611,0.61,0.6104,8385959.0
2023-12-01 04:00:00+00:00,0.6104,0.6125,0.6098,0.6112,9149673.0
2023-12-01 05:00:00+00:00,0.6112,0.6115,0.6101,0.6106,8019717.0
2023-12-01 06:00:00+00:00,0.6105,0.6108,0.6087,0.6096,11824150.0
2023-12-01 07:00:00+00:00,0.6095,0.6115,0.6093,0.6103,9874669.0
2023-12-01 08:00:00+00:00,0.6102,0.6115,0.6085,0.6108,10149087.0
2023-12-01 09:00:00+00:00,0.6107,0.6141,0.6107,0.6139,13266763.0
2023-12-01 10:00:00+00:00,0.6139,0.6143,0.6101,0.6106,15085497.0
2023-12-01 11:00:00+00:00,0.6106,0.6114,0.6093,0.6111,13307967.0
2023-12-01 12:00:00+00:00,0.6111,0.6119,0.6082,0.6087,12208101.0
2023-12-01 13:00:00+00:00,0.6086,0.6102,0.6077,0.6084,11594235.0
2023-12-01 14:00:00+00:00,0.6084,0.6087,0.6054,0.6065,18886501.0
2023-12-01 15:00:00+00:00,0.6065,0.6083,0.6055,0.6076,12862299.0
2023-12-01 16:00:00+00:00,0.6076,0.612,0.6071,0.6109,15141332.0
2023-12-01 17:00:00+00:00,0.6108,0.6116,0.6076,0.6093,12437752.0
2023-12-01 18:00:00+00:00,0.6093,0.6108,0.609,0.6103,8065035.0
2023-12-01 19:00:00+00:00,0.6103,0.6121,0.6102,0.6121,7673295.0
2023-12-01 20:00:00+00:00,0.612,0.6123,0.6107,0.6116,5638447.0
2023-12-01 21:00:00+00:00,0.6115,0.6133,0.6115,0.6124,5550912.0
2023-12-01 22:00:00+00:00,0.6124,0.613,0.6114,0.6118,5288032.0
2023-12-01 23:00:00+00:00,0.6118,0.6132,0.6114,0.6125,5214018.0
2023-12-02 00:00:00+00:00,0.6126,0.6126,0.611,0.6123,5140863.0
2023-12-02 01:00:00+00:00,0.6123,0.6123,0.6115,0.6118,2701889.0
2023-12-02 02:00:00+00:00,0.6118,0.6128,0.6117,0.612,2707441.0
2023-12-02 03:00:00+00:00,0.6121,0.6135,0.6117,0.6127,3579596.0
2023-12-02 04:00:00+00:00,0.6127,0.6147,0.6127,0.6144,5432433.0
2023-12-02 05:00:00+00:00,0.6144,0.6145,0.6132,0.6139,4003908.0
2023-12-02 06:00:00+00:00,0.6139,0.6157,0.6136,0.6156,4761652.0
2023-12-02 07:00:00+00:00,0.6155,0.6162,0.6137,0.6137,4468507.0
2023-12-02 08:00:00+00:00,0.6137,0.6145,0.6133,0.6135,4208099.0
2023-12-02 09:00:00+00:00,0.6134,0.6149,0.6129,0.6149,4398749.0
2023-12-02 10:00:00+00:00,0.6148,0.6155,0.6136,0.614,4167377.0
2023-12-02 11:00:00+00:00,0.614,0.6143,0.6129,0.6133,3476517.0
2023-12-02 12:00:00+00:00,0.6134,0.6146,0.6129,0.6146,4624382.0
2023-12-02 13:00:00+00:00,0.6146,0.6147,0.6135,0.6137,3640134.0
2023-12-02 14:00:00+00:00,0.6136,0.6164,0.6116,0.6135,9233528.0
2023-12-02 15:00:00+00:00,0.6135,0.6146,0.6123,0.6138,6183663.0
2023-12-02 16:00:00+00:00,0.6138,0.6138,0.612,0.6126,5145581.0
2023-12-02 17:00:00+00:00,0.6126,0.6137,0.6122,0.6137,4526115.0
2023-12-02 18:00:00+00:00,0.6136,0.6171,0.6134,0.617,8946065.0
2023-12-02 19:00:00+00:00,0.617,0.6228,0.6169,0.6189,25297037.0
2023-12-02 20:00:00+00:00,0.619,0.6207,0.6187,0.6204,8081502.0
2023-12-02 21:00:00+00:00,0.6203,0.6224,0.6188,0.6223,7150314.0
2023-12-02 22:00:00+00:00,0.6224,0.6229,0.6177,0.6178,6554417.0
2023-12-02 23:00:00+00:00,0.6179,0.621,0.6179,0.6208,5700483.0
2023-12-03 00:00:00+00:00,0.6207,0.6225,0.6191,0.6207,8075400.0
2023-12-03 01:00:00+00:00,0.6207,0.6222,0.6198,0.6203,5751970.0
2023-12-03 02:00:00+00:00,0.6203,0.621,0.6185,0.6187,5705498.0
2023-12-03 03:00:00+00:00,0.6187,0.6192,0.6168,0.6182,6541110.0
2023-12-03 04:00:00+00:00,0.6182,0.6191,0.6179,0.6188,3706321.0
2023-12-03 05:00:00+00:00,0.6188,0.6201,0.6182,0.6196,4555712.0
2023-12-03 06:00:00+00:00,0.6196,0.6202,0.6186,0.6194,4308347.0
2023-12-03 07:00:00+00:00,0.6195,0.6204,0.6189,0.6204,4113140.0
2023-12-03 08:00:00+00:00,0.6203,0.6205,0.6188,0.6195,4735772.0
2023-12-03 09:00:00+00:00,0.6196,0.6206,0.6192,0.6206,5132212.0
2023-12-03 10:00:00+00:00,0.6206,0.6342,0.6201,0.6279,39132091.0
2023-12-03 11:00:00+00:00,0.6279,0.6326,0.6263,0.6283,24731418.0
2023-12-03 12:00:00+00:00,0.6282,0.6283,0.6212,0.6237,20456946.0
2023-12-03 13:00:00+00:00,0.6237,0.6275,0.6229,0.6252,13701789.0
2023-12-03 14:00:00+00:00,0.6252,0.627,0.6201,0.6204,21565805.0
2023-12-03 15:00:00+00:00,0.6204,0.6227,0.6179,0.6213,11734310.0
2023-12-03 16:00:00+00:00,0.6214,0.6217,0.6196,0.6196,6959056.0
2023-12-03 17:00:00+00:00,0.6195,0.6198,0.6172,0.6185,6030681.0
2023-12-03 18:00:00+00:00,0.6184,0.6207,0.6183,0.619,4998776.0
2023-12-03 19:00:00+00:00,0.6189,0.6215,0.6177,0.6215,4841453.0
2023-12-03 20:00:00+00:00,0.6214,0.6221,0.6204,0.6217,5029085.0
2023-12-03 21:00:00+00:00,0.6217,0.6231,0.6213,0.6229,4912794.0
2023-12-03 22:00:00+00:00,0.6229,0.6265,0.6226,0.6255,12586667.0
2023-12-03 23:00:00+00:00,0.6255,0.6276,0.6219,0.6229,11353771.0
2023-12-04 00:00:00+00:00,0.6229,0.626,0.6219,0.6238,13013598.0
2023-12-04 01:00:00+00:00,0.6238,0.6303,0.6227,0.6273,17660185.0
2023-12-04 02:00:00+00:00,0.6272,0.6312,0.6261,0.6293,11096656.0
2023-12-04 03:00:00+00:00,0.6293,0.6311,0.6273,0.6277,12762107.0
2023-12-04 04:00:00+00:00,0.6277,0.6302,0.6276,0.6298,11617167.0
2023-12-04 05:00:00+00:00,0.6298,0.6334,0.6282,0.6327,22137737.0
2023-12-04 06:00:00+00:00,0.6327,0.6347,0.6308,0.6313,25262448.0
2023-12-04 07:00:00+00:00,0.6313,0.6352,0.6309,0.6331,16469561.0
2023-12-04 08:00:00+00:00,0.6331,0.6439,0.6326,0.6383,36385563.0
2023-12-04 09:00:00+00:00,0.6382,0.6418,0.6343,0.6349,17576933.0
2023-12-04 10:00:00+00:00,0.6348,0.6407,0.6348,0.6383,18099606.0
2023-12-04 11:00:00+00:00,0.6383,0.6391,0.582,0.6199,112339443.0
2023-12-04 12:00:00+00:00,0.6199,0.6239,0.6164,0.6231,26288579.0
2023-12-04 13:00:00+00:00,0.6231,0.6235,0.6173,0.6185,25857769.0
2023-12-04 14:00:00+00:00,0.6184,0.6195,0.6112,0.6172,27557767.0
2023-12-04 15:00:00+00:00,0.6171,0.6186,0.6135,0.6159,15960410.0
2023-12-04 16:00:00+00:00,0.6158,0.6224,0.615,0.6216,12873489.0
2023-12-04 17:00:00+00:00,0.6216,0.6225,0.6174,0.6181,12304568.0
2023-12-04 18:00:00+00:00,0.6181,0.6202,0.6179,0.6193,8345224.0
2023-12-04 19:00:00+00:00,0.6192,0.6225,0.6183,0.6213,9964520.0
2023-12-04 20:00:00+00:00,0.6213,0.6221,0.6196,0.6213,8776684.0
2023-12-04 21:00:00+00:00,0.6213,0.6247,0.6212,0.6241,7734719.0
2023-12-04 22:00:00+00:00,0.624,0.6269,0.6196,0.6229,11989518.0
2023-12-04 23:00:00+00:00,0.6229,0.6246,0.6219,0.6245,10124548.0
2023-12-05 00:00:00+00:00,0.6246,0.6293,0.6221,0.6293,14817886.0
2023-12-05 01:00:00+00:00,0.6293,0.6307,0.6206,0.6219,18346796.0
2023-12-05 02:00:00+00:00,0.6219,0.6219,0.6159,0.6187,14198811.0
2023-12-05 03:00:00+00:00,0.6186,0.6206,0.6177,0.6184,7934178.0
2023-12-05 04:00:00+00:00,0.6183,0.6194,0.6171,0.6191,7961688.0
2023-12-05 05:00:00+00:00,0.6191,0.6212,0.6183,0.6208,7400259.0
2023-12-05 06:00:00+00:00,0.6207,0.621,0.6159,0.6173,18045076.0
2023-12-05 07:00:00+00:00,0.6172,0.6176,0.6076,0.6127,24662166.0
2023-12-05 08:00:00+00:00,0.6127,0.6137,0.6086,0.6119,18297624.0
2023-12-05 09:00:00+00:00,0.6119,0.6141,0.6115,0.6135,11089084.0
2023-12-05 10:00:00+00:00,0.6135,0.6135,0.6105,0.6106,13420135.0
2023-12-05 11:00:00+00:00,0.6105,0.6121,0.609,0.6108,14087322.0
2023-12-05 12:00:00+00:00,0.6107,0.6126,0.6102,0.6114,16529401.0
2023-12-05 13:00:00+00:00,0.6114,0.6134,0.6085,0.6089,22304314.0
2023-12-05 14:00:00+00:00,0.6089,0.6122,0.6081,0.6119,14513199.0
2023-12-05 15:00:00+00:00,0.6119,0.6155,0.6108,0.6143,15335940.0
2023-12-05 16:00:00+00:00,0.6143,0.6176,0.6129,0.6164,15033442.0
2023-12-05 17:00:00+00:00,0.6165,0.6274,0.6152,0.6246,34301873.0
2023-12-05 18:00:00+00:00,0.6246,0.6272,0.6202,0.6224,20507726.0
2023-12-05 19:00:00+00:00,0.6224,0.6242,0.6208,0.6222,12648620.0
2023-12-05 20:00:00+00:00,0.6222,0.6235,0.6172,0.621,10939988.0
2023-12-05 21:00:00+00:00,0.621,0.622,0.6193,0.6209,9812492.0
2023-12-05 22:00:00+00:00,0.6208,0.6216,0.618,0.6199,11665040.0
2023-12-05 23:00:00+00:00,0.6198,0.6235,0.6195,0.621,15519683.0
2023-12-06 00:00:00+00:00,0.621,0.623,0.6188,0.6229,19408870.0
2023-12-06 01:00:00+00:00,0.6229,0.6267,0.6201,0.6231,19668907.0
2023-12-06 02:00:00+00:00,0.6231,0.6241,0.6183,0.6236,13924614.0
2023-12-06 03:00:00+00:00,0.6235,0.6238,0.6197,0.6221,13219186.0
2023-12-06 04:00:00+00:00,0.6222,0.623,0.6212,0.6219,8816445.0
2023-12-06 05:00:00+00:00,0.622,0.6241,0.6104,0.6178,28348552.0
2023-12-06 06:00:00+00:00,0.6179,0.6189,0.6137,0.6186,22674971.0
2023-12-06 07:00:00+00:00,0.6186,0.6288,0.6171,0.6275,27491926.0
2023-12-06 08:00:00+00:00,0.6275,0.6415,0.6275,0.6309,55882074.0
2023-12-06 09:00:00+00:00,0.6309,0.636,0.6295,0.6353,26100806.0
2023-12-06 10:00:00+00:00,0.6353,0.637,0.6283,0.6285,31665807.0
2023-12-06 11:00:00+00:00,0.6285,0.6291,0.6109,0.6204,46414608.0
2023-12-06 12:00:00+00:00,0.6204,0.6275,0.6202,0.6248,18373506.0
2023-12-06 13:00:00+00:00,0.6248,0.6264,0.6222,0.6241,15835902.0
2023-12-06 14:00:00+00:00,0.6241,0.6256,0.6207,0.6221,13407276.0
2023-12-06 15:00:00+00:00,0.622,0.6286,0.6212,0.6273,13980491.0
2023-12-06 16:00:00+00:00,0.6273,0.6289,0.6251,0.6268,14340326.0
2023-12-06 17:00:00+00:00,0.6268,0.6286,0.625,0.6265,9988848.0
2023-12-06 18:00:00+00:00,0.6265,0.6288,0.6251,0.6287,7956618.0
2023-12-06 19:00:00+00:00,0.6287,0.6315,0.6285,0.6309,8041042.0
2023-12-06 20:00:00+00:00,0.6308,0.6369,0.6286,0.6342,13137542.0
2023-12-06 21:00:00+00:00,0.6342,0.6382,0.6283,0.6359,21844738.0
2023-12-06 22:00:00+00:00,0.6359,0.64,0.6301,0.6355,18897332.0
2023-12-06 23:00:00+00:00,0.6355,0.6437,0.6307,0.64,29440369.0
2023-12-07 00:00:00+00:00,0.64,0.6425,0.635,0.6361,23575755.0
2023-12-07 01:00:00+00:00,0.6361,0.6363,0.6314,0.6327,15515891.0
2023-12-07 02:00:00+00:00,0.6326,0.634,0.6307,0.6317,7909885.0
2023-12-07 03:00:00+00:00,0.6318,0.633,0.63,0.6329,9348407.0
2023-12-07 04:00:00+00:00,0.633,0.6473,0.6327,0.6419,26210788.0
2023-12-07 05:00:00+00:00,0.642,0.6524,0.6409,0.6505,40503369.0
2023-12-07 06:00:00+00:00,0.6505,0.6544,0.6426,0.643,41177215.0
2023-12-07 07:00:00+00:00,0.643,0.65,0.6428,0.6481,18103666.0
2023-12-07 08:00:00+00:00,0.6481,0.6482,0.6374,0.638,30179100.0
2023-12-07 09:00:00+00:00,0.638,0.6404,0.6204,0.6319,50354447.0
2023-12-07 10:00:00+00:00,0.6319,0.6331,0.6285,0.6297,17910791.0
2023-12-07 11:00:00+00:00,0.6297,0.6363,0.6295,0.6316,14516797.0
2023-12-07 12:00:00+00:00,0.6316,0.6354,0.6301,0.6353,13619381.0
2023-12-07 13:00:00+00:00,0.6353,0.6367,0.6291,0.6312,14865039.0
2023-12-07 14:00:00+00:00,0.6311,0.6343,0.6296,0.633,13795984.0
2023-12-07 15:00:00+00:00,0.633,0.6383,0.6328,0.6369,17146476.0
2023-12-07 16:00:00+00:00,0.6368,0.646,0.6351,0.645,18795847.0
2023-12-07 17:00:00+00:00,0.645,0.646,0.6387,0.6425,19097735.0
2023-12-07 18:00:00+00:00,0.6425,0.646,0.6395,0.6419,14769914.0
2023-12-07 19:00:00+00:00,0.6418,0.6447,0.639,0.6418,11445071.0
2023-12-07 20:00:00+00:00,0.6419,0.6445,0.6397,0.6415,9384813.0
2023-12-07 21:00:00+00:00,0.6414,0.6466,0.6412,0.6458,12253915.0
2023-12-07 22:00:00+00:00,0.6457,0.6466,0.6411,0.6414,7559136.0
2023-12-07 23:00:00+00:00,0.6413,0.644,0.6411,0.6432,6644432.0
2023-12-08 00:00:00+00:00,0.6431,0.6456,0.6413,0.6425,12912105.0
2023-12-08 01:00:00+00:00,0.6425,0.6432,0.6403,0.6423,10932256.0
2023-12-08 02:00:00+00:00,0.6422,0.6472,0.6422,0.6469,11531547.0
2023-12-08 03:00:00+00:00,0.6468,0.6504,0.6461,0.6466,17614692.0
2023-12-08 04:00:00+00:00,0.6465,0.651,0.6459,0.6487,12945100.0
2023-12-08 05:00:00+00:00,0.6487,0.6494,0.6462,0.6466,10764596.0
2023-12-08 06:00:00+00:00,0.6466,0.6467,0.6418,0.6426,21230914.0
2023-12-08 07:00:00+00:00,0.6425,0.6442,0.6373,0.6412,22377061.0
2023-12-08 08:00:00+00:00,0.6411,0.6432,0.6392,0.6429,17722242.0
2023-12-08 09:00:00+00:00,0.6428,0.6447,0.6424,0.6441,10515783.0
2023-12-08 10:00:00+00:00,0.6441,0.6466,0.6439,0.6461,11625622.0
2023-12-08 11:00:00+00:00,0.6461,0.6499,0.6442,0.6485,16812216.0
2023-12-08 12:00:00+00:00,0.6485,0.658,0.6469,0.6534,52522064.0
2023-12-08 13:00:00+00:00,0.6533,0.6538,0.6475,0.6486,24061089.0
2023-12-08 14:00:00+00:00,0.6486,0.6547,0.6472,0.6531,23152921.0
2023-12-08 15:00:00+00:00,0.6531,0.6599,0.6525,0.6591,28952964.0
2023-12-08 16:00:00+00:00,0.659,0.6688,0.6589,0.668,63945105.0
2023-12-08 17:00:00+00:00,0.668,0.6723,0.662,0.6664,34822689.0
2023-12-08 18:00:00+00:00,0.6664,0.6669,0.6639,0.664,14133925.0
2023-12-08 19:00:00+00:00,0.664,0.6714,0.6625,0.6707,17843153.0
2023-12-08 20:00:00+00:00,0.6707,0.6724,0.6692,0.6723,15841759.0
2023-12-08 21:00:00+00:00,0.6723,0.673,0.6665,0.6696,18021767.0
2023-12-08 22:00:00+00:00,0.6695,0.6697,0.6666,0.6684,10084505.0
2023-12-08 23:00:00+00:00,0.6684,0.6756,0.6678,0.6721,16778410.0
2023-12-09 00:00:00+00:00,0.672,0.6792,0.6714,0.6746,25943016.0
2023-12-09 01:00:00+00:00,0.6746,0.6749,0.6668,0.6731,18330883.0
2023-12-09 02:00:00+00:00,0.6731,0.6732,0.6703,0.6708,7128348.0
2023-12-09 03:00:00+00:00,0.6708,0.6766,0.6706,0.6757,7285418.0
2023-12-09 04:00:00+00:00,0.6757,0.6883,0.6757,0.6869,35594592.0
2023-12-09 05:00:00+00:00,0.6869,0.7,0.6848,0.6858,71465661.0
2023-12-09 06:00:00+00:00,0.6858,0.6899,0.6836,0.685,17856940.0
2023-12-09 07:00:00+00:00,0.685,0.6931,0.6845,0.6918,17617413.0
2023-12-09 08:00:00+00:00,0.6918,0.6955,0.6691,0.6795,54315384.0
2023-12-09 09:00:00+00:00,0.6795,0.6859,0.6779,0.6797,25673937.0
2023-12-09 10:00:00+00:00,0.6798,0.6848,0.679,0.6837,17673042.0
2023-12-09 11:00:00+00:00,0.6836,0.6883,0.682,0.6868,16071395.0
2023-12-09 12:00:00+00:00,0.6867,0.6874,0.6815,0.6846,14035234.0
2023-12-09 13:00:00+00:00,0.6845,0.6887,0.6836,0.6878,14757317.0
2023-12-09 14:00:00+00:00,0.6878,0.6923,0.6705,0.679,52248324.0
2023-12-09 15:00:00+00:00,0.679,0.6822,0.6733,0.6804,18597753.0
2023-12-09 16:00:00+00:00,0.6805,0.6813,0.67,0.6731,19021276.0
2023-12-09 17:00:00+00:00,0.6732,0.6735,0.6633,0.6643,21104269.0
2023-12-09 18:00:00+00:00,0.6643,0.6718,0.6642,0.6716,8578592.0
2023-12-09 19:00:00+00:00,0.6716,0.6733,0.6705,0.6706,6358548.0
2023-12-09 20:00:00+00:00,0.6707,0.6721,0.6663,0.6719,9279007.0
2023-12-09 21:00:00+00:00,0.6719,0.6734,0.6674,0.6722,7172781.0
2023-12-09 22:00:00+00:00,0.6723,0.6745,0.671,0.6711,7120445.0
2023-12-09 23:00:00+00:00,0.6711,0.6723,0.651,0.6584,29712578.0
2023-12-10 00:00:00+00:00,0.6584,0.6696,0.6584,0.6678,19204017.0
2023-12-10 01:00:00+00:00,0.6678,0.6689,0.6648,0.6669,11061441.0
2023-12-10 02:00:00+00:00,0.6669,0.6672,0.6622,0.6631,9567333.0
2023-12-10 03:00:00+00:00,0.663,0.6659,0.6621,0.6654,5909902.0
2023-12-10 04:00:00+00:00,0.6655,0.6686,0.6637,0.6672,6112506.0
2023-12-10 05:00:00+00:00,0.6671,0.6713,0.6658,0.6707,8086880.0
2023-12-10 06:00:00+00:00,0.6707,0.6715,0.6658,0.667,6768360.0
2023-12-10 07:00:00+00:00,0.667,0.6676,0.6604,0.6657,12848059.0
2023-12-10 08:00:00+00:00,0.6657,0.6666,0.6585,0.661,12976181.0
2023-12-10 09:00:00+00:00,0.661,0.6629,0.6468,0.6471,23847449.0
2023-12-10 10:00:00+00:00,0.647,0.6553,0.6468,0.654,16428864.0
2023-12-10 11:00:00+00:00,0.654,0.657,0.6533,0.656,9531643.0
2023-12-10 12:00:00+00:00,0.6559,0.6609,0.6555,0.6604,10826813.0
2023-12-10 13:00:00+00:00,0.6605,0.661,0.6559,0.6584,10240241.0
2023-12-10 14:00:00+00:00,0.6584,0.6612,0.6566,0.6601,10442951.0
2023-12-10 15:00:00+00:00,0.6601,0.6624,0.6586,0.6611,8754642.0
2023-12-10 16:00:00+00:00,0.6611,0.6624,0.659,0.6593,11123377.0
2023-12-10 17:00:00+00:00,0.6593,0.6598,0.654,0.6563,8158284.0
2023-12-10 18:00:00+00:00,0.6563,0.6616,0.6562,0.66,6361613.0
2023-12-10 19:00:00+00:00,0.66,0.6655,0.66,0.6626,7596616.0
2023-12-10 20:00:00+00:00,0.6626,0.6697,0.6618,0.6693,9855186.0
2023-12-10 21:00:00+00:00,0.6693,0.6693,0.6621,0.6622,11429737.0
2023-12-10 22:00:00+00:00,0.6622,0.6652,0.6616,0.6626,5635727.0
2023-12-10 23:00:00+00:00,0.6625,0.6645,0.6583,0.6617,8234127.0
2023-12-11 00:00:00+00:00,0.6617,0.6628,0.6541,0.6552,14521626.0
2023-12-11 01:00:00+00:00,0.6552,0.6552,0.6475,0.6523,21867176.0
2023-12-11 02:00:00+00:00,0.6522,0.6526,0.6,0.6218,122448997.0
2023-12-11 03:00:00+00:00,0.6218,0.6301,0.6209,0.6275,29772118.0
2023-12-11 04:00:00+00:00,0.6274,0.6293,0.625,0.6281,19806401.0
2023-12-11 05:00:00+00:00,0.628,0.63,0.6226,0.6283,20687556.0
2023-12-11 06:00:00+00:00,0.6282,0.6287,0.6176,0.622,34294462.0
2023-12-11 07:00:00+00:00,0.622,0.6253,0.6207,0.6217,17171777.0
2023-12-11 08:00:00+00:00,0.6217,0.6229,0.6156,0.6223,24186259.0
2023-12-11 09:00:00+00:00,0.6222,0.6272,0.6209,0.6243,21995734.0
2023-12-11 10:00:00+00:00,0.6242,0.626,0.6224,0.6247,18742475.0
2023-12-11 11:00:00+00:00,0.6247,0.6269,0.6229,0.6266,13300256.0
2023-12-11 12:00:00+00:00,0.6266,0.6272,0.6235,0.624,13630416.0
2023-12-11 13:00:00+00:00,0.624,0.6262,0.618,0.6217,23221760.0
2023-12-11 14:00:00+00:00,0.6217,0.6237,0.614,0.6158,28111980.0
2023-12-11 15:00:00+00:00,0.6157,0.62,0.6152,0.6199,18695444.0
2023-12-11 16:00:00+00:00,0.6199,0.622,0.6163,0.6218,21174419.0
2023-12-11 17:00:00+00:00,0.6218,0.6218,0.6123,0.6141,15313955.0
2023-12-11 18:00:00+00:00,0.614,0.614,0.6017,0.6113,60863489.0
2023-12-11 19:00:00+00:00,0.6112,0.6141,0.6045,0.6123,19530447.0
2023-12-11 20:00:00+00:00,0.6123,0.6153,0.6101,0.6152,9303093.0
2023-12-11 21:00:00+00:00,0.6152,0.6191,0.6148,0.6191,10946798.0
2023-12-11 22:00:00+00:00,0.6191,0.6209,0.6165,0.6201,11183768.0
2023-12-11 23:00:00+00:00,0.62,0.6207,0.618,0.6187,11084831.0
2023-12-12 00:00:00+00:00,0.6187,0.6235,0.6181,0.6211,27229673.0
2023-12-12 01:00:00+00:00,0.621,0.6235,0.6204,0.6225,12477076.0
2023-12-12 02:00:00+00:00,0.6225,0.6257,0.6224,0.6246,10951222.0
2023-12-12 03:00:00+00:00,0.6246,0.6262,0.6227,0.6237,11294465.0
2023-12-12 04:00:00+00:00,0.6236,0.625,0.619,0.6191,14767977.0
2023-12-12 05:00:00+00:00,0.6191,0.6234,0.6191,0.6207,10242047.0
2023-12-12 06:00:00+00:00,0.6206,0.6213,0.6157,0.62,18143676.0
2023-12-12 07:00:00+00:00,0.6199,0.6263,0.6195,0.6251,19917784.0
2023-12-12 08:00:00+00:00,0.6251,0.6255,0.6209,0.6223,32085325.0
2023-12-12 09:00:00+00:00,0.6222,0.6229,0.6204,0.6211,20757088.0
2023-12-12 10:00:00+00:00,0.6211,0.6242,0.6205,0.624,11735206.0
2023-12-12 11:00:00+00:00,0.6239,0.6246,0.619,0.6196,15749094.0
2023-12-12 12:00:00+00:00,0.6196,0.6229,0.6184,0.6221,14280410.0
2023-12-12 13:00:00+00:00,0.622,0.6246,0.6194,0.6226,18189656.0
2023-12-12 14:00:00+00:00,0.6225,0.6232,0.6162,0.6194,16838738.0
2023-12-12 15:00:00+00:00,0.6194,0.6201,0.6132,0.6171,21487167.0
2023-12-12 16:00:00+00:00,0.617,0.6183,0.6132,0.6153,14437860.0
2023-12-12 17:00:00+00:00,0.6152,0.6152,0.6067,0.6087,21254795.0
2023-12-12 18:00:00+00:00,0.6087,0.6181,0.6083,0.617,13070993.0
2023-12-12 19:00:00+00:00,0.6169,0.62,0.6154,0.617,11306885.0
2023-12-12 20:00:00+00:00,0.617,0.618,0.6131,0.6178,8479356.0
2023-12-12 21:00:00+00:00,0.6178,0.6188,0.6124,0.6129,8405707.0
2023-12-12 22:00:00+00:00,0.6129,0.6184,0.6124,0.6178,9041044.0
2023-12-12 23:00:00+00:00,0.6177,0.6212,0.6177,0.6192,10763868.0
2023-12-13 00:00:00+00:00,0.6191,0.6193,0.6162,0.6176,11758903.0
2023-12-13 01:00:00+00:00,0.6177,0.6184,0.6097,0.6099,14174051.0
2023-12-13 02:00:00+00:00,0.61,0.6128,0.603,0.6103,23301557.0
2023-12-13 03:00:00+00:00,0.6103,0.6111,0.6045,0.6046,13027827.0
2023-12-13 04:00:00+00:00,0.6047,0.6078,0.6,0.6069,23000550.0
2023-12-13 05:00:00+00:00,0.6068,0.6075,0.6052,0.607,11038925.0
2023-12-13 06:00:00+00:00,0.6071,0.6074,0.5968,0.5981,28247190.0
2023-12-13 07:00:00+00:00,0.5982,0.6058,0.5925,0.6049,26608074.0
2023-12-13 08:00:00+00:00,0.605,0.609,0.6048,0.6086,10327351.0
2023-12-13 09:00:00+00:00,0.6085,0.6086,0.6041,0.6059,14988985.0
2023-12-13 10:00:00+00:00,0.606,0.6068,0.6032,0.6044,9719134.0
2023-12-13 11:00:00+00:00,0.6045,0.6054,0.5999,0.6011,26941636.0
2023-12-13 12:00:00+00:00,0.6011,0.6059,0.6009,0.6057,12082286.0
2023-12-13 13:00:00+00:00,0.6057,0.6093,0.6055,0.6088,17043015.0
2023-12-13 14:00:00+00:00,0.6089,0.6103,0.6072,0.6096,16520844.0
2023-12-13 15:00:00+00:00,0.6096,0.6165,0.6094,0.6148,18743837.0
2023-12-13 16:00:00+00:00,0.6148,0.6169,0.6111,0.6122,15158166.0
2023-12-13 17:00:00+00:00,0.6123,0.615,0.612,0.6149,8212840.0
2023-12-13 18:00:00+00:00,0.615,0.6168,0.6146,0.6158,6832036.0
2023-12-13 19:00:00+00:00,0.6159,0.6265,0.6159,0.6254,21478822.0
2023-12-13 20:00:00+00:00,0.6254,0.6268,0.6228,0.6252,11675927.0
2023-12-13 21:00:00+00:00,0.6253,0.6292,0.6241,0.6278,10733400.0
2023-12-13 22:00:00+00:00,0.6279,0.6348,0.6278,0.6295,18986134.0
2023-12-13 23:00:00+00:00,0.6295,0.6322,0.625,0.6275,12965049.0
2023-12-14 00:00:00+00:00,0.6276,0.6287,0.623,0.6248,16723831.0
2023-12-14 01:00:00+00:00,0.6248,0.6256,0.6223,0.6237,11172188.0
2023-12-14 02:00:00+00:00,0.6237,0.6241,0.6211,0.624,9911696.0
2023-12-14 03:00:00+00:00,0.624,0.6246,0.6206,0.6231,10870297.0
2023-12-14 04:00:00+00:00,0.6231,0.6245,0.6224,0.6229,10086857.0
2023-12-14 05:00:00+00:00,0.623,0.6264,0.6226,0.6245,11332994.0
2023-12-14 06:00:00+00:00,0.6245,0.628,0.624,0.6268,13130566.0
2023-12-14 07:00:00+00:00,0.6268,0.6268,0.6244,0.6259,14940318.0
2023-12-14 08:00:00+00:00,0.6258,0.6325,0.6229,0.6255,24041074.0
2023-12-14 09:00:00+00:00,0.6255,0.6306,0.6245,0.6302,12547567.0
2023-12-14 10:00:00+00:00,0.6302,0.6326,0.629,0.6315,11267774.0
2023-12-14 11:00:00+00:00,0.6315,0.6342,0.6293,0.634,15836247.0
2023-12-14 12:00:00+00:00,0.634,0.6343,0.6304,0.6308,12277746.0
2023-12-14 13:00:00+00:00,0.6307,0.6312,0.6053,0.6239,50980640.0
2023-12-14 14:00:00+00:00,0.6238,0.6244,0.618,0.6217,17840770.0
2023-12-14 15:00:00+00:00,0.6216,0.6237,0.62,0.623,13516923.0
2023-12-14 16:00:00+00:00,0.623,0.6276,0.6229,0.6263,12432903.0
2023-12-14 17:00:00+00:00,0.6262,0.6341,0.6258,0.631,17477892.0
2023-12-14 18:00:00+00:00,0.631,0.6311,0.6274,0.6293,9723108.0
2023-12-14 19:00:00+00:00,0.6292,0.6332,0.6292,0.6321,7295328.0
2023-12-14 20:00:00+00:00,0.6321,0.6321,0.6288,0.6303,6711627.0
2023-12-14 21:00:00+00:00,0.6303,0.6348,0.6303,0.6345,7797560.0
2023-12-14 22:00:00+00:00,0.6346,0.6379,0.6314,0.6328,15640400.0
2023-12-14 23:00:00+00:00,0.6328,0.6345,0.6312,0.6316,7142544.0
2023-12-15 00:00:00+00:00,0.6316,0.6335,0.6303,0.6313,10314486.0
2023-12-15 01:00:00+00:00,0.6312,0.6441,0.6311,0.6407,28078000.0
2023-12-15 02:00:00+00:00,0.6406,0.6407,0.6353,0.6382,13182221.0
2023-12-15 03:00:00+00:00,0.6381,0.6386,0.6334,0.6351,15723738.0
2023-12-15 04:00:00+00:00,0.635,0.6358,0.6324,0.6345,11564690.0
2023-12-15 05:00:00+00:00,0.6344,0.6356,0.6298,0.6302,15897202.0
2023-12-15 06:00:00+00:00,0.6302,0.6343,0.6291,0.6293,22394131.0
2023-12-15 07:00:00+00:00,0.6292,0.6314,0.6282,0.6307,17927299.0
2023-12-15 08:00:00+00:00,0.6307,0.6336,0.6305,0.6328,19396532.0
2023-12-15 09:00:00+00:00,0.6328,0.6353,0.6309,0.6315,17561910.0
2023-12-15 10:00:00+00:00,0.6315,0.6324,0.6304,0.6318,11408974.0
2023-12-15 11:00:00+00:00,0.6317,0.6322,0.6291,0.6295,12797207.0
2023-12-15 12:00:00+00:00,0.6295,0.63,0.6251,0.626,16756067.0
2023-12-15 13:00:00+00:00,0.6259,0.6262,0.6205,0.6233,21498929.0
2023-12-15 14:00:00+00:00,0.6232,0.6243,0.6177,0.6207,19390178.0
2023-12-15 15:00:00+00:00,0.6207,0.6223,0.6156,0.6194,20661718.0
2023-12-15 16:00:00+00:00,0.6194,0.6214,0.6176,0.6211,17745868.0
2023-12-15 17:00:00+00:00,0.621,0.6225,0.6204,0.6206,9998181.0
2023-12-15 18:00:00+00:00,0.6205,0.6243,0.6202,0.6243,8840371.0
2023-12-15 19:00:00+00:00,0.6242,0.6255,0.6228,0.6233,8045127.0
2023-12-15 20:00:00+00:00,0.6232,0.6245,0.6223,0.6244,7524189.0
2023-12-15 21:00:00+00:00,0.6244,0.6248,0.6231,0.6236,5776595.0
2023-12-15 22:00:00+00:00,0.6235,0.6236,0.6175,0.6189,9759061.0
2023-12-15 23:00:00+00:00,0.6189,0.6201,0.6116,0.6156,14371302.0
2023-12-16 00:00:00+00:00,0.6156,0.6177,0.61,0.6163,14829289.0
2023-12-16 01:00:00+00:00,0.6164,0.6191,0.616,0.6181,8472295.0
2023-12-16 02:00:00+00:00,0.6181,0.6196,0.6181,0.6192,7105128.0
2023-12-16 03:00:00+00:00,0.6192,0.6219,0.6192,0.6215,7941625.0
2023-12-16 04:00:00+00:00,0.6216,0.622,0.62,0.6209,5982648.0
2023-12-16 05:00:00+00:00,0.621,0.6214,0.6202,0.6207,5440304.0
2023-12-16 06:00:00+00:00,0.6208,0.6218,0.6197,0.6205,7401681.0
2023-12-16 07:00:00+00:00,0.6205,0.6206,0.6189,0.6199,4416628.0
2023-12-16 08:00:00+00:00,0.6199,0.6215,0.6198,0.6207,5226228.0
2023-12-16 09:00:00+00:00,0.6208,0.6226,0.6207,0.6218,5273593.0
2023-12-16 10:00:00+00:00,0.6218,0.6227,0.6218,0.6224,3864095.0
2023-12-16 11:00:00+00:00,0.6224,0.6237,0.6217,0.6237,5324220.0
2023-12-16 12:00:00+00:00,0.6237,0.6247,0.6232,0.6242,6181456.0
2023-12-16 13:00:00+00:00,0.6241,0.6249,0.621,0.6229,7117787.0
2023-12-16 14:00:00+00:00,0.6229,0.6234,0.6217,0.6225,5065876.0
2023-12-16 15:00:00+00:00,0.6224,0.6249,0.6224,0.6247,5592728.0
2023-12-16 16:00:00+00:00,0.6247,0.6258,0.6233,0.6238,7412121.0
2023-12-16 17:00:00+00:00,0.6238,0.6243,0.6219,0.6228,8718580.0
2023-12-16 18:00:00+00:00,0.6228,0.623,0.6187,0.6205,11372467.0
2023-12-16 19:00:00+00:00,0.6205,0.6214,0.6174,0.6192,8715960.0
2023-12-16 20:00:00+00:00,0.6192,0.6213,0.6188,0.6201,4842592.0
2023-12-16 21:00:00+00:00,0.6201,0.6205,0.6188,0.6194,4117209.0
2023-12-16 22:00:00+00:00,0.6195,0.6203,0.6175,0.6196,5723329.0
2023-12-16 23:00:00+00:00,0.6197,0.6205,0.6186,0.6203,4617299.0
2023-12-17 00:00:00+00:00,0.6202,0.6219,0.6202,0.6206,4856930.0
2023-12-17 01:00:00+00:00,0.6206,0.6225,0.6192,0.621,6632492.0
2023-12-17 02:00:00+00:00,0.6209,0.6222,0.6184,0.6185,6207469.0
2023-12-17 03:00:00+00:00,0.6185,0.6193,0.6159,0.6187,7861415.0
2023-12-17 04:00:00+00:00,0.6187,0.6206,0.6186,0.6201,4714107.0
2023-12-17 05:00:00+00:00,0.6202,0.6205,0.615,0.6172,6517674.0
2023-12-17 06:00:00+00:00,0.6171,0.6186,0.6129,0.6169,9299500.0
2023-12-17 07:00:00+00:00,0.617,0.6177,0.6133,0.6135,6876814.0
2023-12-17 08:00:00+00:00,0.6135,0.6169,0.6126,0.6164,7673508.0
2023-12-17 09:00:00+00:00,0.6163,0.6176,0.6147,0.6173,5972133.0
2023-12-17 10:00:00+00:00,0.6172,0.6237,0.6167,0.6195,18066415.0
2023-12-17 11:00:00+00:00,0.6196,0.6206,0.6174,0.6201,8814692.0
2023-12-17 12:00:00+00:00,0.62,0.6203,0.6177,0.6187,8603897.0
2023-12-17 13:00:00+00:00,0.6188,0.619,0.6151,0.6163,6715701.0
2023-12-17 14:00:00+00:00,0.6164,0.6181,0.6123,0.6147,9148056.0
2023-12-17 15:00:00+00:00,0.6147,0.6191,0.6142,0.6184,7564405.0
2023-12-17 16:00:00+00:00,0.6185,0.6202,0.6163,0.6202,6996484.0
2023-12-17 17:00:00+00:00,0.6201,0.622,0.6194,0.6201,6007919.0
2023-12-17 18:00:00+00:00,0.6201,0.6202,0.6163,0.6193,5511954.0
2023-12-17 19:00:00+00:00,0.6193,0.6201,0.6184,0.6189,3099135.0
2023-12-17 20:00:00+00:00,0.619,0.6197,0.6181,0.6185,4151107.0
2023-12-17 21:00:00+00:00,0.6185,0.6186,0.6154,0.6165,4638252.0
2023-12-17 22:00:00+00:00,0.6164,0.6165,0.6109,0.6131,8201415.0
2023-12-17 23:00:00+00:00,0.6132,0.6138,0.6084,0.6103,12345343.0
2023-12-18 00:00:00+00:00,0.6103,0.6137,0.61,0.6116,11233031.0
2023-12-18 01:00:00+00:00,0.6115,0.6122,0.6032,0.6035,19790116.0
2023-12-18 02:00:00+00:00,0.6034,0.6061,0.601,0.6027,16138062.0
2023-12-18 03:00:00+00:00,0.6026,0.6064,0.6021,0.606,13244233.0
2023-12-18 04:00:00+00:00,0.6059,0.608,0.6047,0.6072,13731105.0
2023-12-18 05:00:00+00:00,0.6072,0.6094,0.605,0.6058,14441730.0
2023-12-18 06:00:00+00:00,0.6058,0.6071,0.6029,0.6044,16909288.0
2023-12-18 07:00:00+00:00,0.6044,0.607,0.6002,0.6012,29463501.0
2023-12-18 08:00:00+00:00,0.6012,0.6021,0.5956,0.6009,33204665.0
2023-12-18 09:00:00+00:00,0.6008,0.6016,0.5908,0.5957,39115193.0
2023-12-18 10:00:00+00:00,0.5957,0.596,0.5778,0.5887,81988591.0
2023-12-18 11:00:00+00:00,0.5886,0.5928,0.587,0.5894,34265303.0
2023-12-18 12:00:00+00:00,0.5894,0.5897,0.5865,0.5876,18859146.0
2023-12-18 13:00:00+00:00,0.5875,0.5959,0.5874,0.5958,16272877.0
2023-12-18 14:00:00+00:00,0.5957,0.6006,0.5943,0.5995,17102628.0
2023-12-18 15:00:00+00:00,0.5995,0.5998,0.5956,0.5965,15586383.0
2023-12-18 16:00:00+00:00,0.5965,0.5987,0.5947,0.5983,10081641.0
2023-12-18 17:00:00+00:00,0.5983,0.6014,0.5977,0.5996,8956491.0
2023-12-18 18:00:00+00:00,0.5996,0.6026,0.5983,0.6026,6730664.0
2023-12-18 19:00:00+00:00,0.6026,0.6069,0.6019,0.6051,11935582.0
2023-12-18 20:00:00+00:00,0.6051,0.6078,0.6034,0.6067,9354120.0
2023-12-18 21:00:00+00:00,0.6066,0.61,0.6062,0.6098,15458278.0
2023-12-18 22:00:00+00:00,0.6097,0.6119,0.6083,0.6119,9970260.0
2023-12-18 23:00:00+00:00,0.6119,0.6145,0.6111,0.6125,13272208.0
2023-12-19 00:00:00+00:00,0.6125,0.6138,0.6092,0.6099,15792611.0
2023-12-19 01:00:00+00:00,0.61,0.6167,0.6091,0.6159,12324853.0
2023-12-19 02:00:00+00:00,0.6158,0.6167,0.6117,0.6118,13459994.0
2023-12-19 03:00:00+00:00,0.6118,0.6128,0.611,0.6125,11489640.0
2023-12-19 04:00:00+00:00,0.6124,0.6134,0.6115,0.6123,9268316.0
2023-12-19 05:00:00+00:00,0.6122,0.6145,0.6111,0.6113,12254669.0
2023-12-19 06:00:00+00:00,0.6112,0.6118,0.6089,0.6116,19744711.0
2023-12-19 07:00:00+00:00,0.6116,0.6131,0.6107,0.6112,12018254.0
2023-12-19 08:00:00+00:00,0.6112,0.6125,0.6101,0.6111,17286077.0
2023-12-19 09:00:00+00:00,0.6111,0.6113,0.6076,0.6093,17316965.0
2023-12-19 10:00:00+00:00,0.6092,0.6113,0.6082,0.6105,10271338.0
2023-12-19 11:00:00+00:00,0.6104,0.6113,0.6068,0.6082,13176574.0
2023-12-19 12:00:00+00:00,0.6082,0.6094,0.6062,0.6069,13882154.0
2023-12-19 13:00:00+00:00,0.6068,0.6113,0.6066,0.6103,16895334.0
2023-12-19 14:00:00+00:00,0.6102,0.6107,0.6018,0.6039,20968176.0
2023-12-19 15:00:00+00:00,0.6039,0.6079,0.6023,0.6056,13606324.0
2023-12-19 16:00:00+00:00,0.6056,0.6075,0.6038,0.6044,10841551.0
2023-12-19 17:00:00+00:00,0.6044,0.6051,0.5973,0.5978,17731319.0
2023-12-19 18:00:00+00:00,0.5978,0.6041,0.5972,0.6041,14192511.0
2023-12-19 19:00:00+00:00,0.604,0.606,0.6033,0.6051,7152591.0
2023-12-19 20:00:00+00:00,0.6051,0.6062,0.6033,0.6049,6362522.0
2023-12-19 21:00:00+00:00,0.6048,0.6077,0.6046,0.6077,6761880.0
2023-12-19 22:00:00+00:00,0.6076,0.6077,0.6042,0.6066,7648177.0
2023-12-19 23:00:00+00:00,0.6066,0.6076,0.603,0.6047,9009943.0
2023-12-20 00:00:00+00:00,0.6047,0.6058,0.6029,0.6052,11381493.0
2023-12-20 01:00:00+00:00,0.6052,0.6065,0.6019,0.604,7882263.0
2023-12-20 02:00:00+00:00,0.604,0.6066,0.601,0.6062,10809971.0
2023-12-20 03:00:00+00:00,0.6061,0.6092,0.6057,0.6086,10956316.0
2023-12-20 04:00:00+00:00,0.6086,0.6119,0.6079,0.6113,8777286.0
2023-12-20 05:00:00+00:00,0.6113,0.6115,0.6081,0.6082,7771633.0
2023-12-20 06:00:00+00:00,0.6082,0.61,0.6062,0.6075,18267017.0
2023-12-20 07:00:00+00:00,0.6075,0.6115,0.6074,0.6099,19502777.0
2023-12-20 08:00:00+00:00,0.6099,0.6113,0.6082,0.6098,16642674.0
2023-12-20 09:00:00+00:00,0.6098,0.6145,0.6095,0.6131,16205840.0
2023-12-20 10:00:00+00:00,0.6131,0.6141,0.6109,0.613,10250859.0
2023-12-20 11:00:00+00:00,0.6131,0.6131,0.61,0.611,14793167.0
2023-12-20 12:00:00+00:00,0.6111,0.6135,0.6103,0.6126,11538101.0
2023-12-20 13:00:00+00:00,0.6126,0.625,0.6125,0.6197,49548700.0
2023-12-20 14:00:00+00:00,0.6196,0.6227,0.6178,0.6199,19598926.0
2023-12-20 15:00:00+00:00,0.6198,0.6252,0.6191,0.622,19905114.0
2023-12-20 16:00:00+00:00,0.6219,0.6225,0.6168,0.6188,17420275.0
2023-12-20 17:00:00+00:00,0.6189,0.6212,0.6184,0.6203,10992056.0
2023-12-20 18:00:00+00:00,0.6203,0.626,0.6197,0.6249,15731641.0
2023-12-20 19:00:00+00:00,0.6248,0.6264,0.62,0.6209,14288818.0
2023-12-20 20:00:00+00:00,0.6208,0.6215,0.6067,0.6162,35964197.0
2023-12-20 21:00:00+00:00,0.6162,0.6187,0.6138,0.6153,9356181.0
2023-12-20 22:00:00+00:00,0.6153,0.62,0.6146,0.6186,9919374.0
2023-12-20 23:00:00+00:00,0.6187,0.6187,0.6148,0.6171,12628644.0
2023-12-21 00:00:00+00:00,0.6171,0.6171,0.6133,0.6137,14131580.0
2023-12-21 01:00:00+00:00,0.6136,0.6138,0.6107,0.6125,11253061.0
2023-12-21 02:00:00+00:00,0.6126,0.6145,0.6113,0.6137,7847818.0
2023-12-21 03:00:00+00:00,0.6136,0.6153,0.6131,0.6146,8102624.0
2023-12-21 04:00:00+00:00,0.6145,0.6167,0.6143,0.6164,9428761.0
2023-12-21 05:00:00+00:00,0.6164,0.6168,0.6124,0.6128,7733600.0
2023-12-21 06:00:00+00:00,0.6127,0.6149,0.6116,0.6139,15361540.0
2023-12-21 07:00:00+00:00,0.6139,0.6177,0.6132,0.6165,15536663.0
2023-12-21 08:00:00+00:00,0.6164,0.6186,0.6145,0.6146,11291483.0
2023-12-21 09:00:00+00:00,0.6146,0.6162,0.6133,0.6156,15737894.0
2023-12-21 10:00:00+00:00,0.6156,0.6211,0.6155,0.6201,14809581.0
2023-12-21 11:00:00+00:00,0.6201,0.6211,0.6174,0.6184,13473474.0
2023-12-21 12:00:00+00:00,0.6183,0.6209,0.6183,0.6186,14831742.0
2023-12-21 13:00:00+00:00,0.6185,0.6191,0.6166,0.6184,16375806.0
2023-12-21 14:00:00+00:00,0.6184,0.6194,0.6121,0.6125,18347614.0
2023-12-21 15:00:00+00:00,0.6125,0.616,0.6103,0.6155,14233079.0
2023-12-21 16:00:00+00:00,0.6155,0.6169,0.6131,0.6157,11632558.0
2023-12-21 17:00:00+00:00,0.6157,0.618,0.6145,0.6156,13454541.0
2023-12-21 18:00:00+00:00,0.6156,0.6196,0.6156,0.6173,12609706.0
2023-12-21 19:00:00+00:00,0.6173,0.6191,0.6156,0.6188,9021118.0
2023-12-21 20:00:00+00:00,0.6188,0.6235,0.6186,0.6224,12935643.0
2023-12-21 21:00:00+00:00,0.6224,0.6249,0.6205,0.6234,10401703.0
2023-12-21 22:00:00+00:00,0.6234,0.6241,0.6219,0.6237,7260930.0
2023-12-21 23:00:00+00:00,0.6237,0.6245,0.622,0.6241,8450785.0
2023-12-22 00:00:00+00:00,0.624,0.625,0.6219,0.6226,17088892.0
2023-12-22 01:00:00+00:00,0.6225,0.6268,0.6223,0.6237,15632250.0
2023-12-22 02:00:00+00:00,0.6236,0.6245,0.6192,0.6198,18733740.0
2023-12-22 03:00:00+00:00,0.6197,0.6206,0.618,0.6203,13210720.0
2023-12-22 04:00:00+00:00,0.6202,0.6221,0.619,0.6218,9722753.0
2023-12-22 05:00:00+00:00,0.6218,0.6226,0.6199,0.6209,12901649.0
2023-12-22 06:00:00+00:00,0.6208,0.6235,0.6168,0.6185,17872730.0
2023-12-22 07:00:00+00:00,0.6185,0.6199,0.6164,0.619,23494532.0
2023-12-22 08:00:00+00:00,0.619,0.6317,0.6172,0.626,53701268.0
2023-12-22 09:00:00+00:00,0.6261,0.6273,0.6181,0.6224,33193122.0
2023-12-22 10:00:00+00:00,0.6224,0.6227,0.6183,0.6202,17472189.0
2023-12-22 11:00:00+00:00,0.6201,0.6218,0.6184,0.6217,16091273.0
2023-12-22 12:00:00+00:00,0.6216,0.6221,0.6167,0.6173,16262431.0
2023-12-22 13:00:00+00:00,0.6172,0.6207,0.617,0.6204,11501403.0
2023-12-22 14:00:00+00:00,0.6203,0.6211,0.6154,0.6198,18478821.0
2023-12-22 15:00:00+00:00,0.6197,0.6201,0.6183,0.6199,14558746.0
2023-12-22 16:00:00+00:00,0.6199,0.6208,0.6155,0.6164,15853995.0
2023-12-22 17:00:00+00:00,0.6163,0.6198,0.6163,0.6193,10871232.0
2023-12-22 18:00:00+00:00,0.6193,0.6215,0.6188,0.6207,9823326.0
2023-12-22 19:00:00+00:00,0.6207,0.6207,0.6171,0.6181,9071375.0
2023-12-22 20:00:00+00:00,0.618,0.621,0.6178,0.6207,6841833.0
2023-12-22 21:00:00+00:00,0.6207,0.622,0.6202,0.6213,6379302.0
2023-12-22 22:00:00+00:00,0.6212,0.6243,0.62,0.6243,7623114.0
2023-12-22 23:00:00+00:00,0.6243,0.625,0.6226,0.6244,10235726.0
2023-12-23 00:00:00+00:00,0.6243,0.6249,0.6216,0.6216,9762077.0
2023-12-23 01:00:00+00:00,0.6216,0.6224,0.6152,0.6157,15033138.0
2023-12-23 02:00:00+00:00,0.6157,0.6174,0.6127,0.6153,11753830.0
2023-12-23 03:00:00+00:00,0.6153,0.6168,0.6128,0.6141,8043772.0
2023-12-23 04:00:00+00:00,0.6141,0.6144,0.6106,0.614,11053384.0
2023-12-23 05:00:00+00:00,0.614,0.6162,0.6138,0.616,6420853.0
2023-12-23 06:00:00+00:00,0.616,0.6162,0.6145,0.6161,6752224.0
2023-12-23 07:00:00+00:00,0.6161,0.617,0.6149,0.6152,5908801.0
2023-12-23 08:00:00+00:00,0.6152,0.6173,0.615,0.6172,4841768.0
2023-12-23 09:00:00+00:00,0.6172,0.6173,0.6159,0.616,4191559.0
2023-12-23 10:00:00+00:00,0.616,0.6167,0.6151,0.6151,6363743.0
2023-12-23 11:00:00+00:00,0.6152,0.6154,0.6136,0.6153,9003513.0
2023-12-23 12:00:00+00:00,0.6153,0.6166,0.615,0.6158,6615565.0
2023-12-23 13:00:00+00:00,0.6159,0.6173,0.6158,0.617,7178169.0
2023-12-23 14:00:00+00:00,0.617,0.6179,0.616,0.6176,6651154.0
2023-12-23 15:00:00+00:00,0.6175,0.6191,0.6171,0.6181,6302226.0
2023-12-23 16:00:00+00:00,0.6181,0.6193,0.6179,0.619,3987302.0
2023-12-23 17:00:00+00:00,0.619,0.6194,0.6182,0.6186,4159716.0
2023-12-23 18:00:00+00:00,0.6186,0.6206,0.6174,0.6196,7062292.0
2023-12-23 19:00:00+00:00,0.6196,0.6203,0.6179,0.6185,5801354.0
2023-12-23 20:00:00+00:00,0.6185,0.6191,0.6168,0.6177,6382886.0
2023-12-23 21:00:00+00:00,0.6176,0.6185,0.6167,0.6179,4095990.0
2023-12-23 22:00:00+00:00,0.6178,0.6199,0.6177,0.6195,6118728.0
2023-12-23 23:00:00+00:00,0.6194,0.62,0.6186,0.6195,7464847.0
2023-12-24 00:00:00+00:00,0.6195,0.6196,0.6165,0.6178,11890286.0
2023-12-24 01:00:00+00:00,0.6178,0.6212,0.6176,0.619,9382772.0
2023-12-24 02:00:00+00:00,0.619,0.6222,0.6186,0.622,9516717.0
2023-12-24 03:00:00+00:00,0.622,0.6227,0.6196,0.6201,8975441.0
2023-12-24 04:00:00+00:00,0.62,0.6229,0.6198,0.6208,13403538.0
2023-12-24 05:00:00+00:00,0.6209,0.621,0.6106,0.6142,25348184.0
2023-12-24 06:00:00+00:00,0.6142,0.6153,0.6116,0.6143,15013977.0
2023-12-24 07:00:00+00:00,0.6143,0.617,0.6138,0.6166,8639822.0
2023-12-24 08:00:00+00:00,0.6165,0.6173,0.6154,0.6166,10274119.0
2023-12-24 09:00:00+00:00,0.6167,0.6213,0.6157,0.6205,11470741.0
2023-12-24 10:00:00+00:00,0.6205,0.6206,0.6133,0.6174,12945223.0
2023-12-24 11:00:00+00:00,0.6174,0.6195,0.6167,0.6186,7330174.0
2023-12-24 12:00:00+00:00,0.6187,0.619,0.617,0.6185,6410904.0
2023-12-24 13:00:00+00:00,0.6185,0.6206,0.618,0.6206,9978412.0
2023-12-24 14:00:00+00:00,0.6205,0.6239,0.619,0.6203,16500303.0
2023-12-24 15:00:00+00:00,0.6202,0.6235,0.6202,0.6214,14651294.0
2023-12-24 16:00:00+00:00,0.6215,0.6221,0.6203,0.6213,10434281.0
2023-12-24 17:00:00+00:00,0.6212,0.6215,0.6197,0.6202,7387408.0
2023-12-24 18:00:00+00:00,0.6203,0.6227,0.6198,0.6225,6562093.0
2023-12-24 19:00:00+00:00,0.6225,0.6236,0.6209,0.6236,7002566.0
2023-12-24 20:00:00+00:00,0.6236,0.6295,0.619,0.6211,27378021.0
2023-12-24 21:00:00+00:00,0.621,0.6217,0.616,0.6184,11535885.0
2023-12-24 22:00:00+00:00,0.6184,0.6189,0.6035,0.6103,31586383.0
2023-12-24 23:00:00+00:00,0.6103,0.615,0.609,0.6121,11384853.0
2023-12-25 00:00:00+00:00,0.6122,0.6145,0.6082,0.6112,20076339.0
2023-12-25 01:00:00+00:00,0.6112,0.6132,0.6106,0.6115,9493683.0
2023-12-25 02:00:00+00:00,0.6114,0.6129,0.6095,0.6125,6177006.0
2023-12-25 03:00:00+00:00,0.6125,0.6175,0.612,0.6164,10824197.0
2023-12-25 04:00:00+00:00,0.6164,0.617,0.6152,0.6164,5913778.0
2023-12-25 05:00:00+00:00,0.6163,0.6171,0.6157,0.6168,5710255.0
2023-12-25 06:00:00+00:00,0.6168,0.6173,0.615,0.616,10363574.0
2023-12-25 07:00:00+00:00,0.6159,0.6171,0.6154,0.6164,8636305.0
2023-12-25 08:00:00+00:00,0.6164,0.629,0.616,0.6251,45378411.0
2023-12-25 09:00:00+00:00,0.6251,0.6455,0.6249,0.6418,80577579.0
2023-12-25 10:00:00+00:00,0.6417,0.645,0.6346,0.6375,38394122.0
2023-12-25 11:00:00+00:00,0.6374,0.6488,0.6373,0.6421,49991447.0
2023-12-25 12:00:00+00:00,0.642,0.6469,0.6391,0.6416,28286252.0
2023-12-25 13:00:00+00:00,0.6415,0.6418,0.6365,0.6385,21658078.0
2023-12-25 14:00:00+00:00,0.6385,0.6409,0.6372,0.6398,12954123.0
2023-12-25 15:00:00+00:00,0.6398,0.6402,0.6321,0.6333,25945409.0
2023-12-25 16:00:00+00:00,0.6333,0.6387,0.6309,0.6328,26245278.0
2023-12-25 17:00:00+00:00,0.6327,0.6351,0.6314,0.6338,16510454.0
2023-12-25 18:00:00+00:00,0.6338,0.6377,0.6337,0.6351,12156421.0
2023-12-25 19:00:00+00:00,0.635,0.6389,0.6348,0.6377,8247759.0
2023-12-25 20:00:00+00:00,0.6377,0.6417,0.635,0.6406,18479634.0
2023-12-25 21:00:00+00:00,0.6406,0.6437,0.6374,0.6417,14571698.0
2023-12-25 22:00:00+00:00,0.6417,0.6439,0.6406,0.6438,9646950.0
2023-12-25 23:00:00+00:00,0.6437,0.6477,0.6425,0.6462,15290492.0
2023-12-26 00:00:00+00:00,0.6461,0.6469,0.6344,0.6369,18669658.0
2023-12-26 01:00:00+00:00,0.6369,0.6384,0.6327,0.6364,11531088.0
2023-12-26 02:00:00+00:00,0.6363,0.6388,0.6352,0.6355,9387858.0
2023-12-26 03:00:00+00:00,0.6355,0.6384,0.6345,0.6384,8848713.0
2023-12-26 04:00:00+00:00,0.6384,0.6385,0.6351,0.6364,7530361.0
2023-12-26 05:00:00+00:00,0.6363,0.6376,0.62,0.6245,41623376.0
2023-12-26 06:00:00+00:00,0.6244,0.6256,0.6186,0.6208,26041326.0
2023-12-26 07:00:00+00:00,0.6208,0.6237,0.6186,0.6216,19621303.0
2023-12-26 08:00:00+00:00,0.6215,0.6243,0.6188,0.623,16471022.0
2023-12-26 09:00:00+00:00,0.6229,0.6238,0.6154,0.6208,22850306.0
2023-12-26 10:00:00+00:00,0.6207,0.6241,0.6204,0.6226,14440623.0
2023-12-26 11:00:00+00:00,0.6226,0.6258,0.6208,0.6243,14746497.0
2023-12-26 12:00:00+00:00,0.6242,0.6315,0.624,0.6312,23263705.0
2023-12-26 13:00:00+00:00,0.6312,0.6313,0.6258,0.6273,18895177.0
2023-12-26 14:00:00+00:00,0.6273,0.6283,0.6244,0.6256,15739362.0
2023-12-26 15:00:00+00:00,0.6256,0.6259,0.6185,0.62,21323065.0
2023-12-26 16:00:00+00:00,0.62,0.6246,0.6177,0.6242,19044776.0
2023-12-26 17:00:00+00:00,0.6241,0.6281,0.6,0.6144,54694310.0
2023-12-26 18:00:00+00:00,0.6144,0.6197,0.6105,0.619,18452665.0
2023-12-26 19:00:00+00:00,0.619,0.6194,0.6156,0.6164,10554985.0
2023-12-26 20:00:00+00:00,0.6163,0.6208,0.6157,0.6193,8823355.0
2023-12-26 21:00:00+00:00,0.6193,0.6209,0.618,0.6187,9135404.0
2023-12-26 22:00:00+00:00,0.6187,0.6215,0.618,0.6208,9124893.0
2023-12-26 23:00:00+00:00,0.6208,0.6224,0.6197,0.6219,6391162.0
2023-12-27 00:00:00+00:00,0.6219,0.622,0.6191,0.6193,8939544.0
2023-12-27 01:00:00+00:00,0.6193,0.6209,0.6173,0.6199,6703585.0
2023-12-27 02:00:00+00:00,0.6198,0.62,0.6138,0.6148,10427295.0
2023-12-27 03:00:00+00:00,0.6148,0.6179,0.6127,0.6163,9547292.0
2023-12-27 04:00:00+00:00,0.6163,0.6202,0.616,0.6194,8320550.0
2023-12-27 05:00:00+00:00,0.6194,0.622,0.6191,0.6216,10300457.0
2023-12-27 06:00:00+00:00,0.6215,0.6241,0.6173,0.6216,23484703.0
2023-12-27 07:00:00+00:00,0.6216,0.6226,0.6191,0.6192,15260692.0
2023-12-27 08:00:00+00:00,0.6193,0.6256,0.618,0.6248,22713715.0
2023-12-27 09:00:00+00:00,0.6248,0.6294,0.6226,0.629,27192267.0
2023-12-27 10:00:00+00:00,0.629,0.6315,0.627,0.63,21079906.0
2023-12-27 11:00:00+00:00,0.63,0.6302,0.6262,0.6272,15922136.0
2023-12-27 12:00:00+00:00,0.6273,0.6292,0.6255,0.6277,16108130.0
2023-12-27 13:00:00+00:00,0.6277,0.6314,0.6262,0.6296,14159960.0
2023-12-27 14:00:00+00:00,0.6296,0.6344,0.6267,0.6292,22646375.0
2023-12-27 15:00:00+00:00,0.6292,0.6336,0.6278,0.6334,18673440.0
2023-12-27 16:00:00+00:00,0.6334,0.6379,0.6312,0.6336,25425792.0
2023-12-27 17:00:00+00:00,0.6336,0.6362,0.6309,0.635,14020304.0
2023-12-27 18:00:00+00:00,0.6351,0.6403,0.633,0.6374,19509630.0
2023-12-27 19:00:00+00:00,0.6374,0.6391,0.6354,0.6391,9777465.0
2023-12-27 20:00:00+00:00,0.6391,0.6421,0.6372,0.6414,11563571.0
2023-12-27 21:00:00+00:00,0.6413,0.6418,0.636,0.6363,9725975.0
2023-12-27 22:00:00+00:00,0.6362,0.6382,0.6304,0.6326,10598804.0
2023-12-27 23:00:00+00:00,0.6327,0.6357,0.6326,0.634,11857592.0
2023-12-28 00:00:00+00:00,0.6341,0.642,0.6327,0.6393,27503968.0
2023-12-28 01:00:00+00:00,0.6392,0.6454,0.638,0.641,24724326.0
2023-12-28 02:00:00+00:00,0.6409,0.6491,0.6366,0.6435,27906069.0
2023-12-28 03:00:00+00:00,0.6435,0.6437,0.6397,0.6414,16496578.0
2023-12-28 04:00:00+00:00,0.6415,0.6584,0.641,0.6541,36830800.0
2023-12-28 05:00:00+00:00,0.654,0.6546,0.6441,0.6446,24943121.0
2023-12-28 06:00:00+00:00,0.6446,0.6466,0.6334,0.637,31951964.0
2023-12-28 07:00:00+00:00,0.637,0.6386,0.6316,0.6365,24574255.0
2023-12-28 08:00:00+00:00,0.6365,0.6395,0.633,0.6381,17813744.0
2023-12-28 09:00:00+00:00,0.638,0.6442,0.6373,0.6408,21751030.0
2023-12-28 10:00:00+00:00,0.6409,0.65,0.6402,0.6475,19790534.0
2023-12-28 11:00:00+00:00,0.6475,0.6498,0.6415,0.6432,19143409.0
2023-12-28 12:00:00+00:00,0.6431,0.6447,0.6332,0.6338,21961966.0
2023-12-28 13:00:00+00:00,0.6337,0.6402,0.6295,0.6381,20972986.0
2023-12-28 14:00:00+00:00,0.6382,0.6388,0.6249,0.6313,40039542.0
2023-12-28 15:00:00+00:00,0.6312,0.6326,0.6273,0.6295,19384675.0
2023-12-28 16:00:00+00:00,0.6295,0.6321,0.6269,0.6297,14252627.0
2023-12-28 17:00:00+00:00,0.6297,0.6331,0.6288,0.6307,11578247.0
2023-12-28 18:00:00+00:00,0.6307,0.6327,0.6272,0.6315,9118479.0
2023-12-28 19:00:00+00:00,0.6316,0.6336,0.6301,0.632,6417883.0
2023-12-28 20:00:00+00:00,0.6319,0.6321,0.6256,0.6305,8750168.0
2023-12-28 21:00:00+00:00,0.6305,0.6332,0.6274,0.6301,7164198.0
2023-12-28 22:00:00+00:00,0.63,0.6336,0.6287,0.6335,6190020.0
2023-12-28 23:00:00+00:00,0.6335,0.6365,0.6317,0.6346,8932414.0
2023-12-29 00:00:00+00:00,0.6346,0.6356,0.6275,0.6287,17145334.0
2023-12-29 01:00:00+00:00,0.6287,0.6301,0.6207,0.6276,24941021.0
2023-12-29 02:00:00+00:00,0.6276,0.631,0.6265,0.6309,10450457.0
2023-12-29 03:00:00+00:00,0.6309,0.6331,0.6295,0.6314,8647390.0
2023-12-29 04:00:00+00:00,0.6314,0.6329,0.6303,0.6325,7598465.0
2023-12-29 05:00:00+00:00,0.6325,0.6326,0.6302,0.6311,6450516.0
2023-12-29 06:00:00+00:00,0.6311,0.6331,0.6302,0.6305,14199974.0
2023-12-29 07:00:00+00:00,0.6305,0.6321,0.623,0.6241,17622202.0
2023-12-29 08:00:00+00:00,0.6241,0.6303,0.6236,0.6276,23081169.0
2023-12-29 09:00:00+00:00,0.6275,0.6311,0.6266,0.6311,12409709.0
2023-12-29 10:00:00+00:00,0.631,0.632,0.6292,0.6293,8809360.0
2023-12-29 11:00:00+00:00,0.6292,0.6325,0.629,0.6314,13936827.0
2023-12-29 12:00:00+00:00,0.6313,0.6323,0.6297,0.6311,12436076.0
2023-12-29 13:00:00+00:00,0.6311,0.6355,0.6288,0.6327,20222663.0
2023-12-29 14:00:00+00:00,0.6327,0.6363,0.6327,0.636,16229001.0
2023-12-29 15:00:00+00:00,0.636,0.6361,0.6208,0.6244,30273021.0
2023-12-29 16:00:00+00:00,0.6243,0.6263,0.6173,0.6195,30064151.0
2023-12-29 17:00:00+00:00,0.6195,0.6212,0.6156,0.6182,18819832.0
2023-12-29 18:00:00+00:00,0.6182,0.6226,0.6175,0.622,8636715.0
2023-12-29 19:00:00+00:00,0.622,0.6238,0.6204,0.6235,4791321.0
2023-12-29 20:00:00+00:00,0.6235,0.6235,0.6198,0.6211,6109944.0
2023-12-29 21:00:00+00:00,0.6211,0.623,0.6179,0.6193,7645313.0
2023-12-29 22:00:00+00:00,0.6193,0.6199,0.6121,0.6194,16645630.0
2023-12-29 23:00:00+00:00,0.6194,0.6237,0.6194,0.623,9894651.0
2023-12-30 00:00:00+00:00,0.6229,0.6237,0.622,0.6231,6672597.0
2023-12-30 01:00:00+00:00,0.6231,0.6246,0.6226,0.6239,5678836.0
2023-12-30 02:00:00+00:00,0.6239,0.624,0.6191,0.6212,8228283.0
2023-12-30 03:00:00+00:00,0.6212,0.6218,0.6186,0.6204,6175181.0
2023-12-30 04:00:00+00:00,0.6204,0.6224,0.6202,0.6209,5373069.0
2023-12-30 05:00:00+00:00,0.621,0.6234,0.6203,0.623,5507120.0
2023-12-30 06:00:00+00:00,0.6231,0.6257,0.6223,0.6249,5659826.0
2023-12-30 07:00:00+00:00,0.6249,0.6257,0.6215,0.6221,6436632.0
2023-12-30 08:00:00+00:00,0.6221,0.6228,0.6166,0.6177,10560485.0
2023-12-30 09:00:00+00:00,0.6177,0.6203,0.6158,0.6182,17397282.0
2023-12-30 10:00:00+00:00,0.6182,0.6204,0.6176,0.6203,9331021.0
2023-12-30 11:00:00+00:00,0.6202,0.6213,0.6185,0.6204,5513565.0
2023-12-30 12:00:00+00:00,0.6205,0.6245,0.62,0.6236,8405731.0
2023-12-30 13:00:00+00:00,0.6236,0.6244,0.6216,0.6236,7863863.0
2023-12-30 14:00:00+00:00,0.6236,0.6259,0.6235,0.6256,9289764.0
2023-12-30 15:00:00+00:00,0.6256,0.6297,0.6246,0.6281,10073974.0
2023-12-30 16:00:00+00:00,0.6281,0.6296,0.6259,0.6267,6644369.0
2023-12-30 17:00:00+00:00,0.6267,0.6273,0.6249,0.6262,5688718.0
2023-12-30 18:00:00+00:00,0.6262,0.6265,0.6243,0.6257,5380885.0
2023-12-30 19:00:00+00:00,0.6257,0.6259,0.6245,0.6248,4629791.0
2023-12-30 20:00:00+00:00,0.6247,0.6256,0.6236,0.6237,3912692.0
2023-12-30 21:00:00+00:00,0.6238,0.6244,0.6229,0.6244,2829239.0
2023-12-30 22:00:00+00:00,0.6243,0.6243,0.6204,0.6212,6780828.0
2023-12-30 23:00:00+00:00,0.6212,0.6231,0.6206,0.6207,4108156.0
2023-12-31 00:00:00+00:00,0.6207,0.6229,0.62,0.6226,6158820.0
2023-12-31 01:00:00+00:00,0.6226,0.6234,0.6212,0.6214,3777932.0
2023-12-31 02:00:00+00:00,0.6214,0.6224,0.6181,0.6199,8606729.0
2023-12-31 03:00:00+00:00,0.6198,0.6206,0.6186,0.6203,3704343.0
2023-12-31 04:00:00+00:00,0.6203,0.6216,0.62,0.621,4561760.0
2023-12-31 05:00:00+00:00,0.6211,0.6228,0.6209,0.6219,4394344.0
2023-12-31 06:00:00+00:00,0.6219,0.6231,0.6218,0.6227,2800519.0
2023-12-31 07:00:00+00:00,0.6228,0.6246,0.6226,0.6236,4415269.0
2023-12-31 08:00:00+00:00,0.6236,0.6239,0.6221,0.6229,3826877.0
2023-12-31 09:00:00+00:00,0.6229,0.6285,0.6226,0.6268,11247128.0
2023-12-31 10:00:00+00:00,0.6268,0.6271,0.6239,0.6244,7282952.0
2023-12-31 11:00:00+00:00,0.6244,0.6254,0.6232,0.6233,7405729.0
2023-12-31 12:00:00+00:00,0.6234,0.6254,0.6204,0.6223,7295162.0
2023-12-31 13:00:00+00:00,0.6223,0.624,0.6204,0.6232,4967985.0
2023-12-31 14:00:00+00:00,0.6231,0.6235,0.6217,0.6223,5554918.0
2023-12-31 15:00:00+00:00,0.6223,0.6244,0.6209,0.6222,5309784.0
2023-12-31 16:00:00+00:00,0.6222,0.624,0.6213,0.6229,3919209.0
2023-12-31 17:00:00+00:00,0.6229,0.6232,0.62,0.6217,5298913.0
2023-12-31 18:00:00+00:00,0.6216,0.6223,0.62,0.6211,4555925.0
2023-12-31 19:00:00+00:00,0.621,0.6217,0.6202,0.6206,3166885.0
2023-12-31 20:00:00+00:00,0.6207,0.6208,0.6176,0.6183,8557216.0
2023-12-31 21:00:00+00:00,0.6184,0.6207,0.6181,0.6193,5316833.0
2023-12-31 22:00:00+00:00,0.6192,0.6194,0.6055,0.6114,21127656.0
2023-12-31 23:00:00+00:00,0.6114,0.6157,0.6108,0.6156,17725880.0
2024-01-01 00:00:00+00:00,0.6155,0.6172,0.6146,0.6162,14498728.0
2024-01-01 01:00:00+00:00,0.6161,0.619,0.615,0.6185,9029149.0
2024-01-01 02:00:00+00:00,0.6184,0.6186,0.6149,0.6154,6553752.0
2024-01-01 03:00:00+00:00,0.6154,0.6157,0.6112,0.613,8001610.0
2024-01-01 04:00:00+00:00,0.6129,0.6134,0.6093,0.6116,10514620.0
2024-01-01 05:00:00+00:00,0.6116,0.6124,0.6083,0.6087,7622323.0
2024-01-01 06:00:00+00:00,0.6087,0.6129,0.6084,0.6127,5515748.0
2024-01-01 07:00:00+00:00,0.6127,0.6153,0.6127,0.615,3607686.0
2024-01-01 08:00:00+00:00,0.615,0.6163,0.6143,0.6161,4436880.0
2024-01-01 09:00:00+00:00,0.6161,0.6177,0.6152,0.6175,4422313.0
2024-01-01 10:00:00+00:00,0.6175,0.619,0.6173,0.6188,4925516.0
2024-01-01 11:00:00+00:00,0.6188,0.6207,0.6177,0.6205,6067891.0
2024-01-01 12:00:00+00:00,0.6205,0.6213,0.6191,0.6196,5869164.0
2024-01-01 13:00:00+00:00,0.6197,0.6216,0.619,0.621,5679263.0
2024-01-01 14:00:00+00:00,0.6209,0.621,0.6183,0.6193,6224809.0
2024-01-01 15:00:00+00:00,0.6193,0.6219,0.619,0.6213,5328702.0
2024-01-01 16:00:00+00:00,0.6213,0.622,0.6198,0.6209,6248474.0
2024-01-01 17:00:00+00:00,0.6208,0.6237,0.6206,0.6232,4728255.0
2024-01-01 18:00:00+00:00,0.6233,0.6254,0.6231,0.6237,7106348.0
2024-01-01 19:00:00+00:00,0.6238,0.626,0.6237,0.6258,6658451.0
2024-01-01 20:00:00+00:00,0.6258,0.6289,0.6255,0.6276,11038195.0
2024-01-01 21:00:00+00:00,0.6277,0.6283,0.6266,0.6282,6331827.0
2024-01-01 22:00:00+00:00,0.6281,0.6286,0.6257,0.6269,5483173.0
2024-01-01 23:00:00+00:00,0.6269,0.6309,0.6269,0.6294,9976523.0
2024-01-02 00:00:00+00:00,0.6295,0.6327,0.6287,0.6314,27514701.0
2024-01-02 01:00:00+00:00,0.6314,0.6344,0.631,0.6323,14919889.0
2024-01-02 02:00:00+00:00,0.6323,0.6354,0.6317,0.634,11160952.0
2024-01-02 03:00:00+00:00,0.634,0.6348,0.6317,0.6339,9683658.0
2024-01-02 04:00:00+00:00,0.6339,0.6343,0.6327,0.6334,8161331.0
2024-01-02 05:00:00+00:00,0.6333,0.6343,0.6289,0.6301,11923852.0
2024-01-02 06:00:00+00:00,0.6301,0.6306,0.6277,0.6282,23775317.0
2024-01-02 07:00:00+00:00,0.6282,0.6321,0.6281,0.6307,17415828.0
2024-01-02 08:00:00+00:00,0.6307,0.6334,0.6291,0.6329,24496588.0
2024-01-02 09:00:00+00:00,0.6328,0.6405,0.6313,0.6377,25115367.0
2024-01-02 10:00:00+00:00,0.6377,0.6381,0.634,0.6366,21126103.0
2024-01-02 11:00:00+00:00,0.6366,0.6367,0.63,0.632,22137767.0
2024-01-02 12:00:00+00:00,0.632,0.634,0.6278,0.6298,18026227.0
2024-01-02 13:00:00+00:00,0.6297,0.6329,0.6288,0.6317,10862122.0
2024-01-02 14:00:00+00:00,0.6316,0.6324,0.623,0.6254,27806283.0
2024-01-02 15:00:00+00:00,0.6253,0.6282,0.6218,0.6256,16160486.0
2024-01-02 16:00:00+00:00,0.6255,0.6272,0.6224,0.6272,12275659.0
2024-01-02 17:00:00+00:00,0.6271,0.6272,0.6213,0.6228,11171014.0
2024-01-02 18:00:00+00:00,0.6229,0.6264,0.6226,0.6256,11738872.0
2024-01-02 19:00:00+00:00,0.6256,0.6292,0.625,0.6276,11702497.0
2024-01-02 20:00:00+00:00,0.6276,0.629,0.6253,0.6259,9379802.0
2024-01-02 21:00:00+00:00,0.6259,0.628,0.6237,0.6272,8102154.0
2024-01-02 22:00:00+00:00,0.6272,0.6283,0.6248,0.6273,7594774.0
2024-01-02 23:00:00+00:00,0.6273,0.628,0.624,0.6246,8818251.0
2024-01-03 00:00:00+00:00,0.6245,0.6273,0.6226,0.6266,18827999.0
2024-01-03 01:00:00+00:00,0.6265,0.6279,0.6264,0.6274,6271377.0
2024-01-03 02:00:00+00:00,0.6275,0.6277,0.626,0.6261,9053381.0
2024-01-03 03:00:00+00:00,0.6261,0.6266,0.6253,0.6261,6870125.0
2024-01-03 04:00:00+00:00,0.6261,0.6392,0.626,0.6336,33778327.0
2024-01-03 05:00:00+00:00,0.6336,0.6394,0.632,0.6359,26582626.0
2024-01-03 06:00:00+00:00,0.6359,0.6382,0.6312,0.6344,27536252.0
2024-01-03 07:00:00+00:00,0.6344,0.6359,0.6306,0.6319,15083136.0
2024-01-03 08:00:00+00:00,0.6318,0.6332,0.6298,0.6309,17252117.0
2024-01-03 09:00:00+00:00,0.631,0.6355,0.6307,0.6352,11798344.0
2024-01-03 10:00:00+00:00,0.6352,0.6363,0.6325,0.633,13608603.0
2024-01-03 11:00:00+00:00,0.6329,0.6332,0.6115,0.6185,52855571.0
2024-01-03 12:00:00+00:00,0.6186,0.6187,0.5,0.5623,304657095.0
2024-01-03 13:00:00+00:00,0.5624,0.5698,0.5452,0.5684,149597826.0
2024-01-03 14:00:00+00:00,0.5685,0.5699,0.5569,0.5615,84067912.0
2024-01-03 15:00:00+00:00,0.5615,0.5774,0.5611,0.5765,61459632.0
2024-01-03 16:00:00+00:00,0.5766,0.5798,0.5713,0.5752,58008462.0
2024-01-03 17:00:00+00:00,0.5751,0.5766,0.5708,0.5749,31726381.0
2024-01-03 18:00:00+00:00,0.575,0.5781,0.5662,0.5706,29202441.0
2024-01-03 19:00:00+00:00,0.5708,0.5793,0.5695,0.5738,20418032.0
2024-01-03 20:00:00+00:00,0.5738,0.5896,0.5734,0.5883,34819083.0
2024-01-03 21:00:00+00:00,0.5882,0.59,0.5838,0.5898,18695093.0
2024-01-03 22:00:00+00:00,0.5899,0.5899,0.5791,0.5831,16854222.0
2024-01-03 23:00:00+00:00,0.583,0.5832,0.5793,0.5823,14489283.0
2024-01-04 00:00:00+00:00,0.5823,0.5834,0.5795,0.5805,19673870.0
2024-01-04 01:00:00+00:00,0.5804,0.5813,0.5692,0.5733,26680854.0
2024-01-04 02:00:00+00:00,0.5733,0.5829,0.573,0.5823,10520151.0
2024-01-04 03:00:00+00:00,0.5824,0.5833,0.5793,0.5814,15516419.0
2024-01-04 04:00:00+00:00,0.5813,0.5836,0.5801,0.5832,12754912.0
2024-01-04 05:00:00+00:00,0.5832,0.5845,0.58,0.5813,11706882.0
2024-01-04 06:00:00+00:00,0.5813,0.5826,0.5788,0.5798,17740931.0
2024-01-04 07:00:00+00:00,0.5797,0.582,0.5741,0.5741,24891904.0
2024-01-04 08:00:00+00:00,0.5742,0.5771,0.5725,0.5737,19264843.0
2024-01-04 09:00:00+00:00,0.5737,0.5781,0.5731,0.5772,10879835.0
2024-01-04 10:00:00+00:00,0.5772,0.5788,0.5703,0.5764,14494913.0
2024-01-04 11:00:00+00:00,0.5763,0.5777,0.5738,0.5765,16081267.0
2024-01-04 12:00:00+00:00,0.5766,0.5797,0.5751,0.579,14388934.0
2024-01-04 13:00:00+00:00,0.5791,0.5813,0.5762,0.5796,14463606.0
2024-01-04 14:00:00+00:00,0.5796,0.5848,0.5786,0.5844,17863455.0
2024-01-04 15:00:00+00:00,0.5844,0.5882,0.582,0.5857,29310988.0
2024-01-04 16:00:00+00:00,0.5856,0.5862,0.5815,0.5824,17637421.0
2024-01-04 17:00:00+00:00,0.5824,0.5854,0.5816,0.5849,11389236.0
2024-01-04 18:00:00+00:00,0.585,0.5872,0.5798,0.5858,25012838.0
2024-01-04 19:00:00+00:00,0.5859,0.5893,0.5851,0.5866,9559548.0
2024-01-04 20:00:00+00:00,0.5866,0.5915,0.5863,0.5894,11174867.0
2024-01-04 21:00:00+00:00,0.5894,0.592,0.5878,0.5907,10672281.0
2024-01-04 22:00:00+00:00,0.5906,0.5938,0.5864,0.5877,15500370.0
2024-01-04 23:00:00+00:00,0.5877,0.5883,0.5851,0.5868,7458038.0
2024-01-05 00:00:00+00:00,0.5868,0.5885,0.5834,0.5846,12063239.0
2024-01-05 01:00:00+00:00,0.5846,0.5848,0.553,0.572,43179039.0
2024-01-05 02:00:00+00:00,0.5719,0.5767,0.5709,0.5744,18994422.0
2024-01-05 03:00:00+00:00,0.5744,0.5774,0.574,0.5761,9831715.0
2024-01-05 04:00:00+00:00,0.5761,0.5775,0.573,0.5763,12884408.0
2024-01-05 05:00:00+00:00,0.5763,0.5783,0.5753,0.5757,7458595.0
2024-01-05 06:00:00+00:00,0.5756,0.576,0.5725,0.5743,16235280.0
2024-01-05 07:00:00+00:00,0.5743,0.5766,0.5721,0.5735,22695523.0
2024-01-05 08:00:00+00:00,0.5734,0.5753,0.5731,0.5742,11852533.0
2024-01-05 09:00:00+00:00,0.5742,0.5791,0.5741,0.5789,12353247.0
2024-01-05 10:00:00+00:00,0.5789,0.579,0.5659,0.5698,19840691.0
2024-01-05 11:00:00+00:00,0.5698,0.5726,0.5671,0.5693,19165931.0
2024-01-05 12:00:00+00:00,0.5692,0.5726,0.5665,0.5708,15659354.0
2024-01-05 13:00:00+00:00,0.5709,0.5728,0.5676,0.5707,15839833.0
2024-01-05 14:00:00+00:00,0.5707,0.572,0.5592,0.5609,29068596.0
2024-01-05 15:00:00+00:00,0.5609,0.5658,0.5602,0.5634,20872489.0
2024-01-05 16:00:00+00:00,0.5634,0.5667,0.559,0.5595,17602721.0
2024-01-05 17:00:00+00:00,0.5595,0.5654,0.5532,0.5649,24752769.0
2024-01-05 18:00:00+00:00,0.5648,0.5683,0.5636,0.5677,9666964.0
2024-01-05 19:00:00+00:00,0.5677,0.5701,0.5666,0.5676,9535442.0
2024-01-05 20:00:00+00:00,0.5675,0.5744,0.5675,0.5727,11778835.0
2024-01-05 21:00:00+00:00,0.5726,0.5729,0.5692,0.5727,6643073.0
2024-01-05 22:00:00+00:00,0.5727,0.5742,0.5707,0.574,5996116.0
2024-01-05 23:00:00+00:00,0.5739,0.5763,0.5739,0.5757,9258530.0
2024-01-06 00:00:00+00:00,0.5758,0.5758,0.571,0.5729,6969328.0
2024-01-06 01:00:00+00:00,0.5728,0.5734,0.5709,0.573,5951194.0
2024-01-06 02:00:00+00:00,0.5729,0.5733,0.5714,0.5722,4129871.0
2024-01-06 03:00:00+00:00,0.5721,0.5731,0.5707,0.5716,7887517.0
2024-01-06 04:00:00+00:00,0.5715,0.5735,0.5711,0.5713,5653610.0
2024-01-06 05:00:00+00:00,0.5712,0.5724,0.5635,0.5664,16619907.0
2024-01-06 06:00:00+00:00,0.5664,0.5673,0.5568,0.5591,18232801.0
2024-01-06 07:00:00+00:00,0.559,0.5643,0.5586,0.5643,10741846.0
2024-01-06 08:00:00+00:00,0.5642,0.566,0.5612,0.5659,5817627.0
2024-01-06 09:00:00+00:00,0.5659,0.5671,0.5653,0.5656,4392775.0
2024-01-06 10:00:00+00:00,0.5656,0.5675,0.5638,0.5662,5800107.0
2024-01-06 11:00:00+00:00,0.5662,0.5668,0.5642,0.5661,5224101.0
2024-01-06 12:00:00+00:00,0.566,0.5681,0.5649,0.5663,4845694.0
2024-01-06 13:00:00+00:00,0.5663,0.567,0.5647,0.5661,6803901.0
2024-01-06 14:00:00+00:00,0.5661,0.5714,0.5657,0.5706,7983068.0
2024-01-06 15:00:00+00:00,0.5706,0.5736,0.5693,0.571,8692251.0
2024-01-06 16:00:00+00:00,0.571,0.5723,0.5693,0.5701,5029142.0
2024-01-06 17:00:00+00:00,0.5702,0.5717,0.569,0.5714,4626571.0
2024-01-06 18:00:00+00:00,0.5714,0.5719,0.5696,0.5699,7505180.0
2024-01-06 19:00:00+00:00,0.5699,0.5701,0.5668,0.5692,4758601.0
2024-01-06 20:00:00+00:00,0.5693,0.5701,0.5668,0.5678,4576155.0
2024-01-06 21:00:00+00:00,0.5678,0.568,0.5655,0.5672,4942595.0
2024-01-06 22:00:00+00:00,0.5672,0.5687,0.5654,0.5681,3239287.0
2024-01-06 23:00:00+00:00,0.568,0.5683,0.5639,0.5679,6325922.0
2024-01-07 00:00:00+00:00,0.568,0.5709,0.5666,0.57,5654945.0
2024-01-07 01:00:00+00:00,0.5699,0.571,0.5672,0.5673,4182211.0
2024-01-07 02:00:00+00:00,0.5673,0.5699,0.5661,0.5671,7800143.0
2024-01-07 03:00:00+00:00,0.567,0.5676,0.5648,0.5664,6682612.0
2024-01-07 04:00:00+00:00,0.5664,0.5678,0.5654,0.5676,5849526.0
2024-01-07 05:00:00+00:00,0.5675,0.5686,0.5663,0.5672,4288322.0
2024-01-07 06:00:00+00:00,0.5672,0.5699,0.5664,0.5695,5230167.0
2024-01-07 07:00:00+00:00,0.5694,0.5699,0.5682,0.5691,10049004.0
2024-01-07 08:00:00+00:00,0.5691,0.573,0.5681,0.5683,24650675.0
2024-01-07 09:00:00+00:00,0.5684,0.5699,0.5641,0.5655,14481332.0
2024-01-07 10:00:00+00:00,0.5655,0.5673,0.5647,0.566,6425146.0
2024-01-07 11:00:00+00:00,0.5661,0.568,0.5656,0.5666,7178062.0
2024-01-07 12:00:00+00:00,0.5667,0.5671,0.5636,0.5664,7893577.0
2024-01-07 13:00:00+00:00,0.5664,0.5702,0.5661,0.5694,7910133.0
2024-01-07 14:00:00+00:00,0.5694,0.5706,0.5678,0.5702,8307325.0
2024-01-07 15:00:00+00:00,0.5703,0.5703,0.5661,0.5673,8426360.0
2024-01-07 16:00:00+00:00,0.5673,0.5684,0.5616,0.5621,10800638.0
2024-01-07 17:00:00+00:00,0.5621,0.5667,0.5607,0.5654,7730576.0
2024-01-07 18:00:00+00:00,0.5654,0.5684,0.5654,0.5672,4273444.0
2024-01-07 19:00:00+00:00,0.5671,0.5682,0.5655,0.5672,3987513.0
2024-01-07 20:00:00+00:00,0.5673,0.5677,0.5644,0.5646,2879203.0
2024-01-07 21:00:00+00:00,0.5646,0.5659,0.5628,0.564,4138651.0
2024-01-07 22:00:00+00:00,0.564,0.564,0.549,0.5506,35146095.0
2024-01-07 23:00:00+00:00,0.5507,0.5556,0.5454,0.5515,22751899.0
2024-01-08 00:00:00+00:00,0.5515,0.5821,0.5489,0.5777,82531052.0
2024-01-08 01:00:00+00:00,0.5777,0.5797,0.5621,0.5724,48011658.0
2024-01-08 02:00:00+00:00,0.5724,0.5756,0.5508,0.5603,44013372.0
2024-01-08 03:00:00+00:00,0.5603,0.5617,0.5442,0.5598,39308605.0
2024-01-08 04:00:00+00:00,0.5597,0.5648,0.5577,0.5615,17065736.0
2024-01-08 05:00:00+00:00,0.5614,0.5622,0.5566,0.5585,15084557.0
2024-01-08 06:00:00+00:00,0.5584,0.5662,0.5567,0.5585,24423322.0
2024-01-08 07:00:00+00:00,0.5584,0.5591,0.5537,0.5565,19239406.0
2024-01-08 08:00:00+00:00,0.5565,0.5584,0.551,0.5514,19264989.0
2024-01-08 09:00:00+00:00,0.5514,0.5541,0.5505,0.5523,13121520.0
2024-01-08 10:00:00+00:00,0.5524,0.5578,0.5513,0.5578,8105207.0
2024-01-08 11:00:00+00:00,0.5577,0.563,0.5567,0.5623,13889487.0
2024-01-08 12:00:00+00:00,0.5623,0.5698,0.5613,0.5664,28492130.0
2024-01-08 13:00:00+00:00,0.5663,0.5671,0.5627,0.5634,13570344.0
2024-01-08 14:00:00+00:00,0.5634,0.5652,0.5618,0.5637,10599090.0
2024-01-08 15:00:00+00:00,0.5636,0.5673,0.5619,0.5656,15047328.0
2024-01-08 16:00:00+00:00,0.5656,0.568,0.5644,0.5653,10936188.0
2024-01-08 17:00:00+00:00,0.5653,0.5703,0.5642,0.5703,10873082.0
2024-01-08 18:00:00+00:00,0.5703,0.5781,0.5701,0.5775,21073395.0
2024-01-08 19:00:00+00:00,0.5775,0.5816,0.5769,0.5807,22656945.0
2024-01-08 20:00:00+00:00,0.5807,0.5811,0.5743,0.5763,14975427.0
2024-01-08 21:00:00+00:00,0.5763,0.5789,0.5753,0.577,8542387.0
2024-01-08 22:00:00+00:00,0.577,0.58,0.5753,0.58,8599465.0
2024-01-08 23:00:00+00:00,0.5799,0.5806,0.576,0.5776,11163273.0
2024-01-09 00:00:00+00:00,0.5776,0.5783,0.5665,0.5715,25130213.0
2024-01-09 01:00:00+00:00,0.5715,0.5737,0.5703,0.573,10247826.0
2024-01-09 02:00:00+00:00,0.573,0.5746,0.5722,0.5744,8152113.0
2024-01-09 03:00:00+00:00,0.5744,0.5744,0.5707,0.5727,12211122.0
2024-01-09 04:00:00+00:00,0.5726,0.5751,0.5717,0.5748,8658480.0
2024-01-09 05:00:00+00:00,0.5747,0.575,0.5705,0.5709,9870963.0
2024-01-09 06:00:00+00:00,0.5709,0.5714,0.5688,0.5694,15625276.0
2024-01-09 07:00:00+00:00,0.5694,0.5724,0.5677,0.5715,20176316.0
2024-01-09 08:00:00+00:00,0.5715,0.573,0.566,0.5669,12503301.0
2024-01-09 09:00:00+00:00,0.5668,0.5682,0.5621,0.5646,19176625.0
2024-01-09 10:00:00+00:00,0.5646,0.5676,0.5642,0.567,8489791.0
2024-01-09 11:00:00+00:00,0.567,0.5698,0.5661,0.5686,12918860.0
2024-01-09 12:00:00+00:00,0.5686,0.5695,0.5531,0.5583,23356827.0
2024-01-09 13:00:00+00:00,0.5583,0.5646,0.5578,0.5637,21567724.0
2024-01-09 14:00:00+00:00,0.5636,0.5648,0.5569,0.5573,17499216.0
2024-01-09 15:00:00+00:00,0.5572,0.562,0.5553,0.5596,13058845.0
2024-01-09 16:00:00+00:00,0.5595,0.5609,0.5555,0.5585,10887213.0
2024-01-09 17:00:00+00:00,0.5585,0.5611,0.556,0.561,10249344.0
2024-01-09 18:00:00+00:00,0.5609,0.5771,0.5603,0.5698,54496461.0
2024-01-09 19:00:00+00:00,0.5697,0.5763,0.5645,0.5728,28002733.0
2024-01-09 20:00:00+00:00,0.5727,0.5771,0.5671,0.5697,20631438.0
2024-01-09 21:00:00+00:00,0.5697,0.5793,0.5609,0.5658,56788651.0
2024-01-09 22:00:00+00:00,0.5657,0.5737,0.5651,0.5718,18459172.0
2024-01-09 23:00:00+00:00,0.5718,0.5725,0.565,0.5669,16409860.0
2024-01-10 00:00:00+00:00,0.567,0.5707,0.5655,0.5671,14477556.0
2024-01-10 01:00:00+00:00,0.5672,0.5725,0.567,0.5719,9582815.0
2024-01-10 02:00:00+00:00,0.5719,0.5724,0.5672,0.569,12259941.0
2024-01-10 03:00:00+00:00,0.569,0.5713,0.5688,0.5693,7454157.0
2024-01-10 04:00:00+00:00,0.5693,0.5719,0.5684,0.5696,7175119.0
2024-01-10 05:00:00+00:00,0.5695,0.5699,0.5675,0.5677,7873591.0
2024-01-10 06:00:00+00:00,0.5677,0.5678,0.5626,0.5635,19015530.0
2024-01-10 07:00:00+00:00,0.5634,0.5678,0.5627,0.5631,18249032.0
2024-01-10 08:00:00+00:00,0.5631,0.5646,0.5586,0.5603,16755798.0
2024-01-10 09:00:00+00:00,0.5603,0.5672,0.5583,0.5663,17671634.0
2024-01-10 10:00:00+00:00,0.5663,0.5679,0.5627,0.5635,14732670.0
2024-01-10 11:00:00+00:00,0.5636,0.565,0.559,0.5636,12264667.0
2024-01-10 12:00:00+00:00,0.5636,0.5642,0.5489,0.5535,38133654.0
2024-01-10 13:00:00+00:00,0.5534,0.5589,0.5498,0.5552,22791831.0
2024-01-10 14:00:00+00:00,0.5553,0.5579,0.5532,0.5536,13602585.0
2024-01-10 15:00:00+00:00,0.5537,0.58,0.5528,0.5707,42543713.0
2024-01-10 16:00:00+00:00,0.5706,0.5742,0.5629,0.5638,23201011.0
2024-01-10 17:00:00+00:00,0.5637,0.5706,0.5631,0.5696,14673842.0
2024-01-10 18:00:00+00:00,0.5695,0.574,0.5687,0.5731,14940570.0
2024-01-10 19:00:00+00:00,0.5731,0.58,0.5731,0.579,18276628.0
2024-01-10 20:00:00+00:00,0.5789,0.5795,0.5608,0.5792,33207564.0
2024-01-10 21:00:00+00:00,0.5789,0.5989,0.5755,0.5989,62817197.0
2024-01-10 22:00:00+00:00,0.599,0.6147,0.5938,0.6077,72002186.0
2024-01-10 23:00:00+00:00,0.6076,0.615,0.5964,0.6008,52008706.0
2024-01-11 00:00:00+00:00,0.6008,0.6017,0.5931,0.5979,34300205.0
2024-01-11 01:00:00+00:00,0.5978,0.6026,0.5938,0.5976,25595542.0
2024-01-11 02:00:00+00:00,0.5976,0.6016,0.5965,0.601,10893888.0
2024-01-11 03:00:00+00:00,0.601,0.6028,0.5978,0.6028,16552013.0
2024-01-11 04:00:00+00:00,0.6028,0.606,0.6014,0.605,14345504.0
2024-01-11 05:00:00+00:00,0.605,0.6052,0.5956,0.5962,18233791.0
2024-01-11 06:00:00+00:00,0.5962,0.5966,0.5856,0.5892,29049407.0
2024-01-11 07:00:00+00:00,0.5892,0.5977,0.5892,0.5972,17190802.0
2024-01-11 08:00:00+00:00,0.5972,0.6,0.595,0.5977,14484099.0
2024-01-11 09:00:00+00:00,0.5977,0.6018,0.5967,0.5991,11798465.0
2024-01-11 10:00:00+00:00,0.599,0.6099,0.5987,0.6084,15696721.0
2024-01-11 11:00:00+00:00,0.6085,0.615,0.6043,0.6117,30433282.0
2024-01-11 12:00:00+00:00,0.6117,0.6194,0.6101,0.6187,34757435.0
2024-01-11 13:00:00+00:00,0.6186,0.624,0.6076,0.6147,48309835.0
2024-01-11 14:00:00+00:00,0.6147,0.6176,0.6068,0.6166,42471079.0
2024-01-11 15:00:00+00:00,0.6165,0.6172,0.5946,0.601,49050142.0
2024-01-11 16:00:00+00:00,0.6009,0.6033,0.5919,0.6012,31510953.0
2024-01-11 17:00:00+00:00,0.6012,0.6048,0.5964,0.6044,15936243.0
2024-01-11 18:00:00+00:00,0.6044,0.6063,0.6026,0.6061,8677805.0
2024-01-11 19:00:00+00:00,0.6061,0.6066,0.6014,0.605,9844918.0
2024-01-11 20:00:00+00:00,0.6049,0.6071,0.5997,0.6007,12181550.0
2024-01-11 21:00:00+00:00,0.6007,0.6042,0.6001,0.6012,7082966.0
2024-01-11 22:00:00+00:00,0.6012,0.6028,0.5982,0.6024,7238378.0
2024-01-11 23:00:00+00:00,0.6024,0.6039,0.601,0.6019,7883231.0
2024-01-12 00:00:00+00:00,0.6019,0.6035,0.598,0.5998,16522011.0
2024-01-12 01:00:00+00:00,0.5997,0.6004,0.5904,0.5945,17536173.0
2024-01-12 02:00:00+00:00,0.5945,0.5977,0.5944,0.597,8715472.0
2024-01-12 03:00:00+00:00,0.5971,0.5997,0.5948,0.5979,12994120.0
2024-01-12 04:00:00+00:00,0.5978,0.5997,0.597,0.5983,13470426.0
2024-01-12 05:00:00+00:00,0.5982,0.6007,0.5972,0.6002,15568843.0
2024-01-12 06:00:00+00:00,0.6002,0.6007,0.5955,0.5956,16684435.0
2024-01-12 07:00:00+00:00,0.5955,0.5988,0.5931,0.5946,21414077.0
2024-01-12 08:00:00+00:00,0.5946,0.596,0.5884,0.5933,21427296.0
2024-01-12 09:00:00+00:00,0.5932,0.5964,0.5918,0.5958,10589334.0
2024-01-12 10:00:00+00:00,0.5957,0.5968,0.5937,0.5966,11246127.0
2024-01-12 11:00:00+00:00,0.5966,0.6025,0.5958,0.6005,16073386.0
2024-01-12 12:00:00+00:00,0.6004,0.6011,0.5943,0.5978,17801610.0
2024-01-12 13:00:00+00:00,0.5978,0.5996,0.5966,0.5982,13709850.0
2024-01-12 14:00:00+00:00,0.5981,0.6012,0.5953,0.5987,17585784.0
2024-01-12 15:00:00+00:00,0.5987,0.599,0.5836,0.5873,35798202.0
2024-01-12 16:00:00+00:00,0.5873,0.5914,0.5745,0.5807,42112873.0
2024-01-12 17:00:00+00:00,0.5806,0.5828,0.5658,0.5786,42694878.0
2024-01-12 18:00:00+00:00,0.5785,0.5804,0.5747,0.5787,13837912.0
2024-01-12 19:00:00+00:00,0.5787,0.5801,0.5749,0.58,11517647.0
2024-01-12 20:00:00+00:00,0.58,0.5836,0.5793,0.5806,10624117.0
2024-01-12 21:00:00+00:00,0.5805,0.5818,0.5706,0.5764,14143923.0
2024-01-12 22:00:00+00:00,0.5764,0.5768,0.5515,0.5674,43113510.0
2024-01-12 23:00:00+00:00,0.5674,0.5711,0.5668,0.5699,16834503.0
2024-01-13 00:00:00+00:00,0.5699,0.5726,0.5684,0.5688,10089734.0
2024-01-13 01:00:00+00:00,0.5688,0.5699,0.563,0.5689,14389726.0
2024-01-13 02:00:00+00:00,0.5688,0.5722,0.5681,0.5712,7206229.0
2024-01-13 03:00:00+00:00,0.5711,0.5723,0.5697,0.5719,7663561.0
2024-01-13 04:00:00+00:00,0.5718,0.5736,0.5713,0.5731,6235378.0
2024-01-13 05:00:00+00:00,0.5732,0.5763,0.5727,0.5757,6665895.0
2024-01-13 06:00:00+00:00,0.5757,0.5763,0.5739,0.5752,6021815.0
2024-01-13 07:00:00+00:00,0.5753,0.5765,0.5747,0.5748,5056998.0
2024-01-13 08:00:00+00:00,0.5748,0.5772,0.5748,0.5757,5982550.0
2024-01-13 09:00:00+00:00,0.5756,0.576,0.5719,0.5727,6768626.0
2024-01-13 10:00:00+00:00,0.5727,0.5743,0.5701,0.5738,6270563.0
2024-01-13 11:00:00+00:00,0.5738,0.5751,0.5732,0.5743,5544085.0
2024-01-13 12:00:00+00:00,0.5744,0.5768,0.5736,0.5753,6606173.0
2024-01-13 13:00:00+00:00,0.5754,0.5755,0.5718,0.573,5606549.0
2024-01-13 14:00:00+00:00,0.573,0.574,0.5716,0.5722,6153687.0
2024-01-13 15:00:00+00:00,0.5723,0.5754,0.5714,0.5742,5980628.0
2024-01-13 16:00:00+00:00,0.5743,0.5744,0.5712,0.5721,6309103.0
2024-01-13 17:00:00+00:00,0.572,0.5747,0.571,0.5743,5248726.0
2024-01-13 18:00:00+00:00,0.5743,0.5747,0.5733,0.5737,3104951.0
2024-01-13 19:00:00+00:00,0.5738,0.576,0.5737,0.5744,4411521.0
2024-01-13 20:00:00+00:00,0.5744,0.576,0.574,0.5753,3197982.0
2024-01-13 21:00:00+00:00,0.5753,0.577,0.5749,0.577,2917368.0
2024-01-13 22:00:00+00:00,0.577,0.5775,0.5752,0.5763,3673414.0
2024-01-13 23:00:00+00:00,0.5762,0.5768,0.5742,0.5747,3617757.0
2024-01-14 00:00:00+00:00,0.5746,0.5751,0.5717,0.5721,5072892.0
2024-01-14 01:00:00+00:00,0.5721,0.5754,0.5721,0.5749,4207442.0
2024-01-14 02:00:00+00:00,0.5748,0.5751,0.5726,0.5751,3010702.0
2024-01-14 03:00:00+00:00,0.5751,0.5757,0.5728,0.5738,3441256.0
2024-01-14 04:00:00+00:00,0.5739,0.5747,0.5719,0.5726,4307959.0
2024-01-14 05:00:00+00:00,0.5726,0.5746,0.5725,0.5746,4066844.0
2024-01-14 06:00:00+00:00,0.5746,0.5765,0.5746,0.5754,4029083.0
2024-01-14 07:00:00+00:00,0.5754,0.5759,0.574,0.5755,4380392.0
2024-01-14 08:00:00+00:00,0.5755,0.578,0.5749,0.5779,5404833.0
2024-01-14 09:00:00+00:00,0.5779,0.5791,0.5765,0.5784,6297157.0
2024-01-14 10:00:00+00:00,0.5784,0.5798,0.5778,0.5784,5485007.0
2024-01-14 11:00:00+00:00,0.5785,0.5786,0.5753,0.5766,4605206.0
2024-01-14 12:00:00+00:00,0.5767,0.5778,0.5751,0.5755,5723444.0
2024-01-14 13:00:00+00:00,0.5755,0.5772,0.5743,0.5768,5523845.0
2024-01-14 14:00:00+00:00,0.5767,0.5783,0.5764,0.5767,4575428.0
2024-01-14 15:00:00+00:00,0.5766,0.5784,0.5764,0.5774,3483627.0
2024-01-14 16:00:00+00:00,0.5775,0.5783,0.575,0.5781,6630455.0
2024-01-14 17:00:00+00:00,0.5781,0.583,0.578,0.5825,6180190.0
2024-01-14 18:00:00+00:00,0.5825,0.5872,0.5818,0.584,14915684.0
2024-01-14 19:00:00+00:00,0.584,0.5841,0.5739,0.5768,16252043.0
2024-01-14 20:00:00+00:00,0.5767,0.5827,0.572,0.5769,12870380.0
2024-01-14 21:00:00+00:00,0.577,0.5918,0.5767,0.5912,24228200.0
2024-01-14 22:00:00+00:00,0.5912,0.5932,0.5828,0.5854,17662270.0
2024-01-14 23:00:00+00:00,0.5854,0.5864,0.574,0.5763,16117062.0
2024-01-15 00:00:00+00:00,0.5763,0.5848,0.5763,0.5847,12609019.0
2024-01-15 01:00:00+00:00,0.5846,0.5849,0.5817,0.5831,7854119.0
2024-01-15 02:00:00+00:00,0.583,0.5866,0.5813,0.5864,7993008.0
2024-01-15 03:00:00+00:00,0.5864,0.5895,0.5852,0.5861,12435314.0
2024-01-15 04:00:00+00:00,0.5861,0.5872,0.5845,0.5859,10296608.0
2024-01-15 05:00:00+00:00,0.5859,0.5874,0.5821,0.5829,12403025.0
2024-01-15 06:00:00+00:00,0.5828,0.5836,0.5791,0.5793,18390431.0
2024-01-15 07:00:00+00:00,0.5793,0.5794,0.576,0.5774,15437603.0
2024-01-15 08:00:00+00:00,0.5774,0.5797,0.5765,0.5788,15552112.0
2024-01-15 09:00:00+00:00,0.5787,0.5817,0.577,0.5817,9326531.0
2024-01-15 10:00:00+00:00,0.5817,0.5817,0.5779,0.5781,9764954.0
2024-01-15 11:00:00+00:00,0.5781,0.5795,0.5768,0.579,12431376.0
2024-01-15 12:00:00+00:00,0.579,0.5799,0.5765,0.5782,13151621.0
2024-01-15 13:00:00+00:00,0.5782,0.58,0.5771,0.5785,10268657.0
2024-01-15 14:00:00+00:00,0.5784,0.5787,0.5699,0.5711,15395245.0
2024-01-15 15:00:00+00:00,0.571,0.5737,0.5687,0.57,13156738.0
2024-01-15 16:00:00+00:00,0.5699,0.5736,0.5696,0.5726,8117592.0
2024-01-15 17:00:00+00:00,0.5726,0.5791,0.5724,0.5784,12421028.0
2024-01-15 18:00:00+00:00,0.5783,0.5819,0.5772,0.5784,12796021.0
2024-01-15 19:00:00+00:00,0.5783,0.581,0.5778,0.581,7541647.0
2024-01-15 20:00:00+00:00,0.581,0.5814,0.5778,0.5793,7102242.0
2024-01-15 21:00:00+00:00,0.5792,0.5805,0.5783,0.5789,5000746.0
2024-01-15 22:00:00+00:00,0.5789,0.5795,0.5739,0.5783,7553550.0
2024-01-15 23:00:00+00:00,0.5782,0.5793,0.5752,0.5757,10119365.0
2024-01-16 00:00:00+00:00,0.5757,0.5766,0.5717,0.5723,13410348.0
2024-01-16 01:00:00+00:00,0.5723,0.5745,0.572,0.5735,10577396.0
2024-01-16 02:00:00+00:00,0.5735,0.576,0.573,0.575,7158048.0
2024-01-16 03:00:00+00:00,0.5749,0.579,0.5746,0.578,8521490.0
2024-01-16 04:00:00+00:00,0.578,0.5784,0.5755,0.5768,7733236.0
2024-01-16 05:00:00+00:00,0.5767,0.577,0.5737,0.5738,7541262.0
2024-01-16 06:00:00+00:00,0.5738,0.5748,0.5716,0.5747,13931815.0
2024-01-16 07:00:00+00:00,0.5747,0.5775,0.5744,0.5766,11502206.0
2024-01-16 08:00:00+00:00,0.5766,0.5773,0.574,0.5756,13970220.0
2024-01-16 09:00:00+00:00,0.5756,0.5761,0.5739,0.5755,16964530.0
2024-01-16 10:00:00+00:00,0.5754,0.5757,0.5733,0.574,7115705.0
2024-01-16 11:00:00+00:00,0.5739,0.5753,0.5728,0.5745,9029043.0
2024-01-16 12:00:00+00:00,0.5745,0.578,0.5743,0.5769,10608025.0
2024-01-16 13:00:00+00:00,0.5769,0.5781,0.5731,0.574,12437742.0
2024-01-16 14:00:00+00:00,0.574,0.5752,0.5659,0.5725,22569535.0
2024-01-16 15:00:00+00:00,0.5724,0.5767,0.5708,0.5757,12170451.0
2024-01-16 16:00:00+00:00,0.5757,0.5766,0.5731,0.5745,12022692.0
2024-01-16 17:00:00+00:00,0.5744,0.5786,0.5738,0.577,10805075.0
2024-01-16 18:00:00+00:00,0.577,0.5779,0.5748,0.576,6699833.0
2024-01-16 19:00:00+00:00,0.576,0.5783,0.575,0.5783,5387447.0
2024-01-16 20:00:00+00:00,0.5782,0.5786,0.5767,0.578,6873243.0
2024-01-16 21:00:00+00:00,0.5779,0.5797,0.5776,0.5789,8416095.0
2024-01-16 22:00:00+00:00,0.5788,0.5797,0.5781,0.5783,5309458.0
2024-01-16 23:00:00+00:00,0.5782,0.5792,0.5752,0.5757,9281755.0
2024-01-17 00:00:00+00:00,0.5758,0.5761,0.5736,0.5738,9699272.0
2024-01-17 01:00:00+00:00,0.5738,0.5759,0.5734,0.5753,8459714.0
2024-01-17 02:00:00+00:00,0.5753,0.5763,0.5739,0.574,4384113.0
2024-01-17 03:00:00+00:00,0.574,0.5756,0.5731,0.575,5504718.0
2024-01-17 04:00:00+00:00,0.5749,0.5759,0.5747,0.5751,6880905.0
2024-01-17 05:00:00+00:00,0.5751,0.5755,0.5718,0.5719,6535655.0
2024-01-17 06:00:00+00:00,0.5719,0.5736,0.5706,0.5707,9721246.0
2024-01-17 07:00:00+00:00,0.5706,0.5726,0.5691,0.572,16859723.0
2024-01-17 08:00:00+00:00,0.5719,0.5726,0.5698,0.5726,6654287.0
2024-01-17 09:00:00+00:00,0.5726,0.5731,0.5694,0.5698,13650635.0
2024-01-17 10:00:00+00:00,0.5697,0.5716,0.5691,0.5715,10487697.0
2024-01-17 11:00:00+00:00,0.5716,0.5721,0.5701,0.5702,8238982.0
2024-01-17 12:00:00+00:00,0.5702,0.5719,0.5681,0.5717,14438364.0
2024-01-17 13:00:00+00:00,0.5717,0.5717,0.568,0.5689,10217983.0
2024-01-17 14:00:00+00:00,0.5689,0.5713,0.5677,0.5688,14402948.0
2024-01-17 15:00:00+00:00,0.5689,0.5709,0.5667,0.569,13397241.0
2024-01-17 16:00:00+00:00,0.569,0.5693,0.5669,0.5681,10490742.0
2024-01-17 17:00:00+00:00,0.5681,0.5681,0.5611,0.5664,16358834.0
2024-01-17 18:00:00+00:00,0.5664,0.57,0.5664,0.5697,9564306.0
2024-01-17 19:00:00+00:00,0.5697,0.5716,0.5689,0.5713,6474203.0
2024-01-17 20:00:00+00:00,0.5712,0.5729,0.5699,0.571,9314875.0
2024-01-17 21:00:00+00:00,0.571,0.5728,0.5705,0.5708,4729559.0
2024-01-17 22:00:00+00:00,0.5708,0.5714,0.5674,0.5704,5077603.0
2024-01-17 23:00:00+00:00,0.5703,0.5704,0.5672,0.5685,7892106.0
2024-01-18 00:00:00+00:00,0.5685,0.5685,0.5656,0.5668,8244738.0
2024-01-18 01:00:00+00:00,0.5667,0.5669,0.5629,0.5656,9938973.0
2024-01-18 02:00:00+00:00,0.5656,0.568,0.5655,0.567,5730559.0
2024-01-18 03:00:00+00:00,0.567,0.5674,0.5656,0.5664,5606034.0
2024-01-18 04:00:00+00:00,0.5665,0.5681,0.5663,0.5673,5256981.0
2024-01-18 05:00:00+00:00,0.5673,0.5683,0.5669,0.5674,4902324.0
2024-01-18 06:00:00+00:00,0.5673,0.5675,0.5648,0.566,12980261.0
2024-01-18 07:00:00+00:00,0.566,0.5687,0.5649,0.5686,12058476.0
2024-01-18 08:00:00+00:00,0.5686,0.569,0.5656,0.566,12429145.0
2024-01-18 09:00:00+00:00,0.5661,0.5673,0.5653,0.5656,6999745.0
2024-01-18 10:00:00+00:00,0.5656,0.5667,0.5621,0.5631,10303883.0
2024-01-18 11:00:00+00:00,0.5632,0.5638,0.5618,0.5631,8305740.0
2024-01-18 12:00:00+00:00,0.5632,0.5635,0.5591,0.5604,13556440.0
2024-01-18 13:00:00+00:00,0.5605,0.5627,0.5588,0.562,13833528.0
2024-01-18 14:00:00+00:00,0.5619,0.564,0.5611,0.564,7702274.0
2024-01-18 15:00:00+00:00,0.564,0.564,0.5616,0.5623,9073620.0
2024-01-18 16:00:00+00:00,0.5622,0.5628,0.5521,0.5561,24523982.0
2024-01-18 17:00:00+00:00,0.5561,0.5578,0.5509,0.553,28391523.0
2024-01-18 18:00:00+00:00,0.553,0.5539,0.5483,0.5527,19687142.0
2024-01-18 19:00:00+00:00,0.5527,0.553,0.543,0.5468,22800673.0
2024-01-18 20:00:00+00:00,0.5467,0.5509,0.546,0.548,18788762.0
2024-01-18 21:00:00+00:00,0.548,0.5527,0.5468,0.5511,12582017.0
2024-01-18 22:00:00+00:00,0.5511,0.5528,0.5502,0.5527,7791591.0
2024-01-18 23:00:00+00:00,0.5527,0.5528,0.5512,0.552,5372326.0
2024-01-19 00:00:00+00:00,0.552,0.5537,0.5497,0.5498,14327505.0
2024-01-19 01:00:00+00:00,0.5498,0.5501,0.5446,0.5491,20356833.0
2024-01-19 02:00:00+00:00,0.549,0.551,0.5488,0.5502,16676988.0
2024-01-19 03:00:00+00:00,0.5501,0.551,0.5462,0.55,14666566.0
2024-01-19 04:00:00+00:00,0.55,0.5517,0.5492,0.5507,9435206.0
2024-01-19 05:00:00+00:00,0.5506,0.5524,0.5503,0.5508,7177075.0
2024-01-19 06:00:00+00:00,0.5507,0.5516,0.548,0.5509,13861178.0
2024-01-19 07:00:00+00:00,0.5509,0.5512,0.5468,0.5472,16823143.0
2024-01-19 08:00:00+00:00,0.5471,0.5499,0.546,0.5466,17527805.0
2024-01-19 09:00:00+00:00,0.5465,0.5506,0.5465,0.5506,10119843.0
2024-01-19 10:00:00+00:00,0.5505,0.5514,0.5484,0.5499,9075078.0
2024-01-19 11:00:00+00:00,0.5498,0.5504,0.5484,0.5504,8918834.0
2024-01-19 12:00:00+00:00,0.5504,0.551,0.5491,0.5507,6970288.0
2024-01-19 13:00:00+00:00,0.5506,0.551,0.5486,0.5494,9433404.0
2024-01-19 14:00:00+00:00,0.5493,0.5498,0.5434,0.5443,19333456.0
2024-01-19 15:00:00+00:00,0.5443,0.5449,0.5374,0.5389,32424339.0
2024-01-19 16:00:00+00:00,0.5389,0.5397,0.5216,0.5264,77754094.0
2024-01-19 17:00:00+00:00,0.5264,0.5365,0.5251,0.5364,32461738.0
2024-01-19 18:00:00+00:00,0.5364,0.5442,0.5335,0.5429,21950679.0
2024-01-19 19:00:00+00:00,0.5428,0.5468,0.5407,0.5461,14599878.0
2024-01-19 20:00:00+00:00,0.546,0.5495,0.5449,0.545,12116618.0
2024-01-19 21:00:00+00:00,0.5449,0.5472,0.544,0.5469,8730292.0
2024-01-19 22:00:00+00:00,0.5468,0.5475,0.5456,0.5467,6190554.0
2024-01-19 23:00:00+00:00,0.5466,0.5475,0.5437,0.5443,11535975.0
2024-01-20 00:00:00+00:00,0.5443,0.5443,0.539,0.5393,8617438.0
2024-01-20 01:00:00+00:00,0.5394,0.5442,0.5391,0.5441,8598734.0
2024-01-20 02:00:00+00:00,0.5442,0.5442,0.5422,0.5429,6300447.0
2024-01-20 03:00:00+00:00,0.5429,0.5441,0.5423,0.5433,5303246.0
2024-01-20 04:00:00+00:00,0.5433,0.5458,0.5432,0.5452,5853438.0
2024-01-20 05:00:00+00:00,0.5453,0.5453,0.5439,0.5445,4147948.0
2024-01-20 06:00:00+00:00,0.5445,0.5469,0.5445,0.546,5551842.0
2024-01-20 07:00:00+00:00,0.546,0.5526,0.546,0.5492,12129070.0
2024-01-20 08:00:00+00:00,0.5492,0.5524,0.5463,0.548,12154342.0
2024-01-20 09:00:00+00:00,0.548,0.5491,0.544,0.5448,8863647.0
2024-01-20 10:00:00+00:00,0.5448,0.5501,0.5446,0.5486,11853776.0
2024-01-20 11:00:00+00:00,0.5485,0.5498,0.5471,0.5492,5575533.0
2024-01-20 12:00:00+00:00,0.5492,0.5508,0.5482,0.5488,10489483.0
2024-01-20 13:00:00+00:00,0.5488,0.5508,0.5482,0.5503,7337856.0
2024-01-20 14:00:00+00:00,0.5503,0.5507,0.5479,0.5495,6589143.0
2024-01-20 15:00:00+00:00,0.5495,0.5502,0.5471,0.5479,9166842.0
2024-01-20 16:00:00+00:00,0.5479,0.5491,0.5467,0.5473,9084168.0
2024-01-20 17:00:00+00:00,0.5472,0.5489,0.5468,0.5484,6356250.0
2024-01-20 18:00:00+00:00,0.5483,0.5483,0.5456,0.5466,8131835.0
2024-01-20 19:00:00+00:00,0.5467,0.5471,0.545,0.5467,7773878.0
2024-01-20 20:00:00+00:00,0.5467,0.55,0.5459,0.5491,9181716.0
2024-01-20 21:00:00+00:00,0.5491,0.5507,0.5487,0.5491,5555016.0
2024-01-20 22:00:00+00:00,0.5492,0.5512,0.5489,0.5501,4091023.0
2024-01-20 23:00:00+00:00,0.55,0.5551,0.55,0.5534,11321195.0
2024-01-21 00:00:00+00:00,0.5534,0.5543,0.5488,0.5525,11992531.0
2024-01-21 01:00:00+00:00,0.5525,0.5541,0.5517,0.5522,5972639.0
2024-01-21 02:00:00+00:00,0.5521,0.5543,0.552,0.5543,4552969.0
2024-01-21 03:00:00+00:00,0.5543,0.5552,0.553,0.554,4695728.0
2024-01-21 04:00:00+00:00,0.554,0.5542,0.5528,0.5541,3818407.0
2024-01-21 05:00:00+00:00,0.5541,0.5544,0.552,0.5523,5934499.0
2024-01-21 06:00:00+00:00,0.5523,0.553,0.5511,0.5512,3296625.0
2024-01-21 07:00:00+00:00,0.5511,0.5527,0.5507,0.5522,3850683.0
2024-01-21 08:00:00+00:00,0.5523,0.5528,0.5513,0.5514,3780688.0
2024-01-21 09:00:00+00:00,0.5514,0.5528,0.5513,0.5528,4400044.0
2024-01-21 10:00:00+00:00,0.5528,0.5546,0.5522,0.5541,5388960.0
2024-01-21 11:00:00+00:00,0.5541,0.5544,0.5514,0.5524,4854959.0
2024-01-21 12:00:00+00:00,0.5523,0.5531,0.5515,0.5518,3710585.0
2024-01-21 13:00:00+00:00,0.5517,0.5531,0.5516,0.5528,4208396.0
2024-01-21 14:00:00+00:00,0.5529,0.555,0.5521,0.5544,6906469.0
2024-01-21 15:00:00+00:00,0.5544,0.5546,0.5502,0.5516,6200740.0
2024-01-21 16:00:00+00:00,0.5515,0.5524,0.549,0.5515,5465684.0
2024-01-21 17:00:00+00:00,0.5515,0.5525,0.5512,0.5525,2872942.0
2024-01-21 18:00:00+00:00,0.5524,0.5528,0.5514,0.5516,2358147.0
2024-01-21 19:00:00+00:00,0.5516,0.5517,0.5505,0.551,3371092.0
2024-01-21 20:00:00+00:00,0.551,0.5515,0.5485,0.5486,3048194.0
2024-01-21 21:00:00+00:00,0.5486,0.5509,0.5484,0.5508,4192608.0
2024-01-21 22:00:00+00:00,0.5507,0.5508,0.5476,0.5483,2978273.0
2024-01-21 23:00:00+00:00,0.5483,0.5494,0.5451,0.5464,7166812.0
2024-01-22 00:00:00+00:00,0.5464,0.5497,0.5455,0.5479,11700171.0
2024-01-22 01:00:00+00:00,0.5478,0.5483,0.5404,0.5424,17060067.0
2024-01-22 02:00:00+00:00,0.5423,0.5441,0.5411,0.5417,8975857.0
2024-01-22 03:00:00+00:00,0.5417,0.5431,0.5398,0.5419,9464793.0
2024-01-22 04:00:00+00:00,0.5419,0.5422,0.5371,0.5371,10346687.0
2024-01-22 05:00:00+00:00,0.5371,0.5401,0.5345,0.5391,12818373.0
2024-01-22 06:00:00+00:00,0.539,0.5408,0.5384,0.54,6454853.0
2024-01-22 07:00:00+00:00,0.54,0.5407,0.5365,0.5372,12667774.0
2024-01-22 08:00:00+00:00,0.5371,0.5372,0.5341,0.5367,19333388.0
2024-01-22 09:00:00+00:00,0.5367,0.5379,0.5295,0.5309,22946090.0
2024-01-22 10:00:00+00:00,0.5309,0.5319,0.5258,0.5295,27066781.0
2024-01-22 11:00:00+00:00,0.5295,0.5318,0.5287,0.5313,14792732.0
2024-01-22 12:00:00+00:00,0.5313,0.5316,0.5295,0.5305,8803371.0
2024-01-22 13:00:00+00:00,0.5304,0.5346,0.5304,0.5326,12805454.0
2024-01-22 14:00:00+00:00,0.5325,0.5332,0.5252,0.5289,17661154.0
2024-01-22 15:00:00+00:00,0.5289,0.53,0.5228,0.5287,21946825.0
2024-01-22 16:00:00+00:00,0.5287,0.5304,0.526,0.5274,12403407.0
2024-01-22 17:00:00+00:00,0.5273,0.5327,0.5267,0.5318,10341174.0
2024-01-22 18:00:00+00:00,0.5318,0.5356,0.5307,0.5336,14478922.0
2024-01-22 19:00:00+00:00,0.5335,0.5353,0.5169,0.5256,27655606.0
2024-01-22 20:00:00+00:00,0.5256,0.5318,0.5254,0.5295,11698715.0
2024-01-22 21:00:00+00:00,0.5295,0.5314,0.5273,0.5307,9367475.0
2024-01-22 22:00:00+00:00,0.5306,0.5325,0.526,0.5291,9725620.0
2024-01-22 23:00:00+00:00,0.529,0.5307,0.5258,0.5275,10106909.0
2024-01-23 00:00:00+00:00,0.5275,0.5307,0.5269,0.5279,11710583.0
2024-01-23 01:00:00+00:00,0.5278,0.5283,0.5225,0.5264,13750147.0
2024-01-23 02:00:00+00:00,0.5263,0.5303,0.526,0.5303,6909481.0
2024-01-23 03:00:00+00:00,0.5303,0.531,0.5291,0.5301,8050694.0
2024-01-23 04:00:00+00:00,0.53,0.5318,0.5299,0.53,7558630.0
2024-01-23 05:00:00+00:00,0.5299,0.5308,0.5288,0.5292,8194685.0
2024-01-23 06:00:00+00:00,0.5291,0.5295,0.5251,0.5254,16380992.0
2024-01-23 07:00:00+00:00,0.5254,0.5275,0.5206,0.5225,22528849.0
2024-01-23 08:00:00+00:00,0.5224,0.5238,0.5107,0.5131,42603078.0
2024-01-23 09:00:00+00:00,0.5131,0.5149,0.5011,0.5072,64593991.0
2024-01-23 10:00:00+00:00,0.5072,0.5111,0.5062,0.5067,21799596.0
2024-01-23 11:00:00+00:00,0.5066,0.5082,0.5025,0.5051,32632612.0
2024-01-23 12:00:00+00:00,0.5051,0.508,0.5021,0.5057,23774674.0
2024-01-23 13:00:00+00:00,0.5056,0.5058,0.5014,0.5018,22202256.0
2024-01-23 14:00:00+00:00,0.5018,0.5045,0.4962,0.5042,43792230.0
2024-01-23 15:00:00+00:00,0.5042,0.5129,0.504,0.5105,21954269.0
2024-01-23 16:00:00+00:00,0.5105,0.5113,0.5066,0.5106,15797886.0
2024-01-23 17:00:00+00:00,0.5106,0.5138,0.5093,0.5107,13667899.0
2024-01-23 18:00:00+00:00,0.5106,0.5139,0.5074,0.5075,11815981.0
2024-01-23 19:00:00+00:00,0.5075,0.5097,0.5071,0.5081,10199947.0
2024-01-23 20:00:00+00:00,0.5081,0.5115,0.5076,0.5091,10534953.0
2024-01-23 21:00:00+00:00,0.509,0.5105,0.5065,0.5098,9851532.0
2024-01-23 22:00:00+00:00,0.5098,0.5167,0.5096,0.5153,12139282.0
2024-01-23 23:00:00+00:00,0.5153,0.5194,0.5147,0.5183,16078324.0
2024-01-24 00:00:00+00:00,0.5183,0.519,0.5151,0.5176,13211257.0
2024-01-24 01:00:00+00:00,0.5176,0.5177,0.5129,0.5131,11566393.0
2024-01-24 02:00:00+00:00,0.5131,0.5149,0.5128,0.5141,6775829.0
2024-01-24 03:00:00+00:00,0.5142,0.5154,0.5134,0.5145,7443125.0
2024-01-24 04:00:00+00:00,0.5146,0.5165,0.5139,0.5159,7764180.0
2024-01-24 05:00:00+00:00,0.5158,0.5177,0.5139,0.515,10852684.0
2024-01-24 06:00:00+00:00,0.515,0.5157,0.511,0.5138,22615817.0
2024-01-24 07:00:00+00:00,0.5138,0.5166,0.5125,0.5156,13732668.0
2024-01-24 08:00:00+00:00,0.5157,0.516,0.5111,0.5144,22388868.0
2024-01-24 09:00:00+00:00,0.5143,0.516,0.5133,0.5147,10022906.0
2024-01-24 10:00:00+00:00,0.5146,0.5194,0.5134,0.5172,22180240.0
2024-01-24 11:00:00+00:00,0.5173,0.5183,0.5155,0.5168,10923687.0
2024-01-24 12:00:00+00:00,0.5168,0.5182,0.5158,0.516,9411121.0
2024-01-24 13:00:00+00:00,0.5161,0.5164,0.5124,0.5139,13265106.0
2024-01-24 14:00:00+00:00,0.5139,0.5167,0.5129,0.5144,12836569.0
2024-01-24 15:00:00+00:00,0.5144,0.5167,0.5131,0.5162,12973731.0
2024-01-24 16:00:00+00:00,0.5162,0.5174,0.5142,0.5173,9197787.0
2024-01-24 17:00:00+00:00,0.5173,0.5177,0.5154,0.5166,7425053.0
2024-01-24 18:00:00+00:00,0.5166,0.5168,0.512,0.5144,7593596.0
2024-01-24 19:00:00+00:00,0.5145,0.5153,0.513,0.5147,4767208.0
2024-01-24 20:00:00+00:00,0.5147,0.5164,0.513,0.5135,6408304.0
2024-01-24 21:00:00+00:00,0.5135,0.5158,0.5133,0.5156,3986992.0
2024-01-24 22:00:00+00:00,0.5157,0.5177,0.5152,0.5164,4362670.0
2024-01-24 23:00:00+00:00,0.5164,0.5193,0.5163,0.5181,4609716.0
2024-01-25 00:00:00+00:00,0.5182,0.5182,0.514,0.5154,15218510.0
2024-01-25 01:00:00+00:00,0.5155,0.5159,0.5142,0.5146,6380128.0
2024-01-25 02:00:00+00:00,0.5146,0.5158,0.5141,0.5145,5920300.0
2024-01-25 03:00:00+00:00,0.5144,0.516,0.5142,0.515,6225923.0
2024-01-25 04:00:00+00:00,0.515,0.5158,0.5146,0.5152,6628220.0
2024-01-25 05:00:00+00:00,0.5152,0.5155,0.5103,0.5106,14282758.0
2024-01-25 06:00:00+00:00,0.5106,0.5117,0.5091,0.5111,16505320.0
2024-01-25 07:00:00+00:00,0.5111,0.5148,0.51,0.5138,17525345.0
2024-01-25 08:00:00+00:00,0.5138,0.5146,0.5107,0.5113,14028573.0
2024-01-25 09:00:00+00:00,0.5113,0.513,0.5105,0.5115,9508014.0
2024-01-25 10:00:00+00:00,0.5116,0.5131,0.5101,0.513,7269240.0
2024-01-25 11:00:00+00:00,0.513,0.5139,0.5119,0.5121,11276652.0
2024-01-25 12:00:00+00:00,0.5122,0.5129,0.5067,0.5082,14932499.0
2024-01-25 13:00:00+00:00,0.5083,0.5096,0.5063,0.5081,10322221.0
2024-01-25 14:00:00+00:00,0.5082,0.5102,0.5073,0.5087,9499935.0
2024-01-25 15:00:00+00:00,0.5088,0.5094,0.5055,0.5071,13569000.0
2024-01-25 16:00:00+00:00,0.5071,0.5081,0.5056,0.5068,10152390.0
2024-01-25 17:00:00+00:00,0.5069,0.5083,0.5037,0.5081,12562216.0
2024-01-25 18:00:00+00:00,0.5082,0.513,0.5082,0.512,11232507.0
2024-01-25 19:00:00+00:00,0.512,0.5149,0.5112,0.5138,5577767.0
2024-01-25 20:00:00+00:00,0.5138,0.514,0.5116,0.5135,5353325.0
2024-01-25 21:00:00+00:00,0.5135,0.5147,0.5103,0.5136,15445694.0
2024-01-25 22:00:00+00:00,0.5136,0.515,0.5131,0.5148,6203072.0
2024-01-25 23:00:00+00:00,0.5148,0.5156,0.5135,0.5138,5803429.0
2024-01-26 00:00:00+00:00,0.5139,0.5139,0.5093,0.5106,13682882.0
2024-01-26 01:00:00+00:00,0.5106,0.5122,0.5084,0.5118,8546823.0
2024-01-26 02:00:00+00:00,0.5117,0.514,0.5114,0.5131,7764610.0
2024-01-26 03:00:00+00:00,0.513,0.5139,0.5129,0.5134,6305568.0
2024-01-26 04:00:00+00:00,0.5134,0.5152,0.5131,0.5142,7561100.0
2024-01-26 05:00:00+00:00,0.5141,0.5144,0.5128,0.5131,8793011.0
2024-01-26 06:00:00+00:00,0.513,0.5153,0.512,0.5122,17834752.0
2024-01-26 07:00:00+00:00,0.5122,0.5131,0.5099,0.5115,22609442.0
2024-01-26 08:00:00+00:00,0.5114,0.5136,0.5108,0.5134,14258490.0
2024-01-26 09:00:00+00:00,0.5133,0.516,0.5133,0.5137,10917407.0
2024-01-26 10:00:00+00:00,0.5136,0.5179,0.5136,0.5179,15781040.0
2024-01-26 11:00:00+00:00,0.5179,0.523,0.5177,0.5211,22527085.0
2024-01-26 12:00:00+00:00,0.5211,0.5218,0.5187,0.52,18462495.0
2024-01-26 13:00:00+00:00,0.52,0.5207,0.5168,0.5179,16269355.0
2024-01-26 14:00:00+00:00,0.5179,0.5209,0.5178,0.5206,15412762.0
2024-01-26 15:00:00+00:00,0.5206,0.5213,0.5193,0.5213,15026102.0
2024-01-26 16:00:00+00:00,0.5213,0.526,0.5212,0.5251,17245991.0
2024-01-26 17:00:00+00:00,0.525,0.5259,0.5237,0.525,15212072.0
2024-01-26 18:00:00+00:00,0.5249,0.5368,0.5249,0.5329,35369533.0
2024-01-26 19:00:00+00:00,0.5328,0.5349,0.5308,0.5325,15008238.0
2024-01-26 20:00:00+00:00,0.5324,0.534,0.5294,0.5307,11210507.0
2024-01-26 21:00:00+00:00,0.5306,0.5332,0.5296,0.5326,9767616.0
2024-01-26 22:00:00+00:00,0.5326,0.5346,0.5313,0.5323,13580454.0
2024-01-26 23:00:00+00:00,0.5323,0.5326,0.5309,0.5323,6351685.0
2024-01-27 00:00:00+00:00,0.5322,0.533,0.5299,0.5311,6985951.0
2024-01-27 01:00:00+00:00,0.5311,0.5316,0.5298,0.5311,4959040.0
2024-01-27 02:00:00+00:00,0.5311,0.5348,0.5309,0.5326,10149321.0
2024-01-27 03:00:00+00:00,0.5326,0.5334,0.5323,0.5326,3601848.0
2024-01-27 04:00:00+00:00,0.5326,0.5342,0.5321,0.5339,3555686.0
2024-01-27 05:00:00+00:00,0.5339,0.5349,0.5309,0.5315,5789249.0
2024-01-27 06:00:00+00:00,0.5316,0.5322,0.5299,0.5301,4881451.0
2024-01-27 07:00:00+00:00,0.5301,0.5304,0.5278,0.5285,6106947.0
2024-01-27 08:00:00+00:00,0.5286,0.529,0.5267,0.5269,5757235.0
2024-01-27 09:00:00+00:00,0.5269,0.5296,0.5262,0.5294,5004858.0
2024-01-27 10:00:00+00:00,0.5293,0.53,0.5286,0.5292,3930395.0
2024-01-27 11:00:00+00:00,0.5292,0.5301,0.5285,0.5298,3716297.0
2024-01-27 12:00:00+00:00,0.5299,0.5319,0.5293,0.5316,3829797.0
2024-01-27 13:00:00+00:00,0.5316,0.5317,0.5291,0.5293,4714631.0
2024-01-27 14:00:00+00:00,0.5294,0.5304,0.5291,0.5297,4603365.0
2024-01-27 15:00:00+00:00,0.5297,0.5309,0.5292,0.5299,3867528.0
2024-01-27 16:00:00+00:00,0.5299,0.5312,0.5288,0.5291,4559039.0
2024-01-27 17:00:00+00:00,0.529,0.5299,0.5285,0.5292,4447504.0
2024-01-27 18:00:00+00:00,0.5291,0.5299,0.5284,0.5287,3470983.0
2024-01-27 19:00:00+00:00,0.5286,0.5304,0.5285,0.53,3018059.0
2024-01-27 20:00:00+00:00,0.5301,0.5309,0.53,0.5304,3350768.0
2024-01-27 21:00:00+00:00,0.5304,0.5312,0.5296,0.5312,2290779.0
2024-01-27 22:00:00+00:00,0.5311,0.5325,0.5302,0.5306,3587138.0
2024-01-27 23:00:00+00:00,0.5306,0.5309,0.5297,0.5303,3259726.0
2024-01-28 00:00:00+00:00,0.5304,0.5305,0.529,0.53,4221629.0
2024-01-28 01:00:00+00:00,0.53,0.5324,0.53,0.5308,5329827.0
2024-01-28 02:00:00+00:00,0.5309,0.5317,0.5306,0.5308,3243176.0
2024-01-28 03:00:00+00:00,0.5308,0.5332,0.5307,0.533,3722409.0
2024-01-28 04:00:00+00:00,0.5331,0.5348,0.5321,0.5348,6084175.0
2024-01-28 05:00:00+00:00,0.5347,0.5355,0.532,0.5322,5903475.0
2024-01-28 06:00:00+00:00,0.5321,0.5326,0.5313,0.5322,3802459.0
2024-01-28 07:00:00+00:00,0.5321,0.5325,0.53,0.5304,8914413.0
2024-01-28 08:00:00+00:00,0.5304,0.5326,0.5298,0.5318,6427640.0
2024-01-28 09:00:00+00:00,0.5319,0.5333,0.5315,0.5326,3731964.0
2024-01-28 10:00:00+00:00,0.5326,0.5331,0.5316,0.5324,3573578.0
2024-01-28 11:00:00+00:00,0.5323,0.5325,0.5297,0.5302,6442093.0
2024-01-28 12:00:00+00:00,0.5303,0.5307,0.5282,0.5298,7201308.0
2024-01-28 13:00:00+00:00,0.5299,0.5304,0.529,0.5303,4675650.0
2024-01-28 14:00:00+00:00,0.5303,0.5313,0.5284,0.5289,4597554.0
2024-01-28 15:00:00+00:00,0.5288,0.5303,0.5281,0.5296,4177208.0
2024-01-28 16:00:00+00:00,0.5296,0.5305,0.5289,0.5301,5188955.0
2024-01-28 17:00:00+00:00,0.5301,0.5302,0.5286,0.5299,6234153.0
2024-01-28 18:00:00+00:00,0.5298,0.5301,0.5261,0.5265,7568396.0
2024-01-28 19:00:00+00:00,0.5264,0.527,0.5217,0.5239,9308654.0
2024-01-28 20:00:00+00:00,0.5239,0.526,0.5212,0.5258,6648220.0
2024-01-28 21:00:00+00:00,0.5258,0.5272,0.525,0.5265,4495600.0
2024-01-28 22:00:00+00:00,0.5265,0.5267,0.5217,0.5235,4905073.0
2024-01-28 23:00:00+00:00,0.5236,0.5247,0.5211,0.5241,6947116.0
2024-01-29 00:00:00+00:00,0.5242,0.5246,0.5213,0.5219,11178599.0
2024-01-29 01:00:00+00:00,0.5219,0.5263,0.5218,0.5247,8267892.0
2024-01-29 02:00:00+00:00,0.5247,0.5271,0.5246,0.5261,6902689.0
2024-01-29 03:00:00+00:00,0.5261,0.5293,0.526,0.5286,7655920.0
2024-01-29 04:00:00+00:00,0.5285,0.5295,0.5275,0.5284,10181664.0
2024-01-29 05:00:00+00:00,0.5284,0.5295,0.5265,0.5273,11281979.0
2024-01-29 06:00:00+00:00,0.5273,0.528,0.5251,0.5257,17237516.0
2024-01-29 07:00:00+00:00,0.5256,0.5274,0.524,0.525,19941130.0
2024-01-29 08:00:00+00:00,0.525,0.5253,0.5214,0.5225,17429197.0
2024-01-29 09:00:00+00:00,0.5225,0.5276,0.5211,0.5276,16991966.0
2024-01-29 10:00:00+00:00,0.5276,0.5289,0.5268,0.5276,11046849.0
2024-01-29 11:00:00+00:00,0.5276,0.5276,0.5252,0.526,12737511.0
2024-01-29 12:00:00+00:00,0.526,0.5272,0.5236,0.5249,11165756.0
2024-01-29 13:00:00+00:00,0.5249,0.5251,0.521,0.5224,13688514.0
2024-01-29 14:00:00+00:00,0.5223,0.524,0.5193,0.5219,16093859.0
2024-01-29 15:00:00+00:00,0.5219,0.5277,0.521,0.5277,10876353.0
2024-01-29 16:00:00+00:00,0.5277,0.532,0.5255,0.5314,17567183.0
2024-01-29 17:00:00+00:00,0.5314,0.5384,0.5299,0.5336,35554685.0
2024-01-29 18:00:00+00:00,0.5336,0.5378,0.5333,0.5351,11709365.0
2024-01-29 19:00:00+00:00,0.535,0.5374,0.5349,0.5356,11205444.0
2024-01-29 20:00:00+00:00,0.5355,0.539,0.5355,0.539,8369641.0
2024-01-29 21:00:00+00:00,0.539,0.539,0.5368,0.5378,8111643.0
2024-01-29 22:00:00+00:00,0.5377,0.54,0.5353,0.5363,12309452.0
2024-01-29 23:00:00+00:00,0.5363,0.5366,0.5347,0.5352,8305337.0
2024-01-30 00:00:00+00:00,0.5351,0.5353,0.5333,0.5345,6691130.0
2024-01-30 01:00:00+00:00,0.5344,0.5378,0.5343,0.5363,8688631.0
2024-01-30 02:00:00+00:00,0.5363,0.5393,0.5362,0.5375,8515247.0
2024-01-30 03:00:00+00:00,0.5375,0.5377,0.5363,0.5377,8701662.0
2024-01-30 04:00:00+00:00,0.5376,0.5381,0.5356,0.536,8759103.0
2024-01-30 05:00:00+00:00,0.5359,0.5363,0.5337,0.534,9254608.0
2024-01-30 06:00:00+00:00,0.5339,0.534,0.5308,0.5322,26239234.0
2024-01-30 07:00:00+00:00,0.5322,0.5349,0.5316,0.5344,12248196.0
2024-01-30 08:00:00+00:00,0.5343,0.5345,0.5307,0.5317,18647086.0
2024-01-30 09:00:00+00:00,0.5316,0.5348,0.531,0.5328,18907825.0
2024-01-30 10:00:00+00:00,0.5328,0.535,0.5322,0.5345,7185222.0
2024-01-30 11:00:00+00:00,0.5345,0.5346,0.533,0.5338,12893152.0
2024-01-30 12:00:00+00:00,0.5338,0.5356,0.5286,0.5296,25829003.0
2024-01-30 13:00:00+00:00,0.5296,0.53,0.5229,0.5262,31265986.0
2024-01-30 14:00:00+00:00,0.5261,0.5269,0.5237,0.5251,17950589.0
2024-01-30 15:00:00+00:00,0.5251,0.5277,0.5236,0.5258,15758269.0
2024-01-30 16:00:00+00:00,0.5258,0.5283,0.5228,0.5267,20255075.0
2024-01-30 17:00:00+00:00,0.5266,0.5291,0.5241,0.5245,23896920.0
2024-01-30 18:00:00+00:00,0.5244,0.5248,0.5211,0.5227,27886607.0
2024-01-30 19:00:00+00:00,0.5227,0.5229,0.5138,0.5142,59390106.0
2024-01-30 20:00:00+00:00,0.5141,0.5162,0.5103,0.5123,65624024.0
2024-01-30 21:00:00+00:00,0.5122,0.513,0.5071,0.5121,56121567.0
2024-01-30 22:00:00+00:00,0.512,0.5131,0.5083,0.5099,39724445.0
2024-01-30 23:00:00+00:00,0.5099,0.5118,0.5083,0.5107,20709440.0
2024-01-31 00:00:00+00:00,0.5106,0.5109,0.5022,0.509,33183114.0
2024-01-31 01:00:00+00:00,0.5091,0.51,0.5042,0.5085,17148068.0
2024-01-31 02:00:00+00:00,0.5085,0.51,0.5074,0.5097,8621012.0
2024-01-31 03:00:00+00:00,0.5097,0.5109,0.5087,0.5107,7936007.0
2024-01-31 04:00:00+00:00,0.5107,0.5128,0.5099,0.5118,10439902.0
2024-01-31 05:00:00+00:00,0.5118,0.5123,0.5101,0.512,11002663.0
2024-01-31 06:00:00+00:00,0.5121,0.5144,0.5107,0.5113,14555559.0
2024-01-31 07:00:00+00:00,0.5114,0.513,0.5098,0.511,13272230.0
2024-01-31 08:00:00+00:00,0.511,0.5114,0.5087,0.5098,19401510.0
2024-01-31 09:00:00+00:00,0.5099,0.5123,0.5058,0.5061,27158906.0
2024-01-31 10:00:00+00:00,0.5061,0.507,0.5014,0.5021,23515656.0
2024-01-31 11:00:00+00:00,0.5021,0.5073,0.5016,0.507,13338027.0
2024-01-31 12:00:00+00:00,0.5071,0.5074,0.5056,0.5072,10793389.0
2024-01-31 13:00:00+00:00,0.5073,0.508,0.5048,0.5057,15280482.0
2024-01-31 14:00:00+00:00,0.5056,0.51,0.4853,0.5048,120325496.0
2024-01-31 15:00:00+00:00,0.5048,0.5099,0.4996,0.5086,32024064.0
2024-01-31 16:00:00+00:00,0.5086,0.511,0.5073,0.51,17939454.0
2024-01-31 17:00:00+00:00,0.51,0.5135,0.5069,0.5135,19653624.0
2024-01-31 18:00:00+00:00,0.5135,0.5135,0.5105,0.5121,8324001.0
2024-01-31 19:00:00+00:00,0.5122,0.514,0.5083,0.5109,12360214.0
2024-01-31 20:00:00+00:00,0.5109,0.5113,0.5048,0.5056,13617106.0
2024-01-31 21:00:00+00:00,0.5056,0.5076,0.5003,0.504,15026031.0
2024-01-31 22:00:00+00:00,0.504,0.504,0.499,0.5021,13687221.0
2024-01-31 23:00:00+00:00,0.5021,0.504,0.5015,0.5033,6818038.0
2024-02-01 00:00:00+00:00,0.5033,0.5042,0.4995,0.5006,15841558.0
2024-02-01 01:00:00+00:00,0.5006,0.5007,0.4915,0.494,28498348.0
2024-02-01 02:00:00+00:00,0.4939,0.4984,0.4937,0.4977,10084768.0
2024-02-01 03:00:00+00:00,0.4976,0.4984,0.4958,0.4978,15587753.0
2024-02-01 04:00:00+00:00,0.4977,0.4988,0.4954,0.496,17875875.0
2024-02-01 05:00:00+00:00,0.4959,0.4974,0.4955,0.4957,10485001.0
2024-02-01 06:00:00+00:00,0.4956,0.4959,0.4919,0.4939,26116194.0
2024-02-01 07:00:00+00:00,0.4939,0.494,0.4916,0.4929,17569499.0
2024-02-01 08:00:00+00:00,0.4929,0.4938,0.49,0.4931,18873523.0
2024-02-01 09:00:00+00:00,0.4931,0.4961,0.493,0.4957,14374976.0
2024-02-01 10:00:00+00:00,0.4957,0.4976,0.4938,0.4938,16570530.0
2024-02-01 11:00:00+00:00,0.4938,0.495,0.4924,0.4927,11659683.0
2024-02-01 12:00:00+00:00,0.4928,0.4954,0.4926,0.4946,12144325.0
2024-02-01 13:00:00+00:00,0.4946,0.4961,0.4931,0.4957,11711475.0
2024-02-01 14:00:00+00:00,0.4957,0.5003,0.4952,0.4997,18079854.0
2024-02-01 15:00:00+00:00,0.4997,0.5026,0.4994,0.4994,15973829.0
2024-02-01 16:00:00+00:00,0.4995,0.5008,0.4975,0.5002,13043674.0
2024-02-01 17:00:00+00:00,0.5002,0.507,0.5001,0.5063,18435984.0
2024-02-01 18:00:00+00:00,0.5062,0.5066,0.504,0.505,6947841.0
2024-02-01 19:00:00+00:00,0.505,0.5107,0.505,0.5096,12197349.0
2024-02-01 20:00:00+00:00,0.5096,0.5099,0.5071,0.5078,7515078.0
2024-02-01 21:00:00+00:00,0.5077,0.5094,0.507,0.509,5816505.0
2024-02-01 22:00:00+00:00,0.509,0.5091,0.5039,0.5056,8875061.0
2024-02-01 23:00:00+00:00,0.5056,0.5063,0.5046,0.5058,5432484.0
2024-02-02 00:00:00+00:00,0.5057,0.5075,0.5047,0.5049,11571408.0
2024-02-02 01:00:00+00:00,0.5048,0.5067,0.504,0.5047,9533932.0
2024-02-02 02:00:00+00:00,0.5046,0.5069,0.5041,0.5068,8855189.0
2024-02-02 03:00:00+00:00,0.5067,0.5077,0.5056,0.5061,10011046.0
2024-02-02 04:00:00+00:00,0.506,0.5072,0.5056,0.5065,11980027.0
2024-02-02 05:00:00+00:00,0.5065,0.5071,0.505,0.5067,11490367.0
2024-02-02 06:00:00+00:00,0.5066,0.5067,0.5028,0.5048,20439851.0
2024-02-02 07:00:00+00:00,0.5047,0.5076,0.5047,0.5069,13277552.0
2024-02-02 08:00:00+00:00,0.5069,0.5074,0.504,0.5048,18840225.0
2024-02-02 09:00:00+00:00,0.5047,0.505,0.5029,0.5039,17729161.0
2024-02-02 10:00:00+00:00,0.5039,0.5066,0.5029,0.5052,15196406.0
2024-02-02 11:00:00+00:00,0.5052,0.506,0.5035,0.5044,14532207.0
2024-02-02 12:00:00+00:00,0.5044,0.5051,0.5033,0.5037,15265733.0
2024-02-02 13:00:00+00:00,0.5037,0.5039,0.4987,0.5005,31253317.0
2024-02-02 14:00:00+00:00,0.5005,0.5019,0.4989,0.4999,20519840.0
2024-02-02 15:00:00+00:00,0.4999,0.5042,0.4999,0.5027,21392905.0
2024-02-02 16:00:00+00:00,0.5026,0.5049,0.5021,0.5026,19121253.0
2024-02-02 17:00:00+00:00,0.5025,0.5064,0.5021,0.5028,19525030.0
2024-02-02 18:00:00+00:00,0.5028,0.5037,0.5009,0.5034,9260259.0
2024-02-02 19:00:00+00:00,0.5034,0.5049,0.5021,0.5044,7649530.0
2024-02-02 20:00:00+00:00,0.5044,0.5055,0.5039,0.5051,6808346.0
2024-02-02 21:00:00+00:00,0.505,0.5086,0.505,0.5077,10105783.0
2024-02-02 22:00:00+00:00,0.5076,0.5142,0.5076,0.511,29196757.0
2024-02-02 23:00:00+00:00,0.511,0.5114,0.5088,0.5105,8673201.0
2024-02-03 00:00:00+00:00,0.5106,0.5109,0.5074,0.5079,7292121.0
2024-02-03 01:00:00+00:00,0.5078,0.5095,0.5063,0.5076,4555860.0
2024-02-03 02:00:00+00:00,0.5076,0.5079,0.506,0.5063,3378520.0
2024-02-03 03:00:00+00:00,0.5063,0.508,0.5062,0.5077,4007558.0
2024-02-03 04:00:00+00:00,0.5077,0.5083,0.5069,0.5074,3834891.0
2024-02-03 05:00:00+00:00,0.5075,0.508,0.5065,0.5078,3804494.0
2024-02-03 06:00:00+00:00,0.5078,0.508,0.5068,0.5074,3498388.0
2024-02-03 07:00:00+00:00,0.5073,0.509,0.5066,0.5077,4673833.0
2024-02-03 08:00:00+00:00,0.5078,0.5089,0.5073,0.5074,3356818.0
2024-02-03 09:00:00+00:00,0.5074,0.5098,0.5072,0.5092,3947227.0
2024-02-03 10:00:00+00:00,0.5092,0.525,0.5088,0.5186,62424764.0
2024-02-03 11:00:00+00:00,0.5186,0.527,0.5173,0.5217,42977298.0
2024-02-03 12:00:00+00:00,0.5218,0.5265,0.5197,0.5233,18698341.0
2024-02-03 13:00:00+00:00,0.5233,0.5238,0.5185,0.5189,18163697.0
2024-02-03 14:00:00+00:00,0.5189,0.522,0.5188,0.5211,9860435.0
2024-02-03 15:00:00+00:00,0.5211,0.5217,0.5163,0.5201,12441593.0
2024-02-03 16:00:00+00:00,0.5201,0.5215,0.5177,0.5179,9165731.0
2024-02-03 17:00:00+00:00,0.5179,0.5207,0.5175,0.5196,8495370.0
2024-02-03 18:00:00+00:00,0.5195,0.5198,0.5171,0.5176,8325263.0
2024-02-03 19:00:00+00:00,0.5175,0.5218,0.5174,0.5211,9164205.0
2024-02-03 20:00:00+00:00,0.521,0.5211,0.5185,0.5188,7857410.0
2024-02-03 21:00:00+00:00,0.5188,0.5205,0.5178,0.5203,6596820.0
2024-02-03 22:00:00+00:00,0.5203,0.5211,0.5194,0.5202,3993719.0
2024-02-03 23:00:00+00:00,0.5202,0.5222,0.5186,0.5186,7989587.0
2024-02-04 00:00:00+00:00,0.5187,0.5189,0.5153,0.5172,7950417.0
2024-02-04 01:00:00+00:00,0.5171,0.5185,0.5156,0.5185,5345508.0
2024-02-04 02:00:00+00:00,0.5185,0.5192,0.5176,0.5178,2894622.0
2024-02-04 03:00:00+00:00,0.5178,0.5188,0.5171,0.5176,5159047.0
2024-02-04 04:00:00+00:00,0.5176,0.5179,0.5144,0.5156,6472986.0
2024-02-04 05:00:00+00:00,0.5156,0.5161,0.5129,0.513,6694523.0
2024-02-04 06:00:00+00:00,0.5129,0.5146,0.511,0.5113,7864005.0
2024-02-04 07:00:00+00:00,0.5114,0.5121,0.5089,0.51,9291597.0
2024-02-04 08:00:00+00:00,0.51,0.5131,0.5094,0.512,5863410.0
2024-02-04 09:00:00+00:00,0.512,0.5137,0.5107,0.5126,5979540.0
2024-02-04 10:00:00+00:00,0.5126,0.5127,0.5107,0.5126,5565060.0
2024-02-04 11:00:00+00:00,0.5125,0.5142,0.5122,0.5128,4988118.0
2024-02-04 12:00:00+00:00,0.5129,0.514,0.5119,0.5124,6442360.0
2024-02-04 13:00:00+00:00,0.5124,0.5129,0.5111,0.5119,5779969.0
2024-02-04 14:00:00+00:00,0.512,0.5136,0.5109,0.5115,7106297.0
2024-02-04 15:00:00+00:00,0.5116,0.5124,0.51,0.5108,3585964.0
2024-02-04 16:00:00+00:00,0.5109,0.5115,0.5093,0.5106,5208114.0
2024-02-04 17:00:00+00:00,0.5107,0.5129,0.5101,0.5118,7033719.0
2024-02-04 18:00:00+00:00,0.5118,0.5125,0.5078,0.5087,8326351.0
2024-02-04 19:00:00+00:00,0.5087,0.5092,0.5039,0.5068,12090985.0
2024-02-04 20:00:00+00:00,0.5067,0.5093,0.5055,0.5086,6940074.0
2024-02-04 21:00:00+00:00,0.5086,0.5098,0.5077,0.5079,4174750.0
2024-02-04 22:00:00+00:00,0.5079,0.5085,0.5003,0.5038,9786633.0
2024-02-04 23:00:00+00:00,0.5038,0.5045,0.5027,0.5032,5916976.0
2024-02-05 00:00:00+00:00,0.5031,0.5052,0.501,0.5016,16155443.0
2024-02-05 01:00:00+00:00,0.5015,0.5015,0.4969,0.5007,17954170.0
2024-02-05 02:00:00+00:00,0.5006,0.5033,0.5004,0.5027,6966954.0
2024-02-05 03:00:00+00:00,0.5027,0.5065,0.5023,0.5061,10461268.0
2024-02-05 04:00:00+00:00,0.506,0.5066,0.5045,0.5051,7390238.0
2024-02-05 05:00:00+00:00,0.5051,0.5051,0.5033,0.5039,6826200.0
2024-02-05 06:00:00+00:00,0.5039,0.5054,0.5032,0.5054,8464229.0
2024-02-05 07:00:00+00:00,0.5054,0.5061,0.5037,0.5044,19585887.0
2024-02-05 08:00:00+00:00,0.5043,0.5059,0.5028,0.503,15990074.0
2024-02-05 09:00:00+00:00,0.503,0.5056,0.5023,0.5047,21045252.0
2024-02-05 10:00:00+00:00,0.5048,0.5076,0.5047,0.5053,14401603.0
2024-02-05 11:00:00+00:00,0.5053,0.5074,0.5041,0.5056,12312339.0
2024-02-05 12:00:00+00:00,0.5056,0.5065,0.5043,0.5065,8558354.0
2024-02-05 13:00:00+00:00,0.5065,0.5083,0.506,0.5079,10565447.0
2024-02-05 14:00:00+00:00,0.5078,0.5091,0.5063,0.5068,13081168.0
2024-02-05 15:00:00+00:00,0.5068,0.5068,0.5008,0.5026,15498125.0
2024-02-05 16:00:00+00:00,0.5026,0.5063,0.5024,0.5061,10825090.0
2024-02-05 17:00:00+00:00,0.5061,0.5143,0.5053,0.5091,38336394.0
2024-02-05 18:00:00+00:00,0.5091,0.5097,0.5072,0.508,12746932.0
2024-02-05 19:00:00+00:00,0.508,0.5101,0.5077,0.5101,7930892.0
2024-02-05 20:00:00+00:00,0.5101,0.5102,0.5045,0.5079,13868104.0
2024-02-05 21:00:00+00:00,0.5078,0.509,0.5063,0.5069,9480884.0
2024-02-05 22:00:00+00:00,0.5068,0.5078,0.5044,0.5078,10007833.0
2024-02-05 23:00:00+00:00,0.5077,0.5078,0.5046,0.5069,8291341.0
2024-02-06 00:00:00+00:00,0.5069,0.5069,0.5045,0.5054,7707432.0
2024-02-06 01:00:00+00:00,0.5054,0.5075,0.5044,0.5064,8975844.0
2024-02-06 02:00:00+00:00,0.5064,0.5083,0.5062,0.5079,5988026.0
2024-02-06 03:00:00+00:00,0.5079,0.5086,0.5061,0.507,8739141.0
2024-02-06 04:00:00+00:00,0.507,0.5078,0.5057,0.5061,6789810.0
2024-02-06 05:00:00+00:00,0.5061,0.5061,0.5043,0.5045,8686230.0
2024-02-06 06:00:00+00:00,0.5044,0.5053,0.5011,0.5027,15195852.0
2024-02-06 07:00:00+00:00,0.5027,0.5046,0.5026,0.5042,8705856.0
2024-02-06 08:00:00+00:00,0.5042,0.5045,0.5024,0.5036,20698547.0
2024-02-06 09:00:00+00:00,0.5035,0.5042,0.5022,0.5025,14351931.0
2024-02-06 10:00:00+00:00,0.5024,0.5055,0.5002,0.5027,27628169.0
2024-02-06 11:00:00+00:00,0.5026,0.5038,0.5001,0.5013,14266222.0
2024-02-06 12:00:00+00:00,0.5013,0.5024,0.4981,0.501,20322857.0
2024-02-06 13:00:00+00:00,0.501,0.5024,0.4994,0.5009,14428371.0
2024-02-06 14:00:00+00:00,0.5009,0.5036,0.5006,0.5014,13176464.0
2024-02-06 15:00:00+00:00,0.5015,0.5055,0.5001,0.5043,17299790.0
2024-02-06 16:00:00+00:00,0.5043,0.506,0.5027,0.5039,13860975.0
2024-02-06 17:00:00+00:00,0.5039,0.5051,0.5036,0.5044,10819590.0
2024-02-06 18:00:00+00:00,0.5044,0.5075,0.5042,0.5075,12272443.0
2024-02-06 19:00:00+00:00,0.5075,0.51,0.507,0.5098,12591423.0
2024-02-06 20:00:00+00:00,0.5097,0.5112,0.509,0.5095,8727311.0
2024-02-06 21:00:00+00:00,0.5095,0.5106,0.5085,0.5093,7703860.0
2024-02-06 22:00:00+00:00,0.5093,0.5099,0.5069,0.5077,8193428.0
2024-02-06 23:00:00+00:00,0.5077,0.5078,0.5047,0.505,9231789.0
2024-02-07 00:00:00+00:00,0.505,0.5056,0.503,0.5032,11315169.0
2024-02-07 01:00:00+00:00,0.5032,0.5064,0.5028,0.5053,10030289.0
2024-02-07 02:00:00+00:00,0.5053,0.5057,0.5041,0.505,9162754.0
2024-02-07 03:00:00+00:00,0.505,0.5055,0.5033,0.5036,5835644.0
2024-02-07 04:00:00+00:00,0.5036,0.5053,0.5026,0.504,15320710.0
2024-02-07 05:00:00+00:00,0.5041,0.5054,0.5026,0.5027,24194010.0
2024-02-07 06:00:00+00:00,0.5027,0.5038,0.4998,0.5012,41335941.0
2024-02-07 07:00:00+00:00,0.5013,0.5022,0.5002,0.5012,15069901.0
2024-02-07 08:00:00+00:00,0.5012,0.5016,0.4993,0.5001,24220737.0
2024-02-07 09:00:00+00:00,0.5001,0.5039,0.4994,0.5031,21107116.0
2024-02-07 10:00:00+00:00,0.5031,0.5033,0.4999,0.5006,11158596.0
2024-02-07 11:00:00+00:00,0.5006,0.5023,0.5005,0.5021,8701054.0
2024-02-07 12:00:00+00:00,0.502,0.5031,0.5014,0.503,8855194.0
2024-02-07 13:00:00+00:00,0.503,0.5037,0.5017,0.5035,9776813.0
2024-02-07 14:00:00+00:00,0.5036,0.5048,0.5016,0.5025,15304307.0
2024-02-07 15:00:00+00:00,0.5025,0.5045,0.5014,0.5036,9909146.0
2024-02-07 16:00:00+00:00,0.5036,0.5053,0.5029,0.5053,11444303.0
2024-02-07 17:00:00+00:00,0.5053,0.509,0.5051,0.5073,16079263.0
2024-02-07 18:00:00+00:00,0.5074,0.5105,0.507,0.5092,12764800.0
2024-02-07 19:00:00+00:00,0.5092,0.51,0.5068,0.5092,9446475.0
2024-02-07 20:00:00+00:00,0.5092,0.5135,0.5091,0.5129,15532884.0
2024-02-07 21:00:00+00:00,0.513,0.5149,0.5122,0.5131,12709322.0
2024-02-07 22:00:00+00:00,0.5131,0.5155,0.5116,0.5122,11407131.0
2024-02-07 23:00:00+00:00,0.5122,0.5144,0.5121,0.5138,6384285.0
2024-02-08 00:00:00+00:00,0.5138,0.5153,0.5125,0.5148,12911937.0
2024-02-08 01:00:00+00:00,0.5148,0.515,0.511,0.512,15800271.0
2024-02-08 02:00:00+00:00,0.5119,0.5184,0.511,0.516,13225484.0
2024-02-08 03:00:00+00:00,0.5161,0.5183,0.5124,0.5139,22441122.0
2024-02-08 04:00:00+00:00,0.5139,0.5156,0.5122,0.5137,17301247.0
2024-02-08 05:00:00+00:00,0.5137,0.515,0.511,0.5114,16832864.0
2024-02-08 06:00:00+00:00,0.5115,0.5118,0.5101,0.511,18416302.0
2024-02-08 07:00:00+00:00,0.511,0.5133,0.5109,0.5123,9696893.0
2024-02-08 08:00:00+00:00,0.5123,0.5138,0.5118,0.5129,15118287.0
2024-02-08 09:00:00+00:00,0.513,0.5173,0.5121,0.5165,18138618.0
2024-02-08 10:00:00+00:00,0.5165,0.5168,0.5146,0.5148,11728213.0
2024-02-08 11:00:00+00:00,0.5147,0.5158,0.5122,0.5134,14788320.0
2024-02-08 12:00:00+00:00,0.5133,0.5146,0.512,0.5123,7742375.0
2024-02-08 13:00:00+00:00,0.5124,0.5148,0.5118,0.5147,10633298.0
2024-02-08 14:00:00+00:00,0.5147,0.5185,0.514,0.5159,18487856.0
2024-02-08 15:00:00+00:00,0.5158,0.52,0.5141,0.517,26665479.0
2024-02-08 16:00:00+00:00,0.5171,0.5172,0.5115,0.5131,14976858.0
2024-02-08 17:00:00+00:00,0.5132,0.5157,0.5118,0.5155,17058103.0
2024-02-08 18:00:00+00:00,0.5156,0.5186,0.515,0.5169,8712626.0
2024-02-08 19:00:00+00:00,0.517,0.5175,0.5151,0.5151,4008614.0
2024-02-08 20:00:00+00:00,0.5152,0.5174,0.5149,0.5162,5823640.0
2024-02-08 21:00:00+00:00,0.5163,0.5172,0.5155,0.516,5331077.0
2024-02-08 22:00:00+00:00,0.516,0.5168,0.5133,0.5142,8214813.0
2024-02-08 23:00:00+00:00,0.5142,0.5151,0.5132,0.5147,5504642.0
2024-02-09 00:00:00+00:00,0.5146,0.5153,0.514,0.5151,12285134.0
2024-02-09 01:00:00+00:00,0.515,0.5164,0.5145,0.5164,8287315.0
2024-02-09 02:00:00+00:00,0.5164,0.5204,0.516,0.5201,14406355.0
2024-02-09 03:00:00+00:00,0.5201,0.5205,0.5184,0.5189,11553267.0
2024-02-09 04:00:00+00:00,0.5189,0.5196,0.5177,0.5188,8291666.0
2024-02-09 05:00:00+00:00,0.5188,0.5194,0.5176,0.5185,9674037.0
2024-02-09 06:00:00+00:00,0.5185,0.5186,0.5152,0.5171,18489350.0
2024-02-09 07:00:00+00:00,0.517,0.5185,0.5164,0.5177,16638329.0
2024-02-09 08:00:00+00:00,0.5177,0.5215,0.5165,0.5215,21271476.0
2024-02-09 09:00:00+00:00,0.5215,0.5228,0.5192,0.5228,17633350.0
2024-02-09 10:00:00+00:00,0.5228,0.5236,0.5214,0.5227,13735641.0
2024-02-09 11:00:00+00:00,0.5226,0.5262,0.5205,0.5248,20151801.0
2024-02-09 12:00:00+00:00,0.5247,0.5265,0.5231,0.5238,30831087.0
2024-02-09 13:00:00+00:00,0.5238,0.525,0.5225,0.524,20402327.0
2024-02-09 14:00:00+00:00,0.5239,0.524,0.5175,0.5208,34034471.0
2024-02-09 15:00:00+00:00,0.5208,0.5223,0.5192,0.5216,21710220.0
2024-02-09 16:00:00+00:00,0.5215,0.5226,0.5195,0.5201,14260714.0
2024-02-09 17:00:00+00:00,0.5201,0.5239,0.5196,0.5238,15536041.0
2024-02-09 18:00:00+00:00,0.5238,0.5267,0.5229,0.5254,14917133.0
2024-02-09 19:00:00+00:00,0.5254,0.5261,0.5225,0.526,10181148.0
2024-02-09 20:00:00+00:00,0.5259,0.5276,0.5236,0.5248,12572522.0
2024-02-09 21:00:00+00:00,0.5248,0.5282,0.524,0.5276,11257279.0
2024-02-09 22:00:00+00:00,0.5275,0.528,0.5238,0.5259,12099082.0
2024-02-09 23:00:00+00:00,0.5258,0.527,0.5242,0.5262,11444248.0
2024-02-10 00:00:00+00:00,0.5262,0.5265,0.5237,0.5238,8204888.0
2024-02-10 01:00:00+00:00,0.5239,0.526,0.5232,0.5258,4581590.0
2024-02-10 02:00:00+00:00,0.5257,0.5267,0.5252,0.5265,4651578.0
2024-02-10 03:00:00+00:00,0.5264,0.5282,0.5261,0.5272,7197984.0
2024-02-10 04:00:00+00:00,0.5273,0.5275,0.5251,0.5255,3912569.0
2024-02-10 05:00:00+00:00,0.5254,0.5257,0.5246,0.525,3973006.0
2024-02-10 06:00:00+00:00,0.525,0.5254,0.5244,0.5245,3597084.0
2024-02-10 07:00:00+00:00,0.5244,0.5246,0.5233,0.5236,4852985.0
2024-02-10 08:00:00+00:00,0.5236,0.5255,0.5235,0.5237,4940193.0
2024-02-10 09:00:00+00:00,0.5237,0.5249,0.522,0.5224,6497869.0
2024-02-10 10:00:00+00:00,0.5224,0.5228,0.5186,0.5199,10864859.0
2024-02-10 11:00:00+00:00,0.5199,0.5214,0.5193,0.521,8182297.0
2024-02-10 12:00:00+00:00,0.521,0.5219,0.52,0.5205,7155349.0
2024-02-10 13:00:00+00:00,0.5206,0.522,0.5194,0.5216,7843854.0
2024-02-10 14:00:00+00:00,0.5215,0.5225,0.5208,0.5213,5174458.0
2024-02-10 15:00:00+00:00,0.5212,0.5229,0.5209,0.5221,5373053.0
2024-02-10 16:00:00+00:00,0.5222,0.5236,0.522,0.5232,4696895.0
2024-02-10 17:00:00+00:00,0.5233,0.5235,0.5212,0.5212,4587831.0
2024-02-10 18:00:00+00:00,0.5213,0.5225,0.5211,0.5219,3858386.0
2024-02-10 19:00:00+00:00,0.522,0.5233,0.5214,0.5228,3757022.0
2024-02-10 20:00:00+00:00,0.5228,0.5254,0.5225,0.5244,6520082.0
2024-02-10 21:00:00+00:00,0.5244,0.5258,0.5235,0.5251,6616469.0
2024-02-10 22:00:00+00:00,0.5251,0.5252,0.523,0.5241,4686643.0
2024-02-10 23:00:00+00:00,0.5242,0.5255,0.5233,0.5239,4324907.0
2024-02-11 00:00:00+00:00,0.5239,0.5241,0.5216,0.5237,7985691.0
2024-02-11 01:00:00+00:00,0.5236,0.5238,0.5222,0.5229,3965992.0
2024-02-11 02:00:00+00:00,0.523,0.5239,0.5226,0.5227,3707127.0
2024-02-11 03:00:00+00:00,0.5227,0.5271,0.5225,0.5268,16036812.0
2024-02-11 04:00:00+00:00,0.5268,0.5286,0.5263,0.5268,14225873.0
2024-02-11 05:00:00+00:00,0.5268,0.5285,0.526,0.5273,6959190.0
2024-02-11 06:00:00+00:00,0.5274,0.5277,0.5264,0.5274,5994575.0
2024-02-11 07:00:00+00:00,0.5273,0.5285,0.5272,0.5282,7169896.0
2024-02-11 08:00:00+00:00,0.5283,0.5288,0.5273,0.5287,7243023.0
2024-02-11 09:00:00+00:00,0.5287,0.536,0.5283,0.5342,35050600.0
2024-02-11 10:00:00+00:00,0.5342,0.5342,0.5305,0.5333,17776309.0
2024-02-11 11:00:00+00:00,0.5332,0.5344,0.5317,0.5333,9579058.0
2024-02-11 12:00:00+00:00,0.5334,0.5337,0.5313,0.532,6785764.0
2024-02-11 13:00:00+00:00,0.5319,0.5328,0.5292,0.5294,10718169.0
2024-02-11 14:00:00+00:00,0.5293,0.5306,0.5261,0.5306,10850906.0
2024-02-11 15:00:00+00:00,0.5306,0.5307,0.5281,0.5291,6313262.0
2024-02-11 16:00:00+00:00,0.5291,0.5294,0.5265,0.5274,7479234.0
2024-02-11 17:00:00+00:00,0.5274,0.5291,0.5274,0.528,4026281.0
2024-02-11 18:00:00+00:00,0.528,0.5288,0.5246,0.5281,9056593.0
2024-02-11 19:00:00+00:00,0.5281,0.5298,0.5278,0.5289,4687444.0
2024-02-11 20:00:00+00:00,0.5289,0.5293,0.5235,0.5247,8526492.0
2024-02-11 21:00:00+00:00,0.5248,0.5257,0.524,0.525,6022573.0
2024-02-11 22:00:00+00:00,0.5249,0.5263,0.5243,0.5249,3871743.0
2024-02-11 23:00:00+00:00,0.525,0.5263,0.5243,0.5261,4960011.0
2024-02-12 00:00:00+00:00,0.5262,0.5284,0.5253,0.5282,10302661.0
2024-02-12 01:00:00+00:00,0.5281,0.5287,0.527,0.5282,6468226.0
2024-02-12 02:00:00+00:00,0.5281,0.5287,0.5184,0.5219,26009474.0
2024-02-12 03:00:00+00:00,0.5219,0.5242,0.5211,0.5232,8518808.0
2024-02-12 04:00:00+00:00,0.5231,0.5232,0.5206,0.521,9687258.0
2024-02-12 05:00:00+00:00,0.521,0.5228,0.5187,0.5199,16033350.0
2024-02-12 06:00:00+00:00,0.5198,0.5203,0.5147,0.5176,28047391.0
2024-02-12 07:00:00+00:00,0.5176,0.5198,0.517,0.5195,9767100.0
2024-02-12 08:00:00+00:00,0.5195,0.5203,0.5175,0.5198,17345253.0
2024-02-12 09:00:00+00:00,0.5198,0.5204,0.516,0.5173,10272606.0
2024-02-12 10:00:00+00:00,0.5173,0.5193,0.5164,0.5168,9392681.0
2024-02-12 11:00:00+00:00,0.5168,0.5182,0.5143,0.5182,19230055.0
2024-02-12 12:00:00+00:00,0.5182,0.519,0.5171,0.519,9483383.0
2024-02-12 13:00:00+00:00,0.5189,0.5191,0.5178,0.5182,7624591.0
2024-02-12 14:00:00+00:00,0.5181,0.5234,0.5179,0.5231,15022473.0
2024-02-12 15:00:00+00:00,0.523,0.5287,0.522,0.5278,40735760.0
2024-02-12 16:00:00+00:00,0.5278,0.5281,0.5245,0.5276,17698521.0
2024-02-12 17:00:00+00:00,0.5276,0.5353,0.5272,0.5313,29583743.0
2024-02-12 18:00:00+00:00,0.5313,0.538,0.5313,0.535,27035530.0
2024-02-12 19:00:00+00:00,0.535,0.5364,0.5308,0.5311,18710135.0
2024-02-12 20:00:00+00:00,0.5311,0.5352,0.531,0.5347,11650906.0
2024-02-12 21:00:00+00:00,0.5346,0.5349,0.5312,0.5316,13870281.0
2024-02-12 22:00:00+00:00,0.5316,0.5331,0.5294,0.5312,13907797.0
2024-02-12 23:00:00+00:00,0.5311,0.5322,0.5307,0.5315,7548445.0
2024-02-13 00:00:00+00:00,0.5315,0.5338,0.5315,0.5327,12565945.0
2024-02-13 01:00:00+00:00,0.5326,0.5331,0.5307,0.5314,12054495.0
2024-02-13 02:00:00+00:00,0.5314,0.5323,0.5298,0.5303,8401329.0
2024-02-13 03:00:00+00:00,0.5303,0.5307,0.5275,0.5285,11529228.0
2024-02-13 04:00:00+00:00,0.5284,0.5311,0.5283,0.5307,7064184.0
2024-02-13 05:00:00+00:00,0.5307,0.5308,0.5273,0.5286,13734904.0
2024-02-13 06:00:00+00:00,0.5286,0.5295,0.5275,0.5285,17315137.0
2024-02-13 07:00:00+00:00,0.5285,0.531,0.5284,0.5307,10243122.0
2024-02-13 08:00:00+00:00,0.5307,0.5308,0.5287,0.5292,24071389.0
2024-02-13 09:00:00+00:00,0.5292,0.5308,0.5284,0.5308,16939898.0
2024-02-13 10:00:00+00:00,0.5307,0.531,0.5279,0.5285,29659515.0
2024-02-13 11:00:00+00:00,0.5284,0.5293,0.5263,0.5286,14867091.0
2024-02-13 12:00:00+00:00,0.5286,0.5286,0.527,0.528,11190941.0
2024-02-13 13:00:00+00:00,0.5279,0.5281,0.5175,0.5228,42918129.0
2024-02-13 14:00:00+00:00,0.5227,0.5239,0.514,0.5178,51728936.0
2024-02-13 15:00:00+00:00,0.5178,0.5206,0.5162,0.5199,21524536.0
2024-02-13 16:00:00+00:00,0.5199,0.5215,0.5187,0.5196,16091750.0
2024-02-13 17:00:00+00:00,0.5196,0.5243,0.5191,0.524,16673857.0
2024-02-13 18:00:00+00:00,0.524,0.5259,0.5238,0.5256,8747772.0
2024-02-13 19:00:00+00:00,0.5256,0.5269,0.5245,0.525,7670543.0
2024-02-13 20:00:00+00:00,0.525,0.5278,0.5249,0.527,8610628.0
2024-02-13 21:00:00+00:00,0.5269,0.5293,0.5266,0.5281,8372580.0
2024-02-13 22:00:00+00:00,0.528,0.5284,0.5236,0.526,9312025.0
2024-02-13 23:00:00+00:00,0.5259,0.5261,0.5203,0.5247,17515448.0
2024-02-14 00:00:00+00:00,0.5246,0.5247,0.5203,0.5215,15361233.0
2024-02-14 01:00:00+00:00,0.5215,0.5227,0.5206,0.5225,9992637.0
2024-02-14 02:00:00+00:00,0.5225,0.5234,0.5216,0.523,4018491.0
2024-02-14 03:00:00+00:00,0.5231,0.5255,0.523,0.5248,10491741.0
2024-02-14 04:00:00+00:00,0.5249,0.5251,0.5238,0.5246,4914109.0
2024-02-14 05:00:00+00:00,0.5246,0.5247,0.5217,0.5224,12402443.0
2024-02-14 06:00:00+00:00,0.5224,0.5234,0.5217,0.5231,13930449.0
2024-02-14 07:00:00+00:00,0.5231,0.5249,0.523,0.5247,10462795.0
2024-02-14 08:00:00+00:00,0.5247,0.5291,0.5241,0.5289,11454113.0
2024-02-14 09:00:00+00:00,0.5288,0.5329,0.5283,0.5317,34556609.0
2024-02-14 10:00:00+00:00,0.5318,0.5327,0.5303,0.532,18885483.0
2024-02-14 11:00:00+00:00,0.5319,0.5324,0.526,0.5316,34748623.0
2024-02-14 12:00:00+00:00,0.5316,0.5323,0.5285,0.5296,24333743.0
2024-02-14 13:00:00+00:00,0.5297,0.5382,0.5295,0.5361,43919188.0
2024-02-14 14:00:00+00:00,0.5361,0.5363,0.5329,0.5341,23984327.0
2024-02-14 15:00:00+00:00,0.5341,0.5344,0.53,0.5326,23857060.0
2024-02-14 16:00:00+00:00,0.5326,0.5334,0.5294,0.5316,13745930.0
2024-02-14 17:00:00+00:00,0.5317,0.5349,0.5315,0.5334,14501254.0
2024-02-14 18:00:00+00:00,0.5334,0.538,0.5328,0.5374,19189747.0
2024-02-14 19:00:00+00:00,0.5374,0.5397,0.537,0.5385,11860838.0
2024-02-14 20:00:00+00:00,0.5384,0.5395,0.5376,0.5389,7356436.0
2024-02-14 21:00:00+00:00,0.539,0.5397,0.5374,0.5394,9439606.0
2024-02-14 22:00:00+00:00,0.5394,0.5418,0.5378,0.5392,19783168.0
2024-02-14 23:00:00+00:00,0.5392,0.5395,0.5376,0.5378,8881097.0
2024-02-15 00:00:00+00:00,0.5378,0.5438,0.5378,0.5433,20426943.0
2024-02-15 01:00:00+00:00,0.5434,0.5469,0.537,0.5402,31541614.0
2024-02-15 02:00:00+00:00,0.5401,0.5462,0.5394,0.5462,13073212.0
2024-02-15 03:00:00+00:00,0.5463,0.559,0.5456,0.5527,47622832.0
2024-02-15 04:00:00+00:00,0.5527,0.5573,0.5513,0.5533,28810476.0
2024-02-15 05:00:00+00:00,0.5533,0.5545,0.5416,0.5448,36306109.0
2024-02-15 06:00:00+00:00,0.5449,0.5482,0.5428,0.5458,24180967.0
2024-02-15 07:00:00+00:00,0.5457,0.5499,0.5448,0.5495,21619737.0
2024-02-15 08:00:00+00:00,0.5494,0.5497,0.546,0.5469,21685519.0
2024-02-15 09:00:00+00:00,0.5469,0.5523,0.5465,0.5519,24469231.0
2024-02-15 10:00:00+00:00,0.5519,0.5548,0.5511,0.553,18582528.0
2024-02-15 11:00:00+00:00,0.5531,0.5532,0.5482,0.55,19502603.0
2024-02-15 12:00:00+00:00,0.55,0.5511,0.5462,0.55,20533470.0
2024-02-15 13:00:00+00:00,0.55,0.5511,0.5469,0.5498,20779577.0
2024-02-15 14:00:00+00:00,0.5498,0.5532,0.5489,0.5529,24836373.0
2024-02-15 15:00:00+00:00,0.5529,0.5549,0.5435,0.5466,38362391.0
2024-02-15 16:00:00+00:00,0.5466,0.5488,0.5419,0.5485,20095093.0
2024-02-15 17:00:00+00:00,0.5485,0.549,0.5451,0.5454,12622386.0
2024-02-15 18:00:00+00:00,0.5454,0.5538,0.5446,0.5533,21668521.0
2024-02-15 19:00:00+00:00,0.5533,0.5548,0.5507,0.5537,12697659.0
2024-02-15 20:00:00+00:00,0.5538,0.5613,0.5505,0.56,32082182.0
2024-02-15 21:00:00+00:00,0.56,0.5769,0.5585,0.5635,85221204.0
2024-02-15 22:00:00+00:00,0.5634,0.5668,0.5577,0.5608,30383569.0
2024-02-15 23:00:00+00:00,0.5608,0.5649,0.5606,0.5622,13479902.0
2024-02-16 00:00:00+00:00,0.5622,0.5627,0.5578,0.5622,19995510.0
2024-02-16 01:00:00+00:00,0.5622,0.5663,0.5613,0.5659,23011857.0
2024-02-16 02:00:00+00:00,0.5659,0.5738,0.5647,0.5737,29946034.0
2024-02-16 03:00:00+00:00,0.5737,0.5791,0.5713,0.5789,28388462.0
2024-02-16 04:00:00+00:00,0.5788,0.5789,0.574,0.5743,28233818.0
2024-02-16 05:00:00+00:00,0.5743,0.575,0.5701,0.5709,26874699.0
2024-02-16 06:00:00+00:00,0.5709,0.5716,0.5672,0.5675,26017152.0
2024-02-16 07:00:00+00:00,0.5674,0.5685,0.5626,0.5659,28859051.0
2024-02-16 08:00:00+00:00,0.5658,0.568,0.5641,0.565,17002115.0
2024-02-16 09:00:00+00:00,0.565,0.5662,0.5596,0.5657,21949286.0
2024-02-16 10:00:00+00:00,0.5657,0.5707,0.5651,0.5706,16861916.0
2024-02-16 11:00:00+00:00,0.5706,0.5743,0.5686,0.5712,19993889.0
2024-02-16 12:00:00+00:00,0.5711,0.5735,0.5705,0.5731,18524920.0
2024-02-16 13:00:00+00:00,0.5731,0.5732,0.5668,0.5692,22570173.0
2024-02-16 14:00:00+00:00,0.5691,0.5701,0.5548,0.5588,39531619.0
2024-02-16 15:00:00+00:00,0.5587,0.5603,0.5523,0.5602,40554480.0
2024-02-16 16:00:00+00:00,0.5602,0.5639,0.5589,0.5606,18815227.0
2024-02-16 17:00:00+00:00,0.5605,0.566,0.5599,0.5633,25554004.0
2024-02-16 18:00:00+00:00,0.5633,0.5652,0.5606,0.5648,12596994.0
2024-02-16 19:00:00+00:00,0.5648,0.5652,0.56,0.5611,12699880.0
2024-02-16 20:00:00+00:00,0.5611,0.5657,0.5602,0.5655,11888240.0
2024-02-16 21:00:00+00:00,0.5654,0.5688,0.5641,0.5666,11957839.0
2024-02-16 22:00:00+00:00,0.5665,0.5671,0.5634,0.565,8572275.0
2024-02-16 23:00:00+00:00,0.5649,0.5659,0.5621,0.5643,11712127.0
2024-02-17 00:00:00+00:00,0.5643,0.5655,0.5619,0.5643,8661918.0
2024-02-17 01:00:00+00:00,0.5643,0.5643,0.5578,0.5594,15037839.0
2024-02-17 02:00:00+00:00,0.5595,0.5599,0.5577,0.5598,7395299.0
2024-02-17 03:00:00+00:00,0.5598,0.5603,0.559,0.5598,5192338.0
2024-02-17 04:00:00+00:00,0.5599,0.5603,0.5583,0.5598,5177186.0
2024-02-17 05:00:00+00:00,0.5599,0.5604,0.5577,0.559,5672555.0
2024-02-17 06:00:00+00:00,0.559,0.5608,0.5586,0.5601,10801682.0
2024-02-17 07:00:00+00:00,0.5601,0.5617,0.5598,0.561,8312027.0
2024-02-17 08:00:00+00:00,0.561,0.5612,0.5557,0.5563,12165673.0
2024-02-17 09:00:00+00:00,0.5562,0.5571,0.5538,0.5539,12734059.0
2024-02-17 10:00:00+00:00,0.5539,0.5546,0.5505,0.5534,18520897.0
2024-02-17 11:00:00+00:00,0.5534,0.555,0.5529,0.5536,7190924.0
2024-02-17 12:00:00+00:00,0.5537,0.5547,0.5524,0.5547,7887661.0
2024-02-17 13:00:00+00:00,0.5546,0.5547,0.5464,0.5478,24722373.0
2024-02-17 14:00:00+00:00,0.5478,0.5494,0.5392,0.5419,38503992.0
2024-02-17 15:00:00+00:00,0.542,0.547,0.5405,0.5463,14775780.0
2024-02-17 16:00:00+00:00,0.5463,0.5488,0.5444,0.5475,9857756.0
2024-02-17 17:00:00+00:00,0.5475,0.5505,0.5474,0.5499,7730185.0
2024-02-17 18:00:00+00:00,0.5498,0.5499,0.5478,0.548,6754163.0
2024-02-17 19:00:00+00:00,0.5481,0.5509,0.5477,0.5491,4899811.0
2024-02-17 20:00:00+00:00,0.5492,0.551,0.5487,0.5505,4712855.0
2024-02-17 21:00:00+00:00,0.5505,0.5532,0.5491,0.5508,7766364.0
2024-02-17 22:00:00+00:00,0.5509,0.5511,0.5493,0.5503,4989666.0
2024-02-17 23:00:00+00:00,0.5503,0.5509,0.5493,0.5496,4570575.0
2024-02-18 00:00:00+00:00,0.5496,0.553,0.5481,0.5512,15796939.0
2024-02-18 01:00:00+00:00,0.5512,0.5525,0.5493,0.5495,8866766.0
2024-02-18 02:00:00+00:00,0.5496,0.5516,0.5481,0.5489,7103859.0
2024-02-18 03:00:00+00:00,0.5489,0.5503,0.5471,0.5503,4277409.0
2024-02-18 04:00:00+00:00,0.5502,0.5533,0.5502,0.5531,6413513.0
2024-02-18 05:00:00+00:00,0.5532,0.5591,0.5527,0.5565,13054905.0
2024-02-18 06:00:00+00:00,0.5565,0.5571,0.5526,0.5542,8382821.0
2024-02-18 07:00:00+00:00,0.5542,0.5561,0.5526,0.555,10477269.0
2024-02-18 08:00:00+00:00,0.5549,0.5571,0.5529,0.5571,11312124.0
2024-02-18 09:00:00+00:00,0.557,0.5589,0.5567,0.5589,8676374.0
2024-02-18 10:00:00+00:00,0.5588,0.5589,0.5561,0.5573,9037055.0
2024-02-18 11:00:00+00:00,0.5572,0.5589,0.5569,0.5587,6843641.0
2024-02-18 12:00:00+00:00,0.5587,0.5588,0.5534,0.5542,9208441.0
2024-02-18 13:00:00+00:00,0.5542,0.5564,0.5542,0.5561,6224430.0
2024-02-18 14:00:00+00:00,0.556,0.5583,0.5556,0.558,6924929.0
2024-02-18 15:00:00+00:00,0.558,0.56,0.5566,0.5594,6839465.0
2024-02-18 16:00:00+00:00,0.5595,0.5599,0.5572,0.5593,8655943.0
2024-02-18 17:00:00+00:00,0.5594,0.5625,0.5592,0.5608,8216178.0
2024-02-18 18:00:00+00:00,0.5608,0.5609,0.5584,0.5603,7364086.0
2024-02-18 19:00:00+00:00,0.5602,0.5605,0.558,0.5582,5947512.0
2024-02-18 20:00:00+00:00,0.5583,0.559,0.5547,0.5567,7556350.0
2024-02-18 21:00:00+00:00,0.5567,0.5587,0.5564,0.5585,4296547.0
2024-02-18 22:00:00+00:00,0.5585,0.5618,0.5582,0.5601,8420544.0
2024-02-18 23:00:00+00:00,0.5601,0.5604,0.5559,0.5571,9747384.0
2024-02-19 00:00:00+00:00,0.557,0.5627,0.5568,0.5598,11296118.0
2024-02-19 01:00:00+00:00,0.5597,0.5616,0.5587,0.5613,10756675.0
2024-02-19 02:00:00+00:00,0.5613,0.562,0.5593,0.5616,15885261.0
2024-02-19 03:00:00+00:00,0.5615,0.5622,0.5594,0.5595,10919479.0
2024-02-19 04:00:00+00:00,0.5594,0.5618,0.5593,0.5602,12942014.0
2024-02-19 05:00:00+00:00,0.5602,0.5602,0.556,0.5575,13947239.0
2024-02-19 06:00:00+00:00,0.5575,0.5617,0.5573,0.5601,19845574.0
2024-02-19 07:00:00+00:00,0.5601,0.5643,0.5593,0.5636,23966765.0
2024-02-19 08:00:00+00:00,0.5635,0.564,0.5567,0.5581,18506269.0
2024-02-19 09:00:00+00:00,0.5581,0.5631,0.558,0.5609,16544166.0
2024-02-19 10:00:00+00:00,0.5608,0.5611,0.5561,0.5602,17017582.0
2024-02-19 11:00:00+00:00,0.5602,0.5604,0.5586,0.5591,11584189.0
2024-02-19 12:00:00+00:00,0.5591,0.5611,0.5576,0.5587,13914049.0
2024-02-19 13:00:00+00:00,0.5587,0.561,0.5566,0.5587,14319269.0
2024-02-19 14:00:00+00:00,0.5587,0.559,0.5553,0.5569,16609132.0
2024-02-19 15:00:00+00:00,0.5569,0.5601,0.5569,0.5583,13589673.0
2024-02-19 16:00:00+00:00,0.5583,0.5635,0.5559,0.5563,18252153.0
2024-02-19 17:00:00+00:00,0.5564,0.5617,0.5538,0.5603,25112773.0
2024-02-19 18:00:00+00:00,0.5603,0.5638,0.5596,0.561,13897704.0
2024-02-19 19:00:00+00:00,0.5609,0.5639,0.5592,0.5623,10135985.0
2024-02-19 20:00:00+00:00,0.5622,0.5628,0.5606,0.5612,9473084.0
2024-02-19 21:00:00+00:00,0.5612,0.5653,0.5605,0.5647,14220518.0
2024-02-19 22:00:00+00:00,0.5647,0.5679,0.5638,0.566,14357576.0
2024-02-19 23:00:00+00:00,0.566,0.5673,0.5615,0.5626,14566698.0
2024-02-20 00:00:00+00:00,0.5626,0.564,0.5578,0.5589,22470761.0
2024-02-20 01:00:00+00:00,0.5589,0.5608,0.5553,0.5593,21090365.0
2024-02-20 02:00:00+00:00,0.5593,0.5635,0.5588,0.5635,10994758.0
2024-02-20 03:00:00+00:00,0.5635,0.5732,0.5634,0.5675,45673658.0
2024-02-20 04:00:00+00:00,0.5675,0.5741,0.5647,0.5693,33332545.0
2024-02-20 05:00:00+00:00,0.5693,0.5695,0.5644,0.5684,15702442.0
2024-02-20 06:00:00+00:00,0.5683,0.5698,0.5663,0.5698,19368399.0
2024-02-20 07:00:00+00:00,0.5698,0.5708,0.5667,0.5674,23521701.0
2024-02-20 08:00:00+00:00,0.5673,0.5678,0.561,0.5649,24332655.0
2024-02-20 09:00:00+00:00,0.5649,0.5677,0.5576,0.5615,35153642.0
2024-02-20 10:00:00+00:00,0.5614,0.5706,0.5611,0.5693,22278769.0
2024-02-20 11:00:00+00:00,0.5693,0.5718,0.5683,0.5708,17132966.0
2024-02-20 12:00:00+00:00,0.5707,0.5732,0.5696,0.57,16175118.0
2024-02-20 13:00:00+00:00,0.57,0.5751,0.5691,0.5736,23224446.0
2024-02-20 14:00:00+00:00,0.5735,0.5737,0.5607,0.5646,40574344.0
2024-02-20 15:00:00+00:00,0.5646,0.5654,0.543,0.5547,59542171.0
2024-02-20 16:00:00+00:00,0.5547,0.5582,0.548,0.5491,31220443.0
2024-02-20 17:00:00+00:00,0.549,0.5534,0.5438,0.5531,42820346.0
2024-02-20 18:00:00+00:00,0.553,0.5561,0.5522,0.5558,11712176.0
2024-02-20 19:00:00+00:00,0.5557,0.5608,0.5538,0.5606,12210501.0
2024-02-20 20:00:00+00:00,0.5605,0.5653,0.5591,0.563,14662666.0
2024-02-20 21:00:00+00:00,0.5629,0.5649,0.5613,0.5632,9862563.0
2024-02-20 22:00:00+00:00,0.5632,0.5649,0.562,0.5644,11277784.0
2024-02-20 23:00:00+00:00,0.5644,0.5668,0.5622,0.5622,13159310.0
2024-02-21 00:00:00+00:00,0.5622,0.5629,0.5567,0.5575,19804867.0
2024-02-21 01:00:00+00:00,0.5576,0.5588,0.556,0.5572,16659817.0
2024-02-21 02:00:00+00:00,0.5572,0.5583,0.5564,0.5568,6823957.0
2024-02-21 03:00:00+00:00,0.5569,0.5597,0.5567,0.5591,6777156.0
2024-02-21 04:00:00+00:00,0.5591,0.5595,0.554,0.5548,9123239.0
2024-02-21 05:00:00+00:00,0.5548,0.5564,0.5519,0.5526,12702260.0
2024-02-21 06:00:00+00:00,0.5526,0.5531,0.5481,0.5497,24811218.0
2024-02-21 07:00:00+00:00,0.5498,0.5498,0.5451,0.547,20722416.0
2024-02-21 08:00:00+00:00,0.547,0.5508,0.5459,0.5491,22223575.0
2024-02-21 09:00:00+00:00,0.5492,0.5493,0.5358,0.538,43064227.0
2024-02-21 10:00:00+00:00,0.5379,0.5419,0.5326,0.5409,42249129.0
2024-02-21 11:00:00+00:00,0.541,0.543,0.5367,0.5389,21187754.0
2024-02-21 12:00:00+00:00,0.5389,0.5433,0.534,0.5425,24678432.0
2024-02-21 13:00:00+00:00,0.5426,0.5448,0.5391,0.5416,19922420.0
2024-02-21 14:00:00+00:00,0.5417,0.5423,0.5341,0.538,33976054.0
2024-02-21 15:00:00+00:00,0.538,0.5435,0.5364,0.5399,26139994.0
2024-02-21 16:00:00+00:00,0.54,0.5435,0.5388,0.5425,17651317.0
2024-02-21 17:00:00+00:00,0.5425,0.5437,0.5378,0.5397,13785130.0
2024-02-21 18:00:00+00:00,0.5397,0.5406,0.5352,0.5393,13553861.0
2024-02-21 19:00:00+00:00,0.5393,0.5426,0.5378,0.5424,10070870.0
2024-02-21 20:00:00+00:00,0.5424,0.5432,0.5408,0.5429,8387522.0
2024-02-21 21:00:00+00:00,0.543,0.5466,0.5421,0.5462,10711954.0
2024-02-21 22:00:00+00:00,0.5462,0.5478,0.5446,0.5477,9260692.0
2024-02-21 23:00:00+00:00,0.5477,0.5494,0.5472,0.5491,9249433.0
2024-02-22 00:00:00+00:00,0.549,0.5491,0.545,0.5455,17333065.0
2024-02-22 01:00:00+00:00,0.5456,0.5462,0.5386,0.5394,17880719.0
2024-02-22 02:00:00+00:00,0.5393,0.5435,0.5393,0.5416,8437780.0
2024-02-22 03:00:00+00:00,0.5417,0.5438,0.5413,0.543,8622431.0
2024-02-22 04:00:00+00:00,0.5429,0.5442,0.5402,0.541,11096125.0
2024-02-22 05:00:00+00:00,0.5409,0.5427,0.5402,0.5417,8823947.0
2024-02-22 06:00:00+00:00,0.5418,0.5446,0.5412,0.5445,20521854.0
2024-02-22 07:00:00+00:00,0.5445,0.5478,0.5428,0.546,21276160.0
2024-02-22 08:00:00+00:00,0.5459,0.5479,0.5446,0.5468,18240540.0
2024-02-22 09:00:00+00:00,0.5467,0.5505,0.5461,0.5499,20196175.0
2024-02-22 10:00:00+00:00,0.5499,0.5499,0.5454,0.5463,17426747.0
2024-02-22 11:00:00+00:00,0.5464,0.5464,0.5447,0.5453,10429165.0
2024-02-22 12:00:00+00:00,0.5453,0.5464,0.543,0.5442,12208189.0
2024-02-22 13:00:00+00:00,0.5443,0.5445,0.5366,0.5395,24763279.0
2024-02-22 14:00:00+00:00,0.5394,0.5437,0.5389,0.543,16664753.0
2024-02-22 15:00:00+00:00,0.5431,0.5448,0.5417,0.5442,13940581.0
2024-02-22 16:00:00+00:00,0.5442,0.5446,0.5402,0.5414,15155056.0
2024-02-22 17:00:00+00:00,0.5414,0.5435,0.5411,0.5429,10825926.0
2024-02-22 18:00:00+00:00,0.543,0.5505,0.5426,0.5487,21963448.0
2024-02-22 19:00:00+00:00,0.5487,0.5488,0.5458,0.5479,8774778.0
2024-02-22 20:00:00+00:00,0.5479,0.5517,0.5472,0.551,16124361.0
2024-02-22 21:00:00+00:00,0.5511,0.5513,0.5439,0.5464,15444855.0
2024-02-22 22:00:00+00:00,0.5465,0.5472,0.5416,0.5436,14727242.0
2024-02-22 23:00:00+00:00,0.5437,0.5442,0.5403,0.541,12947265.0
2024-02-23 00:00:00+00:00,0.541,0.5437,0.541,0.5428,10620472.0
2024-02-23 01:00:00+00:00,0.5428,0.5437,0.5398,0.5402,14612436.0
2024-02-23 02:00:00+00:00,0.5401,0.5424,0.5373,0.5386,13816922.0
2024-02-23 03:00:00+00:00,0.5386,0.5388,0.5363,0.538,12706715.0
2024-02-23 04:00:00+00:00,0.5379,0.5399,0.5357,0.5396,12499257.0
2024-02-23 05:00:00+00:00,0.5396,0.5407,0.5387,0.54,11358414.0
2024-02-23 06:00:00+00:00,0.54,0.5411,0.5393,0.5401,11410835.0
2024-02-23 07:00:00+00:00,0.54,0.5401,0.536,0.5371,23494713.0
2024-02-23 08:00:00+00:00,0.5371,0.5386,0.5289,0.5322,33203536.0
2024-02-23 09:00:00+00:00,0.5321,0.5352,0.5308,0.5351,23066393.0
2024-02-23 10:00:00+00:00,0.5351,0.5369,0.5348,0.536,16474423.0
2024-02-23 11:00:00+00:00,0.536,0.537,0.5353,0.5366,12375045.0
2024-02-23 12:00:00+00:00,0.5365,0.5369,0.5325,0.534,16672455.0
2024-02-23 13:00:00+00:00,0.534,0.5359,0.5326,0.5359,17099995.0
2024-02-23 14:00:00+00:00,0.5359,0.5376,0.5332,0.5372,26337329.0
2024-02-23 15:00:00+00:00,0.5372,0.5377,0.5311,0.5318,35979188.0
2024-02-23 16:00:00+00:00,0.5318,0.5332,0.5251,0.533,58552697.0
2024-02-23 17:00:00+00:00,0.5329,0.5359,0.5324,0.5359,17677733.0
2024-02-23 18:00:00+00:00,0.5358,0.5375,0.5341,0.537,12372753.0
2024-02-23 19:00:00+00:00,0.537,0.5389,0.5359,0.5389,9103387.0
2024-02-23 20:00:00+00:00,0.5389,0.5411,0.538,0.5407,12030668.0
2024-02-23 21:00:00+00:00,0.5407,0.541,0.5386,0.539,7919420.0
2024-02-23 22:00:00+00:00,0.539,0.5398,0.5334,0.5341,11218455.0
2024-02-23 23:00:00+00:00,0.5341,0.5359,0.5305,0.5342,14471207.0
2024-02-24 00:00:00+00:00,0.5342,0.5369,0.5334,0.5366,7847654.0
2024-02-24 01:00:00+00:00,0.5366,0.5366,0.5314,0.5314,9661455.0
2024-02-24 02:00:00+00:00,0.5314,0.535,0.5313,0.535,6001650.0
2024-02-24 03:00:00+00:00,0.535,0.5371,0.5334,0.5365,4796538.0
2024-02-24 04:00:00+00:00,0.5365,0.54,0.5358,0.539,9373094.0
2024-02-24 05:00:00+00:00,0.539,0.5404,0.5381,0.5394,7327958.0
2024-02-24 06:00:00+00:00,0.5394,0.5419,0.5389,0.5412,10582714.0
2024-02-24 07:00:00+00:00,0.5411,0.5428,0.5406,0.5426,10965603.0
2024-02-24 08:00:00+00:00,0.5425,0.5427,0.5402,0.5404,8161528.0
2024-02-24 09:00:00+00:00,0.5404,0.5452,0.5401,0.5445,11302206.0
2024-02-24 10:00:00+00:00,0.5445,0.5464,0.5438,0.5457,9251320.0
2024-02-24 11:00:00+00:00,0.5457,0.5467,0.5445,0.5459,7340839.0
2024-02-24 12:00:00+00:00,0.546,0.5462,0.543,0.5444,11045763.0
2024-02-24 13:00:00+00:00,0.5443,0.5456,0.5436,0.5453,8274905.0
2024-02-24 14:00:00+00:00,0.5453,0.5455,0.5428,0.5439,8652407.0
2024-02-24 15:00:00+00:00,0.544,0.5448,0.5427,0.5431,9160772.0
2024-02-24 16:00:00+00:00,0.5431,0.5453,0.5428,0.545,10973593.0
2024-02-24 17:00:00+00:00,0.5449,0.5481,0.5449,0.5471,11150309.0
2024-02-24 18:00:00+00:00,0.5472,0.548,0.5455,0.5458,8377289.0
2024-02-24 19:00:00+00:00,0.5458,0.5464,0.5451,0.5461,6197716.0
2024-02-24 20:00:00+00:00,0.546,0.5463,0.5438,0.5445,7925879.0
2024-02-24 21:00:00+00:00,0.5446,0.5469,0.5435,0.5458,7465456.0
2024-02-24 22:00:00+00:00,0.5458,0.5469,0.5452,0.5457,5883977.0
2024-02-24 23:00:00+00:00,0.5457,0.5458,0.5447,0.545,3951860.0
2024-02-25 00:00:00+00:00,0.5449,0.5452,0.5433,0.5451,6203510.0
2024-02-25 01:00:00+00:00,0.5451,0.5463,0.544,0.5462,5446764.0
2024-02-25 02:00:00+00:00,0.5463,0.5483,0.5444,0.5446,9771117.0
2024-02-25 03:00:00+00:00,0.5446,0.5456,0.5424,0.5453,10386788.0
2024-02-25 04:00:00+00:00,0.5453,0.5463,0.5439,0.5453,11025591.0
2024-02-25 05:00:00+00:00,0.5454,0.5467,0.5449,0.5467,10189556.0
2024-02-25 06:00:00+00:00,0.5467,0.5469,0.5457,0.5467,11918235.0
2024-02-25 07:00:00+00:00,0.5468,0.547,0.5456,0.5465,8367122.0
2024-02-25 08:00:00+00:00,0.5465,0.5489,0.5456,0.546,15119973.0
2024-02-25 09:00:00+00:00,0.546,0.5471,0.5449,0.5466,8332311.0
2024-02-25 10:00:00+00:00,0.5466,0.5469,0.5447,0.5449,6306144.0
2024-02-25 11:00:00+00:00,0.545,0.5451,0.544,0.5444,8111018.0
2024-02-25 12:00:00+00:00,0.5443,0.5448,0.5436,0.5446,7872764.0
2024-02-25 13:00:00+00:00,0.5446,0.5449,0.5434,0.5437,7216407.0
2024-02-25 14:00:00+00:00,0.5437,0.5461,0.543,0.5458,7370733.0
2024-02-25 15:00:00+00:00,0.5458,0.5463,0.542,0.5436,10184649.0
2024-02-25 16:00:00+00:00,0.5436,0.5443,0.542,0.5425,7864447.0
2024-02-25 17:00:00+00:00,0.5424,0.5447,0.5424,0.5447,4882276.0
2024-02-25 18:00:00+00:00,0.5447,0.5449,0.543,0.544,4014107.0
2024-02-25 19:00:00+00:00,0.5441,0.546,0.5426,0.5455,9389003.0
2024-02-25 20:00:00+00:00,0.5455,0.547,0.5439,0.5443,11353861.0
2024-02-25 21:00:00+00:00,0.5443,0.5445,0.5433,0.5437,4632507.0
2024-02-25 22:00:00+00:00,0.5437,0.5459,0.543,0.5443,6573841.0
2024-02-25 23:00:00+00:00,0.5442,0.5444,0.5421,0.5425,7805301.0
2024-02-26 00:00:00+00:00,0.5424,0.543,0.5408,0.5419,17271573.0
2024-02-26 01:00:00+00:00,0.5418,0.5424,0.5403,0.5411,11448478.0
2024-02-26 02:00:00+00:00,0.5411,0.5414,0.5373,0.539,11494789.0
2024-02-26 03:00:00+00:00,0.5389,0.541,0.5384,0.5408,8403484.0
2024-02-26 04:00:00+00:00,0.5408,0.5408,0.5387,0.5391,9978557.0
2024-02-26 05:00:00+00:00,0.5391,0.54,0.5381,0.54,9349040.0
2024-02-26 06:00:00+00:00,0.54,0.5403,0.5387,0.5396,14944227.0
2024-02-26 07:00:00+00:00,0.5396,0.5403,0.5361,0.5371,19356936.0
2024-02-26 08:00:00+00:00,0.537,0.5393,0.5361,0.5385,15247386.0
2024-02-26 09:00:00+00:00,0.5384,0.539,0.532,0.5333,27159912.0
2024-02-26 10:00:00+00:00,0.5332,0.5366,0.5332,0.5338,15414059.0
2024-02-26 11:00:00+00:00,0.5337,0.5346,0.5302,0.5303,25749590.0
2024-02-26 12:00:00+00:00,0.5303,0.5323,0.5288,0.5323,23799372.0
2024-02-26 13:00:00+00:00,0.5323,0.5343,0.5317,0.5325,20448485.0
2024-02-26 14:00:00+00:00,0.5325,0.5378,0.5324,0.5367,15302998.0
2024-02-26 15:00:00+00:00,0.5367,0.5425,0.536,0.5414,27374838.0
2024-02-26 16:00:00+00:00,0.5414,0.5457,0.5408,0.5457,33397850.0
2024-02-26 17:00:00+00:00,0.5457,0.5527,0.5449,0.5492,32394206.0
2024-02-26 18:00:00+00:00,0.5492,0.5496,0.5441,0.5456,17459705.0
2024-02-26 19:00:00+00:00,0.5456,0.5505,0.5438,0.5502,25928044.0
2024-02-26 20:00:00+00:00,0.5501,0.5519,0.5483,0.5513,19786976.0
2024-02-26 21:00:00+00:00,0.5513,0.5517,0.5491,0.5511,11954937.0
2024-02-26 22:00:00+00:00,0.5511,0.5528,0.548,0.5499,15173999.0
2024-02-26 23:00:00+00:00,0.5498,0.5523,0.549,0.5506,13211947.0
2024-02-27 00:00:00+00:00,0.5506,0.5512,0.5476,0.5487,11642555.0
2024-02-27 01:00:00+00:00,0.5487,0.555,0.5481,0.5524,18439203.0
2024-02-27 02:00:00+00:00,0.5524,0.5605,0.5517,0.5573,43961211.0
2024-02-27 03:00:00+00:00,0.5572,0.5601,0.5517,0.5528,37238682.0
2024-02-27 04:00:00+00:00,0.5528,0.5569,0.5523,0.5541,23776004.0
2024-02-27 05:00:00+00:00,0.5541,0.5562,0.5527,0.5548,17524084.0
2024-02-27 06:00:00+00:00,0.5547,0.5557,0.5533,0.5541,25355088.0
2024-02-27 07:00:00+00:00,0.554,0.5544,0.5499,0.5522,38816975.0
2024-02-27 08:00:00+00:00,0.5521,0.5557,0.5518,0.554,22316604.0
2024-02-27 09:00:00+00:00,0.5539,0.5648,0.5539,0.5623,38229137.0
2024-02-27 10:00:00+00:00,0.5623,0.5623,0.5589,0.5596,33734675.0
2024-02-27 11:00:00+00:00,0.5596,0.5598,0.5561,0.5596,19177680.0
2024-02-27 12:00:00+00:00,0.5595,0.5615,0.5563,0.5568,25336034.0
2024-02-27 13:00:00+00:00,0.5568,0.5652,0.5542,0.5619,38236645.0
2024-02-27 14:00:00+00:00,0.562,0.5638,0.5575,0.5615,31669203.0
2024-02-27 15:00:00+00:00,0.5614,0.57,0.5591,0.5611,57731393.0
2024-02-27 16:00:00+00:00,0.561,0.5678,0.5573,0.5647,44181142.0
2024-02-27 17:00:00+00:00,0.5647,0.5747,0.5647,0.5739,51530493.0
2024-02-27 18:00:00+00:00,0.5739,0.5795,0.5716,0.579,30968709.0
2024-02-27 19:00:00+00:00,0.579,0.5976,0.579,0.5937,123037956.0
2024-02-27 20:00:00+00:00,0.5937,0.5937,0.5799,0.5809,47410572.0
2024-02-27 21:00:00+00:00,0.5809,0.5837,0.5772,0.5836,24865895.0
2024-02-27 22:00:00+00:00,0.5835,0.59,0.5832,0.5867,26217955.0
2024-02-27 23:00:00+00:00,0.5867,0.5902,0.5856,0.5861,21322150.0
2024-02-28 00:00:00+00:00,0.5862,0.5904,0.5804,0.5825,42387348.0
2024-02-28 01:00:00+00:00,0.5824,0.5871,0.5811,0.5818,28386430.0
2024-02-28 02:00:00+00:00,0.5818,0.5852,0.581,0.5849,20781140.0
2024-02-28 03:00:00+00:00,0.5848,0.5849,0.577,0.5781,21798415.0
2024-02-28 04:00:00+00:00,0.578,0.5821,0.5775,0.5807,21511463.0
2024-02-28 05:00:00+00:00,0.5807,0.5821,0.5775,0.5789,21271343.0
2024-02-28 06:00:00+00:00,0.5789,0.5795,0.5754,0.5786,25191115.0
2024-02-28 07:00:00+00:00,0.5787,0.5839,0.5775,0.5833,27381006.0
2024-02-28 08:00:00+00:00,0.5832,0.5901,0.5816,0.5884,43658828.0
2024-02-28 09:00:00+00:00,0.5884,0.5891,0.582,0.5889,41457665.0
2024-02-28 10:00:00+00:00,0.5889,0.5904,0.585,0.5866,32611056.0
2024-02-28 11:00:00+00:00,0.5867,0.5922,0.5755,0.5801,56293784.0
2024-02-28 12:00:00+00:00,0.5801,0.5856,0.5794,0.5841,29969351.0
2024-02-28 13:00:00+00:00,0.584,0.5878,0.58,0.5873,48990649.0
2024-02-28 14:00:00+00:00,0.5873,0.5903,0.5806,0.5878,34945480.0
2024-02-28 15:00:00+00:00,0.5879,0.5903,0.5849,0.5873,28237441.0
2024-02-28 16:00:00+00:00,0.5872,0.6048,0.5869,0.6014,66455391.0
2024-02-28 17:00:00+00:00,0.6014,0.6059,0.53,0.5725,223944698.0
2024-02-28 18:00:00+00:00,0.5724,0.5725,0.5485,0.567,104656375.0
2024-02-28 19:00:00+00:00,0.5669,0.5693,0.5629,0.5651,30401440.0
2024-02-28 20:00:00+00:00,0.5651,0.57,0.5597,0.569,27399713.0
2024-02-28 21:00:00+00:00,0.569,0.5731,0.5649,0.5725,19700913.0
2024-02-28 22:00:00+00:00,0.5725,0.5762,0.5713,0.5729,22436203.0
2024-02-28 23:00:00+00:00,0.5729,0.5771,0.5728,0.575,18266466.0
2024-02-29 00:00:00+00:00,0.5749,0.5758,0.5669,0.5746,45364972.0
2024-02-29 01:00:00+00:00,0.5746,0.5805,0.5731,0.5804,33095228.0
2024-02-29 02:00:00+00:00,0.5803,0.5833,0.5758,0.5773,30178772.0
2024-02-29 03:00:00+00:00,0.5773,0.5875,0.5745,0.5868,35234637.0
2024-02-29 04:00:00+00:00,0.5869,0.5938,0.5814,0.5912,60424590.0
2024-02-29 05:00:00+00:00,0.5912,0.5965,0.5895,0.596,53093899.0
2024-02-29 06:00:00+00:00,0.596,0.6081,0.5956,0.6003,94465325.0
2024-02-29 07:00:00+00:00,0.6003,0.6004,0.5882,0.5937,53151789.0
2024-02-29 08:00:00+00:00,0.5937,0.598,0.5884,0.5968,57196426.0
2024-02-29 09:00:00+00:00,0.5968,0.5991,0.5895,0.5948,49707326.0
2024-02-29 10:00:00+00:00,0.5948,0.6014,0.591,0.6011,57647211.0
2024-02-29 11:00:00+00:00,0.6011,0.6015,0.5955,0.5964,36274139.0
2024-02-29 12:00:00+00:00,0.5964,0.5991,0.5902,0.5953,43177031.0
2024-02-29 13:00:00+00:00,0.5953,0.608,0.5939,0.6032,58988980.0
2024-02-29 14:00:00+00:00,0.6032,0.6075,0.5976,0.602,58100198.0
2024-02-29 15:00:00+00:00,0.6021,0.6091,0.5984,0.606,51293833.0
2024-02-29 16:00:00+00:00,0.6061,0.626,0.5943,0.6117,157325313.0
2024-02-29 17:00:00+00:00,0.6117,0.6119,0.5918,0.5979,87561351.0
2024-02-29 18:00:00+00:00,0.5981,0.6103,0.5964,0.6041,66214554.0
2024-02-29 19:00:00+00:00,0.6042,0.6125,0.5997,0.6096,31965116.0
2024-02-29 20:00:00+00:00,0.6095,0.6116,0.6057,0.6057,20259003.0
2024-02-29 21:00:00+00:00,0.6057,0.6067,0.5834,0.5945,66672434.0
2024-02-29 22:00:00+00:00,0.5945,0.5956,0.577,0.5842,57140670.0
2024-02-29 23:00:00+00:00,0.5843,0.5898,0.5841,0.5867,18590320.0
2024-03-01 00:00:00+00:00,0.5868,0.5954,0.5862,0.5951,34477869.0
2024-03-01 01:00:00+00:00,0.5951,0.5951,0.5885,0.5926,25255266.0
2024-03-01 02:00:00+00:00,0.5925,0.5941,0.5862,0.5914,20812646.0
2024-03-01 03:00:00+00:00,0.5914,0.5939,0.5881,0.5915,17525876.0
2024-03-01 04:00:00+00:00,0.5914,0.5953,0.5905,0.595,15653456.0
2024-03-01 05:00:00+00:00,0.595,0.5965,0.591,0.5914,24820856.0
2024-03-01 06:00:00+00:00,0.5914,0.5945,0.5876,0.5894,25146254.0
2024-03-01 07:00:00+00:00,0.5894,0.5911,0.5829,0.5849,26144668.0
2024-03-01 08:00:00+00:00,0.5849,0.593,0.583,0.5917,22556731.0
2024-03-01 09:00:00+00:00,0.5917,0.5939,0.5909,0.5935,14420876.0
2024-03-01 10:00:00+00:00,0.5936,0.5952,0.5906,0.5923,16484673.0
2024-03-01 11:00:00+00:00,0.5922,0.5932,0.5881,0.5889,23946544.0
2024-03-01 12:00:00+00:00,0.5889,0.5932,0.5882,0.5904,25662469.0
2024-03-01 13:00:00+00:00,0.5903,0.5945,0.5902,0.5939,18564080.0
2024-03-01 14:00:00+00:00,0.5938,0.5986,0.587,0.5931,45623892.0
2024-03-01 15:00:00+00:00,0.5931,0.5939,0.5852,0.5878,30546720.0
2024-03-01 16:00:00+00:00,0.5878,0.5907,0.5864,0.5881,24634919.0
2024-03-01 17:00:00+00:00,0.5881,0.5949,0.5881,0.5933,30080909.0
2024-03-01 18:00:00+00:00,0.5933,0.5969,0.5905,0.5964,19344172.0
2024-03-01 19:00:00+00:00,0.5964,0.5969,0.5929,0.5956,13868199.0
2024-03-01 20:00:00+00:00,0.5956,0.5984,0.5931,0.5972,14030621.0
2024-03-01 21:00:00+00:00,0.5971,0.598,0.5936,0.5976,15109337.0
2024-03-01 22:00:00+00:00,0.5976,0.6032,0.5968,0.6007,22012865.0
2024-03-01 23:00:00+00:00,0.6006,0.6034,0.5997,0.6013,19059118.0
2024-03-02 00:00:00+00:00,0.6013,0.616,0.5993,0.6159,56479997.0
2024-03-02 01:00:00+00:00,0.6159,0.624,0.608,0.621,94664776.0
2024-03-02 02:00:00+00:00,0.6211,0.6333,0.6191,0.6317,80537385.0
2024-03-02 03:00:00+00:00,0.6317,0.6392,0.6285,0.6309,71422529.0
2024-03-02 04:00:00+00:00,0.6309,0.6343,0.6262,0.6299,38879545.0
2024-03-02 05:00:00+00:00,0.6298,0.6302,0.6196,0.6246,38762349.0
2024-03-02 06:00:00+00:00,0.6245,0.6289,0.6236,0.6242,20134051.0
2024-03-02 07:00:00+00:00,0.6241,0.631,0.6211,0.6306,25256877.0
2024-03-02 08:00:00+00:00,0.6306,0.6346,0.6198,0.6314,37435595.0
2024-03-02 09:00:00+00:00,0.6313,0.6377,0.6261,0.631,49696873.0
2024-03-02 10:00:00+00:00,0.6309,0.6404,0.6283,0.632,33836153.0
2024-03-02 11:00:00+00:00,0.632,0.6431,0.6318,0.6428,45464103.0
2024-03-02 12:00:00+00:00,0.6428,0.6501,0.6415,0.6467,52170314.0
2024-03-02 13:00:00+00:00,0.6467,0.6472,0.6381,0.6392,27078055.0
2024-03-02 14:00:00+00:00,0.6393,0.6406,0.6272,0.6352,50178272.0
2024-03-02 15:00:00+00:00,0.6352,0.6375,0.629,0.6294,22594154.0
2024-03-02 16:00:00+00:00,0.6295,0.6343,0.6253,0.6295,23209115.0
2024-03-02 17:00:00+00:00,0.6295,0.6312,0.6261,0.6268,18010751.0
2024-03-02 18:00:00+00:00,0.6267,0.6336,0.6267,0.6329,17164250.0
2024-03-02 19:00:00+00:00,0.6328,0.6392,0.6318,0.6335,31931328.0
2024-03-02 20:00:00+00:00,0.6336,0.6341,0.6275,0.6322,15184655.0
2024-03-02 21:00:00+00:00,0.6323,0.6356,0.6317,0.6354,9355478.0
2024-03-02 22:00:00+00:00,0.6355,0.6387,0.6333,0.6354,11699816.0
2024-03-02 23:00:00+00:00,0.6354,0.6451,0.6349,0.6442,20004271.0
2024-03-03 00:00:00+00:00,0.6442,0.6446,0.632,0.633,44283410.0
2024-03-03 01:00:00+00:00,0.633,0.6357,0.6299,0.6349,25965940.0
2024-03-03 02:00:00+00:00,0.6349,0.6363,0.6282,0.6314,24381764.0
2024-03-03 03:00:00+00:00,0.6313,0.6366,0.6303,0.6358,15257113.0
2024-03-03 04:00:00+00:00,0.6357,0.6398,0.6346,0.6374,13773830.0
2024-03-03 05:00:00+00:00,0.6374,0.6376,0.6327,0.6331,13278123.0
2024-03-03 06:00:00+00:00,0.633,0.6336,0.6263,0.628,29464469.0
2024-03-03 07:00:00+00:00,0.628,0.6296,0.59,0.6105,116160150.0
2024-03-03 08:00:00+00:00,0.6105,0.6178,0.6063,0.6156,64900334.0
2024-03-03 09:00:00+00:00,0.6155,0.6209,0.6143,0.6194,22602439.0
2024-03-03 10:00:00+00:00,0.6194,0.6216,0.6146,0.6188,23259482.0
2024-03-03 11:00:00+00:00,0.6187,0.6244,0.6175,0.6239,18836490.0
2024-03-03 12:00:00+00:00,0.6239,0.6301,0.6231,0.625,32104781.0
2024-03-03 13:00:00+00:00,0.625,0.6288,0.622,0.6267,25470361.0
2024-03-03 14:00:00+00:00,0.6267,0.6269,0.6177,0.6193,22064005.0
2024-03-03 15:00:00+00:00,0.6194,0.6233,0.6194,0.6231,13871486.0
2024-03-03 16:00:00+00:00,0.623,0.6271,0.6216,0.6267,18963415.0
2024-03-03 17:00:00+00:00,0.6267,0.6278,0.6216,0.6223,14005630.0
2024-03-03 18:00:00+00:00,0.6222,0.6279,0.6201,0.6266,13994124.0
2024-03-03 19:00:00+00:00,0.6267,0.6297,0.6253,0.6267,14763028.0
2024-03-03 20:00:00+00:00,0.6267,0.6298,0.6247,0.6278,13781680.0
2024-03-03 21:00:00+00:00,0.6278,0.6298,0.6267,0.6293,10243225.0
2024-03-03 22:00:00+00:00,0.6293,0.633,0.6261,0.6287,18058059.0
2024-03-03 23:00:00+00:00,0.6287,0.6289,0.6242,0.6271,17072712.0
2024-03-04 00:00:00+00:00,0.6271,0.6327,0.615,0.6256,49161149.0
2024-03-04 01:00:00+00:00,0.6256,0.632,0.6212,0.6292,27483844.0
2024-03-04 02:00:00+00:00,0.6292,0.6369,0.6255,0.6341,31887791.0
2024-03-04 03:00:00+00:00,0.6341,0.639,0.6321,0.6346,32921642.0
2024-03-04 04:00:00+00:00,0.6345,0.6351,0.6297,0.6325,28710241.0
2024-03-04 05:00:00+00:00,0.6325,0.633,0.6245,0.6252,18221524.0
2024-03-04 06:00:00+00:00,0.6252,0.644,0.6231,0.6437,44662998.0
2024-03-04 07:00:00+00:00,0.6437,0.6437,0.6357,0.637,45486195.0
2024-03-04 08:00:00+00:00,0.637,0.645,0.6365,0.6419,54151693.0
2024-03-04 09:00:00+00:00,0.6418,0.6436,0.6329,0.6428,44833574.0
2024-03-04 10:00:00+00:00,0.6428,0.6515,0.639,0.65,83948004.0
2024-03-04 11:00:00+00:00,0.65,0.666,0.646,0.6599,94418820.0
2024-03-04 12:00:00+00:00,0.6598,0.6604,0.6508,0.6533,40086549.0
2024-03-04 13:00:00+00:00,0.6532,0.6584,0.6474,0.6485,35461923.0
2024-03-04 14:00:00+00:00,0.6484,0.6597,0.6438,0.656,57549625.0
2024-03-04 15:00:00+00:00,0.656,0.6647,0.6534,0.662,39755604.0
2024-03-04 16:00:00+00:00,0.6619,0.6626,0.6472,0.6489,75291717.0
2024-03-04 17:00:00+00:00,0.6488,0.6542,0.6393,0.6397,74114214.0
2024-03-04 18:00:00+00:00,0.6397,0.6504,0.6346,0.6504,58077751.0
2024-03-04 19:00:00+00:00,0.6503,0.657,0.647,0.6553,30463367.0
2024-03-04 20:00:00+00:00,0.6554,0.6555,0.6478,0.6514,22339427.0
2024-03-04 21:00:00+00:00,0.6515,0.6523,0.6453,0.6505,17584339.0
2024-03-04 22:00:00+00:00,0.6504,0.6526,0.6469,0.6516,16136332.0
2024-03-04 23:00:00+00:00,0.6515,0.654,0.6461,0.6477,30815430.0
2024-03-05 00:00:00+00:00,0.6476,0.6588,0.6432,0.6543,73278919.0
2024-03-05 01:00:00+00:00,0.6542,0.6678,0.6525,0.6639,65308729.0
2024-03-05 02:00:00+00:00,0.6638,0.6685,0.6523,0.6558,74277413.0
2024-03-05 03:00:00+00:00,0.6558,0.6558,0.6494,0.653,35462784.0
2024-03-05 04:00:00+00:00,0.653,0.6564,0.6327,0.6399,91905314.0
2024-03-05 05:00:00+00:00,0.6399,0.6433,0.6215,0.643,83152154.0
2024-03-05 06:00:00+00:00,0.6429,0.6473,0.638,0.6461,38361389.0
2024-03-05 07:00:00+00:00,0.646,0.6468,0.6398,0.6402,35481082.0
2024-03-05 08:00:00+00:00,0.6402,0.6426,0.6315,0.6415,45914527.0
2024-03-05 09:00:00+00:00,0.6414,0.6467,0.6388,0.6414,30053084.0
2024-03-05 10:00:00+00:00,0.6413,0.6465,0.6413,0.6451,21067338.0
2024-03-05 11:00:00+00:00,0.645,0.6531,0.6437,0.6497,39002270.0
2024-03-05 12:00:00+00:00,0.6496,0.6529,0.647,0.6505,37351271.0
2024-03-05 13:00:00+00:00,0.6505,0.6544,0.6484,0.6503,38273128.0
2024-03-05 14:00:00+00:00,0.6503,0.6517,0.6409,0.6483,49884605.0
2024-03-05 15:00:00+00:00,0.6483,0.6521,0.6324,0.6386,97919660.0
2024-03-05 16:00:00+00:00,0.6386,0.6419,0.6085,0.6272,139162265.0
2024-03-05 17:00:00+00:00,0.6273,0.6275,0.6091,0.6255,76281209.0
2024-03-05 18:00:00+00:00,0.6256,0.6256,0.613,0.6152,35422542.0
2024-03-05 19:00:00+00:00,0.6152,0.6186,0.5386,0.5674,160978724.0
2024-03-05 20:00:00+00:00,0.5674,0.58,0.5594,0.5698,137077901.0
2024-03-05 21:00:00+00:00,0.5697,0.589,0.5689,0.5869,74742047.0
2024-03-05 22:00:00+00:00,0.5869,0.589,0.5779,0.589,38104393.0
2024-03-05 23:00:00+00:00,0.589,0.5951,0.5875,0.5912,36474925.0
2024-03-06 00:00:00+00:00,0.5913,0.5988,0.5892,0.5899,53524318.0
2024-03-06 01:00:00+00:00,0.5899,0.5956,0.5842,0.5859,40312647.0
2024-03-06 02:00:00+00:00,0.5859,0.5873,0.5754,0.5756,43439267.0
2024-03-06 03:00:00+00:00,0.5755,0.5847,0.5755,0.5836,28759550.0
2024-03-06 04:00:00+00:00,0.5837,0.5969,0.5831,0.5951,32304697.0
2024-03-06 05:00:00+00:00,0.5951,0.6053,0.593,0.6049,49186708.0
2024-03-06 06:00:00+00:00,0.6049,0.6073,0.6021,0.6057,38188205.0
2024-03-06 07:00:00+00:00,0.6057,0.6176,0.6026,0.6149,47917322.0
2024-03-06 08:00:00+00:00,0.615,0.624,0.6125,0.614,55921594.0
2024-03-06 09:00:00+00:00,0.6139,0.6202,0.6076,0.6083,40322218.0
2024-03-06 10:00:00+00:00,0.6084,0.6145,0.6084,0.6118,34513069.0
2024-03-06 11:00:00+00:00,0.6119,0.6165,0.6091,0.6142,24507272.0
2024-03-06 12:00:00+00:00,0.6142,0.6153,0.5907,0.6009,62323155.0
2024-03-06 13:00:00+00:00,0.6009,0.6039,0.5947,0.602,46708635.0
2024-03-06 14:00:00+00:00,0.6021,0.6064,0.5962,0.5982,35277492.0
2024-03-06 15:00:00+00:00,0.5982,0.6,0.5887,0.5989,46749493.0
2024-03-06 16:00:00+00:00,0.599,0.6053,0.5978,0.6044,25670067.0
2024-03-06 17:00:00+00:00,0.6045,0.61,0.6011,0.6099,27870115.0
2024-03-06 18:00:00+00:00,0.6099,0.611,0.6054,0.6093,17467596.0
2024-03-06 19:00:00+00:00,0.6093,0.6142,0.6065,0.6117,14789199.0
2024-03-06 20:00:00+00:00,0.6118,0.6153,0.6083,0.6111,17387668.0
2024-03-06 21:00:00+00:00,0.611,0.6162,0.6096,0.6147,17890080.0
2024-03-06 22:00:00+00:00,0.6147,0.6164,0.6089,0.6104,15862740.0
2024-03-06 23:00:00+00:00,0.6104,0.6147,0.6088,0.6121,15706622.0
2024-03-07 00:00:00+00:00,0.6121,0.6163,0.6064,0.6151,33075377.0
2024-03-07 01:00:00+00:00,0.6151,0.6167,0.6067,0.6166,29910815.0
2024-03-07 02:00:00+00:00,0.6166,0.6178,0.6101,0.6129,24605466.0
2024-03-07 03:00:00+00:00,0.6128,0.628,0.6109,0.6275,74973485.0
2024-03-07 04:00:00+00:00,0.6276,0.6305,0.616,0.6188,57129034.0
2024-03-07 05:00:00+00:00,0.6188,0.6282,0.6132,0.6155,51269902.0
2024-03-07 06:00:00+00:00,0.6154,0.6243,0.6148,0.6208,45728303.0
2024-03-07 07:00:00+00:00,0.6208,0.6273,0.6191,0.6252,39295662.0
2024-03-07 08:00:00+00:00,0.6252,0.628,0.6216,0.6235,38171762.0
2024-03-07 09:00:00+00:00,0.6235,0.6282,0.6209,0.6224,37912682.0
2024-03-07 10:00:00+00:00,0.6224,0.6235,0.6189,0.6215,22217795.0
2024-03-07 11:00:00+00:00,0.6215,0.6249,0.6175,0.6219,26318425.0
2024-03-07 12:00:00+00:00,0.6219,0.625,0.6187,0.6204,20727433.0
2024-03-07 13:00:00+00:00,0.6204,0.6227,0.6143,0.6216,26708374.0
2024-03-07 14:00:00+00:00,0.6215,0.6286,0.6149,0.6241,49138972.0
2024-03-07 15:00:00+00:00,0.624,0.6273,0.6206,0.6252,29892978.0
2024-03-07 16:00:00+00:00,0.6252,0.6283,0.6199,0.6222,26887554.0
2024-03-07 17:00:00+00:00,0.6223,0.6263,0.6214,0.6259,20173129.0
2024-03-07 18:00:00+00:00,0.6259,0.6291,0.623,0.6286,16351134.0
2024-03-07 19:00:00+00:00,0.6287,0.6382,0.6287,0.6325,37548353.0
2024-03-07 20:00:00+00:00,0.6325,0.6394,0.6307,0.635,27322586.0
2024-03-07 21:00:00+00:00,0.6351,0.6381,0.6304,0.6367,24069998.0
2024-03-07 22:00:00+00:00,0.6368,0.6375,0.63,0.6315,14963765.0
2024-03-07 23:00:00+00:00,0.6315,0.6326,0.6269,0.627,14996098.0
2024-03-08 00:00:00+00:00,0.6271,0.6309,0.6268,0.6309,22271119.0
2024-03-08 01:00:00+00:00,0.6308,0.6338,0.6282,0.6293,30370509.0
2024-03-08 02:00:00+00:00,0.6292,0.6298,0.6269,0.6287,20690358.0
2024-03-08 03:00:00+00:00,0.6287,0.6288,0.6256,0.6284,16121976.0
2024-03-08 04:00:00+00:00,0.6285,0.6297,0.6232,0.6248,21754350.0
2024-03-08 05:00:00+00:00,0.6248,0.6268,0.6195,0.6216,27893459.0
2024-03-08 06:00:00+00:00,0.6217,0.6247,0.6202,0.6244,23733216.0
2024-03-08 07:00:00+00:00,0.6243,0.6249,0.6191,0.6212,30319557.0
2024-03-08 08:00:00+00:00,0.6212,0.624,0.618,0.6235,25510432.0
2024-03-08 09:00:00+00:00,0.6235,0.6307,0.6216,0.6265,32645154.0
2024-03-08 10:00:00+00:00,0.6264,0.6285,0.6251,0.6256,18149731.0
2024-03-08 11:00:00+00:00,0.6255,0.6284,0.6221,0.6284,24410799.0
2024-03-08 12:00:00+00:00,0.6283,0.6288,0.625,0.6281,13609216.0
2024-03-08 13:00:00+00:00,0.6281,0.6311,0.6253,0.6283,27544413.0
2024-03-08 14:00:00+00:00,0.6283,0.6303,0.6256,0.6267,26957016.0
2024-03-08 15:00:00+00:00,0.6266,0.63,0.6,0.6141,102590968.0
2024-03-08 16:00:00+00:00,0.6141,0.6181,0.6022,0.6171,70950624.0
2024-03-08 17:00:00+00:00,0.6171,0.6247,0.616,0.6222,27779242.0
2024-03-08 18:00:00+00:00,0.6222,0.624,0.6188,0.6206,13996123.0
2024-03-08 19:00:00+00:00,0.6206,0.622,0.6161,0.62,16980862.0
2024-03-08 20:00:00+00:00,0.62,0.6235,0.6193,0.6229,14043381.0
2024-03-08 21:00:00+00:00,0.6229,0.6231,0.6169,0.619,14959181.0
2024-03-08 22:00:00+00:00,0.619,0.622,0.6175,0.6181,13351579.0
2024-03-08 23:00:00+00:00,0.6181,0.6224,0.618,0.62,11665734.0
2024-03-09 00:00:00+00:00,0.62,0.6235,0.6181,0.6235,13109738.0
2024-03-09 01:00:00+00:00,0.6235,0.6255,0.6213,0.623,15555366.0
2024-03-09 02:00:00+00:00,0.623,0.6292,0.6222,0.6275,16604686.0
2024-03-09 03:00:00+00:00,0.6274,0.6279,0.6252,0.6256,11011282.0
2024-03-09 04:00:00+00:00,0.6257,0.6275,0.6247,0.6265,10419822.0
2024-03-09 05:00:00+00:00,0.6266,0.6313,0.6254,0.6293,20940069.0
2024-03-09 06:00:00+00:00,0.6293,0.6317,0.6286,0.6312,16152417.0
2024-03-09 07:00:00+00:00,0.6312,0.6323,0.6289,0.629,17064195.0
2024-03-09 08:00:00+00:00,0.6289,0.6299,0.6236,0.624,20194707.0
2024-03-09 09:00:00+00:00,0.6241,0.6252,0.6217,0.623,32967775.0
2024-03-09 10:00:00+00:00,0.623,0.6235,0.6158,0.6216,33084477.0
2024-03-09 11:00:00+00:00,0.6216,0.6233,0.6195,0.6229,16207790.0
2024-03-09 12:00:00+00:00,0.6229,0.623,0.6198,0.6228,15004426.0
2024-03-09 13:00:00+00:00,0.6227,0.6242,0.6215,0.6239,15431412.0
2024-03-09 14:00:00+00:00,0.6239,0.6254,0.6177,0.62,22024898.0
2024-03-09 15:00:00+00:00,0.62,0.623,0.6195,0.6215,15290575.0
2024-03-09 16:00:00+00:00,0.6215,0.6228,0.6183,0.6219,23150321.0
2024-03-09 17:00:00+00:00,0.6219,0.6226,0.6164,0.6192,20108636.0
2024-03-09 18:00:00+00:00,0.6192,0.6235,0.6175,0.6228,14126475.0
2024-03-09 19:00:00+00:00,0.6227,0.623,0.6191,0.6195,10005754.0
2024-03-09 20:00:00+00:00,0.6196,0.6232,0.6184,0.6226,10995882.0
2024-03-09 21:00:00+00:00,0.6227,0.6231,0.6201,0.6226,9630416.0
2024-03-09 22:00:00+00:00,0.6227,0.6232,0.6216,0.6217,6771451.0
2024-03-09 23:00:00+00:00,0.6218,0.6226,0.6192,0.6197,13253043.0
2024-03-10 00:00:00+00:00,0.6198,0.6229,0.6192,0.6203,24634541.0
2024-03-10 01:00:00+00:00,0.6204,0.6245,0.62,0.624,19001978.0
2024-03-10 02:00:00+00:00,0.624,0.6243,0.6209,0.6211,10665756.0
2024-03-10 03:00:00+00:00,0.6212,0.6229,0.6197,0.6223,14755184.0
2024-03-10 04:00:00+00:00,0.6222,0.6247,0.6219,0.624,10759955.0
2024-03-10 05:00:00+00:00,0.6239,0.625,0.6218,0.6221,11801948.0
2024-03-10 06:00:00+00:00,0.6221,0.6244,0.6214,0.6238,10530692.0
2024-03-10 07:00:00+00:00,0.6239,0.6272,0.6232,0.6262,14460518.0
2024-03-10 08:00:00+00:00,0.6262,0.6278,0.6246,0.6277,13237806.0
2024-03-10 09:00:00+00:00,0.6276,0.6276,0.6167,0.6206,33021796.0
2024-03-10 10:00:00+00:00,0.6206,0.6225,0.6199,0.622,13655819.0
2024-03-10 11:00:00+00:00,0.6221,0.6225,0.6175,0.619,18866733.0
2024-03-10 12:00:00+00:00,0.6189,0.6207,0.6105,0.6148,30465341.0
2024-03-10 13:00:00+00:00,0.6148,0.6164,0.6077,0.6111,25466033.0
2024-03-10 14:00:00+00:00,0.6111,0.6129,0.6017,0.6091,42724081.0
2024-03-10 15:00:00+00:00,0.6092,0.6117,0.6066,0.6102,19137560.0
2024-03-10 16:00:00+00:00,0.6103,0.6145,0.6089,0.6119,16617718.0
2024-03-10 17:00:00+00:00,0.612,0.6138,0.6112,0.6131,9550871.0
2024-03-10 18:00:00+00:00,0.6132,0.6147,0.6123,0.6124,9360639.0
2024-03-10 19:00:00+00:00,0.6124,0.6127,0.6102,0.612,12303142.0
2024-03-10 20:00:00+00:00,0.6119,0.6129,0.6103,0.6121,7440722.0
2024-03-10 21:00:00+00:00,0.6121,0.6141,0.6095,0.6095,12346944.0
2024-03-10 22:00:00+00:00,0.6096,0.61,0.5965,0.6002,34608873.0
2024-03-10 23:00:00+00:00,0.6001,0.6084,0.5999,0.608,15799281.0
2024-03-11 00:00:00+00:00,0.608,0.6092,0.583,0.5978,56025093.0
2024-03-11 01:00:00+00:00,0.5978,0.6023,0.5917,0.5991,51340637.0
2024-03-11 02:00:00+00:00,0.5991,0.6036,0.5976,0.6027,22166779.0
2024-03-11 03:00:00+00:00,0.6027,0.6096,0.6024,0.6085,27140298.0
2024-03-11 04:00:00+00:00,0.6085,0.6091,0.6056,0.6077,12771639.0
2024-03-11 05:00:00+00:00,0.6076,0.6107,0.6068,0.6074,17052176.0
2024-03-11 06:00:00+00:00,0.6074,0.6102,0.6032,0.6101,31908358.0
2024-03-11 07:00:00+00:00,0.6102,0.6242,0.6099,0.6197,77117256.0
2024-03-11 08:00:00+00:00,0.6197,0.6255,0.6194,0.6222,50970273.0
2024-03-11 09:00:00+00:00,0.6222,0.6298,0.6216,0.6298,34730326.0
2024-03-11 10:00:00+00:00,0.6298,0.6301,0.6236,0.6246,32744678.0
2024-03-11 11:00:00+00:00,0.6246,0.6285,0.6211,0.6228,35495572.0
2024-03-11 12:00:00+00:00,0.6227,0.6282,0.6214,0.6261,28685446.0
2024-03-11 13:00:00+00:00,0.626,0.6261,0.6159,0.6177,37293137.0
2024-03-11 14:00:00+00:00,0.6177,0.6237,0.6176,0.6211,34918304.0
2024-03-11 15:00:00+00:00,0.621,0.6954,0.6207,0.6933,234900199.0
2024-03-11 16:00:00+00:00,0.6933,0.7374,0.6784,0.7205,514047742.0
2024-03-11 17:00:00+00:00,0.7205,0.7434,0.7158,0.734,228370154.0
2024-03-11 18:00:00+00:00,0.7339,0.744,0.7261,0.7308,137141948.0
2024-03-11 19:00:00+00:00,0.7307,0.742,0.7217,0.7305,87160307.0
2024-03-11 20:00:00+00:00,0.7305,0.7371,0.7223,0.7233,71533955.0
2024-03-11 21:00:00+00:00,0.7231,0.7303,0.7105,0.7303,82570729.0
2024-03-11 22:00:00+00:00,0.7302,0.7424,0.724,0.7258,71665053.0
2024-03-11 23:00:00+00:00,0.7257,0.7305,0.7149,0.723,58170584.0
2024-03-12 00:00:00+00:00,0.723,0.7332,0.7024,0.7033,90108877.0
2024-03-12 01:00:00+00:00,0.7032,0.7136,0.7026,0.711,40928303.0
2024-03-12 02:00:00+00:00,0.7111,0.7154,0.7051,0.7059,33009516.0
2024-03-12 03:00:00+00:00,0.7059,0.707,0.6872,0.6892,69479973.0
2024-03-12 04:00:00+00:00,0.6893,0.6973,0.6852,0.6967,42412499.0
2024-03-12 05:00:00+00:00,0.6967,0.7012,0.6926,0.6976,36511820.0
2024-03-12 06:00:00+00:00,0.6975,0.6977,0.686,0.6969,53702868.0
2024-03-12 07:00:00+00:00,0.6969,0.71,0.6955,0.703,64129048.0
2024-03-12 08:00:00+00:00,0.7029,0.7034,0.6777,0.6908,106666798.0
2024-03-12 09:00:00+00:00,0.6907,0.6985,0.6906,0.6963,37277046.0
2024-03-12 10:00:00+00:00,0.6963,0.6965,0.6877,0.6941,29876111.0
2024-03-12 11:00:00+00:00,0.6941,0.7052,0.6925,0.7011,41888763.0
2024-03-12 12:00:00+00:00,0.7011,0.7135,0.688,0.7062,60936725.0
2024-03-12 13:00:00+00:00,0.7062,0.7071,0.6929,0.7005,40956653.0
2024-03-12 14:00:00+00:00,0.7004,0.7076,0.69,0.6938,52652819.0
2024-03-12 15:00:00+00:00,0.6939,0.7042,0.687,0.7026,47474270.0
2024-03-12 16:00:00+00:00,0.7025,0.7034,0.6778,0.6812,73473398.0
2024-03-12 17:00:00+00:00,0.6812,0.6876,0.6585,0.6874,114281092.0
2024-03-12 18:00:00+00:00,0.6874,0.6919,0.682,0.6899,43856939.0
2024-03-12 19:00:00+00:00,0.6899,0.6926,0.6864,0.691,20091048.0
2024-03-12 20:00:00+00:00,0.6909,0.6912,0.683,0.6849,17532721.0
2024-03-12 21:00:00+00:00,0.6849,0.6891,0.6834,0.6863,12847668.0
2024-03-12 22:00:00+00:00,0.6862,0.6881,0.6828,0.6872,17244728.0
2024-03-12 23:00:00+00:00,0.6871,0.69,0.6842,0.688,17483589.0
2024-03-13 00:00:00+00:00,0.688,0.6926,0.6822,0.685,30731185.0
2024-03-13 01:00:00+00:00,0.685,0.6975,0.6818,0.6936,35188097.0
2024-03-13 02:00:00+00:00,0.6937,0.6979,0.692,0.6959,20848433.0
2024-03-13 03:00:00+00:00,0.6958,0.6999,0.6935,0.6987,18780477.0
2024-03-13 04:00:00+00:00,0.6987,0.6987,0.6938,0.6956,18166171.0
2024-03-13 05:00:00+00:00,0.6956,0.7026,0.6938,0.6994,28691547.0
2024-03-13 06:00:00+00:00,0.6994,0.6995,0.6952,0.6976,30125726.0
2024-03-13 07:00:00+00:00,0.6975,0.7014,0.6945,0.6959,29389539.0
2024-03-13 08:00:00+00:00,0.6959,0.6989,0.6945,0.6977,27533860.0
2024-03-13 09:00:00+00:00,0.6976,0.6986,0.6934,0.694,30329445.0
2024-03-13 10:00:00+00:00,0.6941,0.6941,0.6903,0.6918,27092254.0
2024-03-13 11:00:00+00:00,0.6918,0.6922,0.6868,0.6886,23805248.0
2024-03-13 12:00:00+00:00,0.6887,0.6907,0.6829,0.6855,24579225.0
2024-03-13 13:00:00+00:00,0.6855,0.6903,0.6684,0.6759,56375988.0
2024-03-13 14:00:00+00:00,0.676,0.681,0.6708,0.6738,37790974.0
2024-03-13 15:00:00+00:00,0.6737,0.6809,0.6709,0.677,31844602.0
2024-03-13 16:00:00+00:00,0.6771,0.6844,0.6736,0.6843,28378988.0
2024-03-13 17:00:00+00:00,0.6844,0.6868,0.6799,0.6851,25693226.0
2024-03-13 18:00:00+00:00,0.6851,0.689,0.6833,0.6862,17408474.0
2024-03-13 19:00:00+00:00,0.6862,0.6862,0.6824,0.6846,12215447.0
2024-03-13 20:00:00+00:00,0.6846,0.6865,0.6801,0.6808,12690631.0
2024-03-13 21:00:00+00:00,0.6809,0.6863,0.6801,0.6856,12202283.0
2024-03-13 22:00:00+00:00,0.6855,0.6869,0.6821,0.686,17738880.0
2024-03-13 23:00:00+00:00,0.6859,0.6934,0.6858,0.6891,32117312.0
2024-03-14 00:00:00+00:00,0.6891,0.6896,0.6813,0.6821,29287482.0
2024-03-14 01:00:00+00:00,0.6822,0.6862,0.6804,0.6859,26321515.0
2024-03-14 02:00:00+00:00,0.6858,0.6883,0.6842,0.6845,17611287.0
2024-03-14 03:00:00+00:00,0.6845,0.6874,0.6825,0.6849,20405448.0
2024-03-14 04:00:00+00:00,0.685,0.6854,0.6725,0.6762,38016760.0
2024-03-14 05:00:00+00:00,0.6762,0.6814,0.6743,0.6786,21818524.0
2024-03-14 06:00:00+00:00,0.6786,0.6845,0.6783,0.6838,22590475.0
2024-03-14 07:00:00+00:00,0.6838,0.6838,0.6784,0.6805,21524132.0
2024-03-14 08:00:00+00:00,0.6805,0.6849,0.678,0.6823,25580606.0
2024-03-14 09:00:00+00:00,0.6824,0.7077,0.6823,0.699,83115921.0
2024-03-14 10:00:00+00:00,0.6989,0.7001,0.685,0.6876,53164899.0
2024-03-14 11:00:00+00:00,0.6874,0.6885,0.6773,0.6855,33583831.0
2024-03-14 12:00:00+00:00,0.6854,0.6901,0.6801,0.6857,26770235.0
2024-03-14 13:00:00+00:00,0.6857,0.6874,0.66,0.6678,64526743.0
2024-03-14 14:00:00+00:00,0.6678,0.6817,0.6658,0.6808,58420182.0
2024-03-14 15:00:00+00:00,0.6809,0.6889,0.664,0.6691,65474940.0
2024-03-14 16:00:00+00:00,0.669,0.6772,0.6601,0.6767,43911299.0
2024-03-14 17:00:00+00:00,0.6767,0.6777,0.6695,0.6768,23459354.0
2024-03-14 18:00:00+00:00,0.6768,0.6768,0.652,0.6617,38694829.0
2024-03-14 19:00:00+00:00,0.6617,0.6644,0.6378,0.6515,75464636.0
2024-03-14 20:00:00+00:00,0.6515,0.6669,0.6506,0.6651,27758596.0
2024-03-14 21:00:00+00:00,0.6651,0.6683,0.66,0.6681,17446331.0
2024-03-14 22:00:00+00:00,0.668,0.6732,0.6679,0.6692,17104776.0
2024-03-14 23:00:00+00:00,0.6692,0.6719,0.6682,0.669,14860429.0
2024-03-15 00:00:00+00:00,0.669,0.6759,0.667,0.6713,27632267.0
2024-03-15 01:00:00+00:00,0.6712,0.6737,0.6687,0.6695,22487088.0
2024-03-15 02:00:00+00:00,0.6695,0.6719,0.635,0.6464,78495983.0
2024-03-15 03:00:00+00:00,0.6465,0.6511,0.6113,0.6369,97328960.0
2024-03-15 04:00:00+00:00,0.6368,0.6387,0.6233,0.6287,60326027.0
2024-03-15 05:00:00+00:00,0.6286,0.637,0.6266,0.6279,43989378.0
2024-03-15 06:00:00+00:00,0.6278,0.6402,0.6269,0.6385,40558642.0
2024-03-15 07:00:00+00:00,0.6385,0.6405,0.6325,0.6356,32189389.0
2024-03-15 08:00:00+00:00,0.6356,0.637,0.61,0.6112,87823933.0
2024-03-15 09:00:00+00:00,0.6114,0.6245,0.596,0.6228,104016647.0
2024-03-15 10:00:00+00:00,0.6227,0.6256,0.6163,0.6182,41673108.0
2024-03-15 11:00:00+00:00,0.6182,0.624,0.6067,0.6221,50685066.0
2024-03-15 12:00:00+00:00,0.6221,0.6256,0.6185,0.6248,31291068.0
2024-03-15 13:00:00+00:00,0.6247,0.6312,0.6203,0.6304,32940895.0
2024-03-15 14:00:00+00:00,0.6304,0.6314,0.6246,0.6312,28751190.0
2024-03-15 15:00:00+00:00,0.6311,0.6319,0.6261,0.6273,23804078.0
2024-03-15 16:00:00+00:00,0.6272,0.63,0.6183,0.6252,44851735.0
2024-03-15 17:00:00+00:00,0.6251,0.6306,0.6215,0.6299,25105866.0
2024-03-15 18:00:00+00:00,0.6299,0.6423,0.6296,0.642,35211371.0
2024-03-15 19:00:00+00:00,0.6419,0.6446,0.6275,0.631,43659544.0
2024-03-15 20:00:00+00:00,0.631,0.6314,0.6193,0.6225,38506353.0
2024-03-15 21:00:00+00:00,0.6224,0.6294,0.6218,0.6294,14205689.0
2024-03-15 22:00:00+00:00,0.6294,0.634,0.6278,0.6332,18501980.0
2024-03-15 23:00:00+00:00,0.6331,0.6373,0.6304,0.6342,22533370.0
2024-03-16 00:00:00+00:00,0.6341,0.639,0.6332,0.6355,29573121.0
2024-03-16 01:00:00+00:00,0.6354,0.6479,0.6342,0.6407,37201211.0
2024-03-16 02:00:00+00:00,0.6406,0.6418,0.6378,0.6406,19524554.0
2024-03-16 03:00:00+00:00,0.6406,0.6433,0.6383,0.6412,18516993.0
2024-03-16 04:00:00+00:00,0.6412,0.6426,0.6365,0.6392,16852692.0
2024-03-16 05:00:00+00:00,0.6391,0.6395,0.6306,0.6358,21754307.0
2024-03-16 06:00:00+00:00,0.6359,0.6391,0.6339,0.6375,14765945.0
2024-03-16 07:00:00+00:00,0.6375,0.6404,0.6348,0.6403,14042795.0
2024-03-16 08:00:00+00:00,0.6403,0.6427,0.6379,0.64,16647951.0
2024-03-16 09:00:00+00:00,0.6399,0.6412,0.6376,0.6381,15317687.0
2024-03-16 10:00:00+00:00,0.6381,0.6387,0.6333,0.6339,19942821.0
2024-03-16 11:00:00+00:00,0.6338,0.6357,0.6241,0.6306,24680572.0
2024-03-16 12:00:00+00:00,0.6305,0.6311,0.622,0.6224,23483959.0
2024-03-16 13:00:00+00:00,0.6223,0.6267,0.615,0.6156,39555272.0
2024-03-16 14:00:00+00:00,0.6156,0.6234,0.6129,0.6229,27256814.0
2024-03-16 15:00:00+00:00,0.623,0.6251,0.6177,0.6248,21300484.0
2024-03-16 16:00:00+00:00,0.6247,0.6256,0.6197,0.6211,17798797.0
2024-03-16 17:00:00+00:00,0.6211,0.6233,0.6087,0.6131,36290249.0
2024-03-16 18:00:00+00:00,0.6132,0.6147,0.5973,0.6036,78340462.0
2024-03-16 19:00:00+00:00,0.6037,0.616,0.6035,0.6072,28053215.0
2024-03-16 20:00:00+00:00,0.6071,0.6147,0.602,0.6117,24260544.0
2024-03-16 21:00:00+00:00,0.6116,0.6131,0.5915,0.6045,25772405.0
2024-03-16 22:00:00+00:00,0.6045,0.6111,0.6005,0.6061,20739036.0
2024-03-16 23:00:00+00:00,0.606,0.6062,0.5926,0.6031,46272219.0
2024-03-17 00:00:00+00:00,0.603,0.6129,0.5998,0.601,46394360.0
2024-03-17 01:00:00+00:00,0.6011,0.6118,0.6011,0.6111,28958528.0
2024-03-17 02:00:00+00:00,0.6111,0.6158,0.6095,0.6138,17521782.0
2024-03-17 03:00:00+00:00,0.6138,0.6163,0.6124,0.6152,24996460.0
2024-03-17 04:00:00+00:00,0.6152,0.6154,0.6117,0.6134,15930971.0
2024-03-17 05:00:00+00:00,0.6134,0.6147,0.6082,0.61,17278976.0
2024-03-17 06:00:00+00:00,0.61,0.6112,0.5953,0.5956,28245616.0
2024-03-17 07:00:00+00:00,0.5956,0.6011,0.5869,0.6003,69065949.0
2024-03-17 08:00:00+00:00,0.6003,0.6116,0.5971,0.6105,26321874.0
2024-03-17 09:00:00+00:00,0.6104,0.6153,0.6092,0.6148,23862515.0
2024-03-17 10:00:00+00:00,0.6147,0.6196,0.6145,0.6177,22596282.0
2024-03-17 11:00:00+00:00,0.6178,0.62,0.6137,0.6146,17454109.0
2024-03-17 12:00:00+00:00,0.6145,0.6185,0.606,0.6084,18305314.0
2024-03-17 13:00:00+00:00,0.6083,0.6174,0.6083,0.6154,16458381.0
2024-03-17 14:00:00+00:00,0.6153,0.6199,0.6131,0.6181,17446074.0
2024-03-17 15:00:00+00:00,0.6181,0.622,0.6158,0.6205,18651549.0
2024-03-17 16:00:00+00:00,0.6205,0.6229,0.6177,0.6195,19398432.0
2024-03-17 17:00:00+00:00,0.6194,0.6243,0.6178,0.6237,14821604.0
2024-03-17 18:00:00+00:00,0.6237,0.6237,0.619,0.6211,10772739.0
2024-03-17 19:00:00+00:00,0.6211,0.6223,0.6196,0.622,9174506.0
2024-03-17 20:00:00+00:00,0.622,0.6224,0.6191,0.6193,7247104.0
2024-03-17 21:00:00+00:00,0.6192,0.6208,0.6182,0.6198,8324978.0
2024-03-17 22:00:00+00:00,0.6197,0.6249,0.6196,0.62,20901837.0
2024-03-17 23:00:00+00:00,0.62,0.6211,0.6165,0.6191,20287414.0
2024-03-18 00:00:00+00:00,0.6191,0.6193,0.607,0.6073,33832550.0
2024-03-18 01:00:00+00:00,0.6073,0.6131,0.6022,0.6123,31266218.0
2024-03-18 02:00:00+00:00,0.6122,0.6178,0.6113,0.6151,16714314.0
2024-03-18 03:00:00+00:00,0.6151,0.6248,0.615,0.6207,33165628.0
2024-03-18 04:00:00+00:00,0.6207,0.6237,0.6164,0.6232,18376373.0
2024-03-18 05:00:00+00:00,0.6231,0.6284,0.6206,0.6279,19425471.0
2024-03-18 06:00:00+00:00,0.6279,0.628,0.6225,0.6229,16271905.0
2024-03-18 07:00:00+00:00,0.6229,0.6231,0.6193,0.6213,20996594.0
2024-03-18 08:00:00+00:00,0.6213,0.6214,0.6092,0.615,30523529.0
2024-03-18 09:00:00+00:00,0.6149,0.615,0.6077,0.6097,29938278.0
2024-03-18 10:00:00+00:00,0.6096,0.6134,0.6067,0.6134,38523110.0
2024-03-18 11:00:00+00:00,0.6133,0.6149,0.6109,0.6117,23700021.0
2024-03-18 12:00:00+00:00,0.6117,0.6135,0.6078,0.6122,25432589.0
2024-03-18 13:00:00+00:00,0.6122,0.6123,0.6,0.6028,40894445.0
2024-03-18 14:00:00+00:00,0.6028,0.6056,0.5975,0.6023,42824901.0
2024-03-18 15:00:00+00:00,0.6023,0.607,0.5997,0.6065,28322522.0
2024-03-18 16:00:00+00:00,0.6065,0.6105,0.6006,0.603,23535784.0
2024-03-18 17:00:00+00:00,0.6029,0.6037,0.5946,0.6022,32932525.0
2024-03-18 18:00:00+00:00,0.6021,0.6055,0.6007,0.604,16345748.0
2024-03-18 19:00:00+00:00,0.604,0.6074,0.6008,0.6036,18117562.0
2024-03-18 20:00:00+00:00,0.6036,0.6083,0.6034,0.6076,11172635.0
2024-03-18 21:00:00+00:00,0.6076,0.6124,0.6074,0.6123,21074508.0
2024-03-18 22:00:00+00:00,0.6122,0.6459,0.6116,0.633,134932652.0
2024-03-18 23:00:00+00:00,0.6331,0.6686,0.6323,0.6453,159827080.0
2024-03-19 00:00:00+00:00,0.6453,0.6489,0.6246,0.6299,78505718.0
2024-03-19 01:00:00+00:00,0.6299,0.6342,0.6132,0.6201,69388343.0
2024-03-19 02:00:00+00:00,0.62,0.6234,0.6109,0.615,44516937.0
2024-03-19 03:00:00+00:00,0.6151,0.6198,0.605,0.6152,46858396.0
2024-03-19 04:00:00+00:00,0.6151,0.6163,0.6042,0.6052,45519530.0
2024-03-19 05:00:00+00:00,0.6051,0.6083,0.594,0.6013,54670863.0
2024-03-19 06:00:00+00:00,0.6012,0.6043,0.591,0.5985,47337767.0
2024-03-19 07:00:00+00:00,0.5984,0.5996,0.5778,0.5995,82893054.0
2024-03-19 08:00:00+00:00,0.5996,0.6001,0.5768,0.5804,62421525.0
2024-03-19 09:00:00+00:00,0.5804,0.5928,0.5712,0.5898,64648825.0
2024-03-19 10:00:00+00:00,0.5897,0.5897,0.5789,0.5852,42112476.0
2024-03-19 11:00:00+00:00,0.5852,0.5916,0.5796,0.5905,37527455.0
2024-03-19 12:00:00+00:00,0.5905,0.5997,0.5887,0.5967,38274945.0
2024-03-19 13:00:00+00:00,0.5967,0.5992,0.5933,0.5974,25353141.0
2024-03-19 14:00:00+00:00,0.5974,0.5983,0.5897,0.5959,27965290.0
2024-03-19 15:00:00+00:00,0.5959,0.6076,0.5924,0.6064,39936810.0
2024-03-19 16:00:00+00:00,0.6064,0.6093,0.6033,0.6078,26868951.0
2024-03-19 17:00:00+00:00,0.6078,0.6109,0.6034,0.6048,27391831.0
2024-03-19 18:00:00+00:00,0.6047,0.6073,0.6015,0.6056,17857771.0
2024-03-19 19:00:00+00:00,0.6055,0.6109,0.6038,0.6071,18505531.0
2024-03-19 20:00:00+00:00,0.6071,0.6077,0.5981,0.602,28230196.0
2024-03-19 21:00:00+00:00,0.602,0.6036,0.5954,0.6006,19638163.0
2024-03-19 22:00:00+00:00,0.6005,0.6012,0.5825,0.5863,42063284.0
2024-03-19 23:00:00+00:00,0.5862,0.5886,0.5751,0.5845,47771564.0
2024-03-20 00:00:00+00:00,0.5845,0.5927,0.5798,0.5924,47464880.0
2024-03-20 01:00:00+00:00,0.5924,0.5925,0.5795,0.5842,27247635.0
2024-03-20 02:00:00+00:00,0.5843,0.5918,0.5824,0.5913,16225167.0
2024-03-20 03:00:00+00:00,0.5913,0.5948,0.5814,0.5834,20806078.0
2024-03-20 04:00:00+00:00,0.5834,0.5873,0.574,0.5788,40959047.0
2024-03-20 05:00:00+00:00,0.5787,0.5814,0.5685,0.5792,48829490.0
2024-03-20 06:00:00+00:00,0.5792,0.5847,0.5789,0.5841,31288902.0
2024-03-20 07:00:00+00:00,0.5842,0.5963,0.5837,0.595,39052560.0
2024-03-20 08:00:00+00:00,0.595,0.5963,0.5908,0.5908,25075873.0
2024-03-20 09:00:00+00:00,0.5909,0.5966,0.5906,0.5924,29617911.0
2024-03-20 10:00:00+00:00,0.5924,0.5977,0.5916,0.5952,21839208.0
2024-03-20 11:00:00+00:00,0.5951,0.5997,0.5936,0.5963,21635842.0
2024-03-20 12:00:00+00:00,0.5962,0.6006,0.5938,0.5979,28824215.0
2024-03-20 13:00:00+00:00,0.5979,0.5983,0.593,0.5941,21338169.0
2024-03-20 14:00:00+00:00,0.5941,0.5991,0.5924,0.5958,29030194.0
2024-03-20 15:00:00+00:00,0.5959,0.5975,0.5848,0.5864,41173027.0
2024-03-20 16:00:00+00:00,0.5865,0.5888,0.5681,0.5782,85516814.0
2024-03-20 17:00:00+00:00,0.5783,0.5867,0.5753,0.5848,33696132.0
2024-03-20 18:00:00+00:00,0.5848,0.6025,0.5848,0.602,31312680.0
2024-03-20 19:00:00+00:00,0.6021,0.6086,0.5998,0.6063,34962026.0
2024-03-20 20:00:00+00:00,0.6064,0.6187,0.6044,0.6115,49218822.0
2024-03-20 21:00:00+00:00,0.6116,0.6152,0.6098,0.6126,31595843.0
2024-03-20 22:00:00+00:00,0.6126,0.6167,0.6096,0.6128,26114568.0
2024-03-20 23:00:00+00:00,0.6128,0.6139,0.6102,0.6107,19980345.0
2024-03-21 00:00:00+00:00,0.6108,0.6112,0.6047,0.6082,35775340.0
2024-03-21 01:00:00+00:00,0.6082,0.6102,0.6056,0.6089,17231744.0
2024-03-21 02:00:00+00:00,0.609,0.6113,0.608,0.6097,12264872.0
2024-03-21 03:00:00+00:00,0.6096,0.6138,0.6052,0.6072,23697273.0
2024-03-21 04:00:00+00:00,0.6073,0.6092,0.6041,0.6071,21972751.0
2024-03-21 05:00:00+00:00,0.6071,0.6072,0.5972,0.6043,29233218.0
2024-03-21 06:00:00+00:00,0.6043,0.6086,0.6027,0.6053,39673678.0
2024-03-21 07:00:00+00:00,0.6052,0.6091,0.6039,0.6046,22860160.0
2024-03-21 08:00:00+00:00,0.6045,0.6106,0.6043,0.608,18662208.0
2024-03-21 09:00:00+00:00,0.608,0.615,0.6063,0.615,22262082.0
2024-03-21 10:00:00+00:00,0.615,0.6245,0.6148,0.617,75382217.0
2024-03-21 11:00:00+00:00,0.617,0.6199,0.614,0.6179,23759572.0
2024-03-21 12:00:00+00:00,0.618,0.6197,0.6136,0.6162,20189474.0
2024-03-21 13:00:00+00:00,0.6163,0.6237,0.6158,0.6212,28697702.0
2024-03-21 14:00:00+00:00,0.6211,0.6342,0.619,0.6286,36090860.0
2024-03-21 15:00:00+00:00,0.6286,0.6546,0.6244,0.6362,112919553.0
2024-03-21 16:00:00+00:00,0.6362,0.6413,0.6299,0.6392,39587057.0
2024-03-21 17:00:00+00:00,0.6391,0.6466,0.6331,0.6432,44847228.0
2024-03-21 18:00:00+00:00,0.6433,0.6454,0.6278,0.6317,48343997.0
2024-03-21 19:00:00+00:00,0.6319,0.6436,0.6317,0.636,28792840.0
2024-03-21 20:00:00+00:00,0.6359,0.642,0.6287,0.6387,31351183.0
2024-03-21 21:00:00+00:00,0.6387,0.64,0.6349,0.6375,18502945.0
2024-03-21 22:00:00+00:00,0.6375,0.6428,0.6357,0.6384,24370898.0
2024-03-21 23:00:00+00:00,0.6385,0.6423,0.6379,0.6404,22848991.0
2024-03-22 00:00:00+00:00,0.6403,0.6454,0.629,0.6324,45101771.0
2024-03-22 01:00:00+00:00,0.6323,0.6332,0.6193,0.6247,28438745.0
2024-03-22 02:00:00+00:00,0.6247,0.631,0.6234,0.6305,16360072.0
2024-03-22 03:00:00+00:00,0.6304,0.6363,0.6295,0.6363,13773183.0
2024-03-22 04:00:00+00:00,0.6363,0.6379,0.633,0.637,14324831.0
2024-03-22 05:00:00+00:00,0.6369,0.6386,0.6339,0.6342,13148187.0
2024-03-22 06:00:00+00:00,0.6342,0.6365,0.63,0.6311,28020003.0
2024-03-22 07:00:00+00:00,0.6311,0.6351,0.6293,0.6351,32541705.0
2024-03-22 08:00:00+00:00,0.635,0.6382,0.6279,0.6285,29299794.0
2024-03-22 09:00:00+00:00,0.6285,0.6344,0.6285,0.6309,19169714.0
2024-03-22 10:00:00+00:00,0.6309,0.631,0.6209,0.6219,35726429.0
2024-03-22 11:00:00+00:00,0.6218,0.624,0.614,0.616,36254388.0
2024-03-22 12:00:00+00:00,0.616,0.6216,0.6127,0.6207,16984516.0
2024-03-22 13:00:00+00:00,0.6207,0.6222,0.6028,0.6057,42256343.0
2024-03-22 14:00:00+00:00,0.6056,0.6075,0.5985,0.605,64136088.0
2024-03-22 15:00:00+00:00,0.605,0.6154,0.6045,0.6107,36583084.0
2024-03-22 16:00:00+00:00,0.6107,0.6107,0.6038,0.6079,22767339.0
2024-03-22 17:00:00+00:00,0.6079,0.6129,0.6068,0.6113,19916559.0
2024-03-22 18:00:00+00:00,0.6113,0.6134,0.6092,0.6121,10025480.0
2024-03-22 19:00:00+00:00,0.612,0.6144,0.6101,0.6124,9456078.0
2024-03-22 20:00:00+00:00,0.6124,0.6149,0.6097,0.6146,8725057.0
2024-03-22 21:00:00+00:00,0.6146,0.6147,0.6043,0.6101,13094407.0
2024-03-22 22:00:00+00:00,0.61,0.6107,0.6042,0.6085,12680922.0
2024-03-22 23:00:00+00:00,0.6084,0.6117,0.6076,0.6115,11244409.0
2024-03-23 00:00:00+00:00,0.6115,0.613,0.6091,0.6107,8448339.0
2024-03-23 01:00:00+00:00,0.6108,0.617,0.6106,0.6151,11244984.0
2024-03-23 02:00:00+00:00,0.615,0.617,0.6106,0.613,11312568.0
2024-03-23 03:00:00+00:00,0.6129,0.613,0.6032,0.6087,14077554.0
2024-03-23 04:00:00+00:00,0.6086,0.6133,0.6084,0.6117,7310750.0
2024-03-23 05:00:00+00:00,0.6117,0.6134,0.6105,0.6129,5018690.0
2024-03-23 06:00:00+00:00,0.613,0.6147,0.6115,0.6137,6685309.0
2024-03-23 07:00:00+00:00,0.6137,0.6184,0.6136,0.6158,19611949.0
2024-03-23 08:00:00+00:00,0.6159,0.6174,0.6149,0.6173,8130864.0
2024-03-23 09:00:00+00:00,0.6174,0.6192,0.616,0.6191,7431146.0
2024-03-23 10:00:00+00:00,0.6191,0.6214,0.6173,0.6182,9245346.0
2024-03-23 11:00:00+00:00,0.6182,0.6197,0.6169,0.6192,8925361.0
2024-03-23 12:00:00+00:00,0.6191,0.6233,0.6187,0.6216,11258268.0
2024-03-23 13:00:00+00:00,0.6216,0.6274,0.6202,0.6248,18469512.0
2024-03-23 14:00:00+00:00,0.6248,0.6329,0.624,0.63,41106538.0
2024-03-23 15:00:00+00:00,0.6299,0.6316,0.626,0.6278,14272154.0
2024-03-23 16:00:00+00:00,0.6278,0.6287,0.6244,0.6255,14369659.0
2024-03-23 17:00:00+00:00,0.6255,0.6315,0.6252,0.6283,12367807.0
2024-03-23 18:00:00+00:00,0.6283,0.6301,0.6278,0.6289,6248972.0
2024-03-23 19:00:00+00:00,0.6289,0.6302,0.6241,0.6244,12587588.0
2024-03-23 20:00:00+00:00,0.6243,0.6254,0.6234,0.6238,7244501.0
2024-03-23 21:00:00+00:00,0.6237,0.6248,0.6216,0.624,6349060.0
2024-03-23 22:00:00+00:00,0.6239,0.6246,0.6218,0.6224,5143127.0
2024-03-23 23:00:00+00:00,0.6224,0.6226,0.6158,0.6167,11835105.0
2024-03-24 00:00:00+00:00,0.6168,0.6215,0.6166,0.6211,9710359.0
2024-03-24 01:00:00+00:00,0.6212,0.6218,0.6191,0.6204,8246949.0
2024-03-24 02:00:00+00:00,0.6203,0.621,0.618,0.619,7374387.0
2024-03-24 03:00:00+00:00,0.619,0.619,0.6139,0.6154,9429922.0
2024-03-24 04:00:00+00:00,0.6154,0.6171,0.6133,0.6171,8544737.0
2024-03-24 05:00:00+00:00,0.6171,0.6337,0.6166,0.6261,27906605.0
2024-03-24 06:00:00+00:00,0.626,0.63,0.6225,0.6265,22949389.0
2024-03-24 07:00:00+00:00,0.6265,0.6278,0.6232,0.6266,10278114.0
2024-03-24 08:00:00+00:00,0.6266,0.6306,0.6255,0.6305,11042039.0
2024-03-24 09:00:00+00:00,0.6305,0.6338,0.6286,0.6307,15408698.0
2024-03-24 10:00:00+00:00,0.6308,0.6333,0.6296,0.6326,9982619.0
2024-03-24 11:00:00+00:00,0.6326,0.6331,0.6295,0.6307,8235738.0
2024-03-24 12:00:00+00:00,0.6306,0.632,0.6276,0.6282,13229387.0
2024-03-24 13:00:00+00:00,0.6281,0.6342,0.627,0.6318,14632404.0
2024-03-24 14:00:00+00:00,0.6318,0.6341,0.6309,0.6321,14788735.0
2024-03-24 15:00:00+00:00,0.6321,0.6333,0.6303,0.6316,8880936.0
2024-03-24 16:00:00+00:00,0.6316,0.6324,0.6278,0.6294,11731840.0
2024-03-24 17:00:00+00:00,0.6294,0.6299,0.6237,0.6271,18923758.0
2024-03-24 18:00:00+00:00,0.6271,0.632,0.6271,0.6308,13538964.0
2024-03-24 19:00:00+00:00,0.6308,0.6317,0.6292,0.6299,7792758.0
2024-03-24 20:00:00+00:00,0.6299,0.6338,0.6282,0.6309,14240568.0
2024-03-24 21:00:00+00:00,0.631,0.6335,0.6309,0.6328,11025736.0
2024-03-24 22:00:00+00:00,0.6329,0.6353,0.6319,0.6333,11489423.0
2024-03-24 23:00:00+00:00,0.6333,0.6358,0.6321,0.6325,15283059.0
2024-03-25 00:00:00+00:00,0.6326,0.6332,0.6284,0.6289,15363553.0
2024-03-25 01:00:00+00:00,0.6289,0.6323,0.6285,0.6305,9461802.0
2024-03-25 02:00:00+00:00,0.6305,0.6324,0.6287,0.6322,7851966.0
2024-03-25 03:00:00+00:00,0.6321,0.634,0.6301,0.6312,21614398.0
2024-03-25 04:00:00+00:00,0.6312,0.6349,0.6302,0.6349,10592019.0
2024-03-25 05:00:00+00:00,0.6349,0.6372,0.6331,0.6347,11697382.0
2024-03-25 06:00:00+00:00,0.6347,0.6349,0.6294,0.6319,28528394.0
2024-03-25 07:00:00+00:00,0.6318,0.6341,0.6279,0.6291,21087437.0
2024-03-25 08:00:00+00:00,0.629,0.6323,0.6289,0.6321,18446035.0
2024-03-25 09:00:00+00:00,0.6321,0.6326,0.6297,0.6319,13220330.0
2024-03-25 10:00:00+00:00,0.6319,0.6343,0.6299,0.6311,18085263.0
2024-03-25 11:00:00+00:00,0.6311,0.6311,0.6263,0.6269,19160696.0
2024-03-25 12:00:00+00:00,0.6269,0.6308,0.6268,0.6297,13647972.0
2024-03-25 13:00:00+00:00,0.6297,0.6326,0.6273,0.6325,15710754.0
2024-03-25 14:00:00+00:00,0.6325,0.6447,0.6301,0.6435,51694129.0
2024-03-25 15:00:00+00:00,0.6435,0.6459,0.6405,0.6421,36693631.0
2024-03-25 16:00:00+00:00,0.6421,0.653,0.6402,0.6525,48564482.0
2024-03-25 17:00:00+00:00,0.6525,0.6536,0.6465,0.6493,28676660.0
2024-03-25 18:00:00+00:00,0.6493,0.6511,0.647,0.65,24640924.0
2024-03-25 19:00:00+00:00,0.65,0.6629,0.6356,0.6554,92132183.0
2024-03-25 20:00:00+00:00,0.6553,0.6584,0.6511,0.6523,21997338.0
2024-03-25 21:00:00+00:00,0.6522,0.6523,0.6408,0.6438,30464020.0
2024-03-25 22:00:00+00:00,0.6438,0.6469,0.6425,0.6433,17944530.0
2024-03-25 23:00:00+00:00,0.6433,0.6445,0.6382,0.6406,20984463.0
2024-03-26 00:00:00+00:00,0.6405,0.6449,0.6393,0.6445,15460566.0
2024-03-26 01:00:00+00:00,0.6445,0.6475,0.6437,0.6452,13002473.0
2024-03-26 02:00:00+00:00,0.6451,0.6461,0.6431,0.6461,12013281.0
2024-03-26 03:00:00+00:00,0.646,0.6462,0.6428,0.6437,14295055.0
2024-03-26 04:00:00+00:00,0.6436,0.648,0.6432,0.647,15458194.0
2024-03-26 05:00:00+00:00,0.6469,0.647,0.6437,0.644,11344822.0
2024-03-26 06:00:00+00:00,0.644,0.6489,0.6432,0.6482,24859180.0
2024-03-26 07:00:00+00:00,0.6482,0.653,0.6455,0.6469,30021158.0
2024-03-26 08:00:00+00:00,0.6468,0.6484,0.6442,0.6454,19663512.0
2024-03-26 09:00:00+00:00,0.6454,0.6497,0.6452,0.6491,18631380.0
2024-03-26 10:00:00+00:00,0.6491,0.6502,0.6464,0.6483,17477080.0
2024-03-26 11:00:00+00:00,0.6482,0.6483,0.643,0.6444,22482575.0
2024-03-26 12:00:00+00:00,0.6443,0.6448,0.6365,0.6448,27796041.0
2024-03-26 13:00:00+00:00,0.6448,0.6452,0.6338,0.6377,41134202.0
2024-03-26 14:00:00+00:00,0.6377,0.6393,0.6262,0.6354,54762232.0
2024-03-26 15:00:00+00:00,0.6353,0.6355,0.6292,0.6343,25855403.0
2024-03-26 16:00:00+00:00,0.6342,0.6358,0.625,0.629,32458399.0
2024-03-26 17:00:00+00:00,0.6289,0.6335,0.6283,0.6311,19770545.0
2024-03-26 18:00:00+00:00,0.6311,0.6354,0.6305,0.6333,12859662.0
2024-03-26 19:00:00+00:00,0.6332,0.6335,0.6287,0.6298,12741801.0
2024-03-26 20:00:00+00:00,0.6298,0.6331,0.6294,0.6319,8486075.0
2024-03-26 21:00:00+00:00,0.6318,0.6341,0.6316,0.6339,9181151.0
2024-03-26 22:00:00+00:00,0.6338,0.6342,0.6298,0.6331,15332310.0
2024-03-26 23:00:00+00:00,0.633,0.6339,0.6317,0.6317,8832979.0
2024-03-27 00:00:00+00:00,0.6317,0.634,0.6287,0.634,19837255.0
2024-03-27 01:00:00+00:00,0.634,0.6349,0.6315,0.6324,18555693.0
2024-03-27 02:00:00+00:00,0.6323,0.633,0.6301,0.6329,11856161.0
2024-03-27 03:00:00+00:00,0.633,0.6333,0.631,0.6317,10530181.0
2024-03-27 04:00:00+00:00,0.6317,0.6325,0.6286,0.6299,14250664.0
2024-03-27 05:00:00+00:00,0.6299,0.631,0.6288,0.6298,19591225.0
2024-03-27 06:00:00+00:00,0.6298,0.6316,0.6266,0.629,26328050.0
2024-03-27 07:00:00+00:00,0.6291,0.6292,0.6184,0.6203,39471240.0
2024-03-27 08:00:00+00:00,0.6203,0.6232,0.6156,0.6164,24075740.0
2024-03-27 09:00:00+00:00,0.6163,0.621,0.6117,0.6204,51770025.0
2024-03-27 10:00:00+00:00,0.6204,0.6215,0.6168,0.6191,31263520.0
2024-03-27 11:00:00+00:00,0.6192,0.6233,0.6177,0.6222,30288709.0
2024-03-27 12:00:00+00:00,0.6221,0.6235,0.62,0.6217,15533019.0
2024-03-27 13:00:00+00:00,0.6217,0.6298,0.6152,0.6186,53640464.0
2024-03-27 14:00:00+00:00,0.6187,0.6199,0.6055,0.6184,61947286.0
2024-03-27 15:00:00+00:00,0.6184,0.6188,0.6108,0.6109,31820711.0
2024-03-27 16:00:00+00:00,0.6109,0.6155,0.6068,0.6153,31288602.0
2024-03-27 17:00:00+00:00,0.6154,0.6179,0.6139,0.6147,17008438.0
2024-03-27 18:00:00+00:00,0.6148,0.6157,0.6092,0.6096,16609821.0
2024-03-27 19:00:00+00:00,0.6097,0.615,0.6097,0.6143,9266640.0
2024-03-27 20:00:00+00:00,0.6143,0.616,0.6126,0.6133,9220542.0
2024-03-27 21:00:00+00:00,0.6132,0.6154,0.6126,0.6127,6183536.0
2024-03-27 22:00:00+00:00,0.6128,0.6146,0.6125,0.6144,9701629.0
2024-03-27 23:00:00+00:00,0.6145,0.6146,0.609,0.6118,16066435.0
2024-03-28 00:00:00+00:00,0.6119,0.6163,0.6111,0.6153,20233939.0
2024-03-28 01:00:00+00:00,0.6153,0.6159,0.6083,0.6096,22890695.0
2024-03-28 02:00:00+00:00,0.6096,0.6118,0.6033,0.6066,22290913.0
2024-03-28 03:00:00+00:00,0.6066,0.6098,0.6057,0.6095,16417477.0
2024-03-28 04:00:00+00:00,0.6094,0.6125,0.609,0.6123,11531241.0
2024-03-28 05:00:00+00:00,0.6123,0.6136,0.6111,0.6113,7028160.0
2024-03-28 06:00:00+00:00,0.6113,0.6246,0.611,0.6216,40334605.0
2024-03-28 07:00:00+00:00,0.6216,0.6228,0.6176,0.6222,35085408.0
2024-03-28 08:00:00+00:00,0.6222,0.6245,0.621,0.6236,23737727.0
2024-03-28 09:00:00+00:00,0.6236,0.6245,0.6213,0.6238,31144295.0
2024-03-28 10:00:00+00:00,0.6238,0.6238,0.6186,0.6237,23885788.0
2024-03-28 11:00:00+00:00,0.6238,0.6238,0.62,0.6213,14550308.0
2024-03-28 12:00:00+00:00,0.6214,0.6234,0.6178,0.6213,14872246.0
2024-03-28 13:00:00+00:00,0.6213,0.6243,0.6171,0.6208,16360911.0
2024-03-28 14:00:00+00:00,0.6208,0.6247,0.6188,0.6244,19891711.0
2024-03-28 15:00:00+00:00,0.6244,0.6245,0.6207,0.6223,11816374.0
2024-03-28 16:00:00+00:00,0.6224,0.6378,0.6194,0.6304,59223008.0
2024-03-28 17:00:00+00:00,0.6303,0.6362,0.6274,0.6343,43885017.0
2024-03-28 18:00:00+00:00,0.6343,0.6345,0.6283,0.6299,15479967.0
2024-03-28 19:00:00+00:00,0.6298,0.6319,0.6267,0.6271,10869377.0
2024-03-28 20:00:00+00:00,0.6271,0.6289,0.6266,0.6281,7779861.0
2024-03-28 21:00:00+00:00,0.6281,0.6299,0.6258,0.6264,11449446.0
2024-03-28 22:00:00+00:00,0.6264,0.6264,0.6233,0.6251,11282352.0
2024-03-28 23:00:00+00:00,0.6251,0.6272,0.6238,0.6244,8676504.0
2024-03-29 00:00:00+00:00,0.6243,0.6247,0.6212,0.6236,15083959.0
2024-03-29 01:00:00+00:00,0.6235,0.6254,0.6221,0.6229,15860276.0
2024-03-29 02:00:00+00:00,0.6229,0.6231,0.6194,0.6221,14226479.0
2024-03-29 03:00:00+00:00,0.622,0.6234,0.6194,0.621,18500637.0
2024-03-29 04:00:00+00:00,0.621,0.6233,0.6195,0.6206,12700141.0
2024-03-29 05:00:00+00:00,0.6205,0.6217,0.6163,0.6172,19389844.0
2024-03-29 06:00:00+00:00,0.6172,0.62,0.6142,0.6184,23046445.0
2024-03-29 07:00:00+00:00,0.6184,0.619,0.6087,0.6105,26513724.0
2024-03-29 08:00:00+00:00,0.6104,0.6151,0.6101,0.6147,15394609.0
2024-03-29 09:00:00+00:00,0.6147,0.6156,0.6117,0.6148,13273271.0
2024-03-29 10:00:00+00:00,0.6148,0.6275,0.613,0.6271,30444435.0
2024-03-29 11:00:00+00:00,0.6271,0.632,0.6255,0.6294,44117317.0
2024-03-29 12:00:00+00:00,0.6294,0.6346,0.6282,0.6284,35083702.0
2024-03-29 13:00:00+00:00,0.6284,0.6302,0.6263,0.6286,15596850.0
2024-03-29 14:00:00+00:00,0.6286,0.6455,0.6285,0.6346,60438499.0
2024-03-29 15:00:00+00:00,0.6346,0.6378,0.6204,0.6248,47897218.0
2024-03-29 16:00:00+00:00,0.6248,0.6304,0.6245,0.6294,24098087.0
2024-03-29 17:00:00+00:00,0.6294,0.6362,0.6283,0.6324,25253397.0
2024-03-29 18:00:00+00:00,0.6323,0.6334,0.6252,0.6263,22034813.0
2024-03-29 19:00:00+00:00,0.6262,0.6265,0.6235,0.6262,11554391.0
2024-03-29 20:00:00+00:00,0.6262,0.6274,0.624,0.6274,9468268.0
2024-03-29 21:00:00+00:00,0.6274,0.6278,0.621,0.6246,14103227.0
2024-03-29 22:00:00+00:00,0.6245,0.6287,0.6242,0.6285,10490217.0
2024-03-29 23:00:00+00:00,0.6284,0.632,0.6278,0.6301,12232266.0
2024-03-30 00:00:00+00:00,0.63,0.6305,0.6267,0.6298,17841663.0
2024-03-30 01:00:00+00:00,0.6298,0.6318,0.6261,0.6275,12260569.0
2024-03-30 02:00:00+00:00,0.6274,0.6277,0.6249,0.627,8514561.0
2024-03-30 03:00:00+00:00,0.627,0.6283,0.6237,0.6255,9587947.0
2024-03-30 04:00:00+00:00,0.6254,0.6272,0.6245,0.6268,5992786.0
2024-03-30 05:00:00+00:00,0.6267,0.6279,0.6254,0.6273,7555202.0
2024-03-30 06:00:00+00:00,0.6273,0.6275,0.6225,0.624,10453899.0
2024-03-30 07:00:00+00:00,0.624,0.6254,0.6222,0.6225,11706708.0
2024-03-30 08:00:00+00:00,0.6226,0.6248,0.6208,0.6233,10805148.0
2024-03-30 09:00:00+00:00,0.6233,0.6251,0.6223,0.6247,7688719.0
2024-03-30 10:00:00+00:00,0.6247,0.6253,0.623,0.6252,6714139.0
2024-03-30 11:00:00+00:00,0.6251,0.6277,0.6251,0.6272,7691013.0
2024-03-30 12:00:00+00:00,0.6272,0.6287,0.6266,0.6278,8818225.0
2024-03-30 13:00:00+00:00,0.6278,0.628,0.6253,0.626,8461103.0
2024-03-30 14:00:00+00:00,0.6261,0.6372,0.6255,0.6337,32052688.0
2024-03-30 15:00:00+00:00,0.6337,0.6351,0.6283,0.6286,17016493.0
2024-03-30 16:00:00+00:00,0.6287,0.633,0.6272,0.632,17655347.0
2024-03-30 17:00:00+00:00,0.6321,0.6322,0.6305,0.6315,7189322.0
2024-03-30 18:00:00+00:00,0.6316,0.632,0.6285,0.6295,8981160.0
2024-03-30 19:00:00+00:00,0.6294,0.6295,0.6229,0.6267,14641192.0
2024-03-30 20:00:00+00:00,0.6268,0.6275,0.6247,0.6249,8381897.0
2024-03-30 21:00:00+00:00,0.6248,0.6253,0.6188,0.6215,10255585.0
2024-03-30 22:00:00+00:00,0.6215,0.6224,0.6191,0.62,11746188.0
2024-03-30 23:00:00+00:00,0.62,0.622,0.6178,0.6212,13016673.0
2024-03-31 00:00:00+00:00,0.6211,0.6237,0.6204,0.6233,11914555.0
2024-03-31 01:00:00+00:00,0.6233,0.6251,0.6229,0.6236,9153122.0
2024-03-31 02:00:00+00:00,0.6236,0.6258,0.623,0.6253,8106487.0
2024-03-31 03:00:00+00:00,0.6254,0.6254,0.6218,0.6223,8056369.0
2024-03-31 04:00:00+00:00,0.6222,0.6235,0.621,0.623,8590800.0
2024-03-31 05:00:00+00:00,0.6229,0.6257,0.6224,0.6255,9905514.0
2024-03-31 06:00:00+00:00,0.6255,0.6268,0.6251,0.6258,7968840.0
2024-03-31 07:00:00+00:00,0.6258,0.6283,0.6258,0.6274,9001666.0
2024-03-31 08:00:00+00:00,0.6273,0.6289,0.6266,0.6269,9070978.0
2024-03-31 09:00:00+00:00,0.6269,0.6274,0.6259,0.6262,4670313.0
2024-03-31 10:00:00+00:00,0.6262,0.6267,0.6244,0.6257,6245532.0
2024-03-31 11:00:00+00:00,0.6257,0.6266,0.6251,0.6264,6617173.0
2024-03-31 12:00:00+00:00,0.6263,0.6278,0.6254,0.6268,5451327.0
2024-03-31 13:00:00+00:00,0.6268,0.6287,0.6267,0.6278,6120273.0
2024-03-31 14:00:00+00:00,0.6278,0.6283,0.6267,0.6274,6247093.0
2024-03-31 15:00:00+00:00,0.6273,0.6279,0.6262,0.6266,5690842.0
2024-03-31 16:00:00+00:00,0.6266,0.6279,0.6252,0.6255,5142432.0
2024-03-31 17:00:00+00:00,0.6255,0.6267,0.6254,0.6258,2259759.0
2024-03-31 18:00:00+00:00,0.6259,0.6301,0.6251,0.6273,8115770.0
2024-03-31 19:00:00+00:00,0.6273,0.6294,0.6248,0.6287,8572961.0
2024-03-31 20:00:00+00:00,0.6287,0.6295,0.6269,0.6274,8219163.0
2024-03-31 21:00:00+00:00,0.6273,0.6278,0.625,0.627,6661163.0
2024-03-31 22:00:00+00:00,0.627,0.6287,0.6264,0.6285,11313246.0
2024-03-31 23:00:00+00:00,0.6285,0.6297,0.6277,0.6292,8877591.0
2024-04-01 00:00:00+00:00,0.6292,0.6336,0.628,0.6311,19398087.0
2024-04-01 01:00:00+00:00,0.6311,0.6311,0.6274,0.6303,16740560.0
2024-04-01 02:00:00+00:00,0.6302,0.631,0.6281,0.6297,10385479.0
2024-04-01 03:00:00+00:00,0.6296,0.6297,0.6269,0.6273,11055892.0
2024-04-01 04:00:00+00:00,0.6272,0.628,0.626,0.6273,9026717.0
2024-04-01 05:00:00+00:00,0.6272,0.629,0.601,0.6067,74351314.0
2024-04-01 06:00:00+00:00,0.6067,0.6155,0.6043,0.6133,56883580.0
2024-04-01 07:00:00+00:00,0.6132,0.6162,0.6127,0.6154,18153247.0
2024-04-01 08:00:00+00:00,0.6154,0.6186,0.6081,0.6109,30426642.0
2024-04-01 09:00:00+00:00,0.6108,0.6129,0.6073,0.61,15471026.0
2024-04-01 10:00:00+00:00,0.6099,0.6118,0.6071,0.6112,15565293.0
2024-04-01 11:00:00+00:00,0.6112,0.6128,0.6088,0.6096,13206214.0
2024-04-01 12:00:00+00:00,0.6095,0.6127,0.6088,0.6124,11435449.0
2024-04-01 13:00:00+00:00,0.6124,0.6146,0.61,0.6134,14482526.0
2024-04-01 14:00:00+00:00,0.6133,0.6142,0.6004,0.6019,37141342.0
2024-04-01 15:00:00+00:00,0.6019,0.604,0.5947,0.5997,54478049.0
2024-04-01 16:00:00+00:00,0.5996,0.606,0.5984,0.6042,27079995.0
2024-04-01 17:00:00+00:00,0.6042,0.6085,0.6017,0.608,40571092.0
2024-04-01 18:00:00+00:00,0.608,0.6098,0.605,0.6071,16016774.0
2024-04-01 19:00:00+00:00,0.607,0.6123,0.606,0.6115,14228287.0
2024-04-01 20:00:00+00:00,0.6114,0.6137,0.6103,0.6135,9865517.0
2024-04-01 21:00:00+00:00,0.6134,0.6144,0.6123,0.6126,8047003.0
2024-04-01 22:00:00+00:00,0.6125,0.6131,0.6111,0.6119,9525174.0
2024-04-01 23:00:00+00:00,0.6118,0.6136,0.6105,0.611,12752264.0
2024-04-02 00:00:00+00:00,0.611,0.6111,0.6058,0.6092,12707532.0
2024-04-02 01:00:00+00:00,0.6092,0.6185,0.6083,0.6153,22426202.0
2024-04-02 02:00:00+00:00,0.6152,0.6184,0.5835,0.5981,75064845.0
2024-04-02 03:00:00+00:00,0.598,0.6021,0.5913,0.5953,35776283.0
2024-04-02 04:00:00+00:00,0.5952,0.6027,0.5939,0.5996,33355056.0
2024-04-02 05:00:00+00:00,0.5995,0.5997,0.5933,0.5976,24813721.0
2024-04-02 06:00:00+00:00,0.5975,0.6022,0.5962,0.6014,30153398.0
2024-04-02 07:00:00+00:00,0.6014,0.603,0.5986,0.5997,13247881.0
2024-04-02 08:00:00+00:00,0.5996,0.6019,0.5919,0.5932,38847817.0
2024-04-02 09:00:00+00:00,0.5932,0.595,0.588,0.5889,56110784.0
2024-04-02 10:00:00+00:00,0.5888,0.5915,0.5831,0.5884,40894552.0
2024-04-02 11:00:00+00:00,0.5883,0.5892,0.5802,0.5886,39735559.0
2024-04-02 12:00:00+00:00,0.5886,0.5909,0.5856,0.587,21046947.0
2024-04-02 13:00:00+00:00,0.587,0.5872,0.579,0.584,39665832.0
2024-04-02 14:00:00+00:00,0.5839,0.5938,0.5836,0.5892,32482777.0
2024-04-02 15:00:00+00:00,0.5892,0.5924,0.5809,0.5817,21220804.0
2024-04-02 16:00:00+00:00,0.5817,0.588,0.5797,0.5873,24775933.0
2024-04-02 17:00:00+00:00,0.5873,0.5923,0.5872,0.5911,15927921.0
2024-04-02 18:00:00+00:00,0.591,0.5934,0.5896,0.5921,12974394.0
2024-04-02 19:00:00+00:00,0.5921,0.5932,0.59,0.5908,10532625.0
2024-04-02 20:00:00+00:00,0.5907,0.5943,0.5884,0.5888,16343851.0
2024-04-02 21:00:00+00:00,0.5888,0.5893,0.5842,0.5877,12902391.0
2024-04-02 22:00:00+00:00,0.5876,0.589,0.5863,0.5886,9072828.0
2024-04-02 23:00:00+00:00,0.5885,0.5887,0.5846,0.5854,8206508.0
2024-04-03 00:00:00+00:00,0.5854,0.588,0.5671,0.5782,62370153.0
2024-04-03 01:00:00+00:00,0.5783,0.585,0.5724,0.584,31557618.0
2024-04-03 02:00:00+00:00,0.584,0.5855,0.582,0.5843,14812779.0
2024-04-03 03:00:00+00:00,0.5843,0.5859,0.5818,0.5851,15744874.0
2024-04-03 04:00:00+00:00,0.5851,0.5881,0.5844,0.5878,13867012.0
2024-04-03 05:00:00+00:00,0.5878,0.5879,0.5832,0.5853,17419713.0
2024-04-03 06:00:00+00:00,0.5852,0.5876,0.5847,0.5866,23075709.0
2024-04-03 07:00:00+00:00,0.5866,0.5911,0.5859,0.5883,19744272.0
2024-04-03 08:00:00+00:00,0.5884,0.592,0.5852,0.591,20221843.0
2024-04-03 09:00:00+00:00,0.5911,0.593,0.5888,0.5921,22075969.0
2024-04-03 10:00:00+00:00,0.5922,0.5923,0.5862,0.5874,17258605.0
2024-04-03 11:00:00+00:00,0.5873,0.5875,0.58,0.5829,21945096.0
2024-04-03 12:00:00+00:00,0.5829,0.5839,0.5786,0.5809,15758976.0
2024-04-03 13:00:00+00:00,0.5808,0.5828,0.5758,0.5788,23287874.0
2024-04-03 14:00:00+00:00,0.5789,0.5854,0.5789,0.5845,25284874.0
2024-04-03 15:00:00+00:00,0.5845,0.5855,0.5786,0.5799,24952123.0
2024-04-03 16:00:00+00:00,0.58,0.5841,0.5789,0.5833,20817668.0
2024-04-03 17:00:00+00:00,0.5833,0.5844,0.5769,0.5791,10996194.0
2024-04-03 18:00:00+00:00,0.5791,0.5792,0.5724,0.5775,18363808.0
2024-04-03 19:00:00+00:00,0.5775,0.5782,0.5741,0.5753,8339591.0
2024-04-03 20:00:00+00:00,0.5754,0.5756,0.5694,0.5712,15059106.0
2024-04-03 21:00:00+00:00,0.5712,0.5726,0.5663,0.5714,23618192.0
2024-04-03 22:00:00+00:00,0.5713,0.5755,0.5705,0.575,17457428.0
2024-04-03 23:00:00+00:00,0.575,0.5767,0.5738,0.5742,9874456.0
2024-04-04 00:00:00+00:00,0.5741,0.5784,0.5734,0.5776,17709681.0
2024-04-04 01:00:00+00:00,0.5776,0.5783,0.5724,0.5745,14770075.0
2024-04-04 02:00:00+00:00,0.5744,0.5747,0.5653,0.5702,27156471.0
2024-04-04 03:00:00+00:00,0.5701,0.5712,0.5667,0.5686,18240811.0
2024-04-04 04:00:00+00:00,0.5687,0.5699,0.5623,0.5682,24841046.0
2024-04-04 05:00:00+00:00,0.5683,0.5721,0.5679,0.5709,10745968.0
2024-04-04 06:00:00+00:00,0.5709,0.5724,0.5681,0.5714,35320160.0
2024-04-04 07:00:00+00:00,0.5714,0.5767,0.5703,0.5734,24667024.0
2024-04-04 08:00:00+00:00,0.5734,0.5792,0.5728,0.5758,16526268.0
2024-04-04 09:00:00+00:00,0.5758,0.5791,0.5748,0.5759,20738213.0
2024-04-04 10:00:00+00:00,0.576,0.5773,0.5753,0.5755,14343178.0
2024-04-04 11:00:00+00:00,0.5756,0.577,0.5741,0.575,13709173.0
2024-04-04 12:00:00+00:00,0.5751,0.5794,0.5748,0.5786,17324111.0
2024-04-04 13:00:00+00:00,0.5786,0.6176,0.5785,0.5961,267216965.0
2024-04-04 14:00:00+00:00,0.5961,0.6006,0.5942,0.5962,30870710.0
2024-04-04 15:00:00+00:00,0.5962,0.5962,0.5895,0.594,19483345.0
2024-04-04 16:00:00+00:00,0.594,0.6,0.5938,0.5981,22614552.0
2024-04-04 17:00:00+00:00,0.5981,0.6041,0.5981,0.603,19015077.0
2024-04-04 18:00:00+00:00,0.6029,0.6048,0.5964,0.5979,20401744.0
2024-04-04 19:00:00+00:00,0.5978,0.6002,0.5958,0.596,11292300.0
2024-04-04 20:00:00+00:00,0.5959,0.5963,0.585,0.591,26105879.0
2024-04-04 21:00:00+00:00,0.5911,0.592,0.5858,0.5893,9533623.0
2024-04-04 22:00:00+00:00,0.5894,0.5917,0.5867,0.5898,10305496.0
2024-04-04 23:00:00+00:00,0.5897,0.5938,0.5888,0.5935,8697516.0
2024-04-05 00:00:00+00:00,0.5934,0.5939,0.5887,0.5921,14677018.0
2024-04-05 01:00:00+00:00,0.5921,0.5921,0.5846,0.587,18368210.0
2024-04-05 02:00:00+00:00,0.587,0.5872,0.5788,0.5821,24063526.0
2024-04-05 03:00:00+00:00,0.582,0.5881,0.5816,0.5879,13536267.0
2024-04-05 04:00:00+00:00,0.5878,0.588,0.5822,0.5849,16077130.0
2024-04-05 05:00:00+00:00,0.5849,0.5857,0.5765,0.5802,24233959.0
2024-04-05 06:00:00+00:00,0.5802,0.5829,0.5777,0.5827,24971949.0
2024-04-05 07:00:00+00:00,0.5827,0.5835,0.5793,0.5818,19649313.0
2024-04-05 08:00:00+00:00,0.5817,0.5878,0.5811,0.5827,27843593.0
2024-04-05 09:00:00+00:00,0.5826,0.5827,0.5733,0.5774,30652506.0
2024-04-05 10:00:00+00:00,0.5773,0.5783,0.5728,0.5779,20819930.0
2024-04-05 11:00:00+00:00,0.5779,0.5787,0.5718,0.5723,18740766.0
2024-04-05 12:00:00+00:00,0.5723,0.577,0.5687,0.5764,30662067.0
2024-04-05 13:00:00+00:00,0.5764,0.579,0.5738,0.5777,23587287.0
2024-04-05 14:00:00+00:00,0.5776,0.5828,0.5765,0.5816,16158700.0
2024-04-05 15:00:00+00:00,0.5816,0.5832,0.5798,0.5831,15053272.0
2024-04-05 16:00:00+00:00,0.583,0.5851,0.5804,0.5846,16072135.0
2024-04-05 17:00:00+00:00,0.5846,0.5854,0.5829,0.5841,8426385.0
2024-04-05 18:00:00+00:00,0.584,0.5879,0.5839,0.5873,11066184.0
2024-04-05 19:00:00+00:00,0.5873,0.5912,0.5873,0.5886,9966061.0
2024-04-05 20:00:00+00:00,0.5885,0.5913,0.5875,0.5903,9982576.0
2024-04-05 21:00:00+00:00,0.5902,0.5909,0.5861,0.5883,11306614.0
2024-04-05 22:00:00+00:00,0.5882,0.5889,0.5864,0.5868,9038734.0
2024-04-05 23:00:00+00:00,0.5868,0.5884,0.5867,0.5871,6516718.0
2024-04-06 00:00:00+00:00,0.587,0.5888,0.5852,0.5879,9969095.0
2024-04-06 01:00:00+00:00,0.5879,0.5898,0.587,0.5882,7549552.0
2024-04-06 02:00:00+00:00,0.5883,0.5908,0.5876,0.5891,6896639.0
2024-04-06 03:00:00+00:00,0.589,0.5909,0.5883,0.5892,6813984.0
2024-04-06 04:00:00+00:00,0.5892,0.5914,0.5892,0.5912,4138404.0
2024-04-06 05:00:00+00:00,0.5912,0.5922,0.5891,0.5904,6991071.0
2024-04-06 06:00:00+00:00,0.5903,0.5913,0.5886,0.5909,6504456.0
2024-04-06 07:00:00+00:00,0.5908,0.5911,0.5893,0.59,4553742.0
2024-04-06 08:00:00+00:00,0.5899,0.5916,0.5891,0.5912,7343885.0
2024-04-06 09:00:00+00:00,0.5912,0.592,0.5884,0.5894,8999290.0
2024-04-06 10:00:00+00:00,0.5894,0.5902,0.5882,0.5892,3805353.0
2024-04-06 11:00:00+00:00,0.5891,0.5896,0.5874,0.588,5745272.0
2024-04-06 12:00:00+00:00,0.588,0.5884,0.5869,0.5879,3991533.0
2024-04-06 13:00:00+00:00,0.588,0.5885,0.5867,0.5871,6069735.0
2024-04-06 14:00:00+00:00,0.5871,0.5906,0.5867,0.5903,6233101.0
2024-04-06 15:00:00+00:00,0.5904,0.5969,0.5895,0.5942,15115249.0
2024-04-06 16:00:00+00:00,0.5941,0.5947,0.5918,0.593,6126567.0
2024-04-06 17:00:00+00:00,0.5931,0.5943,0.5887,0.5899,11721265.0
2024-04-06 18:00:00+00:00,0.5899,0.591,0.5893,0.5903,4448104.0
2024-04-06 19:00:00+00:00,0.5904,0.5907,0.5896,0.5906,2556251.0
2024-04-06 20:00:00+00:00,0.5906,0.5908,0.5896,0.5907,3228238.0
2024-04-06 21:00:00+00:00,0.5907,0.5911,0.589,0.5894,3659141.0
2024-04-06 22:00:00+00:00,0.5894,0.5954,0.5894,0.5942,8390124.0
2024-04-06 23:00:00+00:00,0.5942,0.5988,0.5926,0.593,14554839.0
2024-04-07 00:00:00+00:00,0.593,0.595,0.5923,0.5945,6805809.0
2024-04-07 01:00:00+00:00,0.5945,0.598,0.5943,0.5964,6282950.0
2024-04-07 02:00:00+00:00,0.5963,0.5973,0.5934,0.5941,8584799.0
2024-04-07 03:00:00+00:00,0.5941,0.5955,0.5936,0.595,6494123.0
2024-04-07 04:00:00+00:00,0.595,0.5956,0.5941,0.5951,6070562.0
2024-04-07 05:00:00+00:00,0.5951,0.5966,0.595,0.5966,5163440.0
2024-04-07 06:00:00+00:00,0.5965,0.5967,0.5949,0.5951,6701151.0
2024-04-07 07:00:00+00:00,0.5952,0.5965,0.595,0.5956,3623438.0
2024-04-07 08:00:00+00:00,0.5956,0.597,0.5949,0.5968,4040917.0
2024-04-07 09:00:00+00:00,0.5968,0.5988,0.5952,0.5959,7660974.0
2024-04-07 10:00:00+00:00,0.596,0.597,0.5949,0.5969,5534615.0
2024-04-07 11:00:00+00:00,0.597,0.5973,0.5957,0.5973,4736114.0
2024-04-07 12:00:00+00:00,0.5972,0.5973,0.5953,0.5959,6853065.0
2024-04-07 13:00:00+00:00,0.5959,0.6028,0.5956,0.5995,18668156.0
2024-04-07 14:00:00+00:00,0.5995,0.6021,0.5978,0.6014,11435151.0
2024-04-07 15:00:00+00:00,0.6013,0.6017,0.5949,0.5965,17530015.0
2024-04-07 16:00:00+00:00,0.5964,0.6009,0.5954,0.5968,28636525.0
2024-04-07 17:00:00+00:00,0.5968,0.5969,0.595,0.5954,9275172.0
2024-04-07 18:00:00+00:00,0.5955,0.5956,0.593,0.5936,8497091.0
2024-04-07 19:00:00+00:00,0.5936,0.594,0.5894,0.591,11241132.0
2024-04-07 20:00:00+00:00,0.591,0.5942,0.5908,0.5923,7596626.0
2024-04-07 21:00:00+00:00,0.5923,0.5926,0.5906,0.5909,6793032.0
2024-04-07 22:00:00+00:00,0.5909,0.593,0.5898,0.5926,6612518.0
2024-04-07 23:00:00+00:00,0.5926,0.5952,0.5926,0.5944,5928742.0
2024-04-08 00:00:00+00:00,0.5945,0.5945,0.5903,0.5919,15218368.0
2024-04-08 01:00:00+00:00,0.5919,0.5944,0.5913,0.5933,9443766.0
2024-04-08 02:00:00+00:00,0.5932,0.5936,0.5892,0.5908,11755698.0
2024-04-08 03:00:00+00:00,0.5907,0.5922,0.5881,0.5922,9403512.0
2024-04-08 04:00:00+00:00,0.5921,0.5924,0.5895,0.5919,9009730.0
2024-04-08 05:00:00+00:00,0.5919,0.5934,0.5918,0.5922,8965642.0
2024-04-08 06:00:00+00:00,0.5922,0.5987,0.5905,0.5969,39291068.0
2024-04-08 07:00:00+00:00,0.5968,0.605,0.5968,0.6018,38044311.0
2024-04-08 08:00:00+00:00,0.6017,0.6101,0.6009,0.6081,44179084.0
2024-04-08 09:00:00+00:00,0.608,0.6119,0.6056,0.6075,32131495.0
2024-04-08 10:00:00+00:00,0.6075,0.609,0.6058,0.6082,21461759.0
2024-04-08 11:00:00+00:00,0.6081,0.6089,0.606,0.6075,14420580.0
2024-04-08 12:00:00+00:00,0.6075,0.6113,0.6064,0.6067,19345722.0
2024-04-08 13:00:00+00:00,0.6067,0.6174,0.602,0.6144,41058428.0
2024-04-08 14:00:00+00:00,0.6144,0.619,0.61,0.6146,30622880.0
2024-04-08 15:00:00+00:00,0.6146,0.618,0.6138,0.6154,18565050.0
2024-04-08 16:00:00+00:00,0.6154,0.6258,0.6146,0.6173,43120023.0
2024-04-08 17:00:00+00:00,0.6172,0.625,0.6172,0.6235,23550224.0
2024-04-08 18:00:00+00:00,0.6234,0.6265,0.6219,0.6247,19064451.0
2024-04-08 19:00:00+00:00,0.6246,0.6264,0.6217,0.6246,13663538.0
2024-04-08 20:00:00+00:00,0.6247,0.6257,0.6205,0.6213,13179141.0
2024-04-08 21:00:00+00:00,0.6212,0.623,0.6179,0.6189,13067949.0
2024-04-08 22:00:00+00:00,0.6189,0.6194,0.6164,0.6189,12065019.0
2024-04-08 23:00:00+00:00,0.6188,0.6195,0.6146,0.6147,12185053.0
2024-04-09 00:00:00+00:00,0.6146,0.6169,0.6133,0.6156,14710173.0
2024-04-09 01:00:00+00:00,0.6156,0.6166,0.6119,0.613,16300003.0
2024-04-09 02:00:00+00:00,0.6129,0.6168,0.6127,0.6161,8048695.0
2024-04-09 03:00:00+00:00,0.6161,0.6169,0.6118,0.6134,10676145.0
2024-04-09 04:00:00+00:00,0.6134,0.6163,0.6122,0.6157,9538986.0
2024-04-09 05:00:00+00:00,0.6157,0.6189,0.6155,0.6165,13129068.0
2024-04-09 06:00:00+00:00,0.6164,0.6208,0.6137,0.6172,40345755.0
2024-04-09 07:00:00+00:00,0.6172,0.6195,0.6071,0.6083,42730788.0
2024-04-09 08:00:00+00:00,0.6082,0.61,0.6012,0.6093,37190795.0
2024-04-09 09:00:00+00:00,0.6093,0.6105,0.6064,0.6075,18110206.0
2024-04-09 10:00:00+00:00,0.6074,0.6106,0.6064,0.6101,12102187.0
2024-04-09 11:00:00+00:00,0.6101,0.626,0.6099,0.6242,39490448.0
2024-04-09 12:00:00+00:00,0.6242,0.6431,0.6241,0.6303,142218054.0
2024-04-09 13:00:00+00:00,0.6303,0.6335,0.6239,0.6248,37276937.0
2024-04-09 14:00:00+00:00,0.6248,0.6322,0.611,0.6178,65279215.0
2024-04-09 15:00:00+00:00,0.6178,0.6224,0.6114,0.622,24257098.0
2024-04-09 16:00:00+00:00,0.622,0.6221,0.6138,0.6152,19825893.0
2024-04-09 17:00:00+00:00,0.6152,0.6235,0.6109,0.6216,21898067.0
2024-04-09 18:00:00+00:00,0.6215,0.6231,0.6199,0.6229,12381950.0
2024-04-09 19:00:00+00:00,0.6229,0.625,0.6204,0.6243,9883490.0
2024-04-09 20:00:00+00:00,0.6242,0.6264,0.6233,0.6264,8223547.0
2024-04-09 21:00:00+00:00,0.6263,0.6275,0.6204,0.6238,12018241.0
2024-04-09 22:00:00+00:00,0.6238,0.6242,0.6212,0.6225,10891135.0
2024-04-09 23:00:00+00:00,0.6224,0.6229,0.6104,0.6141,22058871.0
2024-04-10 00:00:00+00:00,0.614,0.6153,0.6112,0.6138,14542561.0
2024-04-10 01:00:00+00:00,0.6138,0.614,0.6054,0.6113,19632171.0
2024-04-10 02:00:00+00:00,0.6114,0.6137,0.6009,0.6026,25039763.0
2024-04-10 03:00:00+00:00,0.6026,0.6069,0.6009,0.6068,27673046.0
2024-04-10 04:00:00+00:00,0.6069,0.6088,0.6058,0.6082,11654913.0
2024-04-10 05:00:00+00:00,0.6081,0.6115,0.6081,0.6094,12891210.0
2024-04-10 06:00:00+00:00,0.6095,0.6154,0.608,0.613,38928807.0
2024-04-10 07:00:00+00:00,0.6129,0.6164,0.6117,0.6147,22484424.0
2024-04-10 08:00:00+00:00,0.6147,0.6157,0.6075,0.6117,21019406.0
2024-04-10 09:00:00+00:00,0.6118,0.6162,0.6101,0.6121,17450630.0
2024-04-10 10:00:00+00:00,0.6122,0.6146,0.6051,0.6128,25187747.0
2024-04-10 11:00:00+00:00,0.6129,0.6136,0.6113,0.6123,10039612.0
2024-04-10 12:00:00+00:00,0.6124,0.6137,0.5928,0.6022,55179076.0
2024-04-10 13:00:00+00:00,0.6021,0.6037,0.5978,0.6035,26030348.0
2024-04-10 14:00:00+00:00,0.6035,0.6064,0.6013,0.6052,25367616.0
2024-04-10 15:00:00+00:00,0.6052,0.6079,0.603,0.6073,9512853.0
2024-04-10 16:00:00+00:00,0.6073,0.6162,0.604,0.6149,18962819.0
2024-04-10 17:00:00+00:00,0.615,0.617,0.6123,0.6153,13401036.0
2024-04-10 18:00:00+00:00,0.6153,0.62,0.613,0.6183,13866250.0
2024-04-10 19:00:00+00:00,0.6183,0.6195,0.6154,0.6187,8577486.0
2024-04-10 20:00:00+00:00,0.6188,0.6192,0.6145,0.6145,7195079.0
2024-04-10 21:00:00+00:00,0.6145,0.6168,0.6127,0.6162,6720026.0
2024-04-10 22:00:00+00:00,0.6163,0.6204,0.6162,0.6172,11733123.0
2024-04-10 23:00:00+00:00,0.6173,0.6194,0.6167,0.6172,6605734.0
2024-04-11 00:00:00+00:00,0.6171,0.6208,0.6148,0.6197,11679867.0
2024-04-11 01:00:00+00:00,0.6196,0.62,0.6168,0.6182,11271999.0
2024-04-11 02:00:00+00:00,0.6183,0.62,0.6173,0.6183,12281845.0
2024-04-11 03:00:00+00:00,0.6183,0.6211,0.6165,0.62,9581887.0
2024-04-11 04:00:00+00:00,0.62,0.6202,0.6162,0.6182,9438289.0
2024-04-11 05:00:00+00:00,0.6182,0.6198,0.6169,0.6172,9333816.0
2024-04-11 06:00:00+00:00,0.6173,0.6175,0.6143,0.6166,19146877.0
2024-04-11 07:00:00+00:00,0.6166,0.6213,0.6161,0.6189,15449021.0
2024-04-11 08:00:00+00:00,0.6189,0.6214,0.616,0.6188,23741425.0
2024-04-11 09:00:00+00:00,0.6189,0.6195,0.6158,0.6161,10656288.0
2024-04-11 10:00:00+00:00,0.616,0.6169,0.6133,0.614,14257891.0
2024-04-11 11:00:00+00:00,0.6139,0.6142,0.6075,0.6091,18329692.0
2024-04-11 12:00:00+00:00,0.6091,0.615,0.6087,0.6141,17527183.0
2024-04-11 13:00:00+00:00,0.614,0.6155,0.6067,0.6105,22107608.0
2024-04-11 14:00:00+00:00,0.6105,0.6106,0.6054,0.6059,16534110.0
2024-04-11 15:00:00+00:00,0.606,0.6087,0.6058,0.6081,12250506.0
2024-04-11 16:00:00+00:00,0.6082,0.6095,0.6029,0.6086,25350264.0
2024-04-11 17:00:00+00:00,0.6085,0.6121,0.6082,0.6114,12864866.0
2024-04-11 18:00:00+00:00,0.6113,0.6122,0.6081,0.6104,8179792.0
2024-04-11 19:00:00+00:00,0.6104,0.6125,0.6092,0.6123,5812533.0
2024-04-11 20:00:00+00:00,0.6123,0.6141,0.6112,0.6133,8465362.0
2024-04-11 21:00:00+00:00,0.6132,0.6136,0.6092,0.6098,8336346.0
2024-04-11 22:00:00+00:00,0.6099,0.6108,0.6067,0.6082,9063665.0
2024-04-11 23:00:00+00:00,0.6082,0.609,0.607,0.6086,4653680.0
2024-04-12 00:00:00+00:00,0.6085,0.609,0.607,0.6078,14885714.0
2024-04-12 01:00:00+00:00,0.6077,0.6086,0.6065,0.6073,11536374.0
2024-04-12 02:00:00+00:00,0.6072,0.6104,0.6069,0.6095,7420903.0
2024-04-12 03:00:00+00:00,0.6095,0.612,0.6093,0.6119,7941749.0
2024-04-12 04:00:00+00:00,0.6119,0.6141,0.6108,0.6132,9834214.0
2024-04-12 05:00:00+00:00,0.6131,0.6138,0.6091,0.6107,16395469.0
2024-04-12 06:00:00+00:00,0.6107,0.6135,0.6091,0.6113,26749987.0
2024-04-12 07:00:00+00:00,0.6113,0.6159,0.6092,0.6102,23906436.0
2024-04-12 08:00:00+00:00,0.6102,0.612,0.6096,0.6116,8871053.0
2024-04-12 09:00:00+00:00,0.6116,0.6124,0.6075,0.6106,19788058.0
2024-04-12 10:00:00+00:00,0.6105,0.6107,0.6065,0.6084,16106248.0
2024-04-12 11:00:00+00:00,0.6083,0.6095,0.6079,0.6082,9695321.0
2024-04-12 12:00:00+00:00,0.6081,0.6083,0.602,0.6031,19508036.0
2024-04-12 13:00:00+00:00,0.6031,0.6031,0.5915,0.596,39254174.0
2024-04-12 14:00:00+00:00,0.5961,0.5973,0.5921,0.5944,22234421.0
2024-04-12 15:00:00+00:00,0.5944,0.5962,0.5928,0.5934,17043265.0
2024-04-12 16:00:00+00:00,0.5933,0.597,0.5867,0.5941,29984479.0
2024-04-12 17:00:00+00:00,0.5941,0.5955,0.5635,0.5744,94090596.0
2024-04-12 18:00:00+00:00,0.5744,0.5765,0.5068,0.5283,201713243.0
2024-04-12 19:00:00+00:00,0.5284,0.5385,0.5236,0.5364,148239545.0
2024-04-12 20:00:00+00:00,0.5363,0.5462,0.5339,0.5438,61708843.0
2024-04-12 21:00:00+00:00,0.5437,0.5489,0.5392,0.5452,44098535.0
2024-04-12 22:00:00+00:00,0.5451,0.5476,0.5412,0.545,29231295.0
2024-04-12 23:00:00+00:00,0.545,0.5488,0.5414,0.5468,22986372.0
2024-04-13 00:00:00+00:00,0.5468,0.5476,0.5442,0.5467,23315272.0
2024-04-13 01:00:00+00:00,0.5468,0.5471,0.5285,0.5305,38537507.0
2024-04-13 02:00:00+00:00,0.5304,0.5409,0.5303,0.5397,24237287.0
2024-04-13 03:00:00+00:00,0.5397,0.5442,0.5373,0.543,20402139.0
2024-04-13 04:00:00+00:00,0.543,0.5491,0.5413,0.5475,20864659.0
2024-04-13 05:00:00+00:00,0.5475,0.5482,0.5438,0.544,16525485.0
2024-04-13 06:00:00+00:00,0.544,0.5468,0.5433,0.5464,10414646.0
2024-04-13 07:00:00+00:00,0.5465,0.5471,0.5417,0.5424,15604268.0
2024-04-13 08:00:00+00:00,0.5425,0.5433,0.5393,0.54,16207203.0
2024-04-13 09:00:00+00:00,0.5399,0.5415,0.5386,0.5403,14620618.0
2024-04-13 10:00:00+00:00,0.5403,0.5435,0.5393,0.5429,11541131.0
2024-04-13 11:00:00+00:00,0.5429,0.546,0.542,0.5423,13482178.0
2024-04-13 12:00:00+00:00,0.5423,0.5478,0.5406,0.5452,19344824.0
2024-04-13 13:00:00+00:00,0.5452,0.5481,0.5436,0.5445,15227988.0
2024-04-13 14:00:00+00:00,0.5445,0.5465,0.5411,0.5431,12209409.0
2024-04-13 15:00:00+00:00,0.5431,0.5472,0.5413,0.5429,13299720.0
2024-04-13 16:00:00+00:00,0.543,0.5435,0.5312,0.5327,45507520.0
2024-04-13 17:00:00+00:00,0.5327,0.5329,0.5124,0.5199,95281059.0
2024-04-13 18:00:00+00:00,0.5199,0.5302,0.5143,0.5297,54754076.0
2024-04-13 19:00:00+00:00,0.5297,0.5303,0.4724,0.4918,100202422.0
2024-04-13 20:00:00+00:00,0.4918,0.4971,0.4188,0.4313,370554283.0
2024-04-13 21:00:00+00:00,0.4314,0.4629,0.4314,0.4609,116241492.0
2024-04-13 22:00:00+00:00,0.4609,0.4797,0.4541,0.4756,80927431.0
2024-04-13 23:00:00+00:00,0.4755,0.4821,0.4748,0.4788,50122567.0
2024-04-14 00:00:00+00:00,0.4788,0.4835,0.4649,0.474,64372988.0
2024-04-14 01:00:00+00:00,0.474,0.48,0.4658,0.4789,50281960.0
2024-04-14 02:00:00+00:00,0.4789,0.4798,0.4692,0.4729,42812637.0
2024-04-14 03:00:00+00:00,0.4728,0.4735,0.4637,0.4698,57569405.0
2024-04-14 04:00:00+00:00,0.4698,0.4835,0.4677,0.4824,39406771.0
2024-04-14 05:00:00+00:00,0.4824,0.4947,0.4814,0.4917,39532462.0
2024-04-14 06:00:00+00:00,0.4917,0.4991,0.4881,0.4961,36053097.0
2024-04-14 07:00:00+00:00,0.496,0.498,0.4926,0.4955,29707513.0
2024-04-14 08:00:00+00:00,0.4956,0.4999,0.4925,0.4936,23248538.0
2024-04-14 09:00:00+00:00,0.4937,0.4969,0.4864,0.4886,33507657.0
2024-04-14 10:00:00+00:00,0.4886,0.493,0.4876,0.4911,19199464.0
2024-04-14 11:00:00+00:00,0.4912,0.4926,0.48,0.4826,24675322.0
2024-04-14 12:00:00+00:00,0.4825,0.4932,0.4814,0.489,21558310.0
2024-04-14 13:00:00+00:00,0.4889,0.4925,0.4827,0.4846,30147590.0
2024-04-14 14:00:00+00:00,0.4846,0.4887,0.4793,0.4833,38423126.0
2024-04-14 15:00:00+00:00,0.4832,0.4894,0.4824,0.4868,25789006.0
2024-04-14 16:00:00+00:00,0.4867,0.4957,0.4856,0.4912,24481392.0
2024-04-14 17:00:00+00:00,0.4912,0.4958,0.4732,0.4851,73521717.0
2024-04-14 18:00:00+00:00,0.4851,0.4936,0.4837,0.4922,26378335.0
2024-04-14 19:00:00+00:00,0.4922,0.494,0.4878,0.49,16379192.0
2024-04-14 20:00:00+00:00,0.49,0.4928,0.4844,0.4863,21814810.0
2024-04-14 21:00:00+00:00,0.4863,0.4887,0.4848,0.4878,12352313.0
2024-04-14 22:00:00+00:00,0.4877,0.5062,0.4876,0.5047,41622593.0
2024-04-14 23:00:00+00:00,0.5047,0.5073,0.5015,0.5033,27904980.0
2024-04-15 00:00:00+00:00,0.5034,0.5046,0.4969,0.4984,27819990.0
2024-04-15 01:00:00+00:00,0.4983,0.5022,0.4938,0.5011,21823348.0
2024-04-15 02:00:00+00:00,0.5011,0.5011,0.4944,0.4962,16430688.0
2024-04-15 03:00:00+00:00,0.4961,0.5,0.495,0.4985,12815444.0
2024-04-15 04:00:00+00:00,0.4985,0.4994,0.4944,0.4983,15760150.0
2024-04-15 05:00:00+00:00,0.4983,0.5044,0.4983,0.5039,18255684.0
2024-04-15 06:00:00+00:00,0.5038,0.5184,0.5023,0.5147,57569127.0
2024-04-15 07:00:00+00:00,0.5147,0.5185,0.5116,0.5137,34068883.0
2024-04-15 08:00:00+00:00,0.5136,0.5188,0.5109,0.5142,36313615.0
2024-04-15 09:00:00+00:00,0.5142,0.5174,0.5116,0.5155,25709554.0
2024-04-15 10:00:00+00:00,0.5155,0.5187,0.5144,0.5177,14804702.0
2024-04-15 11:00:00+00:00,0.5177,0.5189,0.5111,0.5114,21241215.0
2024-04-15 12:00:00+00:00,0.5114,0.5134,0.5091,0.5123,18464700.0
2024-04-15 13:00:00+00:00,0.5123,0.5144,0.5061,0.5072,21983024.0
2024-04-15 14:00:00+00:00,0.5072,0.5097,0.4934,0.4939,51030164.0
2024-04-15 15:00:00+00:00,0.494,0.4986,0.4883,0.497,44846509.0
2024-04-15 16:00:00+00:00,0.497,0.4999,0.4899,0.4935,38067794.0
2024-04-15 17:00:00+00:00,0.4935,0.4995,0.4872,0.4939,43686803.0
2024-04-15 18:00:00+00:00,0.4938,0.4966,0.4873,0.4882,43355927.0
2024-04-15 19:00:00+00:00,0.4882,0.5003,0.4811,0.4976,48215971.0
2024-04-15 20:00:00+00:00,0.4976,0.5002,0.4907,0.4927,20989609.0
2024-04-15 21:00:00+00:00,0.4926,0.4958,0.4891,0.4947,20125700.0
2024-04-15 22:00:00+00:00,0.4946,0.4996,0.4912,0.4992,11935207.0
2024-04-15 23:00:00+00:00,0.4991,0.4991,0.495,0.4977,15476900.0
2024-04-16 00:00:00+00:00,0.4977,0.4982,0.4871,0.4927,27525524.0
2024-04-16 01:00:00+00:00,0.4926,0.4975,0.4898,0.4913,16465548.0
2024-04-16 02:00:00+00:00,0.4912,0.4945,0.4871,0.4942,15502444.0
2024-04-16 03:00:00+00:00,0.4942,0.4958,0.4859,0.4891,19736292.0
2024-04-16 04:00:00+00:00,0.4891,0.49,0.4754,0.4829,36618711.0
2024-04-16 05:00:00+00:00,0.4829,0.4898,0.4811,0.4881,15802802.0
2024-04-16 06:00:00+00:00,0.4881,0.4955,0.4873,0.494,16159923.0
2024-04-16 07:00:00+00:00,0.494,0.5021,0.4936,0.4986,22509113.0
2024-04-16 08:00:00+00:00,0.4986,0.4995,0.4949,0.4971,29261760.0
2024-04-16 09:00:00+00:00,0.497,0.499,0.4923,0.493,32895153.0
2024-04-16 10:00:00+00:00,0.493,0.4941,0.4782,0.4886,51692091.0
2024-04-16 11:00:00+00:00,0.4885,0.4933,0.4864,0.4912,24086277.0
2024-04-16 12:00:00+00:00,0.4912,0.4925,0.4873,0.4888,17416751.0
2024-04-16 13:00:00+00:00,0.4887,0.4903,0.481,0.4865,28839795.0
2024-04-16 14:00:00+00:00,0.4865,0.4902,0.4823,0.485,22208805.0
2024-04-16 15:00:00+00:00,0.485,0.4899,0.4829,0.4881,27774141.0
2024-04-16 16:00:00+00:00,0.4881,0.4939,0.487,0.4933,29065313.0
2024-04-16 17:00:00+00:00,0.4933,0.4975,0.4917,0.4947,18419358.0
2024-04-16 18:00:00+00:00,0.4946,0.4974,0.4897,0.4945,36197567.0
2024-04-16 19:00:00+00:00,0.4945,0.495,0.4897,0.4916,11533150.0
2024-04-16 20:00:00+00:00,0.4915,0.4954,0.4906,0.4952,9337311.0
2024-04-16 21:00:00+00:00,0.4952,0.4987,0.4945,0.4961,12180784.0
2024-04-16 22:00:00+00:00,0.4961,0.4977,0.4954,0.4969,8330210.0
2024-04-16 23:00:00+00:00,0.4969,0.498,0.4956,0.4965,5545115.0
2024-04-17 00:00:00+00:00,0.4965,0.4977,0.4939,0.496,13758846.0
2024-04-17 01:00:00+00:00,0.496,0.496,0.4922,0.4954,15490227.0
2024-04-17 02:00:00+00:00,0.4954,0.4967,0.4933,0.4963,9297237.0
2024-04-17 03:00:00+00:00,0.4963,0.4979,0.496,0.4977,11786610.0
2024-04-17 04:00:00+00:00,0.4977,0.5001,0.4955,0.4997,12077393.0
2024-04-17 05:00:00+00:00,0.4996,0.501,0.4973,0.4987,9449176.0
2024-04-17 06:00:00+00:00,0.4986,0.5003,0.4954,0.5002,22115770.0
2024-04-17 07:00:00+00:00,0.5003,0.5081,0.4972,0.5043,29297172.0
2024-04-17 08:00:00+00:00,0.5043,0.5055,0.4957,0.4974,24084267.0
2024-04-17 09:00:00+00:00,0.4975,0.5012,0.495,0.4959,23605455.0
2024-04-17 10:00:00+00:00,0.496,0.496,0.4908,0.4911,21975868.0
2024-04-17 11:00:00+00:00,0.4911,0.4936,0.4872,0.4875,20757171.0
2024-04-17 12:00:00+00:00,0.4875,0.4897,0.483,0.4875,26263594.0
2024-04-17 13:00:00+00:00,0.4875,0.4935,0.4874,0.4918,18885536.0
2024-04-17 14:00:00+00:00,0.4918,0.4919,0.4787,0.4863,45668023.0
2024-04-17 15:00:00+00:00,0.4863,0.4881,0.4733,0.478,50353986.0
2024-04-17 16:00:00+00:00,0.478,0.4854,0.4715,0.4827,41895875.0
2024-04-17 17:00:00+00:00,0.4827,0.4924,0.4824,0.491,17148859.0
2024-04-17 18:00:00+00:00,0.491,0.5022,0.4903,0.4994,33152924.0
2024-04-17 19:00:00+00:00,0.4993,0.5007,0.4953,0.4991,10605546.0
2024-04-17 20:00:00+00:00,0.499,0.4993,0.4904,0.4905,14278664.0
2024-04-17 21:00:00+00:00,0.4905,0.4983,0.4905,0.4959,9293388.0
2024-04-17 22:00:00+00:00,0.4959,0.4973,0.4938,0.4971,6634594.0
2024-04-17 23:00:00+00:00,0.4971,0.499,0.4934,0.4951,8202409.0
2024-04-18 00:00:00+00:00,0.4951,0.4972,0.4873,0.4937,17322613.0
2024-04-18 01:00:00+00:00,0.4938,0.4975,0.4925,0.4945,19995401.0
2024-04-18 02:00:00+00:00,0.4945,0.4969,0.4916,0.4965,17053807.0
2024-04-18 03:00:00+00:00,0.4965,0.4994,0.4963,0.4973,13263618.0
2024-04-18 04:00:00+00:00,0.4973,0.4982,0.496,0.4961,14035156.0
2024-04-18 05:00:00+00:00,0.496,0.4982,0.494,0.4944,12460758.0
2024-04-18 06:00:00+00:00,0.4943,0.4955,0.4882,0.4901,38178792.0
2024-04-18 07:00:00+00:00,0.4901,0.4926,0.4877,0.49,20754663.0
2024-04-18 08:00:00+00:00,0.4901,0.4924,0.4856,0.4896,20871061.0
2024-04-18 09:00:00+00:00,0.4896,0.4922,0.4874,0.4903,16003492.0
2024-04-18 10:00:00+00:00,0.4903,0.4914,0.4864,0.4904,20699719.0
2024-04-18 11:00:00+00:00,0.4904,0.4987,0.4903,0.4954,19840226.0
2024-04-18 12:00:00+00:00,0.4953,0.4962,0.4879,0.4919,22130518.0
2024-04-18 13:00:00+00:00,0.4919,0.4962,0.4903,0.4959,18647166.0
2024-04-18 14:00:00+00:00,0.4959,0.5021,0.4939,0.5013,28729988.0
2024-04-18 15:00:00+00:00,0.5013,0.5057,0.4997,0.5005,25576040.0
2024-04-18 16:00:00+00:00,0.5004,0.503,0.4987,0.4997,19783994.0
2024-04-18 17:00:00+00:00,0.4998,0.5028,0.4963,0.4968,18086979.0
2024-04-18 18:00:00+00:00,0.4968,0.5011,0.494,0.4998,9894096.0
2024-04-18 19:00:00+00:00,0.4998,0.5035,0.4994,0.5028,6773433.0
2024-04-18 20:00:00+00:00,0.5028,0.5039,0.5006,0.5017,10498654.0
2024-04-18 21:00:00+00:00,0.5018,0.503,0.501,0.5021,4849973.0
2024-04-18 22:00:00+00:00,0.502,0.5039,0.5006,0.5029,8334923.0
2024-04-18 23:00:00+00:00,0.5029,0.5038,0.5017,0.5025,5070519.0
2024-04-19 00:00:00+00:00,0.5026,0.5026,0.4957,0.496,20135628.0
2024-04-19 01:00:00+00:00,0.496,0.4963,0.477,0.4799,61382068.0
2024-04-19 02:00:00+00:00,0.4799,0.4818,0.4665,0.4783,74862684.0
2024-04-19 03:00:00+00:00,0.4782,0.4879,0.4772,0.4848,38781419.0
2024-04-19 04:00:00+00:00,0.4847,0.4924,0.4843,0.4899,20637136.0
2024-04-19 05:00:00+00:00,0.4898,0.4913,0.4847,0.487,20711176.0
2024-04-19 06:00:00+00:00,0.487,0.5019,0.4828,0.4994,60062446.0
2024-04-19 07:00:00+00:00,0.4993,0.5039,0.4937,0.4952,40857504.0
2024-04-19 08:00:00+00:00,0.4952,0.5019,0.4944,0.501,29640464.0
2024-04-19 09:00:00+00:00,0.5009,0.5022,0.4974,0.4984,26239132.0
2024-04-19 10:00:00+00:00,0.4984,0.501,0.4969,0.5003,19867787.0
2024-04-19 11:00:00+00:00,0.5003,0.5031,0.4993,0.5016,18944811.0
2024-04-19 12:00:00+00:00,0.5015,0.5028,0.4991,0.4994,20629035.0
2024-04-19 13:00:00+00:00,0.4993,0.5019,0.4972,0.4998,19934724.0
2024-04-19 14:00:00+00:00,0.4998,0.5006,0.4931,0.4978,23011268.0
2024-04-19 15:00:00+00:00,0.4977,0.5037,0.4973,0.5033,28367161.0
2024-04-19 16:00:00+00:00,0.5032,0.5049,0.4973,0.5014,24574352.0
2024-04-19 17:00:00+00:00,0.5013,0.5048,0.4999,0.5037,14098386.0
2024-04-19 18:00:00+00:00,0.5037,0.505,0.5019,0.5043,11372462.0
2024-04-19 19:00:00+00:00,0.5043,0.5075,0.5034,0.5067,13565241.0
2024-04-19 20:00:00+00:00,0.5066,0.5069,0.5018,0.5036,12677550.0
2024-04-19 21:00:00+00:00,0.5037,0.508,0.5035,0.5079,9278318.0
2024-04-19 22:00:00+00:00,0.5078,0.5108,0.5055,0.5057,15187906.0
2024-04-19 23:00:00+00:00,0.5057,0.5058,0.4963,0.503,24424391.0
2024-04-20 00:00:00+00:00,0.503,0.5049,0.4999,0.5007,19608544.0
2024-04-20 01:00:00+00:00,0.5006,0.5064,0.4981,0.5057,12959523.0
2024-04-20 02:00:00+00:00,0.5056,0.5076,0.5039,0.506,12530535.0
2024-04-20 03:00:00+00:00,0.506,0.515,0.5053,0.5118,18373864.0
2024-04-20 04:00:00+00:00,0.5118,0.5139,0.5101,0.5117,15775488.0
2024-04-20 05:00:00+00:00,0.5117,0.5133,0.5105,0.5123,10070587.0
2024-04-20 06:00:00+00:00,0.5122,0.5156,0.5113,0.5141,10400014.0
2024-04-20 07:00:00+00:00,0.5141,0.5162,0.5133,0.5141,10604235.0
2024-04-20 08:00:00+00:00,0.5141,0.5163,0.5123,0.5162,7380519.0
2024-04-20 09:00:00+00:00,0.5162,0.5259,0.514,0.5191,38117216.0
2024-04-20 10:00:00+00:00,0.5191,0.5227,0.5157,0.5212,23468887.0
2024-04-20 11:00:00+00:00,0.5211,0.5239,0.5187,0.5199,15770398.0
2024-04-20 12:00:00+00:00,0.5199,0.5216,0.516,0.5167,14950228.0
2024-04-20 13:00:00+00:00,0.5167,0.5178,0.5157,0.5168,8660596.0
2024-04-20 14:00:00+00:00,0.5167,0.5178,0.5152,0.5164,6131483.0
2024-04-20 15:00:00+00:00,0.5164,0.5219,0.5157,0.5212,13056871.0
2024-04-20 16:00:00+00:00,0.5212,0.5235,0.5196,0.5201,13179751.0
2024-04-20 17:00:00+00:00,0.5201,0.5298,0.5201,0.5279,19861584.0
2024-04-20 18:00:00+00:00,0.528,0.53,0.5245,0.5253,15719235.0
2024-04-20 19:00:00+00:00,0.5253,0.5276,0.5231,0.5271,9573302.0
2024-04-20 20:00:00+00:00,0.5271,0.5295,0.5255,0.5286,7199033.0
2024-04-20 21:00:00+00:00,0.5286,0.5297,0.5277,0.5284,6452940.0
2024-04-20 22:00:00+00:00,0.5284,0.5288,0.5263,0.5263,7645710.0
2024-04-20 23:00:00+00:00,0.5264,0.5298,0.5263,0.5288,5661726.0
2024-04-21 00:00:00+00:00,0.5288,0.5289,0.5216,0.5227,11816119.0
2024-04-21 01:00:00+00:00,0.5228,0.5266,0.5227,0.5259,7564620.0
2024-04-21 02:00:00+00:00,0.5259,0.53,0.5249,0.5291,8917147.0
2024-04-21 03:00:00+00:00,0.5292,0.53,0.5256,0.5267,10588185.0
2024-04-21 04:00:00+00:00,0.5267,0.5281,0.5254,0.5275,7161792.0
2024-04-21 05:00:00+00:00,0.5275,0.5295,0.5274,0.5286,4570965.0
2024-04-21 06:00:00+00:00,0.5286,0.5336,0.5276,0.5307,8577649.0
2024-04-21 07:00:00+00:00,0.5307,0.5355,0.5301,0.5338,10630272.0
2024-04-21 08:00:00+00:00,0.5338,0.5367,0.5313,0.5319,11979726.0
2024-04-21 09:00:00+00:00,0.5319,0.5337,0.5302,0.5313,8029880.0
2024-04-21 10:00:00+00:00,0.5312,0.5318,0.5277,0.5314,8122133.0
2024-04-21 11:00:00+00:00,0.5313,0.5337,0.5292,0.5303,9048666.0
2024-04-21 12:00:00+00:00,0.5303,0.531,0.5267,0.528,8047780.0
2024-04-21 13:00:00+00:00,0.5278,0.5292,0.5233,0.5248,12689294.0
2024-04-21 14:00:00+00:00,0.5247,0.5266,0.5232,0.5244,7270023.0
2024-04-21 15:00:00+00:00,0.5244,0.5288,0.5242,0.5276,6552485.0
2024-04-21 16:00:00+00:00,0.5275,0.528,0.5183,0.5221,21366872.0
2024-04-21 17:00:00+00:00,0.5222,0.5249,0.5197,0.5242,8373687.0
2024-04-21 18:00:00+00:00,0.5242,0.5244,0.5212,0.5238,5951590.0
2024-04-21 19:00:00+00:00,0.5238,0.5253,0.5227,0.523,4308011.0
2024-04-21 20:00:00+00:00,0.523,0.5275,0.5214,0.5261,7227029.0
2024-04-21 21:00:00+00:00,0.5262,0.5295,0.5254,0.5261,6931080.0
2024-04-21 22:00:00+00:00,0.526,0.5282,0.5249,0.5258,8158984.0
2024-04-21 23:00:00+00:00,0.5258,0.5262,0.5238,0.5246,5497377.0
2024-04-22 00:00:00+00:00,0.5246,0.5277,0.5221,0.5247,12056182.0
2024-04-22 01:00:00+00:00,0.5247,0.5297,0.523,0.5241,16462571.0
2024-04-22 02:00:00+00:00,0.5241,0.5285,0.5227,0.5279,11224107.0
2024-04-22 03:00:00+00:00,0.5279,0.5363,0.5271,0.5333,14006573.0
2024-04-22 04:00:00+00:00,0.5332,0.54,0.5325,0.5362,16877599.0
2024-04-22 05:00:00+00:00,0.5362,0.5384,0.5343,0.5355,20031961.0
2024-04-22 06:00:00+00:00,0.5355,0.538,0.5351,0.5368,35158479.0
2024-04-22 07:00:00+00:00,0.5368,0.5397,0.5318,0.5321,24009823.0
2024-04-22 08:00:00+00:00,0.5321,0.5357,0.5313,0.5316,21256922.0
2024-04-22 09:00:00+00:00,0.5315,0.5339,0.5304,0.5324,12743302.0
2024-04-22 10:00:00+00:00,0.5324,0.5343,0.5317,0.533,9898644.0
2024-04-22 11:00:00+00:00,0.533,0.5337,0.531,0.533,9338745.0
2024-04-22 12:00:00+00:00,0.533,0.5351,0.5324,0.5344,9605098.0
2024-04-22 13:00:00+00:00,0.5344,0.5369,0.5311,0.5346,14250684.0
2024-04-22 14:00:00+00:00,0.5345,0.5364,0.5327,0.535,13432142.0
2024-04-22 15:00:00+00:00,0.535,0.5436,0.531,0.5388,32546608.0
2024-04-22 16:00:00+00:00,0.5388,0.55,0.5384,0.5488,30895562.0
2024-04-22 17:00:00+00:00,0.5488,0.5493,0.5434,0.5438,21086088.0
2024-04-22 18:00:00+00:00,0.5438,0.548,0.5429,0.5479,15547073.0
2024-04-22 19:00:00+00:00,0.5478,0.5536,0.5458,0.5515,24150881.0
2024-04-22 20:00:00+00:00,0.5515,0.5715,0.5514,0.5632,59938924.0
2024-04-22 21:00:00+00:00,0.5632,0.5638,0.5571,0.559,27496516.0
2024-04-22 22:00:00+00:00,0.5589,0.5614,0.5575,0.5587,12398595.0
2024-04-22 23:00:00+00:00,0.5586,0.5603,0.5539,0.556,16800139.0
2024-04-23 00:00:00+00:00,0.556,0.5576,0.5548,0.5561,10776923.0
2024-04-23 01:00:00+00:00,0.5561,0.5565,0.5546,0.5551,10384780.0
2024-04-23 02:00:00+00:00,0.5551,0.556,0.5495,0.55,12094105.0
2024-04-23 03:00:00+00:00,0.55,0.5525,0.547,0.5489,13567645.0
2024-04-23 04:00:00+00:00,0.5489,0.5499,0.5451,0.5473,12169546.0
2024-04-23 05:00:00+00:00,0.5472,0.5515,0.5466,0.5511,15159860.0
2024-04-23 06:00:00+00:00,0.5511,0.5517,0.5478,0.55,28511983.0
2024-04-23 07:00:00+00:00,0.55,0.5515,0.5469,0.5492,18785762.0
2024-04-23 08:00:00+00:00,0.5492,0.551,0.546,0.5467,25523211.0
2024-04-23 09:00:00+00:00,0.5467,0.5494,0.5423,0.5443,26405003.0
2024-04-23 10:00:00+00:00,0.5443,0.5468,0.5433,0.5461,12756815.0
2024-04-23 11:00:00+00:00,0.546,0.5466,0.5415,0.5438,24672157.0
2024-04-23 12:00:00+00:00,0.5437,0.5448,0.542,0.5445,13922109.0
2024-04-23 13:00:00+00:00,0.5445,0.5462,0.5429,0.5451,20115158.0
2024-04-23 14:00:00+00:00,0.5451,0.5496,0.5445,0.5484,23398145.0
2024-04-23 15:00:00+00:00,0.5484,0.5496,0.5459,0.5469,17411981.0
2024-04-23 16:00:00+00:00,0.5469,0.5525,0.5461,0.5507,17157784.0
2024-04-23 17:00:00+00:00,0.5507,0.5537,0.5506,0.552,11963316.0
2024-04-23 18:00:00+00:00,0.552,0.5525,0.5493,0.5521,10934355.0
2024-04-23 19:00:00+00:00,0.5521,0.5551,0.55,0.5544,13442249.0
2024-04-23 20:00:00+00:00,0.5543,0.5548,0.5483,0.5532,14023070.0
2024-04-23 21:00:00+00:00,0.5532,0.5541,0.5467,0.5505,14156983.0
2024-04-23 22:00:00+00:00,0.5505,0.5508,0.5457,0.5467,13874238.0
2024-04-23 23:00:00+00:00,0.5467,0.5468,0.5433,0.5445,14329791.0
2024-04-24 00:00:00+00:00,0.5445,0.5462,0.541,0.5443,18117545.0
2024-04-24 01:00:00+00:00,0.5443,0.5464,0.5438,0.5449,17843127.0
2024-04-24 02:00:00+00:00,0.545,0.5462,0.5407,0.5448,14846869.0
2024-04-24 03:00:00+00:00,0.5448,0.548,0.5445,0.5466,8221296.0
2024-04-24 04:00:00+00:00,0.5465,0.5515,0.5461,0.5505,11459670.0
2024-04-24 05:00:00+00:00,0.5505,0.5516,0.548,0.5493,15619652.0
2024-04-24 06:00:00+00:00,0.5493,0.5497,0.5453,0.5474,30953490.0
2024-04-24 07:00:00+00:00,0.5474,0.551,0.5468,0.5494,16190185.0
2024-04-24 08:00:00+00:00,0.5494,0.5519,0.5469,0.547,16548504.0
2024-04-24 09:00:00+00:00,0.547,0.5476,0.5428,0.5446,20805070.0
2024-04-24 10:00:00+00:00,0.5446,0.5463,0.5424,0.5459,11965973.0
2024-04-24 11:00:00+00:00,0.546,0.5473,0.5433,0.5444,15179083.0
2024-04-24 12:00:00+00:00,0.5443,0.546,0.5421,0.5428,15471249.0
2024-04-24 13:00:00+00:00,0.5428,0.5429,0.5355,0.5367,23824525.0
2024-04-24 14:00:00+00:00,0.5367,0.5389,0.5255,0.5309,50153744.0
2024-04-24 15:00:00+00:00,0.531,0.5312,0.5245,0.5263,29486044.0
2024-04-24 16:00:00+00:00,0.5263,0.5318,0.5254,0.5317,23078249.0
2024-04-24 17:00:00+00:00,0.5317,0.5351,0.5317,0.5345,15057465.0
2024-04-24 18:00:00+00:00,0.5345,0.5362,0.5311,0.5342,9226207.0
2024-04-24 19:00:00+00:00,0.5342,0.538,0.5293,0.5373,16625406.0
2024-04-24 20:00:00+00:00,0.5373,0.5379,0.5307,0.5325,12886445.0
2024-04-24 21:00:00+00:00,0.5326,0.5334,0.5294,0.5319,10719149.0
2024-04-24 22:00:00+00:00,0.532,0.5322,0.5234,0.5258,13609131.0
2024-04-24 23:00:00+00:00,0.5257,0.5278,0.5212,0.5275,19862304.0
2024-04-25 00:00:00+00:00,0.5276,0.5307,0.5268,0.5292,11582383.0
2024-04-25 01:00:00+00:00,0.5291,0.5307,0.5232,0.5235,15864237.0
2024-04-25 02:00:00+00:00,0.5234,0.5275,0.5194,0.5273,17525631.0
2024-04-25 03:00:00+00:00,0.5273,0.5288,0.5243,0.5258,12818228.0
2024-04-25 04:00:00+00:00,0.5258,0.5278,0.5187,0.5273,17113901.0
2024-04-25 05:00:00+00:00,0.5273,0.529,0.5255,0.5274,8600156.0
2024-04-25 06:00:00+00:00,0.5274,0.5295,0.5258,0.5264,22399111.0
2024-04-25 07:00:00+00:00,0.5263,0.5268,0.5207,0.5225,20878893.0
2024-04-25 08:00:00+00:00,0.5225,0.527,0.5219,0.5248,32324008.0
2024-04-25 09:00:00+00:00,0.5248,0.527,0.5222,0.5239,16073175.0
2024-04-25 10:00:00+00:00,0.5238,0.5238,0.5157,0.5171,25490379.0
2024-04-25 11:00:00+00:00,0.5171,0.5208,0.5165,0.519,13404668.0
2024-04-25 12:00:00+00:00,0.519,0.5229,0.5137,0.5164,20057461.0
2024-04-25 13:00:00+00:00,0.5164,0.5192,0.5141,0.5189,31917328.0
2024-04-25 14:00:00+00:00,0.5188,0.5231,0.5178,0.5193,16333095.0
2024-04-25 15:00:00+00:00,0.5193,0.5257,0.5187,0.5244,15386577.0
2024-04-25 16:00:00+00:00,0.5245,0.5274,0.5234,0.5267,13061069.0
2024-04-25 17:00:00+00:00,0.5267,0.5296,0.5262,0.5295,7286033.0
2024-04-25 18:00:00+00:00,0.5296,0.5313,0.5284,0.5311,5767232.0
2024-04-25 19:00:00+00:00,0.5311,0.5317,0.5291,0.5304,5839785.0
2024-04-25 20:00:00+00:00,0.5305,0.5327,0.5289,0.5304,6031221.0
2024-04-25 21:00:00+00:00,0.5304,0.5326,0.5288,0.529,8638590.0
2024-04-25 22:00:00+00:00,0.529,0.5291,0.5258,0.526,6190790.0
2024-04-25 23:00:00+00:00,0.526,0.5268,0.5243,0.5254,7516510.0
2024-04-26 00:00:00+00:00,0.5254,0.5269,0.5195,0.5228,16164435.0
2024-04-26 01:00:00+00:00,0.5227,0.5252,0.5171,0.5237,26090098.0
2024-04-26 02:00:00+00:00,0.5237,0.5283,0.5231,0.5278,13790017.0
2024-04-26 03:00:00+00:00,0.5278,0.5299,0.5264,0.5278,10981117.0
2024-04-26 04:00:00+00:00,0.5279,0.5309,0.5268,0.5284,13127917.0
2024-04-26 05:00:00+00:00,0.5284,0.5361,0.5284,0.5345,13647879.0
2024-04-26 06:00:00+00:00,0.5344,0.5349,0.5293,0.5298,31165621.0
2024-04-26 07:00:00+00:00,0.5297,0.5321,0.525,0.5258,22430043.0
2024-04-26 08:00:00+00:00,0.5258,0.5272,0.523,0.5252,26417164.0
2024-04-26 09:00:00+00:00,0.5252,0.5267,0.5233,0.5243,15832355.0
2024-04-26 10:00:00+00:00,0.5243,0.5253,0.5208,0.5223,13806231.0
2024-04-26 11:00:00+00:00,0.5222,0.5233,0.5211,0.5228,10098913.0
2024-04-26 12:00:00+00:00,0.5227,0.5257,0.52,0.5218,18073562.0
2024-04-26 13:00:00+00:00,0.5218,0.5252,0.5172,0.524,17824903.0
2024-04-26 14:00:00+00:00,0.524,0.5263,0.5196,0.5202,17150897.0
2024-04-26 15:00:00+00:00,0.5203,0.5227,0.5143,0.5205,21330476.0
2024-04-26 16:00:00+00:00,0.5206,0.5237,0.5193,0.5227,10521951.0
2024-04-26 17:00:00+00:00,0.5226,0.5249,0.5221,0.5243,8964563.0
2024-04-26 18:00:00+00:00,0.5243,0.5256,0.5234,0.5256,6146466.0
2024-04-26 19:00:00+00:00,0.5256,0.5282,0.525,0.5266,8861329.0
2024-04-26 20:00:00+00:00,0.5266,0.5293,0.5266,0.5281,7315743.0
2024-04-26 21:00:00+00:00,0.528,0.53,0.526,0.5284,9522691.0
2024-04-26 22:00:00+00:00,0.5284,0.5286,0.5226,0.5241,8108823.0
2024-04-26 23:00:00+00:00,0.524,0.5266,0.5238,0.5261,6712616.0
2024-04-27 00:00:00+00:00,0.5261,0.5265,0.5178,0.5209,14053951.0
2024-04-27 01:00:00+00:00,0.5209,0.5209,0.508,0.5152,38847350.0
2024-04-27 02:00:00+00:00,0.5151,0.5204,0.5139,0.5189,11654601.0
2024-04-27 03:00:00+00:00,0.5188,0.5204,0.5179,0.5188,11957310.0
2024-04-27 04:00:00+00:00,0.5188,0.5204,0.5185,0.5185,4519382.0
2024-04-27 05:00:00+00:00,0.5185,0.5189,0.5162,0.5176,4713522.0
2024-04-27 06:00:00+00:00,0.5177,0.5193,0.5156,0.5166,6965734.0
2024-04-27 07:00:00+00:00,0.5166,0.5179,0.5144,0.5146,4792396.0
2024-04-27 08:00:00+00:00,0.5146,0.5155,0.5134,0.5152,8142324.0
2024-04-27 09:00:00+00:00,0.5152,0.5157,0.5127,0.5151,5729185.0
2024-04-27 10:00:00+00:00,0.5151,0.5155,0.5123,0.5135,6417722.0
2024-04-27 11:00:00+00:00,0.5135,0.5147,0.5107,0.5134,9492490.0
2024-04-27 12:00:00+00:00,0.5133,0.5169,0.5125,0.516,8599355.0
2024-04-27 13:00:00+00:00,0.516,0.5179,0.5151,0.5172,6400162.0
2024-04-27 14:00:00+00:00,0.5171,0.5194,0.5157,0.5161,7559282.0
2024-04-27 15:00:00+00:00,0.5161,0.517,0.5144,0.516,3833419.0
2024-04-27 16:00:00+00:00,0.5159,0.5175,0.5149,0.5154,5383063.0
2024-04-27 17:00:00+00:00,0.5154,0.523,0.5153,0.5219,8963477.0
2024-04-27 18:00:00+00:00,0.5218,0.5228,0.5168,0.5204,9081402.0
2024-04-27 19:00:00+00:00,0.5205,0.521,0.5189,0.5202,3156181.0
2024-04-27 20:00:00+00:00,0.5202,0.5205,0.5184,0.5191,3170164.0
2024-04-27 21:00:00+00:00,0.5191,0.5195,0.5173,0.5186,2737701.0
2024-04-27 22:00:00+00:00,0.5185,0.5195,0.5171,0.5173,3976471.0
2024-04-27 23:00:00+00:00,0.5173,0.5196,0.5172,0.5179,5423052.0
2024-04-28 00:00:00+00:00,0.5178,0.5204,0.5175,0.5198,5079713.0
2024-04-28 01:00:00+00:00,0.5199,0.5215,0.5198,0.5208,4888561.0
2024-04-28 02:00:00+00:00,0.5208,0.5242,0.5201,0.5233,5440335.0
2024-04-28 03:00:00+00:00,0.5233,0.5246,0.5221,0.5226,7367780.0
2024-04-28 04:00:00+00:00,0.5225,0.5228,0.5213,0.522,3663969.0
2024-04-28 05:00:00+00:00,0.5221,0.5236,0.522,0.5232,2701036.0
2024-04-28 06:00:00+00:00,0.5232,0.5253,0.5229,0.5243,5687148.0
2024-04-28 07:00:00+00:00,0.5244,0.5253,0.5232,0.5234,4396337.0
2024-04-28 08:00:00+00:00,0.5234,0.5239,0.5205,0.5215,3807822.0
2024-04-28 09:00:00+00:00,0.5216,0.5226,0.52,0.5204,5258966.0
2024-04-28 10:00:00+00:00,0.5204,0.5212,0.518,0.52,7804428.0
2024-04-28 11:00:00+00:00,0.52,0.5204,0.5165,0.5173,7474679.0
2024-04-28 12:00:00+00:00,0.5172,0.5194,0.5171,0.5192,6472671.0
2024-04-28 13:00:00+00:00,0.5192,0.5209,0.5185,0.52,4690079.0
2024-04-28 14:00:00+00:00,0.5199,0.5201,0.5182,0.5195,4073748.0
2024-04-28 15:00:00+00:00,0.5195,0.5206,0.5191,0.5201,3376382.0
2024-04-28 16:00:00+00:00,0.5201,0.521,0.5191,0.5198,4063970.0
2024-04-28 17:00:00+00:00,0.5198,0.5202,0.5189,0.5197,4834980.0
2024-04-28 18:00:00+00:00,0.5197,0.5219,0.5186,0.5212,4261191.0
2024-04-28 19:00:00+00:00,0.5213,0.5213,0.519,0.5195,2090076.0
2024-04-28 20:00:00+00:00,0.5194,0.5198,0.5186,0.519,2201240.0
2024-04-28 21:00:00+00:00,0.519,0.5194,0.5175,0.5183,3286795.0
2024-04-28 22:00:00+00:00,0.5183,0.5187,0.5118,0.5133,12846154.0
2024-04-28 23:00:00+00:00,0.5132,0.5132,0.5085,0.5103,20124979.0
2024-04-29 00:00:00+00:00,0.5104,0.5135,0.5095,0.5134,11001255.0
2024-04-29 01:00:00+00:00,0.5133,0.5143,0.5117,0.5136,14745341.0
2024-04-29 02:00:00+00:00,0.5135,0.5141,0.5075,0.5091,12564651.0
2024-04-29 03:00:00+00:00,0.509,0.5098,0.503,0.5038,18989609.0
2024-04-29 04:00:00+00:00,0.5037,0.5082,0.5016,0.5075,13800943.0
2024-04-29 05:00:00+00:00,0.5074,0.5081,0.5052,0.5077,8651311.0
2024-04-29 06:00:00+00:00,0.5076,0.5077,0.4986,0.5018,43167603.0
2024-04-29 07:00:00+00:00,0.5017,0.5038,0.5007,0.5025,35330885.0
2024-04-29 08:00:00+00:00,0.5024,0.5034,0.4999,0.5028,22507845.0
2024-04-29 09:00:00+00:00,0.5028,0.508,0.5017,0.5059,18694571.0
2024-04-29 10:00:00+00:00,0.5059,0.5092,0.5056,0.5084,17504612.0
2024-04-29 11:00:00+00:00,0.5083,0.509,0.505,0.5058,11285376.0
2024-04-29 12:00:00+00:00,0.5057,0.5082,0.5027,0.5075,12797761.0
2024-04-29 13:00:00+00:00,0.5075,0.5094,0.5039,0.5059,12386874.0
2024-04-29 14:00:00+00:00,0.5059,0.5136,0.5052,0.512,16874025.0
2024-04-29 15:00:00+00:00,0.512,0.5138,0.511,0.5123,10381127.0
2024-04-29 16:00:00+00:00,0.5122,0.5153,0.5112,0.5141,15696383.0
2024-04-29 17:00:00+00:00,0.5141,0.5174,0.514,0.5151,6376583.0
2024-04-29 18:00:00+00:00,0.5151,0.5164,0.5132,0.5161,7326206.0
2024-04-29 19:00:00+00:00,0.516,0.5175,0.5143,0.5163,6882882.0
2024-04-29 20:00:00+00:00,0.5163,0.5166,0.514,0.5156,4466253.0
2024-04-29 21:00:00+00:00,0.5156,0.5156,0.51,0.5138,10639746.0
2024-04-29 22:00:00+00:00,0.5138,0.517,0.5134,0.5156,10183842.0
2024-04-29 23:00:00+00:00,0.5156,0.5174,0.5149,0.5151,5572771.0
2024-04-30 00:00:00+00:00,0.515,0.5198,0.5138,0.5185,12851128.0
2024-04-30 01:00:00+00:00,0.5185,0.5185,0.5114,0.5116,15303617.0
2024-04-30 02:00:00+00:00,0.5116,0.5157,0.5078,0.5139,12196752.0
2024-04-30 03:00:00+00:00,0.5139,0.516,0.5132,0.5148,6150372.0
2024-04-30 04:00:00+00:00,0.5148,0.5174,0.5141,0.5171,8202930.0
2024-04-30 05:00:00+00:00,0.5171,0.5175,0.5138,0.5145,8539546.0
2024-04-30 06:00:00+00:00,0.5144,0.5144,0.5116,0.5141,18743993.0
2024-04-30 07:00:00+00:00,0.5141,0.5142,0.51,0.5102,18671394.0
2024-04-30 08:00:00+00:00,0.5102,0.5108,0.4993,0.5013,43049365.0
2024-04-30 09:00:00+00:00,0.5013,0.5048,0.5003,0.5026,20834905.0
2024-04-30 10:00:00+00:00,0.5025,0.5044,0.4989,0.5022,17179510.0
2024-04-30 11:00:00+00:00,0.5021,0.5022,0.4953,0.4972,25749726.0
2024-04-30 12:00:00+00:00,0.4971,0.4984,0.4878,0.4954,32411416.0
2024-04-30 13:00:00+00:00,0.4953,0.4976,0.4938,0.4946,11995786.0
2024-04-30 14:00:00+00:00,0.4945,0.5,0.4925,0.4994,17189392.0
2024-04-30 15:00:00+00:00,0.4994,0.5008,0.4933,0.4961,21317433.0
2024-04-30 16:00:00+00:00,0.496,0.4967,0.4875,0.496,23948532.0
2024-04-30 17:00:00+00:00,0.4959,0.4984,0.4946,0.4959,8854374.0
2024-04-30 18:00:00+00:00,0.4959,0.4987,0.4941,0.497,12441034.0
2024-04-30 19:00:00+00:00,0.497,0.499,0.4923,0.496,19033448.0
2024-04-30 20:00:00+00:00,0.4961,0.5023,0.4961,0.4998,14464666.0
2024-04-30 21:00:00+00:00,0.4998,0.5018,0.4968,0.4972,10519209.0
2024-04-30 22:00:00+00:00,0.4972,0.5016,0.4967,0.4997,10781464.0
2024-04-30 23:00:00+00:00,0.4997,0.5011,0.498,0.5006,5161288.0
2024-05-01 00:00:00+00:00,0.5006,0.502,0.4974,0.499,8982103.0
2024-05-01 01:00:00+00:00,0.4991,0.5016,0.4959,0.5009,15543155.0
2024-05-01 02:00:00+00:00,0.5009,0.5019,0.4963,0.5011,14641767.0
2024-05-01 03:00:00+00:00,0.5012,0.504,0.5006,0.5035,9618388.0
2024-05-01 04:00:00+00:00,0.5034,0.5046,0.5031,0.5035,6657723.0
2024-05-01 05:00:00+00:00,0.5036,0.5046,0.5025,0.5033,5866060.0
2024-05-01 06:00:00+00:00,0.5033,0.5034,0.4983,0.5001,23976950.0
2024-05-01 07:00:00+00:00,0.5002,0.5003,0.4851,0.4908,89078135.0
2024-05-01 08:00:00+00:00,0.4908,0.4916,0.4782,0.4881,68718530.0
2024-05-01 09:00:00+00:00,0.488,0.4911,0.4867,0.4888,16477245.0
2024-05-01 10:00:00+00:00,0.4889,0.4954,0.4885,0.4943,14019358.0
2024-05-01 11:00:00+00:00,0.4943,0.4955,0.492,0.4942,8040542.0
2024-05-01 12:00:00+00:00,0.4941,0.497,0.4924,0.4957,15178436.0
2024-05-01 13:00:00+00:00,0.4957,0.4983,0.4931,0.4961,15336651.0
2024-05-01 14:00:00+00:00,0.4961,0.4984,0.4941,0.4978,14117310.0
2024-05-01 15:00:00+00:00,0.4978,0.4995,0.4939,0.4989,10748879.0
2024-05-01 16:00:00+00:00,0.499,0.5035,0.4979,0.5005,19402472.0
2024-05-01 17:00:00+00:00,0.5005,0.5116,0.4997,0.5091,20388783.0
2024-05-01 18:00:00+00:00,0.5091,0.5201,0.5079,0.5174,26134701.0
2024-05-01 19:00:00+00:00,0.5174,0.5214,0.5093,0.5106,32601251.0
2024-05-01 20:00:00+00:00,0.5106,0.5173,0.5075,0.514,14231703.0
2024-05-01 21:00:00+00:00,0.514,0.5192,0.5127,0.5149,12564633.0
2024-05-01 22:00:00+00:00,0.5148,0.5163,0.5138,0.5147,8385877.0
2024-05-01 23:00:00+00:00,0.5147,0.5188,0.5144,0.5175,7810525.0
2024-05-02 00:00:00+00:00,0.5175,0.5193,0.5149,0.5162,19191351.0
2024-05-02 01:00:00+00:00,0.5161,0.52,0.5116,0.512,27345878.0
2024-05-02 02:00:00+00:00,0.5121,0.5137,0.5077,0.5095,21964779.0
2024-05-02 03:00:00+00:00,0.5096,0.5137,0.5088,0.5108,12323685.0
2024-05-02 04:00:00+00:00,0.5108,0.5136,0.5096,0.5123,13046762.0
2024-05-02 05:00:00+00:00,0.5123,0.5128,0.5088,0.5119,8614312.0
2024-05-02 06:00:00+00:00,0.512,0.512,0.5067,0.5089,22465455.0
2024-05-02 07:00:00+00:00,0.5088,0.5148,0.5086,0.5136,18800165.0
2024-05-02 08:00:00+00:00,0.5136,0.5155,0.511,0.513,15255006.0
2024-05-02 09:00:00+00:00,0.5131,0.5154,0.512,0.5151,16059104.0
2024-05-02 10:00:00+00:00,0.5152,0.5158,0.5132,0.5152,15373804.0
2024-05-02 11:00:00+00:00,0.5153,0.5185,0.5149,0.5175,21445131.0
2024-05-02 12:00:00+00:00,0.5175,0.5199,0.5156,0.5159,15703302.0
2024-05-02 13:00:00+00:00,0.5159,0.5168,0.5129,0.5139,10309607.0
2024-05-02 14:00:00+00:00,0.5138,0.522,0.5128,0.5194,23833202.0
2024-05-02 15:00:00+00:00,0.5193,0.5225,0.519,0.5199,12252193.0
2024-05-02 16:00:00+00:00,0.5199,0.5222,0.5182,0.5193,13677482.0
2024-05-02 17:00:00+00:00,0.5193,0.5237,0.5183,0.5222,14428224.0
2024-05-02 18:00:00+00:00,0.5223,0.524,0.5201,0.5215,9527223.0
2024-05-02 19:00:00+00:00,0.5215,0.5233,0.5204,0.5231,3955065.0
2024-05-02 20:00:00+00:00,0.5231,0.5245,0.5201,0.521,10060765.0
2024-05-02 21:00:00+00:00,0.521,0.5243,0.5197,0.5198,7187666.0
2024-05-02 22:00:00+00:00,0.5198,0.5219,0.5185,0.5195,6811638.0
2024-05-02 23:00:00+00:00,0.5194,0.5204,0.5177,0.518,4970857.0
2024-05-03 00:00:00+00:00,0.518,0.5196,0.5157,0.5177,13601402.0
2024-05-03 01:00:00+00:00,0.5177,0.5224,0.5173,0.5204,18012931.0
2024-05-03 02:00:00+00:00,0.5204,0.523,0.5198,0.5205,10322249.0
2024-05-03 03:00:00+00:00,0.5205,0.5227,0.5199,0.5222,6704422.0
2024-05-03 04:00:00+00:00,0.5222,0.5226,0.52,0.5206,6725219.0
2024-05-03 05:00:00+00:00,0.5205,0.5223,0.5201,0.5206,8396729.0
2024-05-03 06:00:00+00:00,0.5205,0.5211,0.5178,0.5195,25917209.0
2024-05-03 07:00:00+00:00,0.5194,0.5221,0.5172,0.5184,28984584.0
2024-05-03 08:00:00+00:00,0.5184,0.5267,0.5183,0.5204,29247948.0
2024-05-03 09:00:00+00:00,0.5204,0.5215,0.5191,0.5192,27955026.0
2024-05-03 10:00:00+00:00,0.5192,0.5196,0.5149,0.5162,18154576.0
2024-05-03 11:00:00+00:00,0.5162,0.5174,0.5145,0.5164,10917585.0
2024-05-03 12:00:00+00:00,0.5163,0.524,0.5154,0.5234,26334080.0
2024-05-03 13:00:00+00:00,0.5234,0.5258,0.5224,0.5248,24589704.0
2024-05-03 14:00:00+00:00,0.5248,0.5261,0.5226,0.5234,14888317.0
2024-05-03 15:00:00+00:00,0.5233,0.5277,0.5221,0.5267,15017311.0
2024-05-03 16:00:00+00:00,0.5267,0.5285,0.5252,0.5261,15252167.0
2024-05-03 17:00:00+00:00,0.5261,0.528,0.5251,0.5277,5936615.0
2024-05-03 18:00:00+00:00,0.5276,0.5284,0.5264,0.5268,5526134.0
2024-05-03 19:00:00+00:00,0.5268,0.5312,0.5262,0.5307,7890855.0
2024-05-03 20:00:00+00:00,0.5306,0.5367,0.5295,0.5339,16351524.0
2024-05-03 21:00:00+00:00,0.5339,0.5348,0.5309,0.5325,7087960.0
2024-05-03 22:00:00+00:00,0.5325,0.5334,0.5308,0.5333,10119761.0
2024-05-03 23:00:00+00:00,0.5333,0.5335,0.5312,0.5317,9692540.0
2024-05-04 00:00:00+00:00,0.5317,0.5329,0.5301,0.5311,8374563.0
2024-05-04 01:00:00+00:00,0.5311,0.5327,0.5296,0.53,7038898.0
2024-05-04 02:00:00+00:00,0.53,0.5302,0.5272,0.5287,6673792.0
2024-05-04 03:00:00+00:00,0.5287,0.5301,0.528,0.5296,5400167.0
2024-05-04 04:00:00+00:00,0.5295,0.5312,0.5285,0.53,5345041.0
2024-05-04 05:00:00+00:00,0.5301,0.5302,0.528,0.5299,4770602.0
2024-05-04 06:00:00+00:00,0.5299,0.53,0.5287,0.5288,5485966.0
2024-05-04 07:00:00+00:00,0.5288,0.5295,0.5276,0.5279,4061744.0
2024-05-04 08:00:00+00:00,0.5279,0.5298,0.5278,0.5293,3232380.0
2024-05-04 09:00:00+00:00,0.5294,0.5314,0.5292,0.5311,6309791.0
2024-05-04 10:00:00+00:00,0.5312,0.5374,0.5305,0.5371,9138510.0
2024-05-04 11:00:00+00:00,0.537,0.5374,0.533,0.5344,16305155.0
2024-05-04 12:00:00+00:00,0.5344,0.539,0.5338,0.5388,12554173.0
2024-05-04 13:00:00+00:00,0.5387,0.541,0.534,0.537,14636211.0
2024-05-04 14:00:00+00:00,0.537,0.5371,0.5351,0.5364,8249887.0
2024-05-04 15:00:00+00:00,0.5364,0.5368,0.5338,0.5359,5735027.0
2024-05-04 16:00:00+00:00,0.536,0.536,0.5334,0.5351,6007666.0
2024-05-04 17:00:00+00:00,0.5352,0.5352,0.5316,0.5331,4142527.0
2024-05-04 18:00:00+00:00,0.533,0.5345,0.5324,0.5329,3164888.0
2024-05-04 19:00:00+00:00,0.533,0.5339,0.5322,0.5336,2393288.0
2024-05-04 20:00:00+00:00,0.5337,0.5352,0.5327,0.5331,4247279.0
2024-05-04 21:00:00+00:00,0.533,0.534,0.5295,0.5311,5988427.0
2024-05-04 22:00:00+00:00,0.5312,0.5317,0.5287,0.5291,6484530.0
2024-05-04 23:00:00+00:00,0.5291,0.531,0.5291,0.5302,2953709.0
2024-05-05 00:00:00+00:00,0.5302,0.5308,0.5269,0.5295,9872766.0
2024-05-05 01:00:00+00:00,0.5295,0.5299,0.524,0.5267,9642746.0
2024-05-05 02:00:00+00:00,0.5268,0.5281,0.5262,0.5265,3625116.0
2024-05-05 03:00:00+00:00,0.5264,0.528,0.5259,0.5279,4619217.0
2024-05-05 04:00:00+00:00,0.5279,0.5285,0.5266,0.5269,3470852.0
2024-05-05 05:00:00+00:00,0.5269,0.5282,0.5262,0.5267,3397398.0
2024-05-05 06:00:00+00:00,0.5266,0.5282,0.5263,0.5275,2393826.0
2024-05-05 07:00:00+00:00,0.5274,0.5301,0.5273,0.5286,3676064.0
2024-05-05 08:00:00+00:00,0.5286,0.5321,0.5285,0.5305,4445614.0
2024-05-05 09:00:00+00:00,0.5306,0.5306,0.5288,0.5293,3381414.0
2024-05-05 10:00:00+00:00,0.5293,0.5301,0.528,0.5287,4163061.0
2024-05-05 11:00:00+00:00,0.5287,0.5302,0.528,0.5294,4268160.0
2024-05-05 12:00:00+00:00,0.5295,0.5296,0.5266,0.5273,6660303.0
2024-05-05 13:00:00+00:00,0.5272,0.5294,0.5263,0.5292,6089045.0
2024-05-05 14:00:00+00:00,0.5291,0.5302,0.5272,0.5297,7489943.0
2024-05-05 15:00:00+00:00,0.5298,0.5325,0.5289,0.5318,6977832.0
2024-05-05 16:00:00+00:00,0.5318,0.5334,0.5309,0.5312,4404201.0
2024-05-05 17:00:00+00:00,0.5311,0.5322,0.5304,0.5308,3930546.0
2024-05-05 18:00:00+00:00,0.5308,0.5309,0.5285,0.5303,4916415.0
2024-05-05 19:00:00+00:00,0.5302,0.5307,0.5296,0.53,2018099.0
2024-05-05 20:00:00+00:00,0.53,0.5306,0.5286,0.5294,3330513.0
2024-05-05 21:00:00+00:00,0.5294,0.5295,0.5277,0.5292,3101752.0
2024-05-05 22:00:00+00:00,0.5291,0.5296,0.5283,0.529,2772582.0
2024-05-05 23:00:00+00:00,0.5291,0.5306,0.5287,0.5296,3697255.0
2024-05-06 00:00:00+00:00,0.5295,0.5327,0.5292,0.5304,10590639.0
2024-05-06 01:00:00+00:00,0.5303,0.5334,0.5299,0.5307,14155365.0
2024-05-06 02:00:00+00:00,0.5307,0.5324,0.5298,0.5302,5221496.0
2024-05-06 03:00:00+00:00,0.5302,0.5324,0.5284,0.5317,6789732.0
2024-05-06 04:00:00+00:00,0.5317,0.5353,0.5307,0.5343,7097542.0
2024-05-06 05:00:00+00:00,0.5342,0.5355,0.5328,0.5341,8549020.0
2024-05-06 06:00:00+00:00,0.5341,0.5358,0.5337,0.5341,5447020.0
2024-05-06 07:00:00+00:00,0.534,0.54,0.5338,0.5399,11966370.0
2024-05-06 08:00:00+00:00,0.5399,0.5477,0.5397,0.5432,46186851.0
2024-05-06 09:00:00+00:00,0.5432,0.5452,0.5402,0.5421,23621863.0
2024-05-06 10:00:00+00:00,0.542,0.543,0.5311,0.5346,40422297.0
2024-05-06 11:00:00+00:00,0.5346,0.5375,0.5344,0.535,17195138.0
2024-05-06 12:00:00+00:00,0.535,0.5355,0.5247,0.5283,27266841.0
2024-05-06 13:00:00+00:00,0.5283,0.533,0.527,0.5323,17475668.0
2024-05-06 14:00:00+00:00,0.5323,0.5334,0.5295,0.5298,11828286.0
2024-05-06 15:00:00+00:00,0.5297,0.5596,0.5268,0.5594,54577048.0
2024-05-06 16:00:00+00:00,0.5594,0.5594,0.5458,0.5532,88269741.0
2024-05-06 17:00:00+00:00,0.5531,0.5703,0.5493,0.5524,89293960.0
2024-05-06 18:00:00+00:00,0.5524,0.5549,0.5435,0.5492,29855749.0
2024-05-06 19:00:00+00:00,0.5492,0.5496,0.5426,0.5467,17333876.0
2024-05-06 20:00:00+00:00,0.5467,0.548,0.5449,0.5465,8005948.0
2024-05-06 21:00:00+00:00,0.5464,0.5471,0.5439,0.5455,7558127.0
2024-05-06 22:00:00+00:00,0.5455,0.5464,0.5403,0.542,10524307.0
2024-05-06 23:00:00+00:00,0.542,0.5426,0.5388,0.5402,8041923.0
2024-05-07 00:00:00+00:00,0.5401,0.5423,0.5355,0.5409,13010509.0
2024-05-07 01:00:00+00:00,0.5408,0.5426,0.5398,0.5424,6802782.0
2024-05-07 02:00:00+00:00,0.5424,0.5436,0.5414,0.5427,8224065.0
2024-05-07 03:00:00+00:00,0.5426,0.5443,0.533,0.5388,18136834.0
2024-05-07 04:00:00+00:00,0.5387,0.5404,0.5375,0.5385,9287841.0
2024-05-07 05:00:00+00:00,0.5385,0.5386,0.535,0.5364,11258661.0
2024-05-07 06:00:00+00:00,0.5363,0.5369,0.5313,0.5356,24809460.0
2024-05-07 07:00:00+00:00,0.5356,0.5388,0.5353,0.5379,13240888.0
2024-05-07 08:00:00+00:00,0.5379,0.5427,0.537,0.5421,34465893.0
2024-05-07 09:00:00+00:00,0.5421,0.5437,0.5413,0.5424,8781516.0
2024-05-07 10:00:00+00:00,0.5424,0.5424,0.538,0.5394,20069992.0
2024-05-07 11:00:00+00:00,0.5393,0.5401,0.5344,0.5346,25984912.0
2024-05-07 12:00:00+00:00,0.5346,0.5367,0.5345,0.5366,12109215.0
2024-05-07 13:00:00+00:00,0.5365,0.5385,0.5343,0.5367,15218889.0
2024-05-07 14:00:00+00:00,0.5366,0.5412,0.5346,0.5404,16932575.0
2024-05-07 15:00:00+00:00,0.5403,0.542,0.5379,0.5402,17225162.0
2024-05-07 16:00:00+00:00,0.5402,0.5419,0.5393,0.541,12483750.0
2024-05-07 17:00:00+00:00,0.5409,0.5426,0.5391,0.542,8697428.0
2024-05-07 18:00:00+00:00,0.5419,0.5425,0.5356,0.5394,11530849.0
2024-05-07 19:00:00+00:00,0.5394,0.5401,0.5349,0.5359,9348260.0
2024-05-07 20:00:00+00:00,0.5359,0.5374,0.5336,0.5342,6680801.0
2024-05-07 21:00:00+00:00,0.5341,0.5359,0.5289,0.5319,8937829.0
2024-05-07 22:00:00+00:00,0.5318,0.532,0.5266,0.5285,15121860.0
2024-05-07 23:00:00+00:00,0.5284,0.5288,0.5217,0.5245,17832234.0
2024-05-08 00:00:00+00:00,0.5244,0.5265,0.5189,0.5228,27625292.0
2024-05-08 01:00:00+00:00,0.5228,0.5252,0.5223,0.5237,21334366.0
2024-05-08 02:00:00+00:00,0.5237,0.5258,0.5236,0.525,9897190.0
2024-05-08 03:00:00+00:00,0.5251,0.5262,0.5238,0.5253,5234271.0
2024-05-08 04:00:00+00:00,0.5254,0.5271,0.5202,0.5212,15901858.0
2024-05-08 05:00:00+00:00,0.5213,0.5231,0.5186,0.5214,9958581.0
2024-05-08 06:00:00+00:00,0.5214,0.5224,0.5175,0.5195,21789665.0
2024-05-08 07:00:00+00:00,0.5196,0.5236,0.5177,0.5208,37649387.0
2024-05-08 08:00:00+00:00,0.5209,0.5233,0.5195,0.5233,20136356.0
2024-05-08 09:00:00+00:00,0.5232,0.5237,0.5186,0.5212,19147456.0
2024-05-08 10:00:00+00:00,0.5212,0.5232,0.5208,0.5226,8317511.0
2024-05-08 11:00:00+00:00,0.5226,0.5227,0.5194,0.5197,9163314.0
2024-05-08 12:00:00+00:00,0.5197,0.5226,0.5177,0.5208,14225799.0
2024-05-08 13:00:00+00:00,0.5207,0.5253,0.5199,0.525,15961111.0
2024-05-08 14:00:00+00:00,0.5251,0.5296,0.5235,0.5269,22365869.0
2024-05-08 15:00:00+00:00,0.5269,0.53,0.5224,0.5274,18569008.0
2024-05-08 16:00:00+00:00,0.5275,0.5293,0.5259,0.5278,7785291.0
2024-05-08 17:00:00+00:00,0.5278,0.5289,0.526,0.5266,4390151.0
2024-05-08 18:00:00+00:00,0.5266,0.529,0.5261,0.5269,3930998.0
2024-05-08 19:00:00+00:00,0.5268,0.5278,0.5228,0.5253,7695695.0
2024-05-08 20:00:00+00:00,0.5254,0.5266,0.5177,0.5207,16630575.0
2024-05-08 21:00:00+00:00,0.5207,0.522,0.5178,0.519,11021108.0
2024-05-08 22:00:00+00:00,0.5189,0.5195,0.5156,0.5167,11338948.0
2024-05-08 23:00:00+00:00,0.5168,0.5182,0.5153,0.5171,6762858.0
2024-05-09 00:00:00+00:00,0.517,0.5202,0.517,0.5194,11275166.0
2024-05-09 01:00:00+00:00,0.5194,0.5213,0.5193,0.52,14913517.0
2024-05-09 02:00:00+00:00,0.52,0.522,0.5191,0.5216,7008665.0
2024-05-09 03:00:00+00:00,0.5216,0.5224,0.5203,0.5221,3846763.0
2024-05-09 04:00:00+00:00,0.5221,0.523,0.5207,0.5208,4254466.0
2024-05-09 05:00:00+00:00,0.5208,0.5232,0.5207,0.5222,4294903.0
2024-05-09 06:00:00+00:00,0.5223,0.5238,0.5197,0.5198,20259033.0
2024-05-09 07:00:00+00:00,0.5197,0.5209,0.5146,0.5159,30494491.0
2024-05-09 08:00:00+00:00,0.5158,0.5197,0.5156,0.5195,14915051.0
2024-05-09 09:00:00+00:00,0.5195,0.5198,0.5124,0.5155,25914831.0
2024-05-09 10:00:00+00:00,0.5156,0.5158,0.5097,0.5107,16607946.0
2024-05-09 11:00:00+00:00,0.5108,0.5153,0.5093,0.5138,14999217.0
2024-05-09 12:00:00+00:00,0.5137,0.5158,0.5128,0.5143,15026905.0
2024-05-09 13:00:00+00:00,0.5143,0.5152,0.5087,0.512,16864569.0
2024-05-09 14:00:00+00:00,0.5119,0.5145,0.5103,0.5127,14951156.0
2024-05-09 15:00:00+00:00,0.5126,0.5179,0.5117,0.5171,20148871.0
2024-05-09 16:00:00+00:00,0.5171,0.5188,0.5138,0.5143,16613479.0
2024-05-09 17:00:00+00:00,0.5142,0.5175,0.5136,0.5167,8362920.0
2024-05-09 18:00:00+00:00,0.5166,0.5189,0.5163,0.5185,3183195.0
2024-05-09 19:00:00+00:00,0.5185,0.5198,0.5182,0.5194,4732298.0
2024-05-09 20:00:00+00:00,0.5193,0.5203,0.5187,0.5192,4875885.0
2024-05-09 21:00:00+00:00,0.5192,0.5205,0.5165,0.5185,8002155.0
2024-05-09 22:00:00+00:00,0.5185,0.5219,0.5182,0.521,7525782.0
2024-05-09 23:00:00+00:00,0.5209,0.5215,0.5192,0.5209,10741533.0
2024-05-10 00:00:00+00:00,0.5209,0.5209,0.517,0.5179,9480040.0
2024-05-10 01:00:00+00:00,0.5179,0.5191,0.5164,0.518,12721253.0
2024-05-10 02:00:00+00:00,0.518,0.5192,0.517,0.5181,6776784.0
2024-05-10 03:00:00+00:00,0.518,0.518,0.5166,0.5175,3892732.0
2024-05-10 04:00:00+00:00,0.5175,0.5186,0.517,0.5185,5008872.0
2024-05-10 05:00:00+00:00,0.5185,0.5188,0.5167,0.5169,6222916.0
2024-05-10 06:00:00+00:00,0.5169,0.5183,0.5146,0.5174,25434727.0
2024-05-10 07:00:00+00:00,0.5173,0.5185,0.5162,0.5176,12622961.0
2024-05-10 08:00:00+00:00,0.5176,0.5179,0.5156,0.5172,6841706.0
2024-05-10 09:00:00+00:00,0.5172,0.5172,0.5154,0.5159,13540004.0
2024-05-10 10:00:00+00:00,0.5159,0.5159,0.5135,0.5151,16764838.0
2024-05-10 11:00:00+00:00,0.5152,0.5162,0.5126,0.5162,11782553.0
2024-05-10 12:00:00+00:00,0.5162,0.5172,0.5117,0.5123,33359267.0
2024-05-10 13:00:00+00:00,0.5123,0.5141,0.5115,0.5129,13322596.0
2024-05-10 14:00:00+00:00,0.5128,0.514,0.497,0.5007,66804954.0
2024-05-10 15:00:00+00:00,0.5007,0.5033,0.4979,0.5014,31570022.0
2024-05-10 16:00:00+00:00,0.5013,0.5033,0.4973,0.5022,20938125.0
2024-05-10 17:00:00+00:00,0.5021,0.5046,0.5,0.5044,14376935.0
2024-05-10 18:00:00+00:00,0.5043,0.5061,0.5026,0.5059,5919385.0
2024-05-10 19:00:00+00:00,0.5058,0.5063,0.504,0.5052,4695223.0
2024-05-10 20:00:00+00:00,0.5052,0.5066,0.501,0.5015,10193375.0
2024-05-10 21:00:00+00:00,0.5014,0.5035,0.5009,0.5032,6028358.0
2024-05-10 22:00:00+00:00,0.5032,0.5044,0.4997,0.5017,12121203.0
2024-05-10 23:00:00+00:00,0.5017,0.5029,0.5013,0.5022,5662533.0
2024-05-11 00:00:00+00:00,0.5022,0.5042,0.5019,0.5033,5825738.0
2024-05-11 01:00:00+00:00,0.5034,0.5058,0.5026,0.5037,6171085.0
2024-05-11 02:00:00+00:00,0.5037,0.5046,0.5017,0.5041,5498775.0
2024-05-11 03:00:00+00:00,0.504,0.5048,0.5026,0.5032,5070601.0
2024-05-11 04:00:00+00:00,0.5032,0.5051,0.5026,0.5041,5335052.0
2024-05-11 05:00:00+00:00,0.5041,0.5055,0.504,0.5048,2982349.0
2024-05-11 06:00:00+00:00,0.5048,0.506,0.5047,0.5059,4151665.0
2024-05-11 07:00:00+00:00,0.5058,0.5062,0.505,0.5056,3398264.0
2024-05-11 08:00:00+00:00,0.5056,0.506,0.5022,0.5025,5109104.0
2024-05-11 09:00:00+00:00,0.5026,0.5035,0.5013,0.5035,7477227.0
2024-05-11 10:00:00+00:00,0.5035,0.5035,0.5012,0.5025,3598255.0
2024-05-11 11:00:00+00:00,0.5025,0.5031,0.5005,0.5022,4998720.0
2024-05-11 12:00:00+00:00,0.5023,0.5041,0.5018,0.504,5120592.0
2024-05-11 13:00:00+00:00,0.504,0.5061,0.5037,0.5057,4746105.0
2024-05-11 14:00:00+00:00,0.5057,0.5057,0.5041,0.5045,3513086.0
2024-05-11 15:00:00+00:00,0.5045,0.5079,0.5045,0.5067,6889431.0
2024-05-11 16:00:00+00:00,0.5067,0.5074,0.5062,0.5065,2953947.0
2024-05-11 17:00:00+00:00,0.5066,0.5071,0.5056,0.5063,2284960.0
2024-05-11 18:00:00+00:00,0.5064,0.5073,0.5056,0.5066,2086075.0
2024-05-11 19:00:00+00:00,0.5065,0.5074,0.506,0.5066,2076578.0
2024-05-11 20:00:00+00:00,0.5066,0.5073,0.5044,0.5069,3795556.0
2024-05-11 21:00:00+00:00,0.507,0.5072,0.506,0.5064,2041821.0
2024-05-11 22:00:00+00:00,0.5065,0.5068,0.5054,0.5059,2400472.0
2024-05-11 23:00:00+00:00,0.506,0.5067,0.5053,0.5059,2028988.0
2024-05-12 00:00:00+00:00,0.5059,0.5069,0.505,0.5062,3686343.0
2024-05-12 01:00:00+00:00,0.5063,0.5071,0.5059,0.506,1612262.0
2024-05-12 02:00:00+00:00,0.506,0.5077,0.506,0.5073,2205477.0
2024-05-12 03:00:00+00:00,0.5072,0.508,0.5066,0.5075,1956749.0
2024-05-12 04:00:00+00:00,0.5075,0.5088,0.5072,0.5086,2233033.0
2024-05-12 05:00:00+00:00,0.5085,0.5085,0.5068,0.5071,2054094.0
2024-05-12 06:00:00+00:00,0.5071,0.5073,0.5059,0.5063,2331772.0
2024-05-12 07:00:00+00:00,0.5063,0.5067,0.5031,0.5042,6026164.0
2024-05-12 08:00:00+00:00,0.5043,0.5052,0.5031,0.504,4258623.0
2024-05-12 09:00:00+00:00,0.5041,0.5051,0.5033,0.5049,2831050.0
2024-05-12 10:00:00+00:00,0.5048,0.5069,0.5046,0.5053,7404314.0
2024-05-12 11:00:00+00:00,0.5053,0.506,0.5039,0.5046,4499450.0
2024-05-12 12:00:00+00:00,0.5046,0.5051,0.5038,0.5046,3637384.0
2024-05-12 13:00:00+00:00,0.5046,0.5052,0.5037,0.5047,2771538.0
2024-05-12 14:00:00+00:00,0.5048,0.5053,0.5033,0.5039,4148890.0
2024-05-12 15:00:00+00:00,0.5038,0.5055,0.5033,0.5047,4406215.0
2024-05-12 16:00:00+00:00,0.5047,0.5063,0.5037,0.5037,5770149.0
2024-05-12 17:00:00+00:00,0.5037,0.5042,0.5021,0.5034,5833495.0
2024-05-12 18:00:00+00:00,0.5033,0.5034,0.5015,0.5019,3068749.0
2024-05-12 19:00:00+00:00,0.5018,0.5022,0.5005,0.5012,4089944.0
2024-05-12 20:00:00+00:00,0.5013,0.5014,0.499,0.5007,4668613.0
2024-05-12 21:00:00+00:00,0.5007,0.501,0.4957,0.5002,9177382.0
2024-05-12 22:00:00+00:00,0.5003,0.5007,0.4992,0.4994,5997397.0
2024-05-12 23:00:00+00:00,0.4993,0.5004,0.499,0.4993,2326063.0
2024-05-13 00:00:00+00:00,0.4993,0.503,0.4993,0.5014,7999526.0
2024-05-13 01:00:00+00:00,0.5014,0.5015,0.4957,0.4987,15696948.0
2024-05-13 02:00:00+00:00,0.4986,0.4996,0.4891,0.492,32218415.0
2024-05-13 03:00:00+00:00,0.492,0.4935,0.4866,0.4934,20771663.0
2024-05-13 04:00:00+00:00,0.4933,0.4933,0.4904,0.4919,7880570.0
2024-05-13 05:00:00+00:00,0.4918,0.4935,0.491,0.4916,6933577.0
2024-05-13 06:00:00+00:00,0.4916,0.4986,0.4912,0.4979,20409046.0
2024-05-13 07:00:00+00:00,0.4979,0.5048,0.4969,0.5036,32683847.0
2024-05-13 08:00:00+00:00,0.5036,0.5058,0.5024,0.5032,23039573.0
2024-05-13 09:00:00+00:00,0.5032,0.506,0.5031,0.5051,7719813.0
2024-05-13 10:00:00+00:00,0.5051,0.5053,0.5005,0.5044,23935781.0
2024-05-13 11:00:00+00:00,0.5043,0.511,0.5042,0.5066,20083784.0
2024-05-13 12:00:00+00:00,0.5065,0.5084,0.5057,0.5064,10791869.0
2024-05-13 13:00:00+00:00,0.5064,0.5071,0.5043,0.5053,8462735.0
2024-05-13 14:00:00+00:00,0.5053,0.5085,0.5049,0.5067,9954894.0
2024-05-13 15:00:00+00:00,0.5067,0.51,0.5065,0.5095,7569377.0
2024-05-13 16:00:00+00:00,0.5095,0.5121,0.5082,0.5107,12612561.0
2024-05-13 17:00:00+00:00,0.5107,0.5114,0.5064,0.5071,9005604.0
2024-05-13 18:00:00+00:00,0.507,0.5072,0.5044,0.5064,6577893.0
2024-05-13 19:00:00+00:00,0.5064,0.5084,0.5062,0.5079,3591143.0
2024-05-13 20:00:00+00:00,0.5079,0.5081,0.5067,0.5075,2614851.0
2024-05-13 21:00:00+00:00,0.5074,0.508,0.5026,0.5049,7983552.0
2024-05-13 22:00:00+00:00,0.5048,0.5056,0.5031,0.5043,6488634.0
2024-05-13 23:00:00+00:00,0.5043,0.5059,0.5043,0.5053,2822197.0
2024-05-14 00:00:00+00:00,0.5052,0.5096,0.5038,0.5064,10814960.0
2024-05-14 01:00:00+00:00,0.5063,0.5072,0.5044,0.5054,5938012.0
2024-05-14 02:00:00+00:00,0.5053,0.5067,0.5033,0.5058,11153369.0
2024-05-14 03:00:00+00:00,0.5058,0.5072,0.5052,0.507,5121940.0
2024-05-14 04:00:00+00:00,0.5069,0.5079,0.5065,0.5068,5280738.0
2024-05-14 05:00:00+00:00,0.5068,0.508,0.5061,0.5069,3845171.0
2024-05-14 06:00:00+00:00,0.5069,0.5069,0.4972,0.5035,50377620.0
2024-05-14 07:00:00+00:00,0.5035,0.5076,0.5033,0.5057,12857879.0
2024-05-14 08:00:00+00:00,0.5056,0.5064,0.5047,0.5061,8168066.0
2024-05-14 09:00:00+00:00,0.506,0.5095,0.5039,0.5041,19861633.0
2024-05-14 10:00:00+00:00,0.5041,0.5086,0.5032,0.5077,19317187.0
2024-05-14 11:00:00+00:00,0.5076,0.5081,0.5062,0.5067,8697089.0
2024-05-14 12:00:00+00:00,0.5066,0.5079,0.5032,0.5044,17442497.0
2024-05-14 13:00:00+00:00,0.5043,0.5063,0.5035,0.5039,10055191.0
2024-05-14 14:00:00+00:00,0.5038,0.505,0.4977,0.5037,22864163.0
2024-05-14 15:00:00+00:00,0.5036,0.5132,0.5029,0.5082,28893357.0
2024-05-14 16:00:00+00:00,0.5082,0.5086,0.5047,0.5076,11265560.0
2024-05-14 17:00:00+00:00,0.5077,0.5084,0.5021,0.504,16690054.0
2024-05-14 18:00:00+00:00,0.5039,0.5054,0.5033,0.5051,5603209.0
2024-05-14 19:00:00+00:00,0.5051,0.5064,0.5044,0.5054,3907819.0
2024-05-14 20:00:00+00:00,0.5054,0.5061,0.504,0.5042,4143931.0
2024-05-14 21:00:00+00:00,0.5042,0.5047,0.5005,0.5023,8639695.0
2024-05-14 22:00:00+00:00,0.5022,0.5024,0.4988,0.5006,10232315.0
2024-05-14 23:00:00+00:00,0.5006,0.5009,0.4989,0.5002,5575356.0
2024-05-15 00:00:00+00:00,0.5002,0.501,0.4967,0.4983,12775047.0
2024-05-15 01:00:00+00:00,0.4983,0.501,0.4983,0.4996,12631501.0
2024-05-15 02:00:00+00:00,0.4995,0.5018,0.4994,0.5007,7820993.0
2024-05-15 03:00:00+00:00,0.5007,0.5022,0.5005,0.5016,4545573.0
2024-05-15 04:00:00+00:00,0.5017,0.5026,0.501,0.5019,3630261.0
2024-05-15 05:00:00+00:00,0.5018,0.5027,0.5004,0.5006,3973105.0
2024-05-15 06:00:00+00:00,0.5007,0.5012,0.4985,0.4989,16355127.0
2024-05-15 07:00:00+00:00,0.4988,0.5011,0.498,0.4998,28862379.0
2024-05-15 08:00:00+00:00,0.4998,0.5014,0.4988,0.4989,16899217.0
2024-05-15 09:00:00+00:00,0.499,0.5036,0.4981,0.5018,18761448.0
2024-05-15 10:00:00+00:00,0.5019,0.503,0.5004,0.5017,8852641.0
2024-05-15 11:00:00+00:00,0.5017,0.5022,0.4993,0.5008,10968689.0
2024-05-15 12:00:00+00:00,0.5007,0.5064,0.4987,0.5053,38544126.0
2024-05-15 13:00:00+00:00,0.5052,0.5107,0.5046,0.5081,25995263.0
2024-05-15 14:00:00+00:00,0.5081,0.5116,0.5072,0.511,15900158.0
2024-05-15 15:00:00+00:00,0.511,0.5121,0.51,0.5108,19173120.0
2024-05-15 16:00:00+00:00,0.5107,0.5171,0.5099,0.513,23132866.0
2024-05-15 17:00:00+00:00,0.5131,0.5155,0.5126,0.5145,7531933.0
2024-05-15 18:00:00+00:00,0.5144,0.5173,0.5137,0.517,8967696.0
2024-05-15 19:00:00+00:00,0.517,0.5189,0.5152,0.5186,9490507.0
2024-05-15 20:00:00+00:00,0.5187,0.5195,0.5172,0.5192,8058185.0
2024-05-15 21:00:00+00:00,0.5191,0.5192,0.5169,0.5172,5757376.0
2024-05-15 22:00:00+00:00,0.5173,0.5183,0.5164,0.5179,8391027.0
2024-05-15 23:00:00+00:00,0.5178,0.5196,0.5173,0.5188,6938671.0
2024-05-16 00:00:00+00:00,0.5188,0.5193,0.5158,0.5174,19371148.0
2024-05-16 01:00:00+00:00,0.5173,0.5189,0.5162,0.5168,13490292.0
2024-05-16 02:00:00+00:00,0.5168,0.5189,0.5153,0.5162,16297552.0
2024-05-16 03:00:00+00:00,0.5162,0.5186,0.5156,0.5175,9213394.0
2024-05-16 04:00:00+00:00,0.5174,0.5195,0.5169,0.5194,5016347.0
2024-05-16 05:00:00+00:00,0.5195,0.5198,0.5175,0.5175,9344703.0
2024-05-16 06:00:00+00:00,0.5175,0.5196,0.5167,0.5189,12142303.0
2024-05-16 07:00:00+00:00,0.5189,0.5208,0.5165,0.5207,26105513.0
2024-05-16 08:00:00+00:00,0.5207,0.5228,0.5161,0.5171,19873712.0
2024-05-16 09:00:00+00:00,0.5171,0.5207,0.5167,0.5198,25445142.0
2024-05-16 10:00:00+00:00,0.5197,0.5198,0.5171,0.5179,9735232.0
2024-05-16 11:00:00+00:00,0.518,0.5191,0.5172,0.5188,9795331.0
2024-05-16 12:00:00+00:00,0.5189,0.519,0.5141,0.515,20371106.0
2024-05-16 13:00:00+00:00,0.5149,0.517,0.5141,0.517,12671709.0
2024-05-16 14:00:00+00:00,0.5169,0.5172,0.5123,0.5148,22587426.0
2024-05-16 15:00:00+00:00,0.5149,0.5196,0.5142,0.5185,23134674.0
2024-05-16 16:00:00+00:00,0.5185,0.5215,0.5162,0.5198,22625097.0
2024-05-16 17:00:00+00:00,0.5197,0.5212,0.5159,0.5187,15621052.0
2024-05-16 18:00:00+00:00,0.5187,0.5197,0.5183,0.5187,5700174.0
2024-05-16 19:00:00+00:00,0.5187,0.5196,0.5177,0.5181,5924071.0
2024-05-16 20:00:00+00:00,0.5181,0.5183,0.5168,0.517,4693780.0
2024-05-16 21:00:00+00:00,0.517,0.5177,0.513,0.5155,9910976.0
2024-05-16 22:00:00+00:00,0.5155,0.5156,0.5133,0.5153,4276554.0
2024-05-16 23:00:00+00:00,0.5154,0.516,0.5144,0.5157,4213831.0
2024-05-17 00:00:00+00:00,0.5158,0.5161,0.5148,0.5155,6762604.0
2024-05-17 01:00:00+00:00,0.5155,0.5161,0.5135,0.516,11089486.0
2024-05-17 02:00:00+00:00,0.5159,0.5178,0.5143,0.5168,9713809.0
2024-05-17 03:00:00+00:00,0.5167,0.5178,0.5156,0.5168,9630880.0
2024-05-17 04:00:00+00:00,0.5167,0.5175,0.5158,0.517,6366028.0
2024-05-17 05:00:00+00:00,0.517,0.5179,0.5155,0.5162,8794498.0
2024-05-17 06:00:00+00:00,0.5161,0.5184,0.5148,0.5179,17425948.0
2024-05-17 07:00:00+00:00,0.5179,0.523,0.5179,0.5218,32017701.0
2024-05-17 08:00:00+00:00,0.5218,0.5227,0.5192,0.5199,14712403.0
2024-05-17 09:00:00+00:00,0.5199,0.521,0.5189,0.519,13440972.0
2024-05-17 10:00:00+00:00,0.519,0.5223,0.518,0.5223,21042669.0
2024-05-17 11:00:00+00:00,0.5223,0.5224,0.5196,0.5204,17169442.0
2024-05-17 12:00:00+00:00,0.5204,0.5243,0.5197,0.5234,14153519.0
2024-05-17 13:00:00+00:00,0.5234,0.5238,0.5204,0.5222,16965361.0
2024-05-17 14:00:00+00:00,0.5222,0.5235,0.5211,0.5233,15096756.0
2024-05-17 15:00:00+00:00,0.5233,0.5269,0.5222,0.5254,18773638.0
2024-05-17 16:00:00+00:00,0.5254,0.5292,0.5247,0.5251,21274879.0
2024-05-17 17:00:00+00:00,0.525,0.5264,0.5237,0.5238,6627911.0
2024-05-17 18:00:00+00:00,0.5238,0.5241,0.5215,0.5236,6058297.0
2024-05-17 19:00:00+00:00,0.5235,0.524,0.5224,0.524,3458365.0
2024-05-17 20:00:00+00:00,0.5239,0.5247,0.5233,0.5239,3005564.0
2024-05-17 21:00:00+00:00,0.5238,0.5243,0.5216,0.523,6416405.0
2024-05-17 22:00:00+00:00,0.5229,0.5243,0.5226,0.5241,3371894.0
2024-05-17 23:00:00+00:00,0.524,0.5244,0.5231,0.5234,3127731.0
2024-05-18 00:00:00+00:00,0.5235,0.5236,0.522,0.5226,3962709.0
2024-05-18 01:00:00+00:00,0.5226,0.5234,0.5216,0.5233,2934032.0
2024-05-18 02:00:00+00:00,0.5233,0.5239,0.5226,0.5227,3510140.0
2024-05-18 03:00:00+00:00,0.5227,0.5244,0.5226,0.5241,3546879.0
2024-05-18 04:00:00+00:00,0.5241,0.5243,0.5232,0.5235,2850661.0
2024-05-18 05:00:00+00:00,0.5236,0.524,0.5228,0.523,2861987.0
2024-05-18 06:00:00+00:00,0.5231,0.5232,0.522,0.5221,3476505.0
2024-05-18 07:00:00+00:00,0.5221,0.5242,0.5218,0.5227,6854841.0
2024-05-18 08:00:00+00:00,0.5228,0.5245,0.5226,0.5241,4938186.0
2024-05-18 09:00:00+00:00,0.524,0.5253,0.5239,0.5248,3731383.0
2024-05-18 10:00:00+00:00,0.5249,0.5256,0.524,0.5247,4406343.0
2024-05-18 11:00:00+00:00,0.5247,0.5252,0.5235,0.5238,3775898.0
2024-05-18 12:00:00+00:00,0.5238,0.5246,0.522,0.5221,6942789.0
2024-05-18 13:00:00+00:00,0.5222,0.5226,0.5188,0.5198,9145336.0
2024-05-18 14:00:00+00:00,0.5198,0.5215,0.5186,0.5209,5666175.0
2024-05-18 15:00:00+00:00,0.5209,0.5225,0.5205,0.522,4159617.0
2024-05-18 16:00:00+00:00,0.5221,0.5227,0.5209,0.5213,3049655.0
2024-05-18 17:00:00+00:00,0.5212,0.522,0.5206,0.5217,2406721.0
2024-05-18 18:00:00+00:00,0.5217,0.5223,0.5207,0.5208,2129770.0
2024-05-18 19:00:00+00:00,0.5209,0.521,0.5203,0.5205,1557647.0
2024-05-18 20:00:00+00:00,0.5205,0.522,0.5202,0.5212,1892014.0
2024-05-18 21:00:00+00:00,0.5213,0.5219,0.5204,0.5205,2406260.0
2024-05-18 22:00:00+00:00,0.5206,0.5213,0.5201,0.5204,2302559.0
2024-05-18 23:00:00+00:00,0.5204,0.5214,0.5201,0.5213,1668719.0
2024-05-19 00:00:00+00:00,0.5213,0.5216,0.5202,0.5207,2105504.0
2024-05-19 01:00:00+00:00,0.5207,0.522,0.5206,0.5216,1498778.0
2024-05-19 02:00:00+00:00,0.5215,0.5236,0.5215,0.523,2706468.0
2024-05-19 03:00:00+00:00,0.5231,0.5232,0.5217,0.5223,5785319.0
2024-05-19 04:00:00+00:00,0.5223,0.5225,0.5215,0.5221,1943094.0
2024-05-19 05:00:00+00:00,0.5221,0.5227,0.5215,0.5221,5479989.0
2024-05-19 06:00:00+00:00,0.522,0.5221,0.5193,0.52,5366239.0
2024-05-19 07:00:00+00:00,0.5199,0.5211,0.5196,0.5206,1883208.0
2024-05-19 08:00:00+00:00,0.5206,0.5209,0.5192,0.5202,3106162.0
2024-05-19 09:00:00+00:00,0.5201,0.5204,0.5187,0.5197,5507883.0
2024-05-19 10:00:00+00:00,0.5197,0.521,0.5189,0.5193,3640791.0
2024-05-19 11:00:00+00:00,0.5192,0.5195,0.5157,0.5177,7664915.0
2024-05-19 12:00:00+00:00,0.5177,0.5177,0.513,0.5143,11322266.0
2024-05-19 13:00:00+00:00,0.5143,0.5156,0.5124,0.5152,4849664.0
2024-05-19 14:00:00+00:00,0.5152,0.5153,0.5139,0.5143,4756800.0
2024-05-19 15:00:00+00:00,0.5144,0.5144,0.5112,0.5126,7524746.0
2024-05-19 16:00:00+00:00,0.5126,0.513,0.5096,0.5101,7601287.0
2024-05-19 17:00:00+00:00,0.5102,0.5118,0.5094,0.5113,4608339.0
2024-05-19 18:00:00+00:00,0.5113,0.5116,0.5094,0.5095,2906710.0
2024-05-19 19:00:00+00:00,0.5095,0.51,0.5072,0.5077,5908661.0
2024-05-19 20:00:00+00:00,0.5077,0.5105,0.5072,0.5097,4337774.0
2024-05-19 21:00:00+00:00,0.5097,0.5106,0.5063,0.5091,5523373.0
2024-05-19 22:00:00+00:00,0.509,0.5102,0.5086,0.5099,3608729.0
2024-05-19 23:00:00+00:00,0.51,0.51,0.5088,0.5096,3337879.0
2024-05-20 00:00:00+00:00,0.5096,0.5113,0.5084,0.5104,12737191.0
2024-05-20 01:00:00+00:00,0.5103,0.511,0.5064,0.5106,12426651.0
2024-05-20 02:00:00+00:00,0.5105,0.5132,0.5104,0.5129,7137526.0
2024-05-20 03:00:00+00:00,0.5128,0.5138,0.5127,0.5131,3389075.0
2024-05-20 04:00:00+00:00,0.513,0.5172,0.513,0.5165,5954799.0
2024-05-20 05:00:00+00:00,0.5165,0.5182,0.5152,0.5155,6867230.0
2024-05-20 06:00:00+00:00,0.5155,0.5155,0.5064,0.509,31859306.0
2024-05-20 07:00:00+00:00,0.5089,0.5145,0.5083,0.5141,23199150.0
2024-05-20 08:00:00+00:00,0.514,0.5148,0.513,0.5137,6667916.0
2024-05-20 09:00:00+00:00,0.5137,0.5143,0.5106,0.5108,13322793.0
2024-05-20 10:00:00+00:00,0.5108,0.5146,0.5102,0.5128,16375541.0
2024-05-20 11:00:00+00:00,0.5128,0.5137,0.5117,0.5124,9187107.0
2024-05-20 12:00:00+00:00,0.5123,0.5129,0.5104,0.512,10745401.0
2024-05-20 13:00:00+00:00,0.512,0.5139,0.511,0.5132,9633447.0
2024-05-20 14:00:00+00:00,0.5132,0.5164,0.5116,0.5154,15505169.0
2024-05-20 15:00:00+00:00,0.5153,0.5178,0.5149,0.5167,13162428.0
2024-05-20 16:00:00+00:00,0.5167,0.5208,0.5159,0.5195,15940563.0
2024-05-20 17:00:00+00:00,0.5195,0.5237,0.5184,0.5226,13344863.0
2024-05-20 18:00:00+00:00,0.5225,0.5254,0.5213,0.5235,11917586.0
2024-05-20 19:00:00+00:00,0.5235,0.5348,0.5229,0.5339,52089340.0
2024-05-20 20:00:00+00:00,0.5339,0.5353,0.5298,0.5313,37620026.0
2024-05-20 21:00:00+00:00,0.5314,0.5351,0.5287,0.5351,20488694.0
2024-05-20 22:00:00+00:00,0.5349,0.5367,0.532,0.5349,26243250.0
2024-05-20 23:00:00+00:00,0.5348,0.538,0.5331,0.5377,29065402.0
2024-05-21 00:00:00+00:00,0.5377,0.5431,0.5364,0.5389,38357586.0
2024-05-21 01:00:00+00:00,0.5388,0.5391,0.5334,0.5372,27180153.0
2024-05-21 02:00:00+00:00,0.5372,0.5372,0.5344,0.535,13713402.0
2024-05-21 03:00:00+00:00,0.535,0.5368,0.5346,0.5354,12400131.0
2024-05-21 04:00:00+00:00,0.5353,0.5379,0.5342,0.5344,13508803.0
2024-05-21 05:00:00+00:00,0.5344,0.5365,0.533,0.5358,14867958.0
2024-05-21 06:00:00+00:00,0.5357,0.539,0.5353,0.5369,21907180.0
2024-05-21 07:00:00+00:00,0.5368,0.5408,0.5347,0.5408,31098923.0
2024-05-21 08:00:00+00:00,0.5408,0.5445,0.5383,0.543,28460939.0
2024-05-21 09:00:00+00:00,0.543,0.5467,0.5412,0.5421,31956813.0
2024-05-21 10:00:00+00:00,0.542,0.5455,0.5409,0.5427,19955353.0
2024-05-21 11:00:00+00:00,0.5426,0.5445,0.5411,0.5427,16861160.0
2024-05-21 12:00:00+00:00,0.5427,0.5452,0.5408,0.5443,20846414.0
2024-05-21 13:00:00+00:00,0.5442,0.5492,0.5408,0.5441,24916131.0
2024-05-21 14:00:00+00:00,0.5441,0.55,0.5441,0.5497,24377397.0
2024-05-21 15:00:00+00:00,0.5497,0.5571,0.5411,0.5425,45974655.0
2024-05-21 16:00:00+00:00,0.5424,0.5456,0.5414,0.5441,19402506.0
2024-05-21 17:00:00+00:00,0.5441,0.5468,0.5433,0.5453,16161705.0
2024-05-21 18:00:00+00:00,0.5453,0.5458,0.5406,0.542,11807637.0
2024-05-21 19:00:00+00:00,0.542,0.5426,0.5337,0.5372,17899848.0
2024-05-21 20:00:00+00:00,0.5371,0.5412,0.5366,0.5397,8082648.0
2024-05-21 21:00:00+00:00,0.5397,0.5397,0.5319,0.5334,12879460.0
2024-05-21 22:00:00+00:00,0.5334,0.5385,0.5334,0.5382,11174328.0
2024-05-21 23:00:00+00:00,0.5382,0.5382,0.5359,0.537,7605151.0
2024-05-22 00:00:00+00:00,0.537,0.5373,0.5332,0.5332,7249189.0
2024-05-22 01:00:00+00:00,0.5333,0.5368,0.5328,0.5368,10421355.0
2024-05-22 02:00:00+00:00,0.5367,0.5375,0.5348,0.5361,8348536.0
2024-05-22 03:00:00+00:00,0.5361,0.5368,0.5349,0.5364,5599848.0
2024-05-22 04:00:00+00:00,0.5365,0.5365,0.5286,0.5325,14803231.0
2024-05-22 05:00:00+00:00,0.5325,0.534,0.5308,0.5335,8008578.0
2024-05-22 06:00:00+00:00,0.5335,0.5356,0.5331,0.5338,17274619.0
2024-05-22 07:00:00+00:00,0.5339,0.5349,0.5295,0.5346,28390627.0
2024-05-22 08:00:00+00:00,0.5346,0.5383,0.5335,0.5348,20513621.0
2024-05-22 09:00:00+00:00,0.5348,0.5374,0.5325,0.5354,15502333.0
2024-05-22 10:00:00+00:00,0.5354,0.5365,0.5346,0.5356,9762060.0
2024-05-22 11:00:00+00:00,0.5356,0.5358,0.5308,0.5328,14750053.0
2024-05-22 12:00:00+00:00,0.5327,0.5348,0.5263,0.5276,19753137.0
2024-05-22 13:00:00+00:00,0.5277,0.5306,0.5276,0.5302,18067308.0
2024-05-22 14:00:00+00:00,0.5302,0.5335,0.529,0.5332,21503692.0
2024-05-22 15:00:00+00:00,0.5332,0.5368,0.5322,0.5357,12201104.0
2024-05-22 16:00:00+00:00,0.5357,0.5358,0.5336,0.5353,8889430.0
2024-05-22 17:00:00+00:00,0.5353,0.5379,0.5296,0.5315,12522568.0
2024-05-22 18:00:00+00:00,0.5315,0.5322,0.5266,0.5285,13448997.0
2024-05-22 19:00:00+00:00,0.5285,0.5294,0.5274,0.5288,4200923.0
2024-05-22 20:00:00+00:00,0.5289,0.5303,0.5249,0.5262,11696290.0
2024-05-22 21:00:00+00:00,0.5262,0.5281,0.5224,0.5275,11543771.0
2024-05-22 22:00:00+00:00,0.5275,0.5282,0.5261,0.527,4775317.0
2024-05-22 23:00:00+00:00,0.5271,0.5272,0.5259,0.5268,3957000.0
2024-05-23 00:00:00+00:00,0.5268,0.5292,0.5265,0.5282,10651405.0
2024-05-23 01:00:00+00:00,0.5282,0.5293,0.5254,0.5275,15564423.0
2024-05-23 02:00:00+00:00,0.5275,0.5289,0.527,0.528,5527674.0
2024-05-23 03:00:00+00:00,0.528,0.5298,0.5271,0.5296,3951345.0
2024-05-23 04:00:00+00:00,0.5296,0.5297,0.5282,0.5287,4313688.0
2024-05-23 05:00:00+00:00,0.5287,0.5289,0.5265,0.5273,4949772.0
2024-05-23 06:00:00+00:00,0.5273,0.5275,0.5249,0.5261,15965244.0
2024-05-23 07:00:00+00:00,0.5261,0.53,0.5248,0.529,28039072.0
2024-05-23 08:00:00+00:00,0.5291,0.5308,0.5282,0.5297,18828868.0
2024-05-23 09:00:00+00:00,0.5298,0.5308,0.5253,0.5259,10673366.0
2024-05-23 10:00:00+00:00,0.5258,0.5271,0.5224,0.5252,13252178.0
2024-05-23 11:00:00+00:00,0.5252,0.5294,0.5248,0.529,12515248.0
2024-05-23 12:00:00+00:00,0.529,0.5303,0.5194,0.5242,33895872.0
2024-05-23 13:00:00+00:00,0.5242,0.5488,0.5113,0.5254,140698843.0
2024-05-23 14:00:00+00:00,0.5253,0.539,0.5248,0.5326,52873703.0
2024-05-23 15:00:00+00:00,0.5326,0.5359,0.5282,0.5292,21240076.0
2024-05-23 16:00:00+00:00,0.5291,0.53,0.5242,0.5247,15568385.0
2024-05-23 17:00:00+00:00,0.5246,0.5285,0.5246,0.5261,6365320.0
2024-05-23 18:00:00+00:00,0.5262,0.5305,0.5163,0.5201,41822386.0
2024-05-23 19:00:00+00:00,0.5201,0.5225,0.5182,0.5206,8081343.0
2024-05-23 20:00:00+00:00,0.5205,0.5205,0.5027,0.5173,50522846.0
2024-05-23 21:00:00+00:00,0.5173,0.5295,0.5137,0.5293,50603288.0
2024-05-23 22:00:00+00:00,0.5293,0.5302,0.5238,0.5267,10839971.0
2024-05-23 23:00:00+00:00,0.5267,0.5293,0.526,0.5289,8390280.0
2024-05-24 00:00:00+00:00,0.5288,0.5303,0.526,0.529,13818166.0
2024-05-24 01:00:00+00:00,0.5289,0.5351,0.5277,0.5338,13943111.0
2024-05-24 02:00:00+00:00,0.5338,0.5338,0.53,0.5315,7981665.0
2024-05-24 03:00:00+00:00,0.5314,0.5315,0.5292,0.5306,8663116.0
2024-05-24 04:00:00+00:00,0.5306,0.5318,0.5294,0.5304,6454743.0
2024-05-24 05:00:00+00:00,0.5303,0.5307,0.5235,0.5248,13410152.0
2024-05-24 06:00:00+00:00,0.5247,0.5262,0.5188,0.5189,29558706.0
2024-05-24 07:00:00+00:00,0.5188,0.523,0.5168,0.523,20433819.0
2024-05-24 08:00:00+00:00,0.5229,0.5241,0.5178,0.5239,7745742.0
2024-05-24 09:00:00+00:00,0.5239,0.5255,0.5219,0.5237,14409466.0
2024-05-24 10:00:00+00:00,0.5237,0.527,0.5214,0.5266,25941064.0
2024-05-24 11:00:00+00:00,0.5265,0.5318,0.5264,0.5279,21306652.0
2024-05-24 12:00:00+00:00,0.5279,0.5335,0.5268,0.5316,18860421.0
2024-05-24 13:00:00+00:00,0.5316,0.5375,0.5303,0.5328,24609875.0
2024-05-24 14:00:00+00:00,0.5328,0.5361,0.531,0.5342,17445836.0
2024-05-24 15:00:00+00:00,0.5341,0.5373,0.5322,0.5327,19507083.0
2024-05-24 16:00:00+00:00,0.5327,0.5334,0.53,0.5304,13604062.0
2024-05-24 17:00:00+00:00,0.5304,0.534,0.5303,0.5318,9214418.0
2024-05-24 18:00:00+00:00,0.5318,0.5341,0.531,0.5323,7736863.0
2024-05-24 19:00:00+00:00,0.5322,0.5334,0.5315,0.5331,5732494.0
2024-05-24 20:00:00+00:00,0.5331,0.5345,0.532,0.5321,5644313.0
2024-05-24 21:00:00+00:00,0.532,0.5349,0.5313,0.5335,8666184.0
2024-05-24 22:00:00+00:00,0.5335,0.5359,0.5334,0.5355,3950421.0
2024-05-24 23:00:00+00:00,0.5355,0.5364,0.5345,0.536,4354148.0
2024-05-25 00:00:00+00:00,0.5359,0.536,0.5341,0.5346,6491801.0
2024-05-25 01:00:00+00:00,0.5346,0.536,0.5346,0.5354,5283297.0
2024-05-25 02:00:00+00:00,0.5353,0.5355,0.534,0.5343,2939335.0
2024-05-25 03:00:00+00:00,0.5343,0.5349,0.5333,0.5346,2989712.0
2024-05-25 04:00:00+00:00,0.5347,0.5377,0.5346,0.5371,7521215.0
2024-05-25 05:00:00+00:00,0.5372,0.5374,0.5354,0.536,4679836.0
2024-05-25 06:00:00+00:00,0.5361,0.5366,0.5342,0.5344,4295747.0
2024-05-25 07:00:00+00:00,0.5344,0.5362,0.5341,0.5349,4187650.0
2024-05-25 08:00:00+00:00,0.5349,0.5352,0.5341,0.5345,3483808.0
2024-05-25 09:00:00+00:00,0.5344,0.5372,0.5342,0.5371,4781584.0
2024-05-25 10:00:00+00:00,0.5371,0.5406,0.5371,0.5404,9197277.0
2024-05-25 11:00:00+00:00,0.5405,0.5418,0.5376,0.5376,6821035.0
2024-05-25 12:00:00+00:00,0.5376,0.5381,0.5357,0.5359,6976059.0
2024-05-25 13:00:00+00:00,0.536,0.5375,0.5318,0.5346,12168324.0
2024-05-25 14:00:00+00:00,0.5346,0.5383,0.5342,0.5383,4969658.0
2024-05-25 15:00:00+00:00,0.5382,0.5425,0.5379,0.5397,13516933.0
2024-05-25 16:00:00+00:00,0.5397,0.5406,0.5376,0.538,5075490.0
2024-05-25 17:00:00+00:00,0.5379,0.539,0.5375,0.5382,3054459.0
2024-05-25 18:00:00+00:00,0.5383,0.5394,0.538,0.5388,2957553.0
2024-05-25 19:00:00+00:00,0.5388,0.5399,0.5383,0.5393,2971701.0
2024-05-25 20:00:00+00:00,0.5394,0.5403,0.5386,0.5399,5576459.0
2024-05-25 21:00:00+00:00,0.54,0.5426,0.5396,0.5405,7104357.0
2024-05-25 22:00:00+00:00,0.5405,0.5417,0.5394,0.5415,2534524.0
2024-05-25 23:00:00+00:00,0.5414,0.5423,0.5407,0.5416,2798390.0
2024-05-26 00:00:00+00:00,0.5416,0.5417,0.54,0.5401,3169895.0
2024-05-26 01:00:00+00:00,0.5401,0.542,0.5401,0.5412,2668202.0
2024-05-26 02:00:00+00:00,0.5413,0.5415,0.5385,0.5395,5787681.0
2024-05-26 03:00:00+00:00,0.5396,0.5404,0.5386,0.54,2872850.0
2024-05-26 04:00:00+00:00,0.54,0.54,0.5378,0.5387,3231889.0
2024-05-26 05:00:00+00:00,0.5387,0.5389,0.5377,0.5384,2815059.0
2024-05-26 06:00:00+00:00,0.5384,0.539,0.5377,0.5381,1862290.0
2024-05-26 07:00:00+00:00,0.5383,0.5396,0.5377,0.5396,3667728.0
2024-05-26 08:00:00+00:00,0.5395,0.54,0.5365,0.5378,3814621.0
2024-05-26 09:00:00+00:00,0.5378,0.5382,0.5341,0.536,6374666.0
2024-05-26 10:00:00+00:00,0.5361,0.5374,0.5353,0.5365,5542916.0
2024-05-26 11:00:00+00:00,0.5365,0.5369,0.5349,0.5363,5196768.0
2024-05-26 12:00:00+00:00,0.5363,0.5364,0.5337,0.5338,5037390.0
2024-05-26 13:00:00+00:00,0.5339,0.5348,0.5328,0.5336,5952249.0
2024-05-26 14:00:00+00:00,0.5337,0.5353,0.5328,0.5349,5531637.0
2024-05-26 15:00:00+00:00,0.535,0.5355,0.5294,0.5312,9172201.0
2024-05-26 16:00:00+00:00,0.5311,0.532,0.5294,0.5298,5326347.0
2024-05-26 17:00:00+00:00,0.5298,0.5311,0.5294,0.5305,4334894.0
2024-05-26 18:00:00+00:00,0.5305,0.5314,0.5295,0.5307,3157189.0
2024-05-26 19:00:00+00:00,0.5306,0.5316,0.5302,0.5309,3295835.0
2024-05-26 20:00:00+00:00,0.531,0.531,0.5294,0.5298,3445827.0
2024-05-26 21:00:00+00:00,0.5297,0.5297,0.5255,0.5292,7504944.0
2024-05-26 22:00:00+00:00,0.5293,0.5303,0.5287,0.5296,6359321.0
2024-05-26 23:00:00+00:00,0.5295,0.5302,0.5277,0.5283,2676867.0
2024-05-27 00:00:00+00:00,0.5283,0.5302,0.5275,0.5302,8287202.0
2024-05-27 01:00:00+00:00,0.5302,0.5337,0.5298,0.532,4282745.0
2024-05-27 02:00:00+00:00,0.532,0.5337,0.5309,0.5322,5497199.0
2024-05-27 03:00:00+00:00,0.5322,0.5327,0.5314,0.5317,5356021.0
2024-05-27 04:00:00+00:00,0.5316,0.5323,0.5304,0.5306,6744157.0
2024-05-27 05:00:00+00:00,0.5305,0.5309,0.5261,0.528,8490520.0
2024-05-27 06:00:00+00:00,0.5281,0.5285,0.5248,0.5252,16163357.0
2024-05-27 07:00:00+00:00,0.5251,0.5281,0.5236,0.528,25469474.0
2024-05-27 08:00:00+00:00,0.528,0.5324,0.5279,0.5312,21213045.0
2024-05-27 09:00:00+00:00,0.5311,0.5315,0.528,0.5296,12688649.0
2024-05-27 10:00:00+00:00,0.5295,0.5305,0.5273,0.5285,8659243.0
2024-05-27 11:00:00+00:00,0.5284,0.5293,0.5267,0.528,7447895.0
2024-05-27 12:00:00+00:00,0.528,0.5295,0.5278,0.5294,7425611.0
2024-05-27 13:00:00+00:00,0.5295,0.535,0.5294,0.5326,18398167.0
2024-05-27 14:00:00+00:00,0.5325,0.5369,0.5325,0.535,15952859.0
2024-05-27 15:00:00+00:00,0.535,0.5409,0.5348,0.5392,14245759.0
2024-05-27 16:00:00+00:00,0.5392,0.5408,0.5377,0.5391,11407223.0
2024-05-27 17:00:00+00:00,0.539,0.5403,0.5366,0.5377,8004447.0
2024-05-27 18:00:00+00:00,0.5377,0.5387,0.5362,0.5366,6291637.0
2024-05-27 19:00:00+00:00,0.5365,0.5371,0.5286,0.5317,13168905.0
2024-05-27 20:00:00+00:00,0.5316,0.5362,0.531,0.5353,7176954.0
2024-05-27 21:00:00+00:00,0.5352,0.5354,0.5335,0.5347,4253481.0
2024-05-27 22:00:00+00:00,0.5346,0.5366,0.5339,0.5355,3868381.0
2024-05-27 23:00:00+00:00,0.5355,0.5358,0.5335,0.534,4489786.0
2024-05-28 00:00:00+00:00,0.5339,0.5348,0.5319,0.5329,12730769.0
2024-05-28 01:00:00+00:00,0.5329,0.5355,0.5281,0.5296,18889384.0
2024-05-28 02:00:00+00:00,0.5295,0.5312,0.526,0.5309,17591164.0
2024-05-28 03:00:00+00:00,0.5309,0.5311,0.5254,0.5275,10204499.0
2024-05-28 04:00:00+00:00,0.5274,0.5278,0.5211,0.5239,16244416.0
2024-05-28 05:00:00+00:00,0.5239,0.5255,0.5228,0.5255,7299096.0
2024-05-28 06:00:00+00:00,0.5255,0.526,0.5234,0.5256,13383916.0
2024-05-28 07:00:00+00:00,0.5256,0.5282,0.5229,0.5264,22908091.0
2024-05-28 08:00:00+00:00,0.5263,0.5276,0.5256,0.5273,7188695.0
2024-05-28 09:00:00+00:00,0.5272,0.5282,0.5267,0.5276,6950025.0
2024-05-28 10:00:00+00:00,0.5275,0.5332,0.5273,0.5305,25979894.0
2024-05-28 11:00:00+00:00,0.5305,0.5328,0.5295,0.5305,16287449.0
2024-05-28 12:00:00+00:00,0.5304,0.5329,0.5289,0.5309,12939793.0
2024-05-28 13:00:00+00:00,0.5308,0.5336,0.5277,0.5292,19653610.0
2024-05-28 14:00:00+00:00,0.5292,0.5308,0.5258,0.5281,14400901.0
2024-05-28 15:00:00+00:00,0.528,0.5309,0.5263,0.5301,9750905.0
2024-05-28 16:00:00+00:00,0.53,0.5304,0.5273,0.5279,8793816.0
2024-05-28 17:00:00+00:00,0.5278,0.5296,0.5252,0.5261,8026653.0
2024-05-28 18:00:00+00:00,0.5261,0.5274,0.5224,0.5248,11032170.0
2024-05-28 19:00:00+00:00,0.5248,0.528,0.5247,0.5271,5599384.0
2024-05-28 20:00:00+00:00,0.527,0.5289,0.5265,0.5271,5218254.0
2024-05-28 21:00:00+00:00,0.527,0.5283,0.5257,0.528,4361839.0
2024-05-28 22:00:00+00:00,0.528,0.53,0.5279,0.5296,3963920.0
2024-05-28 23:00:00+00:00,0.5296,0.53,0.5286,0.5287,3071157.0
2024-05-29 00:00:00+00:00,0.5286,0.5294,0.5266,0.527,6534484.0
2024-05-29 01:00:00+00:00,0.527,0.5276,0.5249,0.5255,11480735.0
2024-05-29 02:00:00+00:00,0.5255,0.528,0.5249,0.5274,8727472.0
2024-05-29 03:00:00+00:00,0.5274,0.5292,0.5261,0.5288,9502871.0
2024-05-29 04:00:00+00:00,0.5288,0.5305,0.5282,0.5302,8505088.0
2024-05-29 05:00:00+00:00,0.5302,0.5312,0.5289,0.5302,8527564.0
2024-05-29 06:00:00+00:00,0.5302,0.532,0.5288,0.5291,12361174.0
2024-05-29 07:00:00+00:00,0.529,0.5303,0.5251,0.526,27006794.0
2024-05-29 08:00:00+00:00,0.5259,0.5292,0.5215,0.529,36102549.0
2024-05-29 09:00:00+00:00,0.5289,0.5334,0.5274,0.5293,21325539.0
2024-05-29 10:00:00+00:00,0.5293,0.5319,0.5286,0.5306,24730670.0
2024-05-29 11:00:00+00:00,0.5305,0.5334,0.5286,0.5291,20401044.0
2024-05-29 12:00:00+00:00,0.5292,0.5307,0.5275,0.5297,22956543.0
2024-05-29 13:00:00+00:00,0.5296,0.5322,0.5282,0.5295,16828542.0
2024-05-29 14:00:00+00:00,0.5295,0.5308,0.5281,0.5294,9970208.0
2024-05-29 15:00:00+00:00,0.5294,0.5308,0.5274,0.528,10735965.0
2024-05-29 16:00:00+00:00,0.528,0.5283,0.5249,0.5273,13071876.0
2024-05-29 17:00:00+00:00,0.5272,0.5291,0.5255,0.5269,7342667.0
2024-05-29 18:00:00+00:00,0.527,0.527,0.5244,0.5252,7259439.0
2024-05-29 19:00:00+00:00,0.5252,0.5264,0.5231,0.5232,4141418.0
2024-05-29 20:00:00+00:00,0.5233,0.5242,0.5226,0.5232,9687347.0
2024-05-29 21:00:00+00:00,0.5231,0.5246,0.52,0.5242,12670588.0
2024-05-29 22:00:00+00:00,0.5243,0.5248,0.5234,0.5247,3832205.0
2024-05-29 23:00:00+00:00,0.5247,0.5249,0.5234,0.5238,3088297.0
2024-05-30 00:00:00+00:00,0.5238,0.5254,0.5235,0.5238,6565186.0
2024-05-30 01:00:00+00:00,0.5237,0.5256,0.5228,0.5242,10929845.0
2024-05-30 02:00:00+00:00,0.5242,0.5276,0.5239,0.5268,12781641.0
2024-05-30 03:00:00+00:00,0.5268,0.5278,0.5262,0.5276,7792633.0
2024-05-30 04:00:00+00:00,0.5275,0.5283,0.5263,0.5269,4896240.0
2024-05-30 05:00:00+00:00,0.5269,0.5272,0.5256,0.5262,7785627.0
2024-05-30 06:00:00+00:00,0.5263,0.5266,0.5161,0.5184,43784564.0
2024-05-30 07:00:00+00:00,0.5183,0.5204,0.5138,0.5157,30907105.0
2024-05-30 08:00:00+00:00,0.5157,0.518,0.5127,0.5177,40060651.0
2024-05-30 09:00:00+00:00,0.5177,0.5184,0.5166,0.5175,22452327.0
2024-05-30 10:00:00+00:00,0.5175,0.5211,0.5172,0.5203,22481160.0
2024-05-30 11:00:00+00:00,0.5203,0.5223,0.5198,0.5204,17496071.0
2024-05-30 12:00:00+00:00,0.5203,0.5224,0.5195,0.5217,15703775.0
2024-05-30 13:00:00+00:00,0.5216,0.524,0.5209,0.5232,20712171.0
2024-05-30 14:00:00+00:00,0.5233,0.5244,0.5219,0.5223,13506156.0
2024-05-30 15:00:00+00:00,0.5223,0.5247,0.5209,0.5245,21532221.0
2024-05-30 16:00:00+00:00,0.5245,0.5258,0.5239,0.5248,10554908.0
2024-05-30 17:00:00+00:00,0.5249,0.5262,0.5226,0.5253,11881179.0
2024-05-30 18:00:00+00:00,0.5254,0.5261,0.5244,0.5254,5462509.0
2024-05-30 19:00:00+00:00,0.5253,0.5256,0.5213,0.522,7049856.0
2024-05-30 20:00:00+00:00,0.522,0.522,0.5167,0.5188,15157587.0
2024-05-30 21:00:00+00:00,0.5187,0.5205,0.5177,0.5202,3666898.0
2024-05-30 22:00:00+00:00,0.5203,0.5204,0.5191,0.5197,4167928.0
2024-05-30 23:00:00+00:00,0.5197,0.5203,0.5185,0.5186,4434564.0
2024-05-31 00:00:00+00:00,0.5185,0.5199,0.5176,0.5198,11010518.0
2024-05-31 01:00:00+00:00,0.5197,0.5208,0.5189,0.5197,11553351.0
2024-05-31 02:00:00+00:00,0.5196,0.5214,0.5196,0.5212,5996282.0
2024-05-31 03:00:00+00:00,0.5211,0.5221,0.521,0.5217,3983045.0
2024-05-31 04:00:00+00:00,0.5217,0.5219,0.5209,0.5212,4536443.0
2024-05-31 05:00:00+00:00,0.5212,0.5212,0.5167,0.519,7835406.0
2024-05-31 06:00:00+00:00,0.519,0.5195,0.5169,0.5173,16815891.0
2024-05-31 07:00:00+00:00,0.5173,0.5183,0.5159,0.5164,18525815.0
2024-05-31 08:00:00+00:00,0.5163,0.5217,0.5161,0.5201,22174091.0
2024-05-31 09:00:00+00:00,0.52,0.5234,0.5184,0.5197,23421404.0
2024-05-31 10:00:00+00:00,0.5197,0.5216,0.5192,0.5202,18197317.0
2024-05-31 11:00:00+00:00,0.5201,0.5222,0.5196,0.5214,16385052.0
2024-05-31 12:00:00+00:00,0.5214,0.5246,0.5206,0.5234,19567981.0
2024-05-31 13:00:00+00:00,0.5234,0.5241,0.519,0.5193,17758385.0
2024-05-31 14:00:00+00:00,0.5193,0.5228,0.5171,0.5227,27767206.0
2024-05-31 15:00:00+00:00,0.5227,0.5259,0.5172,0.5176,20361337.0
2024-05-31 16:00:00+00:00,0.5176,0.5194,0.5119,0.516,27707404.0
2024-05-31 17:00:00+00:00,0.5159,0.5172,0.5152,0.5163,6102142.0
2024-05-31 18:00:00+00:00,0.5163,0.5172,0.5152,0.5168,3091541.0
2024-05-31 19:00:00+00:00,0.5168,0.5191,0.5162,0.5181,4114015.0
2024-05-31 20:00:00+00:00,0.5181,0.5187,0.5171,0.5182,3188934.0
2024-05-31 21:00:00+00:00,0.5181,0.5192,0.5173,0.5182,4151228.0
2024-05-31 22:00:00+00:00,0.5181,0.5199,0.5181,0.5191,4222890.0
2024-05-31 23:00:00+00:00,0.5191,0.5193,0.517,0.5176,5931066.0
2024-06-01 00:00:00+00:00,0.5176,0.5188,0.5174,0.5187,3958130.0
2024-06-01 01:00:00+00:00,0.5187,0.5195,0.5179,0.5182,4034293.0
2024-06-01 02:00:00+00:00,0.5183,0.5196,0.518,0.5193,3383983.0
2024-06-01 03:00:00+00:00,0.5192,0.5201,0.5189,0.5192,4392500.0
2024-06-01 04:00:00+00:00,0.5192,0.5199,0.5182,0.5193,4389047.0
2024-06-01 05:00:00+00:00,0.5193,0.5197,0.5185,0.5188,2886428.0
2024-06-01 06:00:00+00:00,0.5188,0.5195,0.5187,0.5193,2664198.0
2024-06-01 07:00:00+00:00,0.5193,0.5198,0.5188,0.5188,3861341.0
2024-06-01 08:00:00+00:00,0.5189,0.5196,0.5183,0.5195,3406737.0
2024-06-01 09:00:00+00:00,0.5195,0.521,0.5191,0.5208,3391982.0
2024-06-01 10:00:00+00:00,0.5208,0.5213,0.5199,0.5205,5048970.0
2024-06-01 11:00:00+00:00,0.5206,0.5206,0.519,0.5201,6150649.0
2024-06-01 12:00:00+00:00,0.5201,0.5211,0.5197,0.5204,4366004.0
2024-06-01 13:00:00+00:00,0.5204,0.5214,0.5204,0.5207,3809490.0
2024-06-01 14:00:00+00:00,0.5207,0.5219,0.5206,0.5209,4024623.0
2024-06-01 15:00:00+00:00,0.521,0.5215,0.52,0.5201,3472339.0
2024-06-01 16:00:00+00:00,0.5201,0.5208,0.5195,0.52,3567061.0
2024-06-01 17:00:00+00:00,0.52,0.5201,0.5184,0.5195,4040657.0
2024-06-01 18:00:00+00:00,0.5194,0.5195,0.5185,0.5188,2277425.0
2024-06-01 19:00:00+00:00,0.5188,0.5201,0.5183,0.5197,2924052.0
2024-06-01 20:00:00+00:00,0.5197,0.5204,0.519,0.5202,2708809.0
2024-06-01 21:00:00+00:00,0.5203,0.5206,0.5196,0.5198,3256234.0
2024-06-01 22:00:00+00:00,0.5199,0.5204,0.5196,0.52,2712141.0
2024-06-01 23:00:00+00:00,0.52,0.5201,0.518,0.5187,3567461.0
