timestamp,open,high,low,close,volume
2025-09-14 17:30:00+00:00,0.27815,0.28018,0.2772,0.27985,211155924.0
2025-09-14 17:45:00+00:00,0.27984,0.28332,0.27978,0.28156,304756941.0
2025-09-14 18:00:00+00:00,0.28157,0.28198,0.28001,0.28085,80671766.0
2025-09-14 18:15:00+00:00,0.28085,0.28113,0.27832,0.27886,131584888.0
2025-09-14 18:30:00+00:00,0.27887,0.27949,0.27838,0.27881,37190837.0
2025-09-14 18:45:00+00:00,0.27881,0.27891,0.2772,0.27794,101539472.0
2025-09-14 19:00:00+00:00,0.27794,0.27868,0.2767,0.27838,96393396.0
2025-09-14 19:15:00+00:00,0.27838,0.27939,0.27802,0.27926,68617642.0
2025-09-14 19:30:00+00:00,0.27926,0.27982,0.27825,0.2786,54380926.0
2025-09-14 19:45:00+00:00,0.2786,0.27905,0.27706,0.27784,71180621.0
2025-09-14 20:00:00+00:00,0.27784,0.27935,0.27735,0.27894,32466388.0
2025-09-14 20:15:00+00:00,0.27894,0.27964,0.27844,0.27871,44896960.0
2025-09-14 20:30:00+00:00,0.27871,0.27931,0.27781,0.27925,42425635.0
2025-09-14 20:45:00+00:00,0.27925,0.27932,0.27841,0.279,27627359.0
2025-09-14 21:00:00+00:00,0.279,0.27998,0.27682,0.27875,73796877.0
2025-09-14 21:15:00+00:00,0.27875,0.28062,0.27873,0.28011,71858105.0
2025-09-14 21:30:00+00:00,0.28011,0.28233,0.27986,0.2822,85188826.0
2025-09-14 21:45:00+00:00,0.28221,0.28277,0.28006,0.28129,121444670.0
2025-09-14 22:00:00+00:00,0.2813,0.28139,0.27938,0.27958,56007462.0
2025-09-14 22:15:00+00:00,0.27959,0.28007,0.2787,0.27976,46089155.0
2025-09-14 22:30:00+00:00,0.27977,0.2821,0.27947,0.28176,61776066.0
2025-09-14 22:45:00+00:00,0.28176,0.28262,0.2808,0.281,61649197.0
2025-09-14 23:00:00+00:00,0.281,0.28121,0.27881,0.27914,77467557.0
2025-09-14 23:15:00+00:00,0.27915,0.28011,0.27815,0.27872,67682389.0
2025-09-14 23:30:00+00:00,0.27872,0.279,0.27743,0.2781,79840949.0
2025-09-14 23:45:00+00:00,0.2781,0.27897,0.27724,0.27785,67383262.0
2025-09-15 00:00:00+00:00,0.27784,0.28018,0.27755,0.27944,108100162.0
2025-09-15 00:15:00+00:00,0.27943,0.28079,0.27751,0.28057,102580619.0
2025-09-15 00:30:00+00:00,0.28057,0.28059,0.27803,0.27823,67411562.0
2025-09-15 00:45:00+00:00,0.27823,0.27935,0.27775,0.27802,39921921.0
2025-09-15 01:00:00+00:00,0.27801,0.27832,0.27512,0.27525,203350260.0
2025-09-15 01:15:00+00:00,0.27526,0.27792,0.27417,0.27713,158729421.0
2025-09-15 01:30:00+00:00,0.27713,0.2806,0.27699,0.27934,142836929.0
2025-09-15 01:45:00+00:00,0.27934,0.28018,0.27803,0.27885,109930642.0
2025-09-15 02:00:00+00:00,0.27885,0.2805,0.2787,0.28012,139943831.0
2025-09-15 02:15:00+00:00,0.28012,0.28138,0.27911,0.27944,112737172.0
2025-09-15 02:30:00+00:00,0.27944,0.27946,0.27763,0.27844,67968074.0
2025-09-15 02:45:00+00:00,0.27844,0.27865,0.27751,0.27787,42254890.0
2025-09-15 03:00:00+00:00,0.27787,0.28013,0.27763,0.27979,60597683.0
2025-09-15 03:15:00+00:00,0.2798,0.28032,0.2789,0.2792,57217333.0
2025-09-15 03:30:00+00:00,0.27919,0.27968,0.27844,0.27928,33525057.0
2025-09-15 03:45:00+00:00,0.27929,0.28059,0.27923,0.28007,38597258.0
2025-09-15 04:00:00+00:00,0.28006,0.28006,0.27893,0.2792,44756573.0
2025-09-15 04:15:00+00:00,0.27919,0.282,0.279,0.28112,140718222.0
2025-09-15 04:30:00+00:00,0.28113,0.28157,0.27968,0.28025,71560200.0
2025-09-15 04:45:00+00:00,0.28026,0.28099,0.27972,0.28004,45715018.0
2025-09-15 05:00:00+00:00,0.28005,0.28074,0.27916,0.28042,51193450.0
2025-09-15 05:15:00+00:00,0.28043,0.2817,0.28024,0.28123,77544978.0
2025-09-15 05:30:00+00:00,0.28124,0.28167,0.28061,0.28065,46305619.0
2025-09-15 05:45:00+00:00,0.28065,0.2816,0.28037,0.28146,44652975.0
2025-09-15 06:00:00+00:00,0.28144,0.28161,0.27989,0.28014,85813691.0
2025-09-15 06:15:00+00:00,0.28014,0.28054,0.27763,0.2777,121110154.0
2025-09-15 06:30:00+00:00,0.27771,0.27819,0.27505,0.27564,241371930.0
2025-09-15 06:45:00+00:00,0.27565,0.27573,0.27346,0.27492,217435622.0
2025-09-15 07:00:00+00:00,0.27491,0.27627,0.2748,0.27603,115819888.0
2025-09-15 07:15:00+00:00,0.27602,0.27657,0.27341,0.27355,142937330.0
2025-09-15 07:30:00+00:00,0.27354,0.27355,0.26727,0.26859,731726134.0
2025-09-15 07:45:00+00:00,0.26859,0.26946,0.26713,0.26819,212515401.0
2025-09-15 08:00:00+00:00,0.26818,0.26829,0.26104,0.26401,770749648.0
2025-09-15 08:15:00+00:00,0.26402,0.26505,0.26254,0.26372,342449442.0
2025-09-15 08:30:00+00:00,0.26373,0.26436,0.26213,0.26291,181973268.0
2025-09-15 08:45:00+00:00,0.2629,0.26319,0.25854,0.25968,641749069.0
2025-09-15 09:00:00+00:00,0.25968,0.26322,0.25879,0.26199,417582948.0
2025-09-15 09:15:00+00:00,0.26198,0.2635,0.261,0.26281,220018031.0
2025-09-15 09:30:00+00:00,0.26281,0.26365,0.26204,0.26286,134159193.0
2025-09-15 09:45:00+00:00,0.26286,0.2634,0.26224,0.26328,87299066.0
2025-09-15 10:00:00+00:00,0.26329,0.26355,0.26128,0.26175,106787173.0
2025-09-15 10:15:00+00:00,0.26175,0.26294,0.26144,0.26227,86934306.0
2025-09-15 10:30:00+00:00,0.26227,0.2638,0.26193,0.26372,117535626.0
2025-09-15 10:45:00+00:00,0.26372,0.26454,0.26299,0.26404,104585307.0
2025-09-15 11:00:00+00:00,0.26405,0.26516,0.2633,0.26477,183902411.0
2025-09-15 11:15:00+00:00,0.26477,0.26547,0.26419,0.26489,89682184.0
2025-09-15 11:30:00+00:00,0.26489,0.26576,0.26428,0.26515,86075050.0
2025-09-15 11:45:00+00:00,0.26514,0.2655,0.264,0.26513,87633069.0
2025-09-15 12:00:00+00:00,0.26513,0.26517,0.26351,0.2646,102791715.0
2025-09-15 12:15:00+00:00,0.2646,0.26543,0.26285,0.26292,132749350.0
2025-09-15 12:30:00+00:00,0.26291,0.26395,0.26282,0.26376,92455635.0
2025-09-15 12:45:00+00:00,0.26376,0.26383,0.26168,0.26229,177985075.0
2025-09-15 13:00:00+00:00,0.26229,0.26326,0.26151,0.26293,123248410.0
2025-09-15 13:15:00+00:00,0.26293,0.26324,0.26168,0.26275,82583153.0
2025-09-15 13:30:00+00:00,0.26275,0.26509,0.26199,0.26222,284932782.0
2025-09-15 13:45:00+00:00,0.26222,0.26489,0.26207,0.2634,161041860.0
2025-09-15 14:00:00+00:00,0.26339,0.26354,0.26091,0.2627,180630977.0
2025-09-15 14:15:00+00:00,0.26269,0.26454,0.26177,0.26441,121407303.0
2025-09-15 14:30:00+00:00,0.26441,0.26469,0.26311,0.26419,144587830.0
2025-09-15 14:45:00+00:00,0.26418,0.26462,0.26233,0.26244,82223103.0
2025-09-15 15:00:00+00:00,0.26243,0.26368,0.26233,0.26266,66858593.0
2025-09-15 15:15:00+00:00,0.26266,0.26384,0.26168,0.26325,144869125.0
2025-09-15 15:30:00+00:00,0.26325,0.26332,0.26176,0.26224,84115881.0
2025-09-15 15:45:00+00:00,0.26225,0.26456,0.26162,0.26405,129261566.0
2025-09-15 16:00:00+00:00,0.26406,0.26413,0.26201,0.26352,119894096.0
2025-09-15 16:15:00+00:00,0.26353,0.26383,0.26236,0.26287,42229549.0
2025-09-15 16:30:00+00:00,0.26287,0.26677,0.26239,0.26672,142551391.0
2025-09-15 16:45:00+00:00,0.26672,0.26677,0.26275,0.26314,195703508.0
2025-09-15 17:00:00+00:00,0.26314,0.26462,0.26279,0.26361,82486889.0
2025-09-15 17:15:00+00:00,0.26361,0.26464,0.26276,0.26431,89399837.0
2025-09-15 17:30:00+00:00,0.26431,0.26616,0.26406,0.26596,92771432.0
2025-09-15 17:45:00+00:00,0.26596,0.26624,0.26489,0.26608,82447881.0
2025-09-15 18:00:00+00:00,0.26607,0.26609,0.26404,0.2646,61125862.0
2025-09-15 18:15:00+00:00,0.26461,0.26509,0.26413,0.26413,39929576.0
2025-09-15 18:30:00+00:00,0.26413,0.2649,0.26374,0.26406,46790349.0
2025-09-15 18:45:00+00:00,0.26407,0.26506,0.26395,0.2644,39139683.0
2025-09-15 19:00:00+00:00,0.2644,0.26639,0.26403,0.26439,93812156.0
2025-09-15 19:15:00+00:00,0.2644,0.26443,0.26333,0.26346,76643944.0
2025-09-15 19:30:00+00:00,0.26346,0.26484,0.26274,0.2644,69408828.0
2025-09-15 19:45:00+00:00,0.2644,0.2646,0.2635,0.26396,29480973.0
2025-09-15 20:00:00+00:00,0.26397,0.26448,0.26324,0.2642,24452583.0
2025-09-15 20:15:00+00:00,0.2642,0.26596,0.26398,0.26568,66049212.0
2025-09-15 20:30:00+00:00,0.26569,0.26667,0.26537,0.26646,76089593.0
2025-09-15 20:45:00+00:00,0.26646,0.26732,0.26614,0.2673,61546415.0
2025-09-15 21:00:00+00:00,0.26731,0.26737,0.26558,0.26577,49987569.0
2025-09-15 21:15:00+00:00,0.26576,0.26695,0.2656,0.26679,39367112.0
2025-09-15 21:30:00+00:00,0.2668,0.26725,0.26643,0.26696,32224973.0
2025-09-15 21:45:00+00:00,0.26697,0.26935,0.26696,0.26833,101564326.0
2025-09-15 22:00:00+00:00,0.26834,0.26846,0.26716,0.26785,87674337.0
2025-09-15 22:15:00+00:00,0.26786,0.26885,0.26734,0.26744,34359104.0
2025-09-15 22:30:00+00:00,0.26744,0.26767,0.26582,0.26639,56412574.0
2025-09-15 22:45:00+00:00,0.26639,0.26732,0.26621,0.26709,24511631.0
2025-09-15 23:00:00+00:00,0.26708,0.26791,0.26643,0.2677,30268915.0
2025-09-15 23:15:00+00:00,0.26769,0.26888,0.26741,0.26862,44271202.0
2025-09-15 23:30:00+00:00,0.26862,0.26872,0.26768,0.2679,40389568.0
2025-09-15 23:45:00+00:00,0.26791,0.26857,0.26774,0.26818,23289355.0
2025-09-16 00:00:00+00:00,0.26818,0.26821,0.26712,0.26727,55598812.0
2025-09-16 00:15:00+00:00,0.26727,0.26792,0.26604,0.26623,78120046.0
2025-09-16 00:30:00+00:00,0.26623,0.26766,0.26612,0.26746,43913432.0
2025-09-16 00:45:00+00:00,0.26746,0.2675,0.26538,0.26688,83876073.0
2025-09-16 01:00:00+00:00,0.26688,0.26846,0.26666,0.26764,78542648.0
2025-09-16 01:15:00+00:00,0.26765,0.26984,0.26752,0.26933,125354558.0
2025-09-16 01:30:00+00:00,0.26934,0.27,0.2677,0.26839,92709588.0
2025-09-16 01:45:00+00:00,0.26839,0.26919,0.26733,0.26767,66949994.0
2025-09-16 02:00:00+00:00,0.26768,0.26881,0.26754,0.26868,55447631.0
2025-09-16 02:15:00+00:00,0.26868,0.26928,0.2676,0.26803,57168907.0
2025-09-16 02:30:00+00:00,0.26803,0.26867,0.26668,0.2669,85872291.0
2025-09-16 02:45:00+00:00,0.2669,0.26721,0.26569,0.26602,89351356.0
2025-09-16 03:00:00+00:00,0.26603,0.26723,0.26595,0.2669,43259795.0
2025-09-16 03:15:00+00:00,0.2669,0.26717,0.2661,0.26648,39735669.0
2025-09-16 03:30:00+00:00,0.26648,0.26829,0.26648,0.26826,69671483.0
2025-09-16 03:45:00+00:00,0.26827,0.26844,0.26706,0.26706,57431310.0
2025-09-16 04:00:00+00:00,0.26707,0.26739,0.26434,0.26471,126916820.0
2025-09-16 04:15:00+00:00,0.26472,0.26498,0.26205,0.26419,211283711.0
2025-09-16 04:30:00+00:00,0.26419,0.26447,0.26267,0.26387,92517510.0
2025-09-16 04:45:00+00:00,0.26387,0.26559,0.26353,0.26515,74090127.0
2025-09-16 05:00:00+00:00,0.26515,0.26751,0.26446,0.26677,105267500.0
2025-09-16 05:15:00+00:00,0.26676,0.26738,0.26552,0.26696,124599729.0
2025-09-16 05:30:00+00:00,0.26695,0.26816,0.26671,0.26809,75643024.0
2025-09-16 05:45:00+00:00,0.26808,0.26845,0.2675,0.26793,71778659.0
2025-09-16 06:00:00+00:00,0.26793,0.26945,0.2677,0.26917,114839186.0
2025-09-16 06:15:00+00:00,0.26916,0.26947,0.26684,0.26688,107674899.0
2025-09-16 06:30:00+00:00,0.26689,0.26693,0.26386,0.26646,213652556.0
2025-09-16 06:45:00+00:00,0.26647,0.26722,0.26568,0.2662,65602272.0
2025-09-16 07:00:00+00:00,0.2662,0.26708,0.26605,0.26668,54499866.0
2025-09-16 07:15:00+00:00,0.26667,0.26791,0.26653,0.26762,53047508.0
2025-09-16 07:30:00+00:00,0.26761,0.26785,0.26655,0.26704,43619280.0
2025-09-16 07:45:00+00:00,0.26704,0.2681,0.26689,0.26756,53276777.0
2025-09-16 08:00:00+00:00,0.26755,0.26913,0.26751,0.26898,105340471.0
2025-09-16 08:15:00+00:00,0.26897,0.26954,0.26686,0.267,135711180.0
2025-09-16 08:30:00+00:00,0.26701,0.26732,0.26614,0.26663,115981394.0
2025-09-16 08:45:00+00:00,0.26664,0.26762,0.26628,0.2672,65786290.0
2025-09-16 09:00:00+00:00,0.2672,0.26734,0.26639,0.26656,47401290.0
2025-09-16 09:15:00+00:00,0.26656,0.26724,0.26572,0.26578,70587296.0
2025-09-16 09:30:00+00:00,0.26578,0.26649,0.26509,0.26538,81659612.0
2025-09-16 09:45:00+00:00,0.26537,0.26598,0.26518,0.26573,48925584.0
2025-09-16 10:00:00+00:00,0.26572,0.26586,0.26417,0.26442,119746939.0
2025-09-16 10:15:00+00:00,0.26443,0.26535,0.26414,0.26432,67816290.0
2025-09-16 10:30:00+00:00,0.26433,0.26494,0.26348,0.2641,96771561.0
2025-09-16 10:45:00+00:00,0.26411,0.26493,0.26328,0.26354,70397722.0
2025-09-16 11:00:00+00:00,0.26353,0.26447,0.26346,0.26414,57812196.0
2025-09-16 11:15:00+00:00,0.26415,0.26519,0.26394,0.26501,61540913.0
2025-09-16 11:30:00+00:00,0.26501,0.26556,0.26473,0.26482,42423304.0
2025-09-16 11:45:00+00:00,0.26483,0.26516,0.26412,0.26445,41109496.0
2025-09-16 12:00:00+00:00,0.26446,0.26503,0.26379,0.2647,62326922.0
2025-09-16 12:15:00+00:00,0.26471,0.26562,0.26438,0.26481,64931566.0
2025-09-16 12:30:00+00:00,0.26482,0.2664,0.26477,0.26557,131570612.0
2025-09-16 12:45:00+00:00,0.26557,0.26609,0.26491,0.26604,44960154.0
2025-09-16 13:00:00+00:00,0.26605,0.26655,0.26509,0.26527,63230153.0
2025-09-16 13:15:00+00:00,0.26527,0.26689,0.26506,0.26648,59807887.0
2025-09-16 13:30:00+00:00,0.26648,0.26668,0.26321,0.2634,175836016.0
2025-09-16 13:45:00+00:00,0.2634,0.26343,0.2583,0.26198,705098805.0
2025-09-16 14:00:00+00:00,0.26197,0.26198,0.25653,0.25864,438443642.0
2025-09-16 14:15:00+00:00,0.25863,0.26035,0.25842,0.26007,206862116.0
2025-09-16 14:30:00+00:00,0.26008,0.26144,0.25917,0.26068,157253694.0
2025-09-16 14:45:00+00:00,0.26067,0.26218,0.26062,0.26171,119626903.0
2025-09-16 15:00:00+00:00,0.26171,0.2618,0.26,0.2607,124654699.0
2025-09-16 15:15:00+00:00,0.2607,0.26588,0.26062,0.2646,314347394.0
2025-09-16 15:30:00+00:00,0.26461,0.26489,0.26358,0.26459,123556699.0
2025-09-16 15:45:00+00:00,0.26459,0.26646,0.26439,0.26615,154343202.0
2025-09-16 16:00:00+00:00,0.26615,0.26632,0.26474,0.26529,125549840.0
2025-09-16 16:15:00+00:00,0.2653,0.26573,0.26429,0.26566,132289681.0
2025-09-16 16:30:00+00:00,0.26565,0.26777,0.26492,0.26551,188527645.0
2025-09-16 16:45:00+00:00,0.26552,0.26573,0.26437,0.26514,79923143.0
2025-09-16 17:00:00+00:00,0.26514,0.26782,0.265,0.26781,121449392.0
2025-09-16 17:15:00+00:00,0.26781,0.26973,0.26781,0.26845,182150025.0
2025-09-16 17:30:00+00:00,0.26845,0.2688,0.26548,0.26701,235516095.0
2025-09-16 17:45:00+00:00,0.26701,0.26757,0.26622,0.26651,104614796.0
2025-09-16 18:00:00+00:00,0.26652,0.26779,0.26647,0.2677,61214714.0
2025-09-16 18:15:00+00:00,0.2677,0.26848,0.2669,0.26721,55976277.0
2025-09-16 18:30:00+00:00,0.2672,0.26745,0.26603,0.26738,98949322.0
2025-09-16 18:45:00+00:00,0.26739,0.26843,0.2672,0.26769,50504939.0
2025-09-16 19:00:00+00:00,0.26768,0.26816,0.26701,0.26781,32928103.0
2025-09-16 19:15:00+00:00,0.26782,0.26827,0.26726,0.2676,25037105.0
2025-09-16 19:30:00+00:00,0.2676,0.26786,0.26685,0.26762,38324820.0
2025-09-16 19:45:00+00:00,0.26763,0.26898,0.26763,0.26825,60947201.0
2025-09-16 20:00:00+00:00,0.26825,0.26866,0.26775,0.26804,35823190.0
2025-09-16 20:15:00+00:00,0.26805,0.26827,0.26718,0.268,31786996.0
2025-09-16 20:30:00+00:00,0.26799,0.26807,0.2673,0.26783,34889930.0
2025-09-16 20:45:00+00:00,0.26783,0.26842,0.26773,0.26796,22666098.0
2025-09-16 21:00:00+00:00,0.26795,0.26927,0.26791,0.26822,44687139.0
2025-09-16 21:15:00+00:00,0.26822,0.26872,0.26756,0.26797,34314373.0
2025-09-16 21:30:00+00:00,0.26797,0.2688,0.26767,0.26854,39067716.0
2025-09-16 21:45:00+00:00,0.26853,0.2695,0.2683,0.26928,45375239.0
2025-09-16 22:00:00+00:00,0.26928,0.27188,0.26859,0.27131,216516212.0
2025-09-16 22:15:00+00:00,0.27132,0.2715,0.27039,0.27087,118307351.0
2025-09-16 22:30:00+00:00,0.27088,0.271,0.26961,0.27079,91384284.0
2025-09-16 22:45:00+00:00,0.27079,0.27146,0.27043,0.2706,48267377.0
2025-09-16 23:00:00+00:00,0.2706,0.27093,0.27,0.27021,50928284.0
2025-09-16 23:15:00+00:00,0.27021,0.27057,0.26923,0.26964,68964839.0
2025-09-16 23:30:00+00:00,0.26964,0.27053,0.26935,0.26972,54923279.0
2025-09-16 23:45:00+00:00,0.26972,0.26984,0.26903,0.26984,36158933.0
2025-09-17 00:00:00+00:00,0.26984,0.27019,0.26798,0.26874,87966172.0
2025-09-17 00:15:00+00:00,0.26874,0.2712,0.26873,0.27093,78096048.0
2025-09-17 00:30:00+00:00,0.27092,0.27106,0.26938,0.27014,56820356.0
2025-09-17 00:45:00+00:00,0.27014,0.27017,0.269,0.26973,33033993.0
2025-09-17 01:00:00+00:00,0.26973,0.27005,0.26906,0.26935,33968700.0
2025-09-17 01:15:00+00:00,0.26934,0.27037,0.26856,0.26967,80284263.0
2025-09-17 01:30:00+00:00,0.26967,0.26968,0.26845,0.26856,41259797.0
2025-09-17 01:45:00+00:00,0.26855,0.26877,0.2676,0.26858,66000683.0
2025-09-17 02:00:00+00:00,0.26859,0.26864,0.26735,0.26824,84917871.0
2025-09-17 02:15:00+00:00,0.26824,0.26871,0.26761,0.26853,49025363.0
2025-09-17 02:30:00+00:00,0.26853,0.26985,0.26832,0.26965,51108878.0
2025-09-17 02:45:00+00:00,0.26965,0.26992,0.26828,0.26828,88556733.0
2025-09-17 03:00:00+00:00,0.26829,0.2689,0.26755,0.26876,48624947.0
2025-09-17 03:15:00+00:00,0.26876,0.26935,0.26862,0.26895,68229706.0
2025-09-17 03:30:00+00:00,0.26896,0.26914,0.26654,0.26683,141283349.0
2025-09-17 03:45:00+00:00,0.26683,0.26721,0.26601,0.26657,80876520.0
2025-09-17 04:00:00+00:00,0.26658,0.26756,0.26641,0.26704,59947318.0
2025-09-17 04:15:00+00:00,0.26705,0.26719,0.26558,0.26573,66074645.0
2025-09-17 04:30:00+00:00,0.26573,0.26615,0.2653,0.26539,48741072.0
2025-09-17 04:45:00+00:00,0.26538,0.26538,0.26362,0.26482,116921582.0
2025-09-17 05:00:00+00:00,0.26482,0.26598,0.26482,0.26582,50223356.0
2025-09-17 05:15:00+00:00,0.26582,0.26612,0.2643,0.26455,93900655.0
2025-09-17 05:30:00+00:00,0.26456,0.26551,0.26452,0.2653,47603583.0
2025-09-17 05:45:00+00:00,0.2653,0.26726,0.264,0.26695,114017385.0
2025-09-17 06:00:00+00:00,0.26695,0.26752,0.26639,0.26742,89515824.0
2025-09-17 06:15:00+00:00,0.26742,0.26821,0.26708,0.26749,55132552.0
2025-09-17 06:30:00+00:00,0.26748,0.26899,0.26727,0.26879,71061272.0
2025-09-17 06:45:00+00:00,0.26878,0.26929,0.26808,0.26897,75443758.0
2025-09-17 07:00:00+00:00,0.26896,0.26915,0.26813,0.26853,39508870.0
2025-09-17 07:15:00+00:00,0.26852,0.27,0.26845,0.2688,111130894.0
2025-09-17 07:30:00+00:00,0.2688,0.26904,0.26843,0.26866,30720799.0
2025-09-17 07:45:00+00:00,0.26865,0.26887,0.26834,0.2684,29448794.0
2025-09-17 08:00:00+00:00,0.26841,0.26861,0.266,0.26617,127733908.0
2025-09-17 08:15:00+00:00,0.26616,0.26727,0.26613,0.26684,68107887.0
2025-09-17 08:30:00+00:00,0.26684,0.26691,0.26572,0.26587,105149503.0
2025-09-17 08:45:00+00:00,0.26587,0.26708,0.26574,0.26697,50271894.0
2025-09-17 09:00:00+00:00,0.26697,0.26732,0.2663,0.26652,45118416.0
2025-09-17 09:15:00+00:00,0.26653,0.26715,0.26607,0.26704,32266901.0
2025-09-17 09:30:00+00:00,0.26705,0.26829,0.26678,0.26769,61775073.0
2025-09-17 09:45:00+00:00,0.26769,0.26779,0.26642,0.26648,47117728.0
2025-09-17 10:00:00+00:00,0.26649,0.26729,0.26638,0.26664,37951247.0
2025-09-17 10:15:00+00:00,0.26664,0.2667,0.26485,0.26526,102726015.0
2025-09-17 10:30:00+00:00,0.26526,0.26548,0.26477,0.26512,52173394.0
2025-09-17 10:45:00+00:00,0.26512,0.26535,0.2643,0.26488,48820836.0
2025-09-17 11:00:00+00:00,0.26488,0.26545,0.26459,0.2654,46671364.0
2025-09-17 11:15:00+00:00,0.26541,0.266,0.26498,0.26579,74861242.0
2025-09-17 11:30:00+00:00,0.26579,0.26589,0.26503,0.26504,24567165.0
2025-09-17 11:45:00+00:00,0.26506,0.26585,0.26504,0.2653,30218781.0
2025-09-17 12:00:00+00:00,0.26529,0.26573,0.26438,0.26527,46739543.0
2025-09-17 12:15:00+00:00,0.26527,0.26624,0.26438,0.26621,40845087.0
2025-09-17 12:30:00+00:00,0.26621,0.26749,0.2655,0.26596,112366610.0
2025-09-17 12:45:00+00:00,0.26597,0.26713,0.26555,0.26665,47334260.0
2025-09-17 13:00:00+00:00,0.26666,0.26718,0.26633,0.26663,34636554.0
2025-09-17 13:15:00+00:00,0.26664,0.26748,0.26647,0.26717,53489274.0
2025-09-17 13:30:00+00:00,0.26717,0.26784,0.2647,0.26512,119228410.0
2025-09-17 13:45:00+00:00,0.26513,0.26749,0.26488,0.26653,109513094.0
2025-09-17 14:00:00+00:00,0.26653,0.26718,0.26558,0.26622,57088269.0
2025-09-17 14:15:00+00:00,0.26622,0.26627,0.2627,0.26363,164286101.0
2025-09-17 14:30:00+00:00,0.26363,0.26462,0.2623,0.26378,131311143.0
2025-09-17 14:45:00+00:00,0.26378,0.2648,0.26355,0.26443,56849004.0
2025-09-17 15:00:00+00:00,0.26444,0.26532,0.26424,0.26516,48399122.0
2025-09-17 15:15:00+00:00,0.26516,0.26565,0.26451,0.26493,46542219.0
2025-09-17 15:30:00+00:00,0.26494,0.26643,0.26479,0.26588,75969826.0
2025-09-17 15:45:00+00:00,0.26589,0.2661,0.2652,0.26529,51956194.0
2025-09-17 16:00:00+00:00,0.26528,0.26528,0.2635,0.26386,74557862.0
2025-09-17 16:15:00+00:00,0.26387,0.26474,0.26292,0.26468,65202874.0
2025-09-17 16:30:00+00:00,0.26468,0.2655,0.26407,0.26543,44433527.0
2025-09-17 16:45:00+00:00,0.26543,0.26706,0.26516,0.26678,90526701.0
2025-09-17 17:00:00+00:00,0.26679,0.26723,0.26531,0.26581,81545385.0
2025-09-17 17:15:00+00:00,0.26581,0.26658,0.26531,0.26614,42373255.0
2025-09-17 17:30:00+00:00,0.26613,0.272,0.26597,0.26916,313259499.0
2025-09-17 17:45:00+00:00,0.26917,0.27016,0.26039,0.26233,400207617.0
2025-09-17 18:00:00+00:00,0.26233,0.2703,0.26005,0.26353,954938568.0
2025-09-17 18:15:00+00:00,0.26352,0.2674,0.26167,0.26693,397963003.0
2025-09-17 18:30:00+00:00,0.26692,0.267,0.26162,0.26193,326653501.0
2025-09-17 18:45:00+00:00,0.26192,0.26429,0.26078,0.26344,271423801.0
2025-09-17 19:00:00+00:00,0.26343,0.26879,0.26322,0.26668,377076640.0
2025-09-17 19:15:00+00:00,0.26669,0.27103,0.26669,0.27049,216260048.0
2025-09-17 19:30:00+00:00,0.27049,0.27441,0.26904,0.27312,302307087.0
2025-09-17 19:45:00+00:00,0.27311,0.27339,0.27123,0.27256,157946613.0
2025-09-17 20:00:00+00:00,0.27256,0.27462,0.27125,0.27373,193859061.0
2025-09-17 20:15:00+00:00,0.27373,0.27475,0.2719,0.27231,149691421.0
2025-09-17 20:30:00+00:00,0.2723,0.27319,0.27032,0.27099,134442883.0
2025-09-17 20:45:00+00:00,0.27099,0.27173,0.26863,0.26934,104923006.0
2025-09-17 21:00:00+00:00,0.26933,0.27036,0.2668,0.27036,225873076.0
2025-09-17 21:15:00+00:00,0.27035,0.27304,0.27032,0.27187,119706451.0
2025-09-17 21:30:00+00:00,0.27188,0.27407,0.27188,0.27391,68443625.0
2025-09-17 21:45:00+00:00,0.27391,0.27452,0.27323,0.2745,81033495.0
2025-09-17 22:00:00+00:00,0.2745,0.2787,0.27435,0.27823,304691636.0
2025-09-17 22:15:00+00:00,0.27824,0.28072,0.27729,0.28039,180629605.0
2025-09-17 22:30:00+00:00,0.28039,0.28166,0.27955,0.28095,191786775.0
2025-09-17 22:45:00+00:00,0.28094,0.28329,0.2805,0.2813,257350891.0
2025-09-17 23:00:00+00:00,0.28129,0.28368,0.28126,0.28146,185434961.0
2025-09-17 23:15:00+00:00,0.28146,0.28248,0.27964,0.28098,205651374.0
2025-09-17 23:30:00+00:00,0.28099,0.28284,0.2804,0.28057,140987109.0
2025-09-17 23:45:00+00:00,0.28056,0.28291,0.28055,0.28241,96395340.0
2025-09-18 00:00:00+00:00,0.28242,0.28466,0.28172,0.28447,213167084.0
2025-09-18 00:15:00+00:00,0.28447,0.28569,0.28266,0.28338,226662342.0
2025-09-18 00:30:00+00:00,0.28337,0.2843,0.28202,0.2821,155616090.0
2025-09-18 00:45:00+00:00,0.2821,0.28268,0.28102,0.28156,157031729.0
2025-09-18 01:00:00+00:00,0.28155,0.28318,0.2806,0.28253,142632952.0
2025-09-18 01:15:00+00:00,0.28254,0.28254,0.28107,0.28111,55089090.0
2025-09-18 01:30:00+00:00,0.28111,0.28255,0.2808,0.28235,96231571.0
2025-09-18 01:45:00+00:00,0.28235,0.28302,0.28128,0.28147,78700767.0
2025-09-18 02:00:00+00:00,0.28147,0.28161,0.27934,0.28029,199581918.0
2025-09-18 02:15:00+00:00,0.2803,0.28069,0.27818,0.27856,119651005.0
2025-09-18 02:30:00+00:00,0.27856,0.27971,0.27854,0.27928,73115036.0
2025-09-18 02:45:00+00:00,0.27928,0.28155,0.27927,0.28121,87156532.0
2025-09-18 03:00:00+00:00,0.28122,0.28298,0.28073,0.28235,165472525.0
2025-09-18 03:15:00+00:00,0.28236,0.28288,0.2815,0.28209,113320105.0
2025-09-18 03:30:00+00:00,0.2821,0.28297,0.2815,0.28266,51214882.0
2025-09-18 03:45:00+00:00,0.28266,0.28337,0.28182,0.28286,95258605.0
2025-09-18 04:00:00+00:00,0.28286,0.28307,0.28153,0.28205,55871156.0
2025-09-18 04:15:00+00:00,0.28204,0.2829,0.28178,0.28208,62555277.0
2025-09-18 04:30:00+00:00,0.28208,0.28237,0.28103,0.28226,52760113.0
2025-09-18 04:45:00+00:00,0.28225,0.28343,0.28159,0.28211,65584823.0
2025-09-18 05:00:00+00:00,0.2821,0.28217,0.28133,0.28165,32783428.0
2025-09-18 05:15:00+00:00,0.28165,0.28194,0.28028,0.28044,51621992.0
2025-09-18 05:30:00+00:00,0.28044,0.28073,0.27925,0.27987,80146566.0
2025-09-18 05:45:00+00:00,0.27986,0.27987,0.27909,0.27965,51573663.0
2025-09-18 06:00:00+00:00,0.27966,0.28014,0.27703,0.27716,167238386.0
2025-09-18 06:15:00+00:00,0.27717,0.27849,0.27675,0.27723,154717310.0
2025-09-18 06:30:00+00:00,0.27722,0.27813,0.27625,0.2778,108405041.0
2025-09-18 06:45:00+00:00,0.27782,0.27875,0.27766,0.27849,56206977.0
2025-09-18 07:00:00+00:00,0.27849,0.27958,0.27848,0.27918,74477885.0
2025-09-18 07:15:00+00:00,0.27919,0.27954,0.27818,0.27866,54560285.0
2025-09-18 07:30:00+00:00,0.27866,0.27969,0.27824,0.27944,41809497.0
2025-09-18 07:45:00+00:00,0.27945,0.28033,0.27936,0.27972,64954580.0
2025-09-18 08:00:00+00:00,0.27971,0.28112,0.2789,0.28103,74954349.0
2025-09-18 08:15:00+00:00,0.28103,0.28168,0.28016,0.28132,80422179.0
2025-09-18 08:30:00+00:00,0.28132,0.282,0.28069,0.2808,69834449.0
2025-09-18 08:45:00+00:00,0.2808,0.28174,0.28024,0.28174,69096412.0
2025-09-18 09:00:00+00:00,0.28173,0.28191,0.28018,0.28025,60163088.0
2025-09-18 09:15:00+00:00,0.28026,0.28118,0.28026,0.2809,30739889.0
2025-09-18 09:30:00+00:00,0.2809,0.2811,0.27996,0.28044,52500512.0
2025-09-18 09:45:00+00:00,0.28043,0.28115,0.28028,0.28115,43854716.0
2025-09-18 10:00:00+00:00,0.28114,0.2814,0.27854,0.27924,115028257.0
2025-09-18 10:15:00+00:00,0.27924,0.27954,0.27805,0.27826,117419796.0
2025-09-18 10:30:00+00:00,0.27827,0.27934,0.27825,0.27906,52383577.0
2025-09-18 10:45:00+00:00,0.27905,0.27921,0.27858,0.27865,30019326.0
2025-09-18 11:00:00+00:00,0.27866,0.27957,0.27864,0.27926,88657143.0
2025-09-18 11:15:00+00:00,0.27926,0.27994,0.27924,0.27992,51581589.0
2025-09-18 11:30:00+00:00,0.27992,0.28055,0.27924,0.27954,58262459.0
2025-09-18 11:45:00+00:00,0.27954,0.27965,0.27849,0.2794,73750509.0
2025-09-18 12:00:00+00:00,0.27939,0.28021,0.2785,0.28012,70753929.0
2025-09-18 12:15:00+00:00,0.28013,0.2819,0.27946,0.28187,114131800.0
2025-09-18 12:30:00+00:00,0.28187,0.28228,0.27996,0.28103,162080881.0
2025-09-18 12:45:00+00:00,0.28104,0.28176,0.28029,0.28099,69107654.0
2025-09-18 13:00:00+00:00,0.28099,0.28227,0.28008,0.28205,90909211.0
2025-09-18 13:15:00+00:00,0.28204,0.28319,0.282,0.28243,157817873.0
2025-09-18 13:30:00+00:00,0.28243,0.2844,0.28047,0.28079,346350447.0
2025-09-18 13:45:00+00:00,0.28079,0.28214,0.27943,0.28098,274670584.0
2025-09-18 14:00:00+00:00,0.28098,0.28251,0.2803,0.28139,177842870.0
2025-09-18 14:15:00+00:00,0.28138,0.2828,0.28102,0.28167,126661430.0
2025-09-18 14:30:00+00:00,0.28168,0.28227,0.28,0.28075,120420004.0
2025-09-18 14:45:00+00:00,0.28074,0.28179,0.28008,0.28149,95542101.0
2025-09-18 15:00:00+00:00,0.2815,0.28289,0.28076,0.28114,152117655.0
2025-09-18 15:15:00+00:00,0.28115,0.28342,0.28085,0.28202,128816486.0
2025-09-18 15:30:00+00:00,0.28203,0.28522,0.28199,0.28423,279026286.0
2025-09-18 15:45:00+00:00,0.28422,0.28769,0.28398,0.28646,243819626.0
2025-09-18 16:00:00+00:00,0.28646,0.2887,0.28551,0.28679,241291837.0
2025-09-18 16:15:00+00:00,0.28679,0.28795,0.2857,0.28583,144830590.0
2025-09-18 16:30:00+00:00,0.28582,0.28687,0.28538,0.28633,101514715.0
2025-09-18 16:45:00+00:00,0.28633,0.28663,0.28436,0.28466,108118737.0
2025-09-18 17:00:00+00:00,0.28466,0.2859,0.28356,0.28495,219348261.0
2025-09-18 17:15:00+00:00,0.28495,0.28595,0.28377,0.28397,130927383.0
2025-09-18 17:30:00+00:00,0.28398,0.28438,0.28262,0.28285,92111432.0
2025-09-18 17:45:00+00:00,0.28285,0.28387,0.28274,0.28365,56146355.0
2025-09-18 18:00:00+00:00,0.28365,0.28421,0.2829,0.28419,53597340.0
2025-09-18 18:15:00+00:00,0.2842,0.28449,0.28364,0.28427,44715196.0
2025-09-18 18:30:00+00:00,0.28426,0.28437,0.28255,0.28317,54002804.0
2025-09-18 18:45:00+00:00,0.28318,0.28596,0.28318,0.28462,130534182.0
2025-09-18 19:00:00+00:00,0.28462,0.2847,0.2835,0.28389,51178835.0
2025-09-18 19:15:00+00:00,0.28389,0.28396,0.28201,0.28216,69656781.0
2025-09-18 19:30:00+00:00,0.28216,0.28233,0.2808,0.28184,166184951.0
2025-09-18 19:45:00+00:00,0.28184,0.28239,0.28143,0.28183,57522566.0
2025-09-18 20:00:00+00:00,0.28184,0.28252,0.28166,0.28218,36414160.0
2025-09-18 20:15:00+00:00,0.28218,0.28233,0.28124,0.28162,51372961.0
2025-09-18 20:30:00+00:00,0.28162,0.28199,0.28104,0.28164,30104421.0
2025-09-18 20:45:00+00:00,0.28163,0.28222,0.28082,0.28087,48459953.0
2025-09-18 21:00:00+00:00,0.28087,0.28138,0.2802,0.28047,53935695.0
2025-09-18 21:15:00+00:00,0.28047,0.28142,0.27957,0.2813,65658220.0
2025-09-18 21:30:00+00:00,0.2813,0.28174,0.28121,0.28138,24232320.0
2025-09-18 21:45:00+00:00,0.28138,0.28185,0.28054,0.28081,22033687.0
2025-09-18 22:00:00+00:00,0.28081,0.28109,0.2788,0.2792,120319054.0
2025-09-18 22:15:00+00:00,0.2792,0.27994,0.27866,0.27951,80002279.0
2025-09-18 22:30:00+00:00,0.2795,0.27991,0.2787,0.27891,45526493.0
2025-09-18 22:45:00+00:00,0.27891,0.27909,0.27757,0.27769,136717067.0
2025-09-18 23:00:00+00:00,0.27769,0.27784,0.2754,0.27744,227426324.0
2025-09-18 23:15:00+00:00,0.27744,0.27768,0.27649,0.27731,58638988.0
2025-09-18 23:30:00+00:00,0.27732,0.2783,0.27722,0.27776,67592019.0
2025-09-18 23:45:00+00:00,0.27778,0.27881,0.27778,0.27838,66896728.0
2025-09-19 00:00:00+00:00,0.27838,0.27933,0.27836,0.27838,81874539.0
2025-09-19 00:15:00+00:00,0.27838,0.27957,0.27825,0.27951,45375925.0
2025-09-19 00:30:00+00:00,0.27952,0.28135,0.27906,0.28109,164215308.0
2025-09-19 00:45:00+00:00,0.28109,0.28268,0.28073,0.28263,189022238.0
2025-09-19 01:00:00+00:00,0.28263,0.28485,0.28151,0.28164,268023416.0
2025-09-19 01:15:00+00:00,0.28164,0.28182,0.28063,0.28092,98603489.0
2025-09-19 01:30:00+00:00,0.28093,0.28173,0.27976,0.28007,92654791.0
2025-09-19 01:45:00+00:00,0.28008,0.28123,0.27961,0.28087,50729864.0
2025-09-19 02:00:00+00:00,0.28087,0.28146,0.27896,0.27926,82245093.0
2025-09-19 02:15:00+00:00,0.27926,0.27952,0.2787,0.27941,64413505.0
2025-09-19 02:30:00+00:00,0.2794,0.28033,0.27861,0.27968,41073944.0
2025-09-19 02:45:00+00:00,0.27968,0.28034,0.2789,0.27891,32991309.0
2025-09-19 03:00:00+00:00,0.27892,0.27988,0.27882,0.27958,38241308.0
2025-09-19 03:15:00+00:00,0.27959,0.28023,0.27817,0.27861,59055350.0
2025-09-19 03:30:00+00:00,0.27862,0.27873,0.27649,0.27722,184159565.0
2025-09-19 03:45:00+00:00,0.27722,0.2774,0.27629,0.27681,120725848.0
2025-09-19 04:00:00+00:00,0.2768,0.2768,0.27344,0.27432,333887680.0
2025-09-19 04:15:00+00:00,0.27433,0.2759,0.27425,0.27579,104570309.0
2025-09-19 04:30:00+00:00,0.27578,0.27651,0.27527,0.27617,62769453.0
2025-09-19 04:45:00+00:00,0.27617,0.27722,0.27617,0.27706,56839914.0
2025-09-19 05:00:00+00:00,0.27706,0.27716,0.27637,0.27671,40499239.0
2025-09-19 05:15:00+00:00,0.27671,0.27695,0.27472,0.27489,83288293.0
2025-09-19 05:30:00+00:00,0.27488,0.276,0.27437,0.27568,57757014.0
2025-09-19 05:45:00+00:00,0.27568,0.27675,0.27559,0.27616,31729750.0
2025-09-19 06:00:00+00:00,0.27616,0.27624,0.27498,0.27513,51433429.0
2025-09-19 06:15:00+00:00,0.27514,0.27598,0.2747,0.27521,43578426.0
2025-09-19 06:30:00+00:00,0.27521,0.27587,0.2744,0.27548,53367681.0
2025-09-19 06:45:00+00:00,0.27548,0.27587,0.27376,0.274,60629953.0
2025-09-19 07:00:00+00:00,0.274,0.27523,0.27317,0.27499,123165603.0
2025-09-19 07:15:00+00:00,0.275,0.27591,0.27494,0.27586,39419454.0
2025-09-19 07:30:00+00:00,0.27585,0.27592,0.27513,0.27554,52690072.0
2025-09-19 07:45:00+00:00,0.27554,0.27571,0.27491,0.27507,27833913.0
2025-09-19 08:00:00+00:00,0.27506,0.27643,0.27498,0.27618,58051973.0
2025-09-19 08:15:00+00:00,0.27619,0.27679,0.27551,0.2759,74364440.0
2025-09-19 08:30:00+00:00,0.2759,0.276,0.275,0.2755,29403745.0
2025-09-19 08:45:00+00:00,0.2755,0.2755,0.2749,0.27519,21442683.0
2025-09-19 09:00:00+00:00,0.27519,0.27616,0.2745,0.27585,58391304.0
2025-09-19 09:15:00+00:00,0.27585,0.27589,0.27433,0.27471,33859150.0
2025-09-19 09:30:00+00:00,0.27472,0.27535,0.2737,0.27385,47311532.0
2025-09-19 09:45:00+00:00,0.27385,0.27413,0.27237,0.27344,143599111.0
2025-09-19 10:00:00+00:00,0.27344,0.27377,0.27255,0.27333,94188721.0
2025-09-19 10:15:00+00:00,0.27333,0.27371,0.27282,0.27303,42236101.0
2025-09-19 10:30:00+00:00,0.27303,0.27385,0.27221,0.27372,58907257.0
2025-09-19 10:45:00+00:00,0.27373,0.2739,0.2732,0.27354,31167896.0
2025-09-19 11:00:00+00:00,0.27354,0.27367,0.27156,0.27227,102406323.0
2025-09-19 11:15:00+00:00,0.27227,0.27251,0.27022,0.27039,165761761.0
2025-09-19 11:30:00+00:00,0.27039,0.27105,0.27014,0.27029,106205398.0
2025-09-19 11:45:00+00:00,0.27028,0.27168,0.27014,0.27113,85836135.0
2025-09-19 12:00:00+00:00,0.27113,0.2721,0.27102,0.27204,72426126.0
2025-09-19 12:15:00+00:00,0.27204,0.27223,0.26973,0.27032,136318805.0
2025-09-19 12:30:00+00:00,0.27031,0.2712,0.26989,0.27095,83389994.0
2025-09-19 12:45:00+00:00,0.27095,0.27111,0.2706,0.27068,32017520.0
2025-09-19 13:00:00+00:00,0.27067,0.27161,0.27046,0.27124,60309705.0
2025-09-19 13:15:00+00:00,0.27124,0.27197,0.27073,0.27113,65595874.0
2025-09-19 13:30:00+00:00,0.27114,0.27197,0.26964,0.27126,129171513.0
2025-09-19 13:45:00+00:00,0.27127,0.27221,0.27079,0.27163,76176497.0
2025-09-19 14:00:00+00:00,0.27162,0.27253,0.27133,0.27199,59088967.0
2025-09-19 14:15:00+00:00,0.272,0.27214,0.27077,0.27079,66572617.0
2025-09-19 14:30:00+00:00,0.2708,0.2715,0.27022,0.27044,56516261.0
2025-09-19 14:45:00+00:00,0.27045,0.27079,0.26815,0.26883,284034344.0
2025-09-19 15:00:00+00:00,0.26883,0.26911,0.26401,0.26478,574683788.0
2025-09-19 15:15:00+00:00,0.26479,0.26644,0.26457,0.26578,229812190.0
2025-09-19 15:30:00+00:00,0.26578,0.26726,0.26489,0.26675,149852785.0
2025-09-19 15:45:00+00:00,0.26675,0.26721,0.2661,0.26648,99799679.0
2025-09-19 16:00:00+00:00,0.26649,0.26771,0.26611,0.26756,110653795.0
2025-09-19 16:15:00+00:00,0.26756,0.26794,0.26667,0.26757,57529935.0
2025-09-19 16:30:00+00:00,0.26757,0.26791,0.26693,0.26777,33417008.0
2025-09-19 16:45:00+00:00,0.26777,0.26823,0.26772,0.26795,40768096.0
2025-09-19 17:00:00+00:00,0.26795,0.26807,0.2663,0.26671,80232905.0
2025-09-19 17:15:00+00:00,0.26671,0.26694,0.26577,0.2661,89231055.0
2025-09-19 17:30:00+00:00,0.2661,0.2661,0.26476,0.26563,102221408.0
2025-09-19 17:45:00+00:00,0.26563,0.26586,0.26475,0.26502,71563607.0
2025-09-19 18:00:00+00:00,0.26502,0.26543,0.263,0.26462,171342806.0
2025-09-19 18:15:00+00:00,0.26463,0.26554,0.26431,0.26526,63855253.0
2025-09-19 18:30:00+00:00,0.26526,0.26592,0.26516,0.26584,35763476.0
2025-09-19 18:45:00+00:00,0.26584,0.2661,0.26486,0.26529,38373679.0
2025-09-19 19:00:00+00:00,0.26529,0.26588,0.26523,0.26545,40228533.0
2025-09-19 19:15:00+00:00,0.26546,0.2663,0.26545,0.26607,30888099.0
2025-09-19 19:30:00+00:00,0.26608,0.2663,0.26555,0.2656,70501882.0
2025-09-19 19:45:00+00:00,0.2656,0.26596,0.26469,0.26471,42855652.0
2025-09-19 20:00:00+00:00,0.26471,0.26593,0.26464,0.26586,63794537.0
2025-09-19 20:15:00+00:00,0.26587,0.26658,0.26566,0.26628,47272643.0
2025-09-19 20:30:00+00:00,0.26629,0.2667,0.26602,0.26658,29756089.0
2025-09-19 20:45:00+00:00,0.26658,0.26659,0.26545,0.26565,34643142.0
2025-09-19 21:00:00+00:00,0.26565,0.26579,0.26479,0.26576,33391896.0
2025-09-19 21:15:00+00:00,0.26576,0.26634,0.26562,0.26606,31713270.0
2025-09-19 21:30:00+00:00,0.26606,0.26674,0.266,0.26647,48665964.0
2025-09-19 21:45:00+00:00,0.26647,0.26705,0.26618,0.26697,23370758.0
2025-09-19 22:00:00+00:00,0.26696,0.26711,0.26668,0.26701,29345637.0
2025-09-19 22:15:00+00:00,0.26701,0.26728,0.26652,0.26658,24304254.0
2025-09-19 22:30:00+00:00,0.26659,0.26697,0.26638,0.26655,25785363.0
2025-09-19 22:45:00+00:00,0.26656,0.26716,0.26651,0.26667,21168138.0
2025-09-19 23:00:00+00:00,0.26667,0.26675,0.26509,0.26519,49014409.0
2025-09-19 23:15:00+00:00,0.2652,0.26556,0.26319,0.26341,120752015.0
2025-09-19 23:30:00+00:00,0.26341,0.2644,0.26308,0.26426,47101800.0
2025-09-19 23:45:00+00:00,0.26426,0.26522,0.26426,0.26513,58970332.0
2025-09-20 00:00:00+00:00,0.26513,0.26611,0.2649,0.26594,61460449.0
2025-09-20 00:15:00+00:00,0.26594,0.26623,0.26466,0.26484,61002254.0
2025-09-20 00:30:00+00:00,0.26484,0.26664,0.26466,0.26645,52448796.0
2025-09-20 00:45:00+00:00,0.26646,0.26733,0.26644,0.26717,65539108.0
2025-09-20 01:00:00+00:00,0.26717,0.26718,0.26564,0.26567,48167056.0
2025-09-20 01:15:00+00:00,0.26567,0.26642,0.26555,0.26632,30530172.0
2025-09-20 01:30:00+00:00,0.26631,0.26633,0.26479,0.26545,39826557.0
2025-09-20 01:45:00+00:00,0.26545,0.26569,0.26501,0.26505,24265907.0
2025-09-20 02:00:00+00:00,0.26505,0.26512,0.26333,0.26361,70726456.0
2025-09-20 02:15:00+00:00,0.26361,0.26457,0.26277,0.2642,105013182.0
2025-09-20 02:30:00+00:00,0.2642,0.26489,0.26284,0.26481,69899604.0
2025-09-20 02:45:00+00:00,0.26481,0.2653,0.26435,0.26514,46525044.0
2025-09-20 03:00:00+00:00,0.26514,0.26522,0.26388,0.26435,35426361.0
2025-09-20 03:15:00+00:00,0.26435,0.26493,0.2642,0.2644,18204794.0
2025-09-20 03:30:00+00:00,0.2644,0.26519,0.26434,0.26508,19927582.0
2025-09-20 03:45:00+00:00,0.26507,0.26529,0.26458,0.26491,21928266.0
2025-09-20 04:00:00+00:00,0.2649,0.26526,0.26447,0.26491,33505406.0
2025-09-20 04:15:00+00:00,0.26491,0.26498,0.2641,0.2643,37087315.0
2025-09-20 04:30:00+00:00,0.26429,0.26578,0.2642,0.26573,64507895.0
2025-09-20 04:45:00+00:00,0.26573,0.26593,0.26503,0.26545,35077650.0
2025-09-20 05:00:00+00:00,0.26546,0.26563,0.26493,0.26555,23852472.0
2025-09-20 05:15:00+00:00,0.26556,0.26624,0.2654,0.26619,28623500.0
2025-09-20 05:30:00+00:00,0.26619,0.26665,0.26582,0.26619,72772012.0
2025-09-20 05:45:00+00:00,0.26619,0.26681,0.26611,0.26676,32359966.0
2025-09-20 06:00:00+00:00,0.26675,0.26675,0.26568,0.26589,51724339.0
2025-09-20 06:15:00+00:00,0.2659,0.26623,0.26561,0.26613,22798721.0
2025-09-20 06:30:00+00:00,0.26613,0.26671,0.26612,0.26649,27918937.0
2025-09-20 06:45:00+00:00,0.26648,0.26662,0.2659,0.26603,19716094.0
2025-09-20 07:00:00+00:00,0.26603,0.26652,0.26545,0.26565,38195482.0
2025-09-20 07:15:00+00:00,0.26566,0.26599,0.26531,0.26539,26737670.0
2025-09-20 07:30:00+00:00,0.26538,0.26596,0.26506,0.2658,40651835.0
2025-09-20 07:45:00+00:00,0.2658,0.26644,0.2656,0.26642,29416442.0
2025-09-20 08:00:00+00:00,0.26642,0.26643,0.26569,0.26571,28264939.0
2025-09-20 08:15:00+00:00,0.26572,0.26604,0.26523,0.26534,30294742.0
2025-09-20 08:30:00+00:00,0.26533,0.2658,0.26521,0.26545,22695828.0
2025-09-20 08:45:00+00:00,0.26544,0.26544,0.26393,0.26407,61627883.0
2025-09-20 09:00:00+00:00,0.26406,0.26481,0.26366,0.26474,55744657.0
2025-09-20 09:15:00+00:00,0.26474,0.26479,0.26408,0.26411,22574245.0
2025-09-20 09:30:00+00:00,0.26412,0.26412,0.26318,0.26376,60109148.0
2025-09-20 09:45:00+00:00,0.26377,0.26399,0.26342,0.26386,24723363.0
2025-09-20 10:00:00+00:00,0.26386,0.26477,0.26381,0.26461,39780808.0
2025-09-20 10:15:00+00:00,0.26462,0.26483,0.26418,0.26419,15971566.0
2025-09-20 10:30:00+00:00,0.26418,0.26434,0.26363,0.26398,24033163.0
2025-09-20 10:45:00+00:00,0.26398,0.26431,0.26355,0.26366,23713760.0
2025-09-20 11:00:00+00:00,0.26365,0.26499,0.26362,0.26452,35698013.0
2025-09-20 11:15:00+00:00,0.26451,0.26463,0.2635,0.26392,29725167.0
2025-09-20 11:30:00+00:00,0.26392,0.26453,0.26382,0.26433,17895395.0
2025-09-20 11:45:00+00:00,0.26433,0.26523,0.26431,0.26503,32829726.0
2025-09-20 12:00:00+00:00,0.26503,0.26519,0.26461,0.26508,29396649.0
2025-09-20 12:15:00+00:00,0.26509,0.26537,0.26415,0.26422,27714792.0
2025-09-20 12:30:00+00:00,0.26421,0.26474,0.26406,0.26423,23112196.0
2025-09-20 12:45:00+00:00,0.26423,0.26492,0.26404,0.26473,24373671.0
2025-09-20 13:00:00+00:00,0.26473,0.26505,0.26436,0.26451,18869608.0
2025-09-20 13:15:00+00:00,0.2645,0.26608,0.26439,0.26586,56519414.0
2025-09-20 13:30:00+00:00,0.26585,0.26665,0.26579,0.2662,79821620.0
2025-09-20 13:45:00+00:00,0.2662,0.26646,0.26543,0.26554,48638503.0
2025-09-20 14:00:00+00:00,0.26553,0.26554,0.26412,0.26461,55691207.0
2025-09-20 14:15:00+00:00,0.26461,0.26529,0.26445,0.26511,23605807.0
2025-09-20 14:30:00+00:00,0.26511,0.26597,0.26472,0.26569,53352897.0
2025-09-20 14:45:00+00:00,0.2657,0.26654,0.26549,0.26639,95515845.0
2025-09-20 15:00:00+00:00,0.26639,0.26823,0.26639,0.26749,136471337.0
2025-09-20 15:15:00+00:00,0.2675,0.2693,0.26749,0.26886,160623490.0
2025-09-20 15:30:00+00:00,0.26886,0.26906,0.26758,0.26806,95990794.0
2025-09-20 15:45:00+00:00,0.26806,0.26869,0.26743,0.26865,42517289.0
2025-09-20 16:00:00+00:00,0.26865,0.26901,0.26792,0.26792,57519660.0
2025-09-20 16:15:00+00:00,0.26792,0.26814,0.2666,0.26713,76713178.0
2025-09-20 16:30:00+00:00,0.26713,0.26842,0.26667,0.26792,52901892.0
2025-09-20 16:45:00+00:00,0.26793,0.26847,0.26761,0.26824,32880007.0
2025-09-20 17:00:00+00:00,0.26825,0.2685,0.26684,0.26706,40848881.0
2025-09-20 17:15:00+00:00,0.26706,0.26764,0.26634,0.26746,54994511.0
2025-09-20 17:30:00+00:00,0.26747,0.26825,0.26733,0.26777,25972522.0
2025-09-20 17:45:00+00:00,0.26777,0.26787,0.26713,0.26759,20456400.0
2025-09-20 18:00:00+00:00,0.2676,0.2676,0.2664,0.26672,41105805.0
2025-09-20 18:15:00+00:00,0.26672,0.2673,0.26644,0.26687,25442397.0
2025-09-20 18:30:00+00:00,0.26687,0.26687,0.26563,0.2662,54133707.0
2025-09-20 18:45:00+00:00,0.2662,0.26637,0.26579,0.26601,27545071.0
2025-09-20 19:00:00+00:00,0.26601,0.26608,0.26529,0.26602,40449088.0
2025-09-20 19:15:00+00:00,0.26603,0.26684,0.266,0.26659,23915160.0
2025-09-20 19:30:00+00:00,0.26659,0.26671,0.26562,0.26578,19611396.0
2025-09-20 19:45:00+00:00,0.26578,0.26611,0.26546,0.26607,23259271.0
2025-09-20 20:00:00+00:00,0.26606,0.26648,0.26581,0.26619,17636626.0
2025-09-20 20:15:00+00:00,0.2662,0.2668,0.26608,0.26661,21244354.0
2025-09-20 20:30:00+00:00,0.26662,0.26693,0.2664,0.26661,15182455.0
2025-09-20 20:45:00+00:00,0.26661,0.2671,0.2665,0.26696,15792614.0
2025-09-20 21:00:00+00:00,0.26697,0.26756,0.26692,0.26756,21497012.0
2025-09-20 21:15:00+00:00,0.26756,0.26779,0.26705,0.26778,15327426.0
2025-09-20 21:30:00+00:00,0.26779,0.26854,0.26759,0.26853,20649135.0
2025-09-20 21:45:00+00:00,0.26854,0.26854,0.26749,0.26783,20881066.0
2025-09-20 22:00:00+00:00,0.26783,0.26794,0.26726,0.26764,20037770.0
2025-09-20 22:15:00+00:00,0.26764,0.26774,0.26733,0.26768,14889222.0
2025-09-20 22:30:00+00:00,0.26769,0.26771,0.26714,0.26763,19054942.0
2025-09-20 22:45:00+00:00,0.26763,0.26877,0.26763,0.26809,32164159.0
2025-09-20 23:00:00+00:00,0.26809,0.26815,0.26725,0.26738,15107402.0
2025-09-20 23:15:00+00:00,0.26737,0.26739,0.26679,0.26685,25903302.0
2025-09-20 23:30:00+00:00,0.26685,0.26721,0.26659,0.26702,23472542.0
2025-09-20 23:45:00+00:00,0.26701,0.26765,0.2668,0.26747,16952431.0
2025-09-21 00:00:00+00:00,0.26746,0.26785,0.26729,0.26756,19428829.0
2025-09-21 00:15:00+00:00,0.26757,0.26765,0.26691,0.26708,20187954.0
2025-09-21 00:30:00+00:00,0.26708,0.26823,0.26673,0.26807,32988384.0
2025-09-21 00:45:00+00:00,0.26807,0.26892,0.2679,0.26849,47322589.0
2025-09-21 01:00:00+00:00,0.2685,0.26911,0.26772,0.26811,41689409.0
2025-09-21 01:15:00+00:00,0.26811,0.2686,0.26799,0.26837,28015300.0
2025-09-21 01:30:00+00:00,0.26837,0.26837,0.26752,0.26783,24917167.0
2025-09-21 01:45:00+00:00,0.26784,0.26797,0.26705,0.26747,59293087.0
2025-09-21 02:00:00+00:00,0.26747,0.26858,0.26738,0.26854,29168675.0
2025-09-21 02:15:00+00:00,0.26854,0.26876,0.26713,0.26809,46749303.0
2025-09-21 02:30:00+00:00,0.26808,0.26836,0.2675,0.26816,21377706.0
2025-09-21 02:45:00+00:00,0.26815,0.26869,0.26793,0.26833,18215712.0
2025-09-21 03:00:00+00:00,0.26832,0.26849,0.26767,0.26843,24321778.0
2025-09-21 03:15:00+00:00,0.26843,0.26883,0.268,0.2687,19827796.0
2025-09-21 03:30:00+00:00,0.26869,0.26888,0.26816,0.26844,17634423.0
2025-09-21 03:45:00+00:00,0.26843,0.2696,0.2684,0.26944,48686879.0
2025-09-21 04:00:00+00:00,0.26943,0.26953,0.2681,0.2682,41589527.0
2025-09-21 04:15:00+00:00,0.26819,0.26871,0.26816,0.26836,18483436.0
2025-09-21 04:30:00+00:00,0.26835,0.26866,0.268,0.2681,17554063.0
2025-09-21 04:45:00+00:00,0.26809,0.26842,0.26793,0.26842,13758397.0
2025-09-21 05:00:00+00:00,0.26841,0.26884,0.26773,0.26794,40890366.0
2025-09-21 05:15:00+00:00,0.26793,0.26816,0.26768,0.26799,20071746.0
2025-09-21 05:30:00+00:00,0.26799,0.26809,0.26755,0.26782,26227907.0
2025-09-21 05:45:00+00:00,0.26782,0.2687,0.26765,0.26865,30570358.0
2025-09-21 06:00:00+00:00,0.26865,0.26909,0.26847,0.26891,33883185.0
2025-09-21 06:15:00+00:00,0.26891,0.26902,0.26838,0.2687,23363695.0
2025-09-21 06:30:00+00:00,0.2687,0.26947,0.26834,0.26939,42343936.0
2025-09-21 06:45:00+00:00,0.26939,0.26939,0.26854,0.26857,26393920.0
2025-09-21 07:00:00+00:00,0.26856,0.26876,0.268,0.26854,34817463.0
2025-09-21 07:15:00+00:00,0.26854,0.26868,0.26803,0.26858,23604221.0
2025-09-21 07:30:00+00:00,0.26858,0.26859,0.2682,0.26843,17533539.0
2025-09-21 07:45:00+00:00,0.26843,0.26847,0.26779,0.26809,34342725.0
2025-09-21 08:00:00+00:00,0.26808,0.26833,0.26684,0.26704,55985105.0
2025-09-21 08:15:00+00:00,0.26703,0.26704,0.26606,0.26608,62139439.0
2025-09-21 08:30:00+00:00,0.26608,0.26681,0.26601,0.26678,39873227.0
2025-09-21 08:45:00+00:00,0.26679,0.2669,0.26628,0.2665,22718699.0
2025-09-21 09:00:00+00:00,0.26651,0.26673,0.26544,0.26558,41272538.0
2025-09-21 09:15:00+00:00,0.26558,0.26578,0.26425,0.26442,130576734.0
2025-09-21 09:30:00+00:00,0.26443,0.265,0.26339,0.26495,148197438.0
2025-09-21 09:45:00+00:00,0.26495,0.2663,0.26444,0.26617,74294326.0
2025-09-21 10:00:00+00:00,0.26617,0.26718,0.26607,0.2667,75265385.0
2025-09-21 10:15:00+00:00,0.26671,0.26671,0.26563,0.26594,58147961.0
2025-09-21 10:30:00+00:00,0.26594,0.26648,0.26587,0.26588,26948283.0
2025-09-21 10:45:00+00:00,0.26588,0.26601,0.26522,0.26541,51127697.0
2025-09-21 11:00:00+00:00,0.26541,0.26635,0.26504,0.2661,51299945.0
2025-09-21 11:15:00+00:00,0.2661,0.2661,0.26542,0.26591,23630515.0
2025-09-21 11:30:00+00:00,0.26591,0.2666,0.26568,0.26614,26155381.0
2025-09-21 11:45:00+00:00,0.26614,0.26624,0.26543,0.2656,17692690.0
2025-09-21 12:00:00+00:00,0.26561,0.26703,0.26548,0.26672,37697037.0
2025-09-21 12:15:00+00:00,0.26671,0.26778,0.26664,0.26699,61159870.0
2025-09-21 12:30:00+00:00,0.267,0.26756,0.26652,0.26669,46399194.0
2025-09-21 12:45:00+00:00,0.26669,0.26689,0.26612,0.2665,35115819.0
2025-09-21 13:00:00+00:00,0.26651,0.26745,0.26633,0.26704,33742949.0
2025-09-21 13:15:00+00:00,0.26703,0.26721,0.26671,0.26691,14851162.0
2025-09-21 13:30:00+00:00,0.26692,0.26748,0.26638,0.26683,29070000.0
2025-09-21 13:45:00+00:00,0.26683,0.26755,0.26682,0.2673,23605575.0
2025-09-21 14:00:00+00:00,0.2673,0.26791,0.26694,0.26731,42512791.0
2025-09-21 14:15:00+00:00,0.2673,0.26735,0.26643,0.26662,27969960.0
2025-09-21 14:30:00+00:00,0.26662,0.26723,0.26619,0.26721,29753738.0
2025-09-21 14:45:00+00:00,0.26721,0.26782,0.26637,0.26643,27937386.0
2025-09-21 15:00:00+00:00,0.26643,0.26686,0.266,0.26682,30022181.0
2025-09-21 15:15:00+00:00,0.26682,0.26717,0.26596,0.266,38122493.0
2025-09-21 15:30:00+00:00,0.266,0.2665,0.26551,0.26649,42307783.0
2025-09-21 15:45:00+00:00,0.26649,0.26678,0.26526,0.26551,40538765.0
2025-09-21 16:00:00+00:00,0.26551,0.26597,0.26495,0.26523,49828746.0
2025-09-21 16:15:00+00:00,0.26522,0.26545,0.26355,0.26441,122438583.0
2025-09-21 16:30:00+00:00,0.26441,0.26458,0.26183,0.26249,171278727.0
2025-09-21 16:45:00+00:00,0.26249,0.26322,0.2616,0.26302,94403536.0
2025-09-21 17:00:00+00:00,0.26302,0.26336,0.26167,0.26228,63760471.0
2025-09-21 17:15:00+00:00,0.26227,0.26269,0.26109,0.26181,120970046.0
2025-09-21 17:30:00+00:00,0.26182,0.26213,0.26052,0.26206,121594580.0
2025-09-21 17:45:00+00:00,0.26207,0.26382,0.262,0.26372,64872812.0
2025-09-21 18:00:00+00:00,0.26372,0.26436,0.26341,0.26345,70296714.0
2025-09-21 18:15:00+00:00,0.26346,0.26375,0.26275,0.26298,37680252.0
2025-09-21 18:30:00+00:00,0.26298,0.26399,0.26294,0.26358,37815520.0
2025-09-21 18:45:00+00:00,0.26357,0.26417,0.26332,0.26416,22018567.0
2025-09-21 19:00:00+00:00,0.26415,0.26424,0.26226,0.2626,44966360.0
2025-09-21 19:15:00+00:00,0.2626,0.26299,0.26212,0.26299,25448873.0
2025-09-21 19:30:00+00:00,0.26299,0.26306,0.26232,0.26273,17290787.0
2025-09-21 19:45:00+00:00,0.26273,0.2634,0.26255,0.26335,14679646.0
2025-09-21 20:00:00+00:00,0.26334,0.26335,0.26238,0.26249,20926387.0
2025-09-21 20:15:00+00:00,0.26249,0.26365,0.26236,0.26359,17871469.0
2025-09-21 20:30:00+00:00,0.26358,0.26358,0.26148,0.26192,75376040.0
2025-09-21 20:45:00+00:00,0.26192,0.26241,0.26167,0.26193,22762689.0
2025-09-21 21:00:00+00:00,0.26193,0.26214,0.26129,0.26214,36528145.0
2025-09-21 21:15:00+00:00,0.26214,0.26227,0.26139,0.26154,27289090.0
2025-09-21 21:30:00+00:00,0.26154,0.26273,0.2614,0.26272,21890497.0
2025-09-21 21:45:00+00:00,0.26272,0.26276,0.26193,0.26208,9318009.0
2025-09-21 22:00:00+00:00,0.26207,0.26257,0.26061,0.26096,68199668.0
2025-09-21 22:15:00+00:00,0.26096,0.26178,0.26016,0.26171,66864573.0
2025-09-21 22:30:00+00:00,0.26171,0.26229,0.26108,0.26224,20231221.0
2025-09-21 22:45:00+00:00,0.26223,0.26299,0.2622,0.26279,36644419.0
2025-09-21 23:00:00+00:00,0.26279,0.26285,0.26039,0.26086,84279531.0
2025-09-21 23:15:00+00:00,0.26085,0.26139,0.26025,0.26128,52327147.0
2025-09-21 23:30:00+00:00,0.26128,0.26152,0.26061,0.26133,27887584.0
2025-09-21 23:45:00+00:00,0.26133,0.26134,0.26054,0.2606,19988979.0
2025-09-22 00:00:00+00:00,0.26059,0.26219,0.26026,0.26037,83236687.0
2025-09-22 00:15:00+00:00,0.26037,0.26084,0.25687,0.25785,373574975.0
2025-09-22 00:30:00+00:00,0.25784,0.25784,0.24837,0.2506,1150822305.0
2025-09-22 00:45:00+00:00,0.25061,0.25143,0.24775,0.24977,378159294.0
2025-09-22 01:00:00+00:00,0.24978,0.25074,0.24903,0.2495,199171518.0
2025-09-22 01:15:00+00:00,0.24951,0.2507,0.24862,0.25036,162696036.0
2025-09-22 01:30:00+00:00,0.25036,0.25138,0.24998,0.25078,118870018.0
2025-09-22 01:45:00+00:00,0.25078,0.25113,0.2496,0.24968,91802206.0
2025-09-22 02:00:00+00:00,0.24969,0.25085,0.24884,0.24955,136119061.0
2025-09-22 02:15:00+00:00,0.24955,0.25,0.24816,0.24913,136325460.0
2025-09-22 02:30:00+00:00,0.24912,0.2492,0.24516,0.24685,414767074.0
2025-09-22 02:45:00+00:00,0.24685,0.24766,0.2466,0.24689,111873366.0
2025-09-22 03:00:00+00:00,0.24689,0.24769,0.24634,0.24683,97482347.0
2025-09-22 03:15:00+00:00,0.24683,0.24831,0.24677,0.24831,53869901.0
2025-09-22 03:30:00+00:00,0.24832,0.24834,0.24709,0.24781,54279773.0
2025-09-22 03:45:00+00:00,0.24781,0.24892,0.2476,0.24864,110270632.0
2025-09-22 04:00:00+00:00,0.24864,0.24959,0.24815,0.24833,95502696.0
2025-09-22 04:15:00+00:00,0.24834,0.24915,0.24801,0.24909,51626999.0
2025-09-22 04:30:00+00:00,0.24908,0.24962,0.24874,0.24917,49241228.0
2025-09-22 04:45:00+00:00,0.24916,0.24933,0.24861,0.24885,53980403.0
2025-09-22 05:00:00+00:00,0.24885,0.24901,0.2479,0.24827,56849728.0
2025-09-22 05:15:00+00:00,0.24827,0.24928,0.24771,0.24877,89801325.0
2025-09-22 05:30:00+00:00,0.24877,0.24877,0.24678,0.24698,88464343.0
2025-09-22 05:45:00+00:00,0.24697,0.24769,0.2436,0.24398,134819301.0
2025-09-22 06:00:00+00:00,0.24398,0.24423,0.22775,0.23871,1914424056.0
2025-09-22 06:15:00+00:00,0.23871,0.24064,0.23805,0.23947,355079025.0
2025-09-22 06:30:00+00:00,0.23947,0.24094,0.23877,0.24068,265730400.0
2025-09-22 06:45:00+00:00,0.24067,0.24093,0.23927,0.24017,144820111.0
2025-09-22 07:00:00+00:00,0.24016,0.24033,0.23904,0.23942,123399404.0
2025-09-22 07:15:00+00:00,0.23941,0.23994,0.23853,0.23945,92765309.0
2025-09-22 07:30:00+00:00,0.23945,0.24011,0.23781,0.23824,163352380.0
2025-09-22 07:45:00+00:00,0.23823,0.2386,0.23735,0.2376,139681011.0
2025-09-22 08:00:00+00:00,0.2376,0.23949,0.23622,0.23898,231269937.0
2025-09-22 08:15:00+00:00,0.23898,0.23899,0.23779,0.23852,127246252.0
2025-09-22 08:30:00+00:00,0.23851,0.24004,0.2382,0.23991,84833923.0
2025-09-22 08:45:00+00:00,0.23991,0.24055,0.23914,0.23941,89593009.0
2025-09-22 09:00:00+00:00,0.23942,0.23964,0.23869,0.2391,68550581.0
2025-09-22 09:15:00+00:00,0.23909,0.23971,0.23793,0.23826,154956695.0
2025-09-22 09:30:00+00:00,0.23825,0.2384,0.23697,0.23774,170891201.0
2025-09-22 09:45:00+00:00,0.23774,0.23804,0.2366,0.23745,119952739.0
2025-09-22 10:00:00+00:00,0.23745,0.23875,0.23665,0.2384,77633101.0
2025-09-22 10:15:00+00:00,0.23839,0.23868,0.23804,0.23851,40998369.0
2025-09-22 10:30:00+00:00,0.2385,0.2385,0.23722,0.23772,51313305.0
2025-09-22 10:45:00+00:00,0.23773,0.23981,0.23768,0.23964,86209519.0
2025-09-22 11:00:00+00:00,0.23963,0.23988,0.23924,0.2394,61121292.0
2025-09-22 11:15:00+00:00,0.2394,0.23962,0.23868,0.23911,51021067.0
2025-09-22 11:30:00+00:00,0.2391,0.23927,0.23842,0.23875,56457320.0
2025-09-22 11:45:00+00:00,0.23875,0.2393,0.23865,0.23908,50118680.0
2025-09-22 12:00:00+00:00,0.23908,0.23925,0.23815,0.23896,60079193.0
2025-09-22 12:15:00+00:00,0.23896,0.24036,0.23884,0.23992,61094208.0
2025-09-22 12:30:00+00:00,0.23991,0.23999,0.23896,0.23924,54103955.0
2025-09-22 12:45:00+00:00,0.23923,0.2408,0.23921,0.24014,77070929.0
2025-09-22 13:00:00+00:00,0.24013,0.24245,0.23974,0.24244,147587804.0
2025-09-22 13:15:00+00:00,0.24245,0.24268,0.24096,0.24132,134939516.0
2025-09-22 13:30:00+00:00,0.24132,0.24138,0.23965,0.23974,132844707.0
2025-09-22 13:45:00+00:00,0.23974,0.24183,0.2392,0.24172,126294022.0
2025-09-22 14:00:00+00:00,0.24173,0.24218,0.24065,0.24082,148487580.0
2025-09-22 14:15:00+00:00,0.24083,0.24244,0.2408,0.2423,82522583.0
2025-09-22 14:30:00+00:00,0.2423,0.24314,0.24121,0.24128,154771563.0
2025-09-22 14:45:00+00:00,0.24128,0.2414,0.23986,0.24032,116874378.0
2025-09-22 15:00:00+00:00,0.24031,0.24094,0.23949,0.2399,86221922.0
2025-09-22 15:15:00+00:00,0.2399,0.24013,0.23874,0.23955,89095517.0
2025-09-22 15:30:00+00:00,0.23955,0.23959,0.23859,0.23879,71482790.0
2025-09-22 15:45:00+00:00,0.2388,0.23975,0.23816,0.2394,53828498.0
2025-09-22 16:00:00+00:00,0.2394,0.24138,0.23933,0.24115,89986326.0
2025-09-22 16:15:00+00:00,0.24115,0.24119,0.23943,0.23968,77385442.0
2025-09-22 16:30:00+00:00,0.23969,0.24004,0.23876,0.23909,58614277.0
2025-09-22 16:45:00+00:00,0.23908,0.23958,0.23857,0.23931,50269583.0
2025-09-22 17:00:00+00:00,0.23932,0.23956,0.23765,0.23842,110287006.0
2025-09-22 17:15:00+00:00,0.23843,0.23965,0.23792,0.23931,75792302.0
2025-09-22 17:30:00+00:00,0.2393,0.23984,0.23851,0.23905,64972725.0
2025-09-22 17:45:00+00:00,0.23906,0.23942,0.23873,0.23911,27417115.0
2025-09-22 18:00:00+00:00,0.23911,0.23949,0.23887,0.23903,31353994.0
2025-09-22 18:15:00+00:00,0.23903,0.23915,0.23836,0.23859,44263209.0
2025-09-22 18:30:00+00:00,0.23859,0.23929,0.23828,0.23829,44568142.0
2025-09-22 18:45:00+00:00,0.23828,0.23859,0.23745,0.23753,66785680.0
2025-09-22 19:00:00+00:00,0.23754,0.23815,0.23739,0.23752,43910812.0
2025-09-22 19:15:00+00:00,0.23753,0.23817,0.2368,0.23742,51976061.0
2025-09-22 19:30:00+00:00,0.23742,0.23752,0.23604,0.2368,105119650.0
2025-09-22 19:45:00+00:00,0.23681,0.23696,0.23546,0.23622,135996485.0
2025-09-22 20:00:00+00:00,0.23622,0.23741,0.23585,0.2373,85008518.0
2025-09-22 20:15:00+00:00,0.23729,0.23751,0.23676,0.23727,31313909.0
2025-09-22 20:30:00+00:00,0.23727,0.23855,0.23723,0.23796,52674363.0
2025-09-22 20:45:00+00:00,0.23796,0.23879,0.23781,0.23841,41172865.0
2025-09-22 21:00:00+00:00,0.23841,0.23851,0.2375,0.23765,35165643.0
2025-09-22 21:15:00+00:00,0.23765,0.2391,0.23749,0.23894,37807266.0
2025-09-22 21:30:00+00:00,0.23895,0.24098,0.23881,0.24067,82946410.0
2025-09-22 21:45:00+00:00,0.24068,0.24136,0.24046,0.24133,50112791.0
2025-09-22 22:00:00+00:00,0.24133,0.24133,0.24022,0.24037,43451456.0
2025-09-22 22:15:00+00:00,0.24038,0.24072,0.24002,0.24009,28138096.0
2025-09-22 22:30:00+00:00,0.24009,0.2402,0.23986,0.24,21680211.0
2025-09-22 22:45:00+00:00,0.24,0.24008,0.23956,0.23977,18661593.0
2025-09-22 23:00:00+00:00,0.23978,0.24028,0.23961,0.24019,20753920.0
2025-09-22 23:15:00+00:00,0.2402,0.24097,0.2402,0.24086,32803077.0
2025-09-22 23:30:00+00:00,0.24086,0.24159,0.24065,0.24101,62776783.0
2025-09-22 23:45:00+00:00,0.24101,0.24138,0.24075,0.24109,19371304.0
2025-09-23 00:00:00+00:00,0.2411,0.24178,0.24081,0.24168,49153506.0
2025-09-23 00:15:00+00:00,0.24169,0.24301,0.24169,0.24246,101527947.0
2025-09-23 00:30:00+00:00,0.24246,0.24287,0.24097,0.2411,79820882.0
2025-09-23 00:45:00+00:00,0.24111,0.24135,0.24044,0.24061,62329628.0
2025-09-23 01:00:00+00:00,0.24061,0.24074,0.23893,0.2394,113432293.0
2025-09-23 01:15:00+00:00,0.23941,0.24056,0.2392,0.24049,67133619.0
2025-09-23 01:30:00+00:00,0.24049,0.24057,0.23868,0.23898,73015470.0
2025-09-23 01:45:00+00:00,0.23899,0.23949,0.2378,0.23791,84625807.0
2025-09-23 02:00:00+00:00,0.2379,0.23932,0.23782,0.23885,74079305.0
2025-09-23 02:15:00+00:00,0.23885,0.2389,0.23721,0.23734,65532947.0
2025-09-23 02:30:00+00:00,0.23734,0.23773,0.2368,0.23706,94358293.0
2025-09-23 02:45:00+00:00,0.23705,0.23739,0.23601,0.23633,93941209.0
2025-09-23 03:00:00+00:00,0.23633,0.23642,0.23401,0.23565,244763652.0
2025-09-23 03:15:00+00:00,0.23564,0.24005,0.23553,0.23973,204451101.0
2025-09-23 03:30:00+00:00,0.23974,0.24212,0.23966,0.24053,201572314.0
2025-09-23 03:45:00+00:00,0.24053,0.24173,0.2401,0.24027,99205076.0
2025-09-23 04:00:00+00:00,0.24027,0.24106,0.23955,0.2398,63893176.0
2025-09-23 04:15:00+00:00,0.2398,0.24032,0.2391,0.23915,40174721.0
2025-09-23 04:30:00+00:00,0.23915,0.24021,0.23808,0.2394,174550364.0
2025-09-23 04:45:00+00:00,0.23939,0.2402,0.23876,0.24007,65060528.0
2025-09-23 05:00:00+00:00,0.24006,0.24049,0.2384,0.23994,111714868.0
2025-09-23 05:15:00+00:00,0.23994,0.24023,0.23923,0.24013,42612582.0
2025-09-23 05:30:00+00:00,0.24013,0.24124,0.24012,0.24089,85005467.0
2025-09-23 05:45:00+00:00,0.24089,0.24132,0.23979,0.23983,89851060.0
2025-09-23 06:00:00+00:00,0.23983,0.24089,0.23937,0.24083,55003986.0
2025-09-23 06:15:00+00:00,0.24083,0.24232,0.24052,0.24211,115344854.0
2025-09-23 06:30:00+00:00,0.24211,0.2434,0.24152,0.24188,181206741.0
2025-09-23 06:45:00+00:00,0.24188,0.24275,0.24133,0.24248,76398610.0
2025-09-23 07:00:00+00:00,0.24248,0.24248,0.24146,0.24162,87518267.0
2025-09-23 07:15:00+00:00,0.24161,0.24256,0.24137,0.24161,79784181.0
2025-09-23 07:30:00+00:00,0.24162,0.24216,0.24127,0.24145,42811793.0
2025-09-23 07:45:00+00:00,0.24144,0.24191,0.24117,0.24136,40232077.0
2025-09-23 08:00:00+00:00,0.24136,0.24213,0.24066,0.24118,72283219.0
2025-09-23 08:15:00+00:00,0.24119,0.24206,0.24108,0.24152,60921237.0
2025-09-23 08:30:00+00:00,0.24152,0.24216,0.24077,0.24198,53749342.0
2025-09-23 08:45:00+00:00,0.24199,0.24202,0.24149,0.24181,32454184.0
2025-09-23 09:00:00+00:00,0.2418,0.24283,0.24138,0.24235,72431261.0
2025-09-23 09:15:00+00:00,0.24234,0.24234,0.24048,0.24086,84093584.0
2025-09-23 09:30:00+00:00,0.24085,0.24123,0.24035,0.2408,51141708.0
2025-09-23 09:45:00+00:00,0.24079,0.24091,0.2396,0.24043,76385570.0
2025-09-23 10:00:00+00:00,0.24042,0.24092,0.24005,0.24084,32226520.0
2025-09-23 10:15:00+00:00,0.24085,0.24103,0.24001,0.24048,38268258.0
2025-09-23 10:30:00+00:00,0.24048,0.24072,0.24005,0.2404,52014868.0
2025-09-23 10:45:00+00:00,0.24039,0.24098,0.24035,0.24079,27956236.0
2025-09-23 11:00:00+00:00,0.24079,0.2408,0.23912,0.23935,80486045.0
2025-09-23 11:15:00+00:00,0.23934,0.23995,0.23909,0.23985,44352018.0
2025-09-23 11:30:00+00:00,0.23984,0.24086,0.23962,0.24085,44888807.0
2025-09-23 11:45:00+00:00,0.24085,0.24092,0.24033,0.24072,28588058.0
2025-09-23 12:00:00+00:00,0.24071,0.24129,0.23997,0.24091,69048116.0
2025-09-23 12:15:00+00:00,0.2409,0.24152,0.24015,0.24042,61954829.0
2025-09-23 12:30:00+00:00,0.24041,0.24133,0.2401,0.24122,51089028.0
2025-09-23 12:45:00+00:00,0.24122,0.24196,0.24031,0.24066,60804873.0
2025-09-23 13:00:00+00:00,0.24066,0.24106,0.24,0.24034,47933509.0
2025-09-23 13:15:00+00:00,0.24033,0.24053,0.23943,0.24038,44292582.0
2025-09-23 13:30:00+00:00,0.24038,0.24135,0.23864,0.23917,144779071.0
2025-09-23 13:45:00+00:00,0.23917,0.24011,0.23855,0.23954,87082140.0
2025-09-23 14:00:00+00:00,0.23954,0.24167,0.2393,0.24074,112843805.0
2025-09-23 14:15:00+00:00,0.24074,0.24098,0.23947,0.23979,66653937.0
2025-09-23 14:30:00+00:00,0.23979,0.24004,0.23791,0.23912,93172196.0
2025-09-23 14:45:00+00:00,0.23911,0.23923,0.23796,0.23864,58871263.0
2025-09-23 15:00:00+00:00,0.23863,0.24056,0.23784,0.24006,107467448.0
2025-09-23 15:15:00+00:00,0.24006,0.24158,0.23938,0.24113,103956240.0
2025-09-23 15:30:00+00:00,0.24113,0.24146,0.24015,0.2404,61447876.0
2025-09-23 15:45:00+00:00,0.2404,0.24118,0.24021,0.24059,46382975.0
2025-09-23 16:00:00+00:00,0.24059,0.24104,0.23857,0.23937,93653097.0
2025-09-23 16:15:00+00:00,0.23937,0.24095,0.2389,0.24073,81128887.0
2025-09-23 16:30:00+00:00,0.24072,0.24078,0.23909,0.2398,80627169.0
2025-09-23 16:45:00+00:00,0.23981,0.24384,0.23977,0.24253,206855297.0
2025-09-23 17:00:00+00:00,0.24253,0.24294,0.24105,0.24116,85686837.0
2025-09-23 17:15:00+00:00,0.24118,0.2418,0.24052,0.24052,60429714.0
2025-09-23 17:30:00+00:00,0.24052,0.2409,0.23842,0.23875,133843492.0
2025-09-23 17:45:00+00:00,0.23876,0.23918,0.23759,0.23839,139408671.0
2025-09-23 18:00:00+00:00,0.2384,0.23951,0.238,0.23906,92517578.0
2025-09-23 18:15:00+00:00,0.23906,0.23936,0.23801,0.23863,41789654.0
2025-09-23 18:30:00+00:00,0.23863,0.23926,0.2378,0.23794,57092810.0
2025-09-23 18:45:00+00:00,0.23794,0.238,0.23655,0.23744,91402541.0
2025-09-23 19:00:00+00:00,0.23743,0.23882,0.23741,0.23861,80167502.0
2025-09-23 19:15:00+00:00,0.23861,0.23992,0.2384,0.23907,61659875.0
2025-09-23 19:30:00+00:00,0.23907,0.2392,0.23779,0.23845,68265691.0
2025-09-23 19:45:00+00:00,0.23845,0.23855,0.23689,0.23783,84563850.0
2025-09-23 20:00:00+00:00,0.23782,0.23907,0.23763,0.23834,49294439.0
2025-09-23 20:15:00+00:00,0.23835,0.23853,0.23719,0.23721,33484277.0
2025-09-23 20:30:00+00:00,0.23721,0.23836,0.23624,0.23831,123870541.0
2025-09-23 20:45:00+00:00,0.23831,0.23928,0.23716,0.23922,53890220.0
2025-09-23 21:00:00+00:00,0.23922,0.23947,0.23841,0.23898,62737432.0
2025-09-23 21:15:00+00:00,0.23899,0.23939,0.23816,0.23938,28699409.0
2025-09-23 21:30:00+00:00,0.23939,0.24139,0.23922,0.24108,76703939.0
2025-09-23 21:45:00+00:00,0.24107,0.24107,0.24024,0.2403,23848640.0
2025-09-23 22:00:00+00:00,0.2403,0.24066,0.2397,0.24016,51932014.0
2025-09-23 22:15:00+00:00,0.24016,0.24032,0.23883,0.23892,38211071.0
2025-09-23 22:30:00+00:00,0.23893,0.24,0.23892,0.23967,27475999.0
2025-09-23 22:45:00+00:00,0.23968,0.23978,0.23902,0.23922,17900679.0
2025-09-23 23:00:00+00:00,0.23922,0.23972,0.23861,0.23913,31724737.0
2025-09-23 23:15:00+00:00,0.23913,0.2394,0.23654,0.23684,104119948.0
2025-09-23 23:30:00+00:00,0.23684,0.2383,0.23673,0.23776,86035669.0
2025-09-23 23:45:00+00:00,0.23776,0.2379,0.23693,0.23698,22182110.0
2025-09-24 00:00:00+00:00,0.23698,0.23785,0.23671,0.23784,61397737.0
2025-09-24 00:15:00+00:00,0.23783,0.23983,0.23778,0.23943,72921891.0
2025-09-24 00:30:00+00:00,0.23944,0.23948,0.2385,0.23884,45731623.0
2025-09-24 00:45:00+00:00,0.23884,0.23978,0.23814,0.23834,39708255.0
2025-09-24 01:00:00+00:00,0.23834,0.23933,0.23755,0.23929,41883791.0
2025-09-24 01:15:00+00:00,0.23929,0.23982,0.239,0.23977,32925949.0
2025-09-24 01:30:00+00:00,0.23976,0.24049,0.23933,0.23985,44308749.0
2025-09-24 01:45:00+00:00,0.23985,0.24048,0.23977,0.24017,30027344.0
2025-09-24 02:00:00+00:00,0.24017,0.24032,0.238,0.23813,39765076.0
2025-09-24 02:15:00+00:00,0.23812,0.23843,0.23704,0.23837,90894742.0
2025-09-24 02:30:00+00:00,0.23837,0.23894,0.23787,0.23844,69570086.0
2025-09-24 02:45:00+00:00,0.23843,0.23889,0.23737,0.23852,139353897.0
2025-09-24 03:00:00+00:00,0.23851,0.239,0.23755,0.23803,45855991.0
2025-09-24 03:15:00+00:00,0.23804,0.23836,0.23334,0.23448,250537524.0
2025-09-24 03:30:00+00:00,0.23448,0.23595,0.23393,0.23492,243907360.0
2025-09-24 03:45:00+00:00,0.23492,0.23537,0.23396,0.23438,78640250.0
2025-09-24 04:00:00+00:00,0.23438,0.23443,0.23087,0.23329,418176307.0
2025-09-24 04:15:00+00:00,0.23328,0.23493,0.23112,0.2347,308706864.0
2025-09-24 04:30:00+00:00,0.2347,0.23742,0.2347,0.23722,231999253.0
2025-09-24 04:45:00+00:00,0.23721,0.23749,0.23594,0.23613,87406064.0
2025-09-24 05:00:00+00:00,0.23612,0.23708,0.23595,0.23706,57886553.0
2025-09-24 05:15:00+00:00,0.23706,0.23837,0.2366,0.23789,63698172.0
2025-09-24 05:30:00+00:00,0.23789,0.23931,0.23749,0.23916,55570130.0
2025-09-24 05:45:00+00:00,0.23916,0.23964,0.23874,0.23888,57011867.0
2025-09-24 06:00:00+00:00,0.23888,0.23909,0.23839,0.23845,53747238.0
2025-09-24 06:15:00+00:00,0.23845,0.23874,0.23766,0.23804,61455149.0
2025-09-24 06:30:00+00:00,0.23804,0.23895,0.2377,0.23887,41309166.0
2025-09-24 06:45:00+00:00,0.23887,0.23934,0.23862,0.23868,50844505.0
2025-09-24 07:00:00+00:00,0.23869,0.23939,0.23814,0.2386,72969988.0
2025-09-24 07:15:00+00:00,0.2386,0.2395,0.23787,0.23807,73279434.0
2025-09-24 07:30:00+00:00,0.23807,0.23898,0.23789,0.23871,42062613.0
2025-09-24 07:45:00+00:00,0.2387,0.23944,0.23842,0.23943,81358902.0
2025-09-24 08:00:00+00:00,0.23944,0.23993,0.23902,0.23944,63894575.0
2025-09-24 08:15:00+00:00,0.23944,0.23953,0.23882,0.23901,30370675.0
2025-09-24 08:30:00+00:00,0.23901,0.24078,0.239,0.24069,87138289.0
2025-09-24 08:45:00+00:00,0.24069,0.24186,0.24039,0.24077,108688975.0
2025-09-24 09:00:00+00:00,0.24077,0.24109,0.2402,0.24068,45048674.0
2025-09-24 09:15:00+00:00,0.24069,0.24131,0.24048,0.24084,33442622.0
2025-09-24 09:30:00+00:00,0.24085,0.2419,0.24083,0.24133,78919284.0
2025-09-24 09:45:00+00:00,0.24134,0.24188,0.24112,0.24167,58080407.0
2025-09-24 10:00:00+00:00,0.24167,0.24217,0.24137,0.24175,70417056.0
2025-09-24 10:15:00+00:00,0.24176,0.24252,0.24117,0.24129,121347909.0
2025-09-24 10:30:00+00:00,0.24129,0.24205,0.24113,0.24145,49097433.0
2025-09-24 10:45:00+00:00,0.24145,0.24208,0.24124,0.2419,34331196.0
2025-09-24 11:00:00+00:00,0.2419,0.24312,0.24162,0.24261,103566847.0
2025-09-24 11:15:00+00:00,0.2426,0.24305,0.2423,0.24253,61059122.0
2025-09-24 11:30:00+00:00,0.24253,0.24349,0.24231,0.24345,113421800.0
2025-09-24 11:45:00+00:00,0.24346,0.24359,0.24225,0.24296,89519870.0
2025-09-24 12:00:00+00:00,0.24296,0.24344,0.24241,0.24296,65645565.0
2025-09-24 12:15:00+00:00,0.24297,0.24322,0.2423,0.24269,43526055.0
2025-09-24 12:30:00+00:00,0.24269,0.24329,0.24246,0.24326,40253273.0
2025-09-24 12:45:00+00:00,0.24326,0.24358,0.2425,0.24274,54449118.0
2025-09-24 13:00:00+00:00,0.24275,0.24351,0.24257,0.24278,50523569.0
2025-09-24 13:15:00+00:00,0.24277,0.24359,0.24268,0.24301,42468094.0
2025-09-24 13:30:00+00:00,0.24301,0.24561,0.2426,0.24448,252468774.0
2025-09-24 13:45:00+00:00,0.24447,0.24551,0.24313,0.24339,216748417.0
2025-09-24 14:00:00+00:00,0.24338,0.24589,0.24326,0.24586,148205105.0
2025-09-24 14:15:00+00:00,0.24587,0.24803,0.24585,0.24723,240525043.0
2025-09-24 14:30:00+00:00,0.24724,0.24777,0.24678,0.24747,164769139.0
2025-09-24 14:45:00+00:00,0.24746,0.25053,0.24714,0.24864,338791808.0
2025-09-24 15:00:00+00:00,0.24863,0.24915,0.24712,0.2472,162440312.0
2025-09-24 15:15:00+00:00,0.24721,0.248,0.24664,0.24695,98404543.0
2025-09-24 15:30:00+00:00,0.24696,0.24718,0.24632,0.24663,104736496.0
2025-09-24 15:45:00+00:00,0.24664,0.24673,0.2451,0.24546,163037526.0
2025-09-24 16:00:00+00:00,0.24546,0.24577,0.24433,0.2448,158839251.0
2025-09-24 16:15:00+00:00,0.24481,0.24614,0.24461,0.24595,113181782.0
2025-09-24 16:30:00+00:00,0.24595,0.24629,0.24494,0.24527,75145675.0
2025-09-24 16:45:00+00:00,0.24526,0.24539,0.24442,0.24463,59850945.0
2025-09-24 17:00:00+00:00,0.24464,0.24597,0.24449,0.2456,80014752.0
2025-09-24 17:15:00+00:00,0.2456,0.24592,0.24475,0.24518,54102456.0
2025-09-24 17:30:00+00:00,0.24519,0.24636,0.24505,0.24589,70150341.0
2025-09-24 17:45:00+00:00,0.24589,0.2459,0.24493,0.24527,44696667.0
2025-09-24 18:00:00+00:00,0.24528,0.24541,0.24403,0.24406,69347086.0
2025-09-24 18:15:00+00:00,0.24406,0.2448,0.24356,0.24468,71711727.0
2025-09-24 18:30:00+00:00,0.24468,0.24492,0.24412,0.24439,51358936.0
2025-09-24 18:45:00+00:00,0.24438,0.24451,0.24376,0.2444,28282461.0
2025-09-24 19:00:00+00:00,0.2444,0.24484,0.24412,0.24429,43948005.0
2025-09-24 19:15:00+00:00,0.24428,0.2446,0.24371,0.24392,32822331.0
2025-09-24 19:30:00+00:00,0.24393,0.24397,0.24218,0.24219,172430161.0
2025-09-24 19:45:00+00:00,0.2422,0.24394,0.24214,0.24341,95034955.0
2025-09-24 20:00:00+00:00,0.24341,0.24385,0.24309,0.24323,55117678.0
2025-09-24 20:15:00+00:00,0.24324,0.24375,0.24291,0.24304,36838766.0
2025-09-24 20:30:00+00:00,0.24303,0.24306,0.24174,0.24293,73393332.0
2025-09-24 20:45:00+00:00,0.24293,0.24369,0.24285,0.24319,43679936.0
2025-09-24 21:00:00+00:00,0.24318,0.24384,0.24288,0.2437,30339783.0
2025-09-24 21:15:00+00:00,0.24369,0.24384,0.24292,0.24331,31057955.0
2025-09-24 21:30:00+00:00,0.24331,0.24348,0.24255,0.24256,15702219.0
2025-09-24 21:45:00+00:00,0.24255,0.24271,0.24053,0.24106,85145704.0
2025-09-24 22:00:00+00:00,0.24107,0.24225,0.2408,0.24194,123296286.0
2025-09-24 22:15:00+00:00,0.24194,0.242,0.2409,0.24136,44867043.0
2025-09-24 22:30:00+00:00,0.24135,0.24181,0.24092,0.24133,36751404.0
2025-09-24 22:45:00+00:00,0.24133,0.2418,0.24059,0.24087,56043809.0
2025-09-24 23:00:00+00:00,0.24087,0.24165,0.24075,0.2414,41578644.0
2025-09-24 23:15:00+00:00,0.24139,0.24153,0.24077,0.2409,33472212.0
2025-09-24 23:30:00+00:00,0.24089,0.24115,0.24027,0.24057,56145342.0
2025-09-24 23:45:00+00:00,0.24057,0.24129,0.24021,0.24097,41753927.0
2025-09-25 00:00:00+00:00,0.24097,0.24185,0.24084,0.24158,74958576.0
2025-09-25 00:15:00+00:00,0.24158,0.2417,0.23934,0.23949,135557164.0
2025-09-25 00:30:00+00:00,0.23949,0.24074,0.23943,0.23981,63613128.0
2025-09-25 00:45:00+00:00,0.2398,0.24001,0.23851,0.23935,130067034.0
2025-09-25 01:00:00+00:00,0.23934,0.24011,0.23862,0.23962,91857670.0
2025-09-25 01:15:00+00:00,0.23961,0.24001,0.2387,0.23941,66747734.0
2025-09-25 01:30:00+00:00,0.23941,0.23941,0.23735,0.23776,166184846.0
2025-09-25 01:45:00+00:00,0.23775,0.23827,0.2368,0.23742,126503916.0
2025-09-25 02:00:00+00:00,0.23743,0.23913,0.23728,0.23796,85209526.0
2025-09-25 02:15:00+00:00,0.23797,0.238,0.23613,0.23744,119365773.0
2025-09-25 02:30:00+00:00,0.23743,0.24028,0.23734,0.23903,233603002.0
2025-09-25 02:45:00+00:00,0.23902,0.23927,0.23836,0.23897,41110643.0
2025-09-25 03:00:00+00:00,0.23897,0.239,0.23724,0.23749,47599173.0
2025-09-25 03:15:00+00:00,0.23749,0.23775,0.23365,0.23428,337408890.0
2025-09-25 03:30:00+00:00,0.23428,0.23529,0.23368,0.23489,183432216.0
2025-09-25 03:45:00+00:00,0.23488,0.23617,0.2346,0.23599,90445206.0
2025-09-25 04:00:00+00:00,0.23598,0.23653,0.2347,0.23503,103655801.0
2025-09-25 04:15:00+00:00,0.23504,0.23514,0.23252,0.23427,223903244.0
2025-09-25 04:30:00+00:00,0.23428,0.23432,0.23258,0.23386,108727292.0
2025-09-25 04:45:00+00:00,0.23387,0.23425,0.23161,0.23326,194622206.0
2025-09-25 05:00:00+00:00,0.23326,0.23438,0.23218,0.23407,99059512.0
2025-09-25 05:15:00+00:00,0.23407,0.23569,0.23381,0.23533,95487059.0
2025-09-25 05:30:00+00:00,0.23533,0.23539,0.23444,0.23488,48738223.0
2025-09-25 05:45:00+00:00,0.23487,0.2353,0.23434,0.23476,35471708.0
2025-09-25 06:00:00+00:00,0.23476,0.2349,0.23324,0.23336,75579174.0
2025-09-25 06:15:00+00:00,0.23336,0.23415,0.23289,0.23329,92813649.0
2025-09-25 06:30:00+00:00,0.23329,0.23443,0.2331,0.23318,67528967.0
2025-09-25 06:45:00+00:00,0.23319,0.2338,0.23287,0.2333,64484336.0
2025-09-25 07:00:00+00:00,0.23329,0.23431,0.2329,0.23324,83448064.0
2025-09-25 07:15:00+00:00,0.23324,0.23459,0.23314,0.23414,92202480.0
2025-09-25 07:30:00+00:00,0.23415,0.23424,0.23337,0.23402,39754193.0
2025-09-25 07:45:00+00:00,0.23403,0.23426,0.23284,0.23315,62538223.0
2025-09-25 08:00:00+00:00,0.23315,0.23439,0.23309,0.23424,104778312.0
2025-09-25 08:15:00+00:00,0.23424,0.23473,0.23364,0.2347,76196832.0
2025-09-25 08:30:00+00:00,0.23469,0.23469,0.23237,0.23272,120841885.0
2025-09-25 08:45:00+00:00,0.23272,0.23318,0.23238,0.23313,81359306.0
2025-09-25 09:00:00+00:00,0.23314,0.23426,0.2328,0.23421,46552428.0
2025-09-25 09:15:00+00:00,0.23422,0.23467,0.23373,0.23401,74487048.0
2025-09-25 09:30:00+00:00,0.23402,0.2345,0.23329,0.23332,68000225.0
2025-09-25 09:45:00+00:00,0.23332,0.23339,0.23183,0.23205,97986658.0
2025-09-25 10:00:00+00:00,0.23204,0.23301,0.23175,0.23293,55057116.0
2025-09-25 10:15:00+00:00,0.23293,0.23382,0.23283,0.23292,48522616.0
2025-09-25 10:30:00+00:00,0.23291,0.23301,0.23204,0.23215,43630356.0
2025-09-25 10:45:00+00:00,0.23215,0.23219,0.23135,0.23154,70489241.0
2025-09-25 11:00:00+00:00,0.23154,0.23239,0.23111,0.23175,151177319.0
2025-09-25 11:15:00+00:00,0.23175,0.23184,0.23021,0.23082,300949331.0
2025-09-25 11:30:00+00:00,0.23081,0.23155,0.23046,0.23104,103119571.0
2025-09-25 11:45:00+00:00,0.23103,0.23135,0.23011,0.23117,83990509.0
2025-09-25 12:00:00+00:00,0.23116,0.23211,0.23101,0.23176,85377114.0
2025-09-25 12:15:00+00:00,0.23176,0.23176,0.22528,0.22692,345220949.0
2025-09-25 12:30:00+00:00,0.22687,0.23108,0.22567,0.2304,521275897.0
2025-09-25 12:45:00+00:00,0.2304,0.23115,0.22944,0.2295,130597430.0
2025-09-25 13:00:00+00:00,0.22949,0.22995,0.22783,0.22976,237485933.0
2025-09-25 13:15:00+00:00,0.22975,0.23239,0.22956,0.2319,203638588.0
2025-09-25 13:30:00+00:00,0.2319,0.23229,0.22938,0.22984,247779049.0
2025-09-25 13:45:00+00:00,0.22983,0.23163,0.22969,0.23114,126206545.0
2025-09-25 14:00:00+00:00,0.23115,0.23347,0.23115,0.23337,167098994.0
2025-09-25 14:15:00+00:00,0.23337,0.23472,0.23276,0.23293,174685613.0
2025-09-25 14:30:00+00:00,0.23294,0.23362,0.23176,0.23204,98516785.0
2025-09-25 14:45:00+00:00,0.23204,0.23215,0.23096,0.23173,87754601.0
2025-09-25 15:00:00+00:00,0.23173,0.23205,0.23056,0.23124,94039851.0
2025-09-25 15:15:00+00:00,0.23124,0.2315,0.23,0.23048,104460123.0
2025-09-25 15:30:00+00:00,0.23049,0.23103,0.23014,0.23033,79751890.0
2025-09-25 15:45:00+00:00,0.23032,0.23099,0.22968,0.23098,84981493.0
2025-09-25 16:00:00+00:00,0.23098,0.23168,0.23042,0.23113,90195098.0
2025-09-25 16:15:00+00:00,0.23113,0.23119,0.22848,0.22877,136594160.0
2025-09-25 16:30:00+00:00,0.22877,0.22966,0.22843,0.22864,101602423.0
2025-09-25 16:45:00+00:00,0.22865,0.22888,0.22659,0.22716,224307172.0
2025-09-25 17:00:00+00:00,0.22716,0.22729,0.22434,0.22435,259539313.0
2025-09-25 17:15:00+00:00,0.22434,0.2261,0.22353,0.22508,357109226.0
2025-09-25 17:30:00+00:00,0.22508,0.22557,0.22222,0.22388,286698673.0
2025-09-25 17:45:00+00:00,0.22389,0.22445,0.22042,0.22134,314198961.0
2025-09-25 18:00:00+00:00,0.22134,0.22334,0.22061,0.22324,247065927.0
2025-09-25 18:15:00+00:00,0.22324,0.22591,0.22245,0.22584,254900115.0
2025-09-25 18:30:00+00:00,0.22585,0.22692,0.22508,0.22629,129840717.0
2025-09-25 18:45:00+00:00,0.22629,0.22766,0.22564,0.22751,150341360.0
2025-09-25 19:00:00+00:00,0.22751,0.22819,0.22739,0.22754,78805816.0
2025-09-25 19:15:00+00:00,0.22754,0.22909,0.22712,0.2285,124305725.0
2025-09-25 19:30:00+00:00,0.2285,0.22883,0.22706,0.22729,70019608.0
2025-09-25 19:45:00+00:00,0.2273,0.22735,0.22573,0.22638,102582721.0
2025-09-25 20:00:00+00:00,0.22638,0.22676,0.22492,0.22548,98452150.0
2025-09-25 20:15:00+00:00,0.22547,0.22632,0.22505,0.22555,60416380.0
2025-09-25 20:30:00+00:00,0.22554,0.22555,0.22375,0.22458,85712130.0
2025-09-25 20:45:00+00:00,0.22458,0.22523,0.22377,0.22431,59710812.0
2025-09-25 21:00:00+00:00,0.22431,0.22628,0.22426,0.22531,87899979.0
2025-09-25 21:15:00+00:00,0.22531,0.22568,0.224,0.22438,46621904.0
2025-09-25 21:30:00+00:00,0.22439,0.2245,0.22271,0.22385,120123975.0
2025-09-25 21:45:00+00:00,0.22385,0.22506,0.22382,0.22486,35328940.0
2025-09-25 22:00:00+00:00,0.22487,0.22595,0.22412,0.22588,62650740.0
2025-09-25 22:15:00+00:00,0.22588,0.22642,0.22456,0.22464,54452855.0
2025-09-25 22:30:00+00:00,0.22465,0.22487,0.22408,0.22433,36757958.0
2025-09-25 22:45:00+00:00,0.22433,0.22439,0.22288,0.22381,68635339.0
2025-09-25 23:00:00+00:00,0.22382,0.22525,0.22355,0.22381,60012180.0
2025-09-25 23:15:00+00:00,0.22382,0.22427,0.22311,0.22331,49674898.0
2025-09-25 23:30:00+00:00,0.22331,0.22332,0.22072,0.22218,206040468.0
2025-09-25 23:45:00+00:00,0.22219,0.22285,0.22175,0.22281,72276076.0
2025-09-26 00:00:00+00:00,0.22281,0.22483,0.22264,0.2246,142811200.0
2025-09-26 00:15:00+00:00,0.2246,0.22584,0.22451,0.22517,77297432.0
2025-09-26 00:30:00+00:00,0.22516,0.22522,0.2227,0.22281,85336063.0
2025-09-26 00:45:00+00:00,0.2228,0.22652,0.22255,0.22598,124535998.0
2025-09-26 01:00:00+00:00,0.22598,0.22675,0.22506,0.22633,104600422.0
2025-09-26 01:15:00+00:00,0.22632,0.22767,0.22626,0.22672,132349264.0
2025-09-26 01:30:00+00:00,0.22671,0.22728,0.22604,0.22661,56795979.0
2025-09-26 01:45:00+00:00,0.22661,0.22766,0.22589,0.22628,111297014.0
2025-09-26 02:00:00+00:00,0.22629,0.2276,0.22508,0.22582,93037704.0
2025-09-26 02:15:00+00:00,0.22582,0.22708,0.22556,0.22571,43888549.0
2025-09-26 02:30:00+00:00,0.2257,0.22664,0.22516,0.22633,36940486.0
2025-09-26 02:45:00+00:00,0.22633,0.22704,0.22562,0.22591,26067532.0
2025-09-26 03:00:00+00:00,0.22592,0.22665,0.22501,0.22651,72082173.0
2025-09-26 03:15:00+00:00,0.22651,0.22703,0.22603,0.22614,43062985.0
2025-09-26 03:30:00+00:00,0.22613,0.22663,0.22571,0.22655,34601607.0
2025-09-26 03:45:00+00:00,0.22656,0.22728,0.22585,0.22708,32858545.0
2025-09-26 04:00:00+00:00,0.22708,0.2275,0.2265,0.22699,49892002.0
2025-09-26 04:15:00+00:00,0.22698,0.22763,0.22664,0.22674,40499656.0
2025-09-26 04:30:00+00:00,0.22675,0.22675,0.22556,0.22587,34250368.0
2025-09-26 04:45:00+00:00,0.22587,0.22641,0.2256,0.22626,23739076.0
2025-09-26 05:00:00+00:00,0.22627,0.22741,0.22603,0.22741,88416758.0
2025-09-26 05:15:00+00:00,0.22741,0.22782,0.22717,0.22758,65709845.0
2025-09-26 05:30:00+00:00,0.22759,0.22764,0.22646,0.2266,43080601.0
2025-09-26 05:45:00+00:00,0.2266,0.22681,0.22529,0.22584,87701713.0
2025-09-26 06:00:00+00:00,0.22584,0.22618,0.22461,0.22552,84483059.0
2025-09-26 06:15:00+00:00,0.22552,0.2277,0.22543,0.22721,83903481.0
2025-09-26 06:30:00+00:00,0.2272,0.22795,0.22671,0.22769,43774934.0
2025-09-26 06:45:00+00:00,0.22768,0.2277,0.22603,0.22646,66246254.0
2025-09-26 07:00:00+00:00,0.22647,0.22756,0.22632,0.22752,70930746.0
2025-09-26 07:15:00+00:00,0.22752,0.22754,0.22639,0.22639,42848463.0
2025-09-26 07:30:00+00:00,0.22639,0.22639,0.22467,0.22524,99764770.0
2025-09-26 07:45:00+00:00,0.22523,0.22701,0.22504,0.22691,54108570.0
2025-09-26 08:00:00+00:00,0.22693,0.22789,0.22685,0.22735,111473715.0
2025-09-26 08:15:00+00:00,0.22736,0.22785,0.22627,0.22722,54898617.0
2025-09-26 08:30:00+00:00,0.22722,0.22769,0.22667,0.22709,38571045.0
2025-09-26 08:45:00+00:00,0.2271,0.2273,0.22623,0.2264,33456932.0
2025-09-26 09:00:00+00:00,0.22639,0.22696,0.22582,0.2267,48463232.0
2025-09-26 09:15:00+00:00,0.2267,0.22672,0.22551,0.22578,37301683.0
2025-09-26 09:30:00+00:00,0.22577,0.22607,0.22424,0.22469,77981785.0
2025-09-26 09:45:00+00:00,0.22469,0.22559,0.2245,0.22531,47875054.0
2025-09-26 10:00:00+00:00,0.2253,0.22545,0.22316,0.22352,116090020.0
2025-09-26 10:15:00+00:00,0.22352,0.22399,0.22305,0.2235,86542690.0
2025-09-26 10:30:00+00:00,0.22351,0.22381,0.22214,0.22264,128703123.0
2025-09-26 10:45:00+00:00,0.22263,0.22331,0.2225,0.22284,47486345.0
2025-09-26 11:00:00+00:00,0.22283,0.22324,0.22123,0.2218,124931201.0
2025-09-26 11:15:00+00:00,0.2218,0.22337,0.22166,0.22308,72053285.0
2025-09-26 11:30:00+00:00,0.22307,0.22512,0.22307,0.22483,89542082.0
2025-09-26 11:45:00+00:00,0.22483,0.22538,0.22441,0.22445,68527538.0
2025-09-26 12:00:00+00:00,0.22445,0.22445,0.22222,0.22223,87592794.0
2025-09-26 12:15:00+00:00,0.22222,0.22416,0.2216,0.22389,139123257.0
2025-09-26 12:30:00+00:00,0.22389,0.22803,0.22266,0.22731,494070442.0
2025-09-26 12:45:00+00:00,0.22731,0.22746,0.22545,0.2264,100475800.0
2025-09-26 13:00:00+00:00,0.2264,0.22677,0.2253,0.22584,82259122.0
2025-09-26 13:15:00+00:00,0.22584,0.22614,0.2246,0.22498,101106458.0
2025-09-26 13:30:00+00:00,0.22498,0.22684,0.2242,0.22624,165495221.0
2025-09-26 13:45:00+00:00,0.22623,0.22798,0.22561,0.22738,206636432.0
2025-09-26 14:00:00+00:00,0.22737,0.22778,0.22596,0.22638,97100691.0
2025-09-26 14:15:00+00:00,0.22637,0.22729,0.22472,0.22547,99142059.0
2025-09-26 14:30:00+00:00,0.22547,0.2259,0.2242,0.22547,112659791.0
2025-09-26 14:45:00+00:00,0.22547,0.22588,0.22452,0.22523,73501207.0
2025-09-26 15:00:00+00:00,0.22524,0.22709,0.22498,0.22601,95665280.0
2025-09-26 15:15:00+00:00,0.22601,0.22747,0.22571,0.22718,79900121.0
2025-09-26 15:30:00+00:00,0.22718,0.2279,0.22659,0.22732,67520551.0
2025-09-26 15:45:00+00:00,0.22732,0.22762,0.22666,0.22717,44173910.0
2025-09-26 16:00:00+00:00,0.22717,0.22967,0.22701,0.22845,152465494.0
2025-09-26 16:15:00+00:00,0.22844,0.22993,0.22828,0.22881,92952748.0
2025-09-26 16:30:00+00:00,0.2288,0.22926,0.22834,0.22856,40618461.0
2025-09-26 16:45:00+00:00,0.22857,0.22978,0.22841,0.22937,46173702.0
2025-09-26 17:00:00+00:00,0.22937,0.22986,0.22853,0.22951,59909235.0
2025-09-26 17:15:00+00:00,0.22951,0.23173,0.22925,0.23151,156807078.0
2025-09-26 17:30:00+00:00,0.23152,0.23156,0.23029,0.23053,98583887.0
2025-09-26 17:45:00+00:00,0.23052,0.23183,0.23039,0.23148,121644246.0
2025-09-26 18:00:00+00:00,0.23149,0.23237,0.23115,0.23197,101064724.0
2025-09-26 18:15:00+00:00,0.23197,0.23316,0.23195,0.23286,105840824.0
2025-09-26 18:30:00+00:00,0.23286,0.2332,0.23193,0.2321,70088074.0
2025-09-26 18:45:00+00:00,0.23211,0.23266,0.23169,0.23234,40756395.0
2025-09-26 19:00:00+00:00,0.23235,0.23253,0.23101,0.23147,116522789.0
2025-09-26 19:15:00+00:00,0.23147,0.23223,0.23075,0.23089,52029859.0
2025-09-26 19:30:00+00:00,0.23088,0.23114,0.22973,0.23012,109853616.0
2025-09-26 19:45:00+00:00,0.23012,0.23122,0.23004,0.23083,41366151.0
2025-09-26 20:00:00+00:00,0.2308,0.23146,0.23029,0.2314,34928201.0
2025-09-26 20:15:00+00:00,0.2314,0.23156,0.23052,0.23082,33724076.0
2025-09-26 20:30:00+00:00,0.23081,0.23103,0.23014,0.23025,24224340.0
2025-09-26 20:45:00+00:00,0.23025,0.23071,0.23012,0.23044,15426364.0
2025-09-26 21:00:00+00:00,0.23044,0.2306,0.22974,0.23058,21435170.0
2025-09-26 21:15:00+00:00,0.23059,0.23126,0.22993,0.23115,35024565.0
2025-09-26 21:30:00+00:00,0.23115,0.23152,0.23011,0.23031,37556243.0
2025-09-26 21:45:00+00:00,0.2303,0.23108,0.2303,0.231,15483089.0
2025-09-26 22:00:00+00:00,0.23101,0.23185,0.23069,0.2317,39552739.0
2025-09-26 22:15:00+00:00,0.23169,0.23229,0.23144,0.23146,33637935.0
2025-09-26 22:30:00+00:00,0.23146,0.23182,0.23134,0.23156,18191258.0
2025-09-26 22:45:00+00:00,0.23156,0.23199,0.2312,0.23135,23461080.0
2025-09-26 23:00:00+00:00,0.23135,0.23136,0.23084,0.231,20053313.0
2025-09-26 23:15:00+00:00,0.231,0.23174,0.2308,0.2317,18193997.0
2025-09-26 23:30:00+00:00,0.23171,0.23222,0.23164,0.23208,29191093.0
2025-09-26 23:45:00+00:00,0.23209,0.2325,0.23196,0.23232,28072614.0
2025-09-27 00:00:00+00:00,0.23232,0.23235,0.23166,0.23181,44947545.0
2025-09-27 00:15:00+00:00,0.23182,0.23266,0.23182,0.23233,38547846.0
2025-09-27 00:30:00+00:00,0.23233,0.23271,0.23203,0.23216,33564655.0
2025-09-27 00:45:00+00:00,0.23216,0.2331,0.23178,0.23282,36349339.0
2025-09-27 01:00:00+00:00,0.23282,0.23307,0.23206,0.23236,35354103.0
2025-09-27 01:15:00+00:00,0.23236,0.23268,0.23131,0.23163,50006934.0
2025-09-27 01:30:00+00:00,0.23163,0.23187,0.23114,0.23172,31850195.0
2025-09-27 01:45:00+00:00,0.23172,0.23221,0.23172,0.23214,17280816.0
2025-09-27 02:00:00+00:00,0.23214,0.23245,0.23172,0.23233,24403447.0
2025-09-27 02:15:00+00:00,0.23233,0.23278,0.23188,0.23234,36006952.0
2025-09-27 02:30:00+00:00,0.23235,0.23284,0.23202,0.2328,20583477.0
2025-09-27 02:45:00+00:00,0.23279,0.23302,0.23207,0.23237,35034459.0
2025-09-27 03:00:00+00:00,0.23238,0.23351,0.23227,0.23257,65121231.0
2025-09-27 03:15:00+00:00,0.23257,0.23384,0.2325,0.23361,37986905.0
2025-09-27 03:30:00+00:00,0.23361,0.2342,0.23355,0.23385,60172614.0
2025-09-27 03:45:00+00:00,0.23384,0.234,0.23333,0.23347,51199772.0
2025-09-27 04:00:00+00:00,0.23347,0.23388,0.233,0.2332,40854659.0
2025-09-27 04:15:00+00:00,0.2332,0.23364,0.23318,0.23363,33922182.0
2025-09-27 04:30:00+00:00,0.23363,0.23382,0.23292,0.23302,31010415.0
2025-09-27 04:45:00+00:00,0.23302,0.23323,0.2328,0.23323,20420407.0
2025-09-27 05:00:00+00:00,0.23322,0.23322,0.23212,0.23234,51311531.0
2025-09-27 05:15:00+00:00,0.23233,0.23255,0.23186,0.23201,39758668.0
2025-09-27 05:30:00+00:00,0.23202,0.23274,0.23191,0.23271,31232204.0
2025-09-27 05:45:00+00:00,0.23272,0.23301,0.23243,0.23266,22697653.0
2025-09-27 06:00:00+00:00,0.23265,0.23272,0.23199,0.23213,33270468.0
2025-09-27 06:15:00+00:00,0.23213,0.23213,0.23139,0.23147,47564671.0
2025-09-27 06:30:00+00:00,0.23148,0.23158,0.23099,0.23134,40769931.0
2025-09-27 06:45:00+00:00,0.23134,0.23171,0.23117,0.23159,29437932.0
2025-09-27 07:00:00+00:00,0.2316,0.23196,0.23144,0.23169,21739619.0
2025-09-27 07:15:00+00:00,0.23169,0.23176,0.231,0.23107,27599292.0
2025-09-27 07:30:00+00:00,0.23108,0.23121,0.23048,0.23075,62593763.0
2025-09-27 07:45:00+00:00,0.23074,0.23105,0.23047,0.23101,23872208.0
2025-09-27 08:00:00+00:00,0.23101,0.23101,0.22951,0.23006,99970129.0
2025-09-27 08:15:00+00:00,0.23006,0.23047,0.22988,0.23045,34038516.0
2025-09-27 08:30:00+00:00,0.23044,0.23044,0.22999,0.23005,23956285.0
2025-09-27 08:45:00+00:00,0.23005,0.23021,0.22925,0.2295,70469121.0
2025-09-27 09:00:00+00:00,0.22951,0.22973,0.22846,0.22888,90685120.0
2025-09-27 09:15:00+00:00,0.22888,0.22912,0.22841,0.2286,65338275.0
2025-09-27 09:30:00+00:00,0.22859,0.22969,0.22849,0.22958,52691496.0
2025-09-27 09:45:00+00:00,0.22957,0.22997,0.22947,0.22981,43750785.0
2025-09-27 10:00:00+00:00,0.2298,0.2299,0.22947,0.22961,21053751.0
2025-09-27 10:15:00+00:00,0.2296,0.22983,0.22915,0.22933,28257669.0
2025-09-27 10:30:00+00:00,0.22933,0.2307,0.22932,0.23036,89751405.0
2025-09-27 10:45:00+00:00,0.23036,0.23056,0.22994,0.23011,38063916.0
2025-09-27 11:00:00+00:00,0.23012,0.23023,0.22977,0.22987,14936832.0
2025-09-27 11:15:00+00:00,0.22988,0.23047,0.22984,0.2304,19609340.0
2025-09-27 11:30:00+00:00,0.23041,0.23045,0.22986,0.22993,18875782.0
2025-09-27 11:45:00+00:00,0.22993,0.23003,0.22981,0.22996,16281002.0
2025-09-27 12:00:00+00:00,0.22996,0.23004,0.22921,0.22957,36424452.0
2025-09-27 12:15:00+00:00,0.22957,0.22976,0.22925,0.22933,15994191.0
2025-09-27 12:30:00+00:00,0.22932,0.23005,0.22927,0.23004,32694511.0
2025-09-27 12:45:00+00:00,0.23003,0.23084,0.22995,0.23061,52416367.0
2025-09-27 13:00:00+00:00,0.23061,0.23065,0.23009,0.23009,18278327.0
2025-09-27 13:15:00+00:00,0.23009,0.23044,0.23005,0.23017,15017008.0
2025-09-27 13:30:00+00:00,0.23017,0.23062,0.22996,0.23061,22494206.0
2025-09-27 13:45:00+00:00,0.23062,0.23071,0.23021,0.23034,17845349.0
2025-09-27 14:00:00+00:00,0.23034,0.23062,0.22988,0.23028,25793605.0
2025-09-27 14:15:00+00:00,0.23029,0.23029,0.22988,0.23009,16734929.0
2025-09-27 14:30:00+00:00,0.23009,0.23019,0.22977,0.22978,14631864.0
2025-09-27 14:45:00+00:00,0.22978,0.22978,0.22909,0.22913,28989850.0
2025-09-27 15:00:00+00:00,0.22914,0.22915,0.22779,0.22856,94573633.0
2025-09-27 15:15:00+00:00,0.22857,0.22923,0.22855,0.22918,38735619.0
2025-09-27 15:30:00+00:00,0.22918,0.22967,0.22898,0.22948,34804539.0
2025-09-27 15:45:00+00:00,0.22947,0.23023,0.22942,0.23008,31804198.0
2025-09-27 16:00:00+00:00,0.23009,0.23018,0.22942,0.22965,35301908.0
2025-09-27 16:15:00+00:00,0.22965,0.23008,0.22934,0.22971,25020131.0
2025-09-27 16:30:00+00:00,0.22971,0.23049,0.22936,0.22999,35025825.0
2025-09-27 16:45:00+00:00,0.23,0.23016,0.22909,0.22932,36575812.0
2025-09-27 17:00:00+00:00,0.22933,0.22935,0.22839,0.22846,71336881.0
2025-09-27 17:15:00+00:00,0.22846,0.22855,0.22765,0.2284,81661159.0
2025-09-27 17:30:00+00:00,0.22841,0.22905,0.22824,0.22867,31605319.0
2025-09-27 17:45:00+00:00,0.22867,0.22904,0.22828,0.2289,32804799.0
2025-09-27 18:00:00+00:00,0.22889,0.22915,0.22846,0.22874,27554349.0
2025-09-27 18:15:00+00:00,0.22874,0.22912,0.22851,0.22904,18191437.0
2025-09-27 18:30:00+00:00,0.22904,0.22918,0.22833,0.22843,15647609.0
2025-09-27 18:45:00+00:00,0.22843,0.22928,0.22843,0.22928,11083108.0
2025-09-27 19:00:00+00:00,0.22928,0.22944,0.229,0.22908,13384365.0
2025-09-27 19:15:00+00:00,0.22908,0.22958,0.22893,0.22949,15934544.0
2025-09-27 19:30:00+00:00,0.22949,0.2295,0.22899,0.22917,18366051.0
2025-09-27 19:45:00+00:00,0.22916,0.22999,0.22903,0.22972,24905609.0
2025-09-27 20:00:00+00:00,0.22972,0.23003,0.22953,0.2296,19315479.0
2025-09-27 20:15:00+00:00,0.2296,0.22962,0.22927,0.22952,10583684.0
2025-09-27 20:30:00+00:00,0.22951,0.23,0.22941,0.22957,10824144.0
2025-09-27 20:45:00+00:00,0.22957,0.22958,0.22929,0.22958,7309092.0
2025-09-27 21:00:00+00:00,0.22958,0.2298,0.2294,0.22973,11602220.0
2025-09-27 21:15:00+00:00,0.22974,0.23001,0.22966,0.22994,10017736.0
2025-09-27 21:30:00+00:00,0.22995,0.23046,0.22979,0.23046,14564773.0
2025-09-27 21:45:00+00:00,0.23046,0.23054,0.23026,0.23039,13061903.0
2025-09-27 22:00:00+00:00,0.2304,0.23133,0.2304,0.23112,40945132.0
2025-09-27 22:15:00+00:00,0.23112,0.23244,0.23107,0.23221,68283222.0
2025-09-27 22:30:00+00:00,0.23222,0.23243,0.23146,0.23146,34302516.0
2025-09-27 22:45:00+00:00,0.23146,0.23166,0.231,0.23133,26665358.0
2025-09-27 23:00:00+00:00,0.23133,0.23194,0.23097,0.23127,31595821.0
2025-09-27 23:15:00+00:00,0.23128,0.23147,0.23056,0.23061,34424618.0
2025-09-27 23:30:00+00:00,0.23062,0.23087,0.23036,0.23073,21253918.0
2025-09-27 23:45:00+00:00,0.23073,0.23099,0.23042,0.23067,25022173.0
2025-09-28 00:00:00+00:00,0.23066,0.23077,0.22935,0.22963,50689421.0
2025-09-28 00:15:00+00:00,0.22963,0.23088,0.22947,0.23071,40434794.0
2025-09-28 00:30:00+00:00,0.2307,0.23088,0.2294,0.22999,45765036.0
2025-09-28 00:45:00+00:00,0.22999,0.23013,0.22917,0.22934,41253036.0
2025-09-28 01:00:00+00:00,0.22935,0.22949,0.22849,0.22866,58808302.0
2025-09-28 01:15:00+00:00,0.22867,0.22941,0.2286,0.2288,51556440.0
2025-09-28 01:30:00+00:00,0.22879,0.22903,0.22774,0.22801,60259698.0
2025-09-28 01:45:00+00:00,0.22801,0.22847,0.22749,0.22756,55576234.0
2025-09-28 02:00:00+00:00,0.22756,0.22831,0.22745,0.22785,34378145.0
2025-09-28 02:15:00+00:00,0.22784,0.22873,0.2277,0.22853,29088064.0
2025-09-28 02:30:00+00:00,0.22852,0.22897,0.22814,0.22823,46006061.0
2025-09-28 02:45:00+00:00,0.22823,0.22859,0.22786,0.22847,18081991.0
2025-09-28 03:00:00+00:00,0.22848,0.22898,0.22848,0.22879,27377078.0
2025-09-28 03:15:00+00:00,0.22879,0.22899,0.22842,0.22861,11188601.0
2025-09-28 03:30:00+00:00,0.22862,0.22876,0.22799,0.22835,20711173.0
2025-09-28 03:45:00+00:00,0.22836,0.22859,0.22811,0.22843,8750647.0
2025-09-28 04:00:00+00:00,0.22843,0.22859,0.22823,0.22825,12166449.0
2025-09-28 04:15:00+00:00,0.22824,0.22852,0.22805,0.22806,8471457.0
2025-09-28 04:30:00+00:00,0.22806,0.22865,0.22806,0.22858,11743949.0
2025-09-28 04:45:00+00:00,0.22858,0.22879,0.22839,0.22863,11148592.0
2025-09-28 05:00:00+00:00,0.22863,0.22914,0.22797,0.22804,40634282.0
2025-09-28 05:15:00+00:00,0.22803,0.22877,0.22803,0.22873,24240500.0
2025-09-28 05:30:00+00:00,0.22872,0.22893,0.22808,0.22819,18314708.0
2025-09-28 05:45:00+00:00,0.2282,0.22831,0.228,0.22814,11447169.0
2025-09-28 06:00:00+00:00,0.22814,0.22865,0.22813,0.22829,17373166.0
2025-09-28 06:15:00+00:00,0.2283,0.22847,0.22755,0.22759,32199098.0
2025-09-28 06:30:00+00:00,0.2276,0.22839,0.22706,0.22815,62176783.0
2025-09-28 06:45:00+00:00,0.22814,0.22839,0.22771,0.22835,20211999.0
2025-09-28 07:00:00+00:00,0.22836,0.2286,0.22781,0.22804,18513101.0
2025-09-28 07:15:00+00:00,0.22803,0.22901,0.22793,0.22871,58294545.0
2025-09-28 07:30:00+00:00,0.22871,0.22926,0.22866,0.22894,25332487.0
2025-09-28 07:45:00+00:00,0.22894,0.22922,0.22873,0.22908,21680481.0
2025-09-28 08:00:00+00:00,0.22909,0.22918,0.22823,0.22827,30934614.0
2025-09-28 08:15:00+00:00,0.22827,0.22839,0.22703,0.22729,81351185.0
2025-09-28 08:30:00+00:00,0.2273,0.22747,0.22654,0.22695,82065517.0
2025-09-28 08:45:00+00:00,0.22695,0.22781,0.22689,0.22695,40214513.0
2025-09-28 09:00:00+00:00,0.22695,0.22736,0.22609,0.22622,74432989.0
2025-09-28 09:15:00+00:00,0.22623,0.22648,0.22566,0.22641,80843002.0
2025-09-28 09:30:00+00:00,0.22641,0.22709,0.22633,0.227,43833263.0
2025-09-28 09:45:00+00:00,0.227,0.22701,0.22632,0.22638,55287570.0
2025-09-28 10:00:00+00:00,0.22637,0.22639,0.22547,0.22591,53758160.0
2025-09-28 10:15:00+00:00,0.22591,0.22634,0.22584,0.22607,25453905.0
2025-09-28 10:30:00+00:00,0.22607,0.22655,0.22593,0.22643,30714561.0
2025-09-28 10:45:00+00:00,0.22644,0.22665,0.22624,0.22646,20087193.0
2025-09-28 11:00:00+00:00,0.22647,0.22651,0.2261,0.22614,15701788.0
2025-09-28 11:15:00+00:00,0.22614,0.2264,0.22542,0.22562,48802583.0
2025-09-28 11:30:00+00:00,0.22563,0.22636,0.22558,0.22588,31838592.0
2025-09-28 11:45:00+00:00,0.22588,0.22641,0.22558,0.22631,20502266.0
2025-09-28 12:00:00+00:00,0.22631,0.22642,0.22527,0.22578,53710296.0
2025-09-28 12:15:00+00:00,0.22578,0.22624,0.22557,0.22618,43410910.0
2025-09-28 12:30:00+00:00,0.22619,0.22622,0.22487,0.22524,98125994.0
2025-09-28 12:45:00+00:00,0.22523,0.2261,0.22507,0.22578,54053393.0
2025-09-28 13:00:00+00:00,0.22579,0.22688,0.22562,0.22658,51281598.0
2025-09-28 13:15:00+00:00,0.22658,0.22775,0.22643,0.22746,65193112.0
2025-09-28 13:30:00+00:00,0.22746,0.22808,0.2273,0.22782,57052022.0
2025-09-28 13:45:00+00:00,0.22783,0.22858,0.22725,0.22826,93890280.0
2025-09-28 14:00:00+00:00,0.22827,0.22837,0.22763,0.22789,34124229.0
2025-09-28 14:15:00+00:00,0.22789,0.22931,0.2278,0.22902,64691235.0
2025-09-28 14:30:00+00:00,0.22901,0.22905,0.22854,0.22885,28025597.0
2025-09-28 14:45:00+00:00,0.22885,0.22919,0.22849,0.22902,47177299.0
2025-09-28 15:00:00+00:00,0.22902,0.22977,0.2288,0.22957,55542702.0
2025-09-28 15:15:00+00:00,0.22957,0.2298,0.22927,0.22946,31029958.0
2025-09-28 15:30:00+00:00,0.22946,0.2295,0.22891,0.22938,41386111.0
2025-09-28 15:45:00+00:00,0.22938,0.22975,0.22909,0.22972,42592178.0
2025-09-28 16:00:00+00:00,0.22972,0.23145,0.22971,0.23054,128662484.0
2025-09-28 16:15:00+00:00,0.23054,0.23056,0.22994,0.23,70314331.0
2025-09-28 16:30:00+00:00,0.23,0.23007,0.22921,0.22966,47720190.0
2025-09-28 16:45:00+00:00,0.22965,0.23028,0.22947,0.23021,34542177.0
2025-09-28 17:00:00+00:00,0.23021,0.2313,0.23013,0.23114,57914680.0
2025-09-28 17:15:00+00:00,0.23114,0.23115,0.23014,0.23054,52314826.0
2025-09-28 17:30:00+00:00,0.23054,0.2317,0.23046,0.23144,40758775.0
2025-09-28 17:45:00+00:00,0.23144,0.2318,0.23085,0.2311,38870593.0
2025-09-28 18:00:00+00:00,0.23109,0.2313,0.23066,0.23077,30600391.0
2025-09-28 18:15:00+00:00,0.23077,0.2311,0.23067,0.23086,27015725.0
2025-09-28 18:30:00+00:00,0.23086,0.2313,0.23081,0.23127,15574263.0
2025-09-28 18:45:00+00:00,0.23126,0.23176,0.23115,0.23176,24172847.0
2025-09-28 19:00:00+00:00,0.23176,0.23186,0.23099,0.23105,21055417.0
2025-09-28 19:15:00+00:00,0.23105,0.23164,0.23086,0.23147,27906793.0
2025-09-28 19:30:00+00:00,0.23146,0.23193,0.2314,0.23154,39239744.0
2025-09-28 19:45:00+00:00,0.23153,0.23186,0.23142,0.23178,12294886.0
2025-09-28 20:00:00+00:00,0.23178,0.23223,0.23153,0.23184,33287543.0
2025-09-28 20:15:00+00:00,0.23184,0.233,0.23164,0.23283,53234704.0
2025-09-28 20:30:00+00:00,0.23283,0.23364,0.23262,0.23343,58940936.0
2025-09-28 20:45:00+00:00,0.23344,0.23376,0.23261,0.23287,36770401.0
2025-09-28 21:00:00+00:00,0.23288,0.23388,0.23286,0.23338,28119179.0
2025-09-28 21:15:00+00:00,0.23339,0.23367,0.2329,0.23324,30691268.0
2025-09-28 21:30:00+00:00,0.23324,0.23324,0.23257,0.23264,34655835.0
2025-09-28 21:45:00+00:00,0.23264,0.23326,0.23263,0.23326,14898139.0
2025-09-28 22:00:00+00:00,0.23326,0.23691,0.23326,0.23567,225397480.0
2025-09-28 22:15:00+00:00,0.23566,0.23672,0.23535,0.23566,81187956.0
2025-09-28 22:30:00+00:00,0.23567,0.2365,0.23564,0.23634,65851288.0
2025-09-28 22:45:00+00:00,0.23635,0.23696,0.23586,0.23605,103283515.0
2025-09-28 23:00:00+00:00,0.23605,0.23707,0.23599,0.23635,74223997.0
2025-09-28 23:15:00+00:00,0.23636,0.23652,0.23579,0.23637,38949962.0
2025-09-28 23:30:00+00:00,0.23638,0.23728,0.23618,0.23711,41782704.0
2025-09-28 23:45:00+00:00,0.23711,0.23758,0.237,0.23722,45571126.0
2025-09-29 00:00:00+00:00,0.23722,0.23736,0.2357,0.23577,98986176.0
2025-09-29 00:15:00+00:00,0.23577,0.23634,0.23521,0.23595,87963611.0
2025-09-29 00:30:00+00:00,0.23594,0.23612,0.2352,0.23548,36249538.0
2025-09-29 00:45:00+00:00,0.23547,0.23617,0.23543,0.23563,28086800.0
2025-09-29 01:00:00+00:00,0.23563,0.23598,0.23498,0.23571,41874757.0
2025-09-29 01:15:00+00:00,0.23571,0.23611,0.23484,0.235,54047918.0
2025-09-29 01:30:00+00:00,0.235,0.23557,0.23486,0.23533,46813765.0
2025-09-29 01:45:00+00:00,0.23532,0.23535,0.23414,0.23437,79598253.0
2025-09-29 02:00:00+00:00,0.23438,0.23496,0.23376,0.23476,96980413.0
2025-09-29 02:15:00+00:00,0.23475,0.23664,0.23466,0.23607,100547144.0
2025-09-29 02:30:00+00:00,0.23607,0.2362,0.2352,0.23539,64987639.0
2025-09-29 02:45:00+00:00,0.23539,0.23585,0.23515,0.23576,37143947.0
2025-09-29 03:00:00+00:00,0.23576,0.2358,0.23499,0.23503,25833691.0
2025-09-29 03:15:00+00:00,0.23504,0.23568,0.23476,0.23565,36202063.0
2025-09-29 03:30:00+00:00,0.23565,0.2358,0.23526,0.23528,18283335.0
2025-09-29 03:45:00+00:00,0.23527,0.23582,0.2352,0.23572,23464991.0
2025-09-29 04:00:00+00:00,0.23571,0.23579,0.23507,0.23511,38819044.0
2025-09-29 04:15:00+00:00,0.23511,0.23526,0.2343,0.23442,29394747.0
2025-09-29 04:30:00+00:00,0.23442,0.23525,0.23414,0.23481,50949647.0
2025-09-29 04:45:00+00:00,0.23481,0.23494,0.23449,0.23458,21103056.0
2025-09-29 05:00:00+00:00,0.23458,0.23468,0.23316,0.23351,67220153.0
2025-09-29 05:15:00+00:00,0.23351,0.23353,0.23294,0.2333,62156603.0
2025-09-29 05:30:00+00:00,0.23329,0.23376,0.23304,0.23368,23053603.0
2025-09-29 05:45:00+00:00,0.23369,0.23399,0.23359,0.23384,21045629.0
2025-09-29 06:00:00+00:00,0.23383,0.2339,0.23241,0.23265,58708608.0
2025-09-29 06:15:00+00:00,0.23265,0.23332,0.23234,0.23266,45678949.0
2025-09-29 06:30:00+00:00,0.23266,0.23292,0.23239,0.23279,34879848.0
2025-09-29 06:45:00+00:00,0.23279,0.2329,0.23183,0.23188,67848569.0
2025-09-29 07:00:00+00:00,0.23187,0.23208,0.23139,0.23173,57866766.0
2025-09-29 07:15:00+00:00,0.23174,0.23177,0.23085,0.23173,67699949.0
2025-09-29 07:30:00+00:00,0.23173,0.23263,0.23166,0.23226,63022281.0
2025-09-29 07:45:00+00:00,0.23226,0.23268,0.23217,0.23242,35756011.0
2025-09-29 08:00:00+00:00,0.23242,0.23289,0.23195,0.23208,60312287.0
2025-09-29 08:15:00+00:00,0.23209,0.2331,0.23173,0.2329,67869129.0
2025-09-29 08:30:00+00:00,0.23291,0.23319,0.2326,0.23309,45794740.0
2025-09-29 08:45:00+00:00,0.2331,0.23359,0.23253,0.23259,73763481.0
2025-09-29 09:00:00+00:00,0.23259,0.23284,0.23198,0.23198,45637342.0
2025-09-29 09:15:00+00:00,0.23198,0.23226,0.23151,0.23201,54011282.0
2025-09-29 09:30:00+00:00,0.23201,0.2322,0.23117,0.23119,46524108.0
2025-09-29 09:45:00+00:00,0.23119,0.23158,0.23101,0.23154,30839089.0
2025-09-29 10:00:00+00:00,0.23153,0.23166,0.23117,0.23159,39290271.0
2025-09-29 10:15:00+00:00,0.2316,0.23184,0.23142,0.23178,21177055.0
2025-09-29 10:30:00+00:00,0.23178,0.23185,0.23042,0.23065,69106794.0
2025-09-29 10:45:00+00:00,0.23065,0.23092,0.23006,0.23018,80784118.0
2025-09-29 11:00:00+00:00,0.23018,0.23024,0.229,0.22936,126413007.0
2025-09-29 11:15:00+00:00,0.22937,0.23055,0.22928,0.23042,122662469.0
2025-09-29 11:30:00+00:00,0.23042,0.23083,0.23022,0.23065,45829812.0
2025-09-29 11:45:00+00:00,0.23066,0.23098,0.23056,0.23078,32841650.0
2025-09-29 12:00:00+00:00,0.23078,0.23082,0.23019,0.23068,39401135.0
2025-09-29 12:15:00+00:00,0.23069,0.2317,0.23043,0.23163,65966441.0
2025-09-29 12:30:00+00:00,0.23164,0.23219,0.22966,0.23034,112746116.0
2025-09-29 12:45:00+00:00,0.23035,0.23107,0.22897,0.22943,116704764.0
2025-09-29 13:00:00+00:00,0.22943,0.22987,0.2285,0.22979,111566139.0
2025-09-29 13:15:00+00:00,0.2298,0.23018,0.22956,0.22977,49505071.0
2025-09-29 13:30:00+00:00,0.22978,0.23341,0.22947,0.23331,198178486.0
2025-09-29 13:45:00+00:00,0.2333,0.2346,0.23294,0.23385,275918120.0
2025-09-29 14:00:00+00:00,0.23385,0.23545,0.23357,0.23531,155887655.0
2025-09-29 14:15:00+00:00,0.23531,0.23723,0.23494,0.23562,234015604.0
2025-09-29 14:30:00+00:00,0.23563,0.23696,0.23503,0.2363,160455445.0
2025-09-29 14:45:00+00:00,0.2363,0.23758,0.23621,0.23666,109145022.0
2025-09-29 15:00:00+00:00,0.23666,0.237,0.23503,0.2352,148972501.0
2025-09-29 15:15:00+00:00,0.2352,0.23527,0.23371,0.23406,100230239.0
2025-09-29 15:30:00+00:00,0.23407,0.2351,0.23387,0.23468,69512562.0
2025-09-29 15:45:00+00:00,0.23468,0.23479,0.23314,0.23364,84682173.0
2025-09-29 16:00:00+00:00,0.23365,0.2346,0.23361,0.23445,82065270.0
2025-09-29 16:15:00+00:00,0.23444,0.235,0.23339,0.23367,77731463.0
2025-09-29 16:30:00+00:00,0.23368,0.23472,0.23359,0.23369,42159132.0
2025-09-29 16:45:00+00:00,0.23369,0.23385,0.2317,0.23189,111793191.0
2025-09-29 17:00:00+00:00,0.2319,0.23208,0.23046,0.23168,149672836.0
2025-09-29 17:15:00+00:00,0.23168,0.23219,0.23061,0.232,100912813.0
2025-09-29 17:30:00+00:00,0.232,0.23281,0.23153,0.23268,49226528.0
2025-09-29 17:45:00+00:00,0.23267,0.23341,0.23262,0.23313,60644619.0
2025-09-29 18:00:00+00:00,0.23313,0.23321,0.23197,0.23242,61966410.0
2025-09-29 18:15:00+00:00,0.23242,0.23285,0.23201,0.23277,42197543.0
2025-09-29 18:30:00+00:00,0.23278,0.23291,0.23237,0.23268,24390394.0
2025-09-29 18:45:00+00:00,0.23269,0.23319,0.23268,0.23319,27644419.0
2025-09-29 19:00:00+00:00,0.2332,0.23389,0.23295,0.23351,43339447.0
2025-09-29 19:15:00+00:00,0.23352,0.23352,0.2326,0.23336,45095268.0
2025-09-29 19:30:00+00:00,0.23336,0.23394,0.23276,0.23394,35153102.0
2025-09-29 19:45:00+00:00,0.23394,0.23489,0.23375,0.23451,83071429.0
2025-09-29 20:00:00+00:00,0.23451,0.2358,0.23438,0.23577,59936516.0
2025-09-29 20:15:00+00:00,0.23576,0.23639,0.23519,0.23568,65764450.0
2025-09-29 20:30:00+00:00,0.23568,0.23843,0.23542,0.23796,172922571.0
2025-09-29 20:45:00+00:00,0.23797,0.23888,0.23779,0.2384,88783922.0
2025-09-29 21:00:00+00:00,0.23841,0.23876,0.23737,0.23764,137051689.0
2025-09-29 21:15:00+00:00,0.23765,0.23824,0.23746,0.23768,41544257.0
2025-09-29 21:30:00+00:00,0.23769,0.23816,0.23725,0.23778,31722211.0
2025-09-29 21:45:00+00:00,0.23779,0.23779,0.23685,0.23697,28982969.0
2025-09-29 22:00:00+00:00,0.23697,0.23724,0.23615,0.23633,61019711.0
2025-09-29 22:15:00+00:00,0.23632,0.23656,0.2358,0.23604,46199414.0
2025-09-29 22:30:00+00:00,0.23604,0.23652,0.23552,0.23585,56561766.0
2025-09-29 22:45:00+00:00,0.23584,0.23662,0.23576,0.23623,37035808.0
2025-09-29 23:00:00+00:00,0.23623,0.23646,0.23524,0.23537,46340986.0
2025-09-29 23:15:00+00:00,0.23537,0.23583,0.23503,0.23543,44286191.0
2025-09-29 23:30:00+00:00,0.23543,0.23586,0.23519,0.2352,16896172.0
2025-09-29 23:45:00+00:00,0.23519,0.23539,0.23458,0.23469,66987108.0
2025-09-30 00:00:00+00:00,0.23468,0.23581,0.23431,0.23512,58347755.0
2025-09-30 00:15:00+00:00,0.23512,0.23512,0.23314,0.23341,95722297.0
2025-09-30 00:30:00+00:00,0.2334,0.23459,0.2331,0.23427,75818824.0
2025-09-30 00:45:00+00:00,0.23426,0.23554,0.23277,0.23317,183413974.0
2025-09-30 01:00:00+00:00,0.23317,0.23453,0.23262,0.23449,77702176.0
2025-09-30 01:15:00+00:00,0.23449,0.23522,0.23364,0.23398,111324188.0
2025-09-30 01:30:00+00:00,0.23397,0.23397,0.23222,0.23254,97110495.0
2025-09-30 01:45:00+00:00,0.23253,0.23326,0.23179,0.23317,74889154.0
2025-09-30 02:00:00+00:00,0.23317,0.23356,0.23273,0.23313,46230987.0
2025-09-30 02:15:00+00:00,0.23313,0.23354,0.23258,0.23304,37782360.0
2025-09-30 02:30:00+00:00,0.23303,0.23369,0.2327,0.23319,26530001.0
2025-09-30 02:45:00+00:00,0.2332,0.23375,0.2325,0.23262,42080417.0
2025-09-30 03:00:00+00:00,0.23262,0.23316,0.2317,0.23243,58748991.0
2025-09-30 03:15:00+00:00,0.23243,0.23339,0.23221,0.23288,33855346.0
2025-09-30 03:30:00+00:00,0.23288,0.23351,0.23246,0.23349,26252794.0
2025-09-30 03:45:00+00:00,0.23349,0.23358,0.23234,0.23255,29356321.0
2025-09-30 04:00:00+00:00,0.23256,0.23327,0.23244,0.23295,24008975.0
2025-09-30 04:15:00+00:00,0.23295,0.23371,0.23287,0.23352,30520391.0
2025-09-30 04:30:00+00:00,0.23353,0.23405,0.23323,0.23349,27496400.0
2025-09-30 04:45:00+00:00,0.23349,0.23361,0.23244,0.23251,30036085.0
2025-09-30 05:00:00+00:00,0.23251,0.23312,0.23222,0.23259,35838636.0
2025-09-30 05:15:00+00:00,0.23259,0.23259,0.23181,0.23219,40026931.0
2025-09-30 05:30:00+00:00,0.23218,0.23237,0.23144,0.23167,42761105.0
2025-09-30 05:45:00+00:00,0.23167,0.23265,0.23116,0.23223,50201133.0
2025-09-30 06:00:00+00:00,0.23224,0.23261,0.23138,0.23238,44097396.0
2025-09-30 06:15:00+00:00,0.23238,0.23307,0.23215,0.23284,31855768.0
2025-09-30 06:30:00+00:00,0.23284,0.23363,0.2328,0.23359,48111555.0
2025-09-30 06:45:00+00:00,0.23359,0.23362,0.23275,0.23292,28108648.0
2025-09-30 07:00:00+00:00,0.23291,0.23338,0.23237,0.23273,44556795.0
2025-09-30 07:15:00+00:00,0.23274,0.23274,0.23234,0.23239,20476833.0
2025-09-30 07:30:00+00:00,0.23238,0.23238,0.23113,0.23132,76341094.0
2025-09-30 07:45:00+00:00,0.23132,0.23211,0.23109,0.23194,50293966.0
2025-09-30 08:00:00+00:00,0.23193,0.23226,0.2315,0.23204,32222046.0
2025-09-30 08:15:00+00:00,0.23203,0.23231,0.23189,0.23215,24183944.0
2025-09-30 08:30:00+00:00,0.23215,0.23219,0.23113,0.23128,48494781.0
2025-09-30 08:45:00+00:00,0.23128,0.23144,0.23064,0.23072,48656291.0
2025-09-30 09:00:00+00:00,0.23073,0.23092,0.22969,0.22978,86558199.0
2025-09-30 09:15:00+00:00,0.22979,0.23076,0.22963,0.23073,51709076.0
2025-09-30 09:30:00+00:00,0.23073,0.23114,0.22964,0.22981,51400947.0
2025-09-30 09:45:00+00:00,0.22981,0.22985,0.22923,0.22968,73125263.0
2025-09-30 10:00:00+00:00,0.22968,0.22968,0.22881,0.22922,117259988.0
2025-09-30 10:15:00+00:00,0.22922,0.2297,0.22902,0.22937,34723339.0
2025-09-30 10:30:00+00:00,0.22938,0.22971,0.22905,0.22957,38496335.0
2025-09-30 10:45:00+00:00,0.22958,0.22997,0.22939,0.22945,42960240.0
2025-09-30 11:00:00+00:00,0.22946,0.22955,0.22863,0.22886,51266131.0
2025-09-30 11:15:00+00:00,0.22886,0.22934,0.22861,0.22919,35441914.0
2025-09-30 11:30:00+00:00,0.22918,0.23014,0.22907,0.23004,98612687.0
2025-09-30 11:45:00+00:00,0.23004,0.23029,0.22993,0.23013,35616372.0
2025-09-30 12:00:00+00:00,0.23013,0.23022,0.22941,0.22946,41174556.0
2025-09-30 12:15:00+00:00,0.22946,0.23026,0.2294,0.22987,33413506.0
2025-09-30 12:30:00+00:00,0.22987,0.23019,0.22947,0.22972,33052158.0
2025-09-30 12:45:00+00:00,0.22973,0.22981,0.22864,0.22882,49859885.0
2025-09-30 13:00:00+00:00,0.22882,0.22934,0.22839,0.22903,73522067.0
2025-09-30 13:15:00+00:00,0.22904,0.22985,0.22882,0.22944,61253404.0
2025-09-30 13:30:00+00:00,0.22945,0.23078,0.22888,0.23054,88007060.0
2025-09-30 13:45:00+00:00,0.23053,0.23113,0.22886,0.2296,127290320.0
2025-09-30 14:00:00+00:00,0.2296,0.22999,0.228,0.22859,124897451.0
2025-09-30 14:15:00+00:00,0.22858,0.22939,0.22744,0.22797,122076832.0
2025-09-30 14:30:00+00:00,0.22797,0.22842,0.2275,0.22811,85833966.0
2025-09-30 14:45:00+00:00,0.22812,0.22963,0.2278,0.22949,86051214.0
2025-09-30 15:00:00+00:00,0.2295,0.22956,0.22692,0.22739,120578598.0
2025-09-30 15:15:00+00:00,0.22739,0.22761,0.22623,0.22684,139094274.0
2025-09-30 15:30:00+00:00,0.22683,0.22774,0.22676,0.22721,85674874.0
2025-09-30 15:45:00+00:00,0.22721,0.22808,0.22692,0.2279,40066569.0
2025-09-30 16:00:00+00:00,0.22789,0.22806,0.22729,0.22768,44470169.0
2025-09-30 16:15:00+00:00,0.22768,0.22877,0.2274,0.2283,57253476.0
2025-09-30 16:30:00+00:00,0.2283,0.22847,0.22734,0.22772,43594047.0
2025-09-30 16:45:00+00:00,0.22773,0.22846,0.22726,0.22837,33091230.0
2025-09-30 17:00:00+00:00,0.22837,0.22915,0.22826,0.22893,41966788.0
2025-09-30 17:15:00+00:00,0.22893,0.22919,0.22863,0.22893,42038510.0
2025-09-30 17:30:00+00:00,0.22893,0.22979,0.22837,0.22885,83445172.0
2025-09-30 17:45:00+00:00,0.22885,0.22948,0.22871,0.22908,27528414.0
2025-09-30 18:00:00+00:00,0.22909,0.23024,0.22845,0.23009,43748871.0
2025-09-30 18:15:00+00:00,0.23009,0.23069,0.22963,0.23036,34986285.0
2025-09-30 18:30:00+00:00,0.23036,0.23048,0.22992,0.23039,24077147.0
2025-09-30 18:45:00+00:00,0.2304,0.23115,0.23038,0.23083,32603241.0
2025-09-30 19:00:00+00:00,0.23083,0.23123,0.23017,0.23033,48746796.0
2025-09-30 19:15:00+00:00,0.23033,0.23085,0.23003,0.23079,52360926.0
2025-09-30 19:30:00+00:00,0.2308,0.23186,0.23079,0.23128,89119801.0
2025-09-30 19:45:00+00:00,0.23127,0.23277,0.23126,0.23248,100986216.0
2025-09-30 20:00:00+00:00,0.23249,0.23301,0.23169,0.23189,125679121.0
2025-09-30 20:15:00+00:00,0.2319,0.2328,0.2317,0.23246,48090454.0
2025-09-30 20:30:00+00:00,0.23247,0.23284,0.23216,0.23271,28930596.0
2025-09-30 20:45:00+00:00,0.23272,0.23389,0.23267,0.23359,53636508.0
2025-09-30 21:00:00+00:00,0.2336,0.234,0.23324,0.23355,51845639.0
2025-09-30 21:15:00+00:00,0.23356,0.23379,0.2326,0.23262,52735911.0
2025-09-30 21:30:00+00:00,0.23261,0.23301,0.23234,0.23292,50877679.0
2025-09-30 21:45:00+00:00,0.23291,0.2333,0.23218,0.23229,29205614.0
2025-09-30 22:00:00+00:00,0.23229,0.2335,0.23226,0.23292,50425552.0
2025-09-30 22:15:00+00:00,0.23292,0.23349,0.23254,0.23271,49128925.0
2025-09-30 22:30:00+00:00,0.23271,0.23295,0.23175,0.23227,70324346.0
2025-09-30 22:45:00+00:00,0.23226,0.2325,0.23116,0.23154,73067329.0
2025-09-30 23:00:00+00:00,0.23154,0.2316,0.23076,0.23151,72593761.0
2025-09-30 23:15:00+00:00,0.23151,0.23262,0.23133,0.23223,63081607.0
2025-09-30 23:30:00+00:00,0.23224,0.23244,0.23186,0.23227,20398670.0
2025-09-30 23:45:00+00:00,0.23228,0.23292,0.23218,0.23282,23178063.0
2025-10-01 00:00:00+00:00,0.23282,0.23352,0.23253,0.23268,47961717.0
2025-10-01 00:15:00+00:00,0.23269,0.23269,0.23174,0.23182,37256210.0
2025-10-01 00:30:00+00:00,0.23181,0.23231,0.23125,0.23137,41015414.0
2025-10-01 00:45:00+00:00,0.23138,0.23232,0.23115,0.23226,36036355.0
2025-10-01 01:00:00+00:00,0.23225,0.23287,0.23185,0.23258,37252310.0
2025-10-01 01:15:00+00:00,0.23258,0.23295,0.23175,0.23281,57962815.0
2025-10-01 01:30:00+00:00,0.23281,0.23329,0.23212,0.2331,33057392.0
2025-10-01 01:45:00+00:00,0.23311,0.23389,0.23301,0.23375,43744683.0
2025-10-01 02:00:00+00:00,0.23374,0.23383,0.23322,0.23342,38981789.0
2025-10-01 02:15:00+00:00,0.23341,0.23423,0.23332,0.23399,35666561.0
2025-10-01 02:30:00+00:00,0.23399,0.23403,0.23292,0.23293,32643554.0
2025-10-01 02:45:00+00:00,0.23293,0.2333,0.23254,0.23268,27340660.0
2025-10-01 03:00:00+00:00,0.23269,0.23294,0.2323,0.23279,31293220.0
2025-10-01 03:15:00+00:00,0.2328,0.23287,0.23207,0.2323,36299876.0
2025-10-01 03:30:00+00:00,0.2323,0.2326,0.23165,0.23172,41519381.0
2025-10-01 03:45:00+00:00,0.23172,0.23172,0.23059,0.23067,76405794.0
2025-10-01 04:00:00+00:00,0.23067,0.23242,0.23023,0.23202,86751914.0
2025-10-01 04:15:00+00:00,0.23202,0.23302,0.23202,0.23302,55373100.0
2025-10-01 04:30:00+00:00,0.23302,0.2335,0.23261,0.23293,56549215.0
2025-10-01 04:45:00+00:00,0.23292,0.2333,0.23219,0.23247,35851532.0
2025-10-01 05:00:00+00:00,0.23248,0.23402,0.23247,0.23343,52118816.0
2025-10-01 05:15:00+00:00,0.23344,0.2338,0.23301,0.23332,27677376.0
2025-10-01 05:30:00+00:00,0.23331,0.23367,0.23283,0.23357,21233137.0
2025-10-01 05:45:00+00:00,0.23357,0.23365,0.23301,0.23317,23639975.0
2025-10-01 06:00:00+00:00,0.23317,0.23356,0.233,0.23324,30888830.0
2025-10-01 06:15:00+00:00,0.23324,0.23365,0.2324,0.23305,32237538.0
2025-10-01 06:30:00+00:00,0.23304,0.23355,0.23297,0.23331,23020051.0
2025-10-01 06:45:00+00:00,0.23331,0.23336,0.23201,0.23217,41276327.0
2025-10-01 07:00:00+00:00,0.23216,0.23291,0.23203,0.2328,31509787.0
2025-10-01 07:15:00+00:00,0.2328,0.23338,0.23279,0.23319,25973745.0
2025-10-01 07:30:00+00:00,0.2332,0.23383,0.23317,0.23374,37198939.0
2025-10-01 07:45:00+00:00,0.23373,0.23377,0.23324,0.23335,19995279.0
2025-10-01 08:00:00+00:00,0.23334,0.23412,0.2332,0.23393,44682504.0
2025-10-01 08:15:00+00:00,0.23392,0.23578,0.2336,0.23578,124931307.0
2025-10-01 08:30:00+00:00,0.23577,0.23994,0.23576,0.23983,343417388.0
2025-10-01 08:45:00+00:00,0.23983,0.24216,0.23917,0.24216,444037004.0
2025-10-01 09:00:00+00:00,0.24216,0.24343,0.24078,0.24206,270033619.0
2025-10-01 09:15:00+00:00,0.24206,0.24379,0.24122,0.24377,150415980.0
2025-10-01 09:30:00+00:00,0.24377,0.24473,0.24314,0.24366,182495826.0
2025-10-01 09:45:00+00:00,0.24365,0.24431,0.24353,0.24382,61479237.0
2025-10-01 10:00:00+00:00,0.24382,0.24438,0.24175,0.24197,176510098.0
2025-10-01 10:15:00+00:00,0.24197,0.24294,0.2419,0.24241,71709795.0
2025-10-01 10:30:00+00:00,0.2424,0.24257,0.24121,0.24173,73480054.0
2025-10-01 10:45:00+00:00,0.24173,0.24227,0.24131,0.24139,44523910.0
2025-10-01 11:00:00+00:00,0.2414,0.24284,0.24138,0.2428,72888076.0
2025-10-01 11:15:00+00:00,0.24279,0.24292,0.24239,0.2425,30953854.0
2025-10-01 11:30:00+00:00,0.2425,0.24262,0.24193,0.24216,46761018.0
2025-10-01 11:45:00+00:00,0.24215,0.24277,0.24184,0.24267,36803636.0
2025-10-01 12:00:00+00:00,0.24268,0.24308,0.24187,0.24237,63254164.0
2025-10-01 12:15:00+00:00,0.24238,0.24343,0.24184,0.24283,76603645.0
2025-10-01 12:30:00+00:00,0.24284,0.243,0.2421,0.24237,61634750.0
2025-10-01 12:45:00+00:00,0.24236,0.24274,0.24195,0.24214,47397957.0
2025-10-01 13:00:00+00:00,0.24214,0.24321,0.24213,0.24314,43529080.0
2025-10-01 13:15:00+00:00,0.24314,0.24406,0.24308,0.24406,66213763.0
2025-10-01 13:30:00+00:00,0.24405,0.24488,0.24311,0.24336,138881803.0
2025-10-01 13:45:00+00:00,0.24335,0.24366,0.24232,0.24331,100774804.0
2025-10-01 14:00:00+00:00,0.24331,0.24434,0.24287,0.24358,104473613.0
2025-10-01 14:15:00+00:00,0.24357,0.24562,0.2435,0.24489,142905674.0
2025-10-01 14:30:00+00:00,0.2449,0.24609,0.24455,0.24521,138889285.0
2025-10-01 14:45:00+00:00,0.24521,0.24521,0.24364,0.24389,122619954.0
2025-10-01 15:00:00+00:00,0.24389,0.24419,0.24264,0.24329,102199921.0
2025-10-01 15:15:00+00:00,0.24328,0.24464,0.24323,0.24407,60154750.0
2025-10-01 15:30:00+00:00,0.24408,0.24496,0.2435,0.24489,52397235.0
2025-10-01 15:45:00+00:00,0.24489,0.24522,0.24416,0.24518,62142576.0
2025-10-01 16:00:00+00:00,0.24518,0.24579,0.24467,0.24507,166167716.0
2025-10-01 16:15:00+00:00,0.24507,0.24539,0.24468,0.24538,58275413.0
2025-10-01 16:30:00+00:00,0.24539,0.24602,0.24453,0.24568,113226866.0
2025-10-01 16:45:00+00:00,0.24569,0.24627,0.2442,0.24454,120671819.0
2025-10-01 17:00:00+00:00,0.24453,0.24532,0.24374,0.24392,72862611.0
2025-10-01 17:15:00+00:00,0.24392,0.24474,0.2439,0.24454,45660469.0
2025-10-01 17:30:00+00:00,0.24453,0.2449,0.24401,0.24402,29019840.0
2025-10-01 17:45:00+00:00,0.24402,0.24431,0.24314,0.24324,86511507.0
2025-10-01 18:00:00+00:00,0.24325,0.24491,0.24325,0.24467,55128028.0
2025-10-01 18:15:00+00:00,0.24466,0.24562,0.24408,0.24554,39414809.0
2025-10-01 18:30:00+00:00,0.24553,0.24668,0.24553,0.24615,72818360.0
2025-10-01 18:45:00+00:00,0.24615,0.24679,0.24608,0.24619,43903217.0
2025-10-01 19:00:00+00:00,0.2462,0.24677,0.24585,0.24676,42770286.0
2025-10-01 19:15:00+00:00,0.24675,0.24693,0.24626,0.24679,36007396.0
2025-10-01 19:30:00+00:00,0.24679,0.24715,0.24622,0.24661,47069410.0
2025-10-01 19:45:00+00:00,0.2466,0.24729,0.24654,0.24658,58271975.0
2025-10-01 20:00:00+00:00,0.24658,0.24699,0.24609,0.24634,51295170.0
2025-10-01 20:15:00+00:00,0.24634,0.24678,0.24597,0.24675,35681104.0
2025-10-01 20:30:00+00:00,0.24675,0.24681,0.24615,0.24627,18463724.0
2025-10-01 20:45:00+00:00,0.24627,0.24636,0.24597,0.24632,20180525.0
2025-10-01 21:00:00+00:00,0.24632,0.24658,0.24589,0.24613,36434079.0
2025-10-01 21:15:00+00:00,0.24612,0.24636,0.24522,0.24569,40763223.0
2025-10-01 21:30:00+00:00,0.24568,0.24589,0.24519,0.2452,24819991.0
2025-10-01 21:45:00+00:00,0.2452,0.24543,0.24471,0.24533,25319408.0
2025-10-01 22:00:00+00:00,0.24533,0.24686,0.24533,0.24605,53006399.0
2025-10-01 22:15:00+00:00,0.24605,0.24632,0.24575,0.24631,21743659.0
2025-10-01 22:30:00+00:00,0.24632,0.24632,0.24536,0.24551,16807600.0
2025-10-01 22:45:00+00:00,0.2455,0.24614,0.2455,0.24572,21238619.0
2025-10-01 23:00:00+00:00,0.24572,0.24615,0.24555,0.24615,27657720.0
2025-10-01 23:15:00+00:00,0.24614,0.24718,0.24614,0.24713,61830506.0
2025-10-01 23:30:00+00:00,0.24713,0.24803,0.24685,0.24762,73135360.0
2025-10-01 23:45:00+00:00,0.24763,0.24909,0.24728,0.24894,119077255.0
2025-10-02 00:00:00+00:00,0.24893,0.25092,0.24832,0.25042,276236233.0
2025-10-02 00:15:00+00:00,0.25041,0.25047,0.24893,0.24912,112498460.0
2025-10-02 00:30:00+00:00,0.24911,0.24936,0.24759,0.2477,104240472.0
2025-10-02 00:45:00+00:00,0.24769,0.24809,0.2469,0.24697,70466216.0
2025-10-02 01:00:00+00:00,0.24697,0.24839,0.2466,0.24814,68243088.0
2025-10-02 01:15:00+00:00,0.24813,0.24875,0.24732,0.24837,38540559.0
2025-10-02 01:30:00+00:00,0.24837,0.25003,0.24824,0.24996,59696993.0
2025-10-02 01:45:00+00:00,0.24996,0.25294,0.24993,0.25258,188540892.0
2025-10-02 02:00:00+00:00,0.25259,0.25427,0.25091,0.25201,210054026.0
2025-10-02 02:15:00+00:00,0.25202,0.25254,0.25137,0.25193,65172702.0
2025-10-02 02:30:00+00:00,0.25194,0.255,0.25155,0.25423,146829840.0
2025-10-02 02:45:00+00:00,0.25422,0.25574,0.25378,0.25482,143330369.0
2025-10-02 03:00:00+00:00,0.25483,0.25516,0.25402,0.25481,83104214.0
2025-10-02 03:15:00+00:00,0.25482,0.25494,0.25392,0.25437,67600086.0
2025-10-02 03:30:00+00:00,0.25437,0.25554,0.25437,0.25441,72288237.0
2025-10-02 03:45:00+00:00,0.25441,0.25462,0.2537,0.25373,54094119.0
2025-10-02 04:00:00+00:00,0.25374,0.25453,0.25327,0.25423,55502782.0
2025-10-02 04:15:00+00:00,0.25424,0.25428,0.25255,0.25258,73872820.0
2025-10-02 04:30:00+00:00,0.25258,0.2529,0.25216,0.2529,61323728.0
2025-10-02 04:45:00+00:00,0.2529,0.25358,0.25245,0.25318,83484982.0
2025-10-02 05:00:00+00:00,0.25319,0.25357,0.253,0.25333,30720602.0
2025-10-02 05:15:00+00:00,0.25334,0.25458,0.25285,0.25443,51260521.0
2025-10-02 05:30:00+00:00,0.25442,0.25455,0.25342,0.25366,42255684.0
2025-10-02 05:45:00+00:00,0.25366,0.25388,0.25331,0.25365,22769438.0
2025-10-02 06:00:00+00:00,0.25364,0.25397,0.25306,0.25339,28013581.0
2025-10-02 06:15:00+00:00,0.2534,0.25503,0.25331,0.25464,54244628.0
2025-10-02 06:30:00+00:00,0.25464,0.25715,0.25449,0.25572,194496399.0
2025-10-02 06:45:00+00:00,0.25572,0.25686,0.25543,0.25684,58345420.0
2025-10-02 07:00:00+00:00,0.25684,0.25784,0.2562,0.25629,105880342.0
2025-10-02 07:15:00+00:00,0.25629,0.25688,0.25592,0.25659,66802315.0
2025-10-02 07:30:00+00:00,0.25659,0.25663,0.25573,0.25587,43890570.0
2025-10-02 07:45:00+00:00,0.25587,0.25639,0.2551,0.25578,72031035.0
2025-10-02 08:00:00+00:00,0.25579,0.25639,0.25543,0.25544,49719859.0
2025-10-02 08:15:00+00:00,0.25544,0.25718,0.2553,0.25715,44794570.0
2025-10-02 08:30:00+00:00,0.25715,0.25744,0.25675,0.25714,34598192.0
2025-10-02 08:45:00+00:00,0.25715,0.25759,0.25693,0.25752,31326750.0
2025-10-02 09:00:00+00:00,0.25751,0.2577,0.2568,0.25739,41824797.0
2025-10-02 09:15:00+00:00,0.25739,0.25869,0.25739,0.25821,77607599.0
2025-10-02 09:30:00+00:00,0.25821,0.2583,0.2571,0.25752,56758182.0
2025-10-02 09:45:00+00:00,0.25753,0.25817,0.2572,0.25809,36689091.0
2025-10-02 10:00:00+00:00,0.25808,0.25855,0.25742,0.25764,50466225.0
2025-10-02 10:15:00+00:00,0.25764,0.25785,0.2566,0.25683,46967524.0
2025-10-02 10:30:00+00:00,0.25684,0.25959,0.2567,0.2583,142778491.0
2025-10-02 10:45:00+00:00,0.25829,0.25853,0.25773,0.25773,34417882.0
2025-10-02 11:00:00+00:00,0.25774,0.25836,0.25738,0.25749,55665748.0
2025-10-02 11:15:00+00:00,0.25748,0.25804,0.25705,0.25718,40851102.0
2025-10-02 11:30:00+00:00,0.25718,0.25801,0.25709,0.25785,24495158.0
2025-10-02 11:45:00+00:00,0.25785,0.25853,0.25542,0.25597,108431361.0
2025-10-02 12:00:00+00:00,0.25597,0.25632,0.25512,0.25601,148902651.0
2025-10-02 12:15:00+00:00,0.25602,0.25627,0.25548,0.25575,59163570.0
2025-10-02 12:30:00+00:00,0.25575,0.25651,0.2547,0.25612,122952886.0
2025-10-02 12:45:00+00:00,0.25613,0.25673,0.2556,0.25666,52640847.0
2025-10-02 13:00:00+00:00,0.25666,0.25714,0.25501,0.25511,94542932.0
2025-10-02 13:15:00+00:00,0.25511,0.25523,0.25251,0.25434,257126699.0
2025-10-02 13:30:00+00:00,0.25434,0.25493,0.253,0.25422,129933496.0
2025-10-02 13:45:00+00:00,0.25421,0.25524,0.2537,0.25507,130900906.0
2025-10-02 14:00:00+00:00,0.25508,0.25543,0.25317,0.25351,107651965.0
2025-10-02 14:15:00+00:00,0.25352,0.25443,0.25271,0.25429,112759060.0
2025-10-02 14:30:00+00:00,0.2543,0.25472,0.25171,0.25218,179991507.0
2025-10-02 14:45:00+00:00,0.25218,0.25246,0.25038,0.25152,295942560.0
2025-10-02 15:00:00+00:00,0.25153,0.25355,0.25071,0.25313,215550065.0
2025-10-02 15:15:00+00:00,0.25313,0.2539,0.25245,0.2539,104095639.0
2025-10-02 15:30:00+00:00,0.2539,0.25442,0.25251,0.25408,111659115.0
2025-10-02 15:45:00+00:00,0.25407,0.255,0.25392,0.25482,98918591.0
2025-10-02 16:00:00+00:00,0.25482,0.25776,0.25444,0.25686,228050874.0
2025-10-02 16:15:00+00:00,0.25686,0.25714,0.2553,0.25577,113249296.0
2025-10-02 16:30:00+00:00,0.25576,0.25634,0.25407,0.25463,110783571.0
2025-10-02 16:45:00+00:00,0.25462,0.25582,0.25458,0.25578,61097775.0
2025-10-02 17:00:00+00:00,0.25578,0.25583,0.2547,0.25568,59633339.0
2025-10-02 17:15:00+00:00,0.25568,0.25615,0.25466,0.25557,58041476.0
2025-10-02 17:30:00+00:00,0.25556,0.257,0.25523,0.25637,65238363.0
2025-10-02 17:45:00+00:00,0.25638,0.25693,0.25593,0.25613,51799223.0
2025-10-02 18:00:00+00:00,0.25612,0.25759,0.25611,0.2572,75978216.0
2025-10-02 18:15:00+00:00,0.25719,0.25765,0.25698,0.25751,39700401.0
2025-10-02 18:30:00+00:00,0.25751,0.25836,0.25716,0.25779,69170205.0
2025-10-02 18:45:00+00:00,0.25778,0.25943,0.25774,0.2587,108005376.0
2025-10-02 19:00:00+00:00,0.25869,0.2607,0.25827,0.26032,129065096.0
2025-10-02 19:15:00+00:00,0.26032,0.26038,0.25885,0.25922,71497399.0
2025-10-02 19:30:00+00:00,0.25921,0.25981,0.25884,0.25976,37273269.0
2025-10-02 19:45:00+00:00,0.25976,0.26003,0.2589,0.25897,41516037.0
2025-10-02 20:00:00+00:00,0.25898,0.2595,0.2584,0.25915,65908016.0
2025-10-02 20:15:00+00:00,0.25915,0.2599,0.25888,0.25952,46503332.0
2025-10-02 20:30:00+00:00,0.25952,0.25958,0.25828,0.25951,45073402.0
2025-10-02 20:45:00+00:00,0.25951,0.26073,0.25951,0.26064,46366582.0
2025-10-02 21:00:00+00:00,0.26064,0.26234,0.26001,0.26159,91293489.0
2025-10-02 21:15:00+00:00,0.2616,0.26174,0.26051,0.26067,63420954.0
2025-10-02 21:30:00+00:00,0.26066,0.26071,0.2596,0.2607,58005291.0
2025-10-02 21:45:00+00:00,0.2607,0.264,0.26069,0.2617,155716805.0
2025-10-02 22:00:00+00:00,0.2617,0.26218,0.2606,0.26106,105152847.0
2025-10-02 22:15:00+00:00,0.26105,0.26106,0.2599,0.26085,103891510.0
2025-10-02 22:30:00+00:00,0.26085,0.26128,0.25969,0.25994,52281541.0
2025-10-02 22:45:00+00:00,0.25994,0.26022,0.25945,0.26019,54355934.0
2025-10-02 23:00:00+00:00,0.2602,0.26164,0.26019,0.26164,68463252.0
2025-10-02 23:15:00+00:00,0.26164,0.26168,0.2607,0.26133,68615150.0
2025-10-02 23:30:00+00:00,0.26133,0.26218,0.26096,0.26105,56675216.0
2025-10-02 23:45:00+00:00,0.26104,0.26205,0.26075,0.26191,48347482.0
2025-10-03 00:00:00+00:00,0.2619,0.262,0.25905,0.25988,133507532.0
2025-10-03 00:15:00+00:00,0.25988,0.26096,0.25969,0.26089,53202042.0
2025-10-03 00:30:00+00:00,0.2609,0.26218,0.26002,0.26011,71591437.0
2025-10-03 00:45:00+00:00,0.2601,0.26062,0.25956,0.26013,61109781.0
2025-10-03 01:00:00+00:00,0.26013,0.26169,0.25918,0.25937,115473130.0
2025-10-03 01:15:00+00:00,0.25937,0.25994,0.2582,0.25886,133824702.0
2025-10-03 01:30:00+00:00,0.25885,0.25938,0.25729,0.2579,109445946.0
2025-10-03 01:45:00+00:00,0.2579,0.25834,0.25656,0.25672,138379210.0
2025-10-03 02:00:00+00:00,0.25671,0.25839,0.25653,0.25833,86614329.0
2025-10-03 02:15:00+00:00,0.25834,0.25859,0.25722,0.2573,45378084.0
2025-10-03 02:30:00+00:00,0.25729,0.25854,0.25703,0.25829,60629555.0
2025-10-03 02:45:00+00:00,0.25829,0.25912,0.25767,0.25898,47397137.0
2025-10-03 03:00:00+00:00,0.25898,0.26095,0.25879,0.26008,105668083.0
2025-10-03 03:15:00+00:00,0.26007,0.26144,0.25955,0.25964,69746811.0
2025-10-03 03:30:00+00:00,0.25965,0.26029,0.25938,0.25967,45060966.0
2025-10-03 03:45:00+00:00,0.25966,0.26074,0.25871,0.25918,137568800.0
2025-10-03 04:00:00+00:00,0.25917,0.26063,0.25888,0.26055,68246206.0
2025-10-03 04:15:00+00:00,0.26056,0.26141,0.26019,0.26061,49595036.0
2025-10-03 04:30:00+00:00,0.2606,0.26061,0.25908,0.25982,53630659.0
2025-10-03 04:45:00+00:00,0.25981,0.26027,0.25947,0.2602,32742187.0
2025-10-03 05:00:00+00:00,0.2602,0.26036,0.25898,0.25943,40970512.0
2025-10-03 05:15:00+00:00,0.25942,0.25942,0.25863,0.25882,30947680.0
2025-10-03 05:30:00+00:00,0.25882,0.25912,0.25685,0.25725,96671997.0
2025-10-03 05:45:00+00:00,0.25724,0.25748,0.25672,0.25728,70494324.0
2025-10-03 06:00:00+00:00,0.25729,0.25748,0.25659,0.25705,49404486.0
2025-10-03 06:15:00+00:00,0.25705,0.25727,0.25682,0.25705,31872716.0
2025-10-03 06:30:00+00:00,0.25705,0.25742,0.25673,0.25698,31159615.0
2025-10-03 06:45:00+00:00,0.25698,0.25698,0.25436,0.25571,218175631.0
2025-10-03 07:00:00+00:00,0.25572,0.25602,0.25494,0.2556,65053976.0
2025-10-03 07:15:00+00:00,0.25559,0.25598,0.25396,0.25442,166150484.0
2025-10-03 07:30:00+00:00,0.25442,0.25532,0.25416,0.25496,54833536.0
2025-10-03 07:45:00+00:00,0.25496,0.25562,0.25472,0.2553,38641222.0
2025-10-03 08:00:00+00:00,0.25529,0.25559,0.25456,0.25465,50542547.0
2025-10-03 08:15:00+00:00,0.25466,0.2549,0.2535,0.25473,102073376.0
2025-10-03 08:30:00+00:00,0.25473,0.25571,0.25448,0.25534,73212300.0
2025-10-03 08:45:00+00:00,0.25534,0.25633,0.25528,0.2562,53586598.0
2025-10-03 09:00:00+00:00,0.25621,0.25647,0.25537,0.25553,64899351.0
2025-10-03 09:15:00+00:00,0.25553,0.25708,0.25516,0.25689,95921369.0
2025-10-03 09:30:00+00:00,0.25688,0.25699,0.25619,0.2565,42827977.0
2025-10-03 09:45:00+00:00,0.2565,0.257,0.25643,0.25666,34718511.0
2025-10-03 10:00:00+00:00,0.25667,0.2568,0.25633,0.25656,27748516.0
2025-10-03 10:15:00+00:00,0.25656,0.25723,0.25655,0.25695,29245883.0
2025-10-03 10:30:00+00:00,0.25696,0.25713,0.25638,0.2567,34356606.0
2025-10-03 10:45:00+00:00,0.2567,0.25683,0.25648,0.25652,24725382.0
2025-10-03 11:00:00+00:00,0.25652,0.25657,0.25529,0.25551,56084331.0
2025-10-03 11:15:00+00:00,0.2555,0.25586,0.25495,0.25557,66496506.0
2025-10-03 11:30:00+00:00,0.25557,0.25593,0.2552,0.25579,24952474.0
2025-10-03 11:45:00+00:00,0.25578,0.25614,0.25556,0.25565,25502903.0
2025-10-03 12:00:00+00:00,0.25565,0.25587,0.25511,0.25577,32395850.0
2025-10-03 12:15:00+00:00,0.25577,0.25611,0.25484,0.2549,40777667.0
2025-10-03 12:30:00+00:00,0.25489,0.25629,0.25471,0.25548,61564385.0
2025-10-03 12:45:00+00:00,0.25547,0.25577,0.25491,0.25532,33303996.0
2025-10-03 13:00:00+00:00,0.25532,0.25532,0.25372,0.25437,99715067.0
2025-10-03 13:15:00+00:00,0.25437,0.25696,0.25427,0.25685,73219518.0
2025-10-03 13:30:00+00:00,0.25685,0.25782,0.25553,0.25588,134181032.0
2025-10-03 13:45:00+00:00,0.25586,0.25683,0.25562,0.25579,50238213.0
2025-10-03 14:00:00+00:00,0.25578,0.25578,0.25361,0.254,135813754.0
2025-10-03 14:15:00+00:00,0.25399,0.25487,0.2526,0.2548,208965691.0
2025-10-03 14:30:00+00:00,0.2548,0.25629,0.2541,0.25571,89150471.0
2025-10-03 14:45:00+00:00,0.25572,0.25812,0.25567,0.25691,144689442.0
2025-10-03 15:00:00+00:00,0.25691,0.25719,0.25591,0.25661,66755077.0
2025-10-03 15:15:00+00:00,0.25661,0.25961,0.25661,0.25778,170875139.0
2025-10-03 15:30:00+00:00,0.25778,0.25995,0.25767,0.25937,115549024.0
2025-10-03 15:45:00+00:00,0.25938,0.26092,0.2588,0.26051,136127388.0
2025-10-03 16:00:00+00:00,0.26051,0.26216,0.26051,0.26156,207129120.0
2025-10-03 16:15:00+00:00,0.26155,0.26297,0.26059,0.26276,148638929.0
2025-10-03 16:30:00+00:00,0.26275,0.265,0.26228,0.265,164467564.0
2025-10-03 16:45:00+00:00,0.265,0.26529,0.25942,0.25988,316307857.0
2025-10-03 17:00:00+00:00,0.25987,0.26048,0.25499,0.25951,553447482.0
2025-10-03 17:15:00+00:00,0.25951,0.25977,0.25748,0.25784,178037926.0
2025-10-03 17:30:00+00:00,0.25783,0.26009,0.25734,0.25863,110483330.0
2025-10-03 17:45:00+00:00,0.25864,0.25874,0.25575,0.25622,181199972.0
2025-10-03 18:00:00+00:00,0.25623,0.25718,0.255,0.25704,150952994.0
2025-10-03 18:15:00+00:00,0.25703,0.25933,0.25683,0.25907,92472805.0
2025-10-03 18:30:00+00:00,0.25907,0.2596,0.25812,0.25901,99561476.0
2025-10-03 18:45:00+00:00,0.259,0.25999,0.25872,0.25969,62837468.0
2025-10-03 19:00:00+00:00,0.25968,0.25991,0.25879,0.25898,47309491.0
2025-10-03 19:15:00+00:00,0.25898,0.26081,0.25898,0.26076,92910228.0
2025-10-03 19:30:00+00:00,0.26076,0.26113,0.25983,0.25988,56739427.0
2025-10-03 19:45:00+00:00,0.25988,0.26003,0.25901,0.25916,56626487.0
2025-10-03 20:00:00+00:00,0.25917,0.25927,0.25788,0.25882,77711413.0
2025-10-03 20:15:00+00:00,0.25883,0.25988,0.2586,0.2594,34807552.0
2025-10-03 20:30:00+00:00,0.2594,0.2603,0.25939,0.2603,24577559.0
2025-10-03 20:45:00+00:00,0.2603,0.26042,0.25942,0.25991,22283426.0
2025-10-03 21:00:00+00:00,0.25991,0.26034,0.25957,0.26017,21487102.0
2025-10-03 21:15:00+00:00,0.26016,0.26022,0.25918,0.25921,26196830.0
2025-10-03 21:30:00+00:00,0.25921,0.25955,0.25816,0.25841,31308583.0
2025-10-03 21:45:00+00:00,0.2584,0.2591,0.25783,0.25871,34958472.0
2025-10-03 22:00:00+00:00,0.2587,0.25925,0.25868,0.25915,30701631.0
2025-10-03 22:15:00+00:00,0.25914,0.25973,0.25878,0.25953,18748941.0
2025-10-03 22:30:00+00:00,0.25953,0.25966,0.25903,0.25912,23454703.0
2025-10-03 22:45:00+00:00,0.25912,0.25967,0.25864,0.25903,28491015.0
2025-10-03 23:00:00+00:00,0.25902,0.25927,0.25842,0.25842,35191004.0
2025-10-03 23:15:00+00:00,0.25842,0.2589,0.25834,0.25851,25839275.0
2025-10-03 23:30:00+00:00,0.25851,0.25938,0.25804,0.25905,28344275.0
2025-10-03 23:45:00+00:00,0.25905,0.25912,0.25795,0.25811,28840432.0
2025-10-04 00:00:00+00:00,0.25812,0.25917,0.25788,0.25868,67378024.0
2025-10-04 00:15:00+00:00,0.25868,0.25972,0.2581,0.25813,43494869.0
2025-10-04 00:30:00+00:00,0.25813,0.2584,0.2571,0.25736,68832594.0
2025-10-04 00:45:00+00:00,0.25736,0.25784,0.25708,0.25739,44082986.0
2025-10-04 01:00:00+00:00,0.25739,0.25762,0.25622,0.25657,65348639.0
2025-10-04 01:15:00+00:00,0.25657,0.25663,0.25528,0.25565,69147816.0
2025-10-04 01:30:00+00:00,0.25565,0.25603,0.25513,0.25572,60609297.0
2025-10-04 01:45:00+00:00,0.25572,0.25583,0.25462,0.25529,82795093.0
2025-10-04 02:00:00+00:00,0.25528,0.25586,0.2539,0.25423,78730741.0
2025-10-04 02:15:00+00:00,0.25423,0.25429,0.25327,0.25386,76038732.0
2025-10-04 02:30:00+00:00,0.25387,0.25403,0.25327,0.25386,66443082.0
2025-10-04 02:45:00+00:00,0.25386,0.25451,0.25358,0.25392,48690376.0
2025-10-04 03:00:00+00:00,0.25392,0.25415,0.25192,0.25241,125968231.0
2025-10-04 03:15:00+00:00,0.2524,0.25293,0.25129,0.25253,157850947.0
2025-10-04 03:30:00+00:00,0.25252,0.25293,0.25153,0.2529,132702486.0
2025-10-04 03:45:00+00:00,0.25289,0.25336,0.25241,0.2531,40321712.0
2025-10-04 04:00:00+00:00,0.2531,0.25376,0.2529,0.25345,58867268.0
2025-10-04 04:15:00+00:00,0.25345,0.25352,0.2523,0.2524,57241033.0
2025-10-04 04:30:00+00:00,0.25239,0.25327,0.25218,0.25298,48021162.0
2025-10-04 04:45:00+00:00,0.25298,0.25319,0.25279,0.25295,34621860.0
2025-10-04 05:00:00+00:00,0.25296,0.25387,0.25269,0.25383,39728180.0
2025-10-04 05:15:00+00:00,0.25383,0.25418,0.25337,0.25386,53258867.0
2025-10-04 05:30:00+00:00,0.25387,0.25389,0.25293,0.25295,40428039.0
2025-10-04 05:45:00+00:00,0.25296,0.25386,0.2528,0.25379,43852943.0
2025-10-04 06:00:00+00:00,0.25378,0.2546,0.25372,0.25418,60827821.0
2025-10-04 06:15:00+00:00,0.25419,0.25537,0.25415,0.25468,106835712.0
2025-10-04 06:30:00+00:00,0.25468,0.25527,0.25455,0.2548,40228644.0
2025-10-04 06:45:00+00:00,0.2548,0.25543,0.2548,0.25542,28176497.0
2025-10-04 07:00:00+00:00,0.25543,0.25557,0.25505,0.25508,31236087.0
2025-10-04 07:15:00+00:00,0.25507,0.25507,0.25423,0.2545,31620276.0
2025-10-04 07:30:00+00:00,0.25449,0.25466,0.25409,0.25427,23271741.0
2025-10-04 07:45:00+00:00,0.25426,0.25429,0.25343,0.25388,53624721.0
2025-10-04 08:00:00+00:00,0.25387,0.25416,0.25334,0.25334,53374030.0
2025-10-04 08:15:00+00:00,0.25334,0.25335,0.25271,0.25284,55431145.0
2025-10-04 08:30:00+00:00,0.25284,0.25314,0.252,0.25236,54382289.0
2025-10-04 08:45:00+00:00,0.25236,0.25276,0.25209,0.25228,51206031.0
2025-10-04 09:00:00+00:00,0.25229,0.25324,0.25146,0.25312,94918451.0
2025-10-04 09:15:00+00:00,0.25312,0.25331,0.25246,0.25273,28739795.0
2025-10-04 09:30:00+00:00,0.25273,0.25273,0.25201,0.2525,27316829.0
2025-10-04 09:45:00+00:00,0.2525,0.2525,0.25053,0.25074,205631249.0
2025-10-04 10:00:00+00:00,0.25074,0.25167,0.2505,0.25121,57538977.0
2025-10-04 10:15:00+00:00,0.25122,0.25183,0.25119,0.25177,26671437.0
2025-10-04 10:30:00+00:00,0.25177,0.25177,0.25002,0.25055,62687712.0
2025-10-04 10:45:00+00:00,0.25056,0.25083,0.24902,0.24939,176026423.0
2025-10-04 11:00:00+00:00,0.24938,0.25009,0.24855,0.2489,89763350.0
2025-10-04 11:15:00+00:00,0.2489,0.24946,0.24843,0.24937,62111315.0
2025-10-04 11:30:00+00:00,0.24937,0.24972,0.2486,0.24924,46883643.0
2025-10-04 11:45:00+00:00,0.24924,0.24979,0.24912,0.24939,33650362.0
2025-10-04 12:00:00+00:00,0.24939,0.24998,0.24909,0.24983,48380596.0
2025-10-04 12:15:00+00:00,0.24982,0.25004,0.24944,0.24976,35287972.0
2025-10-04 12:30:00+00:00,0.24976,0.25004,0.2495,0.24951,26700313.0
2025-10-04 12:45:00+00:00,0.24951,0.24952,0.2486,0.24903,34563489.0
2025-10-04 13:00:00+00:00,0.24904,0.25133,0.24886,0.25044,188545423.0
2025-10-04 13:15:00+00:00,0.25045,0.25111,0.25024,0.25067,51701874.0
2025-10-04 13:30:00+00:00,0.25067,0.25164,0.2506,0.25126,57472888.0
2025-10-04 13:45:00+00:00,0.25125,0.25154,0.25038,0.25104,49240492.0
2025-10-04 14:00:00+00:00,0.25104,0.25218,0.25056,0.25195,65558535.0
2025-10-04 14:15:00+00:00,0.25196,0.25255,0.25098,0.25124,49780353.0
2025-10-04 14:30:00+00:00,0.25125,0.25133,0.25077,0.25084,22421387.0
2025-10-04 14:45:00+00:00,0.25084,0.25086,0.24905,0.24912,102595799.0
2025-10-04 15:00:00+00:00,0.24912,0.24996,0.24875,0.24899,103221082.0
2025-10-04 15:15:00+00:00,0.249,0.24919,0.24717,0.24745,201073758.0
2025-10-04 15:30:00+00:00,0.24745,0.24824,0.24716,0.24807,93452511.0
2025-10-04 15:45:00+00:00,0.24807,0.24872,0.24747,0.24766,66151338.0
2025-10-04 16:00:00+00:00,0.24768,0.24824,0.24723,0.2477,84442984.0
2025-10-04 16:15:00+00:00,0.24771,0.24795,0.24662,0.24777,91087864.0
2025-10-04 16:30:00+00:00,0.24777,0.24881,0.24771,0.2484,74897514.0
2025-10-04 16:45:00+00:00,0.2484,0.2486,0.24798,0.24842,38135248.0
2025-10-04 17:00:00+00:00,0.24842,0.24916,0.24807,0.24852,52655919.0
2025-10-04 17:15:00+00:00,0.24853,0.24937,0.24839,0.24935,22470209.0
2025-10-04 17:30:00+00:00,0.24935,0.24948,0.24832,0.24852,52124586.0
2025-10-04 17:45:00+00:00,0.24853,0.24902,0.24834,0.24892,15312533.0
2025-10-04 18:00:00+00:00,0.24892,0.24923,0.24882,0.24889,18520088.0
2025-10-04 18:15:00+00:00,0.2489,0.249,0.24841,0.24893,24919492.0
2025-10-04 18:30:00+00:00,0.24893,0.24907,0.24811,0.24841,24422891.0
2025-10-04 18:45:00+00:00,0.24841,0.24864,0.24814,0.24838,19229826.0
2025-10-04 19:00:00+00:00,0.24838,0.24931,0.24838,0.24928,31299676.0
2025-10-04 19:15:00+00:00,0.24928,0.24941,0.24904,0.24919,28410371.0
2025-10-04 19:30:00+00:00,0.2492,0.24932,0.24868,0.24873,18598763.0
2025-10-04 19:45:00+00:00,0.24873,0.24938,0.2487,0.24933,13569591.0
2025-10-04 20:00:00+00:00,0.24934,0.2498,0.24923,0.24959,32601184.0
2025-10-04 20:15:00+00:00,0.24959,0.25019,0.2495,0.25009,21195643.0
2025-10-04 20:30:00+00:00,0.25008,0.25028,0.24965,0.25003,23968646.0
2025-10-04 20:45:00+00:00,0.25003,0.25038,0.24925,0.24925,34728364.0
2025-10-04 21:00:00+00:00,0.24925,0.24969,0.24916,0.24946,24287469.0
2025-10-04 21:15:00+00:00,0.24945,0.25034,0.24933,0.25032,23412455.0
2025-10-04 21:30:00+00:00,0.25032,0.25033,0.24977,0.25009,14680039.0
2025-10-04 21:45:00+00:00,0.25009,0.25009,0.24973,0.24995,8200280.0
2025-10-04 22:00:00+00:00,0.24995,0.25037,0.24956,0.24971,33026053.0
2025-10-04 22:15:00+00:00,0.24971,0.25003,0.24938,0.24995,17156860.0
2025-10-04 22:30:00+00:00,0.24995,0.25088,0.24995,0.25051,28230616.0
2025-10-04 22:45:00+00:00,0.2505,0.25068,0.25011,0.25015,19105568.0
2025-10-04 23:00:00+00:00,0.25015,0.25044,0.24998,0.25008,16060237.0
2025-10-04 23:15:00+00:00,0.25009,0.2508,0.25,0.25067,15568595.0
2025-10-04 23:30:00+00:00,0.25067,0.25083,0.25044,0.25079,22904734.0
2025-10-04 23:45:00+00:00,0.2508,0.25119,0.25046,0.2507,26062221.0
2025-10-05 00:00:00+00:00,0.2507,0.25088,0.25012,0.25039,27162700.0
2025-10-05 00:15:00+00:00,0.2504,0.25148,0.25024,0.25137,37757091.0
2025-10-05 00:30:00+00:00,0.25137,0.2514,0.25013,0.25021,28913211.0
2025-10-05 00:45:00+00:00,0.2502,0.25026,0.24941,0.24955,43558270.0
2025-10-05 01:00:00+00:00,0.24956,0.25126,0.24947,0.25088,36787650.0
2025-10-05 01:15:00+00:00,0.25089,0.2511,0.25006,0.2507,26918350.0
2025-10-05 01:30:00+00:00,0.2507,0.2513,0.25054,0.2513,23727382.0
2025-10-05 01:45:00+00:00,0.2513,0.25175,0.25113,0.2517,31908144.0
2025-10-05 02:00:00+00:00,0.2517,0.2522,0.25118,0.25207,53668098.0
2025-10-05 02:15:00+00:00,0.25207,0.25221,0.25146,0.2522,33583594.0
2025-10-05 02:30:00+00:00,0.25221,0.25548,0.25203,0.25415,331493826.0
2025-10-05 02:45:00+00:00,0.25416,0.25687,0.25415,0.25657,142498804.0
2025-10-05 03:00:00+00:00,0.25657,0.25825,0.25619,0.25658,203869798.0
2025-10-05 03:15:00+00:00,0.25657,0.25739,0.25518,0.25703,158221954.0
2025-10-05 03:30:00+00:00,0.25703,0.25948,0.25697,0.25905,147021585.0
2025-10-05 03:45:00+00:00,0.25906,0.2595,0.25789,0.25821,91782267.0
2025-10-05 04:00:00+00:00,0.25821,0.25864,0.25681,0.2575,86231132.0
2025-10-05 04:15:00+00:00,0.25751,0.25858,0.25711,0.25826,48740892.0
2025-10-05 04:30:00+00:00,0.25827,0.25926,0.25775,0.2588,64847864.0
2025-10-05 04:45:00+00:00,0.25881,0.264,0.25877,0.26245,523325210.0
2025-10-05 05:00:00+00:00,0.26245,0.26359,0.26096,0.26176,202230892.0
2025-10-05 05:15:00+00:00,0.26177,0.2621,0.26063,0.26201,87559758.0
2025-10-05 05:30:00+00:00,0.26201,0.26228,0.2615,0.26188,58955018.0
2025-10-05 05:45:00+00:00,0.26189,0.26189,0.26085,0.26149,70604008.0
2025-10-05 06:00:00+00:00,0.2615,0.26155,0.26091,0.26139,55170811.0
2025-10-05 06:15:00+00:00,0.2614,0.26172,0.26028,0.26155,61847083.0
2025-10-05 06:30:00+00:00,0.26155,0.26176,0.26057,0.26138,66913043.0
2025-10-05 06:45:00+00:00,0.26138,0.26182,0.26057,0.26058,59733347.0
2025-10-05 07:00:00+00:00,0.26058,0.26311,0.26056,0.26272,110931898.0
2025-10-05 07:15:00+00:00,0.26273,0.26342,0.2618,0.26182,93408425.0
2025-10-05 07:30:00+00:00,0.26181,0.26232,0.26135,0.26228,87142429.0
2025-10-05 07:45:00+00:00,0.26228,0.2642,0.26214,0.26391,107963098.0
2025-10-05 08:00:00+00:00,0.26391,0.26463,0.26286,0.26297,126970944.0
2025-10-05 08:15:00+00:00,0.26298,0.26444,0.26264,0.26381,80178445.0
2025-10-05 08:30:00+00:00,0.26381,0.26442,0.26315,0.26397,59298857.0
2025-10-05 08:45:00+00:00,0.26397,0.26404,0.26315,0.26373,47926471.0
2025-10-05 09:00:00+00:00,0.26373,0.26516,0.26349,0.26398,110039680.0
2025-10-05 09:15:00+00:00,0.26398,0.26492,0.26356,0.26378,112055310.0
2025-10-05 09:30:00+00:00,0.26378,0.26384,0.26096,0.26166,416601387.0
2025-10-05 09:45:00+00:00,0.26165,0.26249,0.26048,0.26096,190874672.0
2025-10-05 10:00:00+00:00,0.26096,0.26118,0.25741,0.25866,328235076.0
2025-10-05 10:15:00+00:00,0.25867,0.26008,0.25852,0.25891,156290635.0
2025-10-05 10:30:00+00:00,0.25891,0.25896,0.25751,0.25851,117549642.0
2025-10-05 10:45:00+00:00,0.25852,0.2597,0.25851,0.25896,99880452.0
2025-10-05 11:00:00+00:00,0.25895,0.2596,0.25737,0.25772,149446985.0
2025-10-05 11:15:00+00:00,0.25772,0.2589,0.25745,0.25862,75868040.0
2025-10-05 11:30:00+00:00,0.25862,0.25876,0.25782,0.2582,54912715.0
2025-10-05 11:45:00+00:00,0.25819,0.25918,0.25816,0.25859,58856608.0
2025-10-05 12:00:00+00:00,0.25859,0.25863,0.25668,0.25752,106833018.0
2025-10-05 12:15:00+00:00,0.25753,0.25838,0.25619,0.25627,106020339.0
2025-10-05 12:30:00+00:00,0.25628,0.25749,0.256,0.25615,78432261.0
2025-10-05 12:45:00+00:00,0.25615,0.25717,0.25611,0.25647,53418271.0
2025-10-05 13:00:00+00:00,0.25647,0.25731,0.25566,0.25706,78589512.0
2025-10-05 13:15:00+00:00,0.25706,0.2572,0.25517,0.25625,113497237.0
2025-10-05 13:30:00+00:00,0.25626,0.25707,0.2556,0.2568,65054729.0
2025-10-05 13:45:00+00:00,0.2568,0.25743,0.25636,0.2569,52723724.0
2025-10-05 14:00:00+00:00,0.2569,0.25793,0.25683,0.25775,68538187.0
2025-10-05 14:15:00+00:00,0.25775,0.25792,0.25648,0.25689,70648609.0
2025-10-05 14:30:00+00:00,0.25689,0.25707,0.25485,0.25514,130387452.0
2025-10-05 14:45:00+00:00,0.25514,0.25549,0.25437,0.25533,106238525.0
2025-10-05 15:00:00+00:00,0.25532,0.25617,0.25515,0.25616,42965764.0
2025-10-05 15:15:00+00:00,0.25617,0.25683,0.25607,0.25642,67710643.0
2025-10-05 15:30:00+00:00,0.25642,0.25651,0.25532,0.25572,45578457.0
2025-10-05 15:45:00+00:00,0.25572,0.25654,0.25559,0.25623,41116749.0
2025-10-05 16:00:00+00:00,0.25622,0.25686,0.25589,0.25658,53532821.0
2025-10-05 16:15:00+00:00,0.25658,0.25684,0.25582,0.25598,45892829.0
2025-10-05 16:30:00+00:00,0.25598,0.2564,0.25526,0.25547,53314604.0
2025-10-05 16:45:00+00:00,0.25547,0.25708,0.25378,0.25696,187105882.0
2025-10-05 17:00:00+00:00,0.25696,0.25756,0.25588,0.25651,127203085.0
2025-10-05 17:15:00+00:00,0.25651,0.25706,0.25589,0.25592,27390485.0
2025-10-05 17:30:00+00:00,0.25592,0.25619,0.25527,0.25577,78656187.0
2025-10-05 17:45:00+00:00,0.25578,0.25582,0.25408,0.25471,89851432.0
2025-10-05 18:00:00+00:00,0.2547,0.25509,0.25349,0.25414,106332207.0
2025-10-05 18:15:00+00:00,0.25414,0.25475,0.25362,0.25458,56361980.0
2025-10-05 18:30:00+00:00,0.25457,0.25529,0.2544,0.2549,39610825.0
2025-10-05 18:45:00+00:00,0.2549,0.25555,0.25483,0.25492,21580081.0
2025-10-05 19:00:00+00:00,0.25492,0.255,0.25166,0.25238,195584690.0
2025-10-05 19:15:00+00:00,0.25237,0.25343,0.25196,0.25285,58695311.0
2025-10-05 19:30:00+00:00,0.25286,0.25288,0.25176,0.25183,44553449.0
2025-10-05 19:45:00+00:00,0.25184,0.25198,0.25052,0.25137,159049604.0
2025-10-05 20:00:00+00:00,0.25136,0.25205,0.2506,0.25174,61600300.0
2025-10-05 20:15:00+00:00,0.25174,0.25206,0.25103,0.25166,42421221.0
2025-10-05 20:30:00+00:00,0.25167,0.25282,0.25167,0.2525,51242266.0
2025-10-05 20:45:00+00:00,0.2525,0.2529,0.25209,0.25209,39179836.0
2025-10-05 21:00:00+00:00,0.25209,0.25234,0.25128,0.25172,39025762.0
2025-10-05 21:15:00+00:00,0.25173,0.25245,0.25137,0.2523,31783801.0
2025-10-05 21:30:00+00:00,0.25231,0.25258,0.25183,0.25246,18775587.0
2025-10-05 21:45:00+00:00,0.25246,0.25287,0.25212,0.25261,40534406.0
2025-10-05 22:00:00+00:00,0.25262,0.25342,0.25126,0.25143,67633589.0
2025-10-05 22:15:00+00:00,0.25143,0.25272,0.25119,0.25215,41646855.0
2025-10-05 22:30:00+00:00,0.25215,0.25256,0.25202,0.25255,27193807.0
2025-10-05 22:45:00+00:00,0.25256,0.25311,0.2524,0.25294,35974542.0
2025-10-05 23:00:00+00:00,0.25293,0.2534,0.25264,0.25298,46895541.0
2025-10-05 23:15:00+00:00,0.25297,0.25319,0.25253,0.25301,32960519.0
2025-10-05 23:30:00+00:00,0.25301,0.25382,0.25299,0.25308,54530056.0
2025-10-05 23:45:00+00:00,0.25309,0.25321,0.25258,0.25268,27717769.0
2025-10-06 00:00:00+00:00,0.25268,0.25279,0.2509,0.25248,92058433.0
2025-10-06 00:15:00+00:00,0.25249,0.2552,0.25178,0.25279,216701521.0
2025-10-06 00:30:00+00:00,0.25278,0.25345,0.25186,0.25297,81948026.0
2025-10-06 00:45:00+00:00,0.25297,0.25317,0.2509,0.25171,87196819.0
2025-10-06 01:00:00+00:00,0.2517,0.25256,0.2504,0.25219,88723183.0
2025-10-06 01:15:00+00:00,0.25219,0.25448,0.25145,0.25396,97647798.0
2025-10-06 01:30:00+00:00,0.25396,0.25497,0.25305,0.25337,120197710.0
2025-10-06 01:45:00+00:00,0.25336,0.25399,0.25292,0.25387,46151790.0
2025-10-06 02:00:00+00:00,0.25386,0.2542,0.25292,0.2531,43099098.0
2025-10-06 02:15:00+00:00,0.25309,0.25352,0.25244,0.25253,62694638.0
2025-10-06 02:30:00+00:00,0.25253,0.25284,0.25136,0.25259,73071983.0
2025-10-06 02:45:00+00:00,0.25258,0.25496,0.25258,0.25402,87976998.0
2025-10-06 03:00:00+00:00,0.25402,0.25444,0.25373,0.25423,48948672.0
2025-10-06 03:15:00+00:00,0.25422,0.25459,0.25386,0.25419,47385209.0
2025-10-06 03:30:00+00:00,0.25419,0.25456,0.25377,0.25391,26506045.0
2025-10-06 03:45:00+00:00,0.2539,0.25405,0.25334,0.25378,32723633.0
2025-10-06 04:00:00+00:00,0.25377,0.25391,0.25277,0.25326,35302342.0
2025-10-06 04:15:00+00:00,0.25326,0.25401,0.25315,0.25401,26816945.0
2025-10-06 04:30:00+00:00,0.254,0.25418,0.25263,0.253,40369951.0
2025-10-06 04:45:00+00:00,0.25299,0.25327,0.25228,0.25257,36080568.0
2025-10-06 05:00:00+00:00,0.25257,0.25312,0.25201,0.25209,49911688.0
2025-10-06 05:15:00+00:00,0.25209,0.25337,0.25203,0.25329,35708218.0
2025-10-06 05:30:00+00:00,0.25329,0.2534,0.25236,0.25278,35422604.0
2025-10-06 05:45:00+00:00,0.25278,0.25377,0.25277,0.25358,36214317.0
2025-10-06 06:00:00+00:00,0.25357,0.2554,0.2535,0.25529,101228959.0
2025-10-06 06:15:00+00:00,0.2553,0.25687,0.25452,0.25657,114564186.0
2025-10-06 06:30:00+00:00,0.25658,0.25831,0.25625,0.25715,162443689.0
2025-10-06 06:45:00+00:00,0.25715,0.25735,0.25626,0.25717,69743392.0
2025-10-06 07:00:00+00:00,0.25718,0.25798,0.25646,0.25746,88049452.0
2025-10-06 07:15:00+00:00,0.25746,0.25764,0.25654,0.25689,46808376.0
2025-10-06 07:30:00+00:00,0.25689,0.25694,0.25444,0.25501,147394073.0
2025-10-06 07:45:00+00:00,0.25501,0.2551,0.25395,0.25496,105933073.0
2025-10-06 08:00:00+00:00,0.25497,0.25627,0.25497,0.25578,76430164.0
2025-10-06 08:15:00+00:00,0.25577,0.25648,0.25537,0.25641,37869806.0
2025-10-06 08:30:00+00:00,0.25642,0.25788,0.25642,0.25681,90175009.0
2025-10-06 08:45:00+00:00,0.2568,0.25771,0.25666,0.2574,44035253.0
2025-10-06 09:00:00+00:00,0.2574,0.25915,0.25725,0.25845,89370540.0
2025-10-06 09:15:00+00:00,0.25844,0.25903,0.25777,0.2582,64121402.0
2025-10-06 09:30:00+00:00,0.25821,0.25838,0.2577,0.25791,61186033.0
2025-10-06 09:45:00+00:00,0.25792,0.25852,0.2579,0.25827,37371614.0
2025-10-06 10:00:00+00:00,0.25827,0.2586,0.2574,0.25788,60619070.0
2025-10-06 10:15:00+00:00,0.25789,0.25825,0.25722,0.25799,75237627.0
2025-10-06 10:30:00+00:00,0.25799,0.25852,0.25758,0.25808,63826338.0
2025-10-06 10:45:00+00:00,0.25808,0.25923,0.25806,0.259,109274365.0
2025-10-06 11:00:00+00:00,0.259,0.259,0.2579,0.25823,91907273.0
2025-10-06 11:15:00+00:00,0.25823,0.26093,0.25818,0.26081,124644889.0
2025-10-06 11:30:00+00:00,0.2608,0.26184,0.26007,0.261,173157864.0
2025-10-06 11:45:00+00:00,0.26101,0.2614,0.25943,0.2598,107004971.0
2025-10-06 12:00:00+00:00,0.25981,0.26098,0.2598,0.2606,78978843.0
2025-10-06 12:15:00+00:00,0.26061,0.26137,0.26036,0.26038,66428991.0
2025-10-06 12:30:00+00:00,0.26039,0.26076,0.25974,0.26,84525893.0
2025-10-06 12:45:00+00:00,0.26,0.26086,0.25999,0.26032,43254317.0
2025-10-06 13:00:00+00:00,0.26031,0.26187,0.26001,0.26033,81218403.0
2025-10-06 13:15:00+00:00,0.26032,0.26141,0.25963,0.26091,79472283.0
2025-10-06 13:30:00+00:00,0.2609,0.26255,0.25996,0.2606,218818497.0
2025-10-06 13:45:00+00:00,0.2606,0.26215,0.25918,0.26208,202370836.0
2025-10-06 14:00:00+00:00,0.26208,0.26336,0.26168,0.26228,229523646.0
2025-10-06 14:15:00+00:00,0.26228,0.26422,0.26086,0.26348,243540131.0
2025-10-06 14:30:00+00:00,0.26348,0.26517,0.26234,0.2628,324581561.0
2025-10-06 14:45:00+00:00,0.2628,0.26345,0.26135,0.2621,101083319.0
2025-10-06 15:00:00+00:00,0.26211,0.26637,0.26206,0.26512,297444144.0
2025-10-06 15:15:00+00:00,0.26513,0.26767,0.26512,0.2676,304755348.0
2025-10-06 15:30:00+00:00,0.26759,0.26828,0.26667,0.26763,256803077.0
2025-10-06 15:45:00+00:00,0.26763,0.26819,0.26652,0.2668,127750872.0
2025-10-06 16:00:00+00:00,0.2668,0.26815,0.26507,0.26542,238380715.0
2025-10-06 16:15:00+00:00,0.26541,0.26619,0.26326,0.26366,189865127.0
2025-10-06 16:30:00+00:00,0.26366,0.26527,0.26349,0.26497,117340189.0
2025-10-06 16:45:00+00:00,0.26498,0.26555,0.26404,0.26523,105698605.0
2025-10-06 17:00:00+00:00,0.26523,0.26596,0.26462,0.26567,112971552.0
2025-10-06 17:15:00+00:00,0.26566,0.27028,0.26541,0.26876,267420504.0
2025-10-06 17:30:00+00:00,0.26876,0.26962,0.26667,0.2672,140968363.0
2025-10-06 17:45:00+00:00,0.2672,0.26815,0.26661,0.26736,70889307.0
2025-10-06 18:00:00+00:00,0.26735,0.26846,0.26683,0.26845,61274453.0
2025-10-06 18:15:00+00:00,0.26845,0.27,0.26843,0.26901,106747405.0
2025-10-06 18:30:00+00:00,0.26901,0.26981,0.26847,0.26952,64433413.0
2025-10-06 18:45:00+00:00,0.26951,0.27039,0.26925,0.26935,106216677.0
2025-10-06 19:00:00+00:00,0.26935,0.26962,0.26771,0.26835,118963426.0
2025-10-06 19:15:00+00:00,0.26835,0.2694,0.26712,0.26784,83348858.0
2025-10-06 19:30:00+00:00,0.26785,0.26872,0.2674,0.26783,46787476.0
2025-10-06 19:45:00+00:00,0.26783,0.26877,0.26733,0.2684,57529006.0
2025-10-06 20:00:00+00:00,0.2684,0.26933,0.26814,0.26887,54546301.0
2025-10-06 20:15:00+00:00,0.26887,0.26894,0.26742,0.26827,67661379.0
2025-10-06 20:30:00+00:00,0.26826,0.26875,0.26715,0.26736,64923796.0
2025-10-06 20:45:00+00:00,0.26736,0.26793,0.26719,0.26779,35491090.0
2025-10-06 21:00:00+00:00,0.26779,0.26869,0.2675,0.2675,40446840.0
2025-10-06 21:15:00+00:00,0.2675,0.26767,0.26553,0.26726,108277882.0
2025-10-06 21:30:00+00:00,0.26726,0.26786,0.26644,0.26786,44152291.0
2025-10-06 21:45:00+00:00,0.26786,0.26903,0.26782,0.26902,39406427.0
2025-10-06 22:00:00+00:00,0.26903,0.26973,0.26838,0.26869,48598328.0
2025-10-06 22:15:00+00:00,0.26869,0.26945,0.26845,0.26932,34595623.0
2025-10-06 22:30:00+00:00,0.26931,0.26946,0.26786,0.26814,57487661.0
2025-10-06 22:45:00+00:00,0.26814,0.26906,0.26814,0.26882,38943353.0
2025-10-06 23:00:00+00:00,0.26883,0.2695,0.2668,0.2669,96791134.0
2025-10-06 23:15:00+00:00,0.26689,0.2673,0.26629,0.26695,82845706.0
2025-10-06 23:30:00+00:00,0.26695,0.26702,0.26593,0.26669,62791288.0
2025-10-06 23:45:00+00:00,0.26669,0.26675,0.26587,0.26601,48325910.0
2025-10-07 00:00:00+00:00,0.26601,0.2671,0.26588,0.26594,69894948.0
2025-10-07 00:15:00+00:00,0.26594,0.26609,0.26421,0.2644,129875072.0
2025-10-07 00:30:00+00:00,0.26439,0.26583,0.26412,0.26577,69063093.0
2025-10-07 00:45:00+00:00,0.26576,0.26596,0.26495,0.26582,48148040.0
2025-10-07 01:00:00+00:00,0.26581,0.26749,0.2657,0.26645,69693377.0
2025-10-07 01:15:00+00:00,0.26644,0.26652,0.26413,0.26526,105638907.0
2025-10-07 01:30:00+00:00,0.26527,0.26615,0.26434,0.26605,62232751.0
2025-10-07 01:45:00+00:00,0.26605,0.26605,0.26489,0.26512,39836646.0
2025-10-07 02:00:00+00:00,0.26512,0.26629,0.26477,0.26583,49120770.0
2025-10-07 02:15:00+00:00,0.26583,0.2671,0.26527,0.26706,82571555.0
2025-10-07 02:30:00+00:00,0.26705,0.26798,0.26608,0.26656,65725739.0
2025-10-07 02:45:00+00:00,0.26655,0.26748,0.26649,0.2671,40665826.0
2025-10-07 03:00:00+00:00,0.26709,0.26816,0.26664,0.26782,62575561.0
2025-10-07 03:15:00+00:00,0.26781,0.26781,0.26601,0.26615,70910795.0
2025-10-07 03:30:00+00:00,0.26615,0.2668,0.26574,0.2668,47705442.0
2025-10-07 03:45:00+00:00,0.26679,0.26718,0.26654,0.26654,23602802.0
2025-10-07 04:00:00+00:00,0.26654,0.26654,0.26464,0.2649,77821256.0
2025-10-07 04:15:00+00:00,0.26489,0.2658,0.26448,0.2658,71062178.0
2025-10-07 04:30:00+00:00,0.26579,0.2673,0.26574,0.26703,66554400.0
2025-10-07 04:45:00+00:00,0.26703,0.26833,0.26696,0.26723,98826312.0
2025-10-07 05:00:00+00:00,0.26722,0.26729,0.266,0.2665,73604704.0
2025-10-07 05:15:00+00:00,0.2665,0.26738,0.26605,0.26692,42360140.0
2025-10-07 05:30:00+00:00,0.26693,0.26723,0.26611,0.26701,60419152.0
2025-10-07 05:45:00+00:00,0.26701,0.26733,0.2653,0.26576,80349255.0
2025-10-07 06:00:00+00:00,0.26576,0.26607,0.26478,0.26498,80143228.0
2025-10-07 06:15:00+00:00,0.26498,0.26498,0.26195,0.26242,243651966.0
2025-10-07 06:30:00+00:00,0.26241,0.26311,0.26071,0.26155,195114917.0
2025-10-07 06:45:00+00:00,0.26155,0.26168,0.26034,0.26052,139787790.0
2025-10-07 07:00:00+00:00,0.26052,0.26145,0.26016,0.26064,115180461.0
2025-10-07 07:15:00+00:00,0.26064,0.26096,0.25945,0.26091,131429640.0
2025-10-07 07:30:00+00:00,0.26092,0.26099,0.25935,0.25986,87484670.0
2025-10-07 07:45:00+00:00,0.25986,0.26042,0.25956,0.26027,56273587.0
2025-10-07 08:00:00+00:00,0.26027,0.2603,0.25772,0.25841,246309915.0
2025-10-07 08:15:00+00:00,0.25841,0.259,0.2578,0.25827,102863356.0
2025-10-07 08:30:00+00:00,0.25827,0.25938,0.25741,0.25937,108610913.0
2025-10-07 08:45:00+00:00,0.25938,0.2599,0.25862,0.25948,122311571.0
2025-10-07 09:00:00+00:00,0.25947,0.26074,0.2592,0.26051,103388790.0
2025-10-07 09:15:00+00:00,0.26052,0.26062,0.2598,0.26035,60908176.0
2025-10-07 09:30:00+00:00,0.26035,0.26061,0.25968,0.25997,55234607.0
2025-10-07 09:45:00+00:00,0.25997,0.26049,0.25971,0.26034,59238733.0
2025-10-07 10:00:00+00:00,0.26034,0.2614,0.2596,0.26135,85719580.0
2025-10-07 10:15:00+00:00,0.26135,0.26136,0.26031,0.26049,77543850.0
2025-10-07 10:30:00+00:00,0.26049,0.26156,0.26019,0.26089,64828288.0
2025-10-07 10:45:00+00:00,0.26089,0.2615,0.26072,0.26136,43111199.0
2025-10-07 11:00:00+00:00,0.26137,0.26149,0.26048,0.26051,58349882.0
2025-10-07 11:15:00+00:00,0.26051,0.26118,0.2605,0.26081,38447635.0
2025-10-07 11:30:00+00:00,0.26082,0.26192,0.26061,0.26065,92882936.0
2025-10-07 11:45:00+00:00,0.26065,0.2621,0.2606,0.26155,81366530.0
2025-10-07 12:00:00+00:00,0.26155,0.26232,0.26095,0.26139,68714703.0
2025-10-07 12:15:00+00:00,0.26139,0.26216,0.26078,0.26154,75802638.0
2025-10-07 12:30:00+00:00,0.26154,0.26192,0.2609,0.2614,51380330.0
2025-10-07 12:45:00+00:00,0.26141,0.26461,0.26136,0.26419,176326108.0
2025-10-07 13:00:00+00:00,0.2642,0.26539,0.26321,0.26412,144139620.0
2025-10-07 13:15:00+00:00,0.26412,0.2651,0.26329,0.26508,123043165.0
2025-10-07 13:30:00+00:00,0.26509,0.2652,0.2589,0.26032,431480552.0
2025-10-07 13:45:00+00:00,0.26032,0.26141,0.25853,0.26091,270312769.0
2025-10-07 14:00:00+00:00,0.26092,0.26123,0.25612,0.25707,427616693.0
2025-10-07 14:15:00+00:00,0.25707,0.25827,0.25546,0.25604,205139495.0
2025-10-07 14:30:00+00:00,0.25603,0.25718,0.25502,0.25616,240209253.0
2025-10-07 14:45:00+00:00,0.25615,0.25681,0.2545,0.25473,190736941.0
2025-10-07 15:00:00+00:00,0.25474,0.25565,0.251,0.25314,647051994.0
2025-10-07 15:15:00+00:00,0.25314,0.25452,0.25281,0.25352,179488220.0
2025-10-07 15:30:00+00:00,0.25351,0.25371,0.25019,0.25123,296849831.0
2025-10-07 15:45:00+00:00,0.25124,0.25169,0.25004,0.25137,248251328.0
2025-10-07 16:00:00+00:00,0.25137,0.25154,0.24919,0.24931,265123519.0
2025-10-07 16:15:00+00:00,0.24932,0.2503,0.24802,0.24948,243930148.0
2025-10-07 16:30:00+00:00,0.24948,0.25242,0.24947,0.25195,220093394.0
2025-10-07 16:45:00+00:00,0.25195,0.25366,0.25169,0.25232,182214960.0
2025-10-07 17:00:00+00:00,0.25232,0.25297,0.25141,0.25162,119215763.0
2025-10-07 17:15:00+00:00,0.25163,0.2518,0.25082,0.25151,67114166.0
2025-10-07 17:30:00+00:00,0.25152,0.25184,0.25102,0.25152,50494659.0
2025-10-07 17:45:00+00:00,0.25152,0.25223,0.25024,0.25027,78040882.0
2025-10-07 18:00:00+00:00,0.25027,0.25111,0.24986,0.2506,108088316.0
2025-10-07 18:15:00+00:00,0.2506,0.25076,0.24592,0.24938,281490243.0
2025-10-07 18:30:00+00:00,0.24939,0.24992,0.24852,0.24907,76020127.0
2025-10-07 18:45:00+00:00,0.24908,0.24928,0.24822,0.24833,55652096.0
2025-10-07 19:00:00+00:00,0.24834,0.24969,0.24805,0.24922,100960452.0
2025-10-07 19:15:00+00:00,0.24922,0.25019,0.24873,0.24879,54765642.0
2025-10-07 19:30:00+00:00,0.24879,0.2497,0.24858,0.24888,46827886.0
2025-10-07 19:45:00+00:00,0.24887,0.25033,0.2485,0.24916,64900752.0
2025-10-07 20:00:00+00:00,0.24916,0.25136,0.24899,0.25096,77725588.0
2025-10-07 20:15:00+00:00,0.25095,0.2514,0.25031,0.25128,42438633.0
2025-10-07 20:30:00+00:00,0.25128,0.25203,0.25119,0.25128,59886809.0
2025-10-07 20:45:00+00:00,0.25129,0.25197,0.2511,0.2512,31355283.0
2025-10-07 21:00:00+00:00,0.25121,0.25133,0.2504,0.25081,34014255.0
2025-10-07 21:15:00+00:00,0.25081,0.25185,0.25051,0.25169,32070079.0
2025-10-07 21:30:00+00:00,0.2517,0.25172,0.2499,0.25043,33393341.0
2025-10-07 21:45:00+00:00,0.25044,0.25046,0.24876,0.24957,41729071.0
2025-10-07 22:00:00+00:00,0.24957,0.24987,0.24866,0.24961,43208106.0
2025-10-07 22:15:00+00:00,0.24961,0.2505,0.24952,0.24992,33506539.0
2025-10-07 22:30:00+00:00,0.24992,0.25032,0.24914,0.24964,35629308.0
2025-10-07 22:45:00+00:00,0.24964,0.24997,0.24953,0.2497,16771914.0
2025-10-07 23:00:00+00:00,0.2497,0.24976,0.24863,0.2488,38174680.0
2025-10-07 23:15:00+00:00,0.2488,0.24918,0.24807,0.24812,88135081.0
2025-10-07 23:30:00+00:00,0.24812,0.2482,0.24612,0.24749,180664291.0
2025-10-07 23:45:00+00:00,0.2475,0.24768,0.24622,0.24671,80283028.0
2025-10-08 00:00:00+00:00,0.24672,0.24803,0.24657,0.24758,73108348.0
2025-10-08 00:15:00+00:00,0.24758,0.24897,0.24758,0.24795,68409108.0
2025-10-08 00:30:00+00:00,0.24795,0.24953,0.24668,0.24909,86969106.0
2025-10-08 00:45:00+00:00,0.24909,0.24955,0.24857,0.24861,70398479.0
2025-10-08 01:00:00+00:00,0.24861,0.24935,0.24816,0.24854,60634436.0
2025-10-08 01:15:00+00:00,0.24853,0.24986,0.24818,0.24926,57062219.0
2025-10-08 01:30:00+00:00,0.24925,0.25009,0.24902,0.24913,51229097.0
2025-10-08 01:45:00+00:00,0.24914,0.24986,0.24898,0.24963,39114517.0
2025-10-08 02:00:00+00:00,0.24963,0.24988,0.24894,0.24907,40566743.0
2025-10-08 02:15:00+00:00,0.24907,0.25052,0.24902,0.25022,61354291.0
2025-10-08 02:30:00+00:00,0.25022,0.25026,0.24912,0.24916,47920764.0
2025-10-08 02:45:00+00:00,0.24916,0.24981,0.24871,0.24873,47313109.0
2025-10-08 03:00:00+00:00,0.24873,0.24873,0.24685,0.24697,101483299.0
2025-10-08 03:15:00+00:00,0.24698,0.2475,0.24374,0.24482,336741517.0
2025-10-08 03:30:00+00:00,0.24482,0.24557,0.24415,0.24483,138530225.0
2025-10-08 03:45:00+00:00,0.24482,0.24564,0.24445,0.24464,66222138.0
2025-10-08 04:00:00+00:00,0.24463,0.2458,0.2428,0.24567,225398806.0
2025-10-08 04:15:00+00:00,0.24567,0.24639,0.2453,0.24588,89422881.0
2025-10-08 04:30:00+00:00,0.24588,0.24697,0.24582,0.24658,82879877.0
2025-10-08 04:45:00+00:00,0.24657,0.247,0.24613,0.24685,43860512.0
2025-10-08 05:00:00+00:00,0.24683,0.24688,0.24568,0.24595,51536493.0
2025-10-08 05:15:00+00:00,0.24595,0.24622,0.24453,0.24519,59834436.0
2025-10-08 05:30:00+00:00,0.24519,0.24545,0.24435,0.24438,45501535.0
2025-10-08 05:45:00+00:00,0.24437,0.24542,0.24407,0.24531,42148455.0
2025-10-08 06:00:00+00:00,0.2453,0.24571,0.24393,0.24553,79664502.0
2025-10-08 06:15:00+00:00,0.24553,0.24604,0.24457,0.24491,58788087.0
2025-10-08 06:30:00+00:00,0.2449,0.24578,0.24476,0.24521,35566585.0
2025-10-08 06:45:00+00:00,0.24521,0.2462,0.24521,0.24603,33759709.0
2025-10-08 07:00:00+00:00,0.24604,0.24667,0.24558,0.24581,47549357.0
2025-10-08 07:15:00+00:00,0.2458,0.24632,0.24554,0.24604,47216728.0
2025-10-08 07:30:00+00:00,0.24604,0.2463,0.24523,0.24598,40747044.0
2025-10-08 07:45:00+00:00,0.24597,0.24699,0.24554,0.24653,51604760.0
2025-10-08 08:00:00+00:00,0.24653,0.24722,0.24642,0.24678,62530336.0
2025-10-08 08:15:00+00:00,0.24678,0.24751,0.24648,0.24731,72060326.0
2025-10-08 08:30:00+00:00,0.24731,0.24923,0.24709,0.24906,173286163.0
2025-10-08 08:45:00+00:00,0.24905,0.24928,0.24778,0.24821,82808590.0
2025-10-08 09:00:00+00:00,0.2482,0.24894,0.24773,0.248,60499902.0
2025-10-08 09:15:00+00:00,0.24801,0.2481,0.24732,0.24769,45409358.0
2025-10-08 09:30:00+00:00,0.2477,0.24824,0.24727,0.24789,31766214.0
2025-10-08 09:45:00+00:00,0.24789,0.24834,0.24754,0.24834,20465069.0
2025-10-08 10:00:00+00:00,0.24834,0.24912,0.24792,0.24807,53761305.0
2025-10-08 10:15:00+00:00,0.24807,0.24934,0.24801,0.24874,62602431.0
2025-10-08 10:30:00+00:00,0.24874,0.25009,0.24863,0.24999,82047219.0
2025-10-08 10:45:00+00:00,0.24999,0.25026,0.24969,0.24993,71504250.0
2025-10-08 11:00:00+00:00,0.24994,0.25052,0.24931,0.25036,71027759.0
2025-10-08 11:15:00+00:00,0.25037,0.25039,0.24943,0.24968,45300242.0
2025-10-08 11:30:00+00:00,0.24969,0.24972,0.24868,0.24875,56676214.0
2025-10-08 11:45:00+00:00,0.24874,0.24951,0.24855,0.24918,40318634.0
2025-10-08 12:00:00+00:00,0.24918,0.25012,0.24872,0.24964,68499806.0
2025-10-08 12:15:00+00:00,0.24964,0.25017,0.24889,0.25016,68778961.0
2025-10-08 12:30:00+00:00,0.25015,0.25238,0.2493,0.25229,171377664.0
2025-10-08 12:45:00+00:00,0.25228,0.2525,0.25097,0.25218,121167749.0
2025-10-08 13:00:00+00:00,0.25218,0.2534,0.25137,0.25271,171252949.0
2025-10-08 13:15:00+00:00,0.25272,0.2529,0.25131,0.25145,69096177.0
2025-10-08 13:30:00+00:00,0.25146,0.25205,0.24958,0.25031,215191168.0
2025-10-08 13:45:00+00:00,0.25031,0.25296,0.2491,0.2528,170319225.0
2025-10-08 14:00:00+00:00,0.25279,0.25669,0.25275,0.25451,411923154.0
2025-10-08 14:15:00+00:00,0.2545,0.25619,0.25345,0.25361,166635158.0
2025-10-08 14:30:00+00:00,0.25361,0.2544,0.25257,0.25308,152635727.0
2025-10-08 14:45:00+00:00,0.25307,0.25355,0.25139,0.25213,146800586.0
2025-10-08 15:00:00+00:00,0.25213,0.25495,0.25187,0.25421,141212724.0
2025-10-08 15:15:00+00:00,0.25421,0.25534,0.25307,0.25464,128507844.0
2025-10-08 15:30:00+00:00,0.25464,0.25465,0.2535,0.25366,56440251.0
2025-10-08 15:45:00+00:00,0.25366,0.25366,0.25235,0.25316,73966366.0
2025-10-08 16:00:00+00:00,0.25316,0.25527,0.25254,0.25527,95726881.0
2025-10-08 16:15:00+00:00,0.25527,0.25542,0.25368,0.25419,101381058.0
2025-10-08 16:30:00+00:00,0.25418,0.255,0.25359,0.2548,54626042.0
2025-10-08 16:45:00+00:00,0.25481,0.25668,0.25451,0.25656,97933229.0
2025-10-08 17:00:00+00:00,0.25655,0.25899,0.25653,0.2583,269070113.0
2025-10-08 17:15:00+00:00,0.2583,0.26046,0.25795,0.25968,226853169.0
2025-10-08 17:30:00+00:00,0.25968,0.26104,0.2596,0.25987,195782939.0
2025-10-08 17:45:00+00:00,0.25988,0.26107,0.25917,0.26029,103533627.0
2025-10-08 18:00:00+00:00,0.26028,0.26078,0.25927,0.25983,123103795.0
2025-10-08 18:15:00+00:00,0.25984,0.26028,0.25841,0.25851,120569466.0
2025-10-08 18:30:00+00:00,0.25851,0.25919,0.25785,0.25828,121376676.0
2025-10-08 18:45:00+00:00,0.25827,0.25932,0.258,0.25851,81825045.0
2025-10-08 19:00:00+00:00,0.25851,0.25882,0.25715,0.25754,103633865.0
2025-10-08 19:15:00+00:00,0.25754,0.25903,0.25742,0.25847,63867833.0
2025-10-08 19:30:00+00:00,0.25847,0.25922,0.25822,0.2586,57344778.0
2025-10-08 19:45:00+00:00,0.25861,0.2595,0.25844,0.25917,49728575.0
2025-10-08 20:00:00+00:00,0.25918,0.25951,0.25854,0.25927,41820455.0
2025-10-08 20:15:00+00:00,0.25927,0.2599,0.25919,0.2593,30042897.0
2025-10-08 20:30:00+00:00,0.2593,0.2593,0.25839,0.25879,42354504.0
2025-10-08 20:45:00+00:00,0.25879,0.25889,0.25651,0.25679,139919249.0
2025-10-08 21:00:00+00:00,0.25678,0.25757,0.25673,0.25711,54556096.0
2025-10-08 21:15:00+00:00,0.2571,0.25808,0.2571,0.25789,38397071.0
2025-10-08 21:30:00+00:00,0.2579,0.25833,0.25785,0.25814,20484722.0
2025-10-08 21:45:00+00:00,0.25815,0.25815,0.257,0.25765,25094653.0
2025-10-08 22:00:00+00:00,0.25765,0.25864,0.25757,0.25783,40509814.0
2025-10-08 22:15:00+00:00,0.25782,0.25834,0.25713,0.25793,56524576.0
2025-10-08 22:30:00+00:00,0.25793,0.25797,0.25737,0.25744,19056618.0
2025-10-08 22:45:00+00:00,0.25744,0.25744,0.25655,0.25658,35668755.0
2025-10-08 23:00:00+00:00,0.25658,0.25666,0.25505,0.25537,122165316.0
2025-10-08 23:15:00+00:00,0.25537,0.25638,0.25524,0.25626,64247335.0
2025-10-08 23:30:00+00:00,0.25626,0.25665,0.25549,0.25563,37992887.0
2025-10-08 23:45:00+00:00,0.25562,0.25562,0.25481,0.25557,45954280.0
2025-10-09 00:00:00+00:00,0.25557,0.25587,0.25355,0.25406,140085887.0
2025-10-09 00:15:00+00:00,0.25405,0.25486,0.25366,0.25376,51809495.0
2025-10-09 00:30:00+00:00,0.25376,0.25437,0.25319,0.25382,60136650.0
2025-10-09 00:45:00+00:00,0.25381,0.25438,0.2537,0.25384,44494390.0
2025-10-09 01:00:00+00:00,0.25383,0.25393,0.25263,0.25266,87450705.0
2025-10-09 01:15:00+00:00,0.25266,0.25348,0.25212,0.25227,111791989.0
2025-10-09 01:30:00+00:00,0.25227,0.25227,0.25098,0.25123,140727121.0
2025-10-09 01:45:00+00:00,0.25123,0.25278,0.25121,0.25259,56652176.0
2025-10-09 02:00:00+00:00,0.25259,0.25273,0.25,0.25099,162060360.0
2025-10-09 02:15:00+00:00,0.25099,0.25114,0.24961,0.25002,93564983.0
2025-10-09 02:30:00+00:00,0.25002,0.25031,0.24726,0.24774,207317747.0
2025-10-09 02:45:00+00:00,0.24774,0.24839,0.24645,0.24719,143587455.0
2025-10-09 03:00:00+00:00,0.2472,0.24871,0.24719,0.24806,135705962.0
2025-10-09 03:15:00+00:00,0.24805,0.24929,0.24798,0.24838,92915998.0
2025-10-09 03:30:00+00:00,0.24837,0.24923,0.24803,0.24832,86256083.0
2025-10-09 03:45:00+00:00,0.24831,0.24927,0.24826,0.249,44525203.0
2025-10-09 04:00:00+00:00,0.249,0.24939,0.24833,0.24834,71116006.0
2025-10-09 04:15:00+00:00,0.24835,0.24996,0.24833,0.24984,77468462.0
2025-10-09 04:30:00+00:00,0.24984,0.24984,0.24882,0.24914,44483640.0
2025-10-09 04:45:00+00:00,0.24914,0.25051,0.24913,0.25051,65560363.0
2025-10-09 05:00:00+00:00,0.2505,0.25082,0.24968,0.24969,68753893.0
2025-10-09 05:15:00+00:00,0.24968,0.24991,0.24892,0.2498,56541863.0
2025-10-09 05:30:00+00:00,0.24981,0.25049,0.24945,0.24955,48114196.0
2025-10-09 05:45:00+00:00,0.24956,0.24966,0.24897,0.24966,31093747.0
2025-10-09 06:00:00+00:00,0.24965,0.24967,0.24827,0.2486,97736964.0
2025-10-09 06:15:00+00:00,0.2486,0.24901,0.2479,0.24882,60820039.0
2025-10-09 06:30:00+00:00,0.24882,0.24966,0.24865,0.2488,53721860.0
2025-10-09 06:45:00+00:00,0.24879,0.24922,0.24738,0.24764,61276081.0
2025-10-09 07:00:00+00:00,0.24763,0.24824,0.24736,0.24792,45481317.0
2025-10-09 07:15:00+00:00,0.24792,0.24849,0.24711,0.24764,73173021.0
2025-10-09 07:30:00+00:00,0.24765,0.24766,0.24634,0.24664,105233341.0
2025-10-09 07:45:00+00:00,0.24665,0.24811,0.24655,0.24718,87497993.0
2025-10-09 08:00:00+00:00,0.24717,0.24751,0.24534,0.24537,146308120.0
2025-10-09 08:15:00+00:00,0.24537,0.24606,0.2436,0.24375,341398360.0
2025-10-09 08:30:00+00:00,0.24375,0.24484,0.24351,0.24377,174081479.0
2025-10-09 08:45:00+00:00,0.24377,0.24461,0.24288,0.24309,149509386.0
2025-10-09 09:00:00+00:00,0.24309,0.24447,0.24301,0.24447,131211935.0
2025-10-09 09:15:00+00:00,0.24447,0.24482,0.24365,0.24435,94319173.0
2025-10-09 09:30:00+00:00,0.24435,0.24519,0.24419,0.24426,70553873.0
2025-10-09 09:45:00+00:00,0.24426,0.24508,0.24415,0.24472,55543003.0
2025-10-09 10:00:00+00:00,0.24473,0.24525,0.24446,0.24509,66586591.0
2025-10-09 10:15:00+00:00,0.24509,0.24519,0.24388,0.24391,84077548.0
2025-10-09 10:30:00+00:00,0.24392,0.24571,0.24387,0.24543,97654066.0
2025-10-09 10:45:00+00:00,0.24543,0.24605,0.24501,0.24565,94520290.0
2025-10-09 11:00:00+00:00,0.24565,0.2466,0.24561,0.24594,79092169.0
2025-10-09 11:15:00+00:00,0.24594,0.2472,0.24591,0.24694,82182485.0
2025-10-09 11:30:00+00:00,0.24695,0.24749,0.24623,0.24748,84177022.0
2025-10-09 11:45:00+00:00,0.24748,0.24792,0.24716,0.2474,76020025.0
2025-10-09 12:00:00+00:00,0.24741,0.24986,0.24717,0.24893,164289561.0
2025-10-09 12:15:00+00:00,0.24893,0.24929,0.24802,0.24804,134898810.0
2025-10-09 12:30:00+00:00,0.24805,0.25057,0.24738,0.24988,194625418.0
2025-10-09 12:45:00+00:00,0.24988,0.25,0.24908,0.24944,86337459.0
2025-10-09 13:00:00+00:00,0.24944,0.24982,0.2478,0.24782,116739059.0
2025-10-09 13:15:00+00:00,0.24781,0.24902,0.24775,0.24849,73251852.0
2025-10-09 13:30:00+00:00,0.24849,0.24851,0.24595,0.24634,274722384.0
2025-10-09 13:45:00+00:00,0.24634,0.24755,0.24492,0.24534,209098243.0
2025-10-09 14:00:00+00:00,0.24535,0.24726,0.24434,0.24706,227418924.0
2025-10-09 14:15:00+00:00,0.24705,0.24722,0.24444,0.24473,153188136.0
2025-10-09 14:30:00+00:00,0.24473,0.24473,0.24215,0.24318,320402458.0
2025-10-09 14:45:00+00:00,0.24319,0.24542,0.24261,0.24475,154572501.0
2025-10-09 15:00:00+00:00,0.24476,0.24619,0.24476,0.24535,119240719.0
2025-10-09 15:15:00+00:00,0.24534,0.24613,0.24393,0.24405,99642967.0
2025-10-09 15:30:00+00:00,0.24405,0.24472,0.24301,0.2433,107178246.0
2025-10-09 15:45:00+00:00,0.2433,0.24512,0.24328,0.24463,89899412.0
2025-10-09 16:00:00+00:00,0.24464,0.24526,0.24389,0.24409,74696902.0
2025-10-09 16:15:00+00:00,0.24408,0.24498,0.24301,0.24453,96028903.0
2025-10-09 16:30:00+00:00,0.24454,0.24471,0.24305,0.24429,92273361.0
2025-10-09 16:45:00+00:00,0.2443,0.24452,0.24097,0.2418,213363293.0
2025-10-09 17:00:00+00:00,0.2418,0.2445,0.24144,0.24401,208587706.0
2025-10-09 17:15:00+00:00,0.24402,0.24511,0.24335,0.24354,82941365.0
2025-10-09 17:30:00+00:00,0.24354,0.24515,0.2434,0.24446,75844740.0
2025-10-09 17:45:00+00:00,0.24446,0.24654,0.24419,0.24612,85740216.0
2025-10-09 18:00:00+00:00,0.24612,0.2465,0.2452,0.246,88804116.0
2025-10-09 18:15:00+00:00,0.24601,0.24665,0.24559,0.24586,59051666.0
2025-10-09 18:30:00+00:00,0.24586,0.24609,0.24485,0.24537,53497543.0
2025-10-09 18:45:00+00:00,0.24537,0.24558,0.24481,0.2449,33541151.0
2025-10-09 19:00:00+00:00,0.24491,0.246,0.24481,0.24574,39584861.0
2025-10-09 19:15:00+00:00,0.24574,0.24706,0.24557,0.24697,49453470.0
2025-10-09 19:30:00+00:00,0.24696,0.24705,0.24601,0.24625,44350890.0
2025-10-09 19:45:00+00:00,0.24625,0.24657,0.24564,0.24645,50938354.0
2025-10-09 20:00:00+00:00,0.24646,0.24742,0.24592,0.24595,63052051.0
2025-10-09 20:15:00+00:00,0.24595,0.24666,0.24574,0.24635,32297397.0
2025-10-09 20:30:00+00:00,0.24634,0.24687,0.24609,0.24682,26390972.0
2025-10-09 20:45:00+00:00,0.24683,0.24745,0.24667,0.24742,44532953.0
2025-10-09 21:00:00+00:00,0.24742,0.24807,0.24685,0.24806,43084106.0
2025-10-09 21:15:00+00:00,0.24807,0.24857,0.24737,0.24743,41690190.0
2025-10-09 21:30:00+00:00,0.24742,0.24855,0.24686,0.24827,32900925.0
2025-10-09 21:45:00+00:00,0.24827,0.24885,0.24793,0.24873,24596880.0
2025-10-09 22:00:00+00:00,0.24873,0.24898,0.24829,0.2487,50726522.0
2025-10-09 22:15:00+00:00,0.24871,0.24937,0.24856,0.24936,31967438.0
2025-10-09 22:30:00+00:00,0.24937,0.25028,0.24887,0.25008,91059135.0
2025-10-09 22:45:00+00:00,0.25008,0.25027,0.24901,0.24927,52118157.0
2025-10-09 23:00:00+00:00,0.24927,0.24932,0.248,0.24822,62602815.0
2025-10-09 23:15:00+00:00,0.24821,0.24863,0.24784,0.24823,30527848.0
2025-10-09 23:30:00+00:00,0.24824,0.24835,0.24791,0.24835,27379256.0
2025-10-09 23:45:00+00:00,0.24835,0.24847,0.24796,0.24843,23351054.0
2025-10-10 00:00:00+00:00,0.24843,0.24893,0.24818,0.24852,52368464.0
2025-10-10 00:15:00+00:00,0.24851,0.24979,0.24851,0.24974,57209120.0
2025-10-10 00:30:00+00:00,0.24974,0.24988,0.2488,0.24891,33670159.0
2025-10-10 00:45:00+00:00,0.24892,0.24892,0.24777,0.2489,58379234.0
2025-10-10 01:00:00+00:00,0.2489,0.24998,0.24875,0.24952,60086831.0
2025-10-10 01:15:00+00:00,0.24952,0.24964,0.24905,0.24964,33777799.0
2025-10-10 01:30:00+00:00,0.24963,0.24965,0.24816,0.24848,41186743.0
2025-10-10 01:45:00+00:00,0.24848,0.24888,0.24809,0.24862,37495314.0
2025-10-10 02:00:00+00:00,0.24862,0.24869,0.24729,0.2481,66260354.0
2025-10-10 02:15:00+00:00,0.2481,0.24997,0.248,0.24892,72346072.0
2025-10-10 02:30:00+00:00,0.24892,0.24913,0.24827,0.24896,43685593.0
2025-10-10 02:45:00+00:00,0.24897,0.24917,0.2481,0.24852,40449575.0
2025-10-10 03:00:00+00:00,0.24851,0.2487,0.24721,0.24836,74269250.0
2025-10-10 03:15:00+00:00,0.24835,0.25157,0.24805,0.2515,125689610.0
2025-10-10 03:30:00+00:00,0.2515,0.25273,0.25149,0.25251,154716933.0
2025-10-10 03:45:00+00:00,0.25251,0.25332,0.25101,0.25119,111327260.0
2025-10-10 04:00:00+00:00,0.25118,0.25285,0.25113,0.25189,91624473.0
2025-10-10 04:15:00+00:00,0.25189,0.252,0.25081,0.25134,54834280.0
2025-10-10 04:30:00+00:00,0.25135,0.25196,0.25029,0.25065,61388819.0
2025-10-10 04:45:00+00:00,0.25064,0.25113,0.25031,0.25108,31685725.0
2025-10-10 05:00:00+00:00,0.25108,0.2512,0.24853,0.24889,154105594.0
2025-10-10 05:15:00+00:00,0.24888,0.25047,0.24876,0.25004,61568196.0
2025-10-10 05:30:00+00:00,0.25005,0.25098,0.24917,0.25079,57064553.0
2025-10-10 05:45:00+00:00,0.25079,0.25239,0.25079,0.25191,94393108.0
2025-10-10 06:00:00+00:00,0.25191,0.25279,0.2513,0.25147,89087682.0
2025-10-10 06:15:00+00:00,0.25146,0.25216,0.25038,0.25076,59402681.0
2025-10-10 06:30:00+00:00,0.25076,0.25148,0.24963,0.25028,86770348.0
2025-10-10 06:45:00+00:00,0.25029,0.25076,0.24892,0.24953,88498244.0
2025-10-10 07:00:00+00:00,0.24953,0.24964,0.24726,0.24806,143161060.0
2025-10-10 07:15:00+00:00,0.24807,0.2481,0.2467,0.24788,110068265.0
2025-10-10 07:30:00+00:00,0.24788,0.24839,0.24731,0.24828,64388265.0
2025-10-10 07:45:00+00:00,0.24827,0.24827,0.24703,0.24719,50233515.0
2025-10-10 08:00:00+00:00,0.24719,0.24814,0.24654,0.24802,85410049.0
2025-10-10 08:15:00+00:00,0.24803,0.2489,0.24799,0.24862,50013985.0
2025-10-10 08:30:00+00:00,0.24862,0.24895,0.24766,0.24794,40528566.0
2025-10-10 08:45:00+00:00,0.24795,0.24928,0.24795,0.24906,71290462.0
2025-10-10 09:00:00+00:00,0.24906,0.24915,0.2481,0.24825,54885328.0
2025-10-10 09:15:00+00:00,0.24824,0.25061,0.24783,0.25033,93495773.0
2025-10-10 09:30:00+00:00,0.25032,0.25038,0.24918,0.2496,53213833.0
2025-10-10 09:45:00+00:00,0.2496,0.25009,0.24815,0.24859,95414834.0
2025-10-10 10:00:00+00:00,0.24858,0.24962,0.24831,0.2493,43739613.0
2025-10-10 10:15:00+00:00,0.24929,0.25053,0.24929,0.2494,86752119.0
2025-10-10 10:30:00+00:00,0.24939,0.2503,0.24921,0.25001,54924126.0
2025-10-10 10:45:00+00:00,0.25001,0.25115,0.2498,0.25057,73638310.0
2025-10-10 11:00:00+00:00,0.25057,0.2511,0.25001,0.25005,61064413.0
2025-10-10 11:15:00+00:00,0.25005,0.25026,0.24958,0.25006,44096632.0
2025-10-10 11:30:00+00:00,0.25005,0.25079,0.25,0.25039,31504355.0
2025-10-10 11:45:00+00:00,0.25038,0.25092,0.25002,0.25069,26475798.0
2025-10-10 12:00:00+00:00,0.2507,0.25141,0.25008,0.2502,52288780.0
2025-10-10 12:15:00+00:00,0.25019,0.25074,0.2498,0.25027,30220492.0
2025-10-10 12:30:00+00:00,0.25027,0.25073,0.24951,0.24983,45078494.0
2025-10-10 12:45:00+00:00,0.24983,0.25082,0.24958,0.25077,35942379.0
2025-10-10 13:00:00+00:00,0.25076,0.25209,0.25076,0.25123,76766996.0
2025-10-10 13:15:00+00:00,0.25123,0.25279,0.25079,0.25219,87455060.0
2025-10-10 13:30:00+00:00,0.2522,0.25398,0.2515,0.25283,179060882.0
2025-10-10 13:45:00+00:00,0.25284,0.25298,0.25054,0.25179,186106855.0
2025-10-10 14:00:00+00:00,0.25179,0.253,0.25093,0.25166,109154327.0
2025-10-10 14:15:00+00:00,0.25165,0.25197,0.24906,0.24951,174354280.0
2025-10-10 14:30:00+00:00,0.24952,0.25057,0.24909,0.24986,102416932.0
2025-10-10 14:45:00+00:00,0.24986,0.25049,0.24653,0.24694,316360995.0
2025-10-10 15:00:00+00:00,0.24695,0.24728,0.24375,0.24552,641113650.0
2025-10-10 15:15:00+00:00,0.24552,0.24598,0.24012,0.24029,613428767.0
2025-10-10 15:30:00+00:00,0.24029,0.24029,0.23581,0.24013,1061417234.0
2025-10-10 15:45:00+00:00,0.24014,0.24022,0.23726,0.23773,254656997.0
2025-10-10 16:00:00+00:00,0.23773,0.23854,0.23625,0.2372,298329377.0
2025-10-10 16:15:00+00:00,0.23721,0.23874,0.23646,0.23769,166614643.0
2025-10-10 16:30:00+00:00,0.23769,0.23955,0.23755,0.23778,189385461.0
2025-10-10 16:45:00+00:00,0.23778,0.23805,0.23615,0.23638,171803852.0
2025-10-10 17:00:00+00:00,0.23638,0.23685,0.23525,0.23567,211910750.0
2025-10-10 17:15:00+00:00,0.23566,0.23702,0.23538,0.23691,102702395.0
2025-10-10 17:30:00+00:00,0.23692,0.23701,0.23454,0.23522,156371803.0
2025-10-10 17:45:00+00:00,0.23522,0.23541,0.23387,0.2348,152784188.0
2025-10-10 18:00:00+00:00,0.2348,0.23514,0.23399,0.23495,90036898.0
2025-10-10 18:15:00+00:00,0.23495,0.23584,0.23405,0.23495,89159270.0
2025-10-10 18:30:00+00:00,0.23495,0.23524,0.23363,0.23407,102957057.0
2025-10-10 18:45:00+00:00,0.23406,0.23483,0.23334,0.23391,115977353.0
2025-10-10 19:00:00+00:00,0.23391,0.23458,0.23278,0.2331,179253739.0
2025-10-10 19:15:00+00:00,0.2331,0.2342,0.23021,0.23036,423241705.0
2025-10-10 19:30:00+00:00,0.23037,0.23294,0.23001,0.2328,291691790.0
2025-10-10 19:45:00+00:00,0.23281,0.23356,0.23144,0.23173,139374358.0
2025-10-10 20:00:00+00:00,0.23173,0.23326,0.23138,0.23297,128052074.0
2025-10-10 20:15:00+00:00,0.23297,0.23441,0.23278,0.23433,99113555.0
2025-10-10 20:30:00+00:00,0.23433,0.23434,0.23322,0.23358,111160432.0
2025-10-10 20:45:00+00:00,0.23358,0.2338,0.21356,0.21897,1656835362.0
2025-10-10 21:00:00+00:00,0.21898,0.22113,0.19311,0.20052,2087781648.0
2025-10-10 21:15:00+00:00,0.20059,0.20183,0.08385,0.16903,3467049991.0
2025-10-10 21:30:00+00:00,0.16834,0.1913,0.15328,0.18456,1075043906.0
2025-10-10 21:45:00+00:00,0.18453,0.19324,0.17384,0.18601,983533585.0
2025-10-10 22:00:00+00:00,0.18603,0.18757,0.16799,0.18157,1284009205.0
2025-10-10 22:15:00+00:00,0.18157,0.18787,0.17818,0.18063,873813982.0
2025-10-10 22:30:00+00:00,0.18064,0.19175,0.17865,0.19077,895181724.0
2025-10-10 22:45:00+00:00,0.19071,0.19451,0.18809,0.19305,795116851.0
2025-10-10 23:00:00+00:00,0.19306,0.19371,0.18662,0.19002,497711530.0
2025-10-10 23:15:00+00:00,0.19002,0.197,0.18999,0.19663,480425426.0
2025-10-10 23:30:00+00:00,0.19665,0.19852,0.19451,0.19797,544781156.0
2025-10-10 23:45:00+00:00,0.19799,0.19885,0.19119,0.19312,627300503.0
2025-10-11 00:00:00+00:00,0.19312,0.19702,0.19167,0.19635,517848366.0
2025-10-11 00:15:00+00:00,0.19635,0.19644,0.18869,0.19455,606906297.0
2025-10-11 00:30:00+00:00,0.19454,0.1958,0.19153,0.19429,271873998.0
2025-10-11 00:45:00+00:00,0.19428,0.19834,0.19426,0.1952,278585840.0
2025-10-11 01:00:00+00:00,0.1952,0.19553,0.19097,0.19303,291341843.0
2025-10-11 01:15:00+00:00,0.19304,0.19326,0.18928,0.19005,313850379.0
2025-10-11 01:30:00+00:00,0.19004,0.1923,0.1879,0.18818,255305510.0
2025-10-11 01:45:00+00:00,0.18818,0.19026,0.186,0.18906,435994042.0
2025-10-11 02:00:00+00:00,0.18906,0.19472,0.18883,0.1945,345467484.0
2025-10-11 02:15:00+00:00,0.19453,0.19795,0.19439,0.19757,314930331.0
2025-10-11 02:30:00+00:00,0.19757,0.2003,0.19716,0.20009,280944671.0
2025-10-11 02:45:00+00:00,0.2001,0.2002,0.198,0.19869,255267178.0
2025-10-11 03:00:00+00:00,0.1987,0.1998,0.19311,0.19376,370126443.0
2025-10-11 03:15:00+00:00,0.19377,0.19408,0.191,0.19174,343203836.0
2025-10-11 03:30:00+00:00,0.19174,0.19289,0.19,0.19111,238770930.0
2025-10-11 03:45:00+00:00,0.19112,0.19416,0.191,0.19301,172142682.0
2025-10-11 04:00:00+00:00,0.19302,0.19441,0.1926,0.19379,164370312.0
2025-10-11 04:15:00+00:00,0.1938,0.19621,0.19365,0.19544,176284705.0
2025-10-11 04:30:00+00:00,0.19544,0.19581,0.19319,0.1944,161883039.0
2025-10-11 04:45:00+00:00,0.1944,0.19693,0.19308,0.19645,191977667.0
2025-10-11 05:00:00+00:00,0.19646,0.19658,0.19482,0.19566,122950687.0
2025-10-11 05:15:00+00:00,0.19566,0.19579,0.18994,0.19001,217367489.0
2025-10-11 05:30:00+00:00,0.19002,0.19225,0.18979,0.19045,267151371.0
2025-10-11 05:45:00+00:00,0.19045,0.19282,0.19033,0.19124,150323415.0
2025-10-11 06:00:00+00:00,0.19124,0.1931,0.19074,0.19291,151253174.0
2025-10-11 06:15:00+00:00,0.19292,0.19558,0.1922,0.19516,182406819.0
2025-10-11 06:30:00+00:00,0.19516,0.19667,0.19451,0.19474,269848446.0
2025-10-11 06:45:00+00:00,0.19475,0.196,0.191,0.19196,281259699.0
2025-10-11 07:00:00+00:00,0.19196,0.19212,0.1895,0.19152,362039438.0
2025-10-11 07:15:00+00:00,0.19153,0.19348,0.19063,0.19176,252903285.0
2025-10-11 07:30:00+00:00,0.19176,0.19307,0.19044,0.19235,187351494.0
2025-10-11 07:45:00+00:00,0.19234,0.19243,0.19013,0.1911,210451353.0
2025-10-11 08:00:00+00:00,0.19111,0.19183,0.19028,0.19166,149980074.0
2025-10-11 08:15:00+00:00,0.19166,0.19592,0.19141,0.19497,387952925.0
2025-10-11 08:30:00+00:00,0.19497,0.19541,0.19343,0.19454,168709092.0
2025-10-11 08:45:00+00:00,0.19454,0.19594,0.19444,0.1952,127694518.0
2025-10-11 09:00:00+00:00,0.19521,0.19772,0.19492,0.19559,194679922.0
2025-10-11 09:15:00+00:00,0.1956,0.19649,0.19447,0.1964,115996457.0
2025-10-11 09:30:00+00:00,0.19641,0.19653,0.19456,0.19502,95980316.0
2025-10-11 09:45:00+00:00,0.19502,0.19516,0.19359,0.19389,125999238.0
2025-10-11 10:00:00+00:00,0.19389,0.1956,0.19375,0.19547,107307031.0
2025-10-11 10:15:00+00:00,0.19547,0.19645,0.1947,0.19598,114632903.0
2025-10-11 10:30:00+00:00,0.19599,0.19613,0.19256,0.19311,204435936.0
2025-10-11 10:45:00+00:00,0.19311,0.19391,0.19264,0.19372,113314023.0
2025-10-11 11:00:00+00:00,0.19372,0.19419,0.19186,0.19261,126156487.0
2025-10-11 11:15:00+00:00,0.19261,0.19334,0.19103,0.19291,156297713.0
2025-10-11 11:30:00+00:00,0.19291,0.19302,0.19186,0.19274,102084462.0
2025-10-11 11:45:00+00:00,0.19274,0.19433,0.19248,0.19376,116675562.0
2025-10-11 12:00:00+00:00,0.19375,0.19429,0.19255,0.19328,116323024.0
2025-10-11 12:15:00+00:00,0.19329,0.19403,0.19284,0.19402,97479343.0
2025-10-11 12:30:00+00:00,0.19402,0.19403,0.19108,0.19166,183691267.0
2025-10-11 12:45:00+00:00,0.19166,0.19168,0.18944,0.19096,215991643.0
2025-10-11 13:00:00+00:00,0.19095,0.19192,0.18973,0.19176,143063778.0
2025-10-11 13:15:00+00:00,0.19176,0.19187,0.19027,0.19096,164259553.0
2025-10-11 13:30:00+00:00,0.19096,0.1911,0.18517,0.18906,493316490.0
2025-10-11 13:45:00+00:00,0.18906,0.1917,0.18898,0.19086,197017377.0
2025-10-11 14:00:00+00:00,0.19085,0.19149,0.19007,0.19039,137769356.0
2025-10-11 14:15:00+00:00,0.1904,0.19089,0.18884,0.18953,157153422.0
2025-10-11 14:30:00+00:00,0.18952,0.19044,0.18931,0.18973,101424095.0
2025-10-11 14:45:00+00:00,0.18973,0.19084,0.18934,0.19055,101047363.0
2025-10-11 15:00:00+00:00,0.19054,0.19299,0.19046,0.19233,220142587.0
2025-10-11 15:15:00+00:00,0.19232,0.19305,0.19154,0.19263,141124135.0
2025-10-11 15:30:00+00:00,0.19263,0.19271,0.19092,0.1914,107910451.0
2025-10-11 15:45:00+00:00,0.1914,0.19264,0.19135,0.19194,87081486.0
2025-10-11 16:00:00+00:00,0.19194,0.19346,0.19124,0.19307,134931165.0
2025-10-11 16:15:00+00:00,0.19308,0.19406,0.19261,0.19279,116030890.0
2025-10-11 16:30:00+00:00,0.19279,0.19325,0.19128,0.19186,130681825.0
2025-10-11 16:45:00+00:00,0.19185,0.19301,0.19137,0.19248,66443082.0
2025-10-11 17:00:00+00:00,0.19247,0.1936,0.19241,0.19313,94753047.0
2025-10-11 17:15:00+00:00,0.19312,0.19346,0.19243,0.19297,69813472.0
2025-10-11 17:30:00+00:00,0.19298,0.1933,0.19188,0.19259,93250606.0
2025-10-11 17:45:00+00:00,0.1926,0.19353,0.19202,0.19346,67804602.0
2025-10-11 18:00:00+00:00,0.19346,0.19346,0.1923,0.19234,53415192.0
2025-10-11 18:15:00+00:00,0.19234,0.19308,0.19229,0.19254,53854420.0
2025-10-11 18:30:00+00:00,0.19253,0.19312,0.19223,0.19274,57375585.0
2025-10-11 18:45:00+00:00,0.19274,0.1928,0.19193,0.192,50504381.0
2025-10-11 19:00:00+00:00,0.192,0.19201,0.18884,0.18959,249404954.0
2025-10-11 19:15:00+00:00,0.1896,0.18978,0.18579,0.1872,408722564.0
2025-10-11 19:30:00+00:00,0.18721,0.1873,0.18403,0.18506,239704419.0
2025-10-11 19:45:00+00:00,0.18507,0.18605,0.18274,0.18433,270620218.0
2025-10-11 20:00:00+00:00,0.18432,0.18494,0.18223,0.18333,249744511.0
2025-10-11 20:15:00+00:00,0.18333,0.18445,0.18176,0.18286,234086849.0
2025-10-11 20:30:00+00:00,0.18286,0.18292,0.18056,0.18173,301504953.0
2025-10-11 20:45:00+00:00,0.18172,0.18369,0.1803,0.1816,243492154.0
2025-10-11 21:00:00+00:00,0.18161,0.18163,0.17807,0.17971,371197905.0
2025-10-11 21:15:00+00:00,0.17971,0.18472,0.17936,0.1831,393408809.0
2025-10-11 21:30:00+00:00,0.1831,0.18386,0.18208,0.18297,128432791.0
2025-10-11 21:45:00+00:00,0.18297,0.18469,0.18293,0.18422,101811783.0
2025-10-11 22:00:00+00:00,0.18421,0.18542,0.18388,0.18459,168940818.0
2025-10-11 22:15:00+00:00,0.18458,0.1849,0.18361,0.18472,189866429.0
2025-10-11 22:30:00+00:00,0.18472,0.18612,0.18452,0.1847,144237170.0
2025-10-11 22:45:00+00:00,0.1847,0.18533,0.18445,0.1849,62862234.0
2025-10-11 23:00:00+00:00,0.1849,0.18542,0.18415,0.18459,145318178.0
2025-10-11 23:15:00+00:00,0.18459,0.18552,0.18432,0.18551,88454727.0
2025-10-11 23:30:00+00:00,0.1855,0.18565,0.18452,0.18519,90673006.0
2025-10-11 23:45:00+00:00,0.18519,0.18559,0.18471,0.18516,67635351.0
2025-10-12 00:00:00+00:00,0.18517,0.18517,0.18391,0.18421,117845558.0
2025-10-12 00:15:00+00:00,0.18421,0.18522,0.18322,0.18335,138079623.0
2025-10-12 00:30:00+00:00,0.18335,0.18593,0.18334,0.18366,173795638.0
2025-10-12 00:45:00+00:00,0.18366,0.18422,0.18181,0.1823,160831542.0
2025-10-12 01:00:00+00:00,0.1823,0.18398,0.18204,0.18383,122994717.0
2025-10-12 01:15:00+00:00,0.18384,0.18488,0.18246,0.18296,116873526.0
2025-10-12 01:30:00+00:00,0.18296,0.1838,0.18225,0.1831,100195179.0
2025-10-12 01:45:00+00:00,0.1831,0.18393,0.18138,0.18173,131750804.0
2025-10-12 02:00:00+00:00,0.18173,0.18233,0.18102,0.18188,139790310.0
2025-10-12 02:15:00+00:00,0.18189,0.1837,0.18182,0.18339,130879423.0
2025-10-12 02:30:00+00:00,0.18339,0.18458,0.18168,0.1823,180757023.0
2025-10-12 02:45:00+00:00,0.18231,0.18269,0.18059,0.18204,143946743.0
2025-10-12 03:00:00+00:00,0.18205,0.18495,0.1816,0.18396,264332497.0
2025-10-12 03:15:00+00:00,0.18395,0.18572,0.18316,0.18505,179085164.0
2025-10-12 03:30:00+00:00,0.18506,0.1867,0.18498,0.1858,187697307.0
2025-10-12 03:45:00+00:00,0.18579,0.18602,0.1849,0.18515,90434779.0
2025-10-12 04:00:00+00:00,0.18515,0.18679,0.18469,0.1866,145584772.0
2025-10-12 04:15:00+00:00,0.1866,0.1883,0.18646,0.18772,176365937.0
2025-10-12 04:30:00+00:00,0.18772,0.18866,0.18715,0.18776,128549972.0
2025-10-12 04:45:00+00:00,0.18777,0.18875,0.18729,0.18785,89772219.0
2025-10-12 05:00:00+00:00,0.18786,0.18796,0.187,0.18729,63551058.0
2025-10-12 05:15:00+00:00,0.1873,0.18871,0.1873,0.18853,61224005.0
2025-10-12 05:30:00+00:00,0.18853,0.18885,0.18813,0.18856,59923949.0
2025-10-12 05:45:00+00:00,0.18857,0.1893,0.18841,0.18847,77143202.0
2025-10-12 06:00:00+00:00,0.18847,0.18957,0.1881,0.18927,80595373.0
2025-10-12 06:15:00+00:00,0.18927,0.19105,0.18895,0.19043,130078355.0
2025-10-12 06:30:00+00:00,0.19042,0.19054,0.18961,0.19027,69969538.0
2025-10-12 06:45:00+00:00,0.19028,0.19082,0.18989,0.19064,67312300.0
2025-10-12 07:00:00+00:00,0.19065,0.19086,0.19,0.19003,70658768.0
2025-10-12 07:15:00+00:00,0.19004,0.19087,0.18971,0.18973,79880463.0
2025-10-12 07:30:00+00:00,0.18973,0.18974,0.18873,0.18949,149254197.0
2025-10-12 07:45:00+00:00,0.18948,0.19014,0.18934,0.1897,61710997.0
2025-10-12 08:00:00+00:00,0.1897,0.19034,0.18953,0.1898,56862915.0
2025-10-12 08:15:00+00:00,0.1898,0.19065,0.18973,0.19026,54379494.0
2025-10-12 08:30:00+00:00,0.19026,0.19028,0.18947,0.18969,63649814.0
2025-10-12 08:45:00+00:00,0.18968,0.18977,0.18862,0.18864,99809652.0
2025-10-12 09:00:00+00:00,0.18863,0.18864,0.18672,0.18751,188203180.0
2025-10-12 09:15:00+00:00,0.18752,0.18843,0.18743,0.18771,76448493.0
2025-10-12 09:30:00+00:00,0.1877,0.1884,0.18725,0.18834,48233838.0
2025-10-12 09:45:00+00:00,0.18835,0.18964,0.18772,0.18944,130911762.0
2025-10-12 10:00:00+00:00,0.18944,0.19044,0.18904,0.18918,124545322.0
2025-10-12 10:15:00+00:00,0.18917,0.18968,0.18844,0.1893,97006578.0
2025-10-12 10:30:00+00:00,0.18929,0.18958,0.18875,0.18899,205681849.0
2025-10-12 10:45:00+00:00,0.18899,0.18921,0.18851,0.18871,211531999.0
2025-10-12 11:00:00+00:00,0.18871,0.18992,0.18863,0.18945,252263476.0
2025-10-12 11:15:00+00:00,0.18944,0.18963,0.1884,0.18907,269526218.0
2025-10-12 11:30:00+00:00,0.18908,0.18988,0.18859,0.18895,299486421.0
2025-10-12 11:45:00+00:00,0.18895,0.18907,0.18831,0.18863,166609385.0
2025-10-12 12:00:00+00:00,0.18862,0.19005,0.18844,0.18995,298577067.0
2025-10-12 12:15:00+00:00,0.18994,0.19047,0.18927,0.19002,304611036.0
2025-10-12 12:30:00+00:00,0.19002,0.19056,0.189,0.18995,324291816.0
2025-10-12 12:45:00+00:00,0.18996,0.18997,0.18901,0.18971,281629335.0
2025-10-12 13:00:00+00:00,0.18972,0.19044,0.18911,0.19003,293383046.0
2025-10-12 13:15:00+00:00,0.19002,0.19028,0.18801,0.18855,385238527.0
2025-10-12 13:30:00+00:00,0.18855,0.18859,0.18639,0.18768,555916401.0
2025-10-12 13:45:00+00:00,0.18769,0.18782,0.18606,0.18679,395393452.0
2025-10-12 14:00:00+00:00,0.1868,0.18845,0.1867,0.18831,375865834.0
2025-10-12 14:15:00+00:00,0.1883,0.18909,0.18794,0.18883,424756820.0
2025-10-12 14:30:00+00:00,0.18883,0.18999,0.1878,0.18861,550671716.0
2025-10-12 14:45:00+00:00,0.18862,0.19977,0.18856,0.19607,1893579501.0
2025-10-12 15:00:00+00:00,0.19607,0.20342,0.19551,0.20247,1149593922.0
2025-10-12 15:15:00+00:00,0.20247,0.20472,0.19989,0.20381,826474328.0
2025-10-12 15:30:00+00:00,0.20382,0.20394,0.20014,0.20276,765796532.0
2025-10-12 15:45:00+00:00,0.20276,0.20673,0.20264,0.20497,586269748.0
2025-10-12 16:00:00+00:00,0.20497,0.209,0.20495,0.20831,797626129.0
2025-10-12 16:15:00+00:00,0.20832,0.20847,0.20584,0.20678,277483473.0
2025-10-12 16:30:00+00:00,0.20678,0.20826,0.20366,0.20801,522214240.0
2025-10-12 16:45:00+00:00,0.20802,0.20945,0.20476,0.20656,685190567.0
2025-10-12 17:00:00+00:00,0.20656,0.2076,0.2055,0.20712,206120067.0
2025-10-12 17:15:00+00:00,0.20713,0.20819,0.20637,0.20669,207059862.0
2025-10-12 17:30:00+00:00,0.20669,0.20765,0.20607,0.20732,118229384.0
2025-10-12 17:45:00+00:00,0.20732,0.20783,0.20514,0.20669,167549843.0
2025-10-12 18:00:00+00:00,0.20668,0.20838,0.20643,0.20792,89807394.0
2025-10-12 18:15:00+00:00,0.20791,0.209,0.20747,0.20868,134483867.0
2025-10-12 18:30:00+00:00,0.20869,0.2091,0.20648,0.20658,119790195.0
2025-10-12 18:45:00+00:00,0.20658,0.20766,0.20595,0.20749,75092496.0
2025-10-12 19:00:00+00:00,0.20748,0.20924,0.20739,0.20899,87913204.0
2025-10-12 19:15:00+00:00,0.20899,0.20946,0.20859,0.20915,73712852.0
2025-10-12 19:30:00+00:00,0.20914,0.20922,0.20811,0.20892,72552069.0
2025-10-12 19:45:00+00:00,0.20891,0.2106,0.20873,0.21006,141553389.0
2025-10-12 20:00:00+00:00,0.21006,0.21062,0.20909,0.20948,95544838.0
2025-10-12 20:15:00+00:00,0.20947,0.21132,0.2091,0.21112,84514651.0
2025-10-12 20:30:00+00:00,0.21112,0.21331,0.21048,0.21285,292958446.0
2025-10-12 20:45:00+00:00,0.21286,0.21406,0.21014,0.21066,251200131.0
2025-10-12 21:00:00+00:00,0.21066,0.21138,0.20854,0.21034,234899723.0
2025-10-12 21:15:00+00:00,0.21035,0.2106,0.20343,0.20662,583740235.0
2025-10-12 21:30:00+00:00,0.20661,0.20668,0.20455,0.20614,183865797.0
2025-10-12 21:45:00+00:00,0.20613,0.20731,0.20613,0.2067,76554103.0
2025-10-12 22:00:00+00:00,0.2067,0.20867,0.20624,0.20724,261116061.0
2025-10-12 22:15:00+00:00,0.20725,0.2082,0.206,0.20671,130974899.0
2025-10-12 22:30:00+00:00,0.20671,0.20777,0.20631,0.2073,120362149.0
2025-10-12 22:45:00+00:00,0.20729,0.20829,0.20669,0.20743,181286593.0
2025-10-12 23:00:00+00:00,0.20742,0.20746,0.20588,0.20676,137964990.0
2025-10-12 23:15:00+00:00,0.20676,0.2074,0.20564,0.20693,78604351.0
2025-10-12 23:30:00+00:00,0.20693,0.20802,0.2065,0.20677,78867843.0
2025-10-12 23:45:00+00:00,0.20677,0.20761,0.20648,0.20704,55998746.0
2025-10-13 00:00:00+00:00,0.20704,0.20724,0.20563,0.20675,106703083.0
2025-10-13 00:15:00+00:00,0.20675,0.2087,0.20657,0.20687,133636918.0
2025-10-13 00:30:00+00:00,0.20687,0.20687,0.20475,0.20539,154840526.0
2025-10-13 00:45:00+00:00,0.20539,0.207,0.20505,0.2064,137875822.0
2025-10-13 01:00:00+00:00,0.20639,0.20698,0.20534,0.20586,118903933.0
2025-10-13 01:15:00+00:00,0.20586,0.20758,0.2054,0.20694,107388375.0
2025-10-13 01:30:00+00:00,0.20694,0.20835,0.20684,0.20782,98866430.0
2025-10-13 01:45:00+00:00,0.20782,0.20933,0.20776,0.20919,96878876.0
2025-10-13 02:00:00+00:00,0.20919,0.20993,0.20721,0.20757,121226264.0
2025-10-13 02:15:00+00:00,0.20758,0.20784,0.20623,0.20712,81249645.0
2025-10-13 02:30:00+00:00,0.20712,0.20827,0.20698,0.2081,53149493.0
2025-10-13 02:45:00+00:00,0.20811,0.20887,0.2079,0.20873,119610229.0
2025-10-13 03:00:00+00:00,0.20874,0.20959,0.20835,0.20875,333381228.0
2025-10-13 03:15:00+00:00,0.20875,0.20922,0.20832,0.2085,254161892.0
2025-10-13 03:30:00+00:00,0.2085,0.20875,0.20718,0.20751,318460806.0
2025-10-13 03:45:00+00:00,0.20751,0.2078,0.20652,0.20712,300253414.0
2025-10-13 04:00:00+00:00,0.20713,0.20785,0.2069,0.20716,252206835.0
2025-10-13 04:15:00+00:00,0.20716,0.20777,0.20647,0.2067,257771364.0
2025-10-13 04:30:00+00:00,0.20671,0.20868,0.20667,0.20832,346453733.0
2025-10-13 04:45:00+00:00,0.20832,0.2098,0.20791,0.20936,403736272.0
2025-10-13 05:00:00+00:00,0.20936,0.2097,0.20804,0.20841,336563501.0
2025-10-13 05:15:00+00:00,0.20841,0.20889,0.20711,0.20794,330823311.0
2025-10-13 05:30:00+00:00,0.20793,0.20824,0.20741,0.20747,215325808.0
2025-10-13 05:45:00+00:00,0.20747,0.20792,0.20717,0.20768,201575885.0
2025-10-13 06:00:00+00:00,0.20767,0.20843,0.20611,0.20797,390263968.0
2025-10-13 06:15:00+00:00,0.20797,0.20945,0.20786,0.2094,282522463.0
2025-10-13 06:30:00+00:00,0.20939,0.21131,0.20886,0.20902,428087961.0
2025-10-13 06:45:00+00:00,0.20902,0.21048,0.2087,0.21023,316297627.0
2025-10-13 07:00:00+00:00,0.21024,0.21248,0.20974,0.21132,452846842.0
2025-10-13 07:15:00+00:00,0.21132,0.21247,0.21084,0.21201,339904696.0
2025-10-13 07:30:00+00:00,0.21202,0.21267,0.21154,0.21188,340786848.0
2025-10-13 07:45:00+00:00,0.21188,0.21188,0.2088,0.2098,499635286.0
2025-10-13 08:00:00+00:00,0.2098,0.21049,0.20917,0.21009,353531749.0
2025-10-13 08:15:00+00:00,0.2101,0.21097,0.20996,0.21092,271650004.0
2025-10-13 08:30:00+00:00,0.21093,0.21234,0.21087,0.21128,287522437.0
2025-10-13 08:45:00+00:00,0.21128,0.21264,0.21087,0.21216,280799121.0
2025-10-13 09:00:00+00:00,0.21216,0.21252,0.21049,0.21074,353582441.0
2025-10-13 09:15:00+00:00,0.21075,0.21118,0.20982,0.21045,296403743.0
2025-10-13 09:30:00+00:00,0.21046,0.21135,0.2104,0.21105,215123280.0
2025-10-13 09:45:00+00:00,0.21105,0.2114,0.21077,0.21134,160564038.0
2025-10-13 10:00:00+00:00,0.21133,0.21144,0.21017,0.2103,269988903.0
2025-10-13 10:15:00+00:00,0.21031,0.21034,0.20862,0.20929,313845212.0
2025-10-13 10:30:00+00:00,0.2093,0.20977,0.20861,0.20957,297931649.0
2025-10-13 10:45:00+00:00,0.20956,0.21026,0.20913,0.20978,246439919.0
2025-10-13 11:00:00+00:00,0.20978,0.21005,0.2065,0.20822,749579956.0
2025-10-13 11:15:00+00:00,0.20822,0.20824,0.20181,0.20206,920616264.0
2025-10-13 11:30:00+00:00,0.20208,0.20645,0.20208,0.20572,745460177.0
2025-10-13 11:45:00+00:00,0.20572,0.20673,0.2052,0.20564,418955415.0
2025-10-13 12:00:00+00:00,0.20564,0.20732,0.20404,0.20658,545632503.0
2025-10-13 12:15:00+00:00,0.20657,0.20657,0.20498,0.20583,410464039.0
2025-10-13 12:30:00+00:00,0.20582,0.20757,0.20548,0.20692,408998216.0
2025-10-13 12:45:00+00:00,0.20692,0.20774,0.20551,0.20562,453809533.0
2025-10-13 13:00:00+00:00,0.20562,0.20686,0.20532,0.2057,473563145.0
2025-10-13 13:15:00+00:00,0.20569,0.20701,0.20553,0.20623,438047736.0
2025-10-13 13:30:00+00:00,0.20622,0.21312,0.20616,0.21058,1404804348.0
2025-10-13 13:45:00+00:00,0.21057,0.21165,0.20831,0.21112,650139275.0
2025-10-13 14:00:00+00:00,0.21112,0.21185,0.20924,0.2095,544139907.0
2025-10-13 14:15:00+00:00,0.2095,0.21015,0.20624,0.20703,617498579.0
2025-10-13 14:30:00+00:00,0.20702,0.20945,0.20515,0.20806,340004299.0
2025-10-13 14:45:00+00:00,0.20807,0.2084,0.20519,0.20597,200406582.0
2025-10-13 15:00:00+00:00,0.20598,0.20825,0.20571,0.20738,153032745.0
2025-10-13 15:15:00+00:00,0.20737,0.20906,0.20716,0.20797,92116946.0
2025-10-13 15:30:00+00:00,0.20798,0.20967,0.20798,0.20858,103951537.0
2025-10-13 15:45:00+00:00,0.20858,0.21106,0.20856,0.21002,172277219.0
2025-10-13 16:00:00+00:00,0.21002,0.21153,0.20987,0.21059,139858369.0
2025-10-13 16:15:00+00:00,0.21059,0.21166,0.20819,0.21005,209437588.0
2025-10-13 16:30:00+00:00,0.21004,0.21043,0.20882,0.20914,87080600.0
2025-10-13 16:45:00+00:00,0.20915,0.21128,0.20903,0.21072,109836066.0
2025-10-13 17:00:00+00:00,0.21071,0.2132,0.21058,0.21123,263962296.0
2025-10-13 17:15:00+00:00,0.21123,0.21212,0.21074,0.21175,85759251.0
2025-10-13 17:30:00+00:00,0.21175,0.2126,0.21103,0.21127,99712465.0
2025-10-13 17:45:00+00:00,0.21128,0.21444,0.21013,0.21403,182705888.0
2025-10-13 18:00:00+00:00,0.21403,0.21435,0.21224,0.21267,186577534.0
2025-10-13 18:15:00+00:00,0.21267,0.21539,0.21257,0.21488,442449994.0
2025-10-13 18:30:00+00:00,0.21487,0.21601,0.21407,0.21502,455188136.0
2025-10-13 18:45:00+00:00,0.21502,0.21526,0.21292,0.21406,383408138.0
2025-10-13 19:00:00+00:00,0.21407,0.21532,0.2133,0.21519,359250786.0
2025-10-13 19:15:00+00:00,0.2152,0.21597,0.21464,0.21503,399715645.0
2025-10-13 19:30:00+00:00,0.21502,0.21682,0.21482,0.21682,389934425.0
2025-10-13 19:45:00+00:00,0.21683,0.21697,0.21514,0.21587,475521328.0
2025-10-13 20:00:00+00:00,0.21586,0.21678,0.21579,0.21644,329100768.0
2025-10-13 20:15:00+00:00,0.21643,0.2168,0.21588,0.21636,267576897.0
2025-10-13 20:30:00+00:00,0.21636,0.21734,0.21584,0.21706,247085716.0
2025-10-13 20:45:00+00:00,0.21705,0.21814,0.21683,0.21801,265875143.0
2025-10-13 21:00:00+00:00,0.218,0.21817,0.21683,0.2174,270523054.0
2025-10-13 21:15:00+00:00,0.2174,0.21823,0.21649,0.2166,212702656.0
2025-10-13 21:30:00+00:00,0.2166,0.21667,0.21582,0.21613,113086715.0
2025-10-13 21:45:00+00:00,0.21613,0.21614,0.21522,0.21536,64669826.0
2025-10-13 22:00:00+00:00,0.21535,0.21596,0.21501,0.21536,239652149.0
2025-10-13 22:15:00+00:00,0.21536,0.2159,0.21444,0.21477,184545687.0
2025-10-13 22:30:00+00:00,0.21476,0.21558,0.21456,0.21524,143295060.0
2025-10-13 22:45:00+00:00,0.21523,0.21571,0.21461,0.21529,132815305.0
2025-10-13 23:00:00+00:00,0.21528,0.21531,0.21454,0.21488,154994156.0
2025-10-13 23:15:00+00:00,0.21487,0.21524,0.21438,0.21456,154422258.0
2025-10-13 23:30:00+00:00,0.21455,0.21493,0.21358,0.21404,216271686.0
2025-10-13 23:45:00+00:00,0.21403,0.21403,0.21344,0.2137,155645391.0
2025-10-14 00:00:00+00:00,0.21371,0.21443,0.21359,0.21372,206515304.0
2025-10-14 00:15:00+00:00,0.21372,0.21505,0.21361,0.21479,230712981.0
2025-10-14 00:30:00+00:00,0.2148,0.21553,0.21414,0.2147,274624858.0
2025-10-14 00:45:00+00:00,0.21469,0.21469,0.21305,0.21418,229419520.0
2025-10-14 01:00:00+00:00,0.21417,0.2143,0.21233,0.21303,285299084.0
2025-10-14 01:15:00+00:00,0.21302,0.21359,0.21283,0.21307,153872094.0
2025-10-14 01:30:00+00:00,0.21307,0.21319,0.21212,0.21258,163041966.0
2025-10-14 01:45:00+00:00,0.21257,0.21262,0.2112,0.21165,279630282.0
2025-10-14 02:00:00+00:00,0.21165,0.21182,0.21036,0.21057,266480725.0
2025-10-14 02:15:00+00:00,0.21058,0.21099,0.20936,0.21043,337878058.0
2025-10-14 02:30:00+00:00,0.21043,0.2108,0.20938,0.20958,258369250.0
2025-10-14 02:45:00+00:00,0.20958,0.21,0.2085,0.20879,337126914.0
2025-10-14 03:00:00+00:00,0.20879,0.20898,0.20673,0.20754,532970078.0
2025-10-14 03:15:00+00:00,0.20754,0.20838,0.20652,0.20673,350628326.0
2025-10-14 03:30:00+00:00,0.20673,0.20774,0.20668,0.20749,308406041.0
2025-10-14 03:45:00+00:00,0.20749,0.20874,0.20747,0.20771,298213391.0
2025-10-14 04:00:00+00:00,0.20771,0.20822,0.20665,0.2076,387006406.0
2025-10-14 04:15:00+00:00,0.2076,0.20824,0.20709,0.20798,385358055.0
2025-10-14 04:30:00+00:00,0.20798,0.20798,0.20602,0.20623,434929578.0
2025-10-14 04:45:00+00:00,0.20623,0.20641,0.20391,0.20485,713933256.0
2025-10-14 05:00:00+00:00,0.20485,0.2067,0.20451,0.2063,480528511.0
2025-10-14 05:15:00+00:00,0.2063,0.20669,0.20527,0.20539,360600198.0
2025-10-14 05:30:00+00:00,0.2054,0.20563,0.20167,0.20249,721888220.0
2025-10-14 05:45:00+00:00,0.20248,0.20389,0.20207,0.20333,538985163.0
2025-10-14 06:00:00+00:00,0.20333,0.20435,0.20325,0.20336,423942879.0
2025-10-14 06:15:00+00:00,0.20337,0.20345,0.20186,0.20213,469295383.0
2025-10-14 06:30:00+00:00,0.20213,0.20288,0.19847,0.19892,1078323771.0
2025-10-14 06:45:00+00:00,0.19891,0.19993,0.19478,0.19873,1252658066.0
2025-10-14 07:00:00+00:00,0.19873,0.19989,0.19765,0.19883,836610589.0
2025-10-14 07:15:00+00:00,0.19883,0.19987,0.19776,0.19864,537395401.0
2025-10-14 07:30:00+00:00,0.19865,0.19874,0.19654,0.19748,711689761.0
2025-10-14 07:45:00+00:00,0.19747,0.19797,0.19682,0.19773,766096022.0
2025-10-14 08:00:00+00:00,0.19773,0.1986,0.19648,0.19835,605559277.0
2025-10-14 08:15:00+00:00,0.19836,0.19867,0.19699,0.19851,553309974.0
2025-10-14 08:30:00+00:00,0.19851,0.20143,0.19849,0.20067,729359396.0
2025-10-14 08:45:00+00:00,0.20067,0.20097,0.19916,0.1996,360342331.0
2025-10-14 09:00:00+00:00,0.19961,0.20052,0.19939,0.19983,326233942.0
2025-10-14 09:15:00+00:00,0.19983,0.2009,0.19959,0.20028,385424854.0
2025-10-14 09:30:00+00:00,0.20029,0.20102,0.20007,0.20035,103780192.0
2025-10-14 09:45:00+00:00,0.20035,0.20065,0.19868,0.19949,140975929.0
2025-10-14 10:00:00+00:00,0.19948,0.19951,0.19761,0.19797,158438065.0
2025-10-14 10:15:00+00:00,0.19797,0.198,0.19534,0.19616,481956340.0
2025-10-14 10:30:00+00:00,0.19615,0.19803,0.1942,0.19655,392853342.0
2025-10-14 10:45:00+00:00,0.19656,0.19762,0.19558,0.19739,106523460.0
2025-10-14 11:00:00+00:00,0.1974,0.19969,0.1972,0.19938,248549514.0
2025-10-14 11:15:00+00:00,0.19937,0.19989,0.19867,0.19932,105481996.0
2025-10-14 11:30:00+00:00,0.19933,0.20028,0.19874,0.19882,110138142.0
2025-10-14 11:45:00+00:00,0.19882,0.19961,0.19872,0.19894,64754257.0
2025-10-14 12:00:00+00:00,0.19895,0.19905,0.19742,0.19825,153728092.0
2025-10-14 12:15:00+00:00,0.19826,0.1983,0.1966,0.19745,194081481.0
2025-10-14 12:30:00+00:00,0.19745,0.19771,0.19562,0.19628,125882693.0
2025-10-14 12:45:00+00:00,0.19628,0.19749,0.19569,0.19601,111232033.0
2025-10-14 13:00:00+00:00,0.19601,0.19687,0.19504,0.19611,137920184.0
2025-10-14 13:15:00+00:00,0.19611,0.19732,0.19505,0.19701,129473315.0
2025-10-14 13:30:00+00:00,0.19701,0.19816,0.19319,0.19634,455722938.0
2025-10-14 13:45:00+00:00,0.19633,0.19912,0.19558,0.19794,338538639.0
2025-10-14 14:00:00+00:00,0.19794,0.19971,0.19737,0.19957,154624691.0
2025-10-14 14:15:00+00:00,0.19956,0.20133,0.19936,0.19978,352873351.0
2025-10-14 14:30:00+00:00,0.19978,0.20074,0.19783,0.20015,195908034.0
2025-10-14 14:45:00+00:00,0.20015,0.20165,0.19874,0.1988,158252370.0
2025-10-14 15:00:00+00:00,0.19881,0.20045,0.19804,0.1983,150718128.0
2025-10-14 15:15:00+00:00,0.19831,0.19991,0.19765,0.19945,110276883.0
2025-10-14 15:30:00+00:00,0.19945,0.20201,0.19932,0.20164,183182554.0
2025-10-14 15:45:00+00:00,0.20164,0.20376,0.20142,0.20336,290426859.0
2025-10-14 16:00:00+00:00,0.20337,0.20389,0.20184,0.20347,182430840.0
2025-10-14 16:15:00+00:00,0.20348,0.20702,0.20309,0.20417,477658575.0
2025-10-14 16:30:00+00:00,0.20418,0.20499,0.20229,0.20398,176336038.0
2025-10-14 16:45:00+00:00,0.20398,0.20499,0.20213,0.20282,181725293.0
2025-10-14 17:00:00+00:00,0.20283,0.20481,0.19975,0.20425,422398657.0
2025-10-14 17:15:00+00:00,0.20425,0.20468,0.20356,0.20389,118277343.0
2025-10-14 17:30:00+00:00,0.2039,0.2044,0.20255,0.20373,93793211.0
2025-10-14 17:45:00+00:00,0.20373,0.20434,0.20305,0.20323,56275509.0
2025-10-14 18:00:00+00:00,0.20324,0.20512,0.20298,0.20477,79652922.0
2025-10-14 18:15:00+00:00,0.20478,0.20517,0.20402,0.20419,65583266.0
2025-10-14 18:30:00+00:00,0.20419,0.2047,0.20285,0.20314,75074650.0
2025-10-14 18:45:00+00:00,0.20314,0.20436,0.20295,0.20367,51249755.0
2025-10-14 19:00:00+00:00,0.20366,0.20455,0.20347,0.2044,48627791.0
2025-10-14 19:15:00+00:00,0.2044,0.20553,0.2041,0.20512,72959917.0
2025-10-14 19:30:00+00:00,0.20511,0.20519,0.20022,0.20086,396635726.0
2025-10-14 19:45:00+00:00,0.20086,0.20364,0.20046,0.20298,160947517.0
2025-10-14 20:00:00+00:00,0.20298,0.20374,0.20186,0.20297,112521749.0
2025-10-14 20:15:00+00:00,0.20297,0.20413,0.2028,0.2036,55869880.0
2025-10-14 20:30:00+00:00,0.20359,0.2042,0.20312,0.20417,52913845.0
2025-10-14 20:45:00+00:00,0.20416,0.20428,0.2037,0.20387,27378891.0
2025-10-14 21:00:00+00:00,0.20388,0.20399,0.20237,0.20271,42196828.0
2025-10-14 21:15:00+00:00,0.20271,0.20352,0.20203,0.20318,65539626.0
2025-10-14 21:30:00+00:00,0.20318,0.20378,0.2028,0.2034,28775828.0
2025-10-14 21:45:00+00:00,0.2034,0.20415,0.20307,0.2035,37664757.0
2025-10-14 22:00:00+00:00,0.2035,0.20504,0.2035,0.20442,75517494.0
2025-10-14 22:15:00+00:00,0.20441,0.20462,0.20381,0.20386,31365059.0
2025-10-14 22:30:00+00:00,0.20387,0.204,0.20342,0.20376,28915569.0
2025-10-14 22:45:00+00:00,0.20377,0.20392,0.20293,0.2037,27378082.0
2025-10-14 23:00:00+00:00,0.20369,0.20506,0.20362,0.20467,46340556.0
2025-10-14 23:15:00+00:00,0.20467,0.20503,0.20437,0.20465,49460180.0
2025-10-14 23:30:00+00:00,0.20464,0.20512,0.20443,0.20446,32484894.0
2025-10-14 23:45:00+00:00,0.20445,0.20503,0.20403,0.20426,34165284.0
2025-10-15 00:00:00+00:00,0.20427,0.20481,0.20348,0.20358,60870566.0
2025-10-15 00:15:00+00:00,0.20358,0.20425,0.20285,0.20342,78768443.0
2025-10-15 00:30:00+00:00,0.20342,0.20402,0.20253,0.20372,69488300.0
2025-10-15 00:45:00+00:00,0.20372,0.20467,0.20362,0.20447,43790781.0
2025-10-15 01:00:00+00:00,0.20446,0.20466,0.20268,0.20347,73322713.0
2025-10-15 01:15:00+00:00,0.20346,0.20395,0.20278,0.20286,35130771.0
2025-10-15 01:30:00+00:00,0.20285,0.2034,0.20235,0.20336,54398432.0
2025-10-15 01:45:00+00:00,0.20335,0.20427,0.20298,0.204,50390327.0
2025-10-15 02:00:00+00:00,0.204,0.20514,0.20381,0.20506,65794925.0
2025-10-15 02:15:00+00:00,0.20506,0.20655,0.20478,0.20642,131518558.0
2025-10-15 02:30:00+00:00,0.20642,0.20674,0.20537,0.20542,81287383.0
2025-10-15 02:45:00+00:00,0.20542,0.2058,0.20472,0.20483,35670098.0
2025-10-15 03:00:00+00:00,0.20482,0.20512,0.20313,0.20371,105493859.0
2025-10-15 03:15:00+00:00,0.20371,0.20381,0.20257,0.20377,74062225.0
2025-10-15 03:30:00+00:00,0.20376,0.20376,0.20205,0.20234,50666105.0
2025-10-15 03:45:00+00:00,0.20235,0.20286,0.20134,0.20243,133938105.0
2025-10-15 04:00:00+00:00,0.20243,0.20261,0.20154,0.20236,61867364.0
2025-10-15 04:15:00+00:00,0.20235,0.20355,0.20224,0.20321,54023392.0
2025-10-15 04:30:00+00:00,0.20322,0.2036,0.20283,0.20312,32428477.0
2025-10-15 04:45:00+00:00,0.20312,0.2043,0.2029,0.20394,75338049.0
2025-10-15 05:00:00+00:00,0.20395,0.20483,0.20395,0.2042,68746669.0
2025-10-15 05:15:00+00:00,0.20419,0.20452,0.20313,0.20329,41391279.0
2025-10-15 05:30:00+00:00,0.20329,0.2043,0.20271,0.20423,60019912.0
2025-10-15 05:45:00+00:00,0.20423,0.20424,0.20349,0.20392,26802483.0
2025-10-15 06:00:00+00:00,0.20393,0.20432,0.20272,0.20324,58803122.0
2025-10-15 06:15:00+00:00,0.20325,0.20335,0.20168,0.20198,77800847.0
2025-10-15 06:30:00+00:00,0.20198,0.2048,0.20163,0.20372,132386637.0
2025-10-15 06:45:00+00:00,0.20372,0.20446,0.20366,0.20446,51803690.0
2025-10-15 07:00:00+00:00,0.20446,0.20462,0.20332,0.20426,65205281.0
2025-10-15 07:15:00+00:00,0.20427,0.20504,0.20377,0.20378,60840367.0
2025-10-15 07:30:00+00:00,0.20378,0.20402,0.20342,0.20367,37645227.0
2025-10-15 07:45:00+00:00,0.20368,0.20475,0.20347,0.20458,50545634.0
2025-10-15 08:00:00+00:00,0.20458,0.20566,0.20435,0.20554,86139267.0
2025-10-15 08:15:00+00:00,0.20555,0.20666,0.20517,0.20665,128218436.0
2025-10-15 08:30:00+00:00,0.20665,0.20845,0.20655,0.207,216459041.0
2025-10-15 08:45:00+00:00,0.207,0.207,0.20572,0.2059,74622364.0
2025-10-15 09:00:00+00:00,0.2059,0.2059,0.20493,0.20509,84718610.0
2025-10-15 09:15:00+00:00,0.20509,0.20514,0.2037,0.20395,122620536.0
2025-10-15 09:30:00+00:00,0.20395,0.20428,0.20305,0.20396,102740941.0
2025-10-15 09:45:00+00:00,0.20395,0.20449,0.20328,0.20377,73989769.0
2025-10-15 10:00:00+00:00,0.20378,0.2043,0.20307,0.20404,62542589.0
2025-10-15 10:15:00+00:00,0.20405,0.20412,0.20275,0.20333,71566877.0
2025-10-15 10:30:00+00:00,0.20333,0.20336,0.20217,0.2029,147117951.0
2025-10-15 10:45:00+00:00,0.2029,0.20304,0.20225,0.20269,58064536.0
2025-10-15 11:00:00+00:00,0.20268,0.20342,0.20252,0.2026,106971444.0
2025-10-15 11:15:00+00:00,0.20261,0.20276,0.20057,0.20189,205370232.0
2025-10-15 11:30:00+00:00,0.2019,0.20275,0.2012,0.20265,69185353.0
2025-10-15 11:45:00+00:00,0.20264,0.20266,0.20178,0.20206,46411932.0
2025-10-15 12:00:00+00:00,0.20206,0.2027,0.20149,0.20211,67421046.0
2025-10-15 12:15:00+00:00,0.20212,0.20242,0.20043,0.20088,86581086.0
2025-10-15 12:30:00+00:00,0.20088,0.20158,0.20033,0.20107,115580610.0
2025-10-15 12:45:00+00:00,0.20108,0.20186,0.20092,0.20166,75619681.0
2025-10-15 13:00:00+00:00,0.20167,0.20167,0.19933,0.20026,150738549.0
2025-10-15 13:15:00+00:00,0.20026,0.20073,0.19973,0.20001,59402480.0
2025-10-15 13:30:00+00:00,0.20001,0.20226,0.19909,0.2004,291903239.0
2025-10-15 13:45:00+00:00,0.20041,0.20094,0.197,0.20067,501804889.0
2025-10-15 14:00:00+00:00,0.20066,0.20317,0.20062,0.20239,208473857.0
2025-10-15 14:15:00+00:00,0.2024,0.20318,0.20178,0.20244,117140000.0
2025-10-15 14:30:00+00:00,0.20244,0.20252,0.20059,0.20107,145921661.0
2025-10-15 14:45:00+00:00,0.20107,0.20108,0.19843,0.1999,196257064.0
2025-10-15 15:00:00+00:00,0.1999,0.20086,0.19813,0.19952,261012217.0
2025-10-15 15:15:00+00:00,0.19951,0.20097,0.1984,0.19953,170824448.0
2025-10-15 15:30:00+00:00,0.19952,0.2001,0.19789,0.19841,143615297.0
2025-10-15 15:45:00+00:00,0.19841,0.19896,0.19744,0.1986,161603354.0
2025-10-15 16:00:00+00:00,0.19861,0.19958,0.19812,0.19923,131977277.0
2025-10-15 16:15:00+00:00,0.19923,0.20012,0.19838,0.19955,82270307.0
2025-10-15 16:30:00+00:00,0.19954,0.19997,0.1987,0.19884,72132454.0
2025-10-15 16:45:00+00:00,0.19884,0.19967,0.19846,0.19886,63650126.0
2025-10-15 17:00:00+00:00,0.19886,0.19887,0.19638,0.19642,249252752.0
2025-10-15 17:15:00+00:00,0.19643,0.19788,0.19612,0.19706,156848569.0
2025-10-15 17:30:00+00:00,0.19706,0.1981,0.19626,0.19773,76559657.0
2025-10-15 17:45:00+00:00,0.19774,0.19923,0.19774,0.19913,94705649.0
2025-10-15 18:00:00+00:00,0.19912,0.19933,0.19803,0.19816,80060893.0
2025-10-15 18:15:00+00:00,0.19817,0.19929,0.19802,0.1986,60811802.0
2025-10-15 18:30:00+00:00,0.1986,0.19896,0.19775,0.19822,50513994.0
2025-10-15 18:45:00+00:00,0.19823,0.19954,0.19805,0.19926,49289666.0
2025-10-15 19:00:00+00:00,0.19926,0.1993,0.19751,0.19789,82200521.0
2025-10-15 19:15:00+00:00,0.1979,0.19894,0.19762,0.19876,74123684.0
2025-10-15 19:30:00+00:00,0.19877,0.19896,0.1971,0.19781,76360087.0
2025-10-15 19:45:00+00:00,0.19781,0.19782,0.19637,0.19711,98494601.0
2025-10-15 20:00:00+00:00,0.19711,0.19806,0.19706,0.19786,68047008.0
2025-10-15 20:15:00+00:00,0.19786,0.19876,0.1965,0.19665,75628612.0
2025-10-15 20:30:00+00:00,0.19664,0.19763,0.19404,0.19742,345436194.0
2025-10-15 20:45:00+00:00,0.19743,0.19799,0.19642,0.19655,85130637.0
2025-10-15 21:00:00+00:00,0.19655,0.19702,0.19449,0.196,129777728.0
2025-10-15 21:15:00+00:00,0.19599,0.19733,0.19523,0.19703,68820771.0
2025-10-15 21:30:00+00:00,0.19703,0.19771,0.1964,0.19642,96127968.0
2025-10-15 21:45:00+00:00,0.19643,0.19664,0.19433,0.19503,75162859.0
2025-10-15 22:00:00+00:00,0.19502,0.19604,0.19484,0.19599,86808427.0
2025-10-15 22:15:00+00:00,0.19598,0.19677,0.1956,0.19582,59195301.0
2025-10-15 22:30:00+00:00,0.19581,0.19646,0.19572,0.1959,38691710.0
2025-10-15 22:45:00+00:00,0.19591,0.19603,0.19446,0.19503,67644021.0
2025-10-15 23:00:00+00:00,0.19504,0.19604,0.1947,0.19583,49552559.0
2025-10-15 23:15:00+00:00,0.19583,0.19617,0.19496,0.19572,61119965.0
2025-10-15 23:30:00+00:00,0.19572,0.19656,0.19571,0.19636,35541946.0
2025-10-15 23:45:00+00:00,0.19637,0.19651,0.19575,0.19611,33988291.0
2025-10-16 00:00:00+00:00,0.19611,0.19662,0.19528,0.19532,72347437.0
2025-10-16 00:15:00+00:00,0.19533,0.19675,0.19524,0.19641,69177394.0
2025-10-16 00:30:00+00:00,0.19641,0.19641,0.19536,0.19567,53933925.0
2025-10-16 00:45:00+00:00,0.19567,0.19641,0.19548,0.19572,40066649.0
2025-10-16 01:00:00+00:00,0.19571,0.19751,0.19561,0.19694,77076873.0
2025-10-16 01:15:00+00:00,0.19693,0.19743,0.19633,0.19668,44349766.0
2025-10-16 01:30:00+00:00,0.19667,0.19756,0.19639,0.19721,37838162.0
2025-10-16 01:45:00+00:00,0.19722,0.19834,0.19701,0.19793,52955709.0
2025-10-16 02:00:00+00:00,0.19794,0.19899,0.19731,0.19816,95221099.0
2025-10-16 02:15:00+00:00,0.19817,0.19861,0.19774,0.19847,55890574.0
2025-10-16 02:30:00+00:00,0.19847,0.19851,0.19673,0.19679,87096821.0
2025-10-16 02:45:00+00:00,0.19679,0.19803,0.19651,0.19788,45052630.0
2025-10-16 03:00:00+00:00,0.19788,0.19814,0.19718,0.19733,35762602.0
2025-10-16 03:15:00+00:00,0.19734,0.19799,0.19701,0.19744,40387812.0
2025-10-16 03:30:00+00:00,0.19745,0.19745,0.19643,0.19697,54851777.0
2025-10-16 03:45:00+00:00,0.19696,0.19705,0.19615,0.19632,35173275.0
2025-10-16 04:00:00+00:00,0.19633,0.19738,0.19617,0.19712,32078678.0
2025-10-16 04:15:00+00:00,0.19712,0.19766,0.19712,0.1975,31017697.0
2025-10-16 04:30:00+00:00,0.19749,0.19767,0.19633,0.19654,34348488.0
2025-10-16 04:45:00+00:00,0.19655,0.19655,0.19535,0.19573,82593808.0
2025-10-16 05:00:00+00:00,0.19574,0.19632,0.19519,0.19622,65660606.0
2025-10-16 05:15:00+00:00,0.19621,0.19641,0.19573,0.19599,40294413.0
2025-10-16 05:30:00+00:00,0.19599,0.1975,0.19597,0.19705,66710037.0
2025-10-16 05:45:00+00:00,0.19704,0.19729,0.1948,0.19585,85712871.0
2025-10-16 06:00:00+00:00,0.19586,0.19671,0.19576,0.19626,50499850.0
2025-10-16 06:15:00+00:00,0.19625,0.19737,0.19611,0.19732,49310518.0
2025-10-16 06:30:00+00:00,0.19732,0.19961,0.19728,0.19833,214118967.0
2025-10-16 06:45:00+00:00,0.19833,0.19933,0.19813,0.19876,77847202.0
2025-10-16 07:00:00+00:00,0.19877,0.199,0.19792,0.19821,62824730.0
2025-10-16 07:15:00+00:00,0.19821,0.19822,0.19677,0.19682,82663694.0
2025-10-16 07:30:00+00:00,0.19681,0.19767,0.19655,0.19756,52614586.0
2025-10-16 07:45:00+00:00,0.19756,0.19792,0.19694,0.19728,64181199.0
2025-10-16 08:00:00+00:00,0.19729,0.1976,0.19643,0.19753,56254443.0
2025-10-16 08:15:00+00:00,0.19752,0.19764,0.19653,0.19665,29007858.0
2025-10-16 08:30:00+00:00,0.19666,0.19702,0.19536,0.19612,97269521.0
2025-10-16 08:45:00+00:00,0.19613,0.19644,0.19581,0.19621,36365986.0
2025-10-16 09:00:00+00:00,0.19621,0.19717,0.1957,0.19674,62448535.0
2025-10-16 09:15:00+00:00,0.19673,0.19736,0.19601,0.19601,45563743.0
2025-10-16 09:30:00+00:00,0.19601,0.19687,0.18928,0.19631,818914717.0
2025-10-16 09:45:00+00:00,0.1963,0.19906,0.19592,0.19803,498799240.0
2025-10-16 10:00:00+00:00,0.19803,0.19999,0.19767,0.19932,175235777.0
2025-10-16 10:15:00+00:00,0.19931,0.20057,0.1989,0.19892,139919691.0
2025-10-16 10:30:00+00:00,0.19893,0.19948,0.19857,0.19918,69742782.0
2025-10-16 10:45:00+00:00,0.19918,0.19987,0.19914,0.19931,48444188.0
2025-10-16 11:00:00+00:00,0.1993,0.19994,0.19875,0.19914,75501268.0
2025-10-16 11:15:00+00:00,0.19914,0.19954,0.19814,0.19832,55277053.0
2025-10-16 11:30:00+00:00,0.19832,0.1989,0.19786,0.19878,71128913.0
2025-10-16 11:45:00+00:00,0.19877,0.20031,0.19873,0.20026,65513091.0
2025-10-16 12:00:00+00:00,0.20027,0.20142,0.19952,0.19965,179851204.0
2025-10-16 12:15:00+00:00,0.19965,0.20038,0.1994,0.19983,55632759.0
2025-10-16 12:30:00+00:00,0.19983,0.20091,0.19953,0.20033,85483819.0
2025-10-16 12:45:00+00:00,0.20033,0.20062,0.1999,0.19993,39294561.0
2025-10-16 13:00:00+00:00,0.19993,0.20022,0.19882,0.1992,114007841.0
2025-10-16 13:15:00+00:00,0.19921,0.1996,0.19833,0.19932,74050996.0
2025-10-16 13:30:00+00:00,0.19932,0.20024,0.19877,0.19943,123197697.0
2025-10-16 13:45:00+00:00,0.19943,0.19994,0.19717,0.19789,153163282.0
2025-10-16 14:00:00+00:00,0.1979,0.19816,0.19576,0.19635,213291438.0
2025-10-16 14:15:00+00:00,0.19635,0.19697,0.19354,0.19434,460402845.0
2025-10-16 14:30:00+00:00,0.19433,0.19821,0.19415,0.19772,266440849.0
2025-10-16 14:45:00+00:00,0.19773,0.19809,0.19486,0.19502,213327362.0
2025-10-16 15:00:00+00:00,0.19503,0.19586,0.19366,0.19576,164418638.0
2025-10-16 15:15:00+00:00,0.19576,0.19599,0.19288,0.19329,152603902.0
2025-10-16 15:30:00+00:00,0.19329,0.19395,0.19131,0.19185,314503866.0
2025-10-16 15:45:00+00:00,0.19184,0.192,0.18757,0.1893,619367233.0
2025-10-16 16:00:00+00:00,0.1893,0.19054,0.18733,0.18986,439975892.0
2025-10-16 16:15:00+00:00,0.18986,0.19045,0.18833,0.18981,310365918.0
2025-10-16 16:30:00+00:00,0.18981,0.19134,0.18849,0.19043,261360585.0
2025-10-16 16:45:00+00:00,0.19042,0.19485,0.19,0.19467,277794177.0
2025-10-16 17:00:00+00:00,0.19467,0.19469,0.19179,0.19191,305716419.0
2025-10-16 17:15:00+00:00,0.1919,0.19383,0.19185,0.19293,129402634.0
2025-10-16 17:30:00+00:00,0.19293,0.19341,0.19125,0.19158,107215774.0
2025-10-16 17:45:00+00:00,0.19158,0.19189,0.19061,0.19122,108357706.0
2025-10-16 18:00:00+00:00,0.19122,0.19136,0.18893,0.18962,141624169.0
2025-10-16 18:15:00+00:00,0.18961,0.19027,0.18855,0.18905,155174105.0
2025-10-16 18:30:00+00:00,0.18904,0.19111,0.18849,0.19041,143942450.0
2025-10-16 18:45:00+00:00,0.19041,0.19126,0.18959,0.19043,102628643.0
2025-10-16 19:00:00+00:00,0.19043,0.19082,0.18858,0.18899,118114456.0
2025-10-16 19:15:00+00:00,0.189,0.18932,0.18696,0.18795,174067657.0
2025-10-16 19:30:00+00:00,0.18795,0.18813,0.18552,0.18693,188744926.0
2025-10-16 19:45:00+00:00,0.18693,0.18914,0.1861,0.18766,124569778.0
2025-10-16 20:00:00+00:00,0.18767,0.18852,0.18684,0.18692,74826102.0
2025-10-16 20:15:00+00:00,0.18692,0.18772,0.18601,0.18686,59959253.0
2025-10-16 20:30:00+00:00,0.18686,0.18712,0.18455,0.18559,175962608.0
2025-10-16 20:45:00+00:00,0.18558,0.18665,0.18487,0.1855,89625510.0
2025-10-16 21:00:00+00:00,0.1855,0.18667,0.18538,0.18648,81705644.0
2025-10-16 21:15:00+00:00,0.18647,0.18722,0.1861,0.18707,51136319.0
2025-10-16 21:30:00+00:00,0.18706,0.18795,0.18695,0.18739,44818103.0
2025-10-16 21:45:00+00:00,0.18739,0.18818,0.18723,0.18805,27230118.0
2025-10-16 22:00:00+00:00,0.18806,0.18841,0.18688,0.18695,57533978.0
2025-10-16 22:15:00+00:00,0.18695,0.18741,0.18672,0.18714,44120205.0
2025-10-16 22:30:00+00:00,0.18713,0.18767,0.18676,0.18691,39271758.0
2025-10-16 22:45:00+00:00,0.18692,0.1873,0.18625,0.18629,34551061.0
2025-10-16 23:00:00+00:00,0.18629,0.18734,0.18602,0.18712,44484372.0
2025-10-16 23:15:00+00:00,0.18711,0.18868,0.18711,0.18837,104289589.0
2025-10-16 23:30:00+00:00,0.18836,0.1888,0.18792,0.1881,54995564.0
2025-10-16 23:45:00+00:00,0.1881,0.18878,0.18775,0.18838,50038961.0
2025-10-17 00:00:00+00:00,0.18838,0.18891,0.18777,0.18882,74002188.0
2025-10-17 00:15:00+00:00,0.18882,0.18953,0.18865,0.18947,60258913.0
2025-10-17 00:30:00+00:00,0.18947,0.18999,0.18901,0.18925,58670011.0
2025-10-17 00:45:00+00:00,0.18925,0.18952,0.18839,0.18952,69802742.0
2025-10-17 01:00:00+00:00,0.18952,0.19106,0.18929,0.19019,98770069.0
2025-10-17 01:15:00+00:00,0.19018,0.19076,0.1898,0.19057,71430276.0
2025-10-17 01:30:00+00:00,0.19058,0.19088,0.18939,0.18967,45866904.0
2025-10-17 01:45:00+00:00,0.18967,0.18986,0.18882,0.18955,46903865.0
2025-10-17 02:00:00+00:00,0.18955,0.18992,0.18858,0.189,61776106.0
2025-10-17 02:15:00+00:00,0.18901,0.18901,0.18808,0.18822,48128601.0
2025-10-17 02:30:00+00:00,0.18822,0.18947,0.18817,0.18927,61163985.0
2025-10-17 02:45:00+00:00,0.18928,0.19016,0.18889,0.18963,52829481.0
2025-10-17 03:00:00+00:00,0.18963,0.19039,0.18957,0.18994,51553807.0
2025-10-17 03:15:00+00:00,0.18993,0.19042,0.18961,0.1897,33926549.0
2025-10-17 03:30:00+00:00,0.1897,0.18998,0.18924,0.18942,32254483.0
2025-10-17 03:45:00+00:00,0.18941,0.19045,0.18939,0.19024,30290817.0
2025-10-17 04:00:00+00:00,0.19024,0.19038,0.18963,0.18989,28016581.0
2025-10-17 04:15:00+00:00,0.1899,0.19005,0.18926,0.18942,31273669.0
2025-10-17 04:30:00+00:00,0.18942,0.19009,0.1893,0.18935,28655730.0
2025-10-17 04:45:00+00:00,0.18934,0.18984,0.18899,0.18923,38142083.0
2025-10-17 05:00:00+00:00,0.18922,0.18957,0.18893,0.18902,42330451.0
2025-10-17 05:15:00+00:00,0.18902,0.18974,0.18848,0.18959,57876650.0
2025-10-17 05:30:00+00:00,0.18959,0.18981,0.18824,0.18843,73830728.0
2025-10-17 05:45:00+00:00,0.18843,0.18858,0.18784,0.18817,69162433.0
2025-10-17 06:00:00+00:00,0.18817,0.18894,0.18795,0.18826,51150371.0
2025-10-17 06:15:00+00:00,0.18826,0.18842,0.18637,0.18654,125667749.0
2025-10-17 06:30:00+00:00,0.18654,0.18689,0.18291,0.18396,422512322.0
2025-10-17 06:45:00+00:00,0.18397,0.18456,0.18169,0.18246,380094283.0
2025-10-17 07:00:00+00:00,0.18247,0.18298,0.1801,0.18087,502380857.0
2025-10-17 07:15:00+00:00,0.18086,0.18213,0.18036,0.18075,225972155.0
2025-10-17 07:30:00+00:00,0.18074,0.18125,0.17862,0.17929,339403465.0
2025-10-17 07:45:00+00:00,0.17929,0.18041,0.17823,0.17851,179555326.0
2025-10-17 08:00:00+00:00,0.17852,0.17982,0.17776,0.17854,266884847.0
2025-10-17 08:15:00+00:00,0.17853,0.17878,0.17578,0.17783,441838047.0
2025-10-17 08:30:00+00:00,0.17783,0.17963,0.17737,0.17761,216734260.0
2025-10-17 08:45:00+00:00,0.17761,0.17812,0.17665,0.17705,178672232.0
2025-10-17 09:00:00+00:00,0.17705,0.17863,0.17633,0.17832,184216773.0
2025-10-17 09:15:00+00:00,0.17832,0.17868,0.1775,0.17861,112956173.0
2025-10-17 09:30:00+00:00,0.17861,0.18184,0.1785,0.17954,238232577.0
2025-10-17 09:45:00+00:00,0.17954,0.18011,0.17841,0.17844,121993720.0
2025-10-17 10:00:00+00:00,0.17844,0.17949,0.17735,0.17839,141075656.0
2025-10-17 10:15:00+00:00,0.1784,0.17848,0.17538,0.17635,243323525.0
2025-10-17 10:30:00+00:00,0.17636,0.17787,0.17594,0.17703,180536171.0
2025-10-17 10:45:00+00:00,0.17702,0.17928,0.17694,0.17888,143009986.0
2025-10-17 11:00:00+00:00,0.17888,0.18232,0.17869,0.18192,320451732.0
2025-10-17 11:15:00+00:00,0.18193,0.18394,0.18181,0.18284,338820283.0
2025-10-17 11:30:00+00:00,0.18285,0.18325,0.18161,0.18227,155826782.0
2025-10-17 11:45:00+00:00,0.18227,0.18318,0.18196,0.18259,68922635.0
2025-10-17 12:00:00+00:00,0.1826,0.18384,0.18226,0.183,103108507.0
2025-10-17 12:15:00+00:00,0.18301,0.18418,0.18254,0.18295,87809816.0
2025-10-17 12:30:00+00:00,0.18295,0.18362,0.18224,0.18312,61945493.0
2025-10-17 12:45:00+00:00,0.18313,0.1834,0.18209,0.18217,59632786.0
2025-10-17 13:00:00+00:00,0.18217,0.18322,0.18134,0.18155,94983331.0
2025-10-17 13:15:00+00:00,0.18155,0.18342,0.18127,0.18261,107019155.0
2025-10-17 13:30:00+00:00,0.18262,0.18452,0.18136,0.18187,238583056.0
2025-10-17 13:45:00+00:00,0.18187,0.18441,0.18065,0.18318,233391158.0
2025-10-17 14:00:00+00:00,0.18319,0.18388,0.1816,0.18279,126116284.0
2025-10-17 14:15:00+00:00,0.1828,0.18321,0.18141,0.18158,69397327.0
2025-10-17 14:30:00+00:00,0.18158,0.18222,0.17956,0.18132,210851869.0
2025-10-17 14:45:00+00:00,0.18132,0.18315,0.18107,0.18137,128439534.0
2025-10-17 15:00:00+00:00,0.18137,0.18278,0.18109,0.18141,99877041.0
2025-10-17 15:15:00+00:00,0.1814,0.18333,0.18134,0.18275,90546340.0
2025-10-17 15:30:00+00:00,0.18275,0.18333,0.18105,0.18263,106952176.0
2025-10-17 15:45:00+00:00,0.18263,0.18488,0.18258,0.18479,113993163.0
2025-10-17 16:00:00+00:00,0.18479,0.18716,0.18447,0.18518,256529990.0
2025-10-17 16:15:00+00:00,0.18519,0.18649,0.18477,0.18497,163465887.0
2025-10-17 16:30:00+00:00,0.18497,0.18552,0.18378,0.18432,99359241.0
2025-10-17 16:45:00+00:00,0.18433,0.18489,0.18317,0.18372,182417912.0
2025-10-17 17:00:00+00:00,0.18372,0.1847,0.18354,0.18442,64320967.0
2025-10-17 17:15:00+00:00,0.18442,0.18471,0.1833,0.1838,47234732.0
2025-10-17 17:30:00+00:00,0.1838,0.18466,0.18331,0.18418,54134807.0
2025-10-17 17:45:00+00:00,0.18418,0.18511,0.18327,0.18449,69727548.0
2025-10-17 18:00:00+00:00,0.18449,0.18541,0.18429,0.18438,59647833.0
2025-10-17 18:15:00+00:00,0.18438,0.18565,0.18417,0.18523,60488596.0
2025-10-17 18:30:00+00:00,0.18522,0.18608,0.18484,0.185,58332862.0
2025-10-17 18:45:00+00:00,0.185,0.18531,0.18428,0.18479,41654769.0
2025-10-17 19:00:00+00:00,0.18479,0.18543,0.18463,0.18502,44255830.0
2025-10-17 19:15:00+00:00,0.18501,0.18535,0.18433,0.18459,39029932.0
2025-10-17 19:30:00+00:00,0.18458,0.18459,0.18323,0.18395,67397643.0
2025-10-17 19:45:00+00:00,0.18395,0.18443,0.18367,0.18432,32538629.0
2025-10-17 20:00:00+00:00,0.18433,0.18504,0.18386,0.18492,41296742.0
2025-10-17 20:15:00+00:00,0.18492,0.18618,0.18485,0.18599,51493320.0
2025-10-17 20:30:00+00:00,0.18599,0.18613,0.18546,0.18572,45082574.0
2025-10-17 20:45:00+00:00,0.18572,0.18643,0.18566,0.18589,51524427.0
2025-10-17 21:00:00+00:00,0.1859,0.18741,0.18584,0.18696,76872570.0
2025-10-17 21:15:00+00:00,0.18696,0.1875,0.18662,0.18698,51427815.0
2025-10-17 21:30:00+00:00,0.18698,0.18718,0.18652,0.18699,34367647.0
2025-10-17 21:45:00+00:00,0.18698,0.18743,0.18683,0.1872,24813046.0
2025-10-17 22:00:00+00:00,0.18721,0.18765,0.1863,0.18633,58330748.0
2025-10-17 22:15:00+00:00,0.18633,0.18662,0.18583,0.18618,27955351.0
2025-10-17 22:30:00+00:00,0.18618,0.18624,0.18545,0.18567,43456701.0
2025-10-17 22:45:00+00:00,0.18567,0.18612,0.18567,0.18602,21709996.0
2025-10-17 23:00:00+00:00,0.18602,0.18607,0.18513,0.1853,37513944.0
2025-10-17 23:15:00+00:00,0.1853,0.18538,0.1847,0.18481,55452042.0
2025-10-17 23:30:00+00:00,0.1848,0.18516,0.18447,0.18506,31207350.0
2025-10-17 23:45:00+00:00,0.18506,0.1852,0.18454,0.18463,29409202.0
2025-10-18 00:00:00+00:00,0.18464,0.18474,0.18419,0.18446,44359571.0
2025-10-18 00:15:00+00:00,0.18445,0.18569,0.18418,0.18569,57763903.0
2025-10-18 00:30:00+00:00,0.18569,0.18614,0.1852,0.18609,53875503.0
2025-10-18 00:45:00+00:00,0.18608,0.1862,0.18556,0.1859,30882059.0
2025-10-18 01:00:00+00:00,0.1859,0.18662,0.18587,0.18648,58581100.0
2025-10-18 01:15:00+00:00,0.18648,0.18771,0.18634,0.18765,62956776.0
2025-10-18 01:30:00+00:00,0.18766,0.18783,0.18702,0.1871,52211130.0
2025-10-18 01:45:00+00:00,0.1871,0.18767,0.18669,0.18752,45501152.0
2025-10-18 02:00:00+00:00,0.18753,0.18841,0.18694,0.18718,80006181.0
2025-10-18 02:15:00+00:00,0.18718,0.18748,0.18661,0.18732,66018012.0
2025-10-18 02:30:00+00:00,0.18733,0.18748,0.18619,0.18629,66206447.0
2025-10-18 02:45:00+00:00,0.18629,0.18639,0.18557,0.18592,44642377.0
2025-10-18 03:00:00+00:00,0.18591,0.1866,0.18585,0.18654,34666449.0
2025-10-18 03:15:00+00:00,0.18654,0.18703,0.18638,0.18686,31211726.0
2025-10-18 03:30:00+00:00,0.18687,0.18734,0.18663,0.18673,36506862.0
2025-10-18 03:45:00+00:00,0.18672,0.18707,0.18664,0.18685,31023551.0
2025-10-18 04:00:00+00:00,0.18684,0.18684,0.18588,0.1861,58860627.0
2025-10-18 04:15:00+00:00,0.1861,0.18623,0.18557,0.18601,41082824.0
2025-10-18 04:30:00+00:00,0.18602,0.18607,0.18491,0.18518,55783048.0
2025-10-18 04:45:00+00:00,0.18519,0.18536,0.18507,0.18517,21303614.0
2025-10-18 05:00:00+00:00,0.18516,0.18604,0.18514,0.18592,38225381.0
2025-10-18 05:15:00+00:00,0.18593,0.18608,0.18545,0.18556,36293201.0
2025-10-18 05:30:00+00:00,0.18555,0.18605,0.18493,0.18582,41232189.0
2025-10-18 05:45:00+00:00,0.18582,0.18657,0.18582,0.18646,42374083.0
2025-10-18 06:00:00+00:00,0.18647,0.18751,0.18621,0.18703,64503248.0
2025-10-18 06:15:00+00:00,0.18704,0.18716,0.18646,0.18675,25502104.0
2025-10-18 06:30:00+00:00,0.18676,0.18692,0.18606,0.18632,21995604.0
2025-10-18 06:45:00+00:00,0.18631,0.18734,0.18616,0.18717,30965019.0
2025-10-18 07:00:00+00:00,0.18717,0.18979,0.18708,0.18892,189324753.0
2025-10-18 07:15:00+00:00,0.18892,0.18897,0.18769,0.18843,101162015.0
2025-10-18 07:30:00+00:00,0.18842,0.18889,0.18814,0.18861,68857344.0
2025-10-18 07:45:00+00:00,0.1886,0.18931,0.18732,0.18777,123471812.0
2025-10-18 08:00:00+00:00,0.18776,0.1883,0.18759,0.18805,58835915.0
2025-10-18 08:15:00+00:00,0.18806,0.18806,0.18743,0.18756,30015865.0
2025-10-18 08:30:00+00:00,0.18755,0.18769,0.1871,0.18726,35394020.0
2025-10-18 08:45:00+00:00,0.18725,0.18743,0.18691,0.18695,49897688.0
2025-10-18 09:00:00+00:00,0.18695,0.18732,0.1866,0.18685,45572495.0
2025-10-18 09:15:00+00:00,0.18684,0.18781,0.18642,0.18757,52960886.0
2025-10-18 09:30:00+00:00,0.18757,0.18774,0.18706,0.18752,22448445.0
2025-10-18 09:45:00+00:00,0.18752,0.18772,0.18702,0.18745,34466420.0
2025-10-18 10:00:00+00:00,0.18746,0.18758,0.18677,0.18695,24338150.0
2025-10-18 10:15:00+00:00,0.18696,0.18728,0.1866,0.18717,28017467.0
2025-10-18 10:30:00+00:00,0.18717,0.1879,0.18715,0.18776,38209432.0
2025-10-18 10:45:00+00:00,0.18775,0.18776,0.18656,0.18732,32908587.0
2025-10-18 11:00:00+00:00,0.18732,0.1875,0.18702,0.18741,34001244.0
2025-10-18 11:15:00+00:00,0.18741,0.1878,0.18679,0.18684,32402167.0
2025-10-18 11:30:00+00:00,0.18684,0.18761,0.18671,0.18752,25012318.0
2025-10-18 11:45:00+00:00,0.18752,0.18791,0.18732,0.18788,29366654.0
2025-10-18 12:00:00+00:00,0.18787,0.18836,0.18737,0.18817,33183461.0
2025-10-18 12:15:00+00:00,0.18816,0.18869,0.18754,0.18778,57341717.0
2025-10-18 12:30:00+00:00,0.18778,0.18781,0.18708,0.18744,29339142.0
2025-10-18 12:45:00+00:00,0.18744,0.18786,0.18741,0.18768,22293820.0
2025-10-18 13:00:00+00:00,0.18768,0.18773,0.18665,0.18722,45080921.0
2025-10-18 13:15:00+00:00,0.18722,0.18726,0.18641,0.18692,38709585.0
2025-10-18 13:30:00+00:00,0.18693,0.18694,0.18615,0.18655,44676710.0
2025-10-18 13:45:00+00:00,0.18655,0.18728,0.18635,0.18686,31597927.0
2025-10-18 14:00:00+00:00,0.18687,0.18729,0.18574,0.18609,87056917.0
2025-10-18 14:15:00+00:00,0.1861,0.18681,0.1861,0.18674,27854182.0
2025-10-18 14:30:00+00:00,0.18673,0.1878,0.18673,0.18722,48942960.0
2025-10-18 14:45:00+00:00,0.18723,0.18779,0.18705,0.18746,34501696.0
2025-10-18 15:00:00+00:00,0.18747,0.18784,0.18722,0.18736,34213745.0
2025-10-18 15:15:00+00:00,0.18737,0.18773,0.1871,0.1871,30179219.0
2025-10-18 15:30:00+00:00,0.1871,0.18723,0.18646,0.18723,39039214.0
2025-10-18 15:45:00+00:00,0.18723,0.18765,0.18722,0.18755,25203430.0
2025-10-18 16:00:00+00:00,0.18755,0.18786,0.18674,0.1869,47717028.0
2025-10-18 16:15:00+00:00,0.18691,0.18708,0.18613,0.1867,53113479.0
2025-10-18 16:30:00+00:00,0.1867,0.18671,0.18588,0.18628,69950930.0
2025-10-18 16:45:00+00:00,0.18628,0.18705,0.18609,0.18699,37601494.0
2025-10-18 17:00:00+00:00,0.18699,0.18748,0.18669,0.18747,41558664.0
2025-10-18 17:15:00+00:00,0.18747,0.18891,0.18735,0.18882,108785966.0
2025-10-18 17:30:00+00:00,0.18883,0.18938,0.18829,0.1883,72056036.0
2025-10-18 17:45:00+00:00,0.1883,0.19026,0.18825,0.18991,87881443.0
2025-10-18 18:00:00+00:00,0.18991,0.19052,0.18911,0.18915,61574990.0
2025-10-18 18:15:00+00:00,0.18915,0.18941,0.1889,0.18922,28558218.0
2025-10-18 18:30:00+00:00,0.18922,0.1899,0.18916,0.18951,27967720.0
2025-10-18 18:45:00+00:00,0.18951,0.18956,0.189,0.18911,17244952.0
2025-10-18 19:00:00+00:00,0.1891,0.18916,0.18846,0.18856,30566039.0
2025-10-18 19:15:00+00:00,0.18856,0.1894,0.18855,0.18939,30008872.0
2025-10-18 19:30:00+00:00,0.18939,0.18941,0.18898,0.18912,28764889.0
2025-10-18 19:45:00+00:00,0.18911,0.18944,0.18894,0.18926,16243208.0
2025-10-18 20:00:00+00:00,0.18926,0.18974,0.18892,0.18905,28092549.0
2025-10-18 20:15:00+00:00,0.18904,0.18982,0.18887,0.18973,23446466.0
2025-10-18 20:30:00+00:00,0.18974,0.19013,0.18921,0.1893,23043287.0
2025-10-18 20:45:00+00:00,0.18931,0.18971,0.1887,0.18871,34100377.0
2025-10-18 21:00:00+00:00,0.1887,0.18901,0.18804,0.18854,49638751.0
2025-10-18 21:15:00+00:00,0.18854,0.18927,0.18827,0.18926,20480867.0
2025-10-18 21:30:00+00:00,0.18925,0.18951,0.1889,0.18905,15711988.0
2025-10-18 21:45:00+00:00,0.18905,0.18943,0.18896,0.18922,9699315.0
2025-10-18 22:00:00+00:00,0.18922,0.18952,0.18904,0.1892,22281700.0
2025-10-18 22:15:00+00:00,0.1892,0.18977,0.18914,0.18967,13631133.0
2025-10-18 22:30:00+00:00,0.18967,0.18968,0.18936,0.18939,12702353.0
2025-10-18 22:45:00+00:00,0.18939,0.18939,0.18885,0.18919,17234855.0
2025-10-18 23:00:00+00:00,0.18918,0.18945,0.18901,0.18919,19551364.0
2025-10-18 23:15:00+00:00,0.18919,0.1895,0.18881,0.1895,15265394.0
2025-10-18 23:30:00+00:00,0.1895,0.1896,0.18929,0.18929,15025800.0
2025-10-18 23:45:00+00:00,0.18929,0.18955,0.18921,0.18951,13729737.0
2025-10-19 00:00:00+00:00,0.18951,0.18983,0.18881,0.18894,42558943.0
2025-10-19 00:15:00+00:00,0.18895,0.18937,0.1888,0.1888,38783272.0
2025-10-19 00:30:00+00:00,0.1888,0.18885,0.1881,0.18829,58369940.0
2025-10-19 00:45:00+00:00,0.18828,0.18858,0.18765,0.18852,52363492.0
2025-10-19 01:00:00+00:00,0.18851,0.18857,0.18769,0.18802,29450187.0
2025-10-19 01:15:00+00:00,0.18802,0.18876,0.18798,0.18872,22212815.0
2025-10-19 01:30:00+00:00,0.18871,0.18877,0.1881,0.18859,12578999.0
2025-10-19 01:45:00+00:00,0.1886,0.18891,0.18856,0.18891,18087303.0
2025-10-19 02:00:00+00:00,0.18891,0.18894,0.18845,0.18852,14892480.0
2025-10-19 02:15:00+00:00,0.18851,0.18897,0.18838,0.18849,21523583.0
2025-10-19 02:30:00+00:00,0.18848,0.18869,0.18804,0.18808,20273947.0
2025-10-19 02:45:00+00:00,0.18807,0.18853,0.18784,0.18846,22192765.0
2025-10-19 03:00:00+00:00,0.18847,0.18856,0.18824,0.18831,14046906.0
2025-10-19 03:15:00+00:00,0.18831,0.18943,0.18831,0.18932,33890960.0
2025-10-19 03:30:00+00:00,0.18931,0.19021,0.18927,0.19006,66386045.0
2025-10-19 03:45:00+00:00,0.19006,0.19067,0.18998,0.19052,43938611.0
2025-10-19 04:00:00+00:00,0.19052,0.1907,0.18966,0.18983,45647930.0
2025-10-19 04:15:00+00:00,0.18983,0.18988,0.18932,0.18961,35048517.0
2025-10-19 04:30:00+00:00,0.18961,0.19017,0.18961,0.19,23613445.0
2025-10-19 04:45:00+00:00,0.19,0.19024,0.18975,0.18992,20416509.0
2025-10-19 05:00:00+00:00,0.18993,0.19017,0.18967,0.18976,15429291.0
2025-10-19 05:15:00+00:00,0.18976,0.19115,0.18964,0.19031,92043042.0
2025-10-19 05:30:00+00:00,0.19032,0.19069,0.18998,0.19005,27557221.0
2025-10-19 05:45:00+00:00,0.19005,0.19005,0.18942,0.18995,45468584.0
2025-10-19 06:00:00+00:00,0.18996,0.19024,0.18952,0.18956,24190995.0
2025-10-19 06:15:00+00:00,0.18956,0.18975,0.18918,0.18934,21367039.0
2025-10-19 06:30:00+00:00,0.18935,0.18945,0.18846,0.18888,75502920.0
2025-10-19 06:45:00+00:00,0.18888,0.18913,0.18868,0.18897,22307107.0
2025-10-19 07:00:00+00:00,0.18897,0.18924,0.18877,0.18906,34790461.0
2025-10-19 07:15:00+00:00,0.18905,0.18949,0.18858,0.18862,34302831.0
2025-10-19 07:30:00+00:00,0.18863,0.18904,0.18806,0.18826,32775296.0
2025-10-19 07:45:00+00:00,0.18826,0.18875,0.1881,0.18869,22458570.0
2025-10-19 08:00:00+00:00,0.18869,0.18914,0.1886,0.18872,33188060.0
2025-10-19 08:15:00+00:00,0.18871,0.19089,0.18645,0.1886,410031778.0
2025-10-19 08:30:00+00:00,0.1886,0.1886,0.1869,0.1872,109952143.0
2025-10-19 08:45:00+00:00,0.18721,0.18749,0.1865,0.18695,106476421.0
2025-10-19 09:00:00+00:00,0.18694,0.187,0.18609,0.18688,116454890.0
2025-10-19 09:15:00+00:00,0.18687,0.18739,0.18595,0.1862,83701927.0
2025-10-19 09:30:00+00:00,0.1862,0.18917,0.18612,0.18864,140936104.0
2025-10-19 09:45:00+00:00,0.18864,0.19183,0.1883,0.1898,433989839.0
2025-10-19 10:00:00+00:00,0.1898,0.19074,0.1888,0.18962,100655004.0
2025-10-19 10:15:00+00:00,0.18961,0.19679,0.18925,0.19554,605180270.0
2025-10-19 10:30:00+00:00,0.19555,0.19585,0.19405,0.19442,202520669.0
2025-10-19 10:45:00+00:00,0.19443,0.19464,0.19323,0.19419,101386520.0
2025-10-19 11:00:00+00:00,0.19419,0.19575,0.19415,0.19505,129984087.0
2025-10-19 11:15:00+00:00,0.19504,0.19542,0.19343,0.19369,77025596.0
2025-10-19 11:30:00+00:00,0.1937,0.19402,0.19297,0.19311,45949373.0
2025-10-19 11:45:00+00:00,0.19312,0.1934,0.19268,0.1932,52757933.0
2025-10-19 12:00:00+00:00,0.1932,0.19393,0.19249,0.19291,80143604.0
2025-10-19 12:15:00+00:00,0.1929,0.19335,0.19273,0.19303,36197562.0
2025-10-19 12:30:00+00:00,0.19303,0.19389,0.19294,0.19316,34021985.0
2025-10-19 12:45:00+00:00,0.19316,0.19388,0.19283,0.19385,24422249.0
2025-10-19 13:00:00+00:00,0.19385,0.19434,0.19351,0.19385,45314771.0
2025-10-19 13:15:00+00:00,0.19385,0.19459,0.19369,0.19447,49865348.0
2025-10-19 13:30:00+00:00,0.19446,0.19588,0.19442,0.19577,104774925.0
2025-10-19 13:45:00+00:00,0.19577,0.19794,0.19541,0.19714,157507159.0
2025-10-19 14:00:00+00:00,0.19714,0.19758,0.19595,0.19648,113712005.0
2025-10-19 14:15:00+00:00,0.19648,0.198,0.19627,0.1975,135072949.0
2025-10-19 14:30:00+00:00,0.1975,0.19767,0.19662,0.19736,96702909.0
2025-10-19 14:45:00+00:00,0.19736,0.198,0.19707,0.19769,54231976.0
2025-10-19 15:00:00+00:00,0.19768,0.19799,0.19576,0.19621,191473192.0
2025-10-19 15:15:00+00:00,0.19622,0.1966,0.19592,0.19618,47274739.0
2025-10-19 15:30:00+00:00,0.19618,0.1964,0.19584,0.19596,40963021.0
2025-10-19 15:45:00+00:00,0.19597,0.19645,0.19597,0.19642,26859165.0
2025-10-19 16:00:00+00:00,0.19642,0.19655,0.1956,0.19592,47390473.0
2025-10-19 16:15:00+00:00,0.19592,0.196,0.19537,0.19581,33385923.0
2025-10-19 16:30:00+00:00,0.19581,0.19751,0.19552,0.19738,70689615.0
2025-10-19 16:45:00+00:00,0.19737,0.19752,0.19671,0.19682,57271580.0
2025-10-19 17:00:00+00:00,0.19681,0.19861,0.19657,0.19793,119741036.0
2025-10-19 17:15:00+00:00,0.19793,0.19851,0.19716,0.19716,83573264.0
2025-10-19 17:30:00+00:00,0.19716,0.19741,0.19677,0.19706,34334691.0
2025-10-19 17:45:00+00:00,0.19706,0.19709,0.19638,0.19668,34122920.0
2025-10-19 18:00:00+00:00,0.19669,0.1973,0.19644,0.19702,54915179.0
2025-10-19 18:15:00+00:00,0.19701,0.1975,0.19668,0.19713,30678509.0
2025-10-19 18:30:00+00:00,0.19713,0.19754,0.19695,0.19738,18355942.0
2025-10-19 18:45:00+00:00,0.19738,0.19746,0.1969,0.19709,32521982.0
2025-10-19 19:00:00+00:00,0.19709,0.19709,0.19596,0.19656,38125005.0
2025-10-19 19:15:00+00:00,0.19655,0.19683,0.19639,0.19677,16714101.0
2025-10-19 19:30:00+00:00,0.19676,0.19682,0.19621,0.19658,16749276.0
2025-10-19 19:45:00+00:00,0.19658,0.19689,0.19628,0.19671,25819530.0
2025-10-19 20:00:00+00:00,0.1967,0.1975,0.19661,0.19677,60169777.0
2025-10-19 20:15:00+00:00,0.19677,0.19697,0.19653,0.19692,13496485.0
2025-10-19 20:30:00+00:00,0.19692,0.19719,0.19666,0.19713,11555008.0
2025-10-19 20:45:00+00:00,0.19713,0.19751,0.19705,0.19726,24332785.0
2025-10-19 21:00:00+00:00,0.19726,0.19738,0.1964,0.19669,43385272.0
2025-10-19 21:15:00+00:00,0.19668,0.19678,0.19601,0.19602,46687422.0
2025-10-19 21:30:00+00:00,0.19602,0.19646,0.19558,0.19632,35306418.0
2025-10-19 21:45:00+00:00,0.19631,0.19649,0.19605,0.19637,11837584.0
2025-10-19 22:00:00+00:00,0.19638,0.19716,0.19617,0.1969,59118143.0
2025-10-19 22:15:00+00:00,0.1969,0.19737,0.19669,0.1972,49567791.0
2025-10-19 22:30:00+00:00,0.19721,0.19752,0.19709,0.19738,31669793.0
2025-10-19 22:45:00+00:00,0.19738,0.19738,0.19655,0.19683,26783137.0
2025-10-19 23:00:00+00:00,0.19684,0.19684,0.19568,0.19594,44079511.0
2025-10-19 23:15:00+00:00,0.19594,0.19605,0.19544,0.19578,25253908.0
2025-10-19 23:30:00+00:00,0.19578,0.19596,0.19474,0.19496,74501310.0
2025-10-19 23:45:00+00:00,0.19496,0.19538,0.19473,0.19526,52872933.0
2025-10-20 00:00:00+00:00,0.19526,0.19526,0.19419,0.19423,92161280.0
2025-10-20 00:15:00+00:00,0.19422,0.19428,0.19223,0.1929,176043917.0
2025-10-20 00:30:00+00:00,0.1929,0.19381,0.1916,0.19323,148647124.0
2025-10-20 00:45:00+00:00,0.19324,0.19425,0.19309,0.19408,79099268.0
2025-10-20 01:00:00+00:00,0.19409,0.19494,0.1935,0.19441,87918894.0
2025-10-20 01:15:00+00:00,0.19442,0.19479,0.19392,0.19449,45287725.0
2025-10-20 01:30:00+00:00,0.19449,0.1949,0.19362,0.19403,42700411.0
2025-10-20 01:45:00+00:00,0.19403,0.19451,0.19364,0.19398,44928215.0
2025-10-20 02:00:00+00:00,0.19397,0.19397,0.19274,0.19334,77273269.0
2025-10-20 02:15:00+00:00,0.19335,0.19472,0.19316,0.19443,57463453.0
2025-10-20 02:30:00+00:00,0.19443,0.19558,0.19416,0.19513,89835910.0
2025-10-20 02:45:00+00:00,0.19513,0.19551,0.19463,0.19483,41138506.0
2025-10-20 03:00:00+00:00,0.19483,0.19484,0.19413,0.19453,33717648.0
2025-10-20 03:15:00+00:00,0.19453,0.19557,0.19443,0.19527,34576514.0
2025-10-20 03:30:00+00:00,0.19527,0.19668,0.19485,0.19616,58983326.0
2025-10-20 03:45:00+00:00,0.19616,0.19997,0.196,0.19911,315716723.0
2025-10-20 04:00:00+00:00,0.19912,0.20093,0.19912,0.20029,197922384.0
2025-10-20 04:15:00+00:00,0.20028,0.20078,0.19943,0.19984,124849885.0
2025-10-20 04:30:00+00:00,0.19984,0.20071,0.19984,0.20014,58773958.0
2025-10-20 04:45:00+00:00,0.20013,0.20088,0.19984,0.20086,42382969.0
2025-10-20 05:00:00+00:00,0.20087,0.20122,0.20013,0.20088,59447180.0
2025-10-20 05:15:00+00:00,0.20087,0.2011,0.20001,0.20069,62104446.0
2025-10-20 05:30:00+00:00,0.20069,0.20149,0.20055,0.20085,55496272.0
2025-10-20 05:45:00+00:00,0.20085,0.20176,0.20051,0.20124,61003525.0
2025-10-20 06:00:00+00:00,0.20125,0.20156,0.20072,0.20114,60899464.0
2025-10-20 06:15:00+00:00,0.20114,0.20198,0.20113,0.20144,58728663.0
2025-10-20 06:30:00+00:00,0.20144,0.20237,0.20142,0.20231,85653602.0
2025-10-20 06:45:00+00:00,0.20232,0.2024,0.20164,0.20185,55420827.0
2025-10-20 07:00:00+00:00,0.20185,0.20185,0.20111,0.20162,70687130.0
2025-10-20 07:15:00+00:00,0.20161,0.2021,0.20149,0.20177,41943289.0
2025-10-20 07:30:00+00:00,0.20177,0.20185,0.20135,0.20146,48183803.0
2025-10-20 07:45:00+00:00,0.20145,0.20152,0.20066,0.20118,67763990.0
2025-10-20 08:00:00+00:00,0.20117,0.20128,0.20033,0.20059,81947782.0
2025-10-20 08:15:00+00:00,0.20059,0.20073,0.1997,0.20046,103960317.0
2025-10-20 08:30:00+00:00,0.20046,0.20182,0.20038,0.20096,121311458.0
2025-10-20 08:45:00+00:00,0.20097,0.20127,0.20011,0.20046,35539540.0
2025-10-20 09:00:00+00:00,0.20045,0.20085,0.20004,0.20064,40274448.0
2025-10-20 09:15:00+00:00,0.20065,0.20072,0.19993,0.20015,59874260.0
2025-10-20 09:30:00+00:00,0.20015,0.20062,0.19979,0.20052,50703538.0
2025-10-20 09:45:00+00:00,0.20052,0.20106,0.20021,0.20096,37879190.0
2025-10-20 10:00:00+00:00,0.20096,0.20145,0.20048,0.20104,67635893.0
2025-10-20 10:15:00+00:00,0.20105,0.2021,0.20105,0.20193,91998842.0
2025-10-20 10:30:00+00:00,0.20193,0.20241,0.2006,0.20063,156746037.0
2025-10-20 10:45:00+00:00,0.20063,0.20073,0.19965,0.20036,111613793.0
2025-10-20 11:00:00+00:00,0.20036,0.20046,0.19961,0.19969,63436848.0
2025-10-20 11:15:00+00:00,0.19969,0.20036,0.19948,0.2002,62974008.0
2025-10-20 11:30:00+00:00,0.2002,0.2002,0.19941,0.19978,45982117.0
2025-10-20 11:45:00+00:00,0.19978,0.20046,0.19968,0.2002,46765441.0
2025-10-20 12:00:00+00:00,0.20021,0.20034,0.19975,0.20001,41860057.0
2025-10-20 12:15:00+00:00,0.20002,0.20091,0.1999,0.2006,50271851.0
2025-10-20 12:30:00+00:00,0.2006,0.20086,0.19991,0.20011,46616014.0
2025-10-20 12:45:00+00:00,0.20012,0.2006,0.19978,0.20059,39136691.0
2025-10-20 13:00:00+00:00,0.2006,0.20082,0.19987,0.19988,45146206.0
2025-10-20 13:15:00+00:00,0.19987,0.20056,0.19974,0.20044,37220315.0
2025-10-20 13:30:00+00:00,0.20045,0.20178,0.20041,0.20128,117781816.0
2025-10-20 13:45:00+00:00,0.20127,0.20176,0.2009,0.2014,61344194.0
2025-10-20 14:00:00+00:00,0.20141,0.20163,0.20063,0.20068,53776856.0
2025-10-20 14:15:00+00:00,0.20069,0.20155,0.19937,0.20139,137214382.0
2025-10-20 14:30:00+00:00,0.20138,0.2014,0.20047,0.20095,51600174.0
2025-10-20 14:45:00+00:00,0.20094,0.20163,0.20088,0.20122,48574641.0
2025-10-20 15:00:00+00:00,0.20123,0.20187,0.20025,0.20026,69903319.0
2025-10-20 15:15:00+00:00,0.20026,0.20092,0.20005,0.20043,63347845.0
2025-10-20 15:30:00+00:00,0.20042,0.20048,0.19963,0.19993,61229530.0
2025-10-20 15:45:00+00:00,0.19993,0.20073,0.1991,0.19919,116427715.0
2025-10-20 16:00:00+00:00,0.1992,0.19926,0.19574,0.19886,530716876.0
2025-10-20 16:15:00+00:00,0.19886,0.19994,0.19834,0.19908,124877892.0
2025-10-20 16:30:00+00:00,0.19908,0.19911,0.19732,0.19784,185915639.0
2025-10-20 16:45:00+00:00,0.19785,0.1986,0.19702,0.19831,165901012.0
2025-10-20 17:00:00+00:00,0.1983,0.19922,0.19761,0.19788,79389917.0
2025-10-20 17:15:00+00:00,0.19788,0.19824,0.19719,0.19753,52763152.0
2025-10-20 17:30:00+00:00,0.19753,0.19767,0.1966,0.19699,85200060.0
2025-10-20 17:45:00+00:00,0.197,0.19864,0.19699,0.19807,79205986.0
2025-10-20 18:00:00+00:00,0.19807,0.19867,0.198,0.19809,43800564.0
2025-10-20 18:15:00+00:00,0.19808,0.1983,0.19734,0.19813,51705169.0
2025-10-20 18:30:00+00:00,0.19813,0.19837,0.19768,0.19814,37856314.0
2025-10-20 18:45:00+00:00,0.19813,0.19873,0.19803,0.19864,34777126.0
2025-10-20 19:00:00+00:00,0.19863,0.199,0.19801,0.19835,67253615.0
2025-10-20 19:15:00+00:00,0.19834,0.19853,0.19765,0.19848,32678470.0
2025-10-20 19:30:00+00:00,0.19848,0.19957,0.19822,0.19942,43729846.0
2025-10-20 19:45:00+00:00,0.19943,0.20032,0.19943,0.19953,62150660.0
2025-10-20 20:00:00+00:00,0.19954,0.2001,0.19887,0.19966,52494948.0
2025-10-20 20:15:00+00:00,0.19966,0.19996,0.19936,0.19938,37005769.0
2025-10-20 20:30:00+00:00,0.19938,0.19974,0.19898,0.19971,15727470.0
2025-10-20 20:45:00+00:00,0.19972,0.20006,0.19941,0.19988,47569680.0
2025-10-20 21:00:00+00:00,0.19989,0.20068,0.1997,0.19985,44963772.0
2025-10-20 21:15:00+00:00,0.19985,0.19985,0.199,0.19948,33503340.0
2025-10-20 21:30:00+00:00,0.19948,0.19951,0.1986,0.19906,46910582.0
2025-10-20 21:45:00+00:00,0.19906,0.19906,0.19831,0.19873,41721119.0
2025-10-20 22:00:00+00:00,0.19874,0.19983,0.1984,0.19978,52608835.0
2025-10-20 22:15:00+00:00,0.19979,0.2002,0.19945,0.1995,33746840.0
2025-10-20 22:30:00+00:00,0.1995,0.20046,0.19948,0.20043,22557372.0
2025-10-20 22:45:00+00:00,0.20042,0.20046,0.20004,0.20023,21696860.0
2025-10-20 23:00:00+00:00,0.20024,0.20032,0.19948,0.19966,23055616.0
2025-10-20 23:15:00+00:00,0.19966,0.20004,0.19939,0.20003,27508383.0
2025-10-20 23:30:00+00:00,0.20004,0.20025,0.19963,0.19985,33014732.0
2025-10-20 23:45:00+00:00,0.19985,0.20009,0.19956,0.19991,25824862.0
2025-10-21 00:00:00+00:00,0.19991,0.19998,0.19907,0.19916,68085084.0
2025-10-21 00:15:00+00:00,0.19916,0.20006,0.19915,0.19991,33350679.0
2025-10-21 00:30:00+00:00,0.19992,0.20066,0.19979,0.2005,32348043.0
2025-10-21 00:45:00+00:00,0.2005,0.20058,0.19997,0.19997,17946633.0
2025-10-21 01:00:00+00:00,0.19997,0.20007,0.19844,0.19851,71290773.0
2025-10-21 01:15:00+00:00,0.19851,0.19952,0.19848,0.19942,28519317.0
2025-10-21 01:30:00+00:00,0.19943,0.19954,0.19871,0.19897,31234732.0
2025-10-21 01:45:00+00:00,0.19898,0.19927,0.1972,0.19815,106401563.0
2025-10-21 02:00:00+00:00,0.19814,0.19824,0.19671,0.19715,91150273.0
2025-10-21 02:15:00+00:00,0.19715,0.19726,0.19612,0.1968,70293074.0
2025-10-21 02:30:00+00:00,0.19679,0.19761,0.1964,0.19708,68311555.0
2025-10-21 02:45:00+00:00,0.19709,0.19722,0.19613,0.19627,35907106.0
2025-10-21 03:00:00+00:00,0.19628,0.19683,0.19595,0.19667,57281109.0
2025-10-21 03:15:00+00:00,0.19667,0.19733,0.19661,0.19694,38566265.0
2025-10-21 03:30:00+00:00,0.19693,0.19714,0.19648,0.19679,21188408.0
2025-10-21 03:45:00+00:00,0.19678,0.19678,0.19572,0.1965,93235790.0
2025-10-21 04:00:00+00:00,0.1965,0.19655,0.19337,0.19434,369316154.0
2025-10-21 04:15:00+00:00,0.19435,0.19455,0.19343,0.19433,115802736.0
2025-10-21 04:30:00+00:00,0.19432,0.19437,0.19296,0.19337,107553129.0
2025-10-21 04:45:00+00:00,0.19336,0.19373,0.19271,0.19314,103369617.0
2025-10-21 05:00:00+00:00,0.19314,0.19374,0.19282,0.19339,87894980.0
2025-10-21 05:15:00+00:00,0.19338,0.19392,0.19298,0.1936,85424464.0
2025-10-21 05:30:00+00:00,0.1936,0.19394,0.1932,0.19358,64836001.0
2025-10-21 05:45:00+00:00,0.19358,0.19399,0.19325,0.1935,34035233.0
2025-10-21 06:00:00+00:00,0.19351,0.19357,0.19301,0.19315,35894245.0
2025-10-21 06:15:00+00:00,0.19316,0.19447,0.19301,0.19391,70382149.0
2025-10-21 06:30:00+00:00,0.19392,0.19437,0.19378,0.19384,42785556.0
2025-10-21 06:45:00+00:00,0.19384,0.19415,0.19352,0.1938,36618135.0
2025-10-21 07:00:00+00:00,0.19379,0.19396,0.19321,0.19326,38274373.0
2025-10-21 07:15:00+00:00,0.19326,0.19413,0.19326,0.19409,25568529.0
2025-10-21 07:30:00+00:00,0.1941,0.19441,0.19375,0.19388,38366497.0
2025-10-21 07:45:00+00:00,0.19388,0.19439,0.19379,0.19416,21339812.0
2025-10-21 08:00:00+00:00,0.19416,0.19418,0.1932,0.19332,50069527.0
2025-10-21 08:15:00+00:00,0.19332,0.19367,0.19292,0.19318,35369307.0
2025-10-21 08:30:00+00:00,0.19318,0.19318,0.1921,0.19225,90680593.0
2025-10-21 08:45:00+00:00,0.19226,0.19352,0.19199,0.19315,62033630.0
2025-10-21 09:00:00+00:00,0.19314,0.19344,0.19266,0.19333,36799507.0
2025-10-21 09:15:00+00:00,0.19333,0.19383,0.19306,0.1936,32518412.0
2025-10-21 09:30:00+00:00,0.1936,0.19379,0.19329,0.1935,30325635.0
2025-10-21 09:45:00+00:00,0.1935,0.1938,0.19338,0.1935,17599837.0
2025-10-21 10:00:00+00:00,0.1935,0.194,0.19329,0.19361,28754682.0
2025-10-21 10:15:00+00:00,0.19362,0.19379,0.19304,0.1931,21797375.0
2025-10-21 10:30:00+00:00,0.1931,0.19432,0.19307,0.19374,58989847.0
2025-10-21 10:45:00+00:00,0.19374,0.19528,0.19374,0.1943,147520730.0
2025-10-21 11:00:00+00:00,0.19429,0.19434,0.19317,0.19347,65097933.0
2025-10-21 11:15:00+00:00,0.19348,0.19408,0.19328,0.19378,42440891.0
2025-10-21 11:30:00+00:00,0.19378,0.19444,0.19341,0.19394,64336712.0
2025-10-21 11:45:00+00:00,0.19395,0.1947,0.19394,0.19441,31714704.0
2025-10-21 12:00:00+00:00,0.19441,0.19476,0.19407,0.19436,32310303.0
2025-10-21 12:15:00+00:00,0.19436,0.19638,0.19434,0.19551,127819100.0
2025-10-21 12:30:00+00:00,0.19551,0.19619,0.19494,0.19603,61769068.0
2025-10-21 12:45:00+00:00,0.19603,0.19622,0.19449,0.19458,75428973.0
2025-10-21 13:00:00+00:00,0.19457,0.19527,0.19354,0.19475,110905292.0
2025-10-21 13:15:00+00:00,0.19475,0.19534,0.19451,0.19522,53555971.0
2025-10-21 13:30:00+00:00,0.19523,0.19598,0.19425,0.1951,96575472.0
2025-10-21 13:45:00+00:00,0.19509,0.19509,0.19395,0.19483,107936134.0
2025-10-21 14:00:00+00:00,0.19484,0.19814,0.19481,0.19802,242695819.0
2025-10-21 14:15:00+00:00,0.19801,0.19945,0.19704,0.19704,270946960.0
2025-10-21 14:30:00+00:00,0.19705,0.1987,0.197,0.1983,81866296.0
2025-10-21 14:45:00+00:00,0.1983,0.20349,0.19775,0.20297,330960234.0
2025-10-21 15:00:00+00:00,0.20298,0.20461,0.20168,0.20369,342164514.0
2025-10-21 15:15:00+00:00,0.20369,0.20546,0.20319,0.20468,184161472.0
2025-10-21 15:30:00+00:00,0.20468,0.20542,0.20321,0.2051,179145158.0
2025-10-21 15:45:00+00:00,0.2051,0.20556,0.20384,0.20433,98544445.0
2025-10-21 16:00:00+00:00,0.20433,0.20487,0.2031,0.20484,145315928.0
2025-10-21 16:15:00+00:00,0.20485,0.20493,0.20399,0.2044,98616886.0
2025-10-21 16:30:00+00:00,0.20441,0.20472,0.20334,0.20384,105760749.0
2025-10-21 16:45:00+00:00,0.20384,0.20449,0.2003,0.20086,247655220.0
2025-10-21 17:00:00+00:00,0.20086,0.20244,0.20033,0.20172,194288097.0
2025-10-21 17:15:00+00:00,0.20172,0.20191,0.19897,0.20112,289987937.0
2025-10-21 17:30:00+00:00,0.20113,0.20198,0.20054,0.20175,104710168.0
2025-10-21 17:45:00+00:00,0.20175,0.202,0.20105,0.20139,60817083.0
2025-10-21 18:00:00+00:00,0.20139,0.2019,0.20049,0.20084,70206742.0
2025-10-21 18:15:00+00:00,0.20083,0.20172,0.20065,0.20105,52255855.0
2025-10-21 18:30:00+00:00,0.20105,0.20139,0.20057,0.20091,55131190.0
2025-10-21 18:45:00+00:00,0.2009,0.20181,0.20085,0.20173,32033289.0
2025-10-21 19:00:00+00:00,0.20172,0.20205,0.2015,0.20204,22958135.0
2025-10-21 19:15:00+00:00,0.20205,0.20229,0.20102,0.20145,39819771.0
2025-10-21 19:30:00+00:00,0.20144,0.20194,0.20122,0.20163,21949975.0
2025-10-21 19:45:00+00:00,0.20163,0.20206,0.20138,0.20142,17608737.0
2025-10-21 20:00:00+00:00,0.20142,0.20169,0.20021,0.20086,52502402.0
2025-10-21 20:15:00+00:00,0.20086,0.20094,0.19863,0.19965,119071686.0
2025-10-21 20:30:00+00:00,0.19964,0.20011,0.199,0.19969,50531127.0
2025-10-21 20:45:00+00:00,0.19968,0.19982,0.19902,0.1994,29173681.0
2025-10-21 21:00:00+00:00,0.19939,0.20037,0.19917,0.20022,36788862.0
2025-10-21 21:15:00+00:00,0.20021,0.20039,0.19513,0.1977,330363200.0
2025-10-21 21:30:00+00:00,0.19769,0.19895,0.1973,0.19891,65443868.0
2025-10-21 21:45:00+00:00,0.1989,0.1991,0.19858,0.19892,16611523.0
2025-10-21 22:00:00+00:00,0.19891,0.19932,0.19754,0.19829,68641326.0
2025-10-21 22:15:00+00:00,0.19828,0.19871,0.19643,0.19675,78753982.0
2025-10-21 22:30:00+00:00,0.19675,0.1973,0.1948,0.19586,220983738.0
2025-10-21 22:45:00+00:00,0.19587,0.19676,0.19557,0.19577,54998892.0
2025-10-21 23:00:00+00:00,0.19577,0.1964,0.19546,0.19605,54403488.0
2025-10-21 23:15:00+00:00,0.19605,0.19648,0.19531,0.19534,63616957.0
2025-10-21 23:30:00+00:00,0.19534,0.19539,0.19353,0.194,187299194.0
2025-10-21 23:45:00+00:00,0.19401,0.1947,0.19369,0.19418,75508885.0
2025-10-22 00:00:00+00:00,0.19417,0.19532,0.19389,0.19516,99960495.0
2025-10-22 00:15:00+00:00,0.19515,0.19517,0.1934,0.19371,63401611.0
2025-10-22 00:30:00+00:00,0.19372,0.1946,0.19234,0.19319,169450901.0
2025-10-22 00:45:00+00:00,0.1932,0.19377,0.19309,0.19344,45013712.0
2025-10-22 01:00:00+00:00,0.19344,0.195,0.19337,0.19464,75869447.0
2025-10-22 01:15:00+00:00,0.19463,0.19463,0.1932,0.19407,63630406.0
2025-10-22 01:30:00+00:00,0.19406,0.19424,0.1935,0.19421,30305650.0
2025-10-22 01:45:00+00:00,0.19421,0.19487,0.194,0.19448,64376177.0
2025-10-22 02:00:00+00:00,0.19449,0.1951,0.1942,0.19504,56238644.0
2025-10-22 02:15:00+00:00,0.19504,0.19504,0.19455,0.1948,36055197.0
2025-10-22 02:30:00+00:00,0.19481,0.19481,0.1942,0.19427,26541974.0
2025-10-22 02:45:00+00:00,0.19426,0.1946,0.19414,0.1942,28136280.0
2025-10-22 03:00:00+00:00,0.19421,0.19422,0.19283,0.19291,59243125.0
2025-10-22 03:15:00+00:00,0.19291,0.19364,0.1925,0.1934,54368449.0
2025-10-22 03:30:00+00:00,0.1934,0.19365,0.19273,0.19297,48930789.0
2025-10-22 03:45:00+00:00,0.19297,0.19378,0.19287,0.19367,35888969.0
2025-10-22 04:00:00+00:00,0.19367,0.1948,0.19354,0.1944,74684627.0
2025-10-22 04:15:00+00:00,0.19441,0.19461,0.19411,0.19432,40434859.0
2025-10-22 04:30:00+00:00,0.19431,0.19516,0.19427,0.19474,45645929.0
2025-10-22 04:45:00+00:00,0.19474,0.19485,0.19457,0.19474,35248762.0
2025-10-22 05:00:00+00:00,0.19473,0.19473,0.19358,0.19364,48938387.0
2025-10-22 05:15:00+00:00,0.19365,0.19378,0.18926,0.19129,389480663.0
2025-10-22 05:30:00+00:00,0.19128,0.19136,0.18996,0.19135,216269840.0
2025-10-22 05:45:00+00:00,0.19135,0.19177,0.19085,0.19171,70183979.0
2025-10-22 06:00:00+00:00,0.1917,0.1917,0.19111,0.19154,39208254.0
2025-10-22 06:15:00+00:00,0.19154,0.19195,0.19117,0.19141,46274632.0
2025-10-22 06:30:00+00:00,0.19141,0.19204,0.19131,0.1915,53074418.0
2025-10-22 06:45:00+00:00,0.1915,0.19162,0.19108,0.19118,33398791.0
2025-10-22 07:00:00+00:00,0.19118,0.19124,0.19033,0.19042,80006504.0
2025-10-22 07:15:00+00:00,0.19042,0.19147,0.1904,0.19133,61701126.0
2025-10-22 07:30:00+00:00,0.19134,0.19187,0.19109,0.19149,42984463.0
2025-10-22 07:45:00+00:00,0.19148,0.19208,0.19128,0.19185,53497685.0
2025-10-22 08:00:00+00:00,0.19184,0.19184,0.19087,0.19088,39114966.0
2025-10-22 08:15:00+00:00,0.19088,0.19151,0.19071,0.19128,39386328.0
2025-10-22 08:30:00+00:00,0.19129,0.19171,0.19091,0.19168,28303351.0
2025-10-22 08:45:00+00:00,0.19167,0.19187,0.19129,0.19137,26724722.0
2025-10-22 09:00:00+00:00,0.19138,0.19158,0.1904,0.19048,47510249.0
2025-10-22 09:15:00+00:00,0.19049,0.19112,0.19003,0.19108,57618430.0
2025-10-22 09:30:00+00:00,0.19108,0.19131,0.19018,0.19025,44397255.0
2025-10-22 09:45:00+00:00,0.19025,0.19089,0.18988,0.19056,52702378.0
2025-10-22 10:00:00+00:00,0.19057,0.19108,0.19015,0.1909,42587776.0
2025-10-22 10:15:00+00:00,0.19091,0.19118,0.19012,0.19036,44949445.0
2025-10-22 10:30:00+00:00,0.19037,0.19066,0.18977,0.19005,54889667.0
2025-10-22 10:45:00+00:00,0.19005,0.1904,0.18967,0.18997,51185249.0
2025-10-22 11:00:00+00:00,0.18997,0.19123,0.186,0.19097,505245044.0
2025-10-22 11:15:00+00:00,0.19097,0.19173,0.19025,0.19066,186262451.0
2025-10-22 11:30:00+00:00,0.19067,0.19132,0.19067,0.19089,48501040.0
2025-10-22 11:45:00+00:00,0.19088,0.19108,0.19021,0.19087,54686227.0
2025-10-22 12:00:00+00:00,0.19087,0.19114,0.19031,0.19089,51773058.0
2025-10-22 12:15:00+00:00,0.1909,0.19206,0.1909,0.19133,105105239.0
2025-10-22 12:30:00+00:00,0.19134,0.19219,0.19121,0.19176,68322433.0
2025-10-22 12:45:00+00:00,0.19177,0.19177,0.19085,0.19118,50003472.0
2025-10-22 13:00:00+00:00,0.19118,0.19206,0.19075,0.19175,58475605.0
2025-10-22 13:15:00+00:00,0.19175,0.19175,0.19109,0.1912,39349648.0
2025-10-22 13:30:00+00:00,0.1912,0.19176,0.18985,0.1908,167063756.0
2025-10-22 13:45:00+00:00,0.1908,0.19268,0.19019,0.19226,154977874.0
2025-10-22 14:00:00+00:00,0.19225,0.19228,0.19002,0.19084,154707378.0
2025-10-22 14:15:00+00:00,0.19085,0.19111,0.18844,0.18908,228407875.0
2025-10-22 14:30:00+00:00,0.18909,0.19045,0.18804,0.1895,240184138.0
2025-10-22 14:45:00+00:00,0.18951,0.19242,0.18895,0.19231,248275414.0
2025-10-22 15:00:00+00:00,0.19232,0.19334,0.19087,0.19098,146726585.0
2025-10-22 15:15:00+00:00,0.19099,0.19099,0.1896,0.19028,96794949.0
2025-10-22 15:30:00+00:00,0.19028,0.19204,0.18994,0.19183,121074694.0
2025-10-22 15:45:00+00:00,0.19184,0.1925,0.19162,0.19206,73914330.0
2025-10-22 16:00:00+00:00,0.19206,0.19289,0.19157,0.19162,80232335.0
2025-10-22 16:15:00+00:00,0.19163,0.19231,0.19075,0.1921,78399217.0
2025-10-22 16:30:00+00:00,0.1921,0.19308,0.19032,0.1921,234887856.0
2025-10-22 16:45:00+00:00,0.19211,0.19278,0.19125,0.1916,80031746.0
2025-10-22 17:00:00+00:00,0.1916,0.19225,0.19144,0.1917,56867052.0
2025-10-22 17:15:00+00:00,0.1917,0.19187,0.19115,0.19154,55958737.0
2025-10-22 17:30:00+00:00,0.19154,0.19235,0.19079,0.19098,75813586.0
2025-10-22 17:45:00+00:00,0.19097,0.19141,0.18993,0.19036,68272094.0
2025-10-22 18:00:00+00:00,0.19035,0.19124,0.19015,0.19025,58857773.0
2025-10-22 18:15:00+00:00,0.19025,0.19109,0.1894,0.19091,93300030.0
2025-10-22 18:30:00+00:00,0.19091,0.19123,0.19008,0.19021,50484780.0
2025-10-22 18:45:00+00:00,0.1902,0.19083,0.19018,0.19072,43774835.0
2025-10-22 19:00:00+00:00,0.19072,0.1922,0.19058,0.19139,85802270.0
2025-10-22 19:15:00+00:00,0.19139,0.19203,0.19125,0.19137,45069852.0
2025-10-22 19:30:00+00:00,0.19138,0.19173,0.19072,0.19076,47297316.0
2025-10-22 19:45:00+00:00,0.19076,0.19088,0.18853,0.1904,120405263.0
2025-10-22 20:00:00+00:00,0.19041,0.19097,0.19011,0.19058,85084369.0
2025-10-22 20:15:00+00:00,0.19059,0.19059,0.18939,0.18953,43397351.0
2025-10-22 20:30:00+00:00,0.18954,0.19061,0.18883,0.19052,66950479.0
2025-10-22 20:45:00+00:00,0.19052,0.19057,0.1892,0.1895,57354372.0
2025-10-22 21:00:00+00:00,0.1895,0.18959,0.18447,0.18713,447384913.0
2025-10-22 21:15:00+00:00,0.18714,0.18805,0.18637,0.18642,148864405.0
2025-10-22 21:30:00+00:00,0.18641,0.18745,0.18622,0.18704,75637001.0
2025-10-22 21:45:00+00:00,0.18704,0.18827,0.18699,0.18754,64616187.0
2025-10-22 22:00:00+00:00,0.18754,0.18872,0.1873,0.18815,78693388.0
2025-10-22 22:15:00+00:00,0.18816,0.18827,0.1866,0.18683,65193120.0
2025-10-22 22:30:00+00:00,0.18683,0.18797,0.1866,0.18754,64951084.0
2025-10-22 22:45:00+00:00,0.18754,0.18788,0.18691,0.18731,53559225.0
2025-10-22 23:00:00+00:00,0.18731,0.18879,0.18719,0.18846,66255536.0
2025-10-22 23:15:00+00:00,0.18845,0.19008,0.18836,0.18937,77079968.0
2025-10-22 23:30:00+00:00,0.18937,0.19048,0.18936,0.18964,60488645.0
2025-10-22 23:45:00+00:00,0.18963,0.19012,0.18961,0.18982,31944510.0
2025-10-23 00:00:00+00:00,0.18983,0.19025,0.18947,0.19019,48364015.0
2025-10-23 00:15:00+00:00,0.19019,0.19051,0.18961,0.18993,39767265.0
2025-10-23 00:30:00+00:00,0.18993,0.19063,0.18988,0.1902,36901263.0
2025-10-23 00:45:00+00:00,0.19021,0.19081,0.19006,0.19041,41909940.0
2025-10-23 01:00:00+00:00,0.19041,0.19142,0.19033,0.19113,56570874.0
2025-10-23 01:15:00+00:00,0.19112,0.19147,0.19028,0.1908,56238813.0
2025-10-23 01:30:00+00:00,0.19079,0.19139,0.19067,0.19101,33310909.0
2025-10-23 01:45:00+00:00,0.19101,0.19108,0.19065,0.19075,22834287.0
2025-10-23 02:00:00+00:00,0.19076,0.1908,0.19031,0.19052,19673828.0
2025-10-23 02:15:00+00:00,0.19051,0.19096,0.19051,0.19071,23236202.0
2025-10-23 02:30:00+00:00,0.19072,0.19096,0.19059,0.19071,20014592.0
2025-10-23 02:45:00+00:00,0.19072,0.19093,0.19048,0.19092,31446287.0
2025-10-23 03:00:00+00:00,0.19093,0.19118,0.19076,0.19099,28991964.0
2025-10-23 03:15:00+00:00,0.191,0.19163,0.1909,0.19152,34786400.0
2025-10-23 03:30:00+00:00,0.19152,0.19166,0.19104,0.19107,23897908.0
2025-10-23 03:45:00+00:00,0.19107,0.19111,0.1907,0.19097,22261607.0
2025-10-23 04:00:00+00:00,0.19098,0.19129,0.19076,0.19077,25255439.0
2025-10-23 04:15:00+00:00,0.19077,0.19158,0.19071,0.19149,26853983.0
2025-10-23 04:30:00+00:00,0.1915,0.19235,0.19113,0.19218,46351506.0
2025-10-23 04:45:00+00:00,0.19219,0.19227,0.1914,0.19145,32930805.0
2025-10-23 05:00:00+00:00,0.19146,0.19179,0.19136,0.19173,29965210.0
2025-10-23 05:15:00+00:00,0.19173,0.19173,0.1913,0.19152,20431447.0
2025-10-23 05:30:00+00:00,0.19153,0.19162,0.19123,0.19131,26105035.0
2025-10-23 05:45:00+00:00,0.19131,0.19211,0.19122,0.19205,33244709.0
2025-10-23 06:00:00+00:00,0.19205,0.19234,0.19187,0.1923,42115422.0
2025-10-23 06:15:00+00:00,0.1923,0.1942,0.1923,0.19357,196721726.0
2025-10-23 06:30:00+00:00,0.19357,0.19442,0.19347,0.19408,73652828.0
2025-10-23 06:45:00+00:00,0.19409,0.19485,0.19404,0.19465,72323852.0
2025-10-23 07:00:00+00:00,0.19465,0.19485,0.19371,0.19376,68668099.0
2025-10-23 07:15:00+00:00,0.19375,0.19397,0.19302,0.19354,53525449.0
2025-10-23 07:30:00+00:00,0.19354,0.19396,0.19314,0.19363,42119320.0
2025-10-23 07:45:00+00:00,0.19363,0.19427,0.19361,0.19393,62215853.0
2025-10-23 08:00:00+00:00,0.19394,0.19472,0.19389,0.1946,54398872.0
2025-10-23 08:15:00+00:00,0.1946,0.19505,0.19411,0.1944,57237556.0
2025-10-23 08:30:00+00:00,0.19441,0.19459,0.19397,0.19425,55283854.0
2025-10-23 08:45:00+00:00,0.19425,0.1946,0.19389,0.19418,26660287.0
2025-10-23 09:00:00+00:00,0.19418,0.19483,0.19392,0.19419,95137995.0
2025-10-23 09:15:00+00:00,0.1942,0.19483,0.19418,0.19456,41440747.0
2025-10-23 09:30:00+00:00,0.19456,0.19468,0.19433,0.19453,20482606.0
2025-10-23 09:45:00+00:00,0.19454,0.19487,0.19428,0.19478,24993879.0
2025-10-23 10:00:00+00:00,0.19479,0.19529,0.19471,0.19516,47266497.0
2025-10-23 10:15:00+00:00,0.19515,0.19587,0.19515,0.19532,82656613.0
2025-10-23 10:30:00+00:00,0.19532,0.19552,0.19503,0.19534,52211393.0
2025-10-23 10:45:00+00:00,0.19534,0.19564,0.19464,0.19468,58343199.0
2025-10-23 11:00:00+00:00,0.19469,0.1948,0.19387,0.1942,109826977.0
2025-10-23 11:15:00+00:00,0.1942,0.19456,0.19377,0.19429,47870981.0
2025-10-23 11:30:00+00:00,0.19429,0.19436,0.19331,0.19341,77542514.0
2025-10-23 11:45:00+00:00,0.19342,0.19356,0.19309,0.19326,46100640.0
2025-10-23 12:00:00+00:00,0.19326,0.19326,0.19139,0.19243,194042676.0
2025-10-23 12:15:00+00:00,0.19243,0.19344,0.19216,0.19322,75937629.0
2025-10-23 12:30:00+00:00,0.19322,0.19341,0.19258,0.19331,47306438.0
2025-10-23 12:45:00+00:00,0.19332,0.19386,0.19295,0.19378,61783693.0
2025-10-23 13:00:00+00:00,0.19378,0.19378,0.19259,0.19357,75126424.0
2025-10-23 13:15:00+00:00,0.19358,0.19386,0.19327,0.19367,32570793.0
2025-10-23 13:30:00+00:00,0.19366,0.1951,0.19336,0.19425,153023367.0
2025-10-23 13:45:00+00:00,0.19426,0.19463,0.19366,0.19415,65036380.0
2025-10-23 14:00:00+00:00,0.19416,0.19431,0.19272,0.19288,94312030.0
2025-10-23 14:15:00+00:00,0.19289,0.19395,0.19249,0.19355,81272236.0
2025-10-23 14:30:00+00:00,0.19355,0.19481,0.19341,0.19411,55253753.0
2025-10-23 14:45:00+00:00,0.19412,0.19463,0.19385,0.19433,34924609.0
2025-10-23 15:00:00+00:00,0.19434,0.19611,0.194,0.19517,113539756.0
2025-10-23 15:15:00+00:00,0.19517,0.19541,0.19422,0.1951,60975627.0
2025-10-23 15:30:00+00:00,0.19511,0.19605,0.19462,0.19478,75572487.0
2025-10-23 15:45:00+00:00,0.19478,0.19602,0.19463,0.19543,43678572.0
2025-10-23 16:00:00+00:00,0.19542,0.1959,0.19501,0.19566,51392851.0
2025-10-23 16:15:00+00:00,0.19566,0.19596,0.19498,0.19515,35842321.0
2025-10-23 16:30:00+00:00,0.19514,0.19547,0.19484,0.19528,30523569.0
2025-10-23 16:45:00+00:00,0.19529,0.19699,0.19523,0.19677,94888339.0
2025-10-23 17:00:00+00:00,0.19677,0.19683,0.1949,0.19538,109887389.0
2025-10-23 17:15:00+00:00,0.19538,0.19581,0.19509,0.19553,27562619.0
2025-10-23 17:30:00+00:00,0.19554,0.19727,0.19553,0.19666,118750430.0
2025-10-23 17:45:00+00:00,0.19666,0.19736,0.19662,0.19693,65132367.0
2025-10-23 18:00:00+00:00,0.19693,0.19709,0.19587,0.19593,52741195.0
2025-10-23 18:15:00+00:00,0.19593,0.19648,0.19591,0.19627,44779021.0
2025-10-23 18:30:00+00:00,0.19628,0.19643,0.19576,0.19606,37534947.0
2025-10-23 18:45:00+00:00,0.19606,0.19611,0.19528,0.19569,28677066.0
2025-10-23 19:00:00+00:00,0.19569,0.19576,0.19472,0.19541,47339085.0
2025-10-23 19:15:00+00:00,0.19541,0.19582,0.19493,0.19576,23829428.0
2025-10-23 19:30:00+00:00,0.19577,0.19579,0.19529,0.19547,15481978.0
2025-10-23 19:45:00+00:00,0.19547,0.19595,0.19542,0.19578,20326547.0
2025-10-23 20:00:00+00:00,0.19578,0.19581,0.19453,0.19491,58109480.0
2025-10-23 20:15:00+00:00,0.1949,0.19518,0.19481,0.19513,20801559.0
2025-10-23 20:30:00+00:00,0.19513,0.19536,0.19432,0.19473,32825898.0
2025-10-23 20:45:00+00:00,0.19472,0.19482,0.19196,0.19348,136080371.0
2025-10-23 21:00:00+00:00,0.19347,0.19419,0.19309,0.19395,71637277.0
2025-10-23 21:15:00+00:00,0.19394,0.1941,0.19348,0.19375,29585297.0
2025-10-23 21:30:00+00:00,0.19375,0.19401,0.19352,0.19374,23478794.0
2025-10-23 21:45:00+00:00,0.19374,0.19408,0.19365,0.19387,13855322.0
2025-10-23 22:00:00+00:00,0.19386,0.19467,0.19376,0.19423,40018805.0
2025-10-23 22:15:00+00:00,0.19424,0.19445,0.19399,0.1943,19348701.0
2025-10-23 22:30:00+00:00,0.19431,0.19483,0.19423,0.19436,35131610.0
2025-10-23 22:45:00+00:00,0.19437,0.19471,0.19428,0.19452,21950570.0
2025-10-23 23:00:00+00:00,0.19453,0.19462,0.19428,0.19461,17311790.0
2025-10-23 23:15:00+00:00,0.19462,0.1948,0.19435,0.19448,20525921.0
2025-10-23 23:30:00+00:00,0.19449,0.19462,0.19423,0.19441,19823451.0
2025-10-23 23:45:00+00:00,0.19441,0.19485,0.19433,0.19484,33582934.0
2025-10-24 00:00:00+00:00,0.19484,0.19501,0.19427,0.19484,67083635.0
2025-10-24 00:15:00+00:00,0.19484,0.19512,0.19424,0.19431,51289353.0
2025-10-24 00:30:00+00:00,0.1943,0.19532,0.1943,0.19513,41636590.0
2025-10-24 00:45:00+00:00,0.19513,0.19584,0.19505,0.19524,59151407.0
2025-10-24 01:00:00+00:00,0.19525,0.19552,0.19515,0.19522,27955749.0
2025-10-24 01:15:00+00:00,0.19522,0.19527,0.19441,0.19457,40369015.0
2025-10-24 01:30:00+00:00,0.19457,0.195,0.19441,0.19496,29892267.0
2025-10-24 01:45:00+00:00,0.19496,0.1955,0.19496,0.19539,40354428.0
2025-10-24 02:00:00+00:00,0.19539,0.1954,0.19511,0.19519,15106148.0
2025-10-24 02:15:00+00:00,0.19519,0.19543,0.19465,0.19483,25292516.0
2025-10-24 02:30:00+00:00,0.19484,0.19554,0.19483,0.19552,31399406.0
2025-10-24 02:45:00+00:00,0.19552,0.19577,0.19533,0.19536,44044867.0
2025-10-24 03:00:00+00:00,0.19537,0.19547,0.19495,0.19515,33387617.0
2025-10-24 03:15:00+00:00,0.19515,0.19536,0.19498,0.19517,12428102.0
2025-10-24 03:30:00+00:00,0.19517,0.19521,0.19481,0.195,21177679.0
2025-10-24 03:45:00+00:00,0.19499,0.1953,0.19472,0.19524,20624335.0
2025-10-24 04:00:00+00:00,0.19524,0.19576,0.19492,0.19565,27298096.0
2025-10-24 04:15:00+00:00,0.19565,0.19688,0.19549,0.19667,82740798.0
2025-10-24 04:30:00+00:00,0.19667,0.19791,0.19655,0.19762,132369518.0
2025-10-24 04:45:00+00:00,0.19762,0.19816,0.19751,0.19755,84746085.0
2025-10-24 05:00:00+00:00,0.19756,0.19778,0.19714,0.19744,67890653.0
2025-10-24 05:15:00+00:00,0.19744,0.1977,0.19725,0.19752,38663335.0
2025-10-24 05:30:00+00:00,0.19753,0.19779,0.19717,0.19775,41573504.0
2025-10-24 05:45:00+00:00,0.19774,0.19828,0.19762,0.19776,70308976.0
2025-10-24 06:00:00+00:00,0.19776,0.19802,0.19742,0.1978,46216654.0
2025-10-24 06:15:00+00:00,0.1978,0.19802,0.19747,0.19795,33801386.0
2025-10-24 06:30:00+00:00,0.19795,0.19817,0.19777,0.19806,37592620.0
2025-10-24 06:45:00+00:00,0.19806,0.19843,0.19785,0.19828,32364212.0
2025-10-24 07:00:00+00:00,0.19828,0.19839,0.19733,0.1974,45051011.0
2025-10-24 07:15:00+00:00,0.1974,0.1976,0.19701,0.19752,36010466.0
2025-10-24 07:30:00+00:00,0.19752,0.19759,0.19653,0.19657,65914002.0
2025-10-24 07:45:00+00:00,0.19656,0.19667,0.19598,0.19667,80394423.0
2025-10-24 08:00:00+00:00,0.19666,0.19707,0.19602,0.19678,60534484.0
2025-10-24 08:15:00+00:00,0.19678,0.19696,0.19634,0.19657,28346780.0
2025-10-24 08:30:00+00:00,0.19657,0.19758,0.19633,0.19755,45850481.0
2025-10-24 08:45:00+00:00,0.19755,0.19784,0.19706,0.19712,41583659.0
2025-10-24 09:00:00+00:00,0.19711,0.19743,0.19682,0.19729,31801071.0
2025-10-24 09:15:00+00:00,0.19729,0.19753,0.19713,0.19736,19436504.0
2025-10-24 09:30:00+00:00,0.19736,0.1974,0.19678,0.19722,25962153.0
2025-10-24 09:45:00+00:00,0.19721,0.19746,0.19698,0.19719,18629680.0
2025-10-24 10:00:00+00:00,0.19719,0.19737,0.19684,0.19735,21642744.0
2025-10-24 10:15:00+00:00,0.19736,0.19739,0.19646,0.19651,34537231.0
2025-10-24 10:30:00+00:00,0.19652,0.19701,0.19651,0.19686,21381973.0
2025-10-24 10:45:00+00:00,0.19686,0.19699,0.19652,0.1966,24346723.0
2025-10-24 11:00:00+00:00,0.19661,0.19692,0.19626,0.19686,30410617.0
2025-10-24 11:15:00+00:00,0.19686,0.19702,0.19629,0.1965,32353267.0
2025-10-24 11:30:00+00:00,0.19651,0.19672,0.19533,0.19671,104288739.0
2025-10-24 11:45:00+00:00,0.1967,0.19742,0.19651,0.19726,50547206.0
2025-10-24 12:00:00+00:00,0.19726,0.19771,0.19726,0.19748,40746348.0
2025-10-24 12:15:00+00:00,0.19748,0.19773,0.19695,0.19747,52104973.0
2025-10-24 12:30:00+00:00,0.19746,0.20113,0.19716,0.19874,427543582.0
2025-10-24 12:45:00+00:00,0.19875,0.19883,0.19759,0.19803,74364943.0
2025-10-24 13:00:00+00:00,0.19802,0.1983,0.19767,0.19791,45239777.0
2025-10-24 13:15:00+00:00,0.19791,0.19827,0.19778,0.19783,47616259.0
2025-10-24 13:30:00+00:00,0.19783,0.19806,0.19646,0.19652,134184774.0
2025-10-24 13:45:00+00:00,0.19652,0.19743,0.1955,0.19724,158101840.0
2025-10-24 14:00:00+00:00,0.19724,0.19726,0.19544,0.19614,147148239.0
2025-10-24 14:15:00+00:00,0.19614,0.1962,0.19396,0.19474,209648474.0
2025-10-24 14:30:00+00:00,0.19473,0.1952,0.19421,0.19505,83903786.0
2025-10-24 14:45:00+00:00,0.19505,0.19514,0.19431,0.19481,78523190.0
2025-10-24 15:00:00+00:00,0.19481,0.19554,0.1942,0.19532,66741288.0
2025-10-24 15:15:00+00:00,0.19532,0.19598,0.19495,0.19567,69162898.0
2025-10-24 15:30:00+00:00,0.19568,0.19583,0.19491,0.19502,45626919.0
2025-10-24 15:45:00+00:00,0.19502,0.19503,0.19438,0.19485,63390327.0
2025-10-24 16:00:00+00:00,0.19486,0.19499,0.19403,0.19466,79799276.0
2025-10-24 16:15:00+00:00,0.19466,0.1955,0.19459,0.19498,39790908.0
2025-10-24 16:30:00+00:00,0.19498,0.19502,0.19402,0.19434,36075297.0
2025-10-24 16:45:00+00:00,0.19434,0.19483,0.19409,0.19482,32442718.0
2025-10-24 17:00:00+00:00,0.19482,0.19546,0.19466,0.19499,42632790.0
2025-10-24 17:15:00+00:00,0.19499,0.19586,0.1949,0.19563,28984214.0
2025-10-24 17:30:00+00:00,0.19563,0.19571,0.19542,0.19556,27446662.0
2025-10-24 17:45:00+00:00,0.19556,0.19579,0.19506,0.19508,32534242.0
2025-10-24 18:00:00+00:00,0.19508,0.19582,0.19488,0.19574,26921680.0
2025-10-24 18:15:00+00:00,0.19574,0.19597,0.19547,0.19566,22208370.0
2025-10-24 18:30:00+00:00,0.19567,0.1959,0.19543,0.19569,14552878.0
2025-10-24 18:45:00+00:00,0.1957,0.19605,0.1955,0.196,15412302.0
2025-10-24 19:00:00+00:00,0.19599,0.19676,0.19595,0.19636,54562347.0
2025-10-24 19:15:00+00:00,0.19636,0.19698,0.19632,0.19692,33075506.0
2025-10-24 19:30:00+00:00,0.19691,0.19699,0.19641,0.19672,26112462.0
2025-10-24 19:45:00+00:00,0.19672,0.19696,0.19645,0.19665,48805422.0
2025-10-24 20:00:00+00:00,0.19665,0.19717,0.19656,0.19705,33145532.0
2025-10-24 20:15:00+00:00,0.19704,0.19775,0.19704,0.19745,38014075.0
2025-10-24 20:30:00+00:00,0.19745,0.1976,0.19718,0.19736,22465499.0
2025-10-24 20:45:00+00:00,0.19735,0.19765,0.19712,0.19755,28589422.0
2025-10-24 21:00:00+00:00,0.19755,0.19776,0.19697,0.19699,35979766.0
2025-10-24 21:15:00+00:00,0.19699,0.19787,0.19697,0.19747,36441456.0
2025-10-24 21:30:00+00:00,0.19747,0.19772,0.1974,0.19768,11483762.0
2025-10-24 21:45:00+00:00,0.19768,0.19812,0.19766,0.19806,18217769.0
2025-10-24 22:00:00+00:00,0.19806,0.19816,0.1976,0.19774,29135121.0
2025-10-24 22:15:00+00:00,0.19774,0.19807,0.19763,0.19801,15077034.0
2025-10-24 22:30:00+00:00,0.19801,0.19847,0.19792,0.19804,48497889.0
2025-10-24 22:45:00+00:00,0.19804,0.19807,0.19769,0.19794,15672494.0
2025-10-24 23:00:00+00:00,0.19793,0.19794,0.19723,0.19734,34033423.0
2025-10-24 23:15:00+00:00,0.19734,0.19778,0.19724,0.19759,21364831.0
2025-10-24 23:30:00+00:00,0.1976,0.19783,0.19734,0.19741,17191489.0
2025-10-24 23:45:00+00:00,0.1974,0.19774,0.19738,0.19766,10925739.0
2025-10-25 00:00:00+00:00,0.19766,0.19774,0.19731,0.19745,41250874.0
2025-10-25 00:15:00+00:00,0.19744,0.1978,0.19729,0.19761,66165153.0
2025-10-25 00:30:00+00:00,0.1976,0.19839,0.1974,0.19833,95840725.0
2025-10-25 00:45:00+00:00,0.19833,0.1988,0.19754,0.19815,117246002.0
2025-10-25 01:00:00+00:00,0.19816,0.19868,0.19791,0.19864,82776182.0
2025-10-25 01:15:00+00:00,0.19863,0.19955,0.19844,0.19935,95056694.0
2025-10-25 01:30:00+00:00,0.19936,0.19983,0.19876,0.19905,54354880.0
2025-10-25 01:45:00+00:00,0.19905,0.19948,0.19902,0.19946,20642581.0
2025-10-25 02:00:00+00:00,0.19947,0.19954,0.19881,0.19901,25817019.0
2025-10-25 02:15:00+00:00,0.19902,0.19934,0.19895,0.19899,24141910.0
2025-10-25 02:30:00+00:00,0.19899,0.19899,0.19839,0.19864,30885896.0
2025-10-25 02:45:00+00:00,0.19864,0.19924,0.19863,0.19889,24558710.0
2025-10-25 03:00:00+00:00,0.19888,0.19903,0.19808,0.19828,31882377.0
2025-10-25 03:15:00+00:00,0.19828,0.19849,0.19806,0.19807,20953415.0
2025-10-25 03:30:00+00:00,0.19807,0.19828,0.19792,0.19819,22480565.0
2025-10-25 03:45:00+00:00,0.19818,0.19818,0.19768,0.19775,33375054.0
2025-10-25 04:00:00+00:00,0.19776,0.19875,0.19775,0.19857,43777561.0
2025-10-25 04:15:00+00:00,0.19857,0.19909,0.19853,0.19864,32422981.0
2025-10-25 04:30:00+00:00,0.19863,0.19885,0.1985,0.19853,31732411.0
2025-10-25 04:45:00+00:00,0.19852,0.19887,0.19852,0.19858,20294975.0
2025-10-25 05:00:00+00:00,0.19859,0.1988,0.198,0.19829,26770359.0
2025-10-25 05:15:00+00:00,0.1983,0.19885,0.198,0.19878,34762468.0
2025-10-25 05:30:00+00:00,0.19878,0.19881,0.19839,0.19867,23642830.0
2025-10-25 05:45:00+00:00,0.19867,0.19899,0.19857,0.19899,20490046.0
2025-10-25 06:00:00+00:00,0.19899,0.19937,0.19878,0.19907,33817536.0
2025-10-25 06:15:00+00:00,0.19907,0.19911,0.19864,0.19876,14685634.0
2025-10-25 06:30:00+00:00,0.19876,0.19878,0.19844,0.19854,21901756.0
2025-10-25 06:45:00+00:00,0.19854,0.19861,0.19838,0.19848,15541274.0
2025-10-25 07:00:00+00:00,0.19848,0.19849,0.19809,0.19814,38016909.0
2025-10-25 07:15:00+00:00,0.19814,0.1986,0.1981,0.19846,31175918.0
2025-10-25 07:30:00+00:00,0.19846,0.19883,0.19761,0.19785,57389715.0
2025-10-25 07:45:00+00:00,0.19785,0.19792,0.19763,0.19788,24316668.0
2025-10-25 08:00:00+00:00,0.19789,0.19827,0.19781,0.19816,14613280.0
2025-10-25 08:15:00+00:00,0.19816,0.19871,0.19816,0.19855,25671436.0
2025-10-25 08:30:00+00:00,0.19855,0.19856,0.19811,0.19831,16480563.0
2025-10-25 08:45:00+00:00,0.19831,0.19876,0.19826,0.19868,21225486.0
2025-10-25 09:00:00+00:00,0.19868,0.19878,0.19841,0.19866,18737071.0
2025-10-25 09:15:00+00:00,0.19866,0.19866,0.19784,0.19802,23902718.0
2025-10-25 09:30:00+00:00,0.19803,0.19852,0.19784,0.19828,17719996.0
2025-10-25 09:45:00+00:00,0.19828,0.1983,0.19746,0.19761,38467749.0
2025-10-25 10:00:00+00:00,0.19762,0.19773,0.1967,0.19686,62538131.0
2025-10-25 10:15:00+00:00,0.19685,0.19723,0.19681,0.19688,29742902.0
2025-10-25 10:30:00+00:00,0.19688,0.1973,0.19678,0.19716,26762233.0
2025-10-25 10:45:00+00:00,0.19717,0.19732,0.19683,0.19692,25448864.0
2025-10-25 11:00:00+00:00,0.19692,0.19718,0.19672,0.19687,18132484.0
2025-10-25 11:15:00+00:00,0.19687,0.1975,0.19687,0.19744,16127854.0
2025-10-25 11:30:00+00:00,0.19744,0.19763,0.19717,0.19728,15969284.0
2025-10-25 11:45:00+00:00,0.19728,0.19762,0.19726,0.19743,13509562.0
2025-10-25 12:00:00+00:00,0.19743,0.19815,0.19733,0.1981,31756505.0
2025-10-25 12:15:00+00:00,0.19811,0.19827,0.19786,0.19805,32598854.0
2025-10-25 12:30:00+00:00,0.19805,0.19817,0.19778,0.198,23335040.0
2025-10-25 12:45:00+00:00,0.19799,0.19843,0.19787,0.19807,34331100.0
2025-10-25 13:00:00+00:00,0.19807,0.19821,0.19726,0.1974,47979693.0
2025-10-25 13:15:00+00:00,0.19741,0.19765,0.19705,0.19749,42891955.0
2025-10-25 13:30:00+00:00,0.19749,0.19749,0.1969,0.19706,38508012.0
2025-10-25 13:45:00+00:00,0.19706,0.19741,0.1968,0.19735,24604131.0
2025-10-25 14:00:00+00:00,0.19734,0.19735,0.197,0.19711,21839303.0
2025-10-25 14:15:00+00:00,0.19711,0.19737,0.19696,0.19705,29946656.0
2025-10-25 14:30:00+00:00,0.19704,0.19729,0.19664,0.19703,41723890.0
2025-10-25 14:45:00+00:00,0.19703,0.19708,0.19674,0.19689,35433913.0
2025-10-25 15:00:00+00:00,0.19688,0.1969,0.19619,0.19625,54135925.0
2025-10-25 15:15:00+00:00,0.19625,0.19676,0.19625,0.1966,25085191.0
2025-10-25 15:30:00+00:00,0.1966,0.19682,0.19628,0.19655,31639186.0
2025-10-25 15:45:00+00:00,0.19656,0.19672,0.19582,0.19616,72103114.0
2025-10-25 16:00:00+00:00,0.19617,0.19644,0.196,0.1963,47207975.0
2025-10-25 16:15:00+00:00,0.19631,0.19659,0.19604,0.19617,28872383.0
2025-10-25 16:30:00+00:00,0.19617,0.19636,0.19606,0.19627,25419341.0
2025-10-25 16:45:00+00:00,0.19628,0.19668,0.19618,0.19654,29830488.0
2025-10-25 17:00:00+00:00,0.19655,0.19721,0.19651,0.19709,33734212.0
2025-10-25 17:15:00+00:00,0.19708,0.19717,0.1966,0.19678,27595418.0
2025-10-25 17:30:00+00:00,0.19678,0.19701,0.19664,0.19675,11676767.0
2025-10-25 17:45:00+00:00,0.19675,0.1969,0.1966,0.19683,13813853.0
2025-10-25 18:00:00+00:00,0.19682,0.19715,0.19655,0.19711,17518506.0
2025-10-25 18:15:00+00:00,0.19712,0.19759,0.19699,0.19744,22972370.0
2025-10-25 18:30:00+00:00,0.19744,0.198,0.19743,0.19788,54656670.0
2025-10-25 18:45:00+00:00,0.19788,0.19807,0.19767,0.19785,24436094.0
2025-10-25 19:00:00+00:00,0.19784,0.19784,0.19725,0.19735,39257161.0
2025-10-25 19:15:00+00:00,0.19735,0.19743,0.19721,0.19738,20239910.0
2025-10-25 19:30:00+00:00,0.19737,0.19756,0.19727,0.19731,13748878.0
2025-10-25 19:45:00+00:00,0.19732,0.19737,0.19717,0.19728,11774207.0
2025-10-25 20:00:00+00:00,0.19729,0.19753,0.19721,0.19736,16405114.0
2025-10-25 20:15:00+00:00,0.19736,0.19743,0.19707,0.19712,16430301.0
2025-10-25 20:30:00+00:00,0.19712,0.19712,0.19639,0.19684,40009889.0
2025-10-25 20:45:00+00:00,0.19683,0.19702,0.19643,0.19652,17291687.0
2025-10-25 21:00:00+00:00,0.19652,0.19705,0.19644,0.19704,20726237.0
2025-10-25 21:15:00+00:00,0.19705,0.19705,0.19657,0.19677,20443389.0
2025-10-25 21:30:00+00:00,0.19677,0.19678,0.19656,0.19665,9951370.0
2025-10-25 21:45:00+00:00,0.19665,0.19693,0.19661,0.19686,10813610.0
2025-10-25 22:00:00+00:00,0.19686,0.19687,0.19628,0.19642,29680023.0
2025-10-25 22:15:00+00:00,0.19642,0.19658,0.19616,0.19638,20518427.0
2025-10-25 22:30:00+00:00,0.19638,0.19688,0.19637,0.19678,18037689.0
2025-10-25 22:45:00+00:00,0.19678,0.19738,0.19667,0.19714,21204465.0
2025-10-25 23:00:00+00:00,0.19715,0.19717,0.1968,0.1971,22202084.0
2025-10-25 23:15:00+00:00,0.19709,0.19714,0.19652,0.19665,19727921.0
2025-10-25 23:30:00+00:00,0.19665,0.19675,0.19637,0.19662,17192416.0
2025-10-25 23:45:00+00:00,0.19663,0.19665,0.19629,0.1964,19563645.0
2025-10-26 00:00:00+00:00,0.19639,0.19639,0.19561,0.19617,68688198.0
2025-10-26 00:15:00+00:00,0.19618,0.19679,0.19618,0.19675,28976846.0
2025-10-26 00:30:00+00:00,0.19675,0.19695,0.1966,0.19673,26544797.0
2025-10-26 00:45:00+00:00,0.19673,0.19692,0.19621,0.19622,37984020.0
2025-10-26 01:00:00+00:00,0.19622,0.19641,0.19603,0.19625,25233561.0
2025-10-26 01:15:00+00:00,0.19626,0.19634,0.19585,0.19595,20972356.0
2025-10-26 01:30:00+00:00,0.19595,0.19626,0.19584,0.19604,13357035.0
2025-10-26 01:45:00+00:00,0.19604,0.19617,0.19474,0.19533,85285596.0
2025-10-26 02:00:00+00:00,0.19534,0.19534,0.19477,0.19513,52543115.0
2025-10-26 02:15:00+00:00,0.19513,0.19535,0.195,0.19533,22455908.0
2025-10-26 02:30:00+00:00,0.19533,0.19551,0.19503,0.19514,30144979.0
2025-10-26 02:45:00+00:00,0.19513,0.19525,0.19449,0.19489,38393325.0
2025-10-26 03:00:00+00:00,0.19489,0.19497,0.19466,0.19485,36735186.0
2025-10-26 03:15:00+00:00,0.19486,0.19525,0.19478,0.19521,28902021.0
2025-10-26 03:30:00+00:00,0.1952,0.19522,0.19466,0.19475,21821103.0
2025-10-26 03:45:00+00:00,0.19475,0.19495,0.19458,0.19492,26286706.0
2025-10-26 04:00:00+00:00,0.19492,0.19528,0.19479,0.19527,19887739.0
2025-10-26 04:15:00+00:00,0.19528,0.19563,0.19518,0.19557,14949040.0
2025-10-26 04:30:00+00:00,0.19557,0.19567,0.19525,0.19528,16247860.0
2025-10-26 04:45:00+00:00,0.19529,0.1956,0.19528,0.19551,10663026.0
2025-10-26 05:00:00+00:00,0.1955,0.19551,0.19503,0.19531,19482675.0
2025-10-26 05:15:00+00:00,0.19532,0.1954,0.19513,0.19532,29623127.0
2025-10-26 05:30:00+00:00,0.19533,0.19596,0.19529,0.19589,30732549.0
2025-10-26 05:45:00+00:00,0.19589,0.19604,0.19579,0.19579,18996515.0
2025-10-26 06:00:00+00:00,0.19579,0.19586,0.19547,0.19568,22992049.0
2025-10-26 06:15:00+00:00,0.19568,0.19618,0.19559,0.19616,12552741.0
2025-10-26 06:30:00+00:00,0.19617,0.19624,0.19583,0.19593,15416741.0
2025-10-26 06:45:00+00:00,0.19593,0.1961,0.19584,0.19602,12210653.0
2025-10-26 07:00:00+00:00,0.19603,0.19625,0.19584,0.19609,19424022.0
2025-10-26 07:15:00+00:00,0.1961,0.19636,0.19603,0.1961,19118776.0
2025-10-26 07:30:00+00:00,0.19611,0.19638,0.19603,0.19629,19807111.0
2025-10-26 07:45:00+00:00,0.19629,0.19661,0.19629,0.1966,21481123.0
2025-10-26 08:00:00+00:00,0.1966,0.19699,0.19653,0.19675,42251270.0
2025-10-26 08:15:00+00:00,0.19674,0.19676,0.19634,0.1966,30801089.0
2025-10-26 08:30:00+00:00,0.19659,0.19678,0.19635,0.19671,31229934.0
2025-10-26 08:45:00+00:00,0.19672,0.19721,0.19667,0.19699,32101897.0
2025-10-26 09:00:00+00:00,0.197,0.19711,0.1967,0.19673,21556910.0
2025-10-26 09:15:00+00:00,0.19674,0.2001,0.19674,0.2001,251829343.0
2025-10-26 09:30:00+00:00,0.2001,0.20089,0.19917,0.19946,182474149.0
2025-10-26 09:45:00+00:00,0.19946,0.19957,0.1988,0.19947,71864312.0
2025-10-26 10:00:00+00:00,0.19947,0.20007,0.19895,0.1996,83023409.0
2025-10-26 10:15:00+00:00,0.19959,0.19974,0.19881,0.19893,38428768.0
2025-10-26 10:30:00+00:00,0.19893,0.199,0.19832,0.19872,42961580.0
2025-10-26 10:45:00+00:00,0.19872,0.19908,0.1986,0.19901,33321396.0
2025-10-26 11:00:00+00:00,0.19901,0.19918,0.19826,0.19865,40002667.0
2025-10-26 11:15:00+00:00,0.19865,0.19973,0.19865,0.19961,50997804.0
2025-10-26 11:30:00+00:00,0.19961,0.20198,0.19961,0.20189,147072354.0
2025-10-26 11:45:00+00:00,0.20188,0.20239,0.20101,0.20177,147529485.0
2025-10-26 12:00:00+00:00,0.20176,0.20233,0.20165,0.20191,90044282.0
2025-10-26 12:15:00+00:00,0.20191,0.20246,0.20135,0.20153,107828741.0
2025-10-26 12:30:00+00:00,0.20152,0.20229,0.20132,0.20144,64571923.0
2025-10-26 12:45:00+00:00,0.20143,0.20276,0.20143,0.20243,101395862.0
2025-10-26 13:00:00+00:00,0.20244,0.20267,0.20181,0.20184,62117427.0
2025-10-26 13:15:00+00:00,0.20184,0.20283,0.20153,0.20276,45418693.0
2025-10-26 13:30:00+00:00,0.20276,0.20377,0.20267,0.20316,130839253.0
2025-10-26 13:45:00+00:00,0.20316,0.20338,0.20264,0.20285,90190934.0
2025-10-26 14:00:00+00:00,0.20286,0.2031,0.20241,0.20303,58902105.0
2025-10-26 14:15:00+00:00,0.20304,0.20318,0.2021,0.20233,57812612.0
2025-10-26 14:30:00+00:00,0.20233,0.20298,0.20227,0.20278,50378285.0
2025-10-26 14:45:00+00:00,0.20279,0.20283,0.20214,0.20248,51422645.0
2025-10-26 15:00:00+00:00,0.20247,0.20343,0.20222,0.20325,75932156.0
2025-10-26 15:15:00+00:00,0.20325,0.20374,0.20293,0.20321,41517738.0
2025-10-26 15:30:00+00:00,0.20321,0.20346,0.20276,0.20291,29990530.0
2025-10-26 15:45:00+00:00,0.20291,0.20326,0.20281,0.20301,24248789.0
2025-10-26 16:00:00+00:00,0.20301,0.20313,0.20223,0.20248,44168483.0
2025-10-26 16:15:00+00:00,0.20248,0.20248,0.20166,0.20198,86244451.0
2025-10-26 16:30:00+00:00,0.20198,0.20248,0.20175,0.20237,40436161.0
2025-10-26 16:45:00+00:00,0.20238,0.20276,0.20195,0.20215,23002431.0
2025-10-26 17:00:00+00:00,0.20214,0.20254,0.20171,0.20238,43926865.0
2025-10-26 17:15:00+00:00,0.20237,0.20303,0.2023,0.20272,32642082.0
2025-10-26 17:30:00+00:00,0.20271,0.2028,0.2025,0.20252,14202719.0
2025-10-26 17:45:00+00:00,0.20251,0.20262,0.20226,0.20227,19303858.0
2025-10-26 18:00:00+00:00,0.20227,0.20289,0.20226,0.20268,32045441.0
2025-10-26 18:15:00+00:00,0.20268,0.20287,0.20223,0.2023,19723407.0
2025-10-26 18:30:00+00:00,0.20229,0.20289,0.20223,0.20264,13394150.0
2025-10-26 18:45:00+00:00,0.20264,0.20275,0.20242,0.20249,12876556.0
2025-10-26 19:00:00+00:00,0.20249,0.20251,0.20182,0.20193,21736719.0
2025-10-26 19:15:00+00:00,0.20192,0.20209,0.20163,0.20198,19164658.0
2025-10-26 19:30:00+00:00,0.20198,0.20206,0.2015,0.20176,22049850.0
2025-10-26 19:45:00+00:00,0.20177,0.20188,0.20161,0.2018,12276402.0
2025-10-26 20:00:00+00:00,0.2018,0.2018,0.20128,0.20149,51332039.0
2025-10-26 20:15:00+00:00,0.20149,0.20151,0.20054,0.20078,51881388.0
2025-10-26 20:30:00+00:00,0.20077,0.20135,0.20077,0.20125,24313146.0
2025-10-26 20:45:00+00:00,0.20126,0.20127,0.20092,0.20101,27681310.0
2025-10-26 21:00:00+00:00,0.20101,0.20136,0.20101,0.20135,15145148.0
2025-10-26 21:15:00+00:00,0.20134,0.20139,0.20024,0.20083,30730418.0
2025-10-26 21:30:00+00:00,0.20083,0.20224,0.20045,0.20195,59297795.0
2025-10-26 21:45:00+00:00,0.20194,0.20234,0.20173,0.20209,17459662.0
2025-10-26 22:00:00+00:00,0.20209,0.20745,0.20209,0.20455,442192129.0
2025-10-26 22:15:00+00:00,0.20455,0.20481,0.20375,0.20431,84439755.0
2025-10-26 22:30:00+00:00,0.20432,0.20479,0.20383,0.20472,81770097.0
2025-10-26 22:45:00+00:00,0.20472,0.20591,0.20472,0.20547,62912404.0
2025-10-26 23:00:00+00:00,0.20547,0.20596,0.20527,0.20582,62434305.0
2025-10-26 23:15:00+00:00,0.20581,0.20655,0.20539,0.20593,72140132.0
2025-10-26 23:30:00+00:00,0.20592,0.20683,0.20578,0.20601,59441222.0
2025-10-26 23:45:00+00:00,0.20601,0.20634,0.20544,0.2057,37983525.0
2025-10-27 00:00:00+00:00,0.2057,0.20689,0.20517,0.20673,94917682.0
2025-10-27 00:15:00+00:00,0.20673,0.20732,0.20652,0.20688,80163537.0
2025-10-27 00:30:00+00:00,0.20689,0.208,0.20685,0.20788,83330992.0
2025-10-27 00:45:00+00:00,0.20788,0.20808,0.2072,0.20748,73460262.0
2025-10-27 01:00:00+00:00,0.20747,0.20765,0.20683,0.20743,68868211.0
2025-10-27 01:15:00+00:00,0.20744,0.20834,0.20704,0.20781,59438414.0
2025-10-27 01:30:00+00:00,0.20782,0.20911,0.20761,0.20857,101425096.0
2025-10-27 01:45:00+00:00,0.20857,0.20918,0.20843,0.20896,46719837.0
2025-10-27 02:00:00+00:00,0.20896,0.20945,0.20857,0.20894,54071687.0
2025-10-27 02:15:00+00:00,0.20894,0.20915,0.20807,0.20811,52569529.0
2025-10-27 02:30:00+00:00,0.20812,0.20813,0.20739,0.20802,83946258.0
2025-10-27 02:45:00+00:00,0.20803,0.20817,0.20747,0.20763,42651109.0
2025-10-27 03:00:00+00:00,0.20763,0.20829,0.20748,0.20802,48083194.0
2025-10-27 03:15:00+00:00,0.20803,0.20816,0.20687,0.20687,77943506.0
2025-10-27 03:30:00+00:00,0.20687,0.20704,0.20624,0.20642,90435802.0
2025-10-27 03:45:00+00:00,0.20642,0.20691,0.20638,0.2068,45402781.0
2025-10-27 04:00:00+00:00,0.20681,0.2073,0.20631,0.20667,93823045.0
2025-10-27 04:15:00+00:00,0.20668,0.20708,0.20651,0.20678,28087810.0
2025-10-27 04:30:00+00:00,0.20679,0.20721,0.20649,0.20716,24186763.0
2025-10-27 04:45:00+00:00,0.20716,0.20758,0.20705,0.20755,30531087.0
2025-10-27 05:00:00+00:00,0.20756,0.20839,0.20744,0.20816,50042560.0
2025-10-27 05:15:00+00:00,0.20817,0.20886,0.20816,0.20863,66456743.0
2025-10-27 05:30:00+00:00,0.20864,0.2087,0.20793,0.20807,49433681.0
2025-10-27 05:45:00+00:00,0.20807,0.20807,0.20722,0.2074,47738621.0
2025-10-27 06:00:00+00:00,0.2074,0.20748,0.20654,0.20707,78919031.0
2025-10-27 06:15:00+00:00,0.20706,0.20805,0.20694,0.20804,67364540.0
2025-10-27 06:30:00+00:00,0.20804,0.20817,0.20704,0.20749,63411483.0
2025-10-27 06:45:00+00:00,0.20748,0.20821,0.20734,0.20793,45463966.0
2025-10-27 07:00:00+00:00,0.20793,0.20864,0.20719,0.20722,74844264.0
2025-10-27 07:15:00+00:00,0.20722,0.20765,0.20719,0.20721,35830367.0
2025-10-27 07:30:00+00:00,0.20721,0.20725,0.20511,0.20606,164310994.0
2025-10-27 07:45:00+00:00,0.20606,0.20657,0.20579,0.20623,60492138.0
2025-10-27 08:00:00+00:00,0.20623,0.20638,0.20566,0.2058,61460649.0
2025-10-27 08:15:00+00:00,0.20581,0.20645,0.20403,0.20428,149223449.0
2025-10-27 08:30:00+00:00,0.20429,0.20564,0.20427,0.20537,70757466.0
2025-10-27 08:45:00+00:00,0.20537,0.20545,0.2027,0.20402,263867111.0
2025-10-27 09:00:00+00:00,0.20402,0.20408,0.20232,0.20322,148341383.0
2025-10-27 09:15:00+00:00,0.20323,0.20364,0.20252,0.20301,78409689.0
2025-10-27 09:30:00+00:00,0.20302,0.20346,0.2027,0.20315,54309899.0
2025-10-27 09:45:00+00:00,0.20314,0.20314,0.20221,0.20288,52616796.0
2025-10-27 10:00:00+00:00,0.20288,0.2031,0.20235,0.20274,44019663.0
2025-10-27 10:15:00+00:00,0.20275,0.20334,0.20273,0.20298,53804397.0
2025-10-27 10:30:00+00:00,0.20298,0.20306,0.20258,0.20284,43859712.0
2025-10-27 10:45:00+00:00,0.20284,0.20328,0.2027,0.20286,40666247.0
2025-10-27 11:00:00+00:00,0.20286,0.20343,0.20282,0.20318,53478677.0
2025-10-27 11:15:00+00:00,0.20318,0.20344,0.20136,0.20233,122325565.0
2025-10-27 11:30:00+00:00,0.20232,0.20377,0.20211,0.20352,73081624.0
2025-10-27 11:45:00+00:00,0.20353,0.20363,0.20278,0.20324,42716278.0
2025-10-27 12:00:00+00:00,0.20324,0.20336,0.20263,0.2029,52235215.0
2025-10-27 12:15:00+00:00,0.20291,0.20295,0.2025,0.20279,24621344.0
2025-10-27 12:30:00+00:00,0.20279,0.20279,0.20176,0.20222,57539152.0
2025-10-27 12:45:00+00:00,0.20223,0.20256,0.202,0.20201,28964046.0
2025-10-27 13:00:00+00:00,0.20201,0.20313,0.2019,0.20283,53438123.0
2025-10-27 13:15:00+00:00,0.20284,0.20337,0.20279,0.20292,30758444.0
2025-10-27 13:30:00+00:00,0.20293,0.20349,0.20043,0.20195,203118502.0
2025-10-27 13:45:00+00:00,0.20194,0.20372,0.20163,0.20315,113147910.0
2025-10-27 14:00:00+00:00,0.20315,0.20343,0.2013,0.20193,92813271.0
2025-10-27 14:15:00+00:00,0.20193,0.2025,0.20104,0.20238,71285372.0
2025-10-27 14:30:00+00:00,0.20238,0.20256,0.20164,0.20216,50101345.0
2025-10-27 14:45:00+00:00,0.20216,0.20239,0.20163,0.20189,42888680.0
2025-10-27 15:00:00+00:00,0.20189,0.20341,0.20181,0.20328,68065985.0
2025-10-27 15:15:00+00:00,0.20329,0.2035,0.20252,0.20319,56981366.0
2025-10-27 15:30:00+00:00,0.2032,0.20338,0.20268,0.20283,57911353.0
2025-10-27 15:45:00+00:00,0.20283,0.20325,0.20268,0.20291,36262164.0
2025-10-27 16:00:00+00:00,0.20292,0.20433,0.20291,0.20381,94428950.0
2025-10-27 16:15:00+00:00,0.20382,0.20412,0.20337,0.2038,45193002.0
2025-10-27 16:30:00+00:00,0.20379,0.20493,0.20364,0.20437,116089342.0
2025-10-27 16:45:00+00:00,0.20437,0.20527,0.20418,0.20484,66144049.0
2025-10-27 17:00:00+00:00,0.20484,0.20498,0.20403,0.20456,54733470.0
2025-10-27 17:15:00+00:00,0.20456,0.20493,0.20406,0.20409,43076270.0
2025-10-27 17:30:00+00:00,0.20409,0.20533,0.20388,0.20495,51583229.0
2025-10-27 17:45:00+00:00,0.20494,0.20532,0.20461,0.20519,23369249.0
2025-10-27 18:00:00+00:00,0.20518,0.20563,0.20473,0.20529,38542337.0
2025-10-27 18:15:00+00:00,0.20529,0.20533,0.20421,0.20433,25006569.0
2025-10-27 18:30:00+00:00,0.20432,0.20535,0.20426,0.20529,30037269.0
2025-10-27 18:45:00+00:00,0.20529,0.20553,0.20483,0.20492,22353140.0
2025-10-27 19:00:00+00:00,0.20491,0.20504,0.20361,0.20488,45255898.0
2025-10-27 19:15:00+00:00,0.20487,0.20487,0.20396,0.20408,24409871.0
2025-10-27 19:30:00+00:00,0.20407,0.2041,0.20282,0.20316,77647891.0
2025-10-27 19:45:00+00:00,0.20315,0.20352,0.20291,0.20311,29568696.0
2025-10-27 20:00:00+00:00,0.2031,0.2031,0.20185,0.20238,82634311.0
2025-10-27 20:15:00+00:00,0.20237,0.20296,0.2019,0.2021,45185265.0
2025-10-27 20:30:00+00:00,0.20209,0.2025,0.20175,0.20214,39846827.0
2025-10-27 20:45:00+00:00,0.20213,0.20231,0.20134,0.20134,46628087.0
2025-10-27 21:00:00+00:00,0.20134,0.20225,0.20124,0.20154,31558380.0
2025-10-27 21:15:00+00:00,0.20153,0.20227,0.20071,0.20118,64399687.0
2025-10-27 21:30:00+00:00,0.20118,0.20239,0.20113,0.202,41035490.0
2025-10-27 21:45:00+00:00,0.20199,0.20271,0.20156,0.20165,26311012.0
2025-10-27 22:00:00+00:00,0.20164,0.20233,0.20118,0.20209,42724394.0
2025-10-27 22:15:00+00:00,0.20209,0.20242,0.20179,0.20207,31805721.0
2025-10-27 22:30:00+00:00,0.20207,0.20212,0.20071,0.2008,38135452.0
2025-10-27 22:45:00+00:00,0.20079,0.20144,0.2007,0.20094,32382777.0
2025-10-27 23:00:00+00:00,0.20093,0.201,0.20006,0.20035,98789752.0
2025-10-27 23:15:00+00:00,0.20034,0.20038,0.199,0.20028,185290714.0
2025-10-27 23:30:00+00:00,0.20028,0.20084,0.20018,0.2007,46440440.0
2025-10-27 23:45:00+00:00,0.20069,0.20073,0.20015,0.2003,23856198.0
2025-10-28 00:00:00+00:00,0.2003,0.20081,0.19974,0.20043,68525192.0
2025-10-28 00:15:00+00:00,0.20042,0.20116,0.20032,0.20086,59957219.0
2025-10-28 00:30:00+00:00,0.20085,0.20088,0.19974,0.20026,60906768.0
2025-10-28 00:45:00+00:00,0.20026,0.20071,0.19953,0.20042,54065167.0
2025-10-28 01:00:00+00:00,0.20043,0.20121,0.20043,0.20087,51454251.0
2025-10-28 01:15:00+00:00,0.20088,0.20106,0.2004,0.20063,40740170.0
2025-10-28 01:30:00+00:00,0.20063,0.20142,0.20034,0.20131,63566981.0
2025-10-28 01:45:00+00:00,0.2013,0.20149,0.20092,0.20093,32740733.0
2025-10-28 02:00:00+00:00,0.20094,0.20122,0.20006,0.20015,34161982.0
2025-10-28 02:15:00+00:00,0.20015,0.20021,0.19885,0.19967,94813791.0
2025-10-28 02:30:00+00:00,0.19967,0.20023,0.1995,0.20001,41233753.0
2025-10-28 02:45:00+00:00,0.2,0.20011,0.19812,0.19943,90155956.0
2025-10-28 03:00:00+00:00,0.19942,0.20007,0.19847,0.19855,69885949.0
2025-10-28 03:15:00+00:00,0.19856,0.19973,0.19856,0.19967,59833064.0
2025-10-28 03:30:00+00:00,0.19968,0.19973,0.19891,0.19941,38412296.0
2025-10-28 03:45:00+00:00,0.19941,0.19969,0.19904,0.19961,31224792.0
2025-10-28 04:00:00+00:00,0.19961,0.19985,0.19897,0.19984,43357329.0
2025-10-28 04:15:00+00:00,0.19984,0.19994,0.19934,0.19939,31984768.0
2025-10-28 04:30:00+00:00,0.1994,0.19963,0.19909,0.1993,28606907.0
2025-10-28 04:45:00+00:00,0.19929,0.20009,0.19929,0.19977,33911254.0
2025-10-28 05:00:00+00:00,0.19978,0.19999,0.19947,0.19953,33320544.0
2025-10-28 05:15:00+00:00,0.19953,0.20011,0.19939,0.19988,29015010.0
2025-10-28 05:30:00+00:00,0.19988,0.19988,0.19876,0.19877,48768292.0
2025-10-28 05:45:00+00:00,0.19876,0.19894,0.19801,0.19829,99632888.0
2025-10-28 06:00:00+00:00,0.19829,0.19882,0.19825,0.19864,42295258.0
2025-10-28 06:15:00+00:00,0.19864,0.19885,0.19838,0.19861,30814472.0
2025-10-28 06:30:00+00:00,0.19862,0.20014,0.19842,0.20013,62468170.0
2025-10-28 06:45:00+00:00,0.20013,0.20124,0.20007,0.20115,123543019.0
2025-10-28 07:00:00+00:00,0.20115,0.20198,0.20063,0.20082,121212128.0
2025-10-28 07:15:00+00:00,0.20081,0.20127,0.20052,0.20077,53617089.0
2025-10-28 07:30:00+00:00,0.20078,0.20094,0.20037,0.20071,22257972.0
2025-10-28 07:45:00+00:00,0.20072,0.20083,0.2,0.20022,34452317.0
2025-10-28 08:00:00+00:00,0.20021,0.20038,0.19983,0.19995,35451008.0
2025-10-28 08:15:00+00:00,0.19994,0.20055,0.19991,0.20043,38159349.0
2025-10-28 08:30:00+00:00,0.20043,0.20108,0.2003,0.20086,53611280.0
2025-10-28 08:45:00+00:00,0.20087,0.20103,0.2002,0.20028,31952998.0
2025-10-28 09:00:00+00:00,0.20028,0.20098,0.2,0.2001,51399399.0
2025-10-28 09:15:00+00:00,0.2001,0.20039,0.19958,0.19961,37002750.0
2025-10-28 09:30:00+00:00,0.19962,0.20037,0.19955,0.20022,37106764.0
2025-10-28 09:45:00+00:00,0.20022,0.20048,0.20008,0.20028,21460772.0
2025-10-28 10:00:00+00:00,0.20029,0.20039,0.19972,0.19999,27843397.0
2025-10-28 10:15:00+00:00,0.19998,0.20038,0.19978,0.20036,20909615.0
2025-10-28 10:30:00+00:00,0.20036,0.20037,0.19934,0.19959,36140085.0
2025-10-28 10:45:00+00:00,0.19959,0.20023,0.19959,0.20022,37951731.0
2025-10-28 11:00:00+00:00,0.20023,0.20028,0.19973,0.2,24250097.0
2025-10-28 11:15:00+00:00,0.2,0.20062,0.19986,0.20018,25811968.0
2025-10-28 11:30:00+00:00,0.20018,0.20056,0.19976,0.20006,30178454.0
2025-10-28 11:45:00+00:00,0.20006,0.20008,0.1995,0.19967,30429907.0
2025-10-28 12:00:00+00:00,0.19967,0.19984,0.19937,0.19978,49313739.0
2025-10-28 12:15:00+00:00,0.19978,0.19991,0.19919,0.19951,31799722.0
2025-10-28 12:30:00+00:00,0.19951,0.20005,0.19921,0.20003,35344892.0
2025-10-28 12:45:00+00:00,0.20002,0.20115,0.19999,0.20092,66287545.0
2025-10-28 13:00:00+00:00,0.20092,0.20192,0.20092,0.20144,106300382.0
2025-10-28 13:15:00+00:00,0.20144,0.20246,0.20138,0.20188,99321380.0
2025-10-28 13:30:00+00:00,0.20188,0.20233,0.20125,0.202,91319888.0
2025-10-28 13:45:00+00:00,0.202,0.20239,0.20141,0.20183,82025220.0
2025-10-28 14:00:00+00:00,0.20184,0.2022,0.20121,0.20211,78045675.0
2025-10-28 14:15:00+00:00,0.20211,0.20301,0.20155,0.202,91121054.0
2025-10-28 14:30:00+00:00,0.20199,0.20224,0.1982,0.19881,248071211.0
2025-10-28 14:45:00+00:00,0.19881,0.1998,0.196,0.19934,424957163.0
2025-10-28 15:00:00+00:00,0.19935,0.20049,0.19926,0.2003,111581227.0
2025-10-28 15:15:00+00:00,0.2003,0.2003,0.1991,0.19912,79627498.0
2025-10-28 15:30:00+00:00,0.19912,0.19943,0.19849,0.19868,86141740.0
2025-10-28 15:45:00+00:00,0.19868,0.19991,0.19868,0.19964,38152629.0
2025-10-28 16:00:00+00:00,0.19964,0.20045,0.19955,0.20004,49456899.0
2025-10-28 16:15:00+00:00,0.20004,0.2004,0.19914,0.20013,40953786.0
2025-10-28 16:30:00+00:00,0.20014,0.20125,0.20007,0.2008,84352987.0
2025-10-28 16:45:00+00:00,0.2008,0.20198,0.2008,0.20132,58583064.0
2025-10-28 17:00:00+00:00,0.20132,0.20235,0.20131,0.20216,56396037.0
2025-10-28 17:15:00+00:00,0.20217,0.20241,0.20169,0.20172,31701688.0
2025-10-28 17:30:00+00:00,0.20172,0.20246,0.20127,0.20195,52804156.0
2025-10-28 17:45:00+00:00,0.20194,0.20227,0.20179,0.20217,27403522.0
2025-10-28 18:00:00+00:00,0.20218,0.2024,0.20172,0.20221,32956986.0
2025-10-28 18:15:00+00:00,0.2022,0.20233,0.20092,0.20116,39697339.0
2025-10-28 18:30:00+00:00,0.20117,0.20145,0.20028,0.2004,53382399.0
2025-10-28 18:45:00+00:00,0.20039,0.20071,0.20011,0.20062,39456053.0
2025-10-28 19:00:00+00:00,0.20063,0.20117,0.20046,0.20047,46338417.0
2025-10-28 19:15:00+00:00,0.20047,0.20049,0.1978,0.19782,181791626.0
2025-10-28 19:30:00+00:00,0.19783,0.19888,0.19729,0.19799,119015420.0
2025-10-28 19:45:00+00:00,0.19798,0.19811,0.19598,0.19671,169213945.0
2025-10-28 20:00:00+00:00,0.19671,0.19678,0.19405,0.19471,292325682.0
2025-10-28 20:15:00+00:00,0.1947,0.19542,0.19184,0.19263,466486321.0
2025-10-28 20:30:00+00:00,0.19262,0.19435,0.19172,0.19325,223300527.0
2025-10-28 20:45:00+00:00,0.19326,0.19353,0.19215,0.19283,112138862.0
2025-10-28 21:00:00+00:00,0.19282,0.193,0.19,0.1921,268427681.0
2025-10-28 21:15:00+00:00,0.19209,0.19246,0.19085,0.19143,83357256.0
2025-10-28 21:30:00+00:00,0.19143,0.19326,0.19126,0.19325,68084335.0
2025-10-28 21:45:00+00:00,0.19326,0.19351,0.19244,0.19266,50252472.0
2025-10-28 22:00:00+00:00,0.19266,0.19274,0.1919,0.1923,74525869.0
2025-10-28 22:15:00+00:00,0.19229,0.1933,0.19224,0.19326,41517147.0
2025-10-28 22:30:00+00:00,0.19327,0.19367,0.19303,0.19343,46952302.0
2025-10-28 22:45:00+00:00,0.19343,0.19414,0.19333,0.19397,69984165.0
2025-10-28 23:00:00+00:00,0.19396,0.19403,0.19335,0.19358,45780355.0
2025-10-28 23:15:00+00:00,0.19358,0.19395,0.19291,0.19322,36029579.0
2025-10-28 23:30:00+00:00,0.19322,0.19394,0.19309,0.19351,60419408.0
2025-10-28 23:45:00+00:00,0.19351,0.19385,0.19347,0.19351,20275555.0
2025-10-29 00:00:00+00:00,0.19352,0.1939,0.19307,0.19379,61877471.0
2025-10-29 00:15:00+00:00,0.19379,0.1941,0.19368,0.19393,28736433.0
2025-10-29 00:30:00+00:00,0.19393,0.19408,0.19342,0.1935,20952979.0
2025-10-29 00:45:00+00:00,0.1935,0.19358,0.19297,0.19327,30248018.0
2025-10-29 01:00:00+00:00,0.19327,0.19366,0.19294,0.19331,30974897.0
2025-10-29 01:15:00+00:00,0.19331,0.1936,0.19294,0.19303,31129133.0
2025-10-29 01:30:00+00:00,0.19303,0.19462,0.19302,0.1939,68861701.0
2025-10-29 01:45:00+00:00,0.1939,0.19393,0.1931,0.19368,30024689.0
2025-10-29 02:00:00+00:00,0.19368,0.19376,0.19346,0.19367,22263495.0
2025-10-29 02:15:00+00:00,0.19366,0.19393,0.19336,0.19375,32496747.0
2025-10-29 02:30:00+00:00,0.19375,0.1938,0.19353,0.19372,19819230.0
2025-10-29 02:45:00+00:00,0.19372,0.19393,0.19357,0.19373,19776601.0
2025-10-29 03:00:00+00:00,0.19373,0.19374,0.19278,0.19296,49240929.0
2025-10-29 03:15:00+00:00,0.19296,0.19317,0.19252,0.19261,40502861.0
2025-10-29 03:30:00+00:00,0.19261,0.19303,0.19259,0.19291,21951906.0
2025-10-29 03:45:00+00:00,0.19291,0.19315,0.19281,0.19287,20038935.0
2025-10-29 04:00:00+00:00,0.19287,0.19326,0.19277,0.19313,21548391.0
2025-10-29 04:15:00+00:00,0.19313,0.19334,0.19306,0.19322,26164242.0
2025-10-29 04:30:00+00:00,0.19323,0.19371,0.1932,0.19354,30162085.0
2025-10-29 04:45:00+00:00,0.19354,0.19396,0.19354,0.19369,17695127.0
2025-10-29 05:00:00+00:00,0.19369,0.19406,0.19355,0.1938,29050539.0
2025-10-29 05:15:00+00:00,0.1938,0.1942,0.1938,0.19399,27086722.0
2025-10-29 05:30:00+00:00,0.19399,0.19471,0.19376,0.19418,42651918.0
2025-10-29 05:45:00+00:00,0.19417,0.19439,0.19376,0.1939,39378206.0
2025-10-29 06:00:00+00:00,0.1939,0.19428,0.19366,0.19369,35992809.0
2025-10-29 06:15:00+00:00,0.19369,0.19383,0.19347,0.19363,16577875.0
2025-10-29 06:30:00+00:00,0.19362,0.19388,0.19346,0.19357,20163250.0
2025-10-29 06:45:00+00:00,0.19357,0.19431,0.19357,0.19409,28670517.0
2025-10-29 07:00:00+00:00,0.19408,0.19408,0.19376,0.19389,25642964.0
2025-10-29 07:15:00+00:00,0.19389,0.19443,0.1938,0.19437,18085808.0
2025-10-29 07:30:00+00:00,0.19436,0.19439,0.19376,0.19391,22778200.0
2025-10-29 07:45:00+00:00,0.19391,0.19447,0.19365,0.19424,21328490.0
2025-10-29 08:00:00+00:00,0.19425,0.19434,0.19331,0.19331,32435573.0
2025-10-29 08:15:00+00:00,0.19331,0.1939,0.19331,0.1938,30899209.0
2025-10-29 08:30:00+00:00,0.1938,0.19382,0.19287,0.19308,36715254.0
2025-10-29 08:45:00+00:00,0.19308,0.19338,0.19294,0.19319,17937525.0
2025-10-29 09:00:00+00:00,0.19318,0.19335,0.19248,0.19267,48652809.0
2025-10-29 09:15:00+00:00,0.19266,0.19324,0.19266,0.19288,34871528.0
2025-10-29 09:30:00+00:00,0.19288,0.19343,0.19274,0.19338,32413783.0
2025-10-29 09:45:00+00:00,0.19338,0.19359,0.19316,0.1932,22772079.0
2025-10-29 10:00:00+00:00,0.1932,0.19358,0.19308,0.19346,18591337.0
2025-10-29 10:15:00+00:00,0.19347,0.19429,0.19332,0.19419,35656549.0
2025-10-29 10:30:00+00:00,0.1942,0.19483,0.19377,0.1944,53374278.0
2025-10-29 10:45:00+00:00,0.19441,0.1945,0.19351,0.19387,33196863.0
2025-10-29 11:00:00+00:00,0.19388,0.19518,0.19361,0.19479,58979551.0
2025-10-29 11:15:00+00:00,0.19479,0.1955,0.19472,0.19512,37540714.0
2025-10-29 11:30:00+00:00,0.19512,0.19537,0.19498,0.195,23266995.0
2025-10-29 11:45:00+00:00,0.195,0.19559,0.195,0.19531,20266170.0
2025-10-29 12:00:00+00:00,0.19531,0.19592,0.19525,0.19564,38346285.0
2025-10-29 12:15:00+00:00,0.19564,0.19592,0.19503,0.19522,30792229.0
2025-10-29 12:30:00+00:00,0.19522,0.19582,0.19521,0.19565,17719732.0
2025-10-29 12:45:00+00:00,0.19566,0.19645,0.19557,0.19601,36700050.0
2025-10-29 13:00:00+00:00,0.19601,0.19699,0.19601,0.19687,59970598.0
2025-10-29 13:15:00+00:00,0.19688,0.19721,0.19663,0.19667,42684082.0
2025-10-29 13:30:00+00:00,0.19667,0.19698,0.19459,0.19562,174521665.0
2025-10-29 13:45:00+00:00,0.19563,0.19573,0.19288,0.19384,442264615.0
2025-10-29 14:00:00+00:00,0.19383,0.19398,0.19305,0.19369,125933545.0
2025-10-29 14:15:00+00:00,0.19369,0.19374,0.19233,0.1927,105999102.0
2025-10-29 14:30:00+00:00,0.19271,0.19368,0.19256,0.1933,76529197.0
2025-10-29 14:45:00+00:00,0.1933,0.19387,0.19276,0.19314,64432713.0
2025-10-29 15:00:00+00:00,0.19313,0.19353,0.1926,0.19261,75395953.0
2025-10-29 15:15:00+00:00,0.1926,0.19315,0.1921,0.19255,80629604.0
2025-10-29 15:30:00+00:00,0.19256,0.19296,0.19066,0.19112,202011927.0
2025-10-29 15:45:00+00:00,0.19112,0.19156,0.19017,0.19101,120957856.0
2025-10-29 16:00:00+00:00,0.19102,0.19106,0.1901,0.19052,115316433.0
2025-10-29 16:15:00+00:00,0.19052,0.19249,0.19028,0.19214,136223172.0
2025-10-29 16:30:00+00:00,0.19215,0.19242,0.19177,0.19215,65542590.0
2025-10-29 16:45:00+00:00,0.19215,0.19243,0.19187,0.19202,27214957.0
2025-10-29 17:00:00+00:00,0.19202,0.19291,0.19195,0.19264,48827424.0
2025-10-29 17:15:00+00:00,0.19264,0.19264,0.19185,0.19221,38368660.0
2025-10-29 17:30:00+00:00,0.1922,0.19529,0.19209,0.19497,139230858.0
2025-10-29 17:45:00+00:00,0.19498,0.19593,0.19453,0.19592,66659000.0
2025-10-29 18:00:00+00:00,0.19591,0.19633,0.19356,0.19399,272969850.0
2025-10-29 18:15:00+00:00,0.194,0.19569,0.19392,0.19506,79784629.0
2025-10-29 18:30:00+00:00,0.19506,0.197,0.18703,0.18916,1198744368.0
2025-10-29 18:45:00+00:00,0.18915,0.19404,0.18891,0.19279,447162971.0
2025-10-29 19:00:00+00:00,0.19279,0.19483,0.1925,0.19466,188550572.0
2025-10-29 19:15:00+00:00,0.19466,0.19518,0.19376,0.19439,111720100.0
2025-10-29 19:30:00+00:00,0.19438,0.19446,0.19223,0.19296,155498816.0
2025-10-29 19:45:00+00:00,0.19296,0.1947,0.19291,0.19397,78445403.0
2025-10-29 20:00:00+00:00,0.19397,0.19508,0.19321,0.19412,182159683.0
2025-10-29 20:15:00+00:00,0.19412,0.19629,0.19377,0.19617,109981708.0
2025-10-29 20:30:00+00:00,0.19617,0.19645,0.19517,0.19593,67804539.0
2025-10-29 20:45:00+00:00,0.19593,0.19652,0.19556,0.19596,46149479.0
2025-10-29 21:00:00+00:00,0.19595,0.19599,0.19499,0.19512,46886997.0
2025-10-29 21:15:00+00:00,0.19513,0.19583,0.1951,0.19558,27436933.0
2025-10-29 21:30:00+00:00,0.19558,0.19667,0.19558,0.19622,47421037.0
2025-10-29 21:45:00+00:00,0.19622,0.19652,0.19579,0.19598,27855144.0
2025-10-29 22:00:00+00:00,0.19597,0.19625,0.19523,0.19579,54606333.0
2025-10-29 22:15:00+00:00,0.1958,0.19607,0.19539,0.19546,29262649.0
2025-10-29 22:30:00+00:00,0.19546,0.19546,0.19471,0.19493,37018092.0
2025-10-29 22:45:00+00:00,0.19493,0.19537,0.19457,0.19475,19762703.0
2025-10-29 23:00:00+00:00,0.19474,0.19484,0.19356,0.19362,53701491.0
2025-10-29 23:15:00+00:00,0.19363,0.19415,0.19344,0.19347,39263498.0
2025-10-29 23:30:00+00:00,0.19348,0.19352,0.1914,0.19207,133618098.0
2025-10-29 23:45:00+00:00,0.19206,0.19258,0.19197,0.19228,48569590.0
2025-10-30 00:00:00+00:00,0.19228,0.19277,0.19111,0.19248,82632878.0
2025-10-30 00:15:00+00:00,0.19247,0.19292,0.19208,0.19226,60271288.0
2025-10-30 00:30:00+00:00,0.19226,0.19264,0.19137,0.19225,45979763.0
2025-10-30 00:45:00+00:00,0.19225,0.19302,0.19186,0.19297,36545902.0
2025-10-30 01:00:00+00:00,0.19297,0.19307,0.19179,0.19252,46973121.0
2025-10-30 01:15:00+00:00,0.19252,0.19287,0.19197,0.19207,32628008.0
2025-10-30 01:30:00+00:00,0.19206,0.19292,0.19197,0.19278,28751461.0
2025-10-30 01:45:00+00:00,0.19279,0.19365,0.1927,0.19306,36883928.0
2025-10-30 02:00:00+00:00,0.19306,0.19356,0.19257,0.19352,36570045.0
2025-10-30 02:15:00+00:00,0.19352,0.19432,0.19352,0.19412,42325233.0
2025-10-30 02:30:00+00:00,0.19412,0.19452,0.19395,0.19445,23683197.0
2025-10-30 02:45:00+00:00,0.19444,0.19444,0.19387,0.19435,21203918.0
2025-10-30 03:00:00+00:00,0.19436,0.19443,0.19351,0.19374,33790348.0
2025-10-30 03:15:00+00:00,0.19373,0.19424,0.19342,0.19365,30097670.0
2025-10-30 03:30:00+00:00,0.19365,0.194,0.19328,0.19331,24827812.0
2025-10-30 03:45:00+00:00,0.19332,0.19374,0.19292,0.19363,33399234.0
2025-10-30 04:00:00+00:00,0.19362,0.19364,0.19015,0.19052,147226400.0
2025-10-30 04:15:00+00:00,0.19051,0.19054,0.18538,0.18703,431273148.0
2025-10-30 04:30:00+00:00,0.18703,0.18972,0.18589,0.18817,368291337.0
2025-10-30 04:45:00+00:00,0.18816,0.18904,0.18728,0.18745,113579646.0
2025-10-30 05:00:00+00:00,0.18744,0.18793,0.18699,0.18788,124121263.0
2025-10-30 05:15:00+00:00,0.18789,0.1879,0.18709,0.18778,60483382.0
2025-10-30 05:30:00+00:00,0.18777,0.19032,0.18752,0.19011,101018733.0
2025-10-30 05:45:00+00:00,0.19011,0.19142,0.18993,0.19096,112372764.0
2025-10-30 06:00:00+00:00,0.19096,0.1913,0.19045,0.19084,65708296.0
2025-10-30 06:15:00+00:00,0.19085,0.19086,0.19012,0.19044,47247657.0
2025-10-30 06:30:00+00:00,0.19044,0.19219,0.19033,0.19187,59246192.0
2025-10-30 06:45:00+00:00,0.19188,0.19218,0.19116,0.19118,41929851.0
2025-10-30 07:00:00+00:00,0.19119,0.19254,0.19077,0.19205,55592300.0
2025-10-30 07:15:00+00:00,0.19205,0.19341,0.19201,0.1926,76004028.0
2025-10-30 07:30:00+00:00,0.19259,0.193,0.19247,0.1929,29282564.0
2025-10-30 07:45:00+00:00,0.19291,0.19307,0.19247,0.19255,28430083.0
2025-10-30 08:00:00+00:00,0.19254,0.19258,0.19116,0.19158,108140636.0
2025-10-30 08:15:00+00:00,0.19158,0.19184,0.19111,0.19119,40039503.0
2025-10-30 08:30:00+00:00,0.19118,0.1919,0.19086,0.19161,39734071.0
2025-10-30 08:45:00+00:00,0.19161,0.19162,0.1909,0.19104,24029064.0
2025-10-30 09:00:00+00:00,0.19104,0.19132,0.19011,0.19022,45410347.0
2025-10-30 09:15:00+00:00,0.19022,0.19035,0.18923,0.19002,70465376.0
2025-10-30 09:30:00+00:00,0.19003,0.19046,0.18925,0.18939,45029808.0
2025-10-30 09:45:00+00:00,0.1894,0.18991,0.18918,0.18924,32032427.0
2025-10-30 10:00:00+00:00,0.18925,0.18979,0.18875,0.18895,58104173.0
2025-10-30 10:15:00+00:00,0.18895,0.18989,0.18884,0.18943,40359048.0
2025-10-30 10:30:00+00:00,0.18943,0.18975,0.18854,0.18857,33490296.0
2025-10-30 10:45:00+00:00,0.18856,0.18917,0.18824,0.18861,48728107.0
2025-10-30 11:00:00+00:00,0.18861,0.18899,0.18783,0.1883,69632078.0
2025-10-30 11:15:00+00:00,0.1883,0.18874,0.1879,0.18852,46522778.0
2025-10-30 11:30:00+00:00,0.18853,0.18892,0.188,0.18845,35696485.0
2025-10-30 11:45:00+00:00,0.18845,0.18881,0.18769,0.18781,48299765.0
2025-10-30 12:00:00+00:00,0.18781,0.18821,0.18721,0.18749,64871773.0
2025-10-30 12:15:00+00:00,0.18749,0.18749,0.18495,0.1855,243526883.0
2025-10-30 12:30:00+00:00,0.18549,0.18615,0.1826,0.18263,303675606.0
2025-10-30 12:45:00+00:00,0.18263,0.18418,0.1826,0.18401,160597673.0
2025-10-30 13:00:00+00:00,0.18402,0.18488,0.18349,0.184,115826442.0
2025-10-30 13:15:00+00:00,0.18401,0.18422,0.18305,0.18372,110480035.0
2025-10-30 13:30:00+00:00,0.18372,0.18405,0.18134,0.18225,316381018.0
2025-10-30 13:45:00+00:00,0.18225,0.18363,0.18207,0.18226,148489146.0
2025-10-30 14:00:00+00:00,0.18227,0.18351,0.18182,0.18265,106554256.0
2025-10-30 14:15:00+00:00,0.18265,0.18271,0.18157,0.18188,73460612.0
2025-10-30 14:30:00+00:00,0.18189,0.18319,0.18119,0.18292,109641115.0
2025-10-30 14:45:00+00:00,0.18292,0.18302,0.18192,0.18224,66616019.0
2025-10-30 15:00:00+00:00,0.18224,0.18258,0.18086,0.18149,98035232.0
2025-10-30 15:15:00+00:00,0.18149,0.18189,0.18053,0.18143,99635810.0
2025-10-30 15:30:00+00:00,0.18143,0.18149,0.18,0.18067,118539243.0
2025-10-30 15:45:00+00:00,0.18067,0.18079,0.17973,0.18057,99537961.0
2025-10-30 16:00:00+00:00,0.18056,0.18172,0.17954,0.18143,113604211.0
2025-10-30 16:15:00+00:00,0.18142,0.18196,0.18083,0.18176,61637486.0
2025-10-30 16:30:00+00:00,0.18177,0.1818,0.18064,0.1808,52469776.0
2025-10-30 16:45:00+00:00,0.18081,0.18174,0.1808,0.18174,43725097.0
2025-10-30 17:00:00+00:00,0.18173,0.18176,0.18005,0.18078,84473445.0
2025-10-30 17:15:00+00:00,0.18077,0.1809,0.17921,0.17922,149016429.0
2025-10-30 17:30:00+00:00,0.17922,0.17979,0.17808,0.17971,186370873.0
2025-10-30 17:45:00+00:00,0.17971,0.18122,0.1797,0.18047,91278677.0
2025-10-30 18:00:00+00:00,0.18047,0.18071,0.18,0.18002,45797641.0
2025-10-30 18:15:00+00:00,0.18002,0.18053,0.17891,0.17932,79985242.0
2025-10-30 18:30:00+00:00,0.17933,0.18002,0.17825,0.17839,73118311.0
2025-10-30 18:45:00+00:00,0.17838,0.17905,0.17822,0.17862,42746979.0
2025-10-30 19:00:00+00:00,0.17861,0.17904,0.17722,0.17843,136692280.0
2025-10-30 19:15:00+00:00,0.17843,0.17867,0.17763,0.17812,60875397.0
2025-10-30 19:30:00+00:00,0.17812,0.17865,0.17635,0.17699,169819840.0
2025-10-30 19:45:00+00:00,0.177,0.17827,0.17635,0.17685,131336229.0
2025-10-30 20:00:00+00:00,0.17684,0.17847,0.17631,0.17817,139292305.0
2025-10-30 20:15:00+00:00,0.17818,0.17871,0.17772,0.17807,53672105.0
2025-10-30 20:30:00+00:00,0.17808,0.17916,0.17714,0.17874,110524465.0
2025-10-30 20:45:00+00:00,0.17874,0.17977,0.17851,0.17939,71361987.0
2025-10-30 21:00:00+00:00,0.17939,0.17989,0.17889,0.17948,57178103.0
2025-10-30 21:15:00+00:00,0.17948,0.17968,0.17886,0.17924,47518508.0
2025-10-30 21:30:00+00:00,0.17925,0.17963,0.17855,0.17938,41613898.0
2025-10-30 21:45:00+00:00,0.17939,0.18022,0.17926,0.17972,53837387.0
2025-10-30 22:00:00+00:00,0.17973,0.17995,0.17939,0.17969,43301584.0
2025-10-30 22:15:00+00:00,0.1797,0.18017,0.17959,0.1797,32707503.0
2025-10-30 22:30:00+00:00,0.17969,0.18008,0.17939,0.17995,28214217.0
2025-10-30 22:45:00+00:00,0.17995,0.18049,0.17968,0.18048,34638190.0
2025-10-30 23:00:00+00:00,0.18048,0.18059,0.17965,0.17997,60508984.0
2025-10-30 23:15:00+00:00,0.17998,0.18232,0.17998,0.18216,331995058.0
2025-10-30 23:30:00+00:00,0.18216,0.1825,0.18142,0.18168,97794428.0
2025-10-30 23:45:00+00:00,0.18167,0.18275,0.18158,0.18256,57971219.0
2025-10-31 00:00:00+00:00,0.18257,0.1829,0.18215,0.1829,57056519.0
2025-10-31 00:15:00+00:00,0.1829,0.18294,0.18244,0.18278,28486178.0
2025-10-31 00:30:00+00:00,0.18278,0.18342,0.18271,0.18341,34839833.0
2025-10-31 00:45:00+00:00,0.18342,0.18488,0.18328,0.18437,107112685.0
2025-10-31 01:00:00+00:00,0.18437,0.18577,0.18403,0.1855,70915535.0
2025-10-31 01:15:00+00:00,0.18551,0.18571,0.18486,0.18526,45917992.0
2025-10-31 01:30:00+00:00,0.18526,0.18528,0.18474,0.18479,37930435.0
2025-10-31 01:45:00+00:00,0.1848,0.1855,0.18473,0.1854,29746112.0
2025-10-31 02:00:00+00:00,0.1854,0.18545,0.18365,0.18388,65389338.0
2025-10-31 02:15:00+00:00,0.18388,0.18503,0.18388,0.18472,42999437.0
2025-10-31 02:30:00+00:00,0.18473,0.18485,0.18321,0.18346,57175944.0
2025-10-31 02:45:00+00:00,0.18346,0.18435,0.18325,0.18403,62854579.0
2025-10-31 03:00:00+00:00,0.18404,0.18467,0.18345,0.18443,39828968.0
2025-10-31 03:15:00+00:00,0.18443,0.18473,0.18416,0.18433,38583263.0
2025-10-31 03:30:00+00:00,0.18434,0.18464,0.18379,0.18391,45912642.0
2025-10-31 03:45:00+00:00,0.18391,0.18463,0.1839,0.18445,32149827.0
2025-10-31 04:00:00+00:00,0.18446,0.18576,0.18418,0.18527,66536447.0
2025-10-31 04:15:00+00:00,0.18527,0.18568,0.18475,0.18523,64120074.0
2025-10-31 04:30:00+00:00,0.18524,0.18599,0.18506,0.18593,55299491.0
2025-10-31 04:45:00+00:00,0.18593,0.18596,0.18554,0.18575,35510460.0
2025-10-31 05:00:00+00:00,0.18575,0.18575,0.18508,0.18533,35719838.0
2025-10-31 05:15:00+00:00,0.18533,0.18545,0.185,0.18524,22341659.0
2025-10-31 05:30:00+00:00,0.18525,0.18551,0.18488,0.18503,31359815.0
2025-10-31 05:45:00+00:00,0.18503,0.18523,0.18463,0.18499,28105489.0
2025-10-31 06:00:00+00:00,0.18499,0.18516,0.18444,0.18459,37669953.0
2025-10-31 06:15:00+00:00,0.18458,0.1848,0.18425,0.18454,31721394.0
2025-10-31 06:30:00+00:00,0.18454,0.1847,0.18409,0.18415,22862632.0
2025-10-31 06:45:00+00:00,0.18414,0.18448,0.18414,0.18445,18098185.0
2025-10-31 07:00:00+00:00,0.18445,0.18506,0.18411,0.18498,47696658.0
2025-10-31 07:15:00+00:00,0.18498,0.18503,0.18455,0.1849,22069587.0
2025-10-31 07:30:00+00:00,0.1849,0.18526,0.18457,0.1846,24014417.0
2025-10-31 07:45:00+00:00,0.18461,0.18473,0.18382,0.18441,50969284.0
2025-10-31 08:00:00+00:00,0.1844,0.18481,0.18361,0.18367,43287606.0
2025-10-31 08:15:00+00:00,0.18368,0.18483,0.18368,0.18471,36509385.0
2025-10-31 08:30:00+00:00,0.1847,0.18497,0.18443,0.18471,23995286.0
2025-10-31 08:45:00+00:00,0.1847,0.18561,0.1847,0.18541,55661337.0
2025-10-31 09:00:00+00:00,0.1854,0.1859,0.185,0.18553,58976490.0
2025-10-31 09:15:00+00:00,0.18553,0.18572,0.18492,0.18501,32703918.0
2025-10-31 09:30:00+00:00,0.18501,0.18527,0.18496,0.18516,18426066.0
2025-10-31 09:45:00+00:00,0.18515,0.18538,0.18492,0.18511,19546047.0
2025-10-31 10:00:00+00:00,0.18512,0.18547,0.18505,0.18518,17999624.0
2025-10-31 10:15:00+00:00,0.18518,0.18548,0.18504,0.18517,13766040.0
2025-10-31 10:30:00+00:00,0.18518,0.1858,0.18497,0.18575,24106762.0
2025-10-31 10:45:00+00:00,0.18574,0.18579,0.18536,0.18548,24997529.0
2025-10-31 11:00:00+00:00,0.18547,0.18559,0.18516,0.18524,24797617.0
2025-10-31 11:15:00+00:00,0.18524,0.18536,0.18492,0.1852,32712305.0
2025-10-31 11:30:00+00:00,0.1852,0.18576,0.18504,0.18562,26991745.0
2025-10-31 11:45:00+00:00,0.18562,0.18728,0.18562,0.18662,106304452.0
2025-10-31 12:00:00+00:00,0.18662,0.18717,0.18605,0.18622,58447746.0
2025-10-31 12:15:00+00:00,0.18622,0.18702,0.18617,0.18668,36504332.0
2025-10-31 12:30:00+00:00,0.18668,0.18695,0.18542,0.18574,61445211.0
2025-10-31 12:45:00+00:00,0.18574,0.18583,0.18468,0.18482,83645507.0
2025-10-31 13:00:00+00:00,0.18483,0.18565,0.18477,0.1855,40018608.0
2025-10-31 13:15:00+00:00,0.1855,0.18615,0.18524,0.18539,39393696.0
2025-10-31 13:30:00+00:00,0.1854,0.1854,0.18444,0.18509,70340153.0
2025-10-31 13:45:00+00:00,0.18509,0.1865,0.18503,0.18632,51162310.0
2025-10-31 14:00:00+00:00,0.18633,0.18678,0.18552,0.18555,58941680.0
2025-10-31 14:15:00+00:00,0.18555,0.18602,0.18504,0.18565,37400493.0
2025-10-31 14:30:00+00:00,0.18565,0.18626,0.18537,0.18592,48166264.0
2025-10-31 14:45:00+00:00,0.18593,0.18686,0.18576,0.1866,64841802.0
2025-10-31 15:00:00+00:00,0.18659,0.18729,0.18619,0.18679,74866383.0
2025-10-31 15:15:00+00:00,0.18679,0.187,0.18592,0.18611,58969666.0
2025-10-31 15:30:00+00:00,0.18611,0.18638,0.1856,0.18623,36915121.0
2025-10-31 15:45:00+00:00,0.18623,0.18661,0.18551,0.18589,59665867.0
2025-10-31 16:00:00+00:00,0.18589,0.1861,0.18532,0.1855,46193707.0
2025-10-31 16:15:00+00:00,0.18549,0.18557,0.18476,0.18537,52180461.0
2025-10-31 16:30:00+00:00,0.18536,0.18558,0.18469,0.18485,36744128.0
2025-10-31 16:45:00+00:00,0.18485,0.18507,0.18307,0.18347,195250934.0
2025-10-31 17:00:00+00:00,0.18346,0.18415,0.18292,0.18379,91132458.0
2025-10-31 17:15:00+00:00,0.18379,0.18401,0.18268,0.18357,97268553.0
2025-10-31 17:30:00+00:00,0.18356,0.18456,0.18347,0.1845,64544806.0
2025-10-31 17:45:00+00:00,0.1845,0.18516,0.18434,0.18439,43672396.0
2025-10-31 18:00:00+00:00,0.1844,0.18503,0.18434,0.18474,32310102.0
2025-10-31 18:15:00+00:00,0.18474,0.185,0.18432,0.18453,26634458.0
2025-10-31 18:30:00+00:00,0.18453,0.18609,0.18381,0.18581,127299703.0
2025-10-31 18:45:00+00:00,0.18581,0.18581,0.18485,0.18528,34716946.0
2025-10-31 19:00:00+00:00,0.18528,0.18528,0.18444,0.18511,28699396.0
2025-10-31 19:15:00+00:00,0.18512,0.18635,0.185,0.18614,48026994.0
2025-10-31 19:30:00+00:00,0.18613,0.18749,0.1861,0.18736,84401321.0
2025-10-31 19:45:00+00:00,0.18736,0.18801,0.18716,0.1874,100223218.0
2025-10-31 20:00:00+00:00,0.18739,0.18753,0.18659,0.18683,47476597.0
2025-10-31 20:15:00+00:00,0.18683,0.18696,0.18649,0.18672,23913085.0
2025-10-31 20:30:00+00:00,0.18672,0.18691,0.18608,0.1862,19534033.0
2025-10-31 20:45:00+00:00,0.18619,0.18657,0.18565,0.18589,30334054.0
2025-10-31 21:00:00+00:00,0.18587,0.18607,0.18528,0.18531,33789898.0
2025-10-31 21:15:00+00:00,0.1853,0.18596,0.18527,0.18586,18433033.0
2025-10-31 21:30:00+00:00,0.18587,0.18649,0.18556,0.18597,39306899.0
2025-10-31 21:45:00+00:00,0.18597,0.18634,0.18591,0.1862,11592068.0
2025-10-31 22:00:00+00:00,0.18621,0.18645,0.18597,0.18626,19622719.0
2025-10-31 22:15:00+00:00,0.18627,0.18665,0.18607,0.18649,26723079.0
2025-10-31 22:30:00+00:00,0.18649,0.18678,0.18601,0.18601,19248023.0
2025-10-31 22:45:00+00:00,0.18601,0.18628,0.18588,0.1862,10850416.0
2025-10-31 23:00:00+00:00,0.1862,0.18641,0.18603,0.18606,18634438.0
2025-10-31 23:15:00+00:00,0.18606,0.18654,0.18599,0.18646,14168147.0
2025-10-31 23:30:00+00:00,0.18645,0.18672,0.18634,0.18669,23367275.0
2025-10-31 23:45:00+00:00,0.18669,0.18678,0.18626,0.18635,11108221.0
2025-11-01 00:00:00+00:00,0.18635,0.18647,0.18606,0.18616,17904541.0
2025-11-01 00:15:00+00:00,0.18615,0.1863,0.18574,0.1861,26863549.0
2025-11-01 00:30:00+00:00,0.18609,0.18609,0.1853,0.18588,69983999.0
2025-11-01 00:45:00+00:00,0.18588,0.18625,0.18583,0.18616,22286743.0
2025-11-01 01:00:00+00:00,0.18616,0.18648,0.1861,0.18618,16611509.0
2025-11-01 01:15:00+00:00,0.18618,0.18647,0.18587,0.1864,15033075.0
2025-11-01 01:30:00+00:00,0.18641,0.18666,0.18606,0.18614,19222100.0
2025-11-01 01:45:00+00:00,0.18614,0.18615,0.18561,0.18564,12730084.0
2025-11-01 02:00:00+00:00,0.18563,0.18564,0.185,0.18525,39405759.0
2025-11-01 02:15:00+00:00,0.18524,0.18589,0.18524,0.18576,16988355.0
2025-11-01 02:30:00+00:00,0.18577,0.18585,0.18539,0.18582,10138692.0
2025-11-01 02:45:00+00:00,0.18583,0.1864,0.18581,0.18633,16824201.0
2025-11-01 03:00:00+00:00,0.18633,0.18696,0.18632,0.18662,31658362.0
2025-11-01 03:15:00+00:00,0.18662,0.18706,0.1866,0.18673,30798203.0
2025-11-01 03:30:00+00:00,0.18672,0.1871,0.18665,0.18694,16896150.0
2025-11-01 03:45:00+00:00,0.18694,0.187,0.18671,0.18689,12315787.0
2025-11-01 04:00:00+00:00,0.18689,0.18713,0.18632,0.18652,27011491.0
2025-11-01 04:15:00+00:00,0.18651,0.18683,0.18617,0.18673,14848377.0
2025-11-01 04:30:00+00:00,0.18673,0.18688,0.18642,0.18672,12628852.0
2025-11-01 04:45:00+00:00,0.18671,0.18687,0.18659,0.18683,8474131.0
2025-11-01 05:00:00+00:00,0.18683,0.18695,0.18633,0.18653,14745208.0
2025-11-01 05:15:00+00:00,0.18652,0.18672,0.18638,0.18666,10895505.0
2025-11-01 05:30:00+00:00,0.18666,0.18669,0.18633,0.18648,12586259.0
2025-11-01 05:45:00+00:00,0.18648,0.1865,0.18588,0.18597,15371563.0
2025-11-01 06:00:00+00:00,0.18597,0.18625,0.18594,0.18607,18070475.0
2025-11-01 06:15:00+00:00,0.18607,0.18611,0.18581,0.18593,20445297.0
2025-11-01 06:30:00+00:00,0.18593,0.18613,0.18548,0.1856,20073200.0
2025-11-01 06:45:00+00:00,0.18559,0.18607,0.18546,0.186,12958063.0
2025-11-01 07:00:00+00:00,0.18599,0.18637,0.18583,0.18625,16892252.0
2025-11-01 07:15:00+00:00,0.18625,0.18715,0.18624,0.18691,29804481.0
2025-11-01 07:30:00+00:00,0.18691,0.18706,0.18644,0.18653,25862793.0
2025-11-01 07:45:00+00:00,0.18652,0.18713,0.18634,0.187,19427448.0
2025-11-01 08:00:00+00:00,0.18699,0.18716,0.18661,0.18675,28560388.0
2025-11-01 08:15:00+00:00,0.18675,0.18703,0.1866,0.18681,17686206.0
2025-11-01 08:30:00+00:00,0.1868,0.18708,0.18676,0.18684,15325555.0
2025-11-01 08:45:00+00:00,0.18683,0.18778,0.18683,0.18771,36039306.0
2025-11-01 09:00:00+00:00,0.18771,0.18794,0.18741,0.18768,25211057.0
2025-11-01 09:15:00+00:00,0.18768,0.18768,0.18724,0.18734,13919581.0
2025-11-01 09:30:00+00:00,0.18733,0.18734,0.18666,0.18668,23152053.0
2025-11-01 09:45:00+00:00,0.18668,0.1872,0.18667,0.18689,20941838.0
2025-11-01 10:00:00+00:00,0.18688,0.18726,0.18669,0.18688,21946624.0
2025-11-01 10:15:00+00:00,0.18687,0.18726,0.18687,0.18699,13133846.0
2025-11-01 10:30:00+00:00,0.18698,0.18733,0.18692,0.18728,9990437.0
2025-11-01 10:45:00+00:00,0.18728,0.18741,0.18701,0.18709,14348925.0
2025-11-01 11:00:00+00:00,0.18708,0.18747,0.18708,0.1872,15948787.0
2025-11-01 11:15:00+00:00,0.1872,0.18735,0.18699,0.187,9895877.0
2025-11-01 11:30:00+00:00,0.18699,0.18699,0.1867,0.1869,14270763.0
2025-11-01 11:45:00+00:00,0.18691,0.18704,0.18666,0.18697,9031461.0
2025-11-01 12:00:00+00:00,0.18696,0.18736,0.18696,0.18708,12370013.0
2025-11-01 12:15:00+00:00,0.18708,0.18721,0.18674,0.18694,12437390.0
2025-11-01 12:30:00+00:00,0.18694,0.18728,0.18694,0.18722,12178668.0
2025-11-01 12:45:00+00:00,0.18723,0.18724,0.1869,0.18692,9193602.0
2025-11-01 13:00:00+00:00,0.18693,0.18731,0.18688,0.18719,14673981.0
2025-11-01 13:15:00+00:00,0.1872,0.18738,0.18701,0.18711,11892550.0
2025-11-01 13:30:00+00:00,0.18711,0.18727,0.18585,0.18624,43145572.0
2025-11-01 13:45:00+00:00,0.18624,0.18665,0.18589,0.18651,31864469.0
2025-11-01 14:00:00+00:00,0.18651,0.1868,0.1855,0.18566,38902960.0
2025-11-01 14:15:00+00:00,0.18567,0.18592,0.18531,0.18581,48521027.0
2025-11-01 14:30:00+00:00,0.18581,0.18639,0.1855,0.18619,21557154.0
2025-11-01 14:45:00+00:00,0.18619,0.18636,0.18556,0.18596,19256822.0
2025-11-01 15:00:00+00:00,0.18597,0.18763,0.1858,0.1871,71126760.0
2025-11-01 15:15:00+00:00,0.1871,0.18735,0.18621,0.18678,39358401.0
2025-11-01 15:30:00+00:00,0.18677,0.18717,0.18646,0.18671,23203301.0
2025-11-01 15:45:00+00:00,0.18671,0.18727,0.1865,0.18725,17989875.0
2025-11-01 16:00:00+00:00,0.18724,0.18782,0.18691,0.18692,43711080.0
2025-11-01 16:15:00+00:00,0.18692,0.18737,0.18682,0.18695,23053003.0
2025-11-01 16:30:00+00:00,0.18695,0.18755,0.18695,0.18748,20754353.0
2025-11-01 16:45:00+00:00,0.18748,0.18772,0.18727,0.1873,21788108.0
2025-11-01 17:00:00+00:00,0.1873,0.18742,0.18674,0.18696,29878135.0
2025-11-01 17:15:00+00:00,0.18695,0.18701,0.18662,0.18679,19817231.0
2025-11-01 17:30:00+00:00,0.18679,0.18698,0.18671,0.18671,15068194.0
2025-11-01 17:45:00+00:00,0.18671,0.18699,0.18653,0.18668,18166022.0
2025-11-01 18:00:00+00:00,0.18668,0.18708,0.18653,0.18678,16666368.0
2025-11-01 18:15:00+00:00,0.18678,0.18701,0.18657,0.18679,11906329.0
2025-11-01 18:30:00+00:00,0.1868,0.18708,0.18671,0.18704,11719865.0
2025-11-01 18:45:00+00:00,0.18704,0.18724,0.18689,0.18706,18189618.0
2025-11-01 19:00:00+00:00,0.18705,0.18706,0.18674,0.18698,11594014.0
2025-11-01 19:15:00+00:00,0.18698,0.18712,0.18678,0.18691,9226391.0
2025-11-01 19:30:00+00:00,0.1869,0.18702,0.1868,0.18701,5102397.0
2025-11-01 19:45:00+00:00,0.187,0.18736,0.18696,0.18731,7810178.0
2025-11-01 20:00:00+00:00,0.18732,0.18746,0.1872,0.18725,12459358.0
2025-11-01 20:15:00+00:00,0.18724,0.18788,0.18718,0.18788,16404254.0
2025-11-01 20:30:00+00:00,0.18788,0.18831,0.18788,0.18801,29787342.0
2025-11-01 20:45:00+00:00,0.188,0.18813,0.18761,0.18768,15097524.0
2025-11-01 21:00:00+00:00,0.18769,0.1879,0.18701,0.18702,25511299.0
2025-11-01 21:15:00+00:00,0.18702,0.1874,0.18702,0.18735,11585337.0
2025-11-01 21:30:00+00:00,0.18734,0.18754,0.18683,0.18689,13912654.0
2025-11-01 21:45:00+00:00,0.18689,0.18698,0.18604,0.18615,18965083.0
2025-11-01 22:00:00+00:00,0.18614,0.18662,0.18614,0.18624,27852741.0
2025-11-01 22:15:00+00:00,0.18623,0.18665,0.1862,0.18653,10263161.0
2025-11-01 22:30:00+00:00,0.18653,0.18668,0.18642,0.18665,8246267.0
2025-11-01 22:45:00+00:00,0.18665,0.1869,0.18651,0.18688,8595541.0
2025-11-01 23:00:00+00:00,0.18688,0.18692,0.18669,0.18683,10082451.0
2025-11-01 23:15:00+00:00,0.18682,0.18706,0.18666,0.18702,13443356.0
2025-11-01 23:30:00+00:00,0.18702,0.18718,0.18682,0.18713,11746745.0
2025-11-01 23:45:00+00:00,0.18713,0.18746,0.18713,0.18726,10542704.0
2025-11-02 00:00:00+00:00,0.18727,0.18728,0.1868,0.18705,21920799.0
2025-11-02 00:15:00+00:00,0.18705,0.18705,0.18657,0.18662,18135731.0
2025-11-02 00:30:00+00:00,0.18661,0.18693,0.18655,0.1869,11754423.0
2025-11-02 00:45:00+00:00,0.18689,0.18699,0.18662,0.18683,8245577.0
2025-11-02 01:00:00+00:00,0.18682,0.18694,0.18623,0.18663,28276835.0
2025-11-02 01:15:00+00:00,0.18662,0.18683,0.18609,0.18654,36401977.0
2025-11-02 01:30:00+00:00,0.18653,0.18658,0.18625,0.18644,12363994.0
2025-11-02 01:45:00+00:00,0.18645,0.18652,0.18592,0.18602,36267873.0
2025-11-02 02:00:00+00:00,0.18601,0.18642,0.18574,0.18638,19958237.0
2025-11-02 02:15:00+00:00,0.18637,0.18642,0.18597,0.18614,16475144.0
2025-11-02 02:30:00+00:00,0.18614,0.18688,0.18611,0.18655,24221392.0
2025-11-02 02:45:00+00:00,0.18655,0.1867,0.18628,0.18639,9865633.0
2025-11-02 03:00:00+00:00,0.1864,0.18646,0.18608,0.18633,17353667.0
2025-11-02 03:15:00+00:00,0.18632,0.18633,0.18607,0.18611,8121244.0
2025-11-02 03:30:00+00:00,0.18612,0.1864,0.186,0.18632,10872467.0
2025-11-02 03:45:00+00:00,0.18633,0.18645,0.18592,0.18611,15263321.0
2025-11-02 04:00:00+00:00,0.18612,0.18642,0.18591,0.18627,22025089.0
2025-11-02 04:15:00+00:00,0.18626,0.18666,0.18615,0.18656,14825788.0
2025-11-02 04:30:00+00:00,0.18656,0.18742,0.18649,0.18724,32947186.0
2025-11-02 04:45:00+00:00,0.18723,0.18815,0.18704,0.18794,70738725.0
2025-11-02 05:00:00+00:00,0.18794,0.188,0.1873,0.18757,37401591.0
2025-11-02 05:15:00+00:00,0.18757,0.1877,0.18701,0.18718,24537138.0
2025-11-02 05:30:00+00:00,0.18718,0.18732,0.18691,0.18731,19308250.0
2025-11-02 05:45:00+00:00,0.18732,0.18763,0.1871,0.18758,14050119.0
2025-11-02 06:00:00+00:00,0.18758,0.18777,0.18726,0.18734,19809852.0
2025-11-02 06:15:00+00:00,0.18734,0.18754,0.18725,0.18751,9324868.0
2025-11-02 06:30:00+00:00,0.18751,0.18751,0.18702,0.18736,10176460.0
2025-11-02 06:45:00+00:00,0.18735,0.18787,0.18734,0.1877,16184025.0
2025-11-02 07:00:00+00:00,0.1877,0.18779,0.18722,0.18739,14178348.0
2025-11-02 07:15:00+00:00,0.18739,0.18759,0.18733,0.18743,11846499.0
2025-11-02 07:30:00+00:00,0.18744,0.18785,0.18734,0.18772,14348999.0
2025-11-02 07:45:00+00:00,0.18772,0.18877,0.18763,0.18813,66960056.0
2025-11-02 08:00:00+00:00,0.18813,0.18833,0.18771,0.18775,35989633.0
2025-11-02 08:15:00+00:00,0.18775,0.18811,0.18745,0.18759,22942493.0
2025-11-02 08:30:00+00:00,0.18759,0.18764,0.18726,0.18736,23322393.0
2025-11-02 08:45:00+00:00,0.18737,0.18737,0.18701,0.18725,21886190.0
2025-11-02 09:00:00+00:00,0.18726,0.18764,0.18725,0.1876,27018690.0
2025-11-02 09:15:00+00:00,0.18761,0.18782,0.18731,0.1876,12878964.0
2025-11-02 09:30:00+00:00,0.18759,0.1876,0.18645,0.18676,54667803.0
2025-11-02 09:45:00+00:00,0.18676,0.18676,0.18612,0.18623,53930192.0
2025-11-02 10:00:00+00:00,0.18624,0.18654,0.18581,0.18649,51764325.0
2025-11-02 10:15:00+00:00,0.18649,0.1865,0.18528,0.18536,53876486.0
2025-11-02 10:30:00+00:00,0.18536,0.18541,0.1847,0.1851,98167387.0
2025-11-02 10:45:00+00:00,0.18511,0.18545,0.18507,0.18542,24509051.0
2025-11-02 11:00:00+00:00,0.18542,0.18595,0.18528,0.18586,33804510.0
2025-11-02 11:15:00+00:00,0.18586,0.1866,0.18584,0.18657,35698288.0
2025-11-02 11:30:00+00:00,0.18658,0.18688,0.18625,0.18675,37395937.0
2025-11-02 11:45:00+00:00,0.18676,0.18705,0.18672,0.18688,33188210.0
2025-11-02 12:00:00+00:00,0.18688,0.18695,0.18644,0.18662,27405932.0
2025-11-02 12:15:00+00:00,0.18663,0.1868,0.18622,0.18637,20935332.0
2025-11-02 12:30:00+00:00,0.18638,0.18677,0.18612,0.18631,28998259.0
2025-11-02 12:45:00+00:00,0.18631,0.18657,0.1861,0.18633,16671767.0
2025-11-02 13:00:00+00:00,0.18634,0.1864,0.18586,0.18589,25932528.0
2025-11-02 13:15:00+00:00,0.18588,0.18589,0.18438,0.18503,78663113.0
2025-11-02 13:30:00+00:00,0.18504,0.18528,0.18481,0.18521,37115640.0
2025-11-02 13:45:00+00:00,0.1852,0.18527,0.18486,0.18507,28583587.0
2025-11-02 14:00:00+00:00,0.18506,0.18548,0.18454,0.18473,39981601.0
2025-11-02 14:15:00+00:00,0.18473,0.18484,0.18322,0.18344,153335776.0
2025-11-02 14:30:00+00:00,0.18344,0.18419,0.1834,0.18345,49447790.0
2025-11-02 14:45:00+00:00,0.18345,0.18412,0.1827,0.18367,81327415.0
2025-11-02 15:00:00+00:00,0.18367,0.18391,0.18301,0.18364,31888768.0
2025-11-02 15:15:00+00:00,0.18364,0.18454,0.18358,0.18451,27586317.0
2025-11-02 15:30:00+00:00,0.1845,0.18455,0.18371,0.18382,26905452.0
2025-11-02 15:45:00+00:00,0.18383,0.18403,0.18332,0.18335,27052518.0
2025-11-02 16:00:00+00:00,0.18335,0.1835,0.18225,0.18245,118534861.0
2025-11-02 16:15:00+00:00,0.18246,0.18323,0.18157,0.18303,103892127.0
2025-11-02 16:30:00+00:00,0.18302,0.18323,0.1825,0.18314,30060638.0
2025-11-02 16:45:00+00:00,0.18314,0.18382,0.18281,0.18378,37232781.0
2025-11-02 17:00:00+00:00,0.18378,0.18384,0.18346,0.18361,26605475.0
2025-11-02 17:15:00+00:00,0.18361,0.18381,0.18317,0.1835,24289940.0
2025-11-02 17:30:00+00:00,0.1835,0.1836,0.18314,0.18353,20524710.0
2025-11-02 17:45:00+00:00,0.18353,0.18398,0.18329,0.18397,18534713.0
2025-11-02 18:00:00+00:00,0.18397,0.18399,0.18337,0.18343,18578304.0
2025-11-02 18:15:00+00:00,0.18344,0.18394,0.18338,0.18388,11350998.0
2025-11-02 18:30:00+00:00,0.18387,0.18422,0.18379,0.18413,17525938.0
2025-11-02 18:45:00+00:00,0.18413,0.18416,0.18373,0.18381,15178679.0
2025-11-02 19:00:00+00:00,0.18381,0.18399,0.18353,0.18366,14794326.0
2025-11-02 19:15:00+00:00,0.18367,0.18367,0.18244,0.18244,31527741.0
2025-11-02 19:30:00+00:00,0.18244,0.18299,0.18236,0.18281,38113471.0
2025-11-02 19:45:00+00:00,0.18282,0.1832,0.18279,0.18318,13239119.0
2025-11-02 20:00:00+00:00,0.18318,0.18334,0.18272,0.18274,13510743.0
2025-11-02 20:15:00+00:00,0.18274,0.18316,0.18274,0.18308,10139891.0
2025-11-02 20:30:00+00:00,0.18308,0.18321,0.18295,0.18301,9898594.0
2025-11-02 20:45:00+00:00,0.18302,0.18325,0.18298,0.1832,10942134.0
2025-11-02 21:00:00+00:00,0.18321,0.18369,0.18319,0.18334,22496770.0
2025-11-02 21:15:00+00:00,0.18335,0.1837,0.18332,0.1836,8103008.0
2025-11-02 21:30:00+00:00,0.18361,0.18395,0.18358,0.18394,17250942.0
2025-11-02 21:45:00+00:00,0.18393,0.18429,0.1837,0.18371,22086775.0
2025-11-02 22:00:00+00:00,0.18371,0.18385,0.18358,0.18361,12168296.0
2025-11-02 22:15:00+00:00,0.18362,0.18409,0.18361,0.18379,7666202.0
2025-11-02 22:30:00+00:00,0.1838,0.18386,0.18285,0.18368,34033990.0
2025-11-02 22:45:00+00:00,0.18368,0.18402,0.18337,0.18401,20537725.0
2025-11-02 23:00:00+00:00,0.18402,0.18558,0.18402,0.18548,65984301.0
2025-11-02 23:15:00+00:00,0.18549,0.1858,0.18495,0.18517,45086873.0
2025-11-02 23:30:00+00:00,0.18518,0.18619,0.18504,0.18583,78265140.0
2025-11-02 23:45:00+00:00,0.18583,0.1867,0.18583,0.18629,44664701.0
2025-11-03 00:00:00+00:00,0.18629,0.18659,0.18597,0.18625,40095930.0
2025-11-03 00:15:00+00:00,0.18625,0.1864,0.1855,0.18561,31673862.0
2025-11-03 00:30:00+00:00,0.18561,0.18573,0.18495,0.18511,27050129.0
2025-11-03 00:45:00+00:00,0.1851,0.18535,0.18344,0.18367,66924254.0
2025-11-03 01:00:00+00:00,0.18366,0.18422,0.18319,0.1842,74764009.0
2025-11-03 01:15:00+00:00,0.1842,0.18435,0.18307,0.18335,44032522.0
2025-11-03 01:30:00+00:00,0.18335,0.18357,0.18238,0.18301,62694305.0
2025-11-03 01:45:00+00:00,0.183,0.18339,0.18254,0.18287,26987717.0
2025-11-03 02:00:00+00:00,0.18288,0.1831,0.18167,0.18247,73435587.0
2025-11-03 02:15:00+00:00,0.18246,0.18246,0.18114,0.18121,78261351.0
2025-11-03 02:30:00+00:00,0.1812,0.1812,0.18016,0.18057,122276183.0
2025-11-03 02:45:00+00:00,0.18057,0.18137,0.17985,0.18087,114708321.0
2025-11-03 03:00:00+00:00,0.18086,0.1812,0.17787,0.17827,211763829.0
2025-11-03 03:15:00+00:00,0.17827,0.17898,0.17743,0.17761,175039233.0
2025-11-03 03:30:00+00:00,0.17761,0.17761,0.17451,0.17596,396039765.0
2025-11-03 03:45:00+00:00,0.17596,0.17597,0.17442,0.175,172365474.0
2025-11-03 04:00:00+00:00,0.175,0.175,0.17318,0.1742,270384342.0
2025-11-03 04:15:00+00:00,0.17419,0.17524,0.17377,0.17476,134989581.0
2025-11-03 04:30:00+00:00,0.17475,0.17506,0.17409,0.17446,91421965.0
2025-11-03 04:45:00+00:00,0.17446,0.17589,0.17446,0.17584,87950621.0
2025-11-03 05:00:00+00:00,0.17584,0.17659,0.17579,0.17629,130715623.0
2025-11-03 05:15:00+00:00,0.17629,0.17638,0.17568,0.1759,80577124.0
2025-11-03 05:30:00+00:00,0.1759,0.17602,0.17428,0.17441,93333515.0
2025-11-03 05:45:00+00:00,0.17442,0.17443,0.17358,0.17383,76940093.0
2025-11-03 06:00:00+00:00,0.17383,0.17438,0.17256,0.17319,155029553.0
2025-11-03 06:15:00+00:00,0.1732,0.17407,0.17299,0.17358,68482680.0
2025-11-03 06:30:00+00:00,0.17358,0.17406,0.17297,0.17303,69543125.0
2025-11-03 06:45:00+00:00,0.17302,0.17339,0.17094,0.17306,247981142.0
2025-11-03 07:00:00+00:00,0.17306,0.17316,0.17223,0.17302,100836158.0
2025-11-03 07:15:00+00:00,0.17302,0.17424,0.17285,0.17365,92974667.0
2025-11-03 07:30:00+00:00,0.17365,0.17447,0.17326,0.17328,87976076.0
2025-11-03 07:45:00+00:00,0.17329,0.17389,0.17323,0.17341,55496375.0
2025-11-03 08:00:00+00:00,0.1734,0.17387,0.17316,0.17366,51007170.0
2025-11-03 08:15:00+00:00,0.17365,0.17374,0.17286,0.17302,45506367.0
2025-11-03 08:30:00+00:00,0.17302,0.17325,0.17243,0.17301,61880933.0
2025-11-03 08:45:00+00:00,0.173,0.17405,0.17223,0.17367,112378883.0
2025-11-03 09:00:00+00:00,0.17367,0.17522,0.17356,0.17488,112456248.0
2025-11-03 09:15:00+00:00,0.17487,0.17487,0.17326,0.17361,79734037.0
2025-11-03 09:30:00+00:00,0.1736,0.174,0.17309,0.17339,59169301.0
2025-11-03 09:45:00+00:00,0.17339,0.1736,0.17243,0.17259,67084487.0
2025-11-03 10:00:00+00:00,0.17258,0.1735,0.17258,0.1732,55527349.0
2025-11-03 10:15:00+00:00,0.17319,0.17351,0.17302,0.17339,32450696.0
2025-11-03 10:30:00+00:00,0.17339,0.17339,0.17214,0.17224,44899884.0
2025-11-03 10:45:00+00:00,0.17224,0.17284,0.17119,0.17195,95568324.0
2025-11-03 11:00:00+00:00,0.17194,0.17367,0.1719,0.1733,115061673.0
2025-11-03 11:15:00+00:00,0.1733,0.17449,0.17312,0.17371,59489018.0
2025-11-03 11:30:00+00:00,0.1737,0.17412,0.17346,0.17409,32007608.0
2025-11-03 11:45:00+00:00,0.1741,0.1748,0.17398,0.17408,60989217.0
2025-11-03 12:00:00+00:00,0.17408,0.17507,0.17393,0.17498,65876913.0
2025-11-03 12:15:00+00:00,0.17499,0.1755,0.17495,0.17524,70213471.0
2025-11-03 12:30:00+00:00,0.17525,0.1753,0.1744,0.17447,47565858.0
2025-11-03 12:45:00+00:00,0.17447,0.17481,0.17394,0.17417,40995982.0
2025-11-03 13:00:00+00:00,0.17416,0.17428,0.17372,0.17408,43519510.0
2025-11-03 13:15:00+00:00,0.17409,0.17409,0.17344,0.17396,63205474.0
2025-11-03 13:30:00+00:00,0.17396,0.17506,0.17395,0.17467,56979159.0
2025-11-03 13:45:00+00:00,0.17467,0.17488,0.17393,0.17431,46352531.0
2025-11-03 14:00:00+00:00,0.1743,0.17572,0.1743,0.17463,104588166.0
2025-11-03 14:15:00+00:00,0.17464,0.17507,0.17415,0.1745,42981157.0
2025-11-03 14:30:00+00:00,0.17449,0.17475,0.17363,0.17401,77811863.0
2025-11-03 14:45:00+00:00,0.17401,0.1751,0.17376,0.1751,67550115.0
2025-11-03 15:00:00+00:00,0.1751,0.17538,0.17345,0.17372,93702799.0
2025-11-03 15:15:00+00:00,0.17372,0.17372,0.16585,0.1679,601581912.0
2025-11-03 15:30:00+00:00,0.16788,0.16929,0.15942,0.1677,1402182991.0
2025-11-03 15:45:00+00:00,0.16771,0.17009,0.16665,0.16693,727888937.0
2025-11-03 16:00:00+00:00,0.16693,0.1681,0.16546,0.16774,406825855.0
2025-11-03 16:15:00+00:00,0.16775,0.16927,0.16711,0.16792,263047323.0
2025-11-03 16:30:00+00:00,0.16792,0.16887,0.16755,0.16834,133785214.0
2025-11-03 16:45:00+00:00,0.16834,0.16908,0.16818,0.16869,83043359.0
2025-11-03 17:00:00+00:00,0.1687,0.16972,0.1684,0.16952,93969118.0
2025-11-03 17:15:00+00:00,0.16953,0.17148,0.16917,0.1696,174278319.0
2025-11-03 17:30:00+00:00,0.1696,0.17067,0.16951,0.17015,72910102.0
2025-11-03 17:45:00+00:00,0.17015,0.17145,0.17013,0.17123,85445474.0
2025-11-03 18:00:00+00:00,0.17123,0.17158,0.17037,0.17062,75446696.0
2025-11-03 18:15:00+00:00,0.17062,0.17078,0.16977,0.16989,45364930.0
2025-11-03 18:30:00+00:00,0.1699,0.17033,0.1695,0.16965,43039557.0
2025-11-03 18:45:00+00:00,0.16966,0.16966,0.16886,0.16915,78388041.0
2025-11-03 19:00:00+00:00,0.16915,0.16938,0.16837,0.1689,91885920.0
2025-11-03 19:15:00+00:00,0.1689,0.16959,0.16825,0.16845,84489272.0
2025-11-03 19:30:00+00:00,0.16845,0.16903,0.1683,0.16898,48093346.0
2025-11-03 19:45:00+00:00,0.16898,0.16929,0.16785,0.168,57357596.0
2025-11-03 20:00:00+00:00,0.168,0.16837,0.16715,0.16738,87929621.0
2025-11-03 20:15:00+00:00,0.16738,0.16761,0.16667,0.16726,89768418.0
2025-11-03 20:30:00+00:00,0.16726,0.16788,0.16632,0.16664,76122033.0
2025-11-03 20:45:00+00:00,0.16665,0.16681,0.16517,0.16599,136803450.0
2025-11-03 21:00:00+00:00,0.16599,0.1678,0.16593,0.16636,103171196.0
2025-11-03 21:15:00+00:00,0.16636,0.16652,0.16437,0.16563,146909373.0
2025-11-03 21:30:00+00:00,0.16563,0.16719,0.16539,0.16712,71556009.0
2025-11-03 21:45:00+00:00,0.16711,0.16776,0.16696,0.16765,49654768.0
2025-11-03 22:00:00+00:00,0.16764,0.16779,0.16607,0.1665,62727037.0
2025-11-03 22:15:00+00:00,0.16649,0.16688,0.16536,0.16536,62143590.0
2025-11-03 22:30:00+00:00,0.16536,0.16594,0.16449,0.16554,83714260.0
2025-11-03 22:45:00+00:00,0.16554,0.16663,0.16554,0.16573,33015296.0
2025-11-03 23:00:00+00:00,0.16574,0.16574,0.16425,0.1652,53787396.0
2025-11-03 23:15:00+00:00,0.16521,0.16646,0.1651,0.16633,44187107.0
2025-11-03 23:30:00+00:00,0.16633,0.16731,0.16611,0.16717,43540077.0
2025-11-03 23:45:00+00:00,0.16718,0.16737,0.16671,0.1673,49853114.0
2025-11-04 00:00:00+00:00,0.16731,0.16737,0.16663,0.16691,50822455.0
2025-11-04 00:15:00+00:00,0.1669,0.16739,0.16551,0.16557,59434671.0
2025-11-04 00:30:00+00:00,0.16557,0.16946,0.16556,0.16924,154372598.0
2025-11-04 00:45:00+00:00,0.16924,0.16925,0.16802,0.1686,54255265.0
2025-11-04 01:00:00+00:00,0.1686,0.16883,0.16786,0.16847,44380337.0
2025-11-04 01:15:00+00:00,0.16847,0.16992,0.16816,0.16932,106424720.0
2025-11-04 01:30:00+00:00,0.16933,0.17024,0.16917,0.1697,69569258.0
2025-11-04 01:45:00+00:00,0.16971,0.17022,0.16908,0.16992,47178084.0
2025-11-04 02:00:00+00:00,0.16992,0.17017,0.16954,0.16997,37511689.0
2025-11-04 02:15:00+00:00,0.16998,0.17037,0.16961,0.16969,53620524.0
2025-11-04 02:30:00+00:00,0.16968,0.16973,0.16902,0.16929,49847606.0
2025-11-04 02:45:00+00:00,0.16929,0.16952,0.1689,0.16929,36231646.0
2025-11-04 03:00:00+00:00,0.16929,0.17011,0.16838,0.16994,102180114.0
2025-11-04 03:15:00+00:00,0.16995,0.17037,0.16966,0.17022,74983268.0
2025-11-04 03:30:00+00:00,0.17022,0.1709,0.16981,0.1704,49041080.0
2025-11-04 03:45:00+00:00,0.1704,0.1706,0.17005,0.17033,30879880.0
2025-11-04 04:00:00+00:00,0.17034,0.17103,0.17017,0.17091,56139358.0
2025-11-04 04:15:00+00:00,0.17091,0.17092,0.17002,0.17053,43075520.0
2025-11-04 04:30:00+00:00,0.17054,0.171,0.16992,0.1701,53459118.0
2025-11-04 04:45:00+00:00,0.17011,0.17024,0.16937,0.16943,47512354.0
2025-11-04 05:00:00+00:00,0.16943,0.16975,0.16901,0.16913,44056187.0
2025-11-04 05:15:00+00:00,0.16913,0.16922,0.1657,0.16594,235732316.0
2025-11-04 05:30:00+00:00,0.16593,0.16598,0.16327,0.1635,338439235.0
2025-11-04 05:45:00+00:00,0.16351,0.16384,0.16065,0.16105,326824036.0
2025-11-04 06:00:00+00:00,0.16105,0.16458,0.16082,0.16451,229890477.0
2025-11-04 06:15:00+00:00,0.16452,0.16732,0.16444,0.16565,357624578.0
2025-11-04 06:30:00+00:00,0.16564,0.16599,0.16421,0.1643,109650816.0
2025-11-04 06:45:00+00:00,0.1643,0.16532,0.16395,0.16438,92149700.0
2025-11-04 07:00:00+00:00,0.16438,0.16462,0.16294,0.16324,123205801.0
2025-11-04 07:15:00+00:00,0.16323,0.164,0.16108,0.16147,187616747.0
2025-11-04 07:30:00+00:00,0.16148,0.16312,0.16117,0.16161,109321559.0
2025-11-04 07:45:00+00:00,0.16161,0.16221,0.16053,0.16192,87937480.0
2025-11-04 08:00:00+00:00,0.16192,0.16236,0.1611,0.16144,103483684.0
2025-11-04 08:15:00+00:00,0.16145,0.1639,0.16083,0.16339,160366787.0
2025-11-04 08:30:00+00:00,0.16339,0.16582,0.16334,0.16492,195116176.0
2025-11-04 08:45:00+00:00,0.16492,0.16503,0.16379,0.16445,87849024.0
2025-11-04 09:00:00+00:00,0.16444,0.16478,0.16359,0.16404,65161897.0
2025-11-04 09:15:00+00:00,0.16404,0.16533,0.16365,0.16486,80048979.0
2025-11-04 09:30:00+00:00,0.16487,0.16554,0.16418,0.1651,51948702.0
2025-11-04 09:45:00+00:00,0.1651,0.1654,0.16441,0.16527,50266406.0
2025-11-04 10:00:00+00:00,0.16526,0.16597,0.16506,0.16541,67043564.0
2025-11-04 10:15:00+00:00,0.16541,0.16594,0.16495,0.16514,56615479.0
2025-11-04 10:30:00+00:00,0.16513,0.16577,0.16451,0.16522,61542538.0
2025-11-04 10:45:00+00:00,0.16522,0.16554,0.16459,0.16529,57685896.0
2025-11-04 11:00:00+00:00,0.16528,0.16664,0.16505,0.16629,97415391.0
2025-11-04 11:15:00+00:00,0.1663,0.16695,0.16576,0.16576,72399149.0
2025-11-04 11:30:00+00:00,0.16576,0.16605,0.16537,0.16589,44084888.0
2025-11-04 11:45:00+00:00,0.16589,0.16639,0.16536,0.16603,72766435.0
2025-11-04 12:00:00+00:00,0.16604,0.16625,0.16512,0.1653,51202023.0
2025-11-04 12:15:00+00:00,0.1653,0.16544,0.16478,0.16513,66161223.0
2025-11-04 12:30:00+00:00,0.16513,0.16516,0.16374,0.1639,79749969.0
2025-11-04 12:45:00+00:00,0.1639,0.16423,0.16359,0.16402,45829841.0
2025-11-04 13:00:00+00:00,0.16402,0.16458,0.16258,0.16342,156808840.0
2025-11-04 13:15:00+00:00,0.16342,0.16361,0.16188,0.16211,107702935.0
2025-11-04 13:30:00+00:00,0.16212,0.16396,0.162,0.16324,92077663.0
2025-11-04 13:45:00+00:00,0.16324,0.16324,0.16242,0.16278,66083512.0
2025-11-04 14:00:00+00:00,0.16277,0.16277,0.16105,0.16144,152816242.0
2025-11-04 14:15:00+00:00,0.16143,0.16206,0.16116,0.16183,82618628.0
2025-11-04 14:30:00+00:00,0.16183,0.16542,0.16068,0.1654,430462152.0
2025-11-04 14:45:00+00:00,0.1654,0.16774,0.16481,0.16685,296656612.0
2025-11-04 15:00:00+00:00,0.16686,0.16802,0.16569,0.16574,190442900.0
2025-11-04 15:15:00+00:00,0.16575,0.16847,0.16573,0.16689,146393304.0
2025-11-04 15:30:00+00:00,0.16689,0.16698,0.16585,0.16615,78243928.0
2025-11-04 15:45:00+00:00,0.16615,0.16615,0.16318,0.16387,195210312.0
2025-11-04 16:00:00+00:00,0.16387,0.16509,0.16362,0.16409,104260380.0
2025-11-04 16:15:00+00:00,0.1641,0.16433,0.16115,0.16293,264667009.0
2025-11-04 16:30:00+00:00,0.16292,0.16347,0.16095,0.16111,184388284.0
2025-11-04 16:45:00+00:00,0.1611,0.1614,0.15963,0.16007,276393792.0
2025-11-04 17:00:00+00:00,0.16007,0.16013,0.15622,0.15713,461655200.0
2025-11-04 17:15:00+00:00,0.15714,0.15976,0.15607,0.15876,365097981.0
2025-11-04 17:30:00+00:00,0.15875,0.16117,0.15871,0.15956,218808375.0
2025-11-04 17:45:00+00:00,0.15956,0.16003,0.15876,0.15917,104377227.0
2025-11-04 18:00:00+00:00,0.15916,0.15926,0.1571,0.15768,164872352.0
2025-11-04 18:15:00+00:00,0.15768,0.1578,0.15614,0.15665,158377687.0
2025-11-04 18:30:00+00:00,0.15664,0.15909,0.15406,0.15905,496215879.0
2025-11-04 18:45:00+00:00,0.15905,0.16034,0.15664,0.15977,295505168.0
2025-11-04 19:00:00+00:00,0.15977,0.1608,0.15895,0.15978,176067406.0
2025-11-04 19:15:00+00:00,0.15978,0.16144,0.15934,0.15968,150119806.0
2025-11-04 19:30:00+00:00,0.15967,0.16002,0.15808,0.15858,107078356.0
2025-11-04 19:45:00+00:00,0.15858,0.15862,0.15758,0.15792,78078885.0
2025-11-04 20:00:00+00:00,0.15792,0.15832,0.15592,0.15629,193379784.0
2025-11-04 20:15:00+00:00,0.15628,0.15716,0.1515,0.1568,970350420.0
2025-11-04 20:30:00+00:00,0.1568,0.16057,0.15598,0.15986,360307159.0
2025-11-04 20:45:00+00:00,0.15987,0.16056,0.1582,0.15883,208766906.0
2025-11-04 21:00:00+00:00,0.15883,0.15965,0.15741,0.15758,165701786.0
2025-11-04 21:15:00+00:00,0.15757,0.15796,0.15588,0.15647,141596110.0
2025-11-04 21:30:00+00:00,0.15648,0.15657,0.15146,0.15286,544708187.0
2025-11-04 21:45:00+00:00,0.15287,0.15918,0.15279,0.15904,554146130.0
2025-11-04 22:00:00+00:00,0.15905,0.16233,0.15826,0.16161,294472903.0
2025-11-04 22:15:00+00:00,0.1616,0.16291,0.16135,0.16291,114579767.0
2025-11-04 22:30:00+00:00,0.1629,0.16432,0.16268,0.16306,151460635.0
2025-11-04 22:45:00+00:00,0.16306,0.16391,0.1622,0.16339,75400172.0
2025-11-04 23:00:00+00:00,0.16339,0.16427,0.16288,0.16341,129187466.0
2025-11-04 23:15:00+00:00,0.16341,0.16352,0.16232,0.16247,59818542.0
2025-11-04 23:30:00+00:00,0.16247,0.16282,0.16206,0.16269,72300795.0
2025-11-04 23:45:00+00:00,0.16269,0.16316,0.16214,0.16217,66497181.0
2025-11-05 00:00:00+00:00,0.16216,0.1628,0.16132,0.16172,74415315.0
2025-11-05 00:15:00+00:00,0.16171,0.16334,0.16139,0.16158,87647199.0
2025-11-05 00:30:00+00:00,0.16159,0.16172,0.16009,0.16015,119561597.0
2025-11-05 00:45:00+00:00,0.16014,0.16128,0.16014,0.16082,62053584.0
2025-11-05 01:00:00+00:00,0.16082,0.16096,0.15905,0.16004,88411138.0
2025-11-05 01:15:00+00:00,0.16004,0.16011,0.15564,0.15589,233296606.0
2025-11-05 01:30:00+00:00,0.15588,0.15745,0.15443,0.15522,282321527.0
2025-11-05 01:45:00+00:00,0.15522,0.16037,0.15494,0.15964,274207793.0
2025-11-05 02:00:00+00:00,0.15964,0.16244,0.15964,0.16177,217332301.0
2025-11-05 02:15:00+00:00,0.16178,0.16317,0.16113,0.16191,175844546.0
2025-11-05 02:30:00+00:00,0.16192,0.16329,0.16172,0.16325,106789586.0
2025-11-05 02:45:00+00:00,0.16326,0.16459,0.16238,0.16423,155773141.0
2025-11-05 03:00:00+00:00,0.16424,0.16494,0.16356,0.16366,86805068.0
2025-11-05 03:15:00+00:00,0.16365,0.16453,0.16302,0.16441,82380672.0
2025-11-05 03:30:00+00:00,0.16441,0.16476,0.16401,0.1644,65419492.0
2025-11-05 03:45:00+00:00,0.16439,0.16481,0.16405,0.16435,86604039.0
2025-11-05 04:00:00+00:00,0.16435,0.16513,0.1639,0.16399,71702259.0
2025-11-05 04:15:00+00:00,0.164,0.16423,0.1636,0.16371,49822072.0
2025-11-05 04:30:00+00:00,0.1637,0.16532,0.16363,0.1651,61405097.0
2025-11-05 04:45:00+00:00,0.1651,0.16522,0.16415,0.16469,53747103.0
2025-11-05 05:00:00+00:00,0.1647,0.16611,0.16469,0.16577,78550632.0
2025-11-05 05:15:00+00:00,0.16576,0.16593,0.16482,0.16492,51563984.0
2025-11-05 05:30:00+00:00,0.16493,0.16554,0.16482,0.16503,32587999.0
2025-11-05 05:45:00+00:00,0.16503,0.16504,0.1645,0.16489,40737373.0
2025-11-05 06:00:00+00:00,0.16488,0.16497,0.16415,0.16446,47314591.0
2025-11-05 06:15:00+00:00,0.16447,0.16533,0.16418,0.1646,45931851.0
2025-11-05 06:30:00+00:00,0.1646,0.16525,0.16435,0.16453,27879568.0
2025-11-05 06:45:00+00:00,0.16454,0.16538,0.16434,0.16528,28027367.0
2025-11-05 07:00:00+00:00,0.16528,0.16541,0.16437,0.1648,34810478.0
2025-11-05 07:15:00+00:00,0.1648,0.1649,0.16391,0.16439,33254560.0
2025-11-05 07:30:00+00:00,0.16439,0.16508,0.1643,0.16507,21946193.0
2025-11-05 07:45:00+00:00,0.16507,0.1653,0.16478,0.16483,27893404.0
2025-11-05 08:00:00+00:00,0.16483,0.16483,0.16382,0.16405,56587258.0
2025-11-05 08:15:00+00:00,0.16404,0.16409,0.16211,0.16278,107928333.0
2025-11-05 08:30:00+00:00,0.16277,0.16388,0.1625,0.16292,53933965.0
2025-11-05 08:45:00+00:00,0.16293,0.16318,0.16181,0.16277,104492614.0
2025-11-05 09:00:00+00:00,0.16277,0.16413,0.16246,0.16329,70877919.0
2025-11-05 09:15:00+00:00,0.16329,0.16388,0.16276,0.16378,41281460.0
2025-11-05 09:30:00+00:00,0.16377,0.16386,0.16307,0.16366,33862705.0
2025-11-05 09:45:00+00:00,0.16366,0.16398,0.16337,0.16382,31385738.0
2025-11-05 10:00:00+00:00,0.16382,0.16386,0.16265,0.16293,69054514.0
2025-11-05 10:15:00+00:00,0.16292,0.16336,0.16261,0.16322,32164777.0
2025-11-05 10:30:00+00:00,0.16321,0.16348,0.16231,0.16256,31688291.0
2025-11-05 10:45:00+00:00,0.16257,0.16263,0.16104,0.16138,67456239.0
2025-11-05 11:00:00+00:00,0.16138,0.16269,0.16131,0.16235,59522537.0
2025-11-05 11:15:00+00:00,0.16234,0.1636,0.16232,0.16298,56049132.0
2025-11-05 11:30:00+00:00,0.16298,0.16367,0.16292,0.1634,28053345.0
2025-11-05 11:45:00+00:00,0.16339,0.16403,0.16324,0.16379,62477103.0
2025-11-05 12:00:00+00:00,0.1638,0.16386,0.16294,0.16308,41286311.0
2025-11-05 12:15:00+00:00,0.16308,0.1651,0.16291,0.16463,114289655.0
2025-11-05 12:30:00+00:00,0.16463,0.16476,0.16391,0.16464,51361829.0
2025-11-05 12:45:00+00:00,0.16465,0.16468,0.16361,0.16418,45441770.0
2025-11-05 13:00:00+00:00,0.16418,0.16461,0.16368,0.16376,49115350.0
2025-11-05 13:15:00+00:00,0.16376,0.16437,0.16344,0.16429,39770226.0
2025-11-05 13:30:00+00:00,0.16428,0.16556,0.16409,0.16499,57786461.0
2025-11-05 13:45:00+00:00,0.16499,0.16613,0.16487,0.16545,107796337.0
2025-11-05 14:00:00+00:00,0.16545,0.16604,0.16519,0.16527,64100453.0
2025-11-05 14:15:00+00:00,0.16527,0.16531,0.16427,0.16452,81450417.0
2025-11-05 14:30:00+00:00,0.16451,0.16536,0.1633,0.16497,198283700.0
2025-11-05 14:45:00+00:00,0.16487,0.16696,0.16446,0.16568,183078342.0
2025-11-05 15:00:00+00:00,0.16567,0.1668,0.1651,0.16591,121072296.0
2025-11-05 15:15:00+00:00,0.16591,0.16641,0.16541,0.16597,64724387.0
2025-11-05 15:30:00+00:00,0.16597,0.16703,0.16579,0.16636,75416747.0
2025-11-05 15:45:00+00:00,0.16637,0.16727,0.16602,0.1672,64559409.0
2025-11-05 16:00:00+00:00,0.1672,0.16772,0.16605,0.1661,101853162.0
2025-11-05 16:15:00+00:00,0.1661,0.16646,0.16558,0.16638,52137253.0
2025-11-05 16:30:00+00:00,0.16638,0.16752,0.16627,0.16665,83031036.0
2025-11-05 16:45:00+00:00,0.16666,0.16784,0.16665,0.16736,67126817.0
2025-11-05 17:00:00+00:00,0.16736,0.16737,0.16663,0.16673,59790071.0
2025-11-05 17:15:00+00:00,0.16672,0.16787,0.16666,0.16756,47307570.0
2025-11-05 17:30:00+00:00,0.16755,0.16816,0.16719,0.1674,65174254.0
2025-11-05 17:45:00+00:00,0.16741,0.16743,0.16679,0.16724,47784361.0
2025-11-05 18:00:00+00:00,0.16724,0.1673,0.16655,0.16675,35705724.0
2025-11-05 18:15:00+00:00,0.16675,0.16749,0.1667,0.16749,27751896.0
2025-11-05 18:30:00+00:00,0.16748,0.16828,0.16721,0.16787,42862167.0
2025-11-05 18:45:00+00:00,0.16786,0.16878,0.16771,0.16797,73608461.0
2025-11-05 19:00:00+00:00,0.16797,0.16813,0.16719,0.16751,38417913.0
2025-11-05 19:15:00+00:00,0.16752,0.16815,0.16737,0.16759,40887570.0
2025-11-05 19:30:00+00:00,0.16759,0.16827,0.16754,0.16799,22402772.0
2025-11-05 19:45:00+00:00,0.16799,0.16805,0.16695,0.16718,38168705.0
2025-11-05 20:00:00+00:00,0.16718,0.16816,0.16707,0.16798,42245563.0
2025-11-05 20:15:00+00:00,0.16797,0.16804,0.167,0.16706,31702342.0
2025-11-05 20:30:00+00:00,0.16706,0.16749,0.16669,0.16724,43784227.0
2025-11-05 20:45:00+00:00,0.16724,0.16774,0.1669,0.16739,41972802.0
2025-11-05 21:00:00+00:00,0.16739,0.16739,0.16619,0.16651,61244756.0
2025-11-05 21:15:00+00:00,0.16651,0.16695,0.1661,0.16644,35945800.0
2025-11-05 21:30:00+00:00,0.16644,0.16667,0.16593,0.16638,42157830.0
2025-11-05 21:45:00+00:00,0.16638,0.16717,0.16634,0.16692,21829597.0
2025-11-05 22:00:00+00:00,0.16692,0.16709,0.16623,0.16676,34411896.0
2025-11-05 22:15:00+00:00,0.16677,0.16741,0.16673,0.16722,22321245.0
2025-11-05 22:30:00+00:00,0.16721,0.16791,0.16702,0.16764,26874393.0
2025-11-05 22:45:00+00:00,0.16765,0.16805,0.16736,0.16795,14539365.0
2025-11-05 23:00:00+00:00,0.16795,0.16825,0.16733,0.16752,37080295.0
2025-11-05 23:15:00+00:00,0.16752,0.16796,0.16741,0.16771,24578875.0
2025-11-05 23:30:00+00:00,0.1677,0.16783,0.1674,0.1677,25063413.0
2025-11-05 23:45:00+00:00,0.1677,0.1677,0.16701,0.16709,20695072.0
2025-11-06 00:00:00+00:00,0.1671,0.1671,0.16617,0.16679,56130591.0
2025-11-06 00:15:00+00:00,0.16679,0.16705,0.16604,0.16644,32822707.0
2025-11-06 00:30:00+00:00,0.16644,0.1666,0.1659,0.16626,37228041.0
2025-11-06 00:45:00+00:00,0.16626,0.16707,0.16591,0.16681,21359242.0
2025-11-06 01:00:00+00:00,0.16682,0.16682,0.16523,0.16559,65611025.0
2025-11-06 01:15:00+00:00,0.16559,0.16588,0.16427,0.16449,60531207.0
2025-11-06 01:30:00+00:00,0.1645,0.16581,0.1645,0.16548,54973589.0
2025-11-06 01:45:00+00:00,0.16548,0.1663,0.16541,0.16617,38566056.0
2025-11-06 02:00:00+00:00,0.16617,0.16626,0.16485,0.16494,38119766.0
2025-11-06 02:15:00+00:00,0.16495,0.16604,0.16495,0.16551,28879206.0
2025-11-06 02:30:00+00:00,0.16551,0.16716,0.16537,0.16687,45339015.0
2025-11-06 02:45:00+00:00,0.16686,0.16773,0.16681,0.16688,50999662.0
2025-11-06 03:00:00+00:00,0.16688,0.16718,0.16659,0.16679,30869018.0
2025-11-06 03:15:00+00:00,0.16679,0.16749,0.16665,0.16675,34837679.0
2025-11-06 03:30:00+00:00,0.16676,0.16727,0.1667,0.1671,20408337.0
2025-11-06 03:45:00+00:00,0.1671,0.16733,0.1669,0.16698,14906333.0
2025-11-06 04:00:00+00:00,0.16699,0.16721,0.16653,0.16705,25472413.0
2025-11-06 04:15:00+00:00,0.16705,0.16734,0.16644,0.16645,21037247.0
2025-11-06 04:30:00+00:00,0.16645,0.16667,0.1662,0.16662,21311488.0
2025-11-06 04:45:00+00:00,0.16661,0.16732,0.16656,0.16667,30644052.0
2025-11-06 05:00:00+00:00,0.16668,0.16679,0.16507,0.1652,49219883.0
2025-11-06 05:15:00+00:00,0.1652,0.1652,0.16452,0.16471,67105188.0
2025-11-06 05:30:00+00:00,0.16471,0.16483,0.16384,0.16409,53913360.0
2025-11-06 05:45:00+00:00,0.1641,0.16415,0.16326,0.16374,76056148.0
2025-11-06 06:00:00+00:00,0.16373,0.1642,0.16342,0.16398,46606795.0
2025-11-06 06:15:00+00:00,0.16399,0.16441,0.16383,0.16416,34667975.0
2025-11-06 06:30:00+00:00,0.16416,0.16441,0.16351,0.16384,26511398.0
2025-11-06 06:45:00+00:00,0.16384,0.16388,0.1632,0.16328,32249587.0
2025-11-06 07:00:00+00:00,0.16328,0.16402,0.16323,0.16362,42784134.0
2025-11-06 07:15:00+00:00,0.16363,0.1644,0.16269,0.16407,80334395.0
2025-11-06 07:30:00+00:00,0.16407,0.16407,0.16282,0.16303,52267855.0
2025-11-06 07:45:00+00:00,0.16302,0.16347,0.16286,0.16317,27285199.0
2025-11-06 08:00:00+00:00,0.16316,0.1638,0.16294,0.16344,58979357.0
2025-11-06 08:15:00+00:00,0.16343,0.16416,0.16336,0.16386,44311786.0
2025-11-06 08:30:00+00:00,0.16386,0.16395,0.16326,0.16326,25196581.0
2025-11-06 08:45:00+00:00,0.16326,0.16347,0.16276,0.16345,31391879.0
2025-11-06 09:00:00+00:00,0.16345,0.16374,0.16253,0.16374,46306293.0
2025-11-06 09:15:00+00:00,0.16374,0.16391,0.16306,0.16307,29322966.0
2025-11-06 09:30:00+00:00,0.16307,0.16358,0.16307,0.16328,21737753.0
2025-11-06 09:45:00+00:00,0.16329,0.16338,0.16274,0.16277,23040374.0
2025-11-06 10:00:00+00:00,0.16278,0.16297,0.16208,0.16264,79157079.0
2025-11-06 10:15:00+00:00,0.16264,0.16365,0.16252,0.16327,30363901.0
2025-11-06 10:30:00+00:00,0.16327,0.16404,0.163,0.16319,50404514.0
2025-11-06 10:45:00+00:00,0.16319,0.16356,0.16286,0.16326,29387997.0
2025-11-06 11:00:00+00:00,0.16327,0.16328,0.16227,0.16243,51508452.0
2025-11-06 11:15:00+00:00,0.16243,0.16315,0.16222,0.16305,23744181.0
2025-11-06 11:30:00+00:00,0.16305,0.1633,0.1626,0.16296,25671355.0
2025-11-06 11:45:00+00:00,0.16297,0.16325,0.16263,0.16295,14808627.0
2025-11-06 12:00:00+00:00,0.16294,0.16315,0.16247,0.1627,32793951.0
2025-11-06 12:15:00+00:00,0.16271,0.16274,0.16174,0.16194,63303237.0
2025-11-06 12:30:00+00:00,0.16193,0.16221,0.1609,0.16106,87960799.0
2025-11-06 12:45:00+00:00,0.16106,0.1615,0.16091,0.1612,56237587.0
2025-11-06 13:00:00+00:00,0.16121,0.16207,0.16116,0.16193,34233978.0
2025-11-06 13:15:00+00:00,0.16194,0.16371,0.16193,0.16337,124147378.0
2025-11-06 13:30:00+00:00,0.16338,0.16354,0.16281,0.16327,39168068.0
2025-11-06 13:45:00+00:00,0.16327,0.16377,0.16289,0.16301,32308493.0
2025-11-06 14:00:00+00:00,0.16301,0.16341,0.16151,0.16213,68889897.0
2025-11-06 14:15:00+00:00,0.16213,0.1624,0.16135,0.16163,48317349.0
2025-11-06 14:30:00+00:00,0.16163,0.16172,0.16017,0.16075,137761086.0
2025-11-06 14:45:00+00:00,0.16076,0.16169,0.16026,0.16058,91365693.0
2025-11-06 15:00:00+00:00,0.16058,0.16131,0.16017,0.16074,109784431.0
2025-11-06 15:15:00+00:00,0.16074,0.16227,0.16041,0.16084,83580741.0
2025-11-06 15:30:00+00:00,0.16085,0.16093,0.15872,0.15883,242343628.0
2025-11-06 15:45:00+00:00,0.15883,0.15959,0.15846,0.15907,160380265.0
2025-11-06 16:00:00+00:00,0.15907,0.16,0.15885,0.15898,119078515.0
2025-11-06 16:15:00+00:00,0.15897,0.1594,0.15868,0.15935,64660629.0
2025-11-06 16:30:00+00:00,0.15934,0.15936,0.15691,0.1578,192297893.0
2025-11-06 16:45:00+00:00,0.1578,0.1592,0.1575,0.1586,115444127.0
2025-11-06 17:00:00+00:00,0.15859,0.15974,0.15838,0.15868,94204845.0
2025-11-06 17:15:00+00:00,0.15868,0.15966,0.15822,0.15949,72987866.0
2025-11-06 17:30:00+00:00,0.1595,0.15999,0.159,0.15938,67638747.0
2025-11-06 17:45:00+00:00,0.15938,0.1606,0.15936,0.16028,87893306.0
2025-11-06 18:00:00+00:00,0.16027,0.16047,0.1592,0.1595,46483643.0
2025-11-06 18:15:00+00:00,0.1595,0.15962,0.15862,0.15935,54298356.0
2025-11-06 18:30:00+00:00,0.15935,0.16161,0.15929,0.16129,92178431.0
2025-11-06 18:45:00+00:00,0.1613,0.16204,0.16086,0.16095,74274750.0
2025-11-06 19:00:00+00:00,0.16094,0.16131,0.1604,0.16102,47891209.0
2025-11-06 19:15:00+00:00,0.16103,0.16134,0.16043,0.16079,25801171.0
2025-11-06 19:30:00+00:00,0.1608,0.16089,0.15963,0.16018,60971953.0
2025-11-06 19:45:00+00:00,0.16017,0.16098,0.15967,0.16069,37486826.0
2025-11-06 20:00:00+00:00,0.1607,0.16145,0.16056,0.16063,42923053.0
2025-11-06 20:15:00+00:00,0.16063,0.16151,0.16051,0.16061,29812398.0
2025-11-06 20:30:00+00:00,0.16061,0.16075,0.1595,0.15973,44223171.0
2025-11-06 20:45:00+00:00,0.15974,0.16061,0.15945,0.1604,44937047.0
2025-11-06 21:00:00+00:00,0.16039,0.16103,0.16002,0.16077,37948636.0
2025-11-06 21:15:00+00:00,0.16076,0.16154,0.16049,0.16141,33501941.0
2025-11-06 21:30:00+00:00,0.16142,0.16246,0.16139,0.16226,43105278.0
2025-11-06 21:45:00+00:00,0.16226,0.16282,0.16167,0.16229,40597940.0
2025-11-06 22:00:00+00:00,0.16229,0.16266,0.16211,0.16212,30180960.0
2025-11-06 22:15:00+00:00,0.16211,0.16266,0.16155,0.1616,33974708.0
2025-11-06 22:30:00+00:00,0.16159,0.16193,0.16073,0.16121,31937372.0
2025-11-06 22:45:00+00:00,0.16121,0.16215,0.16069,0.16185,29355547.0
2025-11-06 23:00:00+00:00,0.16185,0.16185,0.1607,0.1611,32535460.0
2025-11-06 23:15:00+00:00,0.16109,0.16121,0.16015,0.16101,44153069.0
2025-11-06 23:30:00+00:00,0.16101,0.16111,0.16034,0.16093,26192664.0
2025-11-06 23:45:00+00:00,0.16093,0.16162,0.16093,0.16155,25117291.0
2025-11-07 00:00:00+00:00,0.16155,0.16254,0.16142,0.16228,56092244.0
2025-11-07 00:15:00+00:00,0.16229,0.16263,0.16122,0.16151,49039090.0
2025-11-07 00:30:00+00:00,0.1615,0.16295,0.16135,0.16293,48515317.0
2025-11-07 00:45:00+00:00,0.16293,0.16325,0.16255,0.16296,37118937.0
2025-11-07 01:00:00+00:00,0.16296,0.16315,0.1615,0.16233,59557602.0
2025-11-07 01:15:00+00:00,0.16232,0.1634,0.1621,0.16297,48497611.0
2025-11-07 01:30:00+00:00,0.16297,0.16307,0.16087,0.1617,64510277.0
2025-11-07 01:45:00+00:00,0.16169,0.16321,0.1611,0.16317,56513398.0
2025-11-07 02:00:00+00:00,0.16317,0.16343,0.16261,0.16266,51157147.0
2025-11-07 02:15:00+00:00,0.16267,0.16318,0.16201,0.16227,32383354.0
2025-11-07 02:30:00+00:00,0.16228,0.1635,0.16228,0.16334,34181860.0
2025-11-07 02:45:00+00:00,0.16335,0.16418,0.16305,0.16407,60111435.0
2025-11-07 03:00:00+00:00,0.16408,0.16504,0.16396,0.16469,62673594.0
2025-11-07 03:15:00+00:00,0.16469,0.16497,0.16433,0.16474,32379189.0
2025-11-07 03:30:00+00:00,0.16473,0.16482,0.16431,0.16442,23290245.0
2025-11-07 03:45:00+00:00,0.16441,0.16447,0.16395,0.16429,30657340.0
2025-11-07 04:00:00+00:00,0.16429,0.16467,0.16357,0.16361,52920823.0
2025-11-07 04:15:00+00:00,0.16361,0.16456,0.16361,0.16433,28036552.0
2025-11-07 04:30:00+00:00,0.16433,0.16433,0.1636,0.16389,36768354.0
2025-11-07 04:45:00+00:00,0.1639,0.16463,0.16376,0.16456,21374710.0
2025-11-07 05:00:00+00:00,0.16455,0.16594,0.16443,0.16583,51546163.0
2025-11-07 05:15:00+00:00,0.16583,0.166,0.16544,0.16583,25513441.0
2025-11-07 05:30:00+00:00,0.16584,0.16644,0.16579,0.16601,42575097.0
2025-11-07 05:45:00+00:00,0.16601,0.16629,0.16559,0.16614,30984712.0
2025-11-07 06:00:00+00:00,0.16615,0.16635,0.16583,0.16584,33397531.0
2025-11-07 06:15:00+00:00,0.16583,0.16614,0.16576,0.1659,24588344.0
2025-11-07 06:30:00+00:00,0.1659,0.16596,0.16555,0.1658,31022957.0
2025-11-07 06:45:00+00:00,0.1658,0.16593,0.16548,0.1655,22443125.0
2025-11-07 07:00:00+00:00,0.16549,0.16592,0.16548,0.1657,21923715.0
2025-11-07 07:15:00+00:00,0.1657,0.16629,0.16528,0.16572,32889588.0
2025-11-07 07:30:00+00:00,0.16572,0.16602,0.16526,0.16596,24291163.0
2025-11-07 07:45:00+00:00,0.16596,0.1672,0.16596,0.16692,73244909.0
2025-11-07 08:00:00+00:00,0.16692,0.16712,0.16679,0.16712,36837216.0
2025-11-07 08:15:00+00:00,0.16712,0.16728,0.16631,0.16667,38389441.0
2025-11-07 08:30:00+00:00,0.16667,0.16673,0.16593,0.16614,33975381.0
2025-11-07 08:45:00+00:00,0.16615,0.16628,0.16595,0.16623,17205795.0
2025-11-07 09:00:00+00:00,0.16624,0.16626,0.16518,0.16576,54434246.0
2025-11-07 09:15:00+00:00,0.16576,0.16638,0.16451,0.16469,72982930.0
2025-11-07 09:30:00+00:00,0.16468,0.16519,0.16376,0.16427,98495760.0
2025-11-07 09:45:00+00:00,0.16427,0.16508,0.1642,0.16498,49299552.0
2025-11-07 10:00:00+00:00,0.16497,0.16582,0.16474,0.16505,50451827.0
2025-11-07 10:15:00+00:00,0.16504,0.16519,0.16426,0.16482,69026986.0
2025-11-07 10:30:00+00:00,0.16482,0.16522,0.16466,0.16514,22767403.0
2025-11-07 10:45:00+00:00,0.16513,0.16524,0.16366,0.16455,40741338.0
2025-11-07 11:00:00+00:00,0.16455,0.16471,0.1625,0.16265,113855944.0
2025-11-07 11:15:00+00:00,0.16265,0.1637,0.16207,0.16263,134978666.0
2025-11-07 11:30:00+00:00,0.16263,0.16335,0.1622,0.16305,66192437.0
2025-11-07 11:45:00+00:00,0.16305,0.16426,0.16271,0.16367,64230050.0
2025-11-07 12:00:00+00:00,0.16368,0.16419,0.16307,0.16317,61386715.0
2025-11-07 12:15:00+00:00,0.16317,0.1632,0.16163,0.16188,73258794.0
2025-11-07 12:30:00+00:00,0.16187,0.16187,0.16096,0.16126,81516025.0
2025-11-07 12:45:00+00:00,0.16126,0.16148,0.16026,0.16114,108159402.0
2025-11-07 13:00:00+00:00,0.16113,0.1623,0.16061,0.16191,77719185.0
2025-11-07 13:15:00+00:00,0.16191,0.16281,0.16121,0.16143,85734311.0
2025-11-07 13:30:00+00:00,0.16147,0.16176,0.16087,0.16136,58289805.0
2025-11-07 13:45:00+00:00,0.16136,0.16258,0.16128,0.16195,52438681.0
2025-11-07 14:00:00+00:00,0.16195,0.16296,0.16136,0.16242,69972265.0
2025-11-07 14:15:00+00:00,0.16241,0.16244,0.16163,0.1621,41134930.0
2025-11-07 14:30:00+00:00,0.16211,0.16355,0.15953,0.16355,221928598.0
2025-11-07 14:45:00+00:00,0.16354,0.16592,0.16268,0.16533,259372060.0
2025-11-07 15:00:00+00:00,0.16534,0.16721,0.16397,0.16672,253802526.0
2025-11-07 15:15:00+00:00,0.16673,0.16842,0.16584,0.16802,183362549.0
2025-11-07 15:30:00+00:00,0.16801,0.16845,0.1669,0.16744,96126708.0
2025-11-07 15:45:00+00:00,0.16743,0.1702,0.16728,0.16894,193832129.0
2025-11-07 16:00:00+00:00,0.16893,0.16996,0.16826,0.16868,123832054.0
2025-11-07 16:15:00+00:00,0.16868,0.17296,0.16855,0.1729,210947598.0
2025-11-07 16:30:00+00:00,0.17289,0.17422,0.17245,0.17411,218571169.0
2025-11-07 16:45:00+00:00,0.17411,0.1755,0.17313,0.17425,220526719.0
2025-11-07 17:00:00+00:00,0.17424,0.17664,0.17327,0.17601,174873174.0
2025-11-07 17:15:00+00:00,0.17601,0.17874,0.1759,0.17818,270313125.0
2025-11-07 17:30:00+00:00,0.17817,0.17947,0.17774,0.17888,155284405.0
2025-11-07 17:45:00+00:00,0.17887,0.17971,0.17778,0.17955,108342976.0
2025-11-07 18:00:00+00:00,0.17955,0.18157,0.17936,0.18098,186500575.0
2025-11-07 18:15:00+00:00,0.18102,0.18159,0.17948,0.18098,159913348.0
2025-11-07 18:30:00+00:00,0.18097,0.18098,0.17988,0.18011,65896651.0
2025-11-07 18:45:00+00:00,0.18011,0.18029,0.17875,0.17925,126236530.0
2025-11-07 19:00:00+00:00,0.17925,0.18033,0.17813,0.18016,130476044.0
2025-11-07 19:15:00+00:00,0.18017,0.18056,0.17969,0.17971,74199331.0
2025-11-07 19:30:00+00:00,0.17972,0.18111,0.17944,0.18056,68028259.0
2025-11-07 19:45:00+00:00,0.18055,0.18082,0.17974,0.18056,56670817.0
2025-11-07 20:00:00+00:00,0.18055,0.18074,0.17947,0.18013,63024932.0
2025-11-07 20:15:00+00:00,0.18013,0.18023,0.17891,0.17948,60250947.0
2025-11-07 20:30:00+00:00,0.17949,0.18031,0.17915,0.18,59545112.0
2025-11-07 20:45:00+00:00,0.17999,0.18039,0.17962,0.18017,43675237.0
2025-11-07 21:00:00+00:00,0.18017,0.18093,0.17984,0.18083,38549408.0
2025-11-07 21:15:00+00:00,0.18083,0.18155,0.18046,0.18082,44541958.0
2025-11-07 21:30:00+00:00,0.18081,0.18125,0.18059,0.18086,22082624.0
2025-11-07 21:45:00+00:00,0.18086,0.18097,0.1802,0.18043,20488493.0
2025-11-07 22:00:00+00:00,0.18043,0.18061,0.1797,0.17999,36812997.0
2025-11-07 22:15:00+00:00,0.18,0.1807,0.17952,0.18059,35450674.0
2025-11-07 22:30:00+00:00,0.1806,0.18064,0.17981,0.18004,30996093.0
2025-11-07 22:45:00+00:00,0.18004,0.18058,0.17997,0.18049,12006743.0
2025-11-07 23:00:00+00:00,0.18049,0.18057,0.17893,0.17911,67236896.0
2025-11-07 23:15:00+00:00,0.17911,0.1795,0.17829,0.1784,65703767.0
2025-11-07 23:30:00+00:00,0.17841,0.17939,0.17833,0.17895,40554309.0
2025-11-07 23:45:00+00:00,0.17894,0.1796,0.17845,0.17873,39108441.0
2025-11-08 00:00:00+00:00,0.17872,0.18014,0.17836,0.18012,68717788.0
2025-11-08 00:15:00+00:00,0.18012,0.18044,0.17888,0.17918,76825274.0
2025-11-08 00:30:00+00:00,0.17917,0.17976,0.17756,0.17933,134357963.0
2025-11-08 00:45:00+00:00,0.17932,0.18031,0.17732,0.17752,86014731.0
2025-11-08 01:00:00+00:00,0.17752,0.1794,0.17724,0.17866,87951439.0
2025-11-08 01:15:00+00:00,0.17867,0.18025,0.17863,0.17975,51309699.0
2025-11-08 01:30:00+00:00,0.17975,0.181,0.17919,0.18045,53576449.0
2025-11-08 01:45:00+00:00,0.18046,0.1819,0.18025,0.18092,129768936.0
2025-11-08 02:00:00+00:00,0.18092,0.18229,0.1804,0.18095,112230876.0
2025-11-08 02:15:00+00:00,0.18095,0.18178,0.1807,0.18135,49011742.0
2025-11-08 02:30:00+00:00,0.18135,0.18292,0.18116,0.18232,108900846.0
2025-11-08 02:45:00+00:00,0.18233,0.18268,0.181,0.18132,58095584.0
2025-11-08 03:00:00+00:00,0.18133,0.18267,0.18107,0.18208,56870650.0
2025-11-08 03:15:00+00:00,0.18209,0.18319,0.18208,0.18293,48640006.0
2025-11-08 03:30:00+00:00,0.18293,0.18329,0.18101,0.18147,72127788.0
2025-11-08 03:45:00+00:00,0.18147,0.18171,0.17965,0.17971,117535780.0
2025-11-08 04:00:00+00:00,0.17972,0.18073,0.17971,0.18046,49213959.0
2025-11-08 04:15:00+00:00,0.18046,0.18086,0.17971,0.17989,47612475.0
2025-11-08 04:30:00+00:00,0.17989,0.18163,0.17981,0.18147,43924508.0
2025-11-08 04:45:00+00:00,0.18147,0.18226,0.18112,0.18139,44709254.0
2025-11-08 05:00:00+00:00,0.18139,0.18184,0.18061,0.18101,41557809.0
2025-11-08 05:15:00+00:00,0.181,0.18139,0.18002,0.18051,62547330.0
2025-11-08 05:30:00+00:00,0.18051,0.18077,0.17881,0.17932,108151223.0
2025-11-08 05:45:00+00:00,0.17933,0.17947,0.17854,0.17866,62478778.0
2025-11-08 06:00:00+00:00,0.17866,0.17917,0.17756,0.17767,97038816.0
2025-11-08 06:15:00+00:00,0.17768,0.17894,0.17762,0.17816,73475531.0
2025-11-08 06:30:00+00:00,0.17817,0.18014,0.17803,0.17982,69138275.0
2025-11-08 06:45:00+00:00,0.17983,0.18017,0.17931,0.17951,50958325.0
2025-11-08 07:00:00+00:00,0.17951,0.17968,0.1786,0.17932,32639873.0
2025-11-08 07:15:00+00:00,0.17932,0.1798,0.17795,0.17898,52954634.0
2025-11-08 07:30:00+00:00,0.17897,0.17988,0.17856,0.17951,38396191.0
2025-11-08 07:45:00+00:00,0.17952,0.18043,0.1794,0.18011,31202671.0
2025-11-08 08:00:00+00:00,0.18011,0.18073,0.17992,0.18012,43315141.0
2025-11-08 08:15:00+00:00,0.18012,0.18088,0.17911,0.18066,48847015.0
2025-11-08 08:30:00+00:00,0.18066,0.18162,0.18031,0.1815,67385646.0
2025-11-08 08:45:00+00:00,0.1815,0.18217,0.18117,0.18132,86520401.0
2025-11-08 09:00:00+00:00,0.18132,0.18145,0.18015,0.18044,59966175.0
2025-11-08 09:15:00+00:00,0.18044,0.18159,0.18034,0.18124,26062833.0
2025-11-08 09:30:00+00:00,0.18124,0.18183,0.18054,0.18067,51235658.0
2025-11-08 09:45:00+00:00,0.18068,0.18089,0.17963,0.18017,57131744.0
2025-11-08 10:00:00+00:00,0.18017,0.18061,0.17995,0.18041,24586089.0
2025-11-08 10:15:00+00:00,0.18042,0.18066,0.17985,0.18041,31003933.0
2025-11-08 10:30:00+00:00,0.18042,0.18073,0.17991,0.18004,31542066.0
2025-11-08 10:45:00+00:00,0.18004,0.18064,0.18002,0.18038,31087807.0
2025-11-08 11:00:00+00:00,0.18038,0.18109,0.17996,0.18106,31984069.0
2025-11-08 11:15:00+00:00,0.18107,0.18107,0.18033,0.18066,27946314.0
2025-11-08 11:30:00+00:00,0.18067,0.18072,0.17845,0.17865,103639133.0
2025-11-08 11:45:00+00:00,0.17865,0.17941,0.17843,0.17905,73264003.0
2025-11-08 12:00:00+00:00,0.17905,0.17958,0.17818,0.17831,61033411.0
2025-11-08 12:15:00+00:00,0.17832,0.17947,0.17832,0.17921,36651678.0
2025-11-08 12:30:00+00:00,0.17922,0.1794,0.17863,0.17875,24365990.0
2025-11-08 12:45:00+00:00,0.17875,0.17948,0.1785,0.17939,19626698.0
2025-11-08 13:00:00+00:00,0.1794,0.17949,0.17751,0.17848,65096022.0
2025-11-08 13:15:00+00:00,0.17849,0.17868,0.17775,0.1786,34991728.0
2025-11-08 13:30:00+00:00,0.1786,0.1786,0.17648,0.17758,123491896.0
2025-11-08 13:45:00+00:00,0.17757,0.17763,0.17571,0.1759,164648845.0
2025-11-08 14:00:00+00:00,0.17591,0.17645,0.17481,0.17502,141745299.0
2025-11-08 14:15:00+00:00,0.17503,0.17527,0.17422,0.17489,107336574.0
2025-11-08 14:30:00+00:00,0.17489,0.17634,0.17482,0.17566,90634714.0
2025-11-08 14:45:00+00:00,0.17565,0.17626,0.17539,0.17574,54143925.0
2025-11-08 15:00:00+00:00,0.17575,0.17609,0.17493,0.17573,72757765.0
2025-11-08 15:15:00+00:00,0.17572,0.17603,0.17382,0.17452,87655315.0
2025-11-08 15:30:00+00:00,0.17452,0.1747,0.17315,0.17363,69192330.0
2025-11-08 15:45:00+00:00,0.17364,0.17444,0.17345,0.17389,54223686.0
2025-11-08 16:00:00+00:00,0.1739,0.1747,0.17287,0.17454,89337116.0
2025-11-08 16:15:00+00:00,0.17453,0.17483,0.17329,0.17423,56489307.0
2025-11-08 16:30:00+00:00,0.17424,0.17498,0.17389,0.1743,51942981.0
2025-11-08 16:45:00+00:00,0.1743,0.17455,0.17364,0.17441,47968606.0
2025-11-08 17:00:00+00:00,0.17441,0.17465,0.17366,0.17383,57190451.0
2025-11-08 17:15:00+00:00,0.17384,0.17514,0.17383,0.1745,48571251.0
2025-11-08 17:30:00+00:00,0.1745,0.17487,0.17433,0.17462,37641609.0
2025-11-08 17:45:00+00:00,0.17462,0.17474,0.17423,0.17468,23220638.0
2025-11-08 18:00:00+00:00,0.17469,0.17518,0.17434,0.17502,46950310.0
2025-11-08 18:15:00+00:00,0.17502,0.17503,0.17403,0.17442,26813978.0
2025-11-08 18:30:00+00:00,0.17443,0.17518,0.17438,0.17508,25153499.0
2025-11-08 18:45:00+00:00,0.17509,0.17591,0.17502,0.17558,28449821.0
2025-11-08 19:00:00+00:00,0.17559,0.17564,0.17506,0.17524,21140330.0
2025-11-08 19:15:00+00:00,0.17524,0.17529,0.17346,0.17414,49963247.0
2025-11-08 19:30:00+00:00,0.17413,0.17501,0.17391,0.17481,28331676.0
2025-11-08 19:45:00+00:00,0.17482,0.17508,0.17443,0.17495,14410447.0
2025-11-08 20:00:00+00:00,0.17495,0.17542,0.17446,0.17455,23859029.0
2025-11-08 20:15:00+00:00,0.17455,0.17521,0.17446,0.17521,14390413.0
2025-11-08 20:30:00+00:00,0.17521,0.17584,0.1752,0.17575,20732509.0
2025-11-08 20:45:00+00:00,0.17575,0.17625,0.17538,0.17553,31169854.0
2025-11-08 21:00:00+00:00,0.17553,0.1756,0.17498,0.17504,21855581.0
2025-11-08 21:15:00+00:00,0.17504,0.17544,0.17502,0.17532,9125877.0
2025-11-08 21:30:00+00:00,0.17533,0.17571,0.17509,0.17559,15575397.0
2025-11-08 21:45:00+00:00,0.17558,0.17584,0.17547,0.17563,29906152.0
2025-11-08 22:00:00+00:00,0.17563,0.17602,0.17529,0.1756,30164077.0
2025-11-08 22:15:00+00:00,0.1756,0.17582,0.17531,0.17558,32596984.0
2025-11-08 22:30:00+00:00,0.17559,0.17568,0.17514,0.17515,12374888.0
2025-11-08 22:45:00+00:00,0.17515,0.17621,0.17512,0.17591,21916239.0
2025-11-08 23:00:00+00:00,0.17592,0.17592,0.17528,0.17551,21624802.0
2025-11-08 23:15:00+00:00,0.17551,0.17579,0.17549,0.17566,11625090.0
2025-11-08 23:30:00+00:00,0.17567,0.17649,0.17562,0.17628,38691314.0
2025-11-08 23:45:00+00:00,0.17628,0.17652,0.17593,0.17597,24573984.0
2025-11-09 00:00:00+00:00,0.17596,0.17599,0.17521,0.17524,33047113.0
2025-11-09 00:15:00+00:00,0.17524,0.1754,0.17435,0.17443,52642386.0
2025-11-09 00:30:00+00:00,0.17443,0.17537,0.1744,0.1751,23675581.0
2025-11-09 00:45:00+00:00,0.17509,0.17536,0.17428,0.17466,17305325.0
2025-11-09 01:00:00+00:00,0.17466,0.17576,0.17456,0.17527,35433907.0
2025-11-09 01:15:00+00:00,0.17527,0.17541,0.17474,0.17496,15101524.0
2025-11-09 01:30:00+00:00,0.17496,0.17504,0.1741,0.17504,26876778.0
2025-11-09 01:45:00+00:00,0.17504,0.17557,0.17504,0.17536,19119198.0
2025-11-09 02:00:00+00:00,0.17535,0.17536,0.17449,0.1746,19516079.0
2025-11-09 02:15:00+00:00,0.17461,0.17505,0.17415,0.17416,23602536.0
2025-11-09 02:30:00+00:00,0.17416,0.17416,0.1723,0.1726,93305989.0
2025-11-09 02:45:00+00:00,0.1726,0.17316,0.17175,0.17211,72304599.0
2025-11-09 03:00:00+00:00,0.17211,0.17297,0.17203,0.17265,38150019.0
2025-11-09 03:15:00+00:00,0.17265,0.17298,0.1714,0.17174,69237868.0
2025-11-09 03:30:00+00:00,0.17174,0.17213,0.17133,0.17163,39539215.0
2025-11-09 03:45:00+00:00,0.17162,0.17233,0.17112,0.17198,37170309.0
2025-11-09 04:00:00+00:00,0.17197,0.17273,0.17182,0.17264,35565134.0
2025-11-09 04:15:00+00:00,0.17263,0.17371,0.17261,0.1732,54538831.0
2025-11-09 04:30:00+00:00,0.17319,0.17337,0.17234,0.17261,26918885.0
2025-11-09 04:45:00+00:00,0.1726,0.17321,0.17239,0.17307,15662055.0
2025-11-09 05:00:00+00:00,0.17307,0.17328,0.17261,0.17311,23403241.0
2025-11-09 05:15:00+00:00,0.17311,0.17393,0.17307,0.17392,32383749.0
2025-11-09 05:30:00+00:00,0.17393,0.17407,0.17287,0.17347,28190951.0
2025-11-09 05:45:00+00:00,0.17347,0.174,0.17329,0.17384,19631226.0
2025-11-09 06:00:00+00:00,0.17383,0.17401,0.1734,0.174,22040447.0
2025-11-09 06:15:00+00:00,0.17401,0.17461,0.17366,0.17458,34289331.0
2025-11-09 06:30:00+00:00,0.17457,0.17523,0.17422,0.1747,41901188.0
2025-11-09 06:45:00+00:00,0.17471,0.17481,0.17394,0.17423,32532896.0
2025-11-09 07:00:00+00:00,0.17424,0.17469,0.17405,0.17464,29010008.0
2025-11-09 07:15:00+00:00,0.17463,0.17497,0.17436,0.17453,21867488.0
2025-11-09 07:30:00+00:00,0.17453,0.17536,0.17453,0.17491,47766336.0
2025-11-09 07:45:00+00:00,0.17491,0.17519,0.17484,0.17511,20517098.0
2025-11-09 08:00:00+00:00,0.17511,0.17511,0.17445,0.17491,27892066.0
2025-11-09 08:15:00+00:00,0.17491,0.17495,0.17381,0.17391,41033693.0
2025-11-09 08:30:00+00:00,0.1739,0.17433,0.17369,0.17406,24382141.0
2025-11-09 08:45:00+00:00,0.17407,0.17409,0.17347,0.17406,18385647.0
2025-11-09 09:00:00+00:00,0.17406,0.17484,0.17406,0.17451,26204825.0
2025-11-09 09:15:00+00:00,0.17452,0.17499,0.17422,0.17438,40120497.0
2025-11-09 09:30:00+00:00,0.17438,0.17465,0.17397,0.17415,23931090.0
2025-11-09 09:45:00+00:00,0.17415,0.17418,0.17327,0.17335,43929230.0
2025-11-09 10:00:00+00:00,0.17335,0.17336,0.17246,0.17267,62440543.0
2025-11-09 10:15:00+00:00,0.17267,0.17317,0.17231,0.17294,50327237.0
2025-11-09 10:30:00+00:00,0.17294,0.17338,0.1725,0.17334,35651000.0
2025-11-09 10:45:00+00:00,0.17334,0.17424,0.17334,0.17422,45962786.0
2025-11-09 11:00:00+00:00,0.17423,0.17536,0.17423,0.17515,98300904.0
2025-11-09 11:15:00+00:00,0.17514,0.17535,0.17484,0.17494,39843848.0
2025-11-09 11:30:00+00:00,0.17493,0.17517,0.17434,0.17514,32094358.0
2025-11-09 11:45:00+00:00,0.17515,0.17542,0.17471,0.17505,36812112.0
2025-11-09 12:00:00+00:00,0.17504,0.17522,0.17467,0.1751,33397630.0
2025-11-09 12:15:00+00:00,0.17511,0.17594,0.17496,0.17513,106442924.0
2025-11-09 12:30:00+00:00,0.17512,0.17546,0.17488,0.17534,26921939.0
2025-11-09 12:45:00+00:00,0.17535,0.17566,0.17524,0.17536,33311003.0
2025-11-09 13:00:00+00:00,0.17535,0.17612,0.1751,0.17607,50352076.0
2025-11-09 13:15:00+00:00,0.17606,0.17621,0.17548,0.17594,44687146.0
2025-11-09 13:30:00+00:00,0.17594,0.1765,0.17561,0.1764,93594434.0
2025-11-09 13:45:00+00:00,0.17641,0.17663,0.17579,0.17599,100015585.0
2025-11-09 14:00:00+00:00,0.17599,0.1763,0.17484,0.1761,108861876.0
2025-11-09 14:15:00+00:00,0.17611,0.17901,0.17591,0.17898,261206146.0
2025-11-09 14:30:00+00:00,0.17899,0.17952,0.1772,0.17779,159426019.0
2025-11-09 14:45:00+00:00,0.17778,0.17789,0.17654,0.17682,91931959.0
2025-11-09 15:00:00+00:00,0.17682,0.17848,0.1768,0.1781,84443439.0
2025-11-09 15:15:00+00:00,0.17809,0.179,0.17778,0.17866,82243724.0
2025-11-09 15:30:00+00:00,0.17866,0.17926,0.17836,0.17868,52313568.0
2025-11-09 15:45:00+00:00,0.17868,0.17884,0.17758,0.17799,56059519.0
2025-11-09 16:00:00+00:00,0.17799,0.17818,0.17682,0.1769,59984817.0
2025-11-09 16:15:00+00:00,0.17689,0.17834,0.17659,0.17834,53128039.0
2025-11-09 16:30:00+00:00,0.17833,0.17846,0.17757,0.17818,45462480.0
2025-11-09 16:45:00+00:00,0.17819,0.1791,0.17816,0.17858,34021962.0
2025-11-09 17:00:00+00:00,0.17858,0.17868,0.17817,0.17843,36013187.0
2025-11-09 17:15:00+00:00,0.17842,0.17847,0.17701,0.1775,66427808.0
2025-11-09 17:30:00+00:00,0.1775,0.17777,0.1768,0.17708,40530995.0
2025-11-09 17:45:00+00:00,0.17709,0.17748,0.17696,0.17742,19136551.0
2025-11-09 18:00:00+00:00,0.17742,0.17747,0.17661,0.17673,21787167.0
2025-11-09 18:15:00+00:00,0.17672,0.17695,0.17641,0.17681,23376008.0
2025-11-09 18:30:00+00:00,0.1768,0.17739,0.17666,0.17739,23573095.0
2025-11-09 18:45:00+00:00,0.17739,0.17894,0.17727,0.17872,70364636.0
2025-11-09 19:00:00+00:00,0.17872,0.17906,0.17843,0.17847,44916298.0
2025-11-09 19:15:00+00:00,0.17847,0.17943,0.17823,0.1793,38825336.0
2025-11-09 19:30:00+00:00,0.17931,0.17994,0.17919,0.17945,38347918.0
2025-11-09 19:45:00+00:00,0.17945,0.18007,0.17943,0.18004,31798043.0
2025-11-09 20:00:00+00:00,0.18003,0.18034,0.17879,0.17903,67021687.0
2025-11-09 20:15:00+00:00,0.17903,0.17979,0.17891,0.17968,27008340.0
2025-11-09 20:30:00+00:00,0.17968,0.18002,0.1795,0.1795,32605950.0
2025-11-09 20:45:00+00:00,0.1795,0.17956,0.17919,0.17935,28049844.0
2025-11-09 21:00:00+00:00,0.17935,0.18005,0.17911,0.17921,31763352.0
2025-11-09 21:15:00+00:00,0.17921,0.18003,0.17918,0.17986,17453052.0
2025-11-09 21:30:00+00:00,0.17986,0.18011,0.17958,0.18004,20022734.0
2025-11-09 21:45:00+00:00,0.18005,0.1802,0.17943,0.17985,24079802.0
2025-11-09 22:00:00+00:00,0.17986,0.17993,0.179,0.17942,51434503.0
2025-11-09 22:15:00+00:00,0.17942,0.17996,0.179,0.17901,50980640.0
2025-11-09 22:30:00+00:00,0.17901,0.17928,0.17843,0.17915,38904804.0
2025-11-09 22:45:00+00:00,0.17915,0.17989,0.17914,0.17958,38043967.0
2025-11-09 23:00:00+00:00,0.17958,0.18152,0.17958,0.17985,129829473.0
2025-11-09 23:15:00+00:00,0.17985,0.18005,0.17872,0.17877,50508065.0
2025-11-09 23:30:00+00:00,0.17878,0.17922,0.17834,0.17888,47079807.0
2025-11-09 23:45:00+00:00,0.17888,0.17931,0.17878,0.17922,23412427.0
2025-11-10 00:00:00+00:00,0.17922,0.17923,0.17794,0.17914,77951717.0
2025-11-10 00:15:00+00:00,0.17914,0.18088,0.17898,0.1803,97367351.0
2025-11-10 00:30:00+00:00,0.1803,0.18199,0.18011,0.18195,107631088.0
2025-11-10 00:45:00+00:00,0.18195,0.18365,0.18194,0.18235,155326546.0
2025-11-10 01:00:00+00:00,0.18234,0.18313,0.18104,0.18167,129822578.0
2025-11-10 01:15:00+00:00,0.18168,0.18229,0.18107,0.18129,80145383.0
2025-11-10 01:30:00+00:00,0.18129,0.18191,0.18079,0.18123,40326364.0
2025-11-10 01:45:00+00:00,0.18123,0.18204,0.1807,0.18072,57202852.0
2025-11-10 02:00:00+00:00,0.18073,0.18144,0.17984,0.1813,112397709.0
2025-11-10 02:15:00+00:00,0.1813,0.18155,0.18074,0.18093,45273205.0
2025-11-10 02:30:00+00:00,0.18094,0.18153,0.17999,0.18013,65006956.0
2025-11-10 02:45:00+00:00,0.18012,0.18111,0.17993,0.18108,54314200.0
2025-11-10 03:00:00+00:00,0.18108,0.18217,0.18099,0.18113,56493354.0
2025-11-10 03:15:00+00:00,0.18113,0.18161,0.18103,0.1814,23489957.0
2025-11-10 03:30:00+00:00,0.18139,0.18167,0.18097,0.18155,39455505.0
2025-11-10 03:45:00+00:00,0.18155,0.18198,0.18093,0.18157,42681163.0
2025-11-10 04:00:00+00:00,0.18157,0.18194,0.18136,0.18165,32689825.0
2025-11-10 04:15:00+00:00,0.18165,0.18165,0.1804,0.18053,53268031.0
2025-11-10 04:30:00+00:00,0.18052,0.18095,0.18027,0.18091,31484117.0
2025-11-10 04:45:00+00:00,0.18091,0.18169,0.18069,0.18132,39357095.0
2025-11-10 05:00:00+00:00,0.18132,0.18192,0.18121,0.18178,25545726.0
2025-11-10 05:15:00+00:00,0.18177,0.18177,0.18053,0.18088,41630643.0
2025-11-10 05:30:00+00:00,0.18088,0.18129,0.18,0.18084,44807509.0
2025-11-10 05:45:00+00:00,0.18085,0.18113,0.1806,0.18091,22042796.0
2025-11-10 06:00:00+00:00,0.1809,0.18151,0.18078,0.18104,25087935.0
2025-11-10 06:15:00+00:00,0.18105,0.18123,0.17999,0.18038,39792591.0
2025-11-10 06:30:00+00:00,0.18038,0.18089,0.18006,0.18069,27833939.0
2025-11-10 06:45:00+00:00,0.18069,0.18112,0.1806,0.18082,27062084.0
2025-11-10 07:00:00+00:00,0.18081,0.18169,0.18065,0.18157,42779405.0
2025-11-10 07:15:00+00:00,0.18156,0.18156,0.18075,0.1809,18179190.0
2025-11-10 07:30:00+00:00,0.18089,0.18133,0.18029,0.18069,42791259.0
2025-11-10 07:45:00+00:00,0.1807,0.18136,0.1805,0.18121,29027919.0
2025-11-10 08:00:00+00:00,0.18122,0.1814,0.18027,0.18043,36180514.0
2025-11-10 08:15:00+00:00,0.18042,0.18134,0.18032,0.18107,24225211.0
2025-11-10 08:30:00+00:00,0.18106,0.1811,0.17948,0.1801,69545471.0
2025-11-10 08:45:00+00:00,0.18011,0.1809,0.17998,0.18086,31411886.0
2025-11-10 09:00:00+00:00,0.18086,0.18159,0.1806,0.18109,49152232.0
2025-11-10 09:15:00+00:00,0.18109,0.18207,0.18094,0.18207,58646893.0
2025-11-10 09:30:00+00:00,0.18208,0.18363,0.18185,0.18342,136645467.0
2025-11-10 09:45:00+00:00,0.18342,0.18569,0.18336,0.18426,191939433.0
2025-11-10 10:00:00+00:00,0.18426,0.18494,0.18289,0.18322,87811781.0
2025-11-10 10:15:00+00:00,0.18322,0.18407,0.18306,0.18325,51916185.0
2025-11-10 10:30:00+00:00,0.18326,0.18328,0.18215,0.18251,74814095.0
2025-11-10 10:45:00+00:00,0.1825,0.18289,0.18214,0.18253,25731047.0
2025-11-10 11:00:00+00:00,0.18254,0.18366,0.18249,0.18347,51427485.0
2025-11-10 11:15:00+00:00,0.18347,0.184,0.18322,0.18351,33898519.0
2025-11-10 11:30:00+00:00,0.1835,0.1836,0.18305,0.1835,29435237.0
2025-11-10 11:45:00+00:00,0.18349,0.18378,0.18274,0.18291,45158532.0
2025-11-10 12:00:00+00:00,0.18291,0.18305,0.18127,0.18216,128342082.0
2025-11-10 12:15:00+00:00,0.18215,0.1825,0.18178,0.18212,26342654.0
2025-11-10 12:30:00+00:00,0.18212,0.18234,0.18154,0.18216,27564509.0
2025-11-10 12:45:00+00:00,0.18215,0.18217,0.18163,0.18192,26646810.0
2025-11-10 13:00:00+00:00,0.18192,0.18307,0.18174,0.18238,66254976.0
2025-11-10 13:15:00+00:00,0.18238,0.18282,0.18182,0.18268,43380170.0
2025-11-10 13:30:00+00:00,0.18268,0.18392,0.18264,0.18331,37218821.0
2025-11-10 13:45:00+00:00,0.18331,0.18352,0.18286,0.18287,22228094.0
2025-11-10 14:00:00+00:00,0.18286,0.18286,0.18146,0.18182,67551958.0
2025-11-10 14:15:00+00:00,0.18182,0.18262,0.18133,0.18195,44318539.0
2025-11-10 14:30:00+00:00,0.18196,0.18222,0.18058,0.18102,84513136.0
2025-11-10 14:45:00+00:00,0.18102,0.18117,0.17807,0.17935,268531563.0
2025-11-10 15:00:00+00:00,0.17935,0.18027,0.17914,0.17918,109061216.0
2025-11-10 15:15:00+00:00,0.17919,0.17998,0.17868,0.1794,146582615.0
2025-11-10 15:30:00+00:00,0.17941,0.1805,0.17896,0.18002,72794871.0
2025-11-10 15:45:00+00:00,0.18001,0.18009,0.17762,0.17914,123289372.0
2025-11-10 16:00:00+00:00,0.17913,0.18021,0.17868,0.1798,90222236.0
2025-11-10 16:15:00+00:00,0.1798,0.18016,0.17882,0.17908,42218272.0
2025-11-10 16:30:00+00:00,0.17908,0.17941,0.17721,0.17767,82516777.0
2025-11-10 16:45:00+00:00,0.17767,0.1786,0.17711,0.17809,53754151.0
2025-11-10 17:00:00+00:00,0.17808,0.17924,0.1779,0.17852,53516486.0
2025-11-10 17:15:00+00:00,0.17852,0.17922,0.17844,0.1788,31032924.0
2025-11-10 17:30:00+00:00,0.17881,0.18,0.1788,0.17984,46060970.0
2025-11-10 17:45:00+00:00,0.17984,0.18043,0.17946,0.1798,49985022.0
2025-11-10 18:00:00+00:00,0.17981,0.18015,0.17891,0.17898,39502273.0
2025-11-10 18:15:00+00:00,0.17898,0.17957,0.17894,0.17926,26453170.0
2025-11-10 18:30:00+00:00,0.17926,0.17974,0.17915,0.1794,22199474.0
2025-11-10 18:45:00+00:00,0.1794,0.1797,0.17838,0.1784,35028324.0
2025-11-10 19:00:00+00:00,0.17839,0.17962,0.17824,0.17954,40091855.0
2025-11-10 19:15:00+00:00,0.17953,0.18004,0.179,0.17913,22713118.0
2025-11-10 19:30:00+00:00,0.17913,0.18076,0.17868,0.18035,55074942.0
2025-11-10 19:45:00+00:00,0.18034,0.18108,0.17966,0.17982,35142218.0
2025-11-10 20:00:00+00:00,0.17982,0.18106,0.17972,0.18097,29131427.0
2025-11-10 20:15:00+00:00,0.18097,0.18098,0.17991,0.17992,19846195.0
2025-11-10 20:30:00+00:00,0.17993,0.18075,0.17961,0.18067,31042013.0
2025-11-10 20:45:00+00:00,0.18066,0.18105,0.17985,0.18017,31191952.0
2025-11-10 21:00:00+00:00,0.18018,0.18022,0.17871,0.17918,45043563.0
2025-11-10 21:15:00+00:00,0.17918,0.17921,0.17852,0.17872,36944607.0
2025-11-10 21:30:00+00:00,0.17872,0.17905,0.17825,0.17905,29007379.0
2025-11-10 21:45:00+00:00,0.17906,0.1794,0.17811,0.17928,43450260.0
2025-11-10 22:00:00+00:00,0.17928,0.18001,0.17876,0.17914,28538318.0
2025-11-10 22:15:00+00:00,0.17914,0.18025,0.17894,0.18021,29305825.0
2025-11-10 22:30:00+00:00,0.18021,0.18115,0.18009,0.18105,39653363.0
2025-11-10 22:45:00+00:00,0.18104,0.18411,0.18099,0.18323,149726583.0
2025-11-10 23:00:00+00:00,0.18323,0.18339,0.18215,0.1826,48467200.0
2025-11-10 23:15:00+00:00,0.18261,0.18289,0.18211,0.18259,25334192.0
2025-11-10 23:30:00+00:00,0.18259,0.18286,0.18168,0.18209,30949855.0
2025-11-10 23:45:00+00:00,0.18208,0.18243,0.18153,0.1817,25296613.0
2025-11-11 00:00:00+00:00,0.18171,0.18235,0.18115,0.18164,60978306.0
2025-11-11 00:15:00+00:00,0.18163,0.18225,0.18081,0.18115,48357344.0
2025-11-11 00:30:00+00:00,0.18114,0.18127,0.17934,0.17935,70832524.0
2025-11-11 00:45:00+00:00,0.17935,0.18117,0.17927,0.18095,66163551.0
2025-11-11 01:00:00+00:00,0.18094,0.18178,0.18063,0.18176,40082129.0
2025-11-11 01:15:00+00:00,0.18175,0.18636,0.18175,0.18316,338223834.0
2025-11-11 01:30:00+00:00,0.18317,0.18329,0.18131,0.18165,146095743.0
2025-11-11 01:45:00+00:00,0.18164,0.18259,0.18046,0.18077,112859306.0
2025-11-11 02:00:00+00:00,0.18077,0.18165,0.17962,0.18125,159863313.0
2025-11-11 02:15:00+00:00,0.18124,0.18142,0.18035,0.18128,57548428.0
2025-11-11 02:30:00+00:00,0.18128,0.1844,0.18121,0.18322,232179018.0
2025-11-11 02:45:00+00:00,0.18321,0.18351,0.18224,0.18288,48189763.0
2025-11-11 03:00:00+00:00,0.18287,0.18384,0.1827,0.1836,63645178.0
2025-11-11 03:15:00+00:00,0.18359,0.18387,0.18299,0.18312,42207957.0
2025-11-11 03:30:00+00:00,0.18311,0.18363,0.18266,0.18279,35315808.0
2025-11-11 03:45:00+00:00,0.18278,0.18335,0.18263,0.18272,39194290.0
2025-11-11 04:00:00+00:00,0.18271,0.1833,0.18206,0.18228,41536060.0
2025-11-11 04:15:00+00:00,0.18228,0.18262,0.18118,0.18119,51993398.0
2025-11-11 04:30:00+00:00,0.18119,0.18146,0.17958,0.18001,115869358.0
2025-11-11 04:45:00+00:00,0.18,0.18022,0.17963,0.17995,45145920.0
2025-11-11 05:00:00+00:00,0.17994,0.17998,0.17855,0.17871,107370980.0
2025-11-11 05:15:00+00:00,0.1787,0.17924,0.17827,0.17892,71346024.0
2025-11-11 05:30:00+00:00,0.17892,0.17907,0.17801,0.17828,54094850.0
2025-11-11 05:45:00+00:00,0.17828,0.1789,0.17803,0.17816,28902774.0
2025-11-11 06:00:00+00:00,0.17816,0.17846,0.17698,0.17766,143849926.0
2025-11-11 06:15:00+00:00,0.17766,0.17829,0.17731,0.17791,46622973.0
2025-11-11 06:30:00+00:00,0.17791,0.17825,0.1778,0.1778,23236981.0
2025-11-11 06:45:00+00:00,0.17781,0.17811,0.17667,0.17796,61781348.0
2025-11-11 07:00:00+00:00,0.17796,0.17826,0.17706,0.17776,42311232.0
2025-11-11 07:15:00+00:00,0.17776,0.17784,0.17653,0.17747,44375470.0
2025-11-11 07:30:00+00:00,0.17747,0.17766,0.17631,0.17668,42397852.0
2025-11-11 07:45:00+00:00,0.17668,0.17686,0.17614,0.17629,65048227.0
2025-11-11 08:00:00+00:00,0.17628,0.1775,0.17607,0.17693,67842309.0
2025-11-11 08:15:00+00:00,0.17693,0.17745,0.1767,0.17679,38818805.0
2025-11-11 08:30:00+00:00,0.17679,0.17707,0.17631,0.17701,34355760.0
2025-11-11 08:45:00+00:00,0.177,0.17736,0.17694,0.17716,20490643.0
2025-11-11 09:00:00+00:00,0.17716,0.17838,0.17705,0.17764,65534092.0
2025-11-11 09:15:00+00:00,0.17763,0.17833,0.17726,0.17806,39656049.0
2025-11-11 09:30:00+00:00,0.17806,0.17848,0.17762,0.17763,32462261.0
2025-11-11 09:45:00+00:00,0.17764,0.17782,0.17735,0.17736,29741571.0
2025-11-11 10:00:00+00:00,0.17736,0.17776,0.17709,0.17723,45338713.0
2025-11-11 10:15:00+00:00,0.17723,0.17755,0.17677,0.17733,40086087.0
2025-11-11 10:30:00+00:00,0.17732,0.17749,0.17677,0.17749,17719707.0
2025-11-11 10:45:00+00:00,0.17748,0.17764,0.17718,0.17749,12937450.0
2025-11-11 11:00:00+00:00,0.17749,0.17874,0.17744,0.17825,47928990.0
2025-11-11 11:15:00+00:00,0.17825,0.17827,0.17766,0.17783,24049325.0
2025-11-11 11:30:00+00:00,0.17782,0.17816,0.17767,0.17801,20952850.0
2025-11-11 11:45:00+00:00,0.17802,0.17808,0.17697,0.17758,39970578.0
2025-11-11 12:00:00+00:00,0.17758,0.17851,0.17727,0.17762,39479422.0
2025-11-11 12:15:00+00:00,0.17761,0.17789,0.17701,0.17708,32101990.0
2025-11-11 12:30:00+00:00,0.17709,0.17733,0.17661,0.17699,57957337.0
2025-11-11 12:45:00+00:00,0.17699,0.17793,0.17694,0.17785,63476342.0
2025-11-11 13:00:00+00:00,0.17784,0.17849,0.17777,0.17812,59081074.0
2025-11-11 13:15:00+00:00,0.17812,0.17825,0.17741,0.1777,43157837.0
2025-11-11 13:30:00+00:00,0.17769,0.17811,0.17739,0.17766,39564819.0
2025-11-11 13:45:00+00:00,0.17765,0.17821,0.17673,0.17707,65776049.0
2025-11-11 14:00:00+00:00,0.17708,0.17727,0.17581,0.17665,110120302.0
2025-11-11 14:15:00+00:00,0.17665,0.1779,0.17647,0.17731,56405044.0
2025-11-11 14:30:00+00:00,0.17731,0.17759,0.1768,0.1771,77602435.0
2025-11-11 14:45:00+00:00,0.1771,0.17879,0.17588,0.17862,152448597.0
2025-11-11 15:00:00+00:00,0.17861,0.17861,0.17669,0.17713,98466687.0
2025-11-11 15:15:00+00:00,0.17712,0.17759,0.1763,0.17648,64558873.0
2025-11-11 15:30:00+00:00,0.17647,0.17657,0.1752,0.17597,134729888.0
2025-11-11 15:45:00+00:00,0.17596,0.17631,0.17533,0.17608,46724769.0
2025-11-11 16:00:00+00:00,0.17607,0.17711,0.1759,0.17655,165541683.0
2025-11-11 16:15:00+00:00,0.17655,0.17698,0.17564,0.17577,72310422.0
2025-11-11 16:30:00+00:00,0.17576,0.17637,0.17538,0.1761,35455008.0
2025-11-11 16:45:00+00:00,0.1761,0.17668,0.17574,0.17594,35472421.0
2025-11-11 17:00:00+00:00,0.17593,0.17691,0.17563,0.17644,37450841.0
2025-11-11 17:15:00+00:00,0.17644,0.17675,0.17565,0.1758,33056279.0
2025-11-11 17:30:00+00:00,0.17579,0.17598,0.17419,0.17507,150655333.0
2025-11-11 17:45:00+00:00,0.17506,0.17592,0.17478,0.17566,47498551.0
2025-11-11 18:00:00+00:00,0.17565,0.17626,0.17488,0.17558,76927002.0
2025-11-11 18:15:00+00:00,0.17558,0.17563,0.17453,0.17502,48143933.0
2025-11-11 18:30:00+00:00,0.17501,0.17555,0.17452,0.17461,33286334.0
2025-11-11 18:45:00+00:00,0.17461,0.17541,0.17456,0.17484,40944352.0
2025-11-11 19:00:00+00:00,0.17483,0.17483,0.17324,0.17439,137044484.0
2025-11-11 19:15:00+00:00,0.17439,0.17503,0.17439,0.17497,35371591.0
2025-11-11 19:30:00+00:00,0.17496,0.17514,0.1743,0.17451,30453324.0
2025-11-11 19:45:00+00:00,0.17452,0.17488,0.17407,0.17426,35732432.0
2025-11-11 20:00:00+00:00,0.17427,0.17445,0.1737,0.17417,63267874.0
2025-11-11 20:15:00+00:00,0.17416,0.17453,0.17374,0.17375,24883751.0
2025-11-11 20:30:00+00:00,0.17374,0.17374,0.17277,0.17305,110650010.0
2025-11-11 20:45:00+00:00,0.17305,0.1733,0.17251,0.173,56101041.0
2025-11-11 21:00:00+00:00,0.17301,0.17371,0.17275,0.17345,45827637.0
2025-11-11 21:15:00+00:00,0.17345,0.17361,0.17314,0.17322,15267973.0
2025-11-11 21:30:00+00:00,0.17322,0.17323,0.17162,0.172,71145024.0
2025-11-11 21:45:00+00:00,0.172,0.17271,0.17188,0.17227,32558309.0
2025-11-11 22:00:00+00:00,0.17226,0.17283,0.1716,0.17275,37745252.0
2025-11-11 22:15:00+00:00,0.17275,0.17339,0.17223,0.17324,39591830.0
2025-11-11 22:30:00+00:00,0.17325,0.17366,0.17303,0.17337,28607199.0
2025-11-11 22:45:00+00:00,0.17338,0.1736,0.17292,0.17314,17556828.0
2025-11-11 23:00:00+00:00,0.17313,0.1732,0.17258,0.17291,30357346.0
2025-11-11 23:15:00+00:00,0.17291,0.17327,0.17246,0.17261,25391988.0
2025-11-11 23:30:00+00:00,0.17262,0.17262,0.17183,0.17228,32687087.0
2025-11-11 23:45:00+00:00,0.17228,0.17244,0.17146,0.17197,35995904.0
2025-11-12 00:00:00+00:00,0.17198,0.17277,0.1713,0.17193,80133248.0
2025-11-12 00:15:00+00:00,0.17194,0.17283,0.17186,0.1723,45040635.0
2025-11-12 00:30:00+00:00,0.1723,0.1724,0.17167,0.17232,36796174.0
2025-11-12 00:45:00+00:00,0.17232,0.17251,0.17139,0.17153,32615989.0
2025-11-12 01:00:00+00:00,0.17153,0.17274,0.1713,0.17262,41752537.0
2025-11-12 01:15:00+00:00,0.17262,0.173,0.17202,0.17244,54948180.0
2025-11-12 01:30:00+00:00,0.17244,0.17291,0.17221,0.17277,28131494.0
2025-11-12 01:45:00+00:00,0.17278,0.17293,0.1725,0.17262,26187107.0
2025-11-12 02:00:00+00:00,0.17262,0.17294,0.1724,0.17267,30982657.0
2025-11-12 02:15:00+00:00,0.17267,0.17286,0.17197,0.17207,37586745.0
2025-11-12 02:30:00+00:00,0.17207,0.1721,0.17084,0.17132,81251408.0
2025-11-12 02:45:00+00:00,0.17132,0.17201,0.171,0.17179,40721240.0
2025-11-12 03:00:00+00:00,0.1718,0.17202,0.17144,0.17164,39957644.0
2025-11-12 03:15:00+00:00,0.17164,0.17212,0.17154,0.17196,19408970.0
2025-11-12 03:30:00+00:00,0.17196,0.172,0.17154,0.17183,17954086.0
2025-11-12 03:45:00+00:00,0.17183,0.1719,0.17142,0.17152,17618587.0
2025-11-12 04:00:00+00:00,0.17153,0.17211,0.17121,0.17205,36367450.0
2025-11-12 04:15:00+00:00,0.17206,0.17209,0.17147,0.17153,17401680.0
2025-11-12 04:30:00+00:00,0.17153,0.1716,0.17111,0.17119,17976503.0
2025-11-12 04:45:00+00:00,0.17119,0.17151,0.17101,0.17149,18616087.0
2025-11-12 05:00:00+00:00,0.17149,0.17173,0.17114,0.17125,23359137.0
2025-11-12 05:15:00+00:00,0.17126,0.17228,0.17117,0.17189,34661882.0
2025-11-12 05:30:00+00:00,0.17189,0.17207,0.17153,0.17203,14435284.0
2025-11-12 05:45:00+00:00,0.17203,0.17214,0.17165,0.17192,21699634.0
2025-11-12 06:00:00+00:00,0.17193,0.17268,0.17183,0.17246,27829600.0
2025-11-12 06:15:00+00:00,0.17247,0.17286,0.17236,0.17251,27665704.0
2025-11-12 06:30:00+00:00,0.17251,0.17272,0.17231,0.17244,18462401.0
2025-11-12 06:45:00+00:00,0.17244,0.17264,0.1721,0.1721,14145052.0
2025-11-12 07:00:00+00:00,0.1721,0.17236,0.17174,0.17215,38274581.0
2025-11-12 07:15:00+00:00,0.17215,0.1723,0.17188,0.17219,15209594.0
2025-11-12 07:30:00+00:00,0.17219,0.17238,0.1718,0.17215,16235742.0
2025-11-12 07:45:00+00:00,0.17214,0.1722,0.1711,0.17133,47263162.0
2025-11-12 08:00:00+00:00,0.17133,0.17194,0.17133,0.17184,26426281.0
2025-11-12 08:15:00+00:00,0.17185,0.17324,0.17185,0.17322,74323834.0
2025-11-12 08:30:00+00:00,0.17321,0.17449,0.1731,0.17393,152954250.0
2025-11-12 08:45:00+00:00,0.17394,0.17435,0.17377,0.17398,46886210.0
2025-11-12 09:00:00+00:00,0.17398,0.17517,0.17392,0.17506,106864966.0
2025-11-12 09:15:00+00:00,0.17506,0.17544,0.17464,0.17488,74922087.0
2025-11-12 09:30:00+00:00,0.17487,0.17492,0.17415,0.17482,46908700.0
2025-11-12 09:45:00+00:00,0.17482,0.1752,0.17463,0.17504,23062697.0
2025-11-12 10:00:00+00:00,0.17505,0.17593,0.175,0.17586,58707635.0
2025-11-12 10:15:00+00:00,0.17586,0.17595,0.17552,0.1757,45925023.0
2025-11-12 10:30:00+00:00,0.17569,0.17643,0.17556,0.17593,72657649.0
2025-11-12 10:45:00+00:00,0.17594,0.17644,0.17591,0.17627,43744084.0
2025-11-12 11:00:00+00:00,0.17627,0.17702,0.17616,0.17658,96086446.0
2025-11-12 11:15:00+00:00,0.17659,0.1768,0.17617,0.17619,52729386.0
2025-11-12 11:30:00+00:00,0.17619,0.17642,0.17579,0.17605,44849281.0
2025-11-12 11:45:00+00:00,0.17604,0.17646,0.17586,0.17613,23346454.0
2025-11-12 12:00:00+00:00,0.17613,0.17651,0.17573,0.17648,53032073.0
2025-11-12 12:15:00+00:00,0.17647,0.17698,0.1761,0.17637,42832742.0
2025-11-12 12:30:00+00:00,0.17636,0.1764,0.17567,0.17606,30141433.0
2025-11-12 12:45:00+00:00,0.17606,0.17668,0.17603,0.17637,20724200.0
2025-11-12 13:00:00+00:00,0.17636,0.17644,0.17589,0.17601,29635280.0
2025-11-12 13:15:00+00:00,0.17602,0.17679,0.17562,0.17671,36301143.0
2025-11-12 13:30:00+00:00,0.17671,0.17769,0.17637,0.17757,68132971.0
2025-11-12 13:45:00+00:00,0.17757,0.17802,0.17742,0.17795,50285962.0
2025-11-12 14:00:00+00:00,0.17794,0.17848,0.1772,0.17836,61413111.0
2025-11-12 14:15:00+00:00,0.17837,0.17848,0.17755,0.17777,44043922.0
2025-11-12 14:30:00+00:00,0.17777,0.17782,0.17676,0.17711,82245313.0
2025-11-12 14:45:00+00:00,0.17712,0.17741,0.17341,0.1753,367254010.0
2025-11-12 15:00:00+00:00,0.17529,0.17664,0.17486,0.17507,112463164.0
2025-11-12 15:15:00+00:00,0.17508,0.1756,0.17403,0.17462,120815744.0
2025-11-12 15:30:00+00:00,0.17462,0.17528,0.17268,0.17329,153584119.0
2025-11-12 15:45:00+00:00,0.17328,0.17345,0.17071,0.17128,198485995.0
2025-11-12 16:00:00+00:00,0.17128,0.17173,0.16779,0.16883,301934340.0
2025-11-12 16:15:00+00:00,0.16883,0.17016,0.16864,0.16929,187611763.0
2025-11-12 16:30:00+00:00,0.16928,0.17074,0.16858,0.16981,128878219.0
2025-11-12 16:45:00+00:00,0.16982,0.17033,0.16874,0.16916,103923656.0
2025-11-12 17:00:00+00:00,0.16916,0.16958,0.16843,0.16867,79454314.0
2025-11-12 17:15:00+00:00,0.16867,0.16908,0.16798,0.16892,92362673.0
2025-11-12 17:30:00+00:00,0.16892,0.17066,0.16853,0.16934,119591603.0
2025-11-12 17:45:00+00:00,0.16935,0.16968,0.16882,0.16939,60945847.0
2025-11-12 18:00:00+00:00,0.16939,0.16977,0.1688,0.16895,125692313.0
2025-11-12 18:15:00+00:00,0.16895,0.1699,0.16884,0.16911,116686216.0
2025-11-12 18:30:00+00:00,0.1691,0.16965,0.16888,0.16895,34722596.0
2025-11-12 18:45:00+00:00,0.16895,0.16898,0.16823,0.16846,47517503.0
2025-11-12 19:00:00+00:00,0.16846,0.1685,0.16732,0.16751,85231160.0
2025-11-12 19:15:00+00:00,0.16752,0.16813,0.16731,0.16773,40658584.0
2025-11-12 19:30:00+00:00,0.16774,0.16915,0.1671,0.16844,86587058.0
2025-11-12 19:45:00+00:00,0.16843,0.16922,0.16814,0.16892,39052732.0
2025-11-12 20:00:00+00:00,0.16892,0.16942,0.1684,0.16907,51971619.0
2025-11-12 20:15:00+00:00,0.16908,0.1704,0.16899,0.17033,36851745.0
2025-11-12 20:30:00+00:00,0.17033,0.17087,0.17017,0.17048,35488015.0
2025-11-12 20:45:00+00:00,0.17049,0.17066,0.1702,0.17038,33234612.0
2025-11-12 21:00:00+00:00,0.17038,0.17132,0.17031,0.17122,39505009.0
2025-11-12 21:15:00+00:00,0.17122,0.17124,0.1702,0.17032,28074329.0
2025-11-12 21:30:00+00:00,0.17032,0.17074,0.17023,0.17064,15947029.0
2025-11-12 21:45:00+00:00,0.17063,0.17066,0.17018,0.17057,17361271.0
2025-11-12 22:00:00+00:00,0.17058,0.17058,0.16942,0.16964,34611307.0
2025-11-12 22:15:00+00:00,0.16964,0.17021,0.16937,0.16957,31579940.0
2025-11-12 22:30:00+00:00,0.16957,0.17053,0.16943,0.17044,23190672.0
2025-11-12 22:45:00+00:00,0.17045,0.17112,0.17041,0.17092,19665027.0
2025-11-12 23:00:00+00:00,0.17092,0.17092,0.16974,0.17014,39115664.0
2025-11-12 23:15:00+00:00,0.17014,0.17072,0.17007,0.17019,21283922.0
2025-11-12 23:30:00+00:00,0.1702,0.17038,0.1696,0.1697,18892560.0
2025-11-12 23:45:00+00:00,0.1697,0.17015,0.16941,0.17008,21540148.0
2025-11-13 00:00:00+00:00,0.17007,0.17073,0.16993,0.17066,29353717.0
2025-11-13 00:15:00+00:00,0.17065,0.17097,0.17004,0.17028,32778101.0
2025-11-13 00:30:00+00:00,0.17027,0.1716,0.17027,0.17083,74171517.0
2025-11-13 00:45:00+00:00,0.17082,0.17094,0.17028,0.17043,22867837.0
2025-11-13 01:00:00+00:00,0.17042,0.17208,0.17035,0.17167,66851742.0
2025-11-13 01:15:00+00:00,0.17167,0.17179,0.17056,0.17094,46208892.0
2025-11-13 01:30:00+00:00,0.17095,0.17211,0.17082,0.17191,39695524.0
2025-11-13 01:45:00+00:00,0.1719,0.172,0.17081,0.17098,33527913.0
2025-11-13 02:00:00+00:00,0.17098,0.17134,0.17073,0.17096,23072188.0
2025-11-13 02:15:00+00:00,0.17096,0.17131,0.17041,0.17046,19356566.0
2025-11-13 02:30:00+00:00,0.17047,0.17176,0.17041,0.1715,30515326.0
2025-11-13 02:45:00+00:00,0.17151,0.17183,0.1711,0.17115,15911087.0
2025-11-13 03:00:00+00:00,0.17115,0.17134,0.16981,0.16988,66839171.0
2025-11-13 03:15:00+00:00,0.16989,0.17259,0.16912,0.17253,153498145.0
2025-11-13 03:30:00+00:00,0.17252,0.17489,0.1725,0.17425,145324959.0
2025-11-13 03:45:00+00:00,0.17424,0.17555,0.17388,0.17396,104341699.0
2025-11-13 04:00:00+00:00,0.17395,0.17442,0.17316,0.17441,87783118.0
2025-11-13 04:15:00+00:00,0.17441,0.17523,0.17341,0.17469,69666856.0
2025-11-13 04:30:00+00:00,0.1747,0.17516,0.17429,0.17477,36707723.0
2025-11-13 04:45:00+00:00,0.17477,0.175,0.17394,0.17464,54679876.0
2025-11-13 05:00:00+00:00,0.17463,0.17491,0.17359,0.17362,38618550.0
2025-11-13 05:15:00+00:00,0.17362,0.17449,0.17339,0.17438,54338183.0
2025-11-13 05:30:00+00:00,0.17438,0.17552,0.17403,0.17549,50384436.0
2025-11-13 05:45:00+00:00,0.1755,0.17652,0.1753,0.17596,80693687.0
2025-11-13 06:00:00+00:00,0.17597,0.17641,0.17542,0.17587,54462628.0
2025-11-13 06:15:00+00:00,0.17586,0.17652,0.17569,0.17648,70938369.0
2025-11-13 06:30:00+00:00,0.17648,0.17662,0.17588,0.17621,34904856.0
2025-11-13 06:45:00+00:00,0.17621,0.17677,0.1761,0.17616,37794139.0
2025-11-13 07:00:00+00:00,0.17615,0.17657,0.17588,0.1765,31498908.0
2025-11-13 07:15:00+00:00,0.17651,0.17702,0.1762,0.17658,36392602.0
2025-11-13 07:30:00+00:00,0.17657,0.17691,0.1755,0.17573,53555640.0
2025-11-13 07:45:00+00:00,0.17572,0.17584,0.17522,0.17566,68487981.0
2025-11-13 08:00:00+00:00,0.17566,0.17623,0.17533,0.17582,38696136.0
2025-11-13 08:15:00+00:00,0.17582,0.17626,0.17581,0.17613,21995239.0
2025-11-13 08:30:00+00:00,0.17614,0.17634,0.17595,0.17602,15465360.0
2025-11-13 08:45:00+00:00,0.17603,0.17614,0.17531,0.17544,41967749.0
2025-11-13 09:00:00+00:00,0.17544,0.17568,0.17415,0.17452,130565869.0
2025-11-13 09:15:00+00:00,0.17452,0.17518,0.17425,0.17465,42350990.0
2025-11-13 09:30:00+00:00,0.17466,0.17501,0.17437,0.1748,37506096.0
2025-11-13 09:45:00+00:00,0.17481,0.17499,0.17448,0.17477,32130731.0
2025-11-13 10:00:00+00:00,0.17477,0.17573,0.17477,0.17554,34772360.0
2025-11-13 10:15:00+00:00,0.17554,0.17682,0.1755,0.17606,60534463.0
2025-11-13 10:30:00+00:00,0.17606,0.17606,0.17531,0.17563,30481749.0
2025-11-13 10:45:00+00:00,0.17563,0.17592,0.17544,0.1759,15608834.0
2025-11-13 11:00:00+00:00,0.17591,0.17627,0.17587,0.17605,29841614.0
2025-11-13 11:15:00+00:00,0.17606,0.17619,0.17542,0.17556,26843187.0
2025-11-13 11:30:00+00:00,0.17556,0.17591,0.17516,0.17588,26402001.0
2025-11-13 11:45:00+00:00,0.17588,0.17607,0.17561,0.1758,20684670.0
2025-11-13 12:00:00+00:00,0.17581,0.17609,0.17535,0.17564,47034826.0
2025-11-13 12:15:00+00:00,0.17563,0.17604,0.1756,0.17568,21378363.0
2025-11-13 12:30:00+00:00,0.17569,0.17613,0.17547,0.17569,26039576.0
2025-11-13 12:45:00+00:00,0.1757,0.17589,0.17514,0.17547,18527382.0
2025-11-13 13:00:00+00:00,0.17548,0.17558,0.17509,0.17545,27710024.0
2025-11-13 13:15:00+00:00,0.17545,0.17585,0.1746,0.17508,61652823.0
2025-11-13 13:30:00+00:00,0.17509,0.17512,0.17359,0.17463,135428970.0
2025-11-13 13:45:00+00:00,0.17464,0.17514,0.17433,0.17441,52823869.0
2025-11-13 14:00:00+00:00,0.17441,0.17484,0.17404,0.17429,103365329.0
2025-11-13 14:15:00+00:00,0.17428,0.1752,0.17385,0.17481,68943718.0
2025-11-13 14:30:00+00:00,0.17481,0.17524,0.17285,0.17326,218191036.0
2025-11-13 14:45:00+00:00,0.17327,0.17764,0.17308,0.17623,216388455.0
2025-11-13 15:00:00+00:00,0.17622,0.17661,0.17458,0.17655,131782976.0
2025-11-13 15:15:00+00:00,0.17656,0.1768,0.17411,0.17459,95650848.0
2025-11-13 15:30:00+00:00,0.17459,0.17467,0.17305,0.17329,112996975.0
2025-11-13 15:45:00+00:00,0.1733,0.17338,0.17202,0.17266,118963577.0
2025-11-13 16:00:00+00:00,0.17265,0.17318,0.17208,0.17299,75418882.0
2025-11-13 16:15:00+00:00,0.17299,0.17312,0.171,0.17173,142031904.0
2025-11-13 16:30:00+00:00,0.17173,0.17244,0.1704,0.17088,107818120.0
2025-11-13 16:45:00+00:00,0.17087,0.17109,0.17076,0.17084,10247771.0
