timestamp,open,high,low,close,volume
2025-09-14 17:30:00+00:00,0.8938,0.895,0.8933,0.8948,4096793.0
2025-09-14 17:45:00+00:00,0.8947,0.8966,0.8935,0.8941,5532294.0
2025-09-14 18:00:00+00:00,0.8941,0.8943,0.891,0.8915,3127524.0
2025-09-14 18:15:00+00:00,0.8915,0.8918,0.8886,0.8895,2527054.0
2025-09-14 18:30:00+00:00,0.8895,0.8913,0.889,0.8903,2016048.0
2025-09-14 18:45:00+00:00,0.8903,0.8907,0.8884,0.8893,2863409.0
2025-09-14 19:00:00+00:00,0.8894,0.89,0.8859,0.8893,3702900.0
2025-09-14 19:15:00+00:00,0.8893,0.892,0.8889,0.8915,2893508.0
2025-09-14 19:30:00+00:00,0.8915,0.892,0.8891,0.8895,3627491.0
2025-09-14 19:45:00+00:00,0.8896,0.8904,0.8869,0.8886,3151787.0
2025-09-14 20:00:00+00:00,0.8886,0.8917,0.8881,0.8911,3815556.0
2025-09-14 20:15:00+00:00,0.8911,0.8924,0.8896,0.8902,2914283.0
2025-09-14 20:30:00+00:00,0.8902,0.8911,0.8884,0.8911,2372238.0
2025-09-14 20:45:00+00:00,0.891,0.8914,0.8897,0.89,2052559.0
2025-09-14 21:00:00+00:00,0.89,0.891,0.8851,0.8884,4566923.0
2025-09-14 21:15:00+00:00,0.8883,0.8917,0.8883,0.8906,2600056.0
2025-09-14 21:30:00+00:00,0.8906,0.8937,0.8901,0.8936,2707607.0
2025-09-14 21:45:00+00:00,0.8937,0.8952,0.8914,0.8931,2955748.0
2025-09-14 22:00:00+00:00,0.8932,0.894,0.8889,0.8896,3625825.0
2025-09-14 22:15:00+00:00,0.8896,0.8906,0.8886,0.8904,2456999.0
2025-09-14 22:30:00+00:00,0.8904,0.8959,0.8899,0.8952,4246582.0
2025-09-14 22:45:00+00:00,0.8952,0.8973,0.8939,0.8944,5195307.0
2025-09-14 23:00:00+00:00,0.8945,0.8947,0.8878,0.8888,5468804.0
2025-09-14 23:15:00+00:00,0.8888,0.8908,0.8867,0.8886,3669370.0
2025-09-14 23:30:00+00:00,0.8885,0.8886,0.8859,0.8873,3137246.0
2025-09-14 23:45:00+00:00,0.8874,0.8888,0.8857,0.8873,2377787.0
2025-09-15 00:00:00+00:00,0.8872,0.8907,0.8863,0.8896,5799728.0
2025-09-15 00:15:00+00:00,0.8896,0.8927,0.8868,0.8925,4552712.0
2025-09-15 00:30:00+00:00,0.8926,0.893,0.8874,0.8877,2785002.0
2025-09-15 00:45:00+00:00,0.8877,0.8899,0.8866,0.8875,1700821.0
2025-09-15 01:00:00+00:00,0.8875,0.888,0.8817,0.8818,8195719.0
2025-09-15 01:15:00+00:00,0.8819,0.8865,0.8791,0.8859,6685163.0
2025-09-15 01:30:00+00:00,0.8858,0.8924,0.8856,0.8903,6603352.0
2025-09-15 01:45:00+00:00,0.8903,0.892,0.8881,0.8895,2897309.0
2025-09-15 02:00:00+00:00,0.8894,0.8938,0.8892,0.8934,4785705.0
2025-09-15 02:15:00+00:00,0.8934,0.8954,0.8915,0.8915,2575888.0
2025-09-15 02:30:00+00:00,0.8915,0.8916,0.8879,0.8906,3476339.0
2025-09-15 02:45:00+00:00,0.8905,0.892,0.889,0.8894,1458820.0
2025-09-15 03:00:00+00:00,0.8894,0.894,0.8888,0.893,2552382.0
2025-09-15 03:15:00+00:00,0.893,0.8942,0.8913,0.8922,2418135.0
2025-09-15 03:30:00+00:00,0.8922,0.8938,0.8907,0.8928,2011045.0
2025-09-15 03:45:00+00:00,0.8928,0.8952,0.8927,0.8939,2735054.0
2025-09-15 04:00:00+00:00,0.8939,0.8947,0.8929,0.8934,3108761.0
2025-09-15 04:15:00+00:00,0.8933,0.8993,0.8926,0.8978,11374599.0
2025-09-15 04:30:00+00:00,0.8978,0.9002,0.8968,0.8996,9875869.0
2025-09-15 04:45:00+00:00,0.8995,0.9012,0.8973,0.898,6267980.0
2025-09-15 05:00:00+00:00,0.8979,0.901,0.8971,0.9006,4313595.0
2025-09-15 05:15:00+00:00,0.9007,0.9021,0.8976,0.9004,10945600.0
2025-09-15 05:30:00+00:00,0.9004,0.9014,0.8995,0.8996,3485419.0
2025-09-15 05:45:00+00:00,0.8997,0.9014,0.8991,0.9012,3504535.0
2025-09-15 06:00:00+00:00,0.9013,0.9018,0.8978,0.8984,5189869.0
2025-09-15 06:15:00+00:00,0.8984,0.899,0.8926,0.8928,5401369.0
2025-09-15 06:30:00+00:00,0.8928,0.8938,0.8874,0.8888,11019107.0
2025-09-15 06:45:00+00:00,0.8887,0.8888,0.8837,0.8879,8938654.0
2025-09-15 07:00:00+00:00,0.8879,0.8911,0.8875,0.8906,4438304.0
2025-09-15 07:15:00+00:00,0.8907,0.8928,0.8855,0.8856,5167698.0
2025-09-15 07:30:00+00:00,0.8856,0.8856,0.8734,0.8769,35111442.0
2025-09-15 07:45:00+00:00,0.877,0.8792,0.8747,0.8772,10407721.0
2025-09-15 08:00:00+00:00,0.8773,0.8774,0.8528,0.8649,78978981.0
2025-09-15 08:15:00+00:00,0.865,0.8682,0.8613,0.8645,13330720.0
2025-09-15 08:30:00+00:00,0.8645,0.8659,0.8586,0.8611,16405483.0
2025-09-15 08:45:00+00:00,0.8611,0.8618,0.8518,0.8558,29326309.0
2025-09-15 09:00:00+00:00,0.8558,0.8618,0.8542,0.8602,21674080.0
2025-09-15 09:15:00+00:00,0.8601,0.864,0.8581,0.8622,9663070.0
2025-09-15 09:30:00+00:00,0.8621,0.8643,0.8611,0.8612,7562756.0
2025-09-15 09:45:00+00:00,0.8611,0.8617,0.8598,0.8612,5347772.0
2025-09-15 10:00:00+00:00,0.8611,0.8621,0.855,0.8567,9936149.0
2025-09-15 10:15:00+00:00,0.8566,0.8594,0.856,0.859,6532905.0
2025-09-15 10:30:00+00:00,0.8589,0.8621,0.8576,0.8617,4170962.0
2025-09-15 10:45:00+00:00,0.8618,0.8623,0.8599,0.8612,3541694.0
2025-09-15 11:00:00+00:00,0.8613,0.8633,0.859,0.8628,4442074.0
2025-09-15 11:15:00+00:00,0.8629,0.8633,0.8592,0.8602,4228726.0
2025-09-15 11:30:00+00:00,0.8602,0.8638,0.8598,0.8621,4765729.0
2025-09-15 11:45:00+00:00,0.8622,0.864,0.8595,0.8636,5957576.0
2025-09-15 12:00:00+00:00,0.8636,0.8636,0.8597,0.8618,6139944.0
2025-09-15 12:15:00+00:00,0.8619,0.8644,0.8595,0.8599,5896666.0
2025-09-15 12:30:00+00:00,0.8598,0.8619,0.8595,0.8614,4787288.0
2025-09-15 12:45:00+00:00,0.8614,0.8616,0.8568,0.8587,8559148.0
2025-09-15 13:00:00+00:00,0.8586,0.8629,0.8573,0.8625,7931757.0
2025-09-15 13:15:00+00:00,0.8625,0.8638,0.8605,0.8637,4532527.0
2025-09-15 13:30:00+00:00,0.8637,0.8695,0.8606,0.8614,18141676.0
2025-09-15 13:45:00+00:00,0.8614,0.8691,0.8609,0.8639,12001257.0
2025-09-15 14:00:00+00:00,0.8639,0.8644,0.8582,0.8625,10046526.0
2025-09-15 14:15:00+00:00,0.8625,0.868,0.8606,0.8676,6309898.0
2025-09-15 14:30:00+00:00,0.8676,0.868,0.8639,0.8652,6979270.0
2025-09-15 14:45:00+00:00,0.8653,0.8664,0.8601,0.8602,5403688.0
2025-09-15 15:00:00+00:00,0.8602,0.8627,0.8576,0.8585,8999859.0
2025-09-15 15:15:00+00:00,0.8584,0.8624,0.8558,0.8595,9523466.0
2025-09-15 15:30:00+00:00,0.8596,0.8598,0.8553,0.8562,6161260.0
2025-09-15 15:45:00+00:00,0.8562,0.8609,0.8533,0.859,7401952.0
2025-09-15 16:00:00+00:00,0.859,0.859,0.853,0.8587,7434771.0
2025-09-15 16:15:00+00:00,0.8588,0.8601,0.855,0.8566,4660045.0
2025-09-15 16:30:00+00:00,0.8566,0.8613,0.8553,0.8612,3783197.0
2025-09-15 16:45:00+00:00,0.8612,0.8613,0.8535,0.8551,4562922.0
2025-09-15 17:00:00+00:00,0.855,0.8582,0.8543,0.8557,3639790.0
2025-09-15 17:15:00+00:00,0.8558,0.8565,0.8525,0.8547,4403822.0
2025-09-15 17:30:00+00:00,0.8547,0.8585,0.8539,0.8579,3269691.0
2025-09-15 17:45:00+00:00,0.8579,0.8614,0.8553,0.8611,3925017.0
2025-09-15 18:00:00+00:00,0.8611,0.8611,0.8564,0.8574,3295412.0
2025-09-15 18:15:00+00:00,0.8574,0.8595,0.8564,0.8577,2267933.0
2025-09-15 18:30:00+00:00,0.8577,0.8595,0.8574,0.8581,3069214.0
2025-09-15 18:45:00+00:00,0.8581,0.8621,0.8575,0.8604,5178623.0
2025-09-15 19:00:00+00:00,0.8605,0.864,0.8585,0.8592,5725429.0
2025-09-15 19:15:00+00:00,0.8592,0.8593,0.8566,0.8569,3291962.0
2025-09-15 19:30:00+00:00,0.8569,0.8611,0.8553,0.8599,3561334.0
2025-09-15 19:45:00+00:00,0.8599,0.861,0.858,0.8591,2167198.0
2025-09-15 20:00:00+00:00,0.8592,0.8613,0.8582,0.8603,2727258.0
2025-09-15 20:15:00+00:00,0.8603,0.8614,0.8591,0.8598,2060218.0
2025-09-15 20:30:00+00:00,0.8599,0.861,0.8595,0.8607,1547566.0
2025-09-15 20:45:00+00:00,0.8607,0.862,0.86,0.8616,2864922.0
2025-09-15 21:00:00+00:00,0.8617,0.8621,0.8597,0.8618,4456462.0
2025-09-15 21:15:00+00:00,0.8618,0.8637,0.8614,0.8624,2227966.0
2025-09-15 21:30:00+00:00,0.8625,0.8644,0.8618,0.8643,2448157.0
2025-09-15 21:45:00+00:00,0.8643,0.8649,0.8642,0.8645,986563.0
2025-09-15 22:00:00+00:00,0.8646,0.8658,0.8606,0.8624,7086961.0
2025-09-15 22:15:00+00:00,0.8623,0.8639,0.8616,0.8631,2261491.0
2025-09-15 22:30:00+00:00,0.8631,0.8636,0.8584,0.8602,3891312.0
2025-09-15 22:45:00+00:00,0.8602,0.8614,0.8597,0.8608,1351341.0
2025-09-15 23:00:00+00:00,0.8608,0.8621,0.8592,0.8613,2192762.0
2025-09-15 23:15:00+00:00,0.8614,0.8635,0.8613,0.8631,1443230.0
2025-09-15 23:30:00+00:00,0.863,0.8635,0.8609,0.8615,1340904.0
2025-09-15 23:45:00+00:00,0.8614,0.8633,0.8608,0.8627,1206124.0
2025-09-16 00:00:00+00:00,0.8627,0.8628,0.8609,0.8615,3143658.0
2025-09-16 00:15:00+00:00,0.8614,0.863,0.8594,0.86,3535431.0
2025-09-16 00:30:00+00:00,0.86,0.8618,0.8599,0.861,2065585.0
2025-09-16 00:45:00+00:00,0.861,0.8617,0.8587,0.8613,3753977.0
2025-09-16 01:00:00+00:00,0.8613,0.8652,0.8611,0.8634,3792741.0
2025-09-16 01:15:00+00:00,0.8633,0.8656,0.8632,0.8641,2822214.0
2025-09-16 01:30:00+00:00,0.864,0.8654,0.8603,0.8614,3596330.0
2025-09-16 01:45:00+00:00,0.8614,0.8633,0.8594,0.8597,3392427.0
2025-09-16 02:00:00+00:00,0.8598,0.8626,0.8595,0.8624,2413750.0
2025-09-16 02:15:00+00:00,0.8623,0.8636,0.8604,0.8612,3027899.0
2025-09-16 02:30:00+00:00,0.8611,0.8627,0.8598,0.8605,1908221.0
2025-09-16 02:45:00+00:00,0.8605,0.8609,0.8585,0.8586,1990730.0
2025-09-16 03:00:00+00:00,0.8586,0.86,0.8583,0.8586,2599198.0
2025-09-16 03:15:00+00:00,0.8587,0.8601,0.8577,0.859,2576735.0
2025-09-16 03:30:00+00:00,0.859,0.8621,0.8589,0.8612,3408577.0
2025-09-16 03:45:00+00:00,0.8612,0.8614,0.8589,0.859,2666195.0
2025-09-16 04:00:00+00:00,0.8591,0.8605,0.8548,0.8554,7397364.0
2025-09-16 04:15:00+00:00,0.8555,0.8595,0.8524,0.858,8746451.0
2025-09-16 04:30:00+00:00,0.858,0.8585,0.8542,0.8559,3243576.0
2025-09-16 04:45:00+00:00,0.8558,0.8592,0.8552,0.8588,2885446.0
2025-09-16 05:00:00+00:00,0.8587,0.8619,0.8578,0.8607,5227076.0
2025-09-16 05:15:00+00:00,0.8607,0.8618,0.8584,0.8599,5236250.0
2025-09-16 05:30:00+00:00,0.8599,0.862,0.8597,0.8614,3155243.0
2025-09-16 05:45:00+00:00,0.8613,0.8633,0.8606,0.8631,3599653.0
2025-09-16 06:00:00+00:00,0.8631,0.8645,0.8621,0.8644,3861164.0
2025-09-16 06:15:00+00:00,0.8644,0.8648,0.8607,0.8611,3766810.0
2025-09-16 06:30:00+00:00,0.8611,0.8612,0.8585,0.8603,4843718.0
2025-09-16 06:45:00+00:00,0.8603,0.8631,0.8594,0.8623,3385325.0
2025-09-16 07:00:00+00:00,0.8624,0.864,0.8612,0.8621,2740161.0
2025-09-16 07:15:00+00:00,0.8621,0.8636,0.8616,0.8634,1766363.0
2025-09-16 07:30:00+00:00,0.8634,0.8641,0.8618,0.863,2444505.0
2025-09-16 07:45:00+00:00,0.863,0.8663,0.8628,0.8654,4750954.0
2025-09-16 08:00:00+00:00,0.8654,0.8706,0.8654,0.8706,8904934.0
2025-09-16 08:15:00+00:00,0.8706,0.8716,0.868,0.8684,6915656.0
2025-09-16 08:30:00+00:00,0.8685,0.8692,0.8655,0.8681,8053947.0
2025-09-16 08:45:00+00:00,0.8682,0.8723,0.8674,0.8705,3635058.0
2025-09-16 09:00:00+00:00,0.8706,0.871,0.8689,0.8698,3278568.0
2025-09-16 09:15:00+00:00,0.8699,0.872,0.8683,0.8685,3531644.0
2025-09-16 09:30:00+00:00,0.8684,0.8705,0.8666,0.8685,4328247.0
2025-09-16 09:45:00+00:00,0.8685,0.8699,0.8679,0.8693,2485961.0
2025-09-16 10:00:00+00:00,0.8693,0.8713,0.8685,0.8712,6182658.0
2025-09-16 10:15:00+00:00,0.8712,0.8743,0.8709,0.8719,8819533.0
2025-09-16 10:30:00+00:00,0.872,0.8732,0.8695,0.8702,3929856.0
2025-09-16 10:45:00+00:00,0.8703,0.8713,0.868,0.868,3964409.0
2025-09-16 11:00:00+00:00,0.868,0.8691,0.8668,0.8673,2874097.0
2025-09-16 11:15:00+00:00,0.8674,0.8705,0.867,0.8698,3035135.0
2025-09-16 11:30:00+00:00,0.8698,0.8711,0.8691,0.8694,3096375.0
2025-09-16 11:45:00+00:00,0.8694,0.8702,0.8684,0.8696,2567393.0
2025-09-16 12:00:00+00:00,0.8696,0.8705,0.8683,0.869,2848655.0
2025-09-16 12:15:00+00:00,0.869,0.8704,0.8686,0.8689,2888752.0
2025-09-16 12:30:00+00:00,0.869,0.8714,0.8688,0.87,3531025.0
2025-09-16 12:45:00+00:00,0.87,0.871,0.8688,0.8705,2392882.0
2025-09-16 13:00:00+00:00,0.8705,0.8725,0.8699,0.8703,3301431.0
2025-09-16 13:15:00+00:00,0.8702,0.8749,0.8698,0.8735,7986205.0
2025-09-16 13:30:00+00:00,0.8735,0.874,0.8655,0.8657,12932100.0
2025-09-16 13:45:00+00:00,0.8658,0.8665,0.8584,0.8664,37169878.0
2025-09-16 14:00:00+00:00,0.8664,0.8664,0.856,0.8589,15229986.0
2025-09-16 14:15:00+00:00,0.8589,0.8622,0.8575,0.8617,7598352.0
2025-09-16 14:30:00+00:00,0.8618,0.8635,0.8594,0.8626,4187677.0
2025-09-16 14:45:00+00:00,0.8625,0.8656,0.8622,0.8644,3577897.0
2025-09-16 15:00:00+00:00,0.8645,0.8647,0.8606,0.8631,5547354.0
2025-09-16 15:15:00+00:00,0.8632,0.8682,0.8628,0.8668,6615783.0
2025-09-16 15:30:00+00:00,0.8668,0.8682,0.8662,0.8681,3768847.0
2025-09-16 15:45:00+00:00,0.8682,0.8702,0.8664,0.87,5705871.0
2025-09-16 16:00:00+00:00,0.8701,0.8711,0.8683,0.8695,8235470.0
2025-09-16 16:15:00+00:00,0.8696,0.8699,0.8662,0.8692,4875649.0
2025-09-16 16:30:00+00:00,0.8692,0.8714,0.8676,0.8681,3777325.0
2025-09-16 16:45:00+00:00,0.868,0.8697,0.8673,0.8691,3479574.0
2025-09-16 17:00:00+00:00,0.869,0.8756,0.8687,0.8754,9478357.0
2025-09-16 17:15:00+00:00,0.8754,0.8802,0.8754,0.8777,10871255.0
2025-09-16 17:30:00+00:00,0.8777,0.8798,0.8733,0.8756,11133532.0
2025-09-16 17:45:00+00:00,0.8756,0.8774,0.8739,0.8761,7734272.0
2025-09-16 18:00:00+00:00,0.8762,0.8786,0.8761,0.8778,5061283.0
2025-09-16 18:15:00+00:00,0.8778,0.8799,0.8765,0.8771,4854762.0
2025-09-16 18:30:00+00:00,0.877,0.8771,0.8726,0.8744,7890948.0
2025-09-16 18:45:00+00:00,0.8744,0.8765,0.8738,0.8747,4248488.0
2025-09-16 19:00:00+00:00,0.8748,0.8758,0.8726,0.8752,3297230.0
2025-09-16 19:15:00+00:00,0.8753,0.8764,0.8733,0.8743,1869867.0
2025-09-16 19:30:00+00:00,0.8743,0.8751,0.8733,0.8745,2801664.0
2025-09-16 19:45:00+00:00,0.8746,0.8775,0.8746,0.8768,3614775.0
2025-09-16 20:00:00+00:00,0.8769,0.8781,0.8758,0.8763,2843884.0
2025-09-16 20:15:00+00:00,0.8764,0.8772,0.8752,0.8771,2342109.0
2025-09-16 20:30:00+00:00,0.8772,0.8773,0.8761,0.8768,1875146.0
2025-09-16 20:45:00+00:00,0.8768,0.8772,0.8757,0.8765,1608850.0
2025-09-16 21:00:00+00:00,0.8765,0.8795,0.8763,0.8773,3518127.0
2025-09-16 21:15:00+00:00,0.8773,0.8786,0.877,0.8781,1878173.0
2025-09-16 21:30:00+00:00,0.8781,0.8796,0.8781,0.8786,3653788.0
2025-09-16 21:45:00+00:00,0.8786,0.8822,0.8785,0.8818,4432842.0
2025-09-16 22:00:00+00:00,0.8818,0.8833,0.881,0.8825,4716846.0
2025-09-16 22:15:00+00:00,0.8825,0.8836,0.8815,0.8822,2186141.0
2025-09-16 22:30:00+00:00,0.8822,0.8833,0.8803,0.8832,2047443.0
2025-09-16 22:45:00+00:00,0.8832,0.8838,0.8822,0.8823,1517390.0
2025-09-16 23:00:00+00:00,0.8823,0.8824,0.8804,0.8815,2487676.0
2025-09-16 23:15:00+00:00,0.8814,0.8824,0.8796,0.8801,1891144.0
2025-09-16 23:30:00+00:00,0.8801,0.8815,0.879,0.8794,2541427.0
2025-09-16 23:45:00+00:00,0.8794,0.8802,0.8785,0.8798,2216910.0
2025-09-17 00:00:00+00:00,0.8798,0.8804,0.8767,0.8773,6582447.0
2025-09-17 00:15:00+00:00,0.8772,0.8814,0.8772,0.8795,5454811.0
2025-09-17 00:30:00+00:00,0.8795,0.8813,0.879,0.8803,2349567.0
2025-09-17 00:45:00+00:00,0.8803,0.8803,0.8774,0.8786,2506245.0
2025-09-17 01:00:00+00:00,0.8786,0.8796,0.878,0.8795,1898305.0
2025-09-17 01:15:00+00:00,0.8795,0.8814,0.878,0.8804,3016246.0
2025-09-17 01:30:00+00:00,0.8804,0.8805,0.877,0.8773,2138371.0
2025-09-17 01:45:00+00:00,0.8773,0.878,0.8752,0.8774,2669570.0
2025-09-17 02:00:00+00:00,0.8774,0.8776,0.8749,0.8764,2372378.0
2025-09-17 02:15:00+00:00,0.8763,0.8783,0.875,0.8778,2102631.0
2025-09-17 02:30:00+00:00,0.8778,0.8823,0.8776,0.8811,5455623.0
2025-09-17 02:45:00+00:00,0.8812,0.8835,0.8785,0.8786,6161827.0
2025-09-17 03:00:00+00:00,0.8787,0.8796,0.8758,0.8793,4193348.0
2025-09-17 03:15:00+00:00,0.8793,0.881,0.8792,0.8802,3594404.0
2025-09-17 03:30:00+00:00,0.8803,0.8808,0.8754,0.8764,3259836.0
2025-09-17 03:45:00+00:00,0.8764,0.8769,0.8726,0.8735,9728718.0
2025-09-17 04:00:00+00:00,0.8734,0.8758,0.8728,0.8735,3265493.0
2025-09-17 04:15:00+00:00,0.8735,0.8739,0.8702,0.8708,6554580.0
2025-09-17 04:30:00+00:00,0.8708,0.8715,0.8695,0.8697,7236293.0
2025-09-17 04:45:00+00:00,0.8697,0.8697,0.8662,0.8691,7907169.0
2025-09-17 05:00:00+00:00,0.8691,0.8728,0.8688,0.8724,5177737.0
2025-09-17 05:15:00+00:00,0.8724,0.8734,0.8688,0.8697,2952135.0
2025-09-17 05:30:00+00:00,0.8697,0.8726,0.8697,0.872,2693087.0
2025-09-17 05:45:00+00:00,0.8721,0.8784,0.8691,0.878,9455370.0
2025-09-17 06:00:00+00:00,0.8781,0.882,0.8773,0.8783,12366595.0
2025-09-17 06:15:00+00:00,0.8784,0.8803,0.8776,0.8777,4613588.0
2025-09-17 06:30:00+00:00,0.8777,0.8806,0.8765,0.8802,4113848.0
2025-09-17 06:45:00+00:00,0.8803,0.8813,0.8782,0.8809,5947255.0
2025-09-17 07:00:00+00:00,0.8809,0.8834,0.8797,0.8827,4909393.0
2025-09-17 07:15:00+00:00,0.8827,0.8867,0.8823,0.8826,8598594.0
2025-09-17 07:30:00+00:00,0.8826,0.8832,0.8816,0.8819,3739182.0
2025-09-17 07:45:00+00:00,0.8818,0.8823,0.8811,0.8819,2264919.0
2025-09-17 08:00:00+00:00,0.882,0.8822,0.8746,0.8751,8650005.0
2025-09-17 08:15:00+00:00,0.8751,0.8768,0.8748,0.8759,4007849.0
2025-09-17 08:30:00+00:00,0.8758,0.8761,0.8728,0.8732,5874126.0
2025-09-17 08:45:00+00:00,0.8732,0.8766,0.8729,0.8762,2797575.0
2025-09-17 09:00:00+00:00,0.8763,0.8767,0.8743,0.8746,2445457.0
2025-09-17 09:15:00+00:00,0.8747,0.8747,0.8719,0.8735,3659078.0
2025-09-17 09:30:00+00:00,0.8736,0.8744,0.8725,0.8728,1864922.0
2025-09-17 09:45:00+00:00,0.8728,0.8735,0.8713,0.8715,1845704.0
2025-09-17 10:00:00+00:00,0.8716,0.8738,0.8713,0.8724,3029923.0
2025-09-17 10:15:00+00:00,0.8724,0.8728,0.8686,0.8692,4056254.0
2025-09-17 10:30:00+00:00,0.8691,0.8706,0.8685,0.8698,2461877.0
2025-09-17 10:45:00+00:00,0.8699,0.8717,0.8686,0.8709,2682417.0
2025-09-17 11:00:00+00:00,0.8709,0.8732,0.8704,0.8731,2482482.0
2025-09-17 11:15:00+00:00,0.8731,0.8747,0.8719,0.8743,2520378.0
2025-09-17 11:30:00+00:00,0.8743,0.8743,0.8714,0.8714,2568073.0
2025-09-17 11:45:00+00:00,0.8713,0.8734,0.8712,0.8714,2270254.0
2025-09-17 12:00:00+00:00,0.8714,0.8724,0.8683,0.8698,4130584.0
2025-09-17 12:15:00+00:00,0.8698,0.8715,0.8685,0.8714,3075652.0
2025-09-17 12:30:00+00:00,0.8713,0.8728,0.8681,0.8695,4414989.0
2025-09-17 12:45:00+00:00,0.8696,0.872,0.8687,0.8711,2363076.0
2025-09-17 13:00:00+00:00,0.871,0.8725,0.8705,0.8708,2726919.0
2025-09-17 13:15:00+00:00,0.8709,0.8736,0.8707,0.8717,4365601.0
2025-09-17 13:30:00+00:00,0.8716,0.8738,0.8675,0.8686,7788938.0
2025-09-17 13:45:00+00:00,0.8686,0.873,0.8676,0.8702,5635516.0
2025-09-17 14:00:00+00:00,0.8702,0.8718,0.869,0.8712,2214429.0
2025-09-17 14:15:00+00:00,0.8712,0.8714,0.8632,0.8651,10775412.0
2025-09-17 14:30:00+00:00,0.8652,0.8671,0.8628,0.8651,8496551.0
2025-09-17 14:45:00+00:00,0.865,0.8667,0.8638,0.8644,2956541.0
2025-09-17 15:00:00+00:00,0.8645,0.8665,0.8635,0.8662,4771771.0
2025-09-17 15:15:00+00:00,0.8661,0.8674,0.8642,0.8644,3502642.0
2025-09-17 15:30:00+00:00,0.8644,0.869,0.8644,0.8689,7144659.0
2025-09-17 15:45:00+00:00,0.8689,0.8695,0.8673,0.8678,2202901.0
2025-09-17 16:00:00+00:00,0.8677,0.8677,0.8626,0.8634,8137393.0
2025-09-17 16:15:00+00:00,0.8634,0.8666,0.8607,0.8665,9105228.0
2025-09-17 16:30:00+00:00,0.8665,0.8688,0.866,0.868,4339130.0
2025-09-17 16:45:00+00:00,0.8681,0.8712,0.867,0.8708,4778726.0
2025-09-17 17:00:00+00:00,0.8709,0.8716,0.8683,0.8689,3726528.0
2025-09-17 17:15:00+00:00,0.8689,0.8703,0.8674,0.8693,2082223.0
2025-09-17 17:30:00+00:00,0.8692,0.8821,0.8689,0.8766,13148889.0
2025-09-17 17:45:00+00:00,0.8767,0.8841,0.856,0.8648,20767656.0
2025-09-17 18:00:00+00:00,0.8655,0.8834,0.855,0.8691,74387984.0
2025-09-17 18:15:00+00:00,0.869,0.8785,0.8657,0.8778,25734054.0
2025-09-17 18:30:00+00:00,0.8777,0.878,0.8632,0.8645,21509207.0
2025-09-17 18:45:00+00:00,0.8646,0.8695,0.8612,0.8667,19069087.0
2025-09-17 19:00:00+00:00,0.8667,0.8765,0.8662,0.8724,15864219.0
2025-09-17 19:15:00+00:00,0.8725,0.8797,0.8714,0.8788,9201984.0
2025-09-17 19:30:00+00:00,0.8787,0.8824,0.8764,0.882,9007687.0
2025-09-17 19:45:00+00:00,0.882,0.8842,0.8799,0.8824,8280957.0
2025-09-17 20:00:00+00:00,0.8823,0.8922,0.8823,0.8912,18621712.0
2025-09-17 20:15:00+00:00,0.8912,0.8947,0.8886,0.8887,17648700.0
2025-09-17 20:30:00+00:00,0.8886,0.8916,0.8832,0.8852,8832938.0
2025-09-17 20:45:00+00:00,0.8853,0.8869,0.8784,0.8803,7829496.0
2025-09-17 21:00:00+00:00,0.8802,0.8833,0.875,0.8833,8606205.0
2025-09-17 21:15:00+00:00,0.8833,0.8896,0.8828,0.8876,8091833.0
2025-09-17 21:30:00+00:00,0.8877,0.8902,0.8872,0.8902,3710168.0
2025-09-17 21:45:00+00:00,0.8902,0.8928,0.8886,0.8904,4345404.0
2025-09-17 22:00:00+00:00,0.8904,0.9022,0.8903,0.901,16784649.0
2025-09-17 22:15:00+00:00,0.9009,0.9052,0.8979,0.9044,21716277.0
2025-09-17 22:30:00+00:00,0.9044,0.9081,0.9034,0.9062,13637022.0
2025-09-17 22:45:00+00:00,0.9061,0.9119,0.9047,0.9095,13255510.0
2025-09-17 23:00:00+00:00,0.9096,0.9193,0.9095,0.9166,22862268.0
2025-09-17 23:15:00+00:00,0.9165,0.9176,0.9076,0.9095,16514296.0
2025-09-17 23:30:00+00:00,0.9096,0.9137,0.9071,0.9085,10160915.0
2025-09-17 23:45:00+00:00,0.9085,0.914,0.9081,0.9134,7096691.0
2025-09-18 00:00:00+00:00,0.9134,0.9164,0.9113,0.9157,9802554.0
2025-09-18 00:15:00+00:00,0.9157,0.9181,0.9131,0.9138,7429844.0
2025-09-18 00:30:00+00:00,0.9138,0.9151,0.9098,0.9125,5643381.0
2025-09-18 00:45:00+00:00,0.9124,0.9131,0.9069,0.9086,7096027.0
2025-09-18 01:00:00+00:00,0.9086,0.9155,0.9068,0.9147,7657187.0
2025-09-18 01:15:00+00:00,0.9147,0.9171,0.9132,0.9149,5044939.0
2025-09-18 01:30:00+00:00,0.915,0.9175,0.9142,0.9169,4595856.0
2025-09-18 01:45:00+00:00,0.9169,0.9182,0.9141,0.9152,5157099.0
2025-09-18 02:00:00+00:00,0.9152,0.9163,0.9116,0.9137,4117526.0
2025-09-18 02:15:00+00:00,0.9137,0.9143,0.9085,0.909,4222249.0
2025-09-18 02:30:00+00:00,0.9091,0.9108,0.9073,0.9101,7547239.0
2025-09-18 02:45:00+00:00,0.9101,0.9165,0.91,0.9161,5493547.0
2025-09-18 03:00:00+00:00,0.9162,0.9246,0.9151,0.9241,13481102.0
2025-09-18 03:15:00+00:00,0.9241,0.9254,0.9185,0.92,13339195.0
2025-09-18 03:30:00+00:00,0.92,0.9211,0.9163,0.9166,10135845.0
2025-09-18 03:45:00+00:00,0.9167,0.9187,0.9159,0.9175,5979955.0
2025-09-18 04:00:00+00:00,0.9176,0.9185,0.9154,0.9163,4471592.0
2025-09-18 04:15:00+00:00,0.9163,0.9174,0.9128,0.9134,6913572.0
2025-09-18 04:30:00+00:00,0.9134,0.9158,0.912,0.9148,5980277.0
2025-09-18 04:45:00+00:00,0.9148,0.915,0.9129,0.9141,4053406.0
2025-09-18 05:00:00+00:00,0.9141,0.9145,0.9123,0.9123,2674157.0
2025-09-18 05:15:00+00:00,0.9123,0.9135,0.9092,0.9094,5061316.0
2025-09-18 05:30:00+00:00,0.9094,0.91,0.9071,0.9094,5091542.0
2025-09-18 05:45:00+00:00,0.9095,0.9102,0.9077,0.9091,3567087.0
2025-09-18 06:00:00+00:00,0.909,0.9101,0.9026,0.9035,12360619.0
2025-09-18 06:15:00+00:00,0.9036,0.9056,0.8995,0.9002,14180539.0
2025-09-18 06:30:00+00:00,0.9003,0.9037,0.8994,0.9019,6569406.0
2025-09-18 06:45:00+00:00,0.9019,0.9043,0.9014,0.9033,4934002.0
2025-09-18 07:00:00+00:00,0.9033,0.9058,0.9033,0.904,6291227.0
2025-09-18 07:15:00+00:00,0.9041,0.9047,0.9015,0.9027,6177309.0
2025-09-18 07:30:00+00:00,0.9027,0.909,0.9021,0.9087,13521388.0
2025-09-18 07:45:00+00:00,0.9088,0.9138,0.9071,0.9078,18657859.0
2025-09-18 08:00:00+00:00,0.9078,0.9132,0.9072,0.9123,6880194.0
2025-09-18 08:15:00+00:00,0.9124,0.916,0.9108,0.9154,6187463.0
2025-09-18 08:30:00+00:00,0.9153,0.918,0.9142,0.9143,5161338.0
2025-09-18 08:45:00+00:00,0.9142,0.9205,0.9116,0.9196,12768260.0
2025-09-18 09:00:00+00:00,0.9196,0.9202,0.9153,0.9164,7755012.0
2025-09-18 09:15:00+00:00,0.9163,0.9203,0.9163,0.9179,4079520.0
2025-09-18 09:30:00+00:00,0.9179,0.9194,0.9157,0.9166,5509561.0
2025-09-18 09:45:00+00:00,0.9166,0.9183,0.9158,0.9179,2898033.0
2025-09-18 10:00:00+00:00,0.9179,0.9194,0.9117,0.9136,6904921.0
2025-09-18 10:15:00+00:00,0.9136,0.9145,0.9105,0.911,4949854.0
2025-09-18 10:30:00+00:00,0.911,0.9139,0.9108,0.9129,3574240.0
2025-09-18 10:45:00+00:00,0.9129,0.9135,0.9117,0.913,2289335.0
2025-09-18 11:00:00+00:00,0.913,0.9148,0.912,0.9133,3315865.0
2025-09-18 11:15:00+00:00,0.9133,0.9158,0.9132,0.9145,2231526.0
2025-09-18 11:30:00+00:00,0.9146,0.9161,0.9119,0.9127,2721545.0
2025-09-18 11:45:00+00:00,0.9126,0.9135,0.9116,0.9133,2563553.0
2025-09-18 12:00:00+00:00,0.9133,0.914,0.911,0.9139,4522868.0
2025-09-18 12:15:00+00:00,0.9138,0.917,0.9119,0.9162,4015901.0
2025-09-18 12:30:00+00:00,0.9162,0.9163,0.9113,0.9148,10450512.0
2025-09-18 12:45:00+00:00,0.9148,0.9163,0.9132,0.9134,2153072.0
2025-09-18 13:00:00+00:00,0.9134,0.9149,0.9111,0.9145,4286714.0
2025-09-18 13:15:00+00:00,0.9146,0.9166,0.9142,0.915,4601273.0
2025-09-18 13:30:00+00:00,0.915,0.9192,0.9114,0.9124,10974103.0
2025-09-18 13:45:00+00:00,0.9124,0.9154,0.9076,0.9146,12227784.0
2025-09-18 14:00:00+00:00,0.9145,0.919,0.9137,0.9165,10097545.0
2025-09-18 14:15:00+00:00,0.9165,0.9197,0.9153,0.9184,8374888.0
2025-09-18 14:30:00+00:00,0.9184,0.9215,0.9137,0.917,7970684.0
2025-09-18 14:45:00+00:00,0.917,0.9232,0.9163,0.9228,11944090.0
2025-09-18 15:00:00+00:00,0.9228,0.9276,0.9171,0.9205,30259240.0
2025-09-18 15:15:00+00:00,0.9206,0.9238,0.9181,0.9213,12832210.0
2025-09-18 15:30:00+00:00,0.9213,0.928,0.9213,0.9233,17466577.0
2025-09-18 15:45:00+00:00,0.9234,0.9281,0.923,0.9267,12335701.0
2025-09-18 16:00:00+00:00,0.9268,0.929,0.9236,0.9245,8096470.0
2025-09-18 16:15:00+00:00,0.9246,0.9271,0.9231,0.9245,6606393.0
2025-09-18 16:30:00+00:00,0.9246,0.9272,0.922,0.9265,7272584.0
2025-09-18 16:45:00+00:00,0.9265,0.927,0.9239,0.9248,4643153.0
2025-09-18 17:00:00+00:00,0.9247,0.9312,0.9236,0.9309,11869398.0
2025-09-18 17:15:00+00:00,0.9309,0.9333,0.9272,0.9277,13681462.0
2025-09-18 17:30:00+00:00,0.9277,0.9301,0.9264,0.9283,6813024.0
2025-09-18 17:45:00+00:00,0.9284,0.9327,0.9284,0.9315,4880956.0
2025-09-18 18:00:00+00:00,0.9315,0.9326,0.9292,0.9311,5594956.0
2025-09-18 18:15:00+00:00,0.9311,0.9342,0.9298,0.933,6138317.0
2025-09-18 18:30:00+00:00,0.9331,0.9348,0.9316,0.934,5019818.0
2025-09-18 18:45:00+00:00,0.934,0.9384,0.9338,0.9374,9144728.0
2025-09-18 19:00:00+00:00,0.9374,0.938,0.9326,0.9326,5435794.0
2025-09-18 19:15:00+00:00,0.9326,0.9328,0.9281,0.9285,7438856.0
2025-09-18 19:30:00+00:00,0.9284,0.9291,0.9251,0.9278,11300782.0
2025-09-18 19:45:00+00:00,0.9277,0.9314,0.9258,0.9297,5682420.0
2025-09-18 20:00:00+00:00,0.9298,0.9322,0.9284,0.9301,4059485.0
2025-09-18 20:15:00+00:00,0.9301,0.9324,0.9281,0.9324,5444783.0
2025-09-18 20:30:00+00:00,0.9324,0.9326,0.9299,0.9309,4008707.0
2025-09-18 20:45:00+00:00,0.9308,0.9336,0.9297,0.9301,4208998.0
2025-09-18 21:00:00+00:00,0.9302,0.9312,0.9263,0.927,4552982.0
2025-09-18 21:15:00+00:00,0.9269,0.9308,0.9257,0.9295,4684729.0
2025-09-18 21:30:00+00:00,0.9295,0.9316,0.9293,0.9309,2082505.0
2025-09-18 21:45:00+00:00,0.9309,0.9318,0.9277,0.9283,2233761.0
2025-09-18 22:00:00+00:00,0.9283,0.9294,0.9237,0.9242,6383022.0
2025-09-18 22:15:00+00:00,0.9241,0.9263,0.9236,0.9248,5630118.0
2025-09-18 22:30:00+00:00,0.9249,0.9268,0.9246,0.9259,4204846.0
2025-09-18 22:45:00+00:00,0.926,0.9265,0.9222,0.9226,5059613.0
2025-09-18 23:00:00+00:00,0.9226,0.923,0.9157,0.9211,31101830.0
2025-09-18 23:15:00+00:00,0.9211,0.9217,0.9185,0.9214,4592464.0
2025-09-18 23:30:00+00:00,0.9215,0.9248,0.9213,0.9235,5000421.0
2025-09-18 23:45:00+00:00,0.9235,0.9257,0.923,0.9241,2608037.0
2025-09-19 00:00:00+00:00,0.9242,0.9282,0.9242,0.9258,4356397.0
2025-09-19 00:15:00+00:00,0.9258,0.9299,0.9254,0.9297,9007844.0
2025-09-19 00:30:00+00:00,0.9297,0.9339,0.9289,0.933,8861477.0
2025-09-19 00:45:00+00:00,0.933,0.9348,0.9308,0.9345,4714163.0
2025-09-19 01:00:00+00:00,0.9346,0.9377,0.9308,0.931,9591471.0
2025-09-19 01:15:00+00:00,0.9311,0.9325,0.93,0.9321,7817303.0
2025-09-19 01:30:00+00:00,0.9322,0.9342,0.9286,0.9297,7191019.0
2025-09-19 01:45:00+00:00,0.9298,0.934,0.9275,0.9326,8693235.0
2025-09-19 02:00:00+00:00,0.9326,0.9337,0.9283,0.9292,4656258.0
2025-09-19 02:15:00+00:00,0.9292,0.9297,0.9267,0.9275,3941591.0
2025-09-19 02:30:00+00:00,0.9275,0.9283,0.9239,0.9257,6205471.0
2025-09-19 02:45:00+00:00,0.9257,0.9286,0.925,0.9254,3899594.0
2025-09-19 03:00:00+00:00,0.9254,0.9297,0.9248,0.9284,3292930.0
2025-09-19 03:15:00+00:00,0.9284,0.9323,0.926,0.9267,6244338.0
2025-09-19 03:30:00+00:00,0.9268,0.9272,0.9204,0.9221,13763608.0
2025-09-19 03:45:00+00:00,0.922,0.922,0.9184,0.9192,6598915.0
2025-09-19 04:00:00+00:00,0.9192,0.9192,0.9091,0.9091,29512879.0
2025-09-19 04:15:00+00:00,0.9092,0.9151,0.909,0.9151,9316004.0
2025-09-19 04:30:00+00:00,0.9151,0.9199,0.913,0.9188,8811367.0
2025-09-19 04:45:00+00:00,0.9189,0.9225,0.9188,0.9221,8401548.0
2025-09-19 05:00:00+00:00,0.9221,0.9223,0.9183,0.9219,5161665.0
2025-09-19 05:15:00+00:00,0.9219,0.9229,0.9144,0.9146,7822646.0
2025-09-19 05:30:00+00:00,0.9145,0.917,0.9126,0.9146,8709020.0
2025-09-19 05:45:00+00:00,0.9146,0.9172,0.9146,0.9154,3736552.0
2025-09-19 06:00:00+00:00,0.9153,0.9154,0.9106,0.9107,6409717.0
2025-09-19 06:15:00+00:00,0.9107,0.914,0.9091,0.9096,6252889.0
2025-09-19 06:30:00+00:00,0.9096,0.9107,0.9065,0.9096,10240528.0
2025-09-19 06:45:00+00:00,0.9095,0.9111,0.9037,0.9042,10057254.0
2025-09-19 07:00:00+00:00,0.9043,0.9071,0.902,0.9059,10803890.0
2025-09-19 07:15:00+00:00,0.9058,0.9094,0.9056,0.9079,5434029.0
2025-09-19 07:30:00+00:00,0.9078,0.9091,0.9057,0.9077,6726359.0
2025-09-19 07:45:00+00:00,0.9077,0.9089,0.9032,0.9039,5592091.0
2025-09-19 08:00:00+00:00,0.9039,0.9089,0.9034,0.908,4524791.0
2025-09-19 08:15:00+00:00,0.9081,0.9115,0.9078,0.9099,4760592.0
2025-09-19 08:30:00+00:00,0.9098,0.9102,0.9063,0.9094,4611909.0
2025-09-19 08:45:00+00:00,0.9095,0.9095,0.9063,0.9079,2370812.0
2025-09-19 09:00:00+00:00,0.9078,0.9115,0.9072,0.911,4928188.0
2025-09-19 09:15:00+00:00,0.911,0.9112,0.9049,0.906,4607639.0
2025-09-19 09:30:00+00:00,0.906,0.9077,0.9015,0.9017,5261547.0
2025-09-19 09:45:00+00:00,0.9018,0.9028,0.8999,0.9018,8769032.0
2025-09-19 10:00:00+00:00,0.9019,0.9037,0.9,0.9028,5782142.0
2025-09-19 10:15:00+00:00,0.9027,0.9042,0.9021,0.9021,3388122.0
2025-09-19 10:30:00+00:00,0.9021,0.9049,0.9004,0.9038,3762257.0
2025-09-19 10:45:00+00:00,0.9038,0.9041,0.9025,0.9028,2571397.0
2025-09-19 11:00:00+00:00,0.9028,0.9031,0.8966,0.8984,10750376.0
2025-09-19 11:15:00+00:00,0.8984,0.8995,0.8932,0.8934,12940022.0
2025-09-19 11:30:00+00:00,0.8934,0.8989,0.8932,0.8946,23398170.0
2025-09-19 11:45:00+00:00,0.8945,0.8972,0.8935,0.8961,8504639.0
2025-09-19 12:00:00+00:00,0.8961,0.9002,0.8957,0.9002,5838994.0
2025-09-19 12:15:00+00:00,0.9002,0.9032,0.8969,0.8975,17207169.0
2025-09-19 12:30:00+00:00,0.8975,0.901,0.8973,0.9001,4339422.0
2025-09-19 12:45:00+00:00,0.9001,0.9003,0.8987,0.8987,4459700.0
2025-09-19 13:00:00+00:00,0.8986,0.9018,0.8984,0.901,4545687.0
2025-09-19 13:15:00+00:00,0.901,0.9064,0.8993,0.9046,14255174.0
2025-09-19 13:30:00+00:00,0.9046,0.9081,0.9035,0.9044,15095637.0
2025-09-19 13:45:00+00:00,0.9044,0.9084,0.9022,0.9071,10871712.0
2025-09-19 14:00:00+00:00,0.9072,0.9087,0.9056,0.9068,5541163.0
2025-09-19 14:15:00+00:00,0.9068,0.9071,0.9007,0.901,6984362.0
2025-09-19 14:30:00+00:00,0.901,0.9035,0.899,0.8995,7835331.0
2025-09-19 14:45:00+00:00,0.8996,0.9015,0.8953,0.8991,18075167.0
2025-09-19 15:00:00+00:00,0.8991,0.8996,0.8908,0.8927,19752215.0
2025-09-19 15:15:00+00:00,0.8928,0.896,0.891,0.8951,14121009.0
2025-09-19 15:30:00+00:00,0.895,0.8984,0.8916,0.8972,7228197.0
2025-09-19 15:45:00+00:00,0.8972,0.8985,0.8945,0.8967,4470680.0
2025-09-19 16:00:00+00:00,0.8967,0.902,0.8955,0.9017,9443213.0
2025-09-19 16:15:00+00:00,0.9016,0.9021,0.8988,0.9008,3931808.0
2025-09-19 16:30:00+00:00,0.9008,0.9025,0.8992,0.9017,3119798.0
2025-09-19 16:45:00+00:00,0.9017,0.9046,0.9014,0.9039,6192219.0
2025-09-19 17:00:00+00:00,0.9039,0.9044,0.8992,0.9,5119321.0
2025-09-19 17:15:00+00:00,0.9,0.9011,0.8976,0.9,5784522.0
2025-09-19 17:30:00+00:00,0.9,0.9,0.8964,0.8984,6193853.0
2025-09-19 17:45:00+00:00,0.8984,0.8991,0.8968,0.8971,2368729.0
2025-09-19 18:00:00+00:00,0.8971,0.8977,0.8907,0.8934,12270988.0
2025-09-19 18:15:00+00:00,0.8933,0.8962,0.8914,0.8942,6344069.0
2025-09-19 18:30:00+00:00,0.8941,0.8988,0.8938,0.8977,5179290.0
2025-09-19 18:45:00+00:00,0.8978,0.8984,0.8944,0.8961,4822711.0
2025-09-19 19:00:00+00:00,0.896,0.898,0.8952,0.8953,3165626.0
2025-09-19 19:15:00+00:00,0.8953,0.8985,0.895,0.8976,1698990.0
2025-09-19 19:30:00+00:00,0.8977,0.8981,0.895,0.8955,3570466.0
2025-09-19 19:45:00+00:00,0.8955,0.8964,0.8941,0.8942,2702225.0
2025-09-19 20:00:00+00:00,0.8941,0.8972,0.8938,0.8961,3064517.0
2025-09-19 20:15:00+00:00,0.8961,0.8982,0.8954,0.8979,2956550.0
2025-09-19 20:30:00+00:00,0.898,0.8983,0.8963,0.8974,2015826.0
2025-09-19 20:45:00+00:00,0.8975,0.8977,0.8921,0.8923,9456949.0
2025-09-19 21:00:00+00:00,0.8923,0.8941,0.8892,0.894,7414196.0
2025-09-19 21:15:00+00:00,0.894,0.8955,0.893,0.8939,3425107.0
2025-09-19 21:30:00+00:00,0.8939,0.8965,0.8938,0.8954,2309138.0
2025-09-19 21:45:00+00:00,0.8954,0.8965,0.894,0.8964,2425460.0
2025-09-19 22:00:00+00:00,0.8965,0.8972,0.8956,0.897,1064460.0
2025-09-19 22:15:00+00:00,0.897,0.8973,0.8952,0.8959,1258259.0
2025-09-19 22:30:00+00:00,0.8959,0.8972,0.895,0.8955,1213273.0
2025-09-19 22:45:00+00:00,0.8956,0.8971,0.8949,0.8951,1162454.0
2025-09-19 23:00:00+00:00,0.8951,0.8954,0.8897,0.8901,4488526.0
2025-09-19 23:15:00+00:00,0.8901,0.8908,0.8852,0.8859,11393748.0
2025-09-19 23:30:00+00:00,0.8859,0.8877,0.8847,0.8877,5595431.0
2025-09-19 23:45:00+00:00,0.8877,0.8905,0.8877,0.8899,2056149.0
2025-09-20 00:00:00+00:00,0.8898,0.892,0.8887,0.8917,4619427.0
2025-09-20 00:15:00+00:00,0.8918,0.8926,0.8881,0.8891,3416369.0
2025-09-20 00:30:00+00:00,0.8891,0.8946,0.8888,0.8945,2895450.0
2025-09-20 00:45:00+00:00,0.8945,0.8973,0.894,0.8968,4355225.0
2025-09-20 01:00:00+00:00,0.8968,0.8969,0.8931,0.8931,2701849.0
2025-09-20 01:15:00+00:00,0.893,0.8966,0.8923,0.8957,2245003.0
2025-09-20 01:30:00+00:00,0.8956,0.896,0.8908,0.8944,4289870.0
2025-09-20 01:45:00+00:00,0.8943,0.8964,0.8937,0.8939,2907334.0
2025-09-20 02:00:00+00:00,0.8938,0.8939,0.8891,0.8894,4860211.0
2025-09-20 02:15:00+00:00,0.8894,0.8927,0.888,0.8916,3710956.0
2025-09-20 02:30:00+00:00,0.8916,0.8935,0.8886,0.8932,3792641.0
2025-09-20 02:45:00+00:00,0.8932,0.896,0.8922,0.8958,3625545.0
2025-09-20 03:00:00+00:00,0.8959,0.8962,0.8906,0.8925,6221154.0
2025-09-20 03:15:00+00:00,0.8925,0.8949,0.8921,0.8928,1670041.0
2025-09-20 03:30:00+00:00,0.8927,0.8943,0.8917,0.8939,1612964.0
2025-09-20 03:45:00+00:00,0.8938,0.8947,0.8925,0.8933,1339131.0
2025-09-20 04:00:00+00:00,0.8934,0.8935,0.8908,0.8923,2322465.0
2025-09-20 04:15:00+00:00,0.8922,0.893,0.891,0.8921,1786469.0
2025-09-20 04:30:00+00:00,0.8921,0.8956,0.8917,0.8955,1732321.0
2025-09-20 04:45:00+00:00,0.8954,0.8958,0.8939,0.8946,1433792.0
2025-09-20 05:00:00+00:00,0.8947,0.8954,0.8925,0.8949,1649063.0
2025-09-20 05:15:00+00:00,0.895,0.8973,0.8942,0.8971,2782931.0
2025-09-20 05:30:00+00:00,0.8971,0.8992,0.8962,0.8971,5735495.0
2025-09-20 05:45:00+00:00,0.8972,0.8993,0.8969,0.8985,2813983.0
2025-09-20 06:00:00+00:00,0.8986,0.8989,0.8966,0.8971,2854411.0
2025-09-20 06:15:00+00:00,0.8971,0.8998,0.8969,0.8994,2630225.0
2025-09-20 06:30:00+00:00,0.8994,0.9016,0.8994,0.9009,3761848.0
2025-09-20 06:45:00+00:00,0.901,0.903,0.9007,0.9018,5403054.0
2025-09-20 07:00:00+00:00,0.9019,0.9034,0.9017,0.9021,3237861.0
2025-09-20 07:15:00+00:00,0.9022,0.9034,0.9011,0.9012,2461335.0
2025-09-20 07:30:00+00:00,0.9012,0.9032,0.8997,0.9027,5205977.0
2025-09-20 07:45:00+00:00,0.9028,0.906,0.9025,0.9057,8996372.0
2025-09-20 08:00:00+00:00,0.9056,0.9059,0.9023,0.903,5543199.0
2025-09-20 08:15:00+00:00,0.9031,0.9037,0.9004,0.9007,2477523.0
2025-09-20 08:30:00+00:00,0.9006,0.9015,0.8988,0.9004,4696724.0
2025-09-20 08:45:00+00:00,0.9004,0.9004,0.8933,0.8937,7140645.0
2025-09-20 09:00:00+00:00,0.8937,0.8959,0.8917,0.8952,7397055.0
2025-09-20 09:15:00+00:00,0.8952,0.8954,0.893,0.893,2461616.0
2025-09-20 09:30:00+00:00,0.893,0.8931,0.8889,0.891,7241975.0
2025-09-20 09:45:00+00:00,0.891,0.8923,0.8904,0.8906,2016683.0
2025-09-20 10:00:00+00:00,0.8906,0.8935,0.8901,0.8926,3222856.0
2025-09-20 10:15:00+00:00,0.8927,0.8932,0.8907,0.8908,1669966.0
2025-09-20 10:30:00+00:00,0.8907,0.8911,0.8881,0.8902,4477365.0
2025-09-20 10:45:00+00:00,0.8902,0.8911,0.8878,0.8887,2742693.0
2025-09-20 11:00:00+00:00,0.8887,0.8921,0.8885,0.8909,2382009.0
2025-09-20 11:15:00+00:00,0.8908,0.891,0.8866,0.8878,3777108.0
2025-09-20 11:30:00+00:00,0.8878,0.8909,0.8878,0.8908,3297736.0
2025-09-20 11:45:00+00:00,0.8907,0.8952,0.8907,0.8947,3238351.0
2025-09-20 12:00:00+00:00,0.8947,0.8952,0.8922,0.893,4044745.0
2025-09-20 12:15:00+00:00,0.8929,0.894,0.891,0.8912,3683123.0
2025-09-20 12:30:00+00:00,0.8913,0.893,0.8909,0.8916,1799493.0
2025-09-20 12:45:00+00:00,0.8917,0.8946,0.8917,0.8943,4250863.0
2025-09-20 13:00:00+00:00,0.8944,0.895,0.8927,0.8935,3930373.0
2025-09-20 13:15:00+00:00,0.8935,0.8973,0.8931,0.8966,2887682.0
2025-09-20 13:30:00+00:00,0.8966,0.8986,0.896,0.8966,2803398.0
2025-09-20 13:45:00+00:00,0.8967,0.8971,0.8945,0.8952,2558694.0
2025-09-20 14:00:00+00:00,0.8953,0.8954,0.8918,0.8926,3222360.0
2025-09-20 14:15:00+00:00,0.8925,0.8942,0.8919,0.8926,1565518.0
2025-09-20 14:30:00+00:00,0.8927,0.8946,0.8919,0.894,1856566.0
2025-09-20 14:45:00+00:00,0.8941,0.8985,0.894,0.8974,5799842.0
2025-09-20 15:00:00+00:00,0.8975,0.9019,0.8974,0.9011,6237296.0
2025-09-20 15:15:00+00:00,0.9012,0.9045,0.9007,0.9027,7174480.0
2025-09-20 15:30:00+00:00,0.9027,0.9029,0.8992,0.9002,4525561.0
2025-09-20 15:45:00+00:00,0.9003,0.9004,0.8981,0.8998,2159232.0
2025-09-20 16:00:00+00:00,0.8998,0.903,0.8994,0.8998,4523860.0
2025-09-20 16:15:00+00:00,0.8999,0.9001,0.8922,0.8931,7903324.0
2025-09-20 16:30:00+00:00,0.8931,0.8995,0.8914,0.8984,5489247.0
2025-09-20 16:45:00+00:00,0.8983,0.899,0.8968,0.8981,4758025.0
2025-09-20 17:00:00+00:00,0.8982,0.8987,0.8932,0.8937,3842490.0
2025-09-20 17:15:00+00:00,0.8938,0.8948,0.892,0.8936,3113194.0
2025-09-20 17:30:00+00:00,0.8936,0.896,0.8932,0.8942,2991206.0
2025-09-20 17:45:00+00:00,0.8942,0.8943,0.8923,0.8932,2474219.0
2025-09-20 18:00:00+00:00,0.8932,0.8932,0.8901,0.8911,3507626.0
2025-09-20 18:15:00+00:00,0.8911,0.8934,0.8902,0.8928,1744803.0
2025-09-20 18:30:00+00:00,0.8928,0.8928,0.8894,0.8912,2374752.0
2025-09-20 18:45:00+00:00,0.8912,0.8914,0.8898,0.8907,1966534.0
2025-09-20 19:00:00+00:00,0.8907,0.8918,0.8892,0.8916,2496489.0
2025-09-20 19:15:00+00:00,0.8916,0.8937,0.8916,0.8926,1635714.0
2025-09-20 19:30:00+00:00,0.8926,0.8933,0.8906,0.8907,2542761.0
2025-09-20 19:45:00+00:00,0.8907,0.8912,0.8894,0.8909,1566859.0
2025-09-20 20:00:00+00:00,0.891,0.8923,0.8901,0.8912,2176333.0
2025-09-20 20:15:00+00:00,0.8912,0.8928,0.8906,0.8925,1293702.0
2025-09-20 20:30:00+00:00,0.8925,0.8942,0.8923,0.8935,1618516.0
2025-09-20 20:45:00+00:00,0.8935,0.8949,0.8935,0.8938,1382302.0
2025-09-20 21:00:00+00:00,0.8939,0.8951,0.8929,0.895,1449204.0
2025-09-20 21:15:00+00:00,0.8951,0.8959,0.8938,0.8955,970213.0
2025-09-20 21:30:00+00:00,0.8956,0.8975,0.8951,0.8972,2413191.0
2025-09-20 21:45:00+00:00,0.8972,0.8973,0.8951,0.8955,1079471.0
2025-09-20 22:00:00+00:00,0.8956,0.896,0.8939,0.8955,1826252.0
2025-09-20 22:15:00+00:00,0.8956,0.8956,0.8941,0.8943,1295190.0
2025-09-20 22:30:00+00:00,0.8942,0.8944,0.8926,0.8934,1663771.0
2025-09-20 22:45:00+00:00,0.8935,0.896,0.8935,0.895,1639457.0
2025-09-20 23:00:00+00:00,0.8951,0.8953,0.8927,0.8931,1222960.0
2025-09-20 23:15:00+00:00,0.8931,0.8936,0.8921,0.8924,1209979.0
2025-09-20 23:30:00+00:00,0.8924,0.8925,0.8915,0.8915,1672530.0
2025-09-20 23:45:00+00:00,0.8916,0.8933,0.8911,0.8926,1458901.0
2025-09-21 00:00:00+00:00,0.8925,0.8941,0.892,0.8936,3128996.0
2025-09-21 00:15:00+00:00,0.8936,0.8938,0.8909,0.8913,2989394.0
2025-09-21 00:30:00+00:00,0.8912,0.8949,0.8895,0.8939,3506699.0
2025-09-21 00:45:00+00:00,0.8939,0.8971,0.8939,0.8958,3598349.0
2025-09-21 01:00:00+00:00,0.8958,0.8972,0.8925,0.8937,2737078.0
2025-09-21 01:15:00+00:00,0.8938,0.8947,0.8932,0.8936,1290059.0
2025-09-21 01:30:00+00:00,0.8936,0.8936,0.8912,0.8916,1623246.0
2025-09-21 01:45:00+00:00,0.8917,0.8931,0.8906,0.8917,1887205.0
2025-09-21 02:00:00+00:00,0.8915,0.8953,0.8912,0.8946,2244104.0
2025-09-21 02:15:00+00:00,0.8945,0.8956,0.8892,0.8931,4680411.0
2025-09-21 02:30:00+00:00,0.8932,0.8959,0.892,0.8951,2349445.0
2025-09-21 02:45:00+00:00,0.8951,0.8965,0.8947,0.896,2235867.0
2025-09-21 03:00:00+00:00,0.8959,0.8966,0.8945,0.8962,1853850.0
2025-09-21 03:15:00+00:00,0.8962,0.8968,0.8948,0.8962,2461783.0
2025-09-21 03:30:00+00:00,0.8962,0.8968,0.8952,0.8966,1506889.0
2025-09-21 03:45:00+00:00,0.8965,0.8982,0.8963,0.8982,2813060.0
2025-09-21 04:00:00+00:00,0.8982,0.8985,0.8953,0.8959,2328211.0
2025-09-21 04:15:00+00:00,0.8959,0.8973,0.8958,0.8964,1987801.0
2025-09-21 04:30:00+00:00,0.8964,0.8977,0.8961,0.897,1262754.0
2025-09-21 04:45:00+00:00,0.8971,0.8982,0.896,0.8981,1261055.0
2025-09-21 05:00:00+00:00,0.898,0.9005,0.8971,0.8982,3585544.0
2025-09-21 05:15:00+00:00,0.8983,0.8989,0.897,0.8976,1044289.0
2025-09-21 05:30:00+00:00,0.8977,0.8978,0.8963,0.8968,1296975.0
2025-09-21 05:45:00+00:00,0.8969,0.8991,0.8965,0.8991,2299242.0
2025-09-21 06:00:00+00:00,0.8991,0.9023,0.8988,0.9018,3528479.0
2025-09-21 06:15:00+00:00,0.9018,0.9023,0.8994,0.9007,2708543.0
2025-09-21 06:30:00+00:00,0.9008,0.9009,0.8989,0.9,1982166.0
2025-09-21 06:45:00+00:00,0.9001,0.9003,0.8993,0.8993,1490116.0
2025-09-21 07:00:00+00:00,0.8993,0.9001,0.898,0.8997,2370225.0
2025-09-21 07:15:00+00:00,0.8997,0.9005,0.8989,0.9001,1522378.0
2025-09-21 07:30:00+00:00,0.9001,0.901,0.8999,0.9008,2624919.0
2025-09-21 07:45:00+00:00,0.9007,0.9007,0.898,0.8992,1913685.0
2025-09-21 08:00:00+00:00,0.8993,0.8999,0.8966,0.8969,3949228.0
2025-09-21 08:15:00+00:00,0.8969,0.897,0.8931,0.8931,3118321.0
2025-09-21 08:30:00+00:00,0.8931,0.8938,0.8923,0.8928,3655203.0
2025-09-21 08:45:00+00:00,0.8929,0.8933,0.891,0.8916,4019841.0
2025-09-21 09:00:00+00:00,0.8916,0.8923,0.8885,0.8889,7874185.0
2025-09-21 09:15:00+00:00,0.8889,0.8891,0.8783,0.8821,35326530.0
2025-09-21 09:30:00+00:00,0.882,0.8829,0.8765,0.8823,17219714.0
2025-09-21 09:45:00+00:00,0.8822,0.8855,0.8803,0.8848,9067219.0
2025-09-21 10:00:00+00:00,0.8848,0.8856,0.8833,0.8838,5110597.0
2025-09-21 10:15:00+00:00,0.8838,0.8845,0.8824,0.8838,2873920.0
2025-09-21 10:30:00+00:00,0.8838,0.8854,0.8829,0.8829,3212259.0
2025-09-21 10:45:00+00:00,0.883,0.883,0.8808,0.8808,3679816.0
2025-09-21 11:00:00+00:00,0.8808,0.8842,0.8799,0.8834,5035147.0
2025-09-21 11:15:00+00:00,0.8834,0.8834,0.8816,0.8821,3856733.0
2025-09-21 11:30:00+00:00,0.8821,0.8847,0.8818,0.8836,2588240.0
2025-09-21 11:45:00+00:00,0.8836,0.8841,0.8808,0.8817,3295727.0
2025-09-21 12:00:00+00:00,0.8817,0.8852,0.8811,0.8842,3082329.0
2025-09-21 12:15:00+00:00,0.8843,0.8874,0.884,0.8864,3414610.0
2025-09-21 12:30:00+00:00,0.8864,0.8875,0.8847,0.8854,6559968.0
2025-09-21 12:45:00+00:00,0.8854,0.8864,0.8836,0.885,2366868.0
2025-09-21 13:00:00+00:00,0.885,0.8867,0.8845,0.8857,2178319.0
2025-09-21 13:15:00+00:00,0.8857,0.8874,0.8851,0.8872,1613332.0
2025-09-21 13:30:00+00:00,0.8872,0.8887,0.8854,0.8861,2357334.0
2025-09-21 13:45:00+00:00,0.8861,0.8878,0.886,0.8875,1366050.0
2025-09-21 14:00:00+00:00,0.8875,0.8887,0.8867,0.8882,2247924.0
2025-09-21 14:15:00+00:00,0.8883,0.8884,0.8858,0.8858,1892530.0
2025-09-21 14:30:00+00:00,0.8859,0.8874,0.8846,0.8873,2182688.0
2025-09-21 14:45:00+00:00,0.8873,0.8893,0.8844,0.8844,2647306.0
2025-09-21 15:00:00+00:00,0.8844,0.8859,0.8836,0.8856,2281435.0
2025-09-21 15:15:00+00:00,0.8856,0.8875,0.8845,0.8845,3428867.0
2025-09-21 15:30:00+00:00,0.8846,0.8867,0.8833,0.8866,3516133.0
2025-09-21 15:45:00+00:00,0.8866,0.8875,0.8846,0.8852,3151709.0
2025-09-21 16:00:00+00:00,0.8853,0.8867,0.8851,0.8852,3152626.0
2025-09-21 16:15:00+00:00,0.8853,0.8859,0.8802,0.8827,7480481.0
2025-09-21 16:30:00+00:00,0.8827,0.8835,0.8773,0.8778,6826446.0
2025-09-21 16:45:00+00:00,0.8778,0.8798,0.8763,0.8793,7785946.0
2025-09-21 17:00:00+00:00,0.8794,0.8807,0.8757,0.8772,6264488.0
2025-09-21 17:15:00+00:00,0.8771,0.8784,0.8743,0.8776,5068355.0
2025-09-21 17:30:00+00:00,0.8775,0.881,0.8762,0.8808,4141050.0
2025-09-21 17:45:00+00:00,0.8808,0.8865,0.8805,0.8863,3965769.0
2025-09-21 18:00:00+00:00,0.8863,0.8879,0.886,0.8861,6513358.0
2025-09-21 18:15:00+00:00,0.8862,0.8879,0.8844,0.8853,3088300.0
2025-09-21 18:30:00+00:00,0.8853,0.8871,0.885,0.8869,1834195.0
2025-09-21 18:45:00+00:00,0.8869,0.889,0.8862,0.8889,2505873.0
2025-09-21 19:00:00+00:00,0.889,0.889,0.8823,0.883,4911826.0
2025-09-21 19:15:00+00:00,0.883,0.8858,0.8819,0.8857,1849145.0
2025-09-21 19:30:00+00:00,0.8856,0.8861,0.8843,0.8852,1121765.0
2025-09-21 19:45:00+00:00,0.8853,0.8883,0.8849,0.888,1325547.0
2025-09-21 20:00:00+00:00,0.8881,0.8887,0.8846,0.8853,2231945.0
2025-09-21 20:15:00+00:00,0.8853,0.8887,0.8848,0.8884,1902871.0
2025-09-21 20:30:00+00:00,0.8884,0.8884,0.8854,0.8856,1369343.0
2025-09-21 20:45:00+00:00,0.8856,0.887,0.8848,0.8861,1333835.0
2025-09-21 21:00:00+00:00,0.8862,0.8869,0.8843,0.8858,2653774.0
2025-09-21 21:15:00+00:00,0.8857,0.8859,0.8828,0.883,1621338.0
2025-09-21 21:30:00+00:00,0.883,0.8865,0.8824,0.8865,1682211.0
2025-09-21 21:45:00+00:00,0.8865,0.8867,0.884,0.8842,658095.0
2025-09-21 22:00:00+00:00,0.8842,0.8856,0.8802,0.8808,3602001.0
2025-09-21 22:15:00+00:00,0.8808,0.883,0.879,0.8828,1953121.0
2025-09-21 22:30:00+00:00,0.8827,0.8849,0.8816,0.8848,1161970.0
2025-09-21 22:45:00+00:00,0.8847,0.8879,0.8845,0.8874,1520457.0
2025-09-21 23:00:00+00:00,0.8874,0.8879,0.8813,0.8835,3842371.0
2025-09-21 23:15:00+00:00,0.8835,0.8853,0.8818,0.8852,1550326.0
2025-09-21 23:30:00+00:00,0.8852,0.8858,0.883,0.885,2083783.0
2025-09-21 23:45:00+00:00,0.885,0.8852,0.8832,0.8835,863582.0
2025-09-22 00:00:00+00:00,0.8835,0.8873,0.882,0.8839,5176499.0
2025-09-22 00:15:00+00:00,0.884,0.8852,0.8781,0.8793,7172712.0
2025-09-22 00:30:00+00:00,0.8792,0.8792,0.861,0.8687,68184497.0
2025-09-22 00:45:00+00:00,0.8687,0.8714,0.861,0.8639,18913728.0
2025-09-22 01:00:00+00:00,0.8639,0.869,0.862,0.8645,10701245.0
2025-09-22 01:15:00+00:00,0.8645,0.8684,0.863,0.8674,9338367.0
2025-09-22 01:30:00+00:00,0.8673,0.8718,0.8667,0.8702,5406755.0
2025-09-22 01:45:00+00:00,0.8703,0.8714,0.8626,0.8633,6301854.0
2025-09-22 02:00:00+00:00,0.8633,0.8653,0.8603,0.8603,9871279.0
2025-09-22 02:15:00+00:00,0.8603,0.8617,0.8537,0.8575,25555219.0
2025-09-22 02:30:00+00:00,0.8575,0.8577,0.846,0.8517,38674916.0
2025-09-22 02:45:00+00:00,0.8517,0.8536,0.8506,0.8519,8195186.0
2025-09-22 03:00:00+00:00,0.8519,0.8548,0.8509,0.8531,7658147.0
2025-09-22 03:15:00+00:00,0.853,0.8567,0.8528,0.8566,5059376.0
2025-09-22 03:30:00+00:00,0.8566,0.8567,0.8512,0.8515,6435832.0
2025-09-22 03:45:00+00:00,0.8514,0.8556,0.8514,0.8553,4787268.0
2025-09-22 04:00:00+00:00,0.8553,0.8559,0.851,0.8513,5103554.0
2025-09-22 04:15:00+00:00,0.8512,0.8544,0.8506,0.8541,4099891.0
2025-09-22 04:30:00+00:00,0.8541,0.8555,0.8532,0.8539,3106645.0
2025-09-22 04:45:00+00:00,0.8538,0.8548,0.8528,0.8528,3879969.0
2025-09-22 05:00:00+00:00,0.8529,0.853,0.8493,0.8505,4360501.0
2025-09-22 05:15:00+00:00,0.8506,0.8522,0.8488,0.8507,4006247.0
2025-09-22 05:30:00+00:00,0.8507,0.8508,0.8462,0.8464,5971252.0
2025-09-22 05:45:00+00:00,0.8463,0.8482,0.833,0.8331,17755395.0
2025-09-22 06:00:00+00:00,0.8333,0.8347,0.7782,0.8139,180174172.0
2025-09-22 06:15:00+00:00,0.8139,0.8217,0.812,0.8183,35412171.0
2025-09-22 06:30:00+00:00,0.8183,0.8233,0.8165,0.8232,14224741.0
2025-09-22 06:45:00+00:00,0.8233,0.8242,0.8204,0.8236,9005057.0
2025-09-22 07:00:00+00:00,0.8237,0.8237,0.8197,0.821,12381316.0
2025-09-22 07:15:00+00:00,0.8209,0.8226,0.8182,0.8216,7961819.0
2025-09-22 07:30:00+00:00,0.8216,0.8236,0.8179,0.8187,14134883.0
2025-09-22 07:45:00+00:00,0.8186,0.8206,0.8163,0.8168,7033428.0
2025-09-22 08:00:00+00:00,0.8167,0.8201,0.8124,0.8182,15271255.0
2025-09-22 08:15:00+00:00,0.8182,0.8195,0.8143,0.8172,13773291.0
2025-09-22 08:30:00+00:00,0.8171,0.8212,0.8164,0.8206,4970343.0
2025-09-22 08:45:00+00:00,0.8206,0.8225,0.8193,0.8199,5830302.0
2025-09-22 09:00:00+00:00,0.8198,0.8202,0.8175,0.8186,5392414.0
2025-09-22 09:15:00+00:00,0.8186,0.8211,0.8168,0.8183,4960855.0
2025-09-22 09:30:00+00:00,0.8183,0.8189,0.8164,0.8174,5659885.0
2025-09-22 09:45:00+00:00,0.8173,0.8179,0.8128,0.8144,8247739.0
2025-09-22 10:00:00+00:00,0.8143,0.8188,0.812,0.8178,8080345.0
2025-09-22 10:15:00+00:00,0.8177,0.8201,0.8168,0.8194,4604870.0
2025-09-22 10:30:00+00:00,0.8194,0.8194,0.8157,0.819,4223250.0
2025-09-22 10:45:00+00:00,0.8189,0.8276,0.8187,0.8248,13729538.0
2025-09-22 11:00:00+00:00,0.8247,0.8263,0.8237,0.824,7756026.0
2025-09-22 11:15:00+00:00,0.8239,0.8254,0.8222,0.8225,7222026.0
2025-09-22 11:30:00+00:00,0.8225,0.8233,0.8205,0.8218,6122177.0
2025-09-22 11:45:00+00:00,0.8218,0.8237,0.8204,0.8219,4603841.0
2025-09-22 12:00:00+00:00,0.8219,0.822,0.8186,0.8209,6821350.0
2025-09-22 12:15:00+00:00,0.8209,0.8249,0.8206,0.8242,5090863.0
2025-09-22 12:30:00+00:00,0.8241,0.8248,0.8222,0.823,4276278.0
2025-09-22 12:45:00+00:00,0.823,0.8278,0.8229,0.827,7467101.0
2025-09-22 13:00:00+00:00,0.8269,0.8316,0.8259,0.831,12104641.0
2025-09-22 13:15:00+00:00,0.8311,0.8317,0.8275,0.8291,7931279.0
2025-09-22 13:30:00+00:00,0.8291,0.8303,0.8246,0.8247,6527356.0
2025-09-22 13:45:00+00:00,0.8247,0.8306,0.8225,0.8305,6825600.0
2025-09-22 14:00:00+00:00,0.8304,0.8311,0.8266,0.8269,7651514.0
2025-09-22 14:15:00+00:00,0.827,0.8318,0.8269,0.8315,6570630.0
2025-09-22 14:30:00+00:00,0.8314,0.8325,0.8276,0.8286,7673406.0
2025-09-22 14:45:00+00:00,0.8286,0.829,0.8228,0.8244,6847982.0
2025-09-22 15:00:00+00:00,0.8244,0.8263,0.8222,0.8231,7604397.0
2025-09-22 15:15:00+00:00,0.8231,0.824,0.8205,0.8236,5084075.0
2025-09-22 15:30:00+00:00,0.8237,0.8237,0.8202,0.8207,4473759.0
2025-09-22 15:45:00+00:00,0.8208,0.8222,0.8186,0.82,6700629.0
2025-09-22 16:00:00+00:00,0.8199,0.8267,0.8199,0.8246,6947424.0
2025-09-22 16:15:00+00:00,0.8247,0.8255,0.8221,0.8229,4836345.0
2025-09-22 16:30:00+00:00,0.8229,0.8238,0.8196,0.8199,4613788.0
2025-09-22 16:45:00+00:00,0.8199,0.8212,0.8187,0.8202,3162923.0
2025-09-22 17:00:00+00:00,0.8203,0.8213,0.8173,0.8187,8363924.0
2025-09-22 17:15:00+00:00,0.8187,0.8228,0.8177,0.8219,5808139.0
2025-09-22 17:30:00+00:00,0.8218,0.8229,0.8193,0.8208,3096741.0
2025-09-22 17:45:00+00:00,0.8208,0.8234,0.8206,0.8218,3119571.0
2025-09-22 18:00:00+00:00,0.8217,0.8225,0.8198,0.8199,3006539.0
2025-09-22 18:15:00+00:00,0.8199,0.8199,0.8175,0.8189,2209924.0
2025-09-22 18:30:00+00:00,0.8188,0.8213,0.8185,0.8199,2827869.0
2025-09-22 18:45:00+00:00,0.8199,0.8208,0.8178,0.8179,2331280.0
2025-09-22 19:00:00+00:00,0.8178,0.8186,0.8165,0.8167,3250692.0
2025-09-22 19:15:00+00:00,0.8167,0.8191,0.8146,0.8166,4536675.0
2025-09-22 19:30:00+00:00,0.8166,0.8174,0.8134,0.8161,8660733.0
2025-09-22 19:45:00+00:00,0.8161,0.8167,0.8133,0.8149,6621234.0
2025-09-22 20:00:00+00:00,0.8149,0.8183,0.8128,0.8183,5835954.0
2025-09-22 20:15:00+00:00,0.8182,0.8187,0.8162,0.8178,2556645.0
2025-09-22 20:30:00+00:00,0.8178,0.8231,0.8178,0.8218,4691987.0
2025-09-22 20:45:00+00:00,0.8218,0.8231,0.8198,0.8222,3217817.0
2025-09-22 21:00:00+00:00,0.8221,0.8224,0.8198,0.8203,2450766.0
2025-09-22 21:15:00+00:00,0.8204,0.8238,0.8204,0.8223,2273459.0
2025-09-22 21:30:00+00:00,0.8224,0.8252,0.8218,0.8248,2723596.0
2025-09-22 21:45:00+00:00,0.8248,0.8272,0.8242,0.8262,3428206.0
2025-09-22 22:00:00+00:00,0.8262,0.8263,0.8239,0.825,3413155.0
2025-09-22 22:15:00+00:00,0.825,0.8253,0.8237,0.8238,1526328.0
2025-09-22 22:30:00+00:00,0.8238,0.8246,0.8233,0.8245,2156805.0
2025-09-22 22:45:00+00:00,0.8245,0.8246,0.8229,0.8239,1453875.0
2025-09-22 23:00:00+00:00,0.8239,0.8255,0.8233,0.824,2347031.0
2025-09-22 23:15:00+00:00,0.8241,0.8254,0.8238,0.8238,1882555.0
2025-09-22 23:30:00+00:00,0.8239,0.8254,0.8232,0.8245,2539554.0
2025-09-22 23:45:00+00:00,0.8245,0.8255,0.8236,0.8252,1786849.0
2025-09-23 00:00:00+00:00,0.8252,0.8259,0.8234,0.8256,3789147.0
2025-09-23 00:15:00+00:00,0.8257,0.8289,0.8257,0.828,5155495.0
2025-09-23 00:30:00+00:00,0.8281,0.8288,0.8227,0.8233,3814086.0
2025-09-23 00:45:00+00:00,0.8233,0.8239,0.8215,0.8218,2796101.0
2025-09-23 01:00:00+00:00,0.8218,0.8224,0.8184,0.8188,4841484.0
2025-09-23 01:15:00+00:00,0.8188,0.8223,0.8184,0.822,2591398.0
2025-09-23 01:30:00+00:00,0.8219,0.822,0.8165,0.8177,2783500.0
2025-09-23 01:45:00+00:00,0.8176,0.8189,0.8146,0.815,4852334.0
2025-09-23 02:00:00+00:00,0.8149,0.82,0.8149,0.8177,4896100.0
2025-09-23 02:15:00+00:00,0.8177,0.8179,0.8122,0.8125,6428910.0
2025-09-23 02:30:00+00:00,0.8124,0.8141,0.8098,0.812,13364717.0
2025-09-23 02:45:00+00:00,0.8119,0.8125,0.8077,0.8087,9251866.0
2025-09-23 03:00:00+00:00,0.8088,0.8089,0.8026,0.8084,23392944.0
2025-09-23 03:15:00+00:00,0.8084,0.8195,0.8076,0.8181,13586718.0
2025-09-23 03:30:00+00:00,0.8182,0.8271,0.818,0.822,15723265.0
2025-09-23 03:45:00+00:00,0.822,0.8249,0.8212,0.8219,5554932.0
2025-09-23 04:00:00+00:00,0.822,0.8239,0.8202,0.8205,3967245.0
2025-09-23 04:15:00+00:00,0.8204,0.821,0.8167,0.8169,3555729.0
2025-09-23 04:30:00+00:00,0.8168,0.8182,0.814,0.817,7443359.0
2025-09-23 04:45:00+00:00,0.8169,0.8184,0.8149,0.8178,2942888.0
2025-09-23 05:00:00+00:00,0.8178,0.8191,0.8147,0.8186,4041146.0
2025-09-23 05:15:00+00:00,0.8187,0.8199,0.8165,0.8196,3955792.0
2025-09-23 05:30:00+00:00,0.8196,0.8219,0.8196,0.821,5112129.0
2025-09-23 05:45:00+00:00,0.8209,0.8214,0.8177,0.8178,3912472.0
2025-09-23 06:00:00+00:00,0.8178,0.8218,0.8166,0.8205,4816984.0
2025-09-23 06:15:00+00:00,0.8206,0.823,0.8193,0.8227,4061235.0
2025-09-23 06:30:00+00:00,0.8227,0.8268,0.8225,0.8244,9166428.0
2025-09-23 06:45:00+00:00,0.8245,0.827,0.8231,0.8257,5773868.0
2025-09-23 07:00:00+00:00,0.8257,0.8257,0.8218,0.8241,5020651.0
2025-09-23 07:15:00+00:00,0.8241,0.8282,0.8229,0.8249,6553752.0
2025-09-23 07:30:00+00:00,0.8249,0.8263,0.8236,0.8243,4484046.0
2025-09-23 07:45:00+00:00,0.8244,0.8255,0.823,0.8234,2964344.0
2025-09-23 08:00:00+00:00,0.8234,0.8259,0.8216,0.8234,5800865.0
2025-09-23 08:15:00+00:00,0.8234,0.8254,0.8228,0.8237,4417291.0
2025-09-23 08:30:00+00:00,0.8238,0.8249,0.8216,0.8245,3448061.0
2025-09-23 08:45:00+00:00,0.8246,0.8253,0.8234,0.8251,2175084.0
2025-09-23 09:00:00+00:00,0.8252,0.8279,0.8239,0.8276,5421782.0
2025-09-23 09:15:00+00:00,0.8275,0.8275,0.822,0.8228,4949325.0
2025-09-23 09:30:00+00:00,0.8228,0.8237,0.8217,0.8225,3914364.0
2025-09-23 09:45:00+00:00,0.8226,0.8229,0.8193,0.8216,4372212.0
2025-09-23 10:00:00+00:00,0.8216,0.8241,0.8205,0.8234,3012256.0
2025-09-23 10:15:00+00:00,0.8234,0.8239,0.821,0.8223,2548667.0
2025-09-23 10:30:00+00:00,0.8222,0.824,0.821,0.8219,2216279.0
2025-09-23 10:45:00+00:00,0.822,0.8232,0.8217,0.8222,1782296.0
2025-09-23 11:00:00+00:00,0.8223,0.8223,0.8182,0.8192,4239461.0
2025-09-23 11:15:00+00:00,0.8192,0.821,0.8187,0.8205,3527289.0
2025-09-23 11:30:00+00:00,0.8204,0.8231,0.8198,0.8229,2363562.0
2025-09-23 11:45:00+00:00,0.8229,0.8235,0.8208,0.8216,2317680.0
2025-09-23 12:00:00+00:00,0.8215,0.8227,0.8199,0.8223,3820011.0
2025-09-23 12:15:00+00:00,0.8223,0.8235,0.8194,0.82,3239092.0
2025-09-23 12:30:00+00:00,0.8199,0.8235,0.8192,0.8232,10694095.0
2025-09-23 12:45:00+00:00,0.8233,0.8256,0.8217,0.8226,4869281.0
2025-09-23 13:00:00+00:00,0.8226,0.8233,0.8205,0.8215,7869486.0
2025-09-23 13:15:00+00:00,0.8215,0.8218,0.8193,0.8208,2521705.0
2025-09-23 13:30:00+00:00,0.8209,0.8246,0.8188,0.8203,5244961.0
2025-09-23 13:45:00+00:00,0.8203,0.8222,0.8186,0.8207,3365240.0
2025-09-23 14:00:00+00:00,0.8208,0.8263,0.8201,0.8239,6179724.0
2025-09-23 14:15:00+00:00,0.824,0.8243,0.8201,0.8216,3572355.0
2025-09-23 14:30:00+00:00,0.8216,0.8223,0.8165,0.8202,9082833.0
2025-09-23 14:45:00+00:00,0.8202,0.8203,0.8167,0.8177,5516454.0
2025-09-23 15:00:00+00:00,0.8176,0.8224,0.8151,0.8209,7315586.0
2025-09-23 15:15:00+00:00,0.821,0.8235,0.8183,0.822,4660172.0
2025-09-23 15:30:00+00:00,0.822,0.823,0.8202,0.8206,3024518.0
2025-09-23 15:45:00+00:00,0.8205,0.8229,0.8202,0.8218,2354653.0
2025-09-23 16:00:00+00:00,0.8218,0.8229,0.817,0.8195,4012819.0
2025-09-23 16:15:00+00:00,0.8195,0.8239,0.8185,0.8235,3941534.0
2025-09-23 16:30:00+00:00,0.8235,0.8238,0.819,0.8206,6412597.0
2025-09-23 16:45:00+00:00,0.8206,0.829,0.8206,0.8258,8338910.0
2025-09-23 17:00:00+00:00,0.8257,0.8265,0.8209,0.821,3756578.0
2025-09-23 17:15:00+00:00,0.8211,0.8223,0.8188,0.8188,2739787.0
2025-09-23 17:30:00+00:00,0.8187,0.8194,0.8134,0.8147,7341762.0
2025-09-23 17:45:00+00:00,0.8147,0.8168,0.8126,0.8138,7386118.0
2025-09-23 18:00:00+00:00,0.8139,0.8162,0.8121,0.8152,7570144.0
2025-09-23 18:15:00+00:00,0.8153,0.8156,0.8124,0.8133,4236891.0
2025-09-23 18:30:00+00:00,0.8132,0.8147,0.8101,0.8104,4175969.0
2025-09-23 18:45:00+00:00,0.8103,0.8111,0.8077,0.8106,8938307.0
2025-09-23 19:00:00+00:00,0.8106,0.8146,0.8105,0.8133,5799974.0
2025-09-23 19:15:00+00:00,0.8133,0.8159,0.8105,0.8121,6517293.0
2025-09-23 19:30:00+00:00,0.812,0.8126,0.809,0.81,5756929.0
2025-09-23 19:45:00+00:00,0.81,0.8104,0.8061,0.8079,7851921.0
2025-09-23 20:00:00+00:00,0.8079,0.8117,0.8074,0.8094,4904411.0
2025-09-23 20:15:00+00:00,0.8094,0.8103,0.8057,0.8062,3509840.0
2025-09-23 20:30:00+00:00,0.8061,0.8106,0.8044,0.8103,5117843.0
2025-09-23 20:45:00+00:00,0.8102,0.8126,0.8083,0.8124,6271541.0
2025-09-23 21:00:00+00:00,0.8124,0.8127,0.8099,0.8116,3667257.0
2025-09-23 21:15:00+00:00,0.8117,0.813,0.8098,0.813,2379572.0
2025-09-23 21:30:00+00:00,0.813,0.8159,0.8127,0.8151,2831658.0
2025-09-23 21:45:00+00:00,0.8151,0.8152,0.813,0.8132,1629354.0
2025-09-23 22:00:00+00:00,0.8131,0.814,0.811,0.8128,2955817.0
2025-09-23 22:15:00+00:00,0.8129,0.813,0.8085,0.8089,2121298.0
2025-09-23 22:30:00+00:00,0.8089,0.8126,0.8088,0.8114,1669939.0
2025-09-23 22:45:00+00:00,0.8115,0.8117,0.8098,0.8103,1195469.0
2025-09-23 23:00:00+00:00,0.8103,0.8127,0.8087,0.8107,2479969.0
2025-09-23 23:15:00+00:00,0.8106,0.8114,0.8049,0.8056,3050661.0
2025-09-23 23:30:00+00:00,0.8056,0.8097,0.8054,0.8086,2380647.0
2025-09-23 23:45:00+00:00,0.8086,0.8091,0.8053,0.8056,1699683.0
2025-09-24 00:00:00+00:00,0.8055,0.8082,0.8046,0.808,5896162.0
2025-09-24 00:15:00+00:00,0.808,0.8143,0.808,0.8129,5634069.0
2025-09-24 00:30:00+00:00,0.813,0.8132,0.8099,0.811,2456444.0
2025-09-24 00:45:00+00:00,0.811,0.8135,0.8097,0.8101,2576094.0
2025-09-24 01:00:00+00:00,0.8101,0.8125,0.808,0.8116,3342618.0
2025-09-24 01:15:00+00:00,0.8116,0.8141,0.811,0.814,1624054.0
2025-09-24 01:30:00+00:00,0.814,0.8153,0.8126,0.8127,2094051.0
2025-09-24 01:45:00+00:00,0.8127,0.8153,0.8124,0.815,2468381.0
2025-09-24 02:00:00+00:00,0.8149,0.8157,0.8093,0.8098,3131464.0
2025-09-24 02:15:00+00:00,0.8097,0.8108,0.8075,0.8108,3893664.0
2025-09-24 02:30:00+00:00,0.8108,0.8121,0.809,0.8103,2048691.0
2025-09-24 02:45:00+00:00,0.8102,0.8118,0.8077,0.8104,5732065.0
2025-09-24 03:00:00+00:00,0.8103,0.8123,0.8079,0.8091,3654520.0
2025-09-24 03:15:00+00:00,0.8092,0.8098,0.7972,0.7995,17861304.0
2025-09-24 03:30:00+00:00,0.7996,0.8044,0.7996,0.8018,10653556.0
2025-09-24 03:45:00+00:00,0.8017,0.8029,0.7987,0.7999,4450765.0
2025-09-24 04:00:00+00:00,0.7999,0.8001,0.7895,0.7965,30186977.0
2025-09-24 04:15:00+00:00,0.7964,0.803,0.7933,0.8024,12014650.0
2025-09-24 04:30:00+00:00,0.8025,0.8112,0.8025,0.8099,13026578.0
2025-09-24 04:45:00+00:00,0.8099,0.8103,0.8047,0.8056,5200124.0
2025-09-24 05:00:00+00:00,0.8055,0.8083,0.8048,0.808,4482834.0
2025-09-24 05:15:00+00:00,0.8079,0.8111,0.8067,0.8101,3344115.0
2025-09-24 05:30:00+00:00,0.8101,0.8139,0.8082,0.8134,3117332.0
2025-09-24 05:45:00+00:00,0.8134,0.8152,0.8127,0.8133,6054951.0
2025-09-24 06:00:00+00:00,0.8133,0.8142,0.8121,0.8135,4708727.0
2025-09-24 06:15:00+00:00,0.8135,0.8147,0.8112,0.8126,4571219.0
2025-09-24 06:30:00+00:00,0.8126,0.8146,0.8117,0.8146,2263456.0
2025-09-24 06:45:00+00:00,0.8146,0.817,0.8145,0.8151,3583549.0
2025-09-24 07:00:00+00:00,0.8151,0.816,0.8136,0.8142,3676764.0
2025-09-24 07:15:00+00:00,0.8142,0.8166,0.8113,0.8122,3651695.0
2025-09-24 07:30:00+00:00,0.8122,0.8148,0.8114,0.8137,2633326.0
2025-09-24 07:45:00+00:00,0.8137,0.8145,0.8128,0.8145,2392187.0
2025-09-24 08:00:00+00:00,0.8145,0.8157,0.8139,0.8148,2321604.0
2025-09-24 08:15:00+00:00,0.8148,0.815,0.8126,0.813,1909325.0
2025-09-24 08:30:00+00:00,0.813,0.8161,0.813,0.8158,2255619.0
2025-09-24 08:45:00+00:00,0.8159,0.8172,0.8145,0.8164,2495321.0
2025-09-24 09:00:00+00:00,0.8164,0.817,0.8154,0.8158,2081032.0
2025-09-24 09:15:00+00:00,0.8158,0.8165,0.8142,0.8156,2179747.0
2025-09-24 09:30:00+00:00,0.8156,0.819,0.8156,0.8176,3109470.0
2025-09-24 09:45:00+00:00,0.8177,0.8181,0.8165,0.8176,2005264.0
2025-09-24 10:00:00+00:00,0.8176,0.8181,0.8164,0.8168,2443192.0
2025-09-24 10:15:00+00:00,0.8168,0.8181,0.815,0.8152,3440403.0
2025-09-24 10:30:00+00:00,0.8152,0.8166,0.8146,0.8159,2290562.0
2025-09-24 10:45:00+00:00,0.8159,0.8175,0.8152,0.8168,1273745.0
2025-09-24 11:00:00+00:00,0.8168,0.822,0.8162,0.8214,7268668.0
2025-09-24 11:15:00+00:00,0.8213,0.8226,0.8196,0.8197,4323405.0
2025-09-24 11:30:00+00:00,0.8198,0.8217,0.8186,0.8206,4102837.0
2025-09-24 11:45:00+00:00,0.8206,0.8208,0.8181,0.819,2723902.0
2025-09-24 12:00:00+00:00,0.8191,0.8224,0.8189,0.8215,4843723.0
2025-09-24 12:15:00+00:00,0.8215,0.822,0.8192,0.8207,2624728.0
2025-09-24 12:30:00+00:00,0.8208,0.8229,0.8206,0.8223,3156979.0
2025-09-24 12:45:00+00:00,0.8224,0.823,0.8196,0.8205,2156203.0
2025-09-24 13:00:00+00:00,0.8206,0.822,0.8197,0.8206,1971014.0
2025-09-24 13:15:00+00:00,0.8207,0.8223,0.8204,0.8208,1804490.0
2025-09-24 13:30:00+00:00,0.8208,0.8239,0.8181,0.8216,6332691.0
2025-09-24 13:45:00+00:00,0.8216,0.8226,0.8164,0.8168,8688957.0
2025-09-24 14:00:00+00:00,0.8167,0.8225,0.8165,0.8222,5499525.0
2025-09-24 14:15:00+00:00,0.8222,0.8237,0.8205,0.8226,3765560.0
2025-09-24 14:30:00+00:00,0.8226,0.8242,0.8214,0.8239,4915207.0
2025-09-24 14:45:00+00:00,0.8238,0.8299,0.8233,0.8264,11323991.0
2025-09-24 15:00:00+00:00,0.8264,0.828,0.8237,0.8242,6032338.0
2025-09-24 15:15:00+00:00,0.8242,0.8273,0.8242,0.8257,4155001.0
2025-09-24 15:30:00+00:00,0.8258,0.826,0.824,0.8254,3191154.0
2025-09-24 15:45:00+00:00,0.8255,0.8257,0.8193,0.8203,6609515.0
2025-09-24 16:00:00+00:00,0.8203,0.8212,0.8181,0.819,5651529.0
2025-09-24 16:15:00+00:00,0.819,0.8222,0.8186,0.8214,3189229.0
2025-09-24 16:30:00+00:00,0.8215,0.8226,0.8201,0.822,2307575.0
2025-09-24 16:45:00+00:00,0.822,0.8222,0.8199,0.8208,1722050.0
2025-09-24 17:00:00+00:00,0.8209,0.824,0.8198,0.823,2420678.0
2025-09-24 17:15:00+00:00,0.823,0.8238,0.8216,0.8228,2941238.0
2025-09-24 17:30:00+00:00,0.8229,0.8265,0.8229,0.8248,3011133.0
2025-09-24 17:45:00+00:00,0.8248,0.825,0.8225,0.8236,2023509.0
2025-09-24 18:00:00+00:00,0.8236,0.824,0.8216,0.8224,1972526.0
2025-09-24 18:15:00+00:00,0.8224,0.8244,0.8209,0.824,2454266.0
2025-09-24 18:30:00+00:00,0.824,0.8247,0.8226,0.8232,1286886.0
2025-09-24 18:45:00+00:00,0.8232,0.8232,0.8209,0.8222,2409419.0
2025-09-24 19:00:00+00:00,0.8221,0.8232,0.8214,0.822,1306649.0
2025-09-24 19:15:00+00:00,0.8221,0.8228,0.8211,0.8214,1274867.0
2025-09-24 19:30:00+00:00,0.8214,0.8216,0.8193,0.8197,3192584.0
2025-09-24 19:45:00+00:00,0.8196,0.8248,0.8193,0.8217,6882221.0
2025-09-24 20:00:00+00:00,0.8217,0.823,0.8195,0.8198,3334677.0
2025-09-24 20:15:00+00:00,0.8197,0.8209,0.8188,0.819,3735638.0
2025-09-24 20:30:00+00:00,0.8189,0.8191,0.8154,0.8184,4483429.0
2025-09-24 20:45:00+00:00,0.8183,0.8212,0.8182,0.82,2324605.0
2025-09-24 21:00:00+00:00,0.8199,0.8211,0.8183,0.8202,2303268.0
2025-09-24 21:15:00+00:00,0.8201,0.8205,0.8184,0.8199,1562360.0
2025-09-24 21:30:00+00:00,0.8199,0.8203,0.8173,0.8178,1493150.0
2025-09-24 21:45:00+00:00,0.8178,0.8189,0.8124,0.8141,3504579.0
2025-09-24 22:00:00+00:00,0.814,0.8184,0.8135,0.8179,4063597.0
2025-09-24 22:15:00+00:00,0.818,0.8182,0.8146,0.8154,1812905.0
2025-09-24 22:30:00+00:00,0.8154,0.8162,0.8141,0.8153,2192219.0
2025-09-24 22:45:00+00:00,0.8152,0.8165,0.8127,0.814,3012743.0
2025-09-24 23:00:00+00:00,0.814,0.8165,0.8132,0.8148,2652768.0
2025-09-24 23:15:00+00:00,0.8148,0.8154,0.813,0.8131,1659595.0
2025-09-24 23:30:00+00:00,0.8132,0.8138,0.8113,0.8124,3308767.0
2025-09-24 23:45:00+00:00,0.8123,0.8136,0.8111,0.8124,2501203.0
2025-09-25 00:00:00+00:00,0.8123,0.8141,0.8118,0.8138,3208622.0
2025-09-25 00:15:00+00:00,0.8138,0.8139,0.8085,0.8092,6125640.0
2025-09-25 00:30:00+00:00,0.8091,0.8121,0.8088,0.8098,3677842.0
2025-09-25 00:45:00+00:00,0.8098,0.8105,0.8066,0.8077,5896961.0
2025-09-25 01:00:00+00:00,0.8077,0.8097,0.8057,0.808,5833816.0
2025-09-25 01:15:00+00:00,0.8079,0.8089,0.8056,0.8074,3986131.0
2025-09-25 01:30:00+00:00,0.8073,0.8073,0.8021,0.8032,7809962.0
2025-09-25 01:45:00+00:00,0.8031,0.8048,0.8008,0.8029,7283850.0
2025-09-25 02:00:00+00:00,0.803,0.8083,0.8026,0.8045,4967694.0
2025-09-25 02:15:00+00:00,0.8044,0.8045,0.7986,0.8029,8848436.0
2025-09-25 02:30:00+00:00,0.8028,0.812,0.8026,0.8062,12538123.0
2025-09-25 02:45:00+00:00,0.8061,0.8085,0.8059,0.8068,2373871.0
2025-09-25 03:00:00+00:00,0.8067,0.8069,0.8026,0.8032,3255004.0
2025-09-25 03:15:00+00:00,0.8031,0.8037,0.7935,0.7943,24596142.0
2025-09-25 03:30:00+00:00,0.7943,0.7975,0.7924,0.7962,12541443.0
2025-09-25 03:45:00+00:00,0.7963,0.8004,0.7954,0.8,4882042.0
2025-09-25 04:00:00+00:00,0.8001,0.8029,0.797,0.7978,7529010.0
2025-09-25 04:15:00+00:00,0.7978,0.7981,0.79,0.7955,18854040.0
2025-09-25 04:30:00+00:00,0.7955,0.7956,0.7885,0.7934,15228785.0
2025-09-25 04:45:00+00:00,0.7933,0.7945,0.7856,0.7897,15845638.0
2025-09-25 05:00:00+00:00,0.7897,0.7942,0.7864,0.7932,10821416.0
2025-09-25 05:15:00+00:00,0.7932,0.7991,0.7922,0.7978,8669900.0
2025-09-25 05:30:00+00:00,0.7979,0.7982,0.7935,0.7951,6627068.0
2025-09-25 05:45:00+00:00,0.795,0.7982,0.7938,0.7967,4036243.0
2025-09-25 06:00:00+00:00,0.7967,0.7976,0.7906,0.7908,6444422.0
2025-09-25 06:15:00+00:00,0.7908,0.7941,0.7891,0.7916,6750419.0
2025-09-25 06:30:00+00:00,0.7916,0.7944,0.79,0.7905,3834637.0
2025-09-25 06:45:00+00:00,0.7904,0.7919,0.7887,0.7895,4659003.0
2025-09-25 07:00:00+00:00,0.7895,0.793,0.7884,0.7904,5553622.0
2025-09-25 07:15:00+00:00,0.7903,0.795,0.7898,0.7928,3364172.0
2025-09-25 07:30:00+00:00,0.7929,0.7939,0.7915,0.7928,2049641.0
2025-09-25 07:45:00+00:00,0.7929,0.7936,0.7889,0.7902,3253995.0
2025-09-25 08:00:00+00:00,0.7903,0.7938,0.7897,0.7928,4092655.0
2025-09-25 08:15:00+00:00,0.7928,0.794,0.7907,0.7937,2838923.0
2025-09-25 08:30:00+00:00,0.7937,0.7937,0.7874,0.7881,5637625.0
2025-09-25 08:45:00+00:00,0.7881,0.7886,0.7848,0.7865,9057859.0
2025-09-25 09:00:00+00:00,0.7865,0.7911,0.7857,0.7911,6490291.0
2025-09-25 09:15:00+00:00,0.791,0.7934,0.7898,0.7914,6179773.0
2025-09-25 09:30:00+00:00,0.7915,0.7932,0.7885,0.7893,6486413.0
2025-09-25 09:45:00+00:00,0.7894,0.7895,0.7846,0.7854,6547842.0
2025-09-25 10:00:00+00:00,0.7854,0.7886,0.7848,0.7883,5721279.0
2025-09-25 10:15:00+00:00,0.7884,0.7913,0.7883,0.7886,3402176.0
2025-09-25 10:30:00+00:00,0.7886,0.7889,0.7859,0.7865,10824505.0
2025-09-25 10:45:00+00:00,0.7864,0.7871,0.7849,0.7853,4658822.0
2025-09-25 11:00:00+00:00,0.7853,0.7876,0.7828,0.7842,10955328.0
2025-09-25 11:15:00+00:00,0.7842,0.7847,0.7811,0.7833,13645824.0
2025-09-25 11:30:00+00:00,0.7832,0.7842,0.7814,0.7825,7088699.0
2025-09-25 11:45:00+00:00,0.7825,0.783,0.7795,0.781,8684199.0
2025-09-25 12:00:00+00:00,0.7809,0.7848,0.7805,0.7831,6999225.0
2025-09-25 12:15:00+00:00,0.783,0.783,0.769,0.7696,28985900.0
2025-09-25 12:30:00+00:00,0.7695,0.7864,0.7677,0.785,54880998.0
2025-09-25 12:45:00+00:00,0.785,0.7889,0.7831,0.7844,10556861.0
2025-09-25 13:00:00+00:00,0.7843,0.7858,0.7792,0.7852,12994100.0
2025-09-25 13:15:00+00:00,0.7852,0.7939,0.7844,0.7922,19079582.0
2025-09-25 13:30:00+00:00,0.7922,0.7938,0.7833,0.7853,18966293.0
2025-09-25 13:45:00+00:00,0.7853,0.79,0.7849,0.7892,8946091.0
2025-09-25 14:00:00+00:00,0.7892,0.7956,0.7892,0.7954,9969710.0
2025-09-25 14:15:00+00:00,0.7954,0.7997,0.7952,0.7966,11273813.0
2025-09-25 14:30:00+00:00,0.7966,0.7979,0.7931,0.7949,7950595.0
2025-09-25 14:45:00+00:00,0.7949,0.7957,0.7922,0.7937,3655603.0
2025-09-25 15:00:00+00:00,0.7936,0.7943,0.7909,0.7917,6358684.0
2025-09-25 15:15:00+00:00,0.7917,0.7922,0.7885,0.7899,6079172.0
2025-09-25 15:30:00+00:00,0.7898,0.7927,0.7889,0.7897,6114396.0
2025-09-25 15:45:00+00:00,0.7897,0.7913,0.7886,0.7907,3370745.0
2025-09-25 16:00:00+00:00,0.7906,0.7922,0.7888,0.7902,4026977.0
2025-09-25 16:15:00+00:00,0.7902,0.7903,0.7821,0.7828,7558869.0
2025-09-25 16:30:00+00:00,0.7828,0.7852,0.7818,0.7828,5410066.0
2025-09-25 16:45:00+00:00,0.7827,0.7841,0.7756,0.7767,12261785.0
2025-09-25 17:00:00+00:00,0.7766,0.7776,0.7669,0.7671,16293754.0
2025-09-25 17:15:00+00:00,0.767,0.7726,0.7652,0.769,44438888.0
2025-09-25 17:30:00+00:00,0.769,0.7703,0.7597,0.7634,37763892.0
2025-09-25 17:45:00+00:00,0.7634,0.7664,0.7537,0.7581,36524332.0
2025-09-25 18:00:00+00:00,0.7581,0.7645,0.7552,0.7642,29237277.0
2025-09-25 18:15:00+00:00,0.7642,0.7708,0.7616,0.7702,21373315.0
2025-09-25 18:30:00+00:00,0.7702,0.7731,0.7678,0.7718,9130642.0
2025-09-25 18:45:00+00:00,0.7717,0.777,0.7693,0.7768,10881443.0
2025-09-25 19:00:00+00:00,0.7768,0.7786,0.7757,0.7775,9074707.0
2025-09-25 19:15:00+00:00,0.7776,0.782,0.7763,0.7801,7800746.0
2025-09-25 19:30:00+00:00,0.7801,0.781,0.7745,0.7758,5317994.0
2025-09-25 19:45:00+00:00,0.7758,0.7759,0.7698,0.7713,8669272.0
2025-09-25 20:00:00+00:00,0.7713,0.7733,0.7677,0.7691,7578830.0
2025-09-25 20:15:00+00:00,0.7691,0.7725,0.768,0.7686,4233121.0
2025-09-25 20:30:00+00:00,0.7686,0.7686,0.7642,0.7666,5446308.0
2025-09-25 20:45:00+00:00,0.7666,0.7685,0.7641,0.7646,3762770.0
2025-09-25 21:00:00+00:00,0.7646,0.772,0.7641,0.7688,6975046.0
2025-09-25 21:15:00+00:00,0.7689,0.7705,0.7641,0.7654,3975924.0
2025-09-25 21:30:00+00:00,0.7654,0.7657,0.7613,0.7639,5658678.0
2025-09-25 21:45:00+00:00,0.7639,0.7702,0.7638,0.7689,3898815.0
2025-09-25 22:00:00+00:00,0.7689,0.7733,0.7671,0.7727,4128014.0
2025-09-25 22:15:00+00:00,0.7727,0.774,0.7689,0.7698,5441638.0
2025-09-25 22:30:00+00:00,0.7698,0.7708,0.7675,0.769,1986769.0
2025-09-25 22:45:00+00:00,0.769,0.769,0.7638,0.7671,10008055.0
2025-09-25 23:00:00+00:00,0.7672,0.7719,0.7666,0.7672,4158649.0
2025-09-25 23:15:00+00:00,0.7673,0.7685,0.7643,0.7657,3698130.0
2025-09-25 23:30:00+00:00,0.7657,0.7658,0.7568,0.7614,16932816.0
2025-09-25 23:45:00+00:00,0.7615,0.7634,0.7597,0.7633,4692196.0
2025-09-26 00:00:00+00:00,0.7634,0.7724,0.7633,0.7721,13556055.0
2025-09-26 00:15:00+00:00,0.7721,0.7756,0.7708,0.7742,7620880.0
2025-09-26 00:30:00+00:00,0.7742,0.7742,0.7664,0.7667,5327119.0
2025-09-26 00:45:00+00:00,0.7668,0.7804,0.7662,0.7782,12050881.0
2025-09-26 01:00:00+00:00,0.7783,0.7803,0.7743,0.7784,7633604.0
2025-09-26 01:15:00+00:00,0.7783,0.781,0.7766,0.7777,5258764.0
2025-09-26 01:30:00+00:00,0.7777,0.7795,0.7755,0.777,4475916.0
2025-09-26 01:45:00+00:00,0.777,0.7803,0.7758,0.7777,6446144.0
2025-09-26 02:00:00+00:00,0.7777,0.7809,0.7737,0.7757,5842559.0
2025-09-26 02:15:00+00:00,0.7757,0.7785,0.7742,0.7749,2655241.0
2025-09-26 02:30:00+00:00,0.7748,0.7774,0.7733,0.7767,3196065.0
2025-09-26 02:45:00+00:00,0.7766,0.779,0.7745,0.7753,2628923.0
2025-09-26 03:00:00+00:00,0.7753,0.7767,0.7723,0.7762,4268831.0
2025-09-26 03:15:00+00:00,0.7762,0.7779,0.7736,0.7738,3535974.0
2025-09-26 03:30:00+00:00,0.7738,0.7752,0.7727,0.7747,2411092.0
2025-09-26 03:45:00+00:00,0.7748,0.777,0.7731,0.7765,2291416.0
2025-09-26 04:00:00+00:00,0.7765,0.7777,0.7743,0.776,3169884.0
2025-09-26 04:15:00+00:00,0.776,0.778,0.7747,0.7751,2118019.0
2025-09-26 04:30:00+00:00,0.775,0.775,0.7716,0.7728,2554551.0
2025-09-26 04:45:00+00:00,0.7728,0.7745,0.7717,0.7737,1451581.0
2025-09-26 05:00:00+00:00,0.7737,0.7773,0.7728,0.7768,3399486.0
2025-09-26 05:15:00+00:00,0.7768,0.7792,0.7766,0.7785,3197229.0
2025-09-26 05:30:00+00:00,0.7785,0.7785,0.7733,0.7739,2053403.0
2025-09-26 05:45:00+00:00,0.7739,0.7745,0.77,0.7717,6818333.0
2025-09-26 06:00:00+00:00,0.7716,0.7727,0.7679,0.7713,6508646.0
2025-09-26 06:15:00+00:00,0.7714,0.7772,0.7711,0.7754,4876875.0
2025-09-26 06:30:00+00:00,0.7753,0.7772,0.7733,0.7762,4800702.0
2025-09-26 06:45:00+00:00,0.7762,0.7764,0.7718,0.773,5926835.0
2025-09-26 07:00:00+00:00,0.773,0.7772,0.773,0.777,11845621.0
2025-09-26 07:15:00+00:00,0.7769,0.7775,0.7741,0.7742,3510027.0
2025-09-26 07:30:00+00:00,0.7741,0.7741,0.769,0.7697,5474022.0
2025-09-26 07:45:00+00:00,0.7696,0.7744,0.769,0.7739,6280320.0
2025-09-26 08:00:00+00:00,0.7739,0.7766,0.7737,0.7756,4712600.0
2025-09-26 08:15:00+00:00,0.7756,0.7776,0.7733,0.7763,3208982.0
2025-09-26 08:30:00+00:00,0.7763,0.7777,0.7748,0.7764,2491795.0
2025-09-26 08:45:00+00:00,0.7765,0.7769,0.7745,0.7749,1711298.0
2025-09-26 09:00:00+00:00,0.7749,0.7773,0.7729,0.7765,3515066.0
2025-09-26 09:15:00+00:00,0.7766,0.7769,0.7739,0.7752,2228181.0
2025-09-26 09:30:00+00:00,0.7751,0.7757,0.7686,0.7699,7916848.0
2025-09-26 09:45:00+00:00,0.7699,0.7729,0.7696,0.7719,3332301.0
2025-09-26 10:00:00+00:00,0.7719,0.7724,0.7628,0.7639,10309396.0
2025-09-26 10:15:00+00:00,0.7639,0.7647,0.7615,0.7626,8282036.0
2025-09-26 10:30:00+00:00,0.7626,0.765,0.7601,0.7626,6005070.0
2025-09-26 10:45:00+00:00,0.7627,0.7646,0.7616,0.7619,3574294.0
2025-09-26 11:00:00+00:00,0.7618,0.7628,0.7572,0.7579,9171783.0
2025-09-26 11:15:00+00:00,0.758,0.7622,0.7576,0.7603,5427839.0
2025-09-26 11:30:00+00:00,0.7603,0.7663,0.7603,0.7646,5253635.0
2025-09-26 11:45:00+00:00,0.7645,0.7666,0.7633,0.7635,3565045.0
2025-09-26 12:00:00+00:00,0.7634,0.7634,0.7577,0.7578,4917629.0
2025-09-26 12:15:00+00:00,0.7578,0.7658,0.7572,0.7639,7247478.0
2025-09-26 12:30:00+00:00,0.764,0.7791,0.7611,0.7752,51490212.0
2025-09-26 12:45:00+00:00,0.7752,0.7761,0.7694,0.7724,7340381.0
2025-09-26 13:00:00+00:00,0.7724,0.7736,0.7694,0.7709,6276814.0
2025-09-26 13:15:00+00:00,0.7708,0.7725,0.7682,0.7691,7086679.0
2025-09-26 13:30:00+00:00,0.7692,0.7749,0.7668,0.7732,10062561.0
2025-09-26 13:45:00+00:00,0.7731,0.7791,0.7713,0.7768,17849450.0
2025-09-26 14:00:00+00:00,0.7768,0.7779,0.7719,0.7726,6107001.0
2025-09-26 14:15:00+00:00,0.7725,0.7746,0.7675,0.7697,6353588.0
2025-09-26 14:30:00+00:00,0.7697,0.7698,0.7631,0.7676,12201939.0
2025-09-26 14:45:00+00:00,0.7676,0.7688,0.765,0.7665,5880055.0
2025-09-26 15:00:00+00:00,0.7666,0.7727,0.766,0.769,6524806.0
2025-09-26 15:15:00+00:00,0.7689,0.7757,0.7681,0.7756,12157191.0
2025-09-26 15:30:00+00:00,0.7756,0.7775,0.7732,0.7757,7869627.0
2025-09-26 15:45:00+00:00,0.7756,0.7761,0.7736,0.7746,3974802.0
2025-09-26 16:00:00+00:00,0.7747,0.7816,0.774,0.7782,8640497.0
2025-09-26 16:15:00+00:00,0.7782,0.7848,0.7776,0.7801,8686086.0
2025-09-26 16:30:00+00:00,0.7801,0.7826,0.7792,0.7811,4875398.0
2025-09-26 16:45:00+00:00,0.7811,0.7843,0.7807,0.7831,5051768.0
2025-09-26 17:00:00+00:00,0.7831,0.7858,0.7814,0.7849,5844741.0
2025-09-26 17:15:00+00:00,0.7849,0.7902,0.7839,0.7894,10758502.0
2025-09-26 17:30:00+00:00,0.7895,0.7903,0.787,0.788,9636293.0
2025-09-26 17:45:00+00:00,0.788,0.7901,0.7869,0.789,11625243.0
2025-09-26 18:00:00+00:00,0.789,0.7939,0.789,0.7931,15228593.0
2025-09-26 18:15:00+00:00,0.7931,0.7959,0.7924,0.7954,7233794.0
2025-09-26 18:30:00+00:00,0.7955,0.7958,0.7913,0.7914,5942377.0
2025-09-26 18:45:00+00:00,0.7915,0.794,0.7908,0.7925,3649887.0
2025-09-26 19:00:00+00:00,0.7925,0.7929,0.7885,0.7905,6655896.0
2025-09-26 19:15:00+00:00,0.7905,0.7924,0.7877,0.7881,3746968.0
2025-09-26 19:30:00+00:00,0.788,0.789,0.7848,0.7857,9470093.0
2025-09-26 19:45:00+00:00,0.7857,0.7901,0.7857,0.7888,3260244.0
2025-09-26 20:00:00+00:00,0.7889,0.7906,0.7863,0.7905,3180458.0
2025-09-26 20:15:00+00:00,0.7905,0.7912,0.7879,0.7887,2460530.0
2025-09-26 20:30:00+00:00,0.7886,0.7894,0.7866,0.7868,1882712.0
2025-09-26 20:45:00+00:00,0.7868,0.7885,0.7863,0.7876,2283930.0
2025-09-26 21:00:00+00:00,0.7875,0.7898,0.7868,0.7897,2227391.0
2025-09-26 21:15:00+00:00,0.7896,0.7911,0.7877,0.7909,2759366.0
2025-09-26 21:30:00+00:00,0.791,0.7915,0.7888,0.7889,2522107.0
2025-09-26 21:45:00+00:00,0.7888,0.7912,0.7884,0.7904,1721391.0
2025-09-26 22:00:00+00:00,0.7905,0.793,0.7892,0.7924,3534365.0
2025-09-26 22:15:00+00:00,0.7925,0.7935,0.7913,0.7913,1600932.0
2025-09-26 22:30:00+00:00,0.7913,0.7922,0.7907,0.7909,1746879.0
2025-09-26 22:45:00+00:00,0.7909,0.7919,0.79,0.7905,1867261.0
2025-09-26 23:00:00+00:00,0.7904,0.7904,0.7882,0.789,1588780.0
2025-09-26 23:15:00+00:00,0.789,0.791,0.7882,0.7903,1317079.0
2025-09-26 23:30:00+00:00,0.7904,0.7917,0.7901,0.7903,1588613.0
2025-09-26 23:45:00+00:00,0.7904,0.7919,0.7901,0.7915,1664850.0
2025-09-27 00:00:00+00:00,0.7915,0.7915,0.7893,0.7899,3275894.0
2025-09-27 00:15:00+00:00,0.7899,0.7921,0.7896,0.7909,1558399.0
2025-09-27 00:30:00+00:00,0.7909,0.7918,0.7902,0.7911,1474586.0
2025-09-27 00:45:00+00:00,0.7911,0.7924,0.7897,0.7921,1350611.0
2025-09-27 01:00:00+00:00,0.7921,0.7924,0.7899,0.7909,1830186.0
2025-09-27 01:15:00+00:00,0.791,0.7919,0.7879,0.7895,2294451.0
2025-09-27 01:30:00+00:00,0.7895,0.7903,0.7882,0.7897,1742509.0
2025-09-27 01:45:00+00:00,0.7897,0.7904,0.7895,0.7901,842458.0
2025-09-27 02:00:00+00:00,0.7901,0.7907,0.7886,0.7907,1265739.0
2025-09-27 02:15:00+00:00,0.7907,0.7909,0.7882,0.7893,1138128.0
2025-09-27 02:30:00+00:00,0.7893,0.7909,0.7887,0.7909,1059491.0
2025-09-27 02:45:00+00:00,0.7909,0.7914,0.7889,0.7891,1433192.0
2025-09-27 03:00:00+00:00,0.789,0.7913,0.7887,0.79,2451137.0
2025-09-27 03:15:00+00:00,0.79,0.7934,0.7898,0.7931,1692918.0
2025-09-27 03:30:00+00:00,0.7931,0.7938,0.7923,0.7934,2448907.0
2025-09-27 03:45:00+00:00,0.7933,0.7936,0.7915,0.792,1833101.0
2025-09-27 04:00:00+00:00,0.7919,0.7928,0.7904,0.7908,2784955.0
2025-09-27 04:15:00+00:00,0.7908,0.7927,0.7905,0.7927,1662065.0
2025-09-27 04:30:00+00:00,0.7927,0.7931,0.7917,0.7918,1233695.0
2025-09-27 04:45:00+00:00,0.7918,0.7918,0.7905,0.7915,1807184.0
2025-09-27 05:00:00+00:00,0.7915,0.7915,0.7885,0.7891,1814067.0
2025-09-27 05:15:00+00:00,0.7891,0.7899,0.7886,0.7891,1269180.0
2025-09-27 05:30:00+00:00,0.7891,0.7907,0.7888,0.7906,1550444.0
2025-09-27 05:45:00+00:00,0.7907,0.792,0.7903,0.791,1198388.0
2025-09-27 06:00:00+00:00,0.791,0.7911,0.7889,0.7892,1210566.0
2025-09-27 06:15:00+00:00,0.7891,0.79,0.7887,0.789,1233924.0
2025-09-27 06:30:00+00:00,0.7891,0.7904,0.7885,0.7894,1745649.0
2025-09-27 06:45:00+00:00,0.7894,0.7902,0.7889,0.7899,1575751.0
2025-09-27 07:00:00+00:00,0.7898,0.7911,0.7891,0.7893,1284788.0
2025-09-27 07:15:00+00:00,0.7893,0.7893,0.787,0.7874,1612400.0
2025-09-27 07:30:00+00:00,0.7874,0.7878,0.7811,0.7832,15033119.0
2025-09-27 07:45:00+00:00,0.7831,0.7837,0.7824,0.7836,3614221.0
2025-09-27 08:00:00+00:00,0.7836,0.7836,0.7794,0.7804,7351705.0
2025-09-27 08:15:00+00:00,0.7804,0.7825,0.7799,0.782,3493409.0
2025-09-27 08:30:00+00:00,0.782,0.7821,0.7807,0.7808,2541243.0
2025-09-27 08:45:00+00:00,0.7808,0.7813,0.7785,0.7792,3793196.0
2025-09-27 09:00:00+00:00,0.7792,0.7801,0.7761,0.7764,6898553.0
2025-09-27 09:15:00+00:00,0.7764,0.7785,0.7764,0.7776,3271189.0
2025-09-27 09:30:00+00:00,0.7776,0.7809,0.7775,0.78,6113215.0
2025-09-27 09:45:00+00:00,0.78,0.7841,0.7796,0.7823,6274712.0
2025-09-27 10:00:00+00:00,0.7823,0.7826,0.7802,0.7817,3969964.0
2025-09-27 10:15:00+00:00,0.7817,0.7826,0.7807,0.7813,2379150.0
2025-09-27 10:30:00+00:00,0.7812,0.7859,0.7812,0.7844,3820126.0
2025-09-27 10:45:00+00:00,0.7845,0.7855,0.7837,0.7841,2310156.0
2025-09-27 11:00:00+00:00,0.7841,0.785,0.7835,0.7835,1587349.0
2025-09-27 11:15:00+00:00,0.7836,0.785,0.7835,0.7847,1179445.0
2025-09-27 11:30:00+00:00,0.7848,0.7848,0.7825,0.7827,2397989.0
2025-09-27 11:45:00+00:00,0.7827,0.7831,0.7819,0.783,1316411.0
2025-09-27 12:00:00+00:00,0.7829,0.7831,0.7806,0.7818,2996547.0
2025-09-27 12:15:00+00:00,0.7818,0.7824,0.7807,0.7812,1465730.0
2025-09-27 12:30:00+00:00,0.7811,0.784,0.7811,0.7837,2703382.0
2025-09-27 12:45:00+00:00,0.7837,0.7864,0.7834,0.7852,4151953.0
2025-09-27 13:00:00+00:00,0.7853,0.7857,0.7835,0.7839,2029853.0
2025-09-27 13:15:00+00:00,0.784,0.7853,0.784,0.7843,879283.0
2025-09-27 13:30:00+00:00,0.7844,0.7858,0.7839,0.7857,1074123.0
2025-09-27 13:45:00+00:00,0.7857,0.7864,0.7849,0.7852,2693499.0
2025-09-27 14:00:00+00:00,0.7852,0.7865,0.7843,0.7861,1562860.0
2025-09-27 14:15:00+00:00,0.7862,0.7862,0.7848,0.7854,1547834.0
2025-09-27 14:30:00+00:00,0.7854,0.7865,0.7848,0.7856,1320655.0
2025-09-27 14:45:00+00:00,0.7857,0.7857,0.7837,0.7837,1999143.0
2025-09-27 15:00:00+00:00,0.7837,0.7838,0.78,0.7815,4308762.0
2025-09-27 15:15:00+00:00,0.7815,0.783,0.7814,0.7824,2325706.0
2025-09-27 15:30:00+00:00,0.7825,0.7844,0.7816,0.7837,2005094.0
2025-09-27 15:45:00+00:00,0.7838,0.7855,0.7836,0.7851,1718939.0
2025-09-27 16:00:00+00:00,0.7852,0.7855,0.7834,0.7842,2482327.0
2025-09-27 16:15:00+00:00,0.7842,0.785,0.7834,0.784,1530269.0
2025-09-27 16:30:00+00:00,0.784,0.7855,0.7831,0.7842,1331965.0
2025-09-27 16:45:00+00:00,0.7842,0.7847,0.7821,0.7829,1768343.0
2025-09-27 17:00:00+00:00,0.7829,0.7829,0.7796,0.78,4177441.0
2025-09-27 17:15:00+00:00,0.7801,0.7801,0.7769,0.778,5407297.0
2025-09-27 17:30:00+00:00,0.7779,0.7806,0.7774,0.7796,3111708.0
2025-09-27 17:45:00+00:00,0.7796,0.7809,0.7782,0.7804,2282109.0
2025-09-27 18:00:00+00:00,0.7804,0.7812,0.779,0.7794,2116688.0
2025-09-27 18:15:00+00:00,0.7794,0.7803,0.7784,0.7801,1194356.0
2025-09-27 18:30:00+00:00,0.7801,0.7804,0.7777,0.7786,1702439.0
2025-09-27 18:45:00+00:00,0.7786,0.7805,0.7785,0.7804,1188865.0
2025-09-27 19:00:00+00:00,0.7803,0.7809,0.7798,0.7801,1345111.0
2025-09-27 19:15:00+00:00,0.78,0.782,0.7796,0.7819,1516261.0
2025-09-27 19:30:00+00:00,0.7819,0.7821,0.7799,0.7802,1494096.0
2025-09-27 19:45:00+00:00,0.7801,0.7816,0.78,0.7812,833665.0
2025-09-27 20:00:00+00:00,0.7812,0.782,0.7808,0.7811,1047802.0
2025-09-27 20:15:00+00:00,0.781,0.7811,0.7791,0.7797,2236995.0
2025-09-27 20:30:00+00:00,0.7797,0.7807,0.779,0.7799,1633756.0
2025-09-27 20:45:00+00:00,0.7798,0.7799,0.7782,0.7794,1305156.0
2025-09-27 21:00:00+00:00,0.7794,0.7804,0.7786,0.7799,1187361.0
2025-09-27 21:15:00+00:00,0.78,0.7808,0.7798,0.7808,733914.0
2025-09-27 21:30:00+00:00,0.7807,0.7824,0.7804,0.782,2621274.0
2025-09-27 21:45:00+00:00,0.7819,0.7836,0.7819,0.7831,904193.0
2025-09-27 22:00:00+00:00,0.7831,0.785,0.7827,0.7849,2398841.0
2025-09-27 22:15:00+00:00,0.7848,0.7876,0.7847,0.7876,3094562.0
2025-09-27 22:30:00+00:00,0.7875,0.7878,0.785,0.7854,2584585.0
2025-09-27 22:45:00+00:00,0.7853,0.7856,0.7832,0.7843,1880864.0
2025-09-27 23:00:00+00:00,0.7842,0.7858,0.782,0.7832,4214956.0
2025-09-27 23:15:00+00:00,0.7831,0.7837,0.7807,0.7812,1979685.0
2025-09-27 23:30:00+00:00,0.7811,0.7817,0.7801,0.7812,1445869.0
2025-09-27 23:45:00+00:00,0.7811,0.7821,0.7802,0.7807,1415089.0
2025-09-28 00:00:00+00:00,0.7806,0.7813,0.7768,0.7776,4416574.0
2025-09-28 00:15:00+00:00,0.7775,0.782,0.7767,0.7813,2678878.0
2025-09-28 00:30:00+00:00,0.7812,0.7819,0.7769,0.7799,5824561.0
2025-09-28 00:45:00+00:00,0.78,0.7801,0.7772,0.7779,3332032.0
2025-09-28 01:00:00+00:00,0.7779,0.7785,0.775,0.7754,6072163.0
2025-09-28 01:15:00+00:00,0.7755,0.7773,0.7752,0.7755,2596120.0
2025-09-28 01:30:00+00:00,0.7755,0.7757,0.7721,0.7727,5256612.0
2025-09-28 01:45:00+00:00,0.7726,0.7737,0.7715,0.7729,2909519.0
2025-09-28 02:00:00+00:00,0.7728,0.7751,0.7725,0.7734,1787662.0
2025-09-28 02:15:00+00:00,0.7733,0.7758,0.7729,0.7755,1439714.0
2025-09-28 02:30:00+00:00,0.7754,0.7763,0.7733,0.7738,1794303.0
2025-09-28 02:45:00+00:00,0.7738,0.775,0.7726,0.7744,3117861.0
2025-09-28 03:00:00+00:00,0.7745,0.7758,0.7744,0.7751,1716028.0
2025-09-28 03:15:00+00:00,0.7751,0.7757,0.7734,0.7741,1126672.0
2025-09-28 03:30:00+00:00,0.7741,0.775,0.7725,0.7738,2019015.0
2025-09-28 03:45:00+00:00,0.7737,0.775,0.7729,0.7745,1071387.0
2025-09-28 04:00:00+00:00,0.7745,0.7749,0.7733,0.7734,1478455.0
2025-09-28 04:15:00+00:00,0.7733,0.7744,0.7726,0.7728,1813796.0
2025-09-28 04:30:00+00:00,0.7728,0.7748,0.7728,0.7747,1161922.0
2025-09-28 04:45:00+00:00,0.7746,0.7752,0.7737,0.7746,1333547.0
2025-09-28 05:00:00+00:00,0.7746,0.7759,0.7722,0.7726,2851748.0
2025-09-28 05:15:00+00:00,0.7726,0.7753,0.7726,0.7753,1848137.0
2025-09-28 05:30:00+00:00,0.7753,0.7762,0.7736,0.7741,1579904.0
2025-09-28 05:45:00+00:00,0.774,0.7745,0.7731,0.7736,1145937.0
2025-09-28 06:00:00+00:00,0.7735,0.7744,0.7727,0.7727,1476900.0
2025-09-28 06:15:00+00:00,0.7727,0.7728,0.7689,0.7692,5686934.0
2025-09-28 06:30:00+00:00,0.7693,0.7726,0.7685,0.7717,4268438.0
2025-09-28 06:45:00+00:00,0.7717,0.7722,0.7704,0.7721,1430504.0
2025-09-28 07:00:00+00:00,0.772,0.7729,0.7694,0.7709,2318787.0
2025-09-28 07:15:00+00:00,0.7708,0.7733,0.7705,0.7726,3347565.0
2025-09-28 07:30:00+00:00,0.7725,0.7738,0.7716,0.7726,1677563.0
2025-09-28 07:45:00+00:00,0.7726,0.7735,0.772,0.7726,1157695.0
2025-09-28 08:00:00+00:00,0.7726,0.7732,0.771,0.7714,2302542.0
2025-09-28 08:15:00+00:00,0.7715,0.7722,0.7692,0.7702,3787390.0
2025-09-28 08:30:00+00:00,0.7703,0.7707,0.7689,0.7699,3422410.0
2025-09-28 08:45:00+00:00,0.7698,0.7726,0.7698,0.7699,2915168.0
2025-09-28 09:00:00+00:00,0.7698,0.7711,0.7672,0.7682,5085420.0
2025-09-28 09:15:00+00:00,0.7681,0.7685,0.7667,0.7681,4240959.0
2025-09-28 09:30:00+00:00,0.768,0.7704,0.7679,0.7701,2111262.0
2025-09-28 09:45:00+00:00,0.7701,0.7702,0.7677,0.7678,2080205.0
2025-09-28 10:00:00+00:00,0.7677,0.7679,0.7648,0.766,5250272.0
2025-09-28 10:15:00+00:00,0.7659,0.7674,0.7658,0.7667,1571795.0
2025-09-28 10:30:00+00:00,0.7666,0.7685,0.7663,0.7682,2101709.0
2025-09-28 10:45:00+00:00,0.7682,0.7687,0.7673,0.7683,1071246.0
2025-09-28 11:00:00+00:00,0.7683,0.7688,0.7677,0.768,1220852.0
2025-09-28 11:15:00+00:00,0.768,0.7686,0.7652,0.7656,2093036.0
2025-09-28 11:30:00+00:00,0.7655,0.768,0.7654,0.7666,4418620.0
2025-09-28 11:45:00+00:00,0.7666,0.7685,0.7655,0.7682,2628418.0
2025-09-28 12:00:00+00:00,0.7682,0.7685,0.7655,0.7663,2564628.0
2025-09-28 12:15:00+00:00,0.7663,0.7678,0.7656,0.7674,5517776.0
2025-09-28 12:30:00+00:00,0.7674,0.7674,0.7642,0.7653,4348340.0
2025-09-28 12:45:00+00:00,0.7653,0.7677,0.7648,0.766,3377317.0
2025-09-28 13:00:00+00:00,0.7659,0.7688,0.7655,0.7678,3421635.0
2025-09-28 13:15:00+00:00,0.7678,0.773,0.7673,0.772,5526680.0
2025-09-28 13:30:00+00:00,0.7721,0.7748,0.7717,0.7742,4993454.0
2025-09-28 13:45:00+00:00,0.7743,0.7772,0.7727,0.7761,5822966.0
2025-09-28 14:00:00+00:00,0.7761,0.7768,0.7738,0.775,2636939.0
2025-09-28 14:15:00+00:00,0.7751,0.7794,0.775,0.7791,4370057.0
2025-09-28 14:30:00+00:00,0.7791,0.7791,0.7769,0.7775,3129280.0
2025-09-28 14:45:00+00:00,0.7775,0.7795,0.7771,0.779,5597556.0
2025-09-28 15:00:00+00:00,0.7791,0.7806,0.7776,0.7786,4020012.0
2025-09-28 15:15:00+00:00,0.7786,0.7795,0.7777,0.7787,2240172.0
2025-09-28 15:30:00+00:00,0.7787,0.7792,0.7774,0.7784,2097783.0
2025-09-28 15:45:00+00:00,0.7783,0.7813,0.778,0.7811,2274105.0
2025-09-28 16:00:00+00:00,0.7811,0.7885,0.7811,0.7867,12877540.0
2025-09-28 16:15:00+00:00,0.7868,0.7888,0.7856,0.7871,5485092.0
2025-09-28 16:30:00+00:00,0.7872,0.7875,0.7834,0.7852,4456144.0
2025-09-28 16:45:00+00:00,0.7852,0.7871,0.7848,0.7868,2838145.0
2025-09-28 17:00:00+00:00,0.7869,0.7891,0.7861,0.7887,4034163.0
2025-09-28 17:15:00+00:00,0.7887,0.7888,0.7846,0.7874,3298539.0
2025-09-28 17:30:00+00:00,0.7874,0.79,0.7868,0.7896,3366003.0
2025-09-28 17:45:00+00:00,0.7897,0.7916,0.7895,0.7903,4271661.0
2025-09-28 18:00:00+00:00,0.7903,0.7915,0.7872,0.7879,3409566.0
2025-09-28 18:15:00+00:00,0.788,0.7885,0.7873,0.7873,1643443.0
2025-09-28 18:30:00+00:00,0.7874,0.7894,0.7872,0.7888,1325250.0
2025-09-28 18:45:00+00:00,0.7889,0.791,0.7885,0.7909,1908801.0
2025-09-28 19:00:00+00:00,0.7909,0.7915,0.7885,0.7889,1886532.0
2025-09-28 19:15:00+00:00,0.7889,0.79,0.7882,0.7894,2189154.0
2025-09-28 19:30:00+00:00,0.7893,0.7901,0.7883,0.7887,1358450.0
2025-09-28 19:45:00+00:00,0.7887,0.7898,0.7885,0.7898,873605.0
2025-09-28 20:00:00+00:00,0.7898,0.7907,0.7891,0.7903,1610441.0
2025-09-28 20:15:00+00:00,0.7904,0.7936,0.7894,0.7932,3517944.0
2025-09-28 20:30:00+00:00,0.7933,0.7965,0.7925,0.7952,6721715.0
2025-09-28 20:45:00+00:00,0.7953,0.7971,0.7923,0.7932,6437471.0
2025-09-28 21:00:00+00:00,0.7933,0.7977,0.7931,0.796,3426448.0
2025-09-28 21:15:00+00:00,0.7961,0.7962,0.7942,0.7948,2303191.0
2025-09-28 21:30:00+00:00,0.7949,0.7949,0.793,0.7931,1785808.0
2025-09-28 21:45:00+00:00,0.7931,0.7943,0.7928,0.7942,921267.0
2025-09-28 22:00:00+00:00,0.7943,0.806,0.7943,0.8041,18116759.0
2025-09-28 22:15:00+00:00,0.8042,0.8078,0.8037,0.8063,7000249.0
2025-09-28 22:30:00+00:00,0.8063,0.8089,0.8055,0.8072,5561613.0
2025-09-28 22:45:00+00:00,0.8073,0.8099,0.8064,0.8087,4864515.0
2025-09-28 23:00:00+00:00,0.8088,0.8117,0.8078,0.8093,7626275.0
2025-09-28 23:15:00+00:00,0.8093,0.8093,0.8063,0.8072,3321626.0
2025-09-28 23:30:00+00:00,0.8072,0.8081,0.8061,0.8077,4510647.0
2025-09-28 23:45:00+00:00,0.8077,0.8086,0.8066,0.8083,2036808.0
2025-09-29 00:00:00+00:00,0.8083,0.8086,0.8047,0.8057,7566267.0
2025-09-29 00:15:00+00:00,0.8057,0.8079,0.8049,0.8063,3519185.0
2025-09-29 00:30:00+00:00,0.8063,0.8066,0.8037,0.8046,7416086.0
2025-09-29 00:45:00+00:00,0.8045,0.8062,0.8044,0.8048,1771259.0
2025-09-29 01:00:00+00:00,0.8048,0.8053,0.803,0.8041,2754130.0
2025-09-29 01:15:00+00:00,0.8041,0.805,0.8016,0.8021,3008225.0
2025-09-29 01:30:00+00:00,0.8021,0.8032,0.8017,0.8026,1501588.0
2025-09-29 01:45:00+00:00,0.8026,0.8026,0.7989,0.7992,3622228.0
2025-09-29 02:00:00+00:00,0.7992,0.8004,0.7977,0.8002,4598790.0
2025-09-29 02:15:00+00:00,0.8002,0.8044,0.7995,0.8025,5397144.0
2025-09-29 02:30:00+00:00,0.8025,0.8029,0.7991,0.7998,3545580.0
2025-09-29 02:45:00+00:00,0.7998,0.8014,0.799,0.8011,2084212.0
2025-09-29 03:00:00+00:00,0.8011,0.8013,0.799,0.7993,2856000.0
2025-09-29 03:15:00+00:00,0.7992,0.8026,0.799,0.8026,2121709.0
2025-09-29 03:30:00+00:00,0.8026,0.8034,0.8021,0.8025,2284222.0
2025-09-29 03:45:00+00:00,0.8024,0.8043,0.8021,0.8043,5078681.0
2025-09-29 04:00:00+00:00,0.8043,0.8055,0.8013,0.8014,4426979.0
2025-09-29 04:15:00+00:00,0.8014,0.8023,0.7991,0.7995,2567446.0
2025-09-29 04:30:00+00:00,0.7996,0.8031,0.799,0.8023,4894599.0
2025-09-29 04:45:00+00:00,0.8023,0.803,0.8012,0.8015,1110544.0
2025-09-29 05:00:00+00:00,0.8015,0.8018,0.796,0.7973,5100917.0
2025-09-29 05:15:00+00:00,0.7973,0.7975,0.7956,0.7969,2691925.0
2025-09-29 05:30:00+00:00,0.7969,0.7979,0.7963,0.7978,1730811.0
2025-09-29 05:45:00+00:00,0.7978,0.7998,0.7974,0.7991,2374084.0
2025-09-29 06:00:00+00:00,0.799,0.7991,0.7952,0.796,2812569.0
2025-09-29 06:15:00+00:00,0.7959,0.7986,0.7947,0.7964,3755595.0
2025-09-29 06:30:00+00:00,0.7964,0.798,0.7959,0.7977,1909022.0
2025-09-29 06:45:00+00:00,0.7978,0.7982,0.7949,0.7951,2029827.0
2025-09-29 07:00:00+00:00,0.7951,0.796,0.794,0.7947,3231704.0
2025-09-29 07:15:00+00:00,0.7946,0.7953,0.7923,0.7952,4447350.0
2025-09-29 07:30:00+00:00,0.7952,0.7997,0.7951,0.798,4231992.0
2025-09-29 07:45:00+00:00,0.798,0.7987,0.7973,0.7979,2076781.0
2025-09-29 08:00:00+00:00,0.7979,0.8,0.7971,0.7982,4316721.0
2025-09-29 08:15:00+00:00,0.7983,0.8027,0.7972,0.8023,4189827.0
2025-09-29 08:30:00+00:00,0.8023,0.803,0.801,0.8022,4022346.0
2025-09-29 08:45:00+00:00,0.8022,0.8039,0.8009,0.8009,2886528.0
2025-09-29 09:00:00+00:00,0.8009,0.8014,0.7986,0.7987,2962472.0
2025-09-29 09:15:00+00:00,0.7986,0.7996,0.7967,0.7986,3001164.0
2025-09-29 09:30:00+00:00,0.7985,0.7999,0.7972,0.7975,2372840.0
2025-09-29 09:45:00+00:00,0.7974,0.7989,0.7968,0.7983,1060526.0
2025-09-29 10:00:00+00:00,0.7983,0.799,0.7974,0.7986,2116522.0
2025-09-29 10:15:00+00:00,0.7987,0.7992,0.798,0.7989,1848149.0
2025-09-29 10:30:00+00:00,0.799,0.7992,0.795,0.7955,3229286.0
2025-09-29 10:45:00+00:00,0.7954,0.7961,0.7929,0.7933,3240553.0
2025-09-29 11:00:00+00:00,0.7933,0.7933,0.789,0.7898,8757869.0
2025-09-29 11:15:00+00:00,0.7898,0.7937,0.7896,0.7935,3242190.0
2025-09-29 11:30:00+00:00,0.7935,0.7949,0.7924,0.7945,3981766.0
2025-09-29 11:45:00+00:00,0.7944,0.7948,0.7935,0.7943,1438739.0
2025-09-29 12:00:00+00:00,0.7942,0.7945,0.7924,0.7939,2549542.0
2025-09-29 12:15:00+00:00,0.7939,0.7983,0.7934,0.7982,4014642.0
2025-09-29 12:30:00+00:00,0.7983,0.7993,0.7913,0.7933,4669098.0
2025-09-29 12:45:00+00:00,0.7933,0.7955,0.79,0.7902,4475979.0
2025-09-29 13:00:00+00:00,0.7902,0.7918,0.7874,0.7914,6562693.0
2025-09-29 13:15:00+00:00,0.7914,0.7929,0.7901,0.7909,3228757.0
2025-09-29 13:30:00+00:00,0.7909,0.8015,0.7903,0.8011,9102410.0
2025-09-29 13:45:00+00:00,0.8011,0.8083,0.8002,0.8061,19772827.0
2025-09-29 14:00:00+00:00,0.8061,0.8102,0.8054,0.81,14825580.0
2025-09-29 14:15:00+00:00,0.81,0.8158,0.8072,0.8095,23832308.0
2025-09-29 14:30:00+00:00,0.8095,0.8124,0.8083,0.8104,6377074.0
2025-09-29 14:45:00+00:00,0.8104,0.8149,0.8103,0.8121,9173995.0
2025-09-29 15:00:00+00:00,0.8122,0.8142,0.806,0.8066,9706045.0
2025-09-29 15:15:00+00:00,0.8065,0.8068,0.8013,0.8027,8132126.0
2025-09-29 15:30:00+00:00,0.8028,0.8047,0.8012,0.8032,6154027.0
2025-09-29 15:45:00+00:00,0.8032,0.8033,0.8,0.8017,4997074.0
2025-09-29 16:00:00+00:00,0.8017,0.8043,0.8015,0.8036,4307499.0
2025-09-29 16:15:00+00:00,0.8036,0.8051,0.801,0.8019,3195170.0
2025-09-29 16:30:00+00:00,0.802,0.8051,0.801,0.8013,3370075.0
2025-09-29 16:45:00+00:00,0.8012,0.8018,0.7972,0.7979,5424527.0
2025-09-29 17:00:00+00:00,0.798,0.7996,0.7945,0.7983,7282291.0
2025-09-29 17:15:00+00:00,0.7983,0.7984,0.7947,0.7978,5545387.0
2025-09-29 17:30:00+00:00,0.7978,0.7995,0.7957,0.7989,3043290.0
2025-09-29 17:45:00+00:00,0.7988,0.8012,0.7986,0.8001,3501548.0
2025-09-29 18:00:00+00:00,0.8002,0.8003,0.7955,0.7962,3767603.0
2025-09-29 18:15:00+00:00,0.7962,0.7977,0.7951,0.7968,3284426.0
2025-09-29 18:30:00+00:00,0.7968,0.7979,0.7957,0.7978,3113694.0
2025-09-29 18:45:00+00:00,0.7978,0.7991,0.7974,0.7986,1936861.0
2025-09-29 19:00:00+00:00,0.7987,0.8017,0.7976,0.8012,2829052.0
2025-09-29 19:15:00+00:00,0.8013,0.8016,0.7982,0.8009,3190982.0
2025-09-29 19:30:00+00:00,0.8009,0.8031,0.799,0.803,2736759.0
2025-09-29 19:45:00+00:00,0.8031,0.8054,0.8018,0.8042,4244537.0
2025-09-29 20:00:00+00:00,0.8043,0.8077,0.8029,0.8074,4272525.0
2025-09-29 20:15:00+00:00,0.8075,0.8088,0.8057,0.8077,4460130.0
2025-09-29 20:30:00+00:00,0.8078,0.8125,0.8064,0.8122,7488568.0
2025-09-29 20:45:00+00:00,0.8123,0.8134,0.8113,0.8131,4685846.0
2025-09-29 21:00:00+00:00,0.8132,0.8144,0.8109,0.8119,5902280.0
2025-09-29 21:15:00+00:00,0.8119,0.8145,0.8115,0.8135,3435406.0
2025-09-29 21:30:00+00:00,0.8136,0.8138,0.8117,0.813,1701868.0
2025-09-29 21:45:00+00:00,0.8129,0.814,0.8098,0.8109,3594408.0
2025-09-29 22:00:00+00:00,0.8109,0.8116,0.8083,0.8096,3666100.0
2025-09-29 22:15:00+00:00,0.8095,0.8106,0.8087,0.8092,2330172.0
2025-09-29 22:30:00+00:00,0.8092,0.81,0.8066,0.8076,2637883.0
2025-09-29 22:45:00+00:00,0.8075,0.8099,0.8071,0.8083,2222950.0
2025-09-29 23:00:00+00:00,0.8083,0.8097,0.8063,0.8069,2467097.0
2025-09-29 23:15:00+00:00,0.8069,0.8083,0.8062,0.8067,1874623.0
2025-09-29 23:30:00+00:00,0.8067,0.8076,0.8063,0.8068,1345864.0
2025-09-29 23:45:00+00:00,0.8067,0.8075,0.8051,0.8056,2343414.0
2025-09-30 00:00:00+00:00,0.8056,0.8073,0.8039,0.805,4580300.0
2025-09-30 00:15:00+00:00,0.805,0.805,0.8001,0.8007,5940256.0
2025-09-30 00:30:00+00:00,0.8007,0.8047,0.7997,0.8042,3597558.0
2025-09-30 00:45:00+00:00,0.8041,0.8083,0.7998,0.8004,10916943.0
2025-09-30 01:00:00+00:00,0.8005,0.8034,0.7986,0.8033,5068599.0
2025-09-30 01:15:00+00:00,0.8033,0.8056,0.801,0.8019,5754662.0
2025-09-30 01:30:00+00:00,0.8019,0.8019,0.7976,0.7978,5590752.0
2025-09-30 01:45:00+00:00,0.7977,0.8005,0.7958,0.7997,4339409.0
2025-09-30 02:00:00+00:00,0.7996,0.8015,0.7986,0.8006,2713814.0
2025-09-30 02:15:00+00:00,0.8006,0.8025,0.7998,0.8015,2856616.0
2025-09-30 02:30:00+00:00,0.8014,0.8023,0.7998,0.8009,2404434.0
2025-09-30 02:45:00+00:00,0.801,0.803,0.7975,0.7979,5419685.0
2025-09-30 03:00:00+00:00,0.7979,0.7995,0.7963,0.7979,3099577.0
2025-09-30 03:15:00+00:00,0.7978,0.8009,0.7973,0.799,2613321.0
2025-09-30 03:30:00+00:00,0.7991,0.8006,0.7976,0.8005,2196380.0
2025-09-30 03:45:00+00:00,0.8006,0.8008,0.7964,0.7973,2235917.0
2025-09-30 04:00:00+00:00,0.7974,0.7978,0.796,0.796,1930324.0
2025-09-30 04:15:00+00:00,0.7961,0.7976,0.7956,0.797,2343498.0
2025-09-30 04:30:00+00:00,0.7971,0.7993,0.7969,0.7981,3453986.0
2025-09-30 04:45:00+00:00,0.7981,0.7989,0.796,0.7968,2146140.0
2025-09-30 05:00:00+00:00,0.7967,0.7988,0.7958,0.7984,3258246.0
2025-09-30 05:15:00+00:00,0.7984,0.7985,0.7952,0.7979,2400487.0
2025-09-30 05:30:00+00:00,0.7979,0.7984,0.7964,0.7975,1645216.0
2025-09-30 05:45:00+00:00,0.7975,0.8013,0.7958,0.8,3771219.0
2025-09-30 06:00:00+00:00,0.8001,0.8033,0.7977,0.8022,6814762.0
2025-09-30 06:15:00+00:00,0.8023,0.8042,0.8014,0.8038,4185506.0
2025-09-30 06:30:00+00:00,0.8038,0.805,0.8024,0.8043,3722751.0
2025-09-30 06:45:00+00:00,0.8044,0.8044,0.7995,0.8002,3311785.0
2025-09-30 07:00:00+00:00,0.8002,0.802,0.7993,0.8002,4571020.0
2025-09-30 07:15:00+00:00,0.8002,0.8004,0.798,0.7985,2673156.0
2025-09-30 07:30:00+00:00,0.7985,0.7985,0.7924,0.7929,7232770.0
2025-09-30 07:45:00+00:00,0.7928,0.7955,0.7921,0.7937,4137447.0
2025-09-30 08:00:00+00:00,0.7938,0.7939,0.7918,0.793,3722212.0
2025-09-30 08:15:00+00:00,0.793,0.7933,0.7918,0.7926,2409687.0
2025-09-30 08:30:00+00:00,0.7927,0.7949,0.7914,0.7927,3775149.0
2025-09-30 08:45:00+00:00,0.7928,0.7938,0.7916,0.7916,2743000.0
2025-09-30 09:00:00+00:00,0.7917,0.7921,0.7879,0.7882,5807340.0
2025-09-30 09:15:00+00:00,0.7881,0.7916,0.7879,0.7914,3305991.0
2025-09-30 09:30:00+00:00,0.7913,0.7926,0.7881,0.7887,3716720.0
2025-09-30 09:45:00+00:00,0.7887,0.7887,0.785,0.7863,9629604.0
2025-09-30 10:00:00+00:00,0.7863,0.7877,0.7839,0.7865,8476961.0
2025-09-30 10:15:00+00:00,0.7865,0.7882,0.7861,0.7876,2426721.0
2025-09-30 10:30:00+00:00,0.7875,0.7894,0.7866,0.7888,4665617.0
2025-09-30 10:45:00+00:00,0.7889,0.7899,0.788,0.788,2288974.0
2025-09-30 11:00:00+00:00,0.7881,0.7884,0.7854,0.7858,2803863.0
2025-09-30 11:15:00+00:00,0.7857,0.7876,0.7849,0.7875,2147339.0
2025-09-30 11:30:00+00:00,0.7875,0.7906,0.7871,0.7904,3685210.0
2025-09-30 11:45:00+00:00,0.7905,0.7912,0.7898,0.7905,2660331.0
2025-09-30 12:00:00+00:00,0.7906,0.7906,0.7878,0.7879,2950292.0
2025-09-30 12:15:00+00:00,0.7878,0.791,0.7877,0.7901,2611590.0
2025-09-30 12:30:00+00:00,0.7901,0.7923,0.7898,0.792,3769009.0
2025-09-30 12:45:00+00:00,0.792,0.7923,0.7883,0.7891,3870949.0
2025-09-30 13:00:00+00:00,0.7892,0.79,0.7865,0.7886,4587575.0
2025-09-30 13:15:00+00:00,0.7886,0.7923,0.7877,0.7912,4211603.0
2025-09-30 13:30:00+00:00,0.7912,0.7939,0.7872,0.7933,6276942.0
2025-09-30 13:45:00+00:00,0.7932,0.7955,0.788,0.7906,8726748.0
2025-09-30 14:00:00+00:00,0.7906,0.7923,0.7862,0.7897,6756631.0
2025-09-30 14:15:00+00:00,0.7896,0.7924,0.7867,0.7879,6024726.0
2025-09-30 14:30:00+00:00,0.7879,0.7896,0.7862,0.7872,3839030.0
2025-09-30 14:45:00+00:00,0.7873,0.7917,0.7865,0.7911,5167757.0
2025-09-30 15:00:00+00:00,0.7912,0.7913,0.7806,0.7831,11810660.0
2025-09-30 15:15:00+00:00,0.7831,0.7838,0.7775,0.7804,13979152.0
2025-09-30 15:30:00+00:00,0.7804,0.7833,0.7794,0.7813,8150925.0
2025-09-30 15:45:00+00:00,0.7813,0.7834,0.78,0.7829,3792062.0
2025-09-30 16:00:00+00:00,0.7828,0.783,0.7795,0.7803,4285817.0
2025-09-30 16:15:00+00:00,0.7803,0.7848,0.7796,0.7838,4290037.0
2025-09-30 16:30:00+00:00,0.7837,0.7841,0.7802,0.7815,3140106.0
2025-09-30 16:45:00+00:00,0.7815,0.7848,0.781,0.783,2817001.0
2025-09-30 17:00:00+00:00,0.783,0.7857,0.7823,0.7843,3091755.0
2025-09-30 17:15:00+00:00,0.7843,0.7855,0.7828,0.7848,3815846.0
2025-09-30 17:30:00+00:00,0.7848,0.7892,0.7829,0.786,11165889.0
2025-09-30 17:45:00+00:00,0.7859,0.786,0.7827,0.7838,5662363.0
2025-09-30 18:00:00+00:00,0.7838,0.7869,0.7815,0.7864,4868702.0
2025-09-30 18:15:00+00:00,0.7863,0.789,0.7858,0.7881,3451786.0
2025-09-30 18:30:00+00:00,0.788,0.7885,0.7862,0.7881,2003505.0
2025-09-30 18:45:00+00:00,0.7881,0.7903,0.7879,0.7898,2209271.0
2025-09-30 19:00:00+00:00,0.7899,0.792,0.789,0.7901,3307588.0
2025-09-30 19:15:00+00:00,0.7902,0.7923,0.789,0.7923,2537817.0
2025-09-30 19:30:00+00:00,0.7924,0.798,0.7922,0.7973,9084326.0
2025-09-30 19:45:00+00:00,0.7972,0.8015,0.7971,0.8007,9753610.0
2025-09-30 20:00:00+00:00,0.8007,0.8029,0.7992,0.8002,8548659.0
2025-09-30 20:15:00+00:00,0.8002,0.804,0.8001,0.8035,6764811.0
2025-09-30 20:30:00+00:00,0.8034,0.8042,0.802,0.803,3617774.0
2025-09-30 20:45:00+00:00,0.803,0.8087,0.8029,0.8085,6820193.0
2025-09-30 21:00:00+00:00,0.8085,0.813,0.8085,0.8103,11867125.0
2025-09-30 21:15:00+00:00,0.8103,0.8129,0.8093,0.8102,6736708.0
2025-09-30 21:30:00+00:00,0.8101,0.8102,0.8074,0.8084,8007484.0
2025-09-30 21:45:00+00:00,0.8084,0.8093,0.8039,0.8045,5863258.0
2025-09-30 22:00:00+00:00,0.8045,0.8103,0.8045,0.8076,8620106.0
2025-09-30 22:15:00+00:00,0.8075,0.8091,0.8063,0.8066,3892101.0
2025-09-30 22:30:00+00:00,0.8066,0.807,0.8031,0.8042,4843759.0
2025-09-30 22:45:00+00:00,0.8042,0.8051,0.8007,0.8017,4350597.0
2025-09-30 23:00:00+00:00,0.8017,0.8028,0.7986,0.8027,7098741.0
2025-09-30 23:15:00+00:00,0.8027,0.8062,0.8021,0.8043,2934976.0
2025-09-30 23:30:00+00:00,0.8043,0.806,0.8033,0.8059,1795505.0
2025-09-30 23:45:00+00:00,0.806,0.8076,0.8052,0.807,2332281.0
2025-10-01 00:00:00+00:00,0.8071,0.8097,0.8068,0.808,3742344.0
2025-10-01 00:15:00+00:00,0.8081,0.8081,0.8032,0.8035,4020380.0
2025-10-01 00:30:00+00:00,0.8035,0.8052,0.8012,0.8018,3139157.0
2025-10-01 00:45:00+00:00,0.8018,0.807,0.8018,0.8069,4914547.0
2025-10-01 01:00:00+00:00,0.8069,0.8087,0.8063,0.8078,4352553.0
2025-10-01 01:15:00+00:00,0.8077,0.8078,0.8033,0.8059,5862759.0
2025-10-01 01:30:00+00:00,0.8059,0.8095,0.8041,0.8091,3302575.0
2025-10-01 01:45:00+00:00,0.8092,0.8111,0.8081,0.8108,2733443.0
2025-10-01 02:00:00+00:00,0.8109,0.811,0.8083,0.8083,4184947.0
2025-10-01 02:15:00+00:00,0.8083,0.8094,0.8079,0.8082,1803606.0
2025-10-01 02:30:00+00:00,0.8081,0.8084,0.8052,0.8056,2372226.0
2025-10-01 02:45:00+00:00,0.8056,0.8068,0.8045,0.8051,2123342.0
2025-10-01 03:00:00+00:00,0.8052,0.8055,0.8033,0.8036,3213403.0
2025-10-01 03:15:00+00:00,0.8037,0.8039,0.8009,0.8019,4889537.0
2025-10-01 03:30:00+00:00,0.8019,0.8034,0.7994,0.7997,3302475.0
2025-10-01 03:45:00+00:00,0.7998,0.7998,0.7966,0.7978,6296607.0
2025-10-01 04:00:00+00:00,0.7978,0.8036,0.7968,0.8014,5117843.0
2025-10-01 04:15:00+00:00,0.8014,0.8052,0.8014,0.8049,2930736.0
2025-10-01 04:30:00+00:00,0.805,0.8068,0.8018,0.8026,4628679.0
2025-10-01 04:45:00+00:00,0.8025,0.8033,0.7995,0.8005,2203816.0
2025-10-01 05:00:00+00:00,0.8005,0.8055,0.8003,0.8038,3295229.0
2025-10-01 05:15:00+00:00,0.8038,0.8056,0.8022,0.8028,2275757.0
2025-10-01 05:30:00+00:00,0.8027,0.8052,0.8017,0.8046,2435127.0
2025-10-01 05:45:00+00:00,0.8046,0.8052,0.8029,0.8033,1116814.0
2025-10-01 06:00:00+00:00,0.8033,0.804,0.8019,0.8036,2744878.0
2025-10-01 06:15:00+00:00,0.8035,0.805,0.8005,0.8021,2389471.0
2025-10-01 06:30:00+00:00,0.8021,0.8036,0.8014,0.8028,1344485.0
2025-10-01 06:45:00+00:00,0.8028,0.8029,0.7984,0.7987,2620353.0
2025-10-01 07:00:00+00:00,0.7987,0.8018,0.7983,0.8015,3143397.0
2025-10-01 07:15:00+00:00,0.8015,0.8046,0.8014,0.8043,2260264.0
2025-10-01 07:30:00+00:00,0.8043,0.8061,0.8038,0.8054,2151400.0
2025-10-01 07:45:00+00:00,0.8053,0.8058,0.8042,0.8043,1556225.0
2025-10-01 08:00:00+00:00,0.8042,0.807,0.8036,0.8048,4130788.0
2025-10-01 08:15:00+00:00,0.8048,0.8095,0.8026,0.8095,7237559.0
2025-10-01 08:30:00+00:00,0.8095,0.826,0.8094,0.8255,35789815.0
2025-10-01 08:45:00+00:00,0.8255,0.8292,0.8234,0.8288,40109948.0
2025-10-01 09:00:00+00:00,0.8287,0.8326,0.827,0.8318,20486506.0
2025-10-01 09:15:00+00:00,0.8317,0.8338,0.8283,0.833,10913052.0
2025-10-01 09:30:00+00:00,0.833,0.8339,0.8304,0.8335,8428777.0
2025-10-01 09:45:00+00:00,0.8334,0.8343,0.8319,0.8332,5127223.0
2025-10-01 10:00:00+00:00,0.8331,0.8355,0.8292,0.8294,12651365.0
2025-10-01 10:15:00+00:00,0.8294,0.8327,0.8291,0.8319,4594759.0
2025-10-01 10:30:00+00:00,0.8318,0.833,0.8305,0.8327,4010080.0
2025-10-01 10:45:00+00:00,0.8327,0.8339,0.8304,0.8307,5840099.0
2025-10-01 11:00:00+00:00,0.8308,0.8372,0.8308,0.8369,4894952.0
2025-10-01 11:15:00+00:00,0.8369,0.8372,0.8356,0.8358,4714232.0
2025-10-01 11:30:00+00:00,0.8357,0.836,0.8334,0.8339,4165588.0
2025-10-01 11:45:00+00:00,0.8338,0.8362,0.8329,0.8361,2445507.0
2025-10-01 12:00:00+00:00,0.836,0.8371,0.8327,0.834,4693359.0
2025-10-01 12:15:00+00:00,0.8341,0.8369,0.8325,0.8353,5674737.0
2025-10-01 12:30:00+00:00,0.8352,0.836,0.8334,0.8342,3583390.0
2025-10-01 12:45:00+00:00,0.8342,0.8353,0.832,0.8323,3788430.0
2025-10-01 13:00:00+00:00,0.8323,0.8357,0.8323,0.8355,3450054.0
2025-10-01 13:15:00+00:00,0.8356,0.8395,0.835,0.8376,7263172.0
2025-10-01 13:30:00+00:00,0.8376,0.8396,0.8358,0.8372,6129609.0
2025-10-01 13:45:00+00:00,0.8372,0.8391,0.8351,0.8372,5800822.0
2025-10-01 14:00:00+00:00,0.8372,0.8417,0.8355,0.8385,9250840.0
2025-10-01 14:15:00+00:00,0.8386,0.8399,0.837,0.8385,4965643.0
2025-10-01 14:30:00+00:00,0.8385,0.8424,0.8372,0.8412,9095866.0
2025-10-01 14:45:00+00:00,0.8413,0.8413,0.837,0.8389,7088191.0
2025-10-01 15:00:00+00:00,0.839,0.8409,0.8364,0.8378,4876777.0
2025-10-01 15:15:00+00:00,0.8378,0.8412,0.8378,0.8399,2777827.0
2025-10-01 15:30:00+00:00,0.8398,0.8419,0.838,0.8417,3070013.0
2025-10-01 15:45:00+00:00,0.8417,0.8423,0.8386,0.8403,3685764.0
2025-10-01 16:00:00+00:00,0.8404,0.8425,0.8392,0.8422,6695293.0
2025-10-01 16:15:00+00:00,0.8423,0.8434,0.84,0.8412,4044579.0
2025-10-01 16:30:00+00:00,0.8412,0.8415,0.8389,0.8401,4881692.0
2025-10-01 16:45:00+00:00,0.8401,0.8407,0.8338,0.835,8703283.0
2025-10-01 17:00:00+00:00,0.8349,0.8362,0.8325,0.8333,6314800.0
2025-10-01 17:15:00+00:00,0.8334,0.8377,0.8332,0.8376,5065932.0
2025-10-01 17:30:00+00:00,0.8377,0.8389,0.8368,0.8374,3626208.0
2025-10-01 17:45:00+00:00,0.8373,0.8383,0.8341,0.8352,5585681.0
2025-10-01 18:00:00+00:00,0.8352,0.839,0.8352,0.8383,3424047.0
2025-10-01 18:15:00+00:00,0.8383,0.8401,0.8373,0.8399,2187195.0
2025-10-01 18:30:00+00:00,0.84,0.843,0.8397,0.8416,4565133.0
2025-10-01 18:45:00+00:00,0.8416,0.8439,0.8414,0.8428,3707749.0
2025-10-01 19:00:00+00:00,0.8428,0.8455,0.8415,0.8454,4364665.0
2025-10-01 19:15:00+00:00,0.8454,0.8472,0.8449,0.8469,5446949.0
2025-10-01 19:30:00+00:00,0.847,0.8472,0.8449,0.8453,4508492.0
2025-10-01 19:45:00+00:00,0.8453,0.8477,0.8451,0.8453,3709825.0
2025-10-01 20:00:00+00:00,0.8453,0.8462,0.8427,0.8434,6107828.0
2025-10-01 20:15:00+00:00,0.8434,0.8451,0.8419,0.8428,4270042.0
2025-10-01 20:30:00+00:00,0.8428,0.8436,0.8418,0.8432,1786446.0
2025-10-01 20:45:00+00:00,0.8432,0.8438,0.8426,0.8434,1566157.0
2025-10-01 21:00:00+00:00,0.8434,0.8443,0.8419,0.8424,2064113.0
2025-10-01 21:15:00+00:00,0.8424,0.8432,0.8394,0.8407,4306870.0
2025-10-01 21:30:00+00:00,0.8407,0.8407,0.8384,0.8396,2854469.0
2025-10-01 21:45:00+00:00,0.8397,0.8412,0.8391,0.8406,1414913.0
2025-10-01 22:00:00+00:00,0.8406,0.8447,0.8406,0.8426,3494219.0
2025-10-01 22:15:00+00:00,0.8425,0.8431,0.8411,0.8423,1599678.0
2025-10-01 22:30:00+00:00,0.8423,0.8426,0.8405,0.8425,2135970.0
2025-10-01 22:45:00+00:00,0.8424,0.845,0.8424,0.8445,3135330.0
2025-10-01 23:00:00+00:00,0.8444,0.846,0.8433,0.8455,4134409.0
2025-10-01 23:15:00+00:00,0.8455,0.8476,0.8455,0.8471,4345586.0
2025-10-01 23:30:00+00:00,0.8472,0.8484,0.8465,0.8472,2372528.0
2025-10-01 23:45:00+00:00,0.8473,0.851,0.8467,0.8505,7601835.0
2025-10-02 00:00:00+00:00,0.8504,0.8552,0.8495,0.8543,16581310.0
2025-10-02 00:15:00+00:00,0.8542,0.8544,0.8516,0.8525,6789512.0
2025-10-02 00:30:00+00:00,0.8524,0.8527,0.8499,0.8507,8163423.0
2025-10-02 00:45:00+00:00,0.8507,0.8507,0.8482,0.8487,2950351.0
2025-10-02 01:00:00+00:00,0.8486,0.8514,0.8476,0.8507,4234800.0
2025-10-02 01:15:00+00:00,0.8506,0.8538,0.8492,0.8522,2868740.0
2025-10-02 01:30:00+00:00,0.8522,0.8542,0.8521,0.854,3227366.0
2025-10-02 01:45:00+00:00,0.8541,0.8589,0.8536,0.858,7612112.0
2025-10-02 02:00:00+00:00,0.8579,0.8591,0.8537,0.8561,7097288.0
2025-10-02 02:15:00+00:00,0.8561,0.8571,0.8546,0.8553,3424242.0
2025-10-02 02:30:00+00:00,0.8554,0.8596,0.8548,0.8583,4190872.0
2025-10-02 02:45:00+00:00,0.8582,0.86,0.8561,0.8575,4202123.0
2025-10-02 03:00:00+00:00,0.8576,0.8589,0.8566,0.8581,3298306.0
2025-10-02 03:15:00+00:00,0.8581,0.8583,0.8555,0.8567,3094465.0
2025-10-02 03:30:00+00:00,0.8568,0.8583,0.856,0.856,4441578.0
2025-10-02 03:45:00+00:00,0.8561,0.8562,0.8538,0.8546,3824491.0
2025-10-02 04:00:00+00:00,0.8546,0.8567,0.8536,0.8557,3240982.0
2025-10-02 04:15:00+00:00,0.8557,0.856,0.851,0.8515,3677884.0
2025-10-02 04:30:00+00:00,0.8516,0.8525,0.85,0.8518,3316357.0
2025-10-02 04:45:00+00:00,0.8518,0.8544,0.8512,0.8543,2378140.0
2025-10-02 05:00:00+00:00,0.8544,0.8554,0.853,0.8539,2027415.0
2025-10-02 05:15:00+00:00,0.854,0.8567,0.8518,0.8561,3132164.0
2025-10-02 05:30:00+00:00,0.8561,0.8567,0.8538,0.8548,2787755.0
2025-10-02 05:45:00+00:00,0.8548,0.855,0.8533,0.8536,1487299.0
2025-10-02 06:00:00+00:00,0.8536,0.8547,0.8527,0.8535,2166345.0
2025-10-02 06:15:00+00:00,0.8536,0.8572,0.8533,0.8558,3815080.0
2025-10-02 06:30:00+00:00,0.8559,0.8639,0.8556,0.861,12835517.0
2025-10-02 06:45:00+00:00,0.8611,0.8615,0.8588,0.8602,4446475.0
2025-10-02 07:00:00+00:00,0.8603,0.8633,0.8594,0.8595,5396997.0
2025-10-02 07:15:00+00:00,0.8596,0.8601,0.8562,0.8563,3611145.0
2025-10-02 07:30:00+00:00,0.8563,0.8571,0.8554,0.8554,2751429.0
2025-10-02 07:45:00+00:00,0.8554,0.8563,0.8526,0.8538,4472481.0
2025-10-02 08:00:00+00:00,0.8539,0.8567,0.8538,0.8542,4247502.0
2025-10-02 08:15:00+00:00,0.8542,0.856,0.8539,0.8557,1654413.0
2025-10-02 08:30:00+00:00,0.8558,0.8563,0.8544,0.8561,2287137.0
2025-10-02 08:45:00+00:00,0.8562,0.8569,0.8555,0.8558,1414267.0
2025-10-02 09:00:00+00:00,0.8558,0.8559,0.853,0.8538,2202749.0
2025-10-02 09:15:00+00:00,0.8539,0.8572,0.8536,0.8562,2646983.0
2025-10-02 09:30:00+00:00,0.8562,0.8566,0.8527,0.8537,3370852.0
2025-10-02 09:45:00+00:00,0.8538,0.8552,0.8534,0.8547,1737572.0
2025-10-02 10:00:00+00:00,0.8548,0.8555,0.8519,0.8529,2704007.0
2025-10-02 10:15:00+00:00,0.8528,0.8534,0.8489,0.8492,8902306.0
2025-10-02 10:30:00+00:00,0.8491,0.8532,0.8487,0.8531,5510865.0
2025-10-02 10:45:00+00:00,0.8531,0.8533,0.8519,0.852,2021320.0
2025-10-02 11:00:00+00:00,0.8519,0.8529,0.8509,0.8516,2983109.0
2025-10-02 11:15:00+00:00,0.8516,0.8538,0.8512,0.8525,3001453.0
2025-10-02 11:30:00+00:00,0.8524,0.8546,0.852,0.8536,2293979.0
2025-10-02 11:45:00+00:00,0.8536,0.8557,0.8492,0.8497,8803083.0
2025-10-02 12:00:00+00:00,0.8496,0.852,0.8484,0.8519,6476789.0
2025-10-02 12:15:00+00:00,0.8519,0.8528,0.8509,0.852,3017173.0
2025-10-02 12:30:00+00:00,0.8521,0.8541,0.8497,0.8529,5878908.0
2025-10-02 12:45:00+00:00,0.8529,0.8554,0.8516,0.8549,3563045.0
2025-10-02 13:00:00+00:00,0.8549,0.8562,0.8513,0.8514,4890919.0
2025-10-02 13:15:00+00:00,0.8514,0.8517,0.8455,0.8512,8813562.0
2025-10-02 13:30:00+00:00,0.8513,0.8536,0.8478,0.8507,6249575.0
2025-10-02 13:45:00+00:00,0.8507,0.8535,0.8493,0.853,5938853.0
2025-10-02 14:00:00+00:00,0.8531,0.8536,0.8479,0.8488,5870474.0
2025-10-02 14:15:00+00:00,0.8489,0.8515,0.8476,0.8513,5354885.0
2025-10-02 14:30:00+00:00,0.8512,0.8523,0.8421,0.8434,11772081.0
2025-10-02 14:45:00+00:00,0.8433,0.8445,0.8373,0.8409,27560623.0
2025-10-02 15:00:00+00:00,0.8409,0.8453,0.8358,0.8445,17249104.0
2025-10-02 15:15:00+00:00,0.8444,0.8481,0.8443,0.8473,8140074.0
2025-10-02 15:30:00+00:00,0.8474,0.8498,0.844,0.8483,9043847.0
2025-10-02 15:45:00+00:00,0.8482,0.8538,0.8481,0.8534,7729893.0
2025-10-02 16:00:00+00:00,0.8534,0.861,0.8523,0.8596,16851678.0
2025-10-02 16:15:00+00:00,0.8596,0.8605,0.8567,0.8585,11022109.0
2025-10-02 16:30:00+00:00,0.8586,0.8608,0.8527,0.8543,7185241.0
2025-10-02 16:45:00+00:00,0.8544,0.8597,0.8541,0.8584,6442990.0
2025-10-02 17:00:00+00:00,0.8584,0.8607,0.8571,0.8606,5332256.0
2025-10-02 17:15:00+00:00,0.8606,0.8614,0.8557,0.8587,5991982.0
2025-10-02 17:30:00+00:00,0.8587,0.8626,0.8575,0.8616,6070950.0
2025-10-02 17:45:00+00:00,0.8616,0.8642,0.8606,0.8607,5879007.0
2025-10-02 18:00:00+00:00,0.8607,0.8668,0.8607,0.8653,9741291.0
2025-10-02 18:15:00+00:00,0.8652,0.8686,0.8647,0.8683,5310301.0
2025-10-02 18:30:00+00:00,0.8683,0.8695,0.866,0.8669,8509791.0
2025-10-02 18:45:00+00:00,0.867,0.8729,0.8667,0.8709,10859691.0
2025-10-02 19:00:00+00:00,0.8709,0.8773,0.8699,0.8772,12743883.0
2025-10-02 19:15:00+00:00,0.8773,0.8773,0.8732,0.8742,6722662.0
2025-10-02 19:30:00+00:00,0.8743,0.8764,0.8735,0.8749,3732028.0
2025-10-02 19:45:00+00:00,0.875,0.8772,0.8736,0.874,4149038.0
2025-10-02 20:00:00+00:00,0.8741,0.8749,0.8708,0.8709,6969723.0
2025-10-02 20:15:00+00:00,0.8708,0.8735,0.8681,0.8686,6392732.0
2025-10-02 20:30:00+00:00,0.8686,0.8699,0.8658,0.8696,5082212.0
2025-10-02 20:45:00+00:00,0.8696,0.8708,0.8686,0.8706,3365968.0
2025-10-02 21:00:00+00:00,0.8706,0.8744,0.8696,0.8742,5253080.0
2025-10-02 21:15:00+00:00,0.8741,0.8747,0.8684,0.8694,6667969.0
2025-10-02 21:30:00+00:00,0.8694,0.8695,0.8672,0.8682,2897866.0
2025-10-02 21:45:00+00:00,0.8683,0.8704,0.8682,0.8685,2179509.0
2025-10-02 22:00:00+00:00,0.8684,0.8709,0.8676,0.8695,3290736.0
2025-10-02 22:15:00+00:00,0.8694,0.8695,0.8656,0.8673,4669015.0
2025-10-02 22:30:00+00:00,0.8673,0.8682,0.8654,0.8659,2415883.0
2025-10-02 22:45:00+00:00,0.866,0.8665,0.8642,0.8653,3313228.0
2025-10-02 23:00:00+00:00,0.8653,0.8698,0.8652,0.8691,4735812.0
2025-10-02 23:15:00+00:00,0.8692,0.8694,0.8668,0.8679,2969507.0
2025-10-02 23:30:00+00:00,0.8679,0.8689,0.8666,0.8677,3857694.0
2025-10-02 23:45:00+00:00,0.8677,0.8712,0.8667,0.8703,3791024.0
2025-10-03 00:00:00+00:00,0.8703,0.8709,0.8619,0.864,8910000.0
2025-10-03 00:15:00+00:00,0.864,0.8665,0.8638,0.8664,3709984.0
2025-10-03 00:30:00+00:00,0.8664,0.8664,0.862,0.8625,3277215.0
2025-10-03 00:45:00+00:00,0.8626,0.8642,0.8609,0.8624,3043778.0
2025-10-03 01:00:00+00:00,0.8624,0.865,0.8612,0.8616,3602586.0
2025-10-03 01:15:00+00:00,0.8616,0.8633,0.858,0.8594,6549743.0
2025-10-03 01:30:00+00:00,0.8594,0.8618,0.8583,0.859,4640383.0
2025-10-03 01:45:00+00:00,0.859,0.8604,0.8543,0.8561,5863389.0
2025-10-03 02:00:00+00:00,0.856,0.8615,0.8553,0.8615,4991891.0
2025-10-03 02:15:00+00:00,0.8615,0.8625,0.8585,0.8589,2759497.0
2025-10-03 02:30:00+00:00,0.8588,0.8625,0.8577,0.8612,4653210.0
2025-10-03 02:45:00+00:00,0.8611,0.8628,0.859,0.8622,2537060.0
2025-10-03 03:00:00+00:00,0.8621,0.8676,0.8616,0.8648,6466638.0
2025-10-03 03:15:00+00:00,0.8648,0.8684,0.8641,0.8643,3955407.0
2025-10-03 03:30:00+00:00,0.8644,0.8655,0.8635,0.8636,2325047.0
2025-10-03 03:45:00+00:00,0.8635,0.8652,0.8606,0.8615,3829062.0
2025-10-03 04:00:00+00:00,0.8615,0.8645,0.8603,0.8644,2894483.0
2025-10-03 04:15:00+00:00,0.8644,0.867,0.864,0.8655,2375919.0
2025-10-03 04:30:00+00:00,0.8654,0.8655,0.8617,0.8634,3060436.0
2025-10-03 04:45:00+00:00,0.8634,0.864,0.8625,0.8639,2024797.0
2025-10-03 05:00:00+00:00,0.8639,0.8644,0.8598,0.8613,3875371.0
2025-10-03 05:15:00+00:00,0.8613,0.8619,0.86,0.8602,2992206.0
2025-10-03 05:30:00+00:00,0.8601,0.8605,0.8575,0.8583,4320257.0
2025-10-03 05:45:00+00:00,0.8583,0.8608,0.8573,0.8603,3805779.0
2025-10-03 06:00:00+00:00,0.8602,0.8611,0.859,0.8608,2492070.0
2025-10-03 06:15:00+00:00,0.8608,0.8617,0.8602,0.8613,1269694.0
2025-10-03 06:30:00+00:00,0.8613,0.8631,0.8611,0.8621,2493194.0
2025-10-03 06:45:00+00:00,0.862,0.862,0.8544,0.8577,8730124.0
2025-10-03 07:00:00+00:00,0.8576,0.8584,0.8547,0.8566,5100892.0
2025-10-03 07:15:00+00:00,0.8565,0.8583,0.8536,0.8539,4450276.0
2025-10-03 07:30:00+00:00,0.8539,0.8565,0.8535,0.8551,3649651.0
2025-10-03 07:45:00+00:00,0.8551,0.8575,0.8541,0.8568,2727097.0
2025-10-03 08:00:00+00:00,0.8567,0.8574,0.8542,0.8545,2520317.0
2025-10-03 08:15:00+00:00,0.8544,0.8572,0.851,0.8563,7431053.0
2025-10-03 08:30:00+00:00,0.8563,0.8581,0.8557,0.8576,2911195.0
2025-10-03 08:45:00+00:00,0.8576,0.8596,0.8573,0.8593,3310761.0
2025-10-03 09:00:00+00:00,0.8593,0.8599,0.8555,0.8564,3738633.0
2025-10-03 09:15:00+00:00,0.8564,0.8598,0.8549,0.8593,3823550.0
2025-10-03 09:30:00+00:00,0.8593,0.8597,0.8563,0.8574,2120759.0
2025-10-03 09:45:00+00:00,0.8574,0.8592,0.8571,0.8581,2062105.0
2025-10-03 10:00:00+00:00,0.8582,0.8582,0.8565,0.8572,2394037.0
2025-10-03 10:15:00+00:00,0.8573,0.8592,0.8567,0.8587,2722818.0
2025-10-03 10:30:00+00:00,0.8587,0.8592,0.8569,0.8585,2928122.0
2025-10-03 10:45:00+00:00,0.8585,0.8591,0.8574,0.8575,1802531.0
2025-10-03 11:00:00+00:00,0.8575,0.8581,0.8539,0.8545,2986898.0
2025-10-03 11:15:00+00:00,0.8546,0.855,0.8517,0.8537,4697611.0
2025-10-03 11:30:00+00:00,0.8537,0.8549,0.8528,0.8546,2498659.0
2025-10-03 11:45:00+00:00,0.8545,0.8553,0.8535,0.8539,1753806.0
2025-10-03 12:00:00+00:00,0.854,0.8543,0.8519,0.854,4903396.0
2025-10-03 12:15:00+00:00,0.8541,0.8563,0.8527,0.8531,3006773.0
2025-10-03 12:30:00+00:00,0.853,0.8564,0.8526,0.8547,2873565.0
2025-10-03 12:45:00+00:00,0.8546,0.8553,0.8531,0.8537,1814587.0
2025-10-03 13:00:00+00:00,0.8537,0.8537,0.8478,0.8502,10672850.0
2025-10-03 13:15:00+00:00,0.8503,0.857,0.8499,0.8564,3837213.0
2025-10-03 13:30:00+00:00,0.8563,0.8597,0.8521,0.8541,9516843.0
2025-10-03 13:45:00+00:00,0.8541,0.8576,0.8539,0.8552,6328293.0
2025-10-03 14:00:00+00:00,0.8552,0.8554,0.8509,0.8528,7511481.0
2025-10-03 14:15:00+00:00,0.8528,0.856,0.8484,0.8556,7646904.0
2025-10-03 14:30:00+00:00,0.8556,0.8582,0.8535,0.8568,4549034.0
2025-10-03 14:45:00+00:00,0.8569,0.8618,0.8565,0.8591,8110053.0
2025-10-03 15:00:00+00:00,0.8592,0.8592,0.8569,0.8583,5035715.0
2025-10-03 15:15:00+00:00,0.8583,0.8652,0.8583,0.8623,8265849.0
2025-10-03 15:30:00+00:00,0.8623,0.8684,0.8622,0.8675,9877289.0
2025-10-03 15:45:00+00:00,0.8675,0.8737,0.8672,0.8729,12271786.0
2025-10-03 16:00:00+00:00,0.8729,0.8863,0.8729,0.8817,34117093.0
2025-10-03 16:15:00+00:00,0.8817,0.8866,0.8789,0.8851,17269362.0
2025-10-03 16:30:00+00:00,0.8851,0.8919,0.8834,0.8919,17822846.0
2025-10-03 16:45:00+00:00,0.8919,0.8921,0.8756,0.8772,21550686.0
2025-10-03 17:00:00+00:00,0.8771,0.8774,0.8565,0.8723,54186615.0
2025-10-03 17:15:00+00:00,0.8723,0.8729,0.8662,0.8671,24507070.0
2025-10-03 17:30:00+00:00,0.867,0.8719,0.8653,0.869,8151603.0
2025-10-03 17:45:00+00:00,0.8691,0.8694,0.8591,0.8617,12066422.0
2025-10-03 18:00:00+00:00,0.8618,0.8656,0.8571,0.8644,10470639.0
2025-10-03 18:15:00+00:00,0.8645,0.8698,0.8639,0.8691,4921005.0
2025-10-03 18:30:00+00:00,0.8692,0.8716,0.8665,0.8701,7734310.0
2025-10-03 18:45:00+00:00,0.87,0.8728,0.8691,0.872,4702743.0
2025-10-03 19:00:00+00:00,0.872,0.8726,0.8691,0.8711,6106174.0
2025-10-03 19:15:00+00:00,0.871,0.8762,0.871,0.8755,10271439.0
2025-10-03 19:30:00+00:00,0.8756,0.8761,0.8725,0.8731,3614188.0
2025-10-03 19:45:00+00:00,0.8731,0.8732,0.8692,0.87,3829730.0
2025-10-03 20:00:00+00:00,0.87,0.8706,0.8656,0.8672,6785504.0
2025-10-03 20:15:00+00:00,0.8671,0.8702,0.866,0.8685,2499016.0
2025-10-03 20:30:00+00:00,0.8685,0.8721,0.8685,0.8721,2615760.0
2025-10-03 20:45:00+00:00,0.8721,0.8725,0.8702,0.8716,1825473.0
2025-10-03 21:00:00+00:00,0.8716,0.8729,0.8706,0.8719,1515339.0
2025-10-03 21:15:00+00:00,0.8718,0.872,0.8692,0.8716,2266665.0
2025-10-03 21:30:00+00:00,0.8715,0.8725,0.8677,0.8687,3005906.0
2025-10-03 21:45:00+00:00,0.8687,0.8697,0.8669,0.8688,1470536.0
2025-10-03 22:00:00+00:00,0.8688,0.8719,0.8688,0.8716,3054119.0
2025-10-03 22:15:00+00:00,0.8717,0.8737,0.8712,0.8731,1558645.0
2025-10-03 22:30:00+00:00,0.8731,0.8732,0.8715,0.8718,1449440.0
2025-10-03 22:45:00+00:00,0.8717,0.8725,0.87,0.8702,3294255.0
2025-10-03 23:00:00+00:00,0.8703,0.8705,0.8673,0.8675,3755319.0
2025-10-03 23:15:00+00:00,0.8674,0.8689,0.8663,0.8665,2446233.0
2025-10-03 23:30:00+00:00,0.8664,0.8686,0.8654,0.8678,2306692.0
2025-10-03 23:45:00+00:00,0.8678,0.8679,0.8645,0.8653,2162230.0
2025-10-04 00:00:00+00:00,0.8654,0.8687,0.8646,0.8676,5656179.0
2025-10-04 00:15:00+00:00,0.8676,0.8686,0.8627,0.8629,2664393.0
2025-10-04 00:30:00+00:00,0.8629,0.8639,0.8608,0.8624,4811585.0
2025-10-04 00:45:00+00:00,0.8624,0.8634,0.8614,0.8627,2829853.0
2025-10-04 01:00:00+00:00,0.8626,0.8628,0.8586,0.8589,5745265.0
2025-10-04 01:15:00+00:00,0.8589,0.8603,0.8581,0.8587,2531450.0
2025-10-04 01:30:00+00:00,0.8587,0.8596,0.8571,0.8579,3417016.0
2025-10-04 01:45:00+00:00,0.8579,0.8586,0.8554,0.8566,5757817.0
2025-10-04 02:00:00+00:00,0.8566,0.8592,0.8534,0.8545,6528510.0
2025-10-04 02:15:00+00:00,0.8546,0.855,0.8522,0.8545,4646469.0
2025-10-04 02:30:00+00:00,0.8546,0.8555,0.8536,0.8542,2720733.0
2025-10-04 02:45:00+00:00,0.8541,0.8558,0.8536,0.854,2972619.0
2025-10-04 03:00:00+00:00,0.854,0.8548,0.8501,0.8503,4229303.0
2025-10-04 03:15:00+00:00,0.8504,0.8532,0.8493,0.8531,4424295.0
2025-10-04 03:30:00+00:00,0.8531,0.8547,0.8527,0.854,2989791.0
2025-10-04 03:45:00+00:00,0.854,0.8547,0.8531,0.8544,2383218.0
2025-10-04 04:00:00+00:00,0.8543,0.8561,0.8537,0.855,3328419.0
2025-10-04 04:15:00+00:00,0.8551,0.8555,0.8529,0.8532,2730873.0
2025-10-04 04:30:00+00:00,0.8531,0.8553,0.8526,0.8549,1562634.0
2025-10-04 04:45:00+00:00,0.8549,0.856,0.8545,0.8549,2191093.0
2025-10-04 05:00:00+00:00,0.855,0.8568,0.8544,0.8565,2847598.0
2025-10-04 05:15:00+00:00,0.8564,0.8573,0.8553,0.856,2529392.0
2025-10-04 05:30:00+00:00,0.856,0.8563,0.8537,0.8539,2163880.0
2025-10-04 05:45:00+00:00,0.8539,0.8566,0.8532,0.8561,1995253.0
2025-10-04 06:00:00+00:00,0.8561,0.8572,0.855,0.8557,2625288.0
2025-10-04 06:15:00+00:00,0.8556,0.8586,0.8555,0.8567,2537150.0
2025-10-04 06:30:00+00:00,0.8566,0.8576,0.8555,0.856,2571233.0
2025-10-04 06:45:00+00:00,0.8559,0.8562,0.8554,0.856,1164218.0
2025-10-04 07:00:00+00:00,0.8561,0.8564,0.855,0.855,1494252.0
2025-10-04 07:15:00+00:00,0.855,0.8551,0.8532,0.8536,2999196.0
2025-10-04 07:30:00+00:00,0.8536,0.8547,0.853,0.8533,2369845.0
2025-10-04 07:45:00+00:00,0.8532,0.8533,0.8515,0.8522,2067910.0
2025-10-04 08:00:00+00:00,0.8522,0.8533,0.8516,0.8517,3457700.0
2025-10-04 08:15:00+00:00,0.8517,0.8522,0.8494,0.8506,5681227.0
2025-10-04 08:30:00+00:00,0.8506,0.8507,0.8455,0.8465,10426385.0
2025-10-04 08:45:00+00:00,0.8465,0.8475,0.8454,0.8465,5477570.0
2025-10-04 09:00:00+00:00,0.8465,0.8484,0.8449,0.8483,4123058.0
2025-10-04 09:15:00+00:00,0.8482,0.8492,0.847,0.848,2747447.0
2025-10-04 09:30:00+00:00,0.848,0.8483,0.8465,0.848,2301655.0
2025-10-04 09:45:00+00:00,0.848,0.8481,0.8439,0.8445,5743949.0
2025-10-04 10:00:00+00:00,0.8446,0.8479,0.8438,0.8464,3744067.0
2025-10-04 10:15:00+00:00,0.8464,0.848,0.846,0.848,1794347.0
2025-10-04 10:30:00+00:00,0.848,0.8481,0.8428,0.8442,3138832.0
2025-10-04 10:45:00+00:00,0.8442,0.845,0.8419,0.8426,4819128.0
2025-10-04 11:00:00+00:00,0.8425,0.8441,0.841,0.8412,3523744.0
2025-10-04 11:15:00+00:00,0.8412,0.8432,0.8405,0.843,3529377.0
2025-10-04 11:30:00+00:00,0.843,0.844,0.8415,0.8431,2111943.0
2025-10-04 11:45:00+00:00,0.8431,0.8447,0.8426,0.8428,2542865.0
2025-10-04 12:00:00+00:00,0.8428,0.8447,0.842,0.8443,2303809.0
2025-10-04 12:15:00+00:00,0.8443,0.8446,0.8436,0.8438,1812960.0
2025-10-04 12:30:00+00:00,0.8437,0.8448,0.8432,0.8434,1676654.0
2025-10-04 12:45:00+00:00,0.8433,0.8435,0.841,0.8418,2498889.0
2025-10-04 13:00:00+00:00,0.8419,0.8494,0.8414,0.8463,8930522.0
2025-10-04 13:15:00+00:00,0.8462,0.8481,0.8454,0.8457,3462785.0
2025-10-04 13:30:00+00:00,0.8457,0.8482,0.8456,0.8475,2619104.0
2025-10-04 13:45:00+00:00,0.8475,0.8482,0.8446,0.8454,3556176.0
2025-10-04 14:00:00+00:00,0.8454,0.8492,0.844,0.8486,6199763.0
2025-10-04 14:15:00+00:00,0.8486,0.8491,0.8459,0.8464,2489909.0
2025-10-04 14:30:00+00:00,0.8464,0.8466,0.8443,0.8443,1850796.0
2025-10-04 14:45:00+00:00,0.8443,0.8445,0.8378,0.8381,13913389.0
2025-10-04 15:00:00+00:00,0.838,0.8409,0.8373,0.8376,12962039.0
2025-10-04 15:15:00+00:00,0.8375,0.839,0.8327,0.8337,15891581.0
2025-10-04 15:30:00+00:00,0.8337,0.8363,0.833,0.8357,7903400.0
2025-10-04 15:45:00+00:00,0.8357,0.8381,0.8345,0.8352,5489563.0
2025-10-04 16:00:00+00:00,0.8351,0.8371,0.8347,0.8359,5610845.0
2025-10-04 16:15:00+00:00,0.836,0.8378,0.8344,0.837,8228935.0
2025-10-04 16:30:00+00:00,0.8369,0.8423,0.8355,0.8359,15861751.0
2025-10-04 16:45:00+00:00,0.8358,0.8375,0.8343,0.8374,4726762.0
2025-10-04 17:00:00+00:00,0.8374,0.839,0.8365,0.8366,5370595.0
2025-10-04 17:15:00+00:00,0.8366,0.8385,0.8362,0.8379,1924619.0
2025-10-04 17:30:00+00:00,0.8379,0.8389,0.8344,0.835,3725521.0
2025-10-04 17:45:00+00:00,0.835,0.8368,0.8342,0.8367,1609379.0
2025-10-04 18:00:00+00:00,0.8367,0.8378,0.836,0.8369,1364886.0
2025-10-04 18:15:00+00:00,0.8369,0.8374,0.8354,0.8368,1395815.0
2025-10-04 18:30:00+00:00,0.8368,0.8372,0.835,0.8362,1743302.0
2025-10-04 18:45:00+00:00,0.8361,0.8363,0.8351,0.8356,1215121.0
2025-10-04 19:00:00+00:00,0.8356,0.8378,0.8356,0.8377,1108939.0
2025-10-04 19:15:00+00:00,0.8377,0.8387,0.8371,0.8381,1715467.0
2025-10-04 19:30:00+00:00,0.8381,0.8385,0.8363,0.8363,1603398.0
2025-10-04 19:45:00+00:00,0.8363,0.8379,0.8362,0.8378,1199394.0
2025-10-04 20:00:00+00:00,0.8378,0.8395,0.8374,0.8386,2524123.0
2025-10-04 20:15:00+00:00,0.8387,0.841,0.8383,0.8402,2442628.0
2025-10-04 20:30:00+00:00,0.8402,0.8406,0.8393,0.84,2674562.0
2025-10-04 20:45:00+00:00,0.84,0.8406,0.838,0.838,1825019.0
2025-10-04 21:00:00+00:00,0.838,0.8404,0.8376,0.8403,2215860.0
2025-10-04 21:15:00+00:00,0.8403,0.8437,0.8395,0.843,3669058.0
2025-10-04 21:30:00+00:00,0.8431,0.8432,0.8416,0.8421,2265639.0
2025-10-04 21:45:00+00:00,0.8421,0.8424,0.8401,0.8402,1987022.0
2025-10-04 22:00:00+00:00,0.8402,0.842,0.8398,0.8403,3028659.0
2025-10-04 22:15:00+00:00,0.8403,0.8416,0.8388,0.8414,1916187.0
2025-10-04 22:30:00+00:00,0.8414,0.8432,0.8414,0.8426,1333224.0
2025-10-04 22:45:00+00:00,0.8426,0.8433,0.8413,0.8413,1852759.0
2025-10-04 23:00:00+00:00,0.8413,0.8415,0.8389,0.8391,2537399.0
2025-10-04 23:15:00+00:00,0.8391,0.8401,0.8388,0.8396,2311278.0
2025-10-04 23:30:00+00:00,0.8396,0.8407,0.8394,0.8406,2084491.0
2025-10-04 23:45:00+00:00,0.8407,0.8414,0.839,0.8391,1240674.0
2025-10-05 00:00:00+00:00,0.8391,0.8397,0.8373,0.8379,3835105.0
2025-10-05 00:15:00+00:00,0.8379,0.8424,0.8376,0.8418,3924945.0
2025-10-05 00:30:00+00:00,0.8418,0.842,0.8382,0.8383,3453834.0
2025-10-05 00:45:00+00:00,0.8383,0.8386,0.8346,0.8353,4977701.0
2025-10-05 01:00:00+00:00,0.8353,0.8392,0.8351,0.8384,3503163.0
2025-10-05 01:15:00+00:00,0.8383,0.8389,0.8355,0.8379,1777281.0
2025-10-05 01:30:00+00:00,0.8379,0.841,0.8376,0.8406,4281963.0
2025-10-05 01:45:00+00:00,0.8405,0.8414,0.8398,0.8404,1581645.0
2025-10-05 02:00:00+00:00,0.8403,0.8408,0.839,0.8405,1379599.0
2025-10-05 02:15:00+00:00,0.8405,0.843,0.8397,0.8429,2677398.0
2025-10-05 02:30:00+00:00,0.843,0.856,0.843,0.8512,34839463.0
2025-10-05 02:45:00+00:00,0.8512,0.8599,0.8512,0.8591,8948643.0
2025-10-05 03:00:00+00:00,0.8591,0.8632,0.8566,0.8586,16453685.0
2025-10-05 03:15:00+00:00,0.8586,0.8586,0.8546,0.8572,7633630.0
2025-10-05 03:30:00+00:00,0.8573,0.8598,0.8571,0.8583,5101033.0
2025-10-05 03:45:00+00:00,0.8584,0.8588,0.8537,0.8546,4342707.0
2025-10-05 04:00:00+00:00,0.8546,0.8586,0.8545,0.8581,6230428.0
2025-10-05 04:15:00+00:00,0.8582,0.86,0.8566,0.8579,3348042.0
2025-10-05 04:30:00+00:00,0.858,0.8597,0.8562,0.8585,5771790.0
2025-10-05 04:45:00+00:00,0.8586,0.8714,0.8585,0.8675,38461575.0
2025-10-05 05:00:00+00:00,0.8675,0.8716,0.8669,0.8699,15067808.0
2025-10-05 05:15:00+00:00,0.87,0.873,0.868,0.8727,8230946.0
2025-10-05 05:30:00+00:00,0.8728,0.8744,0.8696,0.8721,13128992.0
2025-10-05 05:45:00+00:00,0.8721,0.8727,0.8685,0.8727,4863712.0
2025-10-05 06:00:00+00:00,0.8727,0.8753,0.8711,0.8729,7295767.0
2025-10-05 06:15:00+00:00,0.8728,0.8734,0.8699,0.8724,4889595.0
2025-10-05 06:30:00+00:00,0.8725,0.8726,0.868,0.8701,5244472.0
2025-10-05 06:45:00+00:00,0.87,0.8706,0.8663,0.8671,3837344.0
2025-10-05 07:00:00+00:00,0.8672,0.8754,0.8669,0.8739,11151245.0
2025-10-05 07:15:00+00:00,0.8738,0.8768,0.8737,0.8745,7852668.0
2025-10-05 07:30:00+00:00,0.8745,0.8756,0.872,0.8742,5363837.0
2025-10-05 07:45:00+00:00,0.8743,0.8781,0.8737,0.878,6797057.0
2025-10-05 08:00:00+00:00,0.878,0.8825,0.8773,0.8774,15141518.0
2025-10-05 08:15:00+00:00,0.8775,0.881,0.8754,0.8788,6245213.0
2025-10-05 08:30:00+00:00,0.8789,0.8801,0.8755,0.8789,4725382.0
2025-10-05 08:45:00+00:00,0.8789,0.8793,0.8766,0.8774,3794496.0
2025-10-05 09:00:00+00:00,0.8774,0.879,0.8757,0.878,4033826.0
2025-10-05 09:15:00+00:00,0.8781,0.8787,0.8738,0.8751,6478175.0
2025-10-05 09:30:00+00:00,0.8752,0.8754,0.8667,0.8674,28374893.0
2025-10-05 09:45:00+00:00,0.8674,0.8702,0.8642,0.8662,22127431.0
2025-10-05 10:00:00+00:00,0.8662,0.8668,0.8597,0.8631,15744456.0
2025-10-05 10:15:00+00:00,0.8632,0.8675,0.8625,0.8638,7340615.0
2025-10-05 10:30:00+00:00,0.8639,0.8639,0.8594,0.8621,5711876.0
2025-10-05 10:45:00+00:00,0.8621,0.865,0.862,0.8625,3890161.0
2025-10-05 11:00:00+00:00,0.8625,0.8641,0.8573,0.8581,7974110.0
2025-10-05 11:15:00+00:00,0.8582,0.8636,0.8574,0.8629,6794383.0
2025-10-05 11:30:00+00:00,0.863,0.8632,0.8595,0.8613,7863119.0
2025-10-05 11:45:00+00:00,0.8612,0.8639,0.861,0.8628,2858203.0
2025-10-05 12:00:00+00:00,0.8628,0.8628,0.8562,0.8588,10447229.0
2025-10-05 12:15:00+00:00,0.8587,0.8603,0.8568,0.8571,2800317.0
2025-10-05 12:30:00+00:00,0.8571,0.8596,0.8556,0.856,3249619.0
2025-10-05 12:45:00+00:00,0.856,0.8585,0.8553,0.8561,3222858.0
2025-10-05 13:00:00+00:00,0.8561,0.8591,0.8557,0.8585,3005905.0
2025-10-05 13:15:00+00:00,0.8585,0.8589,0.8559,0.8582,2931319.0
2025-10-05 13:30:00+00:00,0.8583,0.86,0.856,0.858,3601035.0
2025-10-05 13:45:00+00:00,0.8581,0.8593,0.8564,0.8577,2269866.0
2025-10-05 14:00:00+00:00,0.8578,0.8609,0.8575,0.8599,3372520.0
2025-10-05 14:15:00+00:00,0.86,0.8602,0.8572,0.8578,1972767.0
2025-10-05 14:30:00+00:00,0.8579,0.8583,0.8519,0.8534,9760013.0
2025-10-05 14:45:00+00:00,0.8533,0.8544,0.8507,0.8541,9280317.0
2025-10-05 15:00:00+00:00,0.854,0.8549,0.8526,0.8548,3515553.0
2025-10-05 15:15:00+00:00,0.8548,0.8576,0.8547,0.856,3617994.0
2025-10-05 15:30:00+00:00,0.8559,0.8559,0.8513,0.8534,5903969.0
2025-10-05 15:45:00+00:00,0.8533,0.8541,0.8527,0.8536,6842974.0
2025-10-05 16:00:00+00:00,0.8536,0.8562,0.8527,0.8543,4390249.0
2025-10-05 16:15:00+00:00,0.8544,0.855,0.8522,0.8523,3212448.0
2025-10-05 16:30:00+00:00,0.8523,0.8536,0.8505,0.8509,4708425.0
2025-10-05 16:45:00+00:00,0.8508,0.8535,0.8455,0.8529,20978940.0
2025-10-05 17:00:00+00:00,0.853,0.8549,0.8497,0.8509,6289095.0
2025-10-05 17:15:00+00:00,0.8508,0.853,0.8492,0.8497,3081964.0
2025-10-05 17:30:00+00:00,0.8496,0.8496,0.846,0.8474,3690879.0
2025-10-05 17:45:00+00:00,0.8474,0.8479,0.8422,0.8438,7761179.0
2025-10-05 18:00:00+00:00,0.8438,0.8458,0.8401,0.8409,13780962.0
2025-10-05 18:15:00+00:00,0.8409,0.8423,0.839,0.8416,12210237.0
2025-10-05 18:30:00+00:00,0.8415,0.8447,0.8412,0.8435,4294129.0
2025-10-05 18:45:00+00:00,0.8435,0.8448,0.8423,0.8428,3691261.0
2025-10-05 19:00:00+00:00,0.8428,0.8429,0.8263,0.8317,60151118.0
2025-10-05 19:15:00+00:00,0.8318,0.8361,0.8302,0.8344,9689867.0
2025-10-05 19:30:00+00:00,0.8345,0.835,0.8322,0.8325,4475490.0
2025-10-05 19:45:00+00:00,0.8324,0.8331,0.8291,0.8299,7095018.0
2025-10-05 20:00:00+00:00,0.83,0.8333,0.8273,0.832,8705094.0
2025-10-05 20:15:00+00:00,0.8321,0.8333,0.8303,0.8327,3884643.0
2025-10-05 20:30:00+00:00,0.8327,0.8374,0.8327,0.8363,6643638.0
2025-10-05 20:45:00+00:00,0.8364,0.8373,0.834,0.8341,4456240.0
2025-10-05 21:00:00+00:00,0.834,0.8351,0.8321,0.8342,5353614.0
2025-10-05 21:15:00+00:00,0.8341,0.8364,0.8328,0.8357,5005113.0
2025-10-05 21:30:00+00:00,0.8356,0.8361,0.833,0.8357,6025641.0
2025-10-05 21:45:00+00:00,0.8357,0.8368,0.835,0.836,1848635.0
2025-10-05 22:00:00+00:00,0.836,0.8397,0.8324,0.8329,7131683.0
2025-10-05 22:15:00+00:00,0.833,0.8372,0.8324,0.8358,4157917.0
2025-10-05 22:30:00+00:00,0.8359,0.8371,0.8355,0.8362,1911655.0
2025-10-05 22:45:00+00:00,0.8362,0.8368,0.8357,0.8363,2331896.0
2025-10-05 23:00:00+00:00,0.8363,0.8381,0.8355,0.837,4850902.0
2025-10-05 23:15:00+00:00,0.8369,0.8391,0.8368,0.8384,4916904.0
2025-10-05 23:30:00+00:00,0.8385,0.8398,0.8367,0.8367,5832172.0
2025-10-05 23:45:00+00:00,0.8368,0.8379,0.8361,0.8366,1964400.0
2025-10-06 00:00:00+00:00,0.8365,0.8371,0.8311,0.8356,9694661.0
2025-10-06 00:15:00+00:00,0.8357,0.8444,0.8342,0.8364,22684913.0
2025-10-06 00:30:00+00:00,0.8364,0.8401,0.8355,0.8381,6421247.0
2025-10-06 00:45:00+00:00,0.8382,0.8387,0.8323,0.8349,7000873.0
2025-10-06 01:00:00+00:00,0.8348,0.839,0.8318,0.8375,5723916.0
2025-10-06 01:15:00+00:00,0.8374,0.8437,0.8348,0.842,10140437.0
2025-10-06 01:30:00+00:00,0.8419,0.8451,0.8391,0.84,8903860.0
2025-10-06 01:45:00+00:00,0.8399,0.8406,0.8385,0.8394,4644238.0
2025-10-06 02:00:00+00:00,0.8394,0.841,0.8372,0.8389,3594052.0
2025-10-06 02:15:00+00:00,0.8388,0.8407,0.8376,0.8378,4010145.0
2025-10-06 02:30:00+00:00,0.8378,0.8387,0.8343,0.8383,5537869.0
2025-10-06 02:45:00+00:00,0.8382,0.8444,0.8382,0.84,7563753.0
2025-10-06 03:00:00+00:00,0.8399,0.8413,0.8392,0.8412,3159787.0
2025-10-06 03:15:00+00:00,0.8411,0.8417,0.8395,0.8408,2072034.0
2025-10-06 03:30:00+00:00,0.8408,0.8419,0.8391,0.8396,2144165.0
2025-10-06 03:45:00+00:00,0.8396,0.8402,0.8381,0.8395,3064063.0
2025-10-06 04:00:00+00:00,0.8394,0.8405,0.8378,0.8403,6338844.0
2025-10-06 04:15:00+00:00,0.8402,0.8424,0.8399,0.8424,3144299.0
2025-10-06 04:30:00+00:00,0.8424,0.8426,0.8385,0.8393,2744644.0
2025-10-06 04:45:00+00:00,0.8393,0.8404,0.8377,0.8383,3903761.0
2025-10-06 05:00:00+00:00,0.8383,0.8386,0.8358,0.8361,3270834.0
2025-10-06 05:15:00+00:00,0.836,0.8408,0.8359,0.8407,3856336.0
2025-10-06 05:30:00+00:00,0.8407,0.8411,0.8378,0.8398,2555207.0
2025-10-06 05:45:00+00:00,0.8398,0.8424,0.8397,0.842,2622018.0
2025-10-06 06:00:00+00:00,0.842,0.8456,0.8419,0.8443,7479889.0
2025-10-06 06:15:00+00:00,0.8443,0.8464,0.8423,0.8458,4567049.0
2025-10-06 06:30:00+00:00,0.8459,0.8498,0.8457,0.8474,7785394.0
2025-10-06 06:45:00+00:00,0.8473,0.8477,0.8438,0.8455,3435236.0
2025-10-06 07:00:00+00:00,0.8455,0.8483,0.8448,0.8481,4050423.0
2025-10-06 07:15:00+00:00,0.848,0.8492,0.8465,0.8476,3117224.0
2025-10-06 07:30:00+00:00,0.8476,0.848,0.8392,0.8414,9859445.0
2025-10-06 07:45:00+00:00,0.8413,0.8425,0.8389,0.8424,4117785.0
2025-10-06 08:00:00+00:00,0.8425,0.8465,0.8425,0.8457,5473183.0
2025-10-06 08:15:00+00:00,0.8456,0.8471,0.8445,0.8467,3937268.0
2025-10-06 08:30:00+00:00,0.8467,0.8501,0.8466,0.8478,6679293.0
2025-10-06 08:45:00+00:00,0.8477,0.8521,0.8472,0.8514,6065060.0
2025-10-06 09:00:00+00:00,0.8515,0.853,0.8509,0.8512,5306782.0
2025-10-06 09:15:00+00:00,0.8511,0.8522,0.8493,0.8504,4276388.0
2025-10-06 09:30:00+00:00,0.8504,0.8504,0.8481,0.8486,3892001.0
2025-10-06 09:45:00+00:00,0.8485,0.8509,0.8484,0.8501,3343036.0
2025-10-06 10:00:00+00:00,0.8502,0.8509,0.8481,0.849,3602586.0
2025-10-06 10:15:00+00:00,0.849,0.8509,0.848,0.8503,2707278.0
2025-10-06 10:30:00+00:00,0.8504,0.8515,0.8494,0.8498,3323863.0
2025-10-06 10:45:00+00:00,0.8499,0.8525,0.8499,0.8509,3368492.0
2025-10-06 11:00:00+00:00,0.8509,0.851,0.8481,0.8492,3459509.0
2025-10-06 11:15:00+00:00,0.8492,0.8543,0.849,0.8533,4527400.0
2025-10-06 11:30:00+00:00,0.8534,0.8546,0.8496,0.852,5161649.0
2025-10-06 11:45:00+00:00,0.8521,0.853,0.8496,0.8505,2462152.0
2025-10-06 12:00:00+00:00,0.8506,0.8542,0.8506,0.8538,4464558.0
2025-10-06 12:15:00+00:00,0.8538,0.8558,0.8536,0.8536,5654641.0
2025-10-06 12:30:00+00:00,0.8537,0.8552,0.8516,0.8522,6214409.0
2025-10-06 12:45:00+00:00,0.8522,0.8549,0.8521,0.8541,3201363.0
2025-10-06 13:00:00+00:00,0.854,0.8575,0.8539,0.8552,7114084.0
2025-10-06 13:15:00+00:00,0.8553,0.8592,0.8537,0.8573,7743449.0
2025-10-06 13:30:00+00:00,0.8573,0.8615,0.854,0.8565,16599047.0
2025-10-06 13:45:00+00:00,0.8564,0.8651,0.8545,0.8646,15521126.0
2025-10-06 14:00:00+00:00,0.8645,0.8692,0.8636,0.8655,17676675.0
2025-10-06 14:15:00+00:00,0.8655,0.8682,0.8606,0.8646,11290041.0
2025-10-06 14:30:00+00:00,0.8647,0.87,0.8642,0.8655,13101322.0
2025-10-06 14:45:00+00:00,0.8655,0.8682,0.8606,0.8623,10176708.0
2025-10-06 15:00:00+00:00,0.8622,0.8676,0.8621,0.8672,8584419.0
2025-10-06 15:15:00+00:00,0.8673,0.8803,0.8671,0.8798,40230346.0
2025-10-06 15:30:00+00:00,0.8797,0.881,0.8739,0.8747,27993450.0
2025-10-06 15:45:00+00:00,0.8746,0.8766,0.8728,0.8731,9861255.0
2025-10-06 16:00:00+00:00,0.8731,0.8776,0.8695,0.8714,15139928.0
2025-10-06 16:15:00+00:00,0.8713,0.8743,0.8697,0.8717,7351115.0
2025-10-06 16:30:00+00:00,0.8716,0.8742,0.8707,0.8734,4286077.0
2025-10-06 16:45:00+00:00,0.8735,0.8735,0.87,0.8732,4421231.0
2025-10-06 17:00:00+00:00,0.8731,0.875,0.8713,0.8741,6484724.0
2025-10-06 17:15:00+00:00,0.8741,0.8797,0.8739,0.8782,8191944.0
2025-10-06 17:30:00+00:00,0.8783,0.8797,0.8725,0.8767,11381148.0
2025-10-06 17:45:00+00:00,0.8768,0.8796,0.8744,0.8759,9421673.0
2025-10-06 18:00:00+00:00,0.8758,0.8795,0.8755,0.879,6820759.0
2025-10-06 18:15:00+00:00,0.879,0.8797,0.8775,0.8787,4651225.0
2025-10-06 18:30:00+00:00,0.8787,0.8795,0.876,0.8774,5207669.0
2025-10-06 18:45:00+00:00,0.8773,0.8807,0.8771,0.8795,5759242.0
2025-10-06 19:00:00+00:00,0.8794,0.8808,0.8774,0.8797,5325762.0
2025-10-06 19:15:00+00:00,0.8797,0.8805,0.8766,0.8781,5394832.0
2025-10-06 19:30:00+00:00,0.878,0.8793,0.8747,0.8759,5753190.0
2025-10-06 19:45:00+00:00,0.8758,0.8783,0.8751,0.8775,7324825.0
2025-10-06 20:00:00+00:00,0.8775,0.881,0.8774,0.8781,5511736.0
2025-10-06 20:15:00+00:00,0.878,0.8782,0.8735,0.875,10821101.0
2025-10-06 20:30:00+00:00,0.875,0.8771,0.873,0.8733,7444023.0
2025-10-06 20:45:00+00:00,0.8732,0.8748,0.8729,0.8731,5190659.0
2025-10-06 21:00:00+00:00,0.873,0.8755,0.8722,0.8722,5699509.0
2025-10-06 21:15:00+00:00,0.8723,0.874,0.8684,0.8736,13971260.0
2025-10-06 21:30:00+00:00,0.8737,0.8769,0.8719,0.8764,6802500.0
2025-10-06 21:45:00+00:00,0.8763,0.877,0.8738,0.8766,3022361.0
2025-10-06 22:00:00+00:00,0.8765,0.8798,0.8762,0.8774,5003413.0
2025-10-06 22:15:00+00:00,0.8774,0.8777,0.8758,0.8774,4089121.0
2025-10-06 22:30:00+00:00,0.8773,0.8777,0.8747,0.8758,5586610.0
2025-10-06 22:45:00+00:00,0.8757,0.8778,0.8753,0.8774,3191552.0
2025-10-06 23:00:00+00:00,0.8773,0.8787,0.869,0.8702,16052570.0
2025-10-06 23:15:00+00:00,0.8703,0.8724,0.8665,0.872,15876837.0
2025-10-06 23:30:00+00:00,0.872,0.8736,0.8714,0.8716,4890932.0
2025-10-06 23:45:00+00:00,0.8716,0.8728,0.8708,0.8716,2658194.0
2025-10-07 00:00:00+00:00,0.8716,0.8754,0.871,0.8733,4971332.0
2025-10-07 00:15:00+00:00,0.8732,0.8738,0.8708,0.8714,3827798.0
2025-10-07 00:30:00+00:00,0.8713,0.8766,0.8713,0.8761,3056026.0
2025-10-07 00:45:00+00:00,0.8761,0.8764,0.8724,0.8761,3337450.0
2025-10-07 01:00:00+00:00,0.8761,0.878,0.8746,0.8746,3869462.0
2025-10-07 01:15:00+00:00,0.8745,0.8748,0.8693,0.8729,6286682.0
2025-10-07 01:30:00+00:00,0.8728,0.8737,0.8706,0.8736,2269767.0
2025-10-07 01:45:00+00:00,0.8735,0.8735,0.8709,0.8724,1957774.0
2025-10-07 02:00:00+00:00,0.8724,0.8738,0.8716,0.8719,2365992.0
2025-10-07 02:15:00+00:00,0.8718,0.873,0.8684,0.8723,4927112.0
2025-10-07 02:30:00+00:00,0.8722,0.8731,0.8677,0.8688,3736764.0
2025-10-07 02:45:00+00:00,0.8688,0.8714,0.8687,0.8705,3105975.0
2025-10-07 03:00:00+00:00,0.8705,0.8727,0.8696,0.8723,3013971.0
2025-10-07 03:15:00+00:00,0.8722,0.8722,0.8679,0.868,3104643.0
2025-10-07 03:30:00+00:00,0.8679,0.8689,0.8669,0.8683,3402938.0
2025-10-07 03:45:00+00:00,0.8683,0.8687,0.8673,0.8682,2798835.0
2025-10-07 04:00:00+00:00,0.8682,0.8683,0.8632,0.8636,9370933.0
2025-10-07 04:15:00+00:00,0.8636,0.8672,0.8618,0.867,8276974.0
2025-10-07 04:30:00+00:00,0.8671,0.8724,0.8668,0.8707,6855585.0
2025-10-07 04:45:00+00:00,0.8707,0.8748,0.8703,0.8716,4616088.0
2025-10-07 05:00:00+00:00,0.8715,0.8721,0.8685,0.8708,3105630.0
2025-10-07 05:15:00+00:00,0.8709,0.8739,0.869,0.8721,2315014.0
2025-10-07 05:30:00+00:00,0.8722,0.8746,0.8707,0.8737,3483641.0
2025-10-07 05:45:00+00:00,0.8736,0.8742,0.8703,0.872,4904672.0
2025-10-07 06:00:00+00:00,0.8721,0.8737,0.8681,0.8684,7304173.0
2025-10-07 06:15:00+00:00,0.8683,0.8684,0.8621,0.8625,8467388.0
2025-10-07 06:30:00+00:00,0.8624,0.8649,0.8573,0.8596,12453313.0
2025-10-07 06:45:00+00:00,0.8596,0.8606,0.857,0.8575,6634643.0
2025-10-07 07:00:00+00:00,0.8574,0.8604,0.8565,0.8574,6096585.0
2025-10-07 07:15:00+00:00,0.8575,0.8584,0.855,0.8583,7438048.0
2025-10-07 07:30:00+00:00,0.8584,0.8584,0.8539,0.8559,6654183.0
2025-10-07 07:45:00+00:00,0.8558,0.857,0.8549,0.8569,3825748.0
2025-10-07 08:00:00+00:00,0.8569,0.857,0.85,0.8513,16497624.0
2025-10-07 08:15:00+00:00,0.8512,0.8527,0.849,0.8505,8483312.0
2025-10-07 08:30:00+00:00,0.8506,0.8545,0.8477,0.8545,8157994.0
2025-10-07 08:45:00+00:00,0.8545,0.8575,0.8523,0.8554,7524257.0
2025-10-07 09:00:00+00:00,0.8555,0.8579,0.8543,0.857,5452726.0
2025-10-07 09:15:00+00:00,0.857,0.8571,0.8547,0.8554,4379456.0
2025-10-07 09:30:00+00:00,0.8554,0.8564,0.8539,0.8543,3017011.0
2025-10-07 09:45:00+00:00,0.8543,0.8559,0.854,0.8551,2239084.0
2025-10-07 10:00:00+00:00,0.8551,0.8592,0.8531,0.8587,6430187.0
2025-10-07 10:15:00+00:00,0.8587,0.8588,0.8552,0.8562,4934931.0
2025-10-07 10:30:00+00:00,0.8562,0.8597,0.8556,0.8573,3897092.0
2025-10-07 10:45:00+00:00,0.8574,0.8584,0.8567,0.8576,2816943.0
2025-10-07 11:00:00+00:00,0.8577,0.858,0.8552,0.8554,3660625.0
2025-10-07 11:15:00+00:00,0.8554,0.857,0.8553,0.8559,2884999.0
2025-10-07 11:30:00+00:00,0.8558,0.8583,0.8556,0.8564,3623116.0
2025-10-07 11:45:00+00:00,0.8565,0.8606,0.8563,0.8591,6197303.0
2025-10-07 12:00:00+00:00,0.8591,0.8607,0.8564,0.8586,5375532.0
2025-10-07 12:15:00+00:00,0.8586,0.8601,0.8563,0.8593,4636273.0
2025-10-07 12:30:00+00:00,0.8594,0.8611,0.8573,0.8609,6446698.0
2025-10-07 12:45:00+00:00,0.8609,0.8718,0.8608,0.8699,18401322.0
2025-10-07 13:00:00+00:00,0.87,0.871,0.8658,0.8671,11803275.0
2025-10-07 13:15:00+00:00,0.8671,0.8697,0.8656,0.8695,6855006.0
2025-10-07 13:30:00+00:00,0.8695,0.8698,0.8493,0.8547,40919364.0
2025-10-07 13:45:00+00:00,0.8547,0.8598,0.8493,0.8568,19755271.0
2025-10-07 14:00:00+00:00,0.8569,0.8577,0.8415,0.845,40758909.0
2025-10-07 14:15:00+00:00,0.845,0.8493,0.8411,0.8427,16256955.0
2025-10-07 14:30:00+00:00,0.8426,0.847,0.84,0.8432,17150599.0
2025-10-07 14:45:00+00:00,0.8431,0.8451,0.8382,0.8389,15931315.0
2025-10-07 15:00:00+00:00,0.839,0.8417,0.8284,0.8367,49931748.0
2025-10-07 15:15:00+00:00,0.8367,0.8401,0.8347,0.8359,11121769.0
2025-10-07 15:30:00+00:00,0.8359,0.8364,0.8276,0.8315,19206275.0
2025-10-07 15:45:00+00:00,0.8314,0.8338,0.8281,0.8328,15308883.0
2025-10-07 16:00:00+00:00,0.8327,0.8332,0.8275,0.8278,13574860.0
2025-10-07 16:15:00+00:00,0.8277,0.8309,0.826,0.828,14662290.0
2025-10-07 16:30:00+00:00,0.8281,0.837,0.8277,0.8354,13052126.0
2025-10-07 16:45:00+00:00,0.8354,0.8402,0.8344,0.8348,12130910.0
2025-10-07 17:00:00+00:00,0.8349,0.8367,0.8314,0.8322,9351160.0
2025-10-07 17:15:00+00:00,0.8322,0.8344,0.8309,0.8329,4536670.0
2025-10-07 17:30:00+00:00,0.833,0.8332,0.8301,0.8317,4929914.0
2025-10-07 17:45:00+00:00,0.8317,0.8336,0.8281,0.8283,5790208.0
2025-10-07 18:00:00+00:00,0.8283,0.8301,0.8272,0.8286,5480953.0
2025-10-07 18:15:00+00:00,0.8287,0.8293,0.8263,0.8283,5641567.0
2025-10-07 18:30:00+00:00,0.8283,0.8299,0.8264,0.8282,4920401.0
2025-10-07 18:45:00+00:00,0.8282,0.8287,0.8237,0.8239,8195523.0
2025-10-07 19:00:00+00:00,0.824,0.8289,0.8233,0.8249,12212400.0
2025-10-07 19:15:00+00:00,0.8249,0.8284,0.8235,0.8237,5926115.0
2025-10-07 19:30:00+00:00,0.8237,0.8263,0.8233,0.8237,4979240.0
2025-10-07 19:45:00+00:00,0.8237,0.8292,0.8226,0.825,6890267.0
2025-10-07 20:00:00+00:00,0.8251,0.8333,0.8243,0.8318,13690000.0
2025-10-07 20:15:00+00:00,0.8318,0.8335,0.8298,0.833,4413867.0
2025-10-07 20:30:00+00:00,0.8331,0.8345,0.8309,0.8309,4090272.0
2025-10-07 20:45:00+00:00,0.8309,0.8331,0.8281,0.8287,5705868.0
2025-10-07 21:00:00+00:00,0.8287,0.8311,0.8273,0.8292,4802051.0
2025-10-07 21:15:00+00:00,0.8292,0.8311,0.828,0.8297,5413625.0
2025-10-07 21:30:00+00:00,0.8298,0.8298,0.8243,0.8258,3715747.0
2025-10-07 21:45:00+00:00,0.8259,0.8264,0.8234,0.8252,4309657.0
2025-10-07 22:00:00+00:00,0.8252,0.8255,0.8215,0.824,6723742.0
2025-10-07 22:15:00+00:00,0.824,0.8274,0.8237,0.8242,7330536.0
2025-10-07 22:30:00+00:00,0.8242,0.8256,0.8219,0.824,3785583.0
2025-10-07 22:45:00+00:00,0.824,0.8244,0.8225,0.8236,2523509.0
2025-10-07 23:00:00+00:00,0.8237,0.8241,0.8206,0.8218,3746451.0
2025-10-07 23:15:00+00:00,0.8218,0.8229,0.821,0.8214,3041677.0
2025-10-07 23:30:00+00:00,0.8215,0.8215,0.8173,0.8199,9912599.0
2025-10-07 23:45:00+00:00,0.8199,0.8211,0.8167,0.8195,6950074.0
2025-10-08 00:00:00+00:00,0.8195,0.8224,0.8189,0.8211,6216908.0
2025-10-08 00:15:00+00:00,0.821,0.8243,0.821,0.8227,4487162.0
2025-10-08 00:30:00+00:00,0.8228,0.8272,0.8182,0.8252,9942173.0
2025-10-08 00:45:00+00:00,0.8253,0.8275,0.8244,0.825,4812354.0
2025-10-08 01:00:00+00:00,0.8249,0.8264,0.8232,0.824,3826192.0
2025-10-08 01:15:00+00:00,0.8239,0.8277,0.823,0.8256,5144936.0
2025-10-08 01:30:00+00:00,0.8255,0.8275,0.8249,0.8258,5319657.0
2025-10-08 01:45:00+00:00,0.8258,0.8283,0.8256,0.8272,6037404.0
2025-10-08 02:00:00+00:00,0.8272,0.8278,0.8241,0.8255,3784835.0
2025-10-08 02:15:00+00:00,0.8255,0.8294,0.8254,0.8286,4432671.0
2025-10-08 02:30:00+00:00,0.8286,0.8287,0.8245,0.8246,3600974.0
2025-10-08 02:45:00+00:00,0.8245,0.8264,0.8236,0.8242,3097552.0
2025-10-08 03:00:00+00:00,0.8242,0.8242,0.818,0.819,9430292.0
2025-10-08 03:15:00+00:00,0.8189,0.8207,0.8089,0.8137,28325644.0
2025-10-08 03:30:00+00:00,0.8136,0.816,0.8122,0.8142,10776863.0
2025-10-08 03:45:00+00:00,0.8141,0.8164,0.812,0.8124,6357482.0
2025-10-08 04:00:00+00:00,0.8124,0.8159,0.8073,0.8154,13178749.0
2025-10-08 04:15:00+00:00,0.8154,0.8177,0.8142,0.8154,4736740.0
2025-10-08 04:30:00+00:00,0.8155,0.8178,0.8151,0.8165,3140451.0
2025-10-08 04:45:00+00:00,0.8165,0.8178,0.8157,0.8175,2118644.0
2025-10-08 05:00:00+00:00,0.8175,0.8177,0.8141,0.8149,3587373.0
2025-10-08 05:15:00+00:00,0.8148,0.8156,0.811,0.8123,5526874.0
2025-10-08 05:30:00+00:00,0.8123,0.8134,0.8118,0.812,3436395.0
2025-10-08 05:45:00+00:00,0.8119,0.8141,0.81,0.8135,5865945.0
2025-10-08 06:00:00+00:00,0.8135,0.8146,0.8105,0.8138,5635743.0
2025-10-08 06:15:00+00:00,0.8137,0.8152,0.8114,0.8121,3667772.0
2025-10-08 06:30:00+00:00,0.812,0.8146,0.8115,0.8134,2753449.0
2025-10-08 06:45:00+00:00,0.8134,0.8159,0.8134,0.815,3608739.0
2025-10-08 07:00:00+00:00,0.8149,0.8166,0.8135,0.8141,3117943.0
2025-10-08 07:15:00+00:00,0.8141,0.815,0.8121,0.8141,3820320.0
2025-10-08 07:30:00+00:00,0.8141,0.8152,0.8125,0.8145,1649735.0
2025-10-08 07:45:00+00:00,0.8144,0.8171,0.813,0.8168,2346831.0
2025-10-08 08:00:00+00:00,0.8169,0.8182,0.8157,0.8163,4600633.0
2025-10-08 08:15:00+00:00,0.8163,0.8192,0.8157,0.8181,4416146.0
2025-10-08 08:30:00+00:00,0.8181,0.8234,0.8175,0.8232,8666123.0
2025-10-08 08:45:00+00:00,0.8232,0.8235,0.8186,0.8195,5992706.0
2025-10-08 09:00:00+00:00,0.8196,0.8215,0.8193,0.8196,3974625.0
2025-10-08 09:15:00+00:00,0.8197,0.8197,0.8164,0.8173,4689708.0
2025-10-08 09:30:00+00:00,0.8173,0.8188,0.8162,0.8179,4131700.0
2025-10-08 09:45:00+00:00,0.8179,0.8188,0.8165,0.8187,2009858.0
2025-10-08 10:00:00+00:00,0.8187,0.8214,0.8183,0.8186,3052974.0
2025-10-08 10:15:00+00:00,0.8186,0.8211,0.8184,0.8199,2988370.0
2025-10-08 10:30:00+00:00,0.8199,0.8233,0.8196,0.8227,3607579.0
2025-10-08 10:45:00+00:00,0.8227,0.8247,0.8223,0.8242,6623044.0
2025-10-08 11:00:00+00:00,0.8243,0.8269,0.8242,0.8261,6517318.0
2025-10-08 11:15:00+00:00,0.8262,0.8262,0.822,0.8225,5560843.0
2025-10-08 11:30:00+00:00,0.8226,0.8226,0.8202,0.8206,3471306.0
2025-10-08 11:45:00+00:00,0.8207,0.8219,0.8199,0.8212,2273709.0
2025-10-08 12:00:00+00:00,0.8212,0.8239,0.8198,0.8223,5209036.0
2025-10-08 12:15:00+00:00,0.8224,0.8229,0.819,0.8218,3314650.0
2025-10-08 12:30:00+00:00,0.8218,0.8235,0.8195,0.8235,2956593.0
2025-10-08 12:45:00+00:00,0.8235,0.824,0.8206,0.8228,3027814.0
2025-10-08 13:00:00+00:00,0.8229,0.8239,0.8203,0.823,4500278.0
2025-10-08 13:15:00+00:00,0.823,0.8234,0.8186,0.819,14771170.0
2025-10-08 13:30:00+00:00,0.819,0.8211,0.8131,0.8159,14216328.0
2025-10-08 13:45:00+00:00,0.8159,0.8209,0.8122,0.8205,8471574.0
2025-10-08 14:00:00+00:00,0.8205,0.8297,0.8205,0.8243,19779869.0
2025-10-08 14:15:00+00:00,0.8243,0.8282,0.821,0.8212,5879995.0
2025-10-08 14:30:00+00:00,0.8212,0.8232,0.8181,0.8194,7457992.0
2025-10-08 14:45:00+00:00,0.8195,0.8205,0.815,0.8167,5975235.0
2025-10-08 15:00:00+00:00,0.8167,0.8225,0.8161,0.8206,5676220.0
2025-10-08 15:15:00+00:00,0.8206,0.8227,0.8175,0.821,5843458.0
2025-10-08 15:30:00+00:00,0.821,0.8212,0.8188,0.8197,3880626.0
2025-10-08 15:45:00+00:00,0.8196,0.8196,0.8162,0.8179,4677682.0
2025-10-08 16:00:00+00:00,0.8178,0.8227,0.8164,0.8227,5010352.0
2025-10-08 16:15:00+00:00,0.8228,0.8237,0.8211,0.822,4598454.0
2025-10-08 16:30:00+00:00,0.8219,0.8238,0.8206,0.8235,6863095.0
2025-10-08 16:45:00+00:00,0.8236,0.8275,0.823,0.8272,7284756.0
2025-10-08 17:00:00+00:00,0.8272,0.834,0.8268,0.8338,12057129.0
2025-10-08 17:15:00+00:00,0.8338,0.8516,0.8334,0.843,65838318.0
2025-10-08 17:30:00+00:00,0.8431,0.8467,0.8398,0.8409,12998922.0
2025-10-08 17:45:00+00:00,0.8409,0.8452,0.8398,0.8428,7371631.0
2025-10-08 18:00:00+00:00,0.8428,0.8446,0.8397,0.8421,7803624.0
2025-10-08 18:15:00+00:00,0.842,0.8425,0.8381,0.8384,6955190.0
2025-10-08 18:30:00+00:00,0.8384,0.841,0.8363,0.838,7077234.0
2025-10-08 18:45:00+00:00,0.838,0.843,0.8379,0.8405,5879175.0
2025-10-08 19:00:00+00:00,0.8404,0.8411,0.8361,0.8373,6482463.0
2025-10-08 19:15:00+00:00,0.8373,0.8396,0.8353,0.8386,3997174.0
2025-10-08 19:30:00+00:00,0.8387,0.8397,0.8368,0.8376,3516023.0
2025-10-08 19:45:00+00:00,0.8376,0.8401,0.837,0.8391,2846906.0
2025-10-08 20:00:00+00:00,0.8392,0.8398,0.8377,0.8397,4412532.0
2025-10-08 20:15:00+00:00,0.8398,0.8426,0.8396,0.8409,3477504.0
2025-10-08 20:30:00+00:00,0.841,0.8412,0.8385,0.8393,3370153.0
2025-10-08 20:45:00+00:00,0.8393,0.8395,0.8341,0.8346,5055454.0
2025-10-08 21:00:00+00:00,0.8346,0.8372,0.8343,0.8358,3705349.0
2025-10-08 21:15:00+00:00,0.8358,0.8398,0.8357,0.839,2312985.0
2025-10-08 21:30:00+00:00,0.839,0.8404,0.8383,0.8396,1306875.0
2025-10-08 21:45:00+00:00,0.8396,0.8396,0.836,0.8379,1294760.0
2025-10-08 22:00:00+00:00,0.8378,0.8411,0.8375,0.8401,3422971.0
2025-10-08 22:15:00+00:00,0.84,0.8414,0.8388,0.84,2524830.0
2025-10-08 22:30:00+00:00,0.84,0.8406,0.8391,0.8399,1318153.0
2025-10-08 22:45:00+00:00,0.8399,0.8399,0.8376,0.8378,1423388.0
2025-10-08 23:00:00+00:00,0.8377,0.838,0.8356,0.8372,3055013.0
2025-10-08 23:15:00+00:00,0.8371,0.8394,0.8368,0.8393,2261648.0
2025-10-08 23:30:00+00:00,0.8393,0.8406,0.8379,0.8383,3246974.0
2025-10-08 23:45:00+00:00,0.8382,0.8388,0.8375,0.8385,1632614.0
2025-10-09 00:00:00+00:00,0.8384,0.8393,0.8358,0.8366,3779539.0
2025-10-09 00:15:00+00:00,0.8365,0.8391,0.8353,0.8355,3644453.0
2025-10-09 00:30:00+00:00,0.8355,0.8363,0.8333,0.8351,4959276.0
2025-10-09 00:45:00+00:00,0.835,0.8363,0.8343,0.8349,4952476.0
2025-10-09 01:00:00+00:00,0.8348,0.8351,0.8279,0.8292,12140703.0
2025-10-09 01:15:00+00:00,0.8292,0.832,0.8279,0.8283,7662014.0
2025-10-09 01:30:00+00:00,0.8282,0.8285,0.8246,0.8251,11749028.0
2025-10-09 01:45:00+00:00,0.8251,0.827,0.8249,0.8264,5930372.0
2025-10-09 02:00:00+00:00,0.8263,0.8273,0.8214,0.8233,8408530.0
2025-10-09 02:15:00+00:00,0.8233,0.8238,0.8185,0.8187,6486283.0
2025-10-09 02:30:00+00:00,0.8187,0.8204,0.8137,0.8146,10440571.0
2025-10-09 02:45:00+00:00,0.8147,0.8164,0.8122,0.8144,8370393.0
2025-10-09 03:00:00+00:00,0.8143,0.8196,0.8143,0.8187,7089251.0
2025-10-09 03:15:00+00:00,0.8187,0.8227,0.8186,0.8203,5249501.0
2025-10-09 03:30:00+00:00,0.8202,0.8219,0.8187,0.8193,3817703.0
2025-10-09 03:45:00+00:00,0.8193,0.8216,0.819,0.8209,3257074.0
2025-10-09 04:00:00+00:00,0.821,0.822,0.819,0.8192,4067945.0
2025-10-09 04:15:00+00:00,0.8191,0.8246,0.8191,0.8244,4283494.0
2025-10-09 04:30:00+00:00,0.8244,0.8245,0.8209,0.8219,3950697.0
2025-10-09 04:45:00+00:00,0.8219,0.8251,0.8219,0.8248,2350804.0
2025-10-09 05:00:00+00:00,0.8249,0.8256,0.8222,0.8223,2858016.0
2025-10-09 05:15:00+00:00,0.8222,0.823,0.8197,0.8214,2648804.0
2025-10-09 05:30:00+00:00,0.8213,0.8236,0.8198,0.8206,2853827.0
2025-10-09 05:45:00+00:00,0.8205,0.8211,0.8193,0.8209,1606639.0
2025-10-09 06:00:00+00:00,0.821,0.821,0.8167,0.8178,3267986.0
2025-10-09 06:15:00+00:00,0.8178,0.8195,0.8163,0.8187,3257780.0
2025-10-09 06:30:00+00:00,0.8187,0.8208,0.8182,0.8188,2371244.0
2025-10-09 06:45:00+00:00,0.8188,0.8198,0.8158,0.8166,2945036.0
2025-10-09 07:00:00+00:00,0.8167,0.8181,0.8156,0.8169,2733908.0
2025-10-09 07:15:00+00:00,0.8169,0.8186,0.8145,0.816,3465926.0
2025-10-09 07:30:00+00:00,0.816,0.816,0.8132,0.8136,4370144.0
2025-10-09 07:45:00+00:00,0.8136,0.8176,0.8133,0.8143,3329897.0
2025-10-09 08:00:00+00:00,0.8144,0.8148,0.809,0.8096,8701202.0
2025-10-09 08:15:00+00:00,0.8095,0.8108,0.8032,0.8036,23552217.0
2025-10-09 08:30:00+00:00,0.8036,0.8076,0.8034,0.8047,11367145.0
2025-10-09 08:45:00+00:00,0.8047,0.807,0.8016,0.8023,10873469.0
2025-10-09 09:00:00+00:00,0.8024,0.8064,0.802,0.8057,6075463.0
2025-10-09 09:15:00+00:00,0.8057,0.8079,0.8037,0.8067,7563647.0
2025-10-09 09:30:00+00:00,0.8066,0.8086,0.8057,0.8057,5422730.0
2025-10-09 09:45:00+00:00,0.8057,0.8079,0.8052,0.807,3771543.0
2025-10-09 10:00:00+00:00,0.8071,0.8089,0.8063,0.8081,4831271.0
2025-10-09 10:15:00+00:00,0.8081,0.8085,0.804,0.8049,4426043.0
2025-10-09 10:30:00+00:00,0.8049,0.8108,0.8049,0.809,5207871.0
2025-10-09 10:45:00+00:00,0.8091,0.8108,0.8072,0.8078,4487593.0
2025-10-09 11:00:00+00:00,0.8078,0.8102,0.8076,0.8096,4519697.0
2025-10-09 11:15:00+00:00,0.8096,0.814,0.8094,0.8138,5801290.0
2025-10-09 11:30:00+00:00,0.8139,0.8147,0.8116,0.8147,5325825.0
2025-10-09 11:45:00+00:00,0.8146,0.8148,0.8119,0.812,2846048.0
2025-10-09 12:00:00+00:00,0.812,0.8167,0.8115,0.8148,6609098.0
2025-10-09 12:15:00+00:00,0.8147,0.8159,0.8135,0.8141,4496467.0
2025-10-09 12:30:00+00:00,0.8141,0.821,0.8128,0.8195,7393657.0
2025-10-09 12:45:00+00:00,0.8195,0.8202,0.8174,0.8186,5086846.0
2025-10-09 13:00:00+00:00,0.8185,0.8196,0.8141,0.8143,6202450.0
2025-10-09 13:15:00+00:00,0.8143,0.817,0.8136,0.8156,4422650.0
2025-10-09 13:30:00+00:00,0.8155,0.8156,0.8084,0.81,15017255.0
2025-10-09 13:45:00+00:00,0.81,0.813,0.8061,0.8073,15437612.0
2025-10-09 14:00:00+00:00,0.8073,0.812,0.8039,0.8115,16370467.0
2025-10-09 14:15:00+00:00,0.8114,0.8122,0.804,0.8045,14458597.0
2025-10-09 14:30:00+00:00,0.8045,0.8045,0.7974,0.8003,22763414.0
2025-10-09 14:45:00+00:00,0.8002,0.8073,0.7981,0.8055,12769509.0
2025-10-09 15:00:00+00:00,0.8056,0.8097,0.8056,0.8073,12154529.0
2025-10-09 15:15:00+00:00,0.8072,0.8096,0.8021,0.8026,9844081.0
2025-10-09 15:30:00+00:00,0.8026,0.8046,0.7995,0.8,7792610.0
2025-10-09 15:45:00+00:00,0.7999,0.8055,0.7997,0.8035,8390275.0
2025-10-09 16:00:00+00:00,0.8036,0.8059,0.8018,0.8021,5274543.0
2025-10-09 16:15:00+00:00,0.8021,0.8052,0.7997,0.8034,8058678.0
2025-10-09 16:30:00+00:00,0.8033,0.804,0.7999,0.8028,4919779.0
2025-10-09 16:45:00+00:00,0.8029,0.8034,0.7939,0.7964,15591750.0
2025-10-09 17:00:00+00:00,0.7963,0.8033,0.795,0.8021,9792922.0
2025-10-09 17:15:00+00:00,0.8021,0.8051,0.8006,0.8011,5936171.0
2025-10-09 17:30:00+00:00,0.8012,0.8047,0.8005,0.8035,3357416.0
2025-10-09 17:45:00+00:00,0.8035,0.8091,0.8032,0.8082,9172101.0
2025-10-09 18:00:00+00:00,0.8082,0.8091,0.8047,0.807,6506018.0
2025-10-09 18:15:00+00:00,0.8071,0.809,0.8064,0.8067,7199979.0
2025-10-09 18:30:00+00:00,0.8067,0.8073,0.8035,0.8047,3860441.0
2025-10-09 18:45:00+00:00,0.8047,0.8054,0.8036,0.8041,2295016.0
2025-10-09 19:00:00+00:00,0.8042,0.8068,0.8038,0.8062,2271573.0
2025-10-09 19:15:00+00:00,0.8063,0.8099,0.8052,0.8097,3073135.0
2025-10-09 19:30:00+00:00,0.8098,0.81,0.8073,0.8077,3589232.0
2025-10-09 19:45:00+00:00,0.8077,0.8091,0.8063,0.8088,2782728.0
2025-10-09 20:00:00+00:00,0.8088,0.8116,0.8066,0.8069,4069030.0
2025-10-09 20:15:00+00:00,0.8068,0.809,0.8065,0.8074,2334857.0
2025-10-09 20:30:00+00:00,0.8075,0.8082,0.8069,0.8079,1413146.0
2025-10-09 20:45:00+00:00,0.8079,0.8086,0.8067,0.8086,2601294.0
2025-10-09 21:00:00+00:00,0.8085,0.8104,0.8069,0.8101,4037751.0
2025-10-09 21:15:00+00:00,0.8101,0.8117,0.8088,0.809,2472310.0
2025-10-09 21:30:00+00:00,0.8089,0.8119,0.8079,0.8112,2076021.0
2025-10-09 21:45:00+00:00,0.8113,0.8122,0.8101,0.8116,1476059.0
2025-10-09 22:00:00+00:00,0.8117,0.8131,0.8106,0.8127,2836586.0
2025-10-09 22:15:00+00:00,0.8127,0.8151,0.8122,0.8146,3105898.0
2025-10-09 22:30:00+00:00,0.8147,0.8176,0.8133,0.8172,4559576.0
2025-10-09 22:45:00+00:00,0.8172,0.8187,0.816,0.8174,4834460.0
2025-10-09 23:00:00+00:00,0.8175,0.8177,0.8135,0.8141,3412176.0
2025-10-09 23:15:00+00:00,0.8141,0.8144,0.8125,0.814,2214846.0
2025-10-09 23:30:00+00:00,0.814,0.8145,0.8131,0.8145,1768519.0
2025-10-09 23:45:00+00:00,0.8145,0.8153,0.8138,0.815,2064713.0
2025-10-10 00:00:00+00:00,0.815,0.8166,0.8141,0.8145,6086322.0
2025-10-10 00:15:00+00:00,0.8146,0.8173,0.8145,0.8171,4341835.0
2025-10-10 00:30:00+00:00,0.8171,0.8173,0.8149,0.8151,1792027.0
2025-10-10 00:45:00+00:00,0.8151,0.8158,0.8132,0.8151,1868121.0
2025-10-10 01:00:00+00:00,0.8151,0.817,0.8143,0.8162,2381058.0
2025-10-10 01:15:00+00:00,0.8163,0.8168,0.8152,0.8168,1996574.0
2025-10-10 01:30:00+00:00,0.8168,0.8168,0.8137,0.8143,2146063.0
2025-10-10 01:45:00+00:00,0.8144,0.816,0.8137,0.8151,2321131.0
2025-10-10 02:00:00+00:00,0.815,0.8153,0.8119,0.8136,4634333.0
2025-10-10 02:15:00+00:00,0.8136,0.8171,0.8135,0.8149,3179077.0
2025-10-10 02:30:00+00:00,0.8149,0.8153,0.8127,0.8138,2672004.0
2025-10-10 02:45:00+00:00,0.8139,0.8142,0.8119,0.8129,3115508.0
2025-10-10 03:00:00+00:00,0.8129,0.8133,0.8086,0.8111,5367420.0
2025-10-10 03:15:00+00:00,0.811,0.8191,0.8104,0.8191,5342727.0
2025-10-10 03:30:00+00:00,0.8191,0.8213,0.819,0.8202,7015574.0
2025-10-10 03:45:00+00:00,0.8203,0.8216,0.8151,0.8155,5649626.0
2025-10-10 04:00:00+00:00,0.8155,0.8199,0.8152,0.8182,4203900.0
2025-10-10 04:15:00+00:00,0.8182,0.8186,0.816,0.8163,1828682.0
2025-10-10 04:30:00+00:00,0.8163,0.8178,0.8144,0.8156,2922841.0
2025-10-10 04:45:00+00:00,0.8156,0.8161,0.8147,0.8159,2075043.0
2025-10-10 05:00:00+00:00,0.8158,0.8161,0.812,0.8131,3136009.0
2025-10-10 05:15:00+00:00,0.813,0.8179,0.8129,0.8165,2870883.0
2025-10-10 05:30:00+00:00,0.8166,0.8183,0.8142,0.8181,2897052.0
2025-10-10 05:45:00+00:00,0.8181,0.8217,0.818,0.8213,4789410.0
2025-10-10 06:00:00+00:00,0.8213,0.822,0.8188,0.8191,4356091.0
2025-10-10 06:15:00+00:00,0.8191,0.8203,0.8172,0.8175,2844181.0
2025-10-10 06:30:00+00:00,0.8175,0.8193,0.8149,0.8165,3224100.0
2025-10-10 06:45:00+00:00,0.8165,0.8183,0.8135,0.8151,3210612.0
2025-10-10 07:00:00+00:00,0.815,0.8155,0.8117,0.8142,3896791.0
2025-10-10 07:15:00+00:00,0.8143,0.8144,0.8106,0.8131,4636175.0
2025-10-10 07:30:00+00:00,0.8132,0.8141,0.8105,0.8133,3378850.0
2025-10-10 07:45:00+00:00,0.8133,0.8134,0.8096,0.8101,4546928.0
2025-10-10 08:00:00+00:00,0.8101,0.8122,0.808,0.8116,4967477.0
2025-10-10 08:15:00+00:00,0.8116,0.8145,0.8116,0.8134,3352598.0
2025-10-10 08:30:00+00:00,0.8134,0.8143,0.8103,0.8113,3934718.0
2025-10-10 08:45:00+00:00,0.8113,0.8176,0.8113,0.8169,4233520.0
2025-10-10 09:00:00+00:00,0.8168,0.8169,0.8143,0.8151,4075483.0
2025-10-10 09:15:00+00:00,0.815,0.819,0.8136,0.8183,2809201.0
2025-10-10 09:30:00+00:00,0.8182,0.8189,0.8161,0.8168,2708524.0
2025-10-10 09:45:00+00:00,0.8168,0.8179,0.8116,0.8119,5254799.0
2025-10-10 10:00:00+00:00,0.8118,0.8144,0.8115,0.8133,3358280.0
2025-10-10 10:15:00+00:00,0.8132,0.8159,0.8132,0.8134,3509831.0
2025-10-10 10:30:00+00:00,0.8133,0.8148,0.812,0.8135,2821833.0
2025-10-10 10:45:00+00:00,0.8134,0.8173,0.813,0.8168,2830074.0
2025-10-10 11:00:00+00:00,0.8168,0.8184,0.8153,0.8157,4453751.0
2025-10-10 11:15:00+00:00,0.8156,0.8164,0.8144,0.8154,1897519.0
2025-10-10 11:30:00+00:00,0.8153,0.8176,0.8153,0.8164,2541541.0
2025-10-10 11:45:00+00:00,0.8164,0.8182,0.8153,0.817,2590890.0
2025-10-10 12:00:00+00:00,0.817,0.8194,0.8156,0.816,3443671.0
2025-10-10 12:15:00+00:00,0.816,0.8187,0.8148,0.817,2613504.0
2025-10-10 12:30:00+00:00,0.817,0.8185,0.8156,0.8164,2234610.0
2025-10-10 12:45:00+00:00,0.8164,0.8186,0.8161,0.8183,1566336.0
2025-10-10 13:00:00+00:00,0.8184,0.821,0.818,0.8183,3774988.0
2025-10-10 13:15:00+00:00,0.8182,0.8212,0.8174,0.8207,5178994.0
2025-10-10 13:30:00+00:00,0.8208,0.8239,0.819,0.8214,11545093.0
2025-10-10 13:45:00+00:00,0.8214,0.8218,0.8145,0.8182,10005512.0
2025-10-10 14:00:00+00:00,0.8182,0.8221,0.8162,0.8184,7678554.0
2025-10-10 14:15:00+00:00,0.8184,0.8191,0.8136,0.8141,7075531.0
2025-10-10 14:30:00+00:00,0.814,0.8168,0.8128,0.8143,4762214.0
2025-10-10 14:45:00+00:00,0.8142,0.8165,0.8032,0.806,29625747.0
2025-10-10 15:00:00+00:00,0.806,0.807,0.7986,0.804,42054861.0
2025-10-10 15:15:00+00:00,0.8039,0.8052,0.7878,0.7882,48134907.0
2025-10-10 15:30:00+00:00,0.7882,0.7912,0.7763,0.791,86481723.0
2025-10-10 15:45:00+00:00,0.7909,0.791,0.7812,0.7827,23990770.0
2025-10-10 16:00:00+00:00,0.7826,0.7877,0.7792,0.7833,22020907.0
2025-10-10 16:15:00+00:00,0.7833,0.7869,0.7803,0.7848,10896728.0
2025-10-10 16:30:00+00:00,0.7848,0.7892,0.7838,0.784,10825516.0
2025-10-10 16:45:00+00:00,0.784,0.7845,0.7797,0.78,12197387.0
2025-10-10 17:00:00+00:00,0.7801,0.7818,0.7773,0.7786,10717070.0
2025-10-10 17:15:00+00:00,0.7787,0.7835,0.7784,0.7823,8818041.0
2025-10-10 17:30:00+00:00,0.7823,0.7831,0.7776,0.7786,8275894.0
2025-10-10 17:45:00+00:00,0.7785,0.78,0.7749,0.7777,10775025.0
2025-10-10 18:00:00+00:00,0.7777,0.7791,0.776,0.7784,6162641.0
2025-10-10 18:15:00+00:00,0.7784,0.7806,0.7761,0.7782,5867196.0
2025-10-10 18:30:00+00:00,0.7782,0.7789,0.7744,0.7761,7715576.0
2025-10-10 18:45:00+00:00,0.776,0.7783,0.7736,0.7739,6258695.0
2025-10-10 19:00:00+00:00,0.7739,0.7756,0.769,0.7702,12893330.0
2025-10-10 19:15:00+00:00,0.7702,0.7739,0.7588,0.7595,38639721.0
2025-10-10 19:30:00+00:00,0.7595,0.7707,0.7584,0.7703,22585017.0
2025-10-10 19:45:00+00:00,0.7704,0.7725,0.7659,0.767,12974356.0
2025-10-10 20:00:00+00:00,0.767,0.772,0.7661,0.7706,13381681.0
2025-10-10 20:15:00+00:00,0.7706,0.7745,0.7699,0.7745,7881949.0
2025-10-10 20:30:00+00:00,0.7745,0.7746,0.7718,0.7733,5848993.0
2025-10-10 20:45:00+00:00,0.7734,0.7739,0.7,0.7173,182978164.0
2025-10-10 21:00:00+00:00,0.7172,0.7276,0.629,0.6506,207744640.0
2025-10-10 21:15:00+00:00,0.6505,0.6556,0.2743,0.4608,427698419.0
2025-10-10 21:30:00+00:00,0.4609,0.5975,0.4471,0.5971,133243089.0
2025-10-10 21:45:00+00:00,0.5964,0.6527,0.5719,0.6186,134263964.0
2025-10-10 22:00:00+00:00,0.6185,0.6236,0.5552,0.6095,167111094.0
2025-10-10 22:15:00+00:00,0.6095,0.6124,0.5723,0.5809,117062935.0
2025-10-10 22:30:00+00:00,0.5808,0.5892,0.5501,0.5857,116893556.0
2025-10-10 22:45:00+00:00,0.5857,0.6216,0.5849,0.6177,103894795.0
2025-10-10 23:00:00+00:00,0.6177,0.6191,0.6029,0.6146,65240286.0
2025-10-10 23:15:00+00:00,0.6145,0.6442,0.6119,0.6429,69589002.0
2025-10-10 23:30:00+00:00,0.6429,0.6582,0.6406,0.6515,76767845.0
2025-10-10 23:45:00+00:00,0.6515,0.6518,0.6267,0.6347,72041563.0
2025-10-11 00:00:00+00:00,0.6348,0.6579,0.6302,0.6494,48193622.0
2025-10-11 00:15:00+00:00,0.6494,0.6494,0.6172,0.6431,57301232.0
2025-10-11 00:30:00+00:00,0.6431,0.6444,0.6333,0.6423,26609355.0
2025-10-11 00:45:00+00:00,0.6423,0.6571,0.6419,0.6439,32571202.0
2025-10-11 01:00:00+00:00,0.6438,0.6499,0.64,0.6472,25296612.0
2025-10-11 01:15:00+00:00,0.6472,0.6479,0.6305,0.6361,35688649.0
2025-10-11 01:30:00+00:00,0.6361,0.6403,0.628,0.6302,21388418.0
2025-10-11 01:45:00+00:00,0.6301,0.6399,0.6267,0.6315,21561523.0
2025-10-11 02:00:00+00:00,0.6316,0.6538,0.6307,0.6534,28564698.0
2025-10-11 02:15:00+00:00,0.6535,0.667,0.6509,0.6663,36006393.0
2025-10-11 02:30:00+00:00,0.6663,0.6733,0.6602,0.6726,26133938.0
2025-10-11 02:45:00+00:00,0.6726,0.6727,0.6646,0.6653,20745317.0
2025-10-11 03:00:00+00:00,0.6653,0.6668,0.6442,0.6459,30380902.0
2025-10-11 03:15:00+00:00,0.646,0.6471,0.6413,0.6428,24493530.0
2025-10-11 03:30:00+00:00,0.6429,0.6446,0.6359,0.6386,17857935.0
2025-10-11 03:45:00+00:00,0.6386,0.6492,0.6381,0.6469,13038569.0
2025-10-11 04:00:00+00:00,0.6468,0.6503,0.6448,0.647,17844187.0
2025-10-11 04:15:00+00:00,0.6471,0.654,0.6464,0.6531,11874007.0
2025-10-11 04:30:00+00:00,0.6531,0.6539,0.6452,0.6519,16210391.0
2025-10-11 04:45:00+00:00,0.6519,0.6583,0.6465,0.6576,13742719.0
2025-10-11 05:00:00+00:00,0.6576,0.6591,0.6532,0.6564,11033548.0
2025-10-11 05:15:00+00:00,0.6564,0.6571,0.6425,0.6429,13721899.0
2025-10-11 05:30:00+00:00,0.6429,0.6466,0.6407,0.6426,14985457.0
2025-10-11 05:45:00+00:00,0.6427,0.6501,0.6422,0.6465,9144838.0
2025-10-11 06:00:00+00:00,0.6465,0.6525,0.6448,0.6523,10086244.0
2025-10-11 06:15:00+00:00,0.6522,0.657,0.65,0.6562,11419763.0
2025-10-11 06:30:00+00:00,0.6562,0.6589,0.6542,0.6549,11359249.0
2025-10-11 06:45:00+00:00,0.655,0.6571,0.6462,0.648,12777690.0
2025-10-11 07:00:00+00:00,0.648,0.653,0.6455,0.6519,14724785.0
2025-10-11 07:15:00+00:00,0.6519,0.6548,0.647,0.6502,13284281.0
2025-10-11 07:30:00+00:00,0.6503,0.6537,0.6462,0.6496,10731673.0
2025-10-11 07:45:00+00:00,0.6497,0.6541,0.648,0.652,9707689.0
2025-10-11 08:00:00+00:00,0.6521,0.6537,0.6481,0.6533,9576479.0
2025-10-11 08:15:00+00:00,0.6533,0.67,0.6529,0.6647,28332185.0
2025-10-11 08:30:00+00:00,0.6647,0.671,0.6609,0.6691,12329831.0
2025-10-11 08:45:00+00:00,0.6692,0.6731,0.6688,0.6718,11403510.0
2025-10-11 09:00:00+00:00,0.6718,0.6823,0.6713,0.6746,21383859.0
2025-10-11 09:15:00+00:00,0.6746,0.6791,0.6706,0.6767,15633759.0
2025-10-11 09:30:00+00:00,0.6768,0.6771,0.6701,0.671,11807530.0
2025-10-11 09:45:00+00:00,0.671,0.6714,0.6645,0.6662,9864890.0
2025-10-11 10:00:00+00:00,0.6662,0.6723,0.6641,0.6712,8990757.0
2025-10-11 10:15:00+00:00,0.6712,0.6743,0.6691,0.6729,8530145.0
2025-10-11 10:30:00+00:00,0.673,0.6734,0.6638,0.6653,10947704.0
2025-10-11 10:45:00+00:00,0.6653,0.6679,0.6635,0.6675,6134946.0
2025-10-11 11:00:00+00:00,0.6676,0.6682,0.6619,0.6637,7260514.0
2025-10-11 11:15:00+00:00,0.6636,0.6649,0.6581,0.6648,14680646.0
2025-10-11 11:30:00+00:00,0.6649,0.6657,0.6623,0.6637,7522981.0
2025-10-11 11:45:00+00:00,0.6638,0.6659,0.6619,0.6658,7741166.0
2025-10-11 12:00:00+00:00,0.6657,0.6663,0.6616,0.6639,9076326.0
2025-10-11 12:15:00+00:00,0.6639,0.6646,0.6608,0.6632,6207170.0
2025-10-11 12:30:00+00:00,0.6633,0.6633,0.6533,0.6568,11875139.0
2025-10-11 12:45:00+00:00,0.6567,0.6568,0.6482,0.6528,16283084.0
2025-10-11 13:00:00+00:00,0.6528,0.6545,0.6458,0.652,17692389.0
2025-10-11 13:15:00+00:00,0.652,0.6522,0.6473,0.6487,11625957.0
2025-10-11 13:30:00+00:00,0.6488,0.65,0.6397,0.6481,19589342.0
2025-10-11 13:45:00+00:00,0.6482,0.6544,0.6476,0.6526,10953374.0
2025-10-11 14:00:00+00:00,0.6526,0.6552,0.6491,0.6502,8891063.0
2025-10-11 14:15:00+00:00,0.6502,0.6529,0.6459,0.648,9034339.0
2025-10-11 14:30:00+00:00,0.6479,0.6505,0.647,0.6481,6387818.0
2025-10-11 14:45:00+00:00,0.648,0.6522,0.6475,0.6514,5897733.0
2025-10-11 15:00:00+00:00,0.6514,0.6584,0.6513,0.6557,10733860.0
2025-10-11 15:15:00+00:00,0.6557,0.6582,0.6516,0.6564,8368147.0
2025-10-11 15:30:00+00:00,0.6564,0.6568,0.6502,0.6511,6845866.0
2025-10-11 15:45:00+00:00,0.6512,0.6561,0.6511,0.6543,5735931.0
2025-10-11 16:00:00+00:00,0.6543,0.6575,0.6524,0.6566,6080422.0
2025-10-11 16:15:00+00:00,0.6566,0.6577,0.6533,0.6539,6436065.0
2025-10-11 16:30:00+00:00,0.6539,0.6542,0.647,0.6482,8089257.0
2025-10-11 16:45:00+00:00,0.6482,0.6525,0.6464,0.6509,5050485.0
2025-10-11 17:00:00+00:00,0.6508,0.6575,0.6506,0.6564,7328535.0
2025-10-11 17:15:00+00:00,0.6564,0.658,0.6541,0.6574,8102031.0
2025-10-11 17:30:00+00:00,0.6574,0.6579,0.6536,0.655,6168769.0
2025-10-11 17:45:00+00:00,0.655,0.6563,0.6533,0.6562,4824298.0
2025-10-11 18:00:00+00:00,0.6561,0.6562,0.6526,0.6528,4498779.0
2025-10-11 18:15:00+00:00,0.6528,0.6549,0.652,0.6539,4350513.0
2025-10-11 18:30:00+00:00,0.6538,0.655,0.6518,0.654,4543039.0
2025-10-11 18:45:00+00:00,0.6541,0.6542,0.6504,0.6507,4468000.0
2025-10-11 19:00:00+00:00,0.6507,0.6508,0.6406,0.6425,13055761.0
2025-10-11 19:15:00+00:00,0.6426,0.6432,0.6321,0.6375,26469412.0
2025-10-11 19:30:00+00:00,0.6374,0.6376,0.6312,0.6326,10916420.0
2025-10-11 19:45:00+00:00,0.6326,0.6346,0.6234,0.6311,24738478.0
2025-10-11 20:00:00+00:00,0.631,0.633,0.6266,0.6288,16749950.0
2025-10-11 20:15:00+00:00,0.6288,0.6313,0.6217,0.6263,17964625.0
2025-10-11 20:30:00+00:00,0.6263,0.6263,0.6179,0.6202,25174450.0
2025-10-11 20:45:00+00:00,0.6202,0.6281,0.6166,0.6209,19754248.0
2025-10-11 21:00:00+00:00,0.621,0.6211,0.6085,0.6158,32473257.0
2025-10-11 21:15:00+00:00,0.6157,0.6325,0.6146,0.6261,26048124.0
2025-10-11 21:30:00+00:00,0.626,0.6289,0.622,0.6252,9004658.0
2025-10-11 21:45:00+00:00,0.6253,0.6311,0.6252,0.6302,5118981.0
2025-10-11 22:00:00+00:00,0.6303,0.6335,0.6275,0.6289,10750119.0
2025-10-11 22:15:00+00:00,0.6289,0.6315,0.6266,0.6302,7148993.0
2025-10-11 22:30:00+00:00,0.6302,0.6344,0.6289,0.6295,7430920.0
2025-10-11 22:45:00+00:00,0.6295,0.632,0.6292,0.6313,5547618.0
2025-10-11 23:00:00+00:00,0.6314,0.6328,0.6288,0.6303,7717669.0
2025-10-11 23:15:00+00:00,0.6303,0.633,0.6294,0.6323,4098890.0
2025-10-11 23:30:00+00:00,0.6323,0.633,0.63,0.6321,4764824.0
2025-10-11 23:45:00+00:00,0.6321,0.6325,0.63,0.631,3585038.0
2025-10-12 00:00:00+00:00,0.631,0.6311,0.6269,0.6281,7008804.0
2025-10-12 00:15:00+00:00,0.6282,0.6315,0.6256,0.6261,6221866.0
2025-10-12 00:30:00+00:00,0.6261,0.6337,0.626,0.6282,8044321.0
2025-10-12 00:45:00+00:00,0.6282,0.63,0.6213,0.6216,7876481.0
2025-10-12 01:00:00+00:00,0.6217,0.6287,0.6214,0.6286,7095998.0
2025-10-12 01:15:00+00:00,0.6286,0.6308,0.6224,0.6238,7214769.0
2025-10-12 01:30:00+00:00,0.6238,0.6272,0.622,0.6261,6824534.0
2025-10-12 01:45:00+00:00,0.6261,0.6283,0.6203,0.6213,6513963.0
2025-10-12 02:00:00+00:00,0.6213,0.6231,0.6188,0.622,9791338.0
2025-10-12 02:15:00+00:00,0.622,0.6271,0.6216,0.6262,7208959.0
2025-10-12 02:30:00+00:00,0.6261,0.6293,0.621,0.6233,7270884.0
2025-10-12 02:45:00+00:00,0.6233,0.6244,0.6172,0.6226,7118571.0
2025-10-12 03:00:00+00:00,0.6227,0.6332,0.6217,0.6291,14303596.0
2025-10-12 03:15:00+00:00,0.629,0.6343,0.627,0.6318,8760378.0
2025-10-12 03:30:00+00:00,0.6319,0.6375,0.6315,0.6344,10687068.0
2025-10-12 03:45:00+00:00,0.6345,0.6354,0.6314,0.6329,5140682.0
2025-10-12 04:00:00+00:00,0.633,0.6393,0.6318,0.6387,8966627.0
2025-10-12 04:15:00+00:00,0.6387,0.6421,0.6384,0.6404,9212553.0
2025-10-12 04:30:00+00:00,0.6405,0.6433,0.6396,0.6423,6511595.0
2025-10-12 04:45:00+00:00,0.6424,0.6456,0.6404,0.6426,8250290.0
2025-10-12 05:00:00+00:00,0.6426,0.643,0.6398,0.6421,5902279.0
2025-10-12 05:15:00+00:00,0.6421,0.6461,0.6421,0.6447,5005551.0
2025-10-12 05:30:00+00:00,0.6446,0.6466,0.6445,0.6464,3802976.0
2025-10-12 05:45:00+00:00,0.6465,0.6483,0.6457,0.6465,5455547.0
2025-10-12 06:00:00+00:00,0.6465,0.6494,0.6454,0.6472,6090649.0
2025-10-12 06:15:00+00:00,0.6473,0.6506,0.6456,0.649,6227933.0
2025-10-12 06:30:00+00:00,0.6489,0.649,0.646,0.6482,3928163.0
2025-10-12 06:45:00+00:00,0.6483,0.6505,0.6477,0.6495,4481501.0
2025-10-12 07:00:00+00:00,0.6496,0.6503,0.6471,0.6476,3626467.0
2025-10-12 07:15:00+00:00,0.6477,0.6498,0.6464,0.6468,4197551.0
2025-10-12 07:30:00+00:00,0.6468,0.6483,0.6457,0.648,3319992.0
2025-10-12 07:45:00+00:00,0.648,0.6489,0.646,0.6465,3126372.0
2025-10-12 08:00:00+00:00,0.6465,0.6484,0.6451,0.6474,4238164.0
2025-10-12 08:15:00+00:00,0.6474,0.6501,0.6474,0.6491,3907173.0
2025-10-12 08:30:00+00:00,0.6491,0.6492,0.6459,0.6462,3619509.0
2025-10-12 08:45:00+00:00,0.6461,0.6463,0.643,0.6432,5988040.0
2025-10-12 09:00:00+00:00,0.6433,0.6433,0.6376,0.6405,8067584.0
2025-10-12 09:15:00+00:00,0.6405,0.6439,0.6405,0.6409,4880936.0
2025-10-12 09:30:00+00:00,0.641,0.6432,0.6398,0.6432,3950344.0
2025-10-12 09:45:00+00:00,0.6432,0.6473,0.6412,0.6466,7075479.0
2025-10-12 10:00:00+00:00,0.6467,0.6508,0.6446,0.6457,8146681.0
2025-10-12 10:15:00+00:00,0.6457,0.6458,0.6416,0.6436,5372756.0
2025-10-12 10:30:00+00:00,0.6437,0.6451,0.6427,0.6437,2927720.0
2025-10-12 10:45:00+00:00,0.6437,0.6451,0.6419,0.6427,2774063.0
2025-10-12 11:00:00+00:00,0.6427,0.6481,0.6423,0.6462,3641535.0
2025-10-12 11:15:00+00:00,0.6462,0.6468,0.6422,0.6449,3307342.0
2025-10-12 11:30:00+00:00,0.645,0.6474,0.6424,0.6434,4615459.0
2025-10-12 11:45:00+00:00,0.6435,0.6446,0.6421,0.6434,2997418.0
2025-10-12 12:00:00+00:00,0.6434,0.6489,0.6431,0.6484,7069053.0
2025-10-12 12:15:00+00:00,0.6484,0.6503,0.6465,0.649,7966383.0
2025-10-12 12:30:00+00:00,0.649,0.6502,0.6464,0.6497,5499567.0
2025-10-12 12:45:00+00:00,0.6497,0.6498,0.6465,0.6477,3703929.0
2025-10-12 13:00:00+00:00,0.6478,0.6496,0.645,0.6484,4230227.0
2025-10-12 13:15:00+00:00,0.6484,0.6495,0.6419,0.6442,6444459.0
2025-10-12 13:30:00+00:00,0.6443,0.6444,0.6383,0.6424,12694843.0
2025-10-12 13:45:00+00:00,0.6425,0.6427,0.6366,0.6391,6239142.0
2025-10-12 14:00:00+00:00,0.6392,0.6427,0.6387,0.6422,5617724.0
2025-10-12 14:15:00+00:00,0.6421,0.6433,0.6404,0.6426,6488560.0
2025-10-12 14:30:00+00:00,0.6426,0.6451,0.6392,0.6427,6956902.0
2025-10-12 14:45:00+00:00,0.6428,0.6723,0.6425,0.6602,111815076.0
2025-10-12 15:00:00+00:00,0.6603,0.6775,0.6599,0.6752,48159183.0
2025-10-12 15:15:00+00:00,0.6752,0.6834,0.6704,0.6765,31807663.0
2025-10-12 15:30:00+00:00,0.6765,0.6769,0.6645,0.6699,27080360.0
2025-10-12 15:45:00+00:00,0.6698,0.6829,0.6698,0.6798,14969520.0
2025-10-12 16:00:00+00:00,0.6797,0.6923,0.6797,0.6866,40882399.0
2025-10-12 16:15:00+00:00,0.6867,0.6875,0.6819,0.6849,13604924.0
2025-10-12 16:30:00+00:00,0.6849,0.6917,0.6778,0.6911,19019538.0
2025-10-12 16:45:00+00:00,0.6912,0.696,0.6813,0.6871,34756722.0
2025-10-12 17:00:00+00:00,0.6871,0.6922,0.6845,0.6912,11486242.0
2025-10-12 17:15:00+00:00,0.6912,0.6935,0.6883,0.6906,9384687.0
2025-10-12 17:30:00+00:00,0.6907,0.693,0.6877,0.6921,7028319.0
2025-10-12 17:45:00+00:00,0.6921,0.6944,0.6855,0.6909,10140109.0
2025-10-12 18:00:00+00:00,0.6909,0.6952,0.6901,0.693,6388930.0
2025-10-12 18:15:00+00:00,0.6929,0.695,0.6895,0.691,8576903.0
2025-10-12 18:30:00+00:00,0.691,0.6917,0.685,0.6857,7911534.0
2025-10-12 18:45:00+00:00,0.6857,0.6883,0.6837,0.6879,6396930.0
2025-10-12 19:00:00+00:00,0.6878,0.6957,0.6872,0.695,5375647.0
2025-10-12 19:15:00+00:00,0.695,0.6975,0.694,0.6972,6786356.0
2025-10-12 19:30:00+00:00,0.6972,0.698,0.694,0.6962,5355309.0
2025-10-12 19:45:00+00:00,0.6961,0.6991,0.6958,0.6982,5691280.0
2025-10-12 20:00:00+00:00,0.6982,0.7018,0.6969,0.6978,8464246.0
2025-10-12 20:15:00+00:00,0.6978,0.7018,0.6966,0.7017,5471114.0
2025-10-12 20:30:00+00:00,0.7017,0.7052,0.6995,0.7052,12025546.0
2025-10-12 20:45:00+00:00,0.7051,0.7088,0.6978,0.6997,14365972.0
2025-10-12 21:00:00+00:00,0.6998,0.7055,0.6967,0.7016,9169144.0
2025-10-12 21:15:00+00:00,0.7016,0.7025,0.6909,0.695,12190598.0
2025-10-12 21:30:00+00:00,0.6949,0.6953,0.6857,0.6931,10408331.0
2025-10-12 21:45:00+00:00,0.6931,0.6972,0.6924,0.6961,6263710.0
2025-10-12 22:00:00+00:00,0.6962,0.7019,0.6933,0.697,8814841.0
2025-10-12 22:15:00+00:00,0.697,0.7005,0.6946,0.6973,6853292.0
2025-10-12 22:30:00+00:00,0.6973,0.7008,0.6966,0.6996,7664604.0
2025-10-12 22:45:00+00:00,0.6995,0.7021,0.6974,0.6991,6433891.0
2025-10-12 23:00:00+00:00,0.699,0.6991,0.6941,0.6967,5184806.0
2025-10-12 23:15:00+00:00,0.6966,0.6992,0.6918,0.6979,4822898.0
2025-10-12 23:30:00+00:00,0.6979,0.7006,0.6966,0.6979,3960350.0
2025-10-12 23:45:00+00:00,0.6979,0.7012,0.6964,0.6995,3666462.0
2025-10-13 00:00:00+00:00,0.6995,0.6999,0.6954,0.6991,7435351.0
2025-10-13 00:15:00+00:00,0.6991,0.7077,0.6991,0.7023,12209870.0
2025-10-13 00:30:00+00:00,0.7023,0.7024,0.6944,0.6981,9923286.0
2025-10-13 00:45:00+00:00,0.6981,0.7034,0.6948,0.699,7968765.0
2025-10-13 01:00:00+00:00,0.699,0.7007,0.6951,0.697,9205588.0
2025-10-13 01:15:00+00:00,0.697,0.7026,0.6954,0.6993,5929478.0
2025-10-13 01:30:00+00:00,0.6993,0.7033,0.699,0.7016,4603451.0
2025-10-13 01:45:00+00:00,0.7017,0.7068,0.6991,0.7065,4424962.0
2025-10-13 02:00:00+00:00,0.7066,0.7109,0.7011,0.7049,12598440.0
2025-10-13 02:15:00+00:00,0.705,0.7097,0.7024,0.7058,8227716.0
2025-10-13 02:30:00+00:00,0.7059,0.7081,0.7026,0.7069,7755348.0
2025-10-13 02:45:00+00:00,0.7068,0.7109,0.7062,0.7101,5970667.0
2025-10-13 03:00:00+00:00,0.7101,0.7158,0.7091,0.7106,10624120.0
2025-10-13 03:15:00+00:00,0.7106,0.7128,0.7082,0.7083,5677935.0
2025-10-13 03:30:00+00:00,0.7084,0.7093,0.7033,0.7038,7334153.0
2025-10-13 03:45:00+00:00,0.7039,0.7044,0.7017,0.7031,7116626.0
2025-10-13 04:00:00+00:00,0.7032,0.7052,0.7007,0.7018,5763853.0
2025-10-13 04:15:00+00:00,0.7019,0.7038,0.6988,0.7004,6154327.0
2025-10-13 04:30:00+00:00,0.7004,0.7041,0.7002,0.7018,4955518.0
2025-10-13 04:45:00+00:00,0.7018,0.7088,0.7007,0.7069,6003079.0
2025-10-13 05:00:00+00:00,0.7068,0.708,0.7026,0.7046,5025869.0
2025-10-13 05:15:00+00:00,0.7045,0.707,0.7005,0.7042,4619254.0
2025-10-13 05:30:00+00:00,0.7041,0.7059,0.7005,0.7008,3343491.0
2025-10-13 05:45:00+00:00,0.7007,0.7023,0.7,0.7007,3151027.0
2025-10-13 06:00:00+00:00,0.7007,0.7032,0.6962,0.7014,9693025.0
2025-10-13 06:15:00+00:00,0.7014,0.7082,0.7009,0.7079,5621950.0
2025-10-13 06:30:00+00:00,0.708,0.7147,0.7069,0.708,10808749.0
2025-10-13 06:45:00+00:00,0.7079,0.7142,0.7065,0.713,5607952.0
2025-10-13 07:00:00+00:00,0.713,0.7195,0.712,0.7167,9451871.0
2025-10-13 07:15:00+00:00,0.7166,0.7223,0.7163,0.7208,8005249.0
2025-10-13 07:30:00+00:00,0.7209,0.7251,0.7204,0.7222,7867356.0
2025-10-13 07:45:00+00:00,0.7222,0.7222,0.7134,0.7166,11357599.0
2025-10-13 08:00:00+00:00,0.7166,0.7175,0.7142,0.7163,9367917.0
2025-10-13 08:15:00+00:00,0.7164,0.721,0.7148,0.7205,5773918.0
2025-10-13 08:30:00+00:00,0.7206,0.7292,0.7206,0.7241,16139024.0
2025-10-13 08:45:00+00:00,0.7241,0.7294,0.7222,0.7259,8952378.0
2025-10-13 09:00:00+00:00,0.7258,0.7263,0.7193,0.7198,11501773.0
2025-10-13 09:15:00+00:00,0.7199,0.7236,0.7164,0.7181,8854442.0
2025-10-13 09:30:00+00:00,0.718,0.7224,0.718,0.7205,6061180.0
2025-10-13 09:45:00+00:00,0.7205,0.7234,0.7187,0.7227,3927726.0
2025-10-13 10:00:00+00:00,0.7227,0.7237,0.7186,0.7192,5630137.0
2025-10-13 10:15:00+00:00,0.7193,0.7206,0.7145,0.7159,6986143.0
2025-10-13 10:30:00+00:00,0.7159,0.7178,0.7132,0.7162,8329780.0
2025-10-13 10:45:00+00:00,0.7162,0.7189,0.7146,0.717,3508764.0
2025-10-13 11:00:00+00:00,0.717,0.7171,0.7051,0.7124,35525989.0
2025-10-13 11:15:00+00:00,0.7125,0.7126,0.6918,0.6926,31354196.0
2025-10-13 11:30:00+00:00,0.6926,0.7084,0.69,0.7067,27792435.0
2025-10-13 11:45:00+00:00,0.7067,0.7092,0.7042,0.706,8567669.0
2025-10-13 12:00:00+00:00,0.706,0.7133,0.7011,0.7114,15481214.0
2025-10-13 12:15:00+00:00,0.7115,0.7115,0.7061,0.7088,8094141.0
2025-10-13 12:30:00+00:00,0.7087,0.7177,0.7075,0.7123,11900431.0
2025-10-13 12:45:00+00:00,0.7123,0.7144,0.7069,0.7085,7512320.0
2025-10-13 13:00:00+00:00,0.7084,0.7114,0.7048,0.706,10687377.0
2025-10-13 13:15:00+00:00,0.706,0.7097,0.7036,0.7066,6376562.0
2025-10-13 13:30:00+00:00,0.7066,0.7273,0.7062,0.7191,78554275.0
2025-10-13 13:45:00+00:00,0.7191,0.7259,0.7138,0.723,20275977.0
2025-10-13 14:00:00+00:00,0.7229,0.7252,0.7156,0.7167,14191345.0
2025-10-13 14:15:00+00:00,0.7167,0.7186,0.7062,0.7104,15118646.0
2025-10-13 14:30:00+00:00,0.7103,0.7164,0.7039,0.7103,15059970.0
2025-10-13 14:45:00+00:00,0.7103,0.7113,0.7022,0.7052,9382802.0
2025-10-13 15:00:00+00:00,0.7052,0.7153,0.7048,0.7114,8365932.0
2025-10-13 15:15:00+00:00,0.7113,0.7182,0.7107,0.7118,8003965.0
2025-10-13 15:30:00+00:00,0.7119,0.7173,0.7112,0.7125,6325591.0
2025-10-13 15:45:00+00:00,0.7125,0.7194,0.7125,0.7155,6160706.0
2025-10-13 16:00:00+00:00,0.7155,0.7196,0.7147,0.7155,9693837.0
2025-10-13 16:15:00+00:00,0.7154,0.7181,0.7077,0.7128,14241731.0
2025-10-13 16:30:00+00:00,0.7127,0.7142,0.7091,0.71,5916815.0
2025-10-13 16:45:00+00:00,0.7099,0.7175,0.7098,0.7157,4709774.0
2025-10-13 17:00:00+00:00,0.7157,0.7227,0.7151,0.7165,13238371.0
2025-10-13 17:15:00+00:00,0.7166,0.7192,0.7147,0.7169,3640383.0
2025-10-13 17:30:00+00:00,0.717,0.7198,0.7151,0.716,6176499.0
2025-10-13 17:45:00+00:00,0.716,0.7266,0.713,0.725,9363963.0
2025-10-13 18:00:00+00:00,0.725,0.7262,0.719,0.7198,11059682.0
2025-10-13 18:15:00+00:00,0.7199,0.7254,0.7197,0.7247,5048911.0
2025-10-13 18:30:00+00:00,0.7246,0.7271,0.7215,0.7238,6742847.0
2025-10-13 18:45:00+00:00,0.7238,0.7243,0.7178,0.7214,4890876.0
2025-10-13 19:00:00+00:00,0.7213,0.7253,0.7198,0.7247,5710222.0
2025-10-13 19:15:00+00:00,0.7247,0.7281,0.7224,0.7229,6626191.0
2025-10-13 19:30:00+00:00,0.7229,0.7266,0.7226,0.7265,5553929.0
2025-10-13 19:45:00+00:00,0.7264,0.7273,0.721,0.7241,5769172.0
2025-10-13 20:00:00+00:00,0.7241,0.7253,0.7226,0.7242,4596775.0
2025-10-13 20:15:00+00:00,0.7241,0.7255,0.7226,0.7247,4854310.0
2025-10-13 20:30:00+00:00,0.7246,0.7279,0.7233,0.7274,4051417.0
2025-10-13 20:45:00+00:00,0.7274,0.7351,0.7268,0.733,15629939.0
2025-10-13 21:00:00+00:00,0.733,0.7356,0.7306,0.7328,7888987.0
2025-10-13 21:15:00+00:00,0.7329,0.7348,0.7288,0.7306,4657977.0
2025-10-13 21:30:00+00:00,0.7306,0.7321,0.7295,0.7313,3562571.0
2025-10-13 21:45:00+00:00,0.7312,0.7313,0.7283,0.7306,1890578.0
2025-10-13 22:00:00+00:00,0.7305,0.7333,0.7302,0.7311,4378829.0
2025-10-13 22:15:00+00:00,0.731,0.7339,0.7301,0.7307,6851825.0
2025-10-13 22:30:00+00:00,0.7306,0.7332,0.7298,0.7323,2833433.0
2025-10-13 22:45:00+00:00,0.7322,0.7332,0.7303,0.7318,2818472.0
2025-10-13 23:00:00+00:00,0.7317,0.7334,0.7291,0.7317,4475788.0
2025-10-13 23:15:00+00:00,0.7316,0.7329,0.7304,0.7309,2026494.0
2025-10-13 23:30:00+00:00,0.7308,0.7328,0.7282,0.73,4800664.0
2025-10-13 23:45:00+00:00,0.7299,0.7301,0.7263,0.7282,6685750.0
2025-10-14 00:00:00+00:00,0.7281,0.731,0.7275,0.7285,7963594.0
2025-10-14 00:15:00+00:00,0.7285,0.7325,0.7278,0.7303,5415422.0
2025-10-14 00:30:00+00:00,0.7303,0.733,0.7266,0.7287,6861963.0
2025-10-14 00:45:00+00:00,0.7286,0.7286,0.7233,0.7271,6327865.0
2025-10-14 01:00:00+00:00,0.727,0.7274,0.7202,0.7233,7879715.0
2025-10-14 01:15:00+00:00,0.7233,0.727,0.7226,0.7254,4125341.0
2025-10-14 01:30:00+00:00,0.7253,0.7261,0.723,0.7244,2989176.0
2025-10-14 01:45:00+00:00,0.7243,0.7247,0.7203,0.7217,3533539.0
2025-10-14 02:00:00+00:00,0.7216,0.7219,0.717,0.7179,6928397.0
2025-10-14 02:15:00+00:00,0.7179,0.7187,0.7138,0.7165,8369796.0
2025-10-14 02:30:00+00:00,0.7165,0.7182,0.7148,0.716,3891337.0
2025-10-14 02:45:00+00:00,0.716,0.7177,0.7137,0.7165,6316684.0
2025-10-14 03:00:00+00:00,0.7165,0.717,0.71,0.7135,12181654.0
2025-10-14 03:15:00+00:00,0.7134,0.7175,0.7105,0.711,8285370.0
2025-10-14 03:30:00+00:00,0.7111,0.714,0.7105,0.7121,7181483.0
2025-10-14 03:45:00+00:00,0.7122,0.7163,0.7122,0.7153,7116961.0
2025-10-14 04:00:00+00:00,0.7154,0.7178,0.7109,0.7139,7033971.0
2025-10-14 04:15:00+00:00,0.7139,0.7149,0.7114,0.7126,5796516.0
2025-10-14 04:30:00+00:00,0.7126,0.7126,0.7057,0.7081,9340455.0
2025-10-14 04:45:00+00:00,0.7082,0.709,0.7002,0.7037,16858236.0
2025-10-14 05:00:00+00:00,0.7037,0.7104,0.7025,0.7086,10230713.0
2025-10-14 05:15:00+00:00,0.7085,0.709,0.7014,0.702,6688345.0
2025-10-14 05:30:00+00:00,0.7019,0.7026,0.6914,0.6941,22042800.0
2025-10-14 05:45:00+00:00,0.6941,0.6984,0.6928,0.6965,9905246.0
2025-10-14 06:00:00+00:00,0.6965,0.6999,0.6954,0.6956,8243874.0
2025-10-14 06:15:00+00:00,0.6957,0.6959,0.6886,0.6907,12909806.0
2025-10-14 06:30:00+00:00,0.6907,0.6939,0.6798,0.6816,36368302.0
2025-10-14 06:45:00+00:00,0.6817,0.6859,0.6685,0.6814,48467186.0
2025-10-14 07:00:00+00:00,0.6815,0.6859,0.6775,0.6829,17920041.0
2025-10-14 07:15:00+00:00,0.6829,0.6876,0.6789,0.683,12796517.0
2025-10-14 07:30:00+00:00,0.6829,0.6833,0.6742,0.6771,17022907.0
2025-10-14 07:45:00+00:00,0.6771,0.6787,0.6743,0.6774,10166538.0
2025-10-14 08:00:00+00:00,0.6774,0.6809,0.6733,0.6801,14590502.0
2025-10-14 08:15:00+00:00,0.6801,0.6809,0.6749,0.6806,8303002.0
2025-10-14 08:30:00+00:00,0.6806,0.6862,0.68,0.6847,10108992.0
2025-10-14 08:45:00+00:00,0.6848,0.6854,0.6801,0.681,6365302.0
2025-10-14 09:00:00+00:00,0.6811,0.6841,0.6802,0.6818,4821207.0
2025-10-14 09:15:00+00:00,0.6818,0.685,0.6806,0.6832,6615228.0
2025-10-14 09:30:00+00:00,0.6833,0.686,0.6809,0.6816,5907691.0
2025-10-14 09:45:00+00:00,0.6816,0.6824,0.6755,0.6785,9558437.0
2025-10-14 10:00:00+00:00,0.6786,0.6786,0.6734,0.6751,9062361.0
2025-10-14 10:15:00+00:00,0.6751,0.6752,0.6678,0.6697,17910175.0
2025-10-14 10:30:00+00:00,0.6697,0.6744,0.662,0.6696,27096212.0
2025-10-14 10:45:00+00:00,0.6697,0.6735,0.6669,0.6723,8596989.0
2025-10-14 11:00:00+00:00,0.6724,0.6793,0.6715,0.6774,12011713.0
2025-10-14 11:15:00+00:00,0.6775,0.6793,0.6751,0.6772,10384964.0
2025-10-14 11:30:00+00:00,0.6772,0.6807,0.6758,0.6763,9299488.0
2025-10-14 11:45:00+00:00,0.6764,0.6784,0.6759,0.6765,4617422.0
2025-10-14 12:00:00+00:00,0.6766,0.677,0.6718,0.6748,11590516.0
2025-10-14 12:15:00+00:00,0.6748,0.675,0.6695,0.6717,7883552.0
2025-10-14 12:30:00+00:00,0.6717,0.673,0.6672,0.6694,8076010.0
2025-10-14 12:45:00+00:00,0.6694,0.6727,0.6666,0.6683,6101321.0
2025-10-14 13:00:00+00:00,0.6684,0.6706,0.6653,0.6684,6382010.0
2025-10-14 13:15:00+00:00,0.6685,0.6738,0.665,0.6735,9161263.0
2025-10-14 13:30:00+00:00,0.6735,0.6766,0.6614,0.6703,27520476.0
2025-10-14 13:45:00+00:00,0.6703,0.6789,0.6679,0.6744,22280291.0
2025-10-14 14:00:00+00:00,0.6743,0.679,0.6709,0.6787,12361830.0
2025-10-14 14:15:00+00:00,0.6788,0.6843,0.6773,0.6784,22540047.0
2025-10-14 14:30:00+00:00,0.6784,0.6838,0.672,0.6823,16457672.0
2025-10-14 14:45:00+00:00,0.6824,0.686,0.678,0.6789,14704972.0
2025-10-14 15:00:00+00:00,0.679,0.6835,0.676,0.6777,10264662.0
2025-10-14 15:15:00+00:00,0.6777,0.6824,0.6746,0.6814,7598285.0
2025-10-14 15:30:00+00:00,0.6814,0.6903,0.6811,0.689,14721220.0
2025-10-14 15:45:00+00:00,0.6891,0.6966,0.6882,0.6955,22814536.0
2025-10-14 16:00:00+00:00,0.6956,0.6982,0.6909,0.6971,16536975.0
2025-10-14 16:15:00+00:00,0.6972,0.7087,0.6961,0.7,36041676.0
2025-10-14 16:30:00+00:00,0.7001,0.7025,0.6934,0.6992,14092102.0
2025-10-14 16:45:00+00:00,0.6992,0.7033,0.6936,0.6956,12306708.0
2025-10-14 17:00:00+00:00,0.6956,0.7036,0.6853,0.7017,25807786.0
2025-10-14 17:15:00+00:00,0.7016,0.7033,0.6988,0.7,9121312.0
2025-10-14 17:30:00+00:00,0.7,0.7014,0.6955,0.6998,9055784.0
2025-10-14 17:45:00+00:00,0.6997,0.7019,0.6971,0.698,5479933.0
2025-10-14 18:00:00+00:00,0.698,0.7054,0.6975,0.7042,7099346.0
2025-10-14 18:15:00+00:00,0.7041,0.7056,0.7008,0.702,5030887.0
2025-10-14 18:30:00+00:00,0.702,0.7039,0.6986,0.7002,5551708.0
2025-10-14 18:45:00+00:00,0.7002,0.7046,0.6987,0.7012,4237855.0
2025-10-14 19:00:00+00:00,0.7013,0.7036,0.7005,0.7032,3901516.0
2025-10-14 19:15:00+00:00,0.7032,0.7062,0.7025,0.7043,3712786.0
2025-10-14 19:30:00+00:00,0.7044,0.7046,0.6875,0.69,28565225.0
2025-10-14 19:45:00+00:00,0.69,0.6978,0.6882,0.694,20936032.0
2025-10-14 20:00:00+00:00,0.6941,0.6981,0.69,0.6915,13528167.0
2025-10-14 20:15:00+00:00,0.6916,0.6957,0.6911,0.694,7492179.0
2025-10-14 20:30:00+00:00,0.694,0.6962,0.6922,0.6959,3977482.0
2025-10-14 20:45:00+00:00,0.6958,0.6966,0.6941,0.6946,3253303.0
2025-10-14 21:00:00+00:00,0.6947,0.696,0.6903,0.6915,4151206.0
2025-10-14 21:15:00+00:00,0.6914,0.6948,0.6897,0.694,3969329.0
2025-10-14 21:30:00+00:00,0.694,0.6956,0.6916,0.6937,2030598.0
2025-10-14 21:45:00+00:00,0.6937,0.6964,0.6931,0.6956,1228152.0
2025-10-14 22:00:00+00:00,0.6956,0.7003,0.6956,0.6989,4833087.0
2025-10-14 22:15:00+00:00,0.6988,0.6997,0.6966,0.6969,1958694.0
2025-10-14 22:30:00+00:00,0.6969,0.6973,0.695,0.6959,2678538.0
2025-10-14 22:45:00+00:00,0.696,0.6964,0.6933,0.6954,1942030.0
2025-10-14 23:00:00+00:00,0.6954,0.6998,0.6951,0.6986,2769026.0
2025-10-14 23:15:00+00:00,0.6986,0.6999,0.6978,0.6984,1653057.0
2025-10-14 23:30:00+00:00,0.6984,0.7012,0.6981,0.6992,7645422.0
2025-10-14 23:45:00+00:00,0.6991,0.7008,0.6979,0.6983,1884425.0
2025-10-15 00:00:00+00:00,0.6984,0.6991,0.6938,0.6939,5509577.0
2025-10-15 00:15:00+00:00,0.694,0.6962,0.6913,0.6937,4881563.0
2025-10-15 00:30:00+00:00,0.6936,0.696,0.6911,0.6946,3231420.0
2025-10-15 00:45:00+00:00,0.6946,0.6978,0.6939,0.6974,2564940.0
2025-10-15 01:00:00+00:00,0.6973,0.6986,0.6911,0.6934,5110952.0
2025-10-15 01:15:00+00:00,0.6935,0.6953,0.6913,0.6917,3549306.0
2025-10-15 01:30:00+00:00,0.6916,0.6937,0.6902,0.6928,3158287.0
2025-10-15 01:45:00+00:00,0.6929,0.6964,0.6916,0.6957,3275685.0
2025-10-15 02:00:00+00:00,0.6957,0.6985,0.6947,0.698,3649177.0
2025-10-15 02:15:00+00:00,0.6979,0.7032,0.6972,0.7031,6360311.0
2025-10-15 02:30:00+00:00,0.703,0.7038,0.6985,0.6991,5074102.0
2025-10-15 02:45:00+00:00,0.6991,0.7002,0.6972,0.6976,3062198.0
2025-10-15 03:00:00+00:00,0.6976,0.6986,0.6937,0.6953,5092342.0
2025-10-15 03:15:00+00:00,0.6953,0.6953,0.6908,0.6938,7167116.0
2025-10-15 03:30:00+00:00,0.6937,0.6938,0.6891,0.6902,4440320.0
2025-10-15 03:45:00+00:00,0.6902,0.6919,0.6869,0.6906,7016125.0
2025-10-15 04:00:00+00:00,0.6907,0.6912,0.6877,0.6903,5880666.0
2025-10-15 04:15:00+00:00,0.6904,0.6938,0.6901,0.693,2849687.0
2025-10-15 04:30:00+00:00,0.6929,0.6939,0.6911,0.6922,2097284.0
2025-10-15 04:45:00+00:00,0.6922,0.6971,0.6916,0.6959,6920529.0
2025-10-15 05:00:00+00:00,0.6959,0.6994,0.6959,0.6989,5796050.0
2025-10-15 05:15:00+00:00,0.6988,0.7004,0.6958,0.6967,4374103.0
2025-10-15 05:30:00+00:00,0.6967,0.7003,0.6952,0.6994,5705155.0
2025-10-15 05:45:00+00:00,0.6993,0.6995,0.6967,0.6986,2552971.0
2025-10-15 06:00:00+00:00,0.6985,0.7006,0.6954,0.6973,4297626.0
2025-10-15 06:15:00+00:00,0.6973,0.698,0.6927,0.6945,4582160.0
2025-10-15 06:30:00+00:00,0.6945,0.7035,0.6934,0.7,7039907.0
2025-10-15 06:45:00+00:00,0.6999,0.7026,0.6996,0.7026,3169722.0
2025-10-15 07:00:00+00:00,0.7026,0.7033,0.6996,0.701,4888317.0
2025-10-15 07:15:00+00:00,0.701,0.7027,0.6989,0.6989,3560348.0
2025-10-15 07:30:00+00:00,0.6988,0.7008,0.6981,0.6997,2911365.0
2025-10-15 07:45:00+00:00,0.6997,0.7024,0.6992,0.7019,3284680.0
2025-10-15 08:00:00+00:00,0.7019,0.7042,0.7012,0.704,5664917.0
2025-10-15 08:15:00+00:00,0.7041,0.7111,0.7035,0.7097,15679994.0
2025-10-15 08:30:00+00:00,0.7097,0.7158,0.7087,0.7094,16757809.0
2025-10-15 08:45:00+00:00,0.7095,0.7095,0.7046,0.7047,6237462.0
2025-10-15 09:00:00+00:00,0.7048,0.7048,0.7007,0.7018,10790757.0
2025-10-15 09:15:00+00:00,0.7019,0.7021,0.6972,0.6987,10113175.0
2025-10-15 09:30:00+00:00,0.6988,0.7001,0.6955,0.6996,7376528.0
2025-10-15 09:45:00+00:00,0.6996,0.701,0.6981,0.6994,4778922.0
2025-10-15 10:00:00+00:00,0.6995,0.6998,0.6965,0.6987,5280921.0
2025-10-15 10:15:00+00:00,0.6988,0.6992,0.6936,0.6953,5107382.0
2025-10-15 10:30:00+00:00,0.6953,0.6954,0.6918,0.6941,5622219.0
2025-10-15 10:45:00+00:00,0.6942,0.695,0.6922,0.6937,3967554.0
2025-10-15 11:00:00+00:00,0.6937,0.6956,0.6918,0.6919,4153464.0
2025-10-15 11:15:00+00:00,0.692,0.6924,0.6859,0.6918,11499909.0
2025-10-15 11:30:00+00:00,0.6919,0.6952,0.6903,0.6949,4569198.0
2025-10-15 11:45:00+00:00,0.6949,0.6949,0.69,0.6901,5268195.0
2025-10-15 12:00:00+00:00,0.6902,0.6934,0.6898,0.6903,4489969.0
2025-10-15 12:15:00+00:00,0.6904,0.6914,0.6841,0.6856,6757633.0
2025-10-15 12:30:00+00:00,0.6855,0.6878,0.6842,0.6873,5506123.0
2025-10-15 12:45:00+00:00,0.6874,0.6903,0.687,0.6894,5275439.0
2025-10-15 13:00:00+00:00,0.6895,0.6899,0.6839,0.686,6421195.0
2025-10-15 13:15:00+00:00,0.6861,0.6886,0.6844,0.686,3955301.0
2025-10-15 13:30:00+00:00,0.686,0.6926,0.6828,0.6862,13294505.0
2025-10-15 13:45:00+00:00,0.6862,0.6879,0.6734,0.6864,31736238.0
2025-10-15 14:00:00+00:00,0.6865,0.6936,0.6863,0.6907,10714497.0
2025-10-15 14:15:00+00:00,0.6908,0.6931,0.6885,0.6895,5123879.0
2025-10-15 14:30:00+00:00,0.6896,0.69,0.6826,0.6838,7156527.0
2025-10-15 14:45:00+00:00,0.6837,0.6838,0.6755,0.6795,13012558.0
2025-10-15 15:00:00+00:00,0.6795,0.6829,0.6747,0.6796,8812919.0
2025-10-15 15:15:00+00:00,0.6796,0.6828,0.6757,0.6779,7319692.0
2025-10-15 15:30:00+00:00,0.6778,0.6792,0.6712,0.6737,12607292.0
2025-10-15 15:45:00+00:00,0.6736,0.6737,0.6684,0.6724,13465224.0
2025-10-15 16:00:00+00:00,0.6724,0.6746,0.6692,0.6716,9826512.0
2025-10-15 16:15:00+00:00,0.6717,0.6747,0.6685,0.6734,5454494.0
2025-10-15 16:30:00+00:00,0.6735,0.6746,0.6707,0.6717,5083600.0
2025-10-15 16:45:00+00:00,0.6717,0.6756,0.6702,0.6712,6325928.0
2025-10-15 17:00:00+00:00,0.6713,0.6713,0.6643,0.6648,12543087.0
2025-10-15 17:15:00+00:00,0.6648,0.6692,0.6634,0.667,11353060.0
2025-10-15 17:30:00+00:00,0.667,0.6705,0.6644,0.6693,6202748.0
2025-10-15 17:45:00+00:00,0.6694,0.6734,0.6694,0.6731,4080616.0
2025-10-15 18:00:00+00:00,0.6731,0.6744,0.6697,0.6711,5733041.0
2025-10-15 18:15:00+00:00,0.6711,0.675,0.6709,0.6732,4028115.0
2025-10-15 18:30:00+00:00,0.6732,0.6743,0.6707,0.6721,3838368.0
2025-10-15 18:45:00+00:00,0.6722,0.6764,0.6711,0.6755,4801173.0
2025-10-15 19:00:00+00:00,0.6756,0.6757,0.6705,0.6718,4262262.0
2025-10-15 19:15:00+00:00,0.6719,0.675,0.6709,0.6738,3629640.0
2025-10-15 19:30:00+00:00,0.6739,0.6746,0.6688,0.6707,3185638.0
2025-10-15 19:45:00+00:00,0.6708,0.671,0.6661,0.669,5551220.0
2025-10-15 20:00:00+00:00,0.6691,0.6712,0.6683,0.6701,4641820.0
2025-10-15 20:15:00+00:00,0.6701,0.6725,0.6663,0.6669,4326216.0
2025-10-15 20:30:00+00:00,0.6669,0.6695,0.6567,0.6688,24463031.0
2025-10-15 20:45:00+00:00,0.6689,0.6701,0.664,0.6644,5975507.0
2025-10-15 21:00:00+00:00,0.6644,0.666,0.6574,0.6626,8693743.0
2025-10-15 21:15:00+00:00,0.6625,0.6671,0.6603,0.666,4112920.0
2025-10-15 21:30:00+00:00,0.666,0.6685,0.6643,0.6655,4570336.0
2025-10-15 21:45:00+00:00,0.6656,0.6661,0.6597,0.6623,3399633.0
2025-10-15 22:00:00+00:00,0.6623,0.6661,0.6611,0.6659,3990933.0
2025-10-15 22:15:00+00:00,0.666,0.668,0.665,0.6658,2749316.0
2025-10-15 22:30:00+00:00,0.6658,0.6679,0.6653,0.6669,2140243.0
2025-10-15 22:45:00+00:00,0.667,0.6674,0.662,0.6638,3623745.0
2025-10-15 23:00:00+00:00,0.6638,0.6678,0.6633,0.667,4003244.0
2025-10-15 23:15:00+00:00,0.667,0.6682,0.6645,0.6669,2750494.0
2025-10-15 23:30:00+00:00,0.667,0.6696,0.667,0.6685,3645571.0
2025-10-15 23:45:00+00:00,0.6686,0.6692,0.6665,0.668,2032629.0
2025-10-16 00:00:00+00:00,0.6681,0.6696,0.6655,0.6657,4122742.0
2025-10-16 00:15:00+00:00,0.6657,0.6703,0.6655,0.6691,4564766.0
2025-10-16 00:30:00+00:00,0.6692,0.6692,0.6656,0.6665,3633562.0
2025-10-16 00:45:00+00:00,0.6665,0.6687,0.6655,0.6663,2630130.0
2025-10-16 01:00:00+00:00,0.6662,0.6719,0.6658,0.6699,3645869.0
2025-10-16 01:15:00+00:00,0.67,0.671,0.6677,0.6682,4069790.0
2025-10-16 01:30:00+00:00,0.6681,0.67,0.667,0.6689,3727469.0
2025-10-16 01:45:00+00:00,0.669,0.6728,0.6682,0.672,3759432.0
2025-10-16 02:00:00+00:00,0.6721,0.6755,0.67,0.6727,6306480.0
2025-10-16 02:15:00+00:00,0.6728,0.6731,0.6711,0.6726,2479513.0
2025-10-16 02:30:00+00:00,0.6727,0.6727,0.6687,0.6691,2883564.0
2025-10-16 02:45:00+00:00,0.6692,0.6732,0.6687,0.6729,2247710.0
2025-10-16 03:00:00+00:00,0.6729,0.674,0.6713,0.6716,3307237.0
2025-10-16 03:15:00+00:00,0.6717,0.6745,0.6706,0.6733,2885213.0
2025-10-16 03:30:00+00:00,0.6733,0.6734,0.67,0.6715,3121799.0
2025-10-16 03:45:00+00:00,0.6716,0.672,0.6692,0.6697,1842422.0
2025-10-16 04:00:00+00:00,0.6698,0.6736,0.6693,0.6728,4212876.0
2025-10-16 04:15:00+00:00,0.6729,0.674,0.6728,0.6734,1975243.0
2025-10-16 04:30:00+00:00,0.6735,0.674,0.6691,0.6698,2423495.0
2025-10-16 04:45:00+00:00,0.6699,0.6703,0.6662,0.6682,5104854.0
2025-10-16 05:00:00+00:00,0.6683,0.6695,0.6656,0.669,5215723.0
2025-10-16 05:15:00+00:00,0.6691,0.6695,0.6671,0.6678,1889879.0
2025-10-16 05:30:00+00:00,0.6679,0.6728,0.6677,0.6713,3796539.0
2025-10-16 05:45:00+00:00,0.6713,0.672,0.6641,0.6676,4853865.0
2025-10-16 06:00:00+00:00,0.6677,0.67,0.6669,0.6684,4334275.0
2025-10-16 06:15:00+00:00,0.6684,0.6711,0.668,0.6709,2889213.0
2025-10-16 06:30:00+00:00,0.6709,0.6732,0.6706,0.671,4348323.0
2025-10-16 06:45:00+00:00,0.6711,0.6761,0.6711,0.6754,6133939.0
2025-10-16 07:00:00+00:00,0.6754,0.6759,0.6727,0.6739,3785950.0
2025-10-16 07:15:00+00:00,0.674,0.674,0.6682,0.6683,4367945.0
2025-10-16 07:30:00+00:00,0.6684,0.6715,0.6678,0.6712,2916617.0
2025-10-16 07:45:00+00:00,0.6712,0.6724,0.6693,0.6704,3931397.0
2025-10-16 08:00:00+00:00,0.6703,0.6713,0.6676,0.6713,3135760.0
2025-10-16 08:15:00+00:00,0.6712,0.6721,0.6683,0.6686,3185148.0
2025-10-16 08:30:00+00:00,0.6687,0.6704,0.6656,0.6678,4495363.0
2025-10-16 08:45:00+00:00,0.6678,0.6689,0.667,0.668,2485824.0
2025-10-16 09:00:00+00:00,0.668,0.6712,0.6663,0.6702,3769269.0
2025-10-16 09:15:00+00:00,0.6702,0.6715,0.6669,0.6669,4070459.0
2025-10-16 09:30:00+00:00,0.6669,0.6704,0.65,0.6684,46344031.0
2025-10-16 09:45:00+00:00,0.6683,0.6777,0.6681,0.6727,30999025.0
2025-10-16 10:00:00+00:00,0.6726,0.679,0.6722,0.6769,11496572.0
2025-10-16 10:15:00+00:00,0.6769,0.6813,0.6759,0.676,8891824.0
2025-10-16 10:30:00+00:00,0.6761,0.679,0.6758,0.6786,3639775.0
2025-10-16 10:45:00+00:00,0.6786,0.6805,0.6774,0.6782,4086572.0
2025-10-16 11:00:00+00:00,0.6781,0.6811,0.677,0.6782,5609510.0
2025-10-16 11:15:00+00:00,0.6782,0.6791,0.6744,0.6752,4163115.0
2025-10-16 11:30:00+00:00,0.6752,0.6766,0.6733,0.6759,4873161.0
2025-10-16 11:45:00+00:00,0.6758,0.6799,0.6757,0.6797,2710401.0
2025-10-16 12:00:00+00:00,0.6798,0.6843,0.6776,0.6777,7977407.0
2025-10-16 12:15:00+00:00,0.6777,0.6798,0.6773,0.6787,4531282.0
2025-10-16 12:30:00+00:00,0.6788,0.6824,0.6774,0.6804,5631874.0
2025-10-16 12:45:00+00:00,0.6804,0.6814,0.6792,0.6793,2394267.0
2025-10-16 13:00:00+00:00,0.6793,0.6804,0.6764,0.6777,4070417.0
2025-10-16 13:15:00+00:00,0.6778,0.6786,0.6744,0.6768,5041349.0
2025-10-16 13:30:00+00:00,0.6769,0.6801,0.6752,0.6774,6069693.0
2025-10-16 13:45:00+00:00,0.6774,0.679,0.6706,0.6726,8640185.0
2025-10-16 14:00:00+00:00,0.6726,0.6733,0.6663,0.6677,11138340.0
2025-10-16 14:15:00+00:00,0.6677,0.6699,0.662,0.6658,17527418.0
2025-10-16 14:30:00+00:00,0.6658,0.6773,0.6657,0.6758,14967036.0
2025-10-16 14:45:00+00:00,0.6759,0.6767,0.6678,0.6686,8036273.0
2025-10-16 15:00:00+00:00,0.6687,0.67,0.664,0.6698,7509885.0
2025-10-16 15:15:00+00:00,0.6698,0.6707,0.6612,0.6626,7401284.0
2025-10-16 15:30:00+00:00,0.6626,0.6654,0.657,0.6588,20599397.0
2025-10-16 15:45:00+00:00,0.6588,0.6592,0.6481,0.6517,40554410.0
2025-10-16 16:00:00+00:00,0.6517,0.6566,0.6456,0.6534,30987797.0
2025-10-16 16:15:00+00:00,0.6535,0.6551,0.6478,0.6511,15722623.0
2025-10-16 16:30:00+00:00,0.6511,0.6561,0.6461,0.6521,16756050.0
2025-10-16 16:45:00+00:00,0.6521,0.6642,0.6507,0.664,14541270.0
2025-10-16 17:00:00+00:00,0.6639,0.664,0.6551,0.6552,13130651.0
2025-10-16 17:15:00+00:00,0.6552,0.6621,0.6551,0.658,38876629.0
2025-10-16 17:30:00+00:00,0.6579,0.6594,0.6525,0.6543,11169059.0
2025-10-16 17:45:00+00:00,0.6543,0.656,0.6527,0.6547,8457999.0
2025-10-16 18:00:00+00:00,0.6546,0.6551,0.6467,0.6487,10017256.0
2025-10-16 18:15:00+00:00,0.6486,0.6515,0.6464,0.6477,7207366.0
2025-10-16 18:30:00+00:00,0.6477,0.6546,0.6461,0.6519,11606050.0
2025-10-16 18:45:00+00:00,0.6519,0.6543,0.6494,0.6525,5303610.0
2025-10-16 19:00:00+00:00,0.6524,0.6534,0.6467,0.6477,7205507.0
2025-10-16 19:15:00+00:00,0.6476,0.6488,0.6414,0.6438,11492578.0
2025-10-16 19:30:00+00:00,0.6438,0.6446,0.638,0.6413,12807766.0
2025-10-16 19:45:00+00:00,0.6412,0.6479,0.6389,0.6431,8625621.0
2025-10-16 20:00:00+00:00,0.643,0.6458,0.6408,0.6409,5499664.0
2025-10-16 20:15:00+00:00,0.6409,0.6435,0.6374,0.6398,6057486.0
2025-10-16 20:30:00+00:00,0.6398,0.6408,0.6326,0.6372,14069447.0
2025-10-16 20:45:00+00:00,0.6371,0.6404,0.636,0.6373,5917727.0
2025-10-16 21:00:00+00:00,0.6373,0.6397,0.6352,0.6393,7519091.0
2025-10-16 21:15:00+00:00,0.6392,0.6414,0.6381,0.6409,3329702.0
2025-10-16 21:30:00+00:00,0.6408,0.6439,0.6405,0.642,4086716.0
2025-10-16 21:45:00+00:00,0.642,0.645,0.642,0.6446,3109260.0
2025-10-16 22:00:00+00:00,0.6445,0.6454,0.6409,0.6412,4485628.0
2025-10-16 22:15:00+00:00,0.6413,0.6429,0.6407,0.6423,2695745.0
2025-10-16 22:30:00+00:00,0.6422,0.6431,0.6401,0.6404,2351159.0
2025-10-16 22:45:00+00:00,0.6404,0.642,0.6378,0.638,2807343.0
2025-10-16 23:00:00+00:00,0.6379,0.6422,0.6373,0.6411,4450213.0
2025-10-16 23:15:00+00:00,0.6412,0.6458,0.6411,0.6445,4043366.0
2025-10-16 23:30:00+00:00,0.6445,0.6452,0.6426,0.6435,3812844.0
2025-10-16 23:45:00+00:00,0.6435,0.6454,0.643,0.6447,2238731.0
2025-10-17 00:00:00+00:00,0.6448,0.6471,0.643,0.6464,3962162.0
2025-10-17 00:15:00+00:00,0.6465,0.6483,0.6459,0.6479,4805099.0
2025-10-17 00:30:00+00:00,0.648,0.6496,0.6465,0.6478,3830434.0
2025-10-17 00:45:00+00:00,0.6478,0.6497,0.6462,0.6497,4142937.0
2025-10-17 01:00:00+00:00,0.6497,0.6556,0.6487,0.6518,9562429.0
2025-10-17 01:15:00+00:00,0.6518,0.6534,0.6495,0.6506,3895130.0
2025-10-17 01:30:00+00:00,0.6506,0.6516,0.6465,0.6477,3363389.0
2025-10-17 01:45:00+00:00,0.6477,0.6489,0.6454,0.6482,2700476.0
2025-10-17 02:00:00+00:00,0.6482,0.65,0.6458,0.6469,3706213.0
2025-10-17 02:15:00+00:00,0.647,0.647,0.6438,0.6442,3664144.0
2025-10-17 02:30:00+00:00,0.6442,0.648,0.6438,0.6478,4824610.0
2025-10-17 02:45:00+00:00,0.6478,0.651,0.6469,0.649,4015687.0
2025-10-17 03:00:00+00:00,0.649,0.6516,0.649,0.6501,2659691.0
2025-10-17 03:15:00+00:00,0.65,0.6516,0.6489,0.65,2996896.0
2025-10-17 03:30:00+00:00,0.6499,0.6509,0.6489,0.6494,2117130.0
2025-10-17 03:45:00+00:00,0.6493,0.6521,0.6489,0.6516,3239189.0
2025-10-17 04:00:00+00:00,0.6516,0.652,0.6488,0.6497,3846992.0
2025-10-17 04:15:00+00:00,0.6497,0.6503,0.6478,0.6482,1679658.0
2025-10-17 04:30:00+00:00,0.6482,0.6501,0.6474,0.6477,1537840.0
2025-10-17 04:45:00+00:00,0.6476,0.6486,0.6454,0.6465,2883781.0
2025-10-17 05:00:00+00:00,0.6465,0.6473,0.6456,0.646,4097684.0
2025-10-17 05:15:00+00:00,0.646,0.6478,0.6437,0.6469,5831428.0
2025-10-17 05:30:00+00:00,0.6469,0.6477,0.6422,0.6432,4333066.0
2025-10-17 05:45:00+00:00,0.6431,0.6434,0.6408,0.6422,4341739.0
2025-10-17 06:00:00+00:00,0.6422,0.6439,0.6407,0.6417,3365925.0
2025-10-17 06:15:00+00:00,0.6417,0.6423,0.6358,0.6367,8973922.0
2025-10-17 06:30:00+00:00,0.6367,0.6377,0.6256,0.6283,33165562.0
2025-10-17 06:45:00+00:00,0.6283,0.6303,0.6206,0.6235,26251835.0
2025-10-17 07:00:00+00:00,0.6236,0.6245,0.6121,0.6143,38938675.0
2025-10-17 07:15:00+00:00,0.6143,0.6188,0.6134,0.6145,14454209.0
2025-10-17 07:30:00+00:00,0.6145,0.6165,0.6087,0.6102,24336891.0
2025-10-17 07:45:00+00:00,0.6102,0.6154,0.6068,0.6089,17482965.0
2025-10-17 08:00:00+00:00,0.6089,0.6117,0.604,0.6057,21898020.0
2025-10-17 08:15:00+00:00,0.6057,0.6064,0.5984,0.6029,32225927.0
2025-10-17 08:30:00+00:00,0.603,0.6076,0.5982,0.5997,21389593.0
2025-10-17 08:45:00+00:00,0.5997,0.6013,0.5971,0.5976,17013969.0
2025-10-17 09:00:00+00:00,0.5976,0.6039,0.5958,0.6034,14979667.0
2025-10-17 09:15:00+00:00,0.6034,0.6052,0.6009,0.605,9622732.0
2025-10-17 09:30:00+00:00,0.6049,0.6141,0.6046,0.6073,17717631.0
2025-10-17 09:45:00+00:00,0.6073,0.6092,0.6027,0.6028,8871035.0
2025-10-17 10:00:00+00:00,0.6028,0.6064,0.5993,0.6027,12364274.0
2025-10-17 10:15:00+00:00,0.6027,0.6033,0.5917,0.5948,26014639.0
2025-10-17 10:30:00+00:00,0.5948,0.6009,0.5937,0.598,13440096.0
2025-10-17 10:45:00+00:00,0.598,0.6051,0.5979,0.6037,11342855.0
2025-10-17 11:00:00+00:00,0.6036,0.6165,0.6031,0.6153,23201568.0
2025-10-17 11:15:00+00:00,0.6154,0.6216,0.6146,0.6186,30838418.0
2025-10-17 11:30:00+00:00,0.6186,0.6197,0.6136,0.6159,12723046.0
2025-10-17 11:45:00+00:00,0.6159,0.6197,0.6148,0.6167,6908758.0
2025-10-17 12:00:00+00:00,0.6166,0.6215,0.6156,0.6178,10398205.0
2025-10-17 12:15:00+00:00,0.6178,0.6211,0.616,0.6174,7012524.0
2025-10-17 12:30:00+00:00,0.6174,0.6196,0.6157,0.6183,5563799.0
2025-10-17 12:45:00+00:00,0.6183,0.6193,0.6159,0.6167,4675518.0
2025-10-17 13:00:00+00:00,0.6167,0.6203,0.6146,0.6146,8091069.0
2025-10-17 13:15:00+00:00,0.6147,0.6197,0.6134,0.6174,8954742.0
2025-10-17 13:30:00+00:00,0.6174,0.6232,0.6129,0.6146,19782425.0
2025-10-17 13:45:00+00:00,0.6146,0.6252,0.6104,0.6215,23719895.0
2025-10-17 14:00:00+00:00,0.6215,0.6232,0.6157,0.6191,12185847.0
2025-10-17 14:15:00+00:00,0.6192,0.6207,0.614,0.6145,8008189.0
2025-10-17 14:30:00+00:00,0.6145,0.617,0.6065,0.6134,27284029.0
2025-10-17 14:45:00+00:00,0.6133,0.6197,0.6125,0.614,14926088.0
2025-10-17 15:00:00+00:00,0.614,0.6183,0.6131,0.6139,9858262.0
2025-10-17 15:15:00+00:00,0.6138,0.6201,0.6136,0.6179,8233750.0
2025-10-17 15:30:00+00:00,0.6179,0.62,0.6125,0.6183,16805563.0
2025-10-17 15:45:00+00:00,0.6182,0.6255,0.618,0.6253,10950985.0
2025-10-17 16:00:00+00:00,0.6254,0.6339,0.6247,0.6278,26638384.0
2025-10-17 16:15:00+00:00,0.6278,0.6313,0.6249,0.6262,12445874.0
2025-10-17 16:30:00+00:00,0.6261,0.6278,0.6226,0.6256,9527127.0
2025-10-17 16:45:00+00:00,0.6257,0.6279,0.6227,0.6249,6176717.0
2025-10-17 17:00:00+00:00,0.6249,0.6278,0.624,0.6264,5214299.0
2025-10-17 17:15:00+00:00,0.6264,0.6275,0.6199,0.6229,9368990.0
2025-10-17 17:30:00+00:00,0.6229,0.6258,0.6215,0.6246,5486761.0
2025-10-17 17:45:00+00:00,0.6246,0.6281,0.6213,0.6256,7174993.0
2025-10-17 18:00:00+00:00,0.6255,0.6283,0.6247,0.6249,5573400.0
2025-10-17 18:15:00+00:00,0.6248,0.6293,0.6244,0.6275,5950809.0
2025-10-17 18:30:00+00:00,0.6275,0.6297,0.6262,0.627,3746854.0
2025-10-17 18:45:00+00:00,0.6269,0.6281,0.6245,0.6258,4699997.0
2025-10-17 19:00:00+00:00,0.6258,0.6282,0.6253,0.6268,3154431.0
2025-10-17 19:15:00+00:00,0.6267,0.6271,0.6226,0.6239,3519616.0
2025-10-17 19:30:00+00:00,0.6239,0.6239,0.62,0.6229,5219630.0
2025-10-17 19:45:00+00:00,0.6228,0.6242,0.6221,0.6236,2922394.0
2025-10-17 20:00:00+00:00,0.6237,0.6266,0.6222,0.6262,3385082.0
2025-10-17 20:15:00+00:00,0.6262,0.63,0.6258,0.6293,3558561.0
2025-10-17 20:30:00+00:00,0.6293,0.6297,0.627,0.6282,3064715.0
2025-10-17 20:45:00+00:00,0.6281,0.6302,0.6278,0.6288,2999320.0
2025-10-17 21:00:00+00:00,0.6288,0.6342,0.6285,0.6336,5577335.0
2025-10-17 21:15:00+00:00,0.6335,0.6348,0.631,0.6322,5863232.0
2025-10-17 21:30:00+00:00,0.6322,0.633,0.6306,0.6324,2400894.0
2025-10-17 21:45:00+00:00,0.6323,0.6329,0.6315,0.6322,1044685.0
2025-10-17 22:00:00+00:00,0.6322,0.6336,0.6298,0.6299,3182352.0
2025-10-17 22:15:00+00:00,0.6299,0.6308,0.6287,0.6297,2175644.0
2025-10-17 22:30:00+00:00,0.6296,0.6298,0.6267,0.6269,3468095.0
2025-10-17 22:45:00+00:00,0.627,0.6291,0.6269,0.6286,1816470.0
2025-10-17 23:00:00+00:00,0.6286,0.6287,0.6254,0.6262,1949800.0
2025-10-17 23:15:00+00:00,0.6262,0.6267,0.6246,0.6247,1850612.0
2025-10-17 23:30:00+00:00,0.6247,0.6255,0.6235,0.6247,2305332.0
2025-10-17 23:45:00+00:00,0.6247,0.6255,0.6237,0.6243,2023238.0
2025-10-18 00:00:00+00:00,0.6243,0.6249,0.6227,0.6242,4067773.0
2025-10-18 00:15:00+00:00,0.6241,0.6282,0.6234,0.6275,4052655.0
2025-10-18 00:30:00+00:00,0.6275,0.6287,0.6259,0.6282,5316154.0
2025-10-18 00:45:00+00:00,0.6282,0.6288,0.6265,0.6274,2132154.0
2025-10-18 01:00:00+00:00,0.6275,0.6304,0.6273,0.63,3078408.0
2025-10-18 01:15:00+00:00,0.63,0.6333,0.6293,0.6332,2910128.0
2025-10-18 01:30:00+00:00,0.6332,0.6337,0.6314,0.6325,2722268.0
2025-10-18 01:45:00+00:00,0.6325,0.6352,0.6316,0.6345,2019968.0
2025-10-18 02:00:00+00:00,0.6346,0.6365,0.6318,0.6322,5432281.0
2025-10-18 02:15:00+00:00,0.6323,0.6332,0.6305,0.6326,3389882.0
2025-10-18 02:30:00+00:00,0.6327,0.6335,0.6294,0.6298,3940543.0
2025-10-18 02:45:00+00:00,0.6297,0.6301,0.6279,0.629,1974998.0
2025-10-18 03:00:00+00:00,0.629,0.6311,0.629,0.6308,2022398.0
2025-10-18 03:15:00+00:00,0.6308,0.6323,0.6303,0.6318,1894447.0
2025-10-18 03:30:00+00:00,0.6319,0.6334,0.6311,0.6318,2310361.0
2025-10-18 03:45:00+00:00,0.6317,0.6323,0.631,0.6317,1716364.0
2025-10-18 04:00:00+00:00,0.6317,0.6319,0.6283,0.6285,4261551.0
2025-10-18 04:15:00+00:00,0.6285,0.6292,0.6268,0.6286,3073224.0
2025-10-18 04:30:00+00:00,0.6285,0.6287,0.6251,0.6256,3020951.0
2025-10-18 04:45:00+00:00,0.6257,0.6262,0.6247,0.625,1952149.0
2025-10-18 05:00:00+00:00,0.625,0.6272,0.6248,0.6268,2032267.0
2025-10-18 05:15:00+00:00,0.6268,0.6275,0.6254,0.6258,3200962.0
2025-10-18 05:30:00+00:00,0.6258,0.628,0.6243,0.6275,2154999.0
2025-10-18 05:45:00+00:00,0.6275,0.6296,0.6275,0.6288,2594624.0
2025-10-18 06:00:00+00:00,0.6289,0.6318,0.6279,0.6306,2974588.0
2025-10-18 06:15:00+00:00,0.6306,0.6309,0.6278,0.6282,2224638.0
2025-10-18 06:30:00+00:00,0.6282,0.6289,0.6263,0.6269,1665429.0
2025-10-18 06:45:00+00:00,0.6268,0.6298,0.6265,0.6292,1536521.0
2025-10-18 07:00:00+00:00,0.6291,0.6389,0.629,0.6357,13674137.0
2025-10-18 07:15:00+00:00,0.6357,0.6359,0.6317,0.6324,5040161.0
2025-10-18 07:30:00+00:00,0.6324,0.6354,0.6315,0.6346,4910184.0
2025-10-18 07:45:00+00:00,0.6346,0.6363,0.6301,0.6314,5817850.0
2025-10-18 08:00:00+00:00,0.6315,0.6341,0.6311,0.6336,4891813.0
2025-10-18 08:15:00+00:00,0.6336,0.634,0.6317,0.6323,2202773.0
2025-10-18 08:30:00+00:00,0.6324,0.6332,0.6313,0.6315,3471763.0
2025-10-18 08:45:00+00:00,0.6316,0.6324,0.6303,0.6306,3245904.0
2025-10-18 09:00:00+00:00,0.6307,0.6324,0.63,0.6306,3264954.0
2025-10-18 09:15:00+00:00,0.6306,0.6352,0.6296,0.6347,2982342.0
2025-10-18 09:30:00+00:00,0.6346,0.6359,0.6333,0.6355,2105553.0
2025-10-18 09:45:00+00:00,0.6355,0.6364,0.6337,0.6354,3112044.0
2025-10-18 10:00:00+00:00,0.6354,0.6361,0.6337,0.6343,2753226.0
2025-10-18 10:15:00+00:00,0.6343,0.6351,0.6327,0.6348,3070234.0
2025-10-18 10:30:00+00:00,0.6348,0.6374,0.6347,0.6368,2438472.0
2025-10-18 10:45:00+00:00,0.6368,0.6369,0.6328,0.6343,3549749.0
2025-10-18 11:00:00+00:00,0.6344,0.6366,0.634,0.6365,2488164.0
2025-10-18 11:15:00+00:00,0.6364,0.6375,0.6343,0.6345,3166797.0
2025-10-18 11:30:00+00:00,0.6345,0.6369,0.6341,0.6366,1598119.0
2025-10-18 11:45:00+00:00,0.6366,0.6379,0.6357,0.6377,2881789.0
2025-10-18 12:00:00+00:00,0.6377,0.6395,0.6366,0.6388,5187631.0
2025-10-18 12:15:00+00:00,0.6388,0.6405,0.6362,0.6372,4303907.0
2025-10-18 12:30:00+00:00,0.6372,0.6375,0.635,0.6367,2085012.0
2025-10-18 12:45:00+00:00,0.6367,0.637,0.635,0.6356,1968307.0
2025-10-18 13:00:00+00:00,0.6356,0.6359,0.6319,0.6333,4332876.0
2025-10-18 13:15:00+00:00,0.6334,0.6334,0.6302,0.6323,3807425.0
2025-10-18 13:30:00+00:00,0.6323,0.6324,0.629,0.6302,4719506.0
2025-10-18 13:45:00+00:00,0.6303,0.6324,0.6295,0.6306,2566025.0
2025-10-18 14:00:00+00:00,0.6307,0.6319,0.6266,0.6279,6024749.0
2025-10-18 14:15:00+00:00,0.628,0.6306,0.628,0.6303,3127270.0
2025-10-18 14:30:00+00:00,0.6304,0.6341,0.6303,0.6321,3485379.0
2025-10-18 14:45:00+00:00,0.6322,0.6337,0.6311,0.6322,2487535.0
2025-10-18 15:00:00+00:00,0.6322,0.6337,0.6313,0.6319,2396277.0
2025-10-18 15:15:00+00:00,0.632,0.6332,0.631,0.631,1695614.0
2025-10-18 15:30:00+00:00,0.6311,0.6313,0.6286,0.6312,3045584.0
2025-10-18 15:45:00+00:00,0.6313,0.6323,0.6308,0.6317,1449329.0
2025-10-18 16:00:00+00:00,0.6317,0.6328,0.629,0.6294,3406121.0
2025-10-18 16:15:00+00:00,0.6293,0.6298,0.6269,0.6283,2984071.0
2025-10-18 16:30:00+00:00,0.6283,0.6283,0.6256,0.6269,6428829.0
2025-10-18 16:45:00+00:00,0.6269,0.6298,0.6264,0.6295,3221509.0
2025-10-18 17:00:00+00:00,0.6294,0.63,0.6275,0.63,2301622.0
2025-10-18 17:15:00+00:00,0.6299,0.6344,0.6297,0.6336,5444261.0
2025-10-18 17:30:00+00:00,0.6336,0.6345,0.6321,0.6325,3579892.0
2025-10-18 17:45:00+00:00,0.6325,0.6371,0.6323,0.6363,2555756.0
2025-10-18 18:00:00+00:00,0.6362,0.6373,0.6342,0.6347,2711096.0
2025-10-18 18:15:00+00:00,0.6347,0.6356,0.6339,0.6354,1766371.0
2025-10-18 18:30:00+00:00,0.6353,0.6368,0.635,0.6357,1562714.0
2025-10-18 18:45:00+00:00,0.6356,0.6359,0.6343,0.6348,1762912.0
2025-10-18 19:00:00+00:00,0.6348,0.6358,0.6337,0.6343,1312117.0
2025-10-18 19:15:00+00:00,0.6342,0.6364,0.6342,0.6362,2051661.0
2025-10-18 19:30:00+00:00,0.6361,0.6361,0.6346,0.6354,1381938.0
2025-10-18 19:45:00+00:00,0.6354,0.6365,0.6352,0.6362,1054611.0
2025-10-18 20:00:00+00:00,0.6363,0.6376,0.6353,0.6355,2438255.0
2025-10-18 20:15:00+00:00,0.6356,0.6377,0.6349,0.6374,1297812.0
2025-10-18 20:30:00+00:00,0.6374,0.639,0.636,0.6363,1524298.0
2025-10-18 20:45:00+00:00,0.6364,0.6376,0.634,0.6341,3151277.0
2025-10-18 21:00:00+00:00,0.634,0.6348,0.6315,0.6326,2797779.0
2025-10-18 21:15:00+00:00,0.6326,0.6345,0.6312,0.6345,2200433.0
2025-10-18 21:30:00+00:00,0.6345,0.6353,0.6334,0.6339,1366765.0
2025-10-18 21:45:00+00:00,0.634,0.6354,0.6334,0.6346,934860.0
2025-10-18 22:00:00+00:00,0.6345,0.6353,0.6332,0.6337,1203435.0
2025-10-18 22:15:00+00:00,0.6338,0.6356,0.6335,0.6354,921704.0
2025-10-18 22:30:00+00:00,0.6354,0.6358,0.6338,0.634,1023312.0
2025-10-18 22:45:00+00:00,0.6339,0.634,0.6322,0.6332,1878061.0
2025-10-18 23:00:00+00:00,0.6332,0.6339,0.6324,0.6332,1311347.0
2025-10-18 23:15:00+00:00,0.6332,0.6336,0.6319,0.6334,986212.0
2025-10-18 23:30:00+00:00,0.6334,0.6342,0.6332,0.6334,1090395.0
2025-10-18 23:45:00+00:00,0.6333,0.6342,0.633,0.634,628854.0
2025-10-19 00:00:00+00:00,0.6339,0.6346,0.6312,0.6318,3174913.0
2025-10-19 00:15:00+00:00,0.6318,0.6329,0.6313,0.6315,1474331.0
2025-10-19 00:30:00+00:00,0.6315,0.6317,0.6287,0.6293,2859234.0
2025-10-19 00:45:00+00:00,0.6293,0.6307,0.6282,0.6302,2059132.0
2025-10-19 01:00:00+00:00,0.6301,0.6302,0.6273,0.6279,2634290.0
2025-10-19 01:15:00+00:00,0.6279,0.6305,0.6276,0.6303,2299328.0
2025-10-19 01:30:00+00:00,0.6302,0.6305,0.628,0.6295,1109835.0
2025-10-19 01:45:00+00:00,0.6295,0.6313,0.6294,0.6308,2421637.0
2025-10-19 02:00:00+00:00,0.6307,0.6308,0.6292,0.6296,1599606.0
2025-10-19 02:15:00+00:00,0.6296,0.6314,0.6292,0.6301,1308165.0
2025-10-19 02:30:00+00:00,0.6301,0.6307,0.6286,0.6289,1272683.0
2025-10-19 02:45:00+00:00,0.6289,0.6294,0.628,0.6292,1223847.0
2025-10-19 03:00:00+00:00,0.6291,0.6292,0.6279,0.6285,2007427.0
2025-10-19 03:15:00+00:00,0.6286,0.6322,0.6285,0.6322,2202917.0
2025-10-19 03:30:00+00:00,0.6321,0.6349,0.6321,0.6343,3378352.0
2025-10-19 03:45:00+00:00,0.6342,0.6361,0.6326,0.6347,5029620.0
2025-10-19 04:00:00+00:00,0.6346,0.6353,0.6323,0.6328,3631720.0
2025-10-19 04:15:00+00:00,0.6328,0.6332,0.6315,0.6326,1590827.0
2025-10-19 04:30:00+00:00,0.6326,0.6337,0.6325,0.6328,1282597.0
2025-10-19 04:45:00+00:00,0.6327,0.6336,0.6322,0.6329,1078036.0
2025-10-19 05:00:00+00:00,0.6328,0.6344,0.6325,0.6329,1847270.0
2025-10-19 05:15:00+00:00,0.6328,0.6355,0.6322,0.6332,3608893.0
2025-10-19 05:30:00+00:00,0.6332,0.6342,0.632,0.6323,1404934.0
2025-10-19 05:45:00+00:00,0.6322,0.6322,0.6307,0.6315,1809843.0
2025-10-19 06:00:00+00:00,0.6315,0.6323,0.6296,0.6296,2661624.0
2025-10-19 06:15:00+00:00,0.6297,0.6306,0.6287,0.6291,1874199.0
2025-10-19 06:30:00+00:00,0.6292,0.6294,0.6261,0.6278,3844783.0
2025-10-19 06:45:00+00:00,0.6279,0.6286,0.6272,0.6285,2855218.0
2025-10-19 07:00:00+00:00,0.6285,0.6298,0.6279,0.6293,2189193.0
2025-10-19 07:15:00+00:00,0.6293,0.6304,0.6281,0.6282,2813228.0
2025-10-19 07:30:00+00:00,0.6283,0.6303,0.6276,0.6283,2149040.0
2025-10-19 07:45:00+00:00,0.6283,0.63,0.6278,0.6298,1890691.0
2025-10-19 08:00:00+00:00,0.6299,0.632,0.6298,0.6301,3950007.0
2025-10-19 08:15:00+00:00,0.63,0.6375,0.6241,0.6306,25169376.0
2025-10-19 08:30:00+00:00,0.6305,0.6305,0.6261,0.6269,5794147.0
2025-10-19 08:45:00+00:00,0.627,0.6285,0.6256,0.626,3891672.0
2025-10-19 09:00:00+00:00,0.6261,0.6261,0.6227,0.625,7737643.0
2025-10-19 09:15:00+00:00,0.6251,0.6269,0.6221,0.6227,6319792.0
2025-10-19 09:30:00+00:00,0.6228,0.632,0.6224,0.6308,10180712.0
2025-10-19 09:45:00+00:00,0.6308,0.6403,0.63,0.6352,25967051.0
2025-10-19 10:00:00+00:00,0.6352,0.6389,0.6327,0.6352,6805700.0
2025-10-19 10:15:00+00:00,0.6351,0.646,0.6339,0.6438,14152509.0
2025-10-19 10:30:00+00:00,0.6437,0.6445,0.641,0.6439,12352241.0
2025-10-19 10:45:00+00:00,0.6439,0.6445,0.641,0.6442,4788652.0
2025-10-19 11:00:00+00:00,0.6441,0.6496,0.644,0.6474,13415422.0
2025-10-19 11:15:00+00:00,0.6473,0.6483,0.6432,0.6443,7679043.0
2025-10-19 11:30:00+00:00,0.6443,0.6449,0.6423,0.6424,3622361.0
2025-10-19 11:45:00+00:00,0.6424,0.6435,0.6406,0.6422,5972997.0
2025-10-19 12:00:00+00:00,0.6423,0.6434,0.6383,0.6394,6453676.0
2025-10-19 12:15:00+00:00,0.6394,0.641,0.6386,0.6397,3494431.0
2025-10-19 12:30:00+00:00,0.6397,0.6419,0.639,0.639,3197192.0
2025-10-19 12:45:00+00:00,0.639,0.6409,0.6377,0.6409,3583133.0
2025-10-19 13:00:00+00:00,0.6409,0.6431,0.6397,0.6412,4615503.0
2025-10-19 13:15:00+00:00,0.6412,0.6447,0.6412,0.6445,5344137.0
2025-10-19 13:30:00+00:00,0.6444,0.6494,0.6443,0.6485,8564769.0
2025-10-19 13:45:00+00:00,0.6485,0.6551,0.6483,0.6537,13611959.0
2025-10-19 14:00:00+00:00,0.6536,0.654,0.6485,0.6518,12027358.0
2025-10-19 14:15:00+00:00,0.6518,0.6572,0.6506,0.6565,15120120.0
2025-10-19 14:30:00+00:00,0.6565,0.6575,0.6534,0.6554,8855901.0
2025-10-19 14:45:00+00:00,0.6554,0.6576,0.6544,0.6573,4180214.0
2025-10-19 15:00:00+00:00,0.6572,0.6579,0.6547,0.655,6212954.0
2025-10-19 15:15:00+00:00,0.6551,0.6575,0.6541,0.6573,4509907.0
2025-10-19 15:30:00+00:00,0.6573,0.6589,0.6542,0.6579,10461756.0
2025-10-19 15:45:00+00:00,0.658,0.6612,0.6578,0.6598,9600646.0
2025-10-19 16:00:00+00:00,0.6599,0.6615,0.6574,0.6581,7296655.0
2025-10-19 16:15:00+00:00,0.658,0.6583,0.6555,0.6557,4623621.0
2025-10-19 16:30:00+00:00,0.6557,0.6619,0.6546,0.6614,8175040.0
2025-10-19 16:45:00+00:00,0.6615,0.6618,0.6579,0.6582,5101305.0
2025-10-19 17:00:00+00:00,0.6582,0.6641,0.6572,0.6629,9996610.0
2025-10-19 17:15:00+00:00,0.6629,0.6648,0.6593,0.6593,7332502.0
2025-10-19 17:30:00+00:00,0.6592,0.6598,0.6574,0.6584,2905679.0
2025-10-19 17:45:00+00:00,0.6584,0.6585,0.6562,0.6571,2268603.0
2025-10-19 18:00:00+00:00,0.6571,0.6594,0.657,0.658,4027406.0
2025-10-19 18:15:00+00:00,0.658,0.66,0.6573,0.6594,2741538.0
2025-10-19 18:30:00+00:00,0.6594,0.6613,0.6583,0.6608,1894130.0
2025-10-19 18:45:00+00:00,0.6607,0.6613,0.66,0.6607,1872384.0
2025-10-19 19:00:00+00:00,0.6606,0.6607,0.6571,0.6583,4392961.0
2025-10-19 19:15:00+00:00,0.6582,0.6587,0.6572,0.6582,2898063.0
2025-10-19 19:30:00+00:00,0.6581,0.6587,0.6564,0.6576,2863941.0
2025-10-19 19:45:00+00:00,0.6575,0.6595,0.6564,0.659,2028456.0
2025-10-19 20:00:00+00:00,0.6589,0.661,0.6578,0.6581,4056402.0
2025-10-19 20:15:00+00:00,0.658,0.6591,0.6573,0.6587,1558394.0
2025-10-19 20:30:00+00:00,0.6587,0.6595,0.6573,0.6594,2636198.0
2025-10-19 20:45:00+00:00,0.6594,0.6616,0.6594,0.6613,3874217.0
2025-10-19 21:00:00+00:00,0.6613,0.6617,0.6584,0.6592,3487944.0
2025-10-19 21:15:00+00:00,0.6591,0.6593,0.6558,0.6562,3589488.0
2025-10-19 21:30:00+00:00,0.6562,0.657,0.6556,0.6565,1989957.0
2025-10-19 21:45:00+00:00,0.6564,0.6573,0.6557,0.6571,1130525.0
2025-10-19 22:00:00+00:00,0.6571,0.6593,0.6569,0.6585,3772589.0
2025-10-19 22:15:00+00:00,0.6584,0.6604,0.6581,0.6595,2774207.0
2025-10-19 22:30:00+00:00,0.6595,0.6606,0.6589,0.6595,1654122.0
2025-10-19 22:45:00+00:00,0.6594,0.6595,0.6573,0.6582,2457746.0
2025-10-19 23:00:00+00:00,0.6582,0.6583,0.6548,0.6551,3291507.0
2025-10-19 23:15:00+00:00,0.6551,0.6557,0.6537,0.6547,2390452.0
2025-10-19 23:30:00+00:00,0.6546,0.6555,0.6509,0.6517,5643599.0
2025-10-19 23:45:00+00:00,0.6517,0.6528,0.6506,0.6524,5490887.0
2025-10-20 00:00:00+00:00,0.6524,0.6528,0.6481,0.6483,6251605.0
2025-10-20 00:15:00+00:00,0.6483,0.6488,0.6401,0.6425,19175004.0
2025-10-20 00:30:00+00:00,0.6424,0.6464,0.6389,0.6445,13703923.0
2025-10-20 00:45:00+00:00,0.6445,0.6467,0.644,0.646,3900494.0
2025-10-20 01:00:00+00:00,0.646,0.6488,0.6441,0.6473,5429826.0
2025-10-20 01:15:00+00:00,0.6473,0.6481,0.645,0.6467,3525958.0
2025-10-20 01:30:00+00:00,0.6467,0.648,0.6444,0.6457,2309921.0
2025-10-20 01:45:00+00:00,0.6457,0.647,0.6445,0.6453,2711106.0
2025-10-20 02:00:00+00:00,0.6453,0.6453,0.641,0.6425,5630077.0
2025-10-20 02:15:00+00:00,0.6425,0.6479,0.642,0.6462,5152679.0
2025-10-20 02:30:00+00:00,0.6462,0.6501,0.6448,0.6487,7881197.0
2025-10-20 02:45:00+00:00,0.6486,0.6504,0.6476,0.6484,4597429.0
2025-10-20 03:00:00+00:00,0.6484,0.6489,0.6461,0.6475,3094827.0
2025-10-20 03:15:00+00:00,0.6475,0.6508,0.6473,0.6493,2616593.0
2025-10-20 03:30:00+00:00,0.6493,0.6542,0.6478,0.6528,5894404.0
2025-10-20 03:45:00+00:00,0.6527,0.6647,0.6517,0.6624,17177644.0
2025-10-20 04:00:00+00:00,0.6624,0.6659,0.6616,0.6639,9705562.0
2025-10-20 04:15:00+00:00,0.6639,0.665,0.66,0.6611,6272556.0
2025-10-20 04:30:00+00:00,0.6611,0.6639,0.661,0.6626,3608773.0
2025-10-20 04:45:00+00:00,0.6625,0.6647,0.6614,0.6646,3435963.0
2025-10-20 05:00:00+00:00,0.6646,0.6649,0.6616,0.6637,3700846.0
2025-10-20 05:15:00+00:00,0.6638,0.6654,0.6617,0.664,3827062.0
2025-10-20 05:30:00+00:00,0.664,0.666,0.6637,0.6652,3995883.0
2025-10-20 05:45:00+00:00,0.6653,0.6689,0.6646,0.6674,6321808.0
2025-10-20 06:00:00+00:00,0.6674,0.6717,0.6667,0.6703,10221760.0
2025-10-20 06:15:00+00:00,0.6704,0.6731,0.6701,0.6706,8217407.0
2025-10-20 06:30:00+00:00,0.6707,0.6754,0.6706,0.6751,8697861.0
2025-10-20 06:45:00+00:00,0.6751,0.6755,0.6724,0.6728,4954771.0
2025-10-20 07:00:00+00:00,0.6728,0.6728,0.67,0.6716,6601650.0
2025-10-20 07:15:00+00:00,0.6716,0.6732,0.6707,0.6725,2979796.0
2025-10-20 07:30:00+00:00,0.6726,0.6726,0.6681,0.6692,9122753.0
2025-10-20 07:45:00+00:00,0.6692,0.6697,0.667,0.6694,3842112.0
2025-10-20 08:00:00+00:00,0.6694,0.6697,0.6667,0.6681,5088495.0
2025-10-20 08:15:00+00:00,0.6682,0.6689,0.6652,0.6687,4290120.0
2025-10-20 08:30:00+00:00,0.6687,0.6732,0.6675,0.67,7135150.0
2025-10-20 08:45:00+00:00,0.67,0.6715,0.6684,0.6692,10354310.0
2025-10-20 09:00:00+00:00,0.6692,0.6709,0.6678,0.6697,3908807.0
2025-10-20 09:15:00+00:00,0.6698,0.6703,0.6676,0.6691,3653619.0
2025-10-20 09:30:00+00:00,0.6691,0.6704,0.6681,0.6697,4289170.0
2025-10-20 09:45:00+00:00,0.6698,0.6723,0.6688,0.6712,2914634.0
2025-10-20 10:00:00+00:00,0.6712,0.6728,0.6693,0.6703,3891202.0
2025-10-20 10:15:00+00:00,0.6704,0.6724,0.6703,0.672,2876060.0
2025-10-20 10:30:00+00:00,0.672,0.674,0.6687,0.6691,9756277.0
2025-10-20 10:45:00+00:00,0.669,0.6698,0.6671,0.6693,8217954.0
2025-10-20 11:00:00+00:00,0.6692,0.6696,0.6621,0.663,14614476.0
2025-10-20 11:15:00+00:00,0.6631,0.6666,0.663,0.6658,7171525.0
2025-10-20 11:30:00+00:00,0.6658,0.6658,0.663,0.664,5399502.0
2025-10-20 11:45:00+00:00,0.6641,0.6663,0.6637,0.666,4054417.0
2025-10-20 12:00:00+00:00,0.666,0.6663,0.6646,0.6653,5669515.0
2025-10-20 12:15:00+00:00,0.6652,0.6691,0.665,0.6682,5459041.0
2025-10-20 12:30:00+00:00,0.6681,0.6692,0.6655,0.666,3790517.0
2025-10-20 12:45:00+00:00,0.6661,0.6672,0.6651,0.6658,3417327.0
2025-10-20 13:00:00+00:00,0.6659,0.6669,0.6637,0.6639,3009093.0
2025-10-20 13:15:00+00:00,0.6639,0.6651,0.6632,0.6643,2796176.0
2025-10-20 13:30:00+00:00,0.6643,0.6686,0.6641,0.6672,5329755.0
2025-10-20 13:45:00+00:00,0.6672,0.6688,0.6661,0.6676,3845065.0
2025-10-20 14:00:00+00:00,0.6677,0.6686,0.6654,0.6656,3492131.0
2025-10-20 14:15:00+00:00,0.6657,0.6687,0.6623,0.6686,5503509.0
2025-10-20 14:30:00+00:00,0.6685,0.6687,0.6661,0.6671,3522909.0
2025-10-20 14:45:00+00:00,0.6671,0.6695,0.667,0.6683,2454090.0
2025-10-20 15:00:00+00:00,0.6684,0.6711,0.6664,0.6666,5719738.0
2025-10-20 15:15:00+00:00,0.6666,0.6685,0.6656,0.6677,3381242.0
2025-10-20 15:30:00+00:00,0.6678,0.6682,0.6666,0.6675,2257863.0
2025-10-20 15:45:00+00:00,0.6675,0.67,0.6637,0.6639,7039944.0
2025-10-20 16:00:00+00:00,0.6639,0.6639,0.653,0.6623,28754460.0
2025-10-20 16:15:00+00:00,0.6623,0.6646,0.6603,0.6618,5913895.0
2025-10-20 16:30:00+00:00,0.6618,0.6619,0.6565,0.6586,10210178.0
2025-10-20 16:45:00+00:00,0.6586,0.6601,0.6557,0.6595,8860017.0
2025-10-20 17:00:00+00:00,0.6594,0.6636,0.6578,0.6582,6976986.0
2025-10-20 17:15:00+00:00,0.6583,0.6608,0.6576,0.6583,3491216.0
2025-10-20 17:30:00+00:00,0.6583,0.659,0.6552,0.6566,5462294.0
2025-10-20 17:45:00+00:00,0.6565,0.6616,0.6565,0.6594,6877629.0
2025-10-20 18:00:00+00:00,0.6594,0.6617,0.6592,0.6598,3184867.0
2025-10-20 18:15:00+00:00,0.6597,0.6609,0.658,0.6605,3510732.0
2025-10-20 18:30:00+00:00,0.6605,0.6631,0.6599,0.6625,5103932.0
2025-10-20 18:45:00+00:00,0.6624,0.6643,0.6617,0.6639,3377166.0
2025-10-20 19:00:00+00:00,0.6638,0.664,0.6612,0.6628,4758361.0
2025-10-20 19:15:00+00:00,0.6627,0.664,0.6612,0.6638,2223996.0
2025-10-20 19:30:00+00:00,0.6638,0.6671,0.6631,0.6665,3932107.0
2025-10-20 19:45:00+00:00,0.6666,0.6703,0.6664,0.6671,6928019.0
2025-10-20 20:00:00+00:00,0.667,0.6678,0.6646,0.6666,5358698.0
2025-10-20 20:15:00+00:00,0.6666,0.667,0.665,0.6652,3523771.0
2025-10-20 20:30:00+00:00,0.6653,0.6662,0.6637,0.6662,2102585.0
2025-10-20 20:45:00+00:00,0.6663,0.6684,0.6654,0.668,2704343.0
2025-10-20 21:00:00+00:00,0.668,0.6702,0.6676,0.6679,4019436.0
2025-10-20 21:15:00+00:00,0.6679,0.6679,0.665,0.6665,3090008.0
2025-10-20 21:30:00+00:00,0.6665,0.6668,0.6638,0.665,2013287.0
2025-10-20 21:45:00+00:00,0.6649,0.665,0.6626,0.6641,1766647.0
2025-10-20 22:00:00+00:00,0.6641,0.6655,0.6623,0.6652,2435780.0
2025-10-20 22:15:00+00:00,0.6652,0.6667,0.6645,0.6646,1516766.0
2025-10-20 22:30:00+00:00,0.6646,0.6668,0.6645,0.6666,1179235.0
2025-10-20 22:45:00+00:00,0.6667,0.6667,0.6655,0.6658,1163511.0
2025-10-20 23:00:00+00:00,0.6659,0.666,0.6633,0.6637,1720144.0
2025-10-20 23:15:00+00:00,0.6638,0.6651,0.6632,0.6651,1805649.0
2025-10-20 23:30:00+00:00,0.665,0.6652,0.6632,0.6632,1823688.0
2025-10-20 23:45:00+00:00,0.6633,0.6639,0.6616,0.6622,2408487.0
2025-10-21 00:00:00+00:00,0.6622,0.6623,0.6599,0.6601,3934886.0
2025-10-21 00:15:00+00:00,0.6601,0.6624,0.66,0.6615,1969452.0
2025-10-21 00:30:00+00:00,0.6616,0.663,0.6605,0.6622,1703830.0
2025-10-21 00:45:00+00:00,0.6622,0.6631,0.6613,0.6614,1447131.0
2025-10-21 01:00:00+00:00,0.6614,0.6619,0.6572,0.6587,3785536.0
2025-10-21 01:15:00+00:00,0.6587,0.6624,0.6587,0.6623,2539044.0
2025-10-21 01:30:00+00:00,0.6623,0.6627,0.6598,0.6607,2645344.0
2025-10-21 01:45:00+00:00,0.6607,0.6619,0.656,0.659,7318135.0
2025-10-21 02:00:00+00:00,0.659,0.6592,0.6545,0.6559,5993551.0
2025-10-21 02:15:00+00:00,0.6559,0.6565,0.6528,0.655,5178918.0
2025-10-21 02:30:00+00:00,0.6549,0.6573,0.6542,0.6557,3830490.0
2025-10-21 02:45:00+00:00,0.6557,0.6562,0.6523,0.6527,5506478.0
2025-10-21 03:00:00+00:00,0.6527,0.6544,0.6521,0.6529,4900477.0
2025-10-21 03:15:00+00:00,0.6529,0.654,0.6524,0.6529,1973789.0
2025-10-21 03:30:00+00:00,0.6528,0.6533,0.6513,0.6526,2787793.0
2025-10-21 03:45:00+00:00,0.6525,0.6525,0.6485,0.6505,6333100.0
2025-10-21 04:00:00+00:00,0.6505,0.6507,0.642,0.6449,24665687.0
2025-10-21 04:15:00+00:00,0.6448,0.647,0.6431,0.6463,7007945.0
2025-10-21 04:30:00+00:00,0.6462,0.6464,0.6403,0.6413,8965695.0
2025-10-21 04:45:00+00:00,0.6412,0.6424,0.6379,0.6398,10557142.0
2025-10-21 05:00:00+00:00,0.6398,0.642,0.638,0.6406,6811242.0
2025-10-21 05:15:00+00:00,0.6406,0.6426,0.6391,0.6409,7042455.0
2025-10-21 05:30:00+00:00,0.6408,0.6427,0.6389,0.6408,6688663.0
2025-10-21 05:45:00+00:00,0.6407,0.6422,0.6396,0.6406,3195150.0
2025-10-21 06:00:00+00:00,0.6406,0.6412,0.6394,0.6397,3659389.0
2025-10-21 06:15:00+00:00,0.6397,0.6444,0.6393,0.6432,5889285.0
2025-10-21 06:30:00+00:00,0.6433,0.6445,0.6425,0.6428,4228884.0
2025-10-21 06:45:00+00:00,0.6428,0.6441,0.642,0.6431,2917261.0
2025-10-21 07:00:00+00:00,0.643,0.6434,0.6395,0.6395,3022264.0
2025-10-21 07:15:00+00:00,0.6395,0.6427,0.6394,0.6426,2855968.0
2025-10-21 07:30:00+00:00,0.6426,0.6442,0.6415,0.6419,2942931.0
2025-10-21 07:45:00+00:00,0.6418,0.6439,0.6417,0.6433,2579765.0
2025-10-21 08:00:00+00:00,0.6433,0.6434,0.6392,0.6397,3937088.0
2025-10-21 08:15:00+00:00,0.6398,0.6411,0.6388,0.6397,3103414.0
2025-10-21 08:30:00+00:00,0.6397,0.6397,0.6365,0.6374,5619476.0
2025-10-21 08:45:00+00:00,0.6373,0.6417,0.6367,0.6402,4779544.0
2025-10-21 09:00:00+00:00,0.6402,0.6407,0.6385,0.6402,3457230.0
2025-10-21 09:15:00+00:00,0.6403,0.6417,0.6392,0.6409,1683736.0
2025-10-21 09:30:00+00:00,0.641,0.6416,0.6399,0.6406,2758752.0
2025-10-21 09:45:00+00:00,0.6407,0.642,0.6404,0.6409,2275555.0
2025-10-21 10:00:00+00:00,0.6409,0.6432,0.6405,0.642,5149017.0
2025-10-21 10:15:00+00:00,0.642,0.6428,0.6399,0.6405,3568167.0
2025-10-21 10:30:00+00:00,0.6405,0.6452,0.6404,0.6435,6324730.0
2025-10-21 10:45:00+00:00,0.6436,0.6485,0.6436,0.6455,8602581.0
2025-10-21 11:00:00+00:00,0.6455,0.6456,0.6429,0.6442,4626078.0
2025-10-21 11:15:00+00:00,0.6442,0.6451,0.6433,0.6437,2712723.0
2025-10-21 11:30:00+00:00,0.6438,0.6448,0.6424,0.644,3589255.0
2025-10-21 11:45:00+00:00,0.644,0.6459,0.6439,0.6451,2182223.0
2025-10-21 12:00:00+00:00,0.6452,0.6455,0.6437,0.6444,3722835.0
2025-10-21 12:15:00+00:00,0.6445,0.6527,0.6444,0.6486,10159846.0
2025-10-21 12:30:00+00:00,0.6487,0.6532,0.6476,0.6523,5917694.0
2025-10-21 12:45:00+00:00,0.6523,0.6532,0.6474,0.6478,6988478.0
2025-10-21 13:00:00+00:00,0.6477,0.6496,0.6433,0.648,9039284.0
2025-10-21 13:15:00+00:00,0.648,0.6495,0.6469,0.6489,3614802.0
2025-10-21 13:30:00+00:00,0.6489,0.6508,0.6448,0.6475,6014637.0
2025-10-21 13:45:00+00:00,0.6474,0.6474,0.6435,0.6457,7071484.0
2025-10-21 14:00:00+00:00,0.6457,0.6581,0.6456,0.6579,15824949.0
2025-10-21 14:15:00+00:00,0.6578,0.6643,0.6548,0.6556,21253656.0
2025-10-21 14:30:00+00:00,0.6555,0.6613,0.6554,0.6598,9890215.0
2025-10-21 14:45:00+00:00,0.6598,0.675,0.6579,0.674,25316201.0
2025-10-21 15:00:00+00:00,0.6741,0.6795,0.6697,0.6771,25337976.0
2025-10-21 15:15:00+00:00,0.6771,0.6852,0.6758,0.6818,18967149.0
2025-10-21 15:30:00+00:00,0.6818,0.6848,0.6761,0.6827,13142514.0
2025-10-21 15:45:00+00:00,0.6827,0.6836,0.6775,0.6802,8553553.0
2025-10-21 16:00:00+00:00,0.6802,0.6827,0.6776,0.6827,10807476.0
2025-10-21 16:15:00+00:00,0.6827,0.6838,0.6798,0.6823,8311761.0
2025-10-21 16:30:00+00:00,0.6824,0.6835,0.6774,0.6789,9245311.0
2025-10-21 16:45:00+00:00,0.679,0.6813,0.6678,0.6701,20924930.0
2025-10-21 17:00:00+00:00,0.67,0.6746,0.6683,0.6728,16032050.0
2025-10-21 17:15:00+00:00,0.6727,0.6735,0.6642,0.6712,17079504.0
2025-10-21 17:30:00+00:00,0.6713,0.6732,0.6688,0.6725,7555862.0
2025-10-21 17:45:00+00:00,0.6724,0.6731,0.6685,0.6692,4195359.0
2025-10-21 18:00:00+00:00,0.6691,0.6718,0.6651,0.6659,5662166.0
2025-10-21 18:15:00+00:00,0.6658,0.6693,0.665,0.667,5025226.0
2025-10-21 18:30:00+00:00,0.667,0.6673,0.6641,0.6661,4329841.0
2025-10-21 18:45:00+00:00,0.666,0.6689,0.6659,0.6686,2740647.0
2025-10-21 19:00:00+00:00,0.6685,0.6702,0.6678,0.67,1858207.0
2025-10-21 19:15:00+00:00,0.67,0.6709,0.667,0.6691,2359808.0
2025-10-21 19:30:00+00:00,0.669,0.6706,0.6679,0.6694,2563212.0
2025-10-21 19:45:00+00:00,0.6694,0.6713,0.6682,0.6685,2076767.0
2025-10-21 20:00:00+00:00,0.6685,0.6696,0.6647,0.666,4235086.0
2025-10-21 20:15:00+00:00,0.666,0.6663,0.6588,0.662,15668200.0
2025-10-21 20:30:00+00:00,0.662,0.6631,0.6602,0.6617,3031091.0
2025-10-21 20:45:00+00:00,0.6616,0.6625,0.6595,0.6604,3923134.0
2025-10-21 21:00:00+00:00,0.6603,0.6637,0.6597,0.6637,3487201.0
2025-10-21 21:15:00+00:00,0.6637,0.6642,0.652,0.6579,17517613.0
2025-10-21 21:30:00+00:00,0.658,0.661,0.6562,0.6609,3858488.0
2025-10-21 21:45:00+00:00,0.6608,0.6613,0.6594,0.6605,1245887.0
2025-10-21 22:00:00+00:00,0.6604,0.6608,0.6555,0.6578,5415357.0
2025-10-21 22:15:00+00:00,0.6577,0.6591,0.652,0.6527,6115366.0
2025-10-21 22:30:00+00:00,0.6527,0.6547,0.6464,0.6503,21978571.0
2025-10-21 22:45:00+00:00,0.6503,0.653,0.6484,0.6491,4738460.0
2025-10-21 23:00:00+00:00,0.6491,0.651,0.648,0.6499,4195739.0
2025-10-21 23:15:00+00:00,0.6498,0.6502,0.6454,0.6456,5707390.0
2025-10-21 23:30:00+00:00,0.6455,0.646,0.6398,0.6415,14574399.0
2025-10-21 23:45:00+00:00,0.6415,0.6439,0.6398,0.6423,5429805.0
2025-10-22 00:00:00+00:00,0.6424,0.6464,0.6414,0.6462,7692894.0
2025-10-22 00:15:00+00:00,0.6461,0.6463,0.6398,0.6412,6511954.0
2025-10-22 00:30:00+00:00,0.6412,0.6441,0.6373,0.6406,12951913.0
2025-10-22 00:45:00+00:00,0.6406,0.6419,0.6394,0.6407,2744061.0
2025-10-22 01:00:00+00:00,0.6407,0.6451,0.6402,0.6438,6223549.0
2025-10-22 01:15:00+00:00,0.6437,0.6437,0.6393,0.6411,4150594.0
2025-10-22 01:30:00+00:00,0.641,0.6415,0.6389,0.6412,2808030.0
2025-10-22 01:45:00+00:00,0.6413,0.643,0.64,0.6422,5031360.0
2025-10-22 02:00:00+00:00,0.6423,0.6443,0.6413,0.6441,3468429.0
2025-10-22 02:15:00+00:00,0.6441,0.6442,0.6423,0.6434,2332541.0
2025-10-22 02:30:00+00:00,0.6434,0.6434,0.6409,0.6418,3502212.0
2025-10-22 02:45:00+00:00,0.6417,0.6428,0.6409,0.6417,2311255.0
2025-10-22 03:00:00+00:00,0.6417,0.6417,0.6383,0.6386,3568408.0
2025-10-22 03:15:00+00:00,0.6386,0.6401,0.6372,0.6393,4064774.0
2025-10-22 03:30:00+00:00,0.6394,0.6404,0.6377,0.6388,3756422.0
2025-10-22 03:45:00+00:00,0.6388,0.6416,0.6386,0.6412,2850902.0
2025-10-22 04:00:00+00:00,0.6412,0.6441,0.6407,0.6427,5258354.0
2025-10-22 04:15:00+00:00,0.6427,0.6437,0.6417,0.6419,3806579.0
2025-10-22 04:30:00+00:00,0.642,0.6444,0.6414,0.6436,2890343.0
2025-10-22 04:45:00+00:00,0.6437,0.6438,0.6423,0.6434,2350200.0
2025-10-22 05:00:00+00:00,0.6435,0.6435,0.6394,0.6396,4129546.0
2025-10-22 05:15:00+00:00,0.6396,0.6398,0.6321,0.6352,14652205.0
2025-10-22 05:30:00+00:00,0.6352,0.6362,0.6334,0.636,7537967.0
2025-10-22 05:45:00+00:00,0.636,0.6374,0.6346,0.6359,3369027.0
2025-10-22 06:00:00+00:00,0.6359,0.6364,0.6343,0.636,2905611.0
2025-10-22 06:15:00+00:00,0.6361,0.6369,0.6343,0.6353,6512797.0
2025-10-22 06:30:00+00:00,0.6353,0.6375,0.6349,0.6362,3710907.0
2025-10-22 06:45:00+00:00,0.6362,0.6364,0.6344,0.6347,1961545.0
2025-10-22 07:00:00+00:00,0.6347,0.6348,0.632,0.6322,5426167.0
2025-10-22 07:15:00+00:00,0.6322,0.6354,0.6322,0.635,4075703.0
2025-10-22 07:30:00+00:00,0.6351,0.6374,0.6341,0.636,3917153.0
2025-10-22 07:45:00+00:00,0.636,0.6381,0.635,0.6371,4090380.0
2025-10-22 08:00:00+00:00,0.6371,0.6371,0.6341,0.6342,3162237.0
2025-10-22 08:15:00+00:00,0.6342,0.6361,0.6336,0.6353,3889825.0
2025-10-22 08:30:00+00:00,0.6354,0.6361,0.6342,0.636,2058551.0
2025-10-22 08:45:00+00:00,0.636,0.6365,0.6346,0.635,1878749.0
2025-10-22 09:00:00+00:00,0.6351,0.6358,0.6325,0.6326,3739206.0
2025-10-22 09:15:00+00:00,0.6327,0.6339,0.6305,0.6337,5505163.0
2025-10-22 09:30:00+00:00,0.6338,0.6349,0.6301,0.6302,5067865.0
2025-10-22 09:45:00+00:00,0.6302,0.632,0.6281,0.6306,7685656.0
2025-10-22 10:00:00+00:00,0.6307,0.6328,0.6292,0.6322,3418205.0
2025-10-22 10:15:00+00:00,0.6323,0.6333,0.6301,0.6307,3878351.0
2025-10-22 10:30:00+00:00,0.6308,0.6314,0.6293,0.63,2017070.0
2025-10-22 10:45:00+00:00,0.6301,0.6314,0.629,0.6296,2910533.0
2025-10-22 11:00:00+00:00,0.6296,0.6354,0.6227,0.6348,28065768.0
2025-10-22 11:15:00+00:00,0.6349,0.6384,0.6328,0.6345,13316252.0
2025-10-22 11:30:00+00:00,0.6345,0.6367,0.634,0.6342,6395466.0
2025-10-22 11:45:00+00:00,0.6342,0.6355,0.6326,0.6354,5503970.0
2025-10-22 12:00:00+00:00,0.6355,0.636,0.6336,0.6349,4110417.0
2025-10-22 12:15:00+00:00,0.635,0.6396,0.635,0.638,8812072.0
2025-10-22 12:30:00+00:00,0.638,0.6404,0.6373,0.6388,4413901.0
2025-10-22 12:45:00+00:00,0.6387,0.6389,0.6364,0.6369,3543960.0
2025-10-22 13:00:00+00:00,0.637,0.6408,0.6357,0.6398,5401886.0
2025-10-22 13:15:00+00:00,0.6398,0.6398,0.6375,0.6378,3812023.0
2025-10-22 13:30:00+00:00,0.6379,0.64,0.6341,0.6369,14503873.0
2025-10-22 13:45:00+00:00,0.637,0.643,0.6351,0.642,15837778.0
2025-10-22 14:00:00+00:00,0.6421,0.6421,0.6348,0.6357,12047290.0
2025-10-22 14:15:00+00:00,0.6357,0.6367,0.6277,0.6306,22906171.0
2025-10-22 14:30:00+00:00,0.6307,0.6336,0.6275,0.6304,14356027.0
2025-10-22 14:45:00+00:00,0.6304,0.6396,0.628,0.6396,16993752.0
2025-10-22 15:00:00+00:00,0.6396,0.6417,0.6339,0.6345,11152429.0
2025-10-22 15:15:00+00:00,0.6346,0.6348,0.6294,0.6314,7993163.0
2025-10-22 15:30:00+00:00,0.6315,0.6371,0.6304,0.6363,8803712.0
2025-10-22 15:45:00+00:00,0.6364,0.638,0.6345,0.6354,4266073.0
2025-10-22 16:00:00+00:00,0.6354,0.637,0.6327,0.6329,6161635.0
2025-10-22 16:15:00+00:00,0.6328,0.6352,0.6299,0.6343,5522351.0
2025-10-22 16:30:00+00:00,0.6343,0.6378,0.6284,0.6339,20829220.0
2025-10-22 16:45:00+00:00,0.634,0.6367,0.632,0.6328,5868699.0
2025-10-22 17:00:00+00:00,0.6328,0.6348,0.6318,0.6329,3956229.0
2025-10-22 17:15:00+00:00,0.633,0.6333,0.6311,0.6319,4687758.0
2025-10-22 17:30:00+00:00,0.6319,0.6343,0.6292,0.6298,4104343.0
2025-10-22 17:45:00+00:00,0.6298,0.6315,0.6263,0.6284,5661905.0
2025-10-22 18:00:00+00:00,0.6283,0.6309,0.6271,0.6275,5126831.0
2025-10-22 18:15:00+00:00,0.6274,0.6298,0.6248,0.6284,8169929.0
2025-10-22 18:30:00+00:00,0.6284,0.6297,0.6258,0.6261,4876804.0
2025-10-22 18:45:00+00:00,0.6261,0.6277,0.6258,0.627,4576594.0
2025-10-22 19:00:00+00:00,0.6271,0.6329,0.6263,0.6307,9386805.0
2025-10-22 19:15:00+00:00,0.6307,0.6321,0.6298,0.63,4134089.0
2025-10-22 19:30:00+00:00,0.6301,0.6311,0.6278,0.6281,4743514.0
2025-10-22 19:45:00+00:00,0.6281,0.6288,0.6218,0.6272,12026190.0
2025-10-22 20:00:00+00:00,0.6273,0.629,0.6261,0.627,6408945.0
2025-10-22 20:15:00+00:00,0.627,0.6271,0.6228,0.6232,6119940.0
2025-10-22 20:30:00+00:00,0.6232,0.6264,0.6206,0.626,8041743.0
2025-10-22 20:45:00+00:00,0.626,0.6261,0.6211,0.6223,6884380.0
2025-10-22 21:00:00+00:00,0.6222,0.6226,0.6045,0.6141,45656496.0
2025-10-22 21:15:00+00:00,0.6141,0.6184,0.613,0.6135,11654809.0
2025-10-22 21:30:00+00:00,0.6135,0.6168,0.6128,0.6144,6738000.0
2025-10-22 21:45:00+00:00,0.6144,0.6172,0.6135,0.6157,3906015.0
2025-10-22 22:00:00+00:00,0.6156,0.6202,0.6146,0.6185,8500592.0
2025-10-22 22:15:00+00:00,0.6184,0.6187,0.6138,0.6147,5223361.0
2025-10-22 22:30:00+00:00,0.6146,0.6175,0.6136,0.6165,6573533.0
2025-10-22 22:45:00+00:00,0.6165,0.6174,0.6141,0.6153,5910713.0
2025-10-22 23:00:00+00:00,0.6153,0.6199,0.615,0.6186,4349283.0
2025-10-22 23:15:00+00:00,0.6185,0.6242,0.6184,0.6214,6503348.0
2025-10-22 23:30:00+00:00,0.6213,0.6245,0.6213,0.6221,5535802.0
2025-10-22 23:45:00+00:00,0.622,0.6245,0.6219,0.6234,2548128.0
2025-10-23 00:00:00+00:00,0.6235,0.6249,0.6224,0.6247,6535677.0
2025-10-23 00:15:00+00:00,0.6247,0.6256,0.6223,0.6235,4990463.0
2025-10-23 00:30:00+00:00,0.6236,0.6266,0.6235,0.6248,2733369.0
2025-10-23 00:45:00+00:00,0.6249,0.627,0.6245,0.6257,4185491.0
2025-10-23 01:00:00+00:00,0.6258,0.6285,0.6251,0.6275,4032807.0
2025-10-23 01:15:00+00:00,0.6275,0.6288,0.6245,0.6267,7863344.0
2025-10-23 01:30:00+00:00,0.6267,0.6279,0.6253,0.6267,3700487.0
2025-10-23 01:45:00+00:00,0.6268,0.6274,0.6259,0.6262,1621319.0
2025-10-23 02:00:00+00:00,0.6263,0.6268,0.6257,0.6266,1632070.0
2025-10-23 02:15:00+00:00,0.6265,0.6281,0.6262,0.6271,1823005.0
2025-10-23 02:30:00+00:00,0.6272,0.6281,0.6268,0.6273,1401351.0
2025-10-23 02:45:00+00:00,0.6274,0.6275,0.6256,0.6267,2474220.0
2025-10-23 03:00:00+00:00,0.6267,0.6284,0.6263,0.6278,2359616.0
2025-10-23 03:15:00+00:00,0.6277,0.6296,0.6274,0.6285,3407880.0
2025-10-23 03:30:00+00:00,0.6285,0.6293,0.6267,0.6268,2123780.0
2025-10-23 03:45:00+00:00,0.6268,0.6272,0.6254,0.6269,1482827.0
2025-10-23 04:00:00+00:00,0.627,0.6276,0.6259,0.6259,1832453.0
2025-10-23 04:15:00+00:00,0.626,0.6285,0.6258,0.6279,1556697.0
2025-10-23 04:30:00+00:00,0.628,0.6314,0.6269,0.6309,3408395.0
2025-10-23 04:45:00+00:00,0.6309,0.6311,0.6289,0.6291,1789104.0
2025-10-23 05:00:00+00:00,0.6292,0.6313,0.6287,0.6312,2867927.0
2025-10-23 05:15:00+00:00,0.6312,0.6313,0.6299,0.6303,1817446.0
2025-10-23 05:30:00+00:00,0.6304,0.6311,0.6295,0.6296,3045940.0
2025-10-23 05:45:00+00:00,0.6295,0.6326,0.629,0.6321,2845974.0
2025-10-23 06:00:00+00:00,0.6322,0.6339,0.6314,0.6335,2923865.0
2025-10-23 06:15:00+00:00,0.6336,0.6406,0.6336,0.6383,14210417.0
2025-10-23 06:30:00+00:00,0.6384,0.6399,0.6377,0.6393,3560073.0
2025-10-23 06:45:00+00:00,0.6393,0.6425,0.6392,0.6424,5155196.0
2025-10-23 07:00:00+00:00,0.6424,0.6426,0.6383,0.6384,5526699.0
2025-10-23 07:15:00+00:00,0.6384,0.6392,0.6362,0.6377,3957765.0
2025-10-23 07:30:00+00:00,0.6378,0.6393,0.6363,0.6381,3304889.0
2025-10-23 07:45:00+00:00,0.6382,0.6399,0.6382,0.6391,2881355.0
2025-10-23 08:00:00+00:00,0.6392,0.6426,0.6389,0.642,4281865.0
2025-10-23 08:15:00+00:00,0.6421,0.6432,0.6404,0.6412,4265490.0
2025-10-23 08:30:00+00:00,0.6413,0.6417,0.6394,0.6408,3193151.0
2025-10-23 08:45:00+00:00,0.6409,0.6419,0.6395,0.6401,1636467.0
2025-10-23 09:00:00+00:00,0.6402,0.6406,0.6383,0.6384,3300094.0
2025-10-23 09:15:00+00:00,0.6383,0.6399,0.6381,0.6397,3034584.0
2025-10-23 09:30:00+00:00,0.6397,0.6399,0.6385,0.6393,2106473.0
2025-10-23 09:45:00+00:00,0.6394,0.6405,0.6383,0.6402,2207765.0
2025-10-23 10:00:00+00:00,0.6402,0.6413,0.6398,0.6409,2663526.0
2025-10-23 10:15:00+00:00,0.6409,0.6421,0.6404,0.6406,2430889.0
2025-10-23 10:30:00+00:00,0.6406,0.6409,0.6389,0.6395,4731405.0
2025-10-23 10:45:00+00:00,0.6395,0.6405,0.6388,0.6396,1832852.0
2025-10-23 11:00:00+00:00,0.6395,0.6396,0.6377,0.6386,2969539.0
2025-10-23 11:15:00+00:00,0.6386,0.6398,0.6372,0.6392,2459495.0
2025-10-23 11:30:00+00:00,0.6393,0.6395,0.6357,0.636,3850247.0
2025-10-23 11:45:00+00:00,0.6359,0.6364,0.6345,0.6358,4047447.0
2025-10-23 12:00:00+00:00,0.6357,0.6357,0.6305,0.6332,12057714.0
2025-10-23 12:15:00+00:00,0.6333,0.6365,0.6323,0.6362,4880518.0
2025-10-23 12:30:00+00:00,0.6361,0.6382,0.6341,0.6373,4806014.0
2025-10-23 12:45:00+00:00,0.6373,0.6394,0.6361,0.6392,4740406.0
2025-10-23 13:00:00+00:00,0.6392,0.64,0.6358,0.6399,8268937.0
2025-10-23 13:15:00+00:00,0.6399,0.6404,0.6381,0.6397,3212752.0
2025-10-23 13:30:00+00:00,0.6397,0.6444,0.6388,0.6406,10984065.0
2025-10-23 13:45:00+00:00,0.6407,0.6415,0.639,0.6401,3915579.0
2025-10-23 14:00:00+00:00,0.6401,0.641,0.6354,0.636,6581042.0
2025-10-23 14:15:00+00:00,0.6359,0.6389,0.6342,0.6375,7242377.0
2025-10-23 14:30:00+00:00,0.6375,0.6416,0.6369,0.6392,3723053.0
2025-10-23 14:45:00+00:00,0.6393,0.6409,0.6382,0.6393,3338265.0
2025-10-23 15:00:00+00:00,0.6394,0.6449,0.638,0.6428,7342289.0
2025-10-23 15:15:00+00:00,0.6427,0.6438,0.6397,0.6421,4742008.0
2025-10-23 15:30:00+00:00,0.6422,0.6458,0.6414,0.6419,6196869.0
2025-10-23 15:45:00+00:00,0.6418,0.6445,0.6414,0.6422,2147100.0
2025-10-23 16:00:00+00:00,0.6423,0.6438,0.641,0.6425,3410334.0
2025-10-23 16:15:00+00:00,0.6425,0.6436,0.6419,0.6421,2389667.0
2025-10-23 16:30:00+00:00,0.642,0.6433,0.6413,0.6426,2073576.0
2025-10-23 16:45:00+00:00,0.6426,0.6495,0.6426,0.6477,7836440.0
2025-10-23 17:00:00+00:00,0.6477,0.648,0.6424,0.6444,10149427.0
2025-10-23 17:15:00+00:00,0.6445,0.6458,0.6441,0.6451,2795466.0
2025-10-23 17:30:00+00:00,0.6452,0.6516,0.6451,0.6505,9804634.0
2025-10-23 17:45:00+00:00,0.6506,0.6537,0.6505,0.6521,6649067.0
2025-10-23 18:00:00+00:00,0.6521,0.6529,0.6481,0.6484,6261344.0
2025-10-23 18:15:00+00:00,0.6485,0.6498,0.6477,0.6482,3045515.0
2025-10-23 18:30:00+00:00,0.6483,0.6485,0.6463,0.6469,3120005.0
2025-10-23 18:45:00+00:00,0.647,0.6471,0.6442,0.6454,3775191.0
2025-10-23 19:00:00+00:00,0.6455,0.6457,0.6423,0.645,4215976.0
2025-10-23 19:15:00+00:00,0.645,0.6469,0.6437,0.6467,2060799.0
2025-10-23 19:30:00+00:00,0.6467,0.6467,0.6446,0.6446,1469463.0
2025-10-23 19:45:00+00:00,0.6447,0.6462,0.6441,0.6451,2341445.0
2025-10-23 20:00:00+00:00,0.645,0.6452,0.6418,0.6433,6052824.0
2025-10-23 20:15:00+00:00,0.6433,0.6442,0.643,0.6439,1222103.0
2025-10-23 20:30:00+00:00,0.6438,0.6445,0.6425,0.6432,1445335.0
2025-10-23 20:45:00+00:00,0.6431,0.6435,0.6361,0.639,9666381.0
2025-10-23 21:00:00+00:00,0.6389,0.6411,0.6377,0.6399,5476871.0
2025-10-23 21:15:00+00:00,0.6399,0.6403,0.6382,0.6389,4046789.0
2025-10-23 21:30:00+00:00,0.639,0.64,0.6379,0.6388,2400902.0
2025-10-23 21:45:00+00:00,0.6387,0.6399,0.6383,0.6389,1269001.0
2025-10-23 22:00:00+00:00,0.6388,0.6411,0.6384,0.6393,4113351.0
2025-10-23 22:15:00+00:00,0.6394,0.6402,0.6388,0.6398,1747640.0
2025-10-23 22:30:00+00:00,0.6399,0.6418,0.6398,0.6402,3271031.0
2025-10-23 22:45:00+00:00,0.6402,0.6415,0.6398,0.6407,1983808.0
2025-10-23 23:00:00+00:00,0.6407,0.641,0.6398,0.6407,1805462.0
2025-10-23 23:15:00+00:00,0.6408,0.6414,0.6398,0.6408,1922521.0
2025-10-23 23:30:00+00:00,0.6408,0.6417,0.6402,0.6414,1488102.0
2025-10-23 23:45:00+00:00,0.6414,0.643,0.641,0.6426,2094613.0
2025-10-24 00:00:00+00:00,0.6426,0.6434,0.6407,0.643,3243965.0
2025-10-24 00:15:00+00:00,0.643,0.6447,0.6413,0.6416,4797876.0
2025-10-24 00:30:00+00:00,0.6415,0.6446,0.6414,0.644,2652807.0
2025-10-24 00:45:00+00:00,0.644,0.647,0.6438,0.6445,5814533.0
2025-10-24 01:00:00+00:00,0.6446,0.6452,0.6436,0.6438,3205897.0
2025-10-24 01:15:00+00:00,0.6439,0.644,0.6411,0.6415,2728379.0
2025-10-24 01:30:00+00:00,0.6416,0.6431,0.6411,0.643,1655117.0
2025-10-24 01:45:00+00:00,0.643,0.6447,0.643,0.6438,1545452.0
2025-10-24 02:00:00+00:00,0.6438,0.6439,0.6423,0.6426,1591740.0
2025-10-24 02:15:00+00:00,0.6427,0.643,0.6395,0.6402,5788450.0
2025-10-24 02:30:00+00:00,0.6403,0.6418,0.6398,0.6417,2748225.0
2025-10-24 02:45:00+00:00,0.6416,0.6434,0.6414,0.642,3000886.0
2025-10-24 03:00:00+00:00,0.6421,0.6424,0.6406,0.6414,2896513.0
2025-10-24 03:15:00+00:00,0.6413,0.6424,0.6405,0.6418,1465667.0
2025-10-24 03:30:00+00:00,0.6417,0.6418,0.6395,0.6401,2402213.0
2025-10-24 03:45:00+00:00,0.64,0.6405,0.6388,0.6403,2564998.0
2025-10-24 04:00:00+00:00,0.6402,0.6416,0.6384,0.6415,3531870.0
2025-10-24 04:15:00+00:00,0.6415,0.6469,0.6407,0.6462,6972710.0
2025-10-24 04:30:00+00:00,0.6462,0.6515,0.6462,0.6504,11244400.0
2025-10-24 04:45:00+00:00,0.6505,0.6526,0.6498,0.6508,4632484.0
2025-10-24 05:00:00+00:00,0.6509,0.6516,0.6495,0.6506,4642956.0
2025-10-24 05:15:00+00:00,0.6505,0.6521,0.6501,0.6513,2911328.0
2025-10-24 05:30:00+00:00,0.6514,0.6527,0.6504,0.6512,2912287.0
2025-10-24 05:45:00+00:00,0.6511,0.6531,0.6511,0.6522,2387280.0
2025-10-24 06:00:00+00:00,0.6522,0.6523,0.6506,0.6517,3665116.0
2025-10-24 06:15:00+00:00,0.6517,0.653,0.6507,0.6528,3336091.0
2025-10-24 06:30:00+00:00,0.6528,0.6533,0.6517,0.6522,2915664.0
2025-10-24 06:45:00+00:00,0.6522,0.6547,0.6514,0.6541,3482020.0
2025-10-24 07:00:00+00:00,0.6541,0.6546,0.6512,0.6512,4726184.0
2025-10-24 07:15:00+00:00,0.6511,0.6518,0.6503,0.6517,1847383.0
2025-10-24 07:30:00+00:00,0.6517,0.6519,0.6485,0.6486,3246009.0
2025-10-24 07:45:00+00:00,0.6486,0.6493,0.6465,0.6493,6697149.0
2025-10-24 08:00:00+00:00,0.6492,0.6502,0.6456,0.6491,6478240.0
2025-10-24 08:15:00+00:00,0.649,0.6493,0.6474,0.6481,1940760.0
2025-10-24 08:30:00+00:00,0.648,0.6522,0.6466,0.652,5593497.0
2025-10-24 08:45:00+00:00,0.652,0.6532,0.651,0.6513,3383196.0
2025-10-24 09:00:00+00:00,0.6513,0.6523,0.6503,0.6519,2872345.0
2025-10-24 09:15:00+00:00,0.6519,0.6527,0.6515,0.6517,1937813.0
2025-10-24 09:30:00+00:00,0.6518,0.6521,0.6497,0.6507,4009387.0
2025-10-24 09:45:00+00:00,0.6506,0.6513,0.6491,0.6499,1920304.0
2025-10-24 10:00:00+00:00,0.65,0.6502,0.648,0.6496,2650063.0
2025-10-24 10:15:00+00:00,0.6496,0.6497,0.6467,0.6471,2223989.0
2025-10-24 10:30:00+00:00,0.6472,0.6487,0.647,0.6482,2427578.0
2025-10-24 10:45:00+00:00,0.6483,0.6487,0.647,0.6472,2012306.0
2025-10-24 11:00:00+00:00,0.6473,0.6485,0.6463,0.6483,2331229.0
2025-10-24 11:15:00+00:00,0.6484,0.6488,0.6459,0.6467,2476010.0
2025-10-24 11:30:00+00:00,0.6467,0.6482,0.643,0.6478,6416374.0
2025-10-24 11:45:00+00:00,0.6478,0.6508,0.6472,0.6502,6212620.0
2025-10-24 12:00:00+00:00,0.6503,0.6527,0.6502,0.6515,4170407.0
2025-10-24 12:15:00+00:00,0.6515,0.6533,0.6502,0.6524,6607930.0
2025-10-24 12:30:00+00:00,0.6524,0.6667,0.6516,0.6569,43562845.0
2025-10-24 12:45:00+00:00,0.6569,0.657,0.6522,0.6541,6701204.0
2025-10-24 13:00:00+00:00,0.6542,0.6547,0.6518,0.6535,6846960.0
2025-10-24 13:15:00+00:00,0.6535,0.6556,0.6531,0.6544,3826371.0
2025-10-24 13:30:00+00:00,0.6544,0.6552,0.6506,0.6509,10026758.0
2025-10-24 13:45:00+00:00,0.6508,0.6537,0.6469,0.6534,11383392.0
2025-10-24 14:00:00+00:00,0.6533,0.6534,0.6473,0.6489,6870134.0
2025-10-24 14:15:00+00:00,0.649,0.6493,0.6429,0.6449,11233688.0
2025-10-24 14:30:00+00:00,0.6449,0.6467,0.6432,0.6462,7107425.0
2025-10-24 14:45:00+00:00,0.6463,0.6466,0.6441,0.646,6000143.0
2025-10-24 15:00:00+00:00,0.6461,0.6481,0.6436,0.6473,4485270.0
2025-10-24 15:15:00+00:00,0.6472,0.6501,0.6464,0.6483,4165337.0
2025-10-24 15:30:00+00:00,0.6484,0.6489,0.6453,0.6459,4140188.0
2025-10-24 15:45:00+00:00,0.6459,0.6459,0.6431,0.6447,6277864.0
2025-10-24 16:00:00+00:00,0.6447,0.6458,0.6421,0.6446,7474586.0
2025-10-24 16:15:00+00:00,0.6446,0.6476,0.6443,0.6453,3493248.0
2025-10-24 16:30:00+00:00,0.6453,0.6456,0.6425,0.6437,2611547.0
2025-10-24 16:45:00+00:00,0.6437,0.6462,0.6433,0.6462,1988449.0
2025-10-24 17:00:00+00:00,0.6463,0.6495,0.6461,0.6471,4667849.0
2025-10-24 17:15:00+00:00,0.6472,0.6509,0.6468,0.6499,3431856.0
2025-10-24 17:30:00+00:00,0.65,0.6502,0.6487,0.6487,2103417.0
2025-10-24 17:45:00+00:00,0.6488,0.6496,0.6472,0.6479,2511520.0
2025-10-24 18:00:00+00:00,0.6478,0.65,0.6472,0.6488,5480181.0
2025-10-24 18:15:00+00:00,0.6488,0.6499,0.6483,0.649,2197382.0
2025-10-24 18:30:00+00:00,0.649,0.6497,0.6484,0.6495,1332194.0
2025-10-24 18:45:00+00:00,0.6496,0.6508,0.649,0.6508,1244396.0
2025-10-24 19:00:00+00:00,0.6507,0.654,0.6507,0.653,4973201.0
2025-10-24 19:15:00+00:00,0.653,0.6555,0.653,0.6554,4575805.0
2025-10-24 19:30:00+00:00,0.6553,0.6556,0.6537,0.6551,2724691.0
2025-10-24 19:45:00+00:00,0.655,0.6553,0.6537,0.6546,3628262.0
2025-10-24 20:00:00+00:00,0.6546,0.6555,0.6539,0.6549,3114674.0
2025-10-24 20:15:00+00:00,0.6549,0.6572,0.6548,0.6563,1657858.0
2025-10-24 20:30:00+00:00,0.6562,0.6566,0.655,0.6561,4123113.0
2025-10-24 20:45:00+00:00,0.6561,0.6568,0.6539,0.6558,5626902.0
2025-10-24 21:00:00+00:00,0.6558,0.6575,0.6548,0.6552,7915156.0
2025-10-24 21:15:00+00:00,0.6552,0.6583,0.6552,0.6572,3726789.0
2025-10-24 21:30:00+00:00,0.6572,0.6578,0.6564,0.6573,1552479.0
2025-10-24 21:45:00+00:00,0.6573,0.6583,0.6571,0.6579,1106851.0
2025-10-24 22:00:00+00:00,0.6579,0.6584,0.6562,0.6568,2516423.0
2025-10-24 22:15:00+00:00,0.6567,0.6578,0.6563,0.6577,1672948.0
2025-10-24 22:30:00+00:00,0.6577,0.6586,0.6568,0.6572,1814151.0
2025-10-24 22:45:00+00:00,0.6571,0.6575,0.656,0.6572,1402387.0
2025-10-24 23:00:00+00:00,0.6572,0.6574,0.6555,0.6557,1979041.0
2025-10-24 23:15:00+00:00,0.6557,0.6568,0.6555,0.6565,1333062.0
2025-10-24 23:30:00+00:00,0.6565,0.6574,0.6555,0.6557,2365628.0
2025-10-24 23:45:00+00:00,0.6557,0.6562,0.6544,0.6556,6109572.0
2025-10-25 00:00:00+00:00,0.6556,0.6561,0.6543,0.6547,4236920.0
2025-10-25 00:15:00+00:00,0.6547,0.655,0.6532,0.654,4571822.0
2025-10-25 00:30:00+00:00,0.654,0.6553,0.6526,0.6549,2723795.0
2025-10-25 00:45:00+00:00,0.6549,0.6577,0.6535,0.6548,9492904.0
2025-10-25 01:00:00+00:00,0.6549,0.6564,0.6542,0.6563,2109994.0
2025-10-25 01:15:00+00:00,0.6563,0.658,0.655,0.6577,2388893.0
2025-10-25 01:30:00+00:00,0.6577,0.6592,0.6556,0.6559,4011692.0
2025-10-25 01:45:00+00:00,0.6559,0.6572,0.6556,0.6572,934698.0
2025-10-25 02:00:00+00:00,0.6571,0.6581,0.6561,0.6566,1610706.0
2025-10-25 02:15:00+00:00,0.6567,0.6576,0.6562,0.6566,974650.0
2025-10-25 02:30:00+00:00,0.6567,0.6569,0.6552,0.656,2139093.0
2025-10-25 02:45:00+00:00,0.656,0.6575,0.6558,0.6565,1108188.0
2025-10-25 03:00:00+00:00,0.6564,0.6567,0.6532,0.654,3121617.0
2025-10-25 03:15:00+00:00,0.654,0.6549,0.6537,0.6541,1570236.0
2025-10-25 03:30:00+00:00,0.6541,0.6547,0.6533,0.6542,1407403.0
2025-10-25 03:45:00+00:00,0.6541,0.6542,0.6529,0.6531,1713058.0
2025-10-25 04:00:00+00:00,0.6531,0.6563,0.653,0.656,3331946.0
2025-10-25 04:15:00+00:00,0.656,0.6578,0.6556,0.6566,3640500.0
2025-10-25 04:30:00+00:00,0.6565,0.6571,0.6554,0.6558,1706332.0
2025-10-25 04:45:00+00:00,0.6557,0.6574,0.6556,0.6564,1399023.0
2025-10-25 05:00:00+00:00,0.6563,0.6564,0.6536,0.6542,1893048.0
2025-10-25 05:15:00+00:00,0.6541,0.6555,0.6534,0.6547,1719585.0
2025-10-25 05:30:00+00:00,0.6546,0.6551,0.6535,0.6547,1176920.0
2025-10-25 05:45:00+00:00,0.6546,0.6559,0.6538,0.655,1105572.0
2025-10-25 06:00:00+00:00,0.6551,0.6559,0.6526,0.6536,2953086.0
2025-10-25 06:15:00+00:00,0.6536,0.6538,0.6515,0.6524,2021863.0
2025-10-25 06:30:00+00:00,0.6523,0.6525,0.6512,0.6518,2317749.0
2025-10-25 06:45:00+00:00,0.6517,0.652,0.6507,0.6514,1710974.0
2025-10-25 07:00:00+00:00,0.6514,0.6522,0.6511,0.652,1813985.0
2025-10-25 07:15:00+00:00,0.652,0.6547,0.6519,0.6541,2848949.0
2025-10-25 07:30:00+00:00,0.6541,0.6559,0.6514,0.652,3791216.0
2025-10-25 07:45:00+00:00,0.6519,0.6521,0.6509,0.6514,1828058.0
2025-10-25 08:00:00+00:00,0.6513,0.6518,0.651,0.6516,1236196.0
2025-10-25 08:15:00+00:00,0.6515,0.6537,0.6514,0.6535,2770829.0
2025-10-25 08:30:00+00:00,0.6534,0.6536,0.6516,0.6523,1691386.0
2025-10-25 08:45:00+00:00,0.6523,0.6541,0.6521,0.654,2232818.0
2025-10-25 09:00:00+00:00,0.6539,0.6544,0.6524,0.654,2565207.0
2025-10-25 09:15:00+00:00,0.6539,0.6539,0.6512,0.6519,1943636.0
2025-10-25 09:30:00+00:00,0.6518,0.6529,0.6508,0.6526,1311081.0
2025-10-25 09:45:00+00:00,0.6526,0.6526,0.6494,0.6502,3553846.0
2025-10-25 10:00:00+00:00,0.6502,0.6505,0.6476,0.6482,3757363.0
2025-10-25 10:15:00+00:00,0.6482,0.6496,0.6481,0.6489,2296978.0
2025-10-25 10:30:00+00:00,0.6489,0.6506,0.6484,0.6502,2305452.0
2025-10-25 10:45:00+00:00,0.6501,0.6512,0.6499,0.6503,1802643.0
2025-10-25 11:00:00+00:00,0.6502,0.651,0.6493,0.6501,1650262.0
2025-10-25 11:15:00+00:00,0.6501,0.6531,0.65,0.6529,2535764.0
2025-10-25 11:30:00+00:00,0.6529,0.6537,0.6522,0.653,2171348.0
2025-10-25 11:45:00+00:00,0.653,0.6546,0.6528,0.6536,2763760.0
2025-10-25 12:00:00+00:00,0.6535,0.6545,0.6528,0.6542,2538518.0
2025-10-25 12:15:00+00:00,0.6542,0.6553,0.6539,0.6543,1965971.0
2025-10-25 12:30:00+00:00,0.6543,0.6553,0.6535,0.6553,2223710.0
2025-10-25 12:45:00+00:00,0.6553,0.6567,0.6546,0.6553,3220481.0
2025-10-25 13:00:00+00:00,0.6554,0.6555,0.653,0.6537,5754852.0
2025-10-25 13:15:00+00:00,0.6537,0.6541,0.652,0.653,7165411.0
2025-10-25 13:30:00+00:00,0.6529,0.653,0.6512,0.6522,3631163.0
2025-10-25 13:45:00+00:00,0.6521,0.6529,0.6508,0.6525,4510323.0
2025-10-25 14:00:00+00:00,0.6524,0.6527,0.6516,0.6524,2087891.0
2025-10-25 14:15:00+00:00,0.6524,0.654,0.6518,0.6525,3071347.0
2025-10-25 14:30:00+00:00,0.6524,0.654,0.6513,0.6538,3010533.0
2025-10-25 14:45:00+00:00,0.6538,0.6545,0.6528,0.6543,1900404.0
2025-10-25 15:00:00+00:00,0.6544,0.6544,0.6514,0.6517,2056691.0
2025-10-25 15:15:00+00:00,0.6518,0.6536,0.6518,0.653,1791202.0
2025-10-25 15:30:00+00:00,0.6531,0.6536,0.6518,0.6522,2946804.0
2025-10-25 15:45:00+00:00,0.6523,0.653,0.6515,0.6525,2529320.0
2025-10-25 16:00:00+00:00,0.6525,0.6534,0.6517,0.6525,3502705.0
2025-10-25 16:15:00+00:00,0.6524,0.6532,0.6517,0.6521,1565314.0
2025-10-25 16:30:00+00:00,0.6521,0.6529,0.6518,0.6522,1118316.0
2025-10-25 16:45:00+00:00,0.6522,0.6535,0.6514,0.653,1785795.0
2025-10-25 17:00:00+00:00,0.653,0.6558,0.6525,0.6555,4140834.0
2025-10-25 17:15:00+00:00,0.6554,0.6555,0.6543,0.6546,1631341.0
2025-10-25 17:30:00+00:00,0.6546,0.6552,0.654,0.6545,1286527.0
2025-10-25 17:45:00+00:00,0.6544,0.6547,0.6539,0.6542,949749.0
2025-10-25 18:00:00+00:00,0.6541,0.6557,0.6531,0.6556,2196159.0
2025-10-25 18:15:00+00:00,0.6556,0.6571,0.6551,0.657,2078264.0
2025-10-25 18:30:00+00:00,0.6569,0.6587,0.6565,0.6581,3939165.0
2025-10-25 18:45:00+00:00,0.658,0.659,0.6572,0.6578,2087056.0
2025-10-25 19:00:00+00:00,0.6577,0.6579,0.6565,0.6572,2074137.0
2025-10-25 19:15:00+00:00,0.6572,0.6575,0.6566,0.6571,1666667.0
2025-10-25 19:30:00+00:00,0.6571,0.6576,0.6565,0.6569,921182.0
2025-10-25 19:45:00+00:00,0.6568,0.6575,0.6564,0.6575,1132278.0
2025-10-25 20:00:00+00:00,0.6574,0.6588,0.6574,0.6581,2598382.0
2025-10-25 20:15:00+00:00,0.658,0.6586,0.6574,0.6576,1161699.0
2025-10-25 20:30:00+00:00,0.6576,0.6577,0.6552,0.6566,2934777.0
2025-10-25 20:45:00+00:00,0.6566,0.6576,0.6554,0.6556,1477847.0
2025-10-25 21:00:00+00:00,0.6556,0.6564,0.655,0.6558,2460376.0
2025-10-25 21:15:00+00:00,0.6558,0.6561,0.6547,0.6555,1710819.0
2025-10-25 21:30:00+00:00,0.6555,0.6555,0.654,0.6541,1238062.0
2025-10-25 21:45:00+00:00,0.6541,0.6554,0.6536,0.6553,921250.0
2025-10-25 22:00:00+00:00,0.6552,0.6552,0.6533,0.6536,2617377.0
2025-10-25 22:15:00+00:00,0.6535,0.6544,0.6533,0.6543,1207397.0
2025-10-25 22:30:00+00:00,0.6542,0.6558,0.654,0.6557,1400620.0
2025-10-25 22:45:00+00:00,0.6558,0.6569,0.6552,0.6559,1308656.0
2025-10-25 23:00:00+00:00,0.6558,0.656,0.6547,0.6556,1252611.0
2025-10-25 23:15:00+00:00,0.6556,0.6557,0.654,0.6544,820427.0
2025-10-25 23:30:00+00:00,0.6544,0.6552,0.6538,0.6547,797125.0
2025-10-25 23:45:00+00:00,0.6547,0.6549,0.6535,0.654,1419813.0
2025-10-26 00:00:00+00:00,0.6539,0.6541,0.6513,0.6531,6919080.0
2025-10-26 00:15:00+00:00,0.6531,0.6557,0.6531,0.6553,4466013.0
2025-10-26 00:30:00+00:00,0.6552,0.6561,0.6544,0.6555,1814040.0
2025-10-26 00:45:00+00:00,0.6554,0.6557,0.6532,0.6535,1920408.0
2025-10-26 01:00:00+00:00,0.6535,0.6539,0.6527,0.6534,1972283.0
2025-10-26 01:15:00+00:00,0.6534,0.6536,0.6521,0.6525,1359435.0
2025-10-26 01:30:00+00:00,0.6525,0.6534,0.6522,0.6526,687216.0
2025-10-26 01:45:00+00:00,0.6526,0.6532,0.6492,0.6509,5549992.0
2025-10-26 02:00:00+00:00,0.651,0.651,0.6494,0.6501,2437700.0
2025-10-26 02:15:00+00:00,0.6501,0.6509,0.6494,0.6509,2143896.0
2025-10-26 02:30:00+00:00,0.6509,0.6514,0.6494,0.65,1176952.0
2025-10-26 02:45:00+00:00,0.6499,0.6503,0.6478,0.6489,2188981.0
2025-10-26 03:00:00+00:00,0.6488,0.6489,0.6478,0.648,1598493.0
2025-10-26 03:15:00+00:00,0.6481,0.6496,0.6477,0.6493,1678755.0
2025-10-26 03:30:00+00:00,0.6493,0.6494,0.6466,0.647,2729434.0
2025-10-26 03:45:00+00:00,0.6469,0.6476,0.6462,0.6476,1751164.0
2025-10-26 04:00:00+00:00,0.6476,0.6496,0.6472,0.6496,2459801.0
2025-10-26 04:15:00+00:00,0.6495,0.6506,0.6488,0.6502,1269641.0
2025-10-26 04:30:00+00:00,0.6501,0.6508,0.6494,0.65,1036959.0
2025-10-26 04:45:00+00:00,0.65,0.6507,0.6497,0.6503,850925.0
2025-10-26 05:00:00+00:00,0.6503,0.6504,0.6489,0.6501,1674441.0
2025-10-26 05:15:00+00:00,0.6501,0.6514,0.6499,0.6511,907384.0
2025-10-26 05:30:00+00:00,0.6512,0.653,0.651,0.6529,1880597.0
2025-10-26 05:45:00+00:00,0.653,0.654,0.6529,0.653,2402485.0
2025-10-26 06:00:00+00:00,0.653,0.6532,0.6516,0.6522,1811855.0
2025-10-26 06:15:00+00:00,0.6521,0.6539,0.6516,0.6539,1143147.0
2025-10-26 06:30:00+00:00,0.6539,0.6544,0.6525,0.6536,918184.0
2025-10-26 06:45:00+00:00,0.6536,0.6543,0.6531,0.6539,1048230.0
2025-10-26 07:00:00+00:00,0.654,0.6553,0.6529,0.6553,1829299.0
2025-10-26 07:15:00+00:00,0.6553,0.6555,0.6546,0.6547,1495617.0
2025-10-26 07:30:00+00:00,0.6547,0.6557,0.6545,0.6553,2681960.0
2025-10-26 07:45:00+00:00,0.6553,0.656,0.6547,0.6552,917822.0
2025-10-26 08:00:00+00:00,0.6552,0.6579,0.6552,0.6574,3183191.0
2025-10-26 08:15:00+00:00,0.6574,0.6576,0.6558,0.657,5770573.0
2025-10-26 08:30:00+00:00,0.657,0.6575,0.6552,0.6567,4073166.0
2025-10-26 08:45:00+00:00,0.6567,0.6582,0.6565,0.6569,3501037.0
2025-10-26 09:00:00+00:00,0.657,0.6576,0.6551,0.656,2950793.0
2025-10-26 09:15:00+00:00,0.6559,0.6644,0.6559,0.6636,12313097.0
2025-10-26 09:30:00+00:00,0.6636,0.6652,0.6611,0.6626,9294562.0
2025-10-26 09:45:00+00:00,0.6627,0.6636,0.6611,0.6633,4068419.0
2025-10-26 10:00:00+00:00,0.6633,0.664,0.6608,0.662,4367440.0
2025-10-26 10:15:00+00:00,0.6621,0.6625,0.6608,0.6613,1318340.0
2025-10-26 10:30:00+00:00,0.6613,0.6616,0.6595,0.6612,4184469.0
2025-10-26 10:45:00+00:00,0.6613,0.6629,0.6606,0.6618,3182120.0
2025-10-26 11:00:00+00:00,0.6618,0.6627,0.6596,0.6613,3319941.0
2025-10-26 11:15:00+00:00,0.6613,0.6642,0.6613,0.6639,3723626.0
2025-10-26 11:30:00+00:00,0.664,0.6722,0.6639,0.6714,11985186.0
2025-10-26 11:45:00+00:00,0.6714,0.6732,0.6694,0.6731,8107313.0
2025-10-26 12:00:00+00:00,0.6731,0.6763,0.673,0.6756,13372948.0
2025-10-26 12:15:00+00:00,0.6756,0.6774,0.6735,0.6743,5305981.0
2025-10-26 12:30:00+00:00,0.6743,0.6764,0.6724,0.6727,4427607.0
2025-10-26 12:45:00+00:00,0.6727,0.6766,0.6727,0.6757,5830338.0
2025-10-26 13:00:00+00:00,0.6758,0.6768,0.6749,0.6751,7360848.0
2025-10-26 13:15:00+00:00,0.675,0.6789,0.6733,0.6785,5870060.0
2025-10-26 13:30:00+00:00,0.6785,0.6801,0.6772,0.6784,5996445.0
2025-10-26 13:45:00+00:00,0.6784,0.6791,0.6764,0.6772,5897004.0
2025-10-26 14:00:00+00:00,0.6772,0.6773,0.6755,0.6771,4803384.0
2025-10-26 14:15:00+00:00,0.6771,0.6775,0.6729,0.6744,5154536.0
2025-10-26 14:30:00+00:00,0.6744,0.6756,0.6742,0.6751,4423794.0
2025-10-26 14:45:00+00:00,0.6751,0.6755,0.6738,0.6749,2834974.0
2025-10-26 15:00:00+00:00,0.6748,0.6754,0.6727,0.6747,3258801.0
2025-10-26 15:15:00+00:00,0.6747,0.677,0.6739,0.6769,3324047.0
2025-10-26 15:30:00+00:00,0.6769,0.6777,0.6759,0.6767,2608282.0
2025-10-26 15:45:00+00:00,0.6766,0.6789,0.6766,0.6775,3355571.0
2025-10-26 16:00:00+00:00,0.6775,0.6784,0.6747,0.6754,5450269.0
2025-10-26 16:15:00+00:00,0.6754,0.676,0.6731,0.6745,3988317.0
2025-10-26 16:30:00+00:00,0.6745,0.676,0.6733,0.6758,2171694.0
2025-10-26 16:45:00+00:00,0.6757,0.6767,0.6731,0.6735,2286670.0
2025-10-26 17:00:00+00:00,0.6734,0.6751,0.6721,0.6749,3234764.0
2025-10-26 17:15:00+00:00,0.6749,0.6756,0.6743,0.6744,1579846.0
2025-10-26 17:30:00+00:00,0.6743,0.6757,0.6742,0.6748,1062718.0
2025-10-26 17:45:00+00:00,0.6748,0.6755,0.6738,0.674,1455408.0
2025-10-26 18:00:00+00:00,0.674,0.6762,0.6737,0.6754,2897909.0
2025-10-26 18:15:00+00:00,0.6754,0.6766,0.674,0.6742,2538876.0
2025-10-26 18:30:00+00:00,0.6742,0.6763,0.6737,0.6756,1964716.0
2025-10-26 18:45:00+00:00,0.6755,0.6759,0.6747,0.6754,1697812.0
2025-10-26 19:00:00+00:00,0.6754,0.6755,0.6713,0.6735,6821558.0
2025-10-26 19:15:00+00:00,0.6735,0.6736,0.6724,0.6731,2632287.0
2025-10-26 19:30:00+00:00,0.673,0.6733,0.6722,0.6729,1814345.0
2025-10-26 19:45:00+00:00,0.6728,0.6729,0.6719,0.6728,1595637.0
2025-10-26 20:00:00+00:00,0.6727,0.6728,0.6707,0.6712,2847838.0
2025-10-26 20:15:00+00:00,0.6711,0.6713,0.6679,0.6689,6170159.0
2025-10-26 20:30:00+00:00,0.6688,0.672,0.6688,0.6718,4208906.0
2025-10-26 20:45:00+00:00,0.6719,0.6719,0.6697,0.67,2387705.0
2025-10-26 21:00:00+00:00,0.67,0.6728,0.67,0.6728,1815070.0
2025-10-26 21:15:00+00:00,0.6727,0.6727,0.6692,0.6704,2354435.0
2025-10-26 21:30:00+00:00,0.6704,0.6734,0.6688,0.6726,3136239.0
2025-10-26 21:45:00+00:00,0.6725,0.6741,0.672,0.6736,1236235.0
2025-10-26 22:00:00+00:00,0.6736,0.6882,0.6736,0.6815,36256601.0
2025-10-26 22:15:00+00:00,0.6815,0.6826,0.6788,0.6801,6076531.0
2025-10-26 22:30:00+00:00,0.68,0.683,0.68,0.6824,3564650.0
2025-10-26 22:45:00+00:00,0.6824,0.6844,0.6824,0.6832,6168234.0
2025-10-26 23:00:00+00:00,0.6832,0.6854,0.682,0.6838,5171155.0
2025-10-26 23:15:00+00:00,0.6837,0.6846,0.6827,0.683,2291948.0
2025-10-26 23:30:00+00:00,0.683,0.6848,0.6824,0.683,3082172.0
2025-10-26 23:45:00+00:00,0.683,0.6839,0.6803,0.6809,2300453.0
2025-10-27 00:00:00+00:00,0.6808,0.6844,0.6792,0.6838,7164269.0
2025-10-27 00:15:00+00:00,0.6837,0.6853,0.683,0.6845,6053751.0
2025-10-27 00:30:00+00:00,0.6846,0.6879,0.6842,0.6867,7734359.0
2025-10-27 00:45:00+00:00,0.6867,0.6868,0.6837,0.685,5165407.0
2025-10-27 01:00:00+00:00,0.685,0.6864,0.6838,0.6852,5220408.0
2025-10-27 01:15:00+00:00,0.6853,0.6879,0.6841,0.6869,3075876.0
2025-10-27 01:30:00+00:00,0.687,0.6905,0.6862,0.688,7824321.0
2025-10-27 01:45:00+00:00,0.688,0.6914,0.6879,0.6908,4980333.0
2025-10-27 02:00:00+00:00,0.6909,0.6919,0.6899,0.6901,4529458.0
2025-10-27 02:15:00+00:00,0.6902,0.6933,0.6889,0.6891,6497810.0
2025-10-27 02:30:00+00:00,0.6892,0.6902,0.6867,0.69,5999239.0
2025-10-27 02:45:00+00:00,0.69,0.6904,0.6873,0.688,2498698.0
2025-10-27 03:00:00+00:00,0.688,0.6891,0.6876,0.6877,3007102.0
2025-10-27 03:15:00+00:00,0.6878,0.689,0.6845,0.6847,6524123.0
2025-10-27 03:30:00+00:00,0.6847,0.6849,0.6827,0.683,4912175.0
2025-10-27 03:45:00+00:00,0.683,0.6851,0.683,0.6842,3140586.0
2025-10-27 04:00:00+00:00,0.6843,0.6844,0.682,0.6827,4347235.0
2025-10-27 04:15:00+00:00,0.6826,0.6838,0.6818,0.6829,4329260.0
2025-10-27 04:30:00+00:00,0.6828,0.6838,0.6818,0.6835,2882506.0
2025-10-27 04:45:00+00:00,0.6835,0.6847,0.6829,0.6843,3742749.0
2025-10-27 05:00:00+00:00,0.6843,0.6883,0.6836,0.687,5075699.0
2025-10-27 05:15:00+00:00,0.6871,0.6909,0.6871,0.6897,8479447.0
2025-10-27 05:30:00+00:00,0.6898,0.69,0.6867,0.6869,4577944.0
2025-10-27 05:45:00+00:00,0.6869,0.6869,0.684,0.6846,3153077.0
2025-10-27 06:00:00+00:00,0.6847,0.6849,0.6806,0.6821,6623196.0
2025-10-27 06:15:00+00:00,0.6821,0.6853,0.6814,0.6851,3308262.0
2025-10-27 06:30:00+00:00,0.6851,0.6856,0.6827,0.6842,3845750.0
2025-10-27 06:45:00+00:00,0.6843,0.6878,0.6838,0.6858,4980773.0
2025-10-27 07:00:00+00:00,0.6859,0.6883,0.6824,0.6826,5012484.0
2025-10-27 07:15:00+00:00,0.6826,0.684,0.6809,0.6829,5734348.0
2025-10-27 07:30:00+00:00,0.6829,0.6834,0.6771,0.6788,11421841.0
2025-10-27 07:45:00+00:00,0.6787,0.6813,0.6781,0.6797,3740194.0
2025-10-27 08:00:00+00:00,0.6797,0.6819,0.6792,0.6797,5815248.0
2025-10-27 08:15:00+00:00,0.6798,0.6828,0.6754,0.6763,9819760.0
2025-10-27 08:30:00+00:00,0.6763,0.6831,0.6762,0.6824,5778278.0
2025-10-27 08:45:00+00:00,0.6823,0.6832,0.6797,0.682,6643744.0
2025-10-27 09:00:00+00:00,0.6821,0.6823,0.675,0.6791,9448959.0
2025-10-27 09:15:00+00:00,0.6791,0.6807,0.6767,0.6774,5283947.0
2025-10-27 09:30:00+00:00,0.6773,0.6786,0.676,0.677,4630622.0
2025-10-27 09:45:00+00:00,0.677,0.677,0.6734,0.6759,4029360.0
2025-10-27 10:00:00+00:00,0.676,0.677,0.6734,0.6759,5087204.0
2025-10-27 10:15:00+00:00,0.676,0.6783,0.676,0.6767,2593567.0
2025-10-27 10:30:00+00:00,0.6767,0.6774,0.6755,0.6759,2013548.0
2025-10-27 10:45:00+00:00,0.6758,0.677,0.675,0.6758,2623578.0
2025-10-27 11:00:00+00:00,0.6759,0.6786,0.6757,0.6773,3342456.0
2025-10-27 11:15:00+00:00,0.6772,0.6782,0.6711,0.6744,7272829.0
2025-10-27 11:30:00+00:00,0.6743,0.6786,0.6738,0.6778,4215961.0
2025-10-27 11:45:00+00:00,0.6778,0.6782,0.6757,0.6774,1666448.0
2025-10-27 12:00:00+00:00,0.6773,0.6776,0.6756,0.6763,2512878.0
2025-10-27 12:15:00+00:00,0.6763,0.6766,0.6746,0.6754,2578139.0
2025-10-27 12:30:00+00:00,0.6754,0.6754,0.6718,0.6733,3357073.0
2025-10-27 12:45:00+00:00,0.6732,0.6744,0.6725,0.6726,2303636.0
2025-10-27 13:00:00+00:00,0.6726,0.6759,0.672,0.6748,3097801.0
2025-10-27 13:15:00+00:00,0.6748,0.6765,0.6735,0.6737,3122492.0
2025-10-27 13:30:00+00:00,0.6738,0.6759,0.6655,0.6697,20604663.0
2025-10-27 13:45:00+00:00,0.6697,0.6757,0.6687,0.6735,10912817.0
2025-10-27 14:00:00+00:00,0.6736,0.6745,0.6673,0.6697,8784638.0
2025-10-27 14:15:00+00:00,0.6696,0.6707,0.6665,0.6702,6267945.0
2025-10-27 14:30:00+00:00,0.6702,0.672,0.6679,0.6705,5728331.0
2025-10-27 14:45:00+00:00,0.6706,0.6714,0.669,0.6698,3366927.0
2025-10-27 15:00:00+00:00,0.6697,0.6751,0.6695,0.6747,7169247.0
2025-10-27 15:15:00+00:00,0.6747,0.6757,0.6716,0.6742,6160389.0
2025-10-27 15:30:00+00:00,0.6743,0.6748,0.6725,0.6735,4296908.0
2025-10-27 15:45:00+00:00,0.6735,0.6751,0.6729,0.674,2103002.0
2025-10-27 16:00:00+00:00,0.674,0.6783,0.674,0.6773,6032592.0
2025-10-27 16:15:00+00:00,0.6772,0.6789,0.6761,0.6776,6610584.0
2025-10-27 16:30:00+00:00,0.6776,0.682,0.6769,0.6797,5822638.0
2025-10-27 16:45:00+00:00,0.6797,0.6839,0.6791,0.6829,7694263.0
2025-10-27 17:00:00+00:00,0.6829,0.6844,0.6808,0.6841,7651963.0
2025-10-27 17:15:00+00:00,0.6841,0.6847,0.6807,0.6807,6969388.0
2025-10-27 17:30:00+00:00,0.6807,0.6843,0.6804,0.6831,4423735.0
2025-10-27 17:45:00+00:00,0.6832,0.6833,0.6811,0.6822,1970102.0
2025-10-27 18:00:00+00:00,0.6822,0.6838,0.6806,0.6835,3031354.0
2025-10-27 18:15:00+00:00,0.6834,0.6837,0.6793,0.6796,2413056.0
2025-10-27 18:30:00+00:00,0.6797,0.6824,0.6792,0.6822,3485815.0
2025-10-27 18:45:00+00:00,0.6822,0.683,0.68,0.6804,1745884.0
2025-10-27 19:00:00+00:00,0.6804,0.6808,0.6763,0.6803,6180969.0
2025-10-27 19:15:00+00:00,0.6802,0.6802,0.6763,0.677,2547785.0
2025-10-27 19:30:00+00:00,0.677,0.677,0.6737,0.6743,5799416.0
2025-10-27 19:45:00+00:00,0.6743,0.6757,0.6737,0.6744,3123712.0
2025-10-27 20:00:00+00:00,0.6745,0.6746,0.6706,0.6717,8759743.0
2025-10-27 20:15:00+00:00,0.6716,0.6743,0.6705,0.6717,4290765.0
2025-10-27 20:30:00+00:00,0.6716,0.6721,0.6697,0.6707,3671779.0
2025-10-27 20:45:00+00:00,0.6707,0.6718,0.6683,0.6687,3546791.0
2025-10-27 21:00:00+00:00,0.6686,0.6721,0.6682,0.6701,6062806.0
2025-10-27 21:15:00+00:00,0.67,0.6723,0.6643,0.6675,10777217.0
2025-10-27 21:30:00+00:00,0.6674,0.671,0.6671,0.6695,3233167.0
2025-10-27 21:45:00+00:00,0.6695,0.6724,0.6681,0.6684,2733927.0
2025-10-27 22:00:00+00:00,0.6684,0.6709,0.6671,0.6698,3614117.0
2025-10-27 22:15:00+00:00,0.6698,0.6714,0.6692,0.6704,1995756.0
2025-10-27 22:30:00+00:00,0.6704,0.6705,0.6654,0.6659,3502539.0
2025-10-27 22:45:00+00:00,0.6658,0.6681,0.6655,0.6662,3338458.0
2025-10-27 23:00:00+00:00,0.6661,0.6664,0.6641,0.6655,6659424.0
2025-10-27 23:15:00+00:00,0.6654,0.6671,0.663,0.6667,4774176.0
2025-10-27 23:30:00+00:00,0.6668,0.6684,0.6666,0.6677,2872799.0
2025-10-27 23:45:00+00:00,0.6677,0.668,0.6664,0.6667,2132422.0
2025-10-28 00:00:00+00:00,0.6666,0.6675,0.6643,0.6656,6615161.0
2025-10-28 00:15:00+00:00,0.6655,0.6693,0.6653,0.6686,3798179.0
2025-10-28 00:30:00+00:00,0.6686,0.6687,0.6645,0.6664,3980472.0
2025-10-28 00:45:00+00:00,0.6663,0.6673,0.6643,0.6661,2817009.0
2025-10-28 01:00:00+00:00,0.666,0.6695,0.666,0.6685,2666163.0
2025-10-28 01:15:00+00:00,0.6686,0.6695,0.6674,0.6681,1815296.0
2025-10-28 01:30:00+00:00,0.6681,0.6704,0.6669,0.6699,3338838.0
2025-10-28 01:45:00+00:00,0.6699,0.6706,0.6692,0.6695,1967842.0
2025-10-28 02:00:00+00:00,0.6695,0.6717,0.6673,0.6677,7664962.0
2025-10-28 02:15:00+00:00,0.6678,0.668,0.664,0.6668,5374625.0
2025-10-28 02:30:00+00:00,0.6668,0.6692,0.6663,0.6682,2873444.0
2025-10-28 02:45:00+00:00,0.6681,0.6682,0.66,0.6652,13817575.0
2025-10-28 03:00:00+00:00,0.6651,0.6673,0.6611,0.6614,5671596.0
2025-10-28 03:15:00+00:00,0.6613,0.6661,0.6613,0.6659,5210162.0
2025-10-28 03:30:00+00:00,0.6659,0.6662,0.6626,0.6647,4547647.0
2025-10-28 03:45:00+00:00,0.6647,0.6656,0.6626,0.6647,3852162.0
2025-10-28 04:00:00+00:00,0.6647,0.6661,0.6627,0.6659,2660118.0
2025-10-28 04:15:00+00:00,0.6659,0.6664,0.6645,0.6647,2376937.0
2025-10-28 04:30:00+00:00,0.6647,0.6657,0.6637,0.6645,2111054.0
2025-10-28 04:45:00+00:00,0.6646,0.6679,0.6645,0.6662,2291829.0
2025-10-28 05:00:00+00:00,0.6663,0.6672,0.6652,0.6654,1885897.0
2025-10-28 05:15:00+00:00,0.6654,0.6674,0.6651,0.6665,4425976.0
2025-10-28 05:30:00+00:00,0.6664,0.6664,0.662,0.662,3366184.0
2025-10-28 05:45:00+00:00,0.662,0.6622,0.6573,0.658,20491280.0
2025-10-28 06:00:00+00:00,0.6581,0.6595,0.6576,0.658,7790104.0
2025-10-28 06:15:00+00:00,0.6579,0.6586,0.6561,0.6578,10030684.0
2025-10-28 06:30:00+00:00,0.6578,0.6622,0.6569,0.6618,9528829.0
2025-10-28 06:45:00+00:00,0.6618,0.6676,0.6617,0.6674,7904356.0
2025-10-28 07:00:00+00:00,0.6674,0.6711,0.665,0.6655,9822188.0
2025-10-28 07:15:00+00:00,0.6655,0.6671,0.6643,0.6651,5605903.0
2025-10-28 07:30:00+00:00,0.665,0.6656,0.6635,0.6647,3097885.0
2025-10-28 07:45:00+00:00,0.6648,0.665,0.6617,0.6629,3007500.0
2025-10-28 08:00:00+00:00,0.6629,0.6636,0.6616,0.6623,3389649.0
2025-10-28 08:15:00+00:00,0.6622,0.6659,0.6622,0.6654,3034271.0
2025-10-28 08:30:00+00:00,0.6654,0.6672,0.665,0.6665,2993765.0
2025-10-28 08:45:00+00:00,0.6665,0.6672,0.6645,0.665,2516750.0
2025-10-28 09:00:00+00:00,0.6649,0.6666,0.6637,0.6642,2922706.0
2025-10-28 09:15:00+00:00,0.6642,0.6649,0.6619,0.6621,2604897.0
2025-10-28 09:30:00+00:00,0.662,0.6651,0.6618,0.6644,3959924.0
2025-10-28 09:45:00+00:00,0.6644,0.666,0.6642,0.6654,1855110.0
2025-10-28 10:00:00+00:00,0.6653,0.6656,0.6622,0.6641,4867057.0
2025-10-28 10:15:00+00:00,0.664,0.6657,0.6631,0.6653,2008327.0
2025-10-28 10:30:00+00:00,0.6653,0.6654,0.6628,0.6633,3817375.0
2025-10-28 10:45:00+00:00,0.6633,0.6648,0.6632,0.6647,2410404.0
2025-10-28 11:00:00+00:00,0.6647,0.6648,0.6632,0.6638,3594032.0
2025-10-28 11:15:00+00:00,0.6637,0.6663,0.663,0.664,3532371.0
2025-10-28 11:30:00+00:00,0.664,0.6655,0.6626,0.6634,2946825.0
2025-10-28 11:45:00+00:00,0.6634,0.6635,0.6612,0.6619,4591598.0
2025-10-28 12:00:00+00:00,0.6619,0.6626,0.6611,0.6621,4162276.0
2025-10-28 12:15:00+00:00,0.6622,0.6624,0.6602,0.6609,2974885.0
2025-10-28 12:30:00+00:00,0.6609,0.6634,0.6602,0.6633,2714313.0
2025-10-28 12:45:00+00:00,0.6633,0.668,0.6632,0.6671,6139006.0
2025-10-28 13:00:00+00:00,0.667,0.6704,0.667,0.6691,6846328.0
2025-10-28 13:15:00+00:00,0.669,0.6725,0.6689,0.6707,7218010.0
2025-10-28 13:30:00+00:00,0.6707,0.6719,0.6676,0.6701,7943180.0
2025-10-28 13:45:00+00:00,0.6702,0.6725,0.6696,0.6716,6909069.0
2025-10-28 14:00:00+00:00,0.6716,0.6721,0.6688,0.6715,6560915.0
2025-10-28 14:15:00+00:00,0.6716,0.6752,0.6691,0.6705,8554508.0
2025-10-28 14:30:00+00:00,0.6705,0.6714,0.6589,0.6603,25782990.0
2025-10-28 14:45:00+00:00,0.6603,0.6655,0.6513,0.6649,37627369.0
2025-10-28 15:00:00+00:00,0.6649,0.6682,0.6647,0.6677,7679893.0
2025-10-28 15:15:00+00:00,0.6676,0.6677,0.6625,0.6628,9313262.0
2025-10-28 15:30:00+00:00,0.6628,0.6637,0.6603,0.6607,8620573.0
2025-10-28 15:45:00+00:00,0.6607,0.6656,0.6606,0.6638,5552385.0
2025-10-28 16:00:00+00:00,0.6638,0.6664,0.6633,0.6642,3780849.0
2025-10-28 16:15:00+00:00,0.6642,0.6651,0.6612,0.6638,4808471.0
2025-10-28 16:30:00+00:00,0.6638,0.6687,0.6636,0.6664,8914049.0
2025-10-28 16:45:00+00:00,0.6664,0.6705,0.6664,0.6693,6793074.0
2025-10-28 17:00:00+00:00,0.6694,0.6712,0.6682,0.6702,3776936.0
2025-10-28 17:15:00+00:00,0.6703,0.6713,0.6683,0.6683,2616831.0
2025-10-28 17:30:00+00:00,0.6683,0.6701,0.6665,0.6687,4033945.0
2025-10-28 17:45:00+00:00,0.6687,0.6702,0.6685,0.6696,1926717.0
2025-10-28 18:00:00+00:00,0.6696,0.6699,0.6673,0.6699,2906047.0
2025-10-28 18:15:00+00:00,0.6698,0.6704,0.6652,0.6659,3410786.0
2025-10-28 18:30:00+00:00,0.666,0.6676,0.6639,0.6641,3987118.0
2025-10-28 18:45:00+00:00,0.6641,0.6657,0.6635,0.6653,2727171.0
2025-10-28 19:00:00+00:00,0.6654,0.6663,0.664,0.6642,4506010.0
2025-10-28 19:15:00+00:00,0.6642,0.6642,0.6563,0.6563,14071898.0
2025-10-28 19:30:00+00:00,0.6563,0.6605,0.6546,0.6575,9326800.0
2025-10-28 19:45:00+00:00,0.6575,0.658,0.6518,0.6543,13919544.0
2025-10-28 20:00:00+00:00,0.6542,0.6545,0.6463,0.6479,24904612.0
2025-10-28 20:15:00+00:00,0.6479,0.6504,0.6391,0.6417,43371106.0
2025-10-28 20:30:00+00:00,0.6417,0.6486,0.6397,0.6447,17511621.0
2025-10-28 20:45:00+00:00,0.6447,0.647,0.6405,0.6428,16045570.0
2025-10-28 21:00:00+00:00,0.6429,0.6443,0.635,0.6415,23720409.0
2025-10-28 21:15:00+00:00,0.6415,0.6428,0.6389,0.6396,6891825.0
2025-10-28 21:30:00+00:00,0.6396,0.6458,0.6392,0.6454,5414064.0
2025-10-28 21:45:00+00:00,0.6455,0.6468,0.6434,0.644,4603347.0
2025-10-28 22:00:00+00:00,0.644,0.6449,0.6414,0.6427,6463313.0
2025-10-28 22:15:00+00:00,0.6426,0.6466,0.6422,0.6466,2880509.0
2025-10-28 22:30:00+00:00,0.6466,0.6477,0.6455,0.6465,4045570.0
2025-10-28 22:45:00+00:00,0.6465,0.6482,0.6459,0.6478,3453691.0
2025-10-28 23:00:00+00:00,0.6479,0.6481,0.6451,0.6452,2546248.0
2025-10-28 23:15:00+00:00,0.6452,0.6467,0.6432,0.6445,2536678.0
2025-10-28 23:30:00+00:00,0.6444,0.647,0.644,0.6456,3328107.0
2025-10-28 23:45:00+00:00,0.6455,0.6465,0.6452,0.6454,1533613.0
2025-10-29 00:00:00+00:00,0.6454,0.6454,0.6427,0.6442,5480708.0
2025-10-29 00:15:00+00:00,0.6442,0.6456,0.6435,0.6447,3131409.0
2025-10-29 00:30:00+00:00,0.6448,0.6455,0.6426,0.6427,2233241.0
2025-10-29 00:45:00+00:00,0.6427,0.6436,0.6413,0.6428,3355153.0
2025-10-29 01:00:00+00:00,0.6428,0.6438,0.6411,0.6424,2644645.0
2025-10-29 01:15:00+00:00,0.6423,0.6434,0.6412,0.6412,2005293.0
2025-10-29 01:30:00+00:00,0.6412,0.6472,0.6412,0.6443,4802460.0
2025-10-29 01:45:00+00:00,0.6444,0.6445,0.6422,0.6438,2403170.0
2025-10-29 02:00:00+00:00,0.6438,0.644,0.6427,0.6437,1460273.0
2025-10-29 02:15:00+00:00,0.6436,0.6445,0.6427,0.6439,3038969.0
2025-10-29 02:30:00+00:00,0.6439,0.6443,0.6429,0.6433,3139710.0
2025-10-29 02:45:00+00:00,0.6433,0.6447,0.643,0.644,3186748.0
2025-10-29 03:00:00+00:00,0.644,0.6443,0.6406,0.6415,4468525.0
2025-10-29 03:15:00+00:00,0.6415,0.6427,0.6406,0.641,2680038.0
2025-10-29 03:30:00+00:00,0.641,0.6425,0.6408,0.642,2482014.0
2025-10-29 03:45:00+00:00,0.642,0.6426,0.6415,0.6416,1791605.0
2025-10-29 04:00:00+00:00,0.6416,0.6429,0.6409,0.6428,3471925.0
2025-10-29 04:15:00+00:00,0.6428,0.6434,0.6418,0.6425,5825631.0
2025-10-29 04:30:00+00:00,0.6425,0.6445,0.6422,0.6427,3051734.0
2025-10-29 04:45:00+00:00,0.6428,0.6435,0.6425,0.6425,1355800.0
2025-10-29 05:00:00+00:00,0.6425,0.6438,0.6419,0.6427,2913133.0
2025-10-29 05:15:00+00:00,0.6427,0.645,0.6427,0.6442,2509022.0
2025-10-29 05:30:00+00:00,0.6442,0.6467,0.6433,0.6448,3736602.0
2025-10-29 05:45:00+00:00,0.6448,0.6454,0.644,0.6446,2597836.0
2025-10-29 06:00:00+00:00,0.6446,0.6457,0.6434,0.6436,3160761.0
2025-10-29 06:15:00+00:00,0.6437,0.6442,0.643,0.6433,1627611.0
2025-10-29 06:30:00+00:00,0.6433,0.6442,0.6428,0.6433,1465556.0
2025-10-29 06:45:00+00:00,0.6434,0.6462,0.6433,0.6452,2595222.0
2025-10-29 07:00:00+00:00,0.6452,0.6452,0.644,0.6446,1771080.0
2025-10-29 07:15:00+00:00,0.6447,0.6461,0.6442,0.6458,1582543.0
2025-10-29 07:30:00+00:00,0.6458,0.646,0.6431,0.6435,2875728.0
2025-10-29 07:45:00+00:00,0.6435,0.6465,0.6428,0.6456,3292196.0
2025-10-29 08:00:00+00:00,0.6457,0.6461,0.6423,0.6424,5241111.0
2025-10-29 08:15:00+00:00,0.6424,0.6438,0.6424,0.6435,2544651.0
2025-10-29 08:30:00+00:00,0.6434,0.6436,0.6407,0.6414,3121543.0
2025-10-29 08:45:00+00:00,0.6414,0.642,0.6403,0.6411,2140392.0
2025-10-29 09:00:00+00:00,0.6411,0.6414,0.6393,0.6397,3711708.0
2025-10-29 09:15:00+00:00,0.6398,0.6423,0.6396,0.641,2542791.0
2025-10-29 09:30:00+00:00,0.641,0.6423,0.6404,0.642,2573906.0
2025-10-29 09:45:00+00:00,0.642,0.643,0.6415,0.6421,2487318.0
2025-10-29 10:00:00+00:00,0.6421,0.6454,0.6419,0.6449,5208139.0
2025-10-29 10:15:00+00:00,0.6449,0.6486,0.644,0.6475,5293455.0
2025-10-29 10:30:00+00:00,0.6476,0.6498,0.6466,0.6478,6864447.0
2025-10-29 10:45:00+00:00,0.6478,0.6479,0.6436,0.6454,7103886.0
2025-10-29 11:00:00+00:00,0.6455,0.6493,0.6443,0.6484,5895862.0
2025-10-29 11:15:00+00:00,0.6484,0.6506,0.6477,0.6497,3862267.0
2025-10-29 11:30:00+00:00,0.6496,0.6505,0.6487,0.6487,2786518.0
2025-10-29 11:45:00+00:00,0.6487,0.6505,0.6487,0.6493,2813736.0
2025-10-29 12:00:00+00:00,0.6494,0.6517,0.6493,0.6505,5147489.0
2025-10-29 12:15:00+00:00,0.6505,0.6517,0.6503,0.6504,2402814.0
2025-10-29 12:30:00+00:00,0.6504,0.652,0.65,0.6513,2900791.0
2025-10-29 12:45:00+00:00,0.6514,0.6532,0.65,0.6509,4220738.0
2025-10-29 13:00:00+00:00,0.6508,0.6532,0.6503,0.6531,3358560.0
2025-10-29 13:15:00+00:00,0.6531,0.6543,0.6523,0.6534,4835555.0
2025-10-29 13:30:00+00:00,0.6534,0.6547,0.6468,0.6492,22282841.0
2025-10-29 13:45:00+00:00,0.6493,0.6496,0.6456,0.6471,8958664.0
2025-10-29 14:00:00+00:00,0.6471,0.648,0.6432,0.6461,10147165.0
2025-10-29 14:15:00+00:00,0.6461,0.6466,0.6421,0.6427,7403619.0
2025-10-29 14:30:00+00:00,0.6427,0.6472,0.642,0.6458,6266964.0
2025-10-29 14:45:00+00:00,0.6459,0.6479,0.6436,0.6454,3775558.0
2025-10-29 15:00:00+00:00,0.6453,0.6466,0.6432,0.6432,5670092.0
2025-10-29 15:15:00+00:00,0.6432,0.6453,0.6419,0.6423,5654753.0
2025-10-29 15:30:00+00:00,0.6424,0.6437,0.6382,0.6392,12591874.0
2025-10-29 15:45:00+00:00,0.6393,0.6411,0.636,0.6387,12379385.0
2025-10-29 16:00:00+00:00,0.6388,0.6394,0.6364,0.6387,12277491.0
2025-10-29 16:15:00+00:00,0.6386,0.6454,0.6377,0.6437,14068031.0
2025-10-29 16:30:00+00:00,0.6438,0.6443,0.6411,0.6422,4524341.0
2025-10-29 16:45:00+00:00,0.6422,0.6431,0.6402,0.6408,3745861.0
2025-10-29 17:00:00+00:00,0.6408,0.6442,0.6405,0.6435,3727788.0
2025-10-29 17:15:00+00:00,0.6436,0.6437,0.6412,0.643,2580762.0
2025-10-29 17:30:00+00:00,0.643,0.6528,0.6424,0.652,11454614.0
2025-10-29 17:45:00+00:00,0.6521,0.6563,0.6507,0.6559,9804691.0
2025-10-29 18:00:00+00:00,0.656,0.6569,0.6491,0.6492,32515545.0
2025-10-29 18:15:00+00:00,0.6492,0.6553,0.649,0.6526,5717269.0
2025-10-29 18:30:00+00:00,0.6527,0.6599,0.6228,0.6341,130929322.0
2025-10-29 18:45:00+00:00,0.6341,0.6505,0.6332,0.6465,36210960.0
2025-10-29 19:00:00+00:00,0.6465,0.6557,0.6457,0.6549,14787196.0
2025-10-29 19:15:00+00:00,0.6548,0.6566,0.6498,0.6528,12777411.0
2025-10-29 19:30:00+00:00,0.6527,0.6529,0.6448,0.6473,12982839.0
2025-10-29 19:45:00+00:00,0.6472,0.6528,0.647,0.65,6240336.0
2025-10-29 20:00:00+00:00,0.65,0.6529,0.646,0.6493,18612527.0
2025-10-29 20:15:00+00:00,0.6492,0.6564,0.6479,0.6561,10903336.0
2025-10-29 20:30:00+00:00,0.6561,0.6568,0.6529,0.6542,5268463.0
2025-10-29 20:45:00+00:00,0.6542,0.6548,0.6526,0.6531,3813799.0
2025-10-29 21:00:00+00:00,0.6531,0.6544,0.6519,0.652,4156635.0
2025-10-29 21:15:00+00:00,0.652,0.6533,0.6519,0.6525,1865310.0
2025-10-29 21:30:00+00:00,0.6524,0.6556,0.6524,0.6527,3174834.0
2025-10-29 21:45:00+00:00,0.6527,0.6544,0.652,0.653,1649787.0
2025-10-29 22:00:00+00:00,0.6529,0.6532,0.6492,0.6517,4160097.0
2025-10-29 22:15:00+00:00,0.6517,0.6524,0.6496,0.6499,2652672.0
2025-10-29 22:30:00+00:00,0.6498,0.6502,0.6478,0.6488,5527216.0
2025-10-29 22:45:00+00:00,0.6489,0.6497,0.6478,0.6483,1422243.0
2025-10-29 23:00:00+00:00,0.6483,0.6485,0.6439,0.644,5220342.0
2025-10-29 23:15:00+00:00,0.6439,0.6461,0.6435,0.6437,4469064.0
2025-10-29 23:30:00+00:00,0.6438,0.6438,0.6365,0.639,9430423.0
2025-10-29 23:45:00+00:00,0.639,0.6407,0.6386,0.6397,4690262.0
2025-10-30 00:00:00+00:00,0.6398,0.6414,0.6353,0.6402,6417589.0
2025-10-30 00:15:00+00:00,0.6402,0.6422,0.6393,0.6399,5647218.0
2025-10-30 00:30:00+00:00,0.6399,0.6413,0.6373,0.6406,4950877.0
2025-10-30 00:45:00+00:00,0.6406,0.6439,0.6393,0.6434,3469905.0
2025-10-30 01:00:00+00:00,0.6435,0.6438,0.6395,0.6416,4305342.0
2025-10-30 01:15:00+00:00,0.6416,0.6426,0.6396,0.6403,2516707.0
2025-10-30 01:30:00+00:00,0.6403,0.6429,0.6401,0.6423,2858919.0
2025-10-30 01:45:00+00:00,0.6423,0.6448,0.642,0.6424,2924672.0
2025-10-30 02:00:00+00:00,0.6424,0.6446,0.6412,0.6444,3095697.0
2025-10-30 02:15:00+00:00,0.6445,0.6477,0.6444,0.6467,2985979.0
2025-10-30 02:30:00+00:00,0.6467,0.6472,0.6458,0.647,1553733.0
2025-10-30 02:45:00+00:00,0.6471,0.6475,0.6458,0.6475,1298699.0
2025-10-30 03:00:00+00:00,0.6475,0.6476,0.6453,0.6471,2783832.0
2025-10-30 03:15:00+00:00,0.6471,0.6483,0.6456,0.6467,2350016.0
2025-10-30 03:30:00+00:00,0.6468,0.6469,0.644,0.6442,2634773.0
2025-10-30 03:45:00+00:00,0.6442,0.6446,0.6418,0.6443,2553471.0
2025-10-30 04:00:00+00:00,0.6442,0.6443,0.6339,0.635,11533686.0
2025-10-30 04:15:00+00:00,0.6349,0.6352,0.62,0.6252,33579200.0
2025-10-30 04:30:00+00:00,0.6252,0.6354,0.6212,0.6298,27055252.0
2025-10-30 04:45:00+00:00,0.6299,0.6331,0.6277,0.6285,10216825.0
2025-10-30 05:00:00+00:00,0.6285,0.6294,0.6264,0.6291,9637901.0
2025-10-30 05:15:00+00:00,0.6292,0.6292,0.6259,0.6281,4570281.0
2025-10-30 05:30:00+00:00,0.6281,0.6377,0.6273,0.6371,8241949.0
2025-10-30 05:45:00+00:00,0.6372,0.641,0.6364,0.6397,7636291.0
2025-10-30 06:00:00+00:00,0.6397,0.6405,0.6365,0.6378,5706746.0
2025-10-30 06:15:00+00:00,0.6377,0.6378,0.6351,0.6369,3453829.0
2025-10-30 06:30:00+00:00,0.6369,0.6427,0.6366,0.6419,4590633.0
2025-10-30 06:45:00+00:00,0.642,0.6433,0.6412,0.6413,3942414.0
2025-10-30 07:00:00+00:00,0.6413,0.6461,0.6403,0.645,4639431.0
2025-10-30 07:15:00+00:00,0.6449,0.6478,0.6447,0.6452,7894961.0
2025-10-30 07:30:00+00:00,0.6452,0.6462,0.6441,0.6462,3986028.0
2025-10-30 07:45:00+00:00,0.6462,0.6468,0.6444,0.645,2902292.0
2025-10-30 08:00:00+00:00,0.645,0.6451,0.6395,0.6408,12566756.0
2025-10-30 08:15:00+00:00,0.6408,0.6424,0.6402,0.6406,3596444.0
2025-10-30 08:30:00+00:00,0.6407,0.6425,0.6398,0.6419,2513124.0
2025-10-30 08:45:00+00:00,0.6418,0.6421,0.6388,0.6391,1645541.0
2025-10-30 09:00:00+00:00,0.639,0.6395,0.6361,0.6361,3969488.0
2025-10-30 09:15:00+00:00,0.6361,0.6367,0.6331,0.6358,6107232.0
2025-10-30 09:30:00+00:00,0.6358,0.637,0.6327,0.6334,4050106.0
2025-10-30 09:45:00+00:00,0.6334,0.635,0.6328,0.6329,2922969.0
2025-10-30 10:00:00+00:00,0.6329,0.6344,0.6313,0.6319,5421731.0
2025-10-30 10:15:00+00:00,0.632,0.6356,0.6319,0.6337,3752021.0
2025-10-30 10:30:00+00:00,0.6338,0.6353,0.6309,0.6311,3103110.0
2025-10-30 10:45:00+00:00,0.6311,0.6334,0.6303,0.6313,3999833.0
2025-10-30 11:00:00+00:00,0.6313,0.6333,0.6283,0.6301,14495101.0
2025-10-30 11:15:00+00:00,0.6301,0.6319,0.6287,0.6312,5814802.0
2025-10-30 11:30:00+00:00,0.6313,0.6326,0.6296,0.6304,2864223.0
2025-10-30 11:45:00+00:00,0.6305,0.6318,0.6285,0.6286,3534843.0
2025-10-30 12:00:00+00:00,0.6287,0.6296,0.6264,0.6274,7319503.0
2025-10-30 12:15:00+00:00,0.6274,0.6274,0.6187,0.6208,17976003.0
2025-10-30 12:30:00+00:00,0.6209,0.624,0.6138,0.6138,21331545.0
2025-10-30 12:45:00+00:00,0.6139,0.6194,0.6138,0.6186,14566567.0
2025-10-30 13:00:00+00:00,0.6186,0.6214,0.6165,0.6187,8761508.0
2025-10-30 13:15:00+00:00,0.6188,0.6198,0.6161,0.6178,6619098.0
2025-10-30 13:30:00+00:00,0.6179,0.6186,0.6079,0.6117,38520391.0
2025-10-30 13:45:00+00:00,0.6117,0.616,0.6095,0.6101,17851558.0
2025-10-30 14:00:00+00:00,0.6101,0.6154,0.6087,0.613,11721506.0
2025-10-30 14:15:00+00:00,0.613,0.6133,0.6092,0.6099,9882060.0
2025-10-30 14:30:00+00:00,0.6099,0.614,0.6081,0.6133,11673505.0
2025-10-30 14:45:00+00:00,0.6133,0.6136,0.6102,0.6108,8834002.0
2025-10-30 15:00:00+00:00,0.6107,0.6124,0.606,0.6086,14484427.0
2025-10-30 15:15:00+00:00,0.6087,0.6087,0.602,0.6061,18430163.0
2025-10-30 15:30:00+00:00,0.6062,0.6064,0.6013,0.6037,12379635.0
2025-10-30 15:45:00+00:00,0.6037,0.6039,0.6009,0.6027,7009553.0
2025-10-30 16:00:00+00:00,0.6028,0.6075,0.5993,0.6067,18117181.0
2025-10-30 16:15:00+00:00,0.6067,0.607,0.6034,0.6062,5621084.0
2025-10-30 16:30:00+00:00,0.6063,0.6064,0.603,0.6037,5729315.0
2025-10-30 16:45:00+00:00,0.6038,0.606,0.6037,0.6059,3451781.0
2025-10-30 17:00:00+00:00,0.6059,0.6062,0.5995,0.6011,10291626.0
2025-10-30 17:15:00+00:00,0.601,0.6014,0.5962,0.5971,13875719.0
2025-10-30 17:30:00+00:00,0.597,0.5984,0.5934,0.5981,14869999.0
2025-10-30 17:45:00+00:00,0.5982,0.6033,0.5981,0.6014,10262214.0
2025-10-30 18:00:00+00:00,0.6013,0.6023,0.5989,0.599,6198040.0
2025-10-30 18:15:00+00:00,0.599,0.6005,0.5957,0.5969,8031163.0
2025-10-30 18:30:00+00:00,0.597,0.5994,0.5932,0.5936,8405171.0
2025-10-30 18:45:00+00:00,0.5935,0.5968,0.593,0.5944,4463053.0
2025-10-30 19:00:00+00:00,0.5944,0.5966,0.5905,0.5942,11102752.0
2025-10-30 19:15:00+00:00,0.5942,0.5951,0.5918,0.594,5682010.0
2025-10-30 19:30:00+00:00,0.594,0.5958,0.5867,0.5897,16327951.0
2025-10-30 19:45:00+00:00,0.5897,0.5926,0.5859,0.5875,12386170.0
2025-10-30 20:00:00+00:00,0.5875,0.5937,0.5861,0.5921,12959953.0
2025-10-30 20:15:00+00:00,0.5922,0.5942,0.5911,0.5918,6267687.0
2025-10-30 20:30:00+00:00,0.5919,0.5951,0.5887,0.5929,14962799.0
2025-10-30 20:45:00+00:00,0.5929,0.5966,0.5922,0.5953,8271846.0
2025-10-30 21:00:00+00:00,0.5954,0.5969,0.5934,0.5955,5442249.0
2025-10-30 21:15:00+00:00,0.5955,0.5979,0.5938,0.5965,4496691.0
2025-10-30 21:30:00+00:00,0.5965,0.5976,0.5944,0.597,4417214.0
2025-10-30 21:45:00+00:00,0.5971,0.6001,0.5964,0.5989,6691826.0
2025-10-30 22:00:00+00:00,0.599,0.5991,0.5968,0.5977,6260025.0
2025-10-30 22:15:00+00:00,0.5978,0.5992,0.5971,0.5972,3505835.0
2025-10-30 22:30:00+00:00,0.5973,0.5982,0.5961,0.5977,3256873.0
2025-10-30 22:45:00+00:00,0.5978,0.5992,0.597,0.599,2968106.0
2025-10-30 23:00:00+00:00,0.5991,0.5995,0.596,0.5966,4307151.0
2025-10-30 23:15:00+00:00,0.5967,0.5987,0.5963,0.5985,5062723.0
2025-10-30 23:30:00+00:00,0.5985,0.6006,0.5978,0.5978,7227990.0
2025-10-30 23:45:00+00:00,0.5978,0.6015,0.5973,0.6013,5147394.0
2025-10-31 00:00:00+00:00,0.6013,0.6028,0.6001,0.6026,6979710.0
2025-10-31 00:15:00+00:00,0.6026,0.6028,0.5998,0.6009,4348973.0
2025-10-31 00:30:00+00:00,0.6008,0.6041,0.6007,0.604,3454328.0
2025-10-31 00:45:00+00:00,0.6041,0.6087,0.6033,0.6072,13103707.0
2025-10-31 01:00:00+00:00,0.6073,0.6113,0.6061,0.6099,9052798.0
2025-10-31 01:15:00+00:00,0.6099,0.6111,0.6092,0.6105,5518555.0
2025-10-31 01:30:00+00:00,0.6104,0.6106,0.6079,0.6091,5142116.0
2025-10-31 01:45:00+00:00,0.6092,0.6112,0.6088,0.611,2104088.0
2025-10-31 02:00:00+00:00,0.611,0.6113,0.6055,0.6062,7504277.0
2025-10-31 02:15:00+00:00,0.6061,0.61,0.6061,0.6089,3355060.0
2025-10-31 02:30:00+00:00,0.609,0.6094,0.6048,0.6053,3417375.0
2025-10-31 02:45:00+00:00,0.6054,0.6079,0.6046,0.6071,6850149.0
2025-10-31 03:00:00+00:00,0.607,0.6098,0.6051,0.6086,4179012.0
2025-10-31 03:15:00+00:00,0.6086,0.6101,0.608,0.6083,2599769.0
2025-10-31 03:30:00+00:00,0.6084,0.6095,0.6063,0.6072,2937461.0
2025-10-31 03:45:00+00:00,0.6072,0.6105,0.6071,0.6098,5332125.0
2025-10-31 04:00:00+00:00,0.6098,0.6144,0.6092,0.6134,7985792.0
2025-10-31 04:15:00+00:00,0.6134,0.6144,0.6114,0.613,6214595.0
2025-10-31 04:30:00+00:00,0.6131,0.6152,0.6124,0.6149,4473713.0
2025-10-31 04:45:00+00:00,0.6148,0.6152,0.614,0.6148,2784526.0
2025-10-31 05:00:00+00:00,0.6148,0.6148,0.6127,0.6133,4066794.0
2025-10-31 05:15:00+00:00,0.6133,0.6138,0.6119,0.613,1469190.0
2025-10-31 05:30:00+00:00,0.613,0.6136,0.6112,0.6119,2756550.0
2025-10-31 05:45:00+00:00,0.6118,0.613,0.6113,0.6122,1915764.0
2025-10-31 06:00:00+00:00,0.6122,0.613,0.6102,0.6113,3873672.0
2025-10-31 06:15:00+00:00,0.6112,0.6118,0.6105,0.6112,3484189.0
2025-10-31 06:30:00+00:00,0.6112,0.6117,0.6095,0.6099,4198253.0
2025-10-31 06:45:00+00:00,0.6099,0.6118,0.6098,0.6118,3278818.0
2025-10-31 07:00:00+00:00,0.6117,0.6138,0.611,0.6136,3778012.0
2025-10-31 07:15:00+00:00,0.6136,0.6138,0.612,0.6133,2771514.0
2025-10-31 07:30:00+00:00,0.6132,0.6141,0.6114,0.6115,3154283.0
2025-10-31 07:45:00+00:00,0.6115,0.6118,0.6097,0.6107,2960066.0
2025-10-31 08:00:00+00:00,0.6106,0.612,0.6081,0.6084,4843052.0
2025-10-31 08:15:00+00:00,0.6083,0.6124,0.6083,0.6121,4240260.0
2025-10-31 08:30:00+00:00,0.612,0.6125,0.6105,0.612,2251272.0
2025-10-31 08:45:00+00:00,0.6119,0.6141,0.6119,0.6138,5082132.0
2025-10-31 09:00:00+00:00,0.6137,0.6167,0.6125,0.6135,9256682.0
2025-10-31 09:15:00+00:00,0.6136,0.615,0.6118,0.612,3633243.0
2025-10-31 09:30:00+00:00,0.612,0.6128,0.6111,0.612,3238541.0
2025-10-31 09:45:00+00:00,0.612,0.6129,0.6105,0.6107,3389936.0
2025-10-31 10:00:00+00:00,0.6108,0.6114,0.6101,0.6105,3355134.0
2025-10-31 10:15:00+00:00,0.6106,0.611,0.6078,0.6082,6426153.0
2025-10-31 10:30:00+00:00,0.6081,0.6128,0.6077,0.6124,12325011.0
2025-10-31 10:45:00+00:00,0.6123,0.6126,0.6096,0.6097,3365387.0
2025-10-31 11:00:00+00:00,0.6096,0.6103,0.6084,0.6087,2894618.0
2025-10-31 11:15:00+00:00,0.6087,0.6101,0.6081,0.6097,3449372.0
2025-10-31 11:30:00+00:00,0.6097,0.6125,0.6092,0.6118,3237165.0
2025-10-31 11:45:00+00:00,0.6117,0.6168,0.6117,0.6163,7028849.0
2025-10-31 12:00:00+00:00,0.6162,0.618,0.6144,0.6153,6586540.0
2025-10-31 12:15:00+00:00,0.6153,0.6199,0.615,0.6172,9258894.0
2025-10-31 12:30:00+00:00,0.6173,0.6188,0.6138,0.6149,7335203.0
2025-10-31 12:45:00+00:00,0.6148,0.615,0.6111,0.6112,7344478.0
2025-10-31 13:00:00+00:00,0.6113,0.6137,0.6111,0.6133,6957197.0
2025-10-31 13:15:00+00:00,0.6133,0.6159,0.6119,0.6123,6307320.0
2025-10-31 13:30:00+00:00,0.6122,0.6122,0.6086,0.6106,7215299.0
2025-10-31 13:45:00+00:00,0.6106,0.615,0.6103,0.6145,4125464.0
2025-10-31 14:00:00+00:00,0.6146,0.6165,0.6117,0.6119,5625612.0
2025-10-31 14:15:00+00:00,0.6119,0.614,0.6101,0.6128,4230793.0
2025-10-31 14:30:00+00:00,0.6129,0.6155,0.6121,0.6139,5443385.0
2025-10-31 14:45:00+00:00,0.6138,0.618,0.6132,0.6172,4929212.0
2025-10-31 15:00:00+00:00,0.6171,0.6196,0.6155,0.6183,7701094.0
2025-10-31 15:15:00+00:00,0.6183,0.6191,0.6147,0.6151,6799489.0
2025-10-31 15:30:00+00:00,0.6152,0.6156,0.6121,0.6144,4553129.0
2025-10-31 15:45:00+00:00,0.6144,0.6155,0.6109,0.6123,6313778.0
2025-10-31 16:00:00+00:00,0.6122,0.6126,0.6099,0.6107,5305506.0
2025-10-31 16:15:00+00:00,0.6106,0.6117,0.6086,0.6103,10051117.0
2025-10-31 16:30:00+00:00,0.6103,0.6115,0.6071,0.6075,6104384.0
2025-10-31 16:45:00+00:00,0.6076,0.608,0.6009,0.6017,18612742.0
2025-10-31 17:00:00+00:00,0.6017,0.6041,0.5995,0.6019,11122786.0
2025-10-31 17:15:00+00:00,0.6019,0.6026,0.5974,0.6003,9663752.0
2025-10-31 17:30:00+00:00,0.6003,0.6034,0.5999,0.6022,5664131.0
2025-10-31 17:45:00+00:00,0.6023,0.6041,0.601,0.6017,3887972.0
2025-10-31 18:00:00+00:00,0.6017,0.6054,0.6017,0.6039,4640017.0
2025-10-31 18:15:00+00:00,0.604,0.6042,0.6018,0.6023,7666853.0
2025-10-31 18:30:00+00:00,0.6024,0.6069,0.5996,0.6064,15451210.0
2025-10-31 18:45:00+00:00,0.6064,0.6065,0.6027,0.6045,3342044.0
2025-10-31 19:00:00+00:00,0.6044,0.6044,0.6012,0.6035,4073377.0
2025-10-31 19:15:00+00:00,0.6034,0.6079,0.6031,0.6067,7286099.0
2025-10-31 19:30:00+00:00,0.6066,0.6118,0.6066,0.6112,7103815.0
2025-10-31 19:45:00+00:00,0.6112,0.6134,0.6101,0.6109,7338260.0
2025-10-31 20:00:00+00:00,0.6108,0.6108,0.6081,0.61,9018577.0
2025-10-31 20:15:00+00:00,0.61,0.6112,0.6091,0.6101,3692144.0
2025-10-31 20:30:00+00:00,0.6101,0.6105,0.6074,0.608,3703400.0
2025-10-31 20:45:00+00:00,0.608,0.6099,0.6063,0.607,4347730.0
2025-10-31 21:00:00+00:00,0.6069,0.6081,0.6054,0.6055,3097101.0
2025-10-31 21:15:00+00:00,0.6055,0.608,0.6054,0.6077,1688891.0
2025-10-31 21:30:00+00:00,0.6077,0.6094,0.6061,0.6075,2295364.0
2025-10-31 21:45:00+00:00,0.6075,0.6088,0.6071,0.6079,1373460.0
2025-10-31 22:00:00+00:00,0.6079,0.61,0.6071,0.6092,1832071.0
2025-10-31 22:15:00+00:00,0.6092,0.6103,0.6076,0.6086,1983938.0
2025-10-31 22:30:00+00:00,0.6086,0.6097,0.608,0.608,1127106.0
2025-10-31 22:45:00+00:00,0.608,0.6098,0.608,0.6092,806762.0
2025-10-31 23:00:00+00:00,0.6091,0.6102,0.6078,0.6081,3981811.0
2025-10-31 23:15:00+00:00,0.608,0.6091,0.6073,0.6089,2399148.0
2025-10-31 23:30:00+00:00,0.6089,0.61,0.6083,0.6098,1365035.0
2025-10-31 23:45:00+00:00,0.6097,0.61,0.6086,0.6087,1444851.0
2025-11-01 00:00:00+00:00,0.6087,0.6091,0.607,0.6076,2164078.0
2025-11-01 00:15:00+00:00,0.6076,0.6081,0.606,0.6073,2125404.0
2025-11-01 00:30:00+00:00,0.6072,0.6072,0.6054,0.6067,2560737.0
2025-11-01 00:45:00+00:00,0.6066,0.6085,0.6066,0.6081,1870715.0
2025-11-01 01:00:00+00:00,0.6081,0.6102,0.6078,0.6092,4495133.0
2025-11-01 01:15:00+00:00,0.6092,0.61,0.607,0.6092,2502590.0
2025-11-01 01:30:00+00:00,0.6092,0.6105,0.6073,0.6079,2150364.0
2025-11-01 01:45:00+00:00,0.6079,0.608,0.6058,0.6059,1726925.0
2025-11-01 02:00:00+00:00,0.6059,0.606,0.603,0.6042,5467500.0
2025-11-01 02:15:00+00:00,0.6041,0.6066,0.604,0.6064,1968741.0
2025-11-01 02:30:00+00:00,0.6064,0.6068,0.6045,0.6067,1637712.0
2025-11-01 02:45:00+00:00,0.6067,0.6086,0.6066,0.608,2042730.0
2025-11-01 03:00:00+00:00,0.6079,0.61,0.6079,0.609,2779944.0
2025-11-01 03:15:00+00:00,0.609,0.6111,0.6089,0.6102,3658742.0
2025-11-01 03:30:00+00:00,0.6102,0.6123,0.6099,0.612,2709742.0
2025-11-01 03:45:00+00:00,0.6121,0.6125,0.6113,0.6121,1736380.0
2025-11-01 04:00:00+00:00,0.6121,0.6132,0.61,0.6106,4539076.0
2025-11-01 04:15:00+00:00,0.6106,0.6116,0.6092,0.6114,2078117.0
2025-11-01 04:30:00+00:00,0.6114,0.612,0.6101,0.6115,2311198.0
2025-11-01 04:45:00+00:00,0.6114,0.6121,0.6109,0.6116,1045574.0
2025-11-01 05:00:00+00:00,0.6116,0.6121,0.6088,0.6096,3328232.0
2025-11-01 05:15:00+00:00,0.6096,0.6102,0.6091,0.6099,1806218.0
2025-11-01 05:30:00+00:00,0.6098,0.6108,0.6091,0.6098,1481955.0
2025-11-01 05:45:00+00:00,0.6098,0.61,0.6081,0.6085,1941278.0
2025-11-01 06:00:00+00:00,0.6084,0.6094,0.6083,0.6086,1767690.0
2025-11-01 06:15:00+00:00,0.6086,0.609,0.6076,0.6085,3241859.0
2025-11-01 06:30:00+00:00,0.6084,0.6097,0.6066,0.6074,3068773.0
2025-11-01 06:45:00+00:00,0.6073,0.6106,0.607,0.6101,2646152.0
2025-11-01 07:00:00+00:00,0.61,0.6118,0.6094,0.6112,2353376.0
2025-11-01 07:15:00+00:00,0.6112,0.6141,0.6111,0.613,2098084.0
2025-11-01 07:30:00+00:00,0.613,0.6136,0.611,0.6114,2606949.0
2025-11-01 07:45:00+00:00,0.6113,0.6143,0.6104,0.6136,4633505.0
2025-11-01 08:00:00+00:00,0.6136,0.615,0.6127,0.6135,4737509.0
2025-11-01 08:15:00+00:00,0.6135,0.6145,0.6127,0.6136,3163383.0
2025-11-01 08:30:00+00:00,0.6135,0.6143,0.6126,0.6127,2472350.0
2025-11-01 08:45:00+00:00,0.6127,0.6163,0.6126,0.616,4974284.0
2025-11-01 09:00:00+00:00,0.616,0.6174,0.6151,0.6164,4321812.0
2025-11-01 09:15:00+00:00,0.6163,0.6169,0.6154,0.6158,2311433.0
2025-11-01 09:30:00+00:00,0.6157,0.6158,0.6127,0.6128,3209312.0
2025-11-01 09:45:00+00:00,0.6128,0.6149,0.6128,0.6133,1872275.0
2025-11-01 10:00:00+00:00,0.6133,0.6148,0.6125,0.6133,2158271.0
2025-11-01 10:15:00+00:00,0.6133,0.6146,0.6127,0.6128,1776055.0
2025-11-01 10:30:00+00:00,0.6127,0.6137,0.6123,0.6133,1739382.0
2025-11-01 10:45:00+00:00,0.6133,0.6145,0.6127,0.6133,2884364.0
2025-11-01 11:00:00+00:00,0.6134,0.6152,0.6129,0.6131,2506045.0
2025-11-01 11:15:00+00:00,0.613,0.6138,0.612,0.6121,1464930.0
2025-11-01 11:30:00+00:00,0.612,0.6127,0.6108,0.6122,2433410.0
2025-11-01 11:45:00+00:00,0.6122,0.6128,0.6112,0.6123,1024410.0
2025-11-01 12:00:00+00:00,0.6123,0.6143,0.6123,0.6127,2770692.0
2025-11-01 12:15:00+00:00,0.6126,0.6134,0.6117,0.613,1324533.0
2025-11-01 12:30:00+00:00,0.6129,0.6146,0.6129,0.6144,1337865.0
2025-11-01 12:45:00+00:00,0.6145,0.6147,0.6122,0.6129,2700408.0
2025-11-01 13:00:00+00:00,0.6129,0.6138,0.612,0.6132,1690270.0
2025-11-01 13:15:00+00:00,0.6132,0.6137,0.6116,0.6121,1713847.0
2025-11-01 13:30:00+00:00,0.6121,0.6135,0.6075,0.6091,8041177.0
2025-11-01 13:45:00+00:00,0.609,0.6111,0.608,0.6106,2540092.0
2025-11-01 14:00:00+00:00,0.6105,0.6116,0.6053,0.6059,5420186.0
2025-11-01 14:15:00+00:00,0.6059,0.6077,0.6048,0.607,5382470.0
2025-11-01 14:30:00+00:00,0.6071,0.6088,0.6059,0.6078,2240394.0
2025-11-01 14:45:00+00:00,0.6079,0.6087,0.6057,0.6069,2189860.0
2025-11-01 15:00:00+00:00,0.607,0.6123,0.6065,0.6108,4714162.0
2025-11-01 15:15:00+00:00,0.6109,0.6123,0.6082,0.6099,5777153.0
2025-11-01 15:30:00+00:00,0.6098,0.6113,0.6084,0.6093,2667052.0
2025-11-01 15:45:00+00:00,0.6092,0.6124,0.6085,0.612,2354618.0
2025-11-01 16:00:00+00:00,0.6121,0.6142,0.6108,0.6108,5297078.0
2025-11-01 16:15:00+00:00,0.6108,0.6129,0.6107,0.6112,2172828.0
2025-11-01 16:30:00+00:00,0.6113,0.6138,0.6113,0.6137,2409939.0
2025-11-01 16:45:00+00:00,0.6137,0.6144,0.612,0.6124,2031061.0
2025-11-01 17:00:00+00:00,0.6125,0.6133,0.6101,0.611,3593108.0
2025-11-01 17:15:00+00:00,0.611,0.6112,0.6097,0.6105,1824052.0
2025-11-01 17:30:00+00:00,0.6106,0.6118,0.6104,0.6108,1840194.0
2025-11-01 17:45:00+00:00,0.6109,0.6121,0.6099,0.6108,2000621.0
2025-11-01 18:00:00+00:00,0.6109,0.6121,0.6105,0.6107,2916943.0
2025-11-01 18:15:00+00:00,0.6107,0.6115,0.6091,0.6102,3484384.0
2025-11-01 18:30:00+00:00,0.6101,0.6108,0.6099,0.6107,1969160.0
2025-11-01 18:45:00+00:00,0.6107,0.6123,0.6103,0.6122,1700167.0
2025-11-01 19:00:00+00:00,0.6121,0.6121,0.6102,0.611,3508486.0
2025-11-01 19:15:00+00:00,0.611,0.6113,0.6101,0.6109,1143624.0
2025-11-01 19:30:00+00:00,0.6108,0.6116,0.6105,0.6115,989496.0
2025-11-01 19:45:00+00:00,0.6115,0.6135,0.6112,0.6134,1297155.0
2025-11-01 20:00:00+00:00,0.6134,0.6137,0.6126,0.613,1992420.0
2025-11-01 20:15:00+00:00,0.613,0.615,0.6126,0.615,1567943.0
2025-11-01 20:30:00+00:00,0.6149,0.6155,0.6141,0.6146,1426851.0
2025-11-01 20:45:00+00:00,0.6146,0.6149,0.6132,0.6137,1078866.0
2025-11-01 21:00:00+00:00,0.6136,0.6142,0.6116,0.6116,1633473.0
2025-11-01 21:15:00+00:00,0.6117,0.6139,0.6117,0.6135,1794204.0
2025-11-01 21:30:00+00:00,0.6135,0.6141,0.6115,0.6116,1135753.0
2025-11-01 21:45:00+00:00,0.6115,0.6116,0.6075,0.6078,1943905.0
2025-11-01 22:00:00+00:00,0.6078,0.6099,0.6078,0.608,2763756.0
2025-11-01 22:15:00+00:00,0.6079,0.6099,0.6077,0.6092,1696088.0
2025-11-01 22:30:00+00:00,0.6093,0.6108,0.6089,0.6105,1106126.0
2025-11-01 22:45:00+00:00,0.6105,0.611,0.6095,0.6106,1546176.0
2025-11-01 23:00:00+00:00,0.6106,0.6109,0.6096,0.6102,1194023.0
2025-11-01 23:15:00+00:00,0.6103,0.6117,0.6097,0.6114,1346019.0
2025-11-01 23:30:00+00:00,0.6115,0.6119,0.6103,0.6114,1031350.0
2025-11-01 23:45:00+00:00,0.6114,0.613,0.6112,0.6124,935877.0
2025-11-02 00:00:00+00:00,0.6125,0.6126,0.6104,0.6119,2470139.0
2025-11-02 00:15:00+00:00,0.612,0.612,0.6095,0.6097,1877656.0
2025-11-02 00:30:00+00:00,0.6096,0.611,0.6094,0.6108,1571287.0
2025-11-02 00:45:00+00:00,0.6107,0.6111,0.6096,0.6096,739076.0
2025-11-02 01:00:00+00:00,0.6096,0.6103,0.6079,0.6099,1785586.0
2025-11-02 01:15:00+00:00,0.6099,0.6111,0.6096,0.6103,1349462.0
2025-11-02 01:30:00+00:00,0.6103,0.6104,0.6091,0.6099,1654012.0
2025-11-02 01:45:00+00:00,0.61,0.6101,0.6078,0.6086,2712826.0
2025-11-02 02:00:00+00:00,0.6086,0.6106,0.6078,0.6103,1968456.0
2025-11-02 02:15:00+00:00,0.6102,0.6103,0.6084,0.6095,1091642.0
2025-11-02 02:30:00+00:00,0.6094,0.612,0.6094,0.6102,1904390.0
2025-11-02 02:45:00+00:00,0.6103,0.6107,0.609,0.6093,1488575.0
2025-11-02 03:00:00+00:00,0.6094,0.6097,0.6083,0.6093,1298964.0
2025-11-02 03:15:00+00:00,0.6094,0.6096,0.6085,0.6085,813292.0
2025-11-02 03:30:00+00:00,0.6086,0.6099,0.6082,0.6094,1404606.0
2025-11-02 03:45:00+00:00,0.6094,0.6098,0.6075,0.6083,1261662.0
2025-11-02 04:00:00+00:00,0.6084,0.6107,0.6077,0.6099,2256002.0
2025-11-02 04:15:00+00:00,0.6099,0.6115,0.6095,0.6111,1550118.0
2025-11-02 04:30:00+00:00,0.6111,0.6135,0.6101,0.6132,2071898.0
2025-11-02 04:45:00+00:00,0.6131,0.6162,0.6126,0.6157,4046673.0
2025-11-02 05:00:00+00:00,0.6158,0.616,0.6127,0.6138,2628362.0
2025-11-02 05:15:00+00:00,0.6138,0.6147,0.612,0.6126,2308708.0
2025-11-02 05:30:00+00:00,0.6126,0.6135,0.6112,0.6134,2024790.0
2025-11-02 05:45:00+00:00,0.6135,0.6158,0.6132,0.6156,2893114.0
2025-11-02 06:00:00+00:00,0.6156,0.6157,0.614,0.6149,2553256.0
2025-11-02 06:15:00+00:00,0.615,0.6157,0.614,0.6151,2513440.0
2025-11-02 06:30:00+00:00,0.6151,0.6151,0.6137,0.6144,1159384.0
2025-11-02 06:45:00+00:00,0.6145,0.6165,0.6144,0.6156,1558224.0
2025-11-02 07:00:00+00:00,0.6157,0.616,0.6143,0.6149,1999747.0
2025-11-02 07:15:00+00:00,0.615,0.6159,0.6143,0.615,1656548.0
2025-11-02 07:30:00+00:00,0.6151,0.6162,0.6141,0.6158,1887004.0
2025-11-02 07:45:00+00:00,0.6158,0.6186,0.6153,0.6172,4647161.0
2025-11-02 08:00:00+00:00,0.6173,0.6182,0.6156,0.6159,2983150.0
2025-11-02 08:15:00+00:00,0.6159,0.6165,0.6145,0.6159,2998448.0
2025-11-02 08:30:00+00:00,0.616,0.6162,0.6141,0.6146,2695104.0
2025-11-02 08:45:00+00:00,0.6146,0.6146,0.6125,0.6133,2474818.0
2025-11-02 09:00:00+00:00,0.6132,0.6151,0.6132,0.615,2020309.0
2025-11-02 09:15:00+00:00,0.615,0.6158,0.6138,0.615,2014774.0
2025-11-02 09:30:00+00:00,0.6151,0.6151,0.6095,0.6108,5650613.0
2025-11-02 09:45:00+00:00,0.6108,0.6109,0.6092,0.6099,3524693.0
2025-11-02 10:00:00+00:00,0.6099,0.6116,0.609,0.611,5545571.0
2025-11-02 10:15:00+00:00,0.611,0.6112,0.6067,0.6068,5293159.0
2025-11-02 10:30:00+00:00,0.6069,0.608,0.6047,0.6068,9533835.0
2025-11-02 10:45:00+00:00,0.6069,0.608,0.6063,0.6078,3256995.0
2025-11-02 11:00:00+00:00,0.6078,0.6098,0.6074,0.6084,3289195.0
2025-11-02 11:15:00+00:00,0.6084,0.6118,0.6081,0.6113,2723917.0
2025-11-02 11:30:00+00:00,0.6113,0.6136,0.6101,0.613,4511083.0
2025-11-02 11:45:00+00:00,0.6131,0.6148,0.613,0.6139,3050296.0
2025-11-02 12:00:00+00:00,0.6138,0.6141,0.6118,0.6127,2496231.0
2025-11-02 12:15:00+00:00,0.6128,0.6138,0.6116,0.6125,1584460.0
2025-11-02 12:30:00+00:00,0.6126,0.6136,0.6108,0.6114,2021080.0
2025-11-02 12:45:00+00:00,0.6114,0.6123,0.6105,0.6108,1990175.0
2025-11-02 13:00:00+00:00,0.6108,0.6111,0.6093,0.6096,2541270.0
2025-11-02 13:15:00+00:00,0.6096,0.6096,0.6044,0.6069,6740276.0
2025-11-02 13:30:00+00:00,0.6069,0.608,0.6061,0.6073,3221231.0
2025-11-02 13:45:00+00:00,0.6072,0.6073,0.6056,0.6066,2384936.0
2025-11-02 14:00:00+00:00,0.6066,0.6078,0.6042,0.6048,4324241.0
2025-11-02 14:15:00+00:00,0.6048,0.6052,0.5995,0.6003,14842480.0
2025-11-02 14:30:00+00:00,0.6004,0.6033,0.5999,0.5999,5414753.0
2025-11-02 14:45:00+00:00,0.6,0.6005,0.5964,0.5997,11064887.0
2025-11-02 15:00:00+00:00,0.5998,0.6015,0.5972,0.6004,8326358.0
2025-11-02 15:15:00+00:00,0.6004,0.6038,0.6001,0.6037,4856639.0
2025-11-02 15:30:00+00:00,0.6037,0.6037,0.6001,0.6009,7045694.0
2025-11-02 15:45:00+00:00,0.6009,0.6024,0.5988,0.599,3820340.0
2025-11-02 16:00:00+00:00,0.5989,0.6004,0.5942,0.5949,13554237.0
2025-11-02 16:15:00+00:00,0.595,0.5987,0.5917,0.5984,14498611.0
2025-11-02 16:30:00+00:00,0.5985,0.6001,0.5972,0.5998,4820486.0
2025-11-02 16:45:00+00:00,0.5999,0.6011,0.5981,0.6008,4121191.0
2025-11-02 17:00:00+00:00,0.6008,0.6009,0.5993,0.6001,2830949.0
2025-11-02 17:15:00+00:00,0.6001,0.6006,0.598,0.5983,3700615.0
2025-11-02 17:30:00+00:00,0.5984,0.5985,0.597,0.5978,1968241.0
2025-11-02 17:45:00+00:00,0.5979,0.5994,0.5969,0.5992,1882830.0
2025-11-02 18:00:00+00:00,0.5992,0.5996,0.5978,0.5979,3860990.0
2025-11-02 18:15:00+00:00,0.5979,0.5991,0.5973,0.5988,1904742.0
2025-11-02 18:30:00+00:00,0.5987,0.5999,0.5984,0.5996,2040236.0
2025-11-02 18:45:00+00:00,0.5996,0.5998,0.5976,0.5976,2068548.0
2025-11-02 19:00:00+00:00,0.5976,0.5983,0.5958,0.5967,2910234.0
2025-11-02 19:15:00+00:00,0.5968,0.5968,0.5939,0.5941,3070006.0
2025-11-02 19:30:00+00:00,0.594,0.5965,0.594,0.595,3938620.0
2025-11-02 19:45:00+00:00,0.5949,0.5968,0.5949,0.5965,1885172.0
2025-11-02 20:00:00+00:00,0.5964,0.5977,0.595,0.5951,1791016.0
2025-11-02 20:15:00+00:00,0.5951,0.5972,0.5951,0.597,1516017.0
2025-11-02 20:30:00+00:00,0.597,0.5981,0.5967,0.5977,1011999.0
2025-11-02 20:45:00+00:00,0.5977,0.5994,0.5976,0.5994,1889307.0
2025-11-02 21:00:00+00:00,0.5993,0.6012,0.5992,0.6001,3033532.0
2025-11-02 21:15:00+00:00,0.6001,0.6011,0.5994,0.6006,2441370.0
2025-11-02 21:30:00+00:00,0.6006,0.6021,0.6005,0.602,2365168.0
2025-11-02 21:45:00+00:00,0.6021,0.6034,0.6009,0.6012,2680641.0
2025-11-02 22:00:00+00:00,0.6013,0.6019,0.6005,0.601,2280441.0
2025-11-02 22:15:00+00:00,0.6011,0.6022,0.6008,0.6009,1362357.0
2025-11-02 22:30:00+00:00,0.601,0.6011,0.5966,0.5988,6016328.0
2025-11-02 22:45:00+00:00,0.5988,0.6003,0.5979,0.6002,1614522.0
2025-11-02 23:00:00+00:00,0.6002,0.6059,0.6002,0.6057,6001782.0
2025-11-02 23:15:00+00:00,0.6058,0.6068,0.6042,0.6051,8989319.0
2025-11-02 23:30:00+00:00,0.6051,0.6091,0.6047,0.6078,8132137.0
2025-11-02 23:45:00+00:00,0.6079,0.6116,0.6077,0.6103,5969639.0
2025-11-03 00:00:00+00:00,0.6103,0.612,0.6083,0.6108,8538730.0
2025-11-03 00:15:00+00:00,0.6108,0.6112,0.6074,0.6076,5601903.0
2025-11-03 00:30:00+00:00,0.6076,0.6082,0.6063,0.6067,3481495.0
2025-11-03 00:45:00+00:00,0.6067,0.6073,0.6021,0.6023,5542001.0
2025-11-03 01:00:00+00:00,0.6022,0.6033,0.6007,0.6026,7557463.0
2025-11-03 01:15:00+00:00,0.6026,0.6033,0.5985,0.5994,6438189.0
2025-11-03 01:30:00+00:00,0.5994,0.6005,0.5961,0.5987,6717935.0
2025-11-03 01:45:00+00:00,0.5986,0.6,0.5957,0.5971,3685887.0
2025-11-03 02:00:00+00:00,0.597,0.5979,0.593,0.5961,8991742.0
2025-11-03 02:15:00+00:00,0.596,0.596,0.59,0.5902,10243862.0
2025-11-03 02:30:00+00:00,0.5901,0.5911,0.5874,0.5898,18753950.0
2025-11-03 02:45:00+00:00,0.5898,0.5934,0.5878,0.5909,7790833.0
2025-11-03 03:00:00+00:00,0.5908,0.5922,0.5812,0.5828,24027789.0
2025-11-03 03:15:00+00:00,0.5828,0.5857,0.581,0.5821,14641197.0
2025-11-03 03:30:00+00:00,0.5821,0.5821,0.5753,0.578,26169686.0
2025-11-03 03:45:00+00:00,0.578,0.578,0.5737,0.575,15091961.0
2025-11-03 04:00:00+00:00,0.5751,0.5751,0.5685,0.5728,30885406.0
2025-11-03 04:15:00+00:00,0.5728,0.5746,0.5706,0.573,11818536.0
2025-11-03 04:30:00+00:00,0.573,0.5744,0.5718,0.5725,7717890.0
2025-11-03 04:45:00+00:00,0.5724,0.5776,0.5723,0.5772,8511717.0
2025-11-03 05:00:00+00:00,0.5772,0.5805,0.577,0.5794,9573547.0
2025-11-03 05:15:00+00:00,0.5794,0.5799,0.5768,0.5772,5418540.0
2025-11-03 05:30:00+00:00,0.5773,0.5779,0.5727,0.5731,4072430.0
2025-11-03 05:45:00+00:00,0.5732,0.5737,0.572,0.5723,3136611.0
2025-11-03 06:00:00+00:00,0.5723,0.5757,0.5709,0.5721,9144987.0
2025-11-03 06:15:00+00:00,0.572,0.5744,0.5716,0.5727,5283602.0
2025-11-03 06:30:00+00:00,0.5727,0.5738,0.57,0.5707,7162483.0
2025-11-03 06:45:00+00:00,0.5707,0.5734,0.566,0.5729,21092588.0
2025-11-03 07:00:00+00:00,0.5729,0.5743,0.57,0.5737,10875979.0
2025-11-03 07:15:00+00:00,0.5738,0.5777,0.5734,0.5762,11600059.0
2025-11-03 07:30:00+00:00,0.5762,0.5797,0.5756,0.5764,7142033.0
2025-11-03 07:45:00+00:00,0.5763,0.5787,0.5761,0.5768,3788278.0
2025-11-03 08:00:00+00:00,0.5768,0.5793,0.5762,0.5785,5036474.0
2025-11-03 08:15:00+00:00,0.5785,0.5789,0.5763,0.5766,5481594.0
2025-11-03 08:30:00+00:00,0.5767,0.5772,0.5728,0.575,7720623.0
2025-11-03 08:45:00+00:00,0.5749,0.5798,0.573,0.5791,11460258.0
2025-11-03 09:00:00+00:00,0.5791,0.5851,0.5786,0.583,16326882.0
2025-11-03 09:15:00+00:00,0.5829,0.5831,0.5783,0.5785,11044027.0
2025-11-03 09:30:00+00:00,0.5785,0.579,0.5755,0.5777,9058916.0
2025-11-03 09:45:00+00:00,0.5776,0.5776,0.5743,0.575,5686055.0
2025-11-03 10:00:00+00:00,0.575,0.5766,0.5742,0.5752,4645472.0
2025-11-03 10:15:00+00:00,0.5753,0.5759,0.574,0.5747,3552156.0
2025-11-03 10:30:00+00:00,0.5747,0.5747,0.5726,0.5731,4924181.0
2025-11-03 10:45:00+00:00,0.573,0.5756,0.5703,0.5723,7207886.0
2025-11-03 11:00:00+00:00,0.5723,0.5781,0.5721,0.5752,8390205.0
2025-11-03 11:15:00+00:00,0.5751,0.5791,0.5745,0.5764,5390111.0
2025-11-03 11:30:00+00:00,0.5764,0.5771,0.5746,0.576,3914474.0
2025-11-03 11:45:00+00:00,0.5761,0.578,0.5751,0.5753,3665977.0
2025-11-03 12:00:00+00:00,0.5754,0.5787,0.575,0.5779,6048305.0
2025-11-03 12:15:00+00:00,0.578,0.5802,0.5779,0.5792,5053201.0
2025-11-03 12:30:00+00:00,0.5792,0.5794,0.5764,0.5765,3443885.0
2025-11-03 12:45:00+00:00,0.5766,0.5777,0.5746,0.5749,2183270.0
2025-11-03 13:00:00+00:00,0.5748,0.5759,0.5734,0.5747,6646871.0
2025-11-03 13:15:00+00:00,0.5748,0.5748,0.5725,0.574,5091022.0
2025-11-03 13:30:00+00:00,0.5739,0.578,0.5739,0.576,4007313.0
2025-11-03 13:45:00+00:00,0.576,0.577,0.5739,0.5745,5213049.0
2025-11-03 14:00:00+00:00,0.5745,0.5802,0.5745,0.5769,7627565.0
2025-11-03 14:15:00+00:00,0.577,0.578,0.5743,0.5753,5157625.0
2025-11-03 14:30:00+00:00,0.5752,0.5762,0.5724,0.5734,5479320.0
2025-11-03 14:45:00+00:00,0.5735,0.5779,0.5724,0.5778,5911021.0
2025-11-03 15:00:00+00:00,0.5778,0.5792,0.5715,0.5722,8440488.0
2025-11-03 15:15:00+00:00,0.5721,0.5721,0.5479,0.5513,72406128.0
2025-11-03 15:30:00+00:00,0.5513,0.5547,0.5244,0.5513,142482201.0
2025-11-03 15:45:00+00:00,0.5514,0.5539,0.5486,0.5502,39591079.0
2025-11-03 16:00:00+00:00,0.5502,0.558,0.5463,0.557,31224645.0
2025-11-03 16:15:00+00:00,0.557,0.5608,0.555,0.5564,21262546.0
2025-11-03 16:30:00+00:00,0.5565,0.56,0.5552,0.5582,11145777.0
2025-11-03 16:45:00+00:00,0.5583,0.5612,0.5581,0.5593,7815214.0
2025-11-03 17:00:00+00:00,0.5594,0.5623,0.5574,0.5609,23684621.0
2025-11-03 17:15:00+00:00,0.5609,0.5689,0.5605,0.5627,11825375.0
2025-11-03 17:30:00+00:00,0.5628,0.5669,0.5625,0.5647,5700077.0
2025-11-03 17:45:00+00:00,0.5648,0.5671,0.5644,0.566,5611425.0
2025-11-03 18:00:00+00:00,0.5661,0.5671,0.5632,0.5637,5855452.0
2025-11-03 18:15:00+00:00,0.5637,0.565,0.5617,0.5623,3887098.0
2025-11-03 18:30:00+00:00,0.5624,0.5638,0.5605,0.5609,3813424.0
2025-11-03 18:45:00+00:00,0.5609,0.5609,0.5588,0.5592,8422041.0
2025-11-03 19:00:00+00:00,0.5592,0.5601,0.5569,0.5593,7271211.0
2025-11-03 19:15:00+00:00,0.5594,0.562,0.5562,0.5567,6327909.0
2025-11-03 19:30:00+00:00,0.5568,0.5592,0.5565,0.5579,3590084.0
2025-11-03 19:45:00+00:00,0.558,0.559,0.5541,0.5548,4238357.0
2025-11-03 20:00:00+00:00,0.5549,0.5562,0.5519,0.5525,6860533.0
2025-11-03 20:15:00+00:00,0.5525,0.5533,0.5498,0.5513,6910163.0
2025-11-03 20:30:00+00:00,0.5513,0.5536,0.5491,0.55,5709236.0
2025-11-03 20:45:00+00:00,0.5501,0.5505,0.5437,0.5463,13874131.0
2025-11-03 21:00:00+00:00,0.5462,0.5533,0.546,0.5477,12740201.0
2025-11-03 21:15:00+00:00,0.5477,0.5499,0.5417,0.5471,9680219.0
2025-11-03 21:30:00+00:00,0.5471,0.5514,0.5461,0.551,6147996.0
2025-11-03 21:45:00+00:00,0.551,0.5527,0.55,0.5524,4167748.0
2025-11-03 22:00:00+00:00,0.5525,0.5529,0.5479,0.5491,5700411.0
2025-11-03 22:15:00+00:00,0.5491,0.5509,0.5455,0.5455,4171452.0
2025-11-03 22:30:00+00:00,0.5455,0.5487,0.5431,0.5471,7694774.0
2025-11-03 22:45:00+00:00,0.547,0.5513,0.547,0.5485,3297687.0
2025-11-03 23:00:00+00:00,0.5486,0.5487,0.5448,0.5471,3587195.0
2025-11-03 23:15:00+00:00,0.5472,0.5509,0.5463,0.5506,3773356.0
2025-11-03 23:30:00+00:00,0.5506,0.553,0.5501,0.5525,4182775.0
2025-11-03 23:45:00+00:00,0.5525,0.5528,0.5505,0.5526,2599838.0
2025-11-04 00:00:00+00:00,0.5526,0.5529,0.5504,0.5507,6432444.0
2025-11-04 00:15:00+00:00,0.5506,0.5521,0.546,0.5465,4949504.0
2025-11-04 00:30:00+00:00,0.5465,0.5579,0.5464,0.5571,12514543.0
2025-11-04 00:45:00+00:00,0.5572,0.5572,0.5533,0.5553,4137586.0
2025-11-04 01:00:00+00:00,0.5553,0.5564,0.5524,0.5552,4639434.0
2025-11-04 01:15:00+00:00,0.5553,0.5584,0.5544,0.5564,5186642.0
2025-11-04 01:30:00+00:00,0.5565,0.5602,0.5559,0.558,5011444.0
2025-11-04 01:45:00+00:00,0.5581,0.5597,0.5561,0.5585,3356143.0
2025-11-04 02:00:00+00:00,0.5585,0.5585,0.5563,0.5577,2930198.0
2025-11-04 02:15:00+00:00,0.5578,0.5592,0.5568,0.5583,5183985.0
2025-11-04 02:30:00+00:00,0.5583,0.5598,0.5573,0.5581,3942223.0
2025-11-04 02:45:00+00:00,0.5581,0.5581,0.5563,0.5572,3525009.0
2025-11-04 03:00:00+00:00,0.5572,0.5611,0.5552,0.5607,5878097.0
2025-11-04 03:15:00+00:00,0.5608,0.5615,0.5589,0.5599,4240845.0
2025-11-04 03:30:00+00:00,0.56,0.5623,0.5588,0.5613,4502501.0
2025-11-04 03:45:00+00:00,0.5613,0.562,0.5593,0.5609,3079911.0
2025-11-04 04:00:00+00:00,0.561,0.563,0.5606,0.5617,4412082.0
2025-11-04 04:15:00+00:00,0.5618,0.5619,0.5594,0.5604,4050792.0
2025-11-04 04:30:00+00:00,0.5605,0.5612,0.5576,0.5581,5157841.0
2025-11-04 04:45:00+00:00,0.558,0.5591,0.5572,0.5577,2804872.0
2025-11-04 05:00:00+00:00,0.5576,0.5598,0.5567,0.5577,4708108.0
2025-11-04 05:15:00+00:00,0.5577,0.558,0.5483,0.5492,19896108.0
2025-11-04 05:30:00+00:00,0.5492,0.5493,0.5424,0.5426,31879476.0
2025-11-04 05:45:00+00:00,0.5425,0.5434,0.5316,0.5339,35696055.0
2025-11-04 06:00:00+00:00,0.5339,0.5443,0.533,0.5442,20418806.0
2025-11-04 06:15:00+00:00,0.5442,0.5498,0.5436,0.5446,19124958.0
2025-11-04 06:30:00+00:00,0.5446,0.5446,0.5376,0.5385,9293725.0
2025-11-04 06:45:00+00:00,0.5384,0.5407,0.5373,0.5391,7816086.0
2025-11-04 07:00:00+00:00,0.539,0.5398,0.5338,0.535,14365823.0
2025-11-04 07:15:00+00:00,0.5349,0.5376,0.5307,0.5317,13816777.0
2025-11-04 07:30:00+00:00,0.5317,0.537,0.5313,0.5328,9808148.0
2025-11-04 07:45:00+00:00,0.5328,0.5345,0.5302,0.534,7177008.0
2025-11-04 08:00:00+00:00,0.5339,0.5367,0.5326,0.534,11638543.0
2025-11-04 08:15:00+00:00,0.5339,0.5416,0.532,0.5399,13408971.0
2025-11-04 08:30:00+00:00,0.5399,0.5455,0.5393,0.5429,12165101.0
2025-11-04 08:45:00+00:00,0.5429,0.5433,0.5374,0.5395,10764523.0
2025-11-04 09:00:00+00:00,0.5394,0.5418,0.5372,0.5385,8654253.0
2025-11-04 09:15:00+00:00,0.5384,0.5416,0.537,0.54,7562426.0
2025-11-04 09:30:00+00:00,0.5399,0.5426,0.5384,0.5418,5450014.0
2025-11-04 09:45:00+00:00,0.5417,0.5427,0.5394,0.5416,5146286.0
2025-11-04 10:00:00+00:00,0.5415,0.5438,0.5405,0.5423,5189493.0
2025-11-04 10:15:00+00:00,0.5423,0.5441,0.5402,0.5407,4806212.0
2025-11-04 10:30:00+00:00,0.5406,0.5426,0.539,0.5406,6541764.0
2025-11-04 10:45:00+00:00,0.5406,0.5415,0.5384,0.5408,11170073.0
2025-11-04 11:00:00+00:00,0.5407,0.5463,0.54,0.5452,9502903.0
2025-11-04 11:15:00+00:00,0.5452,0.5483,0.5449,0.5452,6704720.0
2025-11-04 11:30:00+00:00,0.5452,0.5466,0.544,0.5457,5631847.0
2025-11-04 11:45:00+00:00,0.5457,0.5466,0.5437,0.5456,3596584.0
2025-11-04 12:00:00+00:00,0.5457,0.5462,0.5419,0.5425,6411180.0
2025-11-04 12:15:00+00:00,0.5426,0.5428,0.5407,0.5416,6841801.0
2025-11-04 12:30:00+00:00,0.5415,0.5417,0.5378,0.5389,5020835.0
2025-11-04 12:45:00+00:00,0.5389,0.5404,0.5382,0.5395,3416670.0
2025-11-04 13:00:00+00:00,0.5394,0.5407,0.5361,0.5384,8511268.0
2025-11-04 13:15:00+00:00,0.5385,0.5388,0.5341,0.5343,6495906.0
2025-11-04 13:30:00+00:00,0.5344,0.5402,0.5339,0.5385,7836596.0
2025-11-04 13:45:00+00:00,0.5384,0.5384,0.536,0.5374,4317292.0
2025-11-04 14:00:00+00:00,0.5373,0.5378,0.5335,0.5348,8765123.0
2025-11-04 14:15:00+00:00,0.5348,0.5367,0.5332,0.5353,6902671.0
2025-11-04 14:30:00+00:00,0.5352,0.5453,0.532,0.5452,26730060.0
2025-11-04 14:45:00+00:00,0.5452,0.5523,0.5435,0.5489,27460254.0
2025-11-04 15:00:00+00:00,0.549,0.5528,0.5457,0.5458,15585725.0
2025-11-04 15:15:00+00:00,0.5459,0.5535,0.5458,0.5495,10425279.0
2025-11-04 15:30:00+00:00,0.5495,0.5506,0.5477,0.5486,7000936.0
2025-11-04 15:45:00+00:00,0.5487,0.5487,0.5403,0.5425,12043265.0
2025-11-04 16:00:00+00:00,0.5424,0.5464,0.5422,0.544,10000767.0
2025-11-04 16:15:00+00:00,0.544,0.5446,0.5359,0.5394,15238190.0
2025-11-04 16:30:00+00:00,0.5394,0.5415,0.5324,0.5326,25080729.0
2025-11-04 16:45:00+00:00,0.5326,0.5345,0.5286,0.5296,28603191.0
2025-11-04 17:00:00+00:00,0.5296,0.5296,0.5175,0.52,37779429.0
2025-11-04 17:15:00+00:00,0.5201,0.5289,0.5159,0.5262,36466204.0
2025-11-04 17:30:00+00:00,0.5261,0.532,0.5261,0.5263,19455345.0
2025-11-04 17:45:00+00:00,0.5262,0.5273,0.5225,0.5244,11906233.0
2025-11-04 18:00:00+00:00,0.5243,0.5248,0.5174,0.5188,18820079.0
2025-11-04 18:15:00+00:00,0.5188,0.5194,0.5134,0.5151,20186065.0
2025-11-04 18:30:00+00:00,0.5151,0.5219,0.5076,0.5218,48356059.0
2025-11-04 18:45:00+00:00,0.5218,0.5248,0.5139,0.5243,24319048.0
2025-11-04 19:00:00+00:00,0.5242,0.5281,0.5205,0.5227,22342144.0
2025-11-04 19:15:00+00:00,0.5227,0.5286,0.5219,0.5231,13901799.0
2025-11-04 19:30:00+00:00,0.5231,0.5245,0.5155,0.5167,17718247.0
2025-11-04 19:45:00+00:00,0.5167,0.5173,0.5132,0.5144,12396667.0
2025-11-04 20:00:00+00:00,0.5144,0.5155,0.5093,0.5099,19924444.0
2025-11-04 20:15:00+00:00,0.5098,0.5113,0.4953,0.5102,91920249.0
2025-11-04 20:30:00+00:00,0.5103,0.5162,0.5028,0.5141,31055611.0
2025-11-04 20:45:00+00:00,0.5141,0.5162,0.5071,0.5101,18983788.0
2025-11-04 21:00:00+00:00,0.5102,0.5141,0.5068,0.5075,21564834.0
2025-11-04 21:15:00+00:00,0.5075,0.509,0.5013,0.5023,15026309.0
2025-11-04 21:30:00+00:00,0.5024,0.5027,0.4894,0.4955,55088031.0
2025-11-04 21:45:00+00:00,0.4955,0.511,0.4955,0.5104,46044108.0
2025-11-04 22:00:00+00:00,0.5103,0.5189,0.5076,0.5183,31712581.0
2025-11-04 22:15:00+00:00,0.5183,0.5216,0.5175,0.521,18083691.0
2025-11-04 22:30:00+00:00,0.5209,0.5245,0.5193,0.5206,13718103.0
2025-11-04 22:45:00+00:00,0.5206,0.524,0.5196,0.5235,6105683.0
2025-11-04 23:00:00+00:00,0.5234,0.5261,0.5214,0.5227,16951239.0
2025-11-04 23:15:00+00:00,0.5226,0.5233,0.5201,0.5213,6361224.0
2025-11-04 23:30:00+00:00,0.5213,0.5219,0.5185,0.5206,6727021.0
2025-11-04 23:45:00+00:00,0.5206,0.5233,0.52,0.5206,7518783.0
2025-11-05 00:00:00+00:00,0.5206,0.5226,0.5193,0.5195,8843197.0
2025-11-05 00:15:00+00:00,0.5195,0.5242,0.5172,0.5175,8020637.0
2025-11-05 00:30:00+00:00,0.5175,0.518,0.5116,0.5117,11147571.0
2025-11-05 00:45:00+00:00,0.5118,0.5165,0.5117,0.5149,6109584.0
2025-11-05 01:00:00+00:00,0.5149,0.5152,0.5082,0.5112,10047845.0
2025-11-05 01:15:00+00:00,0.5111,0.5112,0.4983,0.4998,17707311.0
2025-11-05 01:30:00+00:00,0.4998,0.5046,0.4943,0.497,26589023.0
2025-11-05 01:45:00+00:00,0.4969,0.5143,0.4963,0.5118,22829258.0
2025-11-05 02:00:00+00:00,0.5118,0.5229,0.5117,0.5204,19961814.0
2025-11-05 02:15:00+00:00,0.5204,0.5244,0.5169,0.5194,14714571.0
2025-11-05 02:30:00+00:00,0.5195,0.5247,0.5183,0.5246,13234810.0
2025-11-05 02:45:00+00:00,0.5245,0.5299,0.5228,0.529,15347579.0
2025-11-05 03:00:00+00:00,0.5291,0.5325,0.5274,0.528,12816455.0
2025-11-05 03:15:00+00:00,0.5281,0.5319,0.5259,0.5312,8621186.0
2025-11-05 03:30:00+00:00,0.5312,0.5331,0.5298,0.5325,7531703.0
2025-11-05 03:45:00+00:00,0.5325,0.5341,0.531,0.5325,8212505.0
2025-11-05 04:00:00+00:00,0.5325,0.5338,0.5304,0.5311,9450758.0
2025-11-05 04:15:00+00:00,0.5311,0.5318,0.5282,0.529,5036636.0
2025-11-05 04:30:00+00:00,0.5289,0.5353,0.5286,0.5347,6832466.0
2025-11-05 04:45:00+00:00,0.5347,0.5349,0.5315,0.5327,4542440.0
2025-11-05 05:00:00+00:00,0.5328,0.5375,0.5322,0.5367,7500068.0
2025-11-05 05:15:00+00:00,0.5366,0.5372,0.5325,0.534,3985673.0
2025-11-05 05:30:00+00:00,0.5341,0.5361,0.5331,0.5342,3567372.0
2025-11-05 05:45:00+00:00,0.5342,0.5342,0.5323,0.5335,3303710.0
2025-11-05 06:00:00+00:00,0.5335,0.534,0.5311,0.5319,4885007.0
2025-11-05 06:15:00+00:00,0.532,0.5344,0.5302,0.5315,5491520.0
2025-11-05 06:30:00+00:00,0.5315,0.5345,0.5311,0.5322,4020018.0
2025-11-05 06:45:00+00:00,0.5321,0.5355,0.5315,0.5353,2715229.0
2025-11-05 07:00:00+00:00,0.5353,0.5355,0.5317,0.5332,4454203.0
2025-11-05 07:15:00+00:00,0.5331,0.534,0.5298,0.5311,6396209.0
2025-11-05 07:30:00+00:00,0.531,0.5337,0.5307,0.5337,3074813.0
2025-11-05 07:45:00+00:00,0.5336,0.5356,0.533,0.5342,4362415.0
2025-11-05 08:00:00+00:00,0.5341,0.5341,0.5301,0.5311,5819220.0
2025-11-05 08:15:00+00:00,0.531,0.5314,0.5239,0.5266,13273673.0
2025-11-05 08:30:00+00:00,0.5266,0.5302,0.5257,0.5264,6289548.0
2025-11-05 08:45:00+00:00,0.5263,0.5279,0.5228,0.5272,11143823.0
2025-11-05 09:00:00+00:00,0.5271,0.5321,0.5265,0.5297,10984982.0
2025-11-05 09:15:00+00:00,0.5296,0.5325,0.5289,0.5318,12485132.0
2025-11-05 09:30:00+00:00,0.5317,0.5326,0.5295,0.5316,5501316.0
2025-11-05 09:45:00+00:00,0.5315,0.5323,0.5303,0.5316,4050123.0
2025-11-05 10:00:00+00:00,0.5315,0.5317,0.5283,0.5291,8661181.0
2025-11-05 10:15:00+00:00,0.529,0.5305,0.5277,0.5296,5585743.0
2025-11-05 10:30:00+00:00,0.5295,0.5306,0.5269,0.5277,8094804.0
2025-11-05 10:45:00+00:00,0.5278,0.5281,0.5241,0.5249,7224226.0
2025-11-05 11:00:00+00:00,0.5249,0.53,0.5247,0.5285,7324922.0
2025-11-05 11:15:00+00:00,0.5286,0.5329,0.5285,0.531,6570403.0
2025-11-05 11:30:00+00:00,0.531,0.534,0.5309,0.5335,4340846.0
2025-11-05 11:45:00+00:00,0.5334,0.5359,0.533,0.5348,5676415.0
2025-11-05 12:00:00+00:00,0.5349,0.5357,0.5337,0.5344,4862225.0
2025-11-05 12:15:00+00:00,0.5343,0.5398,0.5337,0.5378,12068808.0
2025-11-05 12:30:00+00:00,0.5378,0.539,0.5358,0.5388,6215688.0
2025-11-05 12:45:00+00:00,0.5388,0.5388,0.5361,0.538,5322359.0
2025-11-05 13:00:00+00:00,0.538,0.5388,0.5359,0.5363,5222562.0
2025-11-05 13:15:00+00:00,0.5363,0.5373,0.5351,0.5368,5453803.0
2025-11-05 13:30:00+00:00,0.5368,0.5411,0.5354,0.5386,7623340.0
2025-11-05 13:45:00+00:00,0.5386,0.5437,0.5382,0.5418,15461792.0
2025-11-05 14:00:00+00:00,0.5418,0.5448,0.541,0.5422,11437075.0
2025-11-05 14:15:00+00:00,0.5421,0.543,0.5398,0.5402,9550758.0
2025-11-05 14:30:00+00:00,0.5401,0.543,0.5363,0.5396,14568188.0
2025-11-05 14:45:00+00:00,0.5396,0.5449,0.5386,0.5414,9544167.0
2025-11-05 15:00:00+00:00,0.5415,0.5436,0.5393,0.5413,8835730.0
2025-11-05 15:15:00+00:00,0.5413,0.5438,0.5403,0.5427,6224463.0
2025-11-05 15:30:00+00:00,0.5428,0.5469,0.5418,0.5449,10052092.0
2025-11-05 15:45:00+00:00,0.545,0.5485,0.5447,0.5484,7549030.0
2025-11-05 16:00:00+00:00,0.5485,0.5486,0.5438,0.5443,10613152.0
2025-11-05 16:15:00+00:00,0.5442,0.5453,0.5421,0.5448,5999360.0
2025-11-05 16:30:00+00:00,0.5448,0.5479,0.5444,0.5451,8558749.0
2025-11-05 16:45:00+00:00,0.5451,0.5489,0.5447,0.5485,5670617.0
2025-11-05 17:00:00+00:00,0.5485,0.5486,0.5436,0.5439,7434385.0
2025-11-05 17:15:00+00:00,0.5438,0.5479,0.5436,0.5463,5022016.0
2025-11-05 17:30:00+00:00,0.5463,0.5479,0.545,0.5457,3673341.0
2025-11-05 17:45:00+00:00,0.5458,0.5466,0.5441,0.5464,3536492.0
2025-11-05 18:00:00+00:00,0.5464,0.5478,0.5453,0.5459,9558173.0
2025-11-05 18:15:00+00:00,0.5459,0.5481,0.5436,0.5457,16486740.0
2025-11-05 18:30:00+00:00,0.5456,0.548,0.5449,0.5465,8540633.0
2025-11-05 18:45:00+00:00,0.5465,0.55,0.5457,0.5474,6927686.0
2025-11-05 19:00:00+00:00,0.5474,0.5478,0.5445,0.5457,4253616.0
2025-11-05 19:15:00+00:00,0.5457,0.548,0.5439,0.5439,9708551.0
2025-11-05 19:30:00+00:00,0.544,0.546,0.5438,0.5444,3401530.0
2025-11-05 19:45:00+00:00,0.5445,0.5447,0.5417,0.5432,4904121.0
2025-11-05 20:00:00+00:00,0.5432,0.5464,0.5428,0.5459,4486839.0
2025-11-05 20:15:00+00:00,0.5459,0.5461,0.5427,0.543,3347876.0
2025-11-05 20:30:00+00:00,0.543,0.5434,0.5411,0.5429,4512007.0
2025-11-05 20:45:00+00:00,0.5429,0.5447,0.5417,0.5439,5324010.0
2025-11-05 21:00:00+00:00,0.5438,0.544,0.5402,0.5412,7669987.0
2025-11-05 21:15:00+00:00,0.5411,0.5428,0.5402,0.5416,4047669.0
2025-11-05 21:30:00+00:00,0.5415,0.5421,0.5387,0.5401,5627615.0
2025-11-05 21:45:00+00:00,0.54,0.5436,0.5398,0.542,3749501.0
2025-11-05 22:00:00+00:00,0.542,0.5446,0.5411,0.5439,6224274.0
2025-11-05 22:15:00+00:00,0.5439,0.5451,0.5426,0.5441,3125218.0
2025-11-05 22:30:00+00:00,0.5441,0.5483,0.5436,0.5471,7584415.0
2025-11-05 22:45:00+00:00,0.5472,0.5478,0.5463,0.5474,1804909.0
2025-11-05 23:00:00+00:00,0.5475,0.5484,0.546,0.5467,4447395.0
2025-11-05 23:15:00+00:00,0.5467,0.5484,0.5463,0.548,6856857.0
2025-11-05 23:30:00+00:00,0.5479,0.5481,0.5457,0.5466,4871049.0
2025-11-05 23:45:00+00:00,0.5466,0.5475,0.5446,0.5449,6961784.0
2025-11-06 00:00:00+00:00,0.5449,0.545,0.5422,0.5436,5996375.0
2025-11-06 00:15:00+00:00,0.5436,0.5446,0.5413,0.5427,5064393.0
2025-11-06 00:30:00+00:00,0.5426,0.5431,0.5399,0.5409,9320102.0
2025-11-06 00:45:00+00:00,0.5409,0.5432,0.54,0.5422,3155954.0
2025-11-06 01:00:00+00:00,0.5422,0.5422,0.5372,0.5385,6210728.0
2025-11-06 01:15:00+00:00,0.5386,0.5394,0.5343,0.5353,7439876.0
2025-11-06 01:30:00+00:00,0.5353,0.5395,0.5352,0.5387,5280988.0
2025-11-06 01:45:00+00:00,0.5386,0.5416,0.5383,0.5406,5067034.0
2025-11-06 02:00:00+00:00,0.5405,0.5411,0.5365,0.5369,5037231.0
2025-11-06 02:15:00+00:00,0.5369,0.54,0.5366,0.5375,4243088.0
2025-11-06 02:30:00+00:00,0.5374,0.5431,0.537,0.542,5852859.0
2025-11-06 02:45:00+00:00,0.5421,0.5455,0.542,0.5421,5475980.0
2025-11-06 03:00:00+00:00,0.5421,0.5444,0.5418,0.5425,4193937.0
2025-11-06 03:15:00+00:00,0.5425,0.5447,0.5416,0.5419,3866624.0
2025-11-06 03:30:00+00:00,0.542,0.5436,0.5419,0.5427,3093628.0
2025-11-06 03:45:00+00:00,0.5427,0.5438,0.5424,0.5427,2475709.0
2025-11-06 04:00:00+00:00,0.5427,0.5436,0.5413,0.543,3437162.0
2025-11-06 04:15:00+00:00,0.5431,0.5434,0.5411,0.5411,2655875.0
2025-11-06 04:30:00+00:00,0.5411,0.5421,0.5405,0.542,2851976.0
2025-11-06 04:45:00+00:00,0.542,0.5446,0.5419,0.5424,3099452.0
2025-11-06 05:00:00+00:00,0.5424,0.5424,0.5376,0.5382,4041653.0
2025-11-06 05:15:00+00:00,0.5381,0.5385,0.5362,0.5369,3673841.0
2025-11-06 05:30:00+00:00,0.5369,0.5374,0.5345,0.5354,4896046.0
2025-11-06 05:45:00+00:00,0.5354,0.5357,0.5333,0.5347,5469276.0
2025-11-06 06:00:00+00:00,0.5347,0.5382,0.5345,0.5375,6136140.0
2025-11-06 06:15:00+00:00,0.5376,0.5388,0.5367,0.538,4573534.0
2025-11-06 06:30:00+00:00,0.5381,0.5404,0.5369,0.54,7531814.0
2025-11-06 06:45:00+00:00,0.54,0.5401,0.5339,0.5343,12651991.0
2025-11-06 07:00:00+00:00,0.5342,0.5375,0.5341,0.5363,4160755.0
2025-11-06 07:15:00+00:00,0.5363,0.5384,0.5325,0.5366,8478480.0
2025-11-06 07:30:00+00:00,0.5365,0.5366,0.5334,0.5345,7455886.0
2025-11-06 07:45:00+00:00,0.5345,0.5357,0.5339,0.5339,2781795.0
2025-11-06 08:00:00+00:00,0.5338,0.5369,0.5328,0.5353,14481651.0
2025-11-06 08:15:00+00:00,0.5352,0.5373,0.5352,0.5365,3829362.0
2025-11-06 08:30:00+00:00,0.5365,0.5373,0.5352,0.5354,3520015.0
2025-11-06 08:45:00+00:00,0.5353,0.5363,0.5338,0.5362,4281435.0
2025-11-06 09:00:00+00:00,0.5361,0.5373,0.5337,0.5372,5701164.0
2025-11-06 09:15:00+00:00,0.5372,0.5386,0.5349,0.5351,11429110.0
2025-11-06 09:30:00+00:00,0.5351,0.5376,0.535,0.5367,3852255.0
2025-11-06 09:45:00+00:00,0.5368,0.5372,0.535,0.5357,3249641.0
2025-11-06 10:00:00+00:00,0.5356,0.536,0.5319,0.5338,6973343.0
2025-11-06 10:15:00+00:00,0.5337,0.5375,0.5333,0.5361,3600812.0
2025-11-06 10:30:00+00:00,0.5361,0.5385,0.5352,0.5356,4173967.0
2025-11-06 10:45:00+00:00,0.5356,0.537,0.5343,0.5356,3845243.0
2025-11-06 11:00:00+00:00,0.5357,0.5357,0.5311,0.533,7251983.0
2025-11-06 11:15:00+00:00,0.5331,0.5357,0.5325,0.5351,2439742.0
2025-11-06 11:30:00+00:00,0.5352,0.5364,0.5338,0.5348,2725525.0
2025-11-06 11:45:00+00:00,0.5349,0.5359,0.5342,0.5349,1877958.0
2025-11-06 12:00:00+00:00,0.5349,0.5356,0.5331,0.5342,3792651.0
2025-11-06 12:15:00+00:00,0.5342,0.5343,0.5318,0.5322,3572896.0
2025-11-06 12:30:00+00:00,0.5322,0.5335,0.5286,0.5288,8773151.0
2025-11-06 12:45:00+00:00,0.5287,0.531,0.5287,0.5291,5935340.0
2025-11-06 13:00:00+00:00,0.5292,0.5328,0.5291,0.5325,5020807.0
2025-11-06 13:15:00+00:00,0.5324,0.5381,0.5323,0.5367,9872511.0
2025-11-06 13:30:00+00:00,0.5367,0.5376,0.5352,0.5375,3594024.0
2025-11-06 13:45:00+00:00,0.5376,0.5393,0.5363,0.5367,4136457.0
2025-11-06 14:00:00+00:00,0.5367,0.5382,0.5309,0.5332,8104405.0
2025-11-06 14:15:00+00:00,0.5332,0.5343,0.5302,0.5311,4964619.0
2025-11-06 14:30:00+00:00,0.5312,0.5314,0.5257,0.5282,15390499.0
2025-11-06 14:45:00+00:00,0.5283,0.5322,0.5257,0.5268,10699206.0
2025-11-06 15:00:00+00:00,0.5268,0.5293,0.5255,0.527,14942327.0
2025-11-06 15:15:00+00:00,0.5271,0.5323,0.526,0.5272,10515357.0
2025-11-06 15:30:00+00:00,0.5272,0.5276,0.5211,0.5213,16169664.0
2025-11-06 15:45:00+00:00,0.5214,0.5247,0.5211,0.5234,14702785.0
2025-11-06 16:00:00+00:00,0.5234,0.5276,0.5229,0.5234,10621266.0
2025-11-06 16:15:00+00:00,0.5233,0.5251,0.5219,0.5249,9934408.0
2025-11-06 16:30:00+00:00,0.5248,0.525,0.5164,0.5193,15598350.0
2025-11-06 16:45:00+00:00,0.5192,0.5239,0.5183,0.5213,12506626.0
2025-11-06 17:00:00+00:00,0.5214,0.5261,0.5208,0.5223,11601275.0
2025-11-06 17:15:00+00:00,0.5222,0.5253,0.5199,0.5246,7523635.0
2025-11-06 17:30:00+00:00,0.5247,0.5262,0.5226,0.5237,5985645.0
2025-11-06 17:45:00+00:00,0.5237,0.5286,0.5237,0.5279,5631645.0
2025-11-06 18:00:00+00:00,0.5278,0.5281,0.5235,0.5247,8167125.0
2025-11-06 18:15:00+00:00,0.5246,0.5248,0.5209,0.5234,5776295.0
2025-11-06 18:30:00+00:00,0.5234,0.5296,0.5232,0.5285,4931320.0
2025-11-06 18:45:00+00:00,0.5286,0.5319,0.5268,0.5275,9020531.0
2025-11-06 19:00:00+00:00,0.5274,0.5291,0.5263,0.5287,3757516.0
2025-11-06 19:15:00+00:00,0.5288,0.5303,0.5273,0.5284,3600469.0
2025-11-06 19:30:00+00:00,0.5285,0.5292,0.5242,0.5266,4605041.0
2025-11-06 19:45:00+00:00,0.5265,0.5293,0.5246,0.5282,4271166.0
2025-11-06 20:00:00+00:00,0.5282,0.5306,0.5273,0.5277,4490244.0
2025-11-06 20:15:00+00:00,0.5277,0.5304,0.5264,0.5266,2895611.0
2025-11-06 20:30:00+00:00,0.5266,0.5271,0.5226,0.5235,6485045.0
2025-11-06 20:45:00+00:00,0.5235,0.526,0.5226,0.5251,5339192.0
2025-11-06 21:00:00+00:00,0.525,0.5269,0.5234,0.5259,4136532.0
2025-11-06 21:15:00+00:00,0.5258,0.5274,0.5248,0.527,4189596.0
2025-11-06 21:30:00+00:00,0.5271,0.5307,0.5269,0.5298,3942694.0
2025-11-06 21:45:00+00:00,0.5297,0.5301,0.5266,0.529,4285399.0
2025-11-06 22:00:00+00:00,0.529,0.5313,0.5289,0.5301,6058275.0
2025-11-06 22:15:00+00:00,0.53,0.5329,0.5299,0.5313,5076696.0
2025-11-06 22:30:00+00:00,0.5313,0.5329,0.529,0.5297,4388758.0
2025-11-06 22:45:00+00:00,0.5297,0.5344,0.5282,0.5335,3442118.0
2025-11-06 23:00:00+00:00,0.5335,0.5335,0.5294,0.5295,5132349.0
2025-11-06 23:15:00+00:00,0.5295,0.5302,0.527,0.5293,4306654.0
2025-11-06 23:30:00+00:00,0.5293,0.5295,0.5267,0.5286,3281403.0
2025-11-06 23:45:00+00:00,0.5286,0.5318,0.5286,0.5316,3052564.0
2025-11-07 00:00:00+00:00,0.5315,0.5353,0.5312,0.5345,7126101.0
2025-11-07 00:15:00+00:00,0.5345,0.5359,0.5308,0.532,7329140.0
2025-11-07 00:30:00+00:00,0.532,0.5375,0.5316,0.5372,5727238.0
2025-11-07 00:45:00+00:00,0.5373,0.5389,0.536,0.5376,6462904.0
2025-11-07 01:00:00+00:00,0.5375,0.5381,0.5316,0.5352,7457447.0
2025-11-07 01:15:00+00:00,0.5352,0.5384,0.5343,0.5362,5111505.0
2025-11-07 01:30:00+00:00,0.5363,0.5365,0.5283,0.5309,8970455.0
2025-11-07 01:45:00+00:00,0.5308,0.535,0.5288,0.5348,5243979.0
2025-11-07 02:00:00+00:00,0.5348,0.5361,0.5332,0.5339,4220818.0
2025-11-07 02:15:00+00:00,0.5339,0.5354,0.5307,0.5314,4346048.0
2025-11-07 02:30:00+00:00,0.5314,0.5359,0.5313,0.5352,3158770.0
2025-11-07 02:45:00+00:00,0.5353,0.538,0.5346,0.5378,6327754.0
2025-11-07 03:00:00+00:00,0.5379,0.5406,0.5368,0.5402,6338852.0
2025-11-07 03:15:00+00:00,0.5402,0.5407,0.5389,0.5402,4065135.0
2025-11-07 03:30:00+00:00,0.5401,0.5404,0.5385,0.5388,3032005.0
2025-11-07 03:45:00+00:00,0.5387,0.5409,0.538,0.5403,12967004.0
2025-11-07 04:00:00+00:00,0.5404,0.5424,0.5363,0.5366,11616559.0
2025-11-07 04:15:00+00:00,0.5365,0.54,0.5365,0.5387,2359721.0
2025-11-07 04:30:00+00:00,0.5388,0.5388,0.5354,0.5369,3947136.0
2025-11-07 04:45:00+00:00,0.5369,0.5393,0.5363,0.5389,2758097.0
2025-11-07 05:00:00+00:00,0.5389,0.5445,0.5388,0.543,5980543.0
2025-11-07 05:15:00+00:00,0.5431,0.5439,0.542,0.5436,3290310.0
2025-11-07 05:30:00+00:00,0.5435,0.5449,0.5432,0.5447,4188526.0
2025-11-07 05:45:00+00:00,0.5447,0.5458,0.5428,0.5449,6548475.0
2025-11-07 06:00:00+00:00,0.545,0.5455,0.543,0.5436,5304484.0
2025-11-07 06:15:00+00:00,0.5435,0.5449,0.5432,0.5436,2792314.0
2025-11-07 06:30:00+00:00,0.5437,0.5438,0.5423,0.5428,2625007.0
2025-11-07 06:45:00+00:00,0.5427,0.5433,0.5417,0.5421,2648187.0
2025-11-07 07:00:00+00:00,0.542,0.5435,0.5419,0.5423,4636049.0
2025-11-07 07:15:00+00:00,0.5424,0.5442,0.541,0.5421,4461669.0
2025-11-07 07:30:00+00:00,0.5422,0.5431,0.5405,0.543,3000170.0
2025-11-07 07:45:00+00:00,0.5431,0.5479,0.5431,0.5476,5285519.0
2025-11-07 08:00:00+00:00,0.5476,0.5488,0.5467,0.5488,6323329.0
2025-11-07 08:15:00+00:00,0.5488,0.5496,0.5452,0.5468,4501462.0
2025-11-07 08:30:00+00:00,0.5468,0.5473,0.5449,0.5463,3187475.0
2025-11-07 08:45:00+00:00,0.5463,0.547,0.5452,0.5467,2360092.0
2025-11-07 09:00:00+00:00,0.5468,0.5468,0.5435,0.5455,4107604.0
2025-11-07 09:15:00+00:00,0.5455,0.5473,0.5397,0.5402,7404732.0
2025-11-07 09:30:00+00:00,0.5401,0.5417,0.5366,0.5383,7597850.0
2025-11-07 09:45:00+00:00,0.5383,0.5411,0.5381,0.5407,5790992.0
2025-11-07 10:00:00+00:00,0.5406,0.5428,0.5379,0.538,7993511.0
2025-11-07 10:15:00+00:00,0.5381,0.5383,0.5354,0.5365,6251149.0
2025-11-07 10:30:00+00:00,0.5364,0.5383,0.5364,0.5382,2940764.0
2025-11-07 10:45:00+00:00,0.5382,0.5385,0.533,0.5347,4263535.0
2025-11-07 11:00:00+00:00,0.5347,0.5347,0.5275,0.5279,8723802.0
2025-11-07 11:15:00+00:00,0.5279,0.5308,0.5249,0.5269,22872990.0
2025-11-07 11:30:00+00:00,0.5268,0.5297,0.5257,0.5286,8772092.0
2025-11-07 11:45:00+00:00,0.5286,0.5323,0.5276,0.5306,8492293.0
2025-11-07 12:00:00+00:00,0.5306,0.5323,0.5284,0.5288,7400769.0
2025-11-07 12:15:00+00:00,0.5288,0.529,0.525,0.5255,6557032.0
2025-11-07 12:30:00+00:00,0.5254,0.5254,0.5224,0.5234,10308436.0
2025-11-07 12:45:00+00:00,0.5234,0.524,0.5192,0.5234,20190912.0
2025-11-07 13:00:00+00:00,0.5234,0.5269,0.5204,0.5253,9257052.0
2025-11-07 13:15:00+00:00,0.5253,0.5291,0.5234,0.5243,10022583.0
2025-11-07 13:30:00+00:00,0.5242,0.527,0.5235,0.5243,4713023.0
2025-11-07 13:45:00+00:00,0.5243,0.5291,0.5239,0.5267,7022995.0
2025-11-07 14:00:00+00:00,0.5267,0.5305,0.5253,0.5286,8883155.0
2025-11-07 14:15:00+00:00,0.5287,0.5287,0.5256,0.5268,4089099.0
2025-11-07 14:30:00+00:00,0.5268,0.5327,0.5192,0.5327,18521647.0
2025-11-07 14:45:00+00:00,0.5327,0.5388,0.5293,0.5363,19876849.0
2025-11-07 15:00:00+00:00,0.5364,0.5416,0.5319,0.541,22517367.0
2025-11-07 15:15:00+00:00,0.5411,0.545,0.5383,0.5434,14803509.0
2025-11-07 15:30:00+00:00,0.5434,0.5444,0.5387,0.5403,10653051.0
2025-11-07 15:45:00+00:00,0.5403,0.5471,0.5401,0.5439,13966750.0
2025-11-07 16:00:00+00:00,0.544,0.5465,0.5417,0.5446,8667039.0
2025-11-07 16:15:00+00:00,0.5447,0.5582,0.544,0.5578,26044390.0
2025-11-07 16:30:00+00:00,0.5577,0.5643,0.5567,0.5636,30094668.0
2025-11-07 16:45:00+00:00,0.5636,0.5702,0.5612,0.5668,27745419.0
2025-11-07 17:00:00+00:00,0.5667,0.5729,0.5625,0.5714,17085004.0
2025-11-07 17:15:00+00:00,0.5714,0.5773,0.571,0.5756,20011231.0
2025-11-07 17:30:00+00:00,0.5756,0.578,0.5732,0.5758,16064613.0
2025-11-07 17:45:00+00:00,0.5758,0.5788,0.573,0.5781,12156469.0
2025-11-07 18:00:00+00:00,0.5781,0.5845,0.5766,0.5831,21584546.0
2025-11-07 18:15:00+00:00,0.5831,0.5852,0.5796,0.583,16741771.0
2025-11-07 18:30:00+00:00,0.5829,0.5839,0.5811,0.5833,7408043.0
2025-11-07 18:45:00+00:00,0.5833,0.5841,0.5771,0.5796,11369673.0
2025-11-07 19:00:00+00:00,0.5796,0.5797,0.5735,0.579,16172554.0
2025-11-07 19:15:00+00:00,0.5791,0.5797,0.5756,0.5758,5316162.0
2025-11-07 19:30:00+00:00,0.5759,0.5804,0.5753,0.5792,6569634.0
2025-11-07 19:45:00+00:00,0.5791,0.58,0.5763,0.5798,7452216.0
2025-11-07 20:00:00+00:00,0.5798,0.5822,0.5778,0.5809,7087762.0
2025-11-07 20:15:00+00:00,0.5809,0.5813,0.5772,0.5794,4793051.0
2025-11-07 20:30:00+00:00,0.5795,0.5825,0.579,0.5815,5364126.0
2025-11-07 20:45:00+00:00,0.5815,0.5823,0.5805,0.5815,5014358.0
2025-11-07 21:00:00+00:00,0.5815,0.5835,0.5805,0.583,5865142.0
2025-11-07 21:15:00+00:00,0.583,0.586,0.5828,0.5841,5374151.0
2025-11-07 21:30:00+00:00,0.5842,0.586,0.5832,0.5848,3959493.0
2025-11-07 21:45:00+00:00,0.5847,0.5859,0.5841,0.5851,3223938.0
2025-11-07 22:00:00+00:00,0.5852,0.5857,0.5813,0.5823,5671488.0
2025-11-07 22:15:00+00:00,0.5823,0.584,0.5804,0.584,4605986.0
2025-11-07 22:30:00+00:00,0.5841,0.5842,0.582,0.5826,2817883.0
2025-11-07 22:45:00+00:00,0.5825,0.5849,0.5824,0.5827,2157994.0
2025-11-07 23:00:00+00:00,0.5828,0.5831,0.5773,0.5784,6996207.0
2025-11-07 23:15:00+00:00,0.5785,0.5792,0.5761,0.5763,6306979.0
2025-11-07 23:30:00+00:00,0.5764,0.579,0.5763,0.5771,4294989.0
2025-11-07 23:45:00+00:00,0.5771,0.579,0.5751,0.576,5545253.0
2025-11-08 00:00:00+00:00,0.5759,0.5812,0.5759,0.5811,6434981.0
2025-11-08 00:15:00+00:00,0.5812,0.5833,0.5775,0.578,6483710.0
2025-11-08 00:30:00+00:00,0.5779,0.5803,0.5736,0.579,8591937.0
2025-11-08 00:45:00+00:00,0.579,0.5837,0.5737,0.5741,6407561.0
2025-11-08 01:00:00+00:00,0.5741,0.5803,0.5737,0.5775,6154303.0
2025-11-08 01:15:00+00:00,0.5776,0.5829,0.5774,0.5818,3886789.0
2025-11-08 01:30:00+00:00,0.5819,0.5844,0.5795,0.583,3914465.0
2025-11-08 01:45:00+00:00,0.5829,0.5854,0.5812,0.5833,4776913.0
2025-11-08 02:00:00+00:00,0.5833,0.586,0.5818,0.5846,7725369.0
2025-11-08 02:15:00+00:00,0.5846,0.588,0.5842,0.5872,6606794.0
2025-11-08 02:30:00+00:00,0.5872,0.5928,0.5865,0.5907,11961769.0
2025-11-08 02:45:00+00:00,0.5908,0.5916,0.5844,0.5846,6684536.0
2025-11-08 03:00:00+00:00,0.5847,0.5878,0.584,0.586,5179526.0
2025-11-08 03:15:00+00:00,0.5861,0.5906,0.5861,0.5903,3712631.0
2025-11-08 03:30:00+00:00,0.5904,0.5912,0.5836,0.5848,7194935.0
2025-11-08 03:45:00+00:00,0.5849,0.5862,0.5818,0.582,5813933.0
2025-11-08 04:00:00+00:00,0.582,0.5865,0.582,0.5852,4827847.0
2025-11-08 04:15:00+00:00,0.5852,0.5869,0.5837,0.5839,3341696.0
2025-11-08 04:30:00+00:00,0.5838,0.5904,0.5837,0.5884,4352889.0
2025-11-08 04:45:00+00:00,0.5884,0.5904,0.5852,0.586,3476314.0
2025-11-08 05:00:00+00:00,0.586,0.5891,0.5847,0.5859,4976324.0
2025-11-08 05:15:00+00:00,0.5859,0.5872,0.5831,0.5864,3961348.0
2025-11-08 05:30:00+00:00,0.5863,0.5868,0.5801,0.5815,10396903.0
2025-11-08 05:45:00+00:00,0.5814,0.5824,0.5775,0.578,6405725.0
2025-11-08 06:00:00+00:00,0.578,0.5799,0.575,0.5754,9809652.0
2025-11-08 06:15:00+00:00,0.5753,0.5794,0.5743,0.576,6597869.0
2025-11-08 06:30:00+00:00,0.5759,0.5812,0.5749,0.5789,5940060.0
2025-11-08 06:45:00+00:00,0.5788,0.5804,0.5766,0.5773,2433217.0
2025-11-08 07:00:00+00:00,0.5773,0.5778,0.5747,0.5774,2719104.0
2025-11-08 07:15:00+00:00,0.5775,0.5791,0.5737,0.5769,5713894.0
2025-11-08 07:30:00+00:00,0.5768,0.5798,0.5757,0.5791,3180149.0
2025-11-08 07:45:00+00:00,0.5791,0.5826,0.5787,0.5821,4071201.0
2025-11-08 08:00:00+00:00,0.582,0.5836,0.581,0.5818,5110063.0
2025-11-08 08:15:00+00:00,0.5818,0.5834,0.5785,0.5823,3425541.0
2025-11-08 08:30:00+00:00,0.5823,0.5853,0.5813,0.585,5037274.0
2025-11-08 08:45:00+00:00,0.585,0.5857,0.5833,0.5834,3891138.0
2025-11-08 09:00:00+00:00,0.5833,0.5839,0.5796,0.5797,4218343.0
2025-11-08 09:15:00+00:00,0.5797,0.5811,0.579,0.5801,3922628.0
2025-11-08 09:30:00+00:00,0.58,0.5805,0.5769,0.5774,3398853.0
2025-11-08 09:45:00+00:00,0.5774,0.5781,0.574,0.576,9423721.0
2025-11-08 10:00:00+00:00,0.576,0.5768,0.5748,0.5755,5826769.0
2025-11-08 10:15:00+00:00,0.5755,0.5796,0.5713,0.5777,25240638.0
2025-11-08 10:30:00+00:00,0.5777,0.5789,0.5759,0.5765,3926576.0
2025-11-08 10:45:00+00:00,0.5766,0.5794,0.5765,0.5782,3912457.0
2025-11-08 11:00:00+00:00,0.5782,0.5794,0.5769,0.5792,3865397.0
2025-11-08 11:15:00+00:00,0.5792,0.5793,0.577,0.5785,2802328.0
2025-11-08 11:30:00+00:00,0.5785,0.5789,0.5734,0.5738,4680189.0
2025-11-08 11:45:00+00:00,0.5738,0.5757,0.573,0.5744,4952731.0
2025-11-08 12:00:00+00:00,0.5744,0.5779,0.5728,0.5729,7389653.0
2025-11-08 12:15:00+00:00,0.5729,0.5768,0.5729,0.5759,3795197.0
2025-11-08 12:30:00+00:00,0.5759,0.5762,0.5736,0.5738,3060756.0
2025-11-08 12:45:00+00:00,0.5737,0.5767,0.573,0.5766,3253418.0
2025-11-08 13:00:00+00:00,0.5766,0.5771,0.571,0.5739,5634398.0
2025-11-08 13:15:00+00:00,0.5739,0.5744,0.5716,0.5728,3879254.0
2025-11-08 13:30:00+00:00,0.5727,0.5728,0.5682,0.5714,9597624.0
2025-11-08 13:45:00+00:00,0.5714,0.5714,0.566,0.5665,7599507.0
2025-11-08 14:00:00+00:00,0.5665,0.5682,0.5632,0.5639,11673340.0
2025-11-08 14:15:00+00:00,0.564,0.5647,0.5617,0.5625,10140749.0
2025-11-08 14:30:00+00:00,0.5624,0.5673,0.5621,0.5655,5641621.0
2025-11-08 14:45:00+00:00,0.5655,0.5666,0.5641,0.5646,3587089.0
2025-11-08 15:00:00+00:00,0.5647,0.5655,0.561,0.5634,5432435.0
2025-11-08 15:15:00+00:00,0.5634,0.5645,0.5565,0.5589,14239572.0
2025-11-08 15:30:00+00:00,0.559,0.56,0.5551,0.5569,8923579.0
2025-11-08 15:45:00+00:00,0.5569,0.5592,0.5562,0.557,4247088.0
2025-11-08 16:00:00+00:00,0.5571,0.5597,0.5535,0.559,8760683.0
2025-11-08 16:15:00+00:00,0.559,0.5596,0.5543,0.5578,6960196.0
2025-11-08 16:30:00+00:00,0.5577,0.56,0.5569,0.5573,5011265.0
2025-11-08 16:45:00+00:00,0.5573,0.5583,0.556,0.5579,3772392.0
2025-11-08 17:00:00+00:00,0.558,0.5585,0.5559,0.5565,3997276.0
2025-11-08 17:15:00+00:00,0.5565,0.5616,0.5565,0.5596,6132640.0
2025-11-08 17:30:00+00:00,0.5596,0.5623,0.5594,0.5617,3764190.0
2025-11-08 17:45:00+00:00,0.5618,0.5623,0.5601,0.5604,2747610.0
2025-11-08 18:00:00+00:00,0.5605,0.562,0.5591,0.5613,5910032.0
2025-11-08 18:15:00+00:00,0.5613,0.5615,0.5576,0.5593,3553884.0
2025-11-08 18:30:00+00:00,0.5594,0.5619,0.5591,0.5615,3648286.0
2025-11-08 18:45:00+00:00,0.5615,0.5639,0.5606,0.5627,4178595.0
2025-11-08 19:00:00+00:00,0.5627,0.5627,0.5604,0.5611,4642667.0
2025-11-08 19:15:00+00:00,0.5612,0.5615,0.5553,0.557,11475859.0
2025-11-08 19:30:00+00:00,0.557,0.5603,0.5564,0.5595,3715458.0
2025-11-08 19:45:00+00:00,0.5596,0.5607,0.5585,0.5604,1445651.0
2025-11-08 20:00:00+00:00,0.5605,0.5618,0.5584,0.5586,2499580.0
2025-11-08 20:15:00+00:00,0.5586,0.5604,0.5582,0.5603,1804671.0
2025-11-08 20:30:00+00:00,0.5604,0.5628,0.5602,0.5625,1744819.0
2025-11-08 20:45:00+00:00,0.5626,0.5635,0.5615,0.5624,2157475.0
2025-11-08 21:00:00+00:00,0.5625,0.5632,0.5613,0.5616,1734901.0
2025-11-08 21:15:00+00:00,0.5616,0.5641,0.5616,0.5639,1977016.0
2025-11-08 21:30:00+00:00,0.564,0.5655,0.563,0.5648,3332990.0
2025-11-08 21:45:00+00:00,0.5648,0.565,0.5633,0.5639,1663823.0
2025-11-08 22:00:00+00:00,0.5639,0.567,0.5627,0.5658,3542350.0
2025-11-08 22:15:00+00:00,0.5658,0.5668,0.5645,0.566,3040261.0
2025-11-08 22:30:00+00:00,0.5661,0.5663,0.5651,0.5653,1717231.0
2025-11-08 22:45:00+00:00,0.5653,0.5674,0.5653,0.5668,1442771.0
2025-11-08 23:00:00+00:00,0.5668,0.5672,0.5658,0.5669,1551988.0
2025-11-08 23:15:00+00:00,0.5669,0.568,0.5668,0.5674,2119352.0
2025-11-08 23:30:00+00:00,0.5675,0.568,0.5665,0.5678,2589466.0
2025-11-08 23:45:00+00:00,0.5677,0.5691,0.5676,0.5682,3066309.0
2025-11-09 00:00:00+00:00,0.5683,0.5685,0.5643,0.5645,6796683.0
2025-11-09 00:15:00+00:00,0.5644,0.5653,0.5616,0.5623,4760164.0
2025-11-09 00:30:00+00:00,0.5622,0.5645,0.5622,0.5628,3097800.0
2025-11-09 00:45:00+00:00,0.5628,0.5633,0.5591,0.5605,2857098.0
2025-11-09 01:00:00+00:00,0.5604,0.5637,0.5601,0.5623,4156696.0
2025-11-09 01:15:00+00:00,0.5622,0.5632,0.5606,0.5612,1850575.0
2025-11-09 01:30:00+00:00,0.5612,0.5615,0.558,0.5613,3471119.0
2025-11-09 01:45:00+00:00,0.5614,0.5635,0.5614,0.5632,1658305.0
2025-11-09 02:00:00+00:00,0.5633,0.5635,0.5611,0.5614,2635502.0
2025-11-09 02:15:00+00:00,0.5615,0.5626,0.5594,0.5594,2523229.0
2025-11-09 02:30:00+00:00,0.5594,0.5594,0.5531,0.5541,11976709.0
2025-11-09 02:45:00+00:00,0.554,0.5556,0.5507,0.5524,6476492.0
2025-11-09 03:00:00+00:00,0.5524,0.5544,0.5518,0.5534,7778379.0
2025-11-09 03:15:00+00:00,0.5533,0.5543,0.5476,0.5497,12807609.0
2025-11-09 03:30:00+00:00,0.5498,0.5513,0.5488,0.5491,4484848.0
2025-11-09 03:45:00+00:00,0.549,0.5513,0.5477,0.5502,4068259.0
2025-11-09 04:00:00+00:00,0.5502,0.5529,0.55,0.5529,4425681.0
2025-11-09 04:15:00+00:00,0.5529,0.5559,0.5528,0.5543,4755515.0
2025-11-09 04:30:00+00:00,0.5543,0.5551,0.5518,0.5532,3133875.0
2025-11-09 04:45:00+00:00,0.5531,0.5543,0.5523,0.5542,1406892.0
2025-11-09 05:00:00+00:00,0.5542,0.5542,0.5515,0.5534,2593571.0
2025-11-09 05:15:00+00:00,0.5534,0.555,0.5528,0.555,2093058.0
2025-11-09 05:30:00+00:00,0.555,0.5555,0.5517,0.5539,2695290.0
2025-11-09 05:45:00+00:00,0.554,0.5561,0.5532,0.5554,2437825.0
2025-11-09 06:00:00+00:00,0.5555,0.5563,0.5542,0.5562,2787269.0
2025-11-09 06:15:00+00:00,0.5563,0.5588,0.5555,0.5585,2386383.0
2025-11-09 06:30:00+00:00,0.5585,0.5603,0.5568,0.5585,2996167.0
2025-11-09 06:45:00+00:00,0.5586,0.5588,0.5551,0.5562,2749056.0
2025-11-09 07:00:00+00:00,0.5561,0.5585,0.5559,0.5582,2358077.0
2025-11-09 07:15:00+00:00,0.5582,0.5588,0.5569,0.5574,1698441.0
2025-11-09 07:30:00+00:00,0.5574,0.5636,0.5574,0.5617,12684274.0
2025-11-09 07:45:00+00:00,0.5617,0.5632,0.5615,0.5624,3241102.0
2025-11-09 08:00:00+00:00,0.5625,0.5625,0.5605,0.5617,3197884.0
2025-11-09 08:15:00+00:00,0.5618,0.5618,0.558,0.5595,4161822.0
2025-11-09 08:30:00+00:00,0.5594,0.5614,0.5583,0.5597,2419347.0
2025-11-09 08:45:00+00:00,0.5597,0.5599,0.5568,0.5589,2953234.0
2025-11-09 09:00:00+00:00,0.559,0.5612,0.5587,0.559,2844763.0
2025-11-09 09:15:00+00:00,0.559,0.5619,0.5583,0.5594,3526897.0
2025-11-09 09:30:00+00:00,0.5595,0.5598,0.5557,0.5559,4413269.0
2025-11-09 09:45:00+00:00,0.5559,0.5563,0.5524,0.5532,5872417.0
2025-11-09 10:00:00+00:00,0.5532,0.5532,0.5502,0.551,7317747.0
2025-11-09 10:15:00+00:00,0.551,0.5536,0.5495,0.5528,7912341.0
2025-11-09 10:30:00+00:00,0.5529,0.5556,0.5516,0.5554,6258833.0
2025-11-09 10:45:00+00:00,0.5553,0.5587,0.5552,0.5586,3206330.0
2025-11-09 11:00:00+00:00,0.5586,0.5631,0.5586,0.5629,8236180.0
2025-11-09 11:15:00+00:00,0.5629,0.5631,0.5606,0.5617,2902471.0
2025-11-09 11:30:00+00:00,0.5616,0.5627,0.5603,0.5624,2336206.0
2025-11-09 11:45:00+00:00,0.5625,0.5633,0.5613,0.5622,2174201.0
2025-11-09 12:00:00+00:00,0.5621,0.5624,0.5602,0.5617,3985585.0
2025-11-09 12:15:00+00:00,0.5617,0.5654,0.5617,0.5628,7459923.0
2025-11-09 12:30:00+00:00,0.5629,0.5643,0.5623,0.5628,2263723.0
2025-11-09 12:45:00+00:00,0.5628,0.5639,0.5626,0.5629,1369008.0
2025-11-09 13:00:00+00:00,0.5629,0.5646,0.5613,0.5639,5011578.0
2025-11-09 13:15:00+00:00,0.5639,0.5656,0.5629,0.5656,2146765.0
2025-11-09 13:30:00+00:00,0.5656,0.5681,0.5646,0.565,7753430.0
2025-11-09 13:45:00+00:00,0.5651,0.5662,0.5634,0.564,4958447.0
2025-11-09 14:00:00+00:00,0.564,0.5656,0.5613,0.5649,7313727.0
2025-11-09 14:15:00+00:00,0.5649,0.5746,0.5645,0.5745,15260634.0
2025-11-09 14:30:00+00:00,0.5746,0.5768,0.5708,0.5728,14699068.0
2025-11-09 14:45:00+00:00,0.5727,0.573,0.569,0.5705,6573642.0
2025-11-09 15:00:00+00:00,0.5705,0.575,0.5704,0.5738,6992789.0
2025-11-09 15:15:00+00:00,0.5738,0.5764,0.572,0.5757,6608781.0
2025-11-09 15:30:00+00:00,0.5758,0.5786,0.5744,0.5777,6410199.0
2025-11-09 15:45:00+00:00,0.5777,0.5778,0.5731,0.575,6987460.0
2025-11-09 16:00:00+00:00,0.575,0.5756,0.5711,0.5716,7035286.0
2025-11-09 16:15:00+00:00,0.5715,0.5742,0.5698,0.5738,5474222.0
2025-11-09 16:30:00+00:00,0.5738,0.5746,0.5721,0.574,3116482.0
2025-11-09 16:45:00+00:00,0.5739,0.579,0.5737,0.5771,10068937.0
2025-11-09 17:00:00+00:00,0.5772,0.5774,0.5745,0.5748,3269642.0
2025-11-09 17:15:00+00:00,0.5747,0.5749,0.5709,0.5726,6114615.0
2025-11-09 17:30:00+00:00,0.5727,0.5737,0.5699,0.5708,3823749.0
2025-11-09 17:45:00+00:00,0.5709,0.5718,0.5708,0.5714,1070926.0
2025-11-09 18:00:00+00:00,0.5715,0.5719,0.5697,0.5699,2193047.0
2025-11-09 18:15:00+00:00,0.5699,0.571,0.5691,0.5705,1990524.0
2025-11-09 18:30:00+00:00,0.5704,0.5719,0.5702,0.5718,1422536.0
2025-11-09 18:45:00+00:00,0.5718,0.5776,0.5713,0.5768,5820854.0
2025-11-09 19:00:00+00:00,0.5767,0.5775,0.5756,0.576,4506889.0
2025-11-09 19:15:00+00:00,0.576,0.5786,0.5751,0.578,3292578.0
2025-11-09 19:30:00+00:00,0.578,0.5801,0.5779,0.5792,5449877.0
2025-11-09 19:45:00+00:00,0.5793,0.5827,0.5791,0.5825,6572826.0
2025-11-09 20:00:00+00:00,0.5825,0.584,0.5793,0.5794,6196601.0
2025-11-09 20:15:00+00:00,0.5795,0.5815,0.5786,0.5809,3433467.0
2025-11-09 20:30:00+00:00,0.5809,0.5821,0.58,0.58,2379413.0
2025-11-09 20:45:00+00:00,0.58,0.5808,0.5792,0.5798,1488329.0
2025-11-09 21:00:00+00:00,0.5798,0.5806,0.5773,0.5781,2834375.0
2025-11-09 21:15:00+00:00,0.5782,0.5809,0.578,0.5796,2221695.0
2025-11-09 21:30:00+00:00,0.5797,0.5807,0.5787,0.5801,1261949.0
2025-11-09 21:45:00+00:00,0.5801,0.5806,0.578,0.5793,2054266.0
2025-11-09 22:00:00+00:00,0.5794,0.5795,0.5761,0.5779,4185365.0
2025-11-09 22:15:00+00:00,0.5779,0.5784,0.5745,0.5751,3722321.0
2025-11-09 22:30:00+00:00,0.575,0.5761,0.5727,0.5744,4284792.0
2025-11-09 22:45:00+00:00,0.5744,0.578,0.5743,0.577,3407276.0
2025-11-09 23:00:00+00:00,0.577,0.5829,0.577,0.5784,7638637.0
2025-11-09 23:15:00+00:00,0.5785,0.5795,0.5754,0.5758,3459397.0
2025-11-09 23:30:00+00:00,0.5759,0.5776,0.5755,0.576,2122221.0
2025-11-09 23:45:00+00:00,0.576,0.5789,0.5759,0.5785,2097522.0
2025-11-10 00:00:00+00:00,0.5786,0.5786,0.5733,0.5779,5526210.0
2025-11-10 00:15:00+00:00,0.5779,0.5824,0.5773,0.5802,4762228.0
2025-11-10 00:30:00+00:00,0.5802,0.586,0.5797,0.5858,5221797.0
2025-11-10 00:45:00+00:00,0.5859,0.5908,0.5849,0.587,7917509.0
2025-11-10 01:00:00+00:00,0.587,0.5898,0.5826,0.584,8696842.0
2025-11-10 01:15:00+00:00,0.5841,0.5867,0.5824,0.5842,5121600.0
2025-11-10 01:30:00+00:00,0.5842,0.5862,0.5827,0.5837,3390055.0
2025-11-10 01:45:00+00:00,0.5836,0.5865,0.5832,0.5835,2475870.0
2025-11-10 02:00:00+00:00,0.5835,0.5847,0.5812,0.5842,4355070.0
2025-11-10 02:15:00+00:00,0.5842,0.5851,0.5832,0.5835,1975020.0
2025-11-10 02:30:00+00:00,0.5835,0.5851,0.5806,0.5811,2094821.0
2025-11-10 02:45:00+00:00,0.581,0.5849,0.581,0.5848,2469444.0
2025-11-10 03:00:00+00:00,0.5849,0.5882,0.5843,0.5852,4438264.0
2025-11-10 03:15:00+00:00,0.5851,0.5872,0.5849,0.5864,1995783.0
2025-11-10 03:30:00+00:00,0.5864,0.589,0.5855,0.5889,3481966.0
2025-11-10 03:45:00+00:00,0.5889,0.5894,0.5865,0.588,4000541.0
2025-11-10 04:00:00+00:00,0.5881,0.5897,0.5877,0.5879,2744224.0
2025-11-10 04:15:00+00:00,0.5879,0.5879,0.5861,0.5871,2611176.0
2025-11-10 04:30:00+00:00,0.5871,0.5882,0.5864,0.5881,2002727.0
2025-11-10 04:45:00+00:00,0.5881,0.5909,0.5873,0.5894,3255355.0
2025-11-10 05:00:00+00:00,0.5895,0.5916,0.5891,0.591,3113232.0
2025-11-10 05:15:00+00:00,0.591,0.591,0.587,0.5875,2959760.0
2025-11-10 05:30:00+00:00,0.5876,0.5885,0.5852,0.5872,2770509.0
2025-11-10 05:45:00+00:00,0.5872,0.5894,0.587,0.5894,1945450.0
2025-11-10 06:00:00+00:00,0.5893,0.5902,0.5877,0.5884,2585393.0
2025-11-10 06:15:00+00:00,0.5885,0.5887,0.5847,0.5857,3373623.0
2025-11-10 06:30:00+00:00,0.5857,0.5871,0.5849,0.5866,2069386.0
2025-11-10 06:45:00+00:00,0.5866,0.5881,0.5861,0.5865,1702348.0
2025-11-10 07:00:00+00:00,0.5865,0.5895,0.5858,0.5889,2768491.0
2025-11-10 07:15:00+00:00,0.589,0.589,0.5866,0.5871,1719053.0
2025-11-10 07:30:00+00:00,0.5871,0.5897,0.5857,0.5882,3251507.0
2025-11-10 07:45:00+00:00,0.5883,0.5893,0.588,0.5889,1628084.0
2025-11-10 08:00:00+00:00,0.5889,0.5895,0.5859,0.5864,3792511.0
2025-11-10 08:15:00+00:00,0.5864,0.5907,0.5861,0.5892,3625924.0
2025-11-10 08:30:00+00:00,0.5891,0.5891,0.5832,0.5847,5755771.0
2025-11-10 08:45:00+00:00,0.5847,0.5872,0.5843,0.587,3003143.0
2025-11-10 09:00:00+00:00,0.587,0.5901,0.5861,0.5886,3912735.0
2025-11-10 09:15:00+00:00,0.5887,0.5941,0.588,0.5935,6190963.0
2025-11-10 09:30:00+00:00,0.5936,0.5985,0.5923,0.5977,8331535.0
2025-11-10 09:45:00+00:00,0.5977,0.6028,0.5973,0.5999,12400209.0
2025-11-10 10:00:00+00:00,0.5998,0.6021,0.5967,0.5978,8472740.0
2025-11-10 10:15:00+00:00,0.5977,0.6019,0.5972,0.5979,6690230.0
2025-11-10 10:30:00+00:00,0.5979,0.5982,0.5952,0.5974,4156772.0
2025-11-10 10:45:00+00:00,0.5973,0.598,0.5939,0.5944,3194564.0
2025-11-10 11:00:00+00:00,0.5944,0.5996,0.5938,0.598,5629072.0
2025-11-10 11:15:00+00:00,0.598,0.5984,0.5959,0.5961,3827358.0
2025-11-10 11:30:00+00:00,0.5961,0.5966,0.5945,0.5962,4191888.0
2025-11-10 11:45:00+00:00,0.5962,0.598,0.5945,0.5954,3543759.0
2025-11-10 12:00:00+00:00,0.5954,0.5964,0.592,0.5943,6785718.0
2025-11-10 12:15:00+00:00,0.5942,0.5946,0.5917,0.5924,2722167.0
2025-11-10 12:30:00+00:00,0.5925,0.5931,0.5907,0.5926,3170536.0
2025-11-10 12:45:00+00:00,0.5926,0.5935,0.5912,0.5931,2140915.0
2025-11-10 13:00:00+00:00,0.5931,0.5972,0.5922,0.5954,4985548.0
2025-11-10 13:15:00+00:00,0.5955,0.5979,0.5945,0.5975,3662848.0
2025-11-10 13:30:00+00:00,0.5974,0.6006,0.5972,0.5994,4391848.0
2025-11-10 13:45:00+00:00,0.5994,0.6003,0.5968,0.5969,5952561.0
2025-11-10 14:00:00+00:00,0.5968,0.5969,0.5915,0.5919,5628925.0
2025-11-10 14:15:00+00:00,0.5919,0.5939,0.5899,0.5922,4545125.0
2025-11-10 14:30:00+00:00,0.5922,0.5929,0.5873,0.5888,8459968.0
2025-11-10 14:45:00+00:00,0.5889,0.5892,0.5805,0.5844,23424867.0
2025-11-10 15:00:00+00:00,0.5844,0.5872,0.5835,0.5845,10937512.0
2025-11-10 15:15:00+00:00,0.5846,0.5877,0.5844,0.5871,5464909.0
2025-11-10 15:30:00+00:00,0.5872,0.5903,0.586,0.5887,5531326.0
2025-11-10 15:45:00+00:00,0.5887,0.589,0.5819,0.5846,6494373.0
2025-11-10 16:00:00+00:00,0.5846,0.5882,0.5826,0.5863,6423652.0
2025-11-10 16:15:00+00:00,0.5863,0.5871,0.5823,0.5833,2873263.0
2025-11-10 16:30:00+00:00,0.5833,0.5849,0.5776,0.5792,9820781.0
2025-11-10 16:45:00+00:00,0.5791,0.5829,0.5777,0.5808,6408985.0
2025-11-10 17:00:00+00:00,0.5807,0.5845,0.5797,0.5827,6094146.0
2025-11-10 17:15:00+00:00,0.5826,0.5856,0.5823,0.5839,3876388.0
2025-11-10 17:30:00+00:00,0.5839,0.587,0.5839,0.5869,3526471.0
2025-11-10 17:45:00+00:00,0.587,0.5886,0.5853,0.5866,4423890.0
2025-11-10 18:00:00+00:00,0.5867,0.5877,0.5836,0.5837,3947811.0
2025-11-10 18:15:00+00:00,0.5837,0.5859,0.5836,0.5853,1889251.0
2025-11-10 18:30:00+00:00,0.5854,0.5873,0.5847,0.5867,2964156.0
2025-11-10 18:45:00+00:00,0.5867,0.588,0.5836,0.5837,2850758.0
2025-11-10 19:00:00+00:00,0.5836,0.5891,0.5835,0.5888,4692056.0
2025-11-10 19:15:00+00:00,0.5888,0.5902,0.5872,0.5873,4025994.0
2025-11-10 19:30:00+00:00,0.5873,0.5906,0.585,0.5895,4488123.0
2025-11-10 19:45:00+00:00,0.5895,0.5924,0.5875,0.5879,4292646.0
2025-11-10 20:00:00+00:00,0.5879,0.5944,0.5877,0.5937,5865093.0
2025-11-10 20:15:00+00:00,0.5936,0.5937,0.5893,0.5896,2825116.0
2025-11-10 20:30:00+00:00,0.5896,0.5929,0.5882,0.5927,2814089.0
2025-11-10 20:45:00+00:00,0.5927,0.5937,0.5898,0.5912,3163384.0
2025-11-10 21:00:00+00:00,0.5912,0.5914,0.5857,0.5875,4610375.0
2025-11-10 21:15:00+00:00,0.5875,0.5879,0.5852,0.5859,2779017.0
2025-11-10 21:30:00+00:00,0.5858,0.5872,0.5845,0.5871,2530184.0
2025-11-10 21:45:00+00:00,0.5872,0.5878,0.5834,0.5875,3988355.0
2025-11-10 22:00:00+00:00,0.5875,0.59,0.5846,0.586,2885935.0
2025-11-10 22:15:00+00:00,0.586,0.5902,0.5855,0.5899,2385848.0
2025-11-10 22:30:00+00:00,0.5899,0.592,0.5896,0.592,3448256.0
2025-11-10 22:45:00+00:00,0.5919,0.598,0.5918,0.5971,6244229.0
2025-11-10 23:00:00+00:00,0.5971,0.5976,0.594,0.595,4489476.0
2025-11-10 23:15:00+00:00,0.595,0.5958,0.5939,0.5945,2233718.0
2025-11-10 23:30:00+00:00,0.5946,0.5949,0.5917,0.5928,3057818.0
2025-11-10 23:45:00+00:00,0.5928,0.5948,0.5921,0.5924,2573082.0
2025-11-11 00:00:00+00:00,0.5924,0.5976,0.5918,0.5935,7980985.0
2025-11-11 00:15:00+00:00,0.5934,0.595,0.59,0.5912,3512749.0
2025-11-11 00:30:00+00:00,0.5911,0.5921,0.5867,0.5868,3813501.0
2025-11-11 00:45:00+00:00,0.5868,0.5933,0.5862,0.5927,4366394.0
2025-11-11 01:00:00+00:00,0.5926,0.5956,0.5916,0.5955,2863021.0
2025-11-11 01:15:00+00:00,0.5954,0.6068,0.5954,0.5994,20273137.0
2025-11-11 01:30:00+00:00,0.5993,0.6009,0.5937,0.5947,13027736.0
2025-11-11 01:45:00+00:00,0.5946,0.5981,0.5919,0.5933,5588307.0
2025-11-11 02:00:00+00:00,0.5933,0.5968,0.5897,0.5954,10372944.0
2025-11-11 02:15:00+00:00,0.5953,0.5977,0.5927,0.5976,3925664.0
2025-11-11 02:30:00+00:00,0.5977,0.6049,0.5973,0.6018,8136014.0
2025-11-11 02:45:00+00:00,0.6018,0.603,0.5986,0.6014,6152675.0
2025-11-11 03:00:00+00:00,0.6013,0.6035,0.5996,0.6017,3729386.0
2025-11-11 03:15:00+00:00,0.6016,0.6036,0.6001,0.6003,4120489.0
2025-11-11 03:30:00+00:00,0.6002,0.6021,0.5975,0.5978,4668554.0
2025-11-11 03:45:00+00:00,0.5977,0.5993,0.5968,0.5983,2345680.0
2025-11-11 04:00:00+00:00,0.5982,0.6002,0.5955,0.5958,3288429.0
2025-11-11 04:15:00+00:00,0.5958,0.5971,0.5925,0.5929,3408793.0
2025-11-11 04:30:00+00:00,0.5929,0.5936,0.5885,0.5897,6838276.0
2025-11-11 04:45:00+00:00,0.5897,0.5901,0.5878,0.5891,2889954.0
2025-11-11 05:00:00+00:00,0.589,0.5894,0.5845,0.5847,8506361.0
2025-11-11 05:15:00+00:00,0.5847,0.5868,0.5831,0.5853,4551837.0
2025-11-11 05:30:00+00:00,0.5853,0.5858,0.583,0.5831,3458476.0
2025-11-11 05:45:00+00:00,0.5832,0.5847,0.5816,0.5824,3975916.0
2025-11-11 06:00:00+00:00,0.5825,0.5835,0.5802,0.582,12725690.0
2025-11-11 06:15:00+00:00,0.582,0.584,0.581,0.583,3719152.0
2025-11-11 06:30:00+00:00,0.583,0.5841,0.5827,0.5829,2392576.0
2025-11-11 06:45:00+00:00,0.5829,0.5833,0.5792,0.5831,10433842.0
2025-11-11 07:00:00+00:00,0.5831,0.584,0.5791,0.5812,15129427.0
2025-11-11 07:15:00+00:00,0.5811,0.5812,0.5764,0.5797,7734000.0
2025-11-11 07:30:00+00:00,0.5797,0.5803,0.5763,0.5772,3305523.0
2025-11-11 07:45:00+00:00,0.5772,0.5777,0.5752,0.5756,5209194.0
2025-11-11 08:00:00+00:00,0.5755,0.5789,0.5749,0.5771,5505592.0
2025-11-11 08:15:00+00:00,0.577,0.579,0.5767,0.5771,2818120.0
2025-11-11 08:30:00+00:00,0.577,0.5779,0.5752,0.5766,2798740.0
2025-11-11 08:45:00+00:00,0.5766,0.5778,0.576,0.5772,2412876.0
2025-11-11 09:00:00+00:00,0.5773,0.5811,0.577,0.5787,4480676.0
2025-11-11 09:15:00+00:00,0.5787,0.5795,0.5769,0.5786,2182456.0
2025-11-11 09:30:00+00:00,0.5786,0.5806,0.5764,0.5764,3409301.0
2025-11-11 09:45:00+00:00,0.5765,0.5771,0.575,0.5751,4320589.0
2025-11-11 10:00:00+00:00,0.575,0.5771,0.5743,0.5759,3830162.0
2025-11-11 10:15:00+00:00,0.5759,0.578,0.5755,0.5773,3577132.0
2025-11-11 10:30:00+00:00,0.5772,0.5792,0.5757,0.5792,1932670.0
2025-11-11 10:45:00+00:00,0.5791,0.5804,0.5781,0.5792,2582762.0
2025-11-11 11:00:00+00:00,0.5791,0.5833,0.5791,0.5819,4439835.0
2025-11-11 11:15:00+00:00,0.5819,0.5836,0.581,0.5813,3162538.0
2025-11-11 11:30:00+00:00,0.5812,0.5821,0.5799,0.5816,2573710.0
2025-11-11 11:45:00+00:00,0.5815,0.5821,0.5781,0.58,2357597.0
2025-11-11 12:00:00+00:00,0.5799,0.5839,0.5787,0.5817,4528158.0
2025-11-11 12:15:00+00:00,0.5816,0.5825,0.5789,0.5792,2163318.0
2025-11-11 12:30:00+00:00,0.5791,0.5799,0.5766,0.5773,4246763.0
2025-11-11 12:45:00+00:00,0.5773,0.5802,0.5769,0.5787,4272703.0
2025-11-11 13:00:00+00:00,0.5786,0.5823,0.5785,0.5813,3539073.0
2025-11-11 13:15:00+00:00,0.5813,0.5825,0.5786,0.5798,3946471.0
2025-11-11 13:30:00+00:00,0.5797,0.5808,0.5771,0.5779,3803236.0
2025-11-11 13:45:00+00:00,0.5778,0.5796,0.5741,0.5754,6528885.0
2025-11-11 14:00:00+00:00,0.5754,0.5761,0.5724,0.575,8005545.0
2025-11-11 14:15:00+00:00,0.5749,0.5796,0.5745,0.5774,8965506.0
2025-11-11 14:30:00+00:00,0.5773,0.5787,0.5757,0.577,8632377.0
2025-11-11 14:45:00+00:00,0.577,0.5821,0.5735,0.5815,12920525.0
2025-11-11 15:00:00+00:00,0.5814,0.5814,0.5743,0.5765,10471377.0
2025-11-11 15:15:00+00:00,0.5764,0.5783,0.5742,0.5743,3730023.0
2025-11-11 15:30:00+00:00,0.5743,0.5744,0.5709,0.5723,8040021.0
2025-11-11 15:45:00+00:00,0.5723,0.5733,0.5702,0.5718,4925728.0
2025-11-11 16:00:00+00:00,0.5718,0.5737,0.5697,0.5722,7110643.0
2025-11-11 16:15:00+00:00,0.5722,0.5743,0.5706,0.5711,3708214.0
2025-11-11 16:30:00+00:00,0.5712,0.573,0.57,0.5726,2857992.0
2025-11-11 16:45:00+00:00,0.5725,0.5741,0.5709,0.5715,2433474.0
2025-11-11 17:00:00+00:00,0.5714,0.5753,0.5708,0.5735,4702042.0
2025-11-11 17:15:00+00:00,0.5735,0.5743,0.5708,0.5713,2134594.0
2025-11-11 17:30:00+00:00,0.5712,0.572,0.5662,0.569,7991589.0
2025-11-11 17:45:00+00:00,0.5689,0.5708,0.5674,0.5702,2969566.0
2025-11-11 18:00:00+00:00,0.5701,0.572,0.5679,0.5701,7407449.0
2025-11-11 18:15:00+00:00,0.5702,0.5707,0.5672,0.5695,2803985.0
2025-11-11 18:30:00+00:00,0.5694,0.5713,0.5677,0.568,2310620.0
2025-11-11 18:45:00+00:00,0.568,0.5701,0.5678,0.5684,2032510.0
2025-11-11 19:00:00+00:00,0.5684,0.5684,0.5606,0.5653,16422749.0
2025-11-11 19:15:00+00:00,0.5653,0.5669,0.5626,0.5652,10291907.0
2025-11-11 19:30:00+00:00,0.5652,0.5659,0.5627,0.5635,4500374.0
2025-11-11 19:45:00+00:00,0.5635,0.5643,0.561,0.562,3338176.0
2025-11-11 20:00:00+00:00,0.5621,0.5633,0.5602,0.5623,6735631.0
2025-11-11 20:15:00+00:00,0.5623,0.5642,0.5619,0.562,2183768.0
2025-11-11 20:30:00+00:00,0.5619,0.5619,0.5585,0.5591,6387712.0
2025-11-11 20:45:00+00:00,0.5591,0.5601,0.5579,0.5595,4117495.0
2025-11-11 21:00:00+00:00,0.5595,0.5623,0.5591,0.5609,4043503.0
2025-11-11 21:15:00+00:00,0.5609,0.5622,0.5592,0.5596,2505992.0
2025-11-11 21:30:00+00:00,0.5595,0.5595,0.5549,0.5559,6669976.0
2025-11-11 21:45:00+00:00,0.5558,0.558,0.5551,0.556,3359901.0
2025-11-11 22:00:00+00:00,0.5559,0.558,0.553,0.5578,6009674.0
2025-11-11 22:15:00+00:00,0.5577,0.5598,0.5559,0.5593,2964055.0
2025-11-11 22:30:00+00:00,0.5593,0.5613,0.5591,0.561,2971455.0
2025-11-11 22:45:00+00:00,0.5609,0.5619,0.5599,0.5608,1792193.0
2025-11-11 23:00:00+00:00,0.5608,0.5609,0.5577,0.5592,3209282.0
2025-11-11 23:15:00+00:00,0.5591,0.5611,0.5582,0.5589,1890809.0
2025-11-11 23:30:00+00:00,0.5588,0.5591,0.5562,0.5577,2050630.0
2025-11-11 23:45:00+00:00,0.5577,0.5581,0.5548,0.556,3711263.0
2025-11-12 00:00:00+00:00,0.5561,0.5589,0.5536,0.5558,6023550.0
2025-11-12 00:15:00+00:00,0.5558,0.5589,0.5554,0.5574,3435012.0
2025-11-12 00:30:00+00:00,0.5573,0.5578,0.5546,0.5563,3025357.0
2025-11-12 00:45:00+00:00,0.5562,0.557,0.5531,0.5538,2455146.0
2025-11-12 01:00:00+00:00,0.5538,0.5579,0.5523,0.5573,6422852.0
2025-11-12 01:15:00+00:00,0.5574,0.5595,0.5561,0.5575,5110304.0
2025-11-12 01:30:00+00:00,0.5575,0.5593,0.557,0.5588,1821393.0
2025-11-12 01:45:00+00:00,0.5589,0.5601,0.5582,0.5592,1833561.0
2025-11-12 02:00:00+00:00,0.5592,0.5611,0.5587,0.5605,3967659.0
2025-11-12 02:15:00+00:00,0.5605,0.5615,0.557,0.5579,3617581.0
2025-11-12 02:30:00+00:00,0.5578,0.558,0.5543,0.5565,3540314.0
2025-11-12 02:45:00+00:00,0.5564,0.5585,0.5554,0.5578,1951136.0
2025-11-12 03:00:00+00:00,0.5579,0.559,0.5569,0.5586,2397681.0
2025-11-12 03:15:00+00:00,0.5587,0.5605,0.5577,0.5598,2843591.0
2025-11-12 03:30:00+00:00,0.5597,0.5604,0.559,0.5602,1735035.0
2025-11-12 03:45:00+00:00,0.5602,0.5616,0.5595,0.5602,2329989.0
2025-11-12 04:00:00+00:00,0.5602,0.5619,0.5592,0.5618,2818140.0
2025-11-12 04:15:00+00:00,0.5618,0.5621,0.5595,0.5596,1781085.0
2025-11-12 04:30:00+00:00,0.5596,0.5603,0.5589,0.5592,1364615.0
2025-11-12 04:45:00+00:00,0.5592,0.5612,0.5588,0.561,1937695.0
2025-11-12 05:00:00+00:00,0.561,0.562,0.5565,0.5589,13010150.0
2025-11-12 05:15:00+00:00,0.5589,0.5629,0.5586,0.5615,10726287.0
2025-11-12 05:30:00+00:00,0.5615,0.5618,0.5602,0.5616,1687621.0
2025-11-12 05:45:00+00:00,0.5616,0.5622,0.5603,0.5608,1449933.0
2025-11-12 06:00:00+00:00,0.5608,0.5639,0.5605,0.5631,2957144.0
2025-11-12 06:15:00+00:00,0.5631,0.5649,0.5629,0.5643,2385715.0
2025-11-12 06:30:00+00:00,0.5643,0.5643,0.5625,0.5626,2113660.0
2025-11-12 06:45:00+00:00,0.5626,0.5635,0.5608,0.5608,2296743.0
2025-11-12 07:00:00+00:00,0.5608,0.5625,0.56,0.5615,2193591.0
2025-11-12 07:15:00+00:00,0.5615,0.5621,0.5596,0.5602,1311801.0
2025-11-12 07:30:00+00:00,0.5602,0.5611,0.5589,0.56,2176108.0
2025-11-12 07:45:00+00:00,0.5601,0.5603,0.5557,0.5565,5805113.0
2025-11-12 08:00:00+00:00,0.5565,0.5586,0.5565,0.5583,2595952.0
2025-11-12 08:15:00+00:00,0.5583,0.5631,0.5583,0.5631,3555738.0
2025-11-12 08:30:00+00:00,0.5631,0.5675,0.5625,0.5656,6924316.0
2025-11-12 08:45:00+00:00,0.5656,0.5666,0.564,0.5645,4164474.0
2025-11-12 09:00:00+00:00,0.5646,0.5694,0.564,0.5689,5454341.0
2025-11-12 09:15:00+00:00,0.5688,0.5705,0.5672,0.5674,12070562.0
2025-11-12 09:30:00+00:00,0.5674,0.5681,0.5655,0.5678,3497757.0
2025-11-12 09:45:00+00:00,0.5678,0.5679,0.5662,0.5667,1596720.0
2025-11-12 10:00:00+00:00,0.5667,0.5686,0.5665,0.5684,3590689.0
2025-11-12 10:15:00+00:00,0.5684,0.5694,0.5674,0.5687,2135369.0
2025-11-12 10:30:00+00:00,0.5688,0.5723,0.5688,0.5702,5582208.0
2025-11-12 10:45:00+00:00,0.5702,0.5726,0.5702,0.5715,2675043.0
2025-11-12 11:00:00+00:00,0.5715,0.5741,0.5709,0.5728,7864035.0
2025-11-12 11:15:00+00:00,0.5729,0.5742,0.5722,0.5725,3982582.0
2025-11-12 11:30:00+00:00,0.5725,0.5733,0.5712,0.572,2969491.0
2025-11-12 11:45:00+00:00,0.5721,0.5737,0.5717,0.5733,1959713.0
2025-11-12 12:00:00+00:00,0.5733,0.5738,0.5712,0.5736,6863608.0
2025-11-12 12:15:00+00:00,0.5736,0.5776,0.5725,0.5761,8958368.0
2025-11-12 12:30:00+00:00,0.5761,0.5769,0.574,0.5748,3397240.0
2025-11-12 12:45:00+00:00,0.5748,0.5764,0.5748,0.5753,2144890.0
2025-11-12 13:00:00+00:00,0.5753,0.5758,0.5733,0.5741,3816055.0
2025-11-12 13:15:00+00:00,0.5741,0.5769,0.5728,0.5768,3896984.0
2025-11-12 13:30:00+00:00,0.5768,0.5792,0.5754,0.5789,6254180.0
2025-11-12 13:45:00+00:00,0.5789,0.5805,0.5781,0.5793,5036718.0
2025-11-12 14:00:00+00:00,0.5793,0.5801,0.577,0.5797,5898098.0
2025-11-12 14:15:00+00:00,0.5798,0.5801,0.5771,0.5776,2965868.0
2025-11-12 14:30:00+00:00,0.5776,0.5777,0.5743,0.5757,5494078.0
2025-11-12 14:45:00+00:00,0.5757,0.5765,0.5631,0.5698,30821589.0
2025-11-12 15:00:00+00:00,0.5698,0.5738,0.5673,0.5679,14257316.0
2025-11-12 15:15:00+00:00,0.568,0.5698,0.5642,0.5658,12337484.0
2025-11-12 15:30:00+00:00,0.5657,0.5685,0.5611,0.563,15501041.0
2025-11-12 15:45:00+00:00,0.5629,0.5637,0.556,0.5578,17129256.0
2025-11-12 16:00:00+00:00,0.5578,0.5595,0.5452,0.549,29974765.0
2025-11-12 16:15:00+00:00,0.549,0.5521,0.5463,0.5491,14361951.0
2025-11-12 16:30:00+00:00,0.549,0.5537,0.5472,0.5506,10512713.0
2025-11-12 16:45:00+00:00,0.5507,0.5522,0.5474,0.5481,7100846.0
2025-11-12 17:00:00+00:00,0.5481,0.5488,0.5444,0.5448,15942692.0
2025-11-12 17:15:00+00:00,0.5448,0.5457,0.5419,0.5449,8519870.0
2025-11-12 17:30:00+00:00,0.545,0.5531,0.544,0.5485,9468238.0
2025-11-12 17:45:00+00:00,0.5486,0.5498,0.547,0.5487,4807480.0
2025-11-12 18:00:00+00:00,0.5488,0.5506,0.5475,0.5486,7292562.0
2025-11-12 18:15:00+00:00,0.5487,0.5517,0.5482,0.5493,6833227.0
2025-11-12 18:30:00+00:00,0.5493,0.5522,0.5487,0.5497,3574920.0
2025-11-12 18:45:00+00:00,0.5497,0.5499,0.5463,0.5463,3593332.0
2025-11-12 19:00:00+00:00,0.5463,0.5465,0.5413,0.5423,10262733.0
2025-11-12 19:15:00+00:00,0.5424,0.5438,0.5395,0.5418,6403914.0
2025-11-12 19:30:00+00:00,0.5418,0.5462,0.5389,0.5438,11038519.0
2025-11-12 19:45:00+00:00,0.5438,0.545,0.5424,0.5434,3881706.0
2025-11-12 20:00:00+00:00,0.5434,0.5459,0.5417,0.5441,5696746.0
2025-11-12 20:15:00+00:00,0.5442,0.5486,0.544,0.5474,6677439.0
2025-11-12 20:30:00+00:00,0.5475,0.5494,0.5467,0.5477,3877272.0
2025-11-12 20:45:00+00:00,0.5477,0.5486,0.5469,0.5473,2416699.0
2025-11-12 21:00:00+00:00,0.5474,0.5506,0.5472,0.5503,5069557.0
2025-11-12 21:15:00+00:00,0.5503,0.5504,0.5473,0.5477,2845345.0
2025-11-12 21:30:00+00:00,0.5477,0.5493,0.5475,0.5487,1685049.0
2025-11-12 21:45:00+00:00,0.5486,0.5497,0.5477,0.5493,1736148.0
2025-11-12 22:00:00+00:00,0.5493,0.5494,0.5454,0.5461,3177506.0
2025-11-12 22:15:00+00:00,0.5462,0.5479,0.5456,0.5461,1786413.0
2025-11-12 22:30:00+00:00,0.5462,0.5482,0.5457,0.5477,1878304.0
2025-11-12 22:45:00+00:00,0.5478,0.5508,0.5476,0.5495,2430067.0
2025-11-12 23:00:00+00:00,0.5495,0.5495,0.5456,0.5463,2801766.0
2025-11-12 23:15:00+00:00,0.5464,0.5478,0.5461,0.5463,2490677.0
2025-11-12 23:30:00+00:00,0.5463,0.5468,0.5445,0.5451,2930693.0
2025-11-12 23:45:00+00:00,0.5451,0.5456,0.5439,0.5454,3035308.0
2025-11-13 00:00:00+00:00,0.5455,0.548,0.5449,0.5471,4005787.0
2025-11-13 00:15:00+00:00,0.547,0.5489,0.5452,0.5458,2541853.0
2025-11-13 00:30:00+00:00,0.5459,0.5507,0.5459,0.5487,5684762.0
2025-11-13 00:45:00+00:00,0.5486,0.5492,0.547,0.5477,1869274.0
2025-11-13 01:00:00+00:00,0.5476,0.5546,0.5474,0.553,6584721.0
2025-11-13 01:15:00+00:00,0.5529,0.5534,0.5482,0.5498,6007033.0
2025-11-13 01:30:00+00:00,0.5498,0.5535,0.5493,0.5529,5736933.0
2025-11-13 01:45:00+00:00,0.5529,0.5533,0.5489,0.5493,1932445.0
2025-11-13 02:00:00+00:00,0.5494,0.5513,0.5491,0.5502,2249960.0
2025-11-13 02:15:00+00:00,0.5502,0.5516,0.5489,0.5491,2048144.0
2025-11-13 02:30:00+00:00,0.5492,0.553,0.5489,0.5523,3080849.0
2025-11-13 02:45:00+00:00,0.5522,0.5529,0.5507,0.5515,1702382.0
2025-11-13 03:00:00+00:00,0.5514,0.552,0.5455,0.5458,4526580.0
2025-11-13 03:15:00+00:00,0.5458,0.5553,0.5431,0.5549,11286270.0
2025-11-13 03:30:00+00:00,0.555,0.561,0.5548,0.5595,9803710.0
2025-11-13 03:45:00+00:00,0.5595,0.5637,0.5583,0.5585,8734438.0
2025-11-13 04:00:00+00:00,0.5584,0.559,0.5548,0.5587,12221540.0
2025-11-13 04:15:00+00:00,0.5587,0.562,0.5561,0.5597,6235593.0
2025-11-13 04:30:00+00:00,0.5596,0.5606,0.5572,0.5599,3830896.0
2025-11-13 04:45:00+00:00,0.5598,0.5615,0.5576,0.5598,4890984.0
2025-11-13 05:00:00+00:00,0.5597,0.5599,0.5575,0.5579,2852337.0
2025-11-13 05:15:00+00:00,0.5578,0.5608,0.5576,0.5607,2426667.0
2025-11-13 05:30:00+00:00,0.5606,0.5639,0.5596,0.5638,5012602.0
2025-11-13 05:45:00+00:00,0.5638,0.5679,0.5632,0.5666,8040266.0
2025-11-13 06:00:00+00:00,0.5667,0.5694,0.565,0.5678,6501975.0
2025-11-13 06:15:00+00:00,0.5679,0.5707,0.5676,0.5698,5587512.0
2025-11-13 06:30:00+00:00,0.5698,0.57,0.5671,0.5686,4293420.0
2025-11-13 06:45:00+00:00,0.5685,0.5693,0.5668,0.5673,2348589.0
2025-11-13 07:00:00+00:00,0.5673,0.569,0.5669,0.5684,4536983.0
2025-11-13 07:15:00+00:00,0.5684,0.5699,0.5675,0.5689,3915325.0
2025-11-13 07:30:00+00:00,0.5688,0.5702,0.5647,0.5656,8013330.0
2025-11-13 07:45:00+00:00,0.5656,0.5657,0.5628,0.5644,6797021.0
2025-11-13 08:00:00+00:00,0.5644,0.567,0.5638,0.5661,6217818.0
2025-11-13 08:15:00+00:00,0.5661,0.5675,0.5658,0.5674,3313429.0
2025-11-13 08:30:00+00:00,0.5674,0.5689,0.5669,0.5687,2137498.0
2025-11-13 08:45:00+00:00,0.5686,0.5693,0.5669,0.5676,3655582.0
2025-11-13 09:00:00+00:00,0.5676,0.5683,0.5617,0.5646,10107513.0
2025-11-13 09:15:00+00:00,0.5646,0.5676,0.5635,0.5662,7142276.0
2025-11-13 09:30:00+00:00,0.5662,0.5667,0.5636,0.5653,5198386.0
2025-11-13 09:45:00+00:00,0.5652,0.566,0.5635,0.5645,2975136.0
2025-11-13 10:00:00+00:00,0.5645,0.5675,0.5645,0.5666,2553386.0
2025-11-13 10:15:00+00:00,0.5666,0.5715,0.5664,0.5682,5824407.0
2025-11-13 10:30:00+00:00,0.5681,0.5682,0.5648,0.5656,4370505.0
2025-11-13 10:45:00+00:00,0.5656,0.5663,0.5641,0.5662,2228797.0
2025-11-13 11:00:00+00:00,0.5662,0.5687,0.5661,0.5685,3603073.0
2025-11-13 11:15:00+00:00,0.5685,0.569,0.5648,0.5654,3065245.0
2025-11-13 11:30:00+00:00,0.5654,0.566,0.5636,0.5657,2567861.0
2025-11-13 11:45:00+00:00,0.5658,0.566,0.5639,0.5645,2202218.0
2025-11-13 12:00:00+00:00,0.5645,0.5653,0.5616,0.5621,6629676.0
2025-11-13 12:15:00+00:00,0.562,0.5646,0.5619,0.5632,4766106.0
2025-11-13 12:30:00+00:00,0.5632,0.5651,0.5629,0.5641,2321583.0
2025-11-13 12:45:00+00:00,0.5641,0.5669,0.5639,0.566,7075690.0
2025-11-13 13:00:00+00:00,0.566,0.567,0.5645,0.5649,3176838.0
2025-11-13 13:15:00+00:00,0.5649,0.5657,0.5605,0.5626,8827933.0
2025-11-13 13:30:00+00:00,0.5626,0.5629,0.5577,0.5603,8745856.0
2025-11-13 13:45:00+00:00,0.5604,0.5624,0.5586,0.5596,8576646.0
2025-11-13 14:00:00+00:00,0.5597,0.5607,0.5564,0.5572,7803859.0
2025-11-13 14:15:00+00:00,0.5571,0.5605,0.5566,0.559,4325106.0
2025-11-13 14:30:00+00:00,0.559,0.5607,0.5528,0.5543,17745268.0
2025-11-13 14:45:00+00:00,0.5543,0.5686,0.5536,0.5637,19198025.0
2025-11-13 15:00:00+00:00,0.5637,0.5652,0.5576,0.5646,10358174.0
2025-11-13 15:15:00+00:00,0.5647,0.5656,0.5577,0.5591,8244608.0
2025-11-13 15:30:00+00:00,0.5592,0.5593,0.5547,0.5549,8531207.0
2025-11-13 15:45:00+00:00,0.555,0.5552,0.5515,0.5538,8615677.0
2025-11-13 16:00:00+00:00,0.5537,0.5545,0.5511,0.5529,16661106.0
2025-11-13 16:15:00+00:00,0.553,0.5536,0.5466,0.5489,11112947.0
2025-11-13 16:30:00+00:00,0.5488,0.5521,0.545,0.5467,8406440.0
2025-11-13 16:45:00+00:00,0.5466,0.5473,0.5462,0.5463,696344.0
