timestamp,open,high,low,close,volume
2025-05-18 16:58:47.736000+00:00,99.55821197062238,101.78751812516715,97.28880060103876,99.51718815075627,1689.6114808593509
2025-05-18 17:58:47.736000+00:00,99.85544920113263,102.29967317494234,97.15627584703707,99.5941026793885,1208.072303134629
2025-05-18 18:58:47.736000+00:00,99.67131432827482,103.9678443759425,95.87574431584832,100.1538971899952,2792.6569412850586
2025-05-18 19:58:47.736000+00:00,101.4234690760757,107.204036753377,95.78621840040428,101.55923976318287,1700.4041339609566
2025-05-18 20:58:47.736000+00:00,99.94172739023486,104.56543729596441,96.19569554101123,100.78769668982336,2163.8027147328535
2025-05-18 21:58:47.736000+00:00,99.90131911676792,101.85894846417952,98.40693230754167,100.35773430923665,582.3440725082056
2025-05-18 22:58:47.736000+00:00,100.89566301838993,102.0626425385957,99.74561610090697,100.91240479204625,1571.9090084721415
2025-05-18 23:58:47.736000+00:00,103.18240860916464,107.6808418972892,98.78595911752812,103.28022461080766,998.2061003965014
2025-05-19 00:58:47.736000+00:00,102.13041158681612,107.09334206770338,96.88399504898645,101.83244618372937,1002.027924447942
2025-05-19 01:58:47.736000+00:00,100.67266564909801,101.4222665154653,99.9037430036537,100.65319892228177,2061.6290364468805
2025-05-19 02:58:47.736000+00:00,102.2351936260813,107.535272041543,95.94163043787557,101.18738852588245,2858.4768881718664
2025-05-19 03:58:47.736000+00:00,101.11774931512085,106.04367048636061,95.98305657942909,100.89828669417132,781.71544927101
2025-05-19 04:58:47.736000+00:00,101.28341434123293,108.70369662986126,94.31331763703517,101.7046139183921,1371.3244967068802
2025-05-19 05:58:47.736000+00:00,101.87176460100406,108.24308156385071,94.87314917907358,101.20261589501591,1746.8634921018413
2025-05-19 06:58:47.736000+00:00,100.69623528791746,101.55669426407948,99.95846790754935,100.8180345019179,1686.2398262677261
2025-05-19 07:58:47.736000+00:00,101.53987499756269,107.46759065939122,95.82288807202801,101.7393715067652,1339.140560083519
2025-05-19 08:58:47.736000+00:00,101.28559671260749,103.83325061602886,98.67498877038936,101.221018322542,432.4899969578858
2025-05-19 09:58:47.736000+00:00,102.22035647151576,107.45452549578545,97.54825544883163,102.75785736568712,1921.2714755540028
2025-05-19 10:58:47.736000+00:00,103.63357198601558,106.51166596042862,100.15655352673737,103.01753914153525,330.30277676954313
2025-05-19 11:58:47.736000+00:00,104.09654033145962,106.88489931022485,100.68683738021454,103.45809477822456,1114.4271230908878
2025-05-19 12:58:47.736000+00:00,103.72231530556941,109.058411524086,98.18407052169779,103.50920296698294,581.6247792867833
2025-05-19 13:58:47.736000+00:00,104.12927963931566,109.41505175826053,99.3286483898341,104.59303994948776,1881.147411519772
2025-05-19 14:58:47.736000+00:00,103.74464797604973,106.05738463758945,101.5765340797206,103.88631020448048,1420.1833317537569
2025-05-19 15:58:47.736000+00:00,105.34893272923269,112.1037780345099,98.26315682583653,104.9953295241098,2410.7941032915896
2025-05-19 16:58:47.736000+00:00,106.63650753841024,112.16970833019981,100.73825853963365,106.25148090447617,2124.334993816794
2025-05-19 17:58:47.736000+00:00,107.10965101936806,111.0012635022102,103.37991803909719,107.26608329462911,2083.099073178663
2025-05-19 18:58:47.736000+00:00,108.706292491365,113.66394857593319,103.90874238973169,108.85963115737779,808.7453911584178
2025-05-19 19:58:47.736000+00:00,108.78056551079911,114.20243352906006,102.99957846069626,108.40260823853112,2004.7622742704123
2025-05-19 20:58:47.736000+00:00,108.48239254920719,115.19283163605563,101.00999862358097,107.67019742950133,1955.7837260187146
2025-05-19 21:58:47.736000+00:00,110.32511209781343,115.1333370789003,104.91621911271596,109.69707267505514,144.8517102470498
2025-05-19 22:58:47.736000+00:00,110.9308522049816,115.41700401185369,105.95937895669832,110.42507670946384,663.2026689498513
2025-05-19 23:58:47.736000+00:00,111.7871215680499,115.16776009169605,108.19800471017516,111.57214187091157,1293.0621773155199
2025-05-20 00:58:47.736000+00:00,110.90531023518533,115.25368351203615,107.01773070223203,111.35049872398989,1884.60306048947
2025-05-20 01:58:47.736000+00:00,111.30791831738307,117.58736851861809,105.46653662342348,111.7241435412684,1738.809034159172
2025-05-20 02:58:47.736000+00:00,111.5990984911077,117.28448542847603,105.89236410861069,111.5766051274393,1504.2277850484215
2025-05-20 03:58:47.736000+00:00,110.54295766805534,114.21253689173135,107.19148849784872,110.85170698222844,1768.3484072708243
2025-05-20 04:58:47.736000+00:00,111.36706843778344,119.15612930282494,103.7986389323218,111.57365997812892,1241.8455302335196
2025-05-20 05:58:47.736000+00:00,111.22786479380693,116.07200555406423,106.67616229925011,111.50880628149496,1326.2886337200694
2025-05-20 06:58:47.736000+00:00,112.7749033911745,114.90224808573413,110.82041630902413,112.94481626580459,1410.5074307283303
2025-05-20 07:58:47.736000+00:00,114.14019544288735,117.78397249822052,109.98083538848698,113.60761035877943,1916.9017564100448
2025-05-20 08:58:47.736000+00:00,114.65373536916084,117.6306524021784,111.28819035165577,114.25474790914598,1094.0341400603388
2025-05-20 09:58:47.736000+00:00,115.24907637994747,120.33632951036317,110.10462756321486,115.18923940715146,1160.3044968673767
2025-05-20 10:58:47.736000+00:00,115.27104461055423,120.17717923409715,110.32552142455758,115.22990507861165,1664.5544044280846
2025-05-20 11:58:47.736000+00:00,115.19987995779448,119.9291821645774,110.40855531523714,115.13520230966986,348.649528448737
2025-05-20 12:58:47.736000+00:00,117.25460985643224,123.00425430524552,111.04933719393752,116.77548761968251,1467.807828793495
2025-05-20 13:58:47.736000+00:00,117.91048923277874,121.19078721782189,114.06461243397074,117.32872561618854,830.0648584481365
2025-05-20 14:58:47.736000+00:00,117.08119427284997,119.66612665834406,115.09556460913926,117.67050266352939,2116.7271516193464
2025-05-20 15:58:47.736000+00:00,117.98529233469036,118.92994361788432,117.04685495404742,117.99145720280185,696.1476440716567
2025-05-20 16:58:47.736000+00:00,118.25210591692355,122.35509950462219,115.18050327433052,119.25738470975365,556.7766213225319
2025-05-20 17:58:47.736000+00:00,117.41770070864445,125.4668175676503,109.29647096956491,117.340280591535,1702.2030593221386
2025-05-20 18:58:47.736000+00:00,117.00418324565152,119.58358091177801,114.78498937294007,117.35768229650186,1218.0399609404374
2025-05-20 19:58:47.736000+00:00,118.28588897347167,124.78634209801544,111.84042280813607,118.33803449329424,1214.501112806073
2025-05-20 20:58:47.736000+00:00,119.16894478019059,120.74114921551711,117.92613913206397,119.4949437441028,1222.5018095303055
2025-05-20 21:58:47.736000+00:00,119.1502591226286,129.9946610935399,108.90892369216282,119.70559298964255,1767.3647999283487
2025-05-20 22:58:47.736000+00:00,119.85663605624502,122.93764870305031,117.02128658937421,120.09662208487019,1461.2425086512962
2025-05-20 23:58:47.736000+00:00,120.39071807656312,127.7291450178292,113.49132771629412,120.80595795574311,1580.0078176201953
2025-05-21 00:58:47.736000+00:00,119.98095551129552,122.90998906409006,117.07118561217757,119.99976304593278,442.12749135879636
2025-05-21 01:58:47.736000+00:00,120.92383406818044,122.92931650889017,118.57225987150572,120.5719056946542,450.5237040939531
2025-05-21 02:58:47.736000+00:00,120.14860011765136,123.27005640030133,117.0503903601497,120.17126226571831,1403.9506788895446
2025-05-21 03:58:47.736000+00:00,119.4511269387436,123.35446125348993,115.64183634919861,119.54226429801986,1101.735663601869
2025-05-21 04:58:47.736000+00:00,120.58673985903516,126.46144978118693,114.69264719516191,120.56636447525885,792.3547036448302
2025-05-21 05:58:47.736000+00:00,120.81765346315497,126.60960848587484,114.50752195705522,120.27338494185436,1492.4409464626863
2025-05-21 06:58:47.736000+00:00,120.56010401153854,126.88729892517125,114.78615369536588,121.088063211206,537.4155476978973
2025-05-21 07:58:47.736000+00:00,120.48262192831322,125.76839107931616,115.20383803787969,120.48931398540957,786.8213770646137
2025-05-21 08:58:47.736000+00:00,120.87940525573285,123.9468161113889,117.39060845143301,120.44704789590234,740.3391154596557
2025-05-21 09:58:47.736000+00:00,120.14855951116874,125.19441367534826,115.26257709631876,120.30218394240664,2293.8909544848307
2025-05-21 10:58:47.736000+00:00,117.93100092823491,119.64571670498258,116.66229941460719,118.37226804048848,1111.6855512269854
2025-05-21 11:58:47.736000+00:00,118.96351834809047,121.16064073006214,117.46445687524871,119.65289244164555,1356.523449750959
2025-05-21 12:58:47.736000+00:00,119.81269419888193,125.00110621984744,114.95054336413783,120.12623163879748,1985.5137374994297
2025-05-21 13:58:47.736000+00:00,118.67040911626192,121.8134257736478,116.01119764685669,119.14361062561382,993.8652056746395
2025-05-21 14:58:47.736000+00:00,122.15837508766305,125.04552311079202,118.22966654198808,121.09160195116439,1473.9590308612123
2025-05-21 15:58:47.736000+00:00,121.79963957707002,125.83560774426097,117.25665279954518,121.27524454710702,1559.4599008292964
2025-05-21 16:58:47.736000+00:00,120.37565974905486,130.45620691438003,110.70517634581628,120.7552303745562,1278.8372702249637
2025-05-21 17:58:47.736000+00:00,120.61903473895323,121.34531347745224,119.74848079658177,120.47388555389493,1452.2378480482507
2025-05-21 18:58:47.736000+00:00,120.23021829109867,123.92648079166743,116.58658681135249,120.28130122049892,1713.912113262205
2025-05-21 19:58:47.736000+00:00,119.81454330535271,125.1702369231531,115.18368221865737,120.5124033758911,1088.3478213583967
2025-05-21 20:58:47.736000+00:00,121.99663280685105,124.32048313243716,120.02447830958003,122.3427336904662,2653.474613985756
2025-05-21 21:58:47.736000+00:00,121.3778239702893,126.11606552414572,115.21530886526033,119.8956922548091,2072.2706922802413
2025-05-21 22:58:47.736000+00:00,120.99372925995618,129.74557086053667,112.3563351397067,121.1005510407799,1191.929809613441
2025-05-21 23:58:47.736000+00:00,120.6609376249348,128.53314609664798,112.92515851987385,120.78914725302405,1738.7717518185
2025-05-22 00:58:47.736000+00:00,121.07393572698473,124.4725215052952,117.38583138116921,120.77605556389908,1620.1580639921851
2025-05-22 01:58:47.736000+00:00,121.56790088451855,128.97832624488086,113.97177245580274,121.37014307580829,1279.7692532523354
2025-05-22 02:58:47.736000+00:00,119.77189852336231,124.23530135463758,116.87318819803241,121.2996172964346,689.9961239703092
2025-05-22 03:58:47.736000+00:00,120.8586992496386,124.11935786400446,117.57599693235188,120.8360443376412,1307.1146873262999
2025-05-22 04:58:47.736000+00:00,121.79721418013014,127.09991718302979,117.36589804248172,122.63801057056237,2127.6169622042958
2025-05-22 05:58:47.736000+00:00,123.12406392710926,127.98510726720076,118.51583787206461,123.3677602670898,2568.2153954268542
2025-05-22 06:58:47.736000+00:00,123.7177421891463,128.9588723601062,118.79820116272137,124.02703263651784,1808.1090015744917
2025-05-22 07:58:47.736000+00:00,123.5850078170908,127.56655621542725,119.1827872918904,123.15033169367793,2034.2008369611208
2025-05-22 08:58:47.736000+00:00,124.61565585151368,130.44242662577878,119.37905477206691,125.18202554982841,1692.6980266658388
2025-05-22 09:58:47.736000+00:00,124.94241296863599,129.46805871263692,120.21556178473571,124.73364558729163,640.8931435003993
2025-05-22 10:58:47.736000+00:00,122.89117614298826,126.8822710842456,119.14645026644789,123.13025987552761,865.8630535362164
2025-05-22 11:58:47.736000+00:00,122.07284125472655,126.22528762616527,118.76848260404634,122.89857733580304,1864.8957667075008
2025-05-22 12:58:47.736000+00:00,122.45783228604778,125.66755252127506,120.01127503871189,123.20604686463265,1544.5451031918465
2025-05-22 13:58:47.736000+00:00,121.93978002496259,126.51172878528304,117.74265048420924,122.30212736120622,1507.8008593170732
2025-05-22 14:58:47.736000+00:00,122.23598397625753,126.95805744253848,119.07266922399269,123.75542154186799,2139.597989540995
2025-05-22 15:58:47.736000+00:00,125.13885707175878,129.10877879536062,120.82049831097095,124.77900400818567,798.1118046890675
2025-05-22 16:58:47.736000+00:00,124.6750631305932,125.17637639561637,124.51644161354841,125.01731943292167,2467.758233816382
2025-05-22 17:58:47.736000+00:00,124.77005970994071,128.37385963632644,120.94949835820104,124.54685123563,1426.5788821703704
2025-05-22 18:58:47.736000+00:00,123.54956995011577,128.94672103980656,119.0223890224484,124.38878892351083,1255.8168711877424
2025-05-22 19:58:47.736000+00:00,122.98376573112154,132.338340273659,114.86518981814712,124.14322454776745,2227.6008364762138
2025-05-22 20:58:47.736000+00:00,126.64819576083991,132.25411289567265,120.73320345134123,126.32480616779652,910.7256914839007
2025-05-22 21:58:47.736000+00:00,124.04855521200511,127.9835229908748,121.22895870017129,125.13913777603551,999.7024406272831
2025-05-22 22:58:47.736000+00:00,124.4586472769692,127.58919590802017,121.34034397351796,124.470593297795,2263.9821309523763
2025-05-22 23:58:47.736000+00:00,124.46010751621111,127.50839100228951,121.70779705047018,124.74967699785027,819.3624901500907
2025-05-23 00:58:47.736000+00:00,127.08312023626692,128.47395449645668,125.42538707557713,126.81326799513873,2023.5636956417384
2025-05-23 01:58:47.736000+00:00,127.99564351256927,129.09193424701897,125.86104205033227,126.94836275928196,1074.9464463387626
2025-05-23 02:58:47.736000+00:00,126.70815258676544,137.8904376828311,116.38061295045102,127.49848112366004,2428.074800011261
2025-05-23 03:58:47.736000+00:00,128.4184507348205,135.82471166126402,120.41538762233155,127.78512270193002,600.9626149886157
2025-05-23 04:58:47.736000+00:00,129.55884011853533,135.14147574429612,123.74895380948682,129.32135636055645,732.8618222247301
2025-05-23 05:58:47.736000+00:00,132.46503357377537,140.6138981041889,123.77667966220439,131.8901809255829,1751.220322335666
2025-05-23 06:58:47.736000+00:00,127.93400121145477,131.75365935741874,125.44001015840648,129.23431943706328,363.8369843300738
2025-05-23 07:58:47.736000+00:00,129.98867245337837,136.6490545572767,123.12428567503854,129.7736504439936,1167.0470376273613
2025-05-23 08:58:47.736000+00:00,130.19037882829656,135.14729701001252,126.08740010475279,131.01822842251758,1545.6366503910392
2025-05-23 09:58:47.736000+00:00,130.1776059149581,137.57652249790496,122.99935670209543,130.3867411565128,1572.0776073329732
2025-05-23 10:58:47.736000+00:00,130.3139487307279,136.34981980039558,124.28050483550489,130.31626850142575,2512.8681744552305
2025-05-23 11:58:47.736000+00:00,129.09713077760338,132.14473844479548,126.61923211788728,129.65611068859283,840.4879178749836
2025-05-23 12:58:47.736000+00:00,131.4629409641613,137.14734241704286,125.27802441671442,130.93980572515966,1520.7858137952878
2025-05-23 13:58:47.736000+00:00,130.78661647952578,136.95943421338828,125.22415532437103,131.37207311157638,1281.746881631476
2025-05-23 14:58:47.736000+00:00,133.43818356571666,137.7848565497104,129.3912303171057,133.72908088010993,2465.5220584403937
2025-05-23 15:58:47.736000+00:00,130.9751732559476,135.14064353424763,126.93458674374406,131.09631965344542,2228.7102951299007
2025-05-23 16:58:47.736000+00:00,133.63244749720607,138.54145343501636,128.7225421357262,133.63151377305414,948.0117773158877
2025-05-23 17:58:47.736000+00:00,134.01577805753442,143.577609388558,125.03228044309006,134.55777970502567,2443.1724903523013
2025-05-23 18:58:47.736000+00:00,133.77629966640606,141.97832720822205,125.81441918954275,134.0029569135405,1935.2788115715778
2025-05-23 19:58:47.736000+00:00,136.42996221828312,143.96438721359598,129.4555007714556,136.96269198917133,2024.6904876673761
2025-05-23 20:58:47.736000+00:00,137.43835858863827,145.50191638224481,128.63527182353633,136.65273691156918,1715.2832179697268
2025-05-23 21:58:47.736000+00:00,135.96722904531785,138.55902347369465,133.5082527108888,136.09768778433778,1851.7096219553848
2025-05-23 22:58:47.736000+00:00,141.0672045343126,146.31028475034057,134.5386933205359,139.73215335408753,1921.7286791910192
2025-05-23 23:58:47.736000+00:00,141.09151793817173,143.3151743972078,138.64847422025244,140.86861768578484,1283.5452467465461
2025-05-24 00:58:47.736000+00:00,140.87942304801808,144.36714871397703,137.50874282132187,140.99373349618696,1805.559624367706
2025-05-24 01:58:47.736000+00:00,140.32372237385667,144.024308296151,136.53984945539057,140.23817945900564,1003.0295811817389
2025-05-24 02:58:47.736000+00:00,137.88085096895375,147.8003686256295,128.70500082861753,138.5781161001405,2683.1553870133157
2025-05-24 03:58:47.736000+00:00,139.9132273786999,145.53238577409573,134.52554709985347,140.13612240995667,1567.7469276200218
2025-05-24 04:58:47.736000+00:00,141.83779087557943,148.42138338408557,135.03858045808292,141.61167761437474,858.535462963294
2025-05-24 05:58:47.736000+00:00,142.21999300452813,153.15005985001642,131.2187686106027,142.1429114923587,1573.4207877948356
2025-05-24 06:58:47.736000+00:00,147.71984593528387,154.1225538775647,139.96277911082086,146.3041246133099,1394.709350443097
2025-05-24 07:58:47.736000+00:00,143.03039593667035,152.4839168974559,134.36333425109444,143.77192175578736,1052.4212412073923
2025-05-24 08:58:47.736000+00:00,145.78969882302437,152.14589387188977,138.38335889692635,144.69168219697542,2123.8771823204756
2025-05-24 09:58:47.736000+00:00,143.9690604411114,148.4839583091809,139.98076118587912,144.48146420173111,1448.3431642769685
2025-05-24 10:58:47.736000+00:00,142.91127123563655,150.64154283560677,136.3845516296855,144.06225797264239,1601.9440947206954
2025-05-24 11:58:47.736000+00:00,144.6229723367329,154.5212592698119,134.68120230354705,144.5762945125092,1754.7227260875648
2025-05-24 12:58:47.736000+00:00,146.53432057234028,153.0206603946658,140.81475471078335,147.2722899208112,801.6087148861583
2025-05-24 13:58:47.736000+00:00,147.63557890948448,150.21861309565205,144.74161259977924,147.31910983858606,1840.059645802933
2025-05-24 14:58:47.736000+00:00,146.6189632683092,150.21594252535877,143.16325406869584,146.7569803568794,1231.5225581308043
2025-05-24 15:58:47.736000+00:00,146.8391705954422,147.90767275212337,146.1960974209877,147.2627445613692,1852.2707332865295
2025-05-24 16:58:47.736000+00:00,146.73752658025523,153.77491739261976,139.38788507798932,146.40954626973334,1095.1083370846
2025-05-24 17:58:47.736000+00:00,146.81166324720013,155.04319298571517,139.79821943871585,147.97421222758922,819.6807246240951
2025-05-24 18:58:47.736000+00:00,147.59475721826843,152.77539200320936,142.63210909417552,147.80565283629812,334.29434183317784
2025-05-24 19:58:47.736000+00:00,146.16902275368517,149.7126480428334,144.46187943993814,147.98430362542987,2084.478453232222
2025-05-24 20:58:47.736000+00:00,150.20960209716316,160.97775147165075,139.30064253222025,150.05791805869015,1388.5076305733453
2025-05-24 21:58:47.736000+00:00,151.1109807001129,154.29171239924116,147.51746165142737,150.689317776989,1292.4128768067583
2025-05-24 22:58:47.736000+00:00,152.41220482033168,157.39975109905978,147.64822863993072,152.6289985571497,698.8092803927302
2025-05-24 23:58:47.736000+00:00,151.2420868991113,155.05363630841387,148.50688570079257,152.2993152194095,1364.652578266111
2025-05-25 00:58:47.736000+00:00,154.00538833230593,163.32874678956028,146.1243923797368,155.37753336248412,842.5377945432435
2025-05-25 01:58:47.736000+00:00,154.2555035035046,162.64200644262965,146.84179975312188,155.18369280569863,1026.42497948035
2025-05-25 02:58:47.736000+00:00,157.69284737172703,167.28172553806112,147.41950960842522,156.96407296185922,1324.1002214593666
2025-05-25 03:58:47.736000+00:00,158.04971764274686,161.9074409503421,154.08336030206056,157.9383656991491,1285.6094109927542
2025-05-25 04:58:47.736000+00:00,157.97618578351214,166.05200507904993,150.71576488549294,158.75575594850739,1546.8188580090464
2025-05-25 05:58:47.736000+00:00,159.826881844451,165.03524317960182,154.38119176105408,159.58155862133856,1808.5506189045059
2025-05-25 06:58:47.736000+00:00,159.48028217207354,163.3901617035155,154.92649373264405,158.82019019701977,931.2257206162318
2025-05-25 07:58:47.736000+00:00,159.50852406096482,160.862604854016,157.31950645032052,158.66643871257642,1446.2683097089885
2025-05-25 08:58:47.736000+00:00,156.26244613366987,159.0695032393413,152.15789348095754,154.9412163657719,2449.976931624095
2025-05-25 09:58:47.736000+00:00,158.92924822248514,159.53594294239062,157.7054816275187,158.30981171749548,508.1109204618023
2025-05-25 10:58:47.736000+00:00,159.77565035537407,171.10967233955395,149.10660664741096,160.39900408978394,2406.5238463669075
2025-05-25 11:58:47.736000+00:00,158.0813613112766,165.02754682124797,152.19382294380486,159.10199621071493,711.1344805217007
2025-05-25 12:58:47.736000+00:00,160.9742104608699,166.11917641127286,155.34293383638493,160.4718434177326,821.679980533107
2025-05-25 13:58:47.736000+00:00,156.91873492507094,163.21802467163548,150.7039535545339,157.0000238456921,1495.8960029245168
2025-05-25 14:58:47.736000+00:00,159.21639027818506,170.69110559596146,147.93724481933563,159.3990221978477,2160.1456721023283
2025-05-25 15:58:47.736000+00:00,160.81435247438367,169.46416023093835,153.29848696990678,161.89766473525253,809.0968786637525
2025-05-25 16:58:47.736000+00:00,164.0355302740496,166.0287064263179,162.22659679310956,164.21776333511272,1341.8819101465506
2025-05-25 17:58:47.736000+00:00,162.13724310487163,171.0548207068557,154.58245834135323,163.43936363774225,1235.2545505700614
2025-05-25 18:58:47.736000+00:00,160.95572420146672,167.3889836182728,155.32750747052927,161.73356765859597,1363.1462272012939
2025-05-25 19:58:47.736000+00:00,160.219031232506,166.3815038653458,153.5994348938085,159.74362195443524,2553.084999266202
2025-05-25 20:58:47.736000+00:00,156.88144555246186,163.78685199962715,151.4373094832543,158.2937072979414,2063.7268061169107
2025-05-25 21:58:47.736000+00:00,159.28857521501618,162.83512008519824,155.63457192092395,159.17866975660135,1367.2766038033265
2025-05-25 22:58:47.736000+00:00,158.69443594202528,168.83660857452048,150.2643884248255,160.32019851020266,991.77227782744
2025-05-25 23:58:47.736000+00:00,161.17465711532117,165.73384011200147,157.0155526758802,161.56467137300132,1788.0442993965098
2025-05-26 00:58:47.736000+00:00,162.37906686812073,170.22331942117953,154.99570153125444,162.8199090210325,1639.1930597401495
2025-05-26 01:58:47.736000+00:00,162.77253843637192,168.9095015889564,156.48262509803916,162.6135956805934,1681.7010325699243
2025-05-26 02:58:47.736000+00:00,162.9009358087348,166.2067707140761,160.9446295601509,164.23445005623174,1885.7527239918752
2025-05-26 03:58:47.736000+00:00,162.2768906877023,170.2569448608379,156.77096837733882,164.66983200670774,1765.404234306659
2025-05-26 04:58:47.736000+00:00,167.37010840483165,170.36753815037216,164.56552991354712,167.55978135748725,1824.1024262187907
2025-05-26 05:58:47.736000+00:00,166.244460399512,169.41925209735516,163.787591416807,166.9519277017778,1430.8332964269835
2025-05-26 06:58:47.736000+00:00,166.4427758355664,173.49497030582714,159.4809661920262,166.52953191189053,988.0854828612838
2025-05-26 07:58:47.736000+00:00,170.6382308248819,178.97120501188272,162.71733520859453,171.032029560734,1457.0408999333515
2025-05-26 08:58:47.736000+00:00,172.03337951502326,178.73786567501253,167.0529412107339,173.7089197791423,1845.7310796857028
2025-05-26 09:58:47.736000+00:00,171.38032633659745,179.42267619399794,163.03772038249562,171.0652863872457,1097.9912479260383
2025-05-26 10:58:47.736000+00:00,170.6263343346921,175.28011832029048,165.68115402616982,170.32676741043542,1157.9672638517839
2025-05-26 11:58:47.736000+00:00,170.2511516061617,181.12992187886442,159.1906445051634,170.0570094088268,1603.2070909495137
2025-05-26 12:58:47.736000+00:00,170.27999914711836,175.55691304708722,164.8765157197959,170.14938183788718,1068.5557216531647
2025-05-26 13:58:47.736000+00:00,173.8562069521281,174.1449177155249,173.52183562107828,173.8104704330577,212.60139793973028
2025-05-26 14:58:47.736000+00:00,173.72340455966756,181.72976533205787,165.19775836310018,173.17903066930265,104.7012968135661
2025-05-26 15:58:47.736000+00:00,174.69765805856508,179.64568042573634,167.8760744393605,172.76948447735904,1177.6470261186553
2025-05-26 16:58:47.736000+00:00,173.53097602048504,179.1650403730558,167.8303818234664,173.462213654776,2148.98202028928
2025-05-26 17:58:47.736000+00:00,176.87779199529237,184.43854181480566,168.8556234826119,176.3957689302542,1464.8407997479846
2025-05-26 18:58:47.736000+00:00,178.83992981227527,188.96744942244797,169.02141775252173,179.13285541942042,608.1224871847536
2025-05-26 19:58:47.736000+00:00,178.7832688922195,188.8618377263995,167.7355411567704,177.75621157617988,1730.1676782215047
2025-05-26 20:58:47.736000+00:00,176.74547227352605,177.36700682532148,175.956434320307,176.57737775908922,1264.2466147044097
2025-05-26 21:58:47.736000+00:00,177.830298272559,182.6587826050185,173.25636727047402,178.07846847588593,554.4589389600268
2025-05-26 22:58:47.736000+00:00,175.40809719262194,185.12347290829865,166.55608173057033,176.22998087161403,1152.9861374610248
2025-05-26 23:58:47.736000+00:00,176.34495077173972,183.76910880688052,168.98976956458054,176.41116583214153,1015.9716114728955
2025-05-27 00:58:47.736000+00:00,177.3678425676053,184.4990951572791,169.97777650445215,177.0981873341187,1491.1493173655242
2025-05-27 01:58:47.736000+00:00,178.2043925438825,179.00202148224207,177.07641449597804,177.87255816960374,1493.4791469588988
2025-05-27 02:58:47.736000+00:00,178.36889550111908,183.55797706847568,173.1343663958831,178.32208619378324,1764.3106897992272
2025-05-27 03:58:47.736000+00:00,179.4023574085176,186.6648402606592,171.5255531778219,178.76211816236338,2514.2897391190327
2025-05-27 04:58:47.736000+00:00,179.31591838895756,189.3504870548931,170.51707779876227,180.4938467768356,1569.443407967467
2025-05-27 05:58:47.736000+00:00,178.69627164579418,185.4370290532453,172.8287954432152,179.54179032011805,1140.089257861415
2025-05-27 06:58:47.736000+00:00,182.45695384566497,192.55021686171423,170.44698152723927,180.4280059910675,1913.2008043174508
2025-05-27 07:58:47.736000+00:00,182.0179074131858,189.98297980541352,173.278380014397,181.2080115004709,1257.9564962145487
2025-05-27 08:58:47.736000+00:00,179.617825457676,189.46784316681146,169.37234843542367,179.19942138672135,1242.2563565195587
2025-05-27 09:58:47.736000+00:00,178.3870434585991,185.60798412556676,171.31510669759265,178.53036553562512,1591.4044919191374
2025-05-27 10:58:47.736000+00:00,175.8783292952693,182.0134169116737,172.38597513918904,178.4696086327346,884.2113382423397
2025-05-27 11:58:47.736000+00:00,176.8619735304029,186.5679597509292,167.9778103532541,177.64448910742055,1433.9217936802202
2025-05-27 12:58:47.736000+00:00,178.16587688994676,185.11817672811353,171.2570508368667,178.20772780159774,632.4793183118775
2025-05-27 13:58:47.736000+00:00,178.0126945906344,187.6418563954394,167.69296829488442,177.28263955622623,1487.9137008090477
2025-05-27 14:58:47.736000+00:00,179.94365883070665,181.6973910729126,177.83635824202585,179.586610690391,556.2279213710063
2025-05-27 15:58:47.736000+00:00,178.0649670775475,182.64680837406488,174.27658599891194,178.84189787924564,1810.469433938054
2025-05-27 16:58:47.736000+00:00,181.1695235229317,191.56341383668368,170.22291198372434,180.5831621130805,2054.2587919554076
2025-05-27 17:58:47.736000+00:00,179.78999633531254,185.9842643187085,174.51063905310897,180.67880795322353,1850.8206667500322
2025-05-27 18:58:47.736000+00:00,182.27046518920415,193.0195843810751,170.71793573127286,181.4167057805363,1398.5101884602743
2025-05-27 19:58:47.736000+00:00,180.88097935138862,186.5391103384058,175.32902182149815,180.98399097169278,984.0799167843965
2025-05-27 20:58:47.736000+00:00,182.17480712540757,195.6220539747565,167.93380432169852,181.3177904195795,942.1925502769482
2025-05-27 21:58:47.736000+00:00,181.08572183031842,185.9670287974735,175.39601983851873,180.254932223398,1740.048798719585
2025-05-27 22:58:47.736000+00:00,177.05334097232424,185.7954749472515,170.07250128475673,178.74782531699512,1840.5691501390568
2025-05-27 23:58:47.736000+00:00,176.59575169818208,182.01502813062973,172.60180850664653,177.98956209945104,1632.4988992305775
2025-05-28 00:58:47.736000+00:00,174.62530582308247,183.41201890887615,167.48735288197932,176.20931816118116,1287.92126574441
2025-05-28 01:58:47.736000+00:00,178.29755480032557,190.3012547915779,166.03314466467563,178.0180256420707,1588.1692101223957
2025-05-28 02:58:47.736000+00:00,180.5294510906146,186.5306492000044,174.86403818543684,180.8550192470065,1444.6592537603594
2025-05-28 03:58:47.736000+00:00,184.6944703129932,186.11982327384376,181.91561533554022,183.33044160136026,1469.9336663180725
2025-05-28 04:58:47.736000+00:00,186.03005342635993,195.66187942701586,175.6965111684467,185.29002154093354,1597.2394943997053
2025-05-28 05:58:47.736000+00:00,189.02560426588724,196.48036399308342,179.36848249275002,186.73281977394996,2347.0470715043853
2025-05-28 06:58:47.736000+00:00,191.79798954498034,200.82732761780733,181.1375962790667,190.0863551681267,1544.093792599107
2025-05-28 07:58:47.736000+00:00,190.17080787338944,192.89567843628245,186.0448126332482,188.7493152786352,532.6185488706576
2025-05-28 08:58:47.736000+00:00,189.0781636983702,201.91497527598682,176.28649387097596,189.12044499958841,973.7066700071758
2025-05-28 09:58:47.736000+00:00,185.39635983209513,189.84285345673715,182.3375648368798,186.7615348769245,1046.4120108848042
2025-05-28 10:58:47.736000+00:00,185.18147942538903,189.27005036053495,179.4080702514584,183.45860225558852,1356.6359433026928
2025-05-28 11:58:47.736000+00:00,183.1511734716696,186.04262545549997,180.28140433608326,183.17252181580997,1591.5421434945927
2025-05-28 12:58:47.736000+00:00,182.07644822629263,187.08989530668944,177.89635326619495,182.8910976962663,994.085981154882
2025-05-28 13:58:47.736000+00:00,184.04501726541685,190.89045495299985,177.28869195775943,184.13097415272588,1726.8056749290156
2025-05-28 14:58:47.736000+00:00,185.5026054001622,188.96105334195624,180.56368243114585,183.99400452763808,1669.2213448155228
2025-05-28 15:58:47.736000+00:00,184.35841969099909,192.9153359256853,175.90520051917338,184.45757048266452,1397.5504700247452
2025-05-28 16:58:47.736000+00:00,186.11654987623382,192.55849240430126,178.90227777896988,185.31652967912433,1290.4561580150566
2025-05-28 17:58:47.736000+00:00,184.79342938068822,191.49805239073612,176.84603851645926,183.50387425154528,1259.1170465061487
2025-05-28 18:58:47.736000+00:00,180.9123694787675,190.962869294971,172.0251944367277,182.02122272653824,1676.4202455312338
2025-05-28 19:58:47.736000+00:00,179.5275589017251,184.0555548263647,176.97934984102793,181.47963801036656,1437.95833429961
2025-05-28 20:58:47.736000+00:00,184.2064462279494,187.35729614275482,181.82035705647385,184.96142744111464,365.7463573283322
2025-05-28 21:58:47.736000+00:00,184.5908372201813,189.41517117753565,180.5124317805993,185.32064122883105,2068.180440749197
2025-05-28 22:58:47.736000+00:00,187.03149333662503,197.45825660428488,176.4535292776796,186.87136563349512,1677.268439433388
2025-05-28 23:58:47.736000+00:00,187.10586179160174,199.48478794159664,174.35796481370852,186.71075038833484,2182.4157107342344
2025-05-29 00:58:47.736000+00:00,188.09651674559092,193.9896544078691,180.14379216821274,185.97031509875993,1170.8899599584329
2025-05-29 01:58:47.736000+00:00,188.7123305130766,197.92004778936538,179.45872840627317,188.66409201298748,1456.8118984564162
2025-05-29 02:58:47.736000+00:00,187.97894870607348,190.8988162927195,184.87127605310093,187.7881804459255,1472.5890537340645
2025-05-29 03:58:47.736000+00:00,187.92154141001114,198.66754881500356,177.65275061159713,188.37403210062845,1183.7679571441683
2025-05-29 04:58:47.736000+00:00,185.95991729550173,195.35315462380427,177.25522333481672,186.61767150603984,1397.5866332169994
2025-05-29 05:58:47.736000+00:00,190.1648714387614,192.57612933733128,186.91190454300616,189.31235264979895,1043.7454774456185
2025-05-29 06:58:47.736000+00:00,193.3154033455803,198.2576813600123,187.7228590432178,192.64807625466784,1963.6447619187527
2025-05-29 07:58:47.736000+00:00,195.8561236291048,202.52194154883213,188.51645957000375,195.15853559844263,1543.6346882730425
2025-05-29 08:58:47.736000+00:00,194.61800978450796,202.77416641738677,186.24742092082366,194.39419792547272,1483.1253357604528
2025-05-29 09:58:47.736000+00:00,190.92781819796562,196.29580873234497,186.26378501604148,191.61498916373168,836.1316435563376
2025-05-29 10:58:47.736000+00:00,190.06845257526012,200.69406172158904,179.3262905998076,189.9449981345509,1484.6115913289557
2025-05-29 11:58:47.736000+00:00,193.8036870315245,195.1101522351449,191.56659812717567,192.8667472527191,968.8057321599738
2025-05-29 12:58:47.736000+00:00,197.53204631158766,205.27499011574048,188.73641749433753,196.4364142546812,1307.9278378255838
2025-05-29 13:58:47.736000+00:00,196.07776338134556,209.0227737411715,185.1148344183943,197.9548923782515,1124.8796169518216
2025-05-29 14:58:47.736000+00:00,198.26660425853746,207.49238831289023,189.6489780425099,198.8494296830822,1491.140348302501
2025-05-29 15:58:47.736000+00:00,198.26941701008693,209.19922477549775,186.30658543473805,197.17612430290265,1586.2364980048458
2025-05-29 16:58:47.736000+00:00,195.84452250671418,204.35311193730988,186.62192787374755,195.09808798329135,1490.1754590765179
2025-05-29 17:58:47.736000+00:00,195.76991386503352,200.69249730007354,189.58972648012715,194.47987215270274,1229.4560157172546
2025-05-29 18:58:47.736000+00:00,193.04218543142625,200.72197408812949,184.84650908287233,192.50492388752713,1466.236505686319
2025-05-29 19:58:47.736000+00:00,197.2136927513175,207.2272976518351,186.72614072839053,196.71439350817985,439.3344848630151
2025-05-29 20:58:47.736000+00:00,198.93021449385773,210.19752992275542,189.1274994900449,200.32603295628763,1784.5019032365435
2025-05-29 21:58:47.736000+00:00,201.97944780434185,210.19045892796356,193.29622533246072,201.48722632079068,1856.1870977862015
2025-05-29 22:58:47.736000+00:00,199.56415999071794,204.616447883307,195.7211939798125,200.7506341827512,1335.1826010282193
2025-05-29 23:58:47.736000+00:00,201.85422780246617,207.20207666957162,195.62450949422905,200.94835860866874,2050.5928904704633
2025-05-30 00:58:47.736000+00:00,201.28802165103392,213.55862623921334,189.97109127067827,202.19093192080092,1982.0567461225787
2025-05-30 01:58:47.736000+00:00,202.54451436733163,208.7319228881083,195.74950727459424,201.9177697575173,2686.6049349158557
2025-05-30 02:58:47.736000+00:00,201.87356920694572,207.73422641358928,196.25279642452026,202.1069554499139,1317.2612950941743
2025-05-30 03:58:47.736000+00:00,200.675340159906,211.92785547937274,189.89522399363548,201.12365614288387,1417.3371410823413
2025-05-30 04:58:47.736000+00:00,201.9364380298939,215.22440169856327,188.71372032564597,201.99767426967247,1177.0393922256133
2025-05-30 05:58:47.736000+00:00,202.08731686137807,212.0354345973009,192.9274928062227,202.84142957577464,1023.8891317104354
2025-05-30 06:58:47.736000+00:00,200.78603563425602,206.8625964278751,194.45796296772085,200.52667449161464,1918.703283712231
2025-05-30 07:58:47.736000+00:00,198.48179058022868,210.15007176033512,188.12232703272372,199.72568498388338,1119.349648753703
2025-05-30 08:58:47.736000+00:00,204.89639285487263,208.97766085798926,199.4024859983663,203.45504422299112,1088.272829506744
2025-05-30 09:58:47.736000+00:00,204.233441496496,210.51223512261356,198.49255063063902,204.7566375018482,2683.3267205683023
2025-05-30 10:58:47.736000+00:00,203.29739386964343,210.26447940072367,195.7313389959248,202.6771691707843,1336.0813734529347
2025-05-30 11:58:47.736000+00:00,202.75422704097406,208.90707319223307,197.2395580459596,203.37550615894284,1553.8296768198024
2025-05-30 12:58:47.736000+00:00,205.85118000367518,214.37453680224132,196.2704755547143,204.74816139244953,1497.5161984895149
2025-05-30 13:58:47.736000+00:00,201.95427523557532,204.56419673660983,201.01260694675554,203.6147858526431,1575.0031127676411
2025-05-30 14:58:47.736000+00:00,201.40309406195627,217.16313930570288,185.59628660944404,201.3523620060537,768.8029739896083
2025-05-30 15:58:47.736000+00:00,198.89278800348367,204.43780687136856,193.6174153592753,199.15546700804296,2452.665803634292
2025-05-30 16:58:47.736000+00:00,199.74767643033422,209.1348591418863,190.42630566252467,199.81055413997183,1722.9842006058266
2025-05-30 17:58:47.736000+00:00,199.10795211631225,204.97514244207494,193.65645108448547,199.5125633076235,1385.24273999033
2025-05-30 18:58:47.736000+00:00,198.9174050189963,201.20831093494255,195.74798024612258,198.02865049161858,1704.8847098959177
2025-05-30 19:58:47.736000+00:00,195.21924529343525,211.47646305231558,177.99134788165804,194.16038743475553,1604.6065725961357
2025-05-30 20:58:47.736000+00:00,190.94878505955452,204.70386826912372,177.45569858613112,191.19349010985306,1428.141427622363
2025-05-30 21:58:47.736000+00:00,194.79903325701352,199.14398338450798,191.09821944844296,195.43116035467645,2331.7871829277656
2025-05-30 22:58:47.736000+00:00,193.89053233685496,204.85067703118364,182.92684578820942,193.88677827484372,1323.1125164516789
2025-05-30 23:58:47.736000+00:00,191.56029264848513,199.49336320079365,185.0057646636695,192.89322683691782,1164.9173867082925
2025-05-31 00:58:47.736000+00:00,193.80633632585815,205.70814933720965,182.16543080173645,194.05246045857788,1418.662172743367
2025-05-31 01:58:47.736000+00:00,197.282350343071,203.68079903278885,190.7883996412887,197.1836470934026,797.4783507032033
2025-05-31 02:58:47.736000+00:00,198.65218641780885,208.01357062501125,188.29555557546746,197.6077198204548,1575.5685275975218
2025-05-31 03:58:47.736000+00:00,194.24603539931917,201.42048580204587,187.3920851810442,194.55561220004995,741.3560559205773
2025-05-31 04:58:47.736000+00:00,195.28009405851864,205.77547576024566,185.65492899223818,196.10943336951112,2354.1745608185092
2025-05-31 05:58:47.736000+00:00,196.53545459520376,210.17091272632337,183.25006088982542,196.86335371298875,1464.0303131251417
2025-05-31 06:58:47.736000+00:00,196.78931222514228,200.9244218314061,192.47688463341382,196.60818830502845,1533.1638031388622
2025-05-31 07:58:47.736000+00:00,198.8256910110307,205.11131204455017,192.59094032705679,198.87501467539408,2201.231601580877
2025-05-31 08:58:47.736000+00:00,199.33582599653246,208.44609104408943,191.20105154857237,200.27306830462766,619.4478947513797
2025-05-31 09:58:47.736000+00:00,205.50800359233352,213.19101885180524,196.67991808834583,204.3184617558517,1906.2326252771425
2025-05-31 10:58:47.736000+00:00,206.27367218772056,218.02692243800527,195.18792987594267,206.9071359555877,1799.9055122344844
2025-05-31 11:58:47.736000+00:00,207.88520525882876,215.8167537662051,199.5678186053779,207.48406209647544,1966.8790094369413
2025-05-31 12:58:47.736000+00:00,204.78713758559488,209.99520239485358,199.67054179627434,204.8763769643792,1599.221239079181
2025-05-31 13:58:47.736000+00:00,206.02961172936787,211.69556450207998,200.32325453318992,205.98806473565574,1520.053440427718
2025-05-31 14:58:47.736000+00:00,208.17423536845817,211.06083867509116,204.7724662562555,207.65182568120463,1623.6788910366795
2025-05-31 15:58:47.736000+00:00,209.93691397353982,221.2176680639532,199.21070780436435,210.46450589356633,644.8141607998738
2025-05-31 16:58:47.736000+00:00,209.0431568381673,214.96433839977902,203.52929632055898,209.44001021511323,788.4423570818037
2025-05-31 17:58:47.736000+00:00,211.4885746817938,220.97107756758197,201.9365508020932,211.41579025614618,2418.2304033528612
2025-05-31 18:58:47.736000+00:00,213.7781975661486,221.11856458429017,207.1205538915431,214.44030117414613,1337.747964367357
2025-05-31 19:58:47.736000+00:00,215.69110078450615,222.560626161703,208.81728660106077,215.68667089100018,1595.6015334338176
2025-05-31 20:58:47.736000+00:00,218.50635563270092,229.73816928595488,206.53793157337947,217.72982970812845,2124.300052784582
2025-05-31 21:58:47.736000+00:00,220.55484791242102,234.85807478774402,206.02474618819846,220.3122396480952,1375.5273090745336
2025-05-31 22:58:47.736000+00:00,216.44645000629544,226.26049994045263,208.356714355092,218.10863957341397,1489.7393092476107
2025-05-31 23:58:47.736000+00:00,217.14883723383267,222.41263864362892,211.72765034199205,216.98754186773706,2431.786695207882
2025-06-01 00:58:47.736000+00:00,214.72110983065997,221.54050128233996,206.69687854086567,213.47674999936453,1720.2908530502223
2025-06-01 01:58:47.736000+00:00,216.7107884012441,230.30560557414805,203.22702105468915,216.81533342552473,1630.4803995461327
2025-06-01 02:58:47.736000+00:00,215.4928596171076,223.61616332832347,208.09101953310275,216.19036503265093,1205.859451653239
2025-06-01 03:58:47.736000+00:00,216.96518064548707,226.10767938567437,207.27404709017574,216.3924103844141,1727.1586413944453
2025-06-01 04:58:47.736000+00:00,216.55557172041708,225.70451869480374,207.29062580983967,216.43445593649983,1583.9137563182285
2025-06-01 05:58:47.736000+00:00,216.16826769693273,232.48020895192127,200.1181246071942,216.4119712675352,1165.5845648148697
2025-06-01 06:58:47.736000+00:00,217.38433556732568,223.95611279548956,211.41702685903164,217.97265443996903,1651.7484233354037
2025-06-01 07:58:47.736000+00:00,220.50159119080425,232.54422211871383,208.13913098278718,220.16328543947475,1847.5335011023412
2025-06-01 08:58:47.736000+00:00,222.49913689853435,224.70777310651178,219.89754147967903,222.10223787210074,1492.2344857555302
2025-06-01 09:58:47.736000+00:00,218.87434979222218,222.73235713107476,216.62951496886947,220.47114514060667,2220.5714880257037
2025-06-01 10:58:47.736000+00:00,220.51740281926567,226.49969140224988,215.1053510551942,221.07397983809864,1365.1700272632484
2025-06-01 11:58:47.736000+00:00,221.40399874107604,229.39627718099115,213.7879892153691,221.76775491608504,1529.3788889261136
2025-06-01 12:58:47.736000+00:00,222.61287742675256,228.3841026696464,216.76479170783855,222.5339713145969,1578.8510526498976
2025-06-01 13:58:47.736000+00:00,224.2777807044468,231.38467157341088,218.46603944517489,225.54021663661322,310.01757006656464
2025-06-01 14:58:47.736000+00:00,226.34002299649916,229.53834438041486,220.8784707146692,224.0443528919049,2215.4280157145186
2025-06-01 15:58:47.736000+00:00,225.69091589434115,245.18660681580204,206.94451608659494,226.3827423335247,735.2928080453678
2025-06-01 16:58:47.736000+00:00,224.41600576580788,233.4887435819061,213.84924127165573,222.85903348249172,1834.230165546748
2025-06-01 17:58:47.736000+00:00,222.6518080093093,238.12875665592426,207.150451718061,222.62557699738258,2007.1429034224932
2025-06-01 18:58:47.736000+00:00,220.88645847409967,225.40626122581398,217.87378627755893,222.3733098512946,2121.656903988788
2025-06-01 19:58:47.736000+00:00,222.15462455416957,232.7710134046106,212.12351872012576,222.71462162439545,1597.8103424692865
2025-06-01 20:58:47.736000+00:00,224.86058382285987,232.17415440888297,217.36897654464832,224.67656183169697,798.3033868194077
2025-06-01 21:58:47.736000+00:00,224.72066709159054,233.41549443663624,214.9009166613381,223.55046695983324,867.1281202561254
2025-06-01 22:58:47.736000+00:00,222.75270841680452,231.0926728670607,215.36579962551488,223.67517336170272,796.7156276547007
2025-06-01 23:58:47.736000+00:00,224.83937017191826,225.47418362693173,223.34185675604598,223.97422755980017,1077.8459341797638
2025-06-02 00:58:47.736000+00:00,225.83273852227092,234.53506962109205,216.495400992844,225.1722817815285,813.6171959191328
2025-06-02 01:58:47.736000+00:00,224.77302121250972,240.8100144748363,207.92992724110002,223.90498854195704,1927.2114599470626
2025-06-02 02:58:47.736000+00:00,220.99514471062577,227.68180400608486,214.52187193331454,221.20245869723618,1218.9465990340964
2025-06-02 03:58:47.736000+00:00,219.28170231124628,221.67204058143176,216.27063474829322,218.65413202233998,1452.0400993929159
2025-06-02 04:58:47.736000+00:00,219.38829524023004,229.0050851283988,209.41676945600216,219.0172967894809,1040.578536806174
2025-06-02 05:58:47.736000+00:00,219.2472574791889,222.53916171159148,214.44246913848767,217.71131180041115,1574.44149338641
2025-06-02 06:58:47.736000+00:00,219.55913166640994,220.8745648418803,218.1372551756641,219.45204677903328,733.1556264946781
2025-06-02 07:58:47.736000+00:00,221.48868943870096,228.49806984038506,215.42136350527184,222.40562590910122,1150.6677650130184
2025-06-02 08:58:47.736000+00:00,225.31188314454295,237.8278100707139,212.17507147682142,224.65448009600516,1649.6959634276438
2025-06-02 09:58:47.736000+00:00,223.77142302758105,239.4116787968334,209.8139477955171,225.35540460578403,2109.464664258529
2025-06-02 10:58:47.736000+00:00,222.85421467396057,232.51174671547182,212.92073037509766,222.56576213876968,970.918235837715
2025-06-02 11:58:47.736000+00:00,226.9963548752108,233.5210028656991,220.25000520671898,226.76809214940522,1084.554422524527
2025-06-02 12:58:47.736000+00:00,227.29526881708682,229.01520614464485,225.7088677314421,227.42787950633692,1536.8424668213604
2025-06-02 13:58:47.736000+00:00,229.60338329852743,233.22461091352608,226.6690665453569,230.28162625812146,2702.7767469339856
2025-06-02 14:58:47.736000+00:00,231.79005712791792,240.94291327998528,223.18243346788898,232.31576715167256,2461.3073270552095
2025-06-02 15:58:47.736000+00:00,233.12357654780695,236.91598697635303,229.90308168658603,233.68769902290583,1503.0890856254566
2025-06-02 16:58:47.736000+00:00,232.80713314279842,238.25335557037883,226.6781332783037,232.10800039758476,1927.7645054791108
2025-06-02 17:58:47.736000+00:00,234.25086083709783,239.68270632179582,228.45635419608814,233.87959060884623,2123.266472256787
2025-06-02 18:58:47.736000+00:00,237.06076017275737,243.1406313727601,231.5136308898201,237.58132116571923,1154.3289952081625
2025-06-02 19:58:47.736000+00:00,238.7647514825753,243.66952860545578,232.93559421137113,237.82098418338597,423.2117437711065
2025-06-02 20:58:47.736000+00:00,233.97196486355244,243.28285067043913,225.0178472538921,234.31558278739183,1263.7889446765507
2025-06-02 21:58:47.736000+00:00,231.65394377429732,236.62887257016465,227.4423808720805,232.40367917350287,1447.6614725887614
2025-06-02 22:58:47.736000+00:00,233.85492715343358,245.59750542179822,220.8632190423366,232.53975863694328,812.1473109229535
2025-06-02 23:58:47.736000+00:00,235.0326989090033,242.77010085355195,227.53661688192435,235.26656010801022,2281.263829864168
2025-06-03 00:58:47.736000+00:00,232.90193682242383,247.57477955381907,218.8458366384483,233.48357626026538,691.1141633700622
2025-06-03 01:58:47.736000+00:00,235.04039071306633,236.97910452715104,232.1437794001067,234.07452635124022,700.2744813450026
2025-06-03 02:58:47.736000+00:00,234.56955451272472,245.53775391414052,223.27080841564612,234.2227936842464,1019.2129836807871
2025-06-03 03:58:47.736000+00:00,231.72464810430853,240.41093874196153,225.3323707393233,233.95707831609585,625.5972949412745
2025-06-03 04:58:47.736000+00:00,234.86589197366112,243.8586371405626,225.44056699149704,234.41608974795267,1398.5994637731744
2025-06-03 05:58:47.736000+00:00,235.23254746374704,244.41776060893426,226.3592879681495,235.53316158103357,839.8834193067585
2025-06-03 06:58:47.736000+00:00,234.80237077091576,248.83838999872583,222.01029954603493,235.98204967585855,718.4067751302634
2025-06-03 07:58:47.736000+00:00,236.9930233130935,256.8671308574103,215.98967899541236,235.76042118808593,1748.9502320122103
2025-06-03 08:58:47.736000+00:00,240.53262496808938,246.72242095174917,232.71297950110005,238.85972558291473,1072.0550728838684
2025-06-03 09:58:47.736000+00:00,238.3605418529548,246.44757003268177,230.8182523230581,238.88857237221154,1412.353704002693
2025-06-03 10:58:47.736000+00:00,237.2285898122663,241.16182069123397,233.31290779367282,237.2458537156042,1491.1210334679106
2025-06-03 11:58:47.736000+00:00,239.09279086907665,254.3430259372504,222.86262143875004,238.046094271652,1173.4869731041051
2025-06-03 12:58:47.736000+00:00,236.52027304176903,245.97126541995985,227.3006229523587,236.7429358497136,1397.6152443506833
2025-06-03 13:58:47.736000+00:00,238.4632941876588,252.25993767742807,223.72358366992842,237.4623139824134,1432.518481351246
2025-06-03 14:58:47.736000+00:00,235.94662965315675,239.2838800287779,233.1098724107685,236.44117690573643,1932.2018367224623
2025-06-03 15:58:47.736000+00:00,237.62678371869103,246.53879114792474,226.8701366625216,235.710266610439,1189.7886698502382
2025-06-03 16:58:47.736000+00:00,239.40572205183724,247.67751835140805,230.57987042100422,238.8318382474334,1188.649624758363
2025-06-03 17:58:47.736000+00:00,236.3903965058531,247.98055264031774,225.50629379132994,237.06537208328024,1101.1608872707511
2025-06-03 18:58:47.736000+00:00,236.822415757886,250.34188512451703,223.5457384693097,237.0523190564202,1541.185596694056
2025-06-03 19:58:47.736000+00:00,234.17121429755292,237.20031928036943,231.44081252934222,234.46647481810336,2907.8512760061376
2025-06-03 20:58:47.736000+00:00,232.8657119334818,244.744598244554,220.9584525556726,232.83581370598864,1763.8202346148196
2025-06-03 21:58:47.736000+00:00,234.1381531580526,243.16736513300097,225.80979783455604,234.81493645083444,1037.8030877135416
2025-06-03 22:58:47.736000+00:00,236.954783786425,240.78634550445759,233.44123353691518,237.2681487002192,1792.46918465793
2025-06-03 23:58:47.736000+00:00,241.71003700909696,245.81664252783085,236.91872439135776,241.01349581353062,1505.6538014096495
2025-06-04 00:58:47.736000+00:00,241.57781439936375,253.18457359108882,230.11003099524618,241.71049193778398,291.83323509626496
2025-06-04 01:58:47.736000+00:00,240.66458926279984,245.3498179576791,235.31766268071877,239.98975376084647,1372.959150415246
2025-06-04 02:58:47.736000+00:00,240.83053839112387,253.313675698059,228.2845368847151,240.7642375752053,979.2558227903554
2025-06-04 03:58:47.736000+00:00,242.8960849004784,252.72301034118567,234.1235858626948,243.91375679689867,1309.2190435599357
2025-06-04 04:58:47.736000+00:00,243.78284527814162,261.6903688669971,230.20973828660397,247.88866214927307,779.7437616831883
2025-06-04 05:58:47.736000+00:00,246.61270531684553,255.15838787176426,239.60808405018784,248.11120425016657,2283.165274133774
2025-06-04 06:58:47.736000+00:00,248.2663738462567,250.09144698591254,247.241592445085,249.0633757604858,357.3073107906759
2025-06-04 07:58:47.736000+00:00,247.1753882533583,255.51455969095022,238.00260548080934,246.31267066338177,2176.0510371801797
2025-06-04 08:58:47.736000+00:00,250.4996341278146,253.28604295100652,247.1140496386761,249.89371861840516,1824.9439283763686
2025-06-04 09:58:47.736000+00:00,248.36740314071247,253.399901137833,242.83359323542084,247.85572341797607,1394.4881000236687
2025-06-04 10:58:47.736000+00:00,249.50386249739122,267.11076051075753,231.68289878875024,249.27354375252077,684.4404182615123
2025-06-04 11:58:47.736000+00:00,248.10450139829592,262.9424980657832,233.38324589570811,248.21470371960402,1442.4956121817108
2025-06-04 12:58:47.736000+00:00,248.44452317733646,256.8280122622939,239.47946766945532,247.8426471036725,2299.480818425246
2025-06-04 13:58:47.736000+00:00,248.4630685666508,252.609239777196,243.6638438268347,247.7989324157057,1033.2279904712768
2025-06-04 14:58:47.736000+00:00,245.47332270711712,254.36976327319647,236.71804727695067,245.60962631425198,2092.736359820856
2025-06-04 15:58:47.736000+00:00,246.5799364907624,255.21747916395051,236.26779919867823,244.8445524419168,1544.9999069295006
2025-06-04 16:58:47.736000+00:00,247.49664554907264,257.7400147665402,238.2168837345327,248.42542869663464,2043.3685962401375
2025-06-04 17:58:47.736000+00:00,248.39973867173623,256.2273332442491,239.8656159020291,247.6702218766626,1419.9487658986689
2025-06-04 18:58:47.736000+00:00,248.48206394516998,260.6075337113873,238.18463829837802,250.23736602298874,2162.652273087038
2025-06-04 19:58:47.736000+00:00,251.05119965833794,260.2240481263752,240.25171417267964,249.36287504113753,1397.1447375815594
2025-06-04 20:58:47.736000+00:00,253.93835253314828,270.0094461103047,235.807891938107,251.73984791305872,1125.189955954859
2025-06-04 21:58:47.736000+00:00,253.1364833681,256.99119572855676,249.02686717678887,252.87763788943258,1899.882806763844
2025-06-04 22:58:47.736000+00:00,248.01545833411558,259.91534360410486,238.1206248269622,249.94358546852797,1096.9280282366274
2025-06-04 23:58:47.736000+00:00,254.23092307852735,261.31769044908526,245.9193484052646,252.9709948788579,572.8875293394307
2025-06-05 00:58:47.736000+00:00,259.6356668994274,272.22630945198125,245.7076933641774,258.23017888170455,2160.588637601851
2025-06-05 01:58:47.736000+00:00,259.39707965026645,261.7299267052126,257.1208036562962,259.45315860402064,1479.440536681398
2025-06-05 02:58:47.736000+00:00,263.01391380804915,276.6823140784547,249.51278506501478,263.1730181326336,1831.4777166378306
2025-06-05 03:58:47.736000+00:00,262.6896166197135,278.50266015685753,245.43699053503306,261.1578253169466,1414.499187062348
2025-06-05 04:58:47.736000+00:00,260.3806310749175,268.1575169567079,254.8142922773144,262.54491083744836,2070.5919438475626
2025-06-05 05:58:47.736000+00:00,266.0206149215071,279.798442686874,250.03894887862162,263.69640014263166,1798.4479520842165
2025-06-05 06:58:47.736000+00:00,267.4250417587389,285.12882858211765,249.6608418328704,267.3603457181064,1704.6843797355084
2025-06-05 07:58:47.736000+00:00,271.3264492074091,282.8008731435559,258.21408181952154,269.6161782164503,647.2380466558988
2025-06-05 08:58:47.736000+00:00,270.21890928876326,287.0462219458132,254.2264294038725,271.0070945590374,1792.7675432412937
2025-06-05 09:58:47.736000+00:00,273.9922162478563,281.43841176699493,265.2927806469024,272.703965811521,953.816356532565
2025-06-05 10:58:47.736000+00:00,275.6902769740716,295.432323050381,256.2830816151892,276.0031061091455,1337.427267817167
2025-06-05 11:58:47.736000+00:00,279.54006125671515,293.5067683865817,268.08131328190854,281.94926374687725,1415.6071288554583
2025-06-05 12:58:47.736000+00:00,284.1407037780427,288.4190175817441,278.0285746499166,282.2788545423209,1979.2782406360573
2025-06-05 13:58:47.736000+00:00,280.7307119635842,294.9523264605686,266.94290679033867,281.144212620499,2386.854689245437
2025-06-05 14:58:47.736000+00:00,280.2035381155564,293.54484374956786,268.15610486322504,281.44407332240223,2177.1759860882075
2025-06-05 15:58:47.736000+00:00,286.9188568309751,298.745390244735,273.9293720432774,285.7059088482203,1208.8247324735055
2025-06-05 16:58:47.736000+00:00,286.4725796840142,291.61306111816157,280.79023038430734,285.92081084476564,959.7722655010915
2025-06-05 17:58:47.736000+00:00,285.65164704797445,289.59455903507745,280.82968094126943,284.7602893232863,968.7295818033122
2025-06-05 18:58:47.736000+00:00,282.19269535049233,287.1949565519345,275.64544610574666,280.61982599241895,1337.0771481875454
2025-06-05 19:58:47.736000+00:00,282.3689090217001,289.5219550662006,275.7564691787123,282.8971451308165,2092.0773807124574
2025-06-05 20:58:47.736000+00:00,278.68977988016593,286.2579111344593,272.43543587338013,279.9747303252662,808.2227943216601
2025-06-05 21:58:47.736000+00:00,282.5515245067729,293.5537591308049,271.02695105569103,282.00802232359376,1632.645462296756
2025-06-05 22:58:47.736000+00:00,283.9728147046531,304.0609937886189,263.5016123799562,283.56063387604263,1202.2452483089214
2025-06-05 23:58:47.736000+00:00,283.04025986103056,297.42655497506917,272.5053367451424,286.7534256679091,1748.959035584298
2025-06-06 00:58:47.736000+00:00,288.9890148692327,310.52297260188647,265.9705126636136,287.3849433315137,1557.6860966211225
2025-06-06 01:58:47.736000+00:00,286.4835429723135,291.53255481967807,281.5211320681961,286.5686693729933,1647.3410638527637
2025-06-06 02:58:47.736000+00:00,284.58147632929087,296.175535523501,272.184887700834,283.74486263627716,1221.93926807462
2025-06-06 03:58:47.736000+00:00,288.2114677601752,306.6009841507107,269.12228013432616,287.4641109470779,1631.5284875437524
2025-06-06 04:58:47.736000+00:00,286.8144863980798,295.87553839758243,279.15808093486817,288.1826113503651,735.1452856883728
2025-06-06 05:58:47.736000+00:00,285.14603751866883,298.54341873642727,272.3786853557898,285.74906609926575,2196.817716332739
2025-06-06 06:58:47.736000+00:00,281.1737386903336,292.58079388665976,271.38654816061694,282.73911520223805,1549.8984006526114
2025-06-06 07:58:47.736000+00:00,283.00840238417993,288.5451547220694,276.9165002728089,282.4421749859908,1691.8187766205601
2025-06-06 08:58:47.736000+00:00,287.2057222831024,293.71245139594845,278.8372557416895,285.3008289422535,1730.295108612606
2025-06-06 09:58:47.736000+00:00,280.8570846121705,286.42032166562865,276.56207817595134,282.10621293686233,1780.7252299793072
2025-06-06 10:58:47.736000+00:00,281.6459358312231,291.2250594839411,271.2278359625404,280.7774203383063,2038.3721069992732
2025-06-06 11:58:47.736000+00:00,276.69711709599784,292.1703638253821,261.8932846262653,277.3325352518033,1658.868841586903
2025-06-06 12:58:47.736000+00:00,278.45460319487194,295.71949438347576,260.1615210868156,277.35844786667946,1592.555085333486
2025-06-06 13:58:47.736000+00:00,277.16135454429053,290.8033970939407,264.69962344694574,278.29088025243755,1981.4097601719977
2025-06-06 14:58:47.736000+00:00,279.40011896896715,287.5329404661388,269.5393450331126,277.6203610643458,1540.2053565021542
2025-06-06 15:58:47.736000+00:00,275.09347340740436,286.4803456295746,265.836522797043,277.1540560012301,1555.3451644838326
2025-06-06 16:58:47.736000+00:00,283.9598107054118,287.2934828906087,279.3248804481045,282.64309445872215,1492.1939533216673
2025-06-06 17:58:47.736000+00:00,283.5935899342339,291.7456041816205,274.63110188108817,282.7591292122105,1117.1091379088525
2025-06-06 18:58:47.736000+00:00,285.171655534826,293.88789411628574,276.9014346138962,285.6051028538908,1482.998119160441
2025-06-06 19:58:47.736000+00:00,281.9000047615967,293.1366250290111,270.63406132359205,281.8694642363444,1435.2137327288106
2025-06-06 20:58:47.736000+00:00,280.58122710216514,293.8124765346118,266.58843615728324,279.78199661817274,1849.1955805652456
2025-06-06 21:58:47.736000+00:00,281.79503187345637,294.04095494086494,268.50510938281815,280.70360236716726,879.9462954562722
2025-06-06 22:58:47.736000+00:00,274.75232235415245,287.638987231348,264.41794943568595,277.21209390650796,1859.8754756887208
2025-06-06 23:58:47.736000+00:00,280.9166399885228,288.5431556417078,274.6667791476597,282.26333343356106,872.4700148789724
2025-06-07 00:58:47.736000+00:00,281.5022597546759,301.1256307824161,263.07923138196304,282.62887089166884,502.97397092513154
2025-06-07 01:58:47.736000+00:00,284.2057725384054,300.2452210561926,267.72767794565726,283.7408903535877,1805.1963730840484
2025-06-07 02:58:47.736000+00:00,283.4857194305138,296.8230057279189,271.92281240374126,285.19056107006867,1955.3138459435847
2025-06-07 03:58:47.736000+00:00,281.6930905806496,290.4590337725651,274.2185313348173,282.9510941474964,1163.8556142067735
2025-06-07 04:58:47.736000+00:00,281.49215584809554,297.25162240420957,264.1457887093819,279.8111429952819,1220.2026450952637
2025-06-07 05:58:47.736000+00:00,282.9028233339671,292.89365467440024,272.9901436394343,282.9783293131408,618.0120839301505
2025-06-07 06:58:47.736000+00:00,285.3989424141422,293.4801786391513,276.9683217501396,285.03937666280603,2440.7335793413713
2025-06-07 07:58:47.736000+00:00,287.79534942558956,300.20321276810694,274.7320637852244,287.11039640933836,855.1400276817556
2025-06-07 08:58:47.736000+00:00,286.1220531968597,291.9400347000736,277.810070416927,283.57628651691545,1491.9476557561977
2025-06-07 09:58:47.736000+00:00,287.0869415271007,297.2871640424751,275.18138598753734,285.3187857847561,1151.208090250666
2025-06-07 10:58:47.736000+00:00,288.0730878894891,298.6875768267196,276.17724529450317,286.7427146148384,1085.707585348748
2025-06-07 11:58:47.736000+00:00,284.2659061419743,294.0970145137851,274.33954361954227,284.1672396912905,1046.8719687814842
2025-06-07 12:58:47.736000+00:00,286.2647261368687,298.81917960973885,273.6437112597095,286.19511171580723,2656.495717279145
2025-06-07 13:58:47.736000+00:00,286.5372739567718,308.7237911899482,263.9184159528157,286.06864754762137,1034.0387651336857
2025-06-07 14:58:47.736000+00:00,290.4175873059819,301.17633490320827,279.6524476985802,290.4109493889574,1861.8460869065448
2025-06-07 15:58:47.736000+00:00,292.8770446411576,311.3377650975325,272.55687234988284,290.89250250549605,1134.475393295395
2025-06-07 16:58:47.736000+00:00,290.92780123669576,299.48876565916413,283.6346583083671,292.1646175196144,1663.05386713587
2025-06-07 17:58:47.736000+00:00,294.48273601456106,308.33050314107555,280.4510691677701,294.28976187098255,2128.380179521346
2025-06-07 18:58:47.736000+00:00,290.56071147109077,293.5102417048071,286.8849164078893,289.8269985999021,1018.9542589900282
2025-06-07 19:58:47.736000+00:00,290.20429399001466,292.94360790624154,286.2364383180109,288.9640452029069,1911.974738046424
2025-06-07 20:58:47.736000+00:00,282.9051869833557,294.9268605870209,271.1867643628424,283.19637639688176,1098.804337486756
2025-06-07 21:58:47.736000+00:00,283.05598090503287,297.6568679756534,268.33439696726634,282.92871950859524,1137.8813675304086
2025-06-07 22:58:47.736000+00:00,279.39842981499993,293.26758760226255,265.95806896273956,279.80754634657734,1467.1927478679172
2025-06-07 23:58:47.736000+00:00,284.5244080469302,294.50354421970013,272.4820804123918,282.3862239677077,1881.7078644509434
2025-06-08 00:58:47.736000+00:00,285.59812609895044,297.2690720249057,273.49971734761795,285.15245078543245,1438.5932202921476
2025-06-08 01:58:47.736000+00:00,285.6075946072714,302.38027642784203,269.58346563898607,286.31638072911335,1247.7515146931005
2025-06-08 02:58:47.736000+00:00,285.2493774026495,287.80761196508,284.52250435050064,287.0760840951676,1694.616850198424
2025-06-08 03:58:47.736000+00:00,287.7228478483058,301.6080752624568,273.44279346571255,287.30800075904386,168.23220045382155
2025-06-08 04:58:47.736000+00:00,283.4292386011739,291.6871960636563,274.8214993687553,283.06895979475433,1407.7002471582448
2025-06-08 05:58:47.736000+00:00,284.28090966428107,294.38219710516216,273.55978695926564,283.63823851570635,639.3280867843365
2025-06-08 06:58:47.736000+00:00,284.97319867635076,299.88819429002064,269.1292726303221,283.9929645132891,1565.1859694525556
2025-06-08 07:58:47.736000+00:00,287.181709823171,298.3022699974891,276.95901175085015,288.04870966174633,1663.8182918569048
2025-06-08 08:58:47.736000+00:00,281.9406303310929,309.0944828573325,257.7742754463294,284.69227275949567,1135.0914144072299
2025-06-08 09:58:47.736000+00:00,282.9193897407696,289.05508464142594,278.9173408399807,285.0232751355429,415.4516602628557
2025-06-08 10:58:47.736000+00:00,286.36144210589384,300.04508237072093,272.4637495461847,286.1366481423418,2603.306268628124
2025-06-08 11:58:47.736000+00:00,290.0786143574274,299.7871746214702,279.0225856766557,288.6844862559828,1603.9912350791
2025-06-08 12:58:47.736000+00:00,291.0345705191522,306.1187323952737,275.5448697201002,290.6068637915403,1937.3791100632313
2025-06-08 13:58:47.736000+00:00,289.8855037956698,304.1521399383566,276.8784520344234,291.0909981080527,1769.1911443739173
2025-06-08 14:58:47.736000+00:00,291.2949602513445,310.266902994821,273.2055266806168,292.12586988845163,1610.3074475494445
2025-06-08 15:58:47.736000+00:00,291.8784136736899,305.52437570515514,281.2353417165891,294.7756584413282,1328.17287207646
2025-06-08 16:58:47.736000+00:00,291.33039715868836,303.64125952730603,281.3700325718371,293.60318988660134,1472.4783377368697
2025-06-08 17:58:47.736000+00:00,294.0872501655703,309.2112322194201,278.2608991106724,293.3468022581524,1316.5693191963962
2025-06-08 18:58:47.736000+00:00,293.97927761134997,310.8304060977988,278.6156051432359,295.39285838193604,1418.4527062621162
2025-06-08 19:58:47.736000+00:00,295.9552378097632,310.0189964707066,283.7528446293481,297.7428971374603,1805.530700922662
2025-06-08 20:58:47.736000+00:00,297.76289047359813,309.4553696720163,286.0452377158133,297.7366880020907,2311.329538528194
2025-06-08 21:58:47.736000+00:00,294.5683802128198,311.8145243840291,276.75236267216457,293.96306749877203,1865.9410555772783
2025-06-08 22:58:47.736000+00:00,290.76021073232425,294.44477239790626,286.4338785365681,290.1102031987635,706.9611651582688
2025-06-08 23:58:47.736000+00:00,285.8383610030991,293.1635825867089,278.42821465707,285.75120262001843,1674.0610551214177
2025-06-09 00:58:47.736000+00:00,283.7083304789029,296.31718308153177,271.74085026686294,284.32374331813395,1086.5105843546587
2025-06-09 01:58:47.736000+00:00,285.8330684917506,301.0830112706815,271.71048267514095,286.90734695657505,1356.052877057883
2025-06-09 02:58:47.736000+00:00,284.3528267015122,303.82304820251284,264.632036671266,284.0838401083024,1405.5255793764848
2025-06-09 03:58:47.736000+00:00,280.31710978963736,286.5235155099569,275.5321686313072,281.71471754573855,1123.0680746278017
2025-06-09 04:58:47.736000+00:00,281.06453525599454,286.4302838564298,276.42868461521044,281.78258969673226,1626.2096701431715
2025-06-09 05:58:47.736000+00:00,278.0532264334522,290.5390357992849,265.86317184773145,278.3365596791158,1053.0045585643302
2025-06-09 06:58:47.736000+00:00,279.0106004675289,279.7723423257225,276.7005575314335,277.45806071728884,2135.241878073228
2025-06-09 07:58:47.736000+00:00,277.21716081631433,282.58945415381334,274.07203567444293,279.4193444721586,1510.3368200397967
2025-06-09 08:58:47.736000+00:00,276.47365518485935,297.2353055687439,255.4688024938153,276.2107069088795,702.4345222136017
2025-06-09 09:58:47.736000+00:00,275.594316163693,285.4153163781676,265.60150329724326,275.41615459709533,550.9247440428875
2025-06-09 10:58:47.736000+00:00,277.1033858707045,288.321777971615,267.9008387454699,279.0544368402216,1840.4814911224312
2025-06-09 11:58:47.736000+00:00,281.5691700009073,291.7107725634686,272.7136252270548,282.81601369470513,1436.8852333790323
2025-06-09 12:58:47.736000+00:00,284.6639704587257,299.6557724615387,271.41839940478803,286.3325609735536,2499.9992304689426
2025-06-09 13:58:47.736000+00:00,289.33160401772864,301.54803533353953,276.4683545262982,288.6562713088223,1229.8002097936567
2025-06-09 14:58:47.736000+00:00,288.22577620134336,297.94338015884773,277.36247395839393,287.0401026358085,1354.7337430934006
2025-06-09 15:58:47.736000+00:00,285.3946113083974,294.68084761786935,275.91880050222466,285.198660932752,896.8207291048243
2025-06-09 16:58:47.736000+00:00,285.7511361305704,298.4938641743594,272.82124257066863,285.55523462245026,2376.893451586438
2025-06-09 17:58:47.736000+00:00,285.10278977123545,293.82190273843713,278.15659227201365,286.8335375840383,1556.7866254867624
2025-06-09 18:58:47.736000+00:00,285.51838760026607,297.33535643627215,272.03867028374344,283.7838505003661,985.2664310019607
2025-06-09 19:58:47.736000+00:00,286.0389258420695,293.6482628022191,278.0296574847089,285.6280645261866,1886.1520562744993
2025-06-09 20:58:47.736000+00:00,283.04674661993363,290.5161556069626,275.3705838761142,282.83438888865703,1695.536706126128
2025-06-09 21:58:47.736000+00:00,283.4452375756084,299.40980268593546,267.2046297941981,283.15271931712994,1514.7982408324424
2025-06-09 22:58:47.736000+00:00,289.2380383269901,304.40246162169456,273.7231638768559,288.86819679841403,1724.4595305624055
2025-06-09 23:58:47.736000+00:00,281.88949545206395,296.52650482565383,269.7596549419503,284.293230443253,2098.2507601285015
2025-06-10 00:58:47.736000+00:00,288.2378742161571,300.077490963362,276.95611387820816,288.77471830573126,1216.592991815979
2025-06-10 01:58:47.736000+00:00,283.78841611415663,290.42052882061245,276.241939672094,282.8521724383331,35.04438633317133
2025-06-10 02:58:47.736000+00:00,282.62483921451974,290.0362609399328,275.2294809557306,282.6404930714282,912.6277789415655
2025-06-10 03:58:47.736000+00:00,281.4105069734851,296.80584296426156,268.42042683952474,283.7096337405813,1085.0171113185797
2025-06-10 04:58:47.736000+00:00,285.21805903774367,295.23348356548644,276.49612565829045,286.47316907453654,2349.7096200371793
2025-06-10 05:58:47.736000+00:00,282.2649229046671,287.62747184006463,278.5740163157541,283.9149889267176,1386.4075682409402
2025-06-10 06:58:47.736000+00:00,287.12343103532595,293.4683885016809,280.07075603462584,286.399720687869,1014.9091335167059
2025-06-10 07:58:47.736000+00:00,288.68129996103335,292.6626913736541,284.2611641412936,288.2364199242132,1833.0687811496641
2025-06-10 08:58:47.736000+00:00,291.0927686847861,313.70758995874064,270.38274977591703,292.87105360176594,1583.5128860674997
2025-06-10 09:58:47.736000+00:00,293.1469288231014,304.40513828049626,282.3695595709295,293.61071809664236,1657.2855598021936
2025-06-10 10:58:47.736000+00:00,293.83849174313474,310.05027977415165,278.381598847354,294.55566134532904,1806.4284463640968
2025-06-10 11:58:47.736000+00:00,302.68450398464967,316.75776817589826,288.4732168744504,302.53975079073035,1119.0349928992675
2025-06-10 12:58:47.736000+00:00,305.6756335015882,315.3214449841283,297.5368817315329,307.1436077371853,1142.919935761254
2025-06-10 13:58:47.736000+00:00,310.7077252235969,324.5785783561014,296.6156131666417,310.4761271184922,1578.5992011052608
2025-06-10 14:58:47.736000+00:00,311.93100540845677,333.2233163496061,290.6466531254723,311.9384557020455,1738.5778474589235
2025-06-10 15:58:47.736000+00:00,313.163434229135,319.0311697806001,305.7739783119858,311.612656988501,768.1086273444256
2025-06-10 16:58:47.736000+00:00,314.23779326284796,333.51865876994503,293.60622367223,312.7987958004517,1453.4043033762428
2025-06-10 17:58:47.736000+00:00,311.741553280341,334.94301289948197,289.2861887453705,312.43751673193293,726.0829026048676
2025-06-10 18:58:47.736000+00:00,308.32434395635886,314.71704978963,302.53234529414505,308.91397467369796,746.7831848518149
2025-06-10 19:58:47.736000+00:00,310.0810142120368,310.5013516617046,308.2515953632529,308.6700201074139,1331.539494549429
2025-06-10 20:58:47.736000+00:00,305.04413764172335,313.84159393099065,297.07099248896554,305.84745200679663,1672.4208495458715
2025-06-10 21:58:47.736000+00:00,313.00513323748675,328.96052591610095,297.04989767866255,313.0052827366528,1255.5918134930337
2025-06-10 22:58:47.736000+00:00,315.41748835145023,338.81764376261765,292.61373951302596,315.97368365359597,1873.8081798436303
2025-06-10 23:58:47.736000+00:00,308.6500744646944,312.63700910467514,306.44031183882095,310.4146133630758,1277.6136614253294
2025-06-11 00:58:47.736000+00:00,310.30455135457686,315.1831530700393,303.27374591851583,308.1179702512584,1270.7152679782541
2025-06-11 01:58:47.736000+00:00,308.6138060475368,320.9114180121711,295.0013778068697,307.2444227222157,935.3998595387185
2025-06-11 02:58:47.736000+00:00,309.55953413380684,319.7866783421227,298.05893032749134,308.2425648609757,1224.312422897684
2025-06-11 03:58:47.736000+00:00,309.3628868961144,320.77442860248124,298.66261881812727,310.0503814097095,1076.070361714818
2025-06-11 04:58:47.736000+00:00,312.65731651078386,322.41287869590246,300.16442714292094,309.83182818281375,2040.9190351811365
2025-06-11 05:58:47.736000+00:00,310.5543522993179,324.2622046542928,295.988896767811,309.65714650754455,2193.047384778929
2025-06-11 06:58:47.736000+00:00,303.70226949152163,321.44201554927616,289.07607973487103,306.67276769035755,1352.414522581393
2025-06-11 07:58:47.736000+00:00,302.8717821778688,310.8245605864365,296.4944587051681,304.4147481410626,1221.1523392439105
2025-06-11 08:58:47.736000+00:00,306.3753351479466,311.5936565387287,300.57320659963614,305.7814120268541,2122.8705227160394
2025-06-11 09:58:47.736000+00:00,307.00612791107176,315.6775381335096,296.64072380174855,305.2628963222478,2097.0809506035425
2025-06-11 10:58:47.736000+00:00,305.3159687459311,312.96172903331666,297.4004639904297,305.03929579964233,891.4505960574422
2025-06-11 11:58:47.736000+00:00,304.96035496223,314.8866865842542,295.90716169562904,305.8083202309355,1310.9268463326523
2025-06-11 12:58:47.736000+00:00,305.8194852035576,316.37798876235615,294.6102151467791,305.14544735984623,990.2146786813024
2025-06-11 13:58:47.736000+00:00,308.3336800905894,312.4105556869827,305.17902177977805,309.24655744248633,1387.6871294613927
2025-06-11 14:58:47.736000+00:00,309.9878321298335,326.9182780032073,296.1477890187323,312.94615451629323,1790.7762874891503
2025-06-11 15:58:47.736000+00:00,313.66465100821307,320.7168323603033,307.54161993634597,314.5760106843727,588.2291515908354
2025-06-11 16:58:47.736000+00:00,312.3009598057165,324.10860998265247,301.4457976497173,313.22145272825884,518.430006234238
2025-06-11 17:58:47.736000+00:00,314.94045891828654,320.2765285188743,308.43586494798467,313.75179488782493,893.6390720179971
2025-06-11 18:58:47.736000+00:00,314.127879842997,327.3797790594562,301.6445144958464,314.86703968059817,836.3711215393267
2025-06-11 19:58:47.736000+00:00,314.91153450047904,326.8897875513095,303.3325511122364,315.2966440679424,981.1634114753238
2025-06-11 20:58:47.736000+00:00,323.4106663622188,334.93825267595486,308.39234510771627,319.790909519008,1746.2394412916078
2025-06-11 21:58:47.736000+00:00,314.25988777568284,318.94136381496673,309.8554182035128,314.5330655543112,1184.1661159944038
2025-06-11 22:58:47.736000+00:00,313.9357603464595,329.3784791040381,300.58829897585264,315.9455676853433,1228.4628122730305
2025-06-11 23:58:47.736000+00:00,315.667785569924,325.57746895235135,307.3328445529803,317.2020178296087,1733.174270955645
2025-06-12 00:58:47.736000+00:00,315.7902578378572,324.8914422645419,306.6082159909729,315.7070009246293,1926.858812573896
2025-06-12 01:58:47.736000+00:00,317.41471021174465,321.6982053339794,313.73877820329017,318.015317779634,1527.7807858090139
2025-06-12 02:58:47.736000+00:00,322.7779985146002,333.7966439881011,308.00686809064433,318.8928878677214,1285.824421228299
2025-06-12 03:58:47.736000+00:00,315.5519693561939,322.2519947253225,310.1956787193776,316.8732757665764,1618.4601957753716
2025-06-12 04:58:47.736000+00:00,321.05117808028143,330.2897493253364,312.3543570873377,321.5786401335901,1577.8341396412131
2025-06-12 05:58:47.736000+00:00,327.1521975341555,340.246078541593,312.1818909311428,325.19753903668015,1485.5630332753358
2025-06-12 06:58:47.736000+00:00,324.93407274251155,340.7300242249788,310.431865933822,326.1725429687801,1457.5048744264388
2025-06-12 07:58:47.736000+00:00,328.3947485936518,350.6536073072667,307.4496367525547,329.6297281158262,1530.2493391997625
2025-06-12 08:58:47.736000+00:00,326.9291848843763,349.2394739108819,307.7110921444258,329.8497024698507,1841.9632486733708
2025-06-12 09:58:47.736000+00:00,332.8181310633209,341.0145057805965,324.7115300798007,332.9057701328236,1518.2644017274442
2025-06-12 10:58:47.736000+00:00,337.6155912250857,363.37432558642587,310.1485927793258,335.7662280440736,1830.3462740060404
2025-06-12 11:58:47.736000+00:00,334.19017130347356,360.35127865817844,309.01651616586446,335.10845189073603,2304.2334968240957
2025-06-12 12:58:47.736000+00:00,336.82715526497935,348.167167743084,326.4732824459359,337.78388558486074,2009.2195070622868
2025-06-12 13:58:47.736000+00:00,335.75199567724565,354.964960328671,319.12308934757095,338.2141119086671,1390.4524335368747
2025-06-12 14:58:47.736000+00:00,335.690146377432,348.36767258825546,324.0049137814609,336.6490605923761,1577.5763649310081
2025-06-12 15:58:47.736000+00:00,336.87280864012314,348.31031354324796,325.15546587765283,336.58313580942826,2012.549436847077
2025-06-12 16:58:47.736000+00:00,339.4303538166605,349.7197284425034,329.207155795989,339.49459554505046,1211.4357389988752
2025-06-12 17:58:47.736000+00:00,331.9618878751679,348.522426246054,316.7405501852303,333.24237481565234,1674.4529295073194
2025-06-12 18:58:47.736000+00:00,338.3716347501085,361.16837455977657,316.1158352393686,338.8791914023796,1716.3912945788368
2025-06-12 19:58:47.736000+00:00,340.53395279300236,356.71671523101094,325.96341268830196,342.0800229073581,1895.9210585404874
2025-06-12 20:58:47.736000+00:00,344.1994798137532,356.23099526981446,333.96526044506487,345.94487924888597,1210.447504937897
2025-06-12 21:58:47.736000+00:00,352.41678494060545,360.3338621596966,344.91053713146107,352.819046442756,1688.8408808513145
2025-06-12 22:58:47.736000+00:00,345.8449645204686,364.50779605343536,329.6064705375207,348.16057688629564,709.7884980966106
2025-06-12 23:58:47.736000+00:00,351.5083585061506,357.0080009007858,343.50763048337666,348.96751932293466,1449.3626302052849
2025-06-13 00:58:47.736000+00:00,346.5630615775929,361.6468627540473,330.25643245836767,345.28458944900046,1047.2329890659084
2025-06-13 01:58:47.736000+00:00,346.07836479785254,367.7590214938273,326.2685029615952,347.84787138154115,1702.8633944674414
2025-06-13 02:58:47.736000+00:00,351.9073409119172,357.5625065734699,344.53201478853487,350.1590859193627,1759.3624246393383
2025-06-13 03:58:47.736000+00:00,350.3317873008952,358.4663046759271,341.5356769854663,349.654467352302,2136.1194794300227
2025-06-13 04:58:47.736000+00:00,347.10937455478785,352.8605338229808,341.2010140097349,346.94952477105176,710.3947406681973
2025-06-13 05:58:47.736000+00:00,345.9963019580351,358.0875396735046,336.0473894134015,348.078747672993,1974.291446391735
2025-06-13 06:58:47.736000+00:00,351.73310186250717,370.16159836350045,335.0663241408646,353.41511872844626,1433.8853887018392
2025-06-13 07:58:47.736000+00:00,358.67699282336554,367.8862976732189,346.66545792809586,355.80091735064434,1445.0267641639273
2025-06-13 08:58:47.736000+00:00,354.4411410176086,365.77418430079257,342.8724129820112,354.19767147224536,1516.6625698706018
2025-06-13 09:58:47.736000+00:00,350.1093835625922,365.14864357356987,332.2694069079598,347.1829597822506,1685.3357160017913
2025-06-13 10:58:47.736000+00:00,347.3562975077626,357.6436275441648,338.1463972402897,348.4058978840603,1085.1468274678934
2025-06-13 11:58:47.736000+00:00,344.83996028025797,350.449847482894,339.71353176460957,345.31633709744756,741.3465207826039
2025-06-13 12:58:47.736000+00:00,345.1820052709184,358.5410984491851,332.44729885254515,345.78417629787987,1114.4159140049076
2025-06-13 13:58:47.736000+00:00,351.7739053247814,382.79231535591,323.84618674629917,354.6372710151223,1492.7369784018676
2025-06-13 14:58:47.736000+00:00,355.9378311737344,366.33232641292216,345.09989277728715,355.48104853830347,1380.8145477417845
2025-06-13 15:58:47.736000+00:00,356.2417943543422,366.7824998730671,344.63573883286523,355.143960969223,547.1277163181594
2025-06-13 16:58:47.736000+00:00,363.1619029155071,370.2032255465533,353.85721079188596,360.85378140433846,717.7928344414238
2025-06-13 17:58:47.736000+00:00,364.2494866121487,378.19132449536494,350.3095315726392,364.2513000547729,1675.3555262234063
2025-06-13 18:58:47.736000+00:00,368.70815514661336,394.4940457043393,342.86385141773417,368.6453496224577,906.3230404955196
2025-06-13 19:58:47.736000+00:00,366.48351939291575,381.6204490774202,352.91315538039396,367.9941486112886,1187.6372868676192
2025-06-13 20:58:47.736000+00:00,370.4406821751961,390.3567795438479,349.12063626136074,368.95696411558066,1822.3921399082733
2025-06-13 21:58:47.736000+00:00,363.4717761096937,387.6550629607226,340.48348341645175,364.595686919721,1536.210174715345
2025-06-13 22:58:47.736000+00:00,364.6017167421881,369.8951830651365,360.50936855503676,365.7895029746725,549.5930735928125
2025-06-13 23:58:47.736000+00:00,370.87193676374307,378.2078285500348,364.8945431978641,372.2088871721566,1337.3471054144682
2025-06-14 00:58:47.736000+00:00,375.6744539339027,388.67401223954954,362.33746228101063,375.32492577523084,1503.4515448481457
2025-06-14 01:58:47.736000+00:00,375.84973174563527,389.6116929338455,361.46816894368834,375.2065807771461,1607.5304119545801
2025-06-14 02:58:47.736000+00:00,379.10854577596496,389.26326975282916,369.24671614021224,379.39401416827434,1926.9952447588807
2025-06-14 03:58:47.736000+00:00,376.04269858745903,396.3651759576807,355.2562012959354,375.552168971775,1051.2255837321193
2025-06-14 04:58:47.736000+00:00,371.4404351901321,395.3527674538438,349.44344090693914,373.24868707397655,2045.0010060460659
2025-06-14 05:58:47.736000+00:00,373.89778935475755,383.5581408172337,362.0093543275001,371.61061227545974,1999.6008500084672
2025-06-14 06:58:47.736000+00:00,370.18064399205434,393.8003108603187,345.6674776371771,369.2262485546165,968.5731244417339
2025-06-14 07:58:47.736000+00:00,370.4534630878547,384.77308038758565,355.1198389036989,369.39868448039374,1812.1296622750629
2025-06-14 08:58:47.736000+00:00,366.3112327515279,384.9990832129819,348.35115741090465,367.0049931131874,1363.6598367551223
2025-06-14 09:58:47.736000+00:00,362.2823697993306,377.50754231680264,347.6726568261269,362.87397188492747,2664.013388413383
2025-06-14 10:58:47.736000+00:00,360.3757532063654,363.34216403545093,359.9885486325404,362.9521912160582,1720.3688556582922
2025-06-14 11:58:47.736000+00:00,369.75528241833837,383.52434332606134,351.6341785458723,365.2349083749364,1665.4798834489882
2025-06-14 12:58:47.736000+00:00,364.818033338973,385.93350066678795,341.9651127084321,362.9738390861486,3723.495821614761
2025-06-14 13:58:47.736000+00:00,361.13269916443727,380.4011056513424,342.9171494952525,362.1349998883396,1896.1257462053109
2025-06-14 14:58:47.736000+00:00,367.7562279129239,384.7275411909537,346.9594651167465,363.7456994489803,1324.9130499754688
2025-06-14 15:58:47.736000+00:00,358.4295395394285,372.6538359835238,344.99386182589444,359.18966507780317,769.5105482474955
2025-06-14 16:58:47.736000+00:00,355.4576245512746,364.4603840849749,345.482050754792,354.45953134522125,923.2893581869583
2025-06-14 17:58:47.736000+00:00,350.1891843610789,369.6988251595178,333.3103764412944,352.6990442217593,626.6144771979872
2025-06-14 18:58:47.736000+00:00,351.58293973107106,368.72444842347016,335.7851839319211,352.86890983845194,2379.1190436959123
2025-06-14 19:58:47.736000+00:00,351.51694565742537,370.5649102401024,333.69299196697125,352.681887235911,1991.6608297880111
2025-06-14 20:58:47.736000+00:00,364.33605502898433,379.9949117664649,347.63239133042816,363.2443264951705,950.1040866630099
2025-06-14 21:58:47.736000+00:00,369.5037235085421,383.9122364453974,355.805925361093,370.189033316038,1079.6708855440463
2025-06-14 22:58:47.736000+00:00,371.71625230610243,374.3558993780027,367.9160222191482,370.5473687661333,1119.6213952887656
2025-06-14 23:58:47.736000+00:00,372.65816209316284,378.07958549707075,368.01597349436827,373.42780943056925,1017.3483480820888
2025-06-15 00:58:47.736000+00:00,369.1907004489405,385.1792374991745,354.38449828492344,370.3274467139166,2363.062678698968
2025-06-15 01:58:47.736000+00:00,371.9222213302557,383.97028220207545,360.55393907437167,372.5818379147683,1732.206270752294
2025-06-15 02:58:47.736000+00:00,377.35351367973766,401.3548316336491,352.609743090479,376.56063022216193,1342.5015174302594
2025-06-15 03:58:47.736000+00:00,378.0291619546205,398.21910559058483,358.29583187173625,378.46312252723203,1188.5242570581222
2025-06-15 04:58:47.736000+00:00,379.98521342033507,405.54031681896055,355.09954522986897,380.6135013313636,905.7792994381657
2025-06-15 05:58:47.736000+00:00,380.1870351194166,395.1557121128399,367.31554460880113,382.2155450206157,1602.519794252819
2025-06-15 06:58:47.736000+00:00,384.7376477992566,399.27592825131063,370.07228547021697,384.60557522771296,1639.4609628428782
2025-06-15 07:58:47.736000+00:00,385.9615641072779,403.13587094965607,367.97167961073376,385.1080052576923,881.6398072624609
2025-06-15 08:58:47.736000+00:00,385.47580726217154,405.44483338007586,361.6007637323666,381.3563892576169,696.9281664965732
2025-06-15 09:58:47.736000+00:00,385.5405711449219,399.6967528012962,370.0163344874451,384.12036953868557,2625.9695426545336
2025-06-15 10:58:47.736000+00:00,386.5427608026465,398.88620788543653,373.6560599835075,385.98158714100293,1626.2064285267913
2025-06-15 11:58:47.736000+00:00,387.0731894754738,393.0301028010408,384.9817940333826,390.9179338178924,1356.3795348797762
2025-06-15 12:58:47.736000+00:00,390.0190067904368,407.8881177283296,372.1920873719836,390.059354121253,632.5007062177806
2025-06-15 13:58:47.736000+00:00,382.8610775079965,391.8846565793878,376.8884586516597,385.8651739283729,1468.6517450087013
2025-06-15 14:58:47.736000+00:00,388.35797560704043,393.25199581532496,383.1883584919248,388.0788613505018,1615.2481441433526
2025-06-15 15:58:47.736000+00:00,383.4057875636689,391.40142619861297,374.58393475906666,382.5619763472752,1724.6713975314935
2025-06-15 16:58:47.736000+00:00,381.0821464130297,404.63720208723504,357.65364161823504,381.2013677008061,1530.80854599697
2025-06-15 17:58:47.736000+00:00,380.9618048493216,389.11989865018165,370.0287018422973,378.1260698919612,2707.279653515028
2025-06-15 18:58:47.736000+00:00,376.72101493649984,396.98948610630777,357.6858608641435,377.8950117180386,1210.9998881961046
2025-06-15 19:58:47.736000+00:00,379.58159532587376,395.52765218426396,363.68946877944256,379.63335844619667,1830.1047000636736
2025-06-15 20:58:47.736000+00:00,376.99437014272735,401.15059770792294,353.92544910688935,378.0189791214209,1434.9187224507587
2025-06-15 21:58:47.736000+00:00,386.3711848619898,412.0071698094451,358.973036250326,384.48379138604884,2350.8538453166093
2025-06-15 22:58:47.736000+00:00,383.30477759935474,392.3657354258991,375.7336986969303,384.76579827934944,1647.9902695745332
2025-06-15 23:58:47.736000+00:00,389.77143378748605,400.7807783456166,376.6610394178673,387.60931349939466,1286.6199891243364
2025-06-16 00:58:47.736000+00:00,384.697356739349,408.23501120539504,364.9798887379558,388.33128790432414,1763.0422338322126
2025-06-16 01:58:47.736000+00:00,385.73747696613776,410.39409931097896,363.6720016798285,388.1884217748639,995.0765435433997
2025-06-16 02:58:47.736000+00:00,387.4356053758767,411.86944697922564,364.34955968078145,388.7076067971784,1761.7556441222318
2025-06-16 03:58:47.736000+00:00,390.74056460186654,407.44604806956096,371.35810566290576,387.94402769977654,1400.737134666495
2025-06-16 04:58:47.736000+00:00,390.4845719930169,403.73846657504856,376.80718341830567,390.0461986570834,641.3563211958013
2025-06-16 05:58:47.736000+00:00,386.5445236394186,394.25936956723945,376.5406668515506,384.2088971968251,1864.8843715117662
2025-06-16 06:58:47.736000+00:00,388.52120063647845,403.8759064404235,372.729286558306,388.06600252522446,2196.6165078462973
2025-06-16 07:58:47.736000+00:00,389.3637490047088,400.7546381365958,376.12012147859923,387.4551750204757,1468.966048704451
2025-06-16 08:58:47.736000+00:00,382.84847759973735,389.80942287213225,375.13219364476623,382.0791510330753,1152.347422122303
2025-06-16 09:58:47.736000+00:00,383.337837653199,407.9217852610143,360.60869960023655,385.0888263485473,874.3646343890765
2025-06-16 10:58:47.736000+00:00,383.2877845595334,412.43416455741385,357.43210639988723,386.37053164496956,1656.9940341656638
2025-06-16 11:58:47.736000+00:00,389.9740157837702,406.9683764611848,372.7286932628384,389.71161917155564,1916.0227630604481
2025-06-16 12:58:47.736000+00:00,391.9039830646967,413.47640608359774,371.6274209022491,393.1360961205467,1075.4952383172945
2025-06-16 13:58:47.736000+00:00,395.8576548274615,405.53705236405256,387.55884959762454,397.2098985420542,1828.4812693842414
2025-06-16 14:58:47.736000+00:00,395.61434834314383,404.91341020082143,386.80829432670686,396.09662118274963,2374.2174478897846
2025-06-16 15:58:47.736000+00:00,393.7561286860055,412.74369889318547,374.6057991415907,393.5851231811754,1445.806334073152
2025-06-16 16:58:47.736000+00:00,396.43029214866135,396.9317602123359,394.6060480896895,395.10584077668864,2473.365055662462
2025-06-16 17:58:47.736000+00:00,389.7647368280516,397.53647887190056,382.87616675283726,390.6325709893655,878.2073698326981
2025-06-16 18:58:47.736000+00:00,384.76716565618,410.1178021702667,358.50300927311827,383.78921271785765,1188.5112640639798
2025-06-16 19:58:47.736000+00:00,381.56654256329773,395.1332026525193,368.2266933529993,381.78569182167706,988.6091702687271
2025-06-16 20:58:47.736000+00:00,392.60403753224773,394.5153472320915,388.27275533235195,390.17222627354164,815.1791745507858
2025-06-16 21:58:47.736000+00:00,390.4758238780344,403.3211241066231,378.2042477455508,391.0320667962989,1142.1745785631795
2025-06-16 22:58:47.736000+00:00,397.14577571916067,411.0385330859575,382.42418433372796,396.2868968232066,2296.8311075225038
2025-06-16 23:58:47.736000+00:00,397.5841707616105,401.997395036645,390.2758507460034,394.6565784520137,1261.396617485681
2025-06-17 00:58:47.736000+00:00,397.1071006775092,415.7282140064438,379.42633635601396,398.0073663300979,2360.0619208361773
2025-06-17 01:58:47.736000+00:00,400.04267440882495,416.0601042628324,383.7865082865519,399.7939806143687,1530.7705909177387
2025-06-17 02:58:47.736000+00:00,402.2625432473597,411.86449145885655,393.830710580036,403.40863552983626,1592.092944254634
2025-06-17 03:58:47.736000+00:00,410.40196871975274,427.14685278545136,392.31640761243204,409.00426366439314,2306.0797056138495
2025-06-17 04:58:47.736000+00:00,411.2422585875798,420.44647246403497,402.8810089849976,412.0684254930744,1781.6515078006514
2025-06-17 05:58:47.736000+00:00,412.1884812854911,430.57741659144244,396.8932934307545,415.1715357398562,2232.526168158537
2025-06-17 06:58:47.736000+00:00,413.9134960069893,421.9145310047275,405.22336121980806,413.2108132112041,1812.8656788601988
2025-06-17 07:58:47.736000+00:00,416.4399606043782,432.72647883261556,399.6994683608376,415.9675095367936,811.0811430967763
2025-06-17 08:58:47.736000+00:00,416.3663266402997,421.24396029527594,414.0368912852265,418.9003479082136,1172.8226401694237
2025-06-17 09:58:47.736000+00:00,416.4465863103123,436.74996750670084,394.6432571409545,414.86976205857115,1016.9907437024976
2025-06-17 10:58:47.736000+00:00,405.86676185298614,431.02191959899585,382.31926608667624,407.38626557294276,664.7521710216263
2025-06-17 11:58:47.736000+00:00,409.6850181260119,431.7371970049062,388.57855736969213,410.58440115743633,1446.515960600038
2025-06-17 12:58:47.736000+00:00,413.9604402050248,438.8105401375208,387.23202994661904,411.9621736752516,2107.564701915496
2025-06-17 13:58:47.736000+00:00,410.5648742399414,419.50667789738685,400.6688271096353,409.58938532975236,1410.7056687555519
2025-06-17 14:58:47.736000+00:00,411.45794126378576,433.87357283953423,388.10592118743114,410.4676004317271,1352.9247268790548
2025-06-17 15:58:47.736000+00:00,407.9475368891977,439.79136583963486,377.40568744969227,409.15883036886856,694.6436419188966
2025-06-17 16:58:47.736000+00:00,407.8886485095968,427.77959290328687,391.0064341262471,410.7777986958639,1431.4161812380762
2025-06-17 17:58:47.736000+00:00,407.6175945772262,418.96841894044627,392.7145609977225,403.96363445487066,154.42426693701088
2025-06-17 18:58:47.736000+00:00,400.75609542074784,420.3020518472034,378.57139902618394,397.9820581686442,1462.4958226165327
2025-06-17 19:58:47.736000+00:00,400.8710838229815,435.7917529083452,366.8468696787738,401.6974042397334,1413.6040120701089
2025-06-17 20:58:47.736000+00:00,404.8303278372056,415.2906208083089,395.8080694795786,406.2370123510504,1837.6744069426654
2025-06-17 21:58:47.736000+00:00,407.3762837960297,427.7778331270947,386.77333367913036,407.16426503516595,810.1665360393587
2025-06-17 22:58:47.736000+00:00,411.0748216099755,430.99849889829045,391.02705916046267,410.9444160461817,306.6552050911795
2025-06-17 23:58:47.736000+00:00,412.7104753129851,433.14333195042656,395.1297164120084,415.446042572694,1430.4240484034074
2025-06-18 00:58:47.736000+00:00,415.2355451638379,432.74139966415925,395.9057195822448,413.33129299440225,1350.3566469986463
2025-06-18 01:58:47.736000+00:00,408.5821475818739,432.2318732814636,389.6054463187285,413.04776527427504,510.9135261176437
2025-06-18 02:58:47.736000+00:00,410.89517051528725,426.46163659257735,395.2751775096693,410.83953591022174,1965.0397450738906
2025-06-18 03:58:47.736000+00:00,414.1151267924985,432.9677267379044,396.85257744054314,415.6415479300003,835.2413916027684
2025-06-18 04:58:47.736000+00:00,424.72259034860747,428.6825822461857,418.4273027819348,422.3653161292281,2288.201853156955
2025-06-18 05:58:47.736000+00:00,427.9573286363526,455.09345077409455,398.33997176502993,425.3081110523359,2032.3746473573256
2025-06-18 06:58:47.736000+00:00,426.40682420860327,455.0550887627905,397.22399896411406,425.8337621819897,1523.6680228584012
2025-06-18 07:58:47.736000+00:00,424.26880445845353,443.4070737716711,407.21275172367433,426.27054880608904,1372.5918807684498
2025-06-18 08:58:47.736000+00:00,423.76443909182336,439.8481604740142,409.81339671632645,425.829144502756,1461.0737301212173
2025-06-18 09:58:47.736000+00:00,422.95578064001205,443.41618076442103,404.2203851506038,424.6076150470245,1714.6934550497344
2025-06-18 10:58:47.736000+00:00,430.11042184991953,442.61839193215656,416.51359605321676,428.9889528817654,1077.471519441903
2025-06-18 11:58:47.736000+00:00,432.2461330140921,448.1191092864183,414.7695174946143,430.5813598362169,2328.8576828316172
2025-06-18 12:58:47.736000+00:00,435.97518512137896,441.0787984929841,430.96618950234785,436.0687281417317,1182.4929622996465
2025-06-18 13:58:47.736000+00:00,436.43359387236154,445.7848248076299,424.7606167366931,434.06101161133904,1003.2133978070908
2025-06-18 14:58:47.736000+00:00,432.0001213844985,449.26266069597426,414.92713179571587,432.1824647517831,895.0026976868189
2025-06-18 15:58:47.736000+00:00,428.23210605489805,446.8313021004405,410.2935508060195,428.8661853977093,1289.1945982884165
2025-06-18 16:58:47.736000+00:00,429.3943412857253,448.1284539265748,407.57986000749423,426.17344778374104,1212.1125011581767
2025-06-18 17:58:47.736000+00:00,424.3864369065185,438.34640849748405,412.2828105032235,426.19130667581015,156.73858185872217
2025-06-18 18:58:47.736000+00:00,431.8574211570023,451.0969149621077,410.280478264212,429.41098180432596,2197.8817216868906
2025-06-18 19:58:47.736000+00:00,423.35841610336547,442.8760890500976,401.06543792979,420.44898003246345,1043.0183728002967
2025-06-18 20:58:47.736000+00:00,422.2813139659738,430.7872972521461,412.7656131107168,421.2508396235158,1093.589088358369
2025-06-18 21:58:47.736000+00:00,419.6963103192468,436.66534624970797,403.2828349556121,420.23096174810854,838.4659191159359
2025-06-18 22:58:47.736000+00:00,418.7378493572781,438.2712495265292,399.91835880957564,419.4210534823138,461.8778311978576
2025-06-18 23:58:47.736000+00:00,418.43855084826066,432.4945333871365,404.1919499646565,418.2413067774624,694.2051977036178
2025-06-19 00:58:47.736000+00:00,420.6950556615258,436.3010837035873,407.7272423891815,423.254379940595,2276.241860689939
2025-06-19 01:58:47.736000+00:00,423.92432350659476,430.23423906821233,419.48718510459923,425.7777016955057,442.23079320952456
2025-06-19 02:58:47.736000+00:00,426.79572264292045,443.376595436917,408.0347470302402,424.5275001290875,1737.7550666828
2025-06-19 03:58:47.736000+00:00,423.7799873381161,433.55010879547154,413.51934858321766,423.27789443822917,1282.292071839379
2025-06-19 04:58:47.736000+00:00,427.63495599040186,437.8506861458097,417.65380438357687,427.86418426961274,1761.7607739993448
2025-06-19 05:58:47.736000+00:00,423.24769447241863,441.7027596100593,405.6246954377731,424.04650025590104,1179.6487273049538
2025-06-19 06:58:47.736000+00:00,424.9447055040274,444.02113644605987,406.5589560376183,425.6067431172011,845.0731992885047
2025-06-19 07:58:47.736000+00:00,424.5877584753905,439.4003643316601,407.882371270526,422.6265566188423,999.9945591818849
2025-06-19 08:58:47.736000+00:00,426.84681085006054,448.00063062465154,407.8510904912748,428.9129615392651,1393.76047021059
2025-06-19 09:58:47.736000+00:00,431.81834768342503,460.5547416162306,401.29818164751646,429.90740745144865,1182.8745663388786
2025-06-19 10:58:47.736000+00:00,434.9477242293043,451.6542973934449,418.9352220859712,435.617150474235,1761.7213373172012
2025-06-19 11:58:47.736000+00:00,433.99943639238546,445.99156760040137,420.279027224203,432.22204616376376,1419.8347789493168
2025-06-19 12:58:47.736000+00:00,431.111690276014,437.6566080519205,425.8360925122647,432.36566515323915,1743.335989032757
2025-06-19 13:58:47.736000+00:00,435.88812598991257,449.04308830272436,423.2318564523314,436.3727474931739,1809.7789804665733
2025-06-19 14:58:47.736000+00:00,434.70667973529936,457.38151985504965,409.4324944827002,431.9642880472172,1790.9487754867164
2025-06-19 15:58:47.736000+00:00,438.9229140531461,471.6298072406092,405.310259072191,437.9442239340556,1711.3474892446666
2025-06-19 16:58:47.736000+00:00,435.93165907772266,451.06151381294035,422.9700091746919,438.0372576928184,2339.6449436394605
2025-06-19 17:58:47.736000+00:00,445.21086039726583,461.40291437888357,426.70795001470265,442.8127875129674,1034.7103472838573
2025-06-19 18:58:47.736000+00:00,444.6431867359056,471.4143765205775,417.0111783438094,443.7272193305773,1927.4666433281996
2025-06-19 19:58:47.736000+00:00,436.99828722876896,448.11199337275264,429.3287761835681,440.38307777328794,1726.8174979763764
2025-06-19 20:58:47.736000+00:00,446.33278997196373,447.30668382232653,443.82079134825466,444.79132172975443,577.3645969201465
2025-06-19 21:58:47.736000+00:00,442.0179780243694,471.31403922388023,412.1812456576313,441.4389286296766,659.795299081464
2025-06-19 22:58:47.736000+00:00,434.9093257142702,459.1809656584642,410.8387993873783,435.09989222237255,742.4967230123403
2025-06-19 23:58:47.736000+00:00,436.54306367486424,454.54018529522534,416.9126207937305,434.8395109808804,1636.3445154765857
2025-06-20 00:58:47.736000+00:00,441.4233597612029,456.1271901244692,425.1366858917815,439.7859748975455,1281.015871085841
2025-06-20 01:58:47.736000+00:00,439.26652175643216,451.6510472710711,428.70700471573383,441.04868876185407,1780.3031556473873
2025-06-20 02:58:47.736000+00:00,435.1195288562893,466.7403386356288,402.94404519776293,434.52138708886855,1796.5830021940883
2025-06-20 03:58:47.736000+00:00,432.31747808591126,444.8757003692204,421.8031758610562,434.3128686707062,1970.6782753123912
2025-06-20 04:58:47.736000+00:00,431.1897027312163,464.6274411969916,395.3596019762762,428.59622217808965,1660.3856210016327
2025-06-20 05:58:47.736000+00:00,423.0858235661609,450.3636665067985,399.96480923750295,427.0272585854453,1840.0738235949957
2025-06-20 06:58:47.736000+00:00,429.78118293459767,466.1170408582447,392.6899292926803,428.956024152058,1770.9656517472808
2025-06-20 07:58:47.736000+00:00,437.52735038545273,466.19598221313345,409.30156467997375,437.94335894333733,1417.2679654837573
2025-06-20 08:58:47.736000+00:00,432.58433842013454,458.7083795649383,411.42413690875,437.3166913078858,1537.2394951946264
2025-06-20 09:58:47.736000+00:00,440.37423295110466,462.1111781565133,421.1028523850361,442.7364248330907,2085.7300410071134
2025-06-20 10:58:47.736000+00:00,450.1746257951976,462.06475278204465,437.21217251530265,449.0732085901272,1263.9858677098753
2025-06-20 11:58:47.736000+00:00,450.3800561249262,459.38600852660915,440.875195605922,449.8709681109605,2037.6920446822435
2025-06-20 12:58:47.736000+00:00,457.53378904120086,471.19905967543093,441.15435627548743,454.73606666939,1420.0684578317014
2025-06-20 13:58:47.736000+00:00,466.2271539074097,476.91254635709146,450.2905822683431,460.8528006970907,1228.4403958037128
2025-06-20 14:58:47.736000+00:00,467.6612697149308,484.80331300138175,444.68282784832235,461.60279893179285,2301.5303963634547
2025-06-20 15:58:47.736000+00:00,463.82991731328156,468.9092209418903,457.92177613944955,462.9919028483433,966.6038974025375
2025-06-20 16:58:47.736000+00:00,468.1627527770843,490.4886752550931,445.9340904471223,468.2556042774214,1551.4557719452052
2025-06-20 17:58:47.736000+00:00,469.6516977676828,501.73051681246795,438.48512044801606,470.50716949523047,1032.6023194865445
2025-06-20 18:58:47.736000+00:00,470.3355771003781,480.16907279061513,459.9523394079228,469.77409598594346,1971.7736257185366
2025-06-20 19:58:47.736000+00:00,476.8963399902898,495.2791896942629,454.1597414380766,472.36803943872684,1485.4938117302183
2025-06-20 20:58:47.736000+00:00,469.60425531649145,492.3027308888734,449.3186750357592,471.91723634662543,1469.5663596713448
2025-06-20 21:58:47.736000+00:00,476.402242386005,519.7089025650826,437.09646923381473,480.09819337709644,2056.9077617677326
2025-06-20 22:58:47.736000+00:00,484.40214860107284,505.9019746547033,461.2343817436989,482.65673910598457,2400.62405962878
2025-06-20 23:58:47.736000+00:00,483.31268797148715,503.9026112139691,459.1933496724339,479.62622340137347,1207.749072779218
2025-06-21 00:58:47.736000+00:00,480.61769701700536,507.0561745337006,458.71010835122723,484.95106177895775,2159.9089193331642
2025-06-21 01:58:47.736000+00:00,489.69727373439326,511.94927850273706,466.3623279260278,488.5627809710229,2396.605454821287
2025-06-21 02:58:47.736000+00:00,489.08375790195737,504.81092419225035,473.88613593695186,489.5973432511836,1246.4687941100353
2025-06-21 03:58:47.736000+00:00,489.2480422959457,510.39068922712124,464.9394450933166,485.93909737103615,776.6306307000009
2025-06-21 04:58:47.736000+00:00,483.7253669773298,493.1666324395073,474.9301955226382,484.3599233795215,2349.0806437458214
2025-06-21 05:58:47.736000+00:00,494.51983572164477,515.7593804328931,472.2359477465384,493.42862514497466,1278.6940164852865
2025-06-21 06:58:47.736000+00:00,500.4573276942188,521.1819799741367,477.0872935220004,497.69766419744315,1487.6144508854113
2025-06-21 07:58:47.736000+00:00,498.9897097219763,511.9239531796664,489.22576404924564,502.09916349134886,921.9095062701311
2025-06-21 08:58:47.736000+00:00,496.9281733754528,523.1692122091807,470.06291838271306,496.26915685911825,1543.9529269170753
2025-06-21 09:58:47.736000+00:00,491.04105620923895,515.6780649478908,468.52677503727057,493.07072333664917,1247.4336708574285
2025-06-21 10:58:47.736000+00:00,502.13615327474037,525.4292517338404,476.68610195566214,499.8742764426301,1198.3414935340202
2025-06-21 11:58:47.736000+00:00,507.2822223014732,531.8116484284426,485.51523010754977,509.9309997424398,515.4693510624496
2025-06-21 12:58:47.736000+00:00,507.9747365734619,552.7447606796296,466.7186824104825,511.2247509323159,948.2823643128309
2025-06-21 13:58:47.736000+00:00,513.0300749209727,513.6893371697247,507.1942371699485,507.8468387723052,189.18205405693675
2025-06-21 14:58:47.736000+00:00,509.0678172374818,535.5760823330941,483.0789207782816,509.5619589822945,1764.800928313713
2025-06-21 15:58:47.736000+00:00,503.2400953350236,535.3384957020045,474.85584550572514,506.7559416044306,1584.2676389911514
2025-06-21 16:58:47.736000+00:00,503.2528091952975,510.5850412197534,496.7008095148294,504.02301401114215,1298.553098231459
2025-06-21 17:58:47.736000+00:00,508.20152747952187,512.9106470989063,502.35807684964,507.056587172175,1537.561880523411
2025-06-21 18:58:47.736000+00:00,518.6893837138969,532.8088500258024,498.47961453570537,512.4286548606781,448.63793599962196
2025-06-21 19:58:47.736000+00:00,519.6283393583386,535.9656810843669,499.1930060650616,515.3973227838089,1190.120906954505
2025-06-21 20:58:47.736000+00:00,513.7334232617046,523.9341873419237,503.1847358314704,513.3784515426377,2288.597810991013
2025-06-21 21:58:47.736000+00:00,519.7026138953394,530.8994230834079,508.8020512091667,519.9927743922751,1745.0109122621045
2025-06-21 22:58:47.736000+00:00,520.3278375837597,547.996124855662,494.58660388845146,522.1640514862768,1715.8630534146225
2025-06-21 23:58:47.736000+00:00,522.9725125026183,526.9630200362662,516.4630933337025,520.4342326893387,2303.234364584114
2025-06-22 00:58:47.736000+00:00,518.6572506913382,549.4596708725741,490.0825819572136,520.7686762127067,1424.465094961057
2025-06-22 01:58:47.736000+00:00,526.6809234868058,531.9545668627921,520.4385162672278,525.7023613238935,1719.44121017835
2025-06-22 02:58:47.736000+00:00,533.0397833424005,549.9056717751575,514.8603415373792,531.6833098518475,956.6156571268593
2025-06-22 03:58:47.736000+00:00,525.1670156538046,535.5325339595815,512.8779421615574,523.2047297204343,1753.2059497256184
2025-06-22 04:58:47.736000+00:00,521.275460850092,531.6455382348133,511.44449011292494,521.8045884400391,1902.2884976487508
2025-06-22 05:58:47.736000+00:00,517.6372488189342,533.1096961299377,502.720354143184,518.1772403694638,2024.1064202907858
2025-06-22 06:58:47.736000+00:00,526.396890501743,546.7628348094212,506.6835604844311,527.0259469087432,971.2027404238097
2025-06-22 07:58:47.736000+00:00,528.7346839166023,546.5559025397388,512.2523619120691,530.0331046788788,945.8297189446533
2025-06-22 08:58:47.736000+00:00,525.1620292067508,543.9595861848186,507.29007796903437,526.0571720640181,1489.7801275913366
2025-06-22 09:58:47.736000+00:00,518.5139653306614,524.8079901788359,512.8631719921459,519.1502624398865,1595.3999114301719
2025-06-22 10:58:47.736000+00:00,511.96498605631433,533.080248697184,490.57071245350994,511.6739726637783,889.0574798213515
2025-06-22 11:58:47.736000+00:00,521.9187670263505,541.230837331081,500.47349101001475,519.7035953979645,1901.5620020291412
2025-06-22 12:58:47.736000+00:00,511.576351446106,529.5737020841389,495.2283032130308,513.1745804866131,2229.0822600933793
2025-06-22 13:58:47.736000+00:00,507.6289594025391,519.7925698616938,494.8513256251105,506.9998618909392,2444.7854543358367
2025-06-22 14:58:47.736000+00:00,512.117481979041,529.955625311883,494.73213459104176,512.5554111198547,1279.139317717375
2025-06-22 15:58:47.736000+00:00,518.2575960702239,533.0548644989766,503.6824387082519,518.4736314899477,1149.8505245606163
2025-06-22 16:58:47.736000+00:00,518.2180945888534,538.1296107122756,498.1992808974222,518.1065095854628,1412.1420216383663
2025-06-22 17:58:47.736000+00:00,529.986035885961,545.9046123678249,508.49340133810836,524.2393719333039,702.3619153521552
2025-06-22 18:58:47.736000+00:00,532.4999900384984,550.817266601161,516.4065511838675,534.6585896406909,1145.3729128372759
2025-06-22 19:58:47.736000+00:00,533.1408218460898,554.3974972697323,510.50302603184275,531.7023485797042,1972.132176275666
2025-06-22 20:58:47.736000+00:00,535.3497220702751,570.7759004734983,501.37977092838975,536.7190597136238,2064.2391245884473
2025-06-22 21:58:47.736000+00:00,540.4814523471111,560.1887504380214,519.3072495387607,538.9590365634991,1216.808826452615
2025-06-22 22:58:47.736000+00:00,537.6993139732322,565.6488696588491,509.5461107233383,537.4845004224187,512.3771980855545
2025-06-22 23:58:47.736000+00:00,539.80123224142,553.8993731812129,525.4174254301545,539.5079054720292,1299.4776618728156
2025-06-23 00:58:47.736000+00:00,536.3838179902517,565.8356473863536,508.3699627230017,537.7504183324414,1082.7392485984221
2025-06-23 01:58:47.736000+00:00,539.236628632749,571.441087714242,510.102315053518,542.1494005341569,1567.7943941537617
2025-06-23 02:58:47.736000+00:00,529.6518906640739,536.7653651300943,528.2467771100938,535.3451479333324,1370.3141970199729
2025-06-23 03:58:47.736000+00:00,533.2834209801857,556.7834414742769,512.6014979854219,535.9963067075012,1155.0482731960865
2025-06-23 04:58:47.736000+00:00,536.3642508987574,568.887320349118,503.55461240983743,536.0591837598312,1156.9313217219196
2025-06-23 05:58:47.736000+00:00,542.0372607177145,578.128744217658,508.0568902672528,544.0238352121198,1315.2893932987336
2025-06-23 06:58:47.736000+00:00,543.915881206366,556.1612702099869,534.3518978345807,546.5509528692226,1578.6564329985586
2025-06-23 07:58:47.736000+00:00,551.7685838868454,574.9163738028551,526.1440523737932,549.1833881865622,1058.8715397418982
2025-06-23 08:58:47.736000+00:00,540.0988741772727,576.3278825378305,508.3522467380385,544.3324108272892,1274.2012697534324
2025-06-23 09:58:47.736000+00:00,544.9087447986029,561.0992493443132,526.4562513853333,542.57748890325,1402.7960245517227
2025-06-23 10:58:47.736000+00:00,543.3293369986319,571.9546225944839,515.3124316410579,543.9078843084793,1484.2301554705723
2025-06-23 11:58:47.736000+00:00,537.2401349186001,567.184623909678,504.87146271213544,534.6728577732964,641.0153834474141
2025-06-23 12:58:47.736000+00:00,534.7451528696396,551.1572266861963,517.7964586545698,534.1915413626139,1939.2482963925188
2025-06-23 13:58:47.736000+00:00,534.0425801835792,548.7061072393147,519.0688587107547,533.7236281082826,1408.7948451941202
2025-06-23 14:58:47.736000+00:00,533.4424697187235,556.5297469834106,511.71895762777723,534.7528710873833,1331.851828115874
2025-06-23 15:58:47.736000+00:00,533.5971097059601,549.3291633460929,519.7823150999327,535.4659837130793,1881.1190941146276
2025-06-23 16:58:47.736000+00:00,533.5157307046453,540.7112620048077,531.8610752490196,539.039475107155,2002.777813005396
2025-06-23 17:58:47.736000+00:00,543.2150262442766,567.0991070947554,518.2564539450747,542.0911188289871,2557.225415957988
2025-06-23 18:58:47.736000+00:00,544.2835066882456,556.052231516731,530.0222852436085,541.7359252034469,1527.524678032189
2025-06-23 19:58:47.736000+00:00,540.4595744030856,553.0749801291328,527.4856298097092,540.0924665043104,1219.3613643864676
2025-06-23 20:58:47.736000+00:00,536.0100455676156,554.2489413030364,521.852986557858,539.9868472904358,1831.765488700753
2025-06-23 21:58:47.736000+00:00,543.7940043018262,569.9286236827304,518.3030713118915,544.408868277896,1117.5013372851558
2025-06-23 22:58:47.736000+00:00,542.3335549358577,545.8563104192549,535.5566355267429,539.0581152231201,753.3642160498277
2025-06-23 23:58:47.736000+00:00,544.4953745550266,564.2019840938191,523.2354497991598,542.8837300090602,994.4735690754989
2025-06-24 00:58:47.736000+00:00,547.2015854853895,559.0533757484822,534.7619936270424,546.6007709007113,1788.9603685238792
2025-06-24 01:58:47.736000+00:00,542.2275599111354,565.799094122426,521.5785718520256,545.0428931747774,1221.9735903410738
2025-06-24 02:58:47.736000+00:00,543.9801618197312,550.0108457848506,536.0628907423379,542.0724251179232,1578.1635317010239
2025-06-24 03:58:47.736000+00:00,541.3285735663472,566.1875955673239,514.9580043828897,539.7442716889364,3063.1733032247107
2025-06-24 04:58:47.736000+00:00,541.8825727109694,559.626872941851,523.9531295570106,541.6911619158723,1179.790400098824
2025-06-24 05:58:47.736000+00:00,542.061178106976,546.4788837689543,536.4364930743557,540.8442812354756,2311.8756581834264
2025-06-24 06:58:47.736000+00:00,545.2129044617236,553.765792866068,539.353935847419,547.8781826311864,2131.399301960604
2025-06-24 07:58:47.736000+00:00,546.3083005064659,558.2197253634382,534.7624224563211,546.6662816106144,1431.3709960870804
2025-06-24 08:58:47.736000+00:00,546.2015114101639,558.4247076463171,534.7798814537748,546.9866594447839,2647.424162783299
2025-06-24 09:58:47.736000+00:00,538.2205834904614,548.5215294020036,527.8448498892186,538.1443365181511,2721.56998558556
2025-06-24 10:58:47.736000+00:00,532.949088152719,553.7812519605933,512.9536530690114,533.755559311825,1169.365016103532
2025-06-24 11:58:47.736000+00:00,529.5016093519936,540.314574765483,515.6917747594148,526.4422652312203,1367.4614947908838
2025-06-24 12:58:47.736000+00:00,526.0848263721742,548.3566019809778,507.265442578618,529.4179827596806,1626.6707338608603
2025-06-24 13:58:47.736000+00:00,522.0191075711648,546.9520645098653,496.1657896812854,521.0525829521094,875.799152584806
2025-06-24 14:58:47.736000+00:00,522.5890349188522,544.0523801373059,500.3652324469346,521.7960070810211,1454.0098671139747
2025-06-24 15:58:47.736000+00:00,528.8892802351166,547.9712822083574,506.7592860636501,525.7272021938263,1042.2901665447023
2025-06-24 16:58:47.736000+00:00,529.4174331035318,544.383917642006,511.43911350804603,526.31797728707,1194.6068696832244
2025-06-24 17:58:47.736000+00:00,532.5450504232925,540.8819722105303,523.3262725456082,531.6491694353824,824.9112978610079
2025-06-24 18:58:47.736000+00:00,526.7073400110479,548.3449893700229,503.96053058863953,525.5506625119422,1251.4618914843466
2025-06-24 19:58:47.736000+00:00,530.3501086176808,556.1020074577224,502.9419724949483,528.6093461540984,2050.084224043473
2025-06-24 20:58:47.736000+00:00,516.1128919923801,543.376619987632,494.67237689798975,521.7038439077232,1807.8656892665306
2025-06-24 21:58:47.736000+00:00,523.9981816123513,552.9246663135316,494.79225940922464,523.7024168901751,1597.5841383108148
2025-06-24 22:58:47.736000+00:00,516.2392006447953,534.8500960850422,498.5849171512955,517.1641802547507,480.2959125815767
2025-06-24 23:58:47.736000+00:00,515.2129469462625,530.1899377282216,498.36160762119715,513.2824806840952,1304.9191989666783
2025-06-25 00:58:47.736000+00:00,512.225140064201,523.9338165806936,501.22124489683983,512.9150993381808,1893.2326436716387
2025-06-25 01:58:47.736000+00:00,509.1389855965566,517.9095153748689,501.2633073275098,510.0202058433491,1838.5276440665903
2025-06-25 02:58:47.736000+00:00,512.624056571548,541.207876420754,483.10314803844886,511.63163039277117,1855.979814743252
2025-06-25 03:58:47.736000+00:00,514.4150347191131,535.1077950507663,495.2160333667883,515.8550494587372,483.9192601501923
2025-06-25 04:58:47.736000+00:00,519.6980683184181,538.6908223208866,503.2421956819775,522.1570866054601,2269.406006446575
2025-06-25 05:58:47.736000+00:00,520.5177781610331,543.9072973081039,498.6261747022242,521.9552380803253,1699.9703996760363
2025-06-25 06:58:47.736000+00:00,524.1392278100038,538.4788467020778,506.88078538829,521.1383037524387,772.4568967103647
2025-06-25 07:58:47.736000+00:00,530.5643826167907,549.980767013596,509.8331994575309,529.1996401232345,1824.7828393317611
2025-06-25 08:58:47.736000+00:00,523.2593581071438,541.5870864811408,506.2730865549299,524.5586371701456,1582.3707666353243
2025-06-25 09:58:47.736000+00:00,523.1584896226127,526.1472631689883,518.955013880556,521.9368080321743,1892.4280511999857
2025-06-25 10:58:47.736000+00:00,520.9126116221773,531.3101617629612,507.06855011809216,517.3959059053407,645.1383532680417
2025-06-25 11:58:47.736000+00:00,518.3196015619699,536.5113305776291,501.9737786560432,520.109074521194,1430.4128048952953
2025-06-25 12:58:47.736000+00:00,514.4566955404607,533.0943924241479,498.98131344892585,517.5266625926519,1637.1885975881803
2025-06-25 13:58:47.736000+00:00,512.0678670808234,521.7109915214465,502.15620835623656,511.7941787721929,1541.2351297752255
2025-06-25 14:58:47.736000+00:00,514.3877948519842,546.99373255989,480.32057953616504,512.8276211857177,1190.2313467476854
2025-06-25 15:58:47.736000+00:00,522.4871533847629,551.2660410578537,492.3479863671796,521.0475816135927,1038.8218017389559
2025-06-25 16:58:47.736000+00:00,514.227682890926,521.5388429138908,507.229524261973,514.5364818198414,1200.9702910081492
2025-06-25 17:58:47.736000+00:00,505.9112795647715,529.4991566979866,484.74168181405526,508.23243153479973,1166.3109423906212
2025-06-25 18:58:47.736000+00:00,510.7168444223763,530.006961689219,488.3151362284908,507.4831133052455,1815.1393800331223
2025-06-25 19:58:47.736000+00:00,504.44429998214883,526.9455296391827,482.3243251330846,504.8095389926813,1355.192814262514
2025-06-25 20:58:47.736000+00:00,502.2272468813057,530.8253075582015,476.0774396146759,504.55433425244155,1762.855894315619
2025-06-25 21:58:47.736000+00:00,511.044665106054,519.3430750799073,502.3826741071063,510.6750827544968,1494.3588001423884
2025-06-25 22:58:47.736000+00:00,507.43097255285227,510.2785748899245,504.88720438063683,507.7332911844552,1700.9916212300247
2025-06-25 23:58:47.736000+00:00,512.2973308858494,522.2910320293645,502.22257081960436,512.2146592360739,1256.517873391882
2025-06-26 00:58:47.736000+00:00,515.1387801588538,535.0353807047959,494.0851843322368,513.9353020181142,2010.5690743066757
2025-06-26 01:58:47.736000+00:00,515.367651126041,532.1653240531052,499.7449496417251,516.5080527729119,955.7173188291937
2025-06-26 02:58:47.736000+00:00,514.6440769698496,533.2292666042838,497.29183375422616,515.836808098969,1954.0620375819353
2025-06-26 03:58:47.736000+00:00,508.80353886881255,526.7759649742025,493.64586096629904,511.5368592001781,1199.3573678976618
2025-06-26 04:58:47.736000+00:00,512.4195472604525,524.7028921021204,500.7629404203777,513.0323452298209,1151.2816859811617
2025-06-26 05:58:47.736000+00:00,509.8778099471279,525.7128961985578,496.410476138656,512.1846325947002,761.3184415502398
2025-06-26 06:58:47.736000+00:00,520.8980774864525,533.9419400162504,506.18498223422284,519.1859717474731,1424.3121925359844
2025-06-26 07:58:47.736000+00:00,515.9820357908748,522.2336907909546,509.7101693153555,515.9615764291483,1135.156201681739
2025-06-26 08:58:47.736000+00:00,513.5495886883739,517.1544508091281,508.9888896358885,512.5869948275692,82.17304561091588
2025-06-26 09:58:47.736000+00:00,506.82053572717524,535.7446289216643,478.8603048136754,507.7340038772862,261.1478617951922
2025-06-26 10:58:47.736000+00:00,513.7817639325027,528.3770218397657,497.06981886402957,511.60318889040235,645.6361807298885
2025-06-26 11:58:47.736000+00:00,502.3404465160983,535.8252502403191,475.01880098835494,508.1856895245625,981.7322334380485
2025-06-26 12:58:47.736000+00:00,509.62098484067974,530.0920283620931,490.2982340257706,510.72732946776705,1481.8427517018954
2025-06-26 13:58:47.736000+00:00,509.54582281831836,511.68254905037594,508.3481513080267,510.4826754971814,1619.920527897696
2025-06-26 14:58:47.736000+00:00,507.7589948845596,514.4738176467536,506.4862206909172,513.1874362493974,990.2352398383657
2025-06-26 15:58:47.736000+00:00,511.8726090997991,524.4358164329342,500.5296520544495,513.066405192613,1313.7116065292382
2025-06-26 16:58:47.736000+00:00,517.609998623214,520.2187147457751,512.2913381386219,514.88632715838,1326.1317523935834
2025-06-26 17:58:47.736000+00:00,513.4609014366162,519.9504328955157,504.9329781042898,511.3964169493427,1758.7400219215372
2025-06-26 18:58:47.736000+00:00,507.47563377805506,521.553709539604,493.1933211336537,507.2655694194412,1286.3091616431057
2025-06-26 19:58:47.736000+00:00,506.75132590022747,520.2872223556182,494.2413314986216,507.7525120191879,1136.9630842698134
2025-06-26 20:58:47.736000+00:00,504.64134288966085,508.978417496847,500.1969361875875,504.53308034637894,268.1259545467331
2025-06-26 21:58:47.736000+00:00,508.48461454554155,526.9291015722902,490.1503758409629,508.59102602883803,1743.6584593518508
2025-06-26 22:58:47.736000+00:00,503.1799739474814,516.1862029654847,489.85468206331575,502.85244509400053,1207.1726224369604
2025-06-26 23:58:47.736000+00:00,501.41001986551265,524.5063101107406,479.02284084232514,502.0888235564917,1799.4631587360536
2025-06-27 00:58:47.736000+00:00,502.7711445042476,513.2908615471896,491.0984459585218,501.5935230746126,1801.725309467533
2025-06-27 01:58:47.736000+00:00,505.47697168263636,514.4525075437524,495.45812088551537,504.4147961554086,1874.523199406792
2025-06-27 02:58:47.736000+00:00,508.93870036759904,518.8308456834071,495.60661050919833,505.43056893753237,998.403420822263
2025-06-27 03:58:47.736000+00:00,500.7139596120243,508.16712255982594,494.86759016799107,502.3022086149614,1618.986265937213
2025-06-27 04:58:47.736000+00:00,497.41777178661266,512.6733419556679,479.9796655532073,495.16618047080465,1047.2183483939111
2025-06-27 05:58:47.736000+00:00,495.282431441161,515.4236539295806,472.97020286147676,493.0193964627278,1422.8931011607342
2025-06-27 06:58:47.736000+00:00,496.4259722885167,510.44426603434283,479.9197978421121,493.86579621616755,1139.0776333807166
2025-06-27 07:58:47.736000+00:00,494.7090003727738,509.5480062502791,479.17581158483773,493.99335126440167,1434.6960187606753
2025-06-27 08:58:47.736000+00:00,490.1378765908091,515.0382523012097,464.9600251975447,489.8455498936984,1187.582443658903
2025-06-27 09:58:47.736000+00:00,489.8354345336673,513.1126373854571,470.1900991375073,493.32725891310787,1359.2765921681755
2025-06-27 10:58:47.736000+00:00,488.0793101431713,496.95601469049035,479.54437569214224,488.4152064945961,1488.9945607899306
2025-06-27 11:58:47.736000+00:00,488.4339708403703,506.59978484007297,472.5221671399136,490.61686847994724,1952.5485729190268
2025-06-27 12:58:47.736000+00:00,494.105309577765,503.9071849340334,480.80652503804606,490.53762602947126,1437.2599822905788
2025-06-27 13:58:47.736000+00:00,490.79047770544963,495.5586877567535,484.6265917454515,489.3811092638426,728.2203103277732
2025-06-27 14:58:47.736000+00:00,486.0607919145281,494.28310083096204,477.4862074127182,485.70245461836544,1491.5857602918995
2025-06-27 15:58:47.736000+00:00,485.15998652206775,508.00415242028464,463.52009539480787,486.3128398620415,1780.2422642543547
2025-06-27 16:58:47.736000+00:00,483.97521907108455,502.2749208904073,467.0763652657993,485.32880425585097,1427.95366077252
2025-06-27 17:58:47.736000+00:00,488.52548211687235,503.7704237195801,473.38983672343346,488.63149383866335,3129.1985340623546
2025-06-27 18:58:47.736000+00:00,487.3702238853121,502.7668485130903,471.2925201361371,486.66692674241904,946.5495053061363
2025-06-27 19:58:47.736000+00:00,489.1832603121887,513.5421984943266,464.7832436576107,489.14002913834474,2195.060513782694
2025-06-27 20:58:47.736000+00:00,483.8999783895759,494.50518311192343,474.53424844342027,485.1159190221355,1525.9572497333445
2025-06-27 21:58:47.736000+00:00,482.0876314107347,497.90569320131414,468.66795240483015,484.42105949862304,2245.619263423204
2025-06-27 22:58:47.736000+00:00,493.25622631393543,508.67575196213625,475.7100785378652,491.06097926797355,1629.4116508215307
2025-06-27 23:58:47.736000+00:00,485.2828794102822,501.1326242103073,471.319845050995,487.1168218623727,1551.8498463949034
2025-06-28 00:58:47.736000+00:00,485.15851847775446,502.43486053436686,467.87156797242164,485.14751831676546,1089.751893941836
2025-06-28 01:58:47.736000+00:00,479.2521114681417,498.2382942346561,462.05025112555137,480.97460808970476,355.0166872738174
2025-06-28 02:58:47.736000+00:00,477.7499836632201,496.69029926390255,461.0192964860141,479.8848496053477,1926.9830034309784
2025-06-28 03:58:47.736000+00:00,484.02922300578524,489.8494639408574,476.45137612804774,482.25022539036013,1235.8410081931625
2025-06-28 04:58:47.736000+00:00,478.9735051747836,480.89774641282065,477.4535824309186,479.3765447068734,2036.3466272124256
2025-06-28 05:58:47.736000+00:00,482.3185399921797,497.44698527086945,464.6380284862656,479.6838333265063,1734.3897462073598
2025-06-28 06:58:47.736000+00:00,478.37153160797664,480.9122161325373,475.5771283488229,478.1164581498163,872.679871714268
2025-06-28 07:58:47.736000+00:00,473.84932007453597,495.6156461171179,456.51130684257294,478.1213215536127,739.705363441093
2025-06-28 08:58:47.736000+00:00,476.62453427653327,495.9280448475068,457.97600009919853,477.2548488211031,1104.8294975862345
2025-06-28 09:58:47.736000+00:00,476.47842662545753,482.14516212169656,469.7632605479416,475.4173770313095,1266.491970385204
2025-06-28 10:58:47.736000+00:00,470.66742964990414,487.6406067466681,456.5341513049636,473.42453751700094,1454.3135984408264
2025-06-28 11:58:47.736000+00:00,470.742378904705,489.9614371338174,450.55910367933444,469.73712008015576,777.774443579643
2025-06-28 12:58:47.736000+00:00,468.3973624617269,485.4700943259264,451.2064381008039,468.27469897302086,1184.6005574825533
2025-06-28 13:58:47.736000+00:00,458.92898240213555,485.3296778016749,438.3426717857668,464.4937469272411,2305.3611687334915
2025-06-28 14:58:47.736000+00:00,462.96490143767335,483.50083771397544,442.3332491516394,462.86474264044057,1421.5552576010857
2025-06-28 15:58:47.736000+00:00,457.08178310759047,477.65252063661256,437.0836913047269,457.63042484111696,1225.585647310029
2025-06-28 16:58:47.736000+00:00,453.68681041014537,467.0279978293861,439.03324173308147,452.3346678298246,1195.642310557833
2025-06-28 17:58:47.736000+00:00,448.20951410451323,466.12109092297976,428.47801791017304,446.31383878634995,669.8494824805691
2025-06-28 18:58:47.736000+00:00,442.22507876174865,461.00021559196887,424.4676319721196,443.2034812734875,1649.9624700745308
2025-06-28 19:58:47.736000+00:00,442.32818618798217,453.3765813500313,431.8647168051912,442.8995950375285,1701.8010359261664
2025-06-28 20:58:47.736000+00:00,442.72960152465663,463.8335267689922,420.0642052611275,441.0899731030226,603.0476939151938
2025-06-28 21:58:47.736000+00:00,441.824482626846,451.2433776955902,429.5180580332381,438.8740553541613,1560.2585934807332
2025-06-28 22:58:47.736000+00:00,435.18277132168714,453.7359881830746,415.9865458700667,434.511128474257,1928.249664895936
2025-06-28 23:58:47.736000+00:00,434.22496933564355,446.1319944104397,422.6161697814273,434.51542953979396,1205.408216782594
2025-06-29 00:58:47.736000+00:00,436.1819758031142,457.07776123527486,415.38721401711615,436.27840236044517,804.0790891319238
2025-06-29 01:58:47.736000+00:00,432.8025126165902,448.60328878385985,417.0435262716266,432.84283426732867,1056.638612351957
2025-06-29 02:58:47.736000+00:00,437.6662842276131,453.48404312683397,419.9103377755579,435.6554218126623,965.9292603007292
2025-06-29 03:58:47.736000+00:00,436.6805968187159,451.92584855957324,419.66304331301757,434.8441827603016,1841.4887518224716
2025-06-29 04:58:47.736000+00:00,436.55463482652783,444.98282360835566,426.6027599708668,435.00095314276876,84.45531229388538
2025-06-29 05:58:47.736000+00:00,433.4518239746485,449.85998348441075,418.69050879584756,435.0444316353827,1959.9434169898311
2025-06-29 06:58:47.736000+00:00,433.16654090110933,447.2157631815333,418.5175560931049,432.5466737472319,2242.025801557358
2025-06-29 07:58:47.736000+00:00,428.0953658979343,439.21770323059,418.5063472482381,429.5950918324067,1541.93282988324
2025-06-29 08:58:47.736000+00:00,426.9926363657906,431.46657240051104,423.1797383409821,427.64782377648527,1811.7544963589908
2025-06-29 09:58:47.736000+00:00,426.54706316679574,434.48517953971856,419.0901780157667,427.0200260630979,1476.5952397486037
2025-06-29 10:58:47.736000+00:00,424.83543523561707,438.93458000441103,411.8259948217936,425.89276181328995,1279.3672684927078
2025-06-29 11:58:47.736000+00:00,421.3011500627163,430.5111620675645,412.752831203436,421.94968426683084,1027.0662382190324
2025-06-29 12:58:47.736000+00:00,428.2553156162534,455.43422139883734,400.94581168412475,428.1158674951949,1136.6050491748065
2025-06-29 13:58:47.736000+00:00,426.3481821751823,436.60502423624763,415.6824705939236,425.9292338340958,1675.5730845188575
2025-06-29 14:58:47.736000+00:00,422.9149154372858,437.3264075615474,409.2131975817644,423.60241587120197,2060.9875513421343
2025-06-29 15:58:47.736000+00:00,427.3636031325989,428.294190982546,426.75921951670983,427.6893466955306,909.6787844939439
2025-06-29 16:58:47.736000+00:00,428.241259145165,447.98916502810096,410.1199422586409,429.8018122859051,2018.1935119002544
2025-06-29 17:58:47.736000+00:00,435.3838300185881,451.229178737036,418.75601882437076,434.5718150909214,1303.857842585431
2025-06-29 18:58:47.736000+00:00,433.2103150651667,449.73517058698826,417.06457130360633,433.575805018805,1623.6580389457276
2025-06-29 19:58:47.736000+00:00,432.28497655644884,447.2733390554858,416.26725673606717,431.2186470188109,836.3021202697701
2025-06-29 20:58:47.736000+00:00,420.55872370059006,433.6530278954199,409.98586070568047,423.01833029321364,1722.1774043265848
2025-06-29 21:58:47.736000+00:00,423.0970193454282,432.9827871912989,412.3562163833486,422.22152815831555,1214.9143238738066
2025-06-29 22:58:47.736000+00:00,419.66136336509464,436.2148525409789,401.6331149859723,418.1260436715487,1425.3653446607132
2025-06-29 23:58:47.736000+00:00,419.4604209779847,432.0172237290905,405.9385303785509,418.4655510947814,1027.1870708455465
2025-06-30 00:58:47.736000+00:00,419.8908947947199,425.81228559017234,411.4636364816097,417.3491835235722,1380.8775696308096
2025-06-30 01:58:47.736000+00:00,421.0707161169825,438.13488266062524,402.0137343056987,418.99372961089574,3072.8424005282677
2025-06-30 02:58:47.736000+00:00,418.5376971775039,430.38364105208547,405.3412316949822,417.1478381523697,962.6004098503952
2025-06-30 03:58:47.736000+00:00,421.19580217191066,430.8132528616741,410.7846944912663,420.38359960654327,2198.724051947244
2025-06-30 04:58:47.736000+00:00,419.3317300322009,432.49562863960074,407.6161400585057,420.74067456521334,1599.8022915281977
2025-06-30 05:58:47.736000+00:00,423.07219769284234,439.849164185371,404.1501785795734,420.83857037769434,1743.2177253813118
2025-06-30 06:58:47.736000+00:00,419.55192750967706,435.82112702196656,402.22665701194614,418.45325259312597,2280.0483291420865
2025-06-30 07:58:47.736000+00:00,414.60706145810076,430.0638120512996,399.996876570881,415.42481079756885,1214.5025174382656
2025-06-30 08:58:47.736000+00:00,414.9509473113615,428.49173528958477,402.27353822849517,415.7887305994901,614.2810853721888
2025-06-30 09:58:47.736000+00:00,410.900518621853,430.6370846351455,393.026366088133,412.6852944403085,2007.0534350544824
2025-06-30 10:58:47.736000+00:00,412.00398770254964,425.7106783823707,399.26757916707277,412.9451746398109,1083.8824804443993
2025-06-30 11:58:47.736000+00:00,413.42995144655737,419.85976064335136,406.4173573075329,412.83795963781176,987.7828959871173
2025-06-30 12:58:47.736000+00:00,415.7935703694565,418.18192057750537,410.61115675981705,412.98336493196257,1712.9386356780237
2025-06-30 13:58:47.736000+00:00,413.55127489449984,418.02950954805084,407.9726445064937,412.43883282644185,932.1119065930737
2025-06-30 14:58:47.736000+00:00,415.0729134718582,427.6539066568432,401.5130527686571,414.0634487541582,1098.5468649586455
2025-06-30 15:58:47.736000+00:00,411.0705274801669,422.465496753504,400.03774873182823,411.42325120434174,1474.9741258921026
2025-06-30 16:58:47.736000+00:00,416.93114154702664,428.55153120284086,403.33510667883894,414.89885395079756,1225.6769083293427
2025-06-30 17:58:47.736000+00:00,419.1508618468486,424.6108755977837,412.8443777020858,418.2932194872611,1069.0397127384888
2025-06-30 18:58:47.736000+00:00,414.552402285782,436.7814209788243,395.0978387125889,417.2024911678606,2030.5317513813338
2025-06-30 19:58:47.736000+00:00,415.65989254078534,432.02358985958676,398.31967377939924,414.6433519307179,1064.8435640802238
2025-06-30 20:58:47.736000+00:00,413.87271246441304,433.51693183559735,394.17358901189647,413.81507253867335,1375.3308362099522
2025-06-30 21:58:47.736000+00:00,410.6349291136079,420.673440952701,402.16390412410055,412.17073371162087,2013.6816441932626
2025-06-30 22:58:47.736000+00:00,412.49710384704184,413.492680297963,411.49533284997744,412.49089431396936,1781.733128159787
2025-06-30 23:58:47.736000+00:00,408.44057225276174,416.64510064173584,398.76919888957514,406.9436580945822,1097.2469554005306
2025-07-01 00:58:47.736000+00:00,409.6418672207155,414.8798098572419,403.60026923188906,408.8278027195942,1489.1583964312367
2025-07-01 01:58:47.736000+00:00,403.95177040947647,428.08102871526347,381.23019098366234,405.28448635236947,1553.2204413192928
2025-07-01 02:58:47.736000+00:00,401.13359437755383,419.3739812114468,384.52007584910956,402.6957632370916,1759.925475056892
2025-07-01 03:58:47.736000+00:00,406.4212153109866,429.05779514073373,382.2192713297459,404.76352205795547,1271.6221098361275
2025-07-01 04:58:47.736000+00:00,409.14235962940836,420.0497566763132,399.89503281970195,410.7657386848975,2391.2263970758772
2025-07-01 05:58:47.736000+00:00,408.8102291045489,428.8351713573127,387.2788930870257,407.2262463744418,1000.5254571954551
2025-07-01 06:58:47.736000+00:00,404.19961504456666,419.1800372732184,392.07578401651665,406.97301893165286,1283.984360532605
2025-07-01 07:58:47.736000+00:00,408.95685601183055,415.60786010758727,401.3750860064412,408.0107024864133,997.545232689292
2025-07-01 08:58:47.736000+00:00,407.5247909286561,419.940525794059,395.0864756099771,407.5015009170524,1544.5883352329984
2025-07-01 09:58:47.736000+00:00,410.33034257243054,430.4734757099683,390.9455147779959,411.05444009718013,629.4412583668626
2025-07-01 10:58:47.736000+00:00,404.99245325704646,422.31496489651903,390.23032040121393,407.46278739789807,565.5938172741396
2025-07-01 11:58:47.736000+00:00,413.0863060423403,425.3223765605546,399.480633609416,411.6748966291555,869.1073877942575
2025-07-01 12:58:47.736000+00:00,411.27007453824905,427.49345845351587,395.28852693019746,411.50286484480154,1714.5748655921827
2025-07-01 13:58:47.736000+00:00,413.831913007935,425.24000661952937,404.2660742535742,415.63254574309684,740.3077097960245
2025-07-01 14:58:47.736000+00:00,415.620621936458,427.8883154696055,403.46773334921687,415.73216531594534,1898.6756111684847
2025-07-01 15:58:47.736000+00:00,413.5549351003641,438.66573705178445,388.1168410464589,413.20648534233896,1691.4239752517694
2025-07-01 16:58:47.736000+00:00,425.7568571823137,430.20939190057953,417.9515107232526,422.36861140990834,1331.429915928424
2025-07-01 17:58:47.736000+00:00,417.8448621062769,432.7837224429023,402.42860789787966,417.349767529267,1182.1251226886068
2025-07-01 18:58:47.736000+00:00,412.3118719283326,425.9531781515452,398.5747391170567,412.21276644299286,1875.5314653922462
2025-07-01 19:58:47.736000+00:00,409.7459844135962,427.90867894021915,390.13661946838283,408.2322134992181,1651.7887521971804
2025-07-01 20:58:47.736000+00:00,408.2267298167615,420.21172151797526,396.0654274587216,408.04508635030015,1275.5950891576056
2025-07-01 21:58:47.736000+00:00,404.8202264195375,432.15201603013554,376.4696969187316,403.72772537102117,1111.1552716070237
2025-07-01 22:58:47.736000+00:00,405.3846501324984,412.71637176137745,397.73332618215966,405.05916106813316,2459.094609794094
2025-07-01 23:58:47.736000+00:00,410.14464688277826,424.6759958870845,394.59131464602615,409.0851249854117,786.4850826902406
2025-07-02 00:58:47.736000+00:00,408.6844117829197,417.78551645261325,399.51820526701715,408.6178271452477,2177.711882565223
2025-07-02 01:58:47.736000+00:00,404.70432084751457,417.3639345200652,392.85567271342745,405.4922188626866,1595.255021645143
2025-07-02 02:58:47.736000+00:00,406.51786103093275,415.0304756722477,398.6936688112085,407.1932836874438,1310.0633150188523
2025-07-02 03:58:47.736000+00:00,408.913262788423,424.6194882883494,391.3505661279377,406.9826369156724,1589.8041112414217
2025-07-02 04:58:47.736000+00:00,404.2819306688127,409.7248187300164,398.0212753688728,403.4530035007189,1615.8252670027607
2025-07-02 05:58:47.736000+00:00,401.7097610408638,410.7309837024694,393.964426740207,402.961514442941,1561.5934350137331
2025-07-02 06:58:47.736000+00:00,402.9680441598047,417.25524717751273,387.68634915063586,401.936996445814,626.5342921312439
2025-07-02 07:58:47.736000+00:00,401.0025561381902,409.9413647470275,392.1187324767223,401.05634934901855,1382.7656854279853
2025-07-02 08:58:47.736000+00:00,393.82086606913606,404.02768001806254,384.1458301315486,394.3398930925594,1115.0878518576683
2025-07-02 09:58:47.736000+00:00,395.94646654372826,403.6198863380358,388.41962741233095,396.0903127281638,1435.618001547044
2025-07-02 10:58:47.736000+00:00,395.67303270214467,414.9750946726537,375.6294451715649,394.89347824657926,2141.5569210783174
2025-07-02 11:58:47.736000+00:00,386.64328162211194,399.74905102213955,374.99221154276825,388.0554274803697,1480.4421255403947
2025-07-02 12:58:47.736000+00:00,391.6119781503683,401.8964404655527,380.1412189729203,390.3936866775195,1076.442841502181
2025-07-02 13:58:47.736000+00:00,388.22789534096427,390.09275067689197,387.6089422825709,389.47181443404355,1225.1519528280924
2025-07-02 14:58:47.736000+00:00,390.6651634175531,419.59193165078625,357.81572955435536,386.4288179541922,1367.7730391741743
2025-07-02 15:58:47.736000+00:00,390.1941444290476,390.95910380394963,386.8326543315097,387.59251331693207,1545.3447406556745
2025-07-02 16:58:47.736000+00:00,380.99349266231604,401.0371581343667,363.37067047286286,383.3073104943029,1251.824098790882
2025-07-02 17:58:47.736000+00:00,378.4361052701799,388.7832916391546,367.9532851651395,378.2966587935699,1271.7902699277429
2025-07-02 18:58:47.736000+00:00,375.5551352213476,384.65236628527225,366.766978065693,375.85714203586986,1650.013303128774
2025-07-02 19:58:47.736000+00:00,377.1886352667292,385.2517756344358,368.71001818775846,376.76408292376595,1399.2363498462205
2025-07-02 20:58:47.736000+00:00,374.01473195021794,396.3729969886499,351.58857983915664,373.94252862776705,892.4446080293616
2025-07-02 21:58:47.736000+00:00,368.3585311240726,379.2105447680458,358.08895662851944,368.9251727071902,1142.310006452247
2025-07-02 22:58:47.736000+00:00,368.5632403750563,379.8024503896252,355.55352566273666,366.73704652001686,2211.658339181144
2025-07-02 23:58:47.736000+00:00,367.4998708674531,384.9107137057202,350.5824223491066,367.9715518758615,1712.115563283725
2025-07-03 00:58:47.736000+00:00,367.3192186909055,374.08572496345175,360.2774257075475,367.0387656640703,1810.1996822710378
2025-07-03 01:58:47.736000+00:00,368.05045947847253,387.6001446176586,348.90765914274294,368.4372279334266,466.16219466897087
2025-07-03 02:58:47.736000+00:00,367.85352967257006,382.7164984334934,354.29676882881284,369.1133100318398,877.8979587500828
2025-07-03 03:58:47.736000+00:00,370.68354279781516,383.4888759013014,358.27783895512226,371.0702307341006,664.8976563755424
2025-07-03 04:58:47.736000+00:00,378.8026895624856,389.961730890484,367.4523082381506,378.605541847351,2410.326440235349
2025-07-03 05:58:47.736000+00:00,376.2556537209487,378.1028476510114,375.80152682087675,377.647041396581,1823.222081225627
2025-07-03 06:58:47.736000+00:00,377.6645496055615,385.90714765505334,371.49997216325255,379.70919567689765,1781.589381436229
2025-07-03 07:58:47.736000+00:00,383.20956405259045,408.73922877962605,358.55375237138384,384.0305919325268,2552.226438810217
2025-07-03 08:58:47.736000+00:00,386.12387485777566,406.40511322710273,366.5821916154703,386.82780420453605,523.2337433005372
2025-07-03 09:58:47.736000+00:00,385.29282405365046,402.81067394349463,371.37958574166817,388.77180672796385,1431.3984435518282
2025-07-03 10:58:47.736000+00:00,390.5191218634082,400.9533038426076,379.60297538389176,390.0239263592388,1544.1201075102704
2025-07-03 11:58:47.736000+00:00,394.54745442990276,400.5115769685098,386.17870540876993,392.10592083936604,925.5257567917242
2025-07-03 12:58:47.736000+00:00,388.6979685919876,403.6593823989431,373.0108256451439,387.9431870786169,1784.6983313691117
2025-07-03 13:58:47.736000+00:00,390.40224467978203,399.87310663714146,383.33418762879137,392.76232145756694,1346.7674676581512
2025-07-03 14:58:47.736000+00:00,387.02804979637466,403.1687285624229,370.6217644267017,386.7508842365759,1009.4682223355983
2025-07-03 15:58:47.736000+00:00,387.78982252243065,397.5161680523703,378.29803782704005,388.01877926935254,1312.9502306450368
2025-07-03 16:58:47.736000+00:00,389.18417854790533,402.04050080300897,372.885897613078,385.62463375480917,896.399893702128
2025-07-03 17:58:47.736000+00:00,386.1926588462135,405.10032416702217,367.84986372911084,386.731916218429,2018.1416198799639
2025-07-03 18:58:47.736000+00:00,382.3547003654614,399.1640464499422,365.0846430733583,381.87280367690425,1911.8524465855915
2025-07-03 19:58:47.736000+00:00,382.32004567868154,385.8629796880145,379.840585729094,383.37666723134214,1195.7099452186642
2025-07-03 20:58:47.736000+00:00,386.56295243879646,400.0344284237389,371.16836333469354,384.5704001235242,606.5264161008827
2025-07-03 21:58:47.736000+00:00,390.20948114619034,402.32502894475505,377.1344733254529,389.21927642611536,1545.023721977613
2025-07-03 22:58:47.736000+00:00,388.71820856612123,406.06233245936187,371.3094584976511,388.65056418247013,1678.211551131375
2025-07-03 23:58:47.736000+00:00,386.8806325800979,396.75375800059385,376.28959574736666,386.1439204032115,997.1549288144823
2025-07-04 00:58:47.736000+00:00,387.52543981063735,403.1753682754069,370.7597316989341,386.3627039347394,1200.9304364085049
2025-07-04 01:58:47.736000+00:00,383.0274475917004,401.5742270169361,364.5504674915646,383.09403479595693,2418.6467916611773
2025-07-04 02:58:47.736000+00:00,379.32479708366645,393.8245279397035,364.2212864336295,378.6970204612692,1060.2761202508198
2025-07-04 03:58:47.736000+00:00,373.87757836450885,392.48878430250494,357.9115103331643,376.41438450235944,2357.8673235108126
2025-07-04 04:58:47.736000+00:00,375.2212724937643,384.5867802214093,366.52012268379764,375.8705735212135,1685.637404481241
2025-07-04 05:58:47.736000+00:00,379.40467539222635,385.0910549221937,371.55626801904333,377.20975081634595,1732.2888516406533
2025-07-04 06:58:47.736000+00:00,375.4785143400241,386.0354920565687,365.10626941909675,375.6582812420799,1327.5981667914714
2025-07-04 07:58:47.736000+00:00,375.1284222732048,378.78564426635984,370.2819356426365,373.92744904361973,1499.1897714654342
2025-07-04 08:58:47.736000+00:00,371.65133520200675,381.38776216099296,362.8478530354783,372.562692246149,692.144004929013
2025-07-04 09:58:47.736000+00:00,364.9138143755483,381.98033151469724,349.86117340940274,366.8479094137795,1511.9008550930457
2025-07-04 10:58:47.736000+00:00,362.19346859276703,371.5891844814792,352.4304091892781,361.81634197911296,1212.6874451848773
2025-07-04 11:58:47.736000+00:00,358.77098635180477,361.4256888757867,356.92776066047384,359.5783154418103,1234.6516943716517
2025-07-04 12:58:47.736000+00:00,360.57165668527585,380.76993960205533,340.89828227240355,361.06940711824114,1835.4954182728047
2025-07-04 13:58:47.736000+00:00,358.3300885360707,366.2361940317492,349.3492969081254,357.2311558272348,995.5858846714251
2025-07-04 14:58:47.736000+00:00,356.16257991088605,367.8888824729636,343.8716190927593,355.5786979145108,1578.1608998838976
2025-07-04 15:58:47.736000+00:00,358.3523419827498,369.93996002679637,346.56467996068295,358.14561326130183,1253.8259771553705
2025-07-04 16:58:47.736000+00:00,359.9935028605676,366.9953151363363,352.13939470859566,359.1243011594179,1157.2242166940982
2025-07-04 17:58:47.736000+00:00,363.0435181930178,373.8594450224731,352.0182145233234,362.82771197404935,1467.9468317810934
2025-07-04 18:58:47.736000+00:00,363.09552690715003,377.0339630863832,350.3815489288194,364.2785605714209,79.90170294674822
2025-07-04 19:58:47.736000+00:00,365.74023297029566,379.745939031185,351.13078407282075,365.11244971669475,2296.544546353362
2025-07-04 20:58:47.736000+00:00,368.0772140179184,380.2903592476052,354.34286941553034,366.50380755129675,1100.566164963187
2025-07-04 21:58:47.736000+00:00,369.0809708840884,374.55757828549946,362.65360702175786,368.11589413333263,1116.8283613050405
2025-07-04 22:58:47.736000+00:00,370.4509875044454,389.4577749681024,350.1447604443093,369.0812716813868,1794.7327286477932
2025-07-04 23:58:47.736000+00:00,366.7603636674914,376.9717270054453,356.13970130295644,366.3393425464144,1864.9905820362287
2025-07-05 00:58:47.736000+00:00,369.32326941522587,381.4338057378257,359.3314055472152,371.38613210930293,228.50617914014904
2025-07-05 01:58:47.736000+00:00,371.2225773426826,384.40355706370343,358.03329582483474,371.21396992266443,3025.8597831413613
2025-07-05 02:58:47.736000+00:00,369.6843512690462,373.12746942054144,367.19755215092675,370.6342803032876,1976.2823859241284
2025-07-05 03:58:47.736000+00:00,363.8898616790292,380.91471005794756,348.0549908176959,365.0302160388263,1279.8245046113122
2025-07-05 04:58:47.736000+00:00,360.3190145612223,371.7114543115476,348.6449907905418,360.0282368330267,1461.0328900135528
2025-07-05 05:58:47.736000+00:00,360.8791350960922,373.93501844925,345.77650688944817,358.7555636879496,1154.370072656323
2025-07-05 06:58:47.736000+00:00,364.69070361063035,380.14849458026765,349.3610949096916,364.8137151451395,588.5944288387731
2025-07-05 07:58:47.736000+00:00,356.91589530578017,359.0718527471368,355.502884679929,357.65591243370704,1470.2274315175946
2025-07-05 08:58:47.736000+00:00,357.5613397589966,363.51008990102787,350.6339922975713,356.56618606160396,955.3473254384635
2025-07-05 09:58:47.736000+00:00,360.17679499843,373.71339006196547,345.17562935677665,358.6550316917663,1703.307469442855
2025-07-05 10:58:47.736000+00:00,357.5751042752206,361.39019856610474,354.45874241575484,358.26779968246814,1846.2977063397548
2025-07-05 11:58:47.736000+00:00,357.79985369274044,366.1450284025208,351.4512202449028,359.76158687753,1779.5593781204623
2025-07-05 12:58:47.736000+00:00,363.56676961645815,379.74740722260356,345.9919703056851,362.1076703014072,2985.698876823191
2025-07-05 13:58:47.736000+00:00,361.0540268153793,363.0567392603849,358.55254836898035,360.5524788025069,1396.0844319820646
2025-07-05 14:58:47.736000+00:00,357.1978499080789,364.85035454444477,352.3686317322812,359.9834754656571,1242.6689777432373
2025-07-05 15:58:47.736000+00:00,363.4136197998025,373.1070504587572,351.9977570858495,361.64398581457107,1626.7999407279833
2025-07-05 16:58:47.736000+00:00,359.43148890595,370.35419535145013,348.60285704179756,359.52281218098074,1444.0848902099456
2025-07-05 17:58:47.736000+00:00,360.38374539928685,369.9970567996879,350.7726837237241,360.38593668480723,658.7544430987926
2025-07-05 18:58:47.736000+00:00,360.15567879514253,363.4004224883211,357.5871149776805,360.8270704296587,1812.2428741064846
2025-07-05 19:58:47.736000+00:00,361.23492895481644,370.02508812533796,351.1720354481818,359.9304519504745,1088.163928275469
2025-07-05 20:58:47.736000+00:00,360.87133254625394,376.5424704924698,343.50959856952545,359.1039881128728,1448.0442251771597
2025-07-05 21:58:47.736000+00:00,358.18514714535326,365.2551839763714,351.669443849367,358.7295770214359,1900.988410699449
2025-07-05 22:58:47.736000+00:00,359.9475890508428,371.27660794894325,347.9889082104392,359.2974650544367,1772.1518686343077
2025-07-05 23:58:47.736000+00:00,354.40504675171474,369.43469600387664,342.1625825560677,357.0991669100857,1780.282118895431
2025-07-06 00:58:47.736000+00:00,353.68908067955664,367.66568640401914,340.5308216466179,354.4780745134196,1400.0344754999758
2025-07-06 01:58:47.736000+00:00,352.47712607947125,355.6783681194662,348.93625868008746,352.1343879286531,1742.684232829111
2025-07-06 02:58:47.736000+00:00,357.362333274479,375.2962681076498,339.7118755905211,357.6324682083137,1128.2132948365959
2025-07-06 03:58:47.736000+00:00,361.9993792883889,377.4654939308992,343.6452224532357,358.98244098042073,1473.9410296162357
2025-07-06 04:58:47.736000+00:00,362.9605089163584,384.9180781825639,342.2204159502086,364.11217721005875,1039.4341980204804
2025-07-06 05:58:47.736000+00:00,364.64982329740883,370.1111067251372,359.96482578260736,365.41626205440053,2058.694750766404
2025-07-06 06:58:47.736000+00:00,365.7786061746551,369.70148496084386,361.48161644391774,365.40043949248246,1610.7131554639423
2025-07-06 07:58:47.736000+00:00,366.85727132381504,368.18504541441274,365.2415951350849,366.5683234306116,1485.5201806728173
2025-07-06 08:58:47.736000+00:00,362.8682671049737,365.5619856524206,360.4996636202748,363.1912737588163,340.5982384576309
2025-07-06 09:58:47.736000+00:00,360.6013833367982,378.8270025986328,345.01593808959234,363.1321747669729,1735.7945110754265
2025-07-06 10:58:47.736000+00:00,363.115317583349,374.3695699361764,351.4608906595931,362.7023434558584,1260.2111747427252
2025-07-06 11:58:47.736000+00:00,366.99780948411586,384.5820397687307,349.2152166070426,366.78946429878386,2245.416992748001
2025-07-06 12:58:47.736000+00:00,366.8628954427405,376.2156887853712,356.3958924829446,365.7195370764112,1187.2499005563498
2025-07-06 13:58:47.736000+00:00,369.295536140684,371.2190643211334,364.2247378526018,366.13178719794024,1560.4216355192013
2025-07-06 14:58:47.736000+00:00,366.36829116459296,371.4381505426893,360.37126154969746,365.42811056764117,1375.2279544575651
2025-07-06 15:58:47.736000+00:00,367.8491584425488,386.4535121499983,347.9239696539058,366.4579621628305,670.5035107335415
2025-07-06 16:58:47.736000+00:00,360.32793894259436,363.6598879353202,356.2171058083369,359.54178524537053,1822.7342698705904
2025-07-06 17:58:47.736000+00:00,360.26430483898184,374.9287069960534,346.80319621681167,361.42425728870614,912.6893450424323
2025-07-06 18:58:47.736000+00:00,358.52865304627613,368.1738088084988,347.44386342840687,357.04921939245514,1179.2178599610984
2025-07-06 19:58:47.736000+00:00,355.8644876056617,368.29842795157845,344.11907243419705,356.5310138786456,2207.8051934764576
2025-07-06 20:58:47.736000+00:00,351.30821622193326,358.4880416713505,344.6419317767577,351.81219394610287,1824.3905349731072
2025-07-06 21:58:47.736000+00:00,348.87904029048144,356.54890351721025,341.1952983824545,348.8648496375411,1518.103771205812
2025-07-06 22:58:47.736000+00:00,343.23222844507546,352.5774057340639,335.22967112625304,344.5442580702525,1617.291161238741
2025-07-06 23:58:47.736000+00:00,341.59711678722454,364.5475248770832,319.48483859058933,342.3842912703886,1652.0494697367699
2025-07-07 00:58:47.736000+00:00,338.92819544501714,348.3575304758435,330.04044279066545,339.4559387487571,742.9767007549693
2025-07-07 01:58:47.736000+00:00,335.63799701854384,350.7490247076948,319.86499045166306,334.9448095933026,1927.4425348508194
2025-07-07 02:58:47.736000+00:00,331.2045416252393,337.8934532055156,325.1954848275148,331.8722815760594,1817.42601076219
2025-07-07 03:58:47.736000+00:00,328.1615902656707,347.78973055076864,309.0160644801897,328.61760033387856,2696.747605755224
2025-07-07 04:58:47.736000+00:00,330.5334063632438,342.28471880605446,318.34288943864385,330.078011420352,1505.1630071204636
2025-07-07 05:58:47.736000+00:00,329.30926295577706,345.8115641077274,313.14225436411544,329.62886506740307,1592.6615316104544
2025-07-07 06:58:47.736000+00:00,331.13832016175576,346.5471663436389,315.294597428038,330.6822199154372,1251.119416427948
2025-07-07 07:58:47.736000+00:00,330.8660149536268,338.5675614318854,323.7331190890641,331.42266515702255,1116.198212756568
2025-07-07 08:58:47.736000+00:00,332.8279223430102,340.19092182929603,325.84990554948746,333.20499930080547,839.1757354108622
2025-07-07 09:58:47.736000+00:00,331.1565391137474,340.7798399029008,321.2461204529836,330.86082797304033,1233.9801438862999
2025-07-07 10:58:47.736000+00:00,334.3759995466709,346.5563214115537,321.5904919151108,333.74793526877573,1554.318001801369
2025-07-07 11:58:47.736000+00:00,327.22774337288655,331.4127245253432,323.86548930923743,328.0421029444702,1346.8457064666509
2025-07-07 12:58:47.736000+00:00,332.669885333046,342.1901794898717,325.81894957815194,335.28538075579473,1568.8029120170668
2025-07-07 13:58:47.736000+00:00,333.1276200460203,338.22722009094184,329.8837924358004,334.96549617619337,873.1612568242276
2025-07-07 14:58:47.736000+00:00,335.33539361746455,356.3598149004244,315.3330096998928,336.29989929032496,2341.567321722776
2025-07-07 15:58:47.736000+00:00,337.03387751017544,343.55328704645643,330.4909037134879,337.0098484439014,1222.619635561396
2025-07-07 16:58:47.736000+00:00,332.7480120172773,348.12268358725123,320.35686483223805,335.62442224608634,671.9235144321652
2025-07-07 17:58:47.736000+00:00,335.1978389011748,359.0715527981515,314.32400033550414,338.0218538163188,817.3247675036373
2025-07-07 18:58:47.736000+00:00,335.9150556778477,352.643472584502,320.9529311766046,337.6060297429157,1365.4903294257751
2025-07-07 19:58:47.736000+00:00,338.95389757583945,352.6839121237023,323.03500310285216,336.67260945198234,1318.386736502683
2025-07-07 20:58:47.736000+00:00,335.50366933107097,353.24423422459756,317.6915258439599,335.4280945382212,1415.3855770259743
2025-07-07 21:58:47.736000+00:00,338.76689035140646,353.6312791836646,323.5975109734142,338.4479033158624,1888.6089207593666
2025-07-07 22:58:47.736000+00:00,331.7421005095994,356.4204555722366,308.8934194169938,333.4538762171443,948.3712325545206
2025-07-07 23:58:47.736000+00:00,332.12825070298896,344.5873008933484,319.60715086440945,332.06378268077407,1092.4250613697577
2025-07-08 00:58:47.736000+00:00,329.3850806755844,332.8865915093877,327.191021434104,330.68388086043444,1153.2159245046269
2025-07-08 01:58:47.736000+00:00,329.4645874192554,339.814644179518,316.9829858801491,327.26390881124223,1509.825929535012
2025-07-08 02:58:47.736000+00:00,323.4324594351302,341.4844261485445,308.45384928676543,326.36978436891116,330.1269608022753
2025-07-08 03:58:47.736000+00:00,324.8139788042854,337.9678303520803,313.40472359844506,326.4993747612483,1854.8746609450002
2025-07-08 04:58:47.736000+00:00,325.273947322424,339.91085795695903,312.66601709874595,327.2272171221316,1379.627847727918
2025-07-08 05:58:47.736000+00:00,326.98489986761746,334.4603735891735,321.29745624803536,328.7423613918477,1287.0752393182197
2025-07-08 06:58:47.736000+00:00,328.2297152316874,331.30599721940945,325.75349283041487,328.82528176004223,1104.0520785567
2025-07-08 07:58:47.736000+00:00,324.74669058634447,339.3627386191221,313.3543650080696,327.8611555788759,2586.300639031193
2025-07-08 08:58:47.736000+00:00,323.58726465505305,338.77440846978567,310.7441565739408,325.84181767036813,1255.924555405001
2025-07-08 09:58:47.736000+00:00,321.03537592380314,336.38393544505715,306.55007729628886,321.8613676034892,828.2301656793657
2025-07-08 10:58:47.736000+00:00,320.473522461472,330.19455501616875,310.08785348082864,319.7880947223629,1149.1037983934361
2025-07-08 11:58:47.736000+00:00,323.5777747925493,336.218605110118,310.00517316812375,322.6081232556521,968.272200705164
2025-07-08 12:58:47.736000+00:00,322.3807875403543,344.60295507686544,300.425901923288,322.6310275311628,1881.5270070954464
2025-07-08 13:58:47.736000+00:00,328.1735285538868,338.10984732646136,317.3307485797459,327.23876491886233,1629.9974941095998
2025-07-08 14:58:47.736000+00:00,329.19601314474613,344.62196755516067,312.9527160114252,328.3384872009419,1860.7553423861295
2025-07-08 15:58:47.736000+00:00,328.1160066231821,334.690399926335,321.54462163092217,328.1189558677058,803.5706643533828
2025-07-08 16:58:47.736000+00:00,329.87727071494777,340.58760880925047,318.97997141505795,329.6840356209415,1988.61090241012
2025-07-08 17:58:47.736000+00:00,327.95710123797284,347.1344974607001,311.17753882587544,330.23822392871983,1777.3692557193979
2025-07-08 18:58:47.736000+00:00,335.73077224542317,346.58894230509725,323.2179166348513,334.0207823783533,1676.3177080108392
2025-07-08 19:58:47.736000+00:00,328.4098215287707,344.60866080118376,312.6078334562098,328.7884541848317,2770.6872375186317
2025-07-08 20:58:47.736000+00:00,324.9704631896432,338.7127827559954,310.03890362469974,323.72871214268895,1453.9149453554126
2025-07-08 21:58:47.736000+00:00,319.17598562454134,331.47668804227965,305.08618870542875,317.31517756308926,993.608440847343
2025-07-08 22:58:47.736000+00:00,316.0160453770146,333.6104128907516,297.09148986026196,314.6074320506277,1724.495626131466
2025-07-08 23:58:47.736000+00:00,313.30870838082757,323.503907442901,303.52492737824025,313.7076680133096,1743.1225331711946
2025-07-09 00:58:47.736000+00:00,311.85391691033095,317.1586474950809,306.5234314448806,311.82771635008083,509.3552520382678
2025-07-09 01:58:47.736000+00:00,308.75230765835323,320.7374806273657,297.33272593583564,309.29772594252654,1296.899680787667
2025-07-09 02:58:47.736000+00:00,306.71367601737916,316.89983924796593,296.2701475728041,306.4474699236529,2903.0413939436767
2025-07-09 03:58:47.736000+00:00,304.1543121025594,310.28184620850845,297.37781762562577,303.4920088808641,953.8146708430835
2025-07-09 04:58:47.736000+00:00,307.7869448209306,316.42697150410146,299.3676134776698,308.0017639106436,1153.6342252259933
2025-07-09 05:58:47.736000+00:00,308.3858081045096,321.5656556982931,295.61282755442744,308.7764934181159,1300.5366504378815
2025-07-09 06:58:47.736000+00:00,309.0380821423677,317.5623684835827,301.5402528009539,310.0402253151066,1767.4216690634612
2025-07-09 07:58:47.736000+00:00,305.5750482244199,317.16653692576824,294.8620105377231,306.4237451027474,1695.1303878316553
2025-07-09 08:58:47.736000+00:00,306.6241066368195,321.4307912847148,292.23219225041885,307.02028175756567,593.5859337740876
2025-07-09 09:58:47.736000+00:00,306.1902151180539,322.3911735207553,288.4440902531905,304.55872415593524,930.5017509639728
2025-07-09 10:58:47.736000+00:00,302.05601214353374,315.0619290670329,289.70411204698,302.68433511802385,1209.4156088731231
2025-07-09 11:58:47.736000+00:00,305.9266026640321,325.0638554668094,284.3879980878173,303.36501036569746,1169.3181293094228
2025-07-09 12:58:47.736000+00:00,303.32392460819557,307.6941137843692,299.4696371822784,303.8333531336231,1311.2717926617777
2025-07-09 13:58:47.736000+00:00,306.29024784634095,323.2611920806228,288.1839741760363,305.08832205015227,572.9648521444683
2025-07-09 14:58:47.736000+00:00,306.7451364589318,317.599582144371,295.98542447681587,306.836659794389,1949.5472523219923
2025-07-09 15:58:47.736000+00:00,310.7174725047585,321.59102469283886,300.3337176509686,311.1914307982295,2232.927124683035
2025-07-09 16:58:47.736000+00:00,311.07298001311716,324.01321000944546,298.5191240846857,311.4443661880331,1574.1684886416795
2025-07-09 17:58:47.736000+00:00,314.25459104496196,321.719354573706,305.7399836445361,313.1792025315048,1028.4379199090513
2025-07-09 18:58:47.736000+00:00,314.7463412559325,325.78662838215826,303.55770711486207,314.5926015476728,958.3119314742848
2025-07-09 19:58:47.736000+00:00,310.1503622847806,314.1546431863058,306.0790289953214,310.0824328756703,1278.1314612037029
2025-07-09 20:58:47.736000+00:00,310.4804400678176,320.4103601087906,302.3526587049661,312.2366057038891,1029.4261291148039
2025-07-09 21:58:47.736000+00:00,310.02238912284037,314.6580249721358,304.361862036827,308.98194049043445,1705.2795950642624
2025-07-09 22:58:47.736000+00:00,307.67155959279614,321.53539775010233,293.7674418136349,307.6293793055817,1483.1901338765197
2025-07-09 23:58:47.736000+00:00,311.5689695698692,317.89861506162333,303.6422809396062,309.938809083416,1101.5852639980674
2025-07-10 00:58:47.736000+00:00,309.54763557712147,315.0279292739805,304.8670314803539,310.3354133566133,1762.7863367885575
2025-07-10 01:58:47.736000+00:00,309.9731668013909,317.44074481464065,302.45573070204443,309.92207793093417,1632.601705890375
2025-07-10 02:58:47.736000+00:00,310.51683850177454,320.15232416956457,301.17930108166433,310.8060887195964,1587.0911609056207
2025-07-10 03:58:47.736000+00:00,315.4101006035504,333.2887933091792,296.0625834928132,313.85301438983834,744.9676467567945
2025-07-10 04:58:47.736000+00:00,313.1977401395065,322.61250591527426,303.2582648715367,312.6567689822794,719.3439966778637
2025-07-10 05:58:47.736000+00:00,312.4647016447673,321.8029570544616,302.66290388938205,311.9868791962644,1677.1271505331274
2025-07-10 06:58:47.736000+00:00,306.2179944716536,313.1713485315596,300.58691377726996,307.5163914539694,994.3526677856454
2025-07-10 07:58:47.736000+00:00,304.2155583363932,315.91235798966954,291.73908069179294,303.40470375557584,376.86144884685643
2025-07-10 08:58:47.736000+00:00,303.1452231880592,311.20540326546615,294.69473546169235,302.7442543754461,2073.2704910819366
2025-07-10 09:58:47.736000+00:00,300.9894913075153,310.06403558201004,293.29594681499725,302.33607137076905,1193.2499452213208
2025-07-10 10:58:47.736000+00:00,299.48232280995205,313.5949923265261,285.0557583361822,299.15290449299215,2027.1305203091017
2025-07-10 11:58:47.736000+00:00,300.67469244391805,308.18985392345377,293.51694473346123,301.0237955957468,1969.4551415407095
2025-07-10 12:58:47.736000+00:00,298.12921952386625,322.4675515838156,274.9883244513496,299.24040583803935,1481.4784408330177
2025-07-10 13:58:47.736000+00:00,301.8980884207231,306.2680051030314,298.7570913180023,303.11435377656636,1424.5205185997356
2025-07-10 14:58:47.736000+00:00,297.4494502400277,303.2995900714056,294.84441520741376,300.6663814499929,632.0932174323477
2025-07-10 15:58:47.736000+00:00,301.4643184524188,307.81831442202014,295.7026594989828,302.0455468901317,1372.6922923394486
2025-07-10 16:58:47.736000+00:00,303.9779164869147,319.3785417841184,287.25102368689767,302.5808695101848,1135.6171266319711
2025-07-10 17:58:47.736000+00:00,299.23123800719526,312.4509341994787,285.83742589928977,299.0490743061861,2386.928809700259
2025-07-10 18:58:47.736000+00:00,298.00321210323915,301.3575177186697,294.20103745186174,297.5502444920417,1931.7244235341134
2025-07-10 19:58:47.736000+00:00,301.2947967158786,310.55972018479565,291.75822035825024,301.0145253827732,2383.900111129918
2025-07-10 20:58:47.736000+00:00,298.92582732643643,306.43495360543824,291.2890750392623,298.79491269476244,1432.6414668916696
2025-07-10 21:58:47.736000+00:00,298.2952303469738,306.18298811991036,290.7951323704038,298.6733821941174,1724.519987369826
2025-07-10 22:58:47.736000+00:00,296.7174853867157,310.69970794596935,284.4107085860723,298.3262071384572,1922.5626550849029
2025-07-10 23:58:47.736000+00:00,301.06182294865266,311.442337189041,290.0422462867911,300.399938982182,1439.4831880365825
2025-07-11 00:58:47.736000+00:00,298.81064512706297,304.10962390349124,293.0713251326578,298.36235411002883,930.3165010189061
2025-07-11 01:58:47.736000+00:00,298.72658117175223,316.7270843915443,281.2086792448337,299.18244946983793,856.0751533796962
2025-07-11 02:58:47.736000+00:00,298.72267798349003,308.41237919860515,289.75273492065844,299.421453540796,1416.0187065642212
2025-07-11 03:58:47.736000+00:00,296.08598538637386,305.6895648750103,287.53685092841147,297.11083897548866,1075.4061940302793
2025-07-11 04:58:47.736000+00:00,292.0209350480433,306.059249321031,279.5615357193364,293.5352404606868,2228.0587780528776
2025-07-11 05:58:47.736000+00:00,292.4813747516053,297.096262968584,289.8100608404015,294.4073585109278,824.36612263737
2025-07-11 06:58:47.736000+00:00,296.90244939411303,304.56579852876405,290.654426166923,298.28860500516186,1035.8519031566964
2025-07-11 07:58:47.736000+00:00,301.33605300350825,314.5044344915898,288.0936929907606,301.2586938864613,1664.4491949793917
2025-07-11 08:58:47.736000+00:00,301.2989548118943,308.7221616439883,293.36507623530593,300.7753836634554,2187.1500801662623
2025-07-11 09:58:47.736000+00:00,296.87659827877883,306.3824625541107,287.0001359630889,296.49374131899896,1815.4408135813524
2025-07-11 10:58:47.736000+00:00,295.22629104070216,304.0480038398587,286.11477468354053,294.9275610759595,2263.002683927036
2025-07-11 11:58:47.736000+00:00,290.41728552251016,292.8702902169905,287.3008825180791,289.7482360979006,984.2944268085976
2025-07-11 12:58:47.736000+00:00,289.18853728446135,303.14628927618264,277.727180224937,291.5897648002788,1079.5423913228558
2025-07-11 13:58:47.736000+00:00,295.3823155548095,299.9296650549425,289.28541096260585,293.80853239735546,1501.8262971762067
2025-07-11 14:58:47.736000+00:00,295.17182469254715,306.58038814391233,283.6190943309556,295.0218616220437,627.1790285228672
2025-07-11 15:58:47.736000+00:00,293.3225375626342,299.36790286784515,288.0022367702069,294.03468510301303,1664.5628205680139
2025-07-11 16:58:47.736000+00:00,292.75198254140395,302.50107738880644,281.56493650435317,291.26449573518283,2474.3829250003964
2025-07-11 17:58:47.736000+00:00,290.55897739513233,303.7299404959635,278.63850608719105,291.76018831422437,1869.5214646791371
2025-07-11 18:58:47.736000+00:00,292.2013666812371,299.8037578764147,284.7997374335937,292.39716884691705,1840.0025014703278
2025-07-11 19:58:47.736000+00:00,289.1770378875285,304.74070845503456,273.5304919175912,289.0894483679683,1768.2121194524352
2025-07-11 20:58:47.736000+00:00,284.8161193467677,290.8868854201195,280.4885260504898,286.5332021813857,2302.586324521025
2025-07-11 21:58:47.736000+00:00,287.05496817228357,292.51799550037896,281.6067674779932,287.0695186433485,442.00537294160256
2025-07-11 22:58:47.736000+00:00,288.15248996116935,293.29171761285465,283.5501920208619,288.6809787841079,468.52823644477746
2025-07-11 23:58:47.736000+00:00,288.18444625758656,299.9385536795968,275.8617729677242,287.59170437376105,2184.480099375274
2025-07-12 00:58:47.736000+00:00,286.35700508156197,304.04353895346395,266.73954410883346,284.298965360509,867.8166136799769
2025-07-12 01:58:47.736000+00:00,283.3319062840409,295.1302657966966,272.2158460345713,283.9884472449809,1036.710059074307
2025-07-12 02:58:47.736000+00:00,281.6803951067069,292.74685387688675,271.53928166076275,282.57358367883654,1010.5982093412237
2025-07-12 03:58:47.736000+00:00,283.7112356252793,295.62574435849774,271.88462067616007,283.7956121409849,1854.617109103887
2025-07-12 04:58:47.736000+00:00,282.5913909170335,288.4393942087688,276.8550159173538,282.7007983277884,1859.5958604647858
2025-07-12 05:58:47.736000+00:00,281.1884588289422,291.0300001779186,272.2245166528459,282.0389455319195,864.6248274545146
2025-07-12 06:58:47.736000+00:00,279.1945644277948,288.5959291162266,268.524316648187,277.88146512694914,1368.6113440155289
2025-07-12 07:58:47.736000+00:00,276.2635239452165,284.4577819284915,268.60321569761976,276.78306763568037,1047.9431275889547
2025-07-12 08:58:47.736000+00:00,277.8631723339072,280.6588438281307,274.25848668189514,277.0459356932283,1588.4535994162932
2025-07-12 09:58:47.736000+00:00,278.9392026895963,284.6738012544764,274.65659423232484,280.3692371960825,756.1627814309426
2025-07-12 10:58:47.736000+00:00,278.34587664158437,291.06083192557696,265.8922060245426,278.59597163093713,662.1460393623216
2025-07-12 11:58:47.736000+00:00,276.48470797229504,277.68112486347843,275.281632198917,276.47802015026025,1924.0282584970137
2025-07-12 12:58:47.736000+00:00,275.7551642357143,284.03658626153333,266.7174010936562,274.97540556855114,990.3291031059897
2025-07-12 13:58:47.736000+00:00,275.69234067520983,286.99454098638523,264.48471630373564,275.7832220462952,1394.8574706066145
2025-07-12 14:58:47.736000+00:00,276.3608532988141,282.13468901134837,271.52434010716587,277.2820541440469,1386.0157588876166
2025-07-12 15:58:47.736000+00:00,277.7058787186163,288.5593555674913,267.31833882309695,278.1550157786767,1724.8629634606864
2025-07-12 16:58:47.736000+00:00,277.93330873214853,292.74596929477565,263.9966355210573,278.76746804308186,1554.6016012539521
2025-07-12 17:58:47.736000+00:00,277.52756943383514,282.994819908936,271.7535277428278,277.21461302475626,1331.8823069150906
2025-07-12 18:58:47.736000+00:00,277.47157634724135,285.33583891676807,268.82732790281705,276.6688388131444,2421.410522231092
2025-07-12 19:58:47.736000+00:00,273.31961671036214,283.4544957171635,266.13555408271986,276.19485885919175,1379.4656423678157
2025-07-12 20:58:47.736000+00:00,273.10114416285813,279.41004955986216,266.4139971316337,272.71395815042587,1241.5730687797115
2025-07-12 21:58:47.736000+00:00,275.4968787697409,284.0812690761826,265.816568792125,274.36571233189784,1584.2252254035689
2025-07-12 22:58:47.736000+00:00,271.7255229168417,278.4911967913813,265.0393782326861,271.80314218844205,493.20863946043613
2025-07-12 23:58:47.736000+00:00,272.0353156555966,280.9935446445418,261.6474809876826,270.5570294351244,746.887958046142
2025-07-13 00:58:47.736000+00:00,269.4003377380554,275.3176019869338,264.19820381703624,270.10192046849494,1683.4163468415254
2025-07-13 01:58:47.736000+00:00,266.3336996703075,281.50502417297935,250.95980284375014,266.11889107712057,313.6470371128741
2025-07-13 02:58:47.736000+00:00,268.19982598178746,278.3712526923256,258.26987189537357,268.43267740731125,217.6363611539809
2025-07-13 03:58:47.736000+00:00,267.8692219695334,270.70995696316373,264.46747909827445,267.3022008714851,578.7334070682239
2025-07-13 04:58:47.736000+00:00,266.4455528561081,276.28644904210756,256.61822645949945,266.4586399533511,1866.2172792280505
2025-07-13 05:58:47.736000+00:00,269.22781466335243,284.4054100223749,253.62910466679907,268.7815415843697,48.310861289771175
2025-07-13 06:58:47.736000+00:00,266.23932118380606,277.45579802604976,255.09413877437885,266.3077510389399,708.6840310990457
2025-07-13 07:58:47.736000+00:00,265.41450313888475,269.18205144231285,262.1792579929572,265.9403959750749,1344.1913105511305
2025-07-13 08:58:47.736000+00:00,266.1152628079452,277.4673470902365,254.60056547111208,265.9454038197043,1750.5591838359035
2025-07-13 09:58:47.736000+00:00,264.350330024997,278.8618812486967,249.80091222135871,264.3102640154219,1304.6033194926995
2025-07-13 10:58:47.736000+00:00,263.6633412882108,279.3065978424452,247.82475265919308,263.4556891234542,935.3344495119426
2025-07-13 11:58:47.736000+00:00,265.5421407698483,273.65062067047774,257.6724744130182,265.77408049597705,1343.5585367879785
2025-07-13 12:58:47.736000+00:00,266.52221103216647,275.787427336157,258.7467474941435,267.9697340623895,1298.2286228740993
2025-07-13 13:58:47.736000+00:00,265.6416970087933,276.80377958751376,253.9920438900355,265.1327404624818,1459.5565748176873
2025-07-13 14:58:47.736000+00:00,265.27051746345455,277.0391065157653,254.6971685298523,266.4199429298395,507.2619761269058
2025-07-13 15:58:47.736000+00:00,268.7659004638218,276.64728988004885,260.593530955366,268.466129786786,1349.7084779302204
2025-07-13 16:58:47.736000+00:00,266.44672686484455,270.029205561352,263.22997069768104,266.80808677086065,1185.6078145485576
2025-07-13 17:58:47.736000+00:00,264.67225150579833,272.63679725550827,256.96362174103615,264.9209248327091,892.7238356515746
2025-07-13 18:58:47.736000+00:00,266.7810080842511,271.13415485647715,261.65002313934883,265.99026715150296,885.0627313960409
2025-07-13 19:58:47.736000+00:00,264.1810989544737,282.1810552682958,247.31502078786679,265.2469313107357,3076.1199599687006
2025-07-13 20:58:47.736000+00:00,266.15263270413317,276.77299947600187,255.9844642875168,266.58819087516747,1000.3868478380124
2025-07-13 21:58:47.736000+00:00,268.5049796403474,283.6843497283186,252.00303271112952,267.1031534749659,1230.8489304445698
2025-07-13 22:58:47.736000+00:00,264.7896615121207,271.8886072962653,258.2939788448198,265.3784800382189,2556.314850315052
2025-07-13 23:58:47.736000+00:00,268.87305040909234,281.38422129913806,255.26071836630896,267.71814953738703,1508.3552900164257
2025-07-14 00:58:47.736000+00:00,261.4161333339969,275.9701160501285,249.59792259447622,264.0335749086794,1304.599211493706
2025-07-14 01:58:47.736000+00:00,258.8220705263301,265.08635815715473,253.80088016558003,260.04151046284613,1180.397006244018
2025-07-14 02:58:47.736000+00:00,263.2201310518431,272.0493807693892,254.19987132072558,263.02249157459147,693.7164596037269
2025-07-14 03:58:47.736000+00:00,260.8004772389505,274.2679332175183,246.997802288645,260.4470053597682,2059.664328238627
2025-07-14 04:58:47.736000+00:00,260.1069208941678,265.4857749157391,254.2014208473935,259.569154178083,1661.927342216006
2025-07-14 05:58:47.736000+00:00,259.91035149798006,265.63585497119766,253.66367161698716,259.377435612592,1200.891457164699
2025-07-14 06:58:47.736000+00:00,257.9097980058591,267.11833560471973,250.46623736559462,259.62526470731353,2583.733637506082
2025-07-14 07:58:47.736000+00:00,257.35474778278325,263.8855013807312,251.38112178381857,257.89923689597697,1268.308625561764
2025-07-14 08:58:47.736000+00:00,258.51279846849934,272.16455039980303,245.1758661242949,258.812173024547,1852.8143310516173
2025-07-14 09:58:47.736000+00:00,260.270144354217,272.8742394380083,247.3959719715367,259.9863224182847,1535.1136241529894
2025-07-14 10:58:47.736000+00:00,257.7176473144072,264.2859722139736,251.99319404861518,258.5431820775021,169.35174918629576
2025-07-14 11:58:47.736000+00:00,258.2453385613127,265.62259446451753,250.90394016049572,258.28020488389353,2174.973662624126
2025-07-14 12:58:47.736000+00:00,259.5647075477642,268.2750617032992,250.4068313099254,259.1016462660142,903.5193338886563
2025-07-14 13:58:47.736000+00:00,259.26174754570707,271.44839929900957,247.29276654493864,259.46981283386225,2925.1460231193682
2025-07-14 14:58:47.736000+00:00,259.33502603108656,269.3996895603184,249.56443400531487,259.6184204899444,1476.683752354714
2025-07-14 15:58:47.736000+00:00,262.97589449368974,273.0441289737275,252.8905614914366,262.958115280621,1716.034879764534
2025-07-14 16:58:47.736000+00:00,261.5959917447361,272.25303881021495,250.32649923422466,260.95753654684864,1450.288527987003
2025-07-14 17:58:47.736000+00:00,262.78558233993374,274.2030328008231,252.9332690291426,264.29416014218225,1520.704642197559
2025-07-14 18:58:47.736000+00:00,265.5883005568695,276.14765864083347,254.50765090247845,265.045425144605,1452.9266933459467
2025-07-14 19:58:47.736000+00:00,266.030825863944,279.6606139000011,253.58935999494255,267.16605668180006,913.0726190709061
2025-07-14 20:58:47.736000+00:00,266.1810222610665,274.63367472569945,257.6471109039385,266.0970983411301,1151.8997067941991
2025-07-14 21:58:47.736000+00:00,265.92114709737683,272.4907592448032,258.52423649763887,265.07289241682116,2075.341039757535
2025-07-14 22:58:47.736000+00:00,265.2266318947849,281.2663405172046,250.16456644404886,266.1517387866299,2271.7806175236688
2025-07-14 23:58:47.736000+00:00,269.8776614040057,277.3813881848246,261.7575823962115,269.2436818974051,1942.8855009725216
2025-07-15 00:58:47.736000+00:00,270.7551435557533,281.1959809709735,259.6022210224615,270.0144977140941,769.5110052969198
2025-07-15 01:58:47.736000+00:00,270.35617435969476,276.43118120926886,264.4350269064714,270.50673625711624,1491.0196126978399
2025-07-15 02:58:47.736000+00:00,271.2714965822803,280.445965841892,261.3924144597344,270.5422193837108,752.5058683700406
2025-07-15 03:58:47.736000+00:00,267.3223710175509,275.9526065552953,258.10677498128945,266.71748229113734,1245.803271684095
2025-07-15 04:58:47.736000+00:00,264.5088436267703,278.6599966429879,250.61323111041554,264.7516296908115,1384.324408976834
2025-07-15 05:58:47.736000+00:00,263.68010852677,269.4561268658333,257.5504536720181,263.3185519699587,1462.2127691653586
2025-07-15 06:58:47.736000+00:00,265.46777375946067,274.13475530946243,257.8591627437304,266.49665536625713,229.37345371083484
2025-07-15 07:58:47.736000+00:00,267.70913778775366,277.0067712739168,257.4537848652477,266.71695965219095,1574.170697909938
2025-07-15 08:58:47.736000+00:00,267.73975341271824,278.55168707778876,256.2055590270937,266.98709880563536,1036.6168663645446
2025-07-15 09:58:47.736000+00:00,270.10037775410046,275.06817483289217,265.2426366522108,270.2084893496373,1709.9297969203412
2025-07-15 10:58:47.736000+00:00,272.18729999025413,273.29681909871164,270.3730223182679,271.4796568557711,1977.8989706178968
2025-07-15 11:58:47.736000+00:00,270.3583006049295,283.67169874415185,257.69293420270054,270.9773327904857,1541.107726620077
2025-07-15 12:58:47.736000+00:00,269.96642803465346,280.26662859659336,259.37524794889356,269.6639062032953,1785.153325434781
2025-07-15 13:58:47.736000+00:00,269.47585226082504,275.59616267867284,262.77357878851865,268.8803645449142,1598.1180614222305
2025-07-15 14:58:47.736000+00:00,270.7512991037617,278.35479912882585,264.5608394295865,272.1327538629769,1391.3711374781801
2025-07-15 15:58:47.736000+00:00,274.5647985472684,280.76910954080506,267.204316132706,273.3818972334657,1993.434176834715
2025-07-15 16:58:47.736000+00:00,271.61853667054766,279.54858062479224,262.788755294855,270.6917409682248,1426.4817729049314
2025-07-15 17:58:47.736000+00:00,274.2790498313974,282.31572182249613,265.0398200801724,273.0401922066632,1712.1830372220509
2025-07-15 18:58:47.736000+00:00,269.461814211501,281.1407665759789,256.70795902207266,268.33821249788474,1103.3808778283533
2025-07-15 19:58:47.736000+00:00,268.5403696459533,269.77428229439545,267.48326796730987,268.71648733338526,1829.5619519732063
2025-07-15 20:58:47.736000+00:00,267.92403527446373,278.749379135368,258.3520502366932,269.134160569821,2172.226503475198
2025-07-15 21:58:47.736000+00:00,268.3821373541109,275.3157137020154,260.3340728624784,267.2380931531469,2259.258855447149
2025-07-15 22:58:47.736000+00:00,266.6223236579241,275.49416497263996,259.1134846636851,267.94799142338644,777.0989056802935
2025-07-15 23:58:47.736000+00:00,265.34565796259756,275.20671696172593,256.2450498323864,266.0808923639752,1175.0324104115289
2025-07-16 00:58:47.736000+00:00,268.0634705239889,273.85602469939096,261.6591695878362,267.4382126339731,1491.3159682246269
2025-07-16 01:58:47.736000+00:00,268.91104597047604,283.1072070281289,253.7682096617325,267.91160916075734,1595.3977737469665
2025-07-16 02:58:47.736000+00:00,266.44424134647477,271.8239143149625,262.6064490362478,267.96422851202533,818.8919562435043
2025-07-16 03:58:47.736000+00:00,268.8889705480761,273.1531500945262,264.0371990827511,268.29191013823845,1183.7912970945545
2025-07-16 04:58:47.736000+00:00,269.8291188358734,281.33855480604484,259.48520648649503,270.9516116405897,1069.031610010241
2025-07-16 05:58:47.736000+00:00,272.2708176713056,279.3637775657994,264.7547688152338,271.83641195401714,1394.357929675673
2025-07-16 06:58:47.736000+00:00,272.85113664408124,278.42421621254164,266.02826264171745,271.5752824434294,2176.8755145278988
2025-07-16 07:58:47.736000+00:00,269.4535872698904,280.94042494071886,259.3062762111214,270.7444996132357,1492.4690187210788
2025-07-16 08:58:47.736000+00:00,272.0900040559997,278.9348691400115,264.200794238159,271.0187091626618,2381.041197827367
2025-07-16 09:58:47.736000+00:00,270.46783134281685,277.95676666398396,263.1725547862123,270.6564037794802,988.4061680382616
2025-07-16 10:58:47.736000+00:00,272.9628179014013,282.52864099352786,263.80703544472976,273.35955121556714,638.5803056472865
2025-07-16 11:58:47.736000+00:00,272.7531747514747,291.962783709154,253.64973945675038,272.8523988315508,1620.0390308673318
2025-07-16 12:58:47.736000+00:00,272.0154132121448,281.87070920631965,261.7550747483457,271.5951441189185,1225.4722878857194
2025-07-16 13:58:47.736000+00:00,269.3349301484347,285.01300327791836,254.30057125063024,269.94461176421805,1375.0044750779937
2025-07-16 14:58:47.736000+00:00,272.6497552186677,274.6941380270003,269.4230877019723,271.45853852750355,1341.9860975701938
2025-07-16 15:58:47.736000+00:00,271.1227234663931,283.8165269007961,259.4490872991425,272.10077894143507,1283.5476187327845
2025-07-16 16:58:47.736000+00:00,272.4466856403538,283.5370887732295,260.8114527555324,271.87873656053165,630.274617063042
2025-07-16 17:58:47.736000+00:00,273.15661177882686,282.6115049866371,262.4292488138737,271.8385182550693,1886.7489574504013
2025-07-16 18:58:47.736000+00:00,269.8666236943541,283.7857513837761,257.7099373138877,271.55309452324093,2372.369214863038
2025-07-16 19:58:47.736000+00:00,269.7265326026238,282.4092748732031,256.5835262449101,269.24355872434455,1636.924706424449
2025-07-16 20:58:47.736000+00:00,266.0574380552792,281.16523058931256,252.305819311357,267.34696073293014,1928.705023701259
2025-07-16 21:58:47.736000+00:00,265.4583204553461,274.1569165924248,257.3388091739322,266.02021866255836,566.9291716244456
2025-07-16 22:58:47.736000+00:00,264.6126910610532,274.2669872138583,257.7050048574196,267.2894251510211,1978.598847954236
2025-07-16 23:58:47.736000+00:00,265.7261185348867,275.19433100777786,256.5374700938629,265.9963385230206,1404.1793532469933
2025-07-17 00:58:47.736000+00:00,266.9117604378162,276.7396107319745,256.84603891698714,266.66479582679597,1223.9285425790301
2025-07-17 01:58:47.736000+00:00,265.35886823195307,275.4973403123063,254.65401659711446,264.7699896006438,1276.2542152492715
2025-07-17 02:58:47.736000+00:00,264.5774823385283,276.97536846127076,252.31414297668448,264.70606902251774,696.3283082803683
2025-07-17 03:58:47.736000+00:00,264.2408274153849,279.21708573207405,249.05061471440018,264.01401827143064,958.9030049017092
2025-07-17 04:58:47.736000+00:00,263.6096812679651,266.1328121626055,260.2184969863097,262.733239044697,1622.4566560286223
2025-07-17 05:58:47.736000+00:00,263.35236168635527,270.3637982109529,256.30347425169987,263.31388641907284,1044.5384733803676
2025-07-17 06:58:47.736000+00:00,266.47159695470117,268.6986474681523,263.59266815190614,265.8142246413611,911.308041175931
2025-07-17 07:58:47.736000+00:00,261.96300899464484,277.37365420122774,247.81281649552412,263.15886628127913,1693.9896570862015
2025-07-17 08:58:47.736000+00:00,266.4351681492815,270.83886221096805,260.9472960989209,265.3327694938453,466.4359232156007
2025-07-17 09:58:47.736000+00:00,264.19025653375155,270.3543026002271,258.6636527713325,264.8146373961464,653.4713824980257
2025-07-17 10:58:47.736000+00:00,261.7135821443872,274.43466308166694,248.3186230440014,261.00527539964446,2036.4864648508856
2025-07-17 11:58:47.736000+00:00,267.12186177344137,271.5842519867686,261.4721373374356,265.9143556202257,1920.7131832874848
2025-07-17 12:58:47.736000+00:00,267.8518313643838,273.91956555307945,262.0111787684367,268.0740669903195,375.22437766860315
2025-07-17 13:58:47.736000+00:00,265.18638887563736,281.28973815462075,249.0786333344132,265.1816977462294,1037.8720929448684
2025-07-17 14:58:47.736000+00:00,264.64728277655723,270.1631126974598,257.41174682407654,262.8909713623457,807.3811330119747
2025-07-17 15:58:47.736000+00:00,261.5988714956265,276.21756244956583,247.4347629598744,262.03010504113723,1813.3408468318314
2025-07-17 16:58:47.736000+00:00,260.911266011262,266.7068481484904,255.19834364071008,260.99215463769406,990.0437012002982
2025-07-17 17:58:47.736000+00:00,259.80393478358417,264.80938853682017,255.09089655351548,260.09114018535905,1434.4575532841473
2025-07-17 18:58:47.736000+00:00,262.6529945028574,267.39737337808094,257.83068665790296,262.5736319844377,1901.6278133083104
2025-07-17 19:58:47.736000+00:00,263.90679222752146,265.6690728077413,262.59010244610874,264.3501709112963,1205.431376281996
2025-07-17 20:58:47.736000+00:00,264.97574713526365,269.88247447945974,260.7930989962466,265.68857434684634,1740.7285265331677
2025-07-17 21:58:47.736000+00:00,266.4830298906368,275.5293113006384,257.93104010892273,266.96195192359306,1689.0818393951804
2025-07-17 22:58:47.736000+00:00,267.0796061133148,270.76577122946935,262.8806977005642,266.559687025073,1115.6920470760526
2025-07-17 23:58:47.736000+00:00,267.87593705451286,280.15725360579336,255.46388326941016,267.73891789914455,1624.7777739858045
2025-07-18 00:58:47.736000+00:00,267.83519836947994,276.2976981732818,260.22602125210756,268.66494793539164,848.0396313426875
2025-07-18 01:58:47.736000+00:00,265.6176131433151,274.01167043194107,258.63466293865093,266.99257323484323,648.9487394309677
2025-07-18 02:58:47.736000+00:00,264.9526834971395,278.48997308269537,253.8894283233381,267.32755380214786,1765.9826057612497
2025-07-18 03:58:47.736000+00:00,269.1753365141003,278.4985362359621,258.2175256505408,267.4820773800106,1341.7822574055992
2025-07-18 04:58:47.736000+00:00,267.94392604742757,280.0538146258286,253.5230317704321,265.5235290348747,1096.8402471744746
2025-07-18 05:58:47.736000+00:00,268.25866320975774,280.8097567379641,255.53625363483962,268.0789383242782,1687.3364967967068
2025-07-18 06:58:47.736000+00:00,268.0704653499589,278.18560553024014,257.86927815401845,267.9810441933514,1589.2299220757172
2025-07-18 07:58:47.736000+00:00,264.0494995678291,280.8848185469748,249.3777350921899,266.0991655159913,894.9505513342618
2025-07-18 08:58:47.736000+00:00,265.3332972619538,282.20777353056616,247.67075036629976,264.49170356400305,1397.664210185497
2025-07-18 09:58:47.736000+00:00,261.81798872830916,270.62347538608446,252.7416088263304,261.53766770157324,1181.3123428973408
2025-07-18 10:58:47.736000+00:00,261.8617441475229,274.9656703271327,248.11042683611495,261.1802501052325,1698.4656269019617
2025-07-18 11:58:47.736000+00:00,262.69103204674644,268.2034546015692,256.48174973191254,261.9792356422522,1487.8609613074602
2025-07-18 12:58:47.736000+00:00,264.3141683339747,274.6177146851001,252.0945685756243,262.3203931963022,1352.0107924774738
2025-07-18 13:58:47.736000+00:00,260.67778636849175,266.28847309200165,254.2146776018586,259.80661367878633,2137.743374723473
2025-07-18 14:58:47.736000+00:00,264.6366460575121,274.9113545336843,253.1149524541386,263.3392901524423,1513.612658238348
2025-07-18 15:58:47.736000+00:00,262.5200136554617,267.99635091603164,256.5697476775637,262.0359878467368,1691.0547475867202
2025-07-18 16:58:47.736000+00:00,262.66397944652607,267.20798205108963,258.97909574635094,263.51121261125,1881.5892068657563
2025-07-18 17:58:47.736000+00:00,262.16271678840354,271.0176820970268,253.86561418165965,262.7034655097725,1316.3481748283243
2025-07-18 18:58:47.736000+00:00,266.19514143101793,270.635806632696,259.67262850788654,264.0779751588945,1450.8894102889756
2025-07-18 19:58:47.736000+00:00,263.42894114449365,277.5356709220424,250.0072572785686,264.0807761155276,1563.0049416244938
2025-07-18 20:58:47.736000+00:00,268.34980358061557,275.47616169073916,260.0127020558213,267.1060302396422,1043.543604807314
2025-07-18 21:58:47.736000+00:00,266.6124417639018,272.0690395440095,260.92287329316855,266.374603376908,1262.4719349157194
2025-07-18 22:58:47.736000+00:00,271.77996559246435,278.02466582043286,263.2687628268181,269.46016079794964,1723.9081939724742
2025-07-18 23:58:47.736000+00:00,272.8952242778657,281.4823725650492,263.38256710633135,271.9396463840787,3006.354788171669
2025-07-19 00:58:47.736000+00:00,274.4452283706874,290.46620751327873,257.4977681239358,273.4613101858736,1563.3423014552461
2025-07-19 01:58:47.736000+00:00,272.96129786039444,287.17365413246665,258.9843865021109,273.185274128377,1784.0249368766322
2025-07-19 02:58:47.736000+00:00,276.02875975393977,278.2281454859292,271.5849132141164,273.766271533618,97.86896394741186
2025-07-19 03:58:47.736000+00:00,274.3991122342295,280.99073037226236,268.6198845952507,275.19474558628957,1399.582647594021
2025-07-19 04:58:47.736000+00:00,271.9003174227664,282.7709381962012,260.9920918847913,271.86114660218027,2616.8462857491713
2025-07-19 05:58:47.736000+00:00,272.58345568540165,274.9689058623336,270.5234497578274,272.9064588896355,715.1608073575762
2025-07-19 06:58:47.736000+00:00,268.22151623320127,278.84046283159546,257.8627228752038,268.4719958765565,651.6697003006358
2025-07-19 07:58:47.736000+00:00,269.46161967315834,278.4394129298901,259.7314372447468,268.6832987784812,1590.2127861670829
2025-07-19 08:58:47.736000+00:00,270.4423762527978,286.17898069366015,254.6677104301081,270.4019633070226,2286.2920547950657
2025-07-19 09:58:47.736000+00:00,271.07964466123707,285.7794673534484,257.7934730584838,272.42724698573556,2042.2359197627088
2025-07-19 10:58:47.736000+00:00,270.7701441156677,276.9748904546606,264.7640254284759,270.96446149447365,1223.087718267916
2025-07-19 11:58:47.736000+00:00,274.0100185384344,280.5014274953457,265.7865053020535,272.2358842960712,1633.167142415047
2025-07-19 12:58:47.736000+00:00,271.88027503955294,283.88815585762944,257.6013021620278,269.50424300424254,1152.1570793395492
2025-07-19 13:58:47.736000+00:00,268.09981791560284,274.98984562678055,261.66229654907585,268.54171361155346,1307.9211007683616
2025-07-19 14:58:47.736000+00:00,268.2063691180452,280.17180169108315,257.0838313907084,269.015700914983,1551.3692261056437
2025-07-19 15:58:47.736000+00:00,268.42822094192667,275.4276669831827,261.43741861549665,268.43664525832116,1386.5566398892843
2025-07-19 16:58:47.736000+00:00,262.5086040812356,271.9150515818801,252.62283978980886,262.01147366021974,1309.198390128891
2025-07-19 17:58:47.736000+00:00,262.0904405885653,268.84958008075364,255.10608083098126,261.85925828411007,1450.9598050634786
2025-07-19 18:58:47.736000+00:00,264.53192180893154,270.7064235766611,258.2426294660981,264.4143878459707,1074.908299876581
2025-07-19 19:58:47.736000+00:00,264.12476736347094,270.8001767210921,258.17881807400084,264.83816744323207,1356.9565435517184
2025-07-19 20:58:47.736000+00:00,267.6461369231785,271.2249886771445,263.1995009346827,266.7665917803339,759.1577157076957
2025-07-19 21:58:47.736000+00:00,268.9001967231757,281.28367270147896,256.2895801014691,268.66209074896227,929.9236210421211
2025-07-19 22:58:47.736000+00:00,269.61705924761577,281.6883366323085,258.7772567207859,270.80093696632673,1759.8706990510934
2025-07-19 23:58:47.736000+00:00,269.53615271221213,277.79708134200644,262.5126380787418,270.74214131887516,583.8574829915291
2025-07-20 00:58:47.736000+00:00,270.173037439485,281.89252444780266,259.79502684935807,271.46489060168665,1661.1420779032767
2025-07-20 01:58:47.736000+00:00,269.3888972956739,275.02561621982466,263.6338564087783,269.2680466423579,2248.5845859981955
2025-07-20 02:58:47.736000+00:00,269.837480045873,280.44934598092715,259.02268952742264,269.6262483803186,1105.1101345703419
2025-07-20 03:58:47.736000+00:00,269.4002277278931,279.0410252930766,258.81102522788854,268.4166233780568,687.0160082530747
2025-07-20 04:58:47.736000+00:00,264.45558859164083,275.4004567612108,256.2836208801385,267.14537179876805,1884.8951079574401
2025-07-20 05:58:47.736000+00:00,263.5172248102956,285.1050322903725,243.79629367058953,265.25411675773984,1873.831574580693
2025-07-20 06:58:47.736000+00:00,263.7212960010725,269.45803956109967,257.3604910385757,263.0833574877533,654.1187988808811
2025-07-20 07:58:47.736000+00:00,264.9193056093915,272.1511705450295,256.09469468205964,263.2818600240404,1498.9666614835287
2025-07-20 08:58:47.736000+00:00,263.17710045340027,269.00330260159654,259.056175933901,264.8560878751518,1287.7142926295746
2025-07-20 09:58:47.736000+00:00,267.01313365357396,278.3262391580209,253.61432468504302,264.8351510313257,1755.1934792308564
2025-07-20 10:58:47.736000+00:00,265.43869166555925,274.1301164209818,256.6167160964597,265.30372143746166,1984.7184854239665
2025-07-20 11:58:47.736000+00:00,265.2970673198609,282.3018640418447,249.25271851178553,266.2027427741904,1156.757242559332
2025-07-20 12:58:47.736000+00:00,268.1705950486477,284.22920586643534,251.4995545692185,267.51915585868255,1925.1192713400958
2025-07-20 13:58:47.736000+00:00,270.08809746214195,289.0696477284126,251.55387520038394,270.5066997718869,1464.119302843578
2025-07-20 14:58:47.736000+00:00,272.63690175228624,278.05548623316025,266.6652926794017,272.07266306948134,967.6347170803344
2025-07-20 15:58:47.736000+00:00,272.11912952662834,285.49468880786264,259.19125884026613,272.5465138900651,991.6193850062075
2025-07-20 16:58:47.736000+00:00,273.6436792143505,289.3264938778242,257.5434542711613,273.2008923409147,1084.23544092676
2025-07-20 17:58:47.736000+00:00,273.93268402160606,292.25299439272163,255.14226694878764,273.4288837214293,1633.6490341910128
2025-07-20 18:58:47.736000+00:00,274.06339481307305,285.1030079083932,264.17279213446994,275.1723832346581,1020.2989937486066
2025-07-20 19:58:47.736000+00:00,276.2341456198906,283.3543074052265,268.66702805963183,275.7753643820802,1059.5006331210461
2025-07-20 20:58:47.736000+00:00,272.9370223799044,279.911134374757,266.9161437378299,273.8696816521003,1652.4409477905422
2025-07-20 21:58:47.736000+00:00,278.1862470041653,290.33032345905974,265.9118677660928,278.0499962656013,913.5425834673133
2025-07-20 22:58:47.736000+00:00,279.70645934427097,291.695564465407,266.90466794890716,278.85737878697364,1699.1214181015882
2025-07-20 23:58:47.736000+00:00,279.0212949384958,289.85582720515015,269.56993988876496,280.3591545179436,1465.7413040597967
2025-07-21 00:58:47.736000+00:00,281.2411982777351,295.6607871498801,267.8187277258095,282.19289602967365,1834.3944372780375
2025-07-21 01:58:47.736000+00:00,283.4805094428206,295.5744069865166,271.19760382892923,283.28307853916306,1844.8610816705084
2025-07-21 02:58:47.736000+00:00,287.758881097752,288.2272641421954,284.9746044568161,285.4392117923493,1281.3707148879053
2025-07-21 03:58:47.736000+00:00,284.20085760655587,287.057007556646,281.903671800866,284.7553398896383,1352.785151941212
2025-07-21 04:58:47.736000+00:00,283.1264409877146,291.5103145604125,274.4981013058811,282.87451490260554,2299.606265667828
2025-07-21 05:58:47.736000+00:00,281.93305266837643,288.427454181429,275.90109838180234,282.3858130910326,1251.8319802682038
2025-07-21 06:58:47.736000+00:00,281.2931579184401,285.7781772419995,276.1761867934718,280.6509668370185,1488.3538474362883
2025-07-21 07:58:47.736000+00:00,281.14578817214624,286.70800625760563,274.94492542358296,280.4942534775569,1386.4645076665483
2025-07-21 08:58:47.736000+00:00,279.0153260613083,282.82519586434853,275.4968663639125,279.3031071683558,2189.778193876305
2025-07-21 09:58:47.736000+00:00,279.5137688579992,284.72235827113116,275.02941757805314,280.22657121760335,1482.4177904360813
2025-07-21 10:58:47.736000+00:00,282.8335924624875,287.297778340463,277.7328037101642,282.186780443405,814.4153651216869
2025-07-21 11:58:47.736000+00:00,282.0161388725671,293.5308283961709,270.83831223072497,282.3401590790445,963.0103887666635
2025-07-21 12:58:47.736000+00:00,282.79473671662544,292.8092603392378,272.55698692102294,282.563315287252,1059.305855733026
2025-07-21 13:58:47.736000+00:00,283.0559304899755,294.12831091503875,272.5993494304747,283.64979158807404,2659.448503998925
2025-07-21 14:58:47.736000+00:00,280.65133779981096,284.1929492874839,276.8122739465872,280.35008383289124,1195.9634578097869
2025-07-21 15:58:47.736000+00:00,278.4143392773173,283.2925382082066,274.02671523035076,278.89730297589955,1883.0171485984572
2025-07-21 16:58:47.736000+00:00,280.76641747392114,295.6827665155523,265.0913645140202,279.96514410087974,1707.2421460941148
2025-07-21 17:58:47.736000+00:00,280.59446594047614,287.373672068379,274.57829321626696,281.3414826995248,752.9030621961839
2025-07-21 18:58:47.736000+00:00,279.7605575148,286.8792055342559,273.86788989080173,280.96124747294346,1085.0795083201683
2025-07-21 19:58:47.736000+00:00,287.45137978923316,303.201231296033,271.5770919534231,287.3197302004509,1474.3411350219742
2025-07-21 20:58:47.736000+00:00,290.3587322517124,297.10658488945904,282.6692407791708,289.39468933952867,2131.041825209967
2025-07-21 21:58:47.736000+00:00,286.0626825114482,294.2631579762365,278.0698177661172,286.2646500644501,1542.4402510156228
2025-07-21 22:58:47.736000+00:00,291.5627694905965,301.179553412478,280.0158613411195,289.5668114203885,1025.5169060819562
2025-07-21 23:58:47.736000+00:00,287.2845815977744,296.2417023317807,279.67711789802115,288.5994209180235,1402.4535151605974
2025-07-22 00:58:47.736000+00:00,281.9132872303457,292.51818548835723,273.2823307143929,283.8285907246765,1393.4998365357574
2025-07-22 01:58:47.736000+00:00,281.73597124416676,300.24985637440125,263.15197351262094,281.66092723050315,753.0253973058252
2025-07-22 02:58:47.736000+00:00,283.6168103544012,297.4410665113592,267.80365839463974,281.5260028990348,1893.4901324722632
2025-07-22 03:58:47.736000+00:00,279.76376779729213,287.84000290097146,270.36563690971894,278.40257708871974,1321.3660323132974
2025-07-22 04:58:47.736000+00:00,277.42851881301954,286.85319180356714,267.6027777630756,277.01334671979805,978.5756191005954
2025-07-22 05:58:47.736000+00:00,277.70288714017266,288.78408387593817,265.5788042670997,276.61665709321187,1322.5492256184586
2025-07-22 06:58:47.736000+00:00,276.0894339913278,286.1987905002981,265.29478473135856,275.3780946702307,1613.9798735239608
2025-07-22 07:58:47.736000+00:00,278.0590948534641,290.1613318148919,264.9545853380784,277.0112143763112,1113.6893401877203
2025-07-22 08:58:47.736000+00:00,276.85069316498306,284.03737239144215,271.70152293345103,278.85099830974934,976.617507047187
2025-07-22 09:58:47.736000+00:00,279.9800307510391,281.95169781083143,277.77358473453006,279.74358671515307,2290.978285407952
2025-07-22 10:58:47.736000+00:00,278.23324307398246,290.681351548625,266.96064712344986,279.36298423208564,1187.7225618615273
2025-07-22 11:58:47.736000+00:00,274.8885030145913,282.3619534103178,268.02318923683384,275.4818215592876,797.4025080164747
2025-07-22 12:58:47.736000+00:00,277.02222759058526,283.4540184118461,270.10550658524147,276.52577087384225,1308.6779481111473
2025-07-22 13:58:47.736000+00:00,274.2641929552717,285.4337237240195,263.943949034994,275.08268104492447,1128.4519800719065
2025-07-22 14:58:47.736000+00:00,275.2935915549598,286.0052122607864,263.4936750727422,274.16123604337577,1379.2102052513535
2025-07-22 15:58:47.736000+00:00,275.21330399076066,287.77345784474915,262.61734278418635,275.1757843196386,2393.124820328901
2025-07-22 16:58:47.736000+00:00,277.31424165618677,287.4983455472673,267.9806094516107,278.1370208647554,162.30042457172905
2025-07-22 17:58:47.736000+00:00,279.9441544516198,287.89948006349516,271.4643857965474,279.4043721197053,1454.2031730422395
2025-07-22 18:58:47.736000+00:00,279.7832378073137,289.6641859208841,269.5247299497303,279.39185584547295,1868.259871730999
2025-07-22 19:58:47.736000+00:00,282.8791255673129,286.2201231893001,279.35721489028714,282.69605026667625,2503.586100636002
2025-07-22 20:58:47.736000+00:00,281.29992339565297,281.83039399768353,280.0405894108363,280.56968293785525,25.70153950195081
2025-07-22 21:58:47.736000+00:00,281.26865718008787,290.2611678787239,272.7442336136639,281.72297527071106,765.7046629308616
2025-07-22 22:58:47.736000+00:00,282.6337399665572,294.237361799985,272.22088285380715,283.7821931128475,1526.6846143012149
2025-07-22 23:58:47.736000+00:00,289.66690841220554,290.23527623479,288.8036829235715,289.3714710558909,777.3022706529937
2025-07-23 00:58:47.736000+00:00,289.99998489898894,305.1006258993787,273.49148796487617,288.5147932876542,318.81371054283903
2025-07-23 01:58:47.736000+00:00,291.2689575611042,300.3216501418026,281.8645157362325,290.9059252047644,515.5546672645992
2025-07-23 02:58:47.736000+00:00,290.25781966492764,300.35779058210903,278.47081289003484,288.50996447563125,1040.4283621473257
2025-07-23 03:58:47.736000+00:00,286.888558132535,293.4315909440877,279.57781034899523,286.10292532773826,1355.974856131691
2025-07-23 04:58:47.736000+00:00,289.89988000185207,294.40667667151735,284.8715996600825,289.3701612987888,2652.4132006962786
2025-07-23 05:58:47.736000+00:00,291.52160341029366,304.3176530886572,278.6847114577839,291.4788861025815,1067.3045149539046
2025-07-23 06:58:47.736000+00:00,290.66274058881476,295.731261726335,286.3977570331307,291.4546581217632,1139.4188613367278
2025-07-23 07:58:47.736000+00:00,291.13670902628456,302.24614664534033,280.39908613003087,291.49529835739696,1088.404194277534
2025-07-23 08:58:47.736000+00:00,291.72567665545273,297.9364125997082,285.13235529573484,291.3347689539984,1572.940999648042
2025-07-23 09:58:47.736000+00:00,289.25884195265064,300.2532161575429,278.57539967330877,289.5586990032866,698.244637872176
2025-07-23 10:58:47.736000+00:00,289.73632497604035,311.75319503632386,267.04685886561305,289.0084155761673,1520.742977791607
2025-07-23 11:58:47.736000+00:00,289.66910967465446,293.4453788793303,285.57226993628376,289.3443048249399,843.3151496259428
2025-07-23 12:58:47.736000+00:00,292.0158847939073,296.44133679808994,288.48898979422705,292.9037187612632,1606.2656284313157
2025-07-23 13:58:47.736000+00:00,294.977019287178,302.13314122338727,286.4702594949032,293.592800376788,1988.648792173554
2025-07-23 14:58:47.736000+00:00,293.01152290657586,307.79939564750964,277.60591518840647,292.3609546808887,2149.930786962639
2025-07-23 15:58:47.736000+00:00,296.4799044124834,312.1435445418442,280.90976385221416,296.56873869965455,1604.2006296655477
2025-07-23 16:58:47.736000+00:00,297.52777830860316,309.2899703862908,284.8438645611808,296.5681183151375,872.8113803685701
2025-07-23 17:58:47.736000+00:00,295.8350227229955,304.5155875744261,286.8236210970318,295.49418488458247,973.2209166137258
2025-07-23 18:58:47.736000+00:00,301.2678515514416,305.90664729165667,294.82598474452305,299.43658338732075,1056.2932831440517
2025-07-23 19:58:47.736000+00:00,299.2131402517643,304.4167295001522,295.5705575888985,300.75537190554553,1293.7730329356534
2025-07-23 20:58:47.736000+00:00,304.92343389915715,309.7642212956796,300.16065406171157,305.0002417508752,1660.6464491126796
2025-07-23 21:58:47.736000+00:00,309.3509368166492,320.230626554257,298.52539660802853,309.40325548689,1432.5337318310217
2025-07-23 22:58:47.736000+00:00,303.9141405039297,316.4169209571032,293.0354975556344,305.48215088981635,1794.9846675641304
2025-07-23 23:58:47.736000+00:00,306.01091145690333,314.8915861600387,297.21806319166774,306.0962847965847,2651.272766334553
2025-07-24 00:58:47.736000+00:00,308.32235758501594,313.9832336541071,302.27810099787865,307.93180644985296,1670.647156077905
2025-07-24 01:58:47.736000+00:00,308.34567174405726,308.8268399740467,307.7368790765895,308.2178478395278,1290.6950420118878
2025-07-24 02:58:47.736000+00:00,306.39118553040186,317.71272379999476,295.4306970455349,306.7397656093346,1159.5973992816307
2025-07-24 03:58:47.736000+00:00,308.2588644989365,312.3645103512787,303.96520813837753,308.0683161100861,1253.003973770904
2025-07-24 04:58:47.736000+00:00,310.34356862090675,315.2152522964235,304.70492277362416,309.56437489109555,1135.7598588592266
2025-07-24 05:58:47.736000+00:00,308.611826687023,326.29690085742584,291.73829522313616,309.3812980958607,975.4075112497127
2025-07-24 06:58:47.736000+00:00,311.8122768792414,314.32538394224116,309.20514565588036,311.71748875698,922.2754966192211
2025-07-24 07:58:47.736000+00:00,309.43025603966595,320.9347746364357,297.77896025169497,309.27781098995655,1003.6337642070145
2025-07-24 08:58:47.736000+00:00,309.612483124607,327.1823054811913,292.3111802358433,309.8667917000056,323.1413813529202
2025-07-24 09:58:47.736000+00:00,311.6708989502403,321.14415197856067,303.0449190274932,312.4953539727169,1915.644057404275
2025-07-24 10:58:47.736000+00:00,318.42031565353574,327.02084989877,307.73246283809857,316.2750535435042,1969.059413566575
2025-07-24 11:58:47.736000+00:00,317.7081039220457,325.18698335450273,310.5749052778839,318.0461938968855,1620.0011456149869
2025-07-24 12:58:47.736000+00:00,311.4851244972676,320.99576808479276,302.4236183053206,311.92156526495637,1256.7725409418626
2025-07-24 13:58:47.736000+00:00,313.085938444732,314.3329710026769,311.20350828175924,312.44799990755695,1497.4996080751355
2025-07-24 14:58:47.736000+00:00,308.5595373409271,326.7553031829006,292.0452680010413,310.1556111311295,875.7322381690836
2025-07-24 15:58:47.736000+00:00,312.1218673949461,323.9155686560365,299.602576658946,311.367784470303,632.6531730655852
2025-07-24 16:58:47.736000+00:00,307.66697107482213,320.08122741821364,296.1820545927169,308.56286795454855,783.7617738033546
2025-07-24 17:58:47.736000+00:00,306.4324632262824,317.8422702638209,296.0781993436442,307.45350565425804,1482.5532338949647
2025-07-24 18:58:47.736000+00:00,306.4153603211429,317.34395925575893,297.30542079459497,308.18151085833796,1171.8156945853234
2025-07-24 19:58:47.736000+00:00,311.97419081286836,326.81656347826964,298.5542934179937,313.3380003827292,1050.9213419149833
2025-07-24 20:58:47.736000+00:00,310.76126549040345,316.52023295640544,305.60343926789574,311.35259225243567,1038.5007450528997
2025-07-24 21:58:47.736000+00:00,311.95732759371,321.81942305570436,303.631005515794,313.45317591808697,620.4396841525084
2025-07-24 22:58:47.736000+00:00,310.2019735277284,317.6765211050967,302.64531949421666,310.1178398069229,1302.9145412801088
2025-07-24 23:58:47.736000+00:00,307.8671230957288,314.159329301071,301.72077750327907,308.0101287045385,1940.0669049948328
2025-07-25 00:58:47.736000+00:00,306.2430026418241,316.8026347816632,295.7987205255953,306.354548445162,593.9132403212969
2025-07-25 01:58:47.736000+00:00,302.9832632151664,311.98118400636406,293.3559217049164,302.3345780058246,2295.9125017112856
2025-07-25 02:58:47.736000+00:00,298.54854304843656,309.8217536997744,286.4634387042255,297.7047891587623,2005.1368576199723
2025-07-25 03:58:47.736000+00:00,295.9216459439549,307.26732377498735,284.36525763101946,295.7025347061513,1883.452824726026
2025-07-25 04:58:47.736000+00:00,294.9678424017129,304.00121307549324,284.74594527025175,293.74176748062735,1856.440143094488
2025-07-25 05:58:47.736000+00:00,296.13353736312496,305.97520648270535,285.51437290216955,295.32931457070924,1138.1058959809247
2025-07-25 06:58:47.736000+00:00,299.77428713273,312.3763094175043,286.3804755556964,298.9477516357452,1944.9140872802247
2025-07-25 07:58:47.736000+00:00,301.8520377569759,306.30554486255573,293.0886679955358,297.477635427971,1825.2047729077551
2025-07-25 08:58:47.736000+00:00,298.48440545789606,314.68839393381774,285.4878970980084,301.5580538035295,1376.6241836695008
2025-07-25 09:58:47.736000+00:00,296.1644783059609,308.1875299387752,285.97898994918074,297.94094649014045,1818.8891776355426
2025-07-25 10:58:47.736000+00:00,296.58540246029855,304.79214749891804,286.7476561617834,294.9079857977607,1880.952772794554
2025-07-25 11:58:47.736000+00:00,296.03802197098986,302.29625585350374,288.25998453973415,294.4853959603149,1747.461498718689
2025-07-25 12:58:47.736000+00:00,289.03236353595173,297.2891673857449,281.346676181241,289.58868678602886,1285.7530738868536
2025-07-25 13:58:47.736000+00:00,287.0014908596866,294.77572891630643,278.0769925237926,285.81920506303055,790.9998071308029
2025-07-25 14:58:47.736000+00:00,285.9949349920164,293.99472714129087,276.1423985352952,284.08887475532794,2015.71766459879
2025-07-25 15:58:47.736000+00:00,285.3966558008494,298.98762437194273,271.9981289202785,285.58046805116373,1479.2792313404907
2025-07-25 16:58:47.736000+00:00,283.10169082384374,287.08009479461555,279.2020848440755,283.1794181537725,2002.1550977285283
2025-07-25 17:58:47.736000+00:00,282.8017540977796,296.9087517392225,271.20286969709844,285.2110519429913,1943.2798456564253
2025-07-25 18:58:47.736000+00:00,285.70381509592113,294.8172116722922,276.3714150914711,285.477595708944,2212.7957624768164
2025-07-25 19:58:47.736000+00:00,283.94945653906126,291.762384262205,275.2734438337159,283.06195167799103,1232.8846611574952
2025-07-25 20:58:47.736000+00:00,287.93402782825206,304.3619982011081,270.18947326188555,286.5377813011382,1219.4916076092268
2025-07-25 21:58:47.736000+00:00,285.8049531056201,299.28508492976886,272.2493914238305,285.7257894552986,910.5422495141994
2025-07-25 22:58:47.736000+00:00,286.3933109042109,297.4774168277802,274.4483853931788,285.49783422822395,732.117946992912
2025-07-25 23:58:47.736000+00:00,287.79287960216016,288.2572705031187,286.50844291739094,286.971508430108,970.8978105553999
2025-07-26 00:58:47.736000+00:00,285.76319930877924,291.81909034444635,278.82729808433146,284.8641361826748,1672.7558154460348
2025-07-26 01:58:47.736000+00:00,284.03484683689453,291.19500627950055,276.3443323529455,283.49077646934046,1856.560055699073
2025-07-26 02:58:47.736000+00:00,280.78426705602897,287.88503476704915,272.495272250451,279.5652111953724,1302.1271789520297
2025-07-26 03:58:47.736000+00:00,279.2437355867396,282.5003206250071,275.9830025342144,279.23953862686557,1215.9670030549817
2025-07-26 04:58:47.736000+00:00,280.8098574620096,283.89857227604824,277.5271968715047,280.6137546902668,1268.2137287480277
2025-07-26 05:58:47.736000+00:00,280.03917826832617,292.6796244702097,267.82782116017125,280.4503383610078,2248.4967505447407
2025-07-26 06:58:47.736000+00:00,282.2446108392064,291.6637509035991,273.10555478226786,282.5159101969509,1166.5277903607785
2025-07-26 07:58:47.736000+00:00,283.14926481817923,284.1600879187533,281.52956162484463,282.5382032783975,1251.6199377856167
2025-07-26 08:58:47.736000+00:00,284.61382526539256,296.01802595266986,272.8814125660884,284.27191316626624,1454.5649209623625
2025-07-26 09:58:47.736000+00:00,284.3789501537698,292.95769194929886,275.2161667974228,283.7767420303595,1435.0055467975578
2025-07-26 10:58:47.736000+00:00,283.2919232951557,294.5639126676437,271.30625713497426,282.5486730969763,1167.4730812968376
2025-07-26 11:58:47.736000+00:00,283.55790946695726,293.6037606554356,272.59794152027837,282.61021802477546,421.6881535992695
2025-07-26 12:58:47.736000+00:00,278.3762504594371,280.99312198098744,275.8403264692067,278.4564672399911,1611.8704679020047
2025-07-26 13:58:47.736000+00:00,276.27886318202735,285.199118714015,267.8291144476246,276.7354069844968,1030.3242979256765
2025-07-26 14:58:47.736000+00:00,273.8621443060828,287.7416625491878,260.5702404297385,274.4225589390115,1382.2515975891238
2025-07-26 15:58:47.736000+00:00,273.6929196856551,279.40743649801567,267.6219979567389,273.3289145973474,1379.455774377337
2025-07-26 16:58:47.736000+00:00,272.44965272285134,274.82170957911876,270.1584253403423,272.5298081116191,1587.4189972745492
2025-07-26 17:58:47.736000+00:00,273.1911850879304,288.1743726958495,258.4480567456254,273.41895257587987,1925.4592559183725
2025-07-26 18:58:47.736000+00:00,276.1323503016226,277.9880721408245,273.26305046493496,275.11191456041945,1274.8787550477816
2025-07-26 19:58:47.736000+00:00,275.8772618564853,290.6315092309389,260.09582342329844,274.7920313675186,1560.7664889944954
2025-07-26 20:58:47.736000+00:00,272.54787343987704,279.3823681711615,267.31493729735143,274.11926128416985,1316.0726245000674
2025-07-26 21:58:47.736000+00:00,276.3977590047579,279.5748194575863,272.92644726397276,276.100086108793,2123.9625465523814
2025-07-26 22:58:47.736000+00:00,275.0235506176096,282.45979465198985,269.42925452095966,276.82877814614665,2842.2182454023327
2025-07-26 23:58:47.736000+00:00,276.8889564840049,293.2953319569372,260.63607059411163,277.0339360274733,665.7353455217824
2025-07-27 00:58:47.736000+00:00,275.19455155181,285.8295115277025,265.7920439389082,276.3862861970577,1109.6350849830428
2025-07-27 01:58:47.736000+00:00,277.03813170288174,287.43096921608407,267.44727424221,277.81327679921145,1454.6916642901301
2025-07-27 02:58:47.736000+00:00,278.54033523563857,295.8397640110443,262.82674413014706,280.04148684880386,605.8106971599994
2025-07-27 03:58:47.736000+00:00,278.9870029470831,291.59775852007306,269.39675736048156,281.90713276589616,1609.664554416184
2025-07-27 04:58:47.736000+00:00,276.69466347961566,283.6775118018655,271.3792940384002,278.3307134565209,1309.5090933536128
2025-07-27 05:58:47.736000+00:00,277.4575255679256,278.7163773985392,275.3384909031118,276.5934222125989,965.7917964147363
2025-07-27 06:58:47.736000+00:00,277.30380796726416,281.26331667490365,272.52583947118666,276.47349243986275,2107.374852960574
2025-07-27 07:58:47.736000+00:00,280.23077175195726,287.89522582384933,270.96584999197677,278.5852995629704,1955.852262881121
2025-07-27 08:58:47.736000+00:00,274.851966002439,277.33279470789057,272.2570147059968,274.7368039525598,771.0139226489165
2025-07-27 09:58:47.736000+00:00,274.91049244299484,290.0063286040625,261.3601531571821,276.38339018269517,2185.0201222516616
2025-07-27 10:58:47.736000+00:00,276.4308060671702,295.64182328516665,257.9252664446725,277.0920190483307,1641.72167475601
2025-07-27 11:58:47.736000+00:00,271.5146559298982,279.71885009244977,263.6241918308433,271.8195261850902,1742.992148535345
2025-07-27 12:58:47.736000+00:00,270.3870219570715,277.40533775569594,264.1724979168863,271.17275458576825,1930.7984711425256
2025-07-27 13:58:47.736000+00:00,271.62723897656485,283.0191780035479,261.5341209098973,272.879527434091,479.26119484806475
2025-07-27 14:58:47.736000+00:00,274.1181941544603,287.4149862007516,261.63125510448015,274.89276311767924,2319.534077324248
2025-07-27 15:58:47.736000+00:00,273.93847078385863,275.6793190354321,271.4251727945237,273.1610808200846,1683.9751944299487
2025-07-27 16:58:47.736000+00:00,272.31009637485494,274.65191354149215,271.36965205316056,273.70664612546375,1598.686602280567
2025-07-27 17:58:47.736000+00:00,271.6533143772376,282.31971112907866,260.20738828820697,270.8419260899297,728.5727077977245
2025-07-27 18:58:47.736000+00:00,273.1772494868628,274.6731640589708,270.46039211803725,271.9495840121892,1903.5743009759026
2025-07-27 19:58:47.736000+00:00,270.3067506483531,280.4373496984719,260.55838543918316,270.67567941160155,561.7585196130345
2025-07-27 20:58:47.736000+00:00,269.45305755097314,276.3037494133581,264.160310451989,270.98098981741384,1998.32672227093
2025-07-27 21:58:47.736000+00:00,271.2986940694468,272.72110019311094,270.097535337307,271.51896621921026,1318.6759656717875
2025-07-27 22:58:47.736000+00:00,270.8282244511204,275.52573502392386,266.25230136890866,270.94779172883705,1663.0771701555516
2025-07-27 23:58:47.736000+00:00,268.7649651414833,273.3587655050164,264.71382710241215,269.29956929064195,1856.407900254229
2025-07-28 00:58:47.736000+00:00,263.66389401287705,271.8612108797006,257.44846713326257,265.60014029438014,1279.3951774976265
2025-07-28 01:58:47.736000+00:00,263.8889724205352,271.5377511885958,256.22641500089065,263.87478247571823,2273.7589926687297
2025-07-28 02:58:47.736000+00:00,264.8135129847311,266.2937753281544,262.71863681259293,264.19544425731215,789.4887875790776
2025-07-28 03:58:47.736000+00:00,264.74699288633616,276.4870094651085,252.20856145882334,263.9115300332372,1590.0617852780547
2025-07-28 04:58:47.736000+00:00,266.3994822642193,281.00909863147064,252.29258855230296,266.8769225884818,1747.2769989065116
2025-07-28 05:58:47.736000+00:00,265.62232818858354,274.6449015034017,257.20820030408936,266.2120916605475,1590.0890526524083
2025-07-28 06:58:47.736000+00:00,270.2177837594377,272.428527174064,266.5452672915677,268.74395279477875,1403.7597267376364
2025-07-28 07:58:47.736000+00:00,266.09256910262167,278.8313238236477,252.87113806966457,265.5856235877092,1488.2596239312886
2025-07-28 08:58:47.736000+00:00,266.8862773279999,279.4547427271076,254.6549712584725,267.2086618845111,2412.102881784629
2025-07-28 09:58:47.736000+00:00,269.58794194332387,279.93251767042614,260.3531793824219,270.6609974821457,784.073029679041
2025-07-28 10:58:47.736000+00:00,267.70905211819706,277.7194741018343,257.6982064743158,267.7086120006757,1764.017609256044
2025-07-28 11:58:47.736000+00:00,271.5182596188899,277.94923852703585,264.7731158686825,271.1964731834138,1093.3211776525368
2025-07-28 12:58:47.736000+00:00,274.62712252285155,276.915253224408,272.1139123350928,274.4001519696403,1669.5144307448961
2025-07-28 13:58:47.736000+00:00,275.50221311555373,281.0348196948043,270.4792678443738,276.00274867935246,1495.3791836371952
2025-07-28 14:58:47.736000+00:00,274.31334511835655,279.7790340465475,270.81996304529025,276.2608504811634,1469.9079808861432
2025-07-28 15:58:47.736000+00:00,274.6676753616266,285.06351364354856,264.54949253285355,274.93546596876024,1106.6729657493365
2025-07-28 16:58:47.736000+00:00,280.9845459886706,290.29687687886917,270.7427930663175,280.0232653967553,1687.9073593773057
2025-07-28 17:58:47.736000+00:00,279.6262667656945,287.89458045502755,271.55308230909947,279.81592044301493,2106.43874625728
2025-07-28 18:58:47.736000+00:00,280.96875156366946,293.5453919892036,268.6039245183899,281.17163642021,2596.4277455971173
2025-07-28 19:58:47.736000+00:00,280.27721649643814,290.4172269319797,270.16583866917773,280.3048521126674,2147.9847547076406
2025-07-28 20:58:47.736000+00:00,283.5636091058551,287.82602051771255,278.52081099609984,282.7713129382012,1225.912489100949
2025-07-28 21:58:47.736000+00:00,280.93540428172577,290.3152492684999,272.25541094563687,281.6142808471283,1667.3645668964546
2025-07-28 22:58:47.736000+00:00,282.7689608991614,299.09820795884684,268.17091083733055,284.41517166952593,1675.4882203653206
2025-07-28 23:58:47.736000+00:00,279.2767687335298,295.2379002753403,265.42263863795864,281.284187801165,1802.6227269205208
2025-07-29 00:58:47.736000+00:00,277.841048510053,290.3003544455401,265.4434024575346,277.9000745698306,1221.4758053733808
2025-07-29 01:58:47.736000+00:00,277.3334560160879,279.0003554946695,274.2329158963748,275.8911464422168,1398.5627714288503
2025-07-29 02:58:47.736000+00:00,276.1293534507153,288.55765716757065,264.50702813924175,276.90277829025285,1738.5716720626187
2025-07-29 03:58:47.736000+00:00,280.09365013530373,289.13061437442514,269.4509969231967,278.4344278809676,1700.5521906219205
2025-07-29 04:58:47.736000+00:00,277.39552226937457,287.09942579937297,268.6649463571752,278.33915070660726,1732.5048455518156
2025-07-29 05:58:47.736000+00:00,274.8528326297231,279.96197599603795,269.9445675470892,275.05018660686636,1268.6266338609587
2025-07-29 06:58:47.736000+00:00,274.8358525356364,282.1231232008978,267.5651526821675,274.8519962697951,1335.531595735687
2025-07-29 07:58:47.736000+00:00,277.2624009867235,287.50253783642347,265.61224326353687,275.7983066944824,1107.8914206262805
2025-07-29 08:58:47.736000+00:00,278.81465137360385,281.98749491482494,276.8327567235843,279.9971944091446,820.0064588327505
2025-07-29 09:58:47.736000+00:00,282.54811506666556,292.26745332949713,274.2018347326411,283.8817775084166,1151.6012489461755
2025-07-29 10:58:47.736000+00:00,282.48252598184183,292.73658120129664,270.1847975844931,280.3618735755889,1018.9994585035824
2025-07-29 11:58:47.736000+00:00,278.3395147683645,282.6428255330051,273.45637847966856,277.7505839896646,2005.054798176647
2025-07-29 12:58:47.736000+00:00,271.7639325321261,273.6717771804565,270.0223758473461,271.92916165069556,1547.20120936622
2025-07-29 13:58:47.736000+00:00,273.7817963640813,275.92368670720793,269.68531098458106,271.8117892761632,752.9631777025681
2025-07-29 14:58:47.736000+00:00,272.6916506988084,276.833391906123,270.6760803498985,274.80222150519194,299.0210654343906
2025-07-29 15:58:47.736000+00:00,274.5880173725482,279.99011705151577,269.1786721917918,274.5806264659654,1358.3342456886833
2025-07-29 16:58:47.736000+00:00,273.2823631813529,274.737809634081,272.2630178369261,273.7168436740305,164.05966061678615
2025-07-29 17:58:47.736000+00:00,273.7557367962321,276.6952731370867,270.68062088598356,273.6186855974798,1856.063861468547
2025-07-29 18:58:47.736000+00:00,274.22305647236306,278.18148650607765,269.87530665110086,273.8280345137246,1513.5719169796314
2025-07-29 19:58:47.736000+00:00,274.5837972181429,276.0686368129427,272.94377356288584,274.4277694216295,1300.8882470922276
2025-07-29 20:58:47.736000+00:00,274.78112490997387,277.46139158126607,271.25398516340135,273.92590990702314,1673.523873058104
2025-07-29 21:58:47.736000+00:00,274.71813137429945,277.8172360917906,271.8884959755329,274.98485341844855,1511.575816427814
2025-07-29 22:58:47.736000+00:00,274.20849320168094,277.49061950855037,271.4129676187748,274.69018314933686,1504.5627870176793
2025-07-29 23:58:47.736000+00:00,275.0841997396984,277.283504031063,272.4313167634955,274.6269654566035,345.6323076367118
2025-07-30 00:58:47.736000+00:00,273.05965486889653,276.7097804711472,269.4748043101428,273.1240840568946,1227.2377351892296
2025-07-30 01:58:47.736000+00:00,273.4057561235935,274.65160449351123,272.1136263122868,273.35926282271794,2275.6880663190555
2025-07-30 02:58:47.736000+00:00,273.64357701426206,277.38923199493047,269.82124085636013,273.5658316523499,1015.5479675220997
2025-07-30 03:58:47.736000+00:00,272.65945221875154,275.2033843931245,269.92578376267915,272.4679290118448,1869.094491797693
2025-07-30 04:58:47.736000+00:00,273.0460064183133,276.85367488019597,268.9096504909475,272.71267053275136,855.886577696393
2025-07-30 05:58:47.736000+00:00,272.6763099866684,276.2776884009532,269.1689663716081,272.7691506082204,1107.961524974862
2025-07-30 06:58:47.736000+00:00,272.1410150756039,275.899062714793,268.64962747361744,272.4042973765941,1548.7536279364174
2025-07-30 07:58:47.736000+00:00,272.2074777290808,275.0885777254397,269.6838844421731,272.56170049424185,973.1293243903265
2025-07-30 08:58:47.736000+00:00,271.4820248007409,275.3291031984608,268.61309057016246,272.44994034942425,2248.433839131426
2025-07-30 09:58:47.736000+00:00,273.39662785137403,277.12471540775005,269.60742718977326,273.3346698756024,1211.7654657222533
2025-07-30 10:58:47.736000+00:00,274.18075652191993,274.65770938998895,273.80465473292753,274.28146945011775,1263.9732701816495
2025-07-30 11:58:47.736000+00:00,274.20737409913767,275.03378248947934,273.36246762322304,274.18882009535884,1916.532961765054
2025-07-30 12:58:47.736000+00:00,273.6794379173833,278.95361996674836,268.67836199541273,273.947643004303,1495.1393393462506
2025-07-30 13:58:47.736000+00:00,275.42776062028867,281.7234615106939,268.76571898647944,275.0528502113206,2116.4025246906153
2025-07-30 14:58:47.736000+00:00,274.2892982926499,279.39610082434297,269.4629871157543,274.5649395476509,1378.7833349299144
2025-07-30 15:58:47.736000+00:00,275.68701754034663,279.2989798015708,272.151869927369,275.7628596615008,908.6572428908186
2025-07-30 16:58:47.736000+00:00,274.89088944630424,278.18755552225014,272.04047041822645,275.3325567250215,1857.5556846913873
2025-07-30 17:58:47.736000+00:00,274.25185850151405,276.8773612036587,271.85927879742474,274.48276704794563,1379.126278139755
2025-07-30 18:58:47.736000+00:00,274.5848564636435,277.25658873795663,271.9841266460546,274.65519273058203,574.5316669216058
2025-07-30 19:58:47.736000+00:00,275.6593146433797,277.61622816909477,272.9605525095161,274.9121619766281,2099.3996083194766
2025-07-30 20:58:47.736000+00:00,274.48939041284956,276.71098574476844,272.4644722147789,274.6846272772612,745.2151905976976
2025-07-30 21:58:47.736000+00:00,274.6729993732979,275.9912858220739,273.15110253720246,274.4684070500478,2509.841922847852
2025-07-30 22:58:47.736000+00:00,275.09761312571715,280.1364965823044,269.95611519268977,274.99308401986144,335.01382749656835
2025-07-30 23:58:47.736000+00:00,275.85833865978896,278.4612605254034,273.32703704146866,275.9293076887127,1448.6517567519893
2025-07-31 00:58:47.736000+00:00,275.9525400577564,279.40513208507076,272.4606067615998,275.9127003324846,1561.492962164967
2025-07-31 01:58:47.736000+00:00,275.7690218127453,282.14171109534874,269.6648909368568,276.0317644273326,1704.013728925126
2025-07-31 02:58:47.736000+00:00,274.7847699412094,276.15492612218134,273.55990330709136,274.92941472681355,2223.18993731727
2025-07-31 03:58:47.736000+00:00,274.88831196817716,277.97771000658645,271.6385696364629,274.72614512400895,1551.5929590052576
2025-07-31 04:58:47.736000+00:00,275.15047214963784,279.86360971292345,270.68571949409477,275.3948909744276,1411.5684497049715
2025-07-31 05:58:47.736000+00:00,275.204085306877,277.4797353002555,272.81901335181163,275.0937509958188,1947.7887275644678
2025-07-31 06:58:47.736000+00:00,274.7224587932226,275.73478506268816,274.0676915041751,275.0791676019412,1499.8503062302643
2025-07-31 07:58:47.736000+00:00,275.1309730770214,277.00609577032634,272.76992582387544,274.6417140298561,2094.500176062482
2025-07-31 08:58:47.736000+00:00,275.2819609417855,278.2669828007823,272.23373786663336,275.2180668900354,1137.4414184682903
2025-07-31 09:58:47.736000+00:00,275.6456445793194,279.95107609953135,271.4752340837365,275.778653235151,1567.7111812998683
2025-07-31 10:58:47.736000+00:00,275.4621494291575,277.35135470738436,273.6247126830299,275.5135749336869,1678.3247660668567
2025-07-31 11:58:47.736000+00:00,275.74448647953506,277.6457169370361,273.15997935128723,275.05646597672836,989.5085879601356
2025-07-31 12:58:47.736000+00:00,275.51566696147273,278.27239180923425,272.0314267650086,274.78079874791683,766.3458852105183
2025-07-31 13:58:47.736000+00:00,275.53949298559826,282.21401348091223,268.8294046490527,275.50304217964623,2003.9248566554375
2025-07-31 14:58:47.736000+00:00,275.6555044469012,277.685721461962,273.8698023076529,275.8984455451836,1365.074155821783
2025-07-31 15:58:47.736000+00:00,274.937252517551,277.3182817843894,272.86925896412424,275.247951250539,2251.5960662184925
2025-07-31 16:58:47.736000+00:00,276.0633568143965,282.0832094413595,269.78072734933704,275.7947221133461,1646.1208104551247
2025-07-31 17:58:47.736000+00:00,275.7581423484839,278.3917338130985,273.27080419267276,275.9030882454482,2119.5438087178813
2025-07-31 18:58:47.736000+00:00,274.29452319002445,279.6012112430995,269.42394437438975,274.72302365259316,1289.653395972125
2025-07-31 19:58:47.736000+00:00,274.1873529998269,275.7942964654507,273.02025139119024,274.62533056832973,1147.0670910083436
2025-07-31 20:58:47.736000+00:00,274.1862775682049,278.07388440774156,270.4368003057128,274.322543715664,1930.8882930235463
2025-07-31 21:58:47.736000+00:00,274.03815523392126,275.9771198314089,272.33812657112384,274.2756180395301,1166.6583166597309
2025-07-31 22:58:47.736000+00:00,274.21548375607324,278.3106638918228,269.8573526140167,273.948546260327,1973.2113327059658
2025-07-31 23:58:47.736000+00:00,274.42819148757155,277.450368427022,271.3539806062006,274.3755781341019,1091.3243866967425
2025-08-01 00:58:47.736000+00:00,273.87160461881814,278.9347189017846,269.033619127491,274.0928255082314,587.7177156876838
2025-08-01 01:58:47.736000+00:00,274.97713124230296,277.3160987227495,272.9269689023249,275.26379905754646,801.806538336748
2025-08-01 02:58:47.736000+00:00,276.31195446842145,280.8383059865527,271.6568915712108,276.18109951389226,678.6969721797758
2025-08-01 03:58:47.736000+00:00,275.254164599075,277.8585365465676,272.40397304103465,275.00599690055833,1641.5170490285866
2025-08-01 04:58:47.736000+00:00,275.7100130945558,278.3684997619827,272.77683491368884,275.4326471271924,1590.9680136391928
2025-08-01 05:58:47.736000+00:00,276.38788379436613,279.73555171016693,272.56951847125276,275.9114153009026,2655.6496357078686
2025-08-01 06:58:47.736000+00:00,275.74001409135093,280.74675978316776,270.4655974895072,275.467393068678,1872.361086586568
2025-08-01 07:58:47.736000+00:00,275.78177013355565,278.3876376468785,273.55324493027393,276.1560876748659,2062.0544541663585
2025-08-01 08:58:47.736000+00:00,276.6313371826303,279.97332218079026,272.98573877522426,276.3240109633137,1109.557360219106
2025-08-01 09:58:47.736000+00:00,276.93199898574596,279.58617817549066,274.4509206718391,277.103562793837,2584.8038107311763
2025-08-01 10:58:47.736000+00:00,277.78299070762523,281.06876547903846,274.84000482063374,278.12218597074656,1643.7572609971985
2025-08-01 11:58:47.736000+00:00,276.8585372736466,282.1853975784777,272.397500963308,277.7106314297614,436.36936172840996
2025-08-01 12:58:47.736000+00:00,278.50600114043414,278.90869783582053,277.54250357619384,277.9443882256497,1456.9388704438686
2025-08-01 13:58:47.736000+00:00,278.32384121651114,279.81597162860663,277.1761069895184,278.6668230349161,1415.4868740850616
2025-08-01 14:58:47.736000+00:00,280.65697188187545,281.17162230127946,279.3506701619303,279.8638662360154,595.0376161952231
2025-08-01 15:58:47.736000+00:00,279.45291511706836,282.0715586501552,276.97010490080874,279.5875522451319,973.6801992163191
2025-08-01 16:58:47.736000+00:00,279.4293691735279,283.39354175654546,275.2561194888102,279.2172832789764,1645.9800536342711
2025-08-01 17:58:47.736000+00:00,279.4238584588471,281.431591235713,277.25777648614866,279.2643632486295,1513.6164076434975
2025-08-01 18:58:47.736000+00:00,279.62600750845905,283.7774769422191,275.53389718458095,279.6845104727123,2102.4674281235816
2025-08-01 19:58:47.736000+00:00,279.45844509845654,283.1724574433839,276.04028111545034,279.7507185510969,1195.569310541679
2025-08-01 20:58:47.736000+00:00,279.6055458751438,283.3689350885498,275.84388404553385,279.6072503281507,2088.742606066045
2025-08-01 21:58:47.736000+00:00,278.955374099013,282.165152289534,275.9197713543196,279.12767456477087,675.6251707535298
2025-08-01 22:58:47.736000+00:00,278.7673510635706,283.15029788241935,274.5983698710137,278.97816397114036,2414.8646965608164
2025-08-01 23:58:47.736000+00:00,278.6271982747167,279.51079829694953,277.885651059521,278.7688740214521,604.448075099553
2025-08-02 00:58:47.736000+00:00,280.6421891072772,281.86457723270314,278.9923446904963,280.21286280709376,673.1254125424372
2025-08-02 01:58:47.736000+00:00,280.6600425050233,282.35055167157424,279.38322140218025,281.0718570795997,1037.0692882997257
2025-08-02 02:58:47.736000+00:00,281.0046347208647,283.6088178508149,278.54779572668883,281.15070178426095,2029.9569912519416
2025-08-02 03:58:47.736000+00:00,280.0044626342507,281.9848284713166,278.0749676719267,280.0549853597403,1328.8226021170967
2025-08-02 04:58:47.736000+00:00,280.0122294595555,282.0813599673214,277.42425627266715,279.48952428764176,1447.0364920156296
2025-08-02 05:58:47.736000+00:00,278.80040177800976,282.9493406023752,275.29884143000544,279.43975043131934,1892.2013681634783
2025-08-02 06:58:47.736000+00:00,278.2017551875429,280.4773368462377,276.0630175385228,278.3375552044908,1222.8885205913336
2025-08-02 07:58:47.736000+00:00,278.46057161954906,282.14421641962264,274.3098050423568,277.9871876328438,1587.6821058958808
2025-08-02 08:58:47.736000+00:00,278.7340625696644,283.2685714787676,274.0525746587008,278.584652938051,1164.2826692243725
2025-08-02 09:58:47.736000+00:00,279.53677650238876,281.7035589229623,277.1248245525969,279.2896917370696,1074.601694644422
2025-08-02 10:58:47.736000+00:00,278.292225589639,283.9306750002337,272.6557483811715,278.2941586401334,1619.448970533396
2025-08-02 11:58:47.736000+00:00,277.79064467069423,282.0856481843292,273.76510886642535,278.05626323303716,684.1353447319874
2025-08-02 12:58:47.736000+00:00,277.5303069176365,278.5651216802444,276.6818710730869,277.7161177946397,1094.0625884793433
2025-08-02 13:58:47.736000+00:00,277.0952145310512,281.4401522521034,273.6354141748346,277.9694363947991,1075.1677101411158
2025-08-02 14:58:47.736000+00:00,279.8881743521049,281.9453203073871,277.8296174565393,279.8867529647879,2035.76310675025
2025-08-02 15:58:47.736000+00:00,279.58440358319297,282.0993086693906,276.70065543933674,279.21221260998703,1827.3437830848868
2025-08-02 16:58:47.736000+00:00,280.1335871045852,283.069266590866,276.91244000450587,279.8450962305282,1476.6180520172513
2025-08-02 17:58:47.736000+00:00,279.73658849126355,280.97886499521474,278.59114713076116,279.8330287394657,1952.241621039922
2025-08-02 18:58:47.736000+00:00,279.8520060469644,282.59451815630354,277.24766570215473,279.9889038224139,855.5956698644064
2025-08-02 19:58:47.736000+00:00,279.57293520940345,281.8186045821023,277.89177688908194,280.1340719732835,1269.2945984906903
2025-08-02 20:58:47.736000+00:00,280.08461602073083,286.8137986882024,273.7024858234837,280.42393658461884,2048.1368233165645
2025-08-02 21:58:47.736000+00:00,279.68951155438504,285.2553091275772,274.37221977060335,279.93338104116424,83.49921953350918
2025-08-02 22:58:47.736000+00:00,280.3384453619379,283.7531551164185,276.9419797958391,280.3564711571815,1293.5505255391151
2025-08-02 23:58:47.736000+00:00,281.03160171964737,283.7209379539408,277.8142358227699,280.49847024723977,1254.1914765421852
2025-08-03 00:58:47.736000+00:00,280.3660209052957,282.2283219035552,278.53669661114793,280.39878383874463,1377.7079211324422
2025-08-03 01:58:47.736000+00:00,281.5454647477169,286.3184252552478,276.23756244845003,281.0012978486937,1706.6097245601234
2025-08-03 02:58:47.736000+00:00,281.6805927347261,285.7339344959364,278.03882792303364,282.086916445539,2457.5100017035256
2025-08-03 03:58:47.736000+00:00,282.1666395153765,287.214933116123,277.5166963026395,282.55853174582273,1876.0687504598131
2025-08-03 04:58:47.736000+00:00,282.5481396680076,283.52169872860463,282.0092444555596,282.98197607357565,1127.0070007536094
2025-08-03 05:58:47.736000+00:00,281.80778759804286,285.51711838420675,278.77958012327406,282.4816696100991,1497.0807220006636
2025-08-03 06:58:47.736000+00:00,282.5355568451377,284.37006108214064,281.3185276396865,283.15038349502186,473.8524435674598
2025-08-03 07:58:47.736000+00:00,283.43010197246974,287.33828461235316,279.59974361127126,283.50688853480403,1111.959644288085
2025-08-03 08:58:47.736000+00:00,284.31195792691904,287.7544482899621,280.84050627614846,284.2826416737524,1471.9619590994084
2025-08-03 09:58:47.736000+00:00,284.27693953686446,286.2352106455821,282.70849579875386,284.6646279108875,1149.451759537513
2025-08-03 10:58:47.736000+00:00,285.26338995331355,287.2625706015393,283.2975240242081,285.2964766585045,1817.1048856999735
2025-08-03 11:58:47.736000+00:00,284.31232995877144,287.738648901591,280.63645017018456,284.05972490638754,1381.208827644675
2025-08-03 12:58:47.736000+00:00,284.21138676515704,286.16470106970695,282.57383775081337,284.5253431238788,1919.2952092854273
2025-08-03 13:58:47.736000+00:00,284.64442379046426,289.37449778767757,279.8779802002967,284.60743961356303,1386.0860529034605
2025-08-03 14:58:47.736000+00:00,284.9749045153122,286.52675447366727,283.6608952361188,285.21165355297353,2057.571232628902
2025-08-03 15:58:47.736000+00:00,285.2523181557025,288.9854283291805,281.45244242740887,285.18466725038553,1238.9202821390109
2025-08-03 16:58:47.736000+00:00,284.32438581427624,286.82199101930945,281.9248375173297,284.421622099252,549.1354550808401
2025-08-03 17:58:47.736000+00:00,284.10645331728927,287.5640662670628,280.22268309749853,283.67504576049544,1463.2289948160667
2025-08-03 18:58:47.736000+00:00,283.75441434053016,289.0830785664511,279.1595235381476,284.47649497100565,1654.4921066722884
2025-08-03 19:58:47.736000+00:00,284.1438832305083,287.8638279642493,280.24654773741975,283.9641393060758,1852.7552688173664
2025-08-03 20:58:47.736000+00:00,283.78972402979593,286.44441719366336,281.11967168092184,283.7742198115527,1040.123448511497
2025-08-03 21:58:47.736000+00:00,284.92705658883614,289.8549954171955,279.98778216900206,284.91552149279937,1956.3709891477656
2025-08-03 22:58:47.736000+00:00,283.9570104571418,285.55243739803853,282.44392196110346,284.0389124802728,1956.033274264787
2025-08-03 23:58:47.736000+00:00,284.16013856206575,287.6749140800101,280.0468708425647,283.5541509017747,1247.1805716480642
2025-08-04 00:58:47.736000+00:00,284.21141074070107,288.40838177936143,279.82186958917333,284.0159543081586,1494.8108321529442
2025-08-04 01:58:47.736000+00:00,284.56355257204405,289.27255544389266,279.35444137225136,284.0550291171884,2540.5183231544356
2025-08-04 02:58:47.736000+00:00,283.8016248283206,284.79681926789436,282.2868167292939,283.2801826509521,967.4132437635984
2025-08-04 03:58:47.736000+00:00,283.724304554807,286.59851948413626,281.10154813184533,283.9734598616571,1455.3665517917102
2025-08-04 04:58:47.736000+00:00,284.3408939853717,286.0326968899465,282.40905739951216,284.0994235767385,1761.6032670850534
2025-08-04 05:58:47.736000+00:00,284.7793488000973,286.37241595783996,282.72832049496844,284.31881138786105,1634.5065261441912
2025-08-04 06:58:47.736000+00:00,285.1753478612053,287.13708129848044,282.77958460460513,284.73831165106435,1273.0619817277477
2025-08-04 07:58:47.736000+00:00,284.17721894944106,288.5054323756573,279.5715947001949,283.895517622514,2115.849894349345
2025-08-04 08:58:47.736000+00:00,284.12635724357006,287.4372196035418,281.14083281582515,284.44831215891065,1765.9846144322787
2025-08-04 09:58:47.736000+00:00,283.8967343153074,285.6208212302253,282.39392801962236,284.11684975429165,1086.27785420501
2025-08-04 10:58:47.736000+00:00,283.86290969918423,286.62994911146995,281.5849291948834,284.3480751871932,470.74713176478264
2025-08-04 11:58:47.736000+00:00,284.15857286383243,287.2284024873922,281.6481055980946,284.7130366777155,1835.814598473394
2025-08-04 12:58:47.736000+00:00,284.7982869115512,287.6873953304939,282.07452729273155,284.96206932610403,1368.4640378266622
2025-08-04 13:58:47.736000+00:00,284.862765241488,286.76730487668357,282.7697742493786,284.6730454532438,2283.396123930361
2025-08-04 14:58:47.736000+00:00,285.36372764611605,292.00743676411764,278.46713141500544,285.1048125898831,1474.632281511553
2025-08-04 15:58:47.736000+00:00,284.52332427701975,288.9055267455859,280.8506627629032,285.2238231077599,2100.355014848133
2025-08-04 16:58:47.736000+00:00,285.2652179277367,286.8888444100544,284.10107778011786,285.7228367636111,1688.43202302289
2025-08-04 17:58:47.736000+00:00,285.18378048271273,291.01423305743,279.957106526513,285.7766925710055,1168.7210715408073
2025-08-04 18:58:47.736000+00:00,285.6201487512311,286.4310322593179,285.3134604562044,286.1238031589164,953.0861006458763
2025-08-04 19:58:47.736000+00:00,286.3909111973034,292.93745436038336,279.5662571233553,286.1062942949268,1840.7978362262927
2025-08-04 20:58:47.736000+00:00,286.7991549519755,289.47535358227225,283.46526260545306,286.1352663156163,1705.5421010814898
2025-08-04 21:58:47.736000+00:00,285.75593117748843,288.64456509258014,282.71423424437944,285.6013050836781,1344.4613227420216
2025-08-04 22:58:47.736000+00:00,284.2065369030521,289.10906097122347,279.2503848731325,284.15196762875155,823.8680015917932
2025-08-04 23:58:47.736000+00:00,285.2184697301355,289.20550821987644,281.13576935206765,285.12145163624837,1304.4025640172908
2025-08-05 00:58:47.736000+00:00,287.10323140638377,290.27013108171695,283.8313131559287,286.9970415007406,762.08500309774
2025-08-05 01:58:47.736000+00:00,287.2696119190756,290.00994145641175,284.4892023336263,287.22914585607214,1915.2994083242256
2025-08-05 02:58:47.736000+00:00,286.83947840280337,289.3086036426454,284.44048131499557,286.90902489905255,1802.4189025758285
2025-08-05 03:58:47.736000+00:00,287.5933162643887,290.5359972135075,284.2592304179501,287.19786507455507,1063.6423243617512
2025-08-05 04:58:47.736000+00:00,287.40590964844864,289.48159405252864,285.39302010139323,287.46826777119173,1387.406397286764
2025-08-05 05:58:47.736000+00:00,287.4840605519351,291.8845008671266,283.053999659087,287.4539795322933,2149.7353147006465
2025-08-05 06:58:47.736000+00:00,286.40288577121896,289.9623689504834,282.7930758111344,286.3519256458408,1575.6050871376813
2025-08-05 07:58:47.736000+00:00,288.18999742794506,290.3702138667825,285.88993777468704,288.0692406638365,2218.63741335159
2025-08-05 08:58:47.736000+00:00,287.13512887178484,289.7360049533865,284.6096706220097,287.2098891595959,2401.4681515859834
2025-08-05 09:58:47.736000+00:00,287.62217926990417,291.3575927210578,283.2741891490948,287.0015422487027,2174.316148971903
2025-08-05 10:58:47.736000+00:00,286.8712170913505,289.8664787050054,283.71940901008793,286.71301885431285,1819.146143652139
2025-08-05 11:58:47.736000+00:00,287.24082690503303,290.92667489985917,283.5079013648065,287.19313741242934,1105.360487678163
2025-08-05 12:58:47.736000+00:00,287.33730906197985,291.3911959215739,283.00901171848966,287.05897166613755,2063.889797696408
2025-08-05 13:58:47.736000+00:00,287.27079642462974,295.2306488016117,279.0475655959078,286.999912167479,1608.2040564676925
2025-08-05 14:58:47.736000+00:00,287.5333425378159,289.6204860176515,284.83673605880045,286.91942322872853,1039.4706900970355
2025-08-05 15:58:47.736000+00:00,287.0358070071959,289.689881345866,284.65346121649645,287.3052988213742,1877.8989725627976
2025-08-05 16:58:47.736000+00:00,286.2896572821842,290.6014398087531,281.6350108045595,285.94155052690337,2451.955902276384
2025-08-05 17:58:47.736000+00:00,286.13542741688235,289.535541723874,282.48160935026084,285.8786726701884,1215.4843640719007
2025-08-05 18:58:47.736000+00:00,286.4065636310795,290.24439451008624,282.5616320495742,286.3993664872831,2016.197277187956
2025-08-05 19:58:47.736000+00:00,285.94439025711614,288.3271541363396,283.8553278413794,286.2359615489748,2219.8087346980137
2025-08-05 20:58:47.736000+00:00,286.41900524012715,288.8656939700494,284.1490910698182,286.5943898500374,1697.9579942099567
2025-08-05 21:58:47.736000+00:00,286.2510824441966,291.4659448810802,280.9203523509923,286.1330647664709,504.820378689521
2025-08-05 22:58:47.736000+00:00,285.64103765010066,288.4797067200924,282.9118096061086,285.749442891372,828.8133982039988
2025-08-05 23:58:47.736000+00:00,286.6842447024337,288.763518809384,284.63659046087065,286.7156403232822,1652.4785977034373
2025-08-06 00:58:47.736000+00:00,286.5061224511407,288.48885546082965,284.4917467163908,286.4742592202169,1726.0530007792158
2025-08-06 01:58:47.736000+00:00,286.9266295766116,291.0173017080751,282.6076890036064,286.69505967594586,997.831146439698
2025-08-06 02:58:47.736000+00:00,286.4635243640329,289.3487874324866,283.68691494286224,286.5711349723132,785.7224497400418
2025-08-06 03:58:47.736000+00:00,285.6719581268522,289.532724180649,281.23150552364524,285.08432996896533,1589.3411421115593
2025-08-06 04:58:47.736000+00:00,286.1781985266268,290.0403225413676,282.2587709833385,286.12011107766625,1642.218112260873
2025-08-06 05:58:47.736000+00:00,286.15388864716056,289.1004154855416,283.21843532429614,286.16484972066286,1863.3126279273497
2025-08-06 06:58:47.736000+00:00,286.15816196680686,287.0432956439426,284.7303130048832,285.61376276686394,2495.071114092341
2025-08-06 07:58:47.736000+00:00,284.6320228267774,285.4485071257844,284.24343269628946,285.05933361485575,1046.4555697884564
2025-08-06 08:58:47.736000+00:00,285.58058711314095,289.31668928903696,281.8284144224319,285.56430356919805,1061.2218825966731
2025-08-06 09:58:47.736000+00:00,284.5130836026165,286.22086164451696,282.5680433457927,284.2743886309773,1469.3191048593417
2025-08-06 10:58:47.736000+00:00,284.4171510020242,285.57344054918855,283.219536864945,284.3756577224036,1002.1978010764581
2025-08-06 11:58:47.736000+00:00,283.9979897884475,285.2077123067271,282.9174088713921,284.1266418826928,1333.46815755534
2025-08-06 12:58:47.736000+00:00,284.5913411947041,289.90834251396694,279.31236706714475,284.62867585409043,1391.1426239749271
2025-08-06 13:58:47.736000+00:00,284.7338186923289,286.5091937053365,282.7865069311469,284.56080315603793,1921.9275660842436
2025-08-06 14:58:47.736000+00:00,285.03382419941016,288.394953542089,282.02806085327586,285.3854818651105,1524.416531386751
2025-08-06 15:58:47.736000+00:00,284.08106141891506,285.36027059856445,282.9691381355299,284.247695093375,952.3766238325975
2025-08-06 16:58:47.736000+00:00,283.45222473503344,285.41327067445593,281.4175613203388,283.37809439377537,547.6061245642261
2025-08-06 17:58:47.736000+00:00,283.3911025424171,289.416627511557,277.1839847720156,283.20556479612014,1692.4446579141834
2025-08-06 18:58:47.736000+00:00,282.6573999731871,285.27379031028676,280.13143841339263,282.7470277934724,893.7130611637036
2025-08-06 19:58:47.736000+00:00,283.0294577646819,285.9269660025495,280.37579609044735,283.2710392792578,1951.6077957832279
2025-08-06 20:58:47.736000+00:00,283.3560548681526,287.0094109453232,280.02895428023083,283.67852400020035,1009.504691425201
2025-08-06 21:58:47.736000+00:00,281.93315277415616,286.6319819057078,277.89360317164324,282.5831195529312,1064.1486123014133
2025-08-06 22:58:47.736000+00:00,283.4613848469199,286.8587116425149,279.488706283625,282.8790537545937,2056.770417608117
2025-08-06 23:58:47.736000+00:00,281.85006671474514,284.11410605465977,279.40139038555185,281.66393456703076,1343.7046384448086
2025-08-07 00:58:47.736000+00:00,281.20570063030124,286.2582020036542,276.5562803776977,281.60222565535975,1284.1062138238642
2025-08-07 01:58:47.736000+00:00,282.6224534136612,284.9031362618591,279.7804298862153,282.05654602265787,1652.8263324842726
2025-08-07 02:58:47.736000+00:00,282.1346320882651,283.76511612623233,280.3391438217356,281.96866874104904,1425.6891491331273
2025-08-07 03:58:47.736000+00:00,281.36197124668564,286.1185673380935,276.13341295308646,280.88189302879874,542.2854770678558
2025-08-07 04:58:47.736000+00:00,281.7945513664749,285.09086106647015,278.41969890524416,281.7150789718451,2168.005865510759
2025-08-07 05:58:47.736000+00:00,281.6306148968185,283.8427139436855,279.3994569238548,281.6114050851152,1250.5450175637825
2025-08-07 06:58:47.736000+00:00,281.6476552750404,283.026300269239,280.04391905694195,281.42145682601875,1534.1328777555505
2025-08-07 07:58:47.736000+00:00,281.94228377077485,285.066251892529,278.834432537682,281.9582249398481,2204.5619645352567
2025-08-07 08:58:47.736000+00:00,281.3369103517331,283.6934038715677,278.9412178778556,281.2973802917214,1456.3229400270488
2025-08-07 09:58:47.736000+00:00,281.4206095652477,286.6121916835535,275.8850517888498,281.07016906205155,1972.1054449643818
2025-08-07 10:58:47.736000+00:00,279.85310629676263,281.9179970552781,277.8551416998965,279.9195580372888,1471.7077219896473
2025-08-07 11:58:47.736000+00:00,280.3093891159679,282.8855337012965,277.3376110135286,279.910085857611,1091.0050715673356
2025-08-07 12:58:47.736000+00:00,280.08929864482195,285.1509291819719,275.19774333216634,280.25645461226316,851.293858830415
2025-08-07 13:58:47.736000+00:00,279.1233443069992,283.0852065564946,275.68020691408645,279.6357483822224,1024.3563537307002
2025-08-07 14:58:47.736000+00:00,279.78274233770617,281.93504053288206,277.7274423544306,279.8790331915024,1121.2082098293215
2025-08-07 15:58:47.736000+00:00,280.81893389209995,282.9764957503359,278.7950223540498,280.951627863453,1483.192376844976
2025-08-07 16:58:47.736000+00:00,280.87620455505555,284.1969582405185,277.4786334504959,280.7984680701406,1153.1614002655876
2025-08-07 17:58:47.736000+00:00,279.8956753410827,285.202923453354,274.9386501865519,280.23980369621563,1863.938577571199
2025-08-07 18:58:47.736000+00:00,279.4964142611441,284.70070983140175,274.46625573336604,279.667472726742,1542.651092554598
2025-08-07 19:58:47.736000+00:00,279.79171598061146,282.448556271182,276.5501241818594,279.20135856893967,2308.283466189499
2025-08-07 20:58:47.736000+00:00,279.54195192374345,281.31173396520705,278.0073791294539,279.7758770163192,1319.1518200330681
2025-08-07 21:58:47.736000+00:00,280.1580318873028,283.9212904451758,276.5849357500427,280.34579954560934,1820.026456340833
2025-08-07 22:58:47.736000+00:00,281.4203411902771,284.90946487856,277.7609124361277,281.2478981298201,824.8701084858942
2025-08-07 23:58:47.736000+00:00,281.576381196824,285.313322775542,278.00117892400743,281.73609263134904,1129.8544181337554
2025-08-08 00:58:47.736000+00:00,282.87188744202666,285.6563616517343,279.4861461900129,282.26464293521,1206.8144645760103
2025-08-08 01:58:47.736000+00:00,282.48140841024156,286.1887984728396,279.15778481828175,282.86071206478914,1509.7896132037215
2025-08-08 02:58:47.736000+00:00,283.1572476036638,286.84865320228676,279.72498382641106,283.4132858812847,2296.7330431687637
2025-08-08 03:58:47.736000+00:00,284.1818960220548,286.1369002553982,281.672617878973,283.6237826205051,3478.078858113781
2025-08-08 04:58:47.736000+00:00,282.98253162064765,286.7619958934811,279.07792851999216,282.8556988367621,998.6803691559343
2025-08-08 05:58:47.736000+00:00,283.2529401711806,285.9426489254764,280.1465101015597,282.83222382427465,1559.6360608446362
2025-08-08 06:58:47.736000+00:00,283.367222861619,288.3007399525132,278.03991293801516,282.966452484057,2514.136196074302
2025-08-08 07:58:47.736000+00:00,282.94083437887923,285.141315337671,280.5661771670077,282.76529290870934,1929.6441064962535
2025-08-08 08:58:47.736000+00:00,281.4874923834697,287.6733678625047,275.513314600256,281.6947904677866,1053.5304974845453
2025-08-08 09:58:47.736000+00:00,282.04924272263764,285.86687636266254,278.61789253450837,282.43088321866077,2113.427840870221
2025-08-08 10:58:47.736000+00:00,282.80699756983216,285.5630816785341,280.3198131084535,283.0735529596605,1275.4086729597602
2025-08-08 11:58:47.736000+00:00,282.52643042241135,284.5883721977893,280.21702393075617,282.27714637478533,1068.2228584204522
2025-08-08 12:58:47.736000+00:00,281.7523484626289,282.354403961648,281.24321987074785,281.84510775303846,1585.3696578674794
2025-08-08 13:58:47.736000+00:00,281.8827684877861,284.4597537244134,278.47442544526325,281.04374024711757,2111.430710445873
2025-08-08 14:58:47.736000+00:00,280.9187253435194,283.6418360535061,278.26507096852293,280.98753171003455,1017.819190625607
2025-08-08 15:58:47.736000+00:00,280.9311648224442,285.2287547548253,276.4275710119445,280.7219606090337,1595.484596641681
2025-08-08 16:58:47.736000+00:00,281.7010128192793,286.5518625420126,276.4858111231349,281.3302768269844,1277.7330191623187
2025-08-08 17:58:47.736000+00:00,281.6100853505367,286.038434774079,276.8011708394384,281.22344022606757,618.2528682007938
2025-08-08 18:58:47.736000+00:00,282.06581904428396,286.1188345796372,277.6834303283848,281.7316440898599,1265.8254182790931
2025-08-08 19:58:47.736000+00:00,280.8762562818712,284.2696082002519,277.7384488788027,281.1289775233584,1453.053448878719
2025-08-08 20:58:47.736000+00:00,281.50111943174295,284.67967449720646,278.16623364381053,281.34300334986233,1541.5065452188376
2025-08-08 21:58:47.736000+00:00,282.7545302894898,286.5988474367815,278.94588466063396,282.7897277059329,1615.72188867492
2025-08-08 22:58:47.736000+00:00,282.0398454100694,282.5720861734755,281.5783838543594,282.11050900101435,2755.8016130595415
2025-08-08 23:58:47.736000+00:00,282.9328997439822,286.73876861302045,278.5439578868743,282.34187661462124,1020.3180050379623
2025-08-09 00:58:47.736000+00:00,282.1240763262705,285.8415574346903,278.67896953970234,282.3931647241493,187.83033531882361
2025-08-09 01:58:47.736000+00:00,281.879565363005,286.0016711170784,277.9894798757275,282.10842721647765,1317.2421064559535
2025-08-09 02:58:47.736000+00:00,281.5343195714224,284.37033310875916,278.6824308668246,281.5182828596228,1772.1364860380481
2025-08-09 03:58:47.736000+00:00,280.92668674427983,283.6021363234568,278.3072445067909,280.9821766816324,224.40329824851204
2025-08-09 04:58:47.736000+00:00,282.2641481353153,287.56519852851534,276.5104184079829,281.8028045568062,1970.3934116152086
2025-08-09 05:58:47.736000+00:00,281.0197615282029,284.1099451362624,277.81679289704755,280.90572249525246,1868.8735637881473
2025-08-09 06:58:47.736000+00:00,282.1035414759796,286.96935557885996,276.7498911248506,281.60714318778383,2152.670757927117
2025-08-09 07:58:47.736000+00:00,280.61438363995484,283.4870881999059,278.0356425881591,280.90567033253757,2002.5943604494594
2025-08-09 08:58:47.736000+00:00,280.6752231793632,283.80596288773734,277.46411645394625,280.5939496113836,1812.247038467313
2025-08-09 09:58:47.736000+00:00,281.21657153108515,284.47989746080646,278.0743756007462,281.3363630305348,798.8134077853022
2025-08-09 10:58:47.736000+00:00,281.55681074895,287.313065669871,275.42475972549454,281.17317137663684,1081.1232795098315
2025-08-09 11:58:47.736000+00:00,279.8387350781748,282.0361249614144,278.0258599386116,280.2207748591869,1284.1836581911493
2025-08-09 12:58:47.736000+00:00,281.895039496981,285.50152723500094,277.49471912086705,281.0909191641283,1058.8584362334143
2025-08-09 13:58:47.736000+00:00,281.30607045959937,283.2952661712526,279.262013410611,281.2508184192784,1659.592519250784
2025-08-09 14:58:47.736000+00:00,283.5085449723981,286.55011248852645,279.68726499886816,282.7203768026561,492.2467283695154
2025-08-09 15:58:47.736000+00:00,282.42962344783814,283.54992648926896,280.95033292294073,282.0692063111735,1950.7952098857295
2025-08-09 16:58:47.736000+00:00,282.20323566319155,285.22712355040426,279.62499197777356,282.6448452650121,1392.9508721432364
2025-08-09 17:58:47.736000+00:00,283.15893975544844,287.9514232030454,278.27575333953126,283.0666752035952,1756.42623452263
2025-08-09 18:58:47.736000+00:00,282.9437752997243,286.5428058552755,279.78185551977873,283.3760553109265,1177.434596553972
2025-08-09 19:58:47.736000+00:00,282.92369892409124,286.271592248747,279.66245377517544,283.0093596930908,2013.7665292198403
2025-08-09 20:58:47.736000+00:00,281.70435532202384,284.17210134554,279.207261122884,281.6747477826875,1416.5660341162527
2025-08-09 21:58:47.736000+00:00,280.9969976277167,283.6409354473327,278.25613203261724,280.89914918331175,1564.7403586855003
2025-08-09 22:58:47.736000+00:00,281.01225402343334,283.8548204366753,278.3671303349169,281.20785558177533,1778.4204303181477
2025-08-09 23:58:47.736000+00:00,281.9051518584233,282.47096254525724,281.2179703960934,281.78353699021864,1611.323568738678
2025-08-10 00:58:47.736000+00:00,281.5482778372287,284.5980199640803,278.3846818851815,281.43317723776875,2066.9290679867263
2025-08-10 01:58:47.736000+00:00,281.4739454719089,285.26838906496465,277.80452205211463,281.59735679852776,1778.5472322231474
2025-08-10 02:58:47.736000+00:00,281.4680292974115,285.28281876728283,277.6656850845591,281.48030867267266,1721.2525959428142
2025-08-10 03:58:47.736000+00:00,281.9697485370605,288.1263354725888,275.6380287319581,281.79070642424887,1737.5803982230748
2025-08-10 04:58:47.736000+00:00,282.607160414963,286.8400679664974,278.47561261568075,282.7070596993768,1130.7931838956401
2025-08-10 05:58:47.736000+00:00,282.49296743137796,286.54910614841054,278.29397966614994,282.3480374244324,1323.4454190494853
2025-08-10 06:58:47.736000+00:00,281.984200493503,285.69654130965847,278.5408962295965,282.2499914765897,1973.8857719092962
2025-08-10 07:58:47.736000+00:00,282.7172766368191,286.6639304506558,279.18271771832883,283.1242830977638,1498.542301590589
2025-08-10 08:58:47.736000+00:00,282.2618477395722,286.3037900164905,278.9233250754793,282.9570447358916,1371.3603532558684
2025-08-10 09:58:47.736000+00:00,283.0570515715088,286.44479962760727,279.2557734916022,282.63851229027887,1575.7218541295572
2025-08-10 10:58:47.736000+00:00,281.0084397794931,283.8547172617863,278.4928757517097,281.33621898202244,2161.41455227293
2025-08-10 11:58:47.736000+00:00,279.8168112608911,282.41205251603503,277.51338506427265,280.1062437379456,1263.248838389725
2025-08-10 12:58:47.736000+00:00,280.2590346155753,281.2658133499294,279.0430045148568,280.04902884232126,1011.7557674892453
2025-08-10 13:58:47.736000+00:00,280.065988880507,281.7694954114093,278.0438036728371,279.7453599725066,1853.5152673487285
2025-08-10 14:58:47.736000+00:00,279.51306372058565,283.9849705238785,275.338608612203,279.80613842086296,1215.5041463259583
2025-08-10 15:58:47.736000+00:00,280.859879506944,285.8810669939376,275.71544331615445,280.7343872641987,1907.133395309479
2025-08-10 16:58:47.736000+00:00,280.59999350281134,286.08132506644546,274.8643099700219,280.34057394766614,890.1439294921361
2025-08-10 17:58:47.736000+00:00,279.82996111914605,282.0198203633832,277.4880068353896,279.6766664448261,2469.6300916865594
2025-08-10 18:58:47.736000+00:00,279.2556698401041,281.86583076318163,276.7115477289759,279.32111244578766,1273.0880651402686
2025-08-10 19:58:47.736000+00:00,280.13155007124516,282.41578170629396,277.9179706835758,280.20164840661346,2335.0993699748474
2025-08-10 20:58:47.736000+00:00,281.08961366605376,284.8644473724001,276.70442845533483,280.47095400215306,1384.619714789927
2025-08-10 21:58:47.736000+00:00,281.0765651961273,282.2052303548082,279.91962377841213,281.04817493577923,2182.9171190025113
2025-08-10 22:58:47.736000+00:00,282.3019860589392,287.6993730000973,276.34050047273,281.72689207950214,1952.4410192248974
2025-08-10 23:58:47.736000+00:00,281.0718283205342,283.50223935728786,278.72857866159836,281.1582690561395,1545.6522214607674
2025-08-11 00:58:47.736000+00:00,280.3676874406533,282.17891999832153,278.4206462929372,280.2309957946374,1189.495445158153
2025-08-11 01:58:47.736000+00:00,281.00423743705954,284.69435731800434,276.9663301663805,280.6518221647908,1370.670871753665
2025-08-11 02:58:47.736000+00:00,281.9979722749401,284.52062501756234,279.40298095676263,281.92498074331587,2310.0702813680714
2025-08-11 03:58:47.736000+00:00,282.3733334882171,283.77628806741404,280.53727520177904,281.9380671870694,2765.9421927611656
2025-08-11 04:58:47.736000+00:00,282.4904466073045,286.31492317090687,278.53412792014274,282.3567950517877,391.19259844853707
2025-08-11 05:58:47.736000+00:00,282.64281249359396,283.1113478302802,281.7086325406617,282.176394699299,973.4321263315837
2025-08-11 06:58:47.736000+00:00,283.3321403904894,287.6749775800774,278.49747129859577,282.8326524746669,1296.9363970225286
2025-08-11 07:58:47.736000+00:00,282.368836144453,285.9974973756944,278.90894681614196,282.53556510329196,1572.024991665865
2025-08-11 08:58:47.736000+00:00,282.4935656363377,285.4550327666109,279.45808916381304,282.4187722115584,2024.950661976218
2025-08-11 09:58:47.736000+00:00,281.41988595542114,282.5872209734735,280.2805918251918,281.4478137808446,896.3591711789431
2025-08-11 10:58:47.736000+00:00,281.84077978464734,283.9735755170154,279.55494610351116,281.6865749092892,1811.9076150445035
2025-08-11 11:58:47.736000+00:00,281.93686844016275,283.9050247937877,279.77343016961925,281.740213707894,2202.614325912624
2025-08-11 12:58:47.736000+00:00,282.13559189751766,284.0453708806229,280.09307411500276,282.00194846421044,1657.4384077726465
2025-08-11 13:58:47.736000+00:00,281.229552563289,285.8189138889387,276.7715332702379,281.35884506565606,1602.3207364796872
2025-08-11 14:58:47.736000+00:00,281.8634673031905,283.226246613787,280.4204858525596,281.7828755105749,481.0988787690136
2025-08-11 15:58:47.736000+00:00,281.1494595394946,284.22647856035786,278.2866577367449,281.36151747957103,1760.6115170005703
2025-08-11 16:58:47.736000+00:00,282.37112688654787,284.78174973345216,279.1498100410402,281.5534523408792,3185.4224944428724
2025-08-11 17:58:47.736000+00:00,283.0001531852982,287.2041801020221,278.6045807995281,282.80571936081316,1308.7307181579838
2025-08-11 18:58:47.736000+00:00,283.12566299613496,285.46373210425367,280.8872708195928,283.22455806307306,1838.9086437477195
2025-08-11 19:58:47.736000+00:00,282.9811949515677,285.04120945031,280.6205225847565,282.678332338501,2341.3408538994872
2025-08-11 20:58:47.736000+00:00,283.6320200752914,285.34942639133743,281.28423163891875,282.99779770624355,1189.167273658761
2025-08-11 21:58:47.736000+00:00,282.99099422674846,284.24467567647844,281.66847731210675,282.9218524561345,966.9531700072118
2025-08-11 22:58:47.736000+00:00,283.9856628865129,287.6710335232402,280.5757267995173,284.2578294174785,728.8103715759166
2025-08-11 23:58:47.736000+00:00,283.3416864209662,285.4620909431303,281.1788074330945,283.29889169838276,970.3321678548074
2025-08-12 00:58:47.736000+00:00,282.7540044907628,284.74173566477145,281.259501660715,283.2446395716566,1644.9259388961489
2025-08-12 01:58:47.736000+00:00,282.63397047733014,286.75418538201694,278.58040221117795,282.6996747773864,1138.351290905087
2025-08-12 02:58:47.736000+00:00,282.57324840051854,286.90040046914925,277.5188238814796,281.83466575194495,1108.3997381748497
2025-08-12 03:58:47.736000+00:00,281.6008324248717,285.0084319551189,278.6084278502428,282.0116617416657,929.6930283804744
2025-08-12 04:58:47.736000+00:00,282.3688205918993,286.3522113080691,278.7211382689204,282.70024756230856,1536.9315948391293
2025-08-12 05:58:47.736000+00:00,283.280643036601,285.64930551488146,280.46750450354756,282.83241913970556,1237.3207597642152
2025-08-12 06:58:47.736000+00:00,283.1530618451054,287.1386291069837,278.5438192781222,282.5204825668435,1662.3462272899988
2025-08-12 07:58:47.736000+00:00,282.9689881164541,287.9162769143019,278.0707343601416,283.0171887939443,1843.0050788746346
2025-08-12 08:58:47.736000+00:00,282.9411897254583,286.95738063269135,279.2313676385637,283.24359353688493,2058.690572926314
2025-08-12 09:58:47.736000+00:00,283.1118609714737,286.27849381487596,279.65402526951567,282.8173641380852,1694.9980141293677
2025-08-12 10:58:47.736000+00:00,282.75720946646373,283.9636683810448,282.09533962651193,283.3005267597981,1046.7464872528358
2025-08-12 11:58:47.736000+00:00,283.9559718472151,289.5057759782811,278.57466000164754,284.1213303867951,168.4642109848669
2025-08-12 12:58:47.736000+00:00,283.78647143096634,288.2216297928692,279.36777519532205,283.80268116364044,773.873457683658
2025-08-12 13:58:47.736000+00:00,283.17842762377387,287.05433404725164,279.2537725633516,283.12900249757234,1950.8360463269498
2025-08-12 14:58:47.736000+00:00,283.1527510874885,286.37108961994835,279.7352530682627,282.9513019120611,1592.6238447606302
2025-08-12 15:58:47.736000+00:00,282.3595291795536,284.7136921215045,279.73416575108973,282.0860485576855,2169.1140846256635
2025-08-12 16:58:47.736000+00:00,281.19085092183957,286.14130717317073,277.3112641623482,282.2471467134547,1796.4182866822318
2025-08-12 17:58:47.736000+00:00,282.2464620994571,285.77391721286887,279.0339104355547,282.5578216300432,661.3000491530493
2025-08-12 18:58:47.736000+00:00,283.84650486912494,286.15064329160015,280.9785525377755,283.2780767158407,1326.3340537713982
2025-08-12 19:58:47.736000+00:00,282.72569205673284,288.0710321111759,277.3935295629959,282.7386256911102,1600.0269494986765
2025-08-12 20:58:47.736000+00:00,282.1224706959255,286.6564572073393,277.5069764437476,282.0396316499444,1868.3344318386996
2025-08-12 21:58:47.736000+00:00,282.1962206992584,284.12151364082246,280.1154000855604,282.03962464542764,1494.0950500591082
2025-08-12 22:58:47.736000+00:00,280.9688907715905,282.8356424193141,279.05818783948496,280.9246455226664,2761.004541892383
2025-08-12 23:58:47.736000+00:00,280.59072266550555,283.35838441733137,277.79157142849886,280.558919483386,1440.5327088231372
2025-08-13 00:58:47.736000+00:00,281.24866776323324,284.96707773875875,277.6846952948677,281.40117273318856,1892.3680304657435
2025-08-13 01:58:47.736000+00:00,282.43094982345576,286.40318619093995,278.7244158212893,282.69321036480017,1621.5601440801518
2025-08-13 02:58:47.736000+00:00,282.7924878193202,287.44579013804236,278.359254395273,283.00916002384076,1219.8309623219336
2025-08-13 03:58:47.736000+00:00,281.42155989251535,286.1393849875558,276.9484014050687,281.6623984038136,1929.4636941971644
2025-08-13 04:58:47.736000+00:00,281.74880867280723,284.00346045631727,279.101179905754,281.3526615827163,1942.9930346741025
2025-08-13 05:58:47.736000+00:00,281.23537065463165,283.396004505096,279.5220324409279,281.67995778386677,2221.6781225086343
2025-08-13 06:58:47.736000+00:00,281.97662780413003,283.45109469058684,280.0311836805881,281.50317486297865,1190.0378616679743
2025-08-13 07:58:47.736000+00:00,282.0829715145215,286.69462350907946,277.17837968297846,281.7851629343962,1563.029582207325
2025-08-13 08:58:47.736000+00:00,281.7238698186387,282.11851478561056,281.30693405900064,281.7015477567393,978.3928020677325
2025-08-13 09:58:47.736000+00:00,282.5748221227828,284.0969003269069,280.94572630685457,282.46722494298695,1270.3674887064005
2025-08-13 10:58:47.736000+00:00,283.0032980299498,286.7952846114026,279.62402625917014,283.41114286718124,705.578040610221
2025-08-13 11:58:47.736000+00:00,283.5482371162229,285.4619568163631,281.6835167796156,283.59691634674414,1994.2610756781012
2025-08-13 12:58:47.736000+00:00,283.801199392653,286.93562883520906,280.60014906928797,283.73383450338747,874.1466811320332
2025-08-13 13:58:47.736000+00:00,283.69881914741603,286.21854848223194,281.52943661996557,284.0465072601873,1713.6614911541033
2025-08-13 14:58:47.736000+00:00,284.1616688699853,285.4013717816699,282.44079583450895,283.6783903626983,1343.2305412415872
2025-08-13 15:58:47.736000+00:00,284.6701713715304,286.8893252492029,282.18053695764206,284.3975657308058,1277.017649705482
2025-08-13 16:58:47.736000+00:00,285.2688176826848,289.54301508811363,280.9917976260976,285.26595209629784,1074.3308007288765
2025-08-13 17:58:47.736000+00:00,285.48636498256934,289.16492410063694,282.07652140236763,285.75190886942516,1464.049751900838
2025-08-13 18:58:47.736000+00:00,285.5248053041082,289.44169502788446,281.60489514025636,285.5217428526756,1650.941946341171
2025-08-13 19:58:47.736000+00:00,286.15921581600645,289.0583652097936,282.7364856077649,285.6302761840526,31.12743802127644
2025-08-13 20:58:47.736000+00:00,284.05633525650427,287.85758873532,280.5701621527894,284.3675955886646,1401.8243838875383
2025-08-13 21:58:47.736000+00:00,284.2898822553869,288.70554192373964,279.8087264555862,284.22335277180173,1568.257102610836
2025-08-13 22:58:47.736000+00:00,284.26830976331274,288.7791983876054,279.74327887242214,284.25393946276574,1535.8791816790642
2025-08-13 23:58:47.736000+00:00,283.6843865819739,288.43419177685064,278.39742871797745,283.13808707087594,1219.169960510389
2025-08-14 00:58:47.736000+00:00,283.94672120885923,287.106892547049,280.40642589592943,283.56231904881975,2296.1118053889904
2025-08-14 01:58:47.736000+00:00,283.04115164171736,286.19799067118794,279.76851315882493,282.9240460763854,1563.7036877595262
2025-08-14 02:58:47.736000+00:00,282.5750825700033,285.9958229904109,278.81486752009886,282.2314480389341,1312.5485200515345
2025-08-14 03:58:47.736000+00:00,282.7902886728896,286.8431154043722,278.78616302756114,282.83830981111487,1845.9411933339672
2025-08-14 04:58:47.736000+00:00,284.3266395978208,286.5464680914491,281.93237558932265,284.15083149316945,1199.6460663592416
2025-08-14 05:58:47.736000+00:00,283.57756497759897,285.6565920479858,281.7687782334855,283.8460925130645,2316.419539815626
2025-08-14 06:58:47.736000+00:00,283.85070534915934,288.29830535320053,279.6232598014079,284.06762911623105,1689.7950543728064
2025-08-14 07:58:47.736000+00:00,283.96624855071576,288.41399186593253,279.44198412552805,283.8885098245621,1303.1714954325996
2025-08-14 08:58:47.736000+00:00,283.43780290230836,287.37753031096264,279.54115696293496,283.4803001282693,1607.1145879871524
2025-08-14 09:58:47.736000+00:00,283.2935324092903,287.0910348127302,279.1867603590291,282.9800607270157,2026.9419804682002
2025-08-14 10:58:47.736000+00:00,283.49352690516974,285.5148292019054,281.4152233407482,283.43611630120404,882.240641772651
2025-08-14 11:58:47.736000+00:00,283.867996387825,286.9416720239935,281.3618881930951,284.43059695064824,2762.908437371822
2025-08-14 12:58:47.736000+00:00,285.1638467169775,285.87878276399744,284.3078817499032,285.022463333767,970.6912091946273
2025-08-14 13:58:47.736000+00:00,285.47872548521616,290.42039962436485,280.1981052288838,285.1338088152879,1658.9927937247173
2025-08-14 14:58:47.736000+00:00,284.50922778977514,288.13213391794375,281.2004376341142,284.8197326477147,897.3562135977331
2025-08-14 15:58:47.736000+00:00,283.36907579005253,283.9811595714202,283.0335655797016,283.6453222840266,1545.0507858908074
2025-08-14 16:58:47.736000+00:00,283.5131342179021,286.88247579557503,280.1585631115116,283.52773196637446,1636.453421494202
2025-08-14 17:58:47.736000+00:00,284.6543154901809,287.28598434038673,281.385295466977,284.01101693228804,246.81530165631932
2025-08-14 18:58:47.736000+00:00,285.02561215558353,287.6628861042988,281.8229588828305,284.4549526554171,1971.2065666789472
2025-08-14 19:58:47.736000+00:00,285.4859115214357,290.1070366560777,280.8362682350258,285.456924154749,877.8649060674329
2025-08-14 20:58:47.736000+00:00,284.2990918901392,284.9956561083169,283.31859551752746,284.01446236188133,2107.785841043794
2025-08-14 21:58:47.736000+00:00,284.101537454268,289.82700675079997,278.41998599069814,284.1445942244639,1673.5638384609513
2025-08-14 22:58:47.736000+00:00,283.62592702647464,288.1098880179142,279.7074782672341,284.18373286310066,1404.3819677820418
2025-08-14 23:58:47.736000+00:00,282.6419830194811,284.8217428071513,280.52528339024593,282.7045744321953,1682.1041158431642
2025-08-15 00:58:47.736000+00:00,281.9324861469591,283.4535337816461,280.54117339550425,282.0615839435856,1048.5556528883674
2025-08-15 01:58:47.736000+00:00,282.83087354437015,285.7246120792261,280.02770580677725,282.9205554940165,1535.8615289686752
2025-08-15 02:58:47.736000+00:00,281.06433417906214,284.94742351480943,277.56195293013167,281.4403565988902,1421.0553921350643
2025-08-15 03:58:47.736000+00:00,281.03892763033485,283.72097710162564,278.2064646503844,280.88706484377684,1904.9849246423948
2025-08-15 04:58:47.736000+00:00,281.05394004604074,284.47811700434943,277.808785704811,281.2309191953969,645.4029433704098
2025-08-15 05:58:47.736000+00:00,281.4500683911877,286.00244144229964,277.204952991651,281.7527605328687,1113.1891596934925
2025-08-15 06:58:47.736000+00:00,282.34285097094914,284.9526926345839,279.794687946342,282.4039779350567,2114.035292749172
2025-08-15 07:58:47.736000+00:00,282.8284137582816,285.7643393355393,279.6357611657406,282.5689938110963,1019.7244822248738
2025-08-15 08:58:47.736000+00:00,283.8929082661101,285.2567191844152,281.9565843115871,283.31763162240185,1518.547680122594
2025-08-15 09:58:47.736000+00:00,284.36273528561236,285.21770929944415,283.52296408730194,284.3778933368476,563.6033529818259
2025-08-15 10:58:47.736000+00:00,283.52203129044494,287.78952077566447,278.8992664090089,283.1613266753949,1787.4515019295343
2025-08-15 11:58:47.736000+00:00,283.06852497018957,285.7854583547253,280.29158167075354,283.0079334893339,1817.0867991072575
2025-08-15 12:58:47.736000+00:00,283.4019509117528,287.1849667697953,280.14049939639756,283.91758126774556,2262.0910729836023
2025-08-15 13:58:47.736000+00:00,283.2958455137392,285.84857192928854,280.7462487359682,283.29894723673135,921.7215496069649
2025-08-15 14:58:47.736000+00:00,282.6346665553978,287.29654091863557,277.7668597109487,282.42528038597777,1286.984135719803
2025-08-15 15:58:47.736000+00:00,282.9189163032701,284.95194310881027,281.3048808583408,283.335530902585,1480.8777688280495
2025-08-15 16:58:47.736000+00:00,284.87408882305624,287.8679929055811,281.58040246447166,284.57112250133196,1901.796764669773
2025-08-15 17:58:47.736000+00:00,284.2294261918949,287.55158299662907,281.07362436765476,284.3939544140878,2013.0194376759378
2025-08-15 18:58:47.736000+00:00,284.5810651928224,287.10569688545934,281.98289929379325,284.50687279620337,1551.4130360858198
2025-08-15 19:58:47.736000+00:00,284.10496075901983,285.10998539449656,283.3001730521574,284.30463207617476,1462.1695149070035
2025-08-15 20:58:47.736000+00:00,284.6857822235774,289.0559040107209,280.08609648111815,284.45263936567335,1959.1466047262497
2025-08-15 21:58:47.736000+00:00,284.92008479596404,292.79301818779714,277.641295468304,285.49942849690376,1838.198410480697
2025-08-15 22:58:47.736000+00:00,286.497171560053,288.64068418681745,284.5892829701606,286.7312368711135,1076.5615825537632
2025-08-15 23:58:47.736000+00:00,286.94135818146736,291.05883174767166,282.94028709339136,287.0561598803934,1151.200313642574
2025-08-16 00:58:47.736000+00:00,287.86389387933957,289.6632274699405,285.7769348631669,287.57445930240283,1886.8354047092882
2025-08-16 01:58:47.736000+00:00,286.7623458701118,290.1411501104101,283.3164977241648,286.6945025947065,1483.2925319031963
2025-08-16 02:58:47.736000+00:00,287.88243098096575,292.3013643825143,283.53260149787496,287.9505062988801,732.4587406761788
2025-08-16 03:58:47.736000+00:00,288.2743146257815,290.95577348814993,285.76982195364076,288.44975659720257,1401.7629377152011
2025-08-16 04:58:47.736000+00:00,288.0593769906781,290.22140407013995,285.6615844349808,287.82182859709764,358.1169654777417
2025-08-16 05:58:47.736000+00:00,287.2324815190493,290.15864076539617,284.3469302107937,287.2726855653599,1546.1396485788466
2025-08-16 06:58:47.736000+00:00,286.31160278683626,288.8274208090312,283.6726494921046,286.1873759338236,741.4866737625078
2025-08-16 07:58:47.736000+00:00,284.4772213729595,287.792841528709,281.52419935855124,284.83609422679746,1610.101119053683
2025-08-16 08:58:47.736000+00:00,284.3115559659902,290.56730184003396,278.51363278281764,284.7602289358631,1429.275814427524
2025-08-16 09:58:47.736000+00:00,285.1872258633908,288.0381988253054,282.23577742563657,285.0857358070218,1026.6536508820448
2025-08-16 10:58:47.736000+00:00,284.1342113512497,286.6272383890244,281.7302389128625,284.22251880832056,1802.577003049106
2025-08-16 11:58:47.736000+00:00,284.4711067263423,288.95800454699054,280.3766842007708,284.85801323538607,1065.831642696855
2025-08-16 12:58:47.736000+00:00,285.55375267097685,289.60716866485393,281.58220332054503,285.63449631269367,1130.1486251730698
2025-08-16 13:58:47.736000+00:00,285.2776697895963,288.70556419542953,282.0926484582029,285.5178612142189,959.6610912658608
2025-08-16 14:58:47.736000+00:00,286.03703931150676,288.0843079090141,283.7408574050503,285.7863315984859,1426.8257195858414
2025-08-16 15:58:47.736000+00:00,287.00383447107544,292.96763623862716,280.86775273295797,286.8278986384495,2154.7455527817897
2025-08-16 16:58:47.736000+00:00,287.1739691707286,288.7866155092804,285.4832193976546,287.0954246638074,2397.8329758224068
2025-08-16 17:58:47.736000+00:00,287.45311224850286,291.00998341473047,283.87960728010677,287.43627004522597,1659.000206222846
2025-08-16 18:58:47.736000+00:00,287.05510790909443,290.6093345534693,284.24552942756463,287.792538402617,2616.0274568590303
2025-08-16 19:58:47.736000+00:00,285.9823210128973,289.09307701105274,282.6119736158017,285.71987487137716,2539.605684754581
2025-08-16 20:58:47.736000+00:00,286.13750643115833,291.34657662751385,280.9354397260532,286.14438487029764,1185.6361026551676
2025-08-16 21:58:47.736000+00:00,286.9622538402331,292.6031018626051,280.9765062195644,286.6104385711885,1872.1478440801616
2025-08-16 22:58:47.736000+00:00,285.8696231658173,289.09363247820426,282.9795760361994,286.2002428927415,2142.2764209245356
2025-08-16 23:58:47.736000+00:00,284.74263517211466,289.2774771789478,280.499964461847,285.030517023587,1223.2655069326706
2025-08-17 00:58:47.736000+00:00,284.88422216857373,290.28049797424126,279.65470161074256,285.04797152641504,1208.2277063405731
2025-08-17 01:58:47.736000+00:00,285.6075652880235,292.8708345523073,278.3613827171851,285.624229199445,1693.15011403384
2025-08-17 02:58:47.736000+00:00,286.58949744803084,289.4167491459021,283.70783998777284,286.534549616407,1998.5328651426566
2025-08-17 03:58:47.736000+00:00,286.9807255757215,290.3718785927661,283.41967151991986,286.8087928669881,1184.708111062924
2025-08-17 04:58:47.736000+00:00,285.40096641174114,287.3309988763607,283.40587693870754,285.3354664579551,1306.9760242065386
2025-08-17 05:58:47.736000+00:00,285.58780110113804,286.7806049527783,284.2622628879822,285.45451002779845,789.2736610531397
2025-08-17 06:58:47.736000+00:00,284.46759429963595,287.0585079338341,282.2948584765043,284.8826023198006,621.6790703739139
2025-08-17 07:58:47.736000+00:00,284.26469210586566,287.25082036220516,281.5835119423602,284.5667908084264,1231.203118360616
2025-08-17 08:58:47.736000+00:00,285.32960396774143,287.6521870426907,282.7884779528384,285.1092674887727,1263.6461505721252
2025-08-17 09:58:47.736000+00:00,285.53115861253127,289.79483257911244,280.9454808612932,285.20427364100163,1904.100478403967
2025-08-17 10:58:47.736000+00:00,284.84588940661985,285.19380810749203,283.7886025947342,284.13565379405264,1931.5462977827506
2025-08-17 11:58:47.736000+00:00,285.0955113343604,287.6969382521617,282.46600612744527,285.06717447835564,1068.7849602690085
2025-08-17 12:58:47.736000+00:00,284.1070528641723,287.4727964812017,281.44036296367244,284.79960612683254,1780.351715273369
2025-08-17 13:58:47.736000+00:00,285.2948818192901,289.3039364388315,281.11855814253533,285.1252287429699,993.4752002414016
2025-08-17 14:58:47.736000+00:00,285.3899616055946,288.3886381466902,282.8553700818773,285.8499612959713,1564.02541014027
2025-08-17 15:58:47.736000+00:00,284.65115986864123,286.23976474631576,282.9052385748237,284.492960560637,1536.482986463567
2025-08-17 16:58:47.736000+00:00,284.8043338116116,286.05883677210517,282.99904878711584,284.25111493525867,1367.4793262259427
2025-08-17 17:58:47.736000+00:00,283.76021902815506,285.815252079477,281.9675920008084,284.0209777348746,1689.9450329498848
2025-08-17 18:58:47.736000+00:00,284.08917445813114,287.15421532362853,280.7389964206032,283.8009273856327,942.0979295164601
2025-08-17 19:58:47.736000+00:00,282.39718647975536,286.02198553541547,279.13117418946763,282.75187120471674,1225.8902686241636
2025-08-17 20:58:47.736000+00:00,282.76253301558745,287.4600121781568,278.32316989261074,283.0166592805893,1775.896494445763
2025-08-17 21:58:47.736000+00:00,282.19403908489664,285.30661792539405,278.7911599797341,281.9005011187361,1168.5740928790349
2025-08-17 22:58:47.736000+00:00,283.02186037390993,286.13636618259557,279.29006128897197,282.3976985268137,1641.3545601360213
2025-08-17 23:58:47.736000+00:00,282.3978462579724,284.6286740407317,279.98398971755887,282.21336013520846,1861.7844299599806
2025-08-18 00:58:47.736000+00:00,281.15646456464236,284.9949664109946,277.4520617934138,281.2888197814742,1687.0587509975223
2025-08-18 01:58:47.736000+00:00,281.4131877081992,285.66720950118497,277.0749997268649,281.3277296816454,269.708317038994
2025-08-18 02:58:47.736000+00:00,281.7143103168655,287.61757837043365,275.9330897158172,281.8339035286374,1513.9780862096352
2025-08-18 03:58:47.736000+00:00,281.91126391396074,283.44600942314486,280.334614727286,281.869130861053,1389.857174034955
2025-08-18 04:58:47.736000+00:00,282.1474275455796,284.1999924871286,280.4905293637681,282.540784335118,648.543902491884
2025-08-18 05:58:47.736000+00:00,281.1670696175149,283.82443029534517,278.6140839237474,281.27050540874967,2074.7762149691116
2025-08-18 06:58:47.736000+00:00,281.8917582739011,287.1714175180587,276.8218319810138,282.09778574579457,683.4782106500384
2025-08-18 07:58:47.736000+00:00,282.98434515181253,286.5138994228948,278.8304728584156,282.3521419029279,1989.660368675275
2025-08-18 08:58:47.736000+00:00,281.72559312179914,283.72487128763004,279.269506579337,281.2655198145392,1616.4302104547262
2025-08-18 09:58:47.736000+00:00,281.12422320331956,282.65889136915655,279.3325740361189,280.86583163222997,684.7557054176103
2025-08-18 10:58:47.736000+00:00,281.3020842532604,285.4080474115732,277.33205545504575,281.43612686404424,1524.2420811980733
2025-08-18 11:58:47.736000+00:00,281.21656820190105,283.79953165124357,278.67537541888834,281.25796479100575,835.1584913630811
2025-08-18 12:58:47.736000+00:00,281.7814228626159,284.4308205265757,279.3481935991981,281.99574059404534,1275.4458276338873
2025-08-18 13:58:47.736000+00:00,281.4229248259279,284.09717436077256,278.7164402354917,281.39038051475933,2351.0201086437996
2025-08-18 14:58:47.736000+00:00,281.35250769579835,283.0489037788442,280.0160552474103,281.7107496454962,1365.1138932616022
2025-08-18 15:58:47.736000+00:00,279.8617101551326,281.79722239751453,278.5425200347793,280.4751407363292,1894.5413430348053
2025-08-18 16:58:47.736000+00:00,278.8185833845644,280.7444778372183,277.3814618103104,279.3048498874078,1429.4255825193952
2025-08-18 17:58:47.736000+00:00,278.879221642214,280.12929808845934,277.2517226872192,278.50009971898794,1202.0720115042527
2025-08-18 18:58:47.736000+00:00,277.63229631714967,281.42319095717426,274.1272341876096,277.9145652289953,1926.5810301091499
2025-08-18 19:58:47.736000+00:00,276.5891779074006,278.8724776370993,274.5643498203358,276.8457711066309,518.4355579151658
2025-08-18 20:58:47.736000+00:00,277.2085029767033,279.52979673339416,274.698030469986,277.0177267007222,968.2376729006669
2025-08-18 21:58:47.736000+00:00,277.24066531904447,277.9134403963646,276.8252374754675,277.4976275109715,1649.6501350987596
2025-08-18 22:58:47.736000+00:00,276.4974262685087,280.60158710711295,272.26439910939223,276.3666183137008,1022.4839315403065
2025-08-18 23:58:47.736000+00:00,276.2559924884111,278.50797785789047,274.0495042320739,276.3011290903433,983.090172525379
2025-08-19 00:58:47.736000+00:00,276.6407912902693,279.31181865510905,273.696545590001,276.364909253416,827.9712067757488
2025-08-19 01:58:47.736000+00:00,276.60876860725165,278.122594681078,275.4288398263774,276.9412476458633,1424.5817358657055
2025-08-19 02:58:47.736000+00:00,275.31858110530544,277.9092480720397,273.5735946167058,276.1589353652699,1487.165387593674
2025-08-19 03:58:47.736000+00:00,278.0939233632475,281.2687867800524,274.6043750555186,277.775604378899,1164.8493217832277
2025-08-19 04:58:47.736000+00:00,276.5700537773682,279.99569980983136,273.1376372858445,276.56319840646046,1150.6311873213565
2025-08-19 05:58:47.736000+00:00,277.5429666281204,279.98424690292916,275.194550784585,277.6350518846304,1495.19874999049
2025-08-19 06:58:47.736000+00:00,278.46454751815395,280.98416323881537,275.80903836542325,278.32741326160004,1238.6841209955658
2025-08-19 07:58:47.736000+00:00,277.2359649361001,281.31129379032325,273.69396623879373,277.7625671621757,618.9652942922693
2025-08-19 08:58:47.736000+00:00,277.9269718338561,284.6155117223273,271.36897324445283,278.05450387147215,1313.9275760901453
2025-08-19 09:58:47.736000+00:00,277.4379281200077,278.6623227543475,276.2900215849083,277.5141010517914,2638.1639566491795
2025-08-19 10:58:47.736000+00:00,278.0539807637198,282.7018174792304,272.87900338997764,277.51787884489147,1057.8394823358738
2025-08-19 11:58:47.736000+00:00,277.3706292851814,280.93479448329174,273.3176319652497,276.87543398839944,2010.6990381364315
2025-08-19 12:58:47.736000+00:00,276.36195195039267,279.78059034443953,273.1075454315278,276.52427235913495,1539.9652651894573
2025-08-19 13:58:47.736000+00:00,275.9767526487932,278.73209026600625,272.8930278179855,275.64505377076506,840.3687462305277
2025-08-19 14:58:47.736000+00:00,277.34161347041174,280.93813937956213,274.190364007824,277.7818873755611,1237.1218459756622
2025-08-19 15:58:47.736000+00:00,277.3070652015877,280.2642932130869,274.21208421420096,277.16782738079144,853.6633723103495
2025-08-19 16:58:47.736000+00:00,277.16521036563626,278.46604942844436,275.7925100822257,277.0930102832866,1651.5152166795087
2025-08-19 17:58:47.736000+00:00,276.6879122347422,280.4141654787388,272.8053430809776,276.52946242577383,569.3971489060514
2025-08-19 18:58:47.736000+00:00,275.54761113733133,278.71273141876856,272.4827787287323,275.646795809182,474.25442175003155
2025-08-19 19:58:47.736000+00:00,276.2656664347219,278.87442310711197,273.5666912896964,276.1745879142161,936.4443298168061
2025-08-19 20:58:47.736000+00:00,275.48152727461303,278.97620217677235,272.62658082436946,276.11469391862596,1468.2233472152125
2025-08-19 21:58:47.736000+00:00,278.01481757506735,280.09064038600684,275.5070315014753,277.5796047564944,2303.246816942642
2025-08-19 22:58:47.736000+00:00,278.12133622263224,283.7765089791093,272.6809828729896,278.33203415071085,1384.5003961035031
2025-08-19 23:58:47.736000+00:00,277.43592281860856,281.42839330407645,273.114741265601,277.10241233377,1999.8852841147814
2025-08-20 00:58:47.736000+00:00,278.1897928401385,282.8787546647452,272.8556490558234,277.53354973093457,2438.8076006988153
2025-08-20 01:58:47.736000+00:00,277.44405907290854,281.4701303518482,273.22200805639545,277.2451935398574,725.0824616912465
2025-08-20 02:58:47.736000+00:00,278.06882951353145,281.2486684814984,275.1603331319632,278.33736333616895,1654.1041051755865
2025-08-20 03:58:47.736000+00:00,278.6571197453495,280.6891224017324,276.6637410777629,278.695469399214,1368.2675359095495
2025-08-20 04:58:47.736000+00:00,278.6627963498203,282.38602715006846,275.03559550588676,278.75759239794803,779.3006220036946
2025-08-20 05:58:47.736000+00:00,278.9598936076398,281.0028328792297,277.126599501272,279.16817000302467,1667.9754733483653
2025-08-20 06:58:47.736000+00:00,278.3237369460453,283.5375292015962,274.0240583768679,279.2239438051309,1268.5832943235869
2025-08-20 07:58:47.736000+00:00,278.92463894720686,283.2750292965881,274.3871334050318,278.73455907679636,1069.363003134741
2025-08-20 08:58:47.736000+00:00,279.3584109172862,283.09264245625275,275.4183829434915,279.14982629624274,1159.3753150221216
2025-08-20 09:58:47.736000+00:00,280.2822671313396,284.8764618213799,275.5147077781625,280.10601343855507,2183.082611410146
2025-08-20 10:58:47.736000+00:00,281.2696375685949,284.7662032768962,277.6003165184606,281.094707608466,2435.828884455145
2025-08-20 11:58:47.736000+00:00,279.8956952007147,283.19247135160936,277.17602244699,280.46724499902433,1245.8048911928674
2025-08-20 12:58:47.736000+00:00,281.5681694886437,285.23102134130136,277.7871072358911,281.4484010500532,1671.0309501001059
2025-08-20 13:58:47.736000+00:00,282.3698555118827,284.223942111137,280.08308574615415,281.93431249883446,1161.3737079345913
2025-08-20 14:58:47.736000+00:00,282.62886289684025,284.57317324698107,280.77070350509797,282.7144511504406,1577.1425640149782
2025-08-20 15:58:47.736000+00:00,283.27288735194816,285.0396332622902,281.2831284972824,283.0484747677966,459.3249072086234
2025-08-20 16:58:47.736000+00:00,282.66612079599474,285.3876110989527,279.5054453796131,282.2226661310341,273.1279354343378
2025-08-20 17:58:47.736000+00:00,282.7373859255158,285.6418459945987,279.58605046041436,282.48794814436127,2211.139460056356
2025-08-20 18:58:47.736000+00:00,281.9113842351218,285.7861987631702,277.6516719809631,281.5211224401679,1235.2706348761537
2025-08-20 19:58:47.736000+00:00,280.3714778839356,284.27375893854736,276.80799225790355,280.7060213083768,2079.518649942365
2025-08-20 20:58:47.736000+00:00,281.4149902022736,283.43020599288855,279.5154889661705,281.52992894070127,868.9076477318274
2025-08-20 21:58:47.736000+00:00,282.8514078359622,286.6548924946772,279.1574370587296,282.95950993031386,671.0640995710922
2025-08-20 22:58:47.736000+00:00,283.43574689432734,286.90154267522007,279.949916960105,283.41546473479633,816.7801127457992
2025-08-20 23:58:47.736000+00:00,284.1030587988374,288.0977902321172,279.7728114404951,283.7627579535091,508.58266602278735
2025-08-21 00:58:47.736000+00:00,284.8201815457402,286.03138791255986,283.65474104639236,284.8657609094464,1528.4000700562665
2025-08-21 01:58:47.736000+00:00,283.6729060722637,285.90214656269103,281.5909996883076,283.8191667556342,1680.4370343753737
2025-08-21 02:58:47.736000+00:00,283.40890056716864,285.1839685213611,281.6669239831567,283.44178978334367,1538.4523600725604
2025-08-21 03:58:47.736000+00:00,282.73839255378255,285.116371099026,280.99991926189637,283.37398971148616,1459.89053781311
2025-08-21 04:58:47.736000+00:00,282.67957981324895,286.56955651960874,278.9042551423424,282.7927207952999,1372.208376565803
2025-08-21 05:58:47.736000+00:00,283.28088707788055,286.253043051957,280.5488794324335,283.51874149920036,1273.5832014265843
2025-08-21 06:58:47.736000+00:00,283.06747754167225,286.42231982096285,279.79878051643203,283.15263939662515,664.1103663297123
2025-08-21 07:58:47.736000+00:00,283.36659347701044,285.5307611519306,281.42310385805155,283.5857683070561,1292.914409272468
2025-08-21 08:58:47.736000+00:00,283.85377686418923,286.2838201602783,281.8120264153203,284.23929668063636,2057.4149046636862
2025-08-21 09:58:47.736000+00:00,282.9685827446284,287.51002505459735,278.2850145866906,282.824138673162,1544.3577651246146
2025-08-21 10:58:47.736000+00:00,282.76277790315504,284.1190063056532,281.78335757760493,283.13828531530356,1761.8534238621376
2025-08-21 11:58:47.736000+00:00,282.3746561393947,286.5016244090713,278.111371540653,282.2363179672409,1781.147536803334
2025-08-21 12:58:47.736000+00:00,283.06931045422,288.4099821850741,277.94993205601145,283.28667273630515,1121.3898662897673
2025-08-21 13:58:47.736000+00:00,283.2938189030832,287.83448602032195,279.2995663241057,283.83263647545795,743.7984967019938
2025-08-21 14:58:47.736000+00:00,283.2359939261251,288.3455155099587,278.6433426745465,283.7446169723017,1446.0907073739834
2025-08-21 15:58:47.736000+00:00,284.1166623653313,287.2502520151125,281.40155987877745,284.53118819764376,1800.8458197242485
2025-08-21 16:58:47.736000+00:00,285.0052162810441,287.65483072650886,282.1378284387792,284.7853993068038,1195.4667274237406
2025-08-21 17:58:47.736000+00:00,284.37731778404606,290.16193827983534,279.11873582320754,284.8938056495079,1334.6036306529659
2025-08-21 18:58:47.736000+00:00,284.1759289850179,284.6808224084895,283.7566975871536,284.26146482362094,2135.4978495893297
2025-08-21 19:58:47.736000+00:00,284.46351364366876,287.75837510585546,281.156718478825,284.4514400964854,2173.3784270811943
2025-08-21 20:58:47.736000+00:00,283.10652434963566,287.09377952034555,279.1107151924981,283.097848168396,1133.9427521612477
2025-08-21 21:58:47.736000+00:00,284.32516696269187,286.25715720939684,282.00629505002394,283.9356384494716,1564.7378851687195
2025-08-21 22:58:47.736000+00:00,284.22365724502475,287.3482460711884,281.19870174752,284.322241355787,1046.7264435968902
2025-08-21 23:58:47.736000+00:00,285.1197992199886,287.4583683611803,282.2865687496288,284.6210470969606,2149.5541092040485
2025-08-22 00:58:47.736000+00:00,283.82947151465714,286.94654227558647,280.53056485228217,283.6456164812809,1203.2987775772385
2025-08-22 01:58:47.736000+00:00,283.51361391510255,285.66305993597456,281.65791129169673,283.8054471548829,2145.472744893114
2025-08-22 02:58:47.736000+00:00,283.69869838336933,286.1960418215585,281.1952597379474,283.6925490447267,2194.5155683428106
2025-08-22 03:58:47.736000+00:00,284.0519011413279,289.56134327517344,278.55338078209115,284.0626155130266,1191.1101509712078
2025-08-22 04:58:47.736000+00:00,284.5321289251553,286.82976543402697,281.9490517035565,284.2443644744716,1742.1577200891963
2025-08-22 05:58:47.736000+00:00,283.5915224818136,286.87548942643707,280.5992890421308,283.8802099845615,1279.330179738106
2025-08-22 06:58:47.736000+00:00,284.32500243793277,287.4311583022997,280.9235028604449,284.02639655508995,1252.1596350898142
2025-08-22 07:58:47.736000+00:00,283.6590207708399,286.75085044157055,280.7081230789383,283.79850173271427,452.41322783446594
2025-08-22 08:58:47.736000+00:00,281.71315546446004,286.6268098765308,277.33057010762457,282.2360892868594,38.16680187816723
2025-08-22 09:58:47.736000+00:00,283.54633359639337,287.78180973338084,279.3365991028209,283.5716986518013,1234.4034552970768
2025-08-22 10:58:47.736000+00:00,283.54989164831585,286.811513971727,279.6449102288007,282.8990459941947,1045.6365708911471
2025-08-22 11:58:47.736000+00:00,283.0989371267284,287.0096561336346,279.27702237661947,283.18655847089764,1285.7065801078995
2025-08-22 12:58:47.736000+00:00,282.4786007466829,285.6257997570052,279.7202342906925,282.86367311983844,2426.945257617224
2025-08-22 13:58:47.736000+00:00,282.82847169806763,286.4599830091631,279.46558077083324,283.09393565874575,1616.8439885685132
2025-08-22 14:58:47.736000+00:00,282.8602780662443,286.68088298707,278.93163216583895,282.7507577920053,1592.1517177153048
2025-08-22 15:58:47.736000+00:00,283.6954538184451,284.1300787559713,282.84987413341315,283.28386851717664,1537.144193461176
2025-08-22 16:58:47.736000+00:00,283.31875975677167,286.0589078799407,280.5185509738981,283.2581125409393,1413.1300964698755
2025-08-22 17:58:47.736000+00:00,282.5693334398578,287.62091725687395,277.37885576655015,282.4279113346248,2671.2345435210373
2025-08-22 18:58:47.736000+00:00,282.14229333409224,286.2796335162997,278.5079857219467,282.63892868656364,595.3024473186393
2025-08-22 19:58:47.736000+00:00,283.48865111309993,288.8948714163452,278.39079865259714,283.79157166795335,1216.541770280816
2025-08-22 20:58:47.736000+00:00,284.5789974513748,288.21773296871703,280.58029863007727,284.21437190623686,1295.1284790596335
2025-08-22 21:58:47.736000+00:00,284.8171461676235,289.79955039284675,279.86408929244476,284.84599188191527,1339.129151930693
2025-08-22 22:58:47.736000+00:00,285.9389228666407,290.68298219721305,280.9592121429591,285.6992957814573,865.8455319818742
2025-08-22 23:58:47.736000+00:00,284.57067339445865,286.2332328932615,283.43740151454364,285.0978615436514,1463.426564037169
2025-08-23 00:58:47.736000+00:00,285.47462134313264,290.01613877704864,281.1617983955183,285.69991223535885,617.8170497920385
2025-08-23 01:58:47.736000+00:00,285.1310817216793,291.22963254700403,279.4580929203009,285.5483419065495,820.3188008075912
2025-08-23 02:58:47.736000+00:00,286.0996363879116,290.01003397480326,281.93496686044904,285.84184090977766,1797.009442443101
2025-08-23 03:58:47.736000+00:00,285.39397481618624,286.5602072683834,284.4308081207845,285.59635755815304,1563.834037027015
2025-08-23 04:58:47.736000+00:00,286.5924504097204,292.6967494313851,279.6702187564213,285.7567170070433,1689.7330466377575
2025-08-23 05:58:47.736000+00:00,284.6323427237814,287.9718868056325,281.5128383388281,284.84999698056396,1636.095686256836
2025-08-23 06:58:47.736000+00:00,283.44926958596847,287.0771048639607,280.3478853835116,283.97002279612667,1297.5848191988434
2025-08-23 07:58:47.736000+00:00,284.1496247675516,285.9373719592207,282.5749547327585,284.3615276238164,1855.9889137317693
2025-08-23 08:58:47.736000+00:00,285.02273361614994,286.87202226542576,282.9641137557121,284.81203534942665,2889.236311241153
2025-08-23 09:58:47.736000+00:00,284.44575057334436,287.8670030173716,281.44118649299355,284.858083516879,789.9052954730527
2025-08-23 10:58:47.736000+00:00,283.3956245178289,286.7831408813447,280.1504933628328,283.53639774805515,1704.1863804100622
2025-08-23 11:58:47.736000+00:00,282.31140719172294,284.8415416254545,279.7664551505655,282.29645558483946,2282.8427568750008
2025-08-23 12:58:47.736000+00:00,282.79644785948824,285.3009012991888,280.14213342334943,282.64524783127075,944.3237221502616
2025-08-23 13:58:47.736000+00:00,283.74265487778365,288.09652448608983,279.6018033126703,283.9526089173854,665.893463472493
2025-08-23 14:58:47.736000+00:00,284.4802354039272,286.7898967457781,281.8396443834367,284.14659695422534,610.1757097185496
2025-08-23 15:58:47.736000+00:00,284.9351958919412,288.5493543782496,281.47749541752074,285.08977804298536,1578.594899659115
2025-08-23 16:58:47.736000+00:00,284.0197868590361,287.05295257033094,281.74104237286946,284.76820339668325,427.8813580921977
2025-08-23 17:58:47.736000+00:00,284.2102997893601,287.6025763515142,281.1218301057191,284.51084073556274,1732.8194883198346
2025-08-23 18:58:47.736000+00:00,285.1993658719051,287.53350233016323,282.716997995132,285.04991128305227,1462.6976925850004
2025-08-23 19:58:47.736000+00:00,286.0815671226875,287.3082142568826,284.4985546738855,285.72366722166055,1278.298635070093
2025-08-23 20:58:47.736000+00:00,284.39111852058335,288.8881553636053,280.2493421431091,284.7412793616859,743.4485147854062
2025-08-23 21:58:47.736000+00:00,284.76270183475305,287.98416907456175,281.53994668052155,284.7613991836821,1174.018567755016
2025-08-23 22:58:47.736000+00:00,285.39221710740094,288.15393134245267,282.32297459711424,285.0816838302049,1387.8804932839744
2025-08-23 23:58:47.736000+00:00,284.5069857701244,287.2329465735345,281.9080258660471,284.632837023307,984.2585944214579
2025-08-24 00:58:47.736000+00:00,284.32348723804427,288.23267310597043,280.54196935532104,284.4494795190403,2466.3217374804044
2025-08-24 01:58:47.736000+00:00,286.1822069734969,289.51086922810333,282.46841531339464,285.7925453083241,557.6262784647892
2025-08-24 02:58:47.736000+00:00,286.3963961218783,291.1587582292712,281.95008894426286,286.7076193082878,575.338459697442
2025-08-24 03:58:47.736000+00:00,287.9480888287031,290.5310189555081,285.0479692304357,287.6280283752138,3081.023732829913
2025-08-24 04:58:47.736000+00:00,287.8108710103834,290.5276927402812,284.8166368545114,287.53081496519326,2202.0166612489334
2025-08-24 05:58:47.736000+00:00,287.3915414005512,292.4845239569116,282.3684528975425,287.46023481624695,1122.0157828488332
2025-08-24 06:58:47.736000+00:00,287.82089522645305,293.4021417961616,282.296096295131,287.8762797442332,2257.9864895451824
2025-08-24 07:58:47.736000+00:00,287.93040819431053,290.48581438316603,285.7309317085108,288.2836395920424,1286.661443129781
2025-08-24 08:58:47.736000+00:00,288.9481477296372,291.61645135134313,286.2660257872338,288.9342006137209,1332.6273900890042
2025-08-24 09:58:47.736000+00:00,289.8923033582311,292.6825713379459,287.0335493197884,289.8231517017951,1596.1953590462329
2025-08-24 10:58:47.736000+00:00,288.54514692338245,294.62386835831774,283.12133247975447,289.1879706866436,2061.077983119708
2025-08-24 11:58:47.736000+00:00,290.3353764823266,291.0415865251511,289.4710989806087,290.1769236035935,1577.5254696246736
2025-08-24 12:58:47.736000+00:00,290.1164434382064,292.9041504379464,287.6664200668278,290.4512992210166,1126.4581477529991
2025-08-24 13:58:47.736000+00:00,292.828821451482,296.46661249876615,288.0590425786353,291.68259412764826,1542.7059340530257
2025-08-24 14:58:47.736000+00:00,290.83669748657036,295.94860522665823,285.85949861463496,290.96913981878635,897.8570228417351
2025-08-24 15:58:47.736000+00:00,290.83448555998984,295.47505273635306,286.14610838277775,290.785900331205,850.4859807582552
2025-08-24 16:58:47.736000+00:00,289.81764740346796,293.7948663426145,285.73151005992577,289.7072134949741,1780.9785328773594
2025-08-24 17:58:47.736000+00:00,289.9502412930852,293.66936390625295,286.0636370209904,289.7805834737607,2042.8706679935908
2025-08-24 18:58:47.736000+00:00,289.6676199344616,290.68133091109394,288.4408581501057,289.4538209229699,2676.1594338419786
2025-08-24 19:58:47.736000+00:00,288.0730008668973,290.27290656144646,286.2042822878206,288.402053430926,1472.47353887275
2025-08-24 20:58:47.736000+00:00,288.1440473910972,289.663920482,286.9613467574433,288.4798415655514,1866.090162385044
2025-08-24 21:58:47.736000+00:00,288.51380169131346,292.2425663056037,285.174169658411,288.8984814909839,1996.9623374325863
2025-08-24 22:58:47.736000+00:00,288.83237475749434,293.18560934591835,285.10516881829113,289.45042780839793,1745.9650903023185
2025-08-24 23:58:47.736000+00:00,289.2881284706978,292.98379719077565,285.9226861406108,289.61455734040436,1838.5331671656422
2025-08-25 00:58:47.736000+00:00,290.78146693727484,295.78984530981995,285.7686383724785,290.7769387522121,479.6259953447926
2025-08-25 01:58:47.736000+00:00,291.40616486864974,296.53733371182614,286.72005791365484,291.84418298092737,1624.7621714007787
2025-08-25 02:58:47.736000+00:00,292.86151514216783,296.9171535518611,288.72310030701294,292.77757630528197,1229.194128824494
2025-08-25 03:58:47.736000+00:00,292.93023401412177,295.7128669686411,290.36953072785616,293.150240455775,1387.0704486516513
2025-08-25 04:58:47.736000+00:00,293.14037942241544,297.06186186022,288.9655764630847,292.88362415998307,1743.0552745931054
2025-08-25 05:58:47.736000+00:00,292.9022242875177,294.72489917316943,291.093608046912,292.91619665581294,479.41797059073446
2025-08-25 06:58:47.736000+00:00,292.5196646884177,295.6959680406919,289.86248749016073,293.0341176771193,1043.195974361038
2025-08-25 07:58:47.736000+00:00,293.3045066207713,295.66855794259817,290.593566325362,292.9547989833641,2013.2315347743672
2025-08-25 08:58:47.736000+00:00,292.87905846750107,298.0845482404509,287.67795567691775,292.8833689028537,400.5370894172042
2025-08-25 09:58:47.736000+00:00,292.9329445815274,295.9747081383483,289.80319213771395,292.84403244675303,1912.2513530834697
2025-08-25 10:58:47.736000+00:00,293.59572865000075,298.3234527266442,288.61374476389943,293.3373075274037,1102.8205835794986
2025-08-25 11:58:47.736000+00:00,293.39105346828137,295.9254235311812,290.90947106127817,293.44339837651466,1388.6842895956997
2025-08-25 12:58:47.736000+00:00,293.70223632063284,298.67832878280734,288.75936761846265,293.73491019490075,1439.3502173099791
2025-08-25 13:58:47.736000+00:00,294.0378110608934,294.5272293700857,292.984727665892,293.4732062049474,1404.2399121823767
2025-08-25 14:58:47.736000+00:00,293.780400186412,295.89057893752204,291.478157471056,293.5869466758003,1252.2985446376015
2025-08-25 15:58:47.736000+00:00,294.0783283080175,298.229566661825,290.35714121794234,294.50300581817424,1072.1195429920392
2025-08-25 16:58:47.736000+00:00,294.82868301502486,298.4594998017338,290.6770116574037,294.30133413993383,1127.2883999541011
2025-08-25 17:58:47.736000+00:00,294.26995183726365,297.6166487479671,290.82832574971803,294.17393062265035,1625.1898854088288
2025-08-25 18:58:47.736000+00:00,294.7838487327354,297.9454084796985,291.5626712446149,294.72358465877767,1120.1640286215036
2025-08-25 19:58:47.736000+00:00,293.7954854604692,296.6870570150704,291.05745999432054,293.947613789765,1676.6666980786708
2025-08-25 20:58:47.736000+00:00,294.1542383628597,297.0183199166114,290.7593706603849,293.61823331201435,522.4712838759779
2025-08-25 21:58:47.736000+00:00,292.1057554754777,299.1381048259361,285.5831227995589,292.6043389330536,1088.455890798266
2025-08-25 22:58:47.736000+00:00,293.530811334309,295.51496489965626,290.82350676533395,292.802738845204,1588.3230496038636
2025-08-25 23:58:47.736000+00:00,292.4370337696902,295.0950347515804,289.6951387585266,292.3523702216216,1093.6328333136344
2025-08-26 00:58:47.736000+00:00,291.9928362605377,295.4411101422145,288.67922579378927,292.12598862785387,1267.3091701511398
2025-08-26 01:58:47.736000+00:00,290.7248372864226,297.0752835166122,284.6966269201519,291.04052728471146,731.4806992367352
2025-08-26 02:58:47.736000+00:00,291.3148369722924,295.90265099658336,286.4936227509012,291.07770222416684,2400.9040012089654
2025-08-26 03:58:47.736000+00:00,290.30443327427525,294.44375559101604,286.13073288235347,290.2695579269659,1394.1291837153576
2025-08-26 04:58:47.736000+00:00,289.31490629421313,292.7730674582009,286.0283656561216,289.48459915420545,944.3276161876147
2025-08-26 05:58:47.736000+00:00,289.89765989146485,292.8392576136027,286.8946728265245,289.83564124412845,741.1574975767727
2025-08-26 06:58:47.736000+00:00,287.3707637088993,289.76124693657204,285.4276973718744,287.8151756941173,1716.4104557224825
2025-08-26 07:58:47.736000+00:00,287.4086235106459,290.9747612736156,283.8763112261224,287.4420383141464,1668.4201269471314
2025-08-26 08:58:47.736000+00:00,286.888886972453,291.1607591942087,282.7892655613355,287.05871100989907,965.6959694141126
2025-08-26 09:58:47.736000+00:00,286.9342501969711,290.1025802326597,283.9542155132141,287.1206100572459,2221.848523085232
2025-08-26 10:58:47.736000+00:00,287.9229559813744,291.16525297756476,284.5882949490639,287.8295399888694,1310.2565638903327
2025-08-26 11:58:47.736000+00:00,287.1620506897186,291.1342780327669,283.07329730083745,287.0438901644402,708.7742543817499
2025-08-26 12:58:47.736000+00:00,286.91025646096034,292.9760130897887,280.68529358733963,286.747611635974,1601.172814067492
2025-08-26 13:58:47.736000+00:00,287.0961945600741,288.8905309138975,285.9612674607788,287.75300735163813,2184.5903940583776
2025-08-26 14:58:47.736000+00:00,289.2018714894507,291.0418678892674,286.9018850514534,288.7389361057404,1264.4402579846644
2025-08-26 15:58:47.736000+00:00,287.8460991087901,289.3848550454257,286.91054087881713,288.447342651937,2128.7460997598805
2025-08-26 16:58:47.736000+00:00,288.07857152710835,291.92976055557205,284.43288051816734,288.28150142879394,1014.8471831921648
2025-08-26 17:58:47.736000+00:00,288.8562666756071,291.203234252517,286.43879658300494,288.78518663199884,1008.7818668399058
2025-08-26 18:58:47.736000+00:00,287.91445718147446,290.8151915326171,284.78509092024217,287.68349836435465,1540.0352452315262
2025-08-26 19:58:47.736000+00:00,287.6456533520292,291.9346087538666,283.19185182921103,287.47831208035615,1068.059502839038
2025-08-26 20:58:47.736000+00:00,287.4456613611776,288.8505028000562,285.99505279948414,287.39966946082683,1399.9761159114128
2025-08-26 21:58:47.736000+00:00,286.82045692530306,288.6125208439817,284.84486627237936,286.6357763002646,847.225620531419
2025-08-26 22:58:47.736000+00:00,287.5749053728124,290.4603604305287,285.0002057096754,287.8829032181969,1287.1230886760918
2025-08-26 23:58:47.736000+00:00,288.4171343999349,292.4803829854366,284.472857016496,288.53450054947484,1480.0374699586534
2025-08-27 00:58:47.736000+00:00,287.3130724894397,292.8653121304319,282.181918223685,287.7267696045519,1793.3359662029034
2025-08-27 01:58:47.736000+00:00,287.7466221277892,288.6606526523539,286.9783452877322,287.8919876896019,1375.4992014270424
2025-08-27 02:58:47.736000+00:00,288.60914143012246,291.28440559837935,285.77996625686103,288.4537903977916,556.159718804453
2025-08-27 03:58:47.736000+00:00,288.58416962594356,291.0837553449375,285.70402091539506,288.2002815694524,1060.045412290541
2025-08-27 04:58:47.736000+00:00,286.9174394582642,291.39651562764175,283.2898104943669,287.75825583610526,1655.1800201236786
2025-08-27 05:58:47.736000+00:00,288.58092154496654,293.523939142437,283.504240176615,288.4449283873482,1635.3641363376973
2025-08-27 06:58:47.736000+00:00,288.2791586549254,292.7421798841926,283.8895119531666,288.3514326611388,843.4376490110019
2025-08-27 07:58:47.736000+00:00,288.7681171716052,291.2917266823852,286.37662451582224,288.8991488606735,776.5071902189212
2025-08-27 08:58:47.736000+00:00,288.9716997182026,290.2751834686414,286.83597012938026,288.13568280304906,1990.5070560934105
2025-08-27 09:58:47.736000+00:00,288.7248201608115,291.4031032296757,285.9868562349107,288.66458050578854,1391.8855941949203
2025-08-27 10:58:47.736000+00:00,287.8773553910437,293.6259799350392,282.918760519704,288.65400748120146,2786.026235858192
2025-08-27 11:58:47.736000+00:00,288.62031194117844,292.39950709334056,284.658410380197,288.43518143297956,1002.2923704338732
2025-08-27 12:58:47.736000+00:00,287.4582764012873,288.97397747440465,285.4083953992541,286.92126493498824,1092.847525394863
2025-08-27 13:58:47.736000+00:00,286.31330191916464,287.15969300839254,285.91759514407,286.76336421295275,1692.290659620969
2025-08-27 14:58:47.736000+00:00,287.68603276102164,292.78061819165714,282.7546336608372,287.8464689582424,1433.3340454918666
2025-08-27 15:58:47.736000+00:00,289.3109634816938,292.7263255840671,285.8932247499861,289.3085584607027,1832.794072715609
2025-08-27 16:58:47.736000+00:00,287.43947446512465,290.8305674886208,284.663655694586,288.0488638117378,1879.471558846885
2025-08-27 17:58:47.736000+00:00,287.66269996075,292.85954204252926,282.71891392654493,287.9114804539064,1562.5421656849226
2025-08-27 18:58:47.736000+00:00,288.4746078788754,291.2233542525609,285.3500195374456,288.0951502277607,2041.6338381703445
2025-08-27 19:58:47.736000+00:00,288.43291933834905,291.24886093155385,285.59943355604145,288.41520217839485,1434.6207180429005
2025-08-27 20:58:47.736000+00:00,289.37933952642925,291.5850121426938,286.798699702541,289.00149233711807,2904.7500574959404
2025-08-27 21:58:47.736000+00:00,289.4774509561859,295.2837394245149,282.96173701672114,288.7535046966272,1464.373487707073
2025-08-27 22:58:47.736000+00:00,287.5178485752039,291.6906050961494,284.1684737046699,288.33174887609766,1271.2722852434842
2025-08-27 23:58:47.736000+00:00,289.11522088335244,291.11140018625144,287.07914027658785,289.07504216787214,1467.4293679639452
2025-08-28 00:58:47.736000+00:00,288.4862342270869,291.4203217296903,285.98285458244425,288.91323671127134,1212.3378574418487
2025-08-28 01:58:47.736000+00:00,288.3909066475427,291.6612200330202,285.0033644367625,288.2723332157626,2492.2489517325903
2025-08-28 02:58:47.736000+00:00,288.060733773837,291.34806980821253,285.0326272991909,288.3172666492567,2037.3414461273119
2025-08-28 03:58:47.736000+00:00,288.3918261508508,292.13786108598885,284.8856526111012,288.6288064176305,1399.7694007564635
2025-08-28 04:58:47.736000+00:00,287.4126089712928,290.83480982539754,284.38874403453445,287.806797634001,1354.6389250915686
2025-08-28 05:58:47.736000+00:00,287.3817430917825,291.77211687438825,283.2895886698714,287.6757755949713,1632.2425848153305
2025-08-28 06:58:47.736000+00:00,288.22245054133407,290.9348219653115,285.7403437387249,288.45074910689533,2434.2612086544004
2025-08-28 07:58:47.736000+00:00,289.6208287564249,294.453773253834,284.5193424454972,289.34772969959755,687.2789872831142
2025-08-28 08:58:47.736000+00:00,289.13729848642345,292.27769189458576,286.5240438984275,289.6597156430804,1179.7754745873217
2025-08-28 09:58:47.736000+00:00,288.39467621147793,290.9713162715454,285.9752757379396,288.5506076579939,876.585665614819
2025-08-28 10:58:47.736000+00:00,289.61672391861396,290.22534301115974,288.47778514542426,289.0852874433978,1037.2336181670362
2025-08-28 11:58:47.736000+00:00,287.8283568536023,288.4943653077274,287.4425920510908,288.10822540861653,1377.876342307953
2025-08-28 12:58:47.736000+00:00,288.7611973212174,290.82660365412056,286.20471686683806,288.26658541637534,2403.9227657668766
2025-08-28 13:58:47.736000+00:00,288.5053534567008,291.9045324401432,285.1874811746324,288.5857357448444,2586.0544199867386
2025-08-28 14:58:47.736000+00:00,288.40341591895435,292.01297587530524,285.0704450341962,288.6768450716465,2346.876593001094
2025-08-28 15:58:47.736000+00:00,289.09164615066874,292.97525397135774,284.74369299977445,288.62097794412927,2129.451492355554
2025-08-28 16:58:47.736000+00:00,287.7002488671233,292.05280056851547,283.6424540644135,287.99090626268145,2035.1167852281903
2025-08-28 17:58:47.736000+00:00,288.87891809994863,292.7271470672888,284.4882921741889,288.32919818380293,1243.8707951202757
2025-08-28 18:58:47.736000+00:00,287.90080383136143,291.21754436117953,284.2761664430176,287.58931852878214,616.9794448859859
2025-08-28 19:58:47.736000+00:00,287.60791340343235,291.39466509208074,283.7446302639888,287.53036086739195,425.2775567107442
2025-08-28 20:58:47.736000+00:00,288.57362905212057,289.6109621908076,287.36583632197124,288.40255450044094,1374.1993186159152
2025-08-28 21:58:47.736000+00:00,288.2446636942034,291.43543499379484,285.21544465792704,288.40453583025544,1739.6942419326137
2025-08-28 22:58:47.736000+00:00,288.5584445382683,289.9808880645607,286.86741983462144,288.28853283616013,1436.7362495459008
2025-08-28 23:58:47.736000+00:00,287.82062062165534,291.7209095019857,284.1939178552907,288.0908022935942,1068.5440087940199
2025-08-29 00:58:47.736000+00:00,288.71936149428143,292.9693315890687,284.77882259803926,289.0246263356592,2202.5781395856156
2025-08-29 01:58:47.736000+00:00,289.867805435515,295.49747498396124,283.91887241873616,289.54221857985794,1035.4938831033842
2025-08-29 02:58:47.736000+00:00,288.83578468160016,290.41907946369207,286.8191519404322,288.4000582254576,1577.033946700739
2025-08-29 03:58:47.736000+00:00,288.92114746531786,293.71594979923583,284.20325439225036,288.9968210264863,1714.467753122554
2025-08-29 04:58:47.736000+00:00,291.0641368234106,292.6139243864639,289.05479069459005,290.60211821325686,1374.6869354397281
2025-08-29 05:58:47.736000+00:00,290.99055752029943,294.5453953188018,287.302940237694,290.8561358967664,1516.465069075768
2025-08-29 06:58:47.736000+00:00,291.7966849419124,296.04195682181364,287.7666418624177,292.0089816835987,1070.0518937716467
2025-08-29 07:58:47.736000+00:00,292.0679627704215,297.7624217999403,286.86715601920844,292.5529784532789,1374.5509976632643
2025-08-29 08:58:47.736000+00:00,292.35033999298105,295.4762656148217,289.41148320734493,292.53554703226024,1093.6499767532725
2025-08-29 09:58:47.736000+00:00,291.88286129725935,294.69648886753566,289.1318248704056,291.944868018737,1066.123821228061
2025-08-29 10:58:47.736000+00:00,290.6205761875031,293.9973655936364,287.8648690267666,291.2358245571295,1538.1970044850996
2025-08-29 11:58:47.736000+00:00,292.28283709884244,295.64581819395914,288.5882805371873,291.94740214669787,1468.2780537633778
2025-08-29 12:58:47.736000+00:00,292.59433540184165,297.6639784697659,287.03374222217684,292.0947288445956,879.3707293473699
2025-08-29 13:58:47.736000+00:00,293.3054768888004,295.944940246836,290.10076391375975,292.7350943853113,716.4760595844225
2025-08-29 14:58:47.736000+00:00,293.95077176374417,297.74274868974857,289.84291860123983,293.6307674586776,1203.4069931913389
2025-08-29 15:58:47.736000+00:00,293.5452211721685,295.83406561639583,290.9735639183762,293.2601858721118,1161.9642801072696
2025-08-29 16:58:47.736000+00:00,293.5584328271112,296.6335923948101,290.44957083200967,293.52437361378793,2127.6708356581676
2025-08-29 17:58:47.736000+00:00,293.98865719236943,297.1665170535915,290.56332167295824,293.73847722275855,1763.9852829777692
2025-08-29 18:58:47.736000+00:00,292.74533721304573,295.0253549116584,290.6425668830254,292.92132050532814,1913.5815506077824
2025-08-29 19:58:47.736000+00:00,293.48773117168787,297.44744123537157,289.4481172459098,293.4067345099203,572.5725641262741
2025-08-29 20:58:47.736000+00:00,291.77015735024787,295.0372271908832,289.1577008210805,292.4189613892283,1137.5733616506898
2025-08-29 21:58:47.736000+00:00,292.43325190511894,294.3892855324796,289.6960244575975,291.64679763324096,1794.7191304145397
2025-08-29 22:58:47.736000+00:00,291.4446864156681,295.4753998825237,288.1341204031369,292.15674547914386,1024.2488390958956
2025-08-29 23:58:47.736000+00:00,293.331464144032,295.9687094976541,290.3164753206223,292.95029369790245,955.4213919419055
2025-08-30 00:58:47.736000+00:00,293.002463454203,297.047280246526,288.89722986366917,292.9412009442321,532.5115850505886
2025-08-30 01:58:47.736000+00:00,293.56769334195104,296.31635932582446,290.6503590734204,293.3974308948321,1185.0088143533012
2025-08-30 02:58:47.736000+00:00,292.42159519570197,296.38367826609874,288.65734791582867,292.61691667686443,2304.1200711751794
2025-08-30 03:58:47.736000+00:00,294.0400818457185,295.6571132658105,291.62333799166663,293.23594718809716,1604.9163349535056
2025-08-30 04:58:47.736000+00:00,293.3674755188985,297.26401936966744,289.8181302705626,293.71052370739875,1183.198706453644
2025-08-30 05:58:47.736000+00:00,294.0795050178676,296.49876765957265,291.5783703207542,293.99695385034084,1873.7559263777598
2025-08-30 06:58:47.736000+00:00,295.42986713059264,297.4434951802991,293.36989697577553,295.38320699345,2055.5459181456076
2025-08-30 07:58:47.736000+00:00,293.8624752986725,297.62287886447945,290.0354409050528,293.7949807789839,1989.1770634918919
2025-08-30 08:58:47.736000+00:00,294.95757517973135,300.37216038563867,289.63942807556367,295.05230527788143,1612.308904081313
2025-08-30 09:58:47.736000+00:00,295.26172462685935,295.72840904928023,294.42931990675083,294.8954253643228,2037.383908079791
2025-08-30 10:58:47.736000+00:00,293.9655060072986,297.21603470916347,290.51348435923205,293.76176013759465,561.093173923889
2025-08-30 11:58:47.736000+00:00,293.67067682254884,294.8687567603606,292.2351094117173,293.43221650974874,1803.3446848452013
2025-08-30 12:58:47.736000+00:00,294.19752790713153,295.94666239446434,291.6536984943711,293.3980799095987,1608.3645148757466
2025-08-30 13:58:47.736000+00:00,292.15780267555306,295.28318667033295,289.0776015334272,292.2025141380996,1371.2393415213003
2025-08-30 14:58:47.736000+00:00,292.70630501268664,297.2325604295885,288.3570693421975,292.8807329858784,1007.1166211901894
2025-08-30 15:58:47.736000+00:00,293.1401799288243,297.6559583793849,288.7096171854978,293.22412685024227,1558.2321238127827
2025-08-30 16:58:47.736000+00:00,293.18045878862154,296.48149226494763,289.8544052854423,293.15515384349203,678.5386857543649
2025-08-30 17:58:47.736000+00:00,292.9017881510111,295.7039423785072,290.3406133501059,293.14067868487325,892.6470555913974
2025-08-30 18:58:47.736000+00:00,292.86438226866034,296.97348763179815,289.0323763652817,293.13790282821066,1513.5438251500375
2025-08-30 19:58:47.736000+00:00,293.2481105455121,297.3746960785104,289.3455250461091,293.4691687072067,2754.270413993231
2025-08-30 20:58:47.736000+00:00,293.1177885242122,295.702727830566,290.59102093411923,293.17546306775574,1748.3789726100183
2025-08-30 21:58:47.736000+00:00,294.0509662516385,297.65974266567343,290.5551472561828,294.16259655559537,984.7566328980557
2025-08-30 22:58:47.736000+00:00,295.20775380769084,295.5755979819094,294.6697016936092,295.0373335153035,1904.6660058548812
2025-08-30 23:58:47.736000+00:00,293.8995929993937,297.79475402686387,290.1516690270038,294.0449760719715,1459.157866855632
2025-08-31 00:58:47.736000+00:00,294.94941325716263,301.433762769976,288.1000515565709,294.57619603210435,1147.0574979603523
2025-08-31 01:58:47.736000+00:00,295.1127235138176,301.0198807322068,288.414932617577,294.30594077805887,1505.3925700046575
2025-08-31 02:58:47.736000+00:00,294.1736177098847,295.3817093414519,293.00424335219645,294.2121816874659,1033.6989423510581
2025-08-31 03:58:47.736000+00:00,293.0854160301539,295.59227408235836,290.53837886248004,293.04489028436245,2666.8296995479673
2025-08-31 04:58:47.736000+00:00,293.25437913425657,297.3564275705746,288.9206886270349,293.01945088200887,2414.670137450922
2025-08-31 05:58:47.736000+00:00,291.922854466272,295.11764942258145,289.08513828916784,292.2764955800323,1246.6693421972855
2025-08-31 06:58:47.736000+00:00,293.945600860555,296.5893799967437,291.0172002832032,293.65839626964225,670.2754305400897
2025-08-31 07:58:47.736000+00:00,293.1738772907425,295.98761851471704,290.67765520637045,293.48871574572325,1134.395509581736
2025-08-31 08:58:47.736000+00:00,294.7640328059492,296.8372962939222,292.72969104404933,294.8026877512728,2074.536046918013
2025-08-31 09:58:47.736000+00:00,295.00191969962503,296.1390996934303,293.39286803946663,294.528222012841,219.007061578338
2025-08-31 10:58:47.736000+00:00,294.7229868089781,295.80707435657223,293.3184321202141,294.4013365328829,1654.93691669369
2025-08-31 11:58:47.736000+00:00,294.31706224727293,297.7964185840832,291.2344287004877,294.70967289125815,1726.2438926278955
2025-08-31 12:58:47.736000+00:00,294.6712889287073,295.154562734391,294.13067339309794,294.61385300134793,1853.6772770723273
2025-08-31 13:58:47.736000+00:00,295.278552924981,299.6302406747379,291.48520673092696,295.829812629057,1744.381523849341
2025-08-31 14:58:47.736000+00:00,295.84494333647683,299.1546765637597,292.6812981590269,295.98948570912154,1115.661423530783
2025-08-31 15:58:47.736000+00:00,297.2678225054135,301.65542995217066,292.42166250191434,296.8024004214407,1897.9324519865736
2025-08-31 16:58:47.736000+00:00,297.3445962455368,299.1218885900234,295.9805233133903,297.7559286640478,892.2774655518236
2025-08-31 17:58:47.736000+00:00,297.95550803284175,299.12495303885163,296.6416411395367,297.8105170707958,2381.5823838242545
2025-08-31 18:58:47.736000+00:00,299.4362689149175,302.0676877418769,296.6506193540316,299.28067079883124,1275.3835734501663
2025-08-31 19:58:47.736000+00:00,299.3881705459933,302.8667293095086,295.9930775859879,299.47070045179663,1037.9773605895516
2025-08-31 20:58:47.736000+00:00,299.89613375581666,302.3419883040867,297.5745579847632,300.019457848417,970.3110615813449
2025-08-31 21:58:47.736000+00:00,299.53760196926095,302.85647639894484,296.0231763329924,299.33985978067926,1195.6474462801716
2025-08-31 22:58:47.736000+00:00,300.2363107863673,304.01226836496426,296.35685226264155,300.13149156992864,1840.7475010968074
2025-08-31 23:58:47.736000+00:00,299.9281686251146,305.0118255882503,294.6937264157093,299.7747835662766,1709.4581000390922
2025-09-01 00:58:47.736000+00:00,300.16655407134647,304.30776227912736,295.9644754720903,300.1048321414192,1671.756181174745
2025-09-01 01:58:47.736000+00:00,301.1188924756307,307.87228494511504,293.912653650318,300.6556568276835,470.67805126014827
2025-09-01 02:58:47.736000+00:00,300.7751199564269,304.4163067009096,296.79689669170006,300.4339532686969,1174.6669159811056
2025-09-01 03:58:47.736000+00:00,300.18880515250277,303.96554105804904,296.8830948060126,300.65470022654347,1086.3358277912134
2025-09-01 04:58:47.736000+00:00,300.7520355389998,306.4475833797808,294.95056007081655,300.6440631645925,1396.4546750656257
2025-09-01 05:58:47.736000+00:00,300.5816593026124,303.6883566063875,297.39813101199366,300.504025926828,824.9958699772495
2025-09-01 06:58:47.736000+00:00,299.31692145741255,304.57871214004103,294.7074625426523,299.95935972252164,2041.9418781688605
2025-09-01 07:58:47.736000+00:00,300.5442646078779,304.63171786402336,296.01904033969805,300.10045774684266,1193.8662182958442
2025-09-01 08:58:47.736000+00:00,299.7184371398027,301.2897556219004,297.95094503661966,299.52122962901245,976.4222266882051
2025-09-01 09:58:47.736000+00:00,299.6323523563979,303.03862802278144,295.8654195124372,299.26754801601317,1345.161184563599
2025-09-01 10:58:47.736000+00:00,298.2027839384189,301.93788888545123,294.4671768790771,298.20227545718575,807.506717620807
2025-09-01 11:58:47.736000+00:00,298.56808730207183,301.12302323344176,296.32630037435064,298.8789025613759,1184.1035257366323
2025-09-01 12:58:47.736000+00:00,299.0076500441834,300.93448241355526,297.3787967313924,299.30401464554006,1544.679679614139
2025-09-01 13:58:47.736000+00:00,298.91241712355867,303.7667915494272,293.7817817465794,298.6315955962989,1926.5890166842146
2025-09-01 14:58:47.736000+00:00,297.08248002023834,300.37991065226635,294.23598462693604,297.5291356288352,1510.3788339221298
2025-09-01 15:58:47.736000+00:00,297.91616895574975,300.22896127993215,295.6924723651634,298.00460459083246,1507.4631922917156
2025-09-01 16:58:47.736000+00:00,298.05344427125,302.2542249639051,293.75925546098694,297.95870083473693,1028.1499993022956
2025-09-01 17:58:47.736000+00:00,296.64736008980327,299.97206805305785,292.970523817226,296.29124053130295,1500.9636653930615
2025-09-01 18:58:47.736000+00:00,296.22613223993176,301.2572203430057,291.38710140299094,296.41510256294674,2057.903401298736
2025-09-01 19:58:47.736000+00:00,296.26355728002125,300.53353794614026,292.3363983311736,296.60189413049943,1156.8400985035248
2025-09-01 20:58:47.736000+00:00,297.36926192940587,299.7837937066316,295.288728861419,297.7009400648095,1618.3904928960633
2025-09-01 21:58:47.736000+00:00,297.89289839747676,303.6679771089944,291.5719163578516,297.33620272985337,1088.2068064959788
2025-09-01 22:58:47.736000+00:00,296.25214030770945,300.59844243892724,292.73845219480376,297.074994888149,1675.7288750793248
2025-09-01 23:58:47.736000+00:00,296.1711422884222,300.372394611135,292.20970754207326,296.4077945246915,1088.7848851883607
2025-09-02 00:58:47.736000+00:00,295.79355950436695,297.4694563475248,294.5252324011522,296.1993890959742,2562.1543702471126
2025-09-02 01:58:47.736000+00:00,296.25918562468553,302.6831485913604,289.76127194219106,296.18359585114405,1580.9439450057214
2025-09-02 02:58:47.736000+00:00,296.81039721618583,300.8957562113549,292.7993252297895,296.88369370210575,884.172029473513
2025-09-02 03:58:47.736000+00:00,297.0889444365494,301.90868206643756,293.2797223305147,298.08666733319546,1890.749067888667
2025-09-02 04:58:47.736000+00:00,298.05673828280237,302.99133423628524,293.4554571032166,298.38498570378823,1759.8160169944047
2025-09-02 05:58:47.736000+00:00,299.70543976618177,303.60447452308256,295.40038361615933,299.2940665906206,1338.2858572364187
2025-09-02 06:58:47.736000+00:00,299.20419307613,304.99006796354803,294.1065856914593,299.8809308491835,1128.189887831474
2025-09-02 07:58:47.736000+00:00,300.48825232697925,304.85215505549513,295.59439336423446,299.9504862741398,1017.0806854157705
2025-09-02 08:58:47.736000+00:00,300.35666491782587,305.0983961001594,295.349291289584,300.08676150629856,1676.786039739797
2025-09-02 09:58:47.736000+00:00,300.7406889637596,303.84178412879646,297.6422346986422,300.74330293262744,1650.4806383018831
2025-09-02 10:58:47.736000+00:00,300.7153117548753,303.1091304804405,298.18663495535355,300.57937154037484,1394.9376270554615
2025-09-02 11:58:47.736000+00:00,301.03476734081624,304.12024614793705,297.8996875728627,300.98465272642113,2805.973935221175
2025-09-02 12:58:47.736000+00:00,300.6106530474431,303.950113239484,297.29286215379244,300.632085796072,1325.3813601355353
2025-09-02 13:58:47.736000+00:00,300.6171806786968,305.93587810311607,294.97974984880966,300.292706483354,1384.044238211417
2025-09-02 14:58:47.736000+00:00,300.4011316208297,302.7061317360885,297.8562901935711,300.1594357585913,2424.9138859109576
2025-09-02 15:58:47.736000+00:00,300.4273379147943,302.7075231859595,297.8122953731945,300.089919705544,1267.706305450132
2025-09-02 16:58:47.736000+00:00,300.19538833170805,304.7499242914493,295.454768623595,300.00643784446476,2091.9748044491466
2025-09-02 17:58:47.736000+00:00,298.03640255635725,302.30183117361423,293.7634392163479,298.02875843266025,1125.6903216266435
2025-09-02 18:58:47.736000+00:00,298.6013229997616,304.9890798016791,292.95780408755144,299.3317558218814,1021.4800345590406
2025-09-02 19:58:47.736000+00:00,299.311582271796,299.7219312291112,298.78902472153374,299.19921963238147,1864.5333561451455
2025-09-02 20:58:47.736000+00:00,300.1809477753948,300.63132195743486,298.8537321637334,299.3027888067019,970.9273094051154
2025-09-02 21:58:47.736000+00:00,299.64059386248437,300.38642436221124,298.7102691988006,299.4556393312298,1383.1821192716732
2025-09-02 22:58:47.736000+00:00,298.95099687736314,302.66729883653153,295.2269030716734,298.9431069500438,1666.3937091184875
2025-09-02 23:58:47.736000+00:00,299.503940028842,304.2013842589108,294.58871305494347,299.2826871365997,1700.2238333348585
2025-09-03 00:58:47.736000+00:00,299.0077977989511,304.724753643245,293.256592112619,298.9728803437228,741.1285533422583
2025-09-03 01:58:47.736000+00:00,297.5163414020679,301.4697473489621,293.8440322649461,297.7940108769089,1167.5568216122936
2025-09-03 02:58:47.736000+00:00,297.7977729136534,300.86728709825104,294.7888078969031,297.8577164091375,1336.6523254269998
2025-09-03 03:58:47.736000+00:00,296.4311387349745,298.78402030768405,294.4970232443365,296.8471902182286,1713.95375435199
2025-09-03 04:58:47.736000+00:00,296.89447859237583,298.6930659681252,294.4800772859486,296.27491132187015,2247.7966801903617
2025-09-03 05:58:47.736000+00:00,296.8142225009627,300.3299358929661,293.0692869239363,296.582252673246,1548.0709536715503
2025-09-03 06:58:47.736000+00:00,295.9720275690844,298.52661028454247,293.5929696356938,296.14615271278757,1529.3341266549248
2025-09-03 07:58:47.736000+00:00,295.0700938059619,299.2893785090026,290.9350622339923,295.153182554048,1280.7905666065035
2025-09-03 08:58:47.736000+00:00,295.43308038046945,300.4450183720198,290.3745182302441,295.38565160615843,426.70444967406047
2025-09-03 09:58:47.736000+00:00,294.15894821895824,296.94422423090947,291.70379897060934,294.48634244057274,1598.54685747823
2025-09-03 10:58:47.736000+00:00,294.56148889991647,299.4328515468026,290.04317730714905,294.9092062783137,929.4499755708435
2025-09-03 11:58:47.736000+00:00,294.4355002671413,299.90306411439565,289.28463548383235,294.74675424330667,2099.1472697610557
2025-09-03 12:58:47.736000+00:00,295.7315747312988,297.93027330498916,293.03321251951854,295.2281683787887,1798.843462797151
2025-09-03 13:58:47.736000+00:00,295.398229861012,298.2390988182378,292.7621712165908,295.6012286641469,1202.0268813889488
2025-09-03 14:58:47.736000+00:00,297.2167053783275,301.29935517392056,292.6391914337375,296.7149489662916,998.3500065164939
2025-09-03 15:58:47.736000+00:00,294.5298481199929,297.8263427055547,291.49703542154873,294.79084251341294,1337.138308645689
2025-09-03 16:58:47.736000+00:00,296.024513991624,298.68716003928756,293.0735806723697,295.7336101326435,816.5410043640549
2025-09-03 17:58:47.736000+00:00,291.5282289355312,307.7892159769246,277.4128898787161,293.57478584812054,761.0805858925041
2025-09-03 18:58:47.736000+00:00,294.40407412386065,306.71074698248447,284.29332470255383,296.5270867210267,1976.0261417505599
2025-09-03 19:58:47.736000+00:00,301.3656822772564,301.99053636066236,300.17573452936483,300.7994145085233,2201.3961680334833
2025-09-03 20:58:47.736000+00:00,299.26095123369623,302.014986471687,297.95454359986536,300.7022867648907,1221.4964956636402
2025-09-03 21:58:47.736000+00:00,305.8273386030665,320.662079660794,289.6949453501931,304.46353237355567,1065.9580090880509
2025-09-03 22:58:47.736000+00:00,302.99257876502924,311.95456135430163,293.20330406901223,302.1400709917747,1040.1413005763204
2025-09-03 23:58:47.736000+00:00,302.5823816543685,325.6890200613502,283.5045533016285,306.37224096403753,1818.2298265242684
2025-09-04 00:58:47.736000+00:00,311.1699434808386,328.2302104788639,293.0586102248142,310.0579085692116,1545.6618492133946
2025-09-04 01:58:47.736000+00:00,308.09700676175646,331.8795650438348,285.94144640477344,309.6148547382394,1684.4871540123338
2025-09-04 02:58:47.736000+00:00,307.7893393974772,323.24051586744906,291.6636062588569,307.0791298601718,1384.0520106149377
2025-09-04 03:58:47.736000+00:00,308.83252752212485,313.4419771738395,303.1553004346465,307.7485716085026,1816.837582656825
2025-09-04 04:58:47.736000+00:00,313.6534123304827,315.4678356254526,310.6135823557083,312.42087566852774,886.5290507627526
2025-09-04 05:58:47.736000+00:00,310.4350749896781,322.4726484842443,299.4543031886819,311.4557723705583,1930.3541222314986
2025-09-04 06:58:47.736000+00:00,310.76633021203384,322.0726732210741,298.2610998644288,309.5221779564242,2286.0527878082307
2025-09-04 07:58:47.736000+00:00,315.0470280475303,323.73728690810503,303.84767761368147,312.4667624135866,2399.3318486954513
2025-09-04 08:58:47.736000+00:00,318.51297544472374,329.4856339290714,305.8612960699352,316.77404916366294,1320.3150791118362
2025-09-04 09:58:47.736000+00:00,311.1372725365698,312.8763122818393,310.4931026349875,312.22988027577145,1663.5327976760911
2025-09-04 10:58:47.736000+00:00,312.8188463934499,325.5501435919342,299.41101553738355,312.1136106084968,1411.910444566866
2025-09-04 11:58:47.736000+00:00,314.2473452766363,329.596678500951,298.3152715842528,313.6346792912773,1373.9959558392218
2025-09-04 12:58:47.736000+00:00,313.2466686974251,332.31299587743115,293.0213277266896,312.01253725598457,1384.786744159629
2025-09-04 13:58:47.736000+00:00,313.16801959591163,320.9820500259294,304.84042054413044,312.6413087163728,768.8632372192258
2025-09-04 14:58:47.736000+00:00,315.099371342664,327.11945083059584,303.5482618407478,315.55175747535856,438.85843793250996
2025-09-04 15:58:47.736000+00:00,310.65141238523915,318.7920346947584,304.41550671794414,312.51864682913236,823.8309345464079
2025-09-04 16:58:47.736000+00:00,306.67266173617156,312.23454628518135,301.4766525968661,307.03244133648485,690.6972558460625
2025-09-04 17:58:47.736000+00:00,311.5265850130061,327.12965518207113,294.88948330324985,310.4380324022507,1156.1759862179617
2025-09-04 18:58:47.736000+00:00,312.1709523648519,329.91078575536915,293.1414895786276,310.80362122791905,1615.6419959486732
2025-09-04 19:58:47.736000+00:00,310.55625930707373,315.08458347821306,305.9846070466584,310.51229008798106,1830.6560973188562
2025-09-04 20:58:47.736000+00:00,314.5763121427614,318.4565472807616,310.55522520094377,314.43370126260254,2484.1798813951004
2025-09-04 21:58:47.736000+00:00,318.18548418157775,329.3899941696609,305.648692383521,316.80457536829874,1241.1028939753262
2025-09-04 22:58:47.736000+00:00,317.22455154929526,327.9175522016024,304.8011292934824,315.43376617807655,1458.7384105663402
2025-09-04 23:58:47.736000+00:00,318.26876479070376,329.6891042752363,305.9388481229249,317.3253348014354,1480.9479809688878
2025-09-05 00:58:47.736000+00:00,320.05896124179134,324.7728726350831,314.08437803259056,318.7794443695256,1115.423637074643
2025-09-05 01:58:47.736000+00:00,311.5164109389228,314.867486761639,308.27824509615044,311.6281593114832,1502.5390994058093
2025-09-05 02:58:47.736000+00:00,312.55444249210325,320.2261503153653,305.0575628578575,312.7251755070049,1044.4616029811589
2025-09-05 03:58:47.736000+00:00,307.53705119395715,321.83405881262985,296.12054422007736,310.31444825248366,1475.2549176120701
2025-09-05 04:58:47.736000+00:00,307.5795724295575,310.88790228968645,304.52308342407076,307.828935307883,1504.4847341250957
2025-09-05 05:58:47.736000+00:00,304.07002732615535,310.96429566368477,296.4119109878325,303.28845858964485,1155.033712163329
2025-09-05 06:58:47.736000+00:00,305.4010228514738,306.21065050110064,302.3812023265479,303.1849551113853,2073.1384891596163
2025-09-05 07:58:47.736000+00:00,299.2047063092942,318.5517061322916,280.3993691636893,299.7143380823892,1196.9425744293414
2025-09-05 08:58:47.736000+00:00,302.59786804286955,311.96668527012724,293.6329732747541,302.99016805294883,889.4663169916007
2025-09-05 09:58:47.736000+00:00,304.6171848779305,318.40627113555064,291.0471133242603,304.8268590280278,1220.3127682199454
2025-09-05 10:58:47.736000+00:00,311.5491538749894,317.63876967496327,303.98578622505994,310.04602143142955,1264.9723302354591
2025-09-05 11:58:47.736000+00:00,312.1008221321632,330.87448054020325,293.92676530304243,312.6674293967574,1817.0656879302326
2025-09-05 12:58:47.736000+00:00,308.2889094791683,328.2240514106069,292.4112639138678,312.1476700775922,1143.8707948994372
2025-09-05 13:58:47.736000+00:00,310.09670631486534,322.25598742819204,300.41289746018657,312.49721465594905,1653.67240074908
2025-09-05 14:58:47.736000+00:00,312.9200845008303,322.98640230013075,303.9480906922925,313.98390675286976,1114.5224789526007
2025-09-05 15:58:47.736000+00:00,309.95562844825196,319.4674253507025,302.64456198060066,312.1056454399322,1281.3104283470393
2025-09-05 16:58:47.736000+00:00,313.9154156557099,331.27313385181014,294.5216824117343,311.7602313003211,2242.438057399864
2025-09-05 17:58:47.736000+00:00,312.7247325681859,323.76378668024273,302.2114235802803,313.23337784569634,1068.8793602959424
2025-09-05 18:58:47.736000+00:00,315.71916585464254,328.832566114709,301.1616035275764,314.212421122743,1123.7892657378932
2025-09-05 19:58:47.736000+00:00,318.3369896077178,326.3075200628055,308.25573172380007,316.1720565237412,1047.2886672392021
2025-09-05 20:58:47.736000+00:00,317.1131738158561,335.4899524545969,297.3511900506332,315.64275775294453,1012.1898274336129
2025-09-05 21:58:47.736000+00:00,315.84860907864635,320.1620387118706,309.2949671227281,313.5773793978658,12.062876226471953
2025-09-05 22:58:47.736000+00:00,316.02496557083083,324.184000021063,305.72512763298215,313.82742670706193,1476.0854356612922
2025-09-05 23:58:47.736000+00:00,305.4441882137336,322.52791044067163,290.7750278017931,307.74810298842243,1364.6213382218739
2025-09-06 00:58:47.736000+00:00,311.9324206275669,321.2802823279691,301.66115675575116,310.9804914360608,1139.190046509734
2025-09-06 01:58:47.736000+00:00,312.4087134421061,328.31039423930457,296.1873778233172,312.0719155231231,2093.15573494488
2025-09-06 02:58:47.736000+00:00,308.25594987067467,315.52548040618336,300.75463868359014,308.018571170762,1683.2316539819394
2025-09-06 03:58:47.736000+00:00,309.61257626026645,323.68413277675734,293.85408400575676,307.84532066817866,1200.3890093152477
2025-09-06 04:58:47.736000+00:00,303.4142682859602,310.7620625865507,296.87202890519137,304.2028203909047,1553.861109506651
2025-09-06 05:58:47.736000+00:00,303.1364951568592,323.0367482855116,282.2529128669873,302.08407702921033,2109.759244470104
2025-09-06 06:58:47.736000+00:00,296.5498159851716,301.45488032824636,292.93057521867814,297.82013594803186,1188.6582146908602
2025-09-06 07:58:47.736000+00:00,294.6313359073854,303.89762410792673,286.2959770558753,295.5366531006127,1401.7460268714322
2025-09-06 08:58:47.736000+00:00,291.49715367057735,298.5023316767909,283.88912444250417,290.8794581631784,1866.2278188080759
2025-09-06 09:58:47.736000+00:00,288.1330224224906,299.4000113948439,278.7073520832203,289.91601420158753,2016.3088968289564
2025-09-06 10:58:47.736000+00:00,291.8483179378503,305.20818712989694,278.29466645542,291.6452393694238,903.1326283583179
2025-09-06 11:58:47.736000+00:00,290.22770420785736,312.95921632621855,267.14857393606707,289.8505458721718,2059.031806778016
2025-09-06 12:58:47.736000+00:00,286.82678541361986,297.71972949402425,276.9948600980133,287.85263967160677,1876.101018733511
2025-09-06 13:58:47.736000+00:00,288.87658466294056,295.7655351276573,282.3518486351459,289.23275444030304,1695.6937929847004
2025-09-06 14:58:47.736000+00:00,283.6961244447082,304.1917972330165,264.54268042974235,284.9534651866882,1060.8189003659882
2025-09-06 15:58:47.736000+00:00,287.4568476006985,305.0615902254002,271.74683705993124,289.25339526832505,887.8195349653413
2025-09-06 16:58:47.736000+00:00,287.52447197136746,298.27380563264455,278.6166637313211,289.3106594405041,1535.668211089065
2025-09-06 17:58:47.736000+00:00,288.95740155365104,301.8191959364051,277.29968032391287,290.1147812834349,756.0658606094806
2025-09-06 18:58:47.736000+00:00,295.3370298573965,314.1008773420657,274.80999540760723,293.4542211306268,1571.3414923020891
2025-09-06 19:58:47.736000+00:00,288.12611214725763,294.9202754783932,283.10068509967994,289.864527405779,1146.8669066431205
2025-09-06 20:58:47.736000+00:00,283.93645406001986,297.85261013840903,272.01111290455697,285.84702493820225,951.1894090286373
2025-09-06 21:58:47.736000+00:00,281.14185831397003,292.3150168475059,271.17739621551937,282.30918151538964,2369.0086159514863
2025-09-06 22:58:47.736000+00:00,282.1404956569208,285.67437104486226,278.4457273969138,281.9775620029093,2156.134332955833
2025-09-06 23:58:47.736000+00:00,282.0773287097828,292.1286085075318,271.8037473860668,281.84681321002205,869.5930178098572
2025-09-07 00:58:47.736000+00:00,283.66974535393905,294.6464474084472,272.62725211474947,283.60130587935873,1126.3516982795666
2025-09-07 01:58:47.736000+00:00,284.82701159436465,295.7753238056019,274.42599251582425,285.35502333869954,1849.9299451569689
2025-09-07 02:58:47.736000+00:00,286.73570325655925,302.8800637477195,270.0295994639932,286.14044452088746,834.7071690673089
2025-09-07 03:58:47.736000+00:00,286.0196624506241,295.55452401119396,277.9647030992498,287.45902885273085,1355.1957100156426
2025-09-07 04:58:47.736000+00:00,281.65672536069326,287.4872094811085,276.8051430371588,282.61905094485405,1917.671450566009
2025-09-07 05:58:47.736000+00:00,281.804712778615,288.0462408416816,274.4211636679103,280.6368248633662,1948.2173093451838
2025-09-07 06:58:47.736000+00:00,277.1017993357431,291.94260225345334,263.3708026699253,278.1592086566362,1588.5677605770863
2025-09-07 07:58:47.736000+00:00,278.7327875068269,292.8626730272461,262.7100416413963,276.7388477716033,2146.15546119194
2025-09-07 08:58:47.736000+00:00,279.92844778645286,297.08400604850846,262.767217082058,279.92240500942944,646.5644410161883
2025-09-07 09:58:47.736000+00:00,278.36924265921283,291.57641736541615,266.08301470900193,279.2512602949296,897.4662096255108
2025-09-07 10:58:47.736000+00:00,280.4444424009538,290.09595111618,268.9743777722609,278.56107014235926,1913.5151364981616
2025-09-07 11:58:47.736000+00:00,277.13486659618945,282.22097322434416,269.94439048094125,274.99115472210013,592.3383713577363
2025-09-07 12:58:47.736000+00:00,269.9449475793138,279.60399103705987,260.4198652512336,270.07434295719133,1998.0981314221492
2025-09-07 13:58:47.736000+00:00,266.89215720903616,282.42039214828503,250.99027493178383,266.49542746685734,1970.720366602302
2025-09-07 14:58:47.736000+00:00,265.2953733507889,267.65716474424033,264.09724491325665,266.4538045931022,966.3423930791487
2025-09-07 15:58:47.736000+00:00,268.2105025078937,268.5101494660045,267.3371894911573,267.6361948280502,1760.4629618642964
2025-09-07 16:58:47.736000+00:00,264.0020019843085,268.93474108096945,259.97167790055573,264.8908476452903,1637.4834438936625
2025-09-07 17:58:47.736000+00:00,266.6338447088547,270.2532800323824,263.6880884424357,267.30016232505,1009.2458814274195
2025-09-07 18:58:47.736000+00:00,264.4520297126004,283.6614559035034,245.44596340000265,264.64175416688147,1680.0184008154497
2025-09-07 19:58:47.736000+00:00,266.07970051768905,273.8434333738729,257.50139025348363,265.2406408391993,2359.2540402147965
2025-09-07 20:58:47.736000+00:00,261.75230957066407,279.91090089820847,244.28686482084817,262.40209890097714,445.9398033425761
2025-09-07 21:58:47.736000+00:00,262.39019459845156,273.4265249716178,250.51528396827388,261.51479434350887,513.9774802641591
2025-09-07 22:58:47.736000+00:00,261.0877559175097,273.12827720055327,249.3700827051963,261.39673685882786,1640.675085745674
2025-09-07 23:58:47.736000+00:00,260.37340448530006,274.2797864406492,246.79096472134344,260.6812859669324,1461.3318093116802
2025-09-08 00:58:47.736000+00:00,257.67916248429384,271.8271425679774,245.68002617130034,259.7323950417909,1286.0536648981924
2025-09-08 01:58:47.736000+00:00,257.62552085501494,267.63855277914956,247.21265759363268,257.20952101204523,1539.1677168534104
2025-09-08 02:58:47.736000+00:00,259.18956520585635,268.99566264171494,248.8696640908626,258.6555580666219,3068.944620393545
2025-09-08 03:58:47.736000+00:00,255.61993214750606,260.55071233251937,252.6969088407774,257.60498981846104,845.2321174015653
2025-09-08 04:58:47.736000+00:00,262.066752996565,274.4317721291274,249.2183356463976,261.5594173071738,1367.843936825496
2025-09-08 05:58:47.736000+00:00,261.1514712535082,277.3778530485903,243.42859165982009,259.5558298976236,2493.1579475352178
2025-09-08 06:58:47.736000+00:00,256.8895145655084,258.4614193703143,254.60159537135385,256.16909191595397,1440.5428029477953
2025-09-08 07:58:47.736000+00:00,254.58784061309558,263.4544981865531,245.50506501803767,254.36392414095346,1140.365770683235
2025-09-08 08:58:47.736000+00:00,254.5636806812845,268.1992153610908,239.74821405125815,253.3169694722105,1088.4132639668817
2025-09-08 09:58:47.736000+00:00,260.32358083865256,264.1104605690915,255.1415800766833,258.9078656561373,1492.4327464761634
2025-09-08 10:58:47.736000+00:00,259.9421738397898,269.08916126631186,250.96331965814053,260.104693377546,1360.2989456188188
2025-09-08 11:58:47.736000+00:00,262.09370512676105,270.0658216030246,254.69440392269254,262.6507929676918,2080.219829499605
2025-09-08 12:58:47.736000+00:00,262.50608791304074,271.67654498874987,253.70287973916288,262.861420641777,1349.6348011395119
2025-09-08 13:58:47.736000+00:00,264.58254042484793,285.97106147949484,243.13983610857872,264.52359183291435,1271.5722076549282
2025-09-08 14:58:47.736000+00:00,261.49522322677416,270.71996069932965,253.0835077872531,262.2829072302576,422.506697499534
2025-09-08 15:58:47.736000+00:00,261.659075314928,278.2645575675896,245.8703905872447,262.4293914460531,1334.2560267379747
2025-09-08 16:58:47.736000+00:00,260.6998330630073,267.18560493318364,253.2209529061734,259.68138757132095,1714.8972825806466
2025-09-08 17:58:47.736000+00:00,259.1947409235821,268.08034546029234,251.25661459968472,260.1140638523973,2093.5012391168943
2025-09-08 18:58:47.736000+00:00,263.5373522431672,276.76858242352586,249.42182354885597,262.6063095381823,1761.812561221975
2025-09-08 19:58:47.736000+00:00,262.8065284466891,271.0158122299951,253.8589771517461,262.04445609176315,916.7345714417247
2025-09-08 20:58:47.736000+00:00,264.6145508779472,275.35135085750215,256.4183673659027,267.0788383885052,2282.7577366076985
2025-09-08 21:58:47.736000+00:00,269.7680339118972,286.7238861878211,250.9752569079556,267.8079085369459,1574.2651556740598
2025-09-08 22:58:47.736000+00:00,267.6451052106169,271.44612235473915,262.2031496283251,265.98052692066346,2010.6914675255618
2025-09-08 23:58:47.736000+00:00,267.5986777600071,282.1772852195976,254.20093810160148,268.7232424968447,1710.136617598377
2025-09-09 00:58:47.736000+00:00,268.1340705452444,282.0006563072607,253.45435830983368,267.27659987271534,2265.1612900057353
2025-09-09 01:58:47.736000+00:00,267.2311362515486,281.15538169049245,251.736979646661,265.57492728169666,1270.9026162286646
2025-09-09 02:58:47.736000+00:00,266.7076682799994,280.1749702686194,254.59913912924557,268.0074318469977,1124.1401971368891
2025-09-09 03:58:47.736000+00:00,270.17756673680634,280.68627359361085,257.9456223247249,268.38459036755916,2052.7451286255505
2025-09-09 04:58:47.736000+00:00,265.69584973088354,269.3569095642428,260.3031337827514,263.9399995132991,975.0710220814358
2025-09-09 05:58:47.736000+00:00,264.9339408597807,275.2543107621772,253.14090305143492,263.40158062291744,2367.591335119204
2025-09-09 06:58:47.736000+00:00,265.8221105249747,271.56025962611545,260.49169780150504,266.2218314759431,1444.2110276153699
2025-09-09 07:58:47.736000+00:00,266.9644892923206,285.63191160661603,250.2145525320841,268.76877030399504,1476.1168344208318
2025-09-09 08:58:47.736000+00:00,267.24099588516435,271.3566308153263,263.0466399789373,267.16104360703986,2186.7566089276975
2025-09-09 09:58:47.736000+00:00,263.15764231447963,268.00448682889663,258.133112965979,262.9766234704719,598.054244877688
2025-09-09 10:58:47.736000+00:00,262.83711249309613,270.40167186348896,254.66356217726047,262.2100751572111,1509.1647992793887
2025-09-09 11:58:47.736000+00:00,262.6003440471339,271.6669039218703,253.58018617224673,262.6452050978965,1621.6716686693228
2025-09-09 12:58:47.736000+00:00,260.89199299446886,268.1158056897917,254.90400323326912,262.10008775280386,2343.8217071035156
2025-09-09 13:58:47.736000+00:00,263.6342466154245,270.7013319873319,256.88191924806506,263.9411442108667,1805.6797728230245
2025-09-09 14:58:47.736000+00:00,262.4874481470901,269.81842006725105,254.5435321523911,261.85689340530377,1347.0342811833866
2025-09-09 15:58:47.736000+00:00,267.46869180699264,276.6908954763292,257.5222097193157,266.7185487848956,1676.9116355654437
2025-09-09 16:58:47.736000+00:00,265.27195362488266,275.5821799127168,255.99817757976726,266.27339400806204,1976.1646921903077
2025-09-09 17:58:47.736000+00:00,263.9331222953575,275.09131361749616,252.94786539815297,264.09914656357586,1111.2822055216118
2025-09-09 18:58:47.736000+00:00,260.5604085102079,276.3146436477895,246.50954948496735,262.17662906685655,2029.049900947968
2025-09-09 19:58:47.736000+00:00,261.69917334882774,262.937222942431,260.0766638470447,261.312885987759,2157.615062529001
2025-09-09 20:58:47.736000+00:00,258.7033888212018,263.2227904509169,253.15184898878587,257.6528991592807,2070.6496833133842
2025-09-09 21:58:47.736000+00:00,261.05653486333983,273.9442032850133,249.69666079780066,262.5206195789574,1178.2628614393975
2025-09-09 22:58:47.736000+00:00,260.2072539459402,263.3438367118666,258.3677671759638,261.4952447306694,1351.6732421243576
2025-09-09 23:58:47.736000+00:00,260.5684930703357,267.8952709089461,254.22938840732277,261.5327088258892,913.399002533135
2025-09-10 00:58:47.736000+00:00,259.0913396730065,263.0247930732769,254.18193599404748,258.10034437651234,1183.4296431497646
2025-09-10 01:58:47.736000+00:00,254.1275601644008,267.40227824547884,240.40525577316234,253.65530492348194,2559.8823648779903
2025-09-10 02:58:47.736000+00:00,250.59409088902797,264.0529851914118,238.78472411145606,252.16938206145556,1839.5337968886342
2025-09-10 03:58:47.736000+00:00,251.48318123476457,268.1515514471708,237.391844997525,253.92347824968166,1443.5397163061161
2025-09-10 04:58:47.736000+00:00,248.0527493304008,253.13605991472542,242.50462171177753,247.57820757779018,1053.4850955772595
2025-09-10 05:58:47.736000+00:00,250.27458752649233,256.1927696192996,242.08226753363084,247.94537121679795,922.9373681104436
2025-09-10 06:58:47.736000+00:00,248.16052816752247,263.06449165032905,233.36977185836835,248.2673675467705,1084.1108167726843
2025-09-10 07:58:47.736000+00:00,248.85281044620717,262.1369324951891,235.18905599420023,248.45176992137343,1064.262034283059
2025-09-10 08:58:47.736000+00:00,249.20957798545476,260.14914232746605,238.91100448841644,249.82513112725664,1776.6441670954841
2025-09-10 09:58:47.736000+00:00,252.87527101586804,266.60290612821086,238.0648466717441,251.7303271429954,1053.3902031204311
2025-09-10 10:58:47.736000+00:00,248.6055800738264,261.25102322991734,237.32483457800183,249.9110410391629,1683.028371084547
2025-09-10 11:58:47.736000+00:00,244.42429719035704,260.3492761808565,230.45600872418382,246.2752121653835,1663.6304995346272
2025-09-10 12:58:47.736000+00:00,248.9807541488994,255.19541118567506,241.2100711582826,247.384894924439,631.9355490178309
2025-09-10 13:58:47.736000+00:00,244.5377346469399,259.4151184546625,232.28202493209747,247.03428686714489,1074.4860885584678
2025-09-10 14:58:47.736000+00:00,246.81228406166406,256.04250530767627,238.0358697755657,247.25050818121025,1387.6108371239393
2025-09-10 15:58:47.736000+00:00,252.77292254457583,253.39422782150106,251.9376605925241,252.55843867706912,1163.9736832545564
2025-09-10 16:58:47.736000+00:00,248.2134659260679,256.8095113590284,243.34691947819326,251.8712493305041,1042.4419886135584
2025-09-10 17:58:47.736000+00:00,248.17724450954432,255.84897141221316,242.01212807819465,249.64733558653998,1966.9701114312704
2025-09-10 18:58:47.736000+00:00,250.3738502411827,256.9396215811279,243.9214121455978,250.48433613004775,1285.3012072054853
2025-09-10 19:58:47.736000+00:00,252.23202875235498,259.24286794707893,245.571207746677,252.57304163859655,985.2294779937927
2025-09-10 20:58:47.736000+00:00,252.24285182530835,255.41688053256956,249.0825145969025,252.25637388697479,1051.0053228276613
2025-09-10 21:58:47.736000+00:00,250.81107448895364,265.3235188568147,239.2921063527124,253.67310654062533,1107.8031270905979
2025-09-10 22:58:47.736000+00:00,252.80465242538713,258.95903976549215,248.02608434997177,254.15494810976352,1519.6374514222516
2025-09-10 23:58:47.736000+00:00,252.47096833607424,260.6060694236121,245.4321432704431,253.53750946805368,1982.2725232550436
2025-09-11 00:58:47.736000+00:00,254.71639450458966,262.06972211797984,246.55654927647862,253.88590165249184,1531.3311577058269
2025-09-11 01:58:47.736000+00:00,254.15104666840844,266.0878303719367,243.42172736736487,255.30960117501812,1294.5643654378953
2025-09-11 02:58:47.736000+00:00,256.6118993058452,261.1312367340808,251.4233927147278,255.93073375076082,2384.6624117826977
2025-09-11 03:58:47.736000+00:00,256.0514472339826,270.9382776661048,241.6648022043966,256.5250239965338,1196.8579297756648
2025-09-11 04:58:47.736000+00:00,254.37261508962462,265.4857927755554,242.86074573259572,253.9557094021245,901.8913706931936
2025-09-11 05:58:47.736000+00:00,250.9291818500114,262.7504396355155,241.21254996421624,252.95534926680176,1124.531281897234
2025-09-11 06:58:47.736000+00:00,252.36876674256214,256.25004526616254,247.29062427326926,251.15320824463535,1177.7260662118608
2025-09-11 07:58:47.736000+00:00,251.64584586407855,258.06568417044775,246.9106748951827,253.29939862073311,1567.5783427759088
2025-09-11 08:58:47.736000+00:00,251.79414276756057,253.56584633767287,249.8485748083304,251.61904634439045,699.4849273127695
2025-09-11 09:58:47.736000+00:00,252.38561142945164,271.59014329272793,232.97476828436285,252.1623085821455,1588.3209266770345
2025-09-11 10:58:47.736000+00:00,249.0030178351807,261.30854504193957,238.27893491034368,250.5191645814556,1017.7139802995702
2025-09-11 11:58:47.736000+00:00,251.67522943501075,253.86680832853818,248.75656292850636,250.94175475072515,1409.915068710443
2025-09-11 12:58:47.736000+00:00,252.82448743277175,271.4249736479602,232.87363255765933,251.36688162586987,1150.08082438617
2025-09-11 13:58:47.736000+00:00,251.53959988931226,253.94051910913646,250.2436813943021,252.63893688900794,2269.634580172021
2025-09-11 14:58:47.736000+00:00,250.67789019175478,256.1749466065616,246.73308429626292,252.20609208110093,1658.1527313518989
2025-09-11 15:58:47.736000+00:00,249.81920990629635,257.9213005562385,241.6607900291113,249.7609925856211,1021.6502934178678
2025-09-11 16:58:47.736000+00:00,248.1287752930684,258.87743686891696,238.64266238904074,249.34483333179145,1160.0595987809281
2025-09-11 17:58:47.736000+00:00,247.86219364896778,257.1688674706278,240.0521623266426,249.31311814041402,1163.0131606224375
2025-09-11 18:58:47.736000+00:00,249.31459079564118,261.59777619724684,238.00634049928078,250.24722412047984,1063.9188696901238
2025-09-11 19:58:47.736000+00:00,250.79557109793447,257.6059516886909,241.9911112678997,248.74583094530564,1421.706028780964
2025-09-11 20:58:47.736000+00:00,246.74834981188474,259.6089630403887,235.0826716542515,247.8893414956043,805.0037361901202
2025-09-11 21:58:47.736000+00:00,252.08898337824874,252.6717393548518,251.05637716032285,251.6380908052134,2589.592207221126
2025-09-11 22:58:47.736000+00:00,255.5922037860222,268.63379196631996,245.97679294137316,258.8941610733334,1883.3614398775462
2025-09-11 23:58:47.736000+00:00,257.7997275234323,271.9004356532363,244.59685030406638,258.65381733667493,1960.4937920686114
2025-09-12 00:58:47.736000+00:00,256.59453197963285,266.470357514192,246.4063615791381,256.26968435925664,2570.6529671501
2025-09-12 01:58:47.736000+00:00,260.69875991888017,273.28955026725134,247.9715663097027,260.5554345714411,1455.4543233925192
2025-09-12 02:58:47.736000+00:00,261.36718785287866,275.1205984873586,245.23946152554555,258.86099363910256,1538.0132122861462
2025-09-12 03:58:47.736000+00:00,257.69465462538056,261.70113604323006,256.05553783062436,260.04705634143795,1046.7153079806083
2025-09-12 04:58:47.736000+00:00,255.48409155019706,258.6831208390795,253.4259711129217,256.6158829534199,1732.5509922417614
2025-09-12 05:58:47.736000+00:00,257.89790783790346,270.2282154232325,245.21428677386837,257.5268539738126,1650.1541532623903
2025-09-12 06:58:47.736000+00:00,256.03535480465746,271.4830728076102,239.99090761705142,255.4003106662883,748.8017195491062
2025-09-12 07:58:47.736000+00:00,256.1852870043778,267.1868537197058,244.98942879359618,255.982277512285,988.9296160165817
2025-09-12 08:58:47.736000+00:00,257.5758157001814,267.15457175460523,248.30716012895112,257.8751450605651,584.2911485070991
2025-09-12 09:58:47.736000+00:00,258.6522054367064,269.39397514578394,246.8723836580324,257.56917536428847,1206.0052999022332
2025-09-12 10:58:47.736000+00:00,260.0411275517158,275.9497517836181,244.40476783714607,260.2979492921545,1474.5327606109406
2025-09-12 11:58:47.736000+00:00,258.29056848777776,260.42556661520376,255.6495863266354,257.7803671927972,1780.7846848765325
2025-09-12 12:58:47.736000+00:00,258.983634369561,263.9701249924693,253.76887199380903,258.7508811688623,1516.4166438404766
2025-09-12 13:58:47.736000+00:00,260.8689906745748,274.21360243523935,246.84620040003384,260.1542499884719,1547.2278688809233
2025-09-12 14:58:47.736000+00:00,259.6772430791609,266.7389123079469,251.18026078166895,258.2018069650842,1228.589918116677
2025-09-12 15:58:47.736000+00:00,258.7530114018886,277.8520334558083,241.91839300220875,260.8790910992461,1530.8404391036313
2025-09-12 16:58:47.736000+00:00,263.41572923184646,272.7480805928626,253.56050305762713,262.8736494965601,1384.0720460787604
2025-09-12 17:58:47.736000+00:00,265.10280569175893,277.04413416620764,252.75535135835761,264.6775233547473,1167.2222953707205
2025-09-12 18:58:47.736000+00:00,259.19793640043366,263.0248604220852,256.24396259258606,260.0610500577728,1196.6278014536904
2025-09-12 19:58:47.736000+00:00,261.6758336849732,275.5589117678792,247.50603436192023,261.3730483215821,1869.286554046663
2025-09-12 20:58:47.736000+00:00,262.01155301153335,268.4761220578811,255.51967309530326,261.98355125889697,1513.1315860211853
2025-09-12 21:58:47.736000+00:00,261.3836678141375,263.03677279542893,259.09410848320454,260.7431626287211,1539.0358747710554
2025-09-12 22:58:47.736000+00:00,264.5305424625322,266.208979805963,262.8908092266556,264.56900813470384,1640.0649832809788
2025-09-12 23:58:47.736000+00:00,267.1807336517263,278.04535405925037,256.49014907791366,267.34807377891053,2087.4722010475266
2025-09-13 00:58:47.736000+00:00,269.43572236236633,279.4353435814028,260.40360924280037,270.37184930579275,1219.0063316560456
2025-09-13 01:58:47.736000+00:00,272.18673734901523,280.38500251682063,263.2551010562949,271.4305910972215,1221.5212945249539
2025-09-13 02:58:47.736000+00:00,267.6085210545711,276.5210010268537,260.063835001193,268.9388101382156,1848.952742190916
2025-09-13 03:58:47.736000+00:00,269.4191259648242,278.01843784301855,259.9637566554987,268.5348440490551,1483.7566213747111
2025-09-13 04:58:47.736000+00:00,267.36733008621275,283.43441039391286,252.5581045856444,268.559169999063,1693.2664879245406
2025-09-13 05:58:47.736000+00:00,270.01501788324697,288.64226360004614,251.71388040447846,270.32042609602354,937.6785936115847
2025-09-13 06:58:47.736000+00:00,269.89977797315544,286.37985071058665,255.13892051926973,271.52984467563743,997.5701218708533
2025-09-13 07:58:47.736000+00:00,273.4953926798126,284.0609614195245,263.11131857225894,273.67024838971355,936.4175502033343
2025-09-13 08:58:47.736000+00:00,274.18237609379,285.13324669262045,263.8312506877428,274.7603029851449,1655.7314574922793
2025-09-13 09:58:47.736000+00:00,275.2489683315857,296.8640844910533,253.01913815652213,274.5818673229359,1941.6865607640868
2025-09-13 10:58:47.736000+00:00,272.14150233371055,278.048610356553,268.5262986422778,274.40335952277235,503.6441440303603
2025-09-13 11:58:47.736000+00:00,277.0736164515057,287.1621285247489,265.94696354873065,275.9962476046773,2254.020770124977
2025-09-13 12:58:47.736000+00:00,278.4118317706691,286.25429468147377,270.67031466174546,278.5100466114924,1871.218991330493
2025-09-13 13:58:47.736000+00:00,283.7937427500993,286.28554151935907,279.84401814234184,282.3229024689972,694.312958558195
2025-09-13 14:58:47.736000+00:00,282.6611275434595,294.10324385138955,272.1057600458883,283.5159546859393,2054.6201315269964
2025-09-13 15:58:47.736000+00:00,288.79719433088434,296.7312206525043,278.7763710746068,286.6514480440394,2038.0457235889073
2025-09-13 16:58:47.736000+00:00,286.3581763217846,304.55749289041296,266.2647585211595,284.33552685548426,2233.700205425578
2025-09-13 17:58:47.736000+00:00,284.6998298548301,302.43881876889515,267.6160123905378,285.31791238492417,1917.2556789694022
2025-09-13 18:58:47.736000+00:00,285.9996933979989,301.40128652646695,271.50072523593946,286.8587669868995,1738.0545885249194
2025-09-13 19:58:47.736000+00:00,285.22800986763036,295.8051701173353,274.38981014105514,284.9569174221194,1785.6834439462218
2025-09-13 20:58:47.736000+00:00,283.0869749011746,299.27814825776585,266.1633189425613,282.3100564079868,1973.8598722575632
2025-09-13 21:58:47.736000+00:00,279.39360960741914,294.6083881814702,266.0150682011175,281.1459379235395,1790.6340886243588
2025-09-13 22:58:47.736000+00:00,272.62823427827055,290.45383394644364,255.69088582257788,273.4645296603656,2047.2417408939782
2025-09-13 23:58:47.736000+00:00,267.7634485604053,277.88356440430374,258.371141219063,268.46659294902514,964.2692274092913
2025-09-14 00:58:47.736000+00:00,268.6723833479694,282.5571426535395,253.71635853890595,267.5427387778936,2691.8838672445354
2025-09-14 01:58:47.736000+00:00,265.3013300034152,279.7803704429672,249.62971262835302,264.0399100248622,1351.0646686885298
2025-09-14 02:58:47.736000+00:00,261.9908431712021,271.6401243041822,252.9197843725951,262.54971535435277,1199.4778111004175
2025-09-14 03:58:47.736000+00:00,261.01218037793825,275.1195251655384,246.91988701041478,261.0264607853722,1685.0519956482246
2025-09-14 04:58:47.736000+00:00,261.1042761292443,275.7208734405083,245.40337768018173,259.95567647084073,644.7928144485286
2025-09-14 05:58:47.736000+00:00,261.19761915646876,267.022014157122,254.8115181683211,260.6231021252315,700.2699352688561
2025-09-14 06:58:47.736000+00:00,255.62613109883753,268.6179237228599,242.1064033129481,255.06992778587107,1609.7879562436096
2025-09-14 07:58:47.736000+00:00,260.79607068210913,264.84296432709,256.27466311903726,260.31407745139967,1613.0763241219145
2025-09-14 08:58:47.736000+00:00,260.2007661818913,261.6184474246096,258.62596113151744,260.04278160903175,1676.077180107752
2025-09-14 09:58:47.736000+00:00,261.60213399954023,276.871167839135,246.40817429721085,261.67308714867664,645.4906268877478
2025-09-14 10:58:47.736000+00:00,259.5796666985593,270.63541368065626,250.55628477961102,261.54375701107534,1032.3198994641589
2025-09-14 11:58:47.736000+00:00,259.1771099869376,272.1968470077769,247.66817042443031,260.6236718606576,1208.479285673545
2025-09-14 12:58:47.736000+00:00,258.33719120605474,265.09251614699093,254.06382491320366,260.77876184183754,1662.4622410854486
2025-09-14 13:58:47.736000+00:00,263.90016539844646,264.9266311453705,261.5253433247711,262.5465440277371,1640.608118513594
2025-09-14 14:58:47.736000+00:00,263.49438232317203,278.6981767744017,248.4279215516378,263.62428806549207,752.0394621193967
2025-09-14 15:58:47.736000+00:00,263.9046635612884,270.11732663779674,257.2972532747966,263.50039944192713,1245.5668868650016
2025-09-14 16:58:47.736000+00:00,263.1068791297955,268.78956055976084,258.1689488047111,263.83791040524596,1366.3329469862729
2025-09-14 17:58:47.736000+00:00,264.13556111163683,278.44389519570507,247.4962068710197,261.67103663070566,1830.657919047646
2025-09-14 18:58:47.736000+00:00,267.7265428440711,272.8906879063544,259.9190325383508,265.0311872102163,1794.2979527920897
2025-09-14 19:58:47.736000+00:00,266.8011084283561,274.4845745673958,256.6402203243333,264.25022489737586,947.6628754931123
2025-09-14 20:58:47.736000+00:00,260.8534166584225,267.71822850707514,255.43427273266752,262.26966253901196,1582.003108465678
2025-09-14 21:58:47.736000+00:00,261.3431640834726,277.38582092793104,246.15240004364284,262.14826008934983,2106.3539839486284
2025-09-14 22:58:47.736000+00:00,260.3755178940962,268.469545720485,254.16569481004552,262.2158320831836,1095.214839747157
2025-09-14 23:58:47.736000+00:00,259.7015804560261,262.86703181401873,254.98062946857377,258.1268872009678,1561.9129666088088
2025-09-15 00:58:47.736000+00:00,259.30655427819306,268.3370735850018,250.31282378031165,259.34210988443067,1332.7448531273544
2025-09-15 01:58:47.736000+00:00,258.57721079159586,279.3055437625495,241.4818969697003,261.98493508197635,1379.1378871075408
2025-09-15 02:58:47.736000+00:00,263.9731590566421,273.44827666261574,254.1908196494023,263.6544991999728,2047.2949352556316
2025-09-15 03:58:47.736000+00:00,262.09998221791824,270.37311131382233,252.92112654282292,261.1647347554041,1491.4104116445371
2025-09-15 04:58:47.736000+00:00,260.8872413575066,277.9630010148131,242.50711041457112,259.49151616835354,461.80400144621683
2025-09-15 05:58:47.736000+00:00,258.09713585724234,262.12738966883796,254.29127208951687,258.31826515977303,2419.46533870169
2025-09-15 06:58:47.736000+00:00,261.57250526396433,276.54846004815926,244.81095866174792,259.6784733956758,1224.0179127453307
2025-09-15 07:58:47.736000+00:00,262.7684431969784,265.3223306328177,260.9370537459685,263.4859405165596,1679.5066265631267
2025-09-15 08:58:47.736000+00:00,264.530442103019,269.9538781705602,259.9791731783887,265.38785734324773,1722.8128427527863
2025-09-15 09:58:47.736000+00:00,264.4309350605851,276.67373637116225,251.56582815192675,263.7784188269816,1546.2708041553774
2025-09-15 10:58:47.736000+00:00,264.39824199159574,277.21964494110244,250.79438649318013,263.5759124037009,1343.7412357570674
2025-09-15 11:58:47.736000+00:00,260.3678202658207,265.6882851914995,256.0399593638141,261.34419488927654,1578.3644451275563
2025-09-15 12:58:47.736000+00:00,259.157607368455,271.24747705519457,247.7767599006471,259.8368028711447,1455.0093593233034
2025-09-15 13:58:47.736000+00:00,263.422253953869,265.706578029493,259.17286291442997,261.4399974160317,1439.9915107648822
2025-09-15 14:58:47.736000+00:00,264.2422534154506,276.7003495905512,251.20582125197768,263.63530178484075,1957.8569926896423
2025-09-15 15:58:47.736000+00:00,261.08103084797784,271.10659412123573,252.96230107298854,262.9303566208959,1348.5092318452682
2025-09-15 16:58:47.736000+00:00,262.24241292672684,273.5135746156577,250.58098383246042,261.83461854566895,1208.1190164491875
2025-09-15 17:58:47.736000+00:00,260.7241536896767,275.55996316871875,245.74607139990562,260.573296770088,743.8181427752751
2025-09-15 18:58:47.736000+00:00,261.3399635685472,264.84091455356804,257.577259705833,261.07465659721294,1288.625627299342
2025-09-15 19:58:47.736000+00:00,263.184220962484,267.3538040598173,258.5092279532063,262.6706750291802,1908.2820560658593
2025-09-15 20:58:47.736000+00:00,262.53790898915025,264.0885102571529,260.91183796886264,262.4619908491847,1564.0583953351847
2025-09-15 21:58:47.736000+00:00,266.6412717059647,279.8372237097375,252.67922359301954,265.83528783126246,906.0529175165121
2025-09-15 22:58:47.736000+00:00,262.899204943606,264.8706141436964,262.0221715781051,263.9899420724217,2317.7004275695977
2025-09-15 23:58:47.736000+00:00,266.17993370397534,274.25264309798064,258.43152646958845,266.495062569618,717.9832973924742
2025-09-16 00:58:47.736000+00:00,269.908275293885,278.55524532330605,260.61643282128654,269.2420594960791,869.6922112198325
2025-09-16 01:58:47.736000+00:00,268.3321476679763,279.3118527439092,258.1938847740135,269.1429554926599,1766.9982188359606
2025-09-16 02:58:47.736000+00:00,265.9591433858707,272.0640705446017,259.70710763551796,265.8085786747012,1515.889968307192
2025-09-16 03:58:47.736000+00:00,263.66862506966817,271.61781406339554,255.98831659756667,263.9298951491918,1881.0461228072313
2025-09-16 04:58:47.736000+00:00,263.40168335562555,276.43322473620935,248.71182076893845,261.6570480177765,1166.1978840872591
2025-09-16 05:58:47.736000+00:00,262.23799910520654,274.4327974607612,248.73502742575042,260.86602516664624,1569.958263388272
2025-09-16 06:58:47.736000+00:00,260.63238113874536,274.78277515751097,248.23818561409058,262.30885601114096,971.2457111304026
2025-09-16 07:58:47.736000+00:00,261.9164366321715,268.3690725608247,255.32834883251743,261.7775634482213,1804.3257837225171
2025-09-16 08:58:47.736000+00:00,263.41831414163516,276.02236857737046,250.49845490923562,263.08663935076527,1075.9390259085417
2025-09-16 09:58:47.736000+00:00,262.3410851793556,269.52112308266055,255.2378406443877,262.41585407727774,1870.855562898293
2025-09-16 10:58:47.736000+00:00,263.1140278828591,268.4512129662541,257.70372456372365,263.039395758001,920.0391120090304
2025-09-16 11:58:47.736000+00:00,263.55811834025326,277.8460007794906,250.60508085506007,264.830433098454,713.9926191530291
2025-09-16 12:58:47.736000+00:00,270.5909523640766,280.29752382927126,260.04637914569497,269.7217715733511,547.3159220554456
2025-09-16 13:58:47.736000+00:00,267.23214870541455,276.80089608307816,258.1405186939875,267.69356791282456,498.05168986268563
2025-09-16 14:58:47.736000+00:00,270.29881595832217,279.05007145630964,261.39117463158505,270.1371975350063,641.5308938662598
2025-09-16 15:58:47.736000+00:00,270.80547002950794,277.75982031390475,263.7571596061031,270.7090333737427,1018.7505500519703
2025-09-16 16:58:47.736000+00:00,269.1095753918343,283.02369109627756,256.0619483658468,269.93599555174126,1119.6901342170383
2025-09-16 17:58:47.736000+00:00,269.9001594498369,282.79416186850256,256.16431314856226,269.016080248106,1161.7004757113007
2025-09-16 18:58:47.736000+00:00,268.6296783246165,277.5912971726441,258.8519168749669,267.78536915165677,1200.9234413736986
2025-09-16 19:58:47.736000+00:00,268.2371829601654,282.5692788605766,255.14104646423212,269.4156081447515,1821.693213983106
2025-09-16 20:58:47.736000+00:00,266.14292516963576,276.41617186572495,256.27241425794733,266.5312587277866,1860.6126661217
2025-09-16 21:58:47.736000+00:00,267.8781521742062,269.08124587236443,266.67771496798485,267.88079681476626,1604.1058365667357
2025-09-16 22:58:47.736000+00:00,271.4086329071791,276.6488518341113,266.24871207671964,271.4874328874885,1483.9063767733223
2025-09-16 23:58:47.736000+00:00,267.93319272457336,279.1456290453296,256.6199409784618,267.8279741237492,2098.529968132446
2025-09-17 00:58:47.736000+00:00,268.2240539759047,280.72533600185005,256.29240979403585,268.7694313244327,499.3964817544697
2025-09-17 01:58:47.736000+00:00,269.86897529676054,278.6582538778188,261.5834142547755,270.35768829025693,1033.7710417986266
2025-09-17 02:58:47.736000+00:00,273.8411414868571,287.1419336846473,260.6136898707378,273.91110270548074,2752.1534834110307
2025-09-17 03:58:47.736000+00:00,272.12782736725586,284.9693694691696,258.0783781279609,270.8600968175255,1480.0178166520914
2025-09-17 04:58:47.736000+00:00,270.78538310166056,280.95668383781697,261.1269177835722,271.28055650600567,1193.2856191954081
2025-09-17 05:58:47.736000+00:00,271.21580717062375,284.1889151684054,257.7500210570427,270.6983788240342,1734.5633985836896
2025-09-17 06:58:47.736000+00:00,276.45351414637435,289.3571764757326,261.13130119460794,273.9165488849791,338.943985347006
2025-09-17 07:58:47.736000+00:00,268.62536010365756,280.9286683086453,259.39307110648446,271.59433951903105,1307.2007684427583
2025-09-17 08:58:47.736000+00:00,268.13003609261864,270.246731203001,265.50208837305627,267.61471539462013,768.1427071387652
2025-09-17 09:58:47.736000+00:00,262.872673348446,279.28609027198047,246.89424711807152,263.2827386720735,403.8613699560902
2025-09-17 10:58:47.736000+00:00,264.7100873318788,275.9303861608424,254.66892453750415,265.8461302163016,920.317788818974
2025-09-17 11:58:47.736000+00:00,268.1240337237454,274.73265017342015,262.1664506951422,268.76091593793774,1897.4912228595858
2025-09-17 12:58:47.736000+00:00,271.096646717478,276.9294675863962,264.40535316454407,270.2192972892597,1311.1293013744876
2025-09-17 13:58:47.736000+00:00,276.69957603542275,281.53581514399036,270.93487833637647,275.75460088262747,1821.798205435261
2025-09-17 14:58:47.736000+00:00,274.35801651920565,283.5643051383692,265.0258144636848,274.2277312635685,818.0045366311657
2025-09-17 15:58:47.736000+00:00,269.22459160017905,286.61700790679487,251.38614199237526,268.7477536694721,1066.5510554253865
2025-09-17 16:58:47.736000+00:00,265.6187435653049,273.37841374580825,257.9907764696658,265.7467700211063,1597.7573951523148
2025-09-17 17:58:47.736000+00:00,269.396096914987,281.1524667040258,257.2120799652709,268.9489357677975,1354.338613755248
2025-09-17 18:58:47.736000+00:00,268.3225357117058,272.4022953502651,264.22742814351324,268.30695081868305,1201.6292497342165
2025-09-17 19:58:47.736000+00:00,272.02256415811155,279.0735413705947,263.7016742173247,270.7188586529584,1360.5182696124234
2025-09-17 20:58:47.736000+00:00,273.10767155413555,282.46761561725816,262.9109991222643,272.24124916374734,1452.2990167657297
2025-09-17 21:58:47.736000+00:00,271.07484334622256,287.4168398992655,256.2970374998647,272.55816964029725,2084.79205122611
2025-09-17 22:58:47.736000+00:00,266.8618040561412,283.5958490350719,249.27582018340811,265.95286875449995,1744.2500346552781
2025-09-17 23:58:47.736000+00:00,263.82460107138826,274.5798555079753,254.1480877168218,264.86517612067365,1409.9698471526137
2025-09-18 00:58:47.736000+00:00,260.899564358054,271.9708183514596,251.09011512687542,262.11564618852265,1858.7854353509224
2025-09-18 01:58:47.736000+00:00,262.02798259819997,269.90444653476214,256.4949076569368,264.322911077433,589.4889064413697
2025-09-18 02:58:47.736000+00:00,266.6628560003095,279.05125367403895,253.7741710393295,266.1381944290418,1622.5768492153588
2025-09-18 03:58:47.736000+00:00,264.8591969820646,277.22901582649195,250.10675008129903,262.3598405403664,1409.231218579502
2025-09-18 04:58:47.736000+00:00,261.4180549266019,271.10799019092957,251.61961706425754,261.3053756670657,1811.5652168594756
2025-09-18 05:58:47.736000+00:00,260.3678825002956,266.25900894138334,254.21176776807994,260.0967597411219,1923.4101007272984
2025-09-18 06:58:47.736000+00:00,256.8116978351927,259.14926707938844,255.54365601292506,257.87597027080193,375.57581591147556
2025-09-18 07:58:47.736000+00:00,254.12707772925,265.136743205472,242.79786914064968,253.7930639841847,1978.4568662525255
2025-09-18 08:58:47.736000+00:00,251.37730191690997,268.66964982107265,235.54910186910368,252.7547194290198,1360.0194429475875
2025-09-18 09:58:47.736000+00:00,255.11188816065246,260.0089259009416,249.7477077715021,254.63560290823386,1079.246701477673
2025-09-18 10:58:47.736000+00:00,256.9902416140751,271.47896093455535,241.53174267609464,255.96252065027824,1019.4081624853703
2025-09-18 11:58:47.736000+00:00,258.313765416965,265.00752723449654,251.63249851774395,258.32594530339213,1257.7986746757178
2025-09-18 12:58:47.736000+00:00,261.43271071041823,265.0141156066065,257.48278592291655,261.05907229182446,1725.94477141061
2025-09-18 13:58:47.736000+00:00,258.9091684237876,272.47080876495863,245.6858911352552,259.2310899659054,1356.430800452905
2025-09-18 14:58:47.736000+00:00,254.43289928685078,267.0427259988184,244.57824751808153,257.0853403346431,1311.5723666629096
2025-09-18 15:58:47.736000+00:00,258.0044533217987,268.25343215500436,247.14183492416532,257.365429136022,1156.9151468994219
2025-09-18 16:58:47.736000+00:00,262.07319428529274,274.7562122554666,249.3572154450669,262.03855715311465,1527.212902808746
2025-09-18 17:58:47.736000+00:00,264.4074586808139,275.59451244750215,252.51369228835313,263.66952411562147,1486.1366135208307
2025-09-18 18:58:47.736000+00:00,260.4963968863109,268.393395846641,255.3595524924586,263.20317528479615,2168.615936481863
2025-09-18 19:58:47.736000+00:00,267.4118393485511,279.5934792176005,256.6124467643065,268.74043160665764,1069.436455832202
2025-09-18 20:58:47.736000+00:00,271.7417229829446,281.42061494616735,261.5643348507003,271.2248156163286,2879.4918502706973
2025-09-18 21:58:47.736000+00:00,272.76590512353977,286.4094044258622,257.4292907604148,270.98364295067023,2665.6718749935444
2025-09-18 22:58:47.736000+00:00,272.4156225538264,279.0694781388224,263.92633261246965,270.5342345778677,1355.5020019251706
2025-09-18 23:58:47.736000+00:00,272.4614961870136,280.8047986330549,261.99964406500374,270.27602306119394,1007.2084334888323
2025-09-19 00:58:47.736000+00:00,271.34108864810753,290.1399692327343,252.0574137299884,270.8202069181625,1719.2314173854127
2025-09-19 01:58:47.736000+00:00,268.0451314142355,268.85499008780516,266.6570301147845,267.46513641936036,1339.7603614138295
2025-09-19 02:58:47.736000+00:00,271.30524637658397,276.7173912233856,263.9313222699615,269.30353590587237,1637.9274338803584
2025-09-19 03:58:47.736000+00:00,269.51247861671004,284.2333492690022,253.69774542582263,268.3554169442395,2253.702139355946
2025-09-19 04:58:47.736000+00:00,262.17896917663614,275.5590463719779,248.98790226891435,262.35892529341857,1470.0997923806144
2025-09-19 05:58:47.736000+00:00,257.37625870206034,284.16574016268385,233.18904423667487,259.75498253240573,1883.2430987607513
2025-09-19 06:58:47.736000+00:00,259.325910515138,267.9811977934657,250.34912950552277,258.9933160790031,841.8434888254789
2025-09-19 07:58:47.736000+00:00,254.4081946658148,267.6569423708012,242.01373055671797,255.22279204786798,1919.3138829164811
2025-09-19 08:58:47.736000+00:00,254.01513655006218,265.7977580012216,241.69475633746006,253.45122024360307,1104.8626277968838
2025-09-19 09:58:47.736000+00:00,257.7359927040129,264.80679555614597,248.64591608872624,255.65975895095332,1906.0512459019951
2025-09-19 10:58:47.736000+00:00,256.0073788275675,271.63207631896387,240.17355905360156,255.78466375043516,1642.5680808664827
2025-09-19 11:58:47.736000+00:00,250.9699428753066,256.3745712024439,244.4191344539888,249.79853659062607,747.9546900897725
2025-09-19 12:58:47.736000+00:00,248.48644745440834,254.073338702514,242.2962270373286,247.8692412141604,1579.4896503190232
2025-09-19 13:58:47.736000+00:00,251.04840919288804,261.4808272903058,240.3154178118312,250.73480391520087,1176.4700000209907
2025-09-19 14:58:47.736000+00:00,250.18869612987663,258.17558540182137,242.00717545535133,249.98764652802072,283.8954224201298
2025-09-19 15:58:47.736000+00:00,249.96433341852796,262.2176061051771,238.08632537236969,250.32257485186963,387.60145365626016
2025-09-19 16:58:47.736000+00:00,247.40633937783645,258.3885004929125,237.72278153634136,248.65602941115057,1628.4270982277915
2025-09-19 17:58:47.736000+00:00,246.84998013302547,252.69016473665715,240.67952892968344,246.51171046478223,2108.2915477835913
2025-09-19 18:58:47.736000+00:00,241.68248769675267,251.1834118447982,231.35598752946598,240.82312891277613,1490.6098853204332
2025-09-19 19:58:47.736000+00:00,238.68786690324524,243.2381120823268,236.28828581096886,240.81712509388518,577.3457093405935
2025-09-19 20:58:47.736000+00:00,242.39356222843722,253.35270995033713,229.56280567222785,240.4333268269141,1742.5952171478248
2025-09-19 21:58:47.736000+00:00,242.81946796477038,258.45758607611435,226.17400068268748,241.74277751526216,1168.9168266969155
2025-09-19 22:58:47.736000+00:00,241.22996186688715,254.25670482957105,228.58900437721624,241.59653798036877,1377.5073748718596
2025-09-19 23:58:47.736000+00:00,245.07473273879626,254.41569399270512,236.29719066178052,245.61867036668315,2131.8251503823185
2025-09-20 00:58:47.736000+00:00,242.95891916535626,250.85472600470428,234.12278892132332,241.98701014991155,1772.1026047578537
2025-09-20 01:58:47.736000+00:00,236.11444536213727,245.95623786532497,227.29028562810038,237.09541688672007,1511.06774403248
2025-09-20 02:58:47.736000+00:00,235.8998083355599,246.8868727081568,224.8894050570464,235.87532931611673,1736.9101110835563
2025-09-20 03:58:47.736000+00:00,234.40115103472763,243.9065108608903,226.20341845046138,235.66459184720176,1536.1934943634094
2025-09-20 04:58:47.736000+00:00,236.78977947569544,237.13940565078602,235.03951665266243,235.3870716937807,1226.1165496032597
2025-09-20 05:58:47.736000+00:00,234.5296945822563,247.81583605006958,220.5065908564222,233.74847618805134,2213.7964650545423
2025-09-20 06:58:47.736000+00:00,234.88026618948302,240.32897847147925,229.75186688697002,235.19373486250257,1482.351946088175
2025-09-20 07:58:47.736000+00:00,233.07696415903746,248.8110159240575,218.23591535802393,233.91650952869645,722.4214751217129
2025-09-20 08:58:47.736000+00:00,228.38457272730415,236.65090835877055,220.9146060734607,229.15571916851715,2722.2359407781323
2025-09-20 09:58:47.736000+00:00,231.0412057436942,241.0336935339847,221.0058600932571,230.99641049776133,1438.95607133647
2025-09-20 10:58:47.736000+00:00,230.86667303621059,240.50787363149482,222.27495036178374,231.87849588457752,1900.3593175040405
2025-09-20 11:58:47.736000+00:00,232.78866088316443,236.82087674504234,229.35545456593317,233.37896453035492,630.8820967856176
2025-09-20 12:58:47.736000+00:00,231.80805151856367,241.66636366955169,224.41979063354282,234.20180820051755,2179.7335647834034
2025-09-20 13:58:47.736000+00:00,237.06972988504356,241.0707065464998,232.8679723148238,236.865502269165,1485.0590304276166
2025-09-20 14:58:47.736000+00:00,236.17934878516357,244.47503304363607,229.24309065811408,237.499989539243,1692.7317217018535
2025-09-20 15:58:47.736000+00:00,236.15483674163133,243.12342050171,227.2958313354117,234.20693537577932,1376.326137391021
2025-09-20 16:58:47.736000+00:00,238.07873164020538,246.98129590474434,228.44034624968944,237.31432684893622,1718.5368010479508
2025-09-20 17:58:47.736000+00:00,232.72500342127643,237.15355771938403,228.85197450857606,233.2714350460205,963.0757447352129
2025-09-20 18:58:47.736000+00:00,234.33642824173592,236.56281307800123,232.31891301609105,234.54351494315915,1541.7331096429045
2025-09-20 19:58:47.736000+00:00,235.10373495525855,241.7688988821682,229.25690483626764,235.90221133410654,712.629004560026
2025-09-20 20:58:47.736000+00:00,238.43615149846968,248.0853886671426,228.25205728975874,237.8787365143037,985.8360534803306
2025-09-20 21:58:47.736000+00:00,242.52809129953155,249.43664295375015,234.95073777489773,241.83967962818406,496.0483825136197
2025-09-20 22:58:47.736000+00:00,247.75797842332267,258.7244382584458,236.3187232276573,247.26328662255935,2034.545424722677
2025-09-20 23:58:47.736000+00:00,252.12369719559422,263.5505411520926,239.5348892091708,250.9065700778501,916.9557638558723
2025-09-21 00:58:47.736000+00:00,249.25334800422743,259.1850014287536,238.12688623887433,248.00895610027777,1807.2858817352487
2025-09-21 01:58:47.736000+00:00,247.3248737034336,262.7992804006372,231.06912131407174,246.49137861874792,941.6153031357771
2025-09-21 02:58:47.736000+00:00,247.313848013661,263.83774819375236,229.84827405977686,246.3047530909559,1886.882954981749
2025-09-21 03:58:47.736000+00:00,245.46039436765696,256.017062456373,235.9615143848093,246.47877303336864,1154.0240092634017
2025-09-21 04:58:47.736000+00:00,246.96981087627736,252.1420854305002,241.31728938894952,246.47929101388772,1144.9590728663095
2025-09-21 05:58:47.736000+00:00,244.0722452132789,264.86578163800846,225.25113824409516,245.90346415336734,1620.1242923636835
2025-09-21 06:58:47.736000+00:00,249.50315264214984,259.24073104040485,239.22628682495932,248.94196319020713,1930.8096805726916
2025-09-21 07:58:47.736000+00:00,247.41892047884102,257.0259294861585,237.853671818147,247.45912645695628,1664.1154977266394
2025-09-21 08:58:47.736000+00:00,242.9086086412824,259.94336073849985,227.73263853373115,244.65808995111573,1507.3227070427138
2025-09-21 09:58:47.736000+00:00,245.8860471741896,261.2883357975795,229.13529854402867,244.44747509031612,1927.7290495173888
2025-09-21 10:58:47.736000+00:00,241.40240891268377,259.1731065283486,224.9963529007019,242.6802093546817,956.7227258246369
2025-09-21 11:58:47.736000+00:00,242.45141508792344,247.81637453190964,236.02156679112488,241.36242917949411,1406.507628800853
2025-09-21 12:58:47.736000+00:00,244.34438958923752,255.18927060084835,232.10365437932276,242.8837049645983,1862.3458731727264
2025-09-21 13:58:47.736000+00:00,242.34811884993164,247.58303516352106,237.31578934163696,242.54658453908706,1157.3337160747965
2025-09-21 14:58:47.736000+00:00,243.41776229083064,256.76756517515906,228.76415651467178,242.03830561543617,1309.938680959821
2025-09-21 15:58:47.736000+00:00,237.6675599594246,248.70712644059068,228.0991593192485,239.08178948685978,789.6908132465849
2025-09-21 16:58:47.736000+00:00,236.2372169210718,247.8295731555885,224.90562148383597,236.48604230600193,1531.8369198511589
2025-09-21 17:58:47.736000+00:00,234.91210455951978,252.06869879515824,218.58900611767177,235.69144697937867,1484.003547889377
2025-09-21 18:58:47.736000+00:00,232.8909192696412,247.17324439361778,220.9349294497629,235.1036585258382,2314.4983278539953
2025-09-21 19:58:47.736000+00:00,234.22599242178526,246.02015817022627,223.43182530613862,235.1819369147971,1065.4121583750614
2025-09-21 20:58:47.736000+00:00,238.25858791386895,252.5545302386902,222.9267924620749,237.15661440096645,1272.9974934280308
2025-09-21 21:58:47.736000+00:00,236.38840869906963,244.4243610072612,229.29616926558626,237.30463258146892,1718.5583599689764
2025-09-21 22:58:47.736000+00:00,236.8145262355147,244.83908395672665,228.69479922246353,236.71601898493276,1083.0716058015978
2025-09-21 23:58:47.736000+00:00,238.24116051764443,252.6463554007303,223.48912061561495,237.87199392907306,1586.3505376077455
2025-09-22 00:58:47.736000+00:00,239.25036055234818,240.78331095664637,238.8655509378748,240.39665764112362,1335.40506204675
2025-09-22 01:58:47.736000+00:00,239.2688926399221,248.0952644987321,230.04273887933832,238.85379835692842,1496.5862096606438
2025-09-22 02:58:47.736000+00:00,235.20707838784995,239.65932054642732,231.99013622076583,236.42571106276,413.7283510141813
2025-09-22 03:58:47.736000+00:00,239.00327412473936,253.12118727247233,226.66936435178974,240.69973081694278,1471.2448296402183
2025-09-22 04:58:47.736000+00:00,239.66883981149687,253.8391473671393,224.9215878933899,239.05564031700627,1140.752236279192
2025-09-22 05:58:47.736000+00:00,239.9414036915231,245.41339998879002,234.5485028606444,240.01876049357233,2489.234351875381
2025-09-22 06:58:47.736000+00:00,239.86601374868496,246.91240889705304,232.78228289632946,239.82754806207402,1640.5296180697364
2025-09-22 07:58:47.736000+00:00,236.07707392887244,240.42473138452348,231.29309093707542,235.63256214689207,1651.789585653254
2025-09-22 08:58:47.736000+00:00,239.29421795874296,253.6384179553833,225.12909883125297,239.46329050910686,1259.7263945880281
2025-09-22 09:58:47.736000+00:00,237.92998737111742,244.4394294407869,230.36222660713148,236.84190008290653,1319.7325682190826
2025-09-22 10:58:47.736000+00:00,234.9814972421657,250.42470145135496,220.2569204289534,235.6577488796347,968.4295393538231
2025-09-22 11:58:47.736000+00:00,239.6204649242559,253.43991350221847,225.13232943859347,238.9108531151307,1204.0991921453722
2025-09-22 12:58:47.736000+00:00,238.14656705126293,246.4002619965232,230.0614153937417,238.3095761289929,1658.4787081973207
2025-09-22 13:58:47.736000+00:00,238.48759329251473,250.69187602536496,225.6684203534293,237.8395398189224,1342.9439868661673
2025-09-22 14:58:47.736000+00:00,233.81418144058424,242.12755058820474,226.09879621997516,234.39306345632076,1720.0802210117683
2025-09-22 15:58:47.736000+00:00,236.4814788479789,246.23630320905863,225.87100935146358,235.58901992004738,1360.0564307998109
2025-09-22 16:58:47.736000+00:00,235.45975455227162,241.20151309077218,228.98917856474606,234.71272044680885,1444.1661657441134
2025-09-22 17:58:47.736000+00:00,235.50069124299856,259.41531518668353,211.05875363626095,234.9137776823098,1559.7753773428876
2025-09-22 18:58:47.736000+00:00,231.2189866116345,250.3590036923796,212.8523396942308,231.93544557970517,539.1800328584123
2025-09-22 19:58:47.736000+00:00,231.72924915495983,236.89725769612173,225.99971704551373,231.15491687063445,1203.9587015319514
2025-09-22 20:58:47.736000+00:00,231.9690286122094,245.70402881163693,215.75472726080227,229.3336876250833,1434.0095572190885
2025-09-22 21:58:47.736000+00:00,231.06451653205082,249.7349565496017,210.6068866994447,229.12022431193063,1304.2799636149098
2025-09-22 22:58:47.736000+00:00,224.95592350997975,235.42921530714418,214.7164329591894,225.17954596242382,2019.8319741106147
2025-09-22 23:58:47.736000+00:00,228.3560069979259,228.62635639466865,227.91850170929553,228.18865297655034,1291.8625341122736
2025-09-23 00:58:47.736000+00:00,227.87479396196193,241.0220920020674,215.05092010365786,228.1809868439489,778.9330064494436
2025-09-23 01:58:47.736000+00:00,226.4139021109536,230.37955462215277,223.27634211896915,227.23067607905065,1275.482541114669
2025-09-23 02:58:47.736000+00:00,223.4217196382468,236.27925581349643,212.16692030699247,224.94759117999885,1885.4548220607073
2025-09-23 03:58:47.736000+00:00,223.9664056002193,233.62884828246249,213.15764933147292,222.76840753166246,1560.5225131055004
2025-09-23 04:58:47.736000+00:00,222.67263505016808,227.6401585812275,217.09362853882024,222.04719945263412,2697.2961899961756
2025-09-23 05:58:47.736000+00:00,222.84586286599009,228.64254641261775,215.08841645624122,220.8327343507013,1808.934825755221
2025-09-23 06:58:47.736000+00:00,220.72077282607668,225.20625722638724,215.6774332321038,220.15134574335306,673.4702625332808
2025-09-23 07:58:47.736000+00:00,219.7369364007685,220.47624843146008,218.48176165680036,219.21933219138572,2240.7072330676096
2025-09-23 08:58:47.736000+00:00,220.0268457863572,224.47269469113786,214.8511504800319,219.28194802652075,2180.1886722826275
2025-09-23 09:58:47.736000+00:00,218.60748823417288,223.12196687317206,213.44551849129948,217.94634378980464,1805.0093574230564
2025-09-23 10:58:47.736000+00:00,218.64803744888385,227.0704851206622,211.9312748516965,220.30288636046598,1315.7365479473797
2025-09-23 11:58:47.736000+00:00,223.09981478237304,230.74815056209613,216.4715225246965,224.09042722318716,2026.666797125149
2025-09-23 12:58:47.736000+00:00,225.3086105707217,233.06973256430004,218.29352834118353,226.03212344467948,1957.3667646737804
2025-09-23 13:58:47.736000+00:00,227.88865782944762,233.7759380716093,221.22282357163385,227.0894572496903,1140.8676254416803
2025-09-23 14:58:47.736000+00:00,226.3559876603037,234.49295318884398,219.65599850052212,227.75165324087794,606.9084587989483
2025-09-23 15:58:47.736000+00:00,231.57794473117318,234.766356557172,227.65423270393038,230.83237943665858,1646.4038798050108
2025-09-23 16:58:47.736000+00:00,223.1435725283378,236.92588248790153,210.96554299782383,224.6648305137646,1595.4266003095556
2025-09-23 17:58:47.736000+00:00,223.486452254749,231.22502041961855,216.0785057136275,223.80646631362393,2034.746470817077
2025-09-23 18:58:47.736000+00:00,219.57718520926687,228.91866082467016,210.06459720383296,219.39846972353925,1369.5773019537357
2025-09-23 19:58:47.736000+00:00,222.19933432522186,236.57667027705543,207.75122854517954,222.12366856875056,1528.163084857809
2025-09-23 20:58:47.736000+00:00,219.62546367764256,230.8733877496171,208.9874699491981,220.2072157108044,2396.3120584728517
2025-09-23 21:58:47.736000+00:00,219.9505400898423,226.8399398103716,213.77919433891975,220.64899684400135,1692.871206806379
2025-09-23 22:58:47.736000+00:00,224.10228568395723,235.25773614492303,213.72851747796165,224.84938449047175,959.8093974256716
2025-09-23 23:58:47.736000+00:00,225.37462971749977,230.93071471568953,220.88150762685493,226.41681536471194,1505.9013466919557
2025-09-24 00:58:47.736000+00:00,225.4351332337831,233.7747251263725,216.40888934570535,224.72210392359165,1531.536404389926
2025-09-24 01:58:47.736000+00:00,222.27461317899707,238.32626827961784,208.19760181450067,224.13164789776036,787.057156037198
2025-09-24 02:58:47.736000+00:00,224.67638756488896,232.22718089423367,215.72270546597514,223.22471171795863,1307.767053911149
2025-09-24 03:58:47.736000+00:00,226.53220734021758,230.47336603410963,221.72161289366645,225.64737750816397,1064.5322748358722
2025-09-24 04:58:47.736000+00:00,229.14696018372396,236.08223452969347,223.00440240753173,229.9189817927898,1131.3250296926399
2025-09-24 05:58:47.736000+00:00,231.8002931675233,238.5938031533301,225.6702305831622,232.44664744069016,2039.1095550222524
2025-09-24 06:58:47.736000+00:00,232.28314420933754,239.48586831425186,225.9599412620023,233.13935755955055,1980.9121163228065
2025-09-24 07:58:47.736000+00:00,238.10214784524763,246.50374888050172,226.87444820683606,235.1726809511576,2012.4611856970619
2025-09-24 08:58:47.736000+00:00,234.93995606814258,242.2676818801644,229.67249811779075,236.9550447484282,1557.5786954777266
2025-09-24 09:58:47.736000+00:00,232.16575124497788,243.2637284417727,222.9916929802867,234.01653618225689,920.5590051401985
2025-09-24 10:58:47.736000+00:00,231.32382198518238,234.86344125833187,227.70441640796645,231.24279585352363,776.4957625448277
2025-09-24 11:58:47.736000+00:00,228.7918229526726,242.66932744221938,215.24711322433606,229.1060170993167,1725.6110108740932
2025-09-24 12:58:47.736000+00:00,227.808271882679,235.64169132795308,220.47612468356078,228.29391346053032,1097.4432922880903
2025-09-24 13:58:47.736000+00:00,227.28840078709814,230.73955251075571,224.49451433699622,227.93768489633229,1132.217792672546
2025-09-24 14:58:47.736000+00:00,226.91848130340688,239.27079998612334,217.46222750016798,229.69868809628042,1308.7724664859043
2025-09-24 15:58:47.736000+00:00,233.40938551060864,243.36577151307372,222.0242626413164,231.91698847464795,1196.3994466876975
2025-09-24 16:58:47.736000+00:00,233.34147945328715,238.99972124264463,227.24937313324122,232.89683279193486,1501.0630913782095
2025-09-24 17:58:47.736000+00:00,230.76756889987567,242.21470134284897,218.5525927432379,229.95964862596074,1373.2185528286007
2025-09-24 18:58:47.736000+00:00,231.46387434045644,237.46701251826184,225.84573484665506,231.8397496992588,1648.1776962519511
2025-09-24 19:58:47.736000+00:00,233.27266235762127,242.59517539644702,223.7717184879181,233.08680387486484,1275.4075375851369
2025-09-24 20:58:47.736000+00:00,233.65263615838956,245.6519301825421,222.04726682895884,234.0279207212179,1877.896892911574
2025-09-24 21:58:47.736000+00:00,237.5615005566017,244.29130489385312,229.58793215892496,236.2814750602234,922.0694663621111
2025-09-24 22:58:47.736000+00:00,236.6052813897337,243.2884797516446,229.32865404671324,235.9946030711867,1567.4143700775744
2025-09-24 23:58:47.736000+00:00,239.36575881887876,247.78945425548704,231.86584362525159,240.26147410909712,1499.342775499512
2025-09-25 00:58:47.736000+00:00,236.0110291908169,247.88150927793043,225.8373471361347,237.63770636316056,1250.818384528359
2025-09-25 01:58:47.736000+00:00,239.32060817246472,248.39343023699212,230.8403314191457,239.8928753146527,1763.7518206392097
2025-09-25 02:58:47.736000+00:00,240.80579420105255,245.84346243722553,234.73050693923213,239.74600432264307,543.5039203551136
2025-09-25 03:58:47.736000+00:00,242.6215833866148,257.0424862501058,226.65732261340034,240.9806945911433,1245.246739979186
2025-09-25 04:58:47.736000+00:00,238.9715541817891,246.0376145286739,232.44969594100078,239.50129883684744,1291.0874023043884
2025-09-25 05:58:47.736000+00:00,238.50464490592205,247.73511465130096,228.93825499263525,238.1552007510908,1517.3584959205675
2025-09-25 06:58:47.736000+00:00,239.37106088459063,254.51085613238678,223.6986938751005,238.80253058962117,943.2793487033877
2025-09-25 07:58:47.736000+00:00,237.40834553520523,245.44956677762673,228.68518264224286,236.70249617032505,2324.5409104222417
2025-09-25 08:58:47.736000+00:00,232.08916307521073,240.30444707388116,223.391581232155,231.5891668116087,880.1232977387107
2025-09-25 09:58:47.736000+00:00,231.99200208404758,236.89031459912377,226.72082120324976,231.61109110919062,1216.7592458881434
2025-09-25 10:58:47.736000+00:00,230.54784329815857,238.73645041745473,222.43079771860695,230.61697101413216,1374.9978007595591
2025-09-25 11:58:47.736000+00:00,229.54408971617121,238.631452220761,221.19912807077512,230.26044773455308,1522.7789003264877
2025-09-25 12:58:47.736000+00:00,228.36616372005514,239.22045858107327,219.08990961812322,229.8826064395378,964.3019861262209
2025-09-25 13:58:47.736000+00:00,231.94753482912898,234.63839639430455,228.13320749798882,230.81088257307715,774.0278168063202
2025-09-25 14:58:47.736000+00:00,225.86545749544462,236.10631609268,217.74637083320232,227.91360554951115,1848.2330681531264
2025-09-25 15:58:47.736000+00:00,224.19773076305205,235.1204251623797,213.78912124589854,224.68900761373465,1790.9832809229488
2025-09-25 16:58:47.736000+00:00,221.37295931211455,224.78448351220217,218.9142004472912,222.31525865876353,2068.1585808887603
2025-09-25 17:58:47.736000+00:00,220.62249242606086,228.6485512600852,214.88204470167335,222.85014161364265,1535.0992963190488
2025-09-25 18:58:47.736000+00:00,223.6670814947309,227.9251050769865,219.27259116479055,223.5279663667315,1699.1830577428511
2025-09-25 19:58:47.736000+00:00,225.57591030124385,229.92492592523053,221.0197768227018,225.36472079533348,952.7602967465469
2025-09-25 20:58:47.736000+00:00,226.66065807967166,236.12344293860477,219.3695319717289,228.7646369116057,2192.0011061655155
2025-09-25 21:58:47.736000+00:00,228.862359282617,236.24602394204322,220.6839585372582,228.04112825656725,1163.2928577403134
2025-09-25 22:58:47.736000+00:00,226.5908083771228,228.87322072486933,224.0861849437871,226.36633622001543,1393.9505897431814
2025-09-25 23:58:47.736000+00:00,232.29490980256813,236.8481178259362,225.79112067252962,230.3053310003692,1985.007135929759
2025-09-26 00:58:47.736000+00:00,229.71278720762118,236.09110960295067,225.26110022891606,231.6027954722119,1167.731568133915
2025-09-26 01:58:47.736000+00:00,230.6505745208515,237.1898792345986,225.47811870759188,231.9874434591141,1464.5886459025544
2025-09-26 02:58:47.736000+00:00,232.36003504466535,238.64218728541525,227.7721700499673,234.0215169307801,1247.6560578010783
2025-09-26 03:58:47.736000+00:00,232.6148592062369,246.50301108199133,219.11924064061364,232.9858677122403,1577.894142704319
2025-09-26 04:58:47.736000+00:00,232.15368227983464,232.9545521153026,231.17984701713326,231.98011810131828,1766.974558149287
2025-09-26 05:58:47.736000+00:00,233.0575401913042,251.30977893129418,216.24830014888016,234.40346431390822,1293.8750618013846
2025-09-26 06:58:47.736000+00:00,237.5690230771507,248.82068612428844,226.56013896960923,237.8010499541842,1584.5189651121332
2025-09-26 07:58:47.736000+00:00,234.61421939284938,237.9030022832288,231.24446191281731,234.53209357724845,1243.3868364525385
2025-09-26 08:58:47.736000+00:00,234.78842544548124,247.43594459144884,221.17771490414307,233.77039506607525,1909.798960846524
2025-09-26 09:58:47.736000+00:00,237.87185425067014,244.15857129091208,230.71601332806077,236.97913673018252,2711.8569532426804
2025-09-26 10:58:47.736000+00:00,237.3684295874221,243.3676051635765,230.566323421698,236.5446798029992,1130.1404443591493
2025-09-26 11:58:47.736000+00:00,237.78308715183192,250.82685428865037,224.41784281238597,237.44295155969525,1652.7845506855517
2025-09-26 12:58:47.736000+00:00,236.73475270722437,246.6466128099604,227.38341865497418,237.27397862484978,1944.7206090457278
2025-09-26 13:58:47.736000+00:00,234.85935618884608,247.71606342795272,222.84292534885262,235.65873297865392,953.9819199805333
2025-09-26 14:58:47.736000+00:00,238.34105443330867,245.9779022293698,228.84956738477032,236.4250222921008,2534.894348389411
2025-09-26 15:58:47.736000+00:00,234.67268178544,245.52830719218466,225.879830944315,236.66095845857075,1125.4894709176872
2025-09-26 16:58:47.736000+00:00,236.6003005791043,241.1759874908398,230.9331658336196,235.48732863423257,1219.4749925500153
2025-09-26 17:58:47.736000+00:00,235.60090797881276,251.1565051989533,220.46016155922047,235.99070849089523,1683.849186476278
2025-09-26 18:58:47.736000+00:00,231.55885678643833,238.94112028222003,224.4413160871563,231.8156853156457,3025.18791013874
2025-09-26 19:58:47.736000+00:00,229.87448935376077,234.5927584088499,224.49814770243464,229.20262649420036,1700.5741075192514
2025-09-26 20:58:47.736000+00:00,230.57340471547474,235.51445952285283,223.50358763135333,228.39802531540866,1451.528986274068
2025-09-26 21:58:47.736000+00:00,228.90973887707273,233.78744571039218,222.68366444302202,227.5320141268307,463.09519571776343
2025-09-26 22:58:47.736000+00:00,227.87493360594803,238.39113601773388,217.49920729617352,228.00929202674058,1363.7351369961546
2025-09-26 23:58:47.736000+00:00,229.96813249700432,246.28144682315818,213.0812533771642,229.35077396701982,1429.057092475668
2025-09-27 00:58:47.736000+00:00,226.6320565289261,232.93251637053962,219.06701987504408,225.33131869598637,1205.9261091928042
2025-09-27 01:58:47.736000+00:00,227.35392835965757,231.13893572841928,222.4163356175736,226.1818297905306,740.1362644650269
2025-09-27 02:58:47.736000+00:00,222.49212170555697,224.19809295528805,221.9577760801917,223.66094025041141,1200.0295154874582
2025-09-27 03:58:47.736000+00:00,220.2361506622236,234.26980580638465,206.17861472028957,220.21064459372013,853.6684638340436
2025-09-27 04:58:47.736000+00:00,217.63624794700294,218.30680418556105,215.91849606161117,216.58581582730366,838.0121247667669
2025-09-27 05:58:47.736000+00:00,215.5353364202071,222.19000336028347,208.66459321203652,215.312376242743,1115.807682523573
2025-09-27 06:58:47.736000+00:00,215.2836164912453,229.7664356025113,200.20637785509277,214.64632427577453,881.5059915381973
2025-09-27 07:58:47.736000+00:00,211.0049137557818,218.50442097571798,205.01806677270412,212.47583938785797,687.056406398408
2025-09-27 08:58:47.736000+00:00,210.4985797643757,218.42263459220644,203.6772672518175,211.566708819562,1231.5013700199129
2025-09-27 09:58:47.736000+00:00,211.51216907159528,224.2609849743994,199.1055200977185,211.83537758954705,1463.5327930574308
2025-09-27 10:58:47.736000+00:00,211.01220373200792,218.6796967538157,203.26936586384733,210.93401786716183,698.2703751052113
2025-09-27 11:58:47.736000+00:00,216.04513176849474,220.70923173872907,210.08650148073417,214.72203777728373,523.8838022688916
2025-09-27 12:58:47.736000+00:00,215.86858753580503,227.21035388206613,205.29493541147673,216.60083489567774,989.9234906766354
2025-09-27 13:58:47.736000+00:00,217.94339902370209,225.65976714573705,208.74690607334625,216.40894631949914,768.4174678802915
2025-09-27 14:58:47.736000+00:00,217.8971671989478,220.01521773169162,213.87564608675342,215.97501248111925,1584.1894525816401
2025-09-27 15:58:47.736000+00:00,219.91716486658362,223.51743693975362,214.5658498387471,218.1369784133803,515.8842253822273
2025-09-27 16:58:47.736000+00:00,220.015317578905,232.17624251792694,207.04204624208464,219.15544327735316,1023.0102240820415
2025-09-27 17:58:47.736000+00:00,220.91146311159423,228.23835798758049,212.53110210033304,219.8218584308601,1076.4249044995652
2025-09-27 18:58:47.736000+00:00,219.24909585298386,233.16492893992856,204.06286301116717,217.89259864510137,1137.5921989898377
2025-09-27 19:58:47.736000+00:00,214.4262008319548,224.40184191114216,204.473204315623,214.44784092889785,1141.9886631896463
2025-09-27 20:58:47.736000+00:00,216.21895655692563,218.9439701643468,215.39512518263177,218.11292245456988,1362.4385984671744
2025-09-27 21:58:47.736000+00:00,215.71293405332557,230.5149681677886,200.561901668792,215.3382234684874,1919.2846830137776
2025-09-27 22:58:47.736000+00:00,214.2024909524301,226.12659578445042,201.50703605688375,213.38567058831447,1330.1995189149984
2025-09-27 23:58:47.736000+00:00,211.69217620391981,215.87719895931758,207.63007758975152,211.81278599942354,1423.539337785456
2025-09-28 00:58:47.736000+00:00,210.06868250081743,217.6294978375237,203.230234398836,210.768275607133,1682.3594240068699
2025-09-28 01:58:47.736000+00:00,215.09594404562938,217.35413271258187,212.586987525665,214.8425155691642,1411.9354895568067
2025-09-28 02:58:47.736000+00:00,216.89586166928459,231.67617629823656,202.0078143191398,216.78025066490983,1735.271888568613
2025-09-28 03:58:47.736000+00:00,215.3646733453363,228.19769280910904,202.11592335665415,214.9226008742886,1601.7224278249087
2025-09-28 04:58:47.736000+00:00,217.93345173396798,226.9692179477068,207.6300623756094,216.6109981762999,841.0330683498756
2025-09-28 05:58:47.736000+00:00,217.3076339318663,223.28146033602678,210.2402017155015,216.18311488645472,1027.1661995079146
2025-09-28 06:58:47.736000+00:00,211.97375375585023,228.29239539432345,196.45758656304187,212.72149466600303,2194.6108631336433
2025-09-28 07:58:47.736000+00:00,212.92640022234605,223.66284186492436,201.58878853159072,212.29330758422017,829.671234915315
2025-09-28 08:58:47.736000+00:00,206.23983476862054,210.4382497454017,201.35138632315363,205.53546242401322,2128.3166384072465
2025-09-28 09:58:47.736000+00:00,206.502817033504,222.9368956597616,189.54243876935277,205.93101149231143,1352.8047588389281
2025-09-28 10:58:47.736000+00:00,202.067024765249,206.2786899893345,198.44913629007996,202.65035729624552,1813.7884295479505
2025-09-28 11:58:47.736000+00:00,204.6587935713481,209.67546097103173,199.97444965452493,204.98368085398707,1229.1421203214272
2025-09-28 12:58:47.736000+00:00,204.00109162923263,210.70129506292506,197.2367354533633,203.9347603037389,1252.4004427241673
2025-09-28 13:58:47.736000+00:00,202.31366322901198,207.86952629556646,197.49345624172153,203.03219987450206,1183.4150603204987
2025-09-28 14:58:47.736000+00:00,201.4500438859516,201.74680025397288,200.66540589903164,200.96144250761458,1008.4332343646902
2025-09-28 15:58:47.736000+00:00,201.3476053656025,210.25531564013286,191.98614364444757,200.8728505484384,426.0371830524682
2025-09-28 16:58:47.736000+00:00,200.6602180236818,212.72435428749128,187.94420299037793,199.96663979665217,1059.3427658987462
2025-09-28 17:58:47.736000+00:00,200.94882273892605,211.0427491599042,189.9407045803418,199.98628126383824,3312.6396644772262
2025-09-28 18:58:47.736000+00:00,202.04089502636504,206.95907894603542,197.7782851916665,202.68292374503852,1869.2872023090397
2025-09-28 19:58:47.736000+00:00,204.2253736957662,211.24199060735245,197.12182076264605,204.13534452173303,894.0518410244582
2025-09-28 20:58:47.736000+00:00,201.57631041100782,208.6767666620917,194.2870066359226,201.38056792522275,1427.343244753049
2025-09-28 21:58:47.736000+00:00,203.61166301623828,211.90194109980143,195.74848984803296,204.02288708273937,463.35679203596015
2025-09-28 22:58:47.736000+00:00,206.62588247248036,208.34155922205358,202.89238719437736,204.59116910788302,1595.5606950613706
2025-09-28 23:58:47.736000+00:00,207.81076368942485,215.63606552198559,198.1904768585589,205.94554208858747,1593.3955245438774
2025-09-29 00:58:47.736000+00:00,207.44048627385465,214.2761079925656,199.60156149389238,206.402995605981,1217.3314056634563
2025-09-29 01:58:47.736000+00:00,204.17173932682564,215.48248028265067,193.29029679815233,204.57931574957644,979.6229483191437
2025-09-29 02:58:47.736000+00:00,204.53227097189645,217.92093177946361,189.85903362599984,203.15771622535868,1411.5314898816018
2025-09-29 03:58:47.736000+00:00,200.2118358355515,213.68432020830184,185.77756526600936,199.18066067813245,2401.1930197836577
2025-09-29 04:58:47.736000+00:00,192.96212899374837,199.5909039218606,186.76370550362864,193.3790867128091,995.2886105260325
2025-09-29 05:58:47.736000+00:00,194.31119878082743,201.22545776110394,187.09541505901666,193.99854888349208,1963.514957111816
2025-09-29 06:58:47.736000+00:00,194.71515740410433,199.57838666235327,189.1223160300423,193.96685561248208,1986.3421805366245
2025-09-29 07:58:47.736000+00:00,194.1660252010264,199.3834517995644,189.30470636429231,194.51343489484003,682.1636137054384
2025-09-29 08:58:47.736000+00:00,196.50240482162448,205.0528902410353,188.4439150062378,196.97501870769477,843.4576220882718
2025-09-29 09:58:47.736000+00:00,198.45262722903985,204.88379157854382,192.41800705774614,198.83746899779885,1335.5852433298896
2025-09-29 10:58:47.736000+00:00,200.56464877297745,205.4237278134057,195.24197477699263,200.08954344224415,956.4680056861388
2025-09-29 11:58:47.736000+00:00,198.6674370132794,204.29053768662408,192.63320061527023,198.2443255030828,2585.664220639062
2025-09-29 12:58:47.736000+00:00,197.53820481858202,199.25909565488286,195.685935561667,197.4056718120146,335.97024364098706
2025-09-29 13:58:47.736000+00:00,192.46401685252,199.34314368267084,186.16415347526933,193.02492042731512,2123.135401209498
2025-09-29 14:58:47.736000+00:00,193.7395106176127,199.7895592457812,187.02180830783192,193.05033555063486,2067.1236534876666
2025-09-29 15:58:47.736000+00:00,193.55821059866383,201.50869557185263,185.40020013798969,193.34179578146848,1186.3163174112053
2025-09-29 16:58:47.736000+00:00,194.2273862802453,198.52054453907743,189.5994944795298,193.8850866241085,1214.0094158840332
2025-09-29 17:58:47.736000+00:00,191.27347601273766,199.13415420914507,183.92349357184798,191.76527367401758,1460.2342553805051
2025-09-29 18:58:47.736000+00:00,192.46382419372847,198.63514408801908,186.81355681733532,192.97001615314707,1381.245425512453
2025-09-29 19:58:47.736000+00:00,192.99245506465945,198.51201343060004,188.46742665742553,193.964200831122,2009.485526473178
2025-09-29 20:58:47.736000+00:00,194.8116667529124,201.1196557222697,188.08803886435996,194.38211910923854,1161.238286978887
2025-09-29 21:58:47.736000+00:00,192.95819591342558,201.2292261279518,184.9446663185617,193.20542897514594,1796.9310934660248
2025-09-29 22:58:47.736000+00:00,194.90669946632926,203.07925353506045,186.77480040938013,194.9457262042049,568.8548772227787
2025-09-29 23:58:47.736000+00:00,194.66085747735292,202.87528709733562,187.75118884393103,195.92089235123794,1216.9644470464918
2025-09-30 00:58:47.736000+00:00,198.06406226571391,207.06986451227763,190.17926022170994,199.1421447045943,1721.0963825050032
2025-09-30 01:58:47.736000+00:00,202.94755583133502,207.3703623319054,197.96772045054897,202.3781172593266,1662.7818967520716
2025-09-30 02:58:47.736000+00:00,199.99856814952597,206.5871546648228,193.09634231474496,199.67424458420527,2064.0324666601755
2025-09-30 03:58:47.736000+00:00,199.86759192580502,204.80371654069708,194.84806575724545,199.78207844804618,2727.860593941861
2025-09-30 04:58:47.736000+00:00,198.28490838912927,207.10601824960366,189.74274468383112,198.552333790768,2538.5629213228685
2025-09-30 05:58:47.736000+00:00,199.97472320036798,206.230343538019,193.58779318037688,199.83917323657275,2368.270056850687
2025-09-30 06:58:47.736000+00:00,202.16374095983,214.59426479854778,187.7372234326976,200.03697814462652,759.1586675156743
2025-09-30 07:58:47.736000+00:00,200.2636559469057,204.89550116597604,196.2184821235586,200.83871165389172,1886.6057447838564
2025-09-30 08:58:47.736000+00:00,202.23658983586486,214.3648943486113,189.59280024770482,201.68821845065278,2450.8156832939
2025-09-30 09:58:47.736000+00:00,202.6648275998464,212.07587850560688,192.70605039699558,202.09042818850946,2252.9330236889036
2025-09-30 10:58:47.736000+00:00,203.1827005133871,219.10102136990594,185.91360350311547,201.71710226554373,1373.4640574491525
2025-09-30 11:58:47.736000+00:00,199.80153883447505,208.258789379285,191.80471607147737,200.2442477115856,502.67594283483874
2025-09-30 12:58:47.736000+00:00,197.11046992251758,202.64666893659137,191.84138859972384,197.37063303350803,2116.1907207469426
2025-09-30 13:58:47.736000+00:00,198.7281662518999,203.4614335169146,193.63629131559563,198.36080893842714,2112.8545344887393
2025-09-30 14:58:47.736000+00:00,194.80606204487395,202.11692498698082,187.38012663565087,194.68650264134806,1269.5408317861707
2025-09-30 15:58:47.736000+00:00,190.5076983887691,198.92260506156853,184.1001376365665,192.44972590289495,1974.0104354675013
2025-09-30 16:58:47.736000+00:00,192.36298516163876,206.11933643735244,179.31032082601357,193.02195793584545,1619.6569665023278
2025-09-30 17:58:47.736000+00:00,190.9414651932966,200.8195366125507,180.5994204542224,190.45217940421213,1382.8884477560662
2025-09-30 18:58:47.736000+00:00,190.16696485447144,203.1236787753209,177.64462522602395,190.57450308648433,532.7968918934946
2025-09-30 19:58:47.736000+00:00,191.97257407616175,196.82319395968307,187.34366986177866,192.1890695373738,983.856201788816
2025-09-30 20:58:47.736000+00:00,191.94162622180363,204.1353485849597,178.70614967444666,190.8292016096305,2068.057036988475
2025-09-30 21:58:47.736000+00:00,189.4101020008623,191.05586594962523,187.81754486763876,189.4628651843915,1627.3081652091846
2025-09-30 22:58:47.736000+00:00,186.60774799788197,194.46397058144055,180.32699920308303,188.131921915138,1856.0395857519827
2025-09-30 23:58:47.736000+00:00,187.79637810369238,193.9920986953417,179.98625406109977,186.12689559719237,1350.388784777066
2025-10-01 00:58:47.736000+00:00,185.48416908807005,188.50561250253793,181.62875722594515,184.6363907597114,2402.2130343491954
2025-10-01 01:58:47.736000+00:00,186.84076137201993,190.3991769216627,181.89312076812135,185.42456459818666,1450.743081252237
2025-10-01 02:58:47.736000+00:00,186.72754612426215,194.5138002137888,179.24368483063847,187.01828633100564,1460.774063686301
2025-10-01 03:58:47.736000+00:00,185.17600566004162,189.70847432121104,180.60225701780425,185.13368993629703,1309.749540276935
2025-10-01 04:58:47.736000+00:00,186.52718647932173,189.62892203151853,183.21121028897898,186.30932301892997,2205.8896347263144
2025-10-01 05:58:47.736000+00:00,186.07152482228983,192.0952721657514,179.0169489572025,185.00620850717027,955.9671917506957
2025-10-01 06:58:47.736000+00:00,183.60069501569365,191.01169205041526,175.4593306829368,182.83960656913482,658.9614695270851
2025-10-01 07:58:47.736000+00:00,185.0675716661153,189.78598136806963,180.77843144920294,185.48711771968297,1350.9118975896095
2025-10-01 08:58:47.736000+00:00,183.40763117227576,189.1081347021951,178.0035426761441,183.69556234141254,842.1024944804193
2025-10-01 09:58:47.736000+00:00,185.524998777986,196.78615209047194,173.52498334757826,184.7383904418829,588.8932479392306
2025-10-01 10:58:47.736000+00:00,182.6645296798891,186.4166499199957,179.8226160779507,183.56079217369322,2158.4379074819117
2025-10-01 11:58:47.736000+00:00,185.01083298023116,197.0339401990174,174.2795453739658,186.23183039180802,1630.9939226157264
2025-10-01 12:58:47.736000+00:00,185.71892923413338,193.57648400627923,177.68982308168572,185.53979906180302,1086.6544424762058
2025-10-01 13:58:47.736000+00:00,185.47116158376713,194.48515401017383,177.25273454402358,186.23297040079686,439.8273961880702
2025-10-01 14:58:47.736000+00:00,184.6444935285338,188.8730780194745,180.93825238481463,185.15655854895195,584.9875706150076
2025-10-01 15:58:47.736000+00:00,185.35800035800025,198.72610082579212,172.645293793448,185.97132933147043,1956.2970301213518
2025-10-01 16:58:47.736000+00:00,186.73500365166737,197.17012123982633,176.54264588923445,186.9651989714945,1043.141465831167
2025-10-01 17:58:47.736000+00:00,189.92337423293196,198.1993314893287,180.0072522311922,188.20848267037437,1341.535966825991
2025-10-01 18:58:47.736000+00:00,187.06381866839595,192.6386306185446,182.6152919310472,188.1639420696823,1036.9964517048468
2025-10-01 19:58:47.736000+00:00,188.77583320857272,201.93905914209378,174.5021664750078,187.58215816149166,1105.600174694404
2025-10-01 20:58:47.736000+00:00,190.27860905717398,195.417685499062,183.98848219508315,189.0956079454342,1187.585363459087
2025-10-01 21:58:47.736000+00:00,189.67111253263715,201.65031419641758,177.92017239685592,189.88605730849682,1729.1770862349763
2025-10-01 22:58:47.736000+00:00,192.67494321906912,201.08242758804235,183.8428809074486,192.23099325903746,2105.19705750496
2025-10-01 23:58:47.736000+00:00,190.81631503320685,200.21579664777153,182.3798489213952,191.73855596002954,1674.3770504800948
2025-10-02 00:58:47.736000+00:00,194.33898979065367,204.3430324374007,184.5407717792864,194.53493521453993,2059.514199021952
2025-10-02 01:58:47.736000+00:00,192.42861121845357,201.77102411613933,182.8657351938179,192.1968984310728,1371.0086214091345
2025-10-02 02:58:47.736000+00:00,194.19524239208363,198.5121592260249,188.7416164224205,193.03268997599326,676.0482120425629
2025-10-02 03:58:47.736000+00:00,189.5505209376211,203.03140546003695,176.79996355738245,190.23481729138086,1234.6129712759696
2025-10-02 04:58:47.736000+00:00,187.2548082257991,199.3061610556503,176.29703820928748,188.28793458844896,2492.8912541235422
2025-10-02 05:58:47.736000+00:00,191.42472496849072,200.7717366119228,180.6492552272107,189.92293656442948,1125.2269627047801
2025-10-02 06:58:47.736000+00:00,188.03319544035548,191.85116098516636,183.75254005514628,187.56091608952644,1159.6216576326876
2025-10-02 07:58:47.736000+00:00,186.52254060698993,193.7663032620517,180.12573441378876,187.34141374579113,1518.6260990903656
2025-10-02 08:58:47.736000+00:00,187.3258792416024,189.9633227693811,183.1247331693142,185.73984624018343,878.1308935292924
2025-10-02 09:58:47.736000+00:00,184.32093511808066,191.80485683635052,176.63327111168886,184.1085702497325,1725.8184391294228
2025-10-02 10:58:47.736000+00:00,182.22652870741956,186.05316450718607,178.11819686698175,181.9387903528415,958.4370931484247
2025-10-02 11:58:47.736000+00:00,179.53120414173952,183.53747028249393,174.79404511558243,178.78362900336097,1303.9770291228997
2025-10-02 12:58:47.736000+00:00,180.2814387634674,186.01702678447663,173.20105504964232,178.8924529966188,2236.566192778394
2025-10-02 13:58:47.736000+00:00,175.97589000044775,184.30366905300508,167.59588657045254,175.9210714209398,2285.6615915000184
2025-10-02 14:58:47.736000+00:00,173.07583698952132,182.38072547457685,163.97416746289406,173.26890303809517,903.4103265497657
2025-10-02 15:58:47.736000+00:00,175.434244379496,182.27237248918448,167.56893527219046,174.36540171487883,1531.7641584713592
2025-10-02 16:58:47.736000+00:00,175.13447068559805,180.51316921975427,168.29566255299912,173.62809762726044,2825.0571607589886
2025-10-02 17:58:47.736000+00:00,173.08478052966007,175.04390936776778,171.05907047121772,173.01743705546374,1478.438719325526
2025-10-02 18:58:47.736000+00:00,173.30679732925705,177.18332540227328,170.51258658010235,174.37194142547307,2360.3958157029233
2025-10-02 19:58:47.736000+00:00,177.6459494807259,178.88666487588097,176.96735312307703,178.20592943003408,1948.0631311721731
2025-10-02 20:58:47.736000+00:00,178.37002868235672,187.85491267222855,168.5569760720156,178.02342954036385,2674.223464721391
2025-10-02 21:58:47.736000+00:00,176.96052641951104,183.03488298040315,170.29572219174503,176.34909057283238,1458.1988194938594
2025-10-02 22:58:47.736000+00:00,173.81028036888466,184.75526949957455,163.902380642122,174.79143966390026,489.63458382374677
2025-10-02 23:58:47.736000+00:00,174.46829661130596,185.49366473129328,163.5156406311198,174.53671370763064,1468.1787884860853
2025-10-03 00:58:47.736000+00:00,177.53075455432608,187.41529494566043,168.0765865977969,177.9393668748511,1654.2095652284704
2025-10-03 01:58:47.736000+00:00,179.6746574638253,190.09034262183656,168.3778447219435,178.73930795379857,2802.6969583424334
2025-10-03 02:58:47.736000+00:00,178.3078871408037,184.65139477396863,171.28871399187005,177.60729733915082,1118.5101963698216
2025-10-03 03:58:47.736000+00:00,179.80315629921205,187.21969813117582,173.64048981408402,181.0154798412012,845.9263369200573
2025-10-03 04:58:47.736000+00:00,182.0239704126283,191.541275322684,172.1460176728637,181.6434254076393,1670.2101535344493
2025-10-03 05:58:47.736000+00:00,183.01844270949852,193.30776519390812,172.18009459536026,182.436712103625,1398.1948111442384
2025-10-03 06:58:47.736000+00:00,180.6790172827359,186.51134176899654,176.0503724520579,181.85263123271272,2010.2180142802713
2025-10-03 07:58:47.736000+00:00,179.4351002017888,183.683091133393,175.12251631642445,179.36894097821028,1291.0470502706135
2025-10-03 08:58:47.736000+00:00,176.46989961590958,187.32786905858438,166.74064347784778,177.5396355271904,748.1448314505515
2025-10-03 09:58:47.736000+00:00,178.52703531702824,180.85914508635761,175.9534585960493,178.28237231739286,763.005265990313
2025-10-03 10:58:47.736000+00:00,176.38945009470117,186.23711841797225,166.18341292239836,176.00989078208056,813.5287237671811
2025-10-03 11:58:47.736000+00:00,176.39301292022733,182.51237079765437,169.98591559826122,176.0949325886253,1335.5429474488167
2025-10-03 12:58:47.736000+00:00,177.0171685285717,183.92512685110512,170.83251315267023,177.71605370816428,1243.3427592092087
2025-10-03 13:58:47.736000+00:00,177.39629949633292,184.07418631646576,170.86517146204864,177.5378469853488,1209.783348191316
2025-10-03 14:58:47.736000+00:00,176.85261134009997,181.65116266677728,171.1739290702684,175.94793373117918,1434.512145953585
2025-10-03 15:58:47.736000+00:00,175.88114412812826,184.11966695449163,166.98939501711078,175.19581610457797,2475.7835996861936
2025-10-03 16:58:47.736000+00:00,174.5658284759408,179.603139803673,169.72745624180286,174.7594023585594,1637.4842069775889
2025-10-03 17:58:47.736000+00:00,175.71177044692624,181.08468378659884,169.2696426801449,174.60883032413102,2031.010880696706
2025-10-03 18:58:47.736000+00:00,174.50523132227448,177.23248996366186,171.51539595704358,174.2384857598543,934.11762959603
2025-10-03 19:58:47.736000+00:00,175.48855819221075,180.82011696122893,169.93605658620564,175.2606925149999,1757.1851471905504
2025-10-03 20:58:47.736000+00:00,170.64142210398464,178.58648335836963,163.17916314016765,171.10399575189382,1799.1024336567477
2025-10-03 21:58:47.736000+00:00,167.5025727104608,174.90625870693475,161.57931298895613,168.93243587610422,1357.9822493734325
2025-10-03 22:58:47.736000+00:00,169.07382478551608,177.37326762440827,161.62247973739827,169.88612332296265,2286.595611126379
2025-10-03 23:58:47.736000+00:00,172.99981870048697,179.66438273657167,164.9384931960223,171.54709311152453,1738.2044944831412
2025-10-04 00:58:47.736000+00:00,168.95144744956855,178.9960382859879,159.5104271739511,169.52307539544418,2185.488421731019
2025-10-04 01:58:47.736000+00:00,173.23075504384892,179.00660518322528,166.38904927342773,172.12813594864255,2108.73981087132
2025-10-04 02:58:47.736000+00:00,173.37366601618774,183.23197190452618,164.75515679824437,174.5547502775552,1167.3181930555636
2025-10-04 03:58:47.736000+00:00,176.2818310801232,180.09988229519817,172.48686261393536,176.30442737931574,2012.713432104776
2025-10-04 04:58:47.736000+00:00,179.32522105085417,182.42859982001366,175.9171098281665,179.01512206492396,1196.319261394384
2025-10-04 05:58:47.736000+00:00,181.56063642331628,189.90373233425782,173.37702806177373,181.71324532591203,1404.2225820561198
2025-10-04 06:58:47.736000+00:00,182.4004756886647,186.7923604308713,178.23774157407644,182.62451334070778,1587.9672216604927
2025-10-04 07:58:47.736000+00:00,183.4920551027842,191.15128016903054,175.0172787772399,182.64097867650392,430.9812379227007
2025-10-04 08:58:47.736000+00:00,183.99068429537508,189.31416436630013,179.68520675940974,184.98540973852795,1647.9120124583833
2025-10-04 09:58:47.736000+00:00,184.49185783051234,190.68576785806005,179.2669533412552,185.43417642071657,1033.7049057429506
2025-10-04 10:58:47.736000+00:00,187.38559492159646,200.2743038913199,174.5049520994752,187.3931422739819,559.2776020708319
2025-10-04 11:58:47.736000+00:00,188.38857126148935,199.51099839721337,176.76257617037405,187.85340732413914,1587.9583030940942
2025-10-04 12:58:47.736000+00:00,188.49979949761263,197.9102282177667,179.07575980686505,188.48547332506143,1928.23233604204
2025-10-04 13:58:47.736000+00:00,189.0512233107197,194.8259498211911,184.2986297694193,190.0482908161318,2188.9347164460287
2025-10-04 14:58:47.736000+00:00,187.7160320997678,191.1561165293236,185.3165786149365,188.74352920881836,1215.2117892081726
2025-10-04 15:58:47.736000+00:00,188.93337178432654,199.60562616969818,178.2540747865253,188.92590754012173,1617.7655020436378
2025-10-04 16:58:47.736000+00:00,189.32258825654057,197.3891951957518,180.73608757974418,188.7795571945991,1670.3969471809478
2025-10-04 17:58:47.736000+00:00,190.86916168029177,203.12445287314603,179.054977234838,191.2845568111557,1144.2484685782413
2025-10-04 18:58:47.736000+00:00,187.29816448001293,192.32161383718125,183.12467646987216,188.12959930656203,1940.7052800071856
2025-10-04 19:58:47.736000+00:00,190.877564307531,201.93007887461485,179.43817617657385,190.46691248970197,1625.6886546480187
2025-10-04 20:58:47.736000+00:00,189.21240217342938,191.5608147482943,187.81414431757878,190.1555868662136,1011.7118843402943
2025-10-04 21:58:47.736000+00:00,191.15320320429805,197.7275101442558,183.57784099879245,190.11649248348004,911.4303426546973
2025-10-04 22:58:47.736000+00:00,188.42874732518908,192.582175540633,184.51212003104854,188.6607263943762,1426.1128540959826
2025-10-04 23:58:47.736000+00:00,192.4791705631471,204.91226308189584,180.1476801089186,192.57465524646005,1727.15870449762
2025-10-05 00:58:47.736000+00:00,193.26853246701543,199.41691859369615,185.39583200712696,191.48756068386612,809.5415744864935
2025-10-05 01:58:47.736000+00:00,191.7744658668203,201.53803779719308,182.16779286328432,191.92388009725912,1686.0778466984827
2025-10-05 02:58:47.736000+00:00,188.99472990035042,197.9435533374059,181.07033451233852,189.97793304096876,1278.3321574098597
2025-10-05 03:58:47.736000+00:00,189.26847694899806,193.88826679906836,184.49256200061183,189.1084457024399,2261.743532068436
2025-10-05 04:58:47.736000+00:00,188.1353662999437,194.23600198021734,182.2298599818641,188.3245570283554,1459.4213538687861
2025-10-05 05:58:47.736000+00:00,189.18386567886108,195.60059770830262,183.82406229627065,190.21167526075425,1170.1951582310744
2025-10-05 06:58:47.736000+00:00,192.1476026468564,202.01109400599518,183.46378481044778,193.27626786643773,1741.294342122225
2025-10-05 07:58:47.736000+00:00,191.85494491630604,201.64579469637937,181.742325993998,191.51587201446335,1536.4564954396315
2025-10-05 08:58:47.736000+00:00,189.9940560941989,199.13949557846752,181.781165665071,190.88796410600588,1311.6026871050449
2025-10-05 09:58:47.736000+00:00,190.13040789505536,192.27204163910423,187.00892162353622,189.13939254551505,2639.366102648899
2025-10-05 10:58:47.736000+00:00,190.25011412701477,195.55200219242485,184.84894029095668,190.1479821433823,1576.0964337901537
2025-10-05 11:58:47.736000+00:00,192.47429751018697,194.43208012905572,190.11914727343236,192.07284646984277,2745.957731674663
2025-10-05 12:58:47.736000+00:00,193.04145678653168,199.0525781147054,187.5912645826378,193.58698389487964,1565.6203950203428
2025-10-05 13:58:47.736000+00:00,189.1384087576045,196.51901105560833,181.63983339121432,189.0156451808125,1685.4146704024129
2025-10-05 14:58:47.736000+00:00,187.83102525758477,194.3195754948314,180.75247173400896,187.2199112746962,858.0962293466104
2025-10-05 15:58:47.736000+00:00,185.72304699712163,192.54927634848346,180.05647513809723,186.8483699077223,1759.5080631952071
2025-10-05 16:58:47.736000+00:00,185.68390554410172,193.21704143337263,178.72037892430492,186.23292544331375,1094.529102730027
2025-10-05 17:58:47.736000+00:00,185.28810331090202,199.0642875429964,171.56417526465933,185.3367558948523,380.6004734153878
2025-10-05 18:58:47.736000+00:00,184.97277042158427,186.49894937724795,183.6840692314788,185.20860513194455,585.2012129802152
2025-10-05 19:58:47.736000+00:00,182.7573959681959,192.60765223271895,173.40531222355818,183.23131694603234,1245.9904350658142
2025-10-05 20:58:47.736000+00:00,183.24090423658834,195.76695676599923,171.56956011071645,184.04443270665064,1594.1259073672052
2025-10-05 21:58:47.736000+00:00,182.0630646856615,194.59298542436846,170.22532542743784,182.7129881469996,1526.0240604297055
2025-10-05 22:58:47.736000+00:00,182.85779020930613,183.91010225818175,180.48976600377654,181.5344625519021,575.1169114052082
2025-10-05 23:58:47.736000+00:00,178.46972384065015,186.54486308183135,171.70813329079755,179.73532341253704,1134.4573241329458
2025-10-06 00:58:47.736000+00:00,178.26463416087725,181.78097201812537,175.0504390311432,178.5614255992792,2469.4379960705214
2025-10-06 01:58:47.736000+00:00,177.9678386453679,183.0418221831131,173.71514182170927,178.7699580170289,1662.9100097475853
2025-10-06 02:58:47.736000+00:00,178.56909163053007,183.05584257478318,173.82024374731574,178.3002394762855,1571.2801775198964
2025-10-06 03:58:47.736000+00:00,179.75129900675284,185.69959590077298,174.4436390140444,180.37356185652266,2035.8548454518982
2025-10-06 04:58:47.736000+00:00,183.43370057950395,196.39483883897583,168.34490889197554,181.14428029657074,1647.997653935467
2025-10-06 05:58:47.736000+00:00,179.5579662933835,187.95158140298858,170.3259148015791,178.67841438544883,1600.9504453985703
2025-10-06 06:58:47.736000+00:00,178.63425267075328,187.60001823503939,169.45613312478937,178.4106773005381,1797.076063132421
2025-10-06 07:58:47.736000+00:00,178.17174880492593,187.70338582831184,168.5722101773561,178.10000936265268,1162.8603664400268
2025-10-06 08:58:47.736000+00:00,178.0070082850286,182.50840154908587,173.08780788861895,177.57836165211586,1120.4264864699485
2025-10-06 09:58:47.736000+00:00,183.6127058693652,192.14166145401862,173.71244056053814,182.17459474465466,701.1785884379484
2025-10-06 10:58:47.736000+00:00,179.27990174107828,190.77148460393076,168.73809027271577,180.17692726783017,1915.82676525647
2025-10-06 11:58:47.736000+00:00,182.72738615172688,189.88369551687,174.33285485164538,181.43869406309744,1909.457074220411
2025-10-06 12:58:47.736000+00:00,183.17110551316227,187.53688214360986,178.7544506328271,183.11898500122496,1970.7116276476731
2025-10-06 13:58:47.736000+00:00,185.5833735355717,195.82204063110512,175.36885055355808,185.60625808192142,1690.7961070303295
2025-10-06 14:58:47.736000+00:00,187.90159028159925,200.2297464568457,175.73603885441688,188.05430746687824,1110.7474446640463
2025-10-06 15:58:47.736000+00:00,188.85104182613549,198.13532999830434,178.83478400333254,188.08122654410536,1429.1675348674412
2025-10-06 16:58:47.736000+00:00,187.62414081526705,196.62643199115078,180.5105366533935,189.44383569934928,1528.368768870831
2025-10-06 17:58:47.736000+00:00,192.72232792625968,195.68951365835406,190.03237409683538,192.99574358456925,927.1501288384718
2025-10-06 18:58:47.736000+00:00,195.1679966348654,206.35280743898073,182.42573005119877,193.5158591149616,543.5933549011802
2025-10-06 19:58:47.736000+00:00,192.4115206156045,206.38073768552107,177.77731916788983,191.6944784525336,1556.7337939327501
2025-10-06 20:58:47.736000+00:00,191.1237782799031,199.06264237011996,183.5712641043486,191.4954414235816,1296.5326492875408
2025-10-06 21:58:47.736000+00:00,191.3456377314161,194.86555868625183,188.68504792408206,192.19318406292928,1545.3490253923917
2025-10-06 22:58:47.736000+00:00,195.56262677179416,205.95029820311987,185.2549430059594,195.63860954916453,1848.5907490929421
2025-10-06 23:58:47.736000+00:00,192.96659736838387,208.64267381034384,178.9418682797096,194.50605742833443,821.6214313351535
2025-10-07 00:58:47.736000+00:00,195.02821468037257,204.2770257551375,185.23691292676799,194.45871673538267,1709.0273774829582
2025-10-07 01:58:47.736000+00:00,194.15988915327532,211.40884299612262,177.11238701083593,194.3450807773988,2292.921732265123
2025-10-07 02:58:47.736000+00:00,193.66366343408026,203.30216820258994,185.03500958854292,194.63043978967846,1517.318239634768
2025-10-07 03:58:47.736000+00:00,193.76020299462812,199.157519919711,188.90983640099515,194.2937959825009,1380.037778234684
2025-10-07 04:58:47.736000+00:00,195.0686266974429,195.97186449382738,191.72538229809726,192.61726942998024,1097.3684804078607
2025-10-07 05:58:47.736000+00:00,186.78837494953783,190.80818992824643,184.28236563975693,188.28213981739066,1481.6207633028787
2025-10-07 06:58:47.736000+00:00,192.82447090885887,198.19624007492448,186.51136872010255,191.85616242164147,690.6473644238006
2025-10-07 07:58:47.736000+00:00,193.05308439785176,196.70757162345362,188.6548057435134,192.2949413513345,1747.501837359525
2025-10-07 08:58:47.736000+00:00,188.4070986089362,193.76321914979175,184.53258056662344,189.85884648220528,1559.1909777166195
2025-10-07 09:58:47.736000+00:00,188.05157789292542,201.84644105316585,175.695542222613,189.40169516135595,2558.945127008885
2025-10-07 10:58:47.736000+00:00,188.28758714186182,191.39219066644864,185.79613384350478,188.8927300149253,851.9296444745976
2025-10-07 11:58:47.736000+00:00,191.73499296649246,198.45244773924477,184.6212946432229,191.32436295209956,1615.97919875058
2025-10-07 12:58:47.736000+00:00,193.51424686443352,194.0930196713549,193.22746943132321,193.80581015753665,1429.8893597786334
2025-10-07 13:58:47.736000+00:00,191.95390590280638,193.66196055327444,191.39829009413745,193.10301860658734,2434.9700837130817
2025-10-07 14:58:47.736000+00:00,189.37142722257994,193.8895840224248,185.07851356671952,189.5916774527202,660.2259029455919
2025-10-07 15:58:47.736000+00:00,190.23508123128013,197.18025978741372,183.59355144905547,190.52848657218365,1265.7841454134566
2025-10-07 16:58:47.736000+00:00,193.23301128185227,200.89971182802026,185.09556799373698,192.7428197314306,976.8247871191433
2025-10-07 17:58:47.736000+00:00,190.47733205903782,203.89652781018532,176.27299307716967,189.63268300200818,1743.6585619376935
2025-10-07 18:58:47.736000+00:00,187.62533959388767,200.13504391758417,175.64890222353452,188.12660964637408,1679.6873194847701
2025-10-07 19:58:47.736000+00:00,187.3726892144584,192.96549140089186,182.8350828075739,188.40293550854958,1059.4659131336957
2025-10-07 20:58:47.736000+00:00,190.286746277338,193.3164927399328,186.34226080176344,189.35720713783954,1224.2474282990236
2025-10-07 21:58:47.736000+00:00,189.24782380999707,199.67370904511358,178.55175237698404,188.96188490125405,1751.5690862503502
2025-10-07 22:58:47.736000+00:00,184.8501859617599,197.199274124478,174.1871602266972,186.44429282845354,1517.5005837504561
2025-10-07 23:58:47.736000+00:00,184.17850907584426,187.6696705750562,180.4459894085354,183.9324874913251,1444.188218954
2025-10-08 00:58:47.736000+00:00,182.6771960140893,187.37016332454382,177.8947384850266,182.58534617815104,1375.2849426111466
2025-10-08 01:58:47.736000+00:00,181.79596971228074,190.09187684842647,172.6766341452637,180.9331690431846,1393.0725080058207
2025-10-08 02:58:47.736000+00:00,182.3920285448477,192.65086944867946,174.04474253969136,184.21992845350994,1697.4173912025187
2025-10-08 03:58:47.736000+00:00,185.4471615908313,194.47110169554858,176.5448369357286,185.563206353142,1091.6172253361901
2025-10-08 04:58:47.736000+00:00,186.3308919083179,195.76994036261706,176.25896819144646,185.6642460650772,2252.903286128035
2025-10-08 05:58:47.736000+00:00,183.39162695104454,191.7108548212535,174.23368248194438,182.51305555755783,1486.8124809315432
2025-10-08 06:58:47.736000+00:00,181.82775837734758,185.2741704399474,178.3995530338507,181.84562817681532,798.4069924784507
2025-10-08 07:58:47.736000+00:00,180.78136248810455,191.43014259399294,171.10550089987004,181.7048535032885,1570.5837833940818
2025-10-08 08:58:47.736000+00:00,183.24183789513322,190.72954573024865,175.8449809527197,183.32916373717856,1767.4840414280443
2025-10-08 09:58:47.736000+00:00,183.79481394343455,185.68137541794192,181.88619660672828,183.77252934098146,1883.4839639787497
2025-10-08 10:58:47.736000+00:00,185.03083550246834,193.04292713607748,176.88611895860834,184.89220782149047,1076.7837392707277
2025-10-08 11:58:47.736000+00:00,186.48469580283927,195.52739746712157,177.790086446487,186.81728171968481,1847.214435298737
2025-10-08 12:58:47.736000+00:00,187.980551651686,194.1744520369823,181.4010378731036,187.58179949970335,1717.8663534216046
2025-10-08 13:58:47.736000+00:00,188.38637336998542,190.70350245205927,185.95750148972493,188.27323903345837,1593.4639714087589
2025-10-08 14:58:47.736000+00:00,188.13121963860578,197.03718726026827,179.3687283067189,188.2683107079531,1461.2703031020822
2025-10-08 15:58:47.736000+00:00,187.85649236977787,198.70354423899613,178.1614542441089,188.951969891426,1209.9187185726437
2025-10-08 16:58:47.736000+00:00,186.82114954757589,191.55257059253645,182.41136616468808,187.1353702484082,1647.1035259716905
2025-10-08 17:58:47.736000+00:00,185.03718502712232,191.3868749649747,178.5679863096859,184.91342948312519,919.9250109757254
2025-10-08 18:58:47.736000+00:00,183.38984458313712,187.37061011946903,179.93746495219492,183.9084672310794,830.2092268526843
2025-10-08 19:58:47.736000+00:00,184.68969508282265,191.24480518072195,177.7005171361906,184.23965412848187,1505.8758642828611
2025-10-08 20:58:47.736000+00:00,185.59893742543733,195.18984508023593,175.48862519797981,185.05122981854558,2075.4386673959757
2025-10-08 21:58:47.736000+00:00,184.31520309028548,190.81455444932197,177.78921662661136,184.28759444531474,1344.141682797289
2025-10-08 22:58:47.736000+00:00,184.2123787030376,188.58877973393749,179.489057746896,183.8570163029468,1387.0228680073105
2025-10-08 23:58:47.736000+00:00,181.51384247106665,191.43790271322067,172.4681925196168,182.35055558939462,927.8358962678113
2025-10-09 00:58:47.736000+00:00,181.88907461274079,187.6338619727487,175.61602961748065,181.34358833026326,657.8976185656431
2025-10-09 01:58:47.736000+00:00,181.98829668747416,189.3312853714759,175.24384726542937,182.56544688016467,2107.9801332465663
2025-10-09 02:58:47.736000+00:00,185.19758888120202,191.77372342268845,178.08660922499584,184.6430528875436,964.9685885184269
2025-10-09 03:58:47.736000+00:00,183.58831995237887,188.3688776599913,179.44473304040477,184.21123163629667,1798.3317717777463
2025-10-09 04:58:47.736000+00:00,185.851456254292,198.2808795577974,173.86532178731372,186.26788811392734,722.4141401321617
2025-10-09 05:58:47.736000+00:00,181.69632529482988,185.17975997941653,179.34002346699754,182.80902822872955,672.2270272055316
2025-10-09 06:58:47.736000+00:00,183.9414580623223,189.86517743460567,177.87938800580523,183.79850361986541,1123.9151348329417
2025-10-09 07:58:47.736000+00:00,183.37324478397545,190.10818085604998,178.18330943244325,184.87572154065631,233.7045822001261
2025-10-09 08:58:47.736000+00:00,185.06474535491105,190.88519701746725,177.34414308754782,183.10289273148442,1858.119385664069
2025-10-09 09:58:47.736000+00:00,183.9855355201491,188.46225427210388,178.58462109956415,183.03829160155146,1277.391774027089
2025-10-09 10:58:47.736000+00:00,180.8505117939635,182.89039705014898,178.36037968466687,180.395128490435,1024.4558017485394
2025-10-09 11:58:47.736000+00:00,178.42869940065268,187.77532620815265,168.68544745098842,178.01014936054136,1951.0058586239966
2025-10-09 12:58:47.736000+00:00,181.18091102791095,192.59097959166021,169.45374214503627,180.84249882548275,833.8750654755776
2025-10-09 13:58:47.736000+00:00,179.81464323970852,188.28138570761027,170.87121122895243,179.31439923497686,1978.251577137473
2025-10-09 14:58:47.736000+00:00,177.289868281477,182.8356880922095,173.26862417135553,178.78063088053207,2033.1366395938526
2025-10-09 15:58:47.736000+00:00,179.02398037000657,183.11743082965248,174.593771382212,178.6793415458767,1112.5521545599963
2025-10-09 16:58:47.736000+00:00,177.83943302089781,180.21462219087115,175.38858844083393,177.7627534938319,2007.833287070551
2025-10-09 17:58:47.736000+00:00,172.36675659423614,182.47256952871558,162.27765527114718,172.3825441183295,1587.903251596138
2025-10-09 18:58:47.736000+00:00,176.35454698435976,185.2050424722566,166.62240878816695,175.42632047858544,1951.1199581432159
2025-10-09 19:58:47.736000+00:00,174.05654285820071,182.492601966012,164.96719194398167,173.36997492453682,2473.760400368498
2025-10-09 20:58:47.736000+00:00,173.14388209021516,174.9012712930605,171.082141340232,172.83640973633345,1187.7868447661144
2025-10-09 21:58:47.736000+00:00,170.5627180180878,176.94787918611584,165.68153535351655,172.02485298198354,1322.9190737297993
2025-10-09 22:58:47.736000+00:00,170.29936195664925,177.00952202459882,162.95985149651145,169.64419664622895,1631.344789745464
2025-10-09 23:58:47.736000+00:00,168.38048621306703,176.45363636568476,159.60211481422664,167.63974970502613,710.2476818919348
2025-10-10 00:58:47.736000+00:00,165.38099757337682,170.12154499268215,160.98417939984242,165.715825096694,1971.7403313069515
2025-10-10 01:58:47.736000+00:00,164.6014200145527,176.89241427991095,153.09002903248344,165.3300655159855,1028.4723624912554
2025-10-10 02:58:47.736000+00:00,165.8813981025081,166.55790270944576,164.00237865522266,164.6739590325434,914.3188115102909
2025-10-10 03:58:47.736000+00:00,166.5053870246221,168.06190186541778,164.69076730530776,166.244846578836,2030.6085144328968
2025-10-10 04:58:47.736000+00:00,166.39234231734034,174.28116671630502,158.1625209467915,166.03437370206817,2059.8227290044783
2025-10-10 05:58:47.736000+00:00,162.8476679513199,171.35878955633692,154.77197553471527,163.2625242222138,1442.765795746854
2025-10-10 06:58:47.736000+00:00,157.88997777729787,165.87427121907587,150.76937130384826,158.71639456053094,1709.6207229171605
2025-10-10 07:58:47.736000+00:00,161.4028261260817,168.86274674045544,152.16390267845685,159.5376145788617,1285.8190543650917
2025-10-10 08:58:47.736000+00:00,158.51352841543587,161.69849103222117,155.4986453523535,158.68043348137442,666.3971819133416
2025-10-10 09:58:47.736000+00:00,161.80479676286853,173.2105871563857,149.51923814130072,160.85830966315606,1957.1954024182967
2025-10-10 10:58:47.736000+00:00,157.08660337330446,169.9435203444971,145.66602193950328,158.4255912101227,1013.0935550475434
2025-10-10 11:58:47.736000+00:00,156.01687163290745,164.50152895916827,148.6498973520027,157.08415837253767,228.91212508363756
2025-10-10 12:58:47.736000+00:00,153.1553380142952,160.10488142201976,147.5000775668931,154.40353143585793,1794.1722308165695
2025-10-10 13:58:47.736000+00:00,156.46933053833703,164.47808207960347,148.5450157728217,156.54969718359374,1144.2766660469947
2025-10-10 14:58:47.736000+00:00,154.57944385050595,158.75019591395943,151.32572857134684,155.4775760103661,1077.8719474899647
2025-10-10 15:58:47.736000+00:00,155.41918099917714,164.0528121511045,147.2266391661047,155.83818362012136,1370.4877175389847
2025-10-10 16:58:47.736000+00:00,154.96689391389503,165.34517852672516,144.44877373584845,154.81702122817632,1399.0727964760024
2025-10-10 17:58:47.736000+00:00,155.33024773522044,160.23347361489772,150.2246368919531,155.12126595691657,2402.1914254280914
2025-10-10 18:58:47.736000+00:00,154.78166331706922,160.18255994512242,149.22122220432377,154.61635046414256,1661.5975621609398
2025-10-10 19:58:47.736000+00:00,153.36567806249482,160.2056119081859,147.52001832175648,154.32344604805445,887.8209640372321
2025-10-10 20:58:47.736000+00:00,153.28191295249172,160.9235673900919,145.47962548074537,153.11285160222798,730.4570936176594
2025-10-10 21:58:47.736000+00:00,153.2273423142605,164.38584723317018,140.97485537924382,152.0474357285453,2323.491811066708
2025-10-10 22:58:47.736000+00:00,149.6191730589493,159.14487112571413,142.53980291510905,151.95498010206467,977.4363903119704
2025-10-10 23:58:47.736000+00:00,149.53535292796656,156.996784329885,142.8804817406759,150.30754764780397,242.53709591658608
2025-10-11 00:58:47.736000+00:00,149.1945757882029,157.32668366161104,140.5406422324691,148.64266738577092,865.8041783655458
2025-10-11 01:58:47.736000+00:00,147.20301419339913,156.32442055409527,137.33522588602867,146.407327685873,1163.639092559545
2025-10-11 02:58:47.736000+00:00,147.6821165091252,154.95709742196277,139.56816023941255,146.79967092773708,2034.7235426324492
2025-10-11 03:58:47.736000+00:00,146.2468507165405,151.6240316224166,140.4003408719298,145.75960687382886,1060.966688042673
2025-10-11 04:58:47.736000+00:00,143.68114479228694,147.43820005595487,139.87522083019945,143.63096393667382,1858.3217452923034
2025-10-11 05:58:47.736000+00:00,143.62581591735514,144.20603633662944,143.01953148097357,143.59964617958667,1323.3905560936519
2025-10-11 06:58:47.736000+00:00,143.89655700683053,152.03217868662426,135.15807591153217,143.25757058528524,1334.5092766621194
2025-10-11 07:58:47.736000+00:00,142.77602883462427,153.60852815968676,131.7029885546894,142.51573958484883,2006.0045708947546
2025-10-11 08:58:47.736000+00:00,141.79696291214483,153.60230700314347,129.88590525134802,141.68164883826896,1015.8411924005197
2025-10-11 09:58:47.736000+00:00,140.56653725989983,149.20916526508418,131.7321543972337,140.3622201162429,1497.8127993612527
2025-10-11 10:58:47.736000+00:00,142.27816053415594,148.4607561806726,135.80692170264248,141.97640476830148,1695.0438769701611
2025-10-11 11:58:47.736000+00:00,141.26844174071368,150.14653674120694,132.82503911606446,141.67861846943123,629.2552130967043
2025-10-11 12:58:47.736000+00:00,140.01970295847562,147.61724303046879,133.40977719185602,140.96279653975455,1315.6758394165745
2025-10-11 13:58:47.736000+00:00,137.72608096307934,144.51088546040864,131.07966385317067,137.85809746745903,1441.9210283150107
2025-10-11 14:58:47.736000+00:00,137.50810485791578,143.08846112174106,130.86404909099423,136.39941237761653,1175.100102036067
2025-10-11 15:58:47.736000+00:00,133.65911803649482,137.83414568323496,130.19277153192613,134.3498846767301,1375.9425040806934
2025-10-11 16:58:47.736000+00:00,133.02597635861176,136.57161907933818,130.5077059055018,134.03426112316748,1711.5013103234103
2025-10-11 17:58:47.736000+00:00,131.23568317138518,140.8399353801057,122.26072524895946,131.8246959947592,726.8619157497689
2025-10-11 18:58:47.736000+00:00,130.0831261345986,134.0538210862769,126.18770963383092,130.15621586995775,1255.2012515667939
2025-10-11 19:58:47.736000+00:00,129.33259847861103,131.8455153211574,127.13338522705592,129.64105694231867,2023.465278956561
2025-10-11 20:58:47.736000+00:00,127.67066218355855,134.38247062979733,120.91740827833502,127.62691698401676,1023.0694005049171
2025-10-11 21:58:47.736000+00:00,125.14555899446998,131.8076349974461,118.01169465414036,124.64724299535797,1416.8200199608298
2025-10-11 22:58:47.736000+00:00,122.84541789446348,134.4557872628192,112.11033029016862,123.65035835849292,1259.0651560610845
2025-10-11 23:58:47.736000+00:00,122.40463295949434,129.70799246433762,114.77239933082193,122.05489124761796,1511.6113247443045
2025-10-12 00:58:47.736000+00:00,120.66986942971586,124.97045627341782,116.4511902692196,120.74901030811739,145.44396477105994
2025-10-12 01:58:47.736000+00:00,120.74645104038039,130.13191639386883,110.58558405117621,119.905698823021,2014.022967042069
2025-10-12 02:58:47.736000+00:00,119.57465267077096,121.7906792669598,116.20037121358223,118.39452703927047,1775.8917864835594
2025-10-12 03:58:47.736000+00:00,115.83237709943796,121.77168615052356,110.40123221588084,116.31778163428099,1656.5351222600925
2025-10-12 04:58:47.736000+00:00,114.70075600614337,120.81161963398277,108.49390074506206,114.59936247252837,1864.9849626141774
2025-10-12 05:58:47.736000+00:00,114.96517789844202,124.98329653763763,104.94218668283662,114.95984019181424,1813.7116618066298
2025-10-12 06:58:47.736000+00:00,115.67811077730795,119.19043622670661,111.29991230776436,114.78512407150824,2106.2132208969424
2025-10-12 07:58:47.736000+00:00,112.06951414453937,116.1431687729029,108.4188182875662,112.47912957828487,1727.2493023835127
2025-10-12 08:58:47.736000+00:00,111.07317890325224,117.95843771570932,103.86593038896966,110.72991051163157,2351.4612133154974
2025-10-12 09:58:47.736000+00:00,108.53786844962576,114.65263147448512,101.78324063080288,107.85980308005176,1444.6502875963915
2025-10-12 10:58:47.736000+00:00,106.90736064706158,114.37022287970751,99.20642100817982,106.65141660253231,1649.1201894649291
2025-10-12 11:58:47.736000+00:00,106.33899062787475,108.40033512177318,104.38681511316567,106.44619160712716,2645.023709598095
2025-10-12 12:58:47.736000+00:00,105.52934220228043,113.51220691492087,97.67219949527252,105.64635227244325,1948.3429406206383
2025-10-12 13:58:47.736000+00:00,105.00640188404711,111.17479409752951,98.76931037923589,104.93341513109178,1473.2812173734885
2025-10-12 14:58:47.736000+00:00,106.06006484543776,110.63949379907817,102.09590394684457,106.65316485931515,1608.1325579761933
2025-10-12 15:58:47.736000+00:00,104.12701578267767,107.89486584174949,100.50466547347493,104.26762407858237,1328.6879806998177
2025-10-12 16:58:47.736000+00:00,104.49865974366526,115.6641309501155,93.83160315479829,104.95090943387443,1069.1571225100251
2025-10-12 17:58:47.736000+00:00,103.62447395320459,110.35359823505466,97.44296396121005,104.14126038575327,1483.475338966496
2025-10-12 18:58:47.736000+00:00,103.68614241080614,108.95609717452612,97.88638294249753,103.12796791367076,855.3326244960241
2025-10-12 19:58:47.736000+00:00,102.52746862039618,103.59325403773013,100.78853234876084,101.84724677789973,2103.322160418403
2025-10-12 20:58:47.736000+00:00,101.49182898525385,108.63281186960256,94.1356171443053,101.26031033588697,758.7697894243083
2025-10-12 21:58:47.736000+00:00,100.27565839555814,102.58757355663916,98.25613719270396,100.56227988434368,1261.1429029979329
2025-10-12 22:58:47.736000+00:00,100.3307725489147,103.82829477688804,97.38425531247603,100.86605728183014,2165.481774461089
2025-10-12 23:58:47.736000+00:00,100.75464186472956,105.41937569073299,95.97444279057748,100.63357129694059,875.2565485935938
2025-10-13 00:58:47.736000+00:00,98.81695244837653,101.80952571076958,95.79504168660634,98.78669874565982,955.4254481762631
2025-10-13 01:58:47.736000+00:00,98.52264803713281,106.32609175880455,90.87515863213935,98.66736888446468,2273.158828642938
2025-10-13 02:58:47.736000+00:00,96.23209205568877,105.96082284801105,86.51704889077982,96.24452456760633,1879.1377574567637
2025-10-13 03:58:47.736000+00:00,94.2433227132311,99.75876055201022,88.77483905783116,94.28770179348345,1513.3398663356186
2025-10-13 04:58:47.736000+00:00,93.05381110961876,97.91642678020966,88.27475627146565,93.13329006428803,1491.8309417149167
2025-10-13 05:58:47.736000+00:00,92.60212205830216,96.95684500051209,88.35710177195237,92.70701620883817,1003.3975501695298
2025-10-13 06:58:47.736000+00:00,92.50510376135854,95.52024563776418,89.51132110228716,92.52579339125714,1207.6212937671983
2025-10-13 07:58:47.736000+00:00,90.0979310342706,93.87328597852601,87.36955026703046,91.11413221004379,359.94545419883053
2025-10-13 08:58:47.736000+00:00,91.14611556431706,96.59081908712524,85.94430988870668,91.37589940361634,709.6619424714211
2025-10-13 09:58:47.736000+00:00,89.35383381647377,91.29073133363147,87.86428433389098,89.79384673197632,1192.355958955859
2025-10-13 10:58:47.736000+00:00,89.41990072799962,92.94962880049877,86.3399970951056,89.85474766646,852.0505935921822
2025-10-13 11:58:47.736000+00:00,88.36459936365733,92.21576044320433,85.6603778616559,89.4774814159422,1627.3938175799085
2025-10-13 12:58:47.736000+00:00,89.18427399966876,92.79450358726751,84.90804541548758,88.49017758991283,1046.5916319245275
2025-10-13 13:58:47.736000+00:00,89.18222147602557,93.84691359944767,84.00649628465547,88.64298346710112,1931.067316688389
2025-10-13 14:58:47.736000+00:00,88.07488251860127,93.24894581786565,83.17750660996484,88.33699521583134,837.5227206744838
2025-10-13 15:58:47.736000+00:00,86.43764682364923,89.66588808390028,83.50557401491236,86.72409847771723,1787.3991844520563
2025-10-13 16:58:47.736000+00:00,85.03629704478693,90.65996618117096,79.82937640271656,85.4289996729046,2239.2781126108985
2025-10-13 17:58:47.736000+00:00,84.76502591095723,87.78609557896378,81.86588693910666,84.88292424071167,895.4656633610994
2025-10-13 18:58:47.736000+00:00,83.23899244170421,88.33684003868342,78.58447462122173,83.65884509982325,1051.883842832432
2025-10-13 19:58:47.736000+00:00,83.56408400920637,87.65657979132682,78.99851645974275,83.06665077815418,1030.4415706297373
2025-10-13 20:58:47.736000+00:00,81.59538365530948,83.3791722062369,80.05473274722797,81.83401554764413,2181.333764094575
2025-10-13 21:58:47.736000+00:00,82.3181567966529,86.68162537747979,77.70434575622929,82.05380156268818,1092.2251051620685
2025-10-13 22:58:47.736000+00:00,80.61041517815433,83.8349208386753,77.21504605948527,80.43243220443283,2500.941996931456
2025-10-13 23:58:47.736000+00:00,80.83446334351756,85.90841639646743,75.31900049870393,80.36338405762925,1653.9071544745132
2025-10-14 00:58:47.736000+00:00,81.17610216031392,85.6543179180943,76.28542968709316,80.7395630320572,2084.150833211343
2025-10-14 01:58:47.736000+00:00,79.50403649861855,82.1211449146924,77.50454148810672,80.10649823038214,594.0324156078951
2025-10-14 02:58:47.736000+00:00,80.13606357108203,85.28924498857516,74.79036957334318,79.93032060781202,2005.924737158859
2025-10-14 03:58:47.736000+00:00,79.7525704535646,85.05245745456638,74.69856688214385,79.98380058833277,628.1647891559041
2025-10-14 04:58:47.736000+00:00,79.85320709236377,88.08707953181622,72.02886040775377,80.22618676050408,917.5629503146981
2025-10-14 05:58:47.736000+00:00,80.74914196434496,86.4112192437608,74.07911124082997,79.6651819494937,1377.753722853409
2025-10-14 06:58:47.736000+00:00,79.9245442402915,83.35422022398599,76.0909450899279,79.50251102760814,1280.2011702943125
2025-10-14 07:58:47.736000+00:00,77.7062937184404,79.1636177051696,76.91268242499768,78.36329646871594,1426.3741015264045
2025-10-14 08:58:47.736000+00:00,79.05654588803029,82.75699525428641,74.51187845162674,78.17087150091777,847.9221761260294
2025-10-14 09:58:47.736000+00:00,77.99261919264285,81.97587675093791,74.45875447514251,78.4225325535408,1224.6159551368214
2025-10-14 10:58:47.736000+00:00,77.4850915068983,80.19809089764549,74.91679938935683,77.62515624618102,1494.4852841483453
2025-10-14 11:58:47.736000+00:00,77.13010718868887,83.62822907063516,70.42790273916025,76.9072490848906,1039.1765415487935
2025-10-14 12:58:47.736000+00:00,76.3741744133483,80.84172773957818,72.50868995467664,76.94723907172477,2329.6529821903227
2025-10-14 13:58:47.736000+00:00,77.48209672629274,80.19079487740763,74.52978963824062,77.22966295205171,1743.8433124778321
2025-10-14 14:58:47.736000+00:00,76.78999000914781,80.41234356491414,73.09978654192761,76.71878101190237,1601.011484780415
2025-10-14 15:58:47.736000+00:00,76.47823703592518,78.24767182675569,74.80777652749147,76.57509570238352,1320.0430254964565
2025-10-14 16:58:47.736000+00:00,76.83509631208909,78.77900705510885,75.0233571172211,76.96422310487735,1157.594374858644
2025-10-14 17:58:47.736000+00:00,76.84137523797719,81.1249442553505,72.42803769222847,76.70394561182975,1237.3609743486768
2025-10-14 18:58:47.736000+00:00,75.8694339099653,83.82149951245398,68.10305512924542,76.03787794845684,1820.6766834812684
2025-10-14 19:58:47.736000+00:00,76.62426699258837,77.88306169282392,76.03835807429445,77.29204658514521,1180.793101827755
2025-10-14 20:58:47.736000+00:00,77.03517559918606,78.48270045660773,76.14790561959009,77.58905109132482,1136.921864854119
2025-10-14 21:58:47.736000+00:00,77.9060665609378,79.3849012273782,76.71400416997739,78.18851698394289,1325.1291740426063
2025-10-14 22:58:47.736000+00:00,77.87507507116345,79.2648094701995,76.61429682173548,78.00197671447971,1848.6131242212443
2025-10-14 23:58:47.736000+00:00,78.03475960069157,82.75216827373782,73.00461079995411,77.70189704669725,1190.404208118913
2025-10-15 00:58:47.736000+00:00,78.6168685244751,84.6127034200346,72.11050414763798,78.06418802542629,1607.8643458322222
2025-10-15 01:58:47.736000+00:00,77.66089397085732,82.95068188263352,71.92591523717338,77.18316302131579,1022.4018898897554
2025-10-15 02:58:47.736000+00:00,77.08795966168266,81.65831320903295,72.24417831123809,76.79729932987188,1040.6773136073791
2025-10-15 03:58:47.736000+00:00,77.7733803020466,80.02583484590723,75.83013913971085,78.07505603132424,1394.0136762775273
2025-10-15 04:58:47.736000+00:00,77.3154611424261,79.21812962159274,75.6822232061091,77.5793178862275,504.71536405120514
2025-10-15 05:58:47.736000+00:00,76.0332244399703,81.18327503988098,70.66080867862424,75.79470323231112,1743.3614513267628
2025-10-15 06:58:47.736000+00:00,75.64065544171648,77.33429045436633,73.68113822029862,75.36868363778429,1379.582141013212
2025-10-15 07:58:47.736000+00:00,75.62750834061198,78.85417283800575,72.43858154531962,75.66371916866464,226.39915832009427
2025-10-15 08:58:47.736000+00:00,75.26423587910179,78.42258724032105,72.40284587974321,75.55032088302653,2350.0370665889004
2025-10-15 09:58:47.736000+00:00,76.27621184356902,78.47090569050623,73.39749758677254,75.57192706244288,1212.55438565604
2025-10-15 10:58:47.736000+00:00,73.76246648034984,76.10214218082152,71.63164011720794,73.96545203634619,785.6188029015914
2025-10-15 11:58:47.736000+00:00,73.59929506476274,77.00925380325813,70.32304808905586,73.72730836030372,353.3135669888383
2025-10-15 12:58:47.736000+00:00,73.57115779225906,75.30830812317241,71.79029159766597,73.52638475482917,1499.8276820435003
2025-10-15 13:58:47.736000+00:00,73.62452412942591,77.75085330708771,69.795807322725,73.90742474045516,1325.162415917887
2025-10-15 14:58:47.736000+00:00,73.37626304943733,73.50910023811319,72.89582805357912,73.02803482505435,1943.4130029795224
2025-10-15 15:58:47.736000+00:00,72.18739226036786,75.28315847171169,69.22134674159092,72.31199332713652,1836.6101529574298
2025-10-15 16:58:47.736000+00:00,71.89488419104646,74.0741322256138,70.15971042198093,72.32849335522465,2137.2841907387924
2025-10-15 17:58:47.736000+00:00,70.79939995794388,73.1402611650068,68.90215281736617,71.23143652322717,1690.4607750862522
2025-10-15 18:58:47.736000+00:00,71.28651450758164,75.89162104362688,66.36452906439142,70.9477515225382,2214.8911240982884
2025-10-15 19:58:47.736000+00:00,70.91499671127633,75.8043747321949,65.99875258607383,70.88614109833806,1325.848092086441
2025-10-15 20:58:47.736000+00:00,70.35158621901607,75.65396537972305,65.21633927285339,70.50734869981534,2071.6637396197148
2025-10-15 21:58:47.736000+00:00,70.64076284253207,73.40233133723727,68.07622322495743,70.83088937319008,1762.5768796916684
2025-10-15 22:58:47.736000+00:00,69.47793051520131,71.83725916212116,66.87148840500313,69.22213060946555,1715.4612398997365
2025-10-15 23:58:47.736000+00:00,67.69480544183642,70.31320213831093,65.03658831821923,67.6533828108092,1652.6291411036627
2025-10-16 00:58:47.736000+00:00,67.77562362797978,71.90845189088951,63.23137473324708,67.33748621218481,2368.930410393749
2025-10-16 01:58:47.736000+00:00,66.9423397754934,70.88734648644508,63.118789098721685,67.05723342066479,2447.6032100416696
2025-10-16 02:58:47.736000+00:00,66.07788854943817,66.46735305372604,65.70283858167885,66.09222173258219,1006.907555179183
2025-10-16 03:58:47.736000+00:00,64.76047178589752,67.62915558663252,62.08963713205666,64.95048447839595,1823.4379341286547
2025-10-16 04:58:47.736000+00:00,64.99280014714742,66.88701835846283,63.24121518876592,65.13169024985214,658.2223804044978
2025-10-16 05:58:47.736000+00:00,64.93214995561539,68.00559463033626,61.41958840586823,64.47121559483668,2103.74173995589
2025-10-16 06:58:47.736000+00:00,64.16061856213963,68.1868079880105,60.263839674583586,64.2826194099222,841.2015847312571
2025-10-16 07:58:47.736000+00:00,64.52427405207474,66.44864215331846,62.62042674311839,64.54420671309519,2077.437383563317
2025-10-16 08:58:47.736000+00:00,64.22045823632496,66.07676382072992,62.21825540323771,64.07021827045722,1916.6037975316751
2025-10-16 09:58:47.736000+00:00,63.70402823929534,66.19926722678466,61.50572055966929,63.991054793931035,1628.1826723475697
2025-10-16 10:58:47.736000+00:00,63.893199719626175,65.13935324578156,62.18362517484311,63.42056048926232,1228.5317185570889
2025-10-16 11:58:47.736000+00:00,62.551681587933835,64.92636228850654,60.4484347736754,62.81428563759404,2154.8171874080927
2025-10-16 12:58:47.736000+00:00,62.230056832610366,63.55704195614113,61.07406732982972,62.39793395719237,1825.6027796976907
2025-10-16 13:58:47.736000+00:00,61.51744398491458,65.84088026942673,57.64471410346122,61.9414573230726,1530.3689955391637
2025-10-16 14:58:47.736000+00:00,61.951952745953236,65.16727067941169,58.665768808314034,61.877207446766185,1207.0466388055984
2025-10-16 15:58:47.736000+00:00,61.1671658902131,65.58992369854961,56.93967646500237,61.34981099364178,967.1234609215721
2025-10-16 16:58:47.736000+00:00,60.94349921615731,65.92553905843272,55.72949807258148,60.690887266037606,2081.0064771795446
2025-10-16 17:58:47.736000+00:00,59.63231873134154,63.974659733455546,55.49395808654471,59.82306190361864,1775.5824927413812
2025-10-16 18:58:47.736000+00:00,59.91025559730115,63.19502181928652,56.835361577937185,60.109881975556036,1531.9692402453054
2025-10-16 19:58:47.736000+00:00,59.24782615107505,60.84297418738625,57.94373506005812,59.532614677686226,1088.3809748591661
2025-10-16 20:58:47.736000+00:00,58.49043719824454,61.339634933601786,55.97801044427302,58.813338135360574,2631.5974308244204
2025-10-16 21:58:47.736000+00:00,58.80809124169278,60.84395473610488,56.44111237459374,58.465102005209395,1851.6824597748819
2025-10-16 22:58:47.736000+00:00,58.494545198539385,60.02696054632617,57.108442197039494,58.637470741435855,904.6747744062803
2025-10-16 23:58:47.736000+00:00,57.16743008559645,60.79271857786058,53.34901759265039,56.9612298388695,1562.351753689543
2025-10-17 00:58:47.736000+00:00,56.35315575963927,60.574496801001786,52.16306069183921,56.38223925269526,371.0794943268527
2025-10-17 01:58:47.736000+00:00,54.54056406958766,58.13808412013095,51.95884539137678,55.51045492766625,2031.9506234154542
2025-10-17 02:58:47.736000+00:00,54.934347733903884,55.9452538379918,53.879290008995,54.8893683999095,1241.0147789136302
2025-10-17 03:58:47.736000+00:00,55.977931016772324,56.93400350896283,55.03513631626185,55.99098888448841,639.2802943840065
2025-10-17 04:58:47.736000+00:00,55.30380065534213,58.48852159842753,52.04372671787752,55.22384323853933,1101.6138243904895
2025-10-17 05:58:47.736000+00:00,54.489568033936536,57.57617652546142,51.04140336925773,54.10630139188832,1646.6867238387285
2025-10-17 06:58:47.736000+00:00,54.61713463540211,56.344265317542664,52.56595646534619,54.28250533018638,1400.482819959294
2025-10-17 07:58:47.736000+00:00,54.38236968999925,57.90209495155951,50.818877885808455,54.33557447657428,2289.3693975948436
2025-10-17 08:58:47.736000+00:00,54.47914146826705,57.56608342754867,51.74600023483473,54.81604045018001,1277.26250645293
2025-10-17 09:58:47.736000+00:00,54.039763201635445,56.25783055147505,51.704369986480565,53.91741556567238,964.1428308491021
2025-10-17 10:58:47.736000+00:00,53.23164892185324,56.68367174162953,49.81980217348547,53.26940504023846,1362.8337226450114
2025-10-17 11:58:47.736000+00:00,53.55289075490109,55.404512080753115,51.32694171380458,53.165156924331804,1844.3863337430514
2025-10-17 12:58:47.736000+00:00,52.581185534061106,54.7614762901549,50.45290169375521,52.631169299565855,1917.8999268213288
2025-10-17 13:58:47.736000+00:00,52.23593055579968,55.650515495340336,49.01327099207836,52.416703283371525,920.7845842464511
2025-10-17 14:58:47.736000+00:00,52.4407268883524,54.579089790995944,50.621817626747934,52.74947170000064,636.6269589593951
2025-10-17 15:58:47.736000+00:00,52.905497226006204,54.20213513479997,51.46626748397664,52.75932286878316,2096.960187993308
2025-10-17 16:58:47.736000+00:00,51.47943096766068,54.973849809337636,48.4479686185136,51.91664150207093,865.4928975431552
2025-10-17 17:58:47.736000+00:00,51.28115364284423,54.209622313432355,48.658144721743504,51.57174953748569,1439.386303770269
2025-10-17 18:58:47.736000+00:00,51.290024413992455,53.93947114481646,48.631411660552125,51.28035911916735,1940.07606394522
2025-10-17 19:58:47.736000+00:00,51.49570488864423,53.22615157260976,49.75073513971598,51.480676825003464,1128.3511504012836
2025-10-17 20:58:47.736000+00:00,51.49971188632069,56.03203683733893,47.22280081239961,51.735540812206864,1220.7549951429587
2025-10-17 21:58:47.736000+00:00,51.47543048044165,55.70761269496677,47.51306927931447,51.72596630439918,1578.1305671381167
2025-10-17 22:58:47.736000+00:00,51.389730220049465,52.699465796117785,50.34787359453469,51.652286206407936,805.4400122951909
2025-10-17 23:58:47.736000+00:00,51.3350140813628,52.92899295474052,49.51388860371242,51.1005884390312,1160.2315052999256
2025-10-18 00:58:47.736000+00:00,51.11414667408379,53.88114556351261,48.179183154452474,50.93656910978839,716.9641895615749
2025-10-18 01:58:47.736000+00:00,50.80907762357565,53.211206721628926,48.377227430612365,50.77788165968332,1423.6686778639557
2025-10-18 02:58:47.736000+00:00,51.52232100284061,52.84659325203506,49.7802559718685,51.093506450285815,1051.5483635388887
2025-10-18 03:58:47.736000+00:00,51.85851297449205,52.90673771015271,50.67097724274945,51.71632796928511,802.1105788238401
2025-10-18 04:58:47.736000+00:00,51.61206166035965,52.30897804604093,50.323082425049655,51.01189477215786,1371.7116692575469
2025-10-18 05:58:47.736000+00:00,50.547030665532425,53.01740612509825,48.19837826959036,50.66334903167474,1473.7336245230317
2025-10-18 06:58:47.736000+00:00,51.40082875629355,52.282356060306334,50.54870716344926,51.429754930110136,2357.903446675322
2025-10-18 07:58:47.736000+00:00,51.823011716197904,55.680151485764064,48.24235792348296,52.081628829093084,1252.861615172668
2025-10-18 08:58:47.736000+00:00,51.20274393513299,53.84061139149328,48.62199607676152,51.25712270549488,1460.402206141362
2025-10-18 09:58:47.736000+00:00,50.85051924520957,53.028056961862085,48.86457621387326,51.03491253751514,1213.8752701482513
2025-10-18 10:58:47.736000+00:00,50.38645406708855,52.272924884942505,48.76404591372409,50.64227933891887,1908.2967784280797
2025-10-18 11:58:47.736000+00:00,49.357908800505264,52.19437542845546,46.342397203854226,49.16794725108582,1408.0250881711684
2025-10-18 12:58:47.736000+00:00,48.23409620497185,50.07938902366535,46.28809044821351,48.129377022990504,2278.6506285388846
2025-10-18 13:58:47.736000+00:00,48.03275710071717,50.51591070074515,45.34446721409344,47.81643773305357,1840.6901942019097
2025-10-18 14:58:47.736000+00:00,47.87160614297906,48.06253179907873,47.753432758032545,47.94417926385836,1428.7597729861504
2025-10-18 15:58:47.736000+00:00,47.7755675543825,50.30551961357062,45.59352072361873,48.108276991125585,1899.4954670572706
2025-10-18 16:58:47.736000+00:00,48.03638999708176,52.10615532178164,43.79627808776299,47.85027530134611,1034.376117468322
2025-10-18 17:58:47.736000+00:00,48.04460201852122,50.87800655911612,45.15510117843396,47.984990140620006,1446.1526577366021
2025-10-18 18:58:47.736000+00:00,47.39597725973234,50.4459026704835,44.086284612169656,47.11834438069567,609.747423537315
2025-10-18 19:58:47.736000+00:00,47.31623468021791,48.10567983692653,46.28468552414074,47.070022771585066,1560.1989161366173
2025-10-18 20:58:47.736000+00:00,47.427228370831315,51.83852918348374,42.83806348031469,47.23112425966403,1985.2588789354952
2025-10-18 21:58:47.736000+00:00,47.269261638677605,50.03469432012562,44.706661701238815,47.4616637232519,2349.0879518287243
2025-10-18 22:58:47.736000+00:00,47.30250827181604,50.41385201123313,44.31881589539135,47.42258554104732,2029.9962917877233
2025-10-18 23:58:47.736000+00:00,47.069644938101646,49.790946715726946,44.7159990972301,47.419792290283766,1534.4171341688111
2025-10-19 00:58:47.736000+00:00,46.42367977844138,48.74773123408616,44.44791071159298,46.75774453487357,1178.0111377465503
2025-10-19 01:58:47.736000+00:00,45.985341576788194,49.45429177678041,43.14243494722591,46.574935274815395,1259.947265273213
2025-10-19 02:58:47.736000+00:00,46.0666079532461,48.24953362389047,44.02727828750338,46.20411656837484,539.4449804673966
2025-10-19 03:58:47.736000+00:00,44.827650325665616,46.449437403144955,43.44951377310635,45.06403371551172,1273.420648627948
2025-10-19 04:58:47.736000+00:00,44.13542427475043,47.18205274537189,41.036737026561646,44.079505472794985,510.9458683880704
2025-10-19 05:58:47.736000+00:00,43.51130069013677,43.9797529943417,43.19226314268022,43.65962786874947,2096.073676207874
2025-10-19 06:58:47.736000+00:00,42.68180761524336,45.013810069117234,40.38311893782819,42.71341892047434,1612.031316064653
2025-10-19 07:58:47.736000+00:00,43.68856248638436,46.06831598148463,40.95306842906532,43.31232811504928,1412.8386885786215
2025-10-19 08:58:47.736000+00:00,43.61016621515948,46.17615392379466,41.16521824265783,43.72478026192774,1087.8480525775813
2025-10-19 09:58:47.736000+00:00,44.26958808830881,47.993215526186546,40.47822020573739,44.19562655094722,1151.01826526594
2025-10-19 10:58:47.736000+00:00,43.727383461926934,45.615889817458104,41.76078552946234,43.64576701889882,1493.7520774997824
2025-10-19 11:58:47.736000+00:00,42.969704468503764,45.489681444002215,40.53351711433194,43.04899847906948,842.5380851468776
2025-10-19 12:58:47.736000+00:00,42.7497882895857,45.75258188202688,40.1200705986531,43.10124464550735,1368.9507724569519
2025-10-19 13:58:47.736000+00:00,43.11151989017193,45.623342513714285,40.551309113982704,43.06013805863796,1505.2603173507387
2025-10-19 14:58:47.736000+00:00,42.53399322030753,45.163151954158586,40.311507729835625,42.920472172071065,1706.1663270337378
2025-10-19 15:58:47.736000+00:00,42.41294448333651,44.05425785776833,40.871853369212566,42.509652808400475,1204.520844038105
2025-10-19 16:58:47.736000+00:00,42.134309893254105,43.7049027981061,40.576164174094444,42.146313191578926,1509.5276816267124
2025-10-19 17:58:47.736000+00:00,41.43559873683769,44.818911550723804,38.347159171555596,41.71001790619687,1683.208833714324
2025-10-19 18:58:47.736000+00:00,41.597601191790815,42.39448823878014,40.63007716153817,41.42363146289914,1733.0524907400563
2025-10-19 19:58:47.736000+00:00,41.36562712924169,41.85463561428949,40.666604920268824,41.15310100345018,1166.768389810779
2025-10-19 20:58:47.736000+00:00,40.858182909114575,42.056907421878016,39.426054115865256,40.617723881949956,1284.3523192518614
2025-10-19 21:58:47.736000+00:00,40.01854516531854,41.31818642968119,38.97102536106769,40.264235470589,1968.18388879645
2025-10-19 22:58:47.736000+00:00,39.781602348101984,41.71023691600649,38.029231528044726,39.95042930565924,1283.1447810803695
2025-10-19 23:58:47.736000+00:00,39.09687194638149,41.271691352873006,37.24515219966872,39.40536084678047,1659.963962432343
2025-10-20 00:58:47.736000+00:00,39.37188918182656,40.91935818367159,37.66962770804034,39.210763855319236,2728.3791915400384
2025-10-20 01:58:47.736000+00:00,38.99108509101764,39.87490865428822,38.20677632477569,39.08863761136938,451.98310888685467
2025-10-20 02:58:47.736000+00:00,39.18943105053254,40.01171361068555,38.40623093803957,39.22774773980958,2264.7837644624133
2025-10-20 03:58:47.736000+00:00,39.67018402944476,43.23225660361948,35.92383847468361,39.46773248166516,1286.6283330588647
2025-10-20 04:58:47.736000+00:00,39.14705287042925,41.8971954305421,36.176075979132676,38.90953234561688,1795.149834337177
2025-10-20 05:58:47.736000+00:00,39.14170763806037,41.583327941411035,36.66144624138207,39.100495791231474,1918.4668907069567
2025-10-20 06:58:47.736000+00:00,38.39812729549755,39.48136735499255,37.2652321156729,38.347030701818134,1694.9240649163082
2025-10-20 07:58:47.736000+00:00,38.48715078707513,40.41655301510401,36.49630672120692,38.42246624355796,1172.8220240766507
2025-10-20 08:58:47.736000+00:00,38.23505512483897,40.063992486780016,36.63466464242973,38.45442012513706,2379.9103612097315
2025-10-20 09:58:47.736000+00:00,38.20488482247269,39.70600707288486,36.503945961185,37.99689604777614,1016.7801318531195
2025-10-20 10:58:47.736000+00:00,38.14601895678065,39.25197204979914,37.06017358954909,38.16557014819769,1346.4159245630735
2025-10-20 11:58:47.736000+00:00,37.776237802668874,39.6252305271139,36.082539055800225,37.92486794345678,724.6733025819063
2025-10-20 12:58:47.736000+00:00,36.97417747829615,39.19129806252242,34.995259785963945,37.200279048971225,1603.563501923424
2025-10-20 13:58:47.736000+00:00,36.588373334410974,37.852681533844134,35.36080295238948,36.62391857926931,1526.686755539327
2025-10-20 14:58:47.736000+00:00,36.452258644068735,38.27761732822471,34.94671329660805,36.759387014025044,1426.4434950501097
2025-10-20 15:58:47.736000+00:00,36.556668238893785,38.19505088614786,35.04584555247884,36.67916559965002,1543.7638100317463
2025-10-20 16:58:47.736000+00:00,36.22665410903051,39.23103718054197,33.32268299910977,36.319614274645105,1258.7588604435437
2025-10-20 17:58:47.736000+00:00,36.286807663301126,38.52784371320456,33.731281205193994,35.95161617215132,1849.8276816607852
2025-10-20 18:58:47.736000+00:00,35.10474483356923,36.43829820466433,33.89156770096281,35.22109998021296,1245.3735976412072
2025-10-20 19:58:47.736000+00:00,35.26126016686716,36.78648909461178,33.74622553601144,35.27103449994761,883.1346026890582
2025-10-20 20:58:47.736000+00:00,34.876997683675505,36.654540405874954,33.30016726911415,35.06902806988665,509.23786597954035
2025-10-20 21:58:47.736000+00:00,34.44570069352236,37.52609903009104,31.660502267182775,34.71881705635232,1915.344074688936
2025-10-20 22:58:47.736000+00:00,34.474645441938414,34.555708950919445,34.09806694941099,34.17843394816609,1780.0724145899524
2025-10-20 23:58:47.736000+00:00,33.70841754286327,34.78286682784861,32.78102629287249,33.85153802479792,1271.38536112643
2025-10-21 00:58:47.736000+00:00,33.502847117526585,34.840075313391175,32.38925152419616,33.719285558523495,2105.0603692656064
2025-10-21 01:58:47.736000+00:00,33.55052850993956,36.08476967879017,31.14707953760963,33.67257751885405,1196.098923972895
2025-10-21 02:58:47.736000+00:00,33.28511491318713,35.054298412604176,31.237257585004045,32.99079740462311,727.495735742941
2025-10-21 03:58:47.736000+00:00,32.84390807044509,33.77216549221338,32.023314571704546,32.94894761731495,1316.3202034432863
2025-10-21 04:58:47.736000+00:00,32.19278830198801,32.91594102267088,31.446826016386186,32.16945458740466,1172.8136055884072
2025-10-21 05:58:47.736000+00:00,31.56832783988088,33.580022722187195,29.628284186878854,31.635830657715186,1249.444787216881
2025-10-21 06:58:47.736000+00:00,31.67888009149876,32.534894226536345,30.63859039666606,31.48948682187909,25.632909683628114
2025-10-21 07:58:47.736000+00:00,31.78650509364108,33.09999571763626,30.335940199232066,31.643522455705586,153.3224423503183
2025-10-21 08:58:47.736000+00:00,31.27943795412431,32.97460079373836,29.791316641412863,31.47707679996998,1430.3122674625768
2025-10-21 09:58:47.736000+00:00,32.09094643692089,34.1521250243978,29.989360945163472,32.04776608975841,1871.0505324795322
2025-10-21 10:58:47.736000+00:00,31.248285108809473,33.517930303628184,28.999547944859387,31.267789532346782,1222.8189961540388
2025-10-21 11:58:47.736000+00:00,30.274150891429972,30.392552410327305,30.202239625027776,30.32053097566292,1675.4477630543386
2025-10-21 12:58:47.736000+00:00,30.020230725578973,32.14029999724136,28.176950725538674,30.281007947147938,1729.8213335717198
2025-10-21 13:58:47.736000+00:00,30.72654936882149,32.63694671151024,28.71321890305851,30.616792185247537,860.0946326470382
2025-10-21 14:58:47.736000+00:00,30.37149638664065,30.550071146257192,30.171212322960997,30.349658683815658,1086.190962157738
2025-10-21 15:58:47.736000+00:00,29.826770715461517,31.387226495569646,28.30997427051845,29.868317262250322,1978.7892555208362
2025-10-21 16:58:47.736000+00:00,30.065282061539268,31.185646261048543,28.736807305649915,29.8491162182857,1094.2441114371359
2025-10-21 17:58:47.736000+00:00,29.608845828742222,30.685587819544015,28.477275763523572,29.551948657341324,1650.0400218972418
2025-10-21 18:58:47.736000+00:00,29.62737330499124,31.537701150085205,27.455429363077073,29.347725974820296,1980.4194867176027
2025-10-21 19:58:47.736000+00:00,28.45356110329734,29.616918420145836,27.70924567484339,28.86192073052261,1703.9788417456086
2025-10-21 20:58:47.736000+00:00,28.298762086733323,29.448041273426394,27.271950884950837,28.416941954322937,1941.5064910114854
2025-10-21 21:58:47.736000+00:00,27.59110105030821,29.25770774066064,26.22370267849123,27.876180979052616,1589.6861939885737
2025-10-21 22:58:47.736000+00:00,27.759661722413423,30.37523084515413,25.394676261979196,27.9905728981218,1453.49804793769
2025-10-21 23:58:47.736000+00:00,27.78520894366189,28.586980997063474,26.962131149862934,27.763270135383024,313.6082967503701
2025-10-22 00:58:47.736000+00:00,27.52297953448587,27.86501266287172,27.25012858622875,27.591482604722117,699.5014305165159
2025-10-22 01:58:47.736000+00:00,26.773710643899133,28.154949456085916,25.55610117783354,26.930222189217055,1603.1434059937988
2025-10-22 02:58:47.736000+00:00,27.06770503572464,28.042353844718175,26.084410680109755,27.058736553696857,1056.4763554286649
2025-10-22 03:58:47.736000+00:00,26.69800728184679,27.82469946963812,25.572267216027946,26.698920881263753,1101.776361654826
2025-10-22 04:58:47.736000+00:00,26.850325523594616,28.4948500980628,25.35082888479908,26.987682550404873,2414.2826991447464
2025-10-22 05:58:47.736000+00:00,26.517936374563646,27.256103787498894,25.633269797495508,26.367242412985284,818.5255908701898
2025-10-22 06:58:47.736000+00:00,26.050226900819478,27.401368988399476,24.612884267304633,25.959310828521385,1087.4516115593149
2025-10-22 07:58:47.736000+00:00,25.81658620860096,27.55457441133661,24.188712094819355,25.920168856496765,1443.115824927347
2025-10-22 08:58:47.736000+00:00,25.68718648498103,26.659657489653767,24.700162042527474,25.672060400662104,2047.8601212420465
2025-10-22 09:58:47.736000+00:00,25.87896965664752,26.0334028296863,25.534432501169654,25.68772441511387,1565.2830504882982
2025-10-22 10:58:47.736000+00:00,25.400846894967703,26.92026285125057,23.92929824097407,25.44609295479548,785.6875589192117
2025-10-22 11:58:47.736000+00:00,25.35256433014171,26.24016601592261,24.368712149554792,25.252821816864667,1213.2844127665405
2025-10-22 12:58:47.736000+00:00,25.662185134814585,26.42364803469373,24.910139483809704,25.67133426302625,1301.5318849773278
2025-10-22 13:58:47.736000+00:00,25.65712737071573,26.730458454793126,24.5556584810081,25.627761065586533,1403.0510429147546
2025-10-22 14:58:47.736000+00:00,25.604804901545926,26.382889162035806,24.73391650222811,25.509092225550543,1443.2135067240545
2025-10-22 15:58:47.736000+00:00,25.36287209349565,26.353446898408713,24.355601205531055,25.345497423644698,1629.12782495995
2025-10-22 16:58:47.736000+00:00,24.853245979522764,26.7010901196387,22.98876075425683,24.8352682460545,1137.9435572150355
2025-10-22 17:58:47.736000+00:00,24.424821760323074,25.961361088279943,23.023518843462732,24.552720362139112,2033.9531740215305
2025-10-22 18:58:47.736000+00:00,24.537196387001927,25.35946714439089,24.079691040443823,24.895285097807573,1388.3611498261726
2025-10-22 19:58:47.736000+00:00,24.63589116959878,25.75132991083315,23.587584859563535,24.70028357548507,2647.1783782731886
2025-10-22 20:58:47.736000+00:00,24.36683175076158,25.590789102905465,23.362235562229195,24.577507183739257,1002.1060238422984
2025-10-22 21:58:47.736000+00:00,24.47544643461129,25.607159892768816,23.26714842682337,24.395149035558266,1340.5301896075416
2025-10-22 22:58:47.736000+00:00,23.994400291032637,24.77165660021061,23.259562126479516,24.03555796532008,664.4781249184472
2025-10-22 23:58:47.736000+00:00,24.10060146165188,25.624577494102727,22.448624912030528,23.96396060445709,1692.9020261244407
2025-10-23 00:58:47.736000+00:00,23.620368254832638,24.44429605211327,22.849802472562057,23.672044440887667,522.7613636249854
2025-10-23 01:58:47.736000+00:00,23.560114526749658,25.406955181065175,21.54472233210579,23.37722669430549,1799.2736568083365
2025-10-23 02:58:47.736000+00:00,22.76287037533278,23.64198054555868,21.84351286555065,22.721006227458567,1192.0111866385982
2025-10-23 03:58:47.736000+00:00,22.262149948049736,23.462085908643704,21.05096637283176,22.250261545269918,1355.824246900128
2025-10-23 04:58:47.736000+00:00,22.31134333322759,22.617112655880018,21.976835663496146,22.28220566437145,1512.017067904662
2025-10-23 05:58:47.736000+00:00,21.64252392765871,22.96571204721487,20.468741639879,21.784243593349625,1678.1092434244547
2025-10-23 06:58:47.736000+00:00,21.870011066720735,23.06563764018195,20.54890213868364,21.73727190420069,2020.4866444722768
2025-10-23 07:58:47.736000+00:00,21.508928616545223,21.972549701984107,21.05004160546769,21.51356380054484,517.4573176841465
2025-10-23 08:58:47.736000+00:00,21.514446478300684,22.913118429023314,19.96767809669876,21.356052739525587,1735.3274686475554
2025-10-23 09:58:47.736000+00:00,20.849236375262098,21.573271960830045,20.13703713006425,20.86068174757117,1308.4183291086142
2025-10-23 10:58:47.736000+00:00,20.77957731513686,22.306405287680608,19.342093827338097,20.863141052253436,734.1707331113611
2025-10-23 11:58:47.736000+00:00,20.982794767422718,21.457809573571993,20.398988009135422,20.871482903907015,1427.4589943892304
2025-10-23 12:58:47.736000+00:00,20.25151948640272,21.362432164297864,19.33976176685004,20.442094437552118,1289.9307631790236
2025-10-23 13:58:47.736000+00:00,20.19471396320847,20.511063273253633,19.852254395155246,20.168188179967316,1082.7470467329533
2025-10-23 14:58:47.736000+00:00,20.713457589259033,21.48522014223423,19.9259140892943,20.69706590462082,500.2238964887556
2025-10-23 15:58:47.736000+00:00,20.37972538806788,21.02087144334826,19.71974024864707,20.360274375162064,1432.8152717852404
2025-10-23 16:58:47.736000+00:00,20.377520003004438,20.843525389600313,19.947715348131883,20.412972957526204,1627.3835711595802
2025-10-23 17:58:47.736000+00:00,20.119588908039866,20.419746547165087,19.907535590226725,20.206774326026757,1518.9693122049973
2025-10-23 18:58:47.736000+00:00,20.305758731333487,20.57298884804265,20.00619000653694,20.27298886154124,958.9010296035706
2025-10-23 19:58:47.736000+00:00,20.177020953288224,20.597063733180136,19.73907079968119,20.158732860266237,1750.9872262740819
2025-10-23 20:58:47.736000+00:00,20.013695479802273,20.66830325409395,19.424371237275633,20.07711165579008,1941.086572461115
2025-10-23 21:58:47.736000+00:00,19.844043343534697,20.677460308828238,19.021068380803154,19.854069538332755,1932.4027888157289
2025-10-23 22:58:47.736000+00:00,19.592509571446186,20.58042902951643,18.675495607095694,19.6602447658766,1660.0751832119367
2025-10-23 23:58:47.736000+00:00,19.67260775744019,20.56136439952475,18.796871611602594,19.685073341853194,1904.0354516590753
2025-10-24 00:58:47.736000+00:00,19.117302212773314,20.623406240834385,17.7762485568937,19.27153346505876,995.2526185218557
2025-10-24 01:58:47.736000+00:00,19.120199025437827,20.446085674066545,17.928501547420055,19.246515327251554,1630.8876936481604
2025-10-24 02:58:47.736000+00:00,18.95628628573991,20.232941188571985,17.614566988578208,18.886523559402015,1507.2506092575159
2025-10-24 03:58:47.736000+00:00,18.613640629836397,19.435422551177787,17.78773570468842,18.609327190053143,1835.3647988076675
2025-10-24 04:58:47.736000+00:00,18.155942274733984,18.40697230278236,18.04077708308545,18.290950737213908,2341.35255983537
2025-10-24 05:58:47.736000+00:00,18.397122281087537,18.99466673145683,17.88817522998196,18.483334658679187,1395.7989324038276
2025-10-24 06:58:47.736000+00:00,17.885114110026723,19.49344945835016,16.56464259904082,18.153185997056248,328.7535525535428
2025-10-24 07:58:47.736000+00:00,17.76083946182052,18.859834189786806,16.626767436664867,17.723448509372798,2086.0655650436406
2025-10-24 08:58:47.736000+00:00,17.638908834008138,18.299405637504123,16.92141371157642,17.579693157677966,1326.0116368304668
2025-10-24 09:58:47.736000+00:00,17.407183892832155,18.868613419833114,15.998945179597559,17.456393644641924,2175.3958483842375
2025-10-24 10:58:47.736000+00:00,17.431289769547096,18.64294161557509,16.280028395621624,17.487938816839435,1892.1428517470854
2025-10-24 11:58:47.736000+00:00,17.343994554129427,17.92207478014424,16.87497687783939,17.450185480403857,1224.889411396509
2025-10-24 12:58:47.736000+00:00,17.295376715521915,18.067972307227112,16.462633218244115,17.232416329026915,1920.2797200006792
2025-10-24 13:58:47.736000+00:00,16.75216807558689,17.226655196852914,16.407099742956063,16.878974844095605,1384.4948296232174
2025-10-24 14:58:47.736000+00:00,16.785308279338597,17.950707346770226,15.527008199981255,16.685475936942723,1386.7625888596729
2025-10-24 15:58:47.736000+00:00,16.768182894936235,17.719227473044512,15.893322132305503,16.840589004469024,1730.1424991180058
2025-10-24 16:58:47.736000+00:00,16.669819721983856,17.010126345423085,16.2747226658003,16.613887458062354,2285.220635735982
2025-10-24 17:58:47.736000+00:00,16.53611209738388,16.814453577407203,16.303869251831586,16.58157226266207,1676.7324390281663
2025-10-24 18:58:47.736000+00:00,16.628831409555975,17.329347592241916,15.872053726880884,16.570095568078525,1387.5037939775052
2025-10-24 19:58:47.736000+00:00,16.398212380364125,17.125459927720026,15.801590447642313,16.524252242337717,1043.2976979283599
2025-10-24 20:58:47.736000+00:00,16.903829589656677,18.095858709941872,15.643197580971487,16.830021910063724,1040.331399064879
2025-10-24 21:58:47.736000+00:00,16.80331553821138,17.11921289063555,16.488199739572917,16.804082705168028,1427.4780601286686
2025-10-24 22:58:47.736000+00:00,16.70011950689424,17.3923444869082,15.945591569285536,16.635122399640814,1445.8174990301975
2025-10-24 23:58:47.736000+00:00,16.31080067801528,16.437183578133794,16.2309107382595,16.357067026828258,1559.6566010662032
2025-10-25 00:58:47.736000+00:00,16.205753965675164,17.10159704517633,15.292785030156727,16.18762600848907,1895.8128126159536
2025-10-25 01:58:47.736000+00:00,16.220384791565344,16.575584360326527,15.803167781051238,16.1569788650102,954.4107167178964
2025-10-25 02:58:47.736000+00:00,16.006678811700578,16.395370565019,15.6578106335526,16.04565293939454,1709.1248754341914
2025-10-25 03:58:47.736000+00:00,15.990984104434366,16.380024884876295,15.559076190682596,15.947048061780873,1490.9201391412096
2025-10-25 04:58:47.736000+00:00,15.707669005938975,16.902227494750313,14.558916976677233,15.750353790771799,1882.3224617330284
2025-10-25 05:58:47.736000+00:00,15.517236219283003,16.573583169243523,14.54389546075219,15.595343048523162,594.3622186069721
2025-10-25 06:58:47.736000+00:00,15.562310330734944,16.559751402755065,14.522278499295291,15.516802842577317,1892.747093295615
2025-10-25 07:58:47.736000+00:00,15.722323387338962,16.344888518630025,15.053157160602971,15.673800922252745,1319.339954290741
2025-10-25 08:58:47.736000+00:00,15.569082154767283,16.63132377163924,14.593757451352499,15.65087514848735,1930.1376216274657
2025-10-25 09:58:47.736000+00:00,15.347030167717698,15.93824021967589,14.79174595387222,15.381701531148645,2297.6902778790313
2025-10-25 10:58:47.736000+00:00,15.355418591798875,16.453209032306187,14.305489055279978,15.400216435110437,1802.6600040206636
2025-10-25 11:58:47.736000+00:00,15.271050367026481,16.527342022209194,14.04473551768918,15.298798877525222,1068.7241208775465
2025-10-25 12:58:47.736000+00:00,15.269407333252104,16.129020464376666,14.321447685567458,15.175790524510262,440.6945073934698
2025-10-25 13:58:47.736000+00:00,15.044348172865842,16.142477074052028,14.01756197652181,15.111132785985353,2123.774415099787
2025-10-25 14:58:47.736000+00:00,15.056414144129159,15.714766568845981,14.343215768260903,14.999060357851713,2030.807894468064
2025-10-25 15:58:47.736000+00:00,14.639614633965312,15.519679859260826,13.680236498519426,14.555228844459139,1805.3419570307935
2025-10-25 16:58:47.736000+00:00,14.636653914045775,15.38766636782049,13.8607246645728,14.61038947993044,1355.6370644926471
2025-10-25 17:58:47.736000+00:00,14.401503247491355,15.97524773146263,12.952399101225433,14.514748638260356,2026.2285235090849
2025-10-25 18:58:47.736000+00:00,14.174981611056124,14.631731134524944,13.65822813654267,14.112979824148173,797.4152513809494
2025-10-25 19:58:47.736000+00:00,13.967350689137941,14.021495777661947,13.902907136711239,13.957012147394403,1203.5652119208894
2025-10-25 20:58:47.736000+00:00,13.841526263524532,14.197918780786704,13.469204560006032,13.825176091989553,49.73749551875639
2025-10-25 21:58:47.736000+00:00,13.54925535843039,13.85426513826229,13.260530334134362,13.565200337762821,1137.1379589904861
2025-10-25 22:58:47.736000+00:00,13.278132076434265,14.294470376135024,12.344764903134472,13.3556539167076,1962.0920081151808
2025-10-25 23:58:47.736000+00:00,13.210236446079346,14.06875105255493,12.301460040797805,13.156481167661155,1684.3084809635081
2025-10-26 00:58:47.736000+00:00,13.051022074784726,13.430704045970138,12.57662358166624,12.953467482414164,1069.446814000226
2025-10-26 01:58:47.736000+00:00,12.845072789795532,12.994821728658652,12.696370389060826,12.84610735120972,1237.915261870439
2025-10-26 02:58:47.736000+00:00,12.925648725163448,13.387284851909248,12.332225165611025,12.788980212563759,1857.1848299472938
2025-10-26 03:58:47.736000+00:00,12.741164728889766,13.623237554259033,11.935653657203446,12.813173975288475,1286.4955010437918
2025-10-26 04:58:47.736000+00:00,12.787714028799243,13.274925913251007,12.301879634871407,12.789041100832764,1315.6256392820258
2025-10-26 05:58:47.736000+00:00,12.803164660600645,12.84161748394787,12.78685819110882,12.825282844117359,1511.4645801528982
2025-10-26 06:58:47.736000+00:00,12.602769584884541,13.578451625823641,11.691037553249723,12.662405319525908,2105.8380262844216
2025-10-26 07:58:47.736000+00:00,12.470238555250422,12.991876208791645,12.006512355652056,12.526073688516737,2515.57116969097
2025-10-26 08:58:47.736000+00:00,12.665490326304008,13.373081222493383,11.888216801416439,12.591684331794156,1317.1602735906968
2025-10-26 09:58:47.736000+00:00,12.568177676385584,13.311929660146744,11.918461997520149,12.657591696925454,1067.4313993356561
2025-10-26 10:58:47.736000+00:00,12.705873307786012,13.226928060552037,12.216374498678473,12.73625864430252,688.3486801860369
2025-10-26 11:58:47.736000+00:00,12.475763997471644,12.999201862801808,12.02684895869906,12.54769841022957,951.7161304880691
2025-10-26 12:58:47.736000+00:00,12.427597940260538,13.186018772928902,11.6970751177501,12.453947086907448,1599.9775369865497
2025-10-26 13:58:47.736000+00:00,12.530143356303089,12.83834691001756,12.199411265362023,12.507046711611935,1542.1277745752095
2025-10-26 14:58:47.736000+00:00,12.117228236967403,13.367439011646729,10.918627089879857,12.164192313985641,1703.5072228136232
2025-10-26 15:58:47.736000+00:00,11.865694360109412,12.734406424187187,10.987269255805632,11.85521403345918,1100.837662035755
2025-10-26 16:58:47.736000+00:00,11.665634825270178,11.852974670432564,11.46313639790238,11.650228836420473,2049.5268854675637
2025-10-26 17:58:47.736000+00:00,11.564075472151707,12.296217501499267,10.919239469960953,11.646770271711583,1546.91002769466
2025-10-26 18:58:47.736000+00:00,11.55555193293083,12.040687179462852,11.131459752747562,11.614434009616744,1467.276806925171
2025-10-26 19:58:47.736000+00:00,11.490665132983985,12.212951059957255,10.776519304427898,11.498328926004309,769.5330151239092
2025-10-26 20:58:47.736000+00:00,11.327049862254764,11.776009972292231,10.895941221328954,11.344246813689594,1812.9433177726396
2025-10-26 21:58:47.736000+00:00,11.213776730394997,11.6855498951762,10.746958603589796,11.218533738940607,1692.7666176500788
2025-10-26 22:58:47.736000+00:00,11.217359469270114,11.97635607877908,10.489446849907237,11.24654928500815,921.5332419676614
2025-10-26 23:58:47.736000+00:00,11.125164610507527,11.44737489245554,10.822870249079642,11.144553688578194,1498.4678267376025
2025-10-27 00:58:47.736000+00:00,11.160836272437479,11.870153531699778,10.443459713162005,11.152230008811673,1417.6758577225867
2025-10-27 01:58:47.736000+00:00,10.975834937965589,11.38192787746861,10.497750133093577,10.90107712161764,595.3210795443987
2025-10-27 02:58:47.736000+00:00,10.99713089157738,11.313676991637543,10.668063119468913,10.984238108159193,955.3373736111539
2025-10-27 03:58:47.736000+00:00,11.087919190004726,11.93566115267727,10.133972029234503,10.972921702371174,868.4968335828507
2025-10-27 04:58:47.736000+00:00,11.005064156734841,11.534656188345023,10.511966788291495,11.039993750361614,1784.2966938435773
2025-10-27 05:58:47.736000+00:00,11.107934630694027,12.118974273575914,10.06331648226383,11.07099378451535,1040.9277240522838
2025-10-27 06:58:47.736000+00:00,11.041359596740453,11.392752859674998,10.641100784341742,10.990887772351266,1365.4045657579297
2025-10-27 07:58:47.736000+00:00,10.898449851470874,11.21488682620965,10.513439765848407,10.827826179128866,2138.8589161803066
2025-10-27 08:58:47.736000+00:00,10.706743486528788,11.683044201197363,9.73812611919897,10.713789404004373,1984.1139725953312
2025-10-27 09:58:47.736000+00:00,10.658578406941293,11.206234088371788,10.141509634706818,10.687750137639739,1127.7876147416723
2025-10-27 10:58:47.736000+00:00,10.63844424797658,11.343168443787993,9.996199049709046,10.697366119304343,1270.7375843309978
2025-10-27 11:58:47.736000+00:00,10.495747161345797,10.95441605223065,10.033886973233763,10.492410029970447,1616.1788773552519
2025-10-27 12:58:47.736000+00:00,10.284782505476626,10.70541959736643,9.928525603694144,10.34700727766038,1654.1185201387266
2025-10-27 13:58:47.736000+00:00,10.342862798689806,10.624959173694768,9.982785648793294,10.262695501122884,1107.5812571512033
2025-10-27 14:58:47.736000+00:00,10.125625804503963,10.688872370888735,9.573175780198023,10.135863767487693,1619.948173008779
2025-10-27 15:58:47.736000+00:00,10.280726795407256,10.733169735480397,9.77042271025401,10.220202024918954,1644.2745356914095
2025-10-27 16:58:47.736000+00:00,10.040852088587018,10.327973058750958,9.7882819163171,10.074555111974659,1213.016903285337
2025-10-27 17:58:47.736000+00:00,10.201910711601935,11.113044222376224,9.278985797901447,10.18896294230155,1008.7431708151489
2025-10-27 18:58:47.736000+00:00,9.912817750253867,10.35688068215203,9.515088714521116,9.957364317752223,1447.6197704595052
2025-10-27 19:58:47.736000+00:00,9.8945097766066,10.651687172514913,9.101789003847474,9.856021049799761,2466.713190932551
2025-10-27 20:58:47.736000+00:00,9.75355376925512,10.37957328845981,9.238608985431968,9.859058327526187,1811.9868602557094
2025-10-27 21:58:47.736000+00:00,9.812045044416788,9.959431058908816,9.664788238567645,9.812172342599247,1308.7606447506707
2025-10-27 22:58:47.736000+00:00,9.92574534048319,10.363399765925228,9.48528642281565,9.922811486255934,1267.1514328545459
2025-10-27 23:58:47.736000+00:00,9.809398160958501,9.91755045924857,9.68920346286213,9.797221508991763,1369.1814767487663
2025-10-28 00:58:47.736000+00:00,9.729747613900143,10.474715079901946,9.017426328839967,9.760166786977175,2086.9727030102276
2025-10-28 01:58:47.736000+00:00,9.737672403039156,10.441568839149474,9.007086440902068,9.708903274604655,1629.9351395552992
2025-10-28 02:58:47.736000+00:00,9.552402583327208,9.897413108248315,9.163103435498652,9.506454419809304,1763.5323136361058
2025-10-28 03:58:47.736000+00:00,9.38366111448162,9.843696663366261,8.944265917719758,9.403378202877217,1799.504442227073
2025-10-28 04:58:47.736000+00:00,9.183642369565892,9.595393773734973,8.83286827296911,9.242376303350975,1299.1319712094864
2025-10-28 05:58:47.736000+00:00,9.185164839781242,9.38237565981233,9.012197107565518,9.20895983906088,1875.2083965704635
2025-10-28 06:58:47.736000+00:00,9.182431078740779,9.576885885666806,8.75260790701145,9.145475178755513,1948.0894024571708
2025-10-28 07:58:47.736000+00:00,9.116252839266522,9.800131237481732,8.338997784705356,9.015303194005169,1154.7386773141848
2025-10-28 08:58:47.736000+00:00,9.012646622599556,9.333982413937408,8.687206495731528,9.008390541270488,1318.2848758547987
2025-10-28 09:58:47.736000+00:00,9.094496481558602,9.450655669377696,8.67183495887547,9.025283629032328,559.4950612555185
2025-10-28 10:58:47.736000+00:00,9.03659162895426,9.127239219817016,8.93730254136798,9.027862569548017,1353.399690338748
2025-10-28 11:58:47.736000+00:00,9.001490017909845,9.367993970298397,8.629638990917513,8.995915991697673,1497.2195672176458
2025-10-28 12:58:47.736000+00:00,8.828732101576023,9.300397299907086,8.376510490640012,8.847228285214248,1248.3282520850626
2025-10-28 13:58:47.736000+00:00,9.063443031353001,9.650801496079547,8.443660123046689,9.028771704645662,1699.1310681574478
2025-10-28 14:58:47.736000+00:00,8.879085685671805,9.481428829837535,8.237313358170043,8.836787028246974,845.3621657934201
2025-10-28 15:58:47.736000+00:00,8.914257276690629,8.951258195867966,8.833756594756341,8.870576204400509,2248.5154424766506
2025-10-28 16:58:47.736000+00:00,8.751030377591396,8.903284703905372,8.583266432214064,8.73524613728104,382.59507125359966
2025-10-28 17:58:47.736000+00:00,8.676574752169834,8.993174767650427,8.327834724114163,8.643217567438223,1367.8647199032755
2025-10-28 18:58:47.736000+00:00,8.630669990580145,8.987559482740552,8.242972433413048,8.598533019799754,1717.4317799324806
2025-10-28 19:58:47.736000+00:00,8.561005877033748,9.163616412037385,7.965075835129979,8.567251606085009,840.7408405867179
2025-10-28 20:58:47.736000+00:00,8.458827007614707,8.825325945347682,8.10496523082861,8.47095674020055,2317.571363331052
2025-10-28 21:58:47.736000+00:00,8.452231228021471,8.844674203095646,8.09408174951341,8.485130664748347,2079.6786515675444
2025-10-28 22:58:47.736000+00:00,8.39913450198712,8.85634365992919,7.969358001716471,8.425231784140072,1607.8131647755947
2025-10-28 23:58:47.736000+00:00,8.348828087276122,8.79920006031764,7.9116949188505306,8.361408213753196,1380.0716995423784
2025-10-29 00:58:47.736000+00:00,8.317492393729344,8.653762084090202,7.994691310135912,8.330457813785529,1435.419502984464
2025-10-29 01:58:47.736000+00:00,8.25185675536176,8.485032195501638,8.02000036203101,8.253139753163754,2339.713239689382
2025-10-29 02:58:47.736000+00:00,8.313854041070798,8.427759902958332,8.141580432006748,8.254675504801071,1687.8353286546292
2025-10-29 03:58:47.736000+00:00,8.186931437115083,8.9376236117004,7.462769175934898,8.211305390462917,999.4301714275673
2025-10-29 04:58:47.736000+00:00,8.341491335155363,8.753814720155559,7.911838252014136,8.323260478173523,1399.0649292255187
2025-10-29 05:58:47.736000+00:00,8.378127119731458,8.78146462138735,7.972435365294264,8.375653796920657,1397.64661370329
2025-10-29 06:58:47.736000+00:00,8.448405437735751,8.669479618018084,8.215169504361988,8.435916889780792,2262.2204850169574
2025-10-29 07:58:47.736000+00:00,8.299978451179564,8.360164321169096,8.271444146200365,8.331521574810802,1155.9211057643724
2025-10-29 08:58:47.736000+00:00,8.373996521388225,8.67234217168358,8.053020059108452,8.350529640036026,1017.5831252074994
2025-10-29 09:58:47.736000+00:00,8.551856147806442,9.021454325024909,8.028091876217006,8.494542876090206,1501.369218174572
2025-10-29 10:58:47.736000+00:00,8.532315915533948,8.709483579256878,8.354674704547888,8.531832326885585,1627.8280786514472
2025-10-29 11:58:47.736000+00:00,8.487932971873093,9.026698869637835,7.990959522156003,8.527413794612277,1467.1937780588241
2025-10-29 12:58:47.736000+00:00,8.45819293318164,8.985906541310383,7.87892146325032,8.40320428439078,785.8594113734349
2025-10-29 13:58:47.736000+00:00,8.438636871217426,8.597395758245174,8.329001704937223,8.48713055968841,1929.3898306041938
2025-10-29 14:58:47.736000+00:00,8.335081374395529,8.974552254319152,7.802799688529715,8.435836316857689,1604.4691643521833
2025-10-29 15:58:47.736000+00:00,8.497138993781627,9.058829042058832,7.912816537536658,8.472904609868792,1415.892450657664
2025-10-29 16:58:47.736000+00:00,8.470674222182437,9.017316783410566,7.973341424181267,8.517249446680864,1315.7591980176292
2025-10-29 17:58:47.736000+00:00,8.507291234012168,8.803278642676078,8.202154499565928,8.497812108567453,800.4892557442553
2025-10-29 18:58:47.736000+00:00,8.227067578123572,8.493993140793382,7.990159890736689,8.2562452494609,2313.2359669426487
2025-10-29 19:58:47.736000+00:00,8.178518087206706,8.561411769147817,7.863631132987121,8.244003513841774,421.7077301390674
2025-10-29 20:58:47.736000+00:00,8.258184274355111,8.41996904388675,8.038488636702445,8.199116213281,1352.6149375712607
2025-10-29 21:58:47.736000+00:00,8.168408292206294,8.479159152190615,7.807157789181808,8.115911513551731,1901.9438856710524
2025-10-29 22:58:47.736000+00:00,8.03168140415575,8.221889961529607,7.807730164300966,7.997120234244971,1226.2556749035612
2025-10-29 23:58:47.736000+00:00,8.084790853322268,8.317110182338363,7.81117174984965,8.042269204216398,2325.3953894011293
2025-10-30 00:58:47.736000+00:00,8.055113878613726,8.552883549110643,7.585071134774927,8.081312054392326,678.153207400356
2025-10-30 01:58:47.736000+00:00,7.928512905067088,8.01711589984694,7.8159923447660615,7.904325034407556,1918.9611606625888
2025-10-30 02:58:47.736000+00:00,7.843210299957615,8.055290258265304,7.614900144588489,7.826529042651888,2171.7472866318076
2025-10-30 03:58:47.736000+00:00,7.727878588705044,8.448157144827965,6.983505737740296,7.701307753561432,1676.486097305442
2025-10-30 04:58:47.736000+00:00,7.791115667769737,8.325520403923308,7.195815696292007,7.7257359349269255,1021.4262792333438
2025-10-30 05:58:47.736000+00:00,7.502504980340983,7.968797713491005,7.001681474380973,7.465685838751646,1921.6696669027617
2025-10-30 06:58:47.736000+00:00,7.500632258243879,7.9451324722830226,7.01759715078741,7.459669863716219,2331.2447370746386
2025-10-30 07:58:47.736000+00:00,7.385581738869312,7.670893505427395,7.184393648325921,7.467474599645445,2803.444073413066
2025-10-30 08:58:47.736000+00:00,7.420119110598832,7.792512887725427,7.059294206360469,7.43115150135275,1554.3677330472856
2025-10-30 09:58:47.736000+00:00,7.525734936371213,7.693199085878178,7.290204651846809,7.456119709489517,2029.5232259667243
2025-10-30 10:58:47.736000+00:00,7.399663941517611,7.502548767007968,7.303295112233728,7.406096168222907,1366.2817180746672
2025-10-30 11:58:47.736000+00:00,7.37200589914496,7.628378959629259,7.117527484041127,7.373837324523427,2418.9162663214724
2025-10-30 12:58:47.736000+00:00,7.286802056147214,7.69825772588228,6.889371841497043,7.300102111552803,657.0809273045294
2025-10-30 13:58:47.736000+00:00,7.473887293480736,7.841068296884429,7.091329858675198,7.457716410573447,1985.4171552532794
2025-10-30 14:58:47.736000+00:00,7.5269072835831885,8.041578669047595,7.04201437680551,7.554883499014875,652.5801663179066
2025-10-30 15:58:47.736000+00:00,7.448781237853922,7.836552971646072,7.019323535584452,7.404805987615693,1540.2453795832187
2025-10-30 16:58:47.736000+00:00,7.320470963700784,7.803765557359007,6.864292429755943,7.345996394394541,1395.042790075182
2025-10-30 17:58:47.736000+00:00,7.360536237036204,7.778878258390987,6.944736283178489,7.362942380426851,1827.5681373776606
2025-10-30 18:58:47.736000+00:00,7.336246007154216,7.465037049695137,7.270425046766365,7.398656144186392,1564.403327761794
2025-10-30 19:58:47.736000+00:00,7.331825945783822,7.8789446587275815,6.794475189586005,7.340926892607033,295.5423087938408
2025-10-30 20:58:47.736000+00:00,7.3618806094645235,7.576422416250561,7.188626467293885,7.402218953443869,848.6303143439299
2025-10-30 21:58:47.736000+00:00,7.300673266372432,7.5366730699826245,7.093386686577209,7.328593749405425,1212.2646757710936
2025-10-30 22:58:47.736000+00:00,7.274362862766624,7.4824610621460454,7.060454840965192,7.26838194378337,2287.430943919119
2025-10-30 23:58:47.736000+00:00,7.082579500402841,7.227318134136563,6.965370370737948,7.10966083725763,2097.267840597863
2025-10-31 00:58:47.736000+00:00,7.1998708255848545,7.402509825836632,7.000033739250335,7.202597070797341,2034.2738759648746
2025-10-31 01:58:47.736000+00:00,7.049400240156816,7.3248003615074655,6.800541018938888,7.07503613714839,530.2404847086893
2025-10-31 02:58:47.736000+00:00,7.126642305292285,7.173669142175658,7.032890856907994,7.079607322318045,1375.8313366944883
2025-10-31 03:58:47.736000+00:00,7.045832098838478,7.186773401960136,6.872887797866293,7.013175861949956,1306.288580993104
2025-10-31 04:58:47.736000+00:00,7.013869052158226,7.154587958886227,6.898969299857977,7.039272059768802,1118.2740340456492
2025-10-31 05:58:47.736000+00:00,6.9817133788937396,7.427694589943898,6.540699353791576,6.986385444389488,2108.2747235272423
2025-10-31 06:58:47.736000+00:00,6.991249021320467,7.279979554611667,6.6801752059438835,6.967943237189991,1693.795288249458
2025-10-31 07:58:47.736000+00:00,6.920099852321949,7.291995127175824,6.50942721330875,6.8791201870079295,1530.185524769544
2025-10-31 08:58:47.736000+00:00,6.860834809700151,7.097105785939489,6.583840442813487,6.818658983012368,1487.891491796051
2025-10-31 09:58:47.736000+00:00,6.756042421169503,7.07537882692774,6.421166922236549,6.739732406012132,1952.9442496914403
2025-10-31 10:58:47.736000+00:00,6.8035342496786,7.211084764954265,6.395477368613818,6.80299561838556,796.9243022592096
2025-10-31 11:58:47.736000+00:00,6.728341720069642,6.898648732683055,6.622648580489744,6.791956294264099,2058.692156666312
2025-10-31 12:58:47.736000+00:00,6.629927970615359,7.262735841073172,6.029126435134415,6.659274898241559,918.4914790260826
2025-10-31 13:58:47.736000+00:00,6.635614717204243,6.67865110456765,6.582986834113052,6.625960608139934,1453.169480514895
2025-10-31 14:58:47.736000+00:00,6.532859463336359,6.867053320991697,6.190338302305451,6.524083203069744,1019.8360718834632
2025-10-31 15:58:47.736000+00:00,6.496274220931008,6.771358098299051,6.238492901683607,6.512916394156655,395.51118818482183
2025-10-31 16:58:47.736000+00:00,6.459122720354521,7.016673799478986,5.870547033970873,6.425167062807662,1226.5338445823459
2025-10-31 17:58:47.736000+00:00,6.329429475273124,6.4635414592343645,6.199996717242663,6.334014931574549,1682.3011776024866
2025-10-31 18:58:47.736000+00:00,6.145414981697801,6.573609694033864,5.732982474213693,6.160185878703502,2362.5326089200494
2025-10-31 19:58:47.736000+00:00,6.020970397455311,6.162379526368614,5.87094052072026,6.0121423123197095,2273.29715445695
2025-10-31 20:58:47.736000+00:00,5.917207568547988,6.357574443167876,5.522060688012806,5.9595968376243755,737.0332856642906
2025-10-31 21:58:47.736000+00:00,5.997212153303054,6.176212525325989,5.812925186729222,5.991762913866252,1325.8598835706093
2025-10-31 22:58:47.736000+00:00,6.100033477779742,6.139071810160945,6.020030105248687,6.058804585438128,1586.760998231932
2025-10-31 23:58:47.736000+00:00,6.0607443705260575,6.271334307813335,5.837306263413887,6.047433700897346,1548.6656657650133
2025-11-01 00:58:47.736000+00:00,5.989974228661278,6.314377992111542,5.652569318322388,5.976228651709388,626.2575871211156
2025-11-01 01:58:47.736000+00:00,5.97930113417946,6.240190505358092,5.68946956771595,5.949038517868371,2348.5085421309755
2025-11-01 02:58:47.736000+00:00,5.872380938766408,6.201275780284505,5.561306582520423,5.889304919459845,695.3309975111486
2025-11-01 03:58:47.736000+00:00,5.882006885910662,5.991677551431835,5.780095239662305,5.88963376193602,1597.79635524426
2025-11-01 04:58:47.736000+00:00,5.847408232101022,5.901051669033908,5.788584315577118,5.842179787371611,968.9983007886229
2025-11-01 05:58:47.736000+00:00,5.834852511278669,6.249504241374436,5.380316571346326,5.791917112513881,939.7993318815487
2025-11-01 06:58:47.736000+00:00,5.774787005545125,6.107540191314187,5.474627728275632,5.805770469513472,1170.2111839300987
2025-11-01 07:58:47.736000+00:00,5.628540504760636,5.801115547122175,5.485523555560439,5.657366159868328,2233.4869517711854
2025-11-01 08:58:47.736000+00:00,5.635197848315998,6.039554851406839,5.266291505873556,5.66847033664402,1238.8744234938958
2025-11-01 09:58:47.736000+00:00,5.5274950019122056,5.968091819804591,5.091384859286688,5.531653572862451,1248.345392990468
2025-11-01 10:58:47.736000+00:00,5.404760295034159,5.815905864001768,5.024200627682372,5.433334249061905,1559.7820305752275
2025-11-01 11:58:47.736000+00:00,5.487538921628634,5.6436792893349494,5.304497948484684,5.459850479682047,897.7093142866003
2025-11-01 12:58:47.736000+00:00,5.358616787420542,5.72721441033601,5.046584344963091,5.412069419261838,1785.3565015819888
2025-11-01 13:58:47.736000+00:00,5.265675934176773,5.532896430180139,5.0108855385540485,5.277532338422992,2476.688464022492
2025-11-01 14:58:47.736000+00:00,5.282652242895047,5.470079751102619,5.077911698759852,5.264702348074562,1145.445191859696
2025-11-01 15:58:47.736000+00:00,5.140619972840227,5.480628561745994,4.855166638523585,5.192305199981249,1579.7292517318224
2025-11-01 16:58:47.736000+00:00,5.3056532108477175,5.505738887328267,5.060184140767916,5.258491255521848,1175.4062740490738
2025-11-01 17:58:47.736000+00:00,5.205580435544354,5.403563597384981,4.990861030781307,5.188182499176953,742.7767831943817
2025-11-01 18:58:47.736000+00:00,5.089157655477739,5.270339303550144,4.906785808427732,5.087923519404281,1726.9192711646908
2025-11-01 19:58:47.736000+00:00,5.092976626096601,5.276943106343871,4.905896729910834,5.089746534055441,1404.879739781272
2025-11-01 20:58:47.736000+00:00,5.111846723568442,5.406143504864257,4.829952795807428,5.123601364791161,1611.773897008386
2025-11-01 21:58:47.736000+00:00,5.115762530922733,5.402370911100435,4.819088923526301,5.105099936467583,1044.1187600368323
2025-11-01 22:58:47.736000+00:00,5.073692270596803,5.293933935294683,4.833270300717058,5.052596216112377,1763.967692087846
2025-11-01 23:58:47.736000+00:00,4.973816084983607,5.2360389613709195,4.701694932255381,4.963366921845281,1433.582053275396
2025-11-02 00:58:47.736000+00:00,4.807951039270144,5.038626837734904,4.604169649479056,4.833751897947941,946.7730484719838
2025-11-02 01:58:47.736000+00:00,4.769741278889595,5.253474804768969,4.316616263046103,4.797694258262374,1304.1715195919408
2025-11-02 02:58:47.736000+00:00,4.748572005414892,5.090847396737484,4.396616695587967,4.738140163428276,417.87137072791137
2025-11-02 03:58:47.736000+00:00,4.691419791606998,4.990910500567884,4.399623593534955,4.6986637442563355,1170.2034233799502
2025-11-02 04:58:47.736000+00:00,4.753660148576024,5.045691997488822,4.465058635908378,4.756894144310544,1534.3281353371785
2025-11-02 05:58:47.736000+00:00,4.6980703674081035,4.992874842465014,4.406641741553294,4.701249038678033,3040.149411603301
2025-11-02 06:58:47.736000+00:00,4.704439585721948,4.991006516607602,4.388656768546088,4.673328600246815,1143.9441881213627
2025-11-02 07:58:47.736000+00:00,4.582584957920294,4.724905782498033,4.4595936522027655,4.601409254331582,2818.6089294170542
2025-11-02 08:58:47.736000+00:00,4.503217655046947,4.981572676022661,4.102268262426714,4.57429484079987,1658.4228018934195
2025-11-02 09:58:47.736000+00:00,4.593236171395433,4.802891951020953,4.402890497114056,4.611777899581883,1366.182929366849
2025-11-02 10:58:47.736000+00:00,4.591484256748706,4.713392719266801,4.486964370062203,4.6084858116322645,1354.97342849304
2025-11-02 11:58:47.736000+00:00,4.657620475410809,4.857865689944035,4.463421209528709,4.663424428511354,1749.6505794776194
2025-11-02 12:58:47.736000+00:00,4.536289316448679,4.781922900983657,4.3179430355779,4.562323510143015,1290.431717430216
2025-11-02 13:58:47.736000+00:00,4.528474263527226,4.729891524802928,4.337845452114048,4.53882691248826,1527.3197653481034
2025-11-02 14:58:47.736000+00:00,4.46826291992758,4.535349402722873,4.382213715627219,4.449011152457604,1485.2704648543006
2025-11-02 15:58:47.736000+00:00,4.4092190610165085,4.696216938451809,4.099728404654528,4.385160286593205,1329.1115289953425
2025-11-02 16:58:47.736000+00:00,4.324800792859574,4.525127544256714,4.16129045927697,4.36027597906414,455.95537096150036
2025-11-02 17:58:47.736000+00:00,4.325841961086485,4.574602519015637,4.075783659087471,4.324465035978292,1334.8849902185273
2025-11-02 18:58:47.736000+00:00,4.245962374270024,4.547114437764729,3.9320972724445338,4.232278805691904,1292.176979860088
2025-11-02 19:58:47.736000+00:00,4.131833486514568,4.456592040475071,3.797694282512573,4.121652629911173,1204.7339258740194
2025-11-02 20:58:47.736000+00:00,4.098945083459704,4.200254668645381,3.991014233310475,4.092156019904422,1019.5046185333381
2025-11-02 21:58:47.736000+00:00,4.062576539615803,4.343731632941921,3.812922935201184,4.092254271448366,1342.7311920792188
2025-11-02 22:58:47.736000+00:00,4.044962458044092,4.2014302648519335,3.8629507199845876,4.018390673276177,1476.3232337555887
2025-11-02 23:58:47.736000+00:00,4.050512689630595,4.2064180778457025,3.8909610597523607,4.04672048492729,2193.9662854534117
2025-11-03 00:58:47.736000+00:00,4.039374032607845,4.186128095722829,3.91148321274775,4.057658374417663,1121.1033390378493
2025-11-03 01:58:47.736000+00:00,3.9643458647117455,4.276541762620375,3.6458238415485344,3.957478964743067,1044.19659154379
2025-11-03 02:58:47.736000+00:00,3.9485024418901067,4.094692210607358,3.8072313956470074,3.9532512593384386,1139.5637485979184
2025-11-03 03:58:47.736000+00:00,3.8888199811625257,4.097212993542711,3.682212336907474,3.8905152803775973,1166.5641241161347
2025-11-03 04:58:47.736000+00:00,3.862093456420551,4.092412214395501,3.6584099718771177,3.887394380874474,1425.5616385056096
2025-11-03 05:58:47.736000+00:00,3.8665918766003253,4.106047670164623,3.645600668728026,3.8840581924075006,1020.0701041385032
2025-11-03 06:58:47.736000+00:00,3.9264639432634,4.106200120978433,3.713959031205065,3.8921232433469437,1633.458900201154
2025-11-03 07:58:47.736000+00:00,3.795988882123216,3.918021589876828,3.6986973516313832,3.8201117871962857,982.3137243625283
2025-11-03 08:58:47.736000+00:00,3.7515551012493984,3.90822475103363,3.6009259871850774,3.7573624648549853,864.9369650998507
2025-11-03 09:58:47.736000+00:00,3.748885199075597,3.8775236041150305,3.6024130847208573,3.7304178037016396,1423.0140226087983
2025-11-03 10:58:47.736000+00:00,3.674050566521132,3.805946831037204,3.537881133073327,3.669618281138875,2054.321849724531
2025-11-03 11:58:47.736000+00:00,3.6606619761786714,3.8754698514315082,3.4582864034009173,3.672442979176994,1303.5201894919494
2025-11-03 12:58:47.736000+00:00,3.6654710091485834,3.8339791315592944,3.483140680524323,3.650982752395735,1930.7066665876077
2025-11-03 13:58:47.736000+00:00,3.632543590979927,3.7984136941045294,3.442010209220965,3.6067002471952723,1394.5699329617873
2025-11-03 14:58:47.736000+00:00,3.5417768966054846,3.743221051456892,3.363739368811752,3.5640632371273577,1708.0242447766332
2025-11-03 15:58:47.736000+00:00,3.5514332911126134,3.7082874365263536,3.3906702841819434,3.5473438118794767,2065.0338505099885
2025-11-03 16:58:47.736000+00:00,3.468004887134092,3.71023166675175,3.2540226387881623,3.4946079601164195,1703.3964301774242
2025-11-03 17:58:47.736000+00:00,3.446132438545725,3.6095192245048118,3.2709816424950806,3.433782917420946,1000.6055457142483
2025-11-03 18:58:47.736000+00:00,3.3838272926870925,3.6155416629517347,3.171660648951048,3.4022216870345003,862.0297247436075
2025-11-03 19:58:47.736000+00:00,3.38357078259795,3.570964782086542,3.1922987442464135,3.379465371702101,1147.646345726231
2025-11-03 20:58:47.736000+00:00,3.302000273643888,3.359016311985767,3.2681322390088474,3.3249132628600973,818.8423049685778
2025-11-03 21:58:47.736000+00:00,3.3545529040554727,3.527528855304929,3.1958528876304895,3.3681839689709454,934.6910209521088
2025-11-03 22:58:47.736000+00:00,3.3709482029283184,3.497149887120489,3.255838937070151,3.381674350728215,883.6704028380728
2025-11-03 23:58:47.736000+00:00,3.361201933189588,3.4468809254896726,3.299080789996817,3.3843322910887808,1115.8705999410015
2025-11-04 00:58:47.736000+00:00,3.3819151997810017,3.6279752084706107,3.1035581962751113,3.347083968419705,1473.5435477610201
2025-11-04 01:58:47.736000+00:00,3.3373114867693974,3.485871882054863,3.1918006850034257,3.3402336695968375,1384.7397316552785
2025-11-04 02:58:47.736000+00:00,3.35864274536488,3.4247714747576063,3.2872487672847672,3.3532717464198045,2068.340763456881
2025-11-04 03:58:47.736000+00:00,3.355855756619316,3.5115545422421897,3.187281761445722,3.3423541232681835,1095.44370670231
2025-11-04 04:58:47.736000+00:00,3.2878743331329487,3.4240495162818516,3.150429298185909,3.2865496149618,2374.615815655243
2025-11-04 05:58:47.736000+00:00,3.2268653165454584,3.2870952967001257,3.177567809075385,3.2376332846914244,1069.2695192654423
2025-11-04 06:58:47.736000+00:00,3.206998176798173,3.393725981636597,3.039430904289504,3.2252072745830827,1988.4081681378314
2025-11-04 07:58:47.736000+00:00,3.144430222785298,3.335762461557913,2.9723244183742468,3.1626589351487837,1866.5729698250705
2025-11-04 08:58:47.736000+00:00,3.124035713521801,3.383305321251234,2.888572622518841,3.146173661113236,1480.2995928228993
2025-11-04 09:58:47.736000+00:00,3.138162367797699,3.212855052647847,3.048492512952979,3.1228200285166228,2479.105102127039
2025-11-04 10:58:47.736000+00:00,3.1325116770791492,3.2097902063814803,3.035194005491214,3.111965668256882,1404.6271856134551
2025-11-04 11:58:47.736000+00:00,3.064711297927606,3.246804969785988,2.909261366259228,3.090068839291955,1478.1199503456514
2025-11-04 12:58:47.736000+00:00,3.055202864506688,3.214081835687024,2.8905840037927306,3.049148111105151,1398.4262443421048
2025-11-04 13:58:47.736000+00:00,3.0418966307461357,3.2692735117770453,2.8193056520489854,3.0463562035568974,1237.9192701467623
2025-11-04 14:58:47.736000+00:00,3.0050191819662655,3.2466988454114714,2.7719155316910027,3.0129778312873707,1576.9492954104637
2025-11-04 15:58:47.736000+00:00,3.0132845386375453,3.142462078284451,2.873727903585094,3.002440569352938,1303.815479474443
2025-11-04 16:58:47.736000+00:00,3.001052972884691,3.173471444724352,2.8212943622246254,2.993265418352558,1640.2535311928311
2025-11-04 17:58:47.736000+00:00,2.9873832987960327,3.1542563719378007,2.827369215124526,2.9938935763682957,980.9434253987682
2025-11-04 18:58:47.736000+00:00,2.978055447554696,3.069502944286308,2.898098281144239,2.9892453427993564,861.5349787949378
2025-11-04 19:58:47.736000+00:00,3.053348462971694,3.2021996252275997,2.886893304859648,3.0348422885379085,1650.2766770345213
2025-11-04 20:58:47.736000+00:00,2.982297527015488,3.0678504784815086,2.905445854820469,2.9907802135279584,1978.7007369539854
2025-11-04 21:58:47.736000+00:00,2.9442189617070524,3.0238875596386827,2.8489032855367924,2.928136708440341,1591.5265819156427
2025-11-04 22:58:47.736000+00:00,2.925123974319685,2.940131222400607,2.9101965714470004,2.925203414133105,594.0677987614912
2025-11-04 23:58:47.736000+00:00,2.9067465561987293,3.0566991047841032,2.739522545706614,2.8885356335547843,575.9689545171019
2025-11-05 00:58:47.736000+00:00,2.840372988442695,2.9842480952641726,2.698159281603262,2.8419551706603863,1963.2783628785417
2025-11-05 01:58:47.736000+00:00,2.8376865984044017,3.0149627283409886,2.662031719462133,2.839213342802211,2145.5152625636815
2025-11-05 02:58:47.736000+00:00,2.8434906159219735,2.9422289488621747,2.7330113174432547,2.831327286816598,1739.9193497902756
2025-11-05 03:58:47.736000+00:00,2.821015215933198,2.9895903372621357,2.66488111067079,2.8328037733211278,1222.0248093433386
2025-11-05 04:58:47.736000+00:00,2.7976553136737996,2.974183733203916,2.610719433834573,2.786546928688439,1050.293254276411
2025-11-05 05:58:47.736000+00:00,2.7827677650895875,2.8815464370196016,2.681549103624822,2.780237976782412,835.1487790123036
2025-11-05 06:58:47.736000+00:00,2.74654463451195,2.9417456611842283,2.549132333974128,2.7441641780527792,1126.7803020992706
2025-11-05 07:58:47.736000+00:00,2.6996106504438937,2.8336838290213286,2.5551212922463615,2.6886501286243103,823.4384204490443
2025-11-05 08:58:47.736000+00:00,2.685986248747762,2.7898817182657667,2.5506237988200295,2.653253132875144,1251.8927185704733
2025-11-05 09:58:47.736000+00:00,2.60810064686783,2.7863795762835504,2.4170406601739205,2.594381828110274,2055.5313710991836
2025-11-05 10:58:47.736000+00:00,2.561209152413166,2.7885228502838224,2.34163862375154,2.568340920521881,1771.3405640559781
2025-11-05 11:58:47.736000+00:00,2.5885662650365564,2.7752211447522384,2.390798192521619,2.5765894551705433,944.8294347413764
2025-11-05 12:58:47.736000+00:00,2.5878717142160124,2.6420966440218883,2.5175682912912296,2.571449110321238,129.1072960219824
2025-11-05 13:58:47.736000+00:00,2.554214583690787,2.605235137209293,2.5188341063549027,2.5696409765183397,2065.2768530692074
2025-11-05 14:58:47.736000+00:00,2.523662468469843,2.5866483028069918,2.4642400814875547,2.5271439407601735,1133.11832556005
2025-11-05 15:58:47.736000+00:00,2.4843334321087718,2.585280412020743,2.393505110959905,2.4940951964800706,1810.0745862078713
2025-11-05 16:58:47.736000+00:00,2.479014885389244,2.6154975932860713,2.3405069068278266,2.4768716165911884,966.8085106612722
2025-11-05 17:58:47.736000+00:00,2.4601275940529317,2.599976796768729,2.302539399434192,2.441319427052781,803.8014536486266
2025-11-05 18:58:47.736000+00:00,2.376804948230497,2.527551949853388,2.236198308471348,2.3863789338153634,1565.1302236222584
2025-11-05 19:58:47.736000+00:00,2.401979343021862,2.5373017246260723,2.281313926263897,2.415935222721369,1588.5030813466972
2025-11-05 20:58:47.736000+00:00,2.3901983827500475,2.517369991776438,2.268496183097202,2.3954027978972188,1215.5660004571
2025-11-05 21:58:47.736000+00:00,2.4157187337994603,2.4843433535695314,2.324674887705116,2.3926440114416674,1715.0512663322218
2025-11-05 22:58:47.736000+00:00,2.3659454284389176,2.4958376989639346,2.2524328028414415,2.3815751931662055,1074.9875328184876
2025-11-05 23:58:47.736000+00:00,2.319616374757958,2.484949044195223,2.1673942348541586,2.3319195243396114,1244.8288627601864
2025-11-06 00:58:47.736000+00:00,2.326276649801622,2.4329810779359193,2.224905434611233,2.331387163941149,1683.9738080177108
2025-11-06 01:58:47.736000+00:00,2.3222034175268225,2.4309153350307433,2.216041367727427,2.32464181140837,1611.3126134928384
2025-11-06 02:58:47.736000+00:00,2.272011281925129,2.391827150081576,2.166786259519292,2.2859562844046133,641.4613553686701
2025-11-06 03:58:47.736000+00:00,2.276427887042865,2.417723148495909,2.1433922446412397,2.2842314611228325,1577.2596466714258
2025-11-06 04:58:47.736000+00:00,2.2309248109426814,2.3176674756501887,2.154447516558335,2.2408499424551223,1607.9707320524078
2025-11-06 05:58:47.736000+00:00,2.2469961290272265,2.323084708752568,2.166048779667126,2.241967063388457,2049.0684496813624
2025-11-06 06:58:47.736000+00:00,2.2394622713046033,2.36938018158886,2.104552612106062,2.2341631016981585,1926.380022690267
2025-11-06 07:58:47.736000+00:00,2.2027192775778803,2.249208336833877,2.148998843761348,2.1953319921143297,1078.3570044450776
2025-11-06 08:58:47.736000+00:00,2.1928604469202146,2.2435481171210494,2.1426040375070587,2.193282045429868,1598.0879863480534
2025-11-06 09:58:47.736000+00:00,2.154413381328962,2.3215887821480607,1.998402812728428,2.164824312159515,2133.4076771246478
2025-11-06 10:58:47.736000+00:00,2.146916090720409,2.262029723137191,2.055760864441526,2.169898686160859,1022.9366360052201
2025-11-06 11:58:47.736000+00:00,2.126512055313757,2.151853276667975,2.111137049434387,2.1364067307787242,2349.852559062351
2025-11-06 12:58:47.736000+00:00,2.1444374343240167,2.2780301022361416,2.0050880112000704,2.138298222793284,1892.1714417864766
2025-11-06 13:58:47.736000+00:00,2.1024338048276343,2.200193619580315,1.9959538840806568,2.0932884546535626,591.1511293385233
2025-11-06 14:58:47.736000+00:00,2.087192791174434,2.184927169733283,1.9852401709585035,2.0827673236591235,1488.110935721582
2025-11-06 15:58:47.736000+00:00,2.0805569630432967,2.1227059168815576,2.0409437978345526,2.083045373109849,2055.690457161928
2025-11-06 16:58:47.736000+00:00,2.0973793554433926,2.2061162009353357,1.9829161102775803,2.091339842360026,1240.3115480249785
2025-11-06 17:58:47.736000+00:00,2.065638274768445,2.133373676318748,1.9965747346799472,2.064265108016714,406.481716152912
2025-11-06 18:58:47.736000+00:00,2.058125755205555,2.1690242972873928,1.9570613685502225,2.06749960708251,1347.3817355087153
2025-11-06 19:58:47.736000+00:00,2.1023096112169255,2.1692910041071904,2.0211751838318897,2.0876908091100574,1799.9433601819896
2025-11-06 20:58:47.736000+00:00,2.0042334080403674,2.0743698702989932,1.9563104492677288,2.025928170932816,1206.5423749437186
2025-11-06 21:58:47.736000+00:00,2.0189494644909454,2.1694396617668645,1.8693580060036934,2.019786205996199,1532.7337185355962
2025-11-06 22:58:47.736000+00:00,2.040085579318889,2.108587316459902,1.9853687200766639,2.0535103921300224,1157.5498267191656
2025-11-06 23:58:47.736000+00:00,2.030344274509286,2.1508938618869857,1.9118009537707432,2.032239865508536,281.65111360017073
2025-11-07 00:58:47.736000+00:00,2.0172818553512637,2.1899518570902674,1.8430913094048231,2.0156189763917065,792.9609759586134
2025-11-07 01:58:47.736000+00:00,2.039098328015835,2.093707635912954,1.9808751606309725,2.035385022089506,1138.826411474518
2025-11-07 02:58:47.736000+00:00,2.0347174147499185,2.1391516777774457,1.9287495096613583,2.0331007979303646,1349.954181062488
2025-11-07 03:58:47.736000+00:00,2.011809242008264,2.190074136436503,1.8381719841618025,2.0160692053816502,1331.1562907493844
2025-11-07 04:58:47.736000+00:00,1.9789128420821591,2.046430891778776,1.908653881216273,1.9760751110527137,990.3776041931658
2025-11-07 05:58:47.736000+00:00,1.9855537007607498,2.0967867945654137,1.8636523689631552,1.9742523474336582,1489.832650385756
2025-11-07 06:58:47.736000+00:00,1.966221556909054,2.0671427989078826,1.865041723548736,1.9659489745772296,1616.6114912078572
2025-11-07 07:58:47.736000+00:00,1.9667729444714521,1.9955948945559732,1.9401084447566002,1.9689015364814397,405.90442707821967
2025-11-07 08:58:47.736000+00:00,1.9259500750744802,1.9622280419229785,1.907297251736893,1.9434061564655738,561.2148673095633
2025-11-07 09:58:47.736000+00:00,1.9678527000398878,2.0331043053482394,1.8936967759574646,1.9586429987577356,1581.9573190899846
2025-11-07 10:58:47.736000+00:00,1.9566311966763192,2.0497922567694036,1.8661555616893775,1.959197934502477,1774.6310953934274
2025-11-07 11:58:47.736000+00:00,1.9374497988204553,2.058182305684623,1.8314712182575412,1.9514385404042447,1214.5070482663534
2025-11-07 12:58:47.736000+00:00,1.9600456898414547,2.0205997467672367,1.9013862547101117,1.9618852578081338,808.5517849394156
2025-11-07 13:58:47.736000+00:00,1.9697425640706003,2.0088234333440322,1.9271941624164595,1.9662048411536428,1986.1700627200432
2025-11-07 14:58:47.736000+00:00,1.9730688967214034,2.0488999993687362,1.8966504204576984,1.9724580462434937,1139.27066633525
2025-11-07 15:58:47.736000+00:00,1.9146392432460881,1.9632983169785634,1.8672834838821413,1.9159111001228648,1198.556187005532
2025-11-07 16:58:47.736000+00:00,1.8820610110218008,1.9802216737289242,1.7878226448884729,1.8857962758002733,847.6758453407406
2025-11-07 17:58:47.736000+00:00,1.8981585322315215,1.9890822999025797,1.799565450255645,1.8901033671420004,1561.7707669367053
2025-11-07 18:58:47.736000+00:00,1.8608555377134426,1.879829115417915,1.8365410172079908,1.855459576841029,2183.7374544036616
2025-11-07 19:58:47.736000+00:00,1.8594404728443072,1.9328319242280938,1.784800379708974,1.85814052251763,1613.6436248744228
2025-11-07 20:58:47.736000+00:00,1.8613408663414226,1.9366391310567015,1.7749202700766908,1.8497496253356673,1075.6241033344395
2025-11-07 21:58:47.736000+00:00,1.8248805659068321,1.9423834745083095,1.7045314310419968,1.8218384603879083,2250.2089481974926
2025-11-07 22:58:47.736000+00:00,1.7946141150054722,1.9050507805142947,1.6903609415208596,1.8004581158653192,788.4059671832457
2025-11-07 23:58:47.736000+00:00,1.7541435693070742,1.7714574176583726,1.7336826957929097,1.7509651725504531,1706.8827624439646
2025-11-08 00:58:47.736000+00:00,1.7365234509039433,1.7948487603405785,1.6794323024579427,1.7377183282779367,1242.6027190317673
2025-11-08 01:58:47.736000+00:00,1.7178484296087977,1.7494931808428182,1.6793450923993427,1.7108611294988887,951.7714597426469
2025-11-08 02:58:47.736000+00:00,1.7103581024007914,1.7472253015592953,1.6677057253708911,1.704445476388303,1475.5260572757936
2025-11-08 03:58:47.736000+00:00,1.7164437775715495,1.7862937659697515,1.649306446522411,1.7190543254210302,1259.9881195846858
2025-11-08 04:58:47.736000+00:00,1.7007271417324958,1.7448823987034539,1.6605521357211002,1.704615539967059,1846.8879495647182
2025-11-08 05:58:47.736000+00:00,1.6967892493793708,1.8076487866823836,1.5852245562587195,1.6960348018137599,2050.4096573368915
2025-11-08 06:58:47.736000+00:00,1.6714338980615742,1.6982807271013887,1.6406599021980062,1.6674426227583647,1326.148499952288
2025-11-08 07:58:47.736000+00:00,1.6508445971334493,1.7609007779980426,1.5397448240704301,1.6497264627262904,2313.7471522799083
2025-11-08 08:58:47.736000+00:00,1.6479839400812888,1.7154379219075209,1.5817807677269315,1.649186442367531,1254.8832085711736
2025-11-08 09:58:47.736000+00:00,1.653935932328983,1.7403822428463704,1.5653386561238876,1.651666341901969,1369.0895043491603
2025-11-08 10:58:47.736000+00:00,1.6305373410098192,1.7119394246901953,1.5589483801976491,1.6399377381785838,679.3259267320458
2025-11-08 11:58:47.736000+00:00,1.601898768914113,1.7671444229996172,1.446932843924091,1.6112717647059687,847.2030113371954
2025-11-08 12:58:47.736000+00:00,1.6054940451941864,1.6922461614125333,1.5172119356899223,1.6038766571028578,1166.9893228928545
2025-11-08 13:58:47.736000+00:00,1.5792539919558297,1.6830029606606336,1.4852606449517611,1.5884615993167797,1047.8762331485539
2025-11-08 14:58:47.736000+00:00,1.5795586271613486,1.6422194565885124,1.5156289857432836,1.5782374024028532,1260.1330935571998
2025-11-08 15:58:47.736000+00:00,1.5786956157269272,1.6700093085178964,1.4795654805877065,1.5703993045539302,2423.716667409599
2025-11-08 16:58:47.736000+00:00,1.5387033536110757,1.5469017237305946,1.5326845220651475,1.5408743998643977,776.7131497072577
2025-11-08 17:58:47.736000+00:00,1.5073649265764262,1.5642402275019154,1.4486903725718498,1.5054951227960418,1443.6049511221415
2025-11-08 18:58:47.736000+00:00,1.4919828891858742,1.5508777135830298,1.428874683108417,1.4875963524983706,1055.4420884728113
2025-11-08 19:58:47.736000+00:00,1.4893351582498737,1.5483518470261224,1.4139557180527549,1.472297259700068,1923.1254285290584
2025-11-08 20:58:47.736000+00:00,1.4794904148604486,1.535677127369291,1.4206099180108451,1.4766902899782661,529.3309010277233
2025-11-08 21:58:47.736000+00:00,1.4681185020169172,1.5358626489118907,1.4015005365171875,1.4691957995060816,205.53829856821898
2025-11-08 22:58:47.736000+00:00,1.430292907951913,1.4956923173629875,1.3722278446829796,1.4373411204615447,466.4510015236369
2025-11-08 23:58:47.736000+00:00,1.4031176017803355,1.4611953074831077,1.3523145144896076,1.4101380295223027,2187.800889044357
2025-11-09 00:58:47.736000+00:00,1.4103935312242462,1.495238110111683,1.3156430666352754,1.3998535982479041,1164.649017549541
2025-11-09 01:58:47.736000+00:00,1.3968605085807426,1.4492560995119237,1.3555937489269345,1.4076700003839988,1560.0888905872578
2025-11-09 02:58:47.736000+00:00,1.4165307089446726,1.515906073009238,1.3149059422050318,1.4141115956803094,870.0861358468219
2025-11-09 03:58:47.736000+00:00,1.3876337474536036,1.4009564984643548,1.3833967057603453,1.3966917986511826,1930.5862030181602
2025-11-09 04:58:47.736000+00:00,1.364423800163734,1.4568857013747933,1.2826237614797316,1.3744826158153833,801.2508549684699
2025-11-09 05:58:47.736000+00:00,1.3459397272130855,1.3881184550815737,1.3105342502873658,1.3525393718920122,1006.1598732517758
2025-11-09 06:58:47.736000+00:00,1.3295196012537653,1.4313603986950985,1.241733045904925,1.3427033373545987,432.10386593575066
2025-11-09 07:58:47.736000+00:00,1.3267781892758113,1.3498649134484382,1.3077757441829023,1.3308047982665308,1775.5734539799103
2025-11-09 08:58:47.736000+00:00,1.3299125316274436,1.402694530539106,1.2518556944046886,1.3243323047618407,1805.4908626586293
2025-11-09 09:58:47.736000+00:00,1.3100701485229058,1.3705455361349346,1.2601529632864235,1.3202408210070615,1268.6799101265465
2025-11-09 10:58:47.736000+00:00,1.3073571012715797,1.3786232183611762,1.2405621340235187,1.3116109168645498,1524.5066016750047
2025-11-09 11:58:47.736000+00:00,1.3174527546674486,1.350353159719633,1.2892787466766518,1.3220801929742465,1389.934120586032
2025-11-09 12:58:47.736000+00:00,1.3199941320976916,1.4175988168134108,1.2196974023879439,1.3170871341658366,1189.4021490548519
2025-11-09 13:58:47.736000+00:00,1.3223462270182846,1.367298283745446,1.2774715700341785,1.322421086362081,847.7598038228565
2025-11-09 14:58:47.736000+00:00,1.3125680951137804,1.3302923481918318,1.2860334857183011,1.303637139709414,2014.6002342756717
2025-11-09 15:58:47.736000+00:00,1.2998910693889048,1.4025403136387153,1.19643816306593,1.2990185028532415,1237.6794661499796
2025-11-09 16:58:47.736000+00:00,1.2780819227028024,1.3368638540991318,1.2236961370147295,1.282298636041451,1917.2866409158498
2025-11-09 17:58:47.736000+00:00,1.2933845074421748,1.3661316833047656,1.227995083035488,1.3003881756165618,1922.849346040551
2025-11-09 18:58:47.736000+00:00,1.306210502934735,1.3241304384431831,1.2861967034573378,1.3040875136207468,1063.6741462765228
2025-11-09 19:58:47.736000+00:00,1.2927873235017648,1.3296502111201367,1.2510778074008282,1.2877984406637817,44.86953299759319
2025-11-09 20:58:47.736000+00:00,1.2713144971063168,1.2909953309632538,1.2489775886757402,1.2686166581059681,875.7410880887595
2025-11-09 21:58:47.736000+00:00,1.2630281207774836,1.295613624303068,1.2309602932775396,1.2635329786443512,1920.3927264801384
2025-11-09 22:58:47.736000+00:00,1.2509269043238822,1.3007609817308947,1.219538727640268,1.2689212910632608,1740.3457662837395
2025-11-09 23:58:47.736000+00:00,1.269782683505291,1.3626297672414576,1.1665032638602038,1.2585273527223186,1422.8664206926023
2025-11-10 00:58:47.736000+00:00,1.2478933743471627,1.3240643039605553,1.170870940397145,1.2469865157095406,1154.4259687305573
2025-11-10 01:58:47.736000+00:00,1.209938853793979,1.2748026775918084,1.1424522588810688,1.2071675134070043,1584.3437554995437
2025-11-10 02:58:47.736000+00:00,1.2115655768734026,1.3051922456625442,1.1186364570204343,1.2122134340715753,1629.4161537757996
2025-11-10 03:58:47.736000+00:00,1.2057452054314262,1.2751552246352464,1.1387887052281036,1.208069645446072,1745.9502352834215
2025-11-10 04:58:47.736000+00:00,1.2069877830260831,1.2872783198930093,1.1238693049905624,1.2039583175212674,1151.9662596062165
2025-11-10 05:58:47.736000+00:00,1.2132610673634825,1.3181471076064077,1.0965025602753782,1.2002651035025493,1435.616178825566
2025-11-10 06:58:47.736000+00:00,1.2062026849573,1.2639003104807962,1.1530868816438964,1.2105912540947228,706.5475758378792
2025-11-10 07:58:47.736000+00:00,1.19136209859971,1.2406391543354847,1.1359687030448102,1.1849818596777562,2170.9428926172013
2025-11-10 08:58:47.736000+00:00,1.1842643803120616,1.2730247315631065,1.1005487549841555,1.1889760391652269,1280.8812093790084
2025-11-10 09:58:47.736000+00:00,1.1979535943124797,1.2662007837319262,1.1300524029528423,1.1982810328339157,2027.2789354190795
2025-11-10 10:58:47.736000+00:00,1.2042433115366618,1.2699499600551098,1.1299918183680877,1.1952053311603819,1731.554338961366
2025-11-10 11:58:47.736000+00:00,1.2075765084518677,1.3086553019339813,1.1032736283111464,1.2040579008149288,2169.635423067678
2025-11-10 12:58:47.736000+00:00,1.1856278961726667,1.2237954863315477,1.150395734234055,1.1884786124050808,1372.3302541995713
2025-11-10 13:58:47.736000+00:00,1.187077608366746,1.2602655686052917,1.1081760035745933,1.1809885496137977,1418.7315839475848
2025-11-10 14:58:47.736000+00:00,1.162763886183213,1.21667984733724,1.1105428186162472,1.1643859318290255,2676.265958170329
2025-11-10 15:58:47.736000+00:00,1.165518114883547,1.1835545943732004,1.1466482040881416,1.1646715834407746,1607.5242863842461
2025-11-10 16:58:47.736000+00:00,1.1439862100277711,1.1800720604381054,1.1165575575524136,1.1524406998691683,1374.4004001888914
2025-11-10 17:58:47.736000+00:00,1.139279658949662,1.1891986672357386,1.0806063525750713,1.1301242027336231,1532.6492033898091
2025-11-10 18:58:47.736000+00:00,1.1224311855033402,1.1362473467264016,1.1027978657059618,1.116541530346384,1604.0221566075345
2025-11-10 19:58:47.736000+00:00,1.1130383734659535,1.1759755104849026,1.0470819591631297,1.109838137754912,1004.1161436750753
2025-11-10 20:58:47.736000+00:00,1.0943760177528128,1.1642869815691366,1.0320425946437342,1.1015452155916199,1696.9549399731047
2025-11-10 21:58:47.736000+00:00,1.1078989865389746,1.1570017399673895,1.0619812690409298,1.1109572695981478,1048.2150911195479
2025-11-10 22:58:47.736000+00:00,1.1188819724804162,1.1755334522345768,1.0588206423395072,1.1152902660167876,1138.0182275405707
2025-11-10 23:58:47.736000+00:00,1.136300481064439,1.1585044438197203,1.1074866709946367,1.1295588993793515,2004.5451942833658
2025-11-11 00:58:47.736000+00:00,1.1361197696740952,1.181884772616725,1.0907440249600688,1.1364940783055195,957.7765604378867
2025-11-11 01:58:47.736000+00:00,1.1471540321408091,1.1598448426535235,1.1362895006193874,1.148963176980465,1938.9678169020328
2025-11-11 02:58:47.736000+00:00,1.1523966866020445,1.207408949474226,1.0995092921425267,1.1544283166191456,2378.4989563630834
2025-11-11 03:58:47.736000+00:00,1.1501570749451886,1.1753225145987005,1.1172073795906405,1.1421986897564775,1052.9418954863172
2025-11-11 04:58:47.736000+00:00,1.1501418972719415,1.19041697844742,1.1010291428883363,1.1409835207139196,2169.037513215181
2025-11-11 05:58:47.736000+00:00,1.1324326469087742,1.184186638651544,1.0837242068703616,1.1353526047495235,1178.6064129106046
2025-11-11 06:58:47.736000+00:00,1.1237649926427813,1.173237425445906,1.0819779520840962,1.1311748503865897,1071.9996270246422
2025-11-11 07:58:47.736000+00:00,1.1406747652981368,1.1740785145619654,1.1072853334391064,1.1406886755275751,2882.9183112483115
2025-11-11 08:58:47.736000+00:00,1.1220242646002767,1.1845369038702904,1.0556142507146935,1.1178969395362,1492.716619071588
2025-11-11 09:58:47.736000+00:00,1.1089002863392954,1.1316630773675949,1.0940951840777788,1.1167531305470393,1143.1429721640488
2025-11-11 10:58:47.736000+00:00,1.1212763943981712,1.1457407216867903,1.097726478861632,1.1221719960308991,2225.168391973594
2025-11-11 11:58:47.736000+00:00,1.1156008547624112,1.1922571626255134,1.049190633587212,1.1252712743546536,758.7311640778454
2025-11-11 12:58:47.736000+00:00,1.1376970930073118,1.2044431480526663,1.059367911615621,1.1253920587853539,1050.971748600468
2025-11-11 13:58:47.736000+00:00,1.1384369736522215,1.1426194163029628,1.1264515554649008,1.1306052254752912,1678.1119218924428
2025-11-11 14:58:47.736000+00:00,1.1473572520786819,1.1991802090087123,1.0919257776913474,1.1435780379616753,1590.435128956297
2025-11-11 15:58:47.736000+00:00,1.1323978416163043,1.1511756823395494,1.1095598859044369,1.1282692650406836,1756.7344818762117
2025-11-11 16:58:47.736000+00:00,1.1117589175141254,1.1630066814945297,1.058066004069472,1.1091956095163964,2124.018671201845
2025-11-11 17:58:47.736000+00:00,1.0989122188429228,1.151258832045859,1.0473465584820334,1.0996581685356357,2100.4531373817586
2025-11-11 18:58:47.736000+00:00,1.0884741488510452,1.1366458164840163,1.0424225147008825,1.0905081278714526,1285.2079523462075
2025-11-11 19:58:47.736000+00:00,1.0913206750898514,1.1372259993807854,1.050113046194863,1.0958474424058038,1118.3043981929693
2025-11-11 20:58:47.736000+00:00,1.0964347390761122,1.1241673175863014,1.0736742245162192,1.1013056886466202,2336.2139083591546
2025-11-11 21:58:47.736000+00:00,1.0962554852975501,1.1613517362618142,1.0336425005176617,1.098604582064238,2083.7250047669395
2025-11-11 22:58:47.736000+00:00,1.0858582095406049,1.1035395455126464,1.0652323216578163,1.082864917001869,1079.4624416659128
2025-11-11 23:58:47.736000+00:00,1.0995906673877751,1.1298542005050702,1.057962784974669,1.0879046902661584,2304.390989395703
2025-11-12 00:58:47.736000+00:00,1.100445658196873,1.1442897087109376,1.0570157423866462,1.1008440693065276,1220.5266328882344
2025-11-12 01:58:47.736000+00:00,1.0920970817722362,1.119227504085,1.0653761984814754,1.0924968397174675,1087.7548668191039
2025-11-12 02:58:47.736000+00:00,1.1072070253178792,1.1422546249412615,1.0642459921203726,1.0990349111362767,1529.7851428771753
2025-11-12 03:58:47.736000+00:00,1.0824725255347663,1.1444958786431527,1.0124284682921396,1.0739643194473292,1551.8474953970897
2025-11-12 04:58:47.736000+00:00,1.054419020487017,1.0740665609138336,1.0415127111558249,1.0610787352807582,1178.8152251237511
2025-11-12 05:58:47.736000+00:00,1.061624877084465,1.113265478323279,1.0104608006540776,1.0620794921213734,2021.1743970233902
2025-11-12 06:58:47.736000+00:00,1.0742523114951208,1.1401225499028513,1.00188591277397,1.06733180445837,1351.7010542527198
2025-11-12 07:58:47.736000+00:00,1.0666052028111912,1.111869165420347,1.024641119118314,1.069780167212243,949.7121952896017
2025-11-12 08:58:47.736000+00:00,1.0531648022476408,1.0828189558908698,1.0304082645567219,1.0599165284851833,1166.888231282401
2025-11-12 09:58:47.736000+00:00,1.051818991324756,1.1018783191798271,1.005460198436459,1.0553633108439344,2033.8114203867472
2025-11-12 10:58:47.736000+00:00,1.0487480368680475,1.0922270981323292,1.004410226702511,1.0478521460704502,1212.3640782185767
2025-11-12 11:58:47.736000+00:00,1.0107104769446464,1.0761427573507294,0.9583850228043577,1.02317215038292,1169.44889808328
2025-11-12 12:58:47.736000+00:00,1.024877246060669,1.054425018495236,0.998425425470859,1.0278953026342403,1790.2030773075908
2025-11-12 13:58:47.736000+00:00,0.9983461857572515,1.0686607338588316,0.9299741081979305,1.0001641522470919,1038.1097328584874
2025-11-12 14:58:47.736000+00:00,0.9935388935671501,1.0614401374350546,0.9357746106126809,1.0031188750177824,1157.8821709643723
2025-11-12 15:58:47.736000+00:00,1.0171802204190468,1.0624387979036372,0.9740884976404407,1.019259009508572,1145.2591603834646
2025-11-12 16:58:47.736000+00:00,1.0076077364151519,1.0450069832156168,0.9699689532997539,1.007358966540777,1862.5986045918105
2025-11-12 17:58:47.736000+00:00,1.0099654251641108,1.0375316189223507,0.9749519157979741,1.00230913733956,2021.9904161140805
2025-11-12 18:58:47.736000+00:00,0.9973068017878712,1.0625141056527834,0.931345696015118,0.9965002658208787,2360.078525003775
2025-11-12 19:58:47.736000+00:00,1.0007729904293556,1.0315667343538908,0.9687104470673669,0.9994639106610503,1462.8925511946359
2025-11-12 20:58:47.736000+00:00,0.9938869071754429,1.0367693830016345,0.9500259624657146,0.9928643173952397,1018.2082652538282
2025-11-12 21:58:47.736000+00:00,0.9850146750875497,1.058672124335698,0.9179527808788825,0.9911898135649541,290.1687562767753
2025-11-12 22:58:47.736000+00:00,0.9892273568341856,0.9932428584000077,0.9805434367155869,0.9845399108591257,1596.7805775973598
2025-11-12 23:58:47.736000+00:00,0.9978847207577497,1.057192302109867,0.9376178901432047,0.9968648576669218,1539.4464952403334
2025-11-13 00:58:47.736000+00:00,0.9860203091477163,1.0501366880416765,0.9242940384214556,0.9882696080141415,2173.61837215956
2025-11-13 01:58:47.736000+00:00,0.9705011095408719,1.0098233508472907,0.9386648008301717,0.9777492734403758,1527.447119350933
2025-11-13 02:58:47.736000+00:00,0.9588805800279465,0.9889119925377502,0.928083193825952,0.9580898409887796,1091.8762713020776
2025-11-13 03:58:47.736000+00:00,0.9761784463423341,1.062642128893706,0.8815717521509949,0.9672440858318028,760.4235024872079
2025-11-13 04:58:47.736000+00:00,0.9580396521211253,1.0021447290813952,0.912101007063779,0.956117598847723,1437.1528380482384
2025-11-13 05:58:47.736000+00:00,0.9422334832053376,0.9924736741803128,0.8983744972069253,0.9483308677609353,1368.834720204813
2025-11-13 06:58:47.736000+00:00,0.9367560356801663,0.9788392934788425,0.8959962721867984,0.938024343854555,2007.1386104857982
2025-11-13 07:58:47.736000+00:00,0.9293678097660549,1.013214443303144,0.8379488445857598,0.9210445631438287,1821.7845556148332
2025-11-13 08:58:47.736000+00:00,0.921813337311072,0.964815581119592,0.8755193980423605,0.918360571637078,1444.0104962449172
2025-11-13 09:58:47.736000+00:00,0.8937341454831852,0.9569435977063292,0.8302028188288783,0.8933877738797604,2286.9417846370247
2025-11-13 10:58:47.736000+00:00,0.884134930795966,0.9217191987934478,0.8495831361022986,0.887053352821907,1136.0822868245602
2025-11-13 11:58:47.736000+00:00,0.8869338778941369,0.9402980329063478,0.8298127171871192,0.8829363531056348,625.8358821668644
2025-11-13 12:58:47.736000+00:00,0.8849194074613508,0.9316775239971543,0.831203306795913,0.8775732614870813,1261.4996468715096
2025-11-13 13:58:47.736000+00:00,0.8610241729228639,0.9065896856047959,0.8173450848517804,0.8628195209229944,1642.0239391204325
2025-11-13 14:58:47.736000+00:00,0.8445249622196936,0.872548903722812,0.8159949572357498,0.8440015296321265,1161.9415391791435
2025-11-13 15:58:47.736000+00:00,0.8368320281583841,0.8626512119249228,0.8082113410805232,0.8339413369515584,748.0979378915812
2025-11-13 16:58:47.736000+00:00,0.8224773583993747,0.8486777630252244,0.7980648917452636,0.82421375722774,314.97256344938626
2025-11-13 17:58:47.736000+00:00,0.8259571127416213,0.8747615565015159,0.7723867282676485,0.8208918755124222,1366.8656897526098
2025-11-13 18:58:47.736000+00:00,0.8013368532738809,0.8213581305482865,0.7815945160260331,0.8016090863614007,1584.2178257412731
2025-11-13 19:58:47.736000+00:00,0.8118700575524254,0.8167105295116016,0.8039790031135726,0.8088011780248889,1612.2424879827229
2025-11-13 20:58:47.736000+00:00,0.8260625238398733,0.842849169497268,0.804953169712679,0.8216501503036618,1322.7631446919154
2025-11-13 21:58:47.736000+00:00,0.8253619376918492,0.8329890834801835,0.8094599182930096,0.8170098829854284,1660.0152679017988
2025-11-13 22:58:47.736000+00:00,0.8142042682627343,0.8633856860536762,0.7612573323450278,0.8101966743338187,1853.3514846701567
2025-11-13 23:58:47.736000+00:00,0.7959732178673784,0.8167295427873454,0.7793873859897925,0.8000585834393692,1306.056921868431
2025-11-14 00:58:47.736000+00:00,0.8074348651791418,0.841838307091925,0.7718302497117486,0.8061802338951699,1510.546392461253
2025-11-14 01:58:47.736000+00:00,0.8068529469226833,0.8127779667303159,0.8000306060923131,0.8059489877935025,1518.680942767881
2025-11-14 02:58:47.736000+00:00,0.7914302845274552,0.8027877043456801,0.7730116479179011,0.7842662604124071,1539.5943352114723
2025-11-14 03:58:47.736000+00:00,0.7701207479501333,0.7928948871470419,0.741124153046108,0.7637086733021388,1381.7577097554074
2025-11-14 04:58:47.736000+00:00,0.7560041069839045,0.7636999375722766,0.7520365547807869,0.7597210567508639,1020.7047401432329
2025-11-14 05:58:47.736000+00:00,0.7664477552804598,0.78494198656249,0.7443944847198978,0.7628007136148182,2225.2603914579104
2025-11-14 06:58:47.736000+00:00,0.7512965185313302,0.7865364285054012,0.7164824964431277,0.7517035453671306,796.151023438672
2025-11-14 07:58:47.736000+00:00,0.7407924389322954,0.761796649345007,0.7158533489049399,0.7367427352123106,2190.8070042181466
2025-11-14 08:58:47.736000+00:00,0.722837667779097,0.7738006671665725,0.6772484358740964,0.7278926203787733,1549.7469393907354
2025-11-14 09:58:47.736000+00:00,0.7221739617021327,0.7563652878647803,0.6929789079706721,0.7269760999075408,1567.5914952580765
2025-11-14 10:58:47.736000+00:00,0.729540109898049,0.7995748446114446,0.6684752964069022,0.7378172115459916,1770.956416903002
2025-11-14 11:58:47.736000+00:00,0.7316260351160652,0.7906576753381503,0.6756187322954882,0.7344353168914091,1035.4209647419902
2025-11-14 12:58:47.736000+00:00,0.7415791720496305,0.7524302095490455,0.732011050337849,0.7428457460431791,1234.165143864188
2025-11-14 13:58:47.736000+00:00,0.7261791152605541,0.7613394203686384,0.6892438192524449,0.7243138095663557,918.1501925223645
2025-11-14 14:58:47.736000+00:00,0.7257032428938563,0.7602214109114133,0.6934075340542728,0.7278310107871576,1504.1312011066266
2025-11-14 15:58:47.736000+00:00,0.7188962605309199,0.7583745631718916,0.6817168315367078,0.7210820888692527,1223.9847549627777
2025-11-14 16:58:47.736000+00:00,0.712818744618273,0.7238223571080232,0.7035232952874725,0.7145049193656587,1778.8590874968281
