timestamp,open,high,low,close,volume
2025-05-18 16:00:00+00:00,5.105,5.136,5.05,5.069,140547.42
2025-05-18 17:00:00+00:00,5.068,5.069,4.905,4.909,81244.63
2025-05-18 18:00:00+00:00,4.912,4.912,4.798,4.838,154741.44
2025-05-18 19:00:00+00:00,4.837,4.853,4.724,4.731,140828.07
2025-05-18 20:00:00+00:00,4.731,4.755,4.637,4.748,272098.47
2025-05-18 21:00:00+00:00,4.749,4.836,4.749,4.791,86678.0
2025-05-18 22:00:00+00:00,4.792,4.891,4.756,4.891,101849.33
2025-05-18 23:00:00+00:00,4.89,4.979,4.848,4.963,199043.24
2025-05-19 00:00:00+00:00,4.963,5.004,4.846,4.861,249922.17
2025-05-19 01:00:00+00:00,4.86,4.874,4.804,4.805,67181.01
2025-05-19 02:00:00+00:00,4.804,4.82,4.761,4.769,46247.14
2025-05-19 03:00:00+00:00,4.768,4.785,4.703,4.71,73602.14
2025-05-19 04:00:00+00:00,4.711,4.75,4.659,4.679,61937.04
2025-05-19 05:00:00+00:00,4.679,4.728,4.652,4.726,85866.04
2025-05-19 06:00:00+00:00,4.726,4.784,4.652,4.656,113315.64
2025-05-19 07:00:00+00:00,4.655,4.738,4.653,4.722,59607.93
2025-05-19 08:00:00+00:00,4.721,4.739,4.677,4.708,56217.29
2025-05-19 09:00:00+00:00,4.706,4.734,4.671,4.689,113484.24
2025-05-19 10:00:00+00:00,4.688,4.691,4.619,4.633,149372.32
2025-05-19 11:00:00+00:00,4.635,4.66,4.627,4.645,28286.83
2025-05-19 12:00:00+00:00,4.645,4.649,4.582,4.607,111435.63
2025-05-19 13:00:00+00:00,4.607,4.715,4.604,4.686,68693.27
2025-05-19 14:00:00+00:00,4.685,4.724,4.678,4.704,79935.55
2025-05-19 15:00:00+00:00,4.703,4.75,4.699,4.74,53374.59
2025-05-19 16:00:00+00:00,4.739,4.82,4.716,4.817,64516.96
2025-05-19 17:00:00+00:00,4.817,4.858,4.795,4.801,88970.42
2025-05-19 18:00:00+00:00,4.8,4.817,4.744,4.769,57565.67
2025-05-19 19:00:00+00:00,4.77,4.809,4.762,4.796,68355.15
2025-05-19 20:00:00+00:00,4.796,4.812,4.78,4.797,52997.57
2025-05-19 21:00:00+00:00,4.797,4.799,4.751,4.793,55930.88
2025-05-19 22:00:00+00:00,4.792,4.792,4.754,4.761,46676.8
2025-05-19 23:00:00+00:00,4.761,4.79,4.755,4.779,54088.72
2025-05-20 00:00:00+00:00,4.779,4.827,4.747,4.751,87569.25
2025-05-20 01:00:00+00:00,4.751,4.828,4.741,4.808,55795.12
2025-05-20 02:00:00+00:00,4.809,4.885,4.809,4.821,120180.05
2025-05-20 03:00:00+00:00,4.82,4.836,4.792,4.821,46041.62
2025-05-20 04:00:00+00:00,4.821,4.841,4.799,4.834,41203.2
2025-05-20 05:00:00+00:00,4.834,4.867,4.83,4.843,47174.52
2025-05-20 06:00:00+00:00,4.844,4.85,4.811,4.833,26200.0
2025-05-20 07:00:00+00:00,4.833,4.839,4.778,4.797,101375.92
2025-05-20 08:00:00+00:00,4.796,4.815,4.756,4.783,59537.73
2025-05-20 09:00:00+00:00,4.783,4.798,4.745,4.751,36611.32
2025-05-20 10:00:00+00:00,4.751,4.757,4.708,4.723,74396.71
2025-05-20 11:00:00+00:00,4.725,4.727,4.679,4.715,83309.94
2025-05-20 12:00:00+00:00,4.716,4.716,4.656,4.67,55959.35
2025-05-20 13:00:00+00:00,4.671,4.708,4.668,4.688,50937.89
2025-05-20 14:00:00+00:00,4.687,4.725,4.675,4.693,30265.06
2025-05-20 15:00:00+00:00,4.693,4.731,4.688,4.714,27290.89
2025-05-20 16:00:00+00:00,4.715,4.735,4.679,4.685,37095.04
2025-05-20 17:00:00+00:00,4.686,4.76,4.679,4.741,67386.94
2025-05-20 18:00:00+00:00,4.743,4.756,4.663,4.67,61648.2
2025-05-20 19:00:00+00:00,4.67,4.776,4.662,4.761,52295.48
2025-05-20 20:00:00+00:00,4.759,4.814,4.742,4.804,67232.24
2025-05-20 21:00:00+00:00,4.805,4.872,4.799,4.847,59998.41
2025-05-20 22:00:00+00:00,4.848,4.868,4.804,4.844,56831.8
2025-05-20 23:00:00+00:00,4.843,4.865,4.821,4.848,39512.07
2025-05-21 00:00:00+00:00,4.849,4.869,4.82,4.836,50750.89
2025-05-21 01:00:00+00:00,4.835,4.861,4.807,4.807,39606.91
2025-05-21 02:00:00+00:00,4.808,4.873,4.777,4.868,59575.87
2025-05-21 03:00:00+00:00,4.87,4.91,4.858,4.896,66450.1
2025-05-21 04:00:00+00:00,4.898,4.972,4.888,4.946,87082.43
2025-05-21 05:00:00+00:00,4.946,5.005,4.94,4.989,114265.97
2025-05-21 06:00:00+00:00,4.99,5.013,4.961,4.996,60823.24
2025-05-21 07:00:00+00:00,4.996,5.002,4.903,4.919,97024.33
2025-05-21 08:00:00+00:00,4.919,4.956,4.895,4.895,80951.58
2025-05-21 09:00:00+00:00,4.896,4.899,4.862,4.869,59820.84
2025-05-21 10:00:00+00:00,4.868,4.896,4.848,4.892,43108.21
2025-05-21 11:00:00+00:00,4.893,4.95,4.893,4.926,46774.19
2025-05-21 12:00:00+00:00,4.926,4.946,4.907,4.92,40068.15
2025-05-21 13:00:00+00:00,4.921,4.982,4.893,4.957,51223.12
2025-05-21 14:00:00+00:00,4.958,4.977,4.903,4.968,86465.09
2025-05-21 15:00:00+00:00,4.968,4.988,4.936,4.965,140613.19
2025-05-21 16:00:00+00:00,4.966,5.067,4.961,5.025,110424.95
2025-05-21 17:00:00+00:00,5.026,5.044,4.832,4.862,273657.5
2025-05-21 18:00:00+00:00,4.863,4.937,4.836,4.894,96282.77
2025-05-21 19:00:00+00:00,4.895,4.977,4.882,4.966,86643.63
2025-05-21 20:00:00+00:00,4.966,4.977,4.93,4.953,49832.72
2025-05-21 21:00:00+00:00,4.954,4.974,4.931,4.933,19811.76
2025-05-21 22:00:00+00:00,4.932,4.965,4.921,4.961,53410.79
2025-05-21 23:00:00+00:00,4.961,5.026,4.948,4.974,89877.74
2025-05-22 00:00:00+00:00,4.975,5.035,4.97,5.032,60415.41
2025-05-22 01:00:00+00:00,5.033,5.055,5.017,5.022,105459.53
2025-05-22 02:00:00+00:00,5.022,5.049,5.01,5.036,68514.98
2025-05-22 03:00:00+00:00,5.037,5.115,5.024,5.092,107158.12
2025-05-22 04:00:00+00:00,5.093,5.099,5.065,5.079,68578.91
2025-05-22 05:00:00+00:00,5.079,5.08,5.027,5.029,109662.31
2025-05-22 06:00:00+00:00,5.03,5.048,5.003,5.009,65919.99
2025-05-22 07:00:00+00:00,5.01,5.067,4.996,5.06,55173.32
2025-05-22 08:00:00+00:00,5.06,5.113,5.047,5.099,81902.99
2025-05-22 09:00:00+00:00,5.098,5.15,5.093,5.124,97292.07
2025-05-22 10:00:00+00:00,5.123,5.148,5.106,5.113,49555.41
2025-05-22 11:00:00+00:00,5.112,5.125,5.069,5.115,101717.15
2025-05-22 12:00:00+00:00,5.115,5.121,5.086,5.114,48571.85
2025-05-22 13:00:00+00:00,5.115,5.124,5.074,5.096,99990.26
2025-05-22 14:00:00+00:00,5.096,5.16,5.086,5.148,81330.22
2025-05-22 15:00:00+00:00,5.149,5.219,5.146,5.179,139854.82
2025-05-22 16:00:00+00:00,5.181,5.224,5.173,5.177,78588.65
2025-05-22 17:00:00+00:00,5.178,5.228,5.178,5.203,49542.73
2025-05-22 18:00:00+00:00,5.202,5.225,5.189,5.218,36239.56
2025-05-22 19:00:00+00:00,5.218,5.229,5.169,5.18,54873.1
2025-05-22 20:00:00+00:00,5.181,5.217,5.171,5.18,47391.26
2025-05-22 21:00:00+00:00,5.18,5.189,5.15,5.166,66596.34
2025-05-22 22:00:00+00:00,5.167,5.217,5.165,5.184,42581.47
2025-05-22 23:00:00+00:00,5.185,5.222,5.185,5.219,39873.87
2025-05-23 00:00:00+00:00,5.218,5.233,5.189,5.209,61019.66
2025-05-23 01:00:00+00:00,5.208,5.256,5.175,5.25,105959.77
2025-05-23 02:00:00+00:00,5.251,5.341,5.247,5.307,161387.55
2025-05-23 03:00:00+00:00,5.306,5.337,5.296,5.327,58557.03
2025-05-23 04:00:00+00:00,5.328,5.344,5.22,5.253,107286.54
2025-05-23 05:00:00+00:00,5.252,5.261,5.201,5.234,39409.04
2025-05-23 06:00:00+00:00,5.233,5.236,5.136,5.156,58825.09
2025-05-23 07:00:00+00:00,5.156,5.213,5.156,5.178,35349.95
2025-05-23 08:00:00+00:00,5.179,5.238,5.179,5.225,48282.85
2025-05-23 09:00:00+00:00,5.224,5.28,5.217,5.275,43949.56
2025-05-23 10:00:00+00:00,5.276,5.277,5.218,5.235,57284.42
2025-05-23 11:00:00+00:00,5.236,5.281,5.055,5.077,391550.19
2025-05-23 12:00:00+00:00,5.081,5.095,4.964,5.037,385395.53
2025-05-23 13:00:00+00:00,5.037,5.105,5.001,5.103,207693.96
2025-05-23 14:00:00+00:00,5.106,5.147,5.086,5.114,67694.35
2025-05-23 15:00:00+00:00,5.114,5.129,5.036,5.04,103984.64
2025-05-23 16:00:00+00:00,5.04,5.062,4.995,5.049,88771.8
2025-05-23 17:00:00+00:00,5.048,5.095,5.046,5.058,43171.43
2025-05-23 18:00:00+00:00,5.057,5.071,4.998,5.015,91447.38
2025-05-23 19:00:00+00:00,5.015,5.034,4.996,5.008,43298.98
2025-05-23 20:00:00+00:00,5.008,5.008,4.926,4.936,96767.19
2025-05-23 21:00:00+00:00,4.936,4.959,4.887,4.912,70419.14
2025-05-23 22:00:00+00:00,4.913,4.941,4.865,4.866,60535.08
2025-05-23 23:00:00+00:00,4.866,4.875,4.769,4.792,120841.25
2025-05-24 00:00:00+00:00,4.793,4.835,4.772,4.779,63585.84
2025-05-24 01:00:00+00:00,4.778,4.818,4.773,4.777,73342.42
2025-05-24 02:00:00+00:00,4.776,4.822,4.763,4.819,31406.45
2025-05-24 03:00:00+00:00,4.818,4.857,4.813,4.851,28415.04
2025-05-24 04:00:00+00:00,4.851,4.862,4.834,4.84,38251.0
2025-05-24 05:00:00+00:00,4.841,4.842,4.799,4.83,37650.13
2025-05-24 06:00:00+00:00,4.828,4.835,4.79,4.812,46187.88
2025-05-24 07:00:00+00:00,4.813,4.84,4.796,4.807,62518.78
2025-05-24 08:00:00+00:00,4.807,4.823,4.786,4.811,44190.83
2025-05-24 09:00:00+00:00,4.81,4.824,4.791,4.793,39396.04
2025-05-24 10:00:00+00:00,4.794,4.83,4.784,4.821,57476.87
2025-05-24 11:00:00+00:00,4.822,4.835,4.795,4.798,90052.13
2025-05-24 12:00:00+00:00,4.8,4.812,4.776,4.81,54339.11
2025-05-24 13:00:00+00:00,4.81,4.814,4.775,4.779,52460.28
2025-05-24 14:00:00+00:00,4.778,4.827,4.772,4.823,56204.48
2025-05-24 15:00:00+00:00,4.823,4.833,4.781,4.8,75189.19
2025-05-24 16:00:00+00:00,4.8,4.806,4.758,4.794,52202.22
2025-05-24 17:00:00+00:00,4.795,4.823,4.793,4.807,51309.01
2025-05-24 18:00:00+00:00,4.806,4.82,4.76,4.764,40667.25
2025-05-24 19:00:00+00:00,4.762,4.77,4.732,4.762,81701.17
2025-05-24 20:00:00+00:00,4.762,4.764,4.725,4.737,75485.72
2025-05-24 21:00:00+00:00,4.738,4.75,4.707,4.743,59764.2
2025-05-24 22:00:00+00:00,4.743,4.744,4.702,4.706,35930.7
2025-05-24 23:00:00+00:00,4.707,4.736,4.694,4.715,50357.83
2025-05-25 00:00:00+00:00,4.716,4.73,4.646,4.66,133341.68
2025-05-25 01:00:00+00:00,4.66,4.687,4.638,4.667,54958.77
2025-05-25 02:00:00+00:00,4.667,4.703,4.652,4.694,28885.15
2025-05-25 03:00:00+00:00,4.695,4.712,4.694,4.698,37276.78
2025-05-25 04:00:00+00:00,4.698,4.706,4.684,4.705,52408.73
2025-05-25 05:00:00+00:00,4.704,4.717,4.691,4.712,44006.03
2025-05-25 06:00:00+00:00,4.712,4.714,4.685,4.699,21692.34
2025-05-25 07:00:00+00:00,4.698,4.699,4.664,4.686,48305.69
2025-05-25 08:00:00+00:00,4.687,4.687,4.614,4.633,64772.29
2025-05-25 09:00:00+00:00,4.632,4.65,4.606,4.645,65896.15
2025-05-25 10:00:00+00:00,4.645,4.658,4.634,4.64,28665.56
2025-05-25 11:00:00+00:00,4.64,4.656,4.626,4.649,27172.6
2025-05-25 12:00:00+00:00,4.648,4.685,4.635,4.685,37196.65
2025-05-25 13:00:00+00:00,4.685,4.692,4.663,4.674,29466.11
2025-05-25 14:00:00+00:00,4.674,4.679,4.63,4.64,30261.84
2025-05-25 15:00:00+00:00,4.641,4.642,4.573,4.632,118909.43
2025-05-25 16:00:00+00:00,4.631,4.631,4.582,4.629,56854.5
2025-05-25 17:00:00+00:00,4.629,4.659,4.627,4.658,148272.41
2025-05-25 18:00:00+00:00,4.659,4.683,4.654,4.677,58134.44
2025-05-25 19:00:00+00:00,4.676,4.737,4.673,4.721,75541.32
2025-05-25 20:00:00+00:00,4.721,4.744,4.706,4.737,102725.34
2025-05-25 21:00:00+00:00,4.737,4.758,4.69,4.695,135122.56
2025-05-25 22:00:00+00:00,4.696,4.81,4.69,4.809,104796.08
2025-05-25 23:00:00+00:00,4.808,4.819,4.771,4.79,89993.15
2025-05-26 00:00:00+00:00,4.791,4.829,4.76,4.827,138939.7
2025-05-26 01:00:00+00:00,4.827,4.833,4.81,4.824,36242.76
2025-05-26 02:00:00+00:00,4.824,4.833,4.805,4.81,24197.85
2025-05-26 03:00:00+00:00,4.809,4.832,4.797,4.809,96049.08
2025-05-26 04:00:00+00:00,4.81,4.812,4.797,4.803,24299.47
2025-05-26 05:00:00+00:00,4.803,4.827,4.799,4.822,58673.1
2025-05-26 06:00:00+00:00,4.821,4.857,4.816,4.855,39449.14
2025-05-26 07:00:00+00:00,4.856,4.918,4.855,4.916,121805.14
2025-05-26 08:00:00+00:00,4.917,4.953,4.892,4.9,99386.46
2025-05-26 09:00:00+00:00,4.9,4.93,4.871,4.878,57372.45
2025-05-26 10:00:00+00:00,4.878,4.894,4.852,4.854,42626.76
2025-05-26 11:00:00+00:00,4.853,4.88,4.842,4.858,46980.78
2025-05-26 12:00:00+00:00,4.857,4.875,4.848,4.867,51686.31
2025-05-26 13:00:00+00:00,4.866,4.877,4.791,4.809,130547.13
2025-05-26 14:00:00+00:00,4.809,4.825,4.779,4.804,86338.98
2025-05-26 15:00:00+00:00,4.805,4.872,4.795,4.857,47948.61
2025-05-26 16:00:00+00:00,4.859,4.883,4.802,4.828,76836.04
2025-05-26 17:00:00+00:00,4.827,4.838,4.752,4.756,47838.27
2025-05-26 18:00:00+00:00,4.755,4.788,4.747,4.765,25727.63
2025-05-26 19:00:00+00:00,4.764,4.775,4.745,4.767,33905.75
2025-05-26 20:00:00+00:00,4.766,4.801,4.745,4.8,37487.07
2025-05-26 21:00:00+00:00,4.799,4.809,4.777,4.786,18729.91
2025-05-26 22:00:00+00:00,4.785,4.828,4.767,4.768,26764.51
2025-05-26 23:00:00+00:00,4.767,4.781,4.746,4.776,20946.99
2025-05-27 00:00:00+00:00,4.778,4.796,4.734,4.737,19794.72
2025-05-27 01:00:00+00:00,4.737,4.737,4.678,4.724,63929.84
2025-05-27 02:00:00+00:00,4.723,4.766,4.722,4.75,21831.53
2025-05-27 03:00:00+00:00,4.749,4.791,4.746,4.757,25311.11
2025-05-27 04:00:00+00:00,4.757,4.789,4.753,4.762,18298.87
2025-05-27 05:00:00+00:00,4.762,4.786,4.734,4.783,36564.45
2025-05-27 06:00:00+00:00,4.784,4.861,4.784,4.811,80317.98
2025-05-27 07:00:00+00:00,4.812,4.854,4.807,4.842,87424.08
2025-05-27 08:00:00+00:00,4.843,4.885,4.843,4.878,48479.6
2025-05-27 09:00:00+00:00,4.879,4.9,4.87,4.889,43361.96
2025-05-27 10:00:00+00:00,4.89,4.904,4.875,4.895,52956.29
2025-05-27 11:00:00+00:00,4.894,4.908,4.861,4.9,43285.59
2025-05-27 12:00:00+00:00,4.899,4.918,4.878,4.888,114292.57
2025-05-27 13:00:00+00:00,4.889,4.959,4.856,4.881,239972.74
2025-05-27 14:00:00+00:00,4.882,4.897,4.812,4.844,97527.24
2025-05-27 15:00:00+00:00,4.844,4.894,4.819,4.86,68198.44
2025-05-27 16:00:00+00:00,4.861,4.888,4.851,4.871,71952.24
2025-05-27 17:00:00+00:00,4.871,4.886,4.845,4.848,238666.88
2025-05-27 18:00:00+00:00,4.849,4.858,4.81,4.823,280713.86
2025-05-27 19:00:00+00:00,4.822,4.827,4.762,4.765,115592.75
2025-05-27 20:00:00+00:00,4.765,4.809,4.743,4.793,87962.32
2025-05-27 21:00:00+00:00,4.792,4.813,4.758,4.773,41691.1
2025-05-27 22:00:00+00:00,4.774,4.779,4.739,4.75,38860.23
2025-05-27 23:00:00+00:00,4.749,4.762,4.736,4.754,42283.55
2025-05-28 00:00:00+00:00,4.754,4.764,4.718,4.761,43990.74
2025-05-28 01:00:00+00:00,4.761,4.79,4.722,4.727,110124.03
2025-05-28 02:00:00+00:00,4.727,4.73,4.694,4.717,44550.87
2025-05-28 03:00:00+00:00,4.717,4.734,4.703,4.731,61318.43
2025-05-28 04:00:00+00:00,4.73,4.75,4.704,4.732,34686.04
2025-05-28 05:00:00+00:00,4.733,4.745,4.711,4.736,26282.12
2025-05-28 06:00:00+00:00,4.736,4.736,4.696,4.698,42679.58
2025-05-28 07:00:00+00:00,4.7,4.735,4.695,4.719,39892.4
2025-05-28 08:00:00+00:00,4.719,4.744,4.703,4.74,38493.16
2025-05-28 09:00:00+00:00,4.741,4.745,4.71,4.719,39220.48
2025-05-28 10:00:00+00:00,4.72,4.767,4.691,4.76,67675.61
2025-05-28 11:00:00+00:00,4.761,4.797,4.76,4.793,89667.02
2025-05-28 12:00:00+00:00,4.794,4.852,4.784,4.827,124722.46
2025-05-28 13:00:00+00:00,4.827,4.833,4.764,4.766,69475.76
2025-05-28 14:00:00+00:00,4.765,4.783,4.731,4.755,109195.1
2025-05-28 15:00:00+00:00,4.755,4.78,4.685,4.688,180088.28
2025-05-28 16:00:00+00:00,4.69,4.734,4.683,4.734,43887.29
2025-05-28 17:00:00+00:00,4.734,4.76,4.71,4.727,50478.59
2025-05-28 18:00:00+00:00,4.727,4.741,4.681,4.681,54323.37
2025-05-28 19:00:00+00:00,4.68,4.712,4.64,4.656,69358.94
2025-05-28 20:00:00+00:00,4.656,4.717,4.651,4.713,47504.87
2025-05-28 21:00:00+00:00,4.712,4.748,4.699,4.745,52776.23
2025-05-28 22:00:00+00:00,4.744,4.757,4.717,4.752,47612.81
2025-05-28 23:00:00+00:00,4.752,4.847,4.748,4.845,262353.97
2025-05-29 00:00:00+00:00,4.845,4.899,4.825,4.888,106335.58
2025-05-29 01:00:00+00:00,4.889,4.891,4.84,4.862,71227.11
2025-05-29 02:00:00+00:00,4.862,4.905,4.842,4.902,61807.02
2025-05-29 03:00:00+00:00,4.902,4.917,4.867,4.872,59543.82
2025-05-29 04:00:00+00:00,4.872,4.881,4.722,4.8,128015.03
2025-05-29 05:00:00+00:00,4.801,4.809,4.782,4.794,42258.72
2025-05-29 06:00:00+00:00,4.794,4.831,4.79,4.816,56693.9
2025-05-29 07:00:00+00:00,4.816,4.821,4.801,4.811,30737.69
2025-05-29 08:00:00+00:00,4.812,4.841,4.793,4.83,52630.58
2025-05-29 09:00:00+00:00,4.829,4.829,4.797,4.811,32919.49
2025-05-29 10:00:00+00:00,4.813,4.837,4.794,4.831,39683.82
2025-05-29 11:00:00+00:00,4.831,4.846,4.822,4.84,49335.84
2025-05-29 12:00:00+00:00,4.84,4.84,4.799,4.82,53661.55
2025-05-29 13:00:00+00:00,4.821,4.853,4.791,4.799,86711.21
2025-05-29 14:00:00+00:00,4.801,4.826,4.74,4.821,125642.06
2025-05-29 15:00:00+00:00,4.82,4.833,4.76,4.768,62536.9
2025-05-29 16:00:00+00:00,4.768,4.793,4.732,4.743,84986.39
2025-05-29 17:00:00+00:00,4.743,4.752,4.709,4.729,87977.64
2025-05-29 18:00:00+00:00,4.73,4.754,4.683,4.683,49166.15
2025-05-29 19:00:00+00:00,4.683,4.7,4.643,4.662,49246.98
2025-05-29 20:00:00+00:00,4.662,4.691,4.656,4.669,71715.12
2025-05-29 21:00:00+00:00,4.667,4.708,4.665,4.705,28630.33
2025-05-29 22:00:00+00:00,4.704,4.709,4.649,4.65,33370.8
2025-05-29 23:00:00+00:00,4.65,4.662,4.596,4.614,121567.52
2025-05-30 00:00:00+00:00,4.615,4.639,4.374,4.434,548102.9
2025-05-30 01:00:00+00:00,4.435,4.506,4.42,4.484,154847.06
2025-05-30 02:00:00+00:00,4.483,4.532,4.479,4.511,84120.27
2025-05-30 03:00:00+00:00,4.511,4.529,4.496,4.506,94316.78
2025-05-30 04:00:00+00:00,4.505,4.521,4.486,4.505,37876.07
2025-05-30 05:00:00+00:00,4.505,4.525,4.491,4.508,46255.47
2025-05-30 06:00:00+00:00,4.507,4.507,4.428,4.447,98484.44
2025-05-30 07:00:00+00:00,4.448,4.493,4.446,4.452,73923.37
2025-05-30 08:00:00+00:00,4.452,4.486,4.439,4.464,53869.2
2025-05-30 09:00:00+00:00,4.465,4.49,4.434,4.484,71767.78
2025-05-30 10:00:00+00:00,4.482,4.495,4.458,4.48,52301.35
2025-05-30 11:00:00+00:00,4.48,4.5,4.468,4.471,56195.7
2025-05-30 12:00:00+00:00,4.472,4.472,4.402,4.435,103178.44
2025-05-30 13:00:00+00:00,4.436,4.452,4.393,4.403,91728.25
2025-05-30 14:00:00+00:00,4.403,4.446,4.397,4.439,80819.53
2025-05-30 15:00:00+00:00,4.438,4.457,4.414,4.417,47534.35
2025-05-30 16:00:00+00:00,4.416,4.438,4.277,4.332,349525.94
2025-05-30 17:00:00+00:00,4.331,4.384,4.33,4.381,86597.23
2025-05-30 18:00:00+00:00,4.379,4.429,4.378,4.426,63853.98
2025-05-30 19:00:00+00:00,4.425,4.442,4.414,4.417,41115.93
2025-05-30 20:00:00+00:00,4.417,4.427,4.396,4.406,32234.77
2025-05-30 21:00:00+00:00,4.405,4.405,4.357,4.366,57895.24
2025-05-30 22:00:00+00:00,4.366,4.377,4.275,4.275,80122.0
2025-05-30 23:00:00+00:00,4.276,4.308,4.234,4.291,149345.53
2025-05-31 00:00:00+00:00,4.29,4.305,4.204,4.237,120780.14
2025-05-31 01:00:00+00:00,4.238,4.268,4.177,4.229,158344.42
2025-05-31 02:00:00+00:00,4.228,4.273,4.206,4.224,59230.47
2025-05-31 03:00:00+00:00,4.225,4.25,4.191,4.231,54097.59
2025-05-31 04:00:00+00:00,4.231,4.252,4.204,4.246,38588.82
2025-05-31 05:00:00+00:00,4.246,4.257,4.221,4.232,45606.81
2025-05-31 06:00:00+00:00,4.232,4.275,4.228,4.258,22774.29
2025-05-31 07:00:00+00:00,4.258,4.274,4.243,4.262,52490.46
2025-05-31 08:00:00+00:00,4.262,4.272,4.229,4.251,31715.93
2025-05-31 09:00:00+00:00,4.251,4.264,4.232,4.251,44899.05
2025-05-31 10:00:00+00:00,4.249,4.285,4.219,4.249,107554.14
2025-05-31 11:00:00+00:00,4.249,4.254,4.226,4.242,28765.7
2025-05-31 12:00:00+00:00,4.243,4.316,4.239,4.316,53484.7
2025-05-31 13:00:00+00:00,4.315,4.338,4.297,4.302,105686.85
2025-05-31 14:00:00+00:00,4.302,4.324,4.29,4.314,69162.42
2025-05-31 15:00:00+00:00,4.312,4.343,4.302,4.306,97497.03
2025-05-31 16:00:00+00:00,4.306,4.335,4.298,4.327,24543.6
2025-05-31 17:00:00+00:00,4.327,4.334,4.307,4.312,30087.57
2025-05-31 18:00:00+00:00,4.311,4.353,4.308,4.35,42612.37
2025-05-31 19:00:00+00:00,4.351,4.369,4.34,4.345,23318.07
2025-05-31 20:00:00+00:00,4.346,4.363,4.335,4.361,12184.41
2025-05-31 21:00:00+00:00,4.361,4.393,4.361,4.377,110459.01
2025-05-31 22:00:00+00:00,4.378,4.382,4.345,4.345,23992.85
2025-05-31 23:00:00+00:00,4.345,4.368,4.34,4.348,57681.96
2025-06-01 00:00:00+00:00,4.349,4.351,4.321,4.344,29601.69
2025-06-01 01:00:00+00:00,4.345,4.367,4.314,4.328,28321.79
2025-06-01 02:00:00+00:00,4.327,4.348,4.308,4.342,23063.48
2025-06-01 03:00:00+00:00,4.343,4.344,4.312,4.327,31384.45
2025-06-01 04:00:00+00:00,4.328,4.365,4.323,4.362,28876.99
2025-06-01 05:00:00+00:00,4.362,4.374,4.348,4.352,17055.23
2025-06-01 06:00:00+00:00,4.351,4.351,4.323,4.327,23704.7
2025-06-01 07:00:00+00:00,4.326,4.334,4.316,4.324,18467.75
2025-06-01 08:00:00+00:00,4.323,4.327,4.294,4.312,37269.92
2025-06-01 09:00:00+00:00,4.313,4.32,4.255,4.278,34668.8
2025-06-01 10:00:00+00:00,4.278,4.29,4.267,4.29,27282.03
2025-06-01 11:00:00+00:00,4.288,4.311,4.278,4.295,19633.68
2025-06-01 12:00:00+00:00,4.295,4.303,4.263,4.279,25363.54
2025-06-01 13:00:00+00:00,4.278,4.314,4.276,4.304,26618.25
2025-06-01 14:00:00+00:00,4.304,4.342,4.303,4.329,34156.26
2025-06-01 15:00:00+00:00,4.33,4.349,4.327,4.338,16086.73
2025-06-01 16:00:00+00:00,4.338,4.372,4.336,4.347,115380.54
2025-06-01 17:00:00+00:00,4.347,4.363,4.33,4.333,44140.76
2025-06-01 18:00:00+00:00,4.333,4.333,4.281,4.31,53049.39
2025-06-01 19:00:00+00:00,4.309,4.331,4.307,4.331,32238.01
2025-06-01 20:00:00+00:00,4.332,4.358,4.321,4.338,36303.49
2025-06-01 21:00:00+00:00,4.338,4.367,4.334,4.362,24881.75
2025-06-01 22:00:00+00:00,4.363,4.385,4.36,4.367,27438.32
2025-06-01 23:00:00+00:00,4.368,4.385,4.36,4.366,21688.16
2025-06-02 00:00:00+00:00,4.367,4.367,4.342,4.351,33082.28
2025-06-02 01:00:00+00:00,4.352,4.369,4.33,4.331,42734.94
2025-06-02 02:00:00+00:00,4.33,4.334,4.308,4.313,54234.05
2025-06-02 03:00:00+00:00,4.313,4.319,4.289,4.305,45751.9
2025-06-02 04:00:00+00:00,4.305,4.317,4.293,4.298,16941.49
2025-06-02 05:00:00+00:00,4.297,4.311,4.275,4.291,22422.82
2025-06-02 06:00:00+00:00,4.29,4.325,4.279,4.307,32384.64
2025-06-02 07:00:00+00:00,4.306,4.344,4.305,4.316,47666.44
2025-06-02 08:00:00+00:00,4.317,4.331,4.285,4.293,32173.04
2025-06-02 09:00:00+00:00,4.295,4.295,4.267,4.274,50460.99
2025-06-02 10:00:00+00:00,4.272,4.287,4.257,4.28,64526.17
2025-06-02 11:00:00+00:00,4.279,4.3,4.271,4.288,47212.86
2025-06-02 12:00:00+00:00,4.288,4.311,4.278,4.305,58542.98
2025-06-02 13:00:00+00:00,4.306,4.328,4.288,4.301,24241.91
2025-06-02 14:00:00+00:00,4.301,4.346,4.292,4.336,64039.94
2025-06-02 15:00:00+00:00,4.334,4.358,4.321,4.342,42971.48
2025-06-02 16:00:00+00:00,4.343,4.349,4.319,4.341,32744.92
2025-06-02 17:00:00+00:00,4.341,4.347,4.311,4.323,28169.37
2025-06-02 18:00:00+00:00,4.322,4.356,4.32,4.325,60464.9
2025-06-02 19:00:00+00:00,4.326,4.338,4.304,4.325,26440.65
2025-06-02 20:00:00+00:00,4.326,4.379,4.326,4.379,34494.95
2025-06-02 21:00:00+00:00,4.379,4.423,4.377,4.423,62098.57
2025-06-02 22:00:00+00:00,4.423,4.492,4.423,4.457,96503.83
2025-06-02 23:00:00+00:00,4.458,4.481,4.458,4.468,45266.67
2025-06-03 00:00:00+00:00,4.469,4.508,4.46,4.494,77598.62
2025-06-03 01:00:00+00:00,4.496,4.526,4.492,4.526,40589.37
2025-06-03 02:00:00+00:00,4.527,4.53,4.479,4.486,62999.78
2025-06-03 03:00:00+00:00,4.486,4.488,4.455,4.459,30841.53
2025-06-03 04:00:00+00:00,4.458,4.46,4.425,4.436,24967.16
2025-06-03 05:00:00+00:00,4.437,4.477,4.437,4.475,54937.64
2025-06-03 06:00:00+00:00,4.474,4.481,4.442,4.468,71812.22
2025-06-03 07:00:00+00:00,4.468,4.475,4.448,4.45,37379.12
2025-06-03 08:00:00+00:00,4.451,4.455,4.42,4.443,36115.5
2025-06-03 09:00:00+00:00,4.443,4.466,4.439,4.46,25671.54
2025-06-03 10:00:00+00:00,4.46,4.47,4.453,4.462,25702.16
2025-06-03 11:00:00+00:00,4.462,4.478,4.444,4.447,87958.59
2025-06-03 12:00:00+00:00,4.447,4.457,4.43,4.434,63716.02
2025-06-03 13:00:00+00:00,4.434,4.474,4.432,4.443,92282.59
2025-06-03 14:00:00+00:00,4.442,4.474,4.415,4.47,105761.92
2025-06-03 15:00:00+00:00,4.471,4.475,4.438,4.441,85140.66
2025-06-03 16:00:00+00:00,4.442,4.46,4.432,4.438,38660.31
2025-06-03 17:00:00+00:00,4.436,4.469,4.434,4.46,34627.79
2025-06-03 18:00:00+00:00,4.461,4.461,4.434,4.452,33243.77
2025-06-03 19:00:00+00:00,4.453,4.48,4.452,4.475,25924.6
2025-06-03 20:00:00+00:00,4.477,4.478,4.41,4.433,37693.29
2025-06-03 21:00:00+00:00,4.432,4.447,4.372,4.395,43724.79
2025-06-03 22:00:00+00:00,4.394,4.437,4.391,4.431,19260.44
2025-06-03 23:00:00+00:00,4.432,4.435,4.409,4.415,12879.62
2025-06-04 00:00:00+00:00,4.416,4.432,4.398,4.429,66446.99
2025-06-04 01:00:00+00:00,4.43,4.469,4.43,4.451,45275.44
2025-06-04 02:00:00+00:00,4.451,4.466,4.427,4.429,56443.95
2025-06-04 03:00:00+00:00,4.43,4.459,4.429,4.451,18858.33
2025-06-04 04:00:00+00:00,4.452,4.462,4.442,4.457,15502.95
2025-06-04 05:00:00+00:00,4.458,4.463,4.441,4.444,20233.85
2025-06-04 06:00:00+00:00,4.444,4.454,4.424,4.446,46476.14
2025-06-04 07:00:00+00:00,4.446,4.449,4.424,4.432,24637.61
2025-06-04 08:00:00+00:00,4.433,4.454,4.43,4.448,32942.9
2025-06-04 09:00:00+00:00,4.449,4.455,4.422,4.433,22792.69
2025-06-04 10:00:00+00:00,4.434,4.442,4.402,4.402,32064.88
2025-06-04 11:00:00+00:00,4.402,4.414,4.363,4.372,84136.9
2025-06-04 12:00:00+00:00,4.374,4.382,4.348,4.354,60465.71
2025-06-04 13:00:00+00:00,4.353,4.371,4.336,4.347,44210.61
2025-06-04 14:00:00+00:00,4.347,4.347,4.312,4.345,74880.16
2025-06-04 15:00:00+00:00,4.345,4.373,4.332,4.361,64094.96
2025-06-04 16:00:00+00:00,4.361,4.366,4.333,4.349,39431.65
2025-06-04 17:00:00+00:00,4.35,4.353,4.29,4.297,59478.37
2025-06-04 18:00:00+00:00,4.297,4.317,4.292,4.304,75730.5
2025-06-04 19:00:00+00:00,4.305,4.322,4.285,4.286,44266.58
2025-06-04 20:00:00+00:00,4.286,4.293,4.241,4.268,114401.6
2025-06-04 21:00:00+00:00,4.268,4.31,4.252,4.301,60830.14
2025-06-04 22:00:00+00:00,4.3,4.309,4.283,4.287,37540.19
2025-06-04 23:00:00+00:00,4.286,4.3,4.265,4.267,39474.88
2025-06-05 00:00:00+00:00,4.268,4.29,4.249,4.285,43420.6
2025-06-05 01:00:00+00:00,4.285,4.299,4.264,4.276,18095.42
2025-06-05 02:00:00+00:00,4.277,4.315,4.276,4.299,34022.07
2025-06-05 03:00:00+00:00,4.298,4.311,4.292,4.309,28096.91
2025-06-05 04:00:00+00:00,4.31,4.323,4.305,4.313,24771.45
2025-06-05 05:00:00+00:00,4.313,4.319,4.273,4.286,33548.56
2025-06-05 06:00:00+00:00,4.287,4.303,4.282,4.291,36739.44
2025-06-05 07:00:00+00:00,4.291,4.337,4.283,4.307,40997.74
2025-06-05 08:00:00+00:00,4.307,4.323,4.298,4.316,48101.1
2025-06-05 09:00:00+00:00,4.317,4.361,4.315,4.322,103063.64
2025-06-05 10:00:00+00:00,4.321,4.324,4.271,4.289,53906.46
2025-06-05 11:00:00+00:00,4.289,4.295,4.274,4.293,32567.83
2025-06-05 12:00:00+00:00,4.293,4.351,4.285,4.336,67067.36
2025-06-05 13:00:00+00:00,4.336,4.345,4.269,4.274,33399.16
2025-06-05 14:00:00+00:00,4.273,4.317,4.235,4.303,67071.4
2025-06-05 15:00:00+00:00,4.301,4.325,4.297,4.303,40850.57
2025-06-05 16:00:00+00:00,4.303,4.304,4.23,4.241,77870.56
2025-06-05 17:00:00+00:00,4.241,4.283,4.241,4.266,54428.34
2025-06-05 18:00:00+00:00,4.265,4.277,4.234,4.258,34363.05
2025-06-05 19:00:00+00:00,4.257,4.262,4.132,4.184,259292.15
2025-06-05 20:00:00+00:00,4.185,4.197,4.029,4.037,361323.14
2025-06-05 21:00:00+00:00,4.038,4.109,4.029,4.106,159172.66
2025-06-05 22:00:00+00:00,4.106,4.12,4.075,4.102,69046.38
2025-06-05 23:00:00+00:00,4.103,4.108,4.079,4.081,69204.41
2025-06-06 00:00:00+00:00,4.081,4.116,4.066,4.11,78767.76
2025-06-06 01:00:00+00:00,4.11,4.125,4.101,4.12,45751.32
2025-06-06 02:00:00+00:00,4.12,4.131,4.088,4.131,66734.74
2025-06-06 03:00:00+00:00,4.131,4.157,4.121,4.156,36610.82
2025-06-06 04:00:00+00:00,4.156,4.171,4.142,4.16,24918.03
2025-06-06 05:00:00+00:00,4.16,4.173,4.155,4.165,19009.5
2025-06-06 06:00:00+00:00,4.166,4.182,4.156,4.161,27381.65
2025-06-06 07:00:00+00:00,4.161,4.165,4.138,4.139,25072.79
2025-06-06 08:00:00+00:00,4.14,4.149,4.131,4.132,40603.85
2025-06-06 09:00:00+00:00,4.132,4.153,4.124,4.125,52546.26
2025-06-06 10:00:00+00:00,4.126,4.144,4.125,4.131,20086.12
2025-06-06 11:00:00+00:00,4.131,4.152,4.128,4.149,28851.06
2025-06-06 12:00:00+00:00,4.15,4.212,4.15,4.181,86178.77
2025-06-06 13:00:00+00:00,4.181,4.238,4.179,4.219,46602.71
2025-06-06 14:00:00+00:00,4.219,4.265,4.216,4.264,96611.34
2025-06-06 15:00:00+00:00,4.264,4.285,4.246,4.257,71582.56
2025-06-06 16:00:00+00:00,4.257,4.285,4.243,4.271,92533.94
2025-06-06 17:00:00+00:00,4.272,4.285,4.226,4.264,85895.62
2025-06-06 18:00:00+00:00,4.264,4.27,4.234,4.239,50092.26
2025-06-06 19:00:00+00:00,4.238,4.264,4.237,4.256,25034.72
2025-06-06 20:00:00+00:00,4.256,4.294,4.25,4.263,49663.51
2025-06-06 21:00:00+00:00,4.264,4.265,4.245,4.247,16517.68
2025-06-06 22:00:00+00:00,4.248,4.249,4.217,4.241,25533.93
2025-06-06 23:00:00+00:00,4.241,4.241,4.172,4.174,107360.69
2025-06-07 00:00:00+00:00,4.174,4.213,4.172,4.211,40520.22
2025-06-07 01:00:00+00:00,4.211,4.23,4.207,4.226,21528.53
2025-06-07 02:00:00+00:00,4.225,4.248,4.222,4.244,14824.54
2025-06-07 03:00:00+00:00,4.241,4.273,4.238,4.264,20326.11
2025-06-07 04:00:00+00:00,4.265,4.278,4.258,4.273,13772.03
2025-06-07 05:00:00+00:00,4.274,4.299,4.272,4.296,30741.19
2025-06-07 06:00:00+00:00,4.297,4.317,4.28,4.317,30525.07
2025-06-07 07:00:00+00:00,4.317,4.317,4.289,4.304,21823.78
2025-06-07 08:00:00+00:00,4.304,4.315,4.282,4.29,38288.43
2025-06-07 09:00:00+00:00,4.291,4.298,4.27,4.282,28911.89
2025-06-07 10:00:00+00:00,4.283,4.313,4.283,4.308,48659.5
2025-06-07 11:00:00+00:00,4.308,4.311,4.293,4.3,43545.54
2025-06-07 12:00:00+00:00,4.301,4.316,4.291,4.302,59636.11
2025-06-07 13:00:00+00:00,4.305,4.317,4.299,4.308,54823.42
2025-06-07 14:00:00+00:00,4.308,4.315,4.304,4.309,24794.36
2025-06-07 15:00:00+00:00,4.31,4.312,4.295,4.31,20634.38
2025-06-07 16:00:00+00:00,4.31,4.315,4.288,4.291,34307.68
2025-06-07 17:00:00+00:00,4.29,4.305,4.286,4.291,15812.65
2025-06-07 18:00:00+00:00,4.291,4.314,4.289,4.3,23793.03
2025-06-07 19:00:00+00:00,4.3,4.313,4.29,4.292,14272.14
2025-06-07 20:00:00+00:00,4.293,4.301,4.288,4.296,12343.24
2025-06-07 21:00:00+00:00,4.297,4.316,4.297,4.312,13497.91
2025-06-07 22:00:00+00:00,4.312,4.332,4.305,4.312,13941.34
2025-06-07 23:00:00+00:00,4.312,4.316,4.298,4.309,19435.36
2025-06-08 00:00:00+00:00,4.309,4.311,4.289,4.292,15430.78
2025-06-08 01:00:00+00:00,4.292,4.306,4.286,4.306,12966.83
2025-06-08 02:00:00+00:00,4.305,4.311,4.292,4.293,14009.35
2025-06-08 03:00:00+00:00,4.294,4.295,4.285,4.286,20000.49
2025-06-08 04:00:00+00:00,4.287,4.296,4.282,4.293,15208.42
2025-06-08 05:00:00+00:00,4.293,4.296,4.266,4.271,32561.83
2025-06-08 06:00:00+00:00,4.272,4.283,4.263,4.265,19315.51
2025-06-08 07:00:00+00:00,4.263,4.277,4.255,4.258,21249.3
2025-06-08 08:00:00+00:00,4.258,4.265,4.246,4.251,36811.74
2025-06-08 09:00:00+00:00,4.252,4.254,4.212,4.216,150972.73
2025-06-08 10:00:00+00:00,4.217,4.241,4.201,4.223,243578.3
2025-06-08 11:00:00+00:00,4.223,4.268,4.221,4.256,45592.4
2025-06-08 12:00:00+00:00,4.257,4.274,4.244,4.254,50454.34
2025-06-08 13:00:00+00:00,4.255,4.301,4.247,4.261,48188.47
2025-06-08 14:00:00+00:00,4.26,4.284,4.256,4.283,42165.23
2025-06-08 15:00:00+00:00,4.283,4.298,4.283,4.288,30746.85
2025-06-08 16:00:00+00:00,4.288,4.318,4.288,4.317,36784.75
2025-06-08 17:00:00+00:00,4.318,4.327,4.292,4.296,37179.54
2025-06-08 18:00:00+00:00,4.297,4.304,4.288,4.3,18982.35
2025-06-08 19:00:00+00:00,4.301,4.303,4.281,4.296,21351.24
2025-06-08 20:00:00+00:00,4.295,4.307,4.279,4.285,23667.45
2025-06-08 21:00:00+00:00,4.287,4.309,4.287,4.301,23741.52
2025-06-08 22:00:00+00:00,4.302,4.304,4.264,4.268,39818.32
2025-06-08 23:00:00+00:00,4.269,4.27,4.257,4.267,18623.51
2025-06-09 00:00:00+00:00,4.27,4.275,4.252,4.262,30588.37
2025-06-09 01:00:00+00:00,4.262,4.27,4.25,4.257,16421.0
2025-06-09 02:00:00+00:00,4.258,4.274,4.252,4.258,15365.68
2025-06-09 03:00:00+00:00,4.258,4.26,4.243,4.256,15371.15
2025-06-09 04:00:00+00:00,4.255,4.261,4.237,4.238,12330.01
2025-06-09 05:00:00+00:00,4.239,4.239,4.21,4.22,44630.05
2025-06-09 06:00:00+00:00,4.22,4.243,4.208,4.24,33631.81
2025-06-09 07:00:00+00:00,4.239,4.239,4.216,4.231,28705.98
2025-06-09 08:00:00+00:00,4.231,4.241,4.21,4.24,34697.34
2025-06-09 09:00:00+00:00,4.24,4.276,4.229,4.261,70056.96
2025-06-09 10:00:00+00:00,4.261,4.312,4.257,4.3,73804.09
2025-06-09 11:00:00+00:00,4.301,4.324,4.29,4.308,75299.49
2025-06-09 12:00:00+00:00,4.309,4.328,4.304,4.328,70310.01
2025-06-09 13:00:00+00:00,4.329,4.33,4.277,4.288,74125.53
2025-06-09 14:00:00+00:00,4.289,4.314,4.284,4.303,51518.03
2025-06-09 15:00:00+00:00,4.303,4.335,4.301,4.321,60581.97
2025-06-09 16:00:00+00:00,4.322,4.369,4.322,4.354,59207.51
2025-06-09 17:00:00+00:00,4.355,4.382,4.353,4.373,44300.99
2025-06-09 18:00:00+00:00,4.374,4.384,4.366,4.384,25794.64
2025-06-09 19:00:00+00:00,4.384,4.39,4.362,4.376,29067.65
2025-06-09 20:00:00+00:00,4.378,4.388,4.363,4.365,83702.89
2025-06-09 21:00:00+00:00,4.366,4.445,4.366,4.426,114513.69
2025-06-09 22:00:00+00:00,4.426,4.442,4.421,4.44,58808.53
2025-06-09 23:00:00+00:00,4.44,4.446,4.416,4.433,57992.08
2025-06-10 00:00:00+00:00,4.434,4.465,4.432,4.444,47577.22
2025-06-10 01:00:00+00:00,4.444,4.47,4.435,4.461,28783.71
2025-06-10 02:00:00+00:00,4.461,4.463,4.436,4.438,39572.2
2025-06-10 03:00:00+00:00,4.439,4.439,4.416,4.426,43055.09
2025-06-10 04:00:00+00:00,4.427,4.444,4.419,4.443,31185.68
2025-06-10 05:00:00+00:00,4.443,4.446,4.39,4.396,69571.55
2025-06-10 06:00:00+00:00,4.397,4.407,4.38,4.398,45862.2
2025-06-10 07:00:00+00:00,4.397,4.412,4.382,4.403,36540.41
2025-06-10 08:00:00+00:00,4.404,4.413,4.38,4.386,38203.21
2025-06-10 09:00:00+00:00,4.387,4.424,4.382,4.422,40985.3
2025-06-10 10:00:00+00:00,4.422,4.431,4.403,4.43,54237.79
2025-06-10 11:00:00+00:00,4.43,4.541,4.418,4.537,340531.61
2025-06-10 12:00:00+00:00,4.536,4.576,4.528,4.57,204535.05
2025-06-10 13:00:00+00:00,4.57,4.582,4.504,4.526,179171.78
2025-06-10 14:00:00+00:00,4.526,4.532,4.474,4.48,88771.2
2025-06-10 15:00:00+00:00,4.479,4.516,4.457,4.496,72244.8
2025-06-10 16:00:00+00:00,4.497,4.528,4.494,4.495,47365.86
2025-06-10 17:00:00+00:00,4.495,4.545,4.493,4.535,75504.58
2025-06-10 18:00:00+00:00,4.534,4.578,4.526,4.576,68720.61
2025-06-10 19:00:00+00:00,4.576,4.621,4.571,4.597,111725.82
2025-06-10 20:00:00+00:00,4.597,4.602,4.562,4.601,61307.8
2025-06-10 21:00:00+00:00,4.602,4.613,4.565,4.58,88114.8
2025-06-10 22:00:00+00:00,4.58,4.626,4.58,4.599,72105.58
2025-06-10 23:00:00+00:00,4.6,4.602,4.584,4.601,36957.09
2025-06-11 00:00:00+00:00,4.602,4.612,4.559,4.564,58920.64
2025-06-11 01:00:00+00:00,4.564,4.565,4.539,4.549,54969.29
2025-06-11 02:00:00+00:00,4.548,4.567,4.543,4.557,20392.41
2025-06-11 03:00:00+00:00,4.556,4.596,4.552,4.585,62346.23
2025-06-11 04:00:00+00:00,4.586,4.596,4.579,4.59,21887.86
2025-06-11 05:00:00+00:00,4.591,4.591,4.57,4.581,20241.89
2025-06-11 06:00:00+00:00,4.582,4.602,4.578,4.596,51967.16
2025-06-11 07:00:00+00:00,4.596,4.613,4.582,4.599,57004.2
2025-06-11 08:00:00+00:00,4.599,4.618,4.572,4.577,87389.71
2025-06-11 09:00:00+00:00,4.577,4.58,4.521,4.527,90791.75
2025-06-11 10:00:00+00:00,4.528,4.543,4.516,4.536,60866.5
2025-06-11 11:00:00+00:00,4.536,4.539,4.494,4.526,102575.04
2025-06-11 12:00:00+00:00,4.525,4.587,4.5,4.562,162674.87
2025-06-11 13:00:00+00:00,4.563,4.591,4.547,4.563,96396.34
2025-06-11 14:00:00+00:00,4.564,4.629,4.559,4.599,161296.77
2025-06-11 15:00:00+00:00,4.6,4.62,4.568,4.612,134678.08
2025-06-11 16:00:00+00:00,4.613,4.616,4.583,4.602,82014.49
2025-06-11 17:00:00+00:00,4.601,4.601,4.539,4.539,56623.39
2025-06-11 18:00:00+00:00,4.538,4.549,4.517,4.518,82788.04
2025-06-11 19:00:00+00:00,4.518,4.533,4.505,4.515,40922.12
2025-06-11 20:00:00+00:00,4.515,4.544,4.488,4.531,48043.83
2025-06-11 21:00:00+00:00,4.532,4.559,4.467,4.478,77743.21
2025-06-11 22:00:00+00:00,4.477,4.494,4.454,4.469,66728.06
2025-06-11 23:00:00+00:00,4.469,4.518,4.467,4.509,46005.13
2025-06-12 00:00:00+00:00,4.51,4.519,4.466,4.503,59774.11
2025-06-12 01:00:00+00:00,4.502,4.513,4.474,4.505,57251.55
2025-06-12 02:00:00+00:00,4.504,4.515,4.466,4.472,103485.22
2025-06-12 03:00:00+00:00,4.471,4.475,4.43,4.442,48067.14
2025-06-12 04:00:00+00:00,4.442,4.45,4.426,4.44,31948.1
2025-06-12 05:00:00+00:00,4.439,4.45,4.418,4.441,29011.55
2025-06-12 06:00:00+00:00,4.439,4.448,4.409,4.423,42215.17
2025-06-12 07:00:00+00:00,4.422,4.435,4.4,4.406,54345.47
2025-06-12 08:00:00+00:00,4.405,4.406,4.377,4.39,57316.85
2025-06-12 09:00:00+00:00,4.39,4.403,4.381,4.39,35506.88
2025-06-12 10:00:00+00:00,4.389,4.39,4.34,4.358,108773.35
2025-06-12 11:00:00+00:00,4.357,4.367,4.333,4.343,52150.23
2025-06-12 12:00:00+00:00,4.342,4.396,4.341,4.382,67419.53
2025-06-12 13:00:00+00:00,4.382,4.428,4.38,4.415,70235.6
2025-06-12 14:00:00+00:00,4.416,4.44,4.416,4.425,37937.46
2025-06-12 15:00:00+00:00,4.425,4.437,4.359,4.364,58128.0
2025-06-12 16:00:00+00:00,4.364,4.419,4.362,4.411,49829.27
2025-06-12 17:00:00+00:00,4.409,4.433,4.407,4.418,40507.98
2025-06-12 18:00:00+00:00,4.419,4.419,4.354,4.366,62815.17
2025-06-12 19:00:00+00:00,4.366,4.375,4.301,4.308,73968.6
2025-06-12 20:00:00+00:00,4.307,4.326,4.234,4.253,117371.47
2025-06-12 21:00:00+00:00,4.252,4.301,4.229,4.237,158279.7
2025-06-12 22:00:00+00:00,4.237,4.277,4.237,4.244,52511.1
2025-06-12 23:00:00+00:00,4.243,4.259,4.213,4.214,55317.49
2025-06-13 00:00:00+00:00,4.215,4.216,4.045,4.074,540450.56
2025-06-13 01:00:00+00:00,4.074,4.076,4.001,4.049,286318.2
2025-06-13 02:00:00+00:00,4.049,4.053,4.01,4.035,131761.5
2025-06-13 03:00:00+00:00,4.035,4.113,4.034,4.095,80654.82
2025-06-13 04:00:00+00:00,4.096,4.096,4.051,4.066,69522.89
2025-06-13 05:00:00+00:00,4.066,4.086,4.056,4.068,77079.05
2025-06-13 06:00:00+00:00,4.067,4.079,4.025,4.079,144756.62
2025-06-13 07:00:00+00:00,4.078,4.085,4.046,4.063,107003.56
2025-06-13 08:00:00+00:00,4.062,4.101,4.05,4.065,116625.22
2025-06-13 09:00:00+00:00,4.065,4.073,4.037,4.048,152743.38
2025-06-13 10:00:00+00:00,4.049,4.079,4.037,4.077,84803.9
2025-06-13 11:00:00+00:00,4.078,4.097,4.057,4.094,61694.3
2025-06-13 12:00:00+00:00,4.094,4.108,4.066,4.07,72644.14
2025-06-13 13:00:00+00:00,4.07,4.098,4.061,4.078,94640.17
2025-06-13 14:00:00+00:00,4.079,4.094,4.044,4.078,104127.76
2025-06-13 15:00:00+00:00,4.078,4.13,4.072,4.117,76037.63
2025-06-13 16:00:00+00:00,4.118,4.158,4.103,4.148,106473.55
2025-06-13 17:00:00+00:00,4.148,4.148,4.094,4.122,48111.12
2025-06-13 18:00:00+00:00,4.122,4.123,4.058,4.076,55166.31
2025-06-13 19:00:00+00:00,4.075,4.093,4.065,4.078,26311.02
2025-06-13 20:00:00+00:00,4.079,4.118,4.072,4.105,25873.61
2025-06-13 21:00:00+00:00,4.107,4.117,4.095,4.111,17512.92
2025-06-13 22:00:00+00:00,4.112,4.133,4.104,4.121,31597.79
2025-06-13 23:00:00+00:00,4.121,4.134,4.117,4.131,16227.44
2025-06-14 00:00:00+00:00,4.13,4.135,4.115,4.117,44304.34
2025-06-14 01:00:00+00:00,4.117,4.117,4.098,4.105,40204.21
2025-06-14 02:00:00+00:00,4.103,4.113,4.097,4.109,32206.21
2025-06-14 03:00:00+00:00,4.109,4.129,4.104,4.116,25127.06
2025-06-14 04:00:00+00:00,4.117,4.133,4.115,4.13,11817.92
2025-06-14 05:00:00+00:00,4.129,4.144,4.119,4.136,18757.95
2025-06-14 06:00:00+00:00,4.136,4.137,4.119,4.12,25786.64
2025-06-14 07:00:00+00:00,4.12,4.126,4.098,4.121,34002.81
2025-06-14 08:00:00+00:00,4.12,4.126,4.105,4.122,42743.73
2025-06-14 09:00:00+00:00,4.122,4.129,4.105,4.106,18038.28
2025-06-14 10:00:00+00:00,4.106,4.131,4.103,4.127,26216.26
2025-06-14 11:00:00+00:00,4.127,4.141,4.127,4.136,9483.92
2025-06-14 12:00:00+00:00,4.136,4.146,4.118,4.145,30146.8
2025-06-14 13:00:00+00:00,4.145,4.159,4.114,4.125,39821.74
2025-06-14 14:00:00+00:00,4.126,4.133,4.11,4.116,35541.69
2025-06-14 15:00:00+00:00,4.116,4.134,4.085,4.098,109030.98
2025-06-14 16:00:00+00:00,4.098,4.107,4.051,4.061,69564.92
2025-06-14 17:00:00+00:00,4.061,4.101,4.059,4.091,37803.05
2025-06-14 18:00:00+00:00,4.091,4.11,4.052,4.077,55970.74
2025-06-14 19:00:00+00:00,4.077,4.084,4.048,4.048,40145.68
2025-06-14 20:00:00+00:00,4.049,4.065,4.02,4.056,91381.22
2025-06-14 21:00:00+00:00,4.057,4.107,4.055,4.1,35557.03
2025-06-14 22:00:00+00:00,4.1,4.111,4.084,4.09,31599.43
2025-06-14 23:00:00+00:00,4.09,4.101,4.086,4.087,15275.3
2025-06-15 00:00:00+00:00,4.087,4.111,4.086,4.107,16392.14
2025-06-15 01:00:00+00:00,4.107,4.115,4.095,4.1,18869.16
2025-06-15 02:00:00+00:00,4.101,4.118,4.1,4.108,13147.61
2025-06-15 03:00:00+00:00,4.108,4.115,4.106,4.109,9154.84
2025-06-15 04:00:00+00:00,4.109,4.118,4.107,4.117,14966.83
2025-06-15 05:00:00+00:00,4.117,4.13,4.093,4.127,23819.24
2025-06-15 06:00:00+00:00,4.128,4.133,4.045,4.087,104897.39
2025-06-15 07:00:00+00:00,4.088,4.096,4.078,4.093,17583.57
2025-06-15 08:00:00+00:00,4.093,4.093,4.073,4.08,37955.03
2025-06-15 09:00:00+00:00,4.08,4.08,4.054,4.057,33255.37
2025-06-15 10:00:00+00:00,4.058,4.076,4.056,4.073,29470.33
2025-06-15 11:00:00+00:00,4.072,4.078,4.052,4.069,40187.93
2025-06-15 12:00:00+00:00,4.069,4.079,4.056,4.075,27134.0
2025-06-15 13:00:00+00:00,4.074,4.09,4.065,4.087,48602.03
2025-06-15 14:00:00+00:00,4.088,4.126,4.067,4.121,79564.55
2025-06-15 15:00:00+00:00,4.122,4.129,4.094,4.098,65858.47
2025-06-15 16:00:00+00:00,4.099,4.106,4.084,4.091,31419.16
2025-06-15 17:00:00+00:00,4.09,4.091,4.066,4.076,54487.66
2025-06-15 18:00:00+00:00,4.076,4.078,4.047,4.058,27247.21
2025-06-15 19:00:00+00:00,4.057,4.072,4.038,4.051,46690.05
2025-06-15 20:00:00+00:00,4.051,4.054,4.008,4.024,70678.34
2025-06-15 21:00:00+00:00,4.024,4.051,4.011,4.048,38971.08
2025-06-15 22:00:00+00:00,4.049,4.094,4.047,4.088,30894.71
2025-06-15 23:00:00+00:00,4.086,4.097,4.078,4.093,10135.06
2025-06-16 00:00:00+00:00,4.094,4.094,4.076,4.087,34061.86
2025-06-16 01:00:00+00:00,4.088,4.115,4.062,4.113,29724.53
2025-06-16 02:00:00+00:00,4.114,4.135,4.114,4.128,44445.35
2025-06-16 03:00:00+00:00,4.128,4.136,4.116,4.117,14614.29
2025-06-16 04:00:00+00:00,4.117,4.145,4.116,4.14,16905.37
2025-06-16 05:00:00+00:00,4.139,4.188,4.133,4.178,56291.95
2025-06-16 06:00:00+00:00,4.178,4.199,4.178,4.185,55222.39
2025-06-16 07:00:00+00:00,4.185,4.218,4.185,4.213,54626.74
2025-06-16 08:00:00+00:00,4.214,4.231,4.208,4.229,35562.11
2025-06-16 09:00:00+00:00,4.229,4.242,4.222,4.226,29081.58
2025-06-16 10:00:00+00:00,4.227,4.238,4.213,4.223,44106.31
2025-06-16 11:00:00+00:00,4.222,4.245,4.195,4.241,46720.64
2025-06-16 12:00:00+00:00,4.241,4.247,4.22,4.234,35218.44
2025-06-16 13:00:00+00:00,4.235,4.266,4.233,4.263,40255.7
2025-06-16 14:00:00+00:00,4.264,4.295,4.257,4.272,78629.49
2025-06-16 15:00:00+00:00,4.273,4.275,4.239,4.245,59215.57
2025-06-16 16:00:00+00:00,4.245,4.279,4.245,4.261,71608.66
2025-06-16 17:00:00+00:00,4.261,4.266,4.244,4.262,32724.22
2025-06-16 18:00:00+00:00,4.262,4.273,4.254,4.271,33433.16
2025-06-16 19:00:00+00:00,4.271,4.284,4.263,4.271,59196.82
2025-06-16 20:00:00+00:00,4.272,4.297,4.257,4.286,58963.77
2025-06-16 21:00:00+00:00,4.287,4.292,4.265,4.275,24196.94
2025-06-16 22:00:00+00:00,4.278,4.287,4.164,4.197,144293.16
2025-06-16 23:00:00+00:00,4.196,4.211,4.132,4.141,133574.77
2025-06-17 00:00:00+00:00,4.141,4.176,4.064,4.175,118297.74
2025-06-17 01:00:00+00:00,4.176,4.193,4.16,4.162,25465.58
2025-06-17 02:00:00+00:00,4.163,4.192,4.142,4.187,30016.66
2025-06-17 03:00:00+00:00,4.189,4.199,4.17,4.178,25747.24
2025-06-17 04:00:00+00:00,4.178,4.181,4.155,4.162,14015.26
2025-06-17 05:00:00+00:00,4.161,4.168,4.14,4.148,22999.73
2025-06-17 06:00:00+00:00,4.147,4.156,4.133,4.139,24108.64
2025-06-17 07:00:00+00:00,4.14,4.15,4.13,4.132,14445.09
2025-06-17 08:00:00+00:00,4.132,4.133,4.087,4.096,47143.78
2025-06-17 09:00:00+00:00,4.095,4.108,4.089,4.102,59196.12
2025-06-17 10:00:00+00:00,4.102,4.104,4.072,4.096,66956.6
2025-06-17 11:00:00+00:00,4.095,4.095,4.055,4.071,61160.94
2025-06-17 12:00:00+00:00,4.071,4.081,4.059,4.073,37411.45
2025-06-17 13:00:00+00:00,4.072,4.097,4.07,4.083,51460.92
2025-06-17 14:00:00+00:00,4.085,4.115,4.063,4.066,55139.28
2025-06-17 15:00:00+00:00,4.067,4.068,4.004,4.039,168540.45
2025-06-17 16:00:00+00:00,4.04,4.042,3.982,3.983,168578.37
2025-06-17 17:00:00+00:00,3.983,4.033,3.971,4.005,116235.99
2025-06-17 18:00:00+00:00,4.004,4.055,4.001,4.055,59298.42
2025-06-17 19:00:00+00:00,4.055,4.104,4.05,4.084,63726.91
2025-06-17 20:00:00+00:00,4.083,4.095,4.065,4.066,32777.05
2025-06-17 21:00:00+00:00,4.066,4.07,4.031,4.055,42361.16
2025-06-17 22:00:00+00:00,4.055,4.059,4.017,4.02,37184.96
2025-06-17 23:00:00+00:00,4.02,4.04,4.018,4.021,30783.27
2025-06-18 00:00:00+00:00,4.022,4.045,4.009,4.041,37372.14
2025-06-18 01:00:00+00:00,4.042,4.059,4.027,4.03,21339.98
2025-06-18 02:00:00+00:00,4.031,4.038,4.015,4.023,13998.06
2025-06-18 03:00:00+00:00,4.022,4.054,4.019,4.052,12670.99
2025-06-18 04:00:00+00:00,4.053,4.078,4.047,4.067,19914.99
2025-06-18 05:00:00+00:00,4.068,4.07,4.051,4.053,12093.25
2025-06-18 06:00:00+00:00,4.054,4.06,4.037,4.045,12481.07
2025-06-18 07:00:00+00:00,4.045,4.049,4.029,4.048,24456.69
2025-06-18 08:00:00+00:00,4.048,4.059,4.014,4.023,21010.28
2025-06-18 09:00:00+00:00,4.023,4.03,3.996,4.008,46994.15
2025-06-18 10:00:00+00:00,4.008,4.009,3.946,3.952,82283.79
2025-06-18 11:00:00+00:00,3.952,3.988,3.942,3.987,67037.83
2025-06-18 12:00:00+00:00,3.988,3.993,3.962,3.964,34759.01
2025-06-18 13:00:00+00:00,3.964,3.979,3.919,3.977,119659.59
2025-06-18 14:00:00+00:00,3.977,4.027,3.969,3.993,72200.79
2025-06-18 15:00:00+00:00,3.994,4.013,3.964,3.999,47810.33
2025-06-18 16:00:00+00:00,3.999,3.999,3.95,3.966,30444.1
2025-06-18 17:00:00+00:00,3.966,3.987,3.932,3.98,55228.64
2025-06-18 18:00:00+00:00,3.979,4.001,3.939,3.939,87079.96
2025-06-18 19:00:00+00:00,3.938,3.982,3.933,3.955,40787.47
2025-06-18 20:00:00+00:00,3.957,4.046,3.95,4.042,34369.81
2025-06-18 21:00:00+00:00,4.043,4.058,4.022,4.043,60266.88
2025-06-18 22:00:00+00:00,4.042,4.051,4.028,4.03,19408.3
2025-06-18 23:00:00+00:00,4.03,4.04,4.002,4.014,21850.52
2025-06-19 00:00:00+00:00,4.015,4.048,4.009,4.023,44210.28
2025-06-19 01:00:00+00:00,4.023,4.026,3.993,3.997,20551.42
2025-06-19 02:00:00+00:00,3.999,4.016,3.985,3.997,13390.41
2025-06-19 03:00:00+00:00,3.997,4.019,3.997,4.017,30604.79
2025-06-19 04:00:00+00:00,4.017,4.024,3.999,4.019,16368.86
2025-06-19 05:00:00+00:00,4.02,4.042,4.005,4.009,20149.38
2025-06-19 06:00:00+00:00,4.009,4.019,3.992,3.999,27613.19
2025-06-19 07:00:00+00:00,3.998,4.012,3.998,4.0,19388.47
2025-06-19 08:00:00+00:00,4.0,4.02,4.0,4.001,15420.26
2025-06-19 09:00:00+00:00,4.0,4.041,3.999,4.031,24523.57
2025-06-19 10:00:00+00:00,4.032,4.036,4.015,4.023,37287.32
2025-06-19 11:00:00+00:00,4.024,4.026,4.008,4.014,24254.2
2025-06-19 12:00:00+00:00,4.014,4.028,4.007,4.023,19651.18
2025-06-19 13:00:00+00:00,4.024,4.028,3.993,3.998,43124.22
2025-06-19 14:00:00+00:00,3.996,4.013,3.969,3.979,72348.17
2025-06-19 15:00:00+00:00,3.979,4.0,3.974,3.981,28296.65
2025-06-19 16:00:00+00:00,3.981,3.995,3.959,3.963,25000.41
2025-06-19 17:00:00+00:00,3.963,4.027,3.96,4.01,43046.77
2025-06-19 18:00:00+00:00,4.009,4.029,4.004,4.02,19803.2
2025-06-19 19:00:00+00:00,4.02,4.033,4.015,4.027,36290.4
2025-06-19 20:00:00+00:00,4.028,4.05,4.026,4.037,34675.42
2025-06-19 21:00:00+00:00,4.037,4.063,4.03,4.056,50652.81
2025-06-19 22:00:00+00:00,4.058,4.075,4.053,4.062,26364.3
2025-06-19 23:00:00+00:00,4.063,4.064,4.035,4.038,40159.08
2025-06-20 00:00:00+00:00,4.039,4.044,4.024,4.037,30394.1
2025-06-20 01:00:00+00:00,4.037,4.037,4.016,4.031,14841.86
2025-06-20 02:00:00+00:00,4.031,4.032,4.013,4.019,20219.32
2025-06-20 03:00:00+00:00,4.019,4.021,4.007,4.015,12395.23
2025-06-20 04:00:00+00:00,4.014,4.02,3.98,3.983,30670.57
2025-06-20 05:00:00+00:00,3.982,4.004,3.981,4.004,35200.37
2025-06-20 06:00:00+00:00,4.005,4.021,3.997,4.02,16617.89
2025-06-20 07:00:00+00:00,4.019,4.061,4.014,4.06,88326.9
2025-06-20 08:00:00+00:00,4.061,4.084,4.048,4.056,58916.99
2025-06-20 09:00:00+00:00,4.055,4.062,4.045,4.056,18629.47
2025-06-20 10:00:00+00:00,4.054,4.062,4.041,4.049,20185.84
2025-06-20 11:00:00+00:00,4.049,4.077,4.045,4.063,89427.76
2025-06-20 12:00:00+00:00,4.064,4.066,4.05,4.052,20952.46
2025-06-20 13:00:00+00:00,4.053,4.068,4.03,4.044,25107.27
2025-06-20 14:00:00+00:00,4.044,4.055,3.967,3.97,93004.35
2025-06-20 15:00:00+00:00,3.969,3.994,3.963,3.975,115615.75
2025-06-20 16:00:00+00:00,3.976,3.977,3.92,3.922,94161.31
2025-06-20 17:00:00+00:00,3.923,3.934,3.827,3.902,266811.57
2025-06-20 18:00:00+00:00,3.901,3.932,3.897,3.926,51863.37
2025-06-20 19:00:00+00:00,3.927,3.945,3.905,3.94,37878.0
2025-06-20 20:00:00+00:00,3.94,3.977,3.94,3.962,18646.49
2025-06-20 21:00:00+00:00,3.962,3.969,3.935,3.935,23483.98
2025-06-20 22:00:00+00:00,3.936,3.936,3.895,3.913,76052.6
2025-06-20 23:00:00+00:00,3.911,3.931,3.902,3.928,18429.24
2025-06-21 00:00:00+00:00,3.928,3.941,3.918,3.931,17927.41
2025-06-21 01:00:00+00:00,3.931,3.957,3.928,3.947,13491.89
2025-06-21 02:00:00+00:00,3.949,3.961,3.944,3.955,10099.28
2025-06-21 03:00:00+00:00,3.955,3.97,3.951,3.964,17789.52
2025-06-21 04:00:00+00:00,3.963,3.969,3.955,3.964,9109.25
2025-06-21 05:00:00+00:00,3.964,3.979,3.958,3.978,10652.77
2025-06-21 06:00:00+00:00,3.976,3.991,3.974,3.981,50365.07
2025-06-21 07:00:00+00:00,3.982,3.983,3.964,3.967,19394.9
2025-06-21 08:00:00+00:00,3.968,3.989,3.965,3.987,14851.9
2025-06-21 09:00:00+00:00,3.988,3.988,3.967,3.975,26620.39
2025-06-21 10:00:00+00:00,3.977,3.987,3.961,3.964,26308.09
2025-06-21 11:00:00+00:00,3.964,3.967,3.948,3.95,25462.47
2025-06-21 12:00:00+00:00,3.953,3.957,3.926,3.928,20949.5
2025-06-21 13:00:00+00:00,3.929,3.94,3.876,3.882,126215.05
2025-06-21 14:00:00+00:00,3.882,3.897,3.865,3.882,94762.98
2025-06-21 15:00:00+00:00,3.881,3.893,3.856,3.884,41854.75
2025-06-21 16:00:00+00:00,3.883,3.89,3.859,3.868,27819.03
2025-06-21 17:00:00+00:00,3.867,3.884,3.833,3.838,43406.46
2025-06-21 18:00:00+00:00,3.838,3.865,3.833,3.842,72848.61
2025-06-21 19:00:00+00:00,3.841,3.848,3.8,3.805,88807.3
2025-06-21 20:00:00+00:00,3.806,3.836,3.802,3.826,86263.48
2025-06-21 21:00:00+00:00,3.826,3.829,3.691,3.747,299049.16
2025-06-21 22:00:00+00:00,3.747,3.776,3.729,3.773,108977.17
2025-06-21 23:00:00+00:00,3.774,3.795,3.725,3.794,154665.93
2025-06-22 00:00:00+00:00,3.794,3.846,3.77,3.827,113264.92
2025-06-22 01:00:00+00:00,3.826,3.843,3.792,3.792,57177.68
2025-06-22 02:00:00+00:00,3.792,3.814,3.757,3.782,66128.79
2025-06-22 03:00:00+00:00,3.782,3.796,3.744,3.763,71887.5
2025-06-22 04:00:00+00:00,3.764,3.793,3.753,3.781,36921.21
2025-06-22 05:00:00+00:00,3.782,3.801,3.779,3.796,51476.74
2025-06-22 06:00:00+00:00,3.796,3.813,3.784,3.806,33464.92
2025-06-22 07:00:00+00:00,3.807,3.809,3.771,3.775,26615.04
2025-06-22 08:00:00+00:00,3.777,3.778,3.758,3.766,59849.4
2025-06-22 09:00:00+00:00,3.767,3.778,3.719,3.725,130406.39
2025-06-22 10:00:00+00:00,3.726,3.766,3.722,3.755,47306.68
2025-06-22 11:00:00+00:00,3.755,3.779,3.748,3.762,74263.08
2025-06-22 12:00:00+00:00,3.761,3.776,3.73,3.768,41236.35
2025-06-22 13:00:00+00:00,3.767,3.771,3.615,3.65,408911.23
2025-06-22 14:00:00+00:00,3.65,3.676,3.596,3.674,235141.05
2025-06-22 15:00:00+00:00,3.674,3.688,3.634,3.655,1146430.22
2025-06-22 16:00:00+00:00,3.656,3.675,3.637,3.674,199971.91
2025-06-22 17:00:00+00:00,3.673,3.713,3.664,3.697,113114.97
2025-06-22 18:00:00+00:00,3.697,3.708,3.668,3.672,72308.9
2025-06-22 19:00:00+00:00,3.673,3.677,3.642,3.653,64217.43
2025-06-22 20:00:00+00:00,3.653,3.66,3.55,3.645,305062.82
2025-06-22 21:00:00+00:00,3.646,3.665,3.613,3.622,82214.82
2025-06-22 22:00:00+00:00,3.622,3.705,3.621,3.705,85648.15
2025-06-22 23:00:00+00:00,3.705,3.72,3.693,3.719,49165.46
2025-06-23 00:00:00+00:00,3.72,3.752,3.713,3.724,67393.02
2025-06-23 01:00:00+00:00,3.724,3.733,3.706,3.73,21162.07
2025-06-23 02:00:00+00:00,3.733,3.735,3.719,3.725,38655.99
2025-06-23 03:00:00+00:00,3.724,3.742,3.718,3.729,20312.67
2025-06-23 04:00:00+00:00,3.73,3.751,3.728,3.74,19216.56
2025-06-23 05:00:00+00:00,3.741,3.766,3.741,3.76,18892.77
2025-06-23 06:00:00+00:00,3.761,3.774,3.755,3.772,36908.23
2025-06-23 07:00:00+00:00,3.773,3.794,3.756,3.767,54147.51
2025-06-23 08:00:00+00:00,3.767,3.78,3.747,3.75,41561.34
2025-06-23 09:00:00+00:00,3.749,3.762,3.738,3.758,29475.52
2025-06-23 10:00:00+00:00,3.759,3.767,3.75,3.766,52896.83
2025-06-23 11:00:00+00:00,3.766,3.782,3.759,3.777,49846.78
2025-06-23 12:00:00+00:00,3.779,3.828,3.77,3.827,41288.2
2025-06-23 13:00:00+00:00,3.827,3.873,3.782,3.868,96787.5
2025-06-23 14:00:00+00:00,3.869,3.888,3.849,3.874,82311.83
2025-06-23 15:00:00+00:00,3.875,3.892,3.833,3.833,44973.83
2025-06-23 16:00:00+00:00,3.835,3.836,3.734,3.777,121719.89
2025-06-23 17:00:00+00:00,3.776,3.888,3.769,3.875,121975.49
2025-06-23 18:00:00+00:00,3.876,3.927,3.873,3.915,101724.43
2025-06-23 19:00:00+00:00,3.915,3.942,3.907,3.935,69200.72
2025-06-23 20:00:00+00:00,3.937,4.0,3.927,3.994,127698.0
2025-06-23 21:00:00+00:00,3.994,4.022,3.984,3.992,93313.41
2025-06-23 22:00:00+00:00,3.993,4.098,3.993,4.091,216225.0
2025-06-23 23:00:00+00:00,4.092,4.093,4.061,4.073,83320.3
2025-06-24 00:00:00+00:00,4.073,4.085,4.054,4.065,71155.9
2025-06-24 01:00:00+00:00,4.064,4.066,4.031,4.037,46080.06
2025-06-24 02:00:00+00:00,4.035,4.038,4.015,4.016,40069.65
2025-06-24 03:00:00+00:00,4.017,4.021,4.005,4.009,39225.59
2025-06-24 04:00:00+00:00,4.008,4.021,3.993,4.001,34247.5
2025-06-24 05:00:00+00:00,4.001,4.071,3.998,4.065,102436.93
2025-06-24 06:00:00+00:00,4.065,4.083,4.049,4.074,71224.82
2025-06-24 07:00:00+00:00,4.072,4.08,4.022,4.024,96248.32
2025-06-24 08:00:00+00:00,4.024,4.036,4.003,4.022,83198.81
2025-06-24 09:00:00+00:00,4.021,4.062,4.015,4.03,47937.74
2025-06-24 10:00:00+00:00,4.03,4.041,4.018,4.032,90849.22
2025-06-24 11:00:00+00:00,4.033,4.039,4.013,4.029,67906.28
2025-06-24 12:00:00+00:00,4.031,4.058,4.029,4.036,123787.73
2025-06-24 13:00:00+00:00,4.036,4.065,4.033,4.054,122281.22
2025-06-24 14:00:00+00:00,4.053,4.097,4.052,4.075,146533.86
2025-06-24 15:00:00+00:00,4.077,4.088,4.057,4.083,54128.98
2025-06-24 16:00:00+00:00,4.083,4.14,4.074,4.135,121337.05
2025-06-24 17:00:00+00:00,4.136,4.138,4.073,4.077,119063.61
2025-06-24 18:00:00+00:00,4.078,4.082,4.05,4.055,51910.98
2025-06-24 19:00:00+00:00,4.054,4.078,4.043,4.065,47444.74
2025-06-24 20:00:00+00:00,4.064,4.082,4.053,4.082,23865.39
2025-06-24 21:00:00+00:00,4.082,4.083,4.064,4.081,24240.2
2025-06-24 22:00:00+00:00,4.081,4.085,4.063,4.079,35140.44
2025-06-24 23:00:00+00:00,4.078,4.078,4.045,4.074,37090.75
2025-06-25 00:00:00+00:00,4.076,4.08,4.047,4.071,32565.55
2025-06-25 01:00:00+00:00,4.07,4.074,4.038,4.05,32183.05
2025-06-25 02:00:00+00:00,4.051,4.079,4.05,4.06,46009.59
2025-06-25 03:00:00+00:00,4.06,4.082,4.047,4.053,48958.68
2025-06-25 04:00:00+00:00,4.053,4.061,4.039,4.051,29108.38
2025-06-25 05:00:00+00:00,4.051,4.059,4.037,4.038,35309.74
2025-06-25 06:00:00+00:00,4.038,4.06,4.026,4.06,52461.54
2025-06-25 07:00:00+00:00,4.06,4.061,4.036,4.05,152928.69
2025-06-25 08:00:00+00:00,4.05,4.057,4.001,4.019,129005.1
2025-06-25 09:00:00+00:00,4.02,4.027,3.99,4.004,86531.11
2025-06-25 10:00:00+00:00,4.003,4.032,3.998,4.028,56386.81
2025-06-25 11:00:00+00:00,4.027,4.058,4.02,4.049,143072.54
2025-06-25 12:00:00+00:00,4.05,4.053,4.017,4.038,49322.53
2025-06-25 13:00:00+00:00,4.036,4.061,4.032,4.058,86241.41
2025-06-25 14:00:00+00:00,4.057,4.059,3.992,4.032,95969.57
2025-06-25 15:00:00+00:00,4.032,4.032,3.988,3.993,53655.01
2025-06-25 16:00:00+00:00,3.994,4.018,3.981,3.997,82884.06
2025-06-25 17:00:00+00:00,3.997,4.045,3.995,4.022,56221.63
2025-06-25 18:00:00+00:00,4.023,4.039,4.017,4.027,33832.88
2025-06-25 19:00:00+00:00,4.027,4.039,4.016,4.032,36910.34
2025-06-25 20:00:00+00:00,4.033,4.04,4.023,4.038,22985.99
2025-06-25 21:00:00+00:00,4.037,4.048,3.997,4.008,57589.48
2025-06-25 22:00:00+00:00,4.007,4.007,3.985,3.993,20512.42
2025-06-25 23:00:00+00:00,3.992,4.001,3.977,4.0,24214.88
2025-06-26 00:00:00+00:00,4.001,4.021,3.999,4.008,28333.7
2025-06-26 01:00:00+00:00,4.007,4.045,3.986,4.019,70266.46
2025-06-26 02:00:00+00:00,4.02,4.048,4.004,4.041,52218.5
2025-06-26 03:00:00+00:00,4.043,4.066,4.011,4.019,35651.98
2025-06-26 04:00:00+00:00,4.02,4.02,3.989,4.003,23773.59
2025-06-26 05:00:00+00:00,4.003,4.003,3.976,3.982,31482.77
2025-06-26 06:00:00+00:00,3.983,4.001,3.978,4.001,39613.43
2025-06-26 07:00:00+00:00,4.0,4.045,3.996,4.029,87406.87
2025-06-26 08:00:00+00:00,4.03,4.034,4.007,4.008,32342.5
2025-06-26 09:00:00+00:00,4.009,4.021,3.982,3.987,42656.39
2025-06-26 10:00:00+00:00,3.987,4.004,3.982,3.999,31659.3
2025-06-26 11:00:00+00:00,3.998,3.998,3.957,3.965,92950.26
2025-06-26 12:00:00+00:00,3.965,3.971,3.927,3.935,78519.3
2025-06-26 13:00:00+00:00,3.935,3.95,3.913,3.919,68545.18
2025-06-26 14:00:00+00:00,3.916,3.959,3.897,3.94,73902.78
2025-06-26 15:00:00+00:00,3.94,3.953,3.905,3.937,36381.08
2025-06-26 16:00:00+00:00,3.936,3.936,3.91,3.914,49463.46
2025-06-26 17:00:00+00:00,3.912,3.937,3.912,3.917,32543.3
2025-06-26 18:00:00+00:00,3.916,3.932,3.91,3.925,33229.85
2025-06-26 19:00:00+00:00,3.924,3.955,3.92,3.947,38615.38
2025-06-26 20:00:00+00:00,3.947,3.992,3.942,3.966,62688.93
2025-06-26 21:00:00+00:00,3.965,3.967,3.924,3.945,31491.87
2025-06-26 22:00:00+00:00,3.944,3.958,3.911,3.912,22337.69
2025-06-26 23:00:00+00:00,3.911,3.914,3.889,3.892,35016.05
2025-06-27 00:00:00+00:00,3.892,3.909,3.869,3.869,32453.57
2025-06-27 01:00:00+00:00,3.869,3.924,3.856,3.918,57336.49
2025-06-27 02:00:00+00:00,3.918,3.943,3.914,3.939,18550.4
2025-06-27 03:00:00+00:00,3.94,3.943,3.925,3.934,32071.97
2025-06-27 04:00:00+00:00,3.933,3.933,3.916,3.92,76951.84
2025-06-27 05:00:00+00:00,3.92,3.947,3.906,3.906,36616.17
2025-06-27 06:00:00+00:00,3.906,3.918,3.896,3.913,33327.73
2025-06-27 07:00:00+00:00,3.913,3.926,3.89,3.896,23622.74
2025-06-27 08:00:00+00:00,3.896,3.945,3.896,3.937,34443.78
2025-06-27 09:00:00+00:00,3.938,3.941,3.921,3.931,23697.62
2025-06-27 10:00:00+00:00,3.932,3.932,3.913,3.916,18919.56
2025-06-27 11:00:00+00:00,3.917,3.923,3.905,3.915,32288.87
2025-06-27 12:00:00+00:00,3.916,3.924,3.885,3.893,38008.3
2025-06-27 13:00:00+00:00,3.892,3.906,3.873,3.898,42165.29
2025-06-27 14:00:00+00:00,3.899,3.913,3.875,3.891,61747.85
2025-06-27 15:00:00+00:00,3.89,3.915,3.873,3.91,36648.86
2025-06-27 16:00:00+00:00,3.911,3.95,3.905,3.922,62461.92
2025-06-27 17:00:00+00:00,3.921,3.926,3.868,3.879,40075.44
2025-06-27 18:00:00+00:00,3.878,3.882,3.846,3.853,24547.25
2025-06-27 19:00:00+00:00,3.853,3.877,3.849,3.871,26597.1
2025-06-27 20:00:00+00:00,3.87,3.911,3.866,3.908,38972.49
2025-06-27 21:00:00+00:00,3.909,3.933,3.905,3.918,28453.56
2025-06-27 22:00:00+00:00,3.919,3.933,3.918,3.928,21160.51
2025-06-27 23:00:00+00:00,3.928,3.928,3.912,3.926,15993.42
2025-06-28 00:00:00+00:00,3.927,3.933,3.918,3.925,14574.3
2025-06-28 01:00:00+00:00,3.926,3.95,3.917,3.945,20597.63
2025-06-28 02:00:00+00:00,3.946,3.955,3.939,3.939,21534.98
2025-06-28 03:00:00+00:00,3.941,3.944,3.936,3.938,14566.24
2025-06-28 04:00:00+00:00,3.937,3.942,3.926,3.926,8348.32
2025-06-28 05:00:00+00:00,3.927,3.943,3.926,3.929,17203.64
2025-06-28 06:00:00+00:00,3.929,3.941,3.927,3.941,13122.47
2025-06-28 07:00:00+00:00,3.942,3.954,3.931,3.949,20691.26
2025-06-28 08:00:00+00:00,3.949,3.951,3.927,3.933,27151.05
2025-06-28 09:00:00+00:00,3.933,3.957,3.926,3.95,31559.91
2025-06-28 10:00:00+00:00,3.95,3.963,3.942,3.947,18362.9
2025-06-28 11:00:00+00:00,3.946,3.963,3.946,3.958,43473.71
2025-06-28 12:00:00+00:00,3.959,3.969,3.95,3.968,70108.07
2025-06-28 13:00:00+00:00,3.968,3.975,3.948,3.952,62987.44
2025-06-28 14:00:00+00:00,3.952,3.977,3.952,3.97,26424.88
2025-06-28 15:00:00+00:00,3.971,4.001,3.971,3.997,45352.92
2025-06-28 16:00:00+00:00,3.997,4.03,3.997,4.006,59545.38
2025-06-28 17:00:00+00:00,4.007,4.008,3.985,3.998,81623.98
2025-06-28 18:00:00+00:00,3.998,4.0,3.976,3.988,81252.44
2025-06-28 19:00:00+00:00,3.989,4.0,3.981,3.984,24919.03
2025-06-28 20:00:00+00:00,3.985,3.988,3.974,3.975,26872.66
2025-06-28 21:00:00+00:00,3.975,3.999,3.969,3.996,26836.84
2025-06-28 22:00:00+00:00,3.996,4.007,3.993,4.003,21783.81
2025-06-28 23:00:00+00:00,4.003,4.006,3.99,3.994,8341.71
2025-06-29 00:00:00+00:00,3.995,4.015,3.995,4.009,28483.23
2025-06-29 01:00:00+00:00,4.01,4.01,3.982,3.985,21385.24
2025-06-29 02:00:00+00:00,3.984,3.988,3.974,3.987,8346.51
2025-06-29 03:00:00+00:00,3.986,3.992,3.973,3.973,9478.21
2025-06-29 04:00:00+00:00,3.974,3.976,3.964,3.97,31949.98
2025-06-29 05:00:00+00:00,3.97,3.987,3.964,3.986,12324.92
2025-06-29 06:00:00+00:00,3.987,4.007,3.985,4.006,33242.55
2025-06-29 07:00:00+00:00,4.006,4.024,4.002,4.024,41478.98
2025-06-29 08:00:00+00:00,4.024,4.039,4.021,4.037,42843.5
2025-06-29 09:00:00+00:00,4.039,4.043,4.025,4.032,46316.0
2025-06-29 10:00:00+00:00,4.034,4.045,4.018,4.031,31798.45
2025-06-29 11:00:00+00:00,4.031,4.033,4.016,4.021,28098.51
2025-06-29 12:00:00+00:00,4.021,4.026,4.008,4.022,40703.76
2025-06-29 13:00:00+00:00,4.023,4.027,4.001,4.006,26247.78
2025-06-29 14:00:00+00:00,4.006,4.012,3.995,3.996,36027.76
2025-06-29 15:00:00+00:00,3.995,4.009,3.988,4.001,25227.62
2025-06-29 16:00:00+00:00,4.001,4.022,3.998,4.022,30332.04
2025-06-29 17:00:00+00:00,4.022,4.034,4.007,4.033,32818.35
2025-06-29 18:00:00+00:00,4.034,4.041,4.025,4.035,16848.75
2025-06-29 19:00:00+00:00,4.035,4.044,4.029,4.037,18274.65
2025-06-29 20:00:00+00:00,4.036,4.064,4.031,4.04,83269.36
2025-06-29 21:00:00+00:00,4.04,4.087,4.021,4.083,66808.78
2025-06-29 22:00:00+00:00,4.084,4.225,4.084,4.223,211230.84
2025-06-29 23:00:00+00:00,4.223,4.233,4.198,4.204,86975.04
2025-06-30 00:00:00+00:00,4.205,4.239,4.203,4.208,74359.48
2025-06-30 01:00:00+00:00,4.208,4.214,4.173,4.178,34642.27
2025-06-30 02:00:00+00:00,4.177,4.179,4.161,4.165,30776.05
2025-06-30 03:00:00+00:00,4.166,4.179,4.153,4.159,25196.94
2025-06-30 04:00:00+00:00,4.16,4.162,4.131,4.139,74697.96
2025-06-30 05:00:00+00:00,4.138,4.153,4.132,4.152,30342.77
2025-06-30 06:00:00+00:00,4.151,4.157,4.112,4.131,37815.67
2025-06-30 07:00:00+00:00,4.132,4.169,4.121,4.167,42055.66
2025-06-30 08:00:00+00:00,4.167,4.17,4.132,4.139,42646.47
2025-06-30 09:00:00+00:00,4.14,4.155,4.113,4.113,36760.16
2025-06-30 10:00:00+00:00,4.113,4.127,4.108,4.119,48394.98
2025-06-30 11:00:00+00:00,4.118,4.128,4.107,4.11,36260.49
2025-06-30 12:00:00+00:00,4.111,4.125,4.077,4.087,36885.22
2025-06-30 13:00:00+00:00,4.085,4.118,4.084,4.087,47743.84
2025-06-30 14:00:00+00:00,4.089,4.104,4.064,4.069,72029.46
2025-06-30 15:00:00+00:00,4.069,4.126,4.057,4.098,103060.95
2025-06-30 16:00:00+00:00,4.098,4.115,4.083,4.109,47017.69
2025-06-30 17:00:00+00:00,4.107,4.12,4.098,4.107,43997.5
2025-06-30 18:00:00+00:00,4.106,4.119,4.091,4.107,34115.94
2025-06-30 19:00:00+00:00,4.107,4.184,4.106,4.181,62188.44
2025-06-30 20:00:00+00:00,4.18,4.181,4.148,4.149,51052.11
2025-06-30 21:00:00+00:00,4.149,4.163,4.122,4.136,44829.24
2025-06-30 22:00:00+00:00,4.136,4.145,4.102,4.105,36868.86
2025-06-30 23:00:00+00:00,4.105,4.118,4.091,4.093,13876.93
2025-07-01 00:00:00+00:00,4.094,4.111,4.072,4.078,31445.28
2025-07-01 01:00:00+00:00,4.08,4.097,4.064,4.07,19244.03
2025-07-01 02:00:00+00:00,4.07,4.085,4.056,4.059,13538.63
2025-07-01 03:00:00+00:00,4.059,4.059,4.04,4.045,43619.32
2025-07-01 04:00:00+00:00,4.045,4.045,3.997,3.998,44729.65
2025-07-01 05:00:00+00:00,3.998,4.018,3.994,4.007,24571.13
2025-07-01 06:00:00+00:00,4.006,4.016,3.995,4.008,30156.78
2025-07-01 07:00:00+00:00,4.008,4.022,3.975,4.014,36537.12
2025-07-01 08:00:00+00:00,4.015,4.015,3.974,3.983,31464.69
2025-07-01 09:00:00+00:00,3.984,4.003,3.983,3.998,22316.38
2025-07-01 10:00:00+00:00,3.998,4.011,3.988,4.003,27122.75
2025-07-01 11:00:00+00:00,4.003,4.008,3.978,3.993,36107.49
2025-07-01 12:00:00+00:00,3.993,4.016,3.992,4.0,39945.01
2025-07-01 13:00:00+00:00,4.0,4.033,3.99,4.024,53634.07
2025-07-01 14:00:00+00:00,4.024,4.039,3.997,4.017,72407.0
2025-07-01 15:00:00+00:00,4.016,4.019,3.985,3.996,21874.42
2025-07-01 16:00:00+00:00,3.995,4.015,3.99,4.001,19502.79
2025-07-01 17:00:00+00:00,4.001,4.001,3.964,3.975,26460.72
2025-07-01 18:00:00+00:00,3.976,3.978,3.945,3.954,48027.48
2025-07-01 19:00:00+00:00,3.953,3.973,3.946,3.946,21904.32
2025-07-01 20:00:00+00:00,3.946,3.959,3.926,3.953,36716.98
2025-07-01 21:00:00+00:00,3.952,3.977,3.937,3.958,30320.12
2025-07-01 22:00:00+00:00,3.958,3.963,3.933,3.934,33374.11
2025-07-01 23:00:00+00:00,3.933,3.933,3.912,3.929,31676.63
2025-07-02 00:00:00+00:00,3.929,3.935,3.911,3.915,45495.2
2025-07-02 01:00:00+00:00,3.916,3.96,3.902,3.949,35106.64
2025-07-02 02:00:00+00:00,3.949,3.956,3.938,3.945,18187.2
2025-07-02 03:00:00+00:00,3.946,3.972,3.944,3.955,26278.59
2025-07-02 04:00:00+00:00,3.955,4.002,3.953,3.998,31727.69
2025-07-02 05:00:00+00:00,3.999,4.018,3.994,4.005,36891.18
2025-07-02 06:00:00+00:00,4.003,4.018,3.993,4.009,31976.49
2025-07-02 07:00:00+00:00,4.009,4.02,4.001,4.012,32455.19
2025-07-02 08:00:00+00:00,4.013,4.021,4.001,4.005,26438.83
2025-07-02 09:00:00+00:00,4.004,4.011,3.993,3.994,27053.16
2025-07-02 10:00:00+00:00,3.997,4.028,3.988,4.022,47467.18
2025-07-02 11:00:00+00:00,4.022,4.043,4.009,4.016,35039.58
2025-07-02 12:00:00+00:00,4.016,4.016,3.996,4.011,25870.4
2025-07-02 13:00:00+00:00,4.012,4.035,4.006,4.027,27377.04
2025-07-02 14:00:00+00:00,4.028,4.048,4.025,4.044,28705.42
2025-07-02 15:00:00+00:00,4.046,4.089,4.041,4.089,100814.93
2025-07-02 16:00:00+00:00,4.089,4.231,4.089,4.212,274154.8
2025-07-02 17:00:00+00:00,4.213,4.24,4.176,4.203,151114.74
2025-07-02 18:00:00+00:00,4.204,4.24,4.204,4.232,85055.8
2025-07-02 19:00:00+00:00,4.232,4.241,4.209,4.237,111052.21
2025-07-02 20:00:00+00:00,4.237,4.251,4.222,4.225,83780.85
2025-07-02 21:00:00+00:00,4.225,4.241,4.22,4.236,70344.3
2025-07-02 22:00:00+00:00,4.237,4.246,4.208,4.213,30118.23
2025-07-02 23:00:00+00:00,4.213,4.214,4.167,4.175,52715.63
2025-07-03 00:00:00+00:00,4.175,4.188,4.167,4.18,44999.21
2025-07-03 01:00:00+00:00,4.18,4.196,4.176,4.194,35348.93
2025-07-03 02:00:00+00:00,4.194,4.195,4.155,4.172,42173.08
2025-07-03 03:00:00+00:00,4.173,4.192,4.169,4.171,24361.12
2025-07-03 04:00:00+00:00,4.17,4.212,4.168,4.209,34343.91
2025-07-03 05:00:00+00:00,4.21,4.24,4.205,4.233,87073.66
2025-07-03 06:00:00+00:00,4.233,4.244,4.219,4.242,74167.57
2025-07-03 07:00:00+00:00,4.241,4.265,4.234,4.251,94145.51
2025-07-03 08:00:00+00:00,4.252,4.259,4.225,4.225,46932.24
2025-07-03 09:00:00+00:00,4.225,4.25,4.219,4.249,62675.59
2025-07-03 10:00:00+00:00,4.249,4.251,4.222,4.237,41920.72
2025-07-03 11:00:00+00:00,4.238,4.243,4.204,4.222,60450.56
2025-07-03 12:00:00+00:00,4.221,4.257,4.169,4.206,90063.23
2025-07-03 13:00:00+00:00,4.206,4.257,4.203,4.246,85693.08
2025-07-03 14:00:00+00:00,4.246,4.26,4.214,4.221,91575.64
2025-07-03 15:00:00+00:00,4.223,4.229,4.16,4.167,128936.21
2025-07-03 16:00:00+00:00,4.168,4.199,4.163,4.195,63591.01
2025-07-03 17:00:00+00:00,4.195,4.204,4.188,4.193,15218.41
2025-07-03 18:00:00+00:00,4.193,4.198,4.171,4.19,28195.69
2025-07-03 19:00:00+00:00,4.189,4.199,4.186,4.194,10372.97
2025-07-03 20:00:00+00:00,4.194,4.212,4.194,4.209,13101.07
2025-07-03 21:00:00+00:00,4.21,4.215,4.201,4.211,20955.68
2025-07-03 22:00:00+00:00,4.211,4.214,4.191,4.197,13687.92
2025-07-03 23:00:00+00:00,4.196,4.198,4.174,4.184,23043.84
2025-07-04 00:00:00+00:00,4.184,4.192,4.168,4.18,22310.79
2025-07-04 01:00:00+00:00,4.179,4.199,4.174,4.174,21547.27
2025-07-04 02:00:00+00:00,4.173,4.173,4.134,4.138,59630.98
2025-07-04 03:00:00+00:00,4.138,4.151,4.13,4.139,15194.35
2025-07-04 04:00:00+00:00,4.139,4.15,4.115,4.116,39517.4
2025-07-04 05:00:00+00:00,4.116,4.147,4.115,4.129,23179.94
2025-07-04 06:00:00+00:00,4.128,4.13,4.09,4.099,40244.42
2025-07-04 07:00:00+00:00,4.098,4.106,4.049,4.049,79620.8
2025-07-04 08:00:00+00:00,4.049,4.076,4.029,4.07,59086.28
2025-07-04 09:00:00+00:00,4.07,4.087,4.064,4.071,62884.11
2025-07-04 10:00:00+00:00,4.071,4.081,4.06,4.061,72202.2
2025-07-04 11:00:00+00:00,4.061,4.097,4.06,4.078,63637.91
2025-07-04 12:00:00+00:00,4.078,4.087,4.061,4.072,20443.64
2025-07-04 13:00:00+00:00,4.072,4.087,4.051,4.053,46843.71
2025-07-04 14:00:00+00:00,4.055,4.062,4.027,4.043,70458.74
2025-07-04 15:00:00+00:00,4.042,4.042,4.002,4.01,66624.33
2025-07-04 16:00:00+00:00,4.009,4.019,3.953,3.985,118141.97
2025-07-04 17:00:00+00:00,3.983,4.002,3.969,3.993,52697.6
2025-07-04 18:00:00+00:00,3.992,3.992,3.968,3.982,30799.62
2025-07-04 19:00:00+00:00,3.981,3.996,3.965,3.971,22303.22
2025-07-04 20:00:00+00:00,3.971,3.991,3.967,3.987,26635.24
2025-07-04 21:00:00+00:00,3.987,3.998,3.978,3.995,26242.08
2025-07-04 22:00:00+00:00,3.995,4.025,3.992,4.023,23256.06
2025-07-04 23:00:00+00:00,4.023,4.023,3.999,3.999,12322.0
2025-07-05 00:00:00+00:00,4.0,4.02,3.998,4.013,14896.4
2025-07-05 01:00:00+00:00,4.012,4.013,3.986,3.998,16085.66
2025-07-05 02:00:00+00:00,3.998,4.009,3.976,4.007,19222.99
2025-07-05 03:00:00+00:00,4.008,4.016,3.997,4.001,20173.34
2025-07-05 04:00:00+00:00,4.0,4.007,3.984,3.985,27633.79
2025-07-05 05:00:00+00:00,3.984,4.001,3.976,4.001,13623.48
2025-07-05 06:00:00+00:00,4.002,4.031,3.992,4.029,27021.66
2025-07-05 07:00:00+00:00,4.029,4.034,4.011,4.016,24899.88
2025-07-05 08:00:00+00:00,4.015,4.02,3.99,4.002,19425.97
2025-07-05 09:00:00+00:00,4.001,4.007,3.982,4.005,18270.08
2025-07-05 10:00:00+00:00,4.006,4.01,3.996,3.996,9097.1
2025-07-05 11:00:00+00:00,3.997,4.016,3.997,3.997,13941.66
2025-07-05 12:00:00+00:00,3.997,4.005,3.983,4.003,26090.07
2025-07-05 13:00:00+00:00,4.004,4.007,3.989,3.993,25344.65
2025-07-05 14:00:00+00:00,3.994,4.003,3.989,3.999,19610.75
2025-07-05 15:00:00+00:00,3.998,4.003,3.974,3.978,33533.71
2025-07-05 16:00:00+00:00,3.979,3.988,3.964,3.986,63261.75
2025-07-05 17:00:00+00:00,3.986,3.998,3.966,3.975,48415.45
2025-07-05 18:00:00+00:00,3.975,3.977,3.945,3.952,32562.85
2025-07-05 19:00:00+00:00,3.951,3.981,3.948,3.979,21941.11
2025-07-05 20:00:00+00:00,3.98,3.998,3.974,3.996,20916.83
2025-07-05 21:00:00+00:00,3.997,4.015,3.991,4.005,28496.71
2025-07-05 22:00:00+00:00,4.004,4.012,3.997,4.01,8547.17
2025-07-05 23:00:00+00:00,4.011,4.019,4.003,4.011,16753.06
2025-07-06 00:00:00+00:00,4.012,4.015,4.003,4.015,16017.01
2025-07-06 01:00:00+00:00,4.014,4.014,3.996,4.0,10982.41
2025-07-06 02:00:00+00:00,4.001,4.008,3.989,3.989,10145.0
2025-07-06 03:00:00+00:00,3.989,3.994,3.984,3.99,13513.67
2025-07-06 04:00:00+00:00,3.99,4.004,3.989,3.992,7812.01
2025-07-06 05:00:00+00:00,3.993,3.995,3.985,3.987,11721.63
2025-07-06 06:00:00+00:00,3.987,4.011,3.985,4.0,22513.92
2025-07-06 07:00:00+00:00,4.002,4.006,3.991,3.995,11836.58
2025-07-06 08:00:00+00:00,3.996,4.012,3.987,4.001,36273.28
2025-07-06 09:00:00+00:00,4.001,4.003,3.979,3.979,16349.8
2025-07-06 10:00:00+00:00,3.98,4.002,3.977,3.995,26606.06
2025-07-06 11:00:00+00:00,3.994,4.014,3.99,4.013,12173.75
2025-07-06 12:00:00+00:00,4.014,4.026,4.001,4.023,26099.64
2025-07-06 13:00:00+00:00,4.024,4.086,4.023,4.069,83176.35
2025-07-06 14:00:00+00:00,4.069,4.083,4.033,4.05,63184.62
2025-07-06 15:00:00+00:00,4.051,4.061,4.035,4.061,43277.04
2025-07-06 16:00:00+00:00,4.061,4.076,4.053,4.066,25338.27
2025-07-06 17:00:00+00:00,4.067,4.072,4.043,4.066,42933.89
2025-07-06 18:00:00+00:00,4.067,4.074,4.028,4.044,24262.14
2025-07-06 19:00:00+00:00,4.045,4.066,4.045,4.059,27075.52
2025-07-06 20:00:00+00:00,4.058,4.085,4.058,4.074,36401.36
2025-07-06 21:00:00+00:00,4.074,4.141,4.073,4.101,116760.9
2025-07-06 22:00:00+00:00,4.102,4.137,4.099,4.1,105205.25
2025-07-06 23:00:00+00:00,4.101,4.104,4.065,4.079,38643.99
2025-07-07 00:00:00+00:00,4.08,4.087,4.072,4.079,21489.37
2025-07-07 01:00:00+00:00,4.079,4.091,4.07,4.088,12652.22
2025-07-07 02:00:00+00:00,4.089,4.111,4.087,4.098,25273.78
2025-07-07 03:00:00+00:00,4.097,4.115,4.087,4.088,23626.49
2025-07-07 04:00:00+00:00,4.089,4.098,4.081,4.086,19255.54
2025-07-07 05:00:00+00:00,4.086,4.092,4.073,4.078,20050.56
2025-07-07 06:00:00+00:00,4.078,4.078,4.055,4.057,28172.18
2025-07-07 07:00:00+00:00,4.058,4.092,4.047,4.091,23781.93
2025-07-07 08:00:00+00:00,4.091,4.101,4.084,4.09,23428.42
2025-07-07 09:00:00+00:00,4.09,4.091,4.068,4.075,35659.82
2025-07-07 10:00:00+00:00,4.075,4.075,4.06,4.067,34435.1
2025-07-07 11:00:00+00:00,4.068,4.081,4.059,4.074,22526.73
2025-07-07 12:00:00+00:00,4.074,4.082,4.058,4.068,31007.67
2025-07-07 13:00:00+00:00,4.069,4.102,4.068,4.102,59682.33
2025-07-07 14:00:00+00:00,4.102,4.102,4.052,4.053,47338.41
2025-07-07 15:00:00+00:00,4.055,4.076,4.053,4.062,35466.57
2025-07-07 16:00:00+00:00,4.062,4.07,4.031,4.035,57029.73
2025-07-07 17:00:00+00:00,4.034,4.059,4.023,4.039,46363.28
2025-07-07 18:00:00+00:00,4.039,4.044,4.013,4.039,26581.15
2025-07-07 19:00:00+00:00,4.038,4.07,4.037,4.06,22499.01
2025-07-07 20:00:00+00:00,4.06,4.063,4.015,4.031,45223.34
2025-07-07 21:00:00+00:00,4.029,4.049,4.015,4.042,18258.26
2025-07-07 22:00:00+00:00,4.043,4.048,4.021,4.029,10301.43
2025-07-07 23:00:00+00:00,4.03,4.047,4.025,4.047,5981.23
2025-07-08 00:00:00+00:00,4.048,4.062,4.035,4.035,40173.47
2025-07-08 01:00:00+00:00,4.035,4.035,4.009,4.011,18235.2
2025-07-08 02:00:00+00:00,4.011,4.023,4.0,4.006,43479.53
2025-07-08 03:00:00+00:00,4.006,4.027,4.006,4.011,7908.54
2025-07-08 04:00:00+00:00,4.011,4.018,3.997,4.015,22835.24
2025-07-08 05:00:00+00:00,4.016,4.032,4.009,4.025,19888.25
2025-07-08 06:00:00+00:00,4.026,4.042,4.022,4.033,35006.92
2025-07-08 07:00:00+00:00,4.032,4.038,4.019,4.036,30129.29
2025-07-08 08:00:00+00:00,4.037,4.042,4.009,4.009,19150.08
2025-07-08 09:00:00+00:00,4.009,4.029,4.005,4.023,15829.24
2025-07-08 10:00:00+00:00,4.023,4.062,4.02,4.06,21249.14
2025-07-08 11:00:00+00:00,4.06,4.095,4.059,4.079,60252.85
2025-07-08 12:00:00+00:00,4.082,4.099,4.073,4.093,35837.03
2025-07-08 13:00:00+00:00,4.093,4.115,4.083,4.102,46048.62
2025-07-08 14:00:00+00:00,4.105,4.105,4.058,4.064,27827.67
2025-07-08 15:00:00+00:00,4.065,4.073,4.054,4.063,22552.16
2025-07-08 16:00:00+00:00,4.065,4.101,4.048,4.089,37204.53
2025-07-08 17:00:00+00:00,4.089,4.166,4.088,4.144,78672.92
2025-07-08 18:00:00+00:00,4.146,4.162,4.14,4.159,45806.62
2025-07-08 19:00:00+00:00,4.16,4.162,4.14,4.152,32091.64
2025-07-08 20:00:00+00:00,4.151,4.16,4.134,4.142,33433.83
2025-07-08 21:00:00+00:00,4.141,4.177,4.14,4.166,41449.67
2025-07-08 22:00:00+00:00,4.169,4.176,4.137,4.138,34872.53
2025-07-08 23:00:00+00:00,4.139,4.139,4.118,4.125,30089.49
2025-07-09 00:00:00+00:00,4.126,4.132,4.105,4.115,29763.9
2025-07-09 01:00:00+00:00,4.116,4.131,4.092,4.102,38986.11
2025-07-09 02:00:00+00:00,4.102,4.119,4.097,4.112,17352.99
2025-07-09 03:00:00+00:00,4.112,4.122,4.11,4.115,17304.41
2025-07-09 04:00:00+00:00,4.114,4.134,4.107,4.132,23604.45
2025-07-09 05:00:00+00:00,4.131,4.166,4.117,4.15,55143.55
2025-07-09 06:00:00+00:00,4.152,4.16,4.14,4.159,51109.48
2025-07-09 07:00:00+00:00,4.159,4.169,4.148,4.163,49954.03
2025-07-09 08:00:00+00:00,4.164,4.194,4.155,4.183,75895.3
2025-07-09 09:00:00+00:00,4.184,4.186,4.159,4.18,47622.76
2025-07-09 10:00:00+00:00,4.18,4.203,4.174,4.201,35337.09
2025-07-09 11:00:00+00:00,4.201,4.218,4.19,4.206,91575.44
2025-07-09 12:00:00+00:00,4.207,4.23,4.199,4.223,68960.1
2025-07-09 13:00:00+00:00,4.223,4.239,4.208,4.213,37512.77
2025-07-09 14:00:00+00:00,4.214,4.227,4.173,4.197,104455.61
2025-07-09 15:00:00+00:00,4.196,4.215,4.191,4.202,43228.2
2025-07-09 16:00:00+00:00,4.203,4.249,4.203,4.245,89330.42
2025-07-09 17:00:00+00:00,4.245,4.247,4.209,4.216,74766.5
2025-07-09 18:00:00+00:00,4.217,4.252,4.211,4.246,111258.16
2025-07-09 19:00:00+00:00,4.247,4.318,4.238,4.312,258076.6
2025-07-09 20:00:00+00:00,4.312,4.337,4.29,4.325,183589.43
2025-07-09 21:00:00+00:00,4.324,4.35,4.322,4.341,101575.09
2025-07-09 22:00:00+00:00,4.342,4.365,4.336,4.349,82266.17
2025-07-09 23:00:00+00:00,4.349,4.349,4.292,4.313,123784.82
2025-07-10 00:00:00+00:00,4.314,4.33,4.294,4.307,112559.58
2025-07-10 01:00:00+00:00,4.308,4.325,4.3,4.316,54318.23
2025-07-10 02:00:00+00:00,4.317,4.345,4.317,4.338,53793.1
2025-07-10 03:00:00+00:00,4.338,4.344,4.326,4.339,48926.2
2025-07-10 04:00:00+00:00,4.339,4.339,4.31,4.336,56829.06
2025-07-10 05:00:00+00:00,4.337,4.351,4.324,4.324,44706.72
2025-07-10 06:00:00+00:00,4.326,4.358,4.313,4.353,38968.61
2025-07-10 07:00:00+00:00,4.353,4.364,4.341,4.346,65839.02
2025-07-10 08:00:00+00:00,4.346,4.355,4.325,4.351,76683.53
2025-07-10 09:00:00+00:00,4.349,4.355,4.328,4.333,36392.03
2025-07-10 10:00:00+00:00,4.331,4.347,4.322,4.34,32086.98
2025-07-10 11:00:00+00:00,4.341,4.341,4.316,4.331,41877.5
2025-07-10 12:00:00+00:00,4.331,4.331,4.3,4.317,44380.04
2025-07-10 13:00:00+00:00,4.316,4.342,4.308,4.323,152770.93
2025-07-10 14:00:00+00:00,4.322,4.332,4.296,4.316,128001.54
2025-07-10 15:00:00+00:00,4.316,4.321,4.287,4.296,49493.09
2025-07-10 16:00:00+00:00,4.296,4.359,4.29,4.355,78974.99
2025-07-10 17:00:00+00:00,4.355,4.438,4.346,4.435,150705.67
2025-07-10 18:00:00+00:00,4.436,4.442,4.402,4.432,95267.69
2025-07-10 19:00:00+00:00,4.432,4.449,4.406,4.415,50282.23
2025-07-10 20:00:00+00:00,4.415,4.461,4.415,4.458,45028.99
2025-07-10 21:00:00+00:00,4.457,4.575,4.453,4.561,241201.63
2025-07-10 22:00:00+00:00,4.561,4.624,4.556,4.621,145958.8
2025-07-10 23:00:00+00:00,4.621,4.629,4.578,4.618,93622.59
2025-07-11 00:00:00+00:00,4.618,4.637,4.549,4.595,112152.06
2025-07-11 01:00:00+00:00,4.594,4.68,4.592,4.68,207353.01
2025-07-11 02:00:00+00:00,4.68,4.683,4.648,4.649,108535.52
2025-07-11 03:00:00+00:00,4.649,4.669,4.628,4.648,74365.47
2025-07-11 04:00:00+00:00,4.649,4.678,4.628,4.678,76438.69
2025-07-11 05:00:00+00:00,4.676,4.721,4.673,4.697,130116.99
2025-07-11 06:00:00+00:00,4.696,4.723,4.622,4.628,137844.76
2025-07-11 07:00:00+00:00,4.627,4.652,4.599,4.614,112470.95
2025-07-11 08:00:00+00:00,4.614,4.672,4.614,4.663,213852.77
2025-07-11 09:00:00+00:00,4.662,4.692,4.646,4.663,81501.37
2025-07-11 10:00:00+00:00,4.663,4.7,4.657,4.672,144609.01
2025-07-11 11:00:00+00:00,4.673,4.676,4.634,4.642,168614.29
2025-07-11 12:00:00+00:00,4.642,4.69,4.634,4.688,220981.14
2025-07-11 13:00:00+00:00,4.689,4.788,4.66,4.78,486099.62
2025-07-11 14:00:00+00:00,4.78,4.8,4.713,4.74,205979.78
2025-07-11 15:00:00+00:00,4.738,4.805,4.657,4.668,244569.01
2025-07-11 16:00:00+00:00,4.67,4.747,4.651,4.726,139801.38
2025-07-11 17:00:00+00:00,4.727,4.775,4.727,4.769,109408.17
2025-07-11 18:00:00+00:00,4.769,4.794,4.748,4.774,87626.09
2025-07-11 19:00:00+00:00,4.774,4.78,4.744,4.779,38989.22
2025-07-11 20:00:00+00:00,4.78,4.78,4.706,4.708,49886.46
2025-07-11 21:00:00+00:00,4.709,4.728,4.64,4.673,113327.82
2025-07-11 22:00:00+00:00,4.674,4.688,4.578,4.633,135835.02
2025-07-11 23:00:00+00:00,4.633,4.659,4.622,4.64,54705.01
2025-07-12 00:00:00+00:00,4.641,4.659,4.574,4.601,99957.19
2025-07-12 01:00:00+00:00,4.602,4.688,4.602,4.68,49711.42
2025-07-12 02:00:00+00:00,4.68,4.714,4.674,4.681,53651.01
2025-07-12 03:00:00+00:00,4.681,4.702,4.677,4.691,50063.7
2025-07-12 04:00:00+00:00,4.692,4.698,4.621,4.629,51185.48
2025-07-12 05:00:00+00:00,4.629,4.665,4.603,4.652,44051.69
2025-07-12 06:00:00+00:00,4.651,4.718,4.641,4.711,40874.25
2025-07-12 07:00:00+00:00,4.711,4.723,4.683,4.703,44516.36
2025-07-12 08:00:00+00:00,4.703,4.721,4.656,4.675,44496.51
2025-07-12 09:00:00+00:00,4.674,4.708,4.664,4.701,41339.83
2025-07-12 10:00:00+00:00,4.7,4.715,4.677,4.705,27051.31
2025-07-12 11:00:00+00:00,4.703,4.731,4.682,4.702,60906.51
2025-07-12 12:00:00+00:00,4.702,4.717,4.595,4.629,105305.91
2025-07-12 13:00:00+00:00,4.629,4.629,4.547,4.599,94668.5
2025-07-12 14:00:00+00:00,4.599,4.626,4.559,4.568,60125.9
2025-07-12 15:00:00+00:00,4.568,4.576,4.494,4.523,106636.06
2025-07-12 16:00:00+00:00,4.525,4.576,4.503,4.532,86455.77
2025-07-12 17:00:00+00:00,4.533,4.59,4.529,4.587,68598.68
2025-07-12 18:00:00+00:00,4.586,4.606,4.566,4.595,46678.84
2025-07-12 19:00:00+00:00,4.595,4.6,4.572,4.594,22815.67
2025-07-12 20:00:00+00:00,4.595,4.595,4.53,4.53,31580.45
2025-07-12 21:00:00+00:00,4.53,4.585,4.527,4.584,37369.49
2025-07-12 22:00:00+00:00,4.585,4.59,4.548,4.579,26259.98
2025-07-12 23:00:00+00:00,4.579,4.597,4.561,4.58,28268.77
2025-07-13 00:00:00+00:00,4.581,4.607,4.572,4.587,59742.91
2025-07-13 01:00:00+00:00,4.589,4.612,4.576,4.597,30764.52
2025-07-13 02:00:00+00:00,4.596,4.609,4.565,4.596,25062.91
2025-07-13 03:00:00+00:00,4.597,4.605,4.584,4.598,27195.27
2025-07-13 04:00:00+00:00,4.599,4.639,4.579,4.636,33157.83
2025-07-13 05:00:00+00:00,4.637,4.65,4.615,4.618,49289.07
2025-07-13 06:00:00+00:00,4.617,4.671,4.614,4.643,44857.31
2025-07-13 07:00:00+00:00,4.642,4.685,4.641,4.679,35499.45
2025-07-13 08:00:00+00:00,4.679,4.68,4.632,4.656,62067.74
2025-07-13 09:00:00+00:00,4.658,4.668,4.614,4.628,24795.41
2025-07-13 10:00:00+00:00,4.629,4.653,4.606,4.617,52096.77
2025-07-13 11:00:00+00:00,4.617,4.656,4.613,4.656,40230.96
2025-07-13 12:00:00+00:00,4.653,4.685,4.639,4.68,47638.2
2025-07-13 13:00:00+00:00,4.679,4.707,4.646,4.694,55467.56
2025-07-13 14:00:00+00:00,4.694,4.739,4.666,4.677,97511.02
2025-07-13 15:00:00+00:00,4.678,4.735,4.678,4.706,78675.45
2025-07-13 16:00:00+00:00,4.706,4.735,4.664,4.671,70035.46
2025-07-13 17:00:00+00:00,4.671,4.707,4.654,4.687,46580.82
2025-07-13 18:00:00+00:00,4.689,4.73,4.686,4.721,35625.98
2025-07-13 19:00:00+00:00,4.722,4.758,4.711,4.73,77878.33
2025-07-13 20:00:00+00:00,4.73,4.746,4.707,4.74,32105.75
2025-07-13 21:00:00+00:00,4.74,4.743,4.64,4.672,66383.02
2025-07-13 22:00:00+00:00,4.671,4.688,4.639,4.663,47172.03
2025-07-13 23:00:00+00:00,4.662,4.692,4.651,4.679,37315.71
2025-07-14 00:00:00+00:00,4.68,4.714,4.669,4.696,47079.21
2025-07-14 01:00:00+00:00,4.697,4.744,4.671,4.74,62255.9
2025-07-14 02:00:00+00:00,4.743,4.792,4.725,4.761,71622.4
2025-07-14 03:00:00+00:00,4.76,4.845,4.753,4.809,134579.43
2025-07-14 04:00:00+00:00,4.808,4.854,4.788,4.849,77638.48
2025-07-14 05:00:00+00:00,4.849,4.853,4.739,4.779,176708.93
2025-07-14 06:00:00+00:00,4.779,4.782,4.729,4.748,104412.58
2025-07-14 07:00:00+00:00,4.748,4.804,4.747,4.794,97716.39
2025-07-14 08:00:00+00:00,4.794,4.795,4.729,4.757,59971.92
2025-07-14 09:00:00+00:00,4.758,4.791,4.745,4.764,66863.82
2025-07-14 10:00:00+00:00,4.762,4.777,4.724,4.756,70917.64
2025-07-14 11:00:00+00:00,4.754,4.759,4.698,4.716,60820.42
2025-07-14 12:00:00+00:00,4.715,4.727,4.679,4.697,121498.66
2025-07-14 13:00:00+00:00,4.698,4.732,4.67,4.711,98085.5
2025-07-14 14:00:00+00:00,4.711,4.728,4.617,4.652,156835.43
2025-07-14 15:00:00+00:00,4.652,4.655,4.578,4.612,138541.85
2025-07-14 16:00:00+00:00,4.612,4.636,4.579,4.628,135960.88
2025-07-14 17:00:00+00:00,4.628,4.629,4.584,4.597,68249.49
2025-07-14 18:00:00+00:00,4.598,4.604,4.545,4.551,103276.22
2025-07-14 19:00:00+00:00,4.55,4.565,4.52,4.533,108198.88
2025-07-14 20:00:00+00:00,4.533,4.575,4.488,4.552,133307.86
2025-07-14 21:00:00+00:00,4.552,4.568,4.541,4.556,44990.11
2025-07-14 22:00:00+00:00,4.555,4.575,4.54,4.568,60932.6
2025-07-14 23:00:00+00:00,4.567,4.572,4.538,4.555,43687.37
2025-07-15 00:00:00+00:00,4.555,4.582,4.506,4.516,62443.2
2025-07-15 01:00:00+00:00,4.515,4.555,4.475,4.517,95656.02
2025-07-15 02:00:00+00:00,4.516,4.538,4.479,4.489,105883.48
2025-07-15 03:00:00+00:00,4.488,4.49,4.432,4.472,182646.15
2025-07-15 04:00:00+00:00,4.473,4.513,4.441,4.494,79005.91
2025-07-15 05:00:00+00:00,4.495,4.506,4.468,4.485,32232.67
2025-07-15 06:00:00+00:00,4.485,4.503,4.462,4.48,56339.15
2025-07-15 07:00:00+00:00,4.48,4.501,4.465,4.467,62669.64
2025-07-15 08:00:00+00:00,4.468,4.482,4.437,4.468,45553.45
2025-07-15 09:00:00+00:00,4.466,4.509,4.464,4.491,123968.2
2025-07-15 10:00:00+00:00,4.49,4.514,4.49,4.502,50477.35
2025-07-15 11:00:00+00:00,4.502,4.515,4.471,4.508,57947.74
2025-07-15 12:00:00+00:00,4.509,4.545,4.468,4.522,116555.19
2025-07-15 13:00:00+00:00,4.523,4.586,4.522,4.567,97914.86
2025-07-15 14:00:00+00:00,4.568,4.586,4.461,4.474,124866.41
2025-07-15 15:00:00+00:00,4.474,4.574,4.467,4.56,101196.91
2025-07-15 16:00:00+00:00,4.559,4.621,4.559,4.601,118691.77
2025-07-15 17:00:00+00:00,4.601,4.673,4.588,4.672,88615.3
2025-07-15 18:00:00+00:00,4.673,4.701,4.591,4.62,165749.15
2025-07-15 19:00:00+00:00,4.62,4.647,4.553,4.555,97459.78
2025-07-15 20:00:00+00:00,4.557,4.6,4.542,4.576,65478.43
2025-07-15 21:00:00+00:00,4.576,4.65,4.573,4.637,40859.28
2025-07-15 22:00:00+00:00,4.638,4.64,4.616,4.64,26102.18
2025-07-15 23:00:00+00:00,4.64,4.721,4.639,4.668,202800.99
2025-07-16 00:00:00+00:00,4.668,4.698,4.65,4.695,89257.02
2025-07-16 01:00:00+00:00,4.693,4.711,4.686,4.694,81310.11
2025-07-16 02:00:00+00:00,4.693,4.693,4.609,4.627,64783.1
2025-07-16 03:00:00+00:00,4.628,4.643,4.619,4.635,38808.93
2025-07-16 04:00:00+00:00,4.635,4.652,4.604,4.65,30935.42
2025-07-16 05:00:00+00:00,4.652,4.679,4.65,4.656,30981.42
2025-07-16 06:00:00+00:00,4.657,4.69,4.64,4.686,34582.98
2025-07-16 07:00:00+00:00,4.686,4.715,4.67,4.689,43580.38
2025-07-16 08:00:00+00:00,4.689,4.696,4.678,4.686,43334.87
2025-07-16 09:00:00+00:00,4.686,4.701,4.657,4.67,56319.17
2025-07-16 10:00:00+00:00,4.67,4.675,4.642,4.643,76474.23
2025-07-16 11:00:00+00:00,4.644,4.655,4.636,4.65,45270.88
2025-07-16 12:00:00+00:00,4.651,4.666,4.633,4.639,111032.02
2025-07-16 13:00:00+00:00,4.64,4.661,4.623,4.642,90198.47
2025-07-16 14:00:00+00:00,4.642,4.701,4.621,4.69,175001.47
2025-07-16 15:00:00+00:00,4.691,4.716,4.644,4.682,155315.97
2025-07-16 16:00:00+00:00,4.682,4.745,4.662,4.744,105062.2
2025-07-16 17:00:00+00:00,4.745,4.764,4.728,4.759,102559.79
2025-07-16 18:00:00+00:00,4.76,4.796,4.756,4.767,140072.88
2025-07-16 19:00:00+00:00,4.769,4.776,4.74,4.764,101757.57
2025-07-16 20:00:00+00:00,4.766,4.844,4.766,4.823,121955.08
2025-07-16 21:00:00+00:00,4.823,4.874,4.807,4.86,118465.1
2025-07-16 22:00:00+00:00,4.862,4.88,4.766,4.781,105834.83
2025-07-16 23:00:00+00:00,4.782,4.786,4.723,4.744,64897.57
2025-07-17 00:00:00+00:00,4.745,4.805,4.737,4.75,72254.17
2025-07-17 01:00:00+00:00,4.749,4.765,4.636,4.679,110034.23
2025-07-17 02:00:00+00:00,4.679,4.722,4.671,4.719,47667.6
2025-07-17 03:00:00+00:00,4.72,4.72,4.637,4.669,59499.59
2025-07-17 04:00:00+00:00,4.668,4.712,4.66,4.712,38412.98
2025-07-17 05:00:00+00:00,4.712,4.749,4.69,4.748,41060.17
2025-07-17 06:00:00+00:00,4.748,4.789,4.726,4.762,85461.7
2025-07-17 07:00:00+00:00,4.761,4.767,4.711,4.756,68984.9
2025-07-17 08:00:00+00:00,4.757,4.781,4.748,4.781,52836.47
2025-07-17 09:00:00+00:00,4.781,4.834,4.769,4.815,102846.79
2025-07-17 10:00:00+00:00,4.815,4.824,4.777,4.784,97214.84
2025-07-17 11:00:00+00:00,4.785,4.803,4.755,4.778,77738.87
2025-07-17 12:00:00+00:00,4.779,4.811,4.737,4.793,119381.25
2025-07-17 13:00:00+00:00,4.792,4.81,4.706,4.787,148139.81
2025-07-17 14:00:00+00:00,4.787,4.846,4.778,4.814,155230.43
2025-07-17 15:00:00+00:00,4.816,4.835,4.758,4.819,102781.17
2025-07-17 16:00:00+00:00,4.818,4.823,4.716,4.755,137617.61
2025-07-17 17:00:00+00:00,4.753,4.809,4.74,4.808,103209.77
2025-07-17 18:00:00+00:00,4.809,4.828,4.792,4.824,80199.48
2025-07-17 19:00:00+00:00,4.824,4.846,4.747,4.75,129894.94
2025-07-17 20:00:00+00:00,4.75,4.769,4.689,4.747,197325.72
2025-07-17 21:00:00+00:00,4.747,4.852,4.746,4.819,172427.87
2025-07-17 22:00:00+00:00,4.819,4.893,4.81,4.868,126357.2
2025-07-17 23:00:00+00:00,4.869,4.901,4.839,4.855,122773.71
2025-07-18 00:00:00+00:00,4.856,4.928,4.826,4.925,113950.04
2025-07-18 01:00:00+00:00,4.926,4.996,4.916,4.989,409589.95
2025-07-18 02:00:00+00:00,4.989,4.993,4.943,4.982,75525.09
2025-07-18 03:00:00+00:00,4.982,5.019,4.964,5.015,147792.31
2025-07-18 04:00:00+00:00,5.014,5.089,4.983,5.087,115302.16
2025-07-18 05:00:00+00:00,5.089,5.154,5.083,5.144,281933.44
2025-07-18 06:00:00+00:00,5.144,5.144,5.077,5.122,155681.93
2025-07-18 07:00:00+00:00,5.122,5.156,5.033,5.038,156617.57
2025-07-18 08:00:00+00:00,5.037,5.117,5.022,5.066,430022.79
2025-07-18 09:00:00+00:00,5.066,5.093,5.031,5.081,150362.96
2025-07-18 10:00:00+00:00,5.082,5.084,4.997,5.082,104730.43
2025-07-18 11:00:00+00:00,5.081,5.1,5.005,5.042,111772.21
2025-07-18 12:00:00+00:00,5.043,5.115,5.031,5.115,111486.76
2025-07-18 13:00:00+00:00,5.113,5.118,5.053,5.079,129026.23
2025-07-18 14:00:00+00:00,5.079,5.131,4.961,5.01,272744.8
2025-07-18 15:00:00+00:00,5.01,5.018,4.902,4.948,192068.15
2025-07-18 16:00:00+00:00,4.948,5.016,4.932,4.979,93320.37
2025-07-18 17:00:00+00:00,4.98,5.01,4.957,4.984,52252.36
2025-07-18 18:00:00+00:00,4.985,4.987,4.906,4.911,54152.73
2025-07-18 19:00:00+00:00,4.912,4.942,4.872,4.91,81625.72
2025-07-18 20:00:00+00:00,4.911,4.917,4.782,4.853,187931.66
2025-07-18 21:00:00+00:00,4.852,4.915,4.846,4.875,61702.22
2025-07-18 22:00:00+00:00,4.876,4.891,4.809,4.819,102259.46
2025-07-18 23:00:00+00:00,4.82,4.857,4.785,4.855,74139.27
2025-07-19 00:00:00+00:00,4.855,4.884,4.785,4.787,159834.71
2025-07-19 01:00:00+00:00,4.788,4.844,4.753,4.828,81856.29
2025-07-19 02:00:00+00:00,4.829,4.871,4.801,4.861,89905.22
2025-07-19 03:00:00+00:00,4.862,4.946,4.857,4.946,55937.91
2025-07-19 04:00:00+00:00,4.947,4.998,4.934,4.951,58321.71
2025-07-19 05:00:00+00:00,4.952,4.962,4.918,4.942,51224.94
2025-07-19 06:00:00+00:00,4.941,4.945,4.903,4.915,51596.0
2025-07-19 07:00:00+00:00,4.915,4.93,4.883,4.889,43858.61
2025-07-19 08:00:00+00:00,4.889,4.902,4.854,4.876,53710.6
2025-07-19 09:00:00+00:00,4.877,4.892,4.858,4.881,51879.26
2025-07-19 10:00:00+00:00,4.882,4.907,4.866,4.875,68252.66
2025-07-19 11:00:00+00:00,4.876,4.888,4.834,4.837,57058.8
2025-07-19 12:00:00+00:00,4.838,4.853,4.815,4.853,41712.4
2025-07-19 13:00:00+00:00,4.852,4.853,4.806,4.818,57790.79
2025-07-19 14:00:00+00:00,4.818,4.827,4.758,4.764,169158.98
2025-07-19 15:00:00+00:00,4.764,4.831,4.763,4.809,58784.37
2025-07-19 16:00:00+00:00,4.807,4.866,4.798,4.851,72285.7
2025-07-19 17:00:00+00:00,4.852,4.856,4.816,4.845,43129.83
2025-07-19 18:00:00+00:00,4.844,4.921,4.84,4.909,88875.31
2025-07-19 19:00:00+00:00,4.91,5.048,4.908,5.011,209129.88
2025-07-19 20:00:00+00:00,5.009,5.027,4.973,4.973,69374.04
2025-07-19 21:00:00+00:00,4.974,4.992,4.907,4.962,71815.68
2025-07-19 22:00:00+00:00,4.962,4.989,4.951,4.975,52150.83
2025-07-19 23:00:00+00:00,4.974,5.023,4.971,5.016,49031.49
2025-07-20 00:00:00+00:00,5.017,5.031,4.989,4.998,70386.13
2025-07-20 01:00:00+00:00,4.999,5.031,4.983,4.993,95826.03
2025-07-20 02:00:00+00:00,4.994,5.039,4.983,5.017,72745.73
2025-07-20 03:00:00+00:00,5.016,5.061,4.991,5.021,74241.04
2025-07-20 04:00:00+00:00,5.024,5.061,5.01,5.047,73535.76
2025-07-20 05:00:00+00:00,5.049,5.132,5.04,5.129,94901.15
2025-07-20 06:00:00+00:00,5.129,5.145,5.1,5.106,137835.87
2025-07-20 07:00:00+00:00,5.106,5.154,5.104,5.105,112965.31
2025-07-20 08:00:00+00:00,5.106,5.181,5.1,5.18,149407.1
2025-07-20 09:00:00+00:00,5.179,5.204,5.134,5.171,134299.01
2025-07-20 10:00:00+00:00,5.169,5.194,5.164,5.183,91653.03
2025-07-20 11:00:00+00:00,5.184,5.216,5.178,5.201,75577.07
2025-07-20 12:00:00+00:00,5.202,5.204,5.158,5.183,102186.39
2025-07-20 13:00:00+00:00,5.181,5.218,5.178,5.214,57150.21
2025-07-20 14:00:00+00:00,5.213,5.213,5.152,5.196,81090.93
2025-07-20 15:00:00+00:00,5.195,5.26,5.176,5.252,95241.65
2025-07-20 16:00:00+00:00,5.251,5.281,5.214,5.249,117864.04
2025-07-20 17:00:00+00:00,5.249,5.277,5.192,5.218,142885.5
2025-07-20 18:00:00+00:00,5.219,5.257,5.199,5.255,107772.16
2025-07-20 19:00:00+00:00,5.255,5.278,5.233,5.234,65471.62
2025-07-20 20:00:00+00:00,5.234,5.236,5.187,5.207,61024.74
2025-07-20 21:00:00+00:00,5.208,5.221,5.148,5.221,88769.58
2025-07-20 22:00:00+00:00,5.221,5.229,5.068,5.16,194118.6
2025-07-20 23:00:00+00:00,5.159,5.197,5.134,5.174,78934.74
2025-07-21 00:00:00+00:00,5.174,5.187,5.084,5.145,103249.8
2025-07-21 01:00:00+00:00,5.147,5.16,5.063,5.116,91813.24
2025-07-21 02:00:00+00:00,5.117,5.16,5.117,5.159,55659.11
2025-07-21 03:00:00+00:00,5.161,5.216,5.159,5.211,102975.31
2025-07-21 04:00:00+00:00,5.211,5.217,5.188,5.199,62349.2
2025-07-21 05:00:00+00:00,5.198,5.216,5.166,5.216,66344.92
2025-07-21 06:00:00+00:00,5.216,5.262,5.213,5.237,141692.9
2025-07-21 07:00:00+00:00,5.237,5.276,5.234,5.241,91449.5
2025-07-21 08:00:00+00:00,5.24,5.28,5.221,5.236,115942.92
2025-07-21 09:00:00+00:00,5.236,5.241,5.196,5.235,109866.14
2025-07-21 10:00:00+00:00,5.234,5.262,5.192,5.26,74728.55
2025-07-21 11:00:00+00:00,5.259,5.298,5.252,5.257,130954.24
2025-07-21 12:00:00+00:00,5.257,5.267,5.227,5.258,145480.43
2025-07-21 13:00:00+00:00,5.258,5.281,5.208,5.27,152162.3
2025-07-21 14:00:00+00:00,5.27,5.313,5.232,5.274,230678.0
2025-07-21 15:00:00+00:00,5.274,5.317,5.229,5.24,147162.69
2025-07-21 16:00:00+00:00,5.24,5.25,5.122,5.181,182048.79
2025-07-21 17:00:00+00:00,5.18,5.231,5.173,5.216,118493.32
2025-07-21 18:00:00+00:00,5.217,5.272,5.165,5.176,86297.83
2025-07-21 19:00:00+00:00,5.175,5.209,5.121,5.139,102628.67
2025-07-21 20:00:00+00:00,5.139,5.179,5.117,5.133,91193.35
2025-07-21 21:00:00+00:00,5.132,5.186,5.121,5.17,40013.1
2025-07-21 22:00:00+00:00,5.169,5.209,5.165,5.2,46862.47
2025-07-21 23:00:00+00:00,5.2,5.22,5.174,5.186,36485.06
2025-07-22 00:00:00+00:00,5.186,5.202,5.11,5.12,79251.66
2025-07-22 01:00:00+00:00,5.119,5.209,5.024,5.193,204010.89
2025-07-22 02:00:00+00:00,5.195,5.209,5.108,5.125,80620.94
2025-07-22 03:00:00+00:00,5.125,5.137,5.052,5.09,108184.28
2025-07-22 04:00:00+00:00,5.09,5.105,4.962,4.962,155089.66
2025-07-22 05:00:00+00:00,4.964,5.058,4.96,5.015,110383.02
2025-07-22 06:00:00+00:00,5.016,5.061,4.998,5.037,74745.06
2025-07-22 07:00:00+00:00,5.038,5.092,5.021,5.035,83956.55
2025-07-22 08:00:00+00:00,5.035,5.035,4.932,4.986,125548.73
2025-07-22 09:00:00+00:00,4.987,5.005,4.922,4.98,99206.94
2025-07-22 10:00:00+00:00,4.98,5.056,4.978,5.055,87135.54
2025-07-22 11:00:00+00:00,5.056,5.066,5.013,5.05,80255.24
2025-07-22 12:00:00+00:00,5.05,5.06,5.018,5.033,48938.13
2025-07-22 13:00:00+00:00,5.034,5.088,4.982,4.999,126397.08
2025-07-22 14:00:00+00:00,5.001,5.082,4.941,5.082,122198.74
2025-07-22 15:00:00+00:00,5.081,5.123,5.049,5.059,83151.77
2025-07-22 16:00:00+00:00,5.059,5.12,5.046,5.068,64820.78
2025-07-22 17:00:00+00:00,5.066,5.08,5.003,5.04,71182.24
2025-07-22 18:00:00+00:00,5.04,5.108,5.01,5.083,97094.76
2025-07-22 19:00:00+00:00,5.081,5.09,4.969,4.987,130043.0
2025-07-22 20:00:00+00:00,4.983,5.06,4.975,5.043,105281.06
2025-07-22 21:00:00+00:00,5.046,5.054,5.018,5.043,69954.7
2025-07-22 22:00:00+00:00,5.043,5.067,5.029,5.064,64875.46
2025-07-22 23:00:00+00:00,5.065,5.115,5.057,5.11,75208.04
2025-07-23 00:00:00+00:00,5.111,5.138,5.03,5.034,105313.57
2025-07-23 01:00:00+00:00,5.035,5.054,5.002,5.052,56182.78
2025-07-23 02:00:00+00:00,5.052,5.071,5.031,5.054,79604.69
2025-07-23 03:00:00+00:00,5.056,5.088,5.037,5.056,44025.0
2025-07-23 04:00:00+00:00,5.055,5.13,5.048,5.128,68470.08
2025-07-23 05:00:00+00:00,5.127,5.135,5.094,5.097,61559.79
2025-07-23 06:00:00+00:00,5.097,5.108,5.027,5.05,84089.09
2025-07-23 07:00:00+00:00,5.049,5.082,5.017,5.037,78806.39
2025-07-23 08:00:00+00:00,5.035,5.069,5.021,5.068,49123.74
2025-07-23 09:00:00+00:00,5.068,5.074,4.959,4.96,108006.81
2025-07-23 10:00:00+00:00,4.959,4.989,4.924,4.98,140955.2
2025-07-23 11:00:00+00:00,4.979,5.007,4.946,5.004,75626.18
2025-07-23 12:00:00+00:00,5.003,5.013,4.86,4.876,211964.62
2025-07-23 13:00:00+00:00,4.877,4.919,4.743,4.784,687060.42
2025-07-23 14:00:00+00:00,4.784,4.848,4.768,4.836,189730.36
2025-07-23 15:00:00+00:00,4.836,4.843,4.772,4.816,133623.13
2025-07-23 16:00:00+00:00,4.816,4.817,4.715,4.722,134970.14
2025-07-23 17:00:00+00:00,4.724,4.745,4.648,4.712,283250.91
2025-07-23 18:00:00+00:00,4.713,4.746,4.704,4.744,77569.53
2025-07-23 19:00:00+00:00,4.743,4.749,4.704,4.708,72390.18
2025-07-23 20:00:00+00:00,4.707,4.733,4.583,4.661,318124.72
2025-07-23 21:00:00+00:00,4.663,4.69,4.558,4.67,261783.69
2025-07-23 22:00:00+00:00,4.671,4.715,4.644,4.693,59236.45
2025-07-23 23:00:00+00:00,4.693,4.713,4.689,4.702,63389.5
2025-07-24 00:00:00+00:00,4.704,4.744,4.673,4.742,54467.96
2025-07-24 01:00:00+00:00,4.742,4.747,4.697,4.743,50435.42
2025-07-24 02:00:00+00:00,4.745,4.75,4.712,4.727,29650.9
2025-07-24 03:00:00+00:00,4.727,4.763,4.705,4.707,57148.49
2025-07-24 04:00:00+00:00,4.708,4.723,4.628,4.636,88332.99
2025-07-24 05:00:00+00:00,4.635,4.638,4.513,4.523,155072.33
2025-07-24 06:00:00+00:00,4.523,4.6,4.46,4.511,269901.32
2025-07-24 07:00:00+00:00,4.51,4.586,4.467,4.58,127879.47
2025-07-24 08:00:00+00:00,4.58,4.64,4.555,4.627,113425.34
2025-07-24 09:00:00+00:00,4.628,4.642,4.599,4.619,82815.91
2025-07-24 10:00:00+00:00,4.62,4.646,4.552,4.594,104291.69
2025-07-24 11:00:00+00:00,4.594,4.683,4.592,4.675,91900.9
2025-07-24 12:00:00+00:00,4.674,4.697,4.642,4.657,76809.9
2025-07-24 13:00:00+00:00,4.657,4.692,4.633,4.636,115577.11
2025-07-24 14:00:00+00:00,4.637,4.76,4.6,4.755,173702.71
2025-07-24 15:00:00+00:00,4.757,4.805,4.719,4.745,183650.76
2025-07-24 16:00:00+00:00,4.747,4.753,4.635,4.665,134954.88
2025-07-24 17:00:00+00:00,4.667,4.74,4.661,4.706,63995.48
2025-07-24 18:00:00+00:00,4.705,4.74,4.683,4.725,53010.84
2025-07-24 19:00:00+00:00,4.725,4.747,4.685,4.689,56791.59
2025-07-24 20:00:00+00:00,4.689,4.734,4.681,4.727,27641.81
2025-07-24 21:00:00+00:00,4.727,4.73,4.662,4.679,53448.85
2025-07-24 22:00:00+00:00,4.678,4.694,4.644,4.669,88772.25
2025-07-24 23:00:00+00:00,4.669,4.669,4.609,4.625,76492.91
2025-07-25 00:00:00+00:00,4.626,4.633,4.564,4.589,88188.78
2025-07-25 01:00:00+00:00,4.588,4.642,4.561,4.63,75138.22
2025-07-25 02:00:00+00:00,4.632,4.648,4.553,4.567,88993.28
2025-07-25 03:00:00+00:00,4.566,4.598,4.498,4.559,124607.16
2025-07-25 04:00:00+00:00,4.559,4.603,4.509,4.602,111243.49
2025-07-25 05:00:00+00:00,4.602,4.609,4.55,4.554,70218.63
2025-07-25 06:00:00+00:00,4.555,4.61,4.532,4.589,54538.4
2025-07-25 07:00:00+00:00,4.588,4.633,4.545,4.588,82600.6
2025-07-25 08:00:00+00:00,4.587,4.639,4.582,4.601,89274.67
2025-07-25 09:00:00+00:00,4.601,4.681,4.586,4.68,109232.53
2025-07-25 10:00:00+00:00,4.679,4.7,4.669,4.692,168513.59
2025-07-25 11:00:00+00:00,4.693,4.719,4.69,4.709,114082.58
2025-07-25 12:00:00+00:00,4.71,4.738,4.678,4.693,72832.68
2025-07-25 13:00:00+00:00,4.693,4.694,4.594,4.633,187196.68
2025-07-25 14:00:00+00:00,4.634,4.638,4.534,4.539,134347.18
2025-07-25 15:00:00+00:00,4.539,4.586,4.51,4.564,121894.14
2025-07-25 16:00:00+00:00,4.564,4.602,4.533,4.596,74728.56
2025-07-25 17:00:00+00:00,4.593,4.616,4.573,4.583,67215.95
2025-07-25 18:00:00+00:00,4.582,4.6,4.574,4.592,45189.7
2025-07-25 19:00:00+00:00,4.592,4.613,4.571,4.594,34222.2
2025-07-25 20:00:00+00:00,4.593,4.68,4.591,4.662,49717.42
2025-07-25 21:00:00+00:00,4.664,4.706,4.664,4.695,58696.15
2025-07-25 22:00:00+00:00,4.696,4.71,4.688,4.702,53425.95
2025-07-25 23:00:00+00:00,4.701,4.716,4.689,4.709,26067.82
2025-07-26 00:00:00+00:00,4.71,4.713,4.688,4.704,47100.99
2025-07-26 01:00:00+00:00,4.704,4.707,4.669,4.672,23992.0
2025-07-26 02:00:00+00:00,4.672,4.72,4.672,4.698,36740.2
2025-07-26 03:00:00+00:00,4.698,4.701,4.68,4.694,20611.96
2025-07-26 04:00:00+00:00,4.693,4.7,4.682,4.688,24972.49
2025-07-26 05:00:00+00:00,4.689,4.701,4.682,4.697,27117.22
2025-07-26 06:00:00+00:00,4.697,4.698,4.672,4.676,26955.56
2025-07-26 07:00:00+00:00,4.675,4.692,4.674,4.685,22554.44
2025-07-26 08:00:00+00:00,4.685,4.711,4.685,4.697,34115.53
2025-07-26 09:00:00+00:00,4.697,4.726,4.691,4.724,37882.61
2025-07-26 10:00:00+00:00,4.724,4.748,4.714,4.731,70870.75
2025-07-26 11:00:00+00:00,4.731,4.742,4.716,4.724,31894.12
2025-07-26 12:00:00+00:00,4.724,4.747,4.709,4.741,30056.75
2025-07-26 13:00:00+00:00,4.741,4.764,4.735,4.749,41256.01
2025-07-26 14:00:00+00:00,4.75,4.769,4.727,4.739,62209.41
2025-07-26 15:00:00+00:00,4.739,4.76,4.713,4.751,83554.59
2025-07-26 16:00:00+00:00,4.752,4.764,4.733,4.742,34165.59
2025-07-26 17:00:00+00:00,4.742,4.753,4.723,4.738,20455.82
2025-07-26 18:00:00+00:00,4.737,4.778,4.721,4.775,63693.59
2025-07-26 19:00:00+00:00,4.775,4.838,4.775,4.833,58632.68
2025-07-26 20:00:00+00:00,4.833,4.833,4.79,4.794,44302.88
2025-07-26 21:00:00+00:00,4.794,4.806,4.776,4.802,19961.87
2025-07-26 22:00:00+00:00,4.803,4.828,4.785,4.788,57799.16
2025-07-26 23:00:00+00:00,4.788,4.79,4.76,4.765,21938.12
2025-07-27 00:00:00+00:00,4.766,4.77,4.749,4.764,22963.45
2025-07-27 01:00:00+00:00,4.766,4.789,4.756,4.782,20402.15
2025-07-27 02:00:00+00:00,4.781,4.811,4.768,4.796,27909.31
2025-07-27 03:00:00+00:00,4.797,4.803,4.775,4.779,22094.62
2025-07-27 04:00:00+00:00,4.778,4.803,4.774,4.798,24239.98
2025-07-27 05:00:00+00:00,4.799,4.83,4.799,4.81,64135.87
2025-07-27 06:00:00+00:00,4.81,4.81,4.789,4.806,32219.45
2025-07-27 07:00:00+00:00,4.808,4.82,4.787,4.8,22851.91
2025-07-27 08:00:00+00:00,4.799,4.808,4.767,4.777,42135.13
2025-07-27 09:00:00+00:00,4.776,4.776,4.736,4.747,39255.19
2025-07-27 10:00:00+00:00,4.748,4.814,4.748,4.808,56677.92
2025-07-27 11:00:00+00:00,4.809,4.817,4.775,4.782,42789.07
2025-07-27 12:00:00+00:00,4.782,4.82,4.77,4.815,39088.83
2025-07-27 13:00:00+00:00,4.814,4.821,4.778,4.787,32716.78
2025-07-27 14:00:00+00:00,4.785,4.803,4.76,4.777,32105.39
2025-07-27 15:00:00+00:00,4.777,4.796,4.76,4.795,29618.77
2025-07-27 16:00:00+00:00,4.796,4.85,4.791,4.803,122941.55
2025-07-27 17:00:00+00:00,4.803,4.818,4.784,4.815,47192.34
2025-07-27 18:00:00+00:00,4.815,4.84,4.81,4.823,34014.95
2025-07-27 19:00:00+00:00,4.822,4.828,4.8,4.811,27966.99
2025-07-27 20:00:00+00:00,4.811,4.83,4.805,4.813,38039.2
2025-07-27 21:00:00+00:00,4.812,4.846,4.803,4.842,27193.88
2025-07-27 22:00:00+00:00,4.844,4.891,4.842,4.877,78062.08
2025-07-27 23:00:00+00:00,4.876,4.876,4.848,4.874,26037.99
2025-07-28 00:00:00+00:00,4.875,4.911,4.862,4.872,88694.49
2025-07-28 01:00:00+00:00,4.873,4.874,4.815,4.828,60412.44
2025-07-28 02:00:00+00:00,4.827,4.908,4.821,4.874,76465.91
2025-07-28 03:00:00+00:00,4.873,4.883,4.835,4.845,69838.79
2025-07-28 04:00:00+00:00,4.845,4.876,4.825,4.873,70957.86
2025-07-28 05:00:00+00:00,4.873,4.924,4.864,4.912,80256.96
2025-07-28 06:00:00+00:00,4.912,4.932,4.901,4.931,141204.52
2025-07-28 07:00:00+00:00,4.931,4.932,4.874,4.896,75946.15
2025-07-28 08:00:00+00:00,4.895,4.911,4.861,4.881,73461.35
2025-07-28 09:00:00+00:00,4.881,4.928,4.872,4.908,71730.32
2025-07-28 10:00:00+00:00,4.909,4.928,4.897,4.914,34634.4
2025-07-28 11:00:00+00:00,4.915,4.916,4.866,4.881,64301.21
2025-07-28 12:00:00+00:00,4.881,4.935,4.86,4.934,108950.47
2025-07-28 13:00:00+00:00,4.935,4.951,4.879,4.9,205743.79
2025-07-28 14:00:00+00:00,4.898,4.92,4.79,4.798,208332.71
2025-07-28 15:00:00+00:00,4.797,4.832,4.738,4.758,100682.9
2025-07-28 16:00:00+00:00,4.758,4.802,4.729,4.771,107281.14
2025-07-28 17:00:00+00:00,4.771,4.786,4.735,4.74,63488.24
2025-07-28 18:00:00+00:00,4.739,4.742,4.664,4.686,115069.39
2025-07-28 19:00:00+00:00,4.685,4.71,4.636,4.671,93843.93
2025-07-28 20:00:00+00:00,4.671,4.675,4.622,4.636,86748.86
2025-07-28 21:00:00+00:00,4.635,4.679,4.612,4.647,57285.25
2025-07-28 22:00:00+00:00,4.646,4.663,4.609,4.63,58266.84
2025-07-28 23:00:00+00:00,4.632,4.647,4.616,4.643,61255.91
2025-07-29 00:00:00+00:00,4.643,4.66,4.559,4.615,128675.93
2025-07-29 01:00:00+00:00,4.615,4.637,4.587,4.589,40602.43
2025-07-29 02:00:00+00:00,4.589,4.596,4.553,4.574,113038.62
2025-07-29 03:00:00+00:00,4.573,4.634,4.571,4.626,76481.88
2025-07-29 04:00:00+00:00,4.626,4.645,4.597,4.6,67579.48
2025-07-29 05:00:00+00:00,4.6,4.685,4.6,4.682,58573.31
2025-07-29 06:00:00+00:00,4.683,4.726,4.673,4.721,83312.94
2025-07-29 07:00:00+00:00,4.721,4.772,4.715,4.765,83961.6
2025-07-29 08:00:00+00:00,4.767,4.77,4.712,4.732,105853.85
2025-07-29 09:00:00+00:00,4.733,4.739,4.702,4.711,61858.1
2025-07-29 10:00:00+00:00,4.71,4.717,4.616,4.626,121297.63
2025-07-29 11:00:00+00:00,4.625,4.666,4.621,4.649,53701.31
2025-07-29 12:00:00+00:00,4.65,4.704,4.641,4.681,79955.03
2025-07-29 13:00:00+00:00,4.681,4.727,4.652,4.661,200527.95
2025-07-29 14:00:00+00:00,4.662,4.664,4.574,4.603,163938.05
2025-07-29 15:00:00+00:00,4.602,4.631,4.568,4.602,156192.94
2025-07-29 16:00:00+00:00,4.602,4.616,4.543,4.613,237103.94
2025-07-29 17:00:00+00:00,4.614,4.65,4.607,4.624,161199.0
2025-07-29 18:00:00+00:00,4.623,4.627,4.573,4.586,46017.62
2025-07-29 19:00:00+00:00,4.585,4.607,4.551,4.553,62453.74
2025-07-29 20:00:00+00:00,4.553,4.581,4.52,4.554,94755.07
2025-07-29 21:00:00+00:00,4.554,4.632,4.53,4.614,94482.43
2025-07-29 22:00:00+00:00,4.614,4.63,4.584,4.602,58560.28
2025-07-29 23:00:00+00:00,4.602,4.624,4.59,4.616,63011.58
2025-07-30 00:00:00+00:00,4.617,4.618,4.534,4.563,69869.47
2025-07-30 01:00:00+00:00,4.561,4.605,4.52,4.581,48447.12
2025-07-30 02:00:00+00:00,4.582,4.605,4.562,4.577,116298.4
2025-07-30 03:00:00+00:00,4.576,4.591,4.567,4.568,42619.0
2025-07-30 04:00:00+00:00,4.568,4.585,4.537,4.544,39279.52
2025-07-30 05:00:00+00:00,4.543,4.562,4.521,4.552,124271.68
2025-07-30 06:00:00+00:00,4.551,4.563,4.534,4.549,55916.49
2025-07-30 07:00:00+00:00,4.548,4.568,4.502,4.514,116896.38
2025-07-30 08:00:00+00:00,4.513,4.545,4.499,4.529,100929.29
2025-07-30 09:00:00+00:00,4.529,4.543,4.489,4.497,61895.31
2025-07-30 10:00:00+00:00,4.497,4.519,4.475,4.486,60631.43
2025-07-30 11:00:00+00:00,4.487,4.516,4.387,4.406,292303.66
2025-07-30 12:00:00+00:00,4.407,4.456,4.396,4.428,208923.26
2025-07-30 13:00:00+00:00,4.427,4.445,4.4,4.428,145856.15
2025-07-30 14:00:00+00:00,4.428,4.484,4.4,4.477,219308.95
2025-07-30 15:00:00+00:00,4.479,4.483,4.43,4.443,214888.2
2025-07-30 16:00:00+00:00,4.443,4.475,4.431,4.439,91266.05
2025-07-30 17:00:00+00:00,4.44,4.455,4.425,4.447,84459.61
2025-07-30 18:00:00+00:00,4.447,4.472,4.363,4.366,212306.78
2025-07-30 19:00:00+00:00,4.365,4.415,4.247,4.403,428846.33
2025-07-30 20:00:00+00:00,4.405,4.444,4.389,4.402,82146.6
2025-07-30 21:00:00+00:00,4.402,4.424,4.347,4.382,76459.25
2025-07-30 22:00:00+00:00,4.382,4.405,4.359,4.383,73822.63
2025-07-30 23:00:00+00:00,4.383,4.429,4.383,4.417,53343.02
2025-07-31 00:00:00+00:00,4.417,4.457,4.407,4.449,117870.93
2025-07-31 01:00:00+00:00,4.449,4.457,4.432,4.438,85770.02
2025-07-31 02:00:00+00:00,4.439,4.455,4.432,4.452,80813.97
2025-07-31 03:00:00+00:00,4.452,4.485,4.451,4.472,49868.47
2025-07-31 04:00:00+00:00,4.473,4.488,4.46,4.485,44237.13
2025-07-31 05:00:00+00:00,4.485,4.498,4.478,4.488,37085.35
2025-07-31 06:00:00+00:00,4.487,4.504,4.471,4.5,44501.75
2025-07-31 07:00:00+00:00,4.5,4.501,4.476,4.489,112485.01
2025-07-31 08:00:00+00:00,4.489,4.516,4.488,4.508,37197.75
2025-07-31 09:00:00+00:00,4.508,4.512,4.5,4.505,34112.27
2025-07-31 10:00:00+00:00,4.505,4.509,4.486,4.488,25244.61
2025-07-31 11:00:00+00:00,4.488,4.489,4.453,4.464,43829.25
2025-07-31 12:00:00+00:00,4.464,4.468,4.411,4.426,65177.35
2025-07-31 13:00:00+00:00,4.425,4.425,4.359,4.381,123666.98
2025-07-31 14:00:00+00:00,4.382,4.392,4.254,4.301,200350.3
2025-07-31 15:00:00+00:00,4.299,4.347,4.292,4.325,78593.15
2025-07-31 16:00:00+00:00,4.325,4.417,4.318,4.391,122195.11
2025-07-31 17:00:00+00:00,4.391,4.391,4.322,4.335,146141.29
2025-07-31 18:00:00+00:00,4.336,4.36,4.301,4.342,79412.25
2025-07-31 19:00:00+00:00,4.343,4.351,4.292,4.297,70828.05
2025-07-31 20:00:00+00:00,4.297,4.311,4.265,4.297,101463.06
2025-07-31 21:00:00+00:00,4.296,4.311,4.222,4.262,253624.74
2025-07-31 22:00:00+00:00,4.262,4.262,4.21,4.224,169639.82
2025-07-31 23:00:00+00:00,4.225,4.25,4.186,4.21,123293.32
2025-08-01 00:00:00+00:00,4.209,4.216,4.088,4.176,392310.99
2025-08-01 01:00:00+00:00,4.175,4.197,4.138,4.183,163404.29
2025-08-01 02:00:00+00:00,4.182,4.231,4.172,4.227,103039.73
2025-08-01 03:00:00+00:00,4.227,4.244,4.212,4.221,75818.93
2025-08-01 04:00:00+00:00,4.221,4.221,4.188,4.195,89566.79
2025-08-01 05:00:00+00:00,4.194,4.209,4.16,4.176,88940.22
2025-08-01 06:00:00+00:00,4.176,4.192,4.151,4.192,99097.44
2025-08-01 07:00:00+00:00,4.193,4.206,4.167,4.183,118111.26
2025-08-01 08:00:00+00:00,4.182,4.182,4.092,4.14,208291.08
2025-08-01 09:00:00+00:00,4.139,4.182,4.136,4.155,125841.15
2025-08-01 10:00:00+00:00,4.155,4.192,4.152,4.183,76446.43
2025-08-01 11:00:00+00:00,4.183,4.21,4.158,4.201,105892.9
2025-08-01 12:00:00+00:00,4.201,4.244,4.188,4.221,119560.36
2025-08-01 13:00:00+00:00,4.222,4.239,4.125,4.159,287986.06
2025-08-01 14:00:00+00:00,4.156,4.263,4.125,4.247,172676.12
2025-08-01 15:00:00+00:00,4.248,4.253,4.188,4.226,126047.21
2025-08-01 16:00:00+00:00,4.225,4.246,4.168,4.179,103702.14
2025-08-01 17:00:00+00:00,4.18,4.208,4.154,4.165,116812.15
2025-08-01 18:00:00+00:00,4.165,4.203,4.134,4.173,111683.21
2025-08-01 19:00:00+00:00,4.172,4.223,4.167,4.219,88217.68
2025-08-01 20:00:00+00:00,4.217,4.226,4.121,4.189,134198.41
2025-08-01 21:00:00+00:00,4.189,4.215,4.182,4.189,89896.51
2025-08-01 22:00:00+00:00,4.19,4.195,4.038,4.105,319953.11
2025-08-01 23:00:00+00:00,4.105,4.161,4.09,4.14,67668.05
2025-08-02 00:00:00+00:00,4.14,4.175,4.138,4.174,81758.57
2025-08-02 01:00:00+00:00,4.175,4.178,4.148,4.176,25345.61
2025-08-02 02:00:00+00:00,4.176,4.178,4.162,4.168,21399.6
2025-08-02 03:00:00+00:00,4.169,4.177,4.164,4.175,29820.4
2025-08-02 04:00:00+00:00,4.175,4.2,4.163,4.187,57744.69
2025-08-02 05:00:00+00:00,4.186,4.188,4.167,4.167,19525.83
2025-08-02 06:00:00+00:00,4.168,4.169,4.081,4.105,83252.25
2025-08-02 07:00:00+00:00,4.104,4.165,4.076,4.163,100970.95
2025-08-02 08:00:00+00:00,4.164,4.174,4.12,4.123,38048.98
2025-08-02 09:00:00+00:00,4.123,4.141,4.11,4.125,39950.75
2025-08-02 10:00:00+00:00,4.124,4.126,4.082,4.109,57018.12
2025-08-02 11:00:00+00:00,4.107,4.148,4.095,4.128,59677.2
2025-08-02 12:00:00+00:00,4.128,4.13,4.099,4.122,45859.65
2025-08-02 13:00:00+00:00,4.122,4.141,4.094,4.13,50550.88
2025-08-02 14:00:00+00:00,4.132,4.139,4.076,4.094,75597.72
2025-08-02 15:00:00+00:00,4.093,4.129,4.069,4.084,96299.53
2025-08-02 16:00:00+00:00,4.083,4.111,4.043,4.09,138551.27
2025-08-02 17:00:00+00:00,4.09,4.121,4.025,4.043,115291.64
2025-08-02 18:00:00+00:00,4.044,4.058,4.007,4.028,178946.55
2025-08-02 19:00:00+00:00,4.028,4.094,4.013,4.059,120420.76
2025-08-02 20:00:00+00:00,4.059,4.091,4.057,4.085,66472.21
2025-08-02 21:00:00+00:00,4.085,4.106,4.059,4.089,65470.58
2025-08-02 22:00:00+00:00,4.09,4.119,4.077,4.112,91685.06
2025-08-02 23:00:00+00:00,4.112,4.118,4.067,4.092,74273.71
2025-08-03 00:00:00+00:00,4.092,4.112,4.035,4.112,129822.83
2025-08-03 01:00:00+00:00,4.112,4.137,4.105,4.128,83047.44
2025-08-03 02:00:00+00:00,4.127,4.148,4.127,4.146,43953.43
2025-08-03 03:00:00+00:00,4.146,4.149,4.132,4.142,28469.61
2025-08-03 04:00:00+00:00,4.141,4.147,4.128,4.141,18389.38
2025-08-03 05:00:00+00:00,4.142,4.166,4.141,4.166,43107.92
2025-08-03 06:00:00+00:00,4.166,4.171,4.15,4.169,26851.71
2025-08-03 07:00:00+00:00,4.17,4.195,4.17,4.188,36855.51
2025-08-03 08:00:00+00:00,4.188,4.197,4.178,4.196,24763.62
2025-08-03 09:00:00+00:00,4.195,4.207,4.189,4.205,41007.56
2025-08-03 10:00:00+00:00,4.205,4.229,4.204,4.225,61766.63
2025-08-03 11:00:00+00:00,4.227,4.259,4.225,4.247,158811.21
2025-08-03 12:00:00+00:00,4.246,4.257,4.223,4.235,130310.04
2025-08-03 13:00:00+00:00,4.235,4.242,4.215,4.228,63467.05
2025-08-03 14:00:00+00:00,4.228,4.234,4.205,4.222,40352.61
2025-08-03 15:00:00+00:00,4.222,4.238,4.213,4.23,53710.35
2025-08-03 16:00:00+00:00,4.229,4.239,4.218,4.232,26979.82
2025-08-03 17:00:00+00:00,4.233,4.237,4.217,4.229,33322.71
2025-08-03 18:00:00+00:00,4.23,4.246,4.22,4.244,33894.47
2025-08-03 19:00:00+00:00,4.244,4.259,4.235,4.24,25418.52
2025-08-03 20:00:00+00:00,4.241,4.264,4.239,4.264,25956.65
2025-08-03 21:00:00+00:00,4.263,4.276,4.257,4.276,21976.38
2025-08-03 22:00:00+00:00,4.276,4.284,4.251,4.264,28765.76
2025-08-03 23:00:00+00:00,4.264,4.286,4.262,4.273,38345.93
2025-08-04 00:00:00+00:00,4.273,4.331,4.269,4.33,63335.93
2025-08-04 01:00:00+00:00,4.33,4.334,4.284,4.286,57521.48
2025-08-04 02:00:00+00:00,4.287,4.3,4.275,4.297,30352.76
2025-08-04 03:00:00+00:00,4.298,4.3,4.274,4.284,21010.69
2025-08-04 04:00:00+00:00,4.284,4.295,4.262,4.265,50983.63
2025-08-04 05:00:00+00:00,4.265,4.281,4.259,4.276,22784.26
2025-08-04 06:00:00+00:00,4.275,4.278,4.253,4.275,19374.43
2025-08-04 07:00:00+00:00,4.275,4.292,4.272,4.283,21084.68
2025-08-04 08:00:00+00:00,4.283,4.3,4.276,4.288,44970.53
2025-08-04 09:00:00+00:00,4.289,4.292,4.26,4.263,84410.98
2025-08-04 10:00:00+00:00,4.265,4.278,4.258,4.259,34503.34
2025-08-04 11:00:00+00:00,4.259,4.265,4.239,4.259,62305.37
2025-08-04 12:00:00+00:00,4.26,4.274,4.252,4.266,60323.66
2025-08-04 13:00:00+00:00,4.266,4.297,4.248,4.279,181336.94
2025-08-04 14:00:00+00:00,4.279,4.296,4.24,4.252,212243.88
2025-08-04 15:00:00+00:00,4.251,4.272,4.244,4.265,69437.01
2025-08-04 16:00:00+00:00,4.266,4.284,4.259,4.281,73126.9
2025-08-04 17:00:00+00:00,4.28,4.317,4.273,4.284,128274.52
2025-08-04 18:00:00+00:00,4.285,4.288,4.246,4.252,60812.83
2025-08-04 19:00:00+00:00,4.251,4.269,4.231,4.265,85599.69
2025-08-04 20:00:00+00:00,4.265,4.3,4.261,4.295,47108.95
2025-08-04 21:00:00+00:00,4.294,4.331,4.294,4.312,71767.14
2025-08-04 22:00:00+00:00,4.315,4.338,4.315,4.332,66687.93
2025-08-04 23:00:00+00:00,4.333,4.334,4.307,4.311,22697.65
2025-08-05 00:00:00+00:00,4.311,4.318,4.296,4.305,39198.27
2025-08-05 01:00:00+00:00,4.304,4.311,4.273,4.278,47039.81
2025-08-05 02:00:00+00:00,4.278,4.291,4.268,4.28,83390.8
2025-08-05 03:00:00+00:00,4.28,4.28,4.247,4.253,37548.59
2025-08-05 04:00:00+00:00,4.255,4.273,4.24,4.25,42714.01
2025-08-05 05:00:00+00:00,4.251,4.259,4.232,4.249,29178.87
2025-08-05 06:00:00+00:00,4.248,4.263,4.219,4.231,45804.84
2025-08-05 07:00:00+00:00,4.23,4.237,4.18,4.196,85497.01
2025-08-05 08:00:00+00:00,4.196,4.225,4.187,4.214,88610.97
2025-08-05 09:00:00+00:00,4.215,4.248,4.209,4.24,118215.63
2025-08-05 10:00:00+00:00,4.24,4.284,4.229,4.278,95702.68
2025-08-05 11:00:00+00:00,4.279,4.294,4.272,4.285,72699.1
2025-08-05 12:00:00+00:00,4.285,4.289,4.213,4.244,182505.18
2025-08-05 13:00:00+00:00,4.243,4.304,4.24,4.295,227699.2
2025-08-05 14:00:00+00:00,4.295,4.298,4.207,4.236,160144.7
2025-08-05 15:00:00+00:00,4.235,4.252,4.163,4.179,129462.9
2025-08-05 16:00:00+00:00,4.178,4.222,4.167,4.185,83179.17
2025-08-05 17:00:00+00:00,4.185,4.205,4.173,4.201,44698.35
2025-08-05 18:00:00+00:00,4.2,4.205,4.155,4.183,40400.11
2025-08-05 19:00:00+00:00,4.184,4.199,4.155,4.168,62204.42
2025-08-05 20:00:00+00:00,4.169,4.202,4.168,4.182,50043.37
2025-08-05 21:00:00+00:00,4.181,4.199,4.164,4.17,23520.66
2025-08-05 22:00:00+00:00,4.17,4.202,4.137,4.199,69446.94
2025-08-05 23:00:00+00:00,4.198,4.232,4.195,4.23,83754.75
2025-08-06 00:00:00+00:00,4.231,4.234,4.178,4.184,42768.28
2025-08-06 01:00:00+00:00,4.183,4.199,4.165,4.198,55026.52
2025-08-06 02:00:00+00:00,4.198,4.199,4.169,4.183,26684.26
2025-08-06 03:00:00+00:00,4.184,4.186,4.148,4.149,30465.82
2025-08-06 04:00:00+00:00,4.148,4.163,4.13,4.16,43025.14
2025-08-06 05:00:00+00:00,4.158,4.237,4.146,4.209,95447.18
2025-08-06 06:00:00+00:00,4.209,4.23,4.186,4.225,41212.76
2025-08-06 07:00:00+00:00,4.226,4.247,4.219,4.235,44472.25
2025-08-06 08:00:00+00:00,4.235,4.244,4.197,4.209,62278.38
2025-08-06 09:00:00+00:00,4.21,4.234,4.195,4.203,152025.32
2025-08-06 10:00:00+00:00,4.204,4.211,4.184,4.19,85214.6
2025-08-06 11:00:00+00:00,4.191,4.219,4.184,4.197,33970.68
2025-08-06 12:00:00+00:00,4.198,4.209,4.166,4.176,51818.13
2025-08-06 13:00:00+00:00,4.177,4.206,4.17,4.193,82153.23
2025-08-06 14:00:00+00:00,4.194,4.261,4.187,4.26,128130.76
2025-08-06 15:00:00+00:00,4.261,4.295,4.247,4.294,86005.79
2025-08-06 16:00:00+00:00,4.292,4.308,4.262,4.276,82053.39
2025-08-06 17:00:00+00:00,4.277,4.308,4.264,4.306,45536.6
2025-08-06 18:00:00+00:00,4.307,4.327,4.298,4.3,54164.39
2025-08-06 19:00:00+00:00,4.301,4.317,4.299,4.311,46864.22
2025-08-06 20:00:00+00:00,4.311,4.313,4.287,4.292,24186.06
2025-08-06 21:00:00+00:00,4.291,4.323,4.29,4.322,59117.67
2025-08-06 22:00:00+00:00,4.323,4.341,4.309,4.339,73823.66
2025-08-06 23:00:00+00:00,4.34,4.342,4.321,4.321,39634.62
2025-08-07 00:00:00+00:00,4.321,4.324,4.299,4.309,33380.96
2025-08-07 01:00:00+00:00,4.31,4.336,4.3,4.306,48076.18
2025-08-07 02:00:00+00:00,4.306,4.321,4.3,4.308,38248.86
2025-08-07 03:00:00+00:00,4.308,4.31,4.29,4.294,41749.91
2025-08-07 04:00:00+00:00,4.295,4.327,4.293,4.314,15869.17
2025-08-07 05:00:00+00:00,4.312,4.319,4.295,4.317,27021.86
2025-08-07 06:00:00+00:00,4.317,4.34,4.311,4.318,83893.03
2025-08-07 07:00:00+00:00,4.318,4.332,4.309,4.32,68955.9
2025-08-07 08:00:00+00:00,4.32,4.339,4.316,4.319,62634.54
2025-08-07 09:00:00+00:00,4.319,4.333,4.306,4.332,34351.54
2025-08-07 10:00:00+00:00,4.331,4.399,4.331,4.399,174954.33
2025-08-07 11:00:00+00:00,4.399,4.419,4.395,4.413,77489.08
2025-08-07 12:00:00+00:00,4.413,4.426,4.388,4.411,71174.68
2025-08-07 13:00:00+00:00,4.41,4.429,4.404,4.406,75104.19
2025-08-07 14:00:00+00:00,4.406,4.408,4.377,4.383,67991.69
2025-08-07 15:00:00+00:00,4.384,4.397,4.373,4.389,32885.01
2025-08-07 16:00:00+00:00,4.389,4.396,4.312,4.357,75956.25
2025-08-07 17:00:00+00:00,4.356,4.364,4.346,4.357,37628.55
2025-08-07 18:00:00+00:00,4.357,4.358,4.339,4.354,36327.47
2025-08-07 19:00:00+00:00,4.353,4.394,4.349,4.394,40344.6
2025-08-07 20:00:00+00:00,4.394,4.423,4.392,4.415,33987.95
2025-08-07 21:00:00+00:00,4.416,4.437,4.401,4.42,52243.08
2025-08-07 22:00:00+00:00,4.419,4.453,4.412,4.446,48365.29
2025-08-07 23:00:00+00:00,4.447,4.476,4.432,4.471,95450.27
2025-08-08 00:00:00+00:00,4.471,4.536,4.396,4.473,608057.11
2025-08-08 01:00:00+00:00,4.473,4.521,4.411,4.486,888126.85
2025-08-08 02:00:00+00:00,4.487,4.511,4.466,4.493,54150.83
2025-08-08 03:00:00+00:00,4.493,4.536,4.489,4.501,89173.47
2025-08-08 04:00:00+00:00,4.501,4.508,4.473,4.474,109673.42
2025-08-08 05:00:00+00:00,4.475,4.491,4.459,4.46,33250.6
2025-08-08 06:00:00+00:00,4.461,4.506,4.458,4.501,31504.88
2025-08-08 07:00:00+00:00,4.502,4.548,4.472,4.528,124852.73
2025-08-08 08:00:00+00:00,4.528,4.547,4.509,4.522,81698.34
2025-08-08 09:00:00+00:00,4.521,4.537,4.502,4.527,68226.02
2025-08-08 10:00:00+00:00,4.527,4.548,4.508,4.546,142936.69
2025-08-08 11:00:00+00:00,4.546,4.56,4.53,4.55,107252.0
2025-08-08 12:00:00+00:00,4.55,4.553,4.504,4.529,173893.48
2025-08-08 13:00:00+00:00,4.529,4.651,4.529,4.648,234034.21
2025-08-08 14:00:00+00:00,4.65,4.664,4.574,4.589,169504.33
2025-08-08 15:00:00+00:00,4.59,4.594,4.528,4.549,65871.26
2025-08-08 16:00:00+00:00,4.551,4.564,4.53,4.556,64394.81
2025-08-08 17:00:00+00:00,4.557,4.622,4.556,4.62,48811.19
2025-08-08 18:00:00+00:00,4.621,4.63,4.584,4.588,99883.65
2025-08-08 19:00:00+00:00,4.588,4.594,4.566,4.594,115299.89
2025-08-08 20:00:00+00:00,4.595,4.601,4.566,4.596,62197.73
2025-08-08 21:00:00+00:00,4.596,4.609,4.587,4.598,32427.11
2025-08-08 22:00:00+00:00,4.597,4.61,4.588,4.607,41383.54
2025-08-08 23:00:00+00:00,4.608,4.615,4.593,4.604,30088.8
2025-08-09 00:00:00+00:00,4.605,4.621,4.605,4.612,39953.18
2025-08-09 01:00:00+00:00,4.614,4.621,4.605,4.611,50148.53
2025-08-09 02:00:00+00:00,4.61,4.633,4.604,4.624,80106.19
2025-08-09 03:00:00+00:00,4.624,4.637,4.613,4.622,52873.21
2025-08-09 04:00:00+00:00,4.623,4.646,4.616,4.637,49375.17
2025-08-09 05:00:00+00:00,4.636,4.738,4.632,4.732,258305.77
2025-08-09 06:00:00+00:00,4.731,4.733,4.687,4.695,107779.62
2025-08-09 07:00:00+00:00,4.695,4.722,4.689,4.715,90828.85
2025-08-09 08:00:00+00:00,4.714,4.737,4.705,4.728,82124.36
2025-08-09 09:00:00+00:00,4.728,4.749,4.717,4.745,58740.61
2025-08-09 10:00:00+00:00,4.745,4.762,4.739,4.751,93614.42
2025-08-09 11:00:00+00:00,4.752,4.759,4.738,4.75,77260.34
2025-08-09 12:00:00+00:00,4.751,4.791,4.744,4.785,102283.32
2025-08-09 13:00:00+00:00,4.785,4.789,4.725,4.726,103282.12
2025-08-09 14:00:00+00:00,4.727,4.743,4.703,4.737,92106.48
2025-08-09 15:00:00+00:00,4.736,4.746,4.701,4.726,65196.03
2025-08-09 16:00:00+00:00,4.725,4.75,4.719,4.723,62064.2
2025-08-09 17:00:00+00:00,4.722,4.747,4.717,4.742,30170.56
2025-08-09 18:00:00+00:00,4.741,4.743,4.727,4.74,63067.85
2025-08-09 19:00:00+00:00,4.74,4.755,4.737,4.738,49596.76
2025-08-09 20:00:00+00:00,4.738,4.773,4.73,4.765,81532.78
2025-08-09 21:00:00+00:00,4.766,4.771,4.72,4.737,58371.54
2025-08-09 22:00:00+00:00,4.737,4.758,4.717,4.718,90010.98
2025-08-09 23:00:00+00:00,4.718,4.74,4.711,4.73,61251.98
2025-08-10 00:00:00+00:00,4.729,4.786,4.724,4.774,76565.37
2025-08-10 01:00:00+00:00,4.774,4.782,4.755,4.759,52732.03
2025-08-10 02:00:00+00:00,4.759,4.776,4.732,4.737,75237.81
2025-08-10 03:00:00+00:00,4.736,4.778,4.714,4.774,105713.43
2025-08-10 04:00:00+00:00,4.774,4.803,4.751,4.786,77031.72
2025-08-10 05:00:00+00:00,4.786,4.786,4.72,4.722,55646.03
2025-08-10 06:00:00+00:00,4.722,4.728,4.67,4.698,97064.33
2025-08-10 07:00:00+00:00,4.697,4.707,4.615,4.626,95294.07
2025-08-10 08:00:00+00:00,4.626,4.661,4.572,4.65,77058.74
2025-08-10 09:00:00+00:00,4.649,4.659,4.635,4.644,25596.62
2025-08-10 10:00:00+00:00,4.643,4.652,4.601,4.61,39689.49
2025-08-10 11:00:00+00:00,4.61,4.629,4.6,4.6,58138.42
2025-08-10 12:00:00+00:00,4.602,4.628,4.594,4.622,40090.15
2025-08-10 13:00:00+00:00,4.621,4.632,4.591,4.594,62160.13
2025-08-10 14:00:00+00:00,4.593,4.672,4.582,4.662,70761.76
2025-08-10 15:00:00+00:00,4.661,4.689,4.653,4.662,44966.69
2025-08-10 16:00:00+00:00,4.661,4.686,4.658,4.68,50617.69
2025-08-10 17:00:00+00:00,4.68,4.683,4.655,4.671,50257.42
2025-08-10 18:00:00+00:00,4.672,4.691,4.67,4.688,23678.23
2025-08-10 19:00:00+00:00,4.688,4.702,4.678,4.678,53377.52
2025-08-10 20:00:00+00:00,4.678,4.679,4.649,4.659,75496.74
2025-08-10 21:00:00+00:00,4.658,4.658,4.615,4.649,82914.34
2025-08-10 22:00:00+00:00,4.651,4.658,4.633,4.654,38574.71
2025-08-10 23:00:00+00:00,4.655,4.667,4.641,4.662,30475.41
2025-08-11 00:00:00+00:00,4.662,4.673,4.635,4.642,76442.65
2025-08-11 01:00:00+00:00,4.641,4.712,4.638,4.693,48914.66
2025-08-11 02:00:00+00:00,4.694,4.755,4.692,4.748,139035.99
2025-08-11 03:00:00+00:00,4.748,4.752,4.725,4.749,173182.69
2025-08-11 04:00:00+00:00,4.749,4.776,4.72,4.72,104704.74
2025-08-11 05:00:00+00:00,4.721,4.735,4.709,4.72,99899.8
2025-08-11 06:00:00+00:00,4.72,4.73,4.697,4.704,80362.15
2025-08-11 07:00:00+00:00,4.705,4.715,4.629,4.638,49164.23
2025-08-11 08:00:00+00:00,4.637,4.667,4.625,4.659,41155.68
2025-08-11 09:00:00+00:00,4.66,4.669,4.628,4.637,40207.15
2025-08-11 10:00:00+00:00,4.637,4.638,4.588,4.599,109297.95
2025-08-11 11:00:00+00:00,4.6,4.602,4.483,4.499,194679.74
2025-08-11 12:00:00+00:00,4.499,4.518,4.474,4.496,141877.03
2025-08-11 13:00:00+00:00,4.497,4.555,4.464,4.542,150048.92
2025-08-11 14:00:00+00:00,4.541,4.622,4.541,4.571,167181.84
2025-08-11 15:00:00+00:00,4.572,4.6,4.546,4.6,68544.64
2025-08-11 16:00:00+00:00,4.6,4.655,4.572,4.592,115851.48
2025-08-11 17:00:00+00:00,4.591,4.604,4.56,4.575,52411.65
2025-08-11 18:00:00+00:00,4.577,4.582,4.54,4.571,45411.03
2025-08-11 19:00:00+00:00,4.57,4.573,4.515,4.541,46140.76
2025-08-11 20:00:00+00:00,4.54,4.541,4.517,4.532,35527.96
2025-08-11 21:00:00+00:00,4.531,4.548,4.472,4.498,68353.06
2025-08-11 22:00:00+00:00,4.497,4.499,4.45,4.485,72080.12
2025-08-11 23:00:00+00:00,4.485,4.5,4.477,4.487,31594.17
2025-08-12 00:00:00+00:00,4.486,4.522,4.472,4.513,83909.37
2025-08-12 01:00:00+00:00,4.512,4.532,4.506,4.521,25906.26
2025-08-12 02:00:00+00:00,4.521,4.551,4.513,4.527,52081.36
2025-08-12 03:00:00+00:00,4.528,4.532,4.509,4.514,20980.14
2025-08-12 04:00:00+00:00,4.514,4.542,4.508,4.53,27017.74
2025-08-12 05:00:00+00:00,4.529,4.529,4.487,4.499,36961.13
2025-08-12 06:00:00+00:00,4.499,4.511,4.464,4.487,43239.0
2025-08-12 07:00:00+00:00,4.488,4.535,4.485,4.535,33418.97
2025-08-12 08:00:00+00:00,4.536,4.547,4.509,4.513,45579.56
2025-08-12 09:00:00+00:00,4.513,4.519,4.492,4.493,45043.7
2025-08-12 10:00:00+00:00,4.494,4.504,4.471,4.487,53745.7
2025-08-12 11:00:00+00:00,4.488,4.545,4.466,4.539,103303.88
2025-08-12 12:00:00+00:00,4.54,4.611,4.508,4.567,280701.41
2025-08-12 13:00:00+00:00,4.568,4.58,4.513,4.532,176554.73
2025-08-12 14:00:00+00:00,4.532,4.59,4.525,4.58,71831.43
2025-08-12 15:00:00+00:00,4.579,4.632,4.576,4.631,108988.23
2025-08-12 16:00:00+00:00,4.631,4.663,4.613,4.662,114686.71
2025-08-12 17:00:00+00:00,4.663,4.703,4.661,4.678,137003.34
2025-08-12 18:00:00+00:00,4.68,4.742,4.68,4.718,145197.83
2025-08-12 19:00:00+00:00,4.719,4.736,4.708,4.729,81513.74
2025-08-12 20:00:00+00:00,4.728,4.795,4.728,4.768,142988.48
2025-08-12 21:00:00+00:00,4.768,4.769,4.726,4.732,79384.36
2025-08-12 22:00:00+00:00,4.734,4.741,4.709,4.715,75893.69
2025-08-12 23:00:00+00:00,4.715,4.721,4.693,4.706,55619.41
2025-08-13 00:00:00+00:00,4.706,4.736,4.706,4.715,64749.02
2025-08-13 01:00:00+00:00,4.716,4.716,4.664,4.671,77874.22
2025-08-13 02:00:00+00:00,4.671,4.718,4.656,4.718,42449.0
2025-08-13 03:00:00+00:00,4.717,4.762,4.709,4.75,82193.46
2025-08-13 04:00:00+00:00,4.749,4.769,4.729,4.74,111311.59
2025-08-13 05:00:00+00:00,4.739,4.744,4.693,4.694,40250.75
2025-08-13 06:00:00+00:00,4.693,4.718,4.679,4.7,46735.02
2025-08-13 07:00:00+00:00,4.699,4.736,4.699,4.734,39857.73
2025-08-13 08:00:00+00:00,4.733,4.778,4.731,4.776,97898.89
2025-08-13 09:00:00+00:00,4.777,4.834,4.774,4.828,243071.55
2025-08-13 10:00:00+00:00,4.828,4.855,4.821,4.833,130362.95
2025-08-13 11:00:00+00:00,4.833,4.835,4.806,4.82,92960.24
2025-08-13 12:00:00+00:00,4.82,4.836,4.789,4.79,103557.0
2025-08-13 13:00:00+00:00,4.791,4.882,4.791,4.844,258769.18
2025-08-13 14:00:00+00:00,4.845,4.86,4.782,4.809,267867.02
2025-08-13 15:00:00+00:00,4.811,4.85,4.783,4.828,178216.13
2025-08-13 16:00:00+00:00,4.827,4.861,4.811,4.823,101235.1
2025-08-13 17:00:00+00:00,4.822,4.862,4.816,4.834,85251.43
2025-08-13 18:00:00+00:00,4.833,4.842,4.784,4.797,125220.7
2025-08-13 19:00:00+00:00,4.797,4.812,4.779,4.808,73706.19
2025-08-13 20:00:00+00:00,4.808,4.819,4.773,4.813,75016.66
2025-08-13 21:00:00+00:00,4.814,4.84,4.808,4.83,66940.14
2025-08-13 22:00:00+00:00,4.83,4.892,4.821,4.875,140077.7
2025-08-13 23:00:00+00:00,4.874,4.891,4.847,4.853,79507.06
2025-08-14 00:00:00+00:00,4.854,4.889,4.83,4.84,133845.3
2025-08-14 01:00:00+00:00,4.84,4.895,4.812,4.884,97937.47
2025-08-14 02:00:00+00:00,4.883,4.915,4.861,4.914,78870.04
2025-08-14 03:00:00+00:00,4.913,4.916,4.889,4.898,86833.61
2025-08-14 04:00:00+00:00,4.898,4.904,4.86,4.862,71347.54
2025-08-14 05:00:00+00:00,4.862,4.876,4.826,4.836,79706.37
2025-08-14 06:00:00+00:00,4.836,4.841,4.782,4.833,96039.32
2025-08-14 07:00:00+00:00,4.833,4.837,4.775,4.792,76217.82
2025-08-14 08:00:00+00:00,4.792,4.792,4.738,4.757,68122.07
2025-08-14 09:00:00+00:00,4.757,4.786,4.736,4.782,70020.51
2025-08-14 10:00:00+00:00,4.781,4.781,4.704,4.739,102918.15
2025-08-14 11:00:00+00:00,4.738,4.747,4.721,4.729,59400.11
2025-08-14 12:00:00+00:00,4.73,4.758,4.457,4.546,936453.3
2025-08-14 13:00:00+00:00,4.545,4.645,4.478,4.61,504377.04
2025-08-14 14:00:00+00:00,4.61,4.657,4.593,4.62,164743.33
2025-08-14 15:00:00+00:00,4.624,4.641,4.581,4.594,98319.72
2025-08-14 16:00:00+00:00,4.592,4.592,4.512,4.525,145391.23
2025-08-14 17:00:00+00:00,4.524,4.544,4.49,4.535,88553.22
2025-08-14 18:00:00+00:00,4.534,4.543,4.472,4.532,96001.64
2025-08-14 19:00:00+00:00,4.533,4.556,4.522,4.526,40603.41
2025-08-14 20:00:00+00:00,4.525,4.531,4.499,4.523,43728.29
2025-08-14 21:00:00+00:00,4.522,4.522,4.432,4.474,108491.43
2025-08-14 22:00:00+00:00,4.474,4.508,4.456,4.506,50852.41
2025-08-14 23:00:00+00:00,4.505,4.531,4.503,4.521,28065.57
2025-08-15 00:00:00+00:00,4.521,4.544,4.499,4.518,105213.95
2025-08-15 01:00:00+00:00,4.519,4.547,4.513,4.536,47671.36
2025-08-15 02:00:00+00:00,4.535,4.543,4.527,4.532,39262.89
2025-08-15 03:00:00+00:00,4.533,4.582,4.526,4.576,38034.6
2025-08-15 04:00:00+00:00,4.574,4.594,4.562,4.566,46109.74
2025-08-15 05:00:00+00:00,4.565,4.579,4.553,4.579,30663.34
2025-08-15 06:00:00+00:00,4.578,4.628,4.577,4.606,49043.9
2025-08-15 07:00:00+00:00,4.606,4.606,4.576,4.592,32068.29
2025-08-15 08:00:00+00:00,4.592,4.598,4.561,4.563,40230.51
2025-08-15 09:00:00+00:00,4.564,4.572,4.504,4.517,90022.96
2025-08-15 10:00:00+00:00,4.517,4.537,4.489,4.499,240999.18
2025-08-15 11:00:00+00:00,4.498,4.507,4.479,4.494,81970.51
2025-08-15 12:00:00+00:00,4.494,4.539,4.465,4.485,175003.91
2025-08-15 13:00:00+00:00,4.484,4.49,4.412,4.431,246208.24
2025-08-15 14:00:00+00:00,4.43,4.458,4.388,4.405,143021.19
2025-08-15 15:00:00+00:00,4.405,4.411,4.336,4.357,223142.87
2025-08-15 16:00:00+00:00,4.356,4.396,4.331,4.389,108416.69
2025-08-15 17:00:00+00:00,4.39,4.427,4.365,4.41,92061.36
2025-08-15 18:00:00+00:00,4.409,4.422,4.381,4.394,79801.18
2025-08-15 19:00:00+00:00,4.395,4.423,4.38,4.397,45526.71
2025-08-15 20:00:00+00:00,4.397,4.428,4.386,4.423,61157.29
2025-08-15 21:00:00+00:00,4.423,4.436,4.406,4.436,54858.41
2025-08-15 22:00:00+00:00,4.437,4.485,4.429,4.482,56575.35
2025-08-15 23:00:00+00:00,4.481,4.487,4.437,4.461,34186.32
2025-08-16 00:00:00+00:00,4.459,4.49,4.447,4.483,29877.48
2025-08-16 01:00:00+00:00,4.483,4.49,4.469,4.481,30376.62
2025-08-16 02:00:00+00:00,4.481,4.491,4.468,4.473,23736.05
2025-08-16 03:00:00+00:00,4.474,4.487,4.465,4.469,16255.05
2025-08-16 04:00:00+00:00,4.469,4.484,4.463,4.483,18581.87
2025-08-16 05:00:00+00:00,4.483,4.483,4.453,4.454,26436.64
2025-08-16 06:00:00+00:00,4.455,4.465,4.448,4.458,52746.22
2025-08-16 07:00:00+00:00,4.458,4.508,4.457,4.504,106377.05
2025-08-16 08:00:00+00:00,4.503,4.513,4.498,4.498,27294.97
2025-08-16 09:00:00+00:00,4.498,4.517,4.473,4.473,37703.49
2025-08-16 10:00:00+00:00,4.472,4.491,4.456,4.478,65192.83
2025-08-16 11:00:00+00:00,4.478,4.502,4.467,4.469,21794.73
2025-08-16 12:00:00+00:00,4.469,4.501,4.462,4.496,53636.06
2025-08-16 13:00:00+00:00,4.495,4.542,4.494,4.499,97611.12
2025-08-16 14:00:00+00:00,4.5,4.555,4.497,4.548,82892.13
2025-08-16 15:00:00+00:00,4.548,4.6,4.547,4.593,91500.35
2025-08-16 16:00:00+00:00,4.592,4.603,4.561,4.568,72284.9
2025-08-16 17:00:00+00:00,4.568,4.574,4.543,4.552,52030.05
2025-08-16 18:00:00+00:00,4.552,4.565,4.543,4.553,26745.35
2025-08-16 19:00:00+00:00,4.553,4.574,4.552,4.558,25332.49
2025-08-16 20:00:00+00:00,4.557,4.579,4.554,4.572,30285.66
2025-08-16 21:00:00+00:00,4.572,4.574,4.545,4.546,28563.81
2025-08-16 22:00:00+00:00,4.548,4.598,4.545,4.592,36370.67
2025-08-16 23:00:00+00:00,4.591,4.591,4.562,4.571,13611.43
2025-08-17 00:00:00+00:00,4.572,4.575,4.555,4.563,14640.42
2025-08-17 01:00:00+00:00,4.562,4.562,4.542,4.553,24592.2
2025-08-17 02:00:00+00:00,4.554,4.571,4.541,4.571,16294.55
2025-08-17 03:00:00+00:00,4.572,4.582,4.558,4.576,31241.34
2025-08-17 04:00:00+00:00,4.575,4.614,4.573,4.612,75556.39
2025-08-17 05:00:00+00:00,4.612,4.636,4.612,4.628,45942.83
2025-08-17 06:00:00+00:00,4.628,4.669,4.614,4.615,87913.3
2025-08-17 07:00:00+00:00,4.616,4.643,4.616,4.638,39003.55
2025-08-17 08:00:00+00:00,4.639,4.683,4.638,4.677,76933.78
2025-08-17 09:00:00+00:00,4.677,4.691,4.658,4.691,75493.09
2025-08-17 10:00:00+00:00,4.69,4.697,4.666,4.67,44485.43
2025-08-17 11:00:00+00:00,4.67,4.676,4.654,4.676,37034.72
2025-08-17 12:00:00+00:00,4.676,4.681,4.652,4.654,35176.13
2025-08-17 13:00:00+00:00,4.655,4.679,4.646,4.662,44465.81
2025-08-17 14:00:00+00:00,4.663,4.7,4.659,4.689,57309.17
2025-08-17 15:00:00+00:00,4.688,4.731,4.688,4.728,94857.93
2025-08-17 16:00:00+00:00,4.729,4.758,4.68,4.69,126757.93
2025-08-17 17:00:00+00:00,4.692,4.696,4.671,4.68,44888.99
2025-08-17 18:00:00+00:00,4.681,4.689,4.61,4.655,97856.27
2025-08-17 19:00:00+00:00,4.655,4.672,4.625,4.63,73067.31
2025-08-17 20:00:00+00:00,4.629,4.653,4.624,4.633,66908.63
2025-08-17 21:00:00+00:00,4.632,4.636,4.615,4.627,57243.98
2025-08-17 22:00:00+00:00,4.626,4.67,4.622,4.661,37896.58
2025-08-17 23:00:00+00:00,4.661,4.662,4.62,4.622,37076.21
2025-08-18 00:00:00+00:00,4.621,4.628,4.595,4.611,84503.47
2025-08-18 01:00:00+00:00,4.611,4.616,4.54,4.548,92677.41
2025-08-18 02:00:00+00:00,4.548,4.555,4.463,4.466,162321.08
2025-08-18 03:00:00+00:00,4.465,4.481,4.426,4.472,101756.06
2025-08-18 04:00:00+00:00,4.471,4.506,4.456,4.5,41075.4
2025-08-18 05:00:00+00:00,4.5,4.506,4.445,4.474,44393.8
2025-08-18 06:00:00+00:00,4.474,4.474,4.38,4.401,130243.09
2025-08-18 07:00:00+00:00,4.4,4.428,4.395,4.404,73749.19
2025-08-18 08:00:00+00:00,4.403,4.44,4.394,4.396,126306.24
2025-08-18 09:00:00+00:00,4.396,4.445,4.383,4.433,91623.38
2025-08-18 10:00:00+00:00,4.434,4.437,4.419,4.423,94955.2
2025-08-18 11:00:00+00:00,4.422,4.438,4.42,4.428,56552.01
2025-08-18 12:00:00+00:00,4.427,4.492,4.421,4.492,50651.96
2025-08-18 13:00:00+00:00,4.493,4.501,4.434,4.434,188186.79
2025-08-18 14:00:00+00:00,4.435,4.467,4.423,4.467,94724.16
2025-08-18 15:00:00+00:00,4.468,4.474,4.431,4.47,61509.01
2025-08-18 16:00:00+00:00,4.469,4.484,4.429,4.433,52843.46
2025-08-18 17:00:00+00:00,4.433,4.513,4.43,4.48,67003.51
2025-08-18 18:00:00+00:00,4.479,4.508,4.463,4.504,34200.1
2025-08-18 19:00:00+00:00,4.506,4.517,4.48,4.489,31125.47
2025-08-18 20:00:00+00:00,4.488,4.497,4.455,4.476,38288.36
2025-08-18 21:00:00+00:00,4.476,4.509,4.474,4.502,39397.79
2025-08-18 22:00:00+00:00,4.503,4.538,4.5,4.5,38020.64
2025-08-18 23:00:00+00:00,4.5,4.508,4.456,4.463,54319.21
2025-08-19 00:00:00+00:00,4.464,4.494,4.407,4.493,116204.35
2025-08-19 01:00:00+00:00,4.493,4.51,4.437,4.446,49026.33
2025-08-19 02:00:00+00:00,4.447,4.454,4.421,4.431,19104.66
2025-08-19 03:00:00+00:00,4.432,4.433,4.353,4.37,148100.22
2025-08-19 04:00:00+00:00,4.369,4.407,4.339,4.407,110866.71
2025-08-19 05:00:00+00:00,4.407,4.416,4.385,4.399,38059.07
2025-08-19 06:00:00+00:00,4.398,4.399,4.377,4.382,39702.42
2025-08-19 07:00:00+00:00,4.383,4.389,4.358,4.387,46400.78
2025-08-19 08:00:00+00:00,4.387,4.398,4.333,4.382,144464.09
2025-08-19 09:00:00+00:00,4.382,4.429,4.381,4.413,77845.08
2025-08-19 10:00:00+00:00,4.413,4.439,4.408,4.429,43502.82
2025-08-19 11:00:00+00:00,4.429,4.445,4.419,4.441,42111.89
2025-08-19 12:00:00+00:00,4.442,4.442,4.401,4.413,48738.44
2025-08-19 13:00:00+00:00,4.412,4.443,4.373,4.402,116538.27
2025-08-19 14:00:00+00:00,4.403,4.416,4.322,4.342,174077.05
2025-08-19 15:00:00+00:00,4.343,4.383,4.32,4.339,98289.02
2025-08-19 16:00:00+00:00,4.34,4.348,4.306,4.323,81635.54
2025-08-19 17:00:00+00:00,4.322,4.349,4.301,4.34,63675.0
2025-08-19 18:00:00+00:00,4.338,4.349,4.288,4.303,144437.25
2025-08-19 19:00:00+00:00,4.301,4.337,4.277,4.311,79756.29
2025-08-19 20:00:00+00:00,4.312,4.34,4.297,4.34,29364.72
2025-08-19 21:00:00+00:00,4.341,4.349,4.327,4.343,24731.95
2025-08-19 22:00:00+00:00,4.342,4.348,4.32,4.331,23621.69
2025-08-19 23:00:00+00:00,4.33,4.33,4.283,4.291,66254.14
2025-08-20 00:00:00+00:00,4.291,4.322,4.287,4.311,40452.46
2025-08-20 01:00:00+00:00,4.312,4.322,4.267,4.315,79561.25
2025-08-20 02:00:00+00:00,4.315,4.337,4.31,4.319,46772.84
2025-08-20 03:00:00+00:00,4.319,4.352,4.306,4.329,33660.21
2025-08-20 04:00:00+00:00,4.329,4.364,4.329,4.355,28839.37
2025-08-20 05:00:00+00:00,4.356,4.365,4.336,4.365,22552.56
2025-08-20 06:00:00+00:00,4.364,4.366,4.333,4.346,26822.42
2025-08-20 07:00:00+00:00,4.347,4.369,4.338,4.342,23833.79
2025-08-20 08:00:00+00:00,4.34,4.388,4.338,4.386,42757.79
2025-08-20 09:00:00+00:00,4.387,4.387,4.367,4.371,21051.87
2025-08-20 10:00:00+00:00,4.371,4.387,4.363,4.378,14518.84
2025-08-20 11:00:00+00:00,4.379,4.383,4.317,4.368,56979.45
2025-08-20 12:00:00+00:00,4.369,4.396,4.363,4.373,71278.41
2025-08-20 13:00:00+00:00,4.373,4.376,4.303,4.316,107812.46
2025-08-20 14:00:00+00:00,4.316,4.401,4.29,4.384,134271.46
2025-08-20 15:00:00+00:00,4.383,4.452,4.378,4.422,132124.45
2025-08-20 16:00:00+00:00,4.422,4.473,4.422,4.442,71081.7
2025-08-20 17:00:00+00:00,4.442,4.483,4.442,4.466,35501.58
2025-08-20 18:00:00+00:00,4.465,4.467,4.413,4.445,87759.55
2025-08-20 19:00:00+00:00,4.445,4.5,4.44,4.495,55832.24
2025-08-20 20:00:00+00:00,4.496,4.501,4.483,4.489,48588.19
2025-08-20 21:00:00+00:00,4.489,4.502,4.47,4.49,44209.67
2025-08-20 22:00:00+00:00,4.491,4.507,4.482,4.494,30836.35
2025-08-20 23:00:00+00:00,4.494,4.495,4.467,4.472,19490.54
2025-08-21 00:00:00+00:00,4.473,4.479,4.456,4.477,19302.84
2025-08-21 01:00:00+00:00,4.477,4.501,4.461,4.501,22107.6
2025-08-21 02:00:00+00:00,4.501,4.506,4.454,4.464,42232.42
2025-08-21 03:00:00+00:00,4.464,4.513,4.464,4.485,34774.81
2025-08-21 04:00:00+00:00,4.485,4.489,4.467,4.481,19354.91
2025-08-21 05:00:00+00:00,4.48,4.502,4.473,4.5,50512.78
2025-08-21 06:00:00+00:00,4.5,4.5,4.474,4.481,49577.33
2025-08-21 07:00:00+00:00,4.48,4.489,4.448,4.486,36988.51
2025-08-21 08:00:00+00:00,4.486,4.491,4.464,4.464,53413.07
2025-08-21 09:00:00+00:00,4.465,4.479,4.444,4.463,58290.5
2025-08-21 10:00:00+00:00,4.463,4.498,4.456,4.494,66001.32
2025-08-21 11:00:00+00:00,4.493,4.512,4.474,4.488,65024.96
2025-08-21 12:00:00+00:00,4.487,4.495,4.458,4.465,45172.41
2025-08-21 13:00:00+00:00,4.463,4.519,4.457,4.466,139084.15
2025-08-21 14:00:00+00:00,4.467,4.519,4.459,4.483,138039.55
2025-08-21 15:00:00+00:00,4.483,4.509,4.463,4.469,111524.01
2025-08-21 16:00:00+00:00,4.47,4.497,4.418,4.421,104237.11
2025-08-21 17:00:00+00:00,4.422,4.443,4.401,4.438,72935.2
2025-08-21 18:00:00+00:00,4.438,4.476,4.429,4.471,54157.52
2025-08-21 19:00:00+00:00,4.47,4.496,4.432,4.445,65842.22
2025-08-21 20:00:00+00:00,4.446,4.467,4.408,4.452,73554.05
2025-08-21 21:00:00+00:00,4.452,4.48,4.424,4.48,57269.6
2025-08-21 22:00:00+00:00,4.48,4.497,4.473,4.473,43733.41
2025-08-21 23:00:00+00:00,4.474,4.474,4.414,4.429,64246.01
2025-08-22 00:00:00+00:00,4.43,4.452,4.415,4.427,53845.48
2025-08-22 01:00:00+00:00,4.425,4.442,4.401,4.436,30825.64
2025-08-22 02:00:00+00:00,4.436,4.484,4.431,4.448,45416.7
2025-08-22 03:00:00+00:00,4.449,4.462,4.413,4.423,53481.67
2025-08-22 04:00:00+00:00,4.424,4.456,4.416,4.425,32414.25
2025-08-22 05:00:00+00:00,4.425,4.438,4.413,4.428,62519.23
2025-08-22 06:00:00+00:00,4.427,4.444,4.391,4.402,42997.76
2025-08-22 07:00:00+00:00,4.402,4.445,4.4,4.439,51945.96
2025-08-22 08:00:00+00:00,4.439,4.471,4.436,4.443,69951.27
2025-08-22 09:00:00+00:00,4.443,4.451,4.421,4.442,55804.08
2025-08-22 10:00:00+00:00,4.442,4.442,4.412,4.42,42422.56
2025-08-22 11:00:00+00:00,4.42,4.423,4.37,4.37,87797.31
2025-08-22 12:00:00+00:00,4.371,4.374,4.296,4.336,176047.89
2025-08-22 13:00:00+00:00,4.337,4.405,4.328,4.369,353710.53
2025-08-22 14:00:00+00:00,4.371,4.598,4.371,4.584,942693.74
2025-08-22 15:00:00+00:00,4.584,4.663,4.584,4.626,219182.98
2025-08-22 16:00:00+00:00,4.627,4.725,4.627,4.694,260996.7
2025-08-22 17:00:00+00:00,4.695,4.755,4.69,4.708,176925.25
2025-08-22 18:00:00+00:00,4.709,4.729,4.682,4.709,238022.16
2025-08-22 19:00:00+00:00,4.71,4.771,4.705,4.761,138742.23
2025-08-22 20:00:00+00:00,4.762,4.808,4.762,4.806,201800.77
2025-08-22 21:00:00+00:00,4.807,4.852,4.8,4.845,235342.43
2025-08-22 22:00:00+00:00,4.845,4.854,4.808,4.814,134136.93
2025-08-22 23:00:00+00:00,4.813,4.838,4.799,4.819,81181.22
2025-08-23 00:00:00+00:00,4.82,4.84,4.778,4.783,255981.0
2025-08-23 01:00:00+00:00,4.784,4.793,4.729,4.763,125044.55
2025-08-23 02:00:00+00:00,4.764,4.773,4.673,4.714,165098.8
2025-08-23 03:00:00+00:00,4.714,4.729,4.7,4.711,70248.05
2025-08-23 04:00:00+00:00,4.711,4.81,4.711,4.809,173151.24
2025-08-23 05:00:00+00:00,4.809,4.85,4.795,4.847,114893.86
2025-08-23 06:00:00+00:00,4.846,4.85,4.818,4.828,107906.64
2025-08-23 07:00:00+00:00,4.827,4.843,4.804,4.815,84560.49
2025-08-23 08:00:00+00:00,4.817,4.838,4.805,4.827,81978.58
2025-08-23 09:00:00+00:00,4.827,4.851,4.809,4.848,134576.24
2025-08-23 10:00:00+00:00,4.847,4.853,4.819,4.824,58095.1
2025-08-23 11:00:00+00:00,4.823,4.848,4.82,4.835,81885.56
2025-08-23 12:00:00+00:00,4.836,4.882,4.822,4.846,124357.29
2025-08-23 13:00:00+00:00,4.847,4.872,4.833,4.845,79741.98
2025-08-23 14:00:00+00:00,4.846,4.905,4.838,4.891,215659.74
2025-08-23 15:00:00+00:00,4.892,4.914,4.871,4.885,145772.48
2025-08-23 16:00:00+00:00,4.883,4.885,4.859,4.884,83395.06
2025-08-23 17:00:00+00:00,4.883,4.911,4.858,4.871,145513.46
2025-08-23 18:00:00+00:00,4.873,4.882,4.862,4.875,49215.27
2025-08-23 19:00:00+00:00,4.875,4.932,4.872,4.929,78312.02
2025-08-23 20:00:00+00:00,4.93,4.934,4.879,4.906,148397.07
2025-08-23 21:00:00+00:00,4.906,4.91,4.865,4.872,54607.5
2025-08-23 22:00:00+00:00,4.873,4.896,4.873,4.892,31612.55
2025-08-23 23:00:00+00:00,4.892,4.904,4.885,4.89,20802.64
2025-08-24 00:00:00+00:00,4.89,4.903,4.87,4.877,53387.42
2025-08-24 01:00:00+00:00,4.875,4.875,4.836,4.838,54720.15
2025-08-24 02:00:00+00:00,4.837,4.853,4.827,4.834,24524.65
2025-08-24 03:00:00+00:00,4.833,4.833,4.81,4.829,34718.24
2025-08-24 04:00:00+00:00,4.829,4.831,4.808,4.815,53208.88
2025-08-24 05:00:00+00:00,4.814,4.814,4.775,4.78,28502.58
2025-08-24 06:00:00+00:00,4.779,4.78,4.722,4.723,56947.58
2025-08-24 07:00:00+00:00,4.724,4.76,4.724,4.731,27545.0
2025-08-24 08:00:00+00:00,4.732,4.747,4.717,4.743,28078.75
2025-08-24 09:00:00+00:00,4.742,4.749,4.72,4.735,37078.54
2025-08-24 10:00:00+00:00,4.735,4.737,4.658,4.666,202149.79
2025-08-24 11:00:00+00:00,4.665,4.684,4.654,4.665,49509.47
2025-08-24 12:00:00+00:00,4.665,4.697,4.661,4.693,34297.43
2025-08-24 13:00:00+00:00,4.693,4.696,4.674,4.68,36826.21
2025-08-24 14:00:00+00:00,4.679,4.703,4.664,4.697,54026.78
2025-08-24 15:00:00+00:00,4.697,4.738,4.685,4.693,94563.96
2025-08-24 16:00:00+00:00,4.692,4.706,4.679,4.7,50815.53
2025-08-24 17:00:00+00:00,4.701,4.785,4.701,4.772,97684.33
2025-08-24 18:00:00+00:00,4.772,4.913,4.761,4.906,204072.97
2025-08-24 19:00:00+00:00,4.906,4.971,4.721,4.806,669174.91
2025-08-24 20:00:00+00:00,4.807,4.822,4.703,4.78,264592.86
2025-08-24 21:00:00+00:00,4.78,4.863,4.752,4.829,286427.77
2025-08-24 22:00:00+00:00,4.828,4.83,4.745,4.812,76867.12
2025-08-24 23:00:00+00:00,4.812,4.838,4.781,4.791,47543.06
2025-08-25 00:00:00+00:00,4.791,4.819,4.711,4.757,117861.13
2025-08-25 01:00:00+00:00,4.758,4.795,4.741,4.769,59544.86
2025-08-25 02:00:00+00:00,4.769,4.843,4.769,4.841,75202.21
2025-08-25 03:00:00+00:00,4.841,4.85,4.805,4.817,47818.15
2025-08-25 04:00:00+00:00,4.818,4.828,4.777,4.777,77207.32
2025-08-25 05:00:00+00:00,4.777,4.79,4.711,4.712,140768.97
2025-08-25 06:00:00+00:00,4.712,4.714,4.616,4.636,499405.59
2025-08-25 07:00:00+00:00,4.637,4.654,4.534,4.552,355387.34
2025-08-25 08:00:00+00:00,4.551,4.595,4.519,4.578,158379.13
2025-08-25 09:00:00+00:00,4.577,4.59,4.541,4.562,79781.35
2025-08-25 10:00:00+00:00,4.562,4.562,4.494,4.518,120932.49
2025-08-25 11:00:00+00:00,4.519,4.572,4.519,4.572,52839.13
2025-08-25 12:00:00+00:00,4.572,4.582,4.558,4.579,113703.35
2025-08-25 13:00:00+00:00,4.578,4.657,4.557,4.624,219409.84
2025-08-25 14:00:00+00:00,4.624,4.67,4.619,4.639,134156.88
2025-08-25 15:00:00+00:00,4.639,4.66,4.607,4.615,118951.88
2025-08-25 16:00:00+00:00,4.615,4.623,4.576,4.577,154153.28
2025-08-25 17:00:00+00:00,4.577,4.58,4.542,4.572,123236.33
2025-08-25 18:00:00+00:00,4.573,4.602,4.554,4.594,165169.79
2025-08-25 19:00:00+00:00,4.593,4.598,4.496,4.504,243687.74
2025-08-25 20:00:00+00:00,4.504,4.525,4.397,4.4,598052.34
2025-08-25 21:00:00+00:00,4.4,4.448,4.389,4.41,244166.83
2025-08-25 22:00:00+00:00,4.411,4.466,4.408,4.437,82110.3
2025-08-25 23:00:00+00:00,4.435,4.437,4.397,4.414,83099.39
2025-08-26 00:00:00+00:00,4.414,4.441,4.388,4.414,149184.17
2025-08-26 01:00:00+00:00,4.414,4.484,4.401,4.482,79259.86
2025-08-26 02:00:00+00:00,4.482,4.508,4.463,4.481,49260.48
2025-08-26 03:00:00+00:00,4.48,4.498,4.466,4.466,25782.58
2025-08-26 04:00:00+00:00,4.467,4.491,4.464,4.474,58403.81
2025-08-26 05:00:00+00:00,4.474,4.487,4.464,4.464,47648.95
2025-08-26 06:00:00+00:00,4.464,4.483,4.421,4.429,53465.15
2025-08-26 07:00:00+00:00,4.43,4.484,4.425,4.463,56323.33
2025-08-26 08:00:00+00:00,4.462,4.472,4.443,4.458,56971.22
2025-08-26 09:00:00+00:00,4.456,4.478,4.452,4.46,56545.27
2025-08-26 10:00:00+00:00,4.46,4.484,4.449,4.468,52224.74
2025-08-26 11:00:00+00:00,4.468,4.479,4.446,4.473,113596.94
2025-08-26 12:00:00+00:00,4.473,4.575,4.46,4.514,326904.21
2025-08-26 13:00:00+00:00,4.513,4.515,4.389,4.438,329881.95
2025-08-26 14:00:00+00:00,4.437,4.496,4.409,4.483,209856.02
2025-08-26 15:00:00+00:00,4.482,4.496,4.435,4.45,95708.64
2025-08-26 16:00:00+00:00,4.449,4.481,4.446,4.481,49792.92
2025-08-26 17:00:00+00:00,4.481,4.484,4.438,4.453,27208.0
2025-08-26 18:00:00+00:00,4.454,4.502,4.453,4.497,33882.53
2025-08-26 19:00:00+00:00,4.497,4.571,4.484,4.564,79523.09
2025-08-26 20:00:00+00:00,4.563,4.583,4.542,4.554,76523.71
2025-08-26 21:00:00+00:00,4.554,4.557,4.529,4.557,36540.61
2025-08-26 22:00:00+00:00,4.558,4.563,4.538,4.549,30029.45
2025-08-26 23:00:00+00:00,4.549,4.564,4.52,4.526,46864.67
2025-08-27 00:00:00+00:00,4.526,4.532,4.503,4.509,27608.74
2025-08-27 01:00:00+00:00,4.509,4.509,4.486,4.505,43034.08
2025-08-27 02:00:00+00:00,4.505,4.53,4.481,4.523,26447.01
2025-08-27 03:00:00+00:00,4.522,4.559,4.502,4.546,45663.11
2025-08-27 04:00:00+00:00,4.546,4.573,4.54,4.567,39712.73
2025-08-27 05:00:00+00:00,4.567,4.573,4.538,4.544,42299.72
2025-08-27 06:00:00+00:00,4.544,4.546,4.519,4.52,40625.39
2025-08-27 07:00:00+00:00,4.52,4.522,4.491,4.498,32965.41
2025-08-27 08:00:00+00:00,4.499,4.506,4.473,4.503,52234.69
2025-08-27 09:00:00+00:00,4.502,4.52,4.497,4.499,59642.91
2025-08-27 10:00:00+00:00,4.499,4.512,4.487,4.489,30182.63
2025-08-27 11:00:00+00:00,4.489,4.52,4.487,4.515,36470.64
2025-08-27 12:00:00+00:00,4.516,4.527,4.486,4.512,35938.49
2025-08-27 13:00:00+00:00,4.512,4.541,4.483,4.5,63517.76
2025-08-27 14:00:00+00:00,4.501,4.576,4.493,4.542,114330.11
2025-08-27 15:00:00+00:00,4.543,4.571,4.533,4.554,59502.64
2025-08-27 16:00:00+00:00,4.555,4.558,4.518,4.541,35281.9
2025-08-27 17:00:00+00:00,4.54,4.568,4.524,4.563,35158.07
2025-08-27 18:00:00+00:00,4.564,4.586,4.549,4.549,68495.69
2025-08-27 19:00:00+00:00,4.551,4.557,4.507,4.541,67963.76
2025-08-27 20:00:00+00:00,4.542,4.592,4.495,4.586,276574.73
2025-08-27 21:00:00+00:00,4.585,4.599,4.528,4.535,78113.39
2025-08-27 22:00:00+00:00,4.536,4.538,4.494,4.521,62571.18
2025-08-27 23:00:00+00:00,4.521,4.523,4.487,4.491,27751.08
2025-08-28 00:00:00+00:00,4.491,4.513,4.461,4.495,57788.77
2025-08-28 01:00:00+00:00,4.496,4.541,4.493,4.537,36755.54
2025-08-28 02:00:00+00:00,4.536,4.564,4.526,4.534,30764.01
2025-08-28 03:00:00+00:00,4.535,4.564,4.529,4.559,33697.65
2025-08-28 04:00:00+00:00,4.56,4.578,4.542,4.572,63063.3
2025-08-28 05:00:00+00:00,4.573,4.586,4.557,4.569,38266.57
2025-08-28 06:00:00+00:00,4.569,4.57,4.552,4.569,15679.15
2025-08-28 07:00:00+00:00,4.57,4.573,4.547,4.571,33764.5
2025-08-28 08:00:00+00:00,4.571,4.6,4.571,4.58,72982.89
2025-08-28 09:00:00+00:00,4.581,4.581,4.547,4.558,41440.53
2025-08-28 10:00:00+00:00,4.558,4.584,4.549,4.58,35633.59
2025-08-28 11:00:00+00:00,4.58,4.593,4.567,4.593,28156.9
2025-08-28 12:00:00+00:00,4.593,4.652,4.591,4.652,117767.43
2025-08-28 13:00:00+00:00,4.653,4.692,4.642,4.683,148831.74
2025-08-28 14:00:00+00:00,4.684,4.722,4.661,4.706,143266.2
2025-08-28 15:00:00+00:00,4.706,4.716,4.649,4.657,106955.7
2025-08-28 16:00:00+00:00,4.657,4.704,4.612,4.612,113306.78
2025-08-28 17:00:00+00:00,4.613,4.645,4.609,4.63,47361.67
2025-08-28 18:00:00+00:00,4.63,4.65,4.615,4.642,40784.96
2025-08-28 19:00:00+00:00,4.643,4.669,4.602,4.602,63292.89
2025-08-28 20:00:00+00:00,4.603,4.645,4.594,4.635,67633.65
2025-08-28 21:00:00+00:00,4.636,4.673,4.636,4.666,34604.72
2025-08-28 22:00:00+00:00,4.666,4.783,4.666,4.772,178517.78
2025-08-28 23:00:00+00:00,4.773,4.808,4.745,4.782,187259.75
2025-08-29 00:00:00+00:00,4.782,4.809,4.756,4.791,118509.3
2025-08-29 01:00:00+00:00,4.792,4.798,4.739,4.754,60780.71
2025-08-29 02:00:00+00:00,4.754,4.803,4.747,4.791,87945.37
2025-08-29 03:00:00+00:00,4.791,4.795,4.741,4.742,63693.48
2025-08-29 04:00:00+00:00,4.741,4.753,4.716,4.725,66898.79
2025-08-29 05:00:00+00:00,4.726,4.73,4.696,4.711,64333.99
2025-08-29 06:00:00+00:00,4.711,4.718,4.677,4.691,199900.31
2025-08-29 07:00:00+00:00,4.692,4.692,4.6,4.605,129477.89
2025-08-29 08:00:00+00:00,4.606,4.618,4.54,4.546,104102.62
2025-08-29 09:00:00+00:00,4.545,4.592,4.512,4.589,81357.6
2025-08-29 10:00:00+00:00,4.587,4.614,4.585,4.602,55369.79
2025-08-29 11:00:00+00:00,4.602,4.618,4.573,4.574,41433.64
2025-08-29 12:00:00+00:00,4.573,4.661,4.567,4.605,147992.01
2025-08-29 13:00:00+00:00,4.605,4.611,4.523,4.554,128711.84
2025-08-29 14:00:00+00:00,4.555,4.585,4.495,4.556,209837.75
2025-08-29 15:00:00+00:00,4.556,4.602,4.541,4.555,108500.03
2025-08-29 16:00:00+00:00,4.555,4.558,4.516,4.522,67200.8
2025-08-29 17:00:00+00:00,4.521,4.522,4.474,4.482,90885.42
2025-08-29 18:00:00+00:00,4.483,4.49,4.434,4.437,140980.92
2025-08-29 19:00:00+00:00,4.436,4.5,4.425,4.476,97390.29
2025-08-29 20:00:00+00:00,4.475,4.476,4.44,4.448,81520.48
2025-08-29 21:00:00+00:00,4.446,4.508,4.43,4.505,71270.47
2025-08-29 22:00:00+00:00,4.505,4.505,4.468,4.484,30390.29
2025-08-29 23:00:00+00:00,4.485,4.499,4.465,4.483,50686.42
2025-08-30 00:00:00+00:00,4.483,4.483,4.448,4.467,95627.48
2025-08-30 01:00:00+00:00,4.468,4.487,4.418,4.425,96134.97
2025-08-30 02:00:00+00:00,4.425,4.489,4.419,4.486,51291.93
2025-08-30 03:00:00+00:00,4.486,4.552,4.482,4.532,57544.6
2025-08-30 04:00:00+00:00,4.533,4.537,4.509,4.51,27366.97
2025-08-30 05:00:00+00:00,4.51,4.547,4.505,4.529,58958.72
2025-08-30 06:00:00+00:00,4.53,4.554,4.527,4.55,60405.85
2025-08-30 07:00:00+00:00,4.55,4.56,4.54,4.555,34207.2
2025-08-30 08:00:00+00:00,4.556,4.558,4.533,4.533,22889.12
2025-08-30 09:00:00+00:00,4.533,4.536,4.51,4.512,37447.41
2025-08-30 10:00:00+00:00,4.512,4.533,4.511,4.531,21983.05
2025-08-30 11:00:00+00:00,4.531,4.535,4.508,4.524,29277.54
2025-08-30 12:00:00+00:00,4.524,4.524,4.475,4.479,42274.59
2025-08-30 13:00:00+00:00,4.478,4.483,4.449,4.477,63284.32
2025-08-30 14:00:00+00:00,4.476,4.491,4.452,4.488,30108.67
2025-08-30 15:00:00+00:00,4.488,4.523,4.477,4.523,48684.99
2025-08-30 16:00:00+00:00,4.523,4.523,4.477,4.478,66561.65
2025-08-30 17:00:00+00:00,4.478,4.5,4.473,4.482,22252.44
2025-08-30 18:00:00+00:00,4.482,4.49,4.467,4.481,19897.44
2025-08-30 19:00:00+00:00,4.48,4.498,4.475,4.494,13376.86
2025-08-30 20:00:00+00:00,4.493,4.494,4.465,4.485,18969.88
2025-08-30 21:00:00+00:00,4.484,4.489,4.469,4.483,17038.09
2025-08-30 22:00:00+00:00,4.483,4.495,4.469,4.49,9983.55
2025-08-30 23:00:00+00:00,4.49,4.507,4.49,4.505,19085.37
2025-08-31 00:00:00+00:00,4.504,4.561,4.504,4.561,64001.55
2025-08-31 01:00:00+00:00,4.562,4.576,4.542,4.57,42958.27
2025-08-31 02:00:00+00:00,4.57,4.591,4.565,4.591,23309.34
2025-08-31 03:00:00+00:00,4.591,4.604,4.586,4.596,53702.68
2025-08-31 04:00:00+00:00,4.597,4.6,4.567,4.575,30099.61
2025-08-31 05:00:00+00:00,4.576,4.577,4.556,4.561,20204.95
2025-08-31 06:00:00+00:00,4.562,4.564,4.54,4.544,24048.38
2025-08-31 07:00:00+00:00,4.544,4.561,4.541,4.555,23352.53
2025-08-31 08:00:00+00:00,4.556,4.588,4.555,4.588,20645.18
2025-08-31 09:00:00+00:00,4.588,4.588,4.558,4.559,25459.23
2025-08-31 10:00:00+00:00,4.56,4.57,4.536,4.564,56112.07
2025-08-31 11:00:00+00:00,4.564,4.59,4.559,4.59,50618.01
2025-08-31 12:00:00+00:00,4.591,4.617,4.576,4.613,64583.8
2025-08-31 13:00:00+00:00,4.612,4.618,4.561,4.564,48521.33
2025-08-31 14:00:00+00:00,4.564,4.568,4.535,4.538,44813.87
2025-08-31 15:00:00+00:00,4.538,4.571,4.537,4.565,33071.25
2025-08-31 16:00:00+00:00,4.565,4.566,4.541,4.544,19692.43
2025-08-31 17:00:00+00:00,4.543,4.551,4.532,4.534,22793.27
2025-08-31 18:00:00+00:00,4.533,4.562,4.529,4.562,23917.21
2025-08-31 19:00:00+00:00,4.561,4.562,4.535,4.537,15293.81
2025-08-31 20:00:00+00:00,4.537,4.552,4.529,4.543,18891.44
2025-08-31 21:00:00+00:00,4.541,4.55,4.531,4.543,26599.87
2025-08-31 22:00:00+00:00,4.544,4.544,4.509,4.512,32472.41
2025-08-31 23:00:00+00:00,4.512,4.512,4.462,4.467,77495.38
2025-09-01 00:00:00+00:00,4.465,4.467,4.396,4.431,162722.61
2025-09-01 01:00:00+00:00,4.431,4.464,4.411,4.449,40593.46
2025-09-01 02:00:00+00:00,4.448,4.448,4.383,4.397,88980.88
2025-09-01 03:00:00+00:00,4.396,4.42,4.386,4.413,49871.69
2025-09-01 04:00:00+00:00,4.413,4.422,4.368,4.383,77196.71
2025-09-01 05:00:00+00:00,4.383,4.411,4.369,4.402,51876.67
2025-09-01 06:00:00+00:00,4.403,4.419,4.372,4.406,84984.45
2025-09-01 07:00:00+00:00,4.407,4.525,4.393,4.524,126430.58
2025-09-01 08:00:00+00:00,4.524,4.585,4.522,4.583,177351.31
2025-09-01 09:00:00+00:00,4.584,4.598,4.545,4.548,76279.47
2025-09-01 10:00:00+00:00,4.548,4.548,4.477,4.497,124945.37
2025-09-01 11:00:00+00:00,4.498,4.505,4.471,4.479,32951.87
2025-09-01 12:00:00+00:00,4.479,4.506,4.46,4.464,127253.7
2025-09-01 13:00:00+00:00,4.465,4.476,4.425,4.434,58799.69
2025-09-01 14:00:00+00:00,4.434,4.463,4.415,4.434,39618.91
2025-09-01 15:00:00+00:00,4.434,4.445,4.407,4.413,45450.54
2025-09-01 16:00:00+00:00,4.413,4.421,4.393,4.405,82464.4
2025-09-01 17:00:00+00:00,4.405,4.417,4.388,4.401,42526.71
2025-09-01 18:00:00+00:00,4.402,4.434,4.401,4.418,35968.2
2025-09-01 19:00:00+00:00,4.418,4.456,4.414,4.445,47960.26
2025-09-01 20:00:00+00:00,4.444,4.454,4.342,4.376,195959.63
2025-09-01 21:00:00+00:00,4.376,4.378,4.321,4.36,114293.9
2025-09-01 22:00:00+00:00,4.36,4.375,4.328,4.358,59019.14
2025-09-01 23:00:00+00:00,4.357,4.397,4.353,4.395,75307.95
2025-09-02 00:00:00+00:00,4.396,4.401,4.373,4.38,30649.93
2025-09-02 01:00:00+00:00,4.379,4.423,4.366,4.403,37842.83
2025-09-02 02:00:00+00:00,4.404,4.443,4.399,4.441,42064.74
2025-09-02 03:00:00+00:00,4.443,4.459,4.431,4.45,50558.0
2025-09-02 04:00:00+00:00,4.451,4.458,4.439,4.45,25212.27
2025-09-02 05:00:00+00:00,4.451,4.451,4.431,4.434,34248.07
2025-09-02 06:00:00+00:00,4.434,4.445,4.429,4.44,48937.1
2025-09-02 07:00:00+00:00,4.44,4.441,4.398,4.404,35981.79
2025-09-02 08:00:00+00:00,4.405,4.44,4.404,4.43,57931.4
2025-09-02 09:00:00+00:00,4.429,4.446,4.425,4.443,42537.72
2025-09-02 10:00:00+00:00,4.444,4.446,4.426,4.446,38189.77
2025-09-02 11:00:00+00:00,4.447,4.447,4.409,4.412,32885.31
2025-09-02 12:00:00+00:00,4.411,4.416,4.351,4.352,113970.42
2025-09-02 13:00:00+00:00,4.352,4.454,4.351,4.452,138716.17
2025-09-02 14:00:00+00:00,4.452,4.471,4.418,4.426,163623.6
2025-09-02 15:00:00+00:00,4.426,4.427,4.353,4.36,83835.87
2025-09-02 16:00:00+00:00,4.361,4.39,4.357,4.377,70029.03
2025-09-02 17:00:00+00:00,4.378,4.41,4.378,4.393,31577.02
2025-09-02 18:00:00+00:00,4.394,4.403,4.36,4.391,60832.67
2025-09-02 19:00:00+00:00,4.393,4.412,4.369,4.382,31835.3
2025-09-02 20:00:00+00:00,4.38,4.435,4.374,4.432,61649.76
2025-09-02 21:00:00+00:00,4.433,4.45,4.426,4.444,36297.97
2025-09-02 22:00:00+00:00,4.443,4.446,4.426,4.434,24373.51
2025-09-02 23:00:00+00:00,4.435,4.443,4.418,4.43,20174.6
2025-09-03 00:00:00+00:00,4.431,4.444,4.415,4.418,43624.89
2025-09-03 01:00:00+00:00,4.419,4.443,4.405,4.443,22941.12
2025-09-03 02:00:00+00:00,4.443,4.47,4.431,4.464,45765.87
2025-09-03 03:00:00+00:00,4.465,4.471,4.439,4.459,17274.15
2025-09-03 04:00:00+00:00,4.458,4.463,4.441,4.443,14875.28
2025-09-03 05:00:00+00:00,4.443,4.443,4.416,4.422,52871.35
2025-09-03 06:00:00+00:00,4.422,4.437,4.403,4.421,23927.33
2025-09-03 07:00:00+00:00,4.421,4.429,4.403,4.429,19487.27
2025-09-03 08:00:00+00:00,4.428,4.462,4.416,4.446,155360.69
2025-09-03 09:00:00+00:00,4.447,4.475,4.435,4.474,45192.24
2025-09-03 10:00:00+00:00,4.475,4.49,4.464,4.483,58051.8
2025-09-03 11:00:00+00:00,4.483,4.489,4.463,4.465,75595.24
2025-09-03 12:00:00+00:00,4.465,4.49,4.451,4.46,32914.31
2025-09-03 13:00:00+00:00,4.46,4.493,4.454,4.47,66639.36
2025-09-03 14:00:00+00:00,4.47,4.522,4.462,4.522,100839.76
2025-09-03 15:00:00+00:00,4.522,4.538,4.51,4.537,60178.63
2025-09-03 16:00:00+00:00,4.538,4.564,4.522,4.537,110696.77
2025-09-03 17:00:00+00:00,4.537,4.557,4.525,4.533,51292.42
2025-09-03 18:00:00+00:00,4.534,4.538,4.509,4.519,47853.6
2025-09-03 19:00:00+00:00,4.518,4.54,4.512,4.54,20095.73
2025-09-03 20:00:00+00:00,4.541,4.549,4.523,4.524,55042.66
2025-09-03 21:00:00+00:00,4.526,4.535,4.506,4.528,23874.48
2025-09-03 22:00:00+00:00,4.527,4.539,4.52,4.53,25865.89
2025-09-03 23:00:00+00:00,4.531,4.538,4.514,4.521,28479.9
2025-09-04 00:00:00+00:00,4.522,4.539,4.52,4.532,23828.55
2025-09-04 01:00:00+00:00,4.533,4.533,4.509,4.517,16814.35
2025-09-04 02:00:00+00:00,4.517,4.518,4.478,4.478,25188.6
2025-09-04 03:00:00+00:00,4.479,4.481,4.445,4.447,50836.85
2025-09-04 04:00:00+00:00,4.446,4.455,4.427,4.427,57671.68
2025-09-04 05:00:00+00:00,4.426,4.426,4.395,4.408,77674.16
2025-09-04 06:00:00+00:00,4.408,4.416,4.398,4.404,47938.6
2025-09-04 07:00:00+00:00,4.404,4.434,4.402,4.422,36641.52
2025-09-04 08:00:00+00:00,4.421,4.444,4.415,4.42,41328.54
2025-09-04 09:00:00+00:00,4.42,4.424,4.408,4.417,58264.31
2025-09-04 10:00:00+00:00,4.418,4.438,4.414,4.416,47542.26
2025-09-04 11:00:00+00:00,4.415,4.445,4.409,4.412,22154.94
2025-09-04 12:00:00+00:00,4.412,4.433,4.397,4.431,64262.31
2025-09-04 13:00:00+00:00,4.432,4.435,4.396,4.409,61575.74
2025-09-04 14:00:00+00:00,4.407,4.416,4.37,4.398,79849.66
2025-09-04 15:00:00+00:00,4.397,4.399,4.375,4.391,55447.13
2025-09-04 16:00:00+00:00,4.39,4.397,4.378,4.379,39668.35
2025-09-04 17:00:00+00:00,4.379,4.407,4.379,4.382,33341.16
2025-09-04 18:00:00+00:00,4.381,4.392,4.356,4.364,54693.35
2025-09-04 19:00:00+00:00,4.363,4.377,4.338,4.347,60620.45
2025-09-04 20:00:00+00:00,4.348,4.406,4.347,4.381,138467.74
2025-09-04 21:00:00+00:00,4.38,4.396,4.371,4.393,26799.98
2025-09-04 22:00:00+00:00,4.394,4.427,4.389,4.421,60216.95
2025-09-04 23:00:00+00:00,4.421,4.439,4.384,4.386,100353.87
2025-09-05 00:00:00+00:00,4.386,4.4,4.365,4.372,62725.94
2025-09-05 01:00:00+00:00,4.373,4.394,4.365,4.383,35546.28
2025-09-05 02:00:00+00:00,4.383,4.403,4.37,4.402,62523.15
2025-09-05 03:00:00+00:00,4.402,4.402,4.375,4.398,24483.33
2025-09-05 04:00:00+00:00,4.398,4.403,4.388,4.396,21916.98
2025-09-05 05:00:00+00:00,4.396,4.407,4.39,4.401,16252.92
2025-09-05 06:00:00+00:00,4.401,4.402,4.387,4.397,17169.53
2025-09-05 07:00:00+00:00,4.398,4.463,4.397,4.462,109979.27
2025-09-05 08:00:00+00:00,4.462,4.472,4.447,4.459,66532.47
2025-09-05 09:00:00+00:00,4.459,4.466,4.433,4.466,44216.27
2025-09-05 10:00:00+00:00,4.466,4.472,4.448,4.456,92448.42
2025-09-05 11:00:00+00:00,4.455,4.491,4.45,4.475,131845.33
2025-09-05 12:00:00+00:00,4.475,4.533,4.475,4.533,261840.69
2025-09-05 13:00:00+00:00,4.534,4.555,4.526,4.529,127071.56
2025-09-05 14:00:00+00:00,4.53,4.532,4.395,4.418,461693.88
2025-09-05 15:00:00+00:00,4.417,4.446,4.401,4.424,122520.89
2025-09-05 16:00:00+00:00,4.423,4.439,4.413,4.42,63002.87
2025-09-05 17:00:00+00:00,4.42,4.426,4.403,4.405,69155.99
2025-09-05 18:00:00+00:00,4.405,4.431,4.388,4.425,38084.98
2025-09-05 19:00:00+00:00,4.426,4.433,4.415,4.431,32723.35
2025-09-05 20:00:00+00:00,4.432,4.449,4.425,4.449,39454.57
2025-09-05 21:00:00+00:00,4.448,4.466,4.416,4.418,79267.81
2025-09-05 22:00:00+00:00,4.42,4.458,4.415,4.45,30824.43
2025-09-05 23:00:00+00:00,4.449,4.453,4.433,4.441,19749.8
2025-09-06 00:00:00+00:00,4.441,4.457,4.441,4.454,30531.54
2025-09-06 01:00:00+00:00,4.452,4.458,4.442,4.451,12998.09
2025-09-06 02:00:00+00:00,4.451,4.458,4.433,4.452,21380.78
2025-09-06 03:00:00+00:00,4.451,4.457,4.445,4.448,15608.85
2025-09-06 04:00:00+00:00,4.447,4.447,4.414,4.424,21222.03
2025-09-06 05:00:00+00:00,4.423,4.425,4.407,4.407,12847.95
2025-09-06 06:00:00+00:00,4.406,4.406,4.384,4.397,46907.69
2025-09-06 07:00:00+00:00,4.396,4.401,4.386,4.395,23056.96
2025-09-06 08:00:00+00:00,4.395,4.402,4.391,4.394,30696.49
2025-09-06 09:00:00+00:00,4.394,4.394,4.372,4.372,30788.32
2025-09-06 10:00:00+00:00,4.373,4.385,4.362,4.385,28535.29
2025-09-06 11:00:00+00:00,4.384,4.384,4.365,4.377,22852.13
2025-09-06 12:00:00+00:00,4.376,4.38,4.363,4.367,23743.74
2025-09-06 13:00:00+00:00,4.368,4.379,4.366,4.378,18416.71
2025-09-06 14:00:00+00:00,4.379,4.407,4.377,4.4,34969.96
2025-09-06 15:00:00+00:00,4.4,4.4,4.368,4.371,23846.12
2025-09-06 16:00:00+00:00,4.372,4.402,4.361,4.393,49660.53
2025-09-06 17:00:00+00:00,4.393,4.403,4.373,4.384,16876.76
2025-09-06 18:00:00+00:00,4.384,4.399,4.382,4.39,30192.46
2025-09-06 19:00:00+00:00,4.39,4.391,4.361,4.365,31578.92
2025-09-06 20:00:00+00:00,4.365,4.396,4.362,4.395,18701.49
2025-09-06 21:00:00+00:00,4.396,4.399,4.386,4.395,24379.75
2025-09-06 22:00:00+00:00,4.395,4.427,4.393,4.42,59514.6
2025-09-06 23:00:00+00:00,4.421,4.442,4.406,4.409,66662.53
2025-09-07 00:00:00+00:00,4.41,4.427,4.409,4.424,21643.98
2025-09-07 01:00:00+00:00,4.425,4.449,4.424,4.44,48880.49
2025-09-07 02:00:00+00:00,4.441,4.455,4.438,4.455,14175.74
2025-09-07 03:00:00+00:00,4.454,4.46,4.444,4.447,20541.42
2025-09-07 04:00:00+00:00,4.448,4.455,4.442,4.447,17930.87
2025-09-07 05:00:00+00:00,4.448,4.474,4.444,4.471,54709.07
2025-09-07 06:00:00+00:00,4.471,4.473,4.445,4.446,27847.33
2025-09-07 07:00:00+00:00,4.447,4.461,4.436,4.446,50087.05
2025-09-07 08:00:00+00:00,4.447,4.468,4.445,4.464,30965.96
2025-09-07 09:00:00+00:00,4.464,4.464,4.429,4.441,57646.3
2025-09-07 10:00:00+00:00,4.441,4.455,4.441,4.454,26637.77
2025-09-07 11:00:00+00:00,4.454,4.458,4.442,4.456,24534.44
2025-09-07 12:00:00+00:00,4.458,4.461,4.44,4.46,42461.39
2025-09-07 13:00:00+00:00,4.459,4.489,4.458,4.484,102025.23
2025-09-07 14:00:00+00:00,4.484,4.488,4.467,4.483,90418.9
2025-09-07 15:00:00+00:00,4.483,4.484,4.451,4.462,42288.09
2025-09-07 16:00:00+00:00,4.462,4.47,4.449,4.454,24622.18
2025-09-07 17:00:00+00:00,4.454,4.461,4.439,4.442,26971.23
2025-09-07 18:00:00+00:00,4.442,4.459,4.436,4.449,34536.96
2025-09-07 19:00:00+00:00,4.449,4.47,4.444,4.463,34787.3
2025-09-07 20:00:00+00:00,4.462,4.47,4.447,4.463,56104.95
2025-09-07 21:00:00+00:00,4.464,4.465,4.45,4.462,30125.15
2025-09-07 22:00:00+00:00,4.46,4.477,4.456,4.477,19465.73
2025-09-07 23:00:00+00:00,4.478,4.51,4.478,4.484,42824.93
2025-09-08 00:00:00+00:00,4.485,4.512,4.484,4.486,58049.68
2025-09-08 01:00:00+00:00,4.487,4.495,4.476,4.493,37030.09
2025-09-08 02:00:00+00:00,4.493,4.537,4.485,4.536,61388.57
2025-09-08 03:00:00+00:00,4.537,4.549,4.505,4.514,87281.75
2025-09-08 04:00:00+00:00,4.512,4.512,4.485,4.494,60031.63
2025-09-08 05:00:00+00:00,4.495,4.514,4.49,4.503,23050.21
2025-09-08 06:00:00+00:00,4.503,4.505,4.477,4.492,21138.47
2025-09-08 07:00:00+00:00,4.492,4.506,4.485,4.492,26299.83
2025-09-08 08:00:00+00:00,4.493,4.526,4.493,4.524,64748.97
2025-09-08 09:00:00+00:00,4.522,4.544,4.514,4.537,83683.66
2025-09-08 10:00:00+00:00,4.537,4.563,4.533,4.538,77076.36
2025-09-08 11:00:00+00:00,4.538,4.541,4.504,4.524,53216.75
2025-09-08 12:00:00+00:00,4.525,4.542,4.511,4.54,67388.35
2025-09-08 13:00:00+00:00,4.54,4.555,4.52,4.522,46763.64
2025-09-08 14:00:00+00:00,4.521,4.56,4.52,4.56,52780.47
2025-09-08 15:00:00+00:00,4.559,4.587,4.558,4.574,87102.38
2025-09-08 16:00:00+00:00,4.572,4.595,4.556,4.575,225629.43
2025-09-08 17:00:00+00:00,4.575,4.598,4.553,4.562,73794.05
2025-09-08 18:00:00+00:00,4.562,4.593,4.551,4.58,111561.58
2025-09-08 19:00:00+00:00,4.581,4.582,4.522,4.545,86415.31
2025-09-08 20:00:00+00:00,4.546,4.567,4.511,4.516,128850.5
2025-09-08 21:00:00+00:00,4.516,4.549,4.505,4.549,59577.08
2025-09-08 22:00:00+00:00,4.55,4.556,4.54,4.546,26040.38
2025-09-08 23:00:00+00:00,4.545,4.557,4.532,4.539,19485.55
2025-09-09 00:00:00+00:00,4.541,4.575,4.538,4.565,42624.78
2025-09-09 01:00:00+00:00,4.566,4.577,4.536,4.537,37874.71
2025-09-09 02:00:00+00:00,4.537,4.541,4.489,4.505,50055.18
2025-09-09 03:00:00+00:00,4.504,4.552,4.5,4.548,47791.82
2025-09-09 04:00:00+00:00,4.547,4.567,4.535,4.56,42945.03
2025-09-09 05:00:00+00:00,4.56,4.573,4.546,4.573,32426.24
2025-09-09 06:00:00+00:00,4.573,4.647,4.573,4.634,116390.43
2025-09-09 07:00:00+00:00,4.635,4.656,4.612,4.627,74924.18
2025-09-09 08:00:00+00:00,4.627,4.643,4.626,4.64,39680.03
2025-09-09 09:00:00+00:00,4.64,4.647,4.627,4.637,52980.45
2025-09-09 10:00:00+00:00,4.636,4.652,4.619,4.636,119123.22
2025-09-09 11:00:00+00:00,4.636,4.679,4.63,4.643,125249.24
2025-09-09 12:00:00+00:00,4.643,4.666,4.596,4.606,204477.2
2025-09-09 13:00:00+00:00,4.605,4.618,4.581,4.606,80515.19
2025-09-09 14:00:00+00:00,4.606,4.616,4.514,4.549,231071.79
2025-09-09 15:00:00+00:00,4.549,4.556,4.511,4.529,112088.93
2025-09-09 16:00:00+00:00,4.529,4.536,4.509,4.534,63872.14
2025-09-09 17:00:00+00:00,4.534,4.573,4.525,4.568,167967.32
2025-09-09 18:00:00+00:00,4.568,4.587,4.556,4.572,38671.26
2025-09-09 19:00:00+00:00,4.573,4.617,4.567,4.607,100298.87
2025-09-09 20:00:00+00:00,4.606,4.611,4.581,4.594,41218.43
2025-09-09 21:00:00+00:00,4.594,4.609,4.575,4.577,42533.73
2025-09-09 22:00:00+00:00,4.577,4.598,4.567,4.594,25844.08
2025-09-09 23:00:00+00:00,4.595,4.603,4.57,4.591,34574.03
2025-09-10 00:00:00+00:00,4.591,4.597,4.559,4.564,50227.08
2025-09-10 01:00:00+00:00,4.564,4.597,4.557,4.578,39705.88
2025-09-10 02:00:00+00:00,4.579,4.614,4.579,4.599,28851.81
2025-09-10 03:00:00+00:00,4.599,4.62,4.589,4.618,54985.29
2025-09-10 04:00:00+00:00,4.616,4.62,4.594,4.618,32271.49
2025-09-10 05:00:00+00:00,4.618,4.62,4.569,4.597,112554.95
2025-09-10 06:00:00+00:00,4.597,4.612,4.579,4.602,21086.43
2025-09-10 07:00:00+00:00,4.602,4.625,4.598,4.613,55021.22
2025-09-10 08:00:00+00:00,4.613,4.617,4.59,4.615,59226.24
2025-09-10 09:00:00+00:00,4.616,4.643,4.611,4.63,74433.9
2025-09-10 10:00:00+00:00,4.63,4.649,4.628,4.632,115092.35
2025-09-10 11:00:00+00:00,4.631,4.642,4.614,4.623,48083.62
2025-09-10 12:00:00+00:00,4.625,4.693,4.622,4.69,171397.57
2025-09-10 13:00:00+00:00,4.689,4.717,4.668,4.695,91316.73
2025-09-10 14:00:00+00:00,4.696,4.71,4.663,4.686,132182.79
2025-09-10 15:00:00+00:00,4.686,4.713,4.657,4.689,153719.35
2025-09-10 16:00:00+00:00,4.69,4.691,4.657,4.688,24380.94
2025-09-10 17:00:00+00:00,4.688,4.692,4.655,4.667,40918.12
2025-09-10 18:00:00+00:00,4.666,4.67,4.644,4.654,88830.18
2025-09-10 19:00:00+00:00,4.655,4.655,4.604,4.618,53522.8
2025-09-10 20:00:00+00:00,4.618,4.662,4.616,4.649,64136.63
2025-09-10 21:00:00+00:00,4.648,4.694,4.647,4.679,65483.43
2025-09-10 22:00:00+00:00,4.679,4.714,4.673,4.676,90646.17
2025-09-10 23:00:00+00:00,4.677,4.687,4.666,4.68,33595.43
2025-09-11 00:00:00+00:00,4.681,4.689,4.675,4.684,23905.33
2025-09-11 01:00:00+00:00,4.684,4.701,4.68,4.693,56994.1
2025-09-11 02:00:00+00:00,4.692,4.703,4.681,4.682,34199.26
2025-09-11 03:00:00+00:00,4.681,4.704,4.673,4.701,26644.55
2025-09-11 04:00:00+00:00,4.701,4.705,4.687,4.696,54269.65
2025-09-11 05:00:00+00:00,4.696,4.696,4.658,4.668,59742.84
2025-09-11 06:00:00+00:00,4.667,4.68,4.656,4.675,18447.62
2025-09-11 07:00:00+00:00,4.676,4.686,4.669,4.673,31243.03
2025-09-11 08:00:00+00:00,4.672,4.679,4.663,4.667,18426.07
2025-09-11 09:00:00+00:00,4.667,4.667,4.645,4.652,22603.03
2025-09-11 10:00:00+00:00,4.652,4.659,4.639,4.65,43719.5
2025-09-11 11:00:00+00:00,4.649,4.66,4.629,4.631,36091.11
2025-09-11 12:00:00+00:00,4.631,4.678,4.587,4.64,249540.58
2025-09-11 13:00:00+00:00,4.641,4.672,4.597,4.671,83545.57
2025-09-11 14:00:00+00:00,4.672,4.678,4.626,4.651,50060.88
2025-09-11 15:00:00+00:00,4.65,4.664,4.628,4.628,45477.65
2025-09-11 16:00:00+00:00,4.629,4.658,4.628,4.646,39407.77
2025-09-11 17:00:00+00:00,4.646,4.664,4.639,4.66,11832.77
2025-09-11 18:00:00+00:00,4.66,4.667,4.646,4.665,38318.63
2025-09-11 19:00:00+00:00,4.664,4.684,4.661,4.677,41356.78
2025-09-11 20:00:00+00:00,4.677,4.697,4.676,4.686,33897.78
2025-09-11 21:00:00+00:00,4.686,4.697,4.68,4.695,18329.92
2025-09-11 22:00:00+00:00,4.695,4.703,4.688,4.69,46171.8
2025-09-11 23:00:00+00:00,4.689,4.703,4.689,4.692,24477.17
2025-09-12 00:00:00+00:00,4.693,4.737,4.686,4.721,83198.98
2025-09-12 01:00:00+00:00,4.722,4.729,4.692,4.692,44926.18
2025-09-12 02:00:00+00:00,4.693,4.7,4.679,4.686,70166.65
2025-09-12 03:00:00+00:00,4.687,4.688,4.666,4.679,21101.29
2025-09-12 04:00:00+00:00,4.678,4.689,4.669,4.688,24562.23
2025-09-12 05:00:00+00:00,4.688,4.708,4.677,4.707,23759.03
2025-09-12 06:00:00+00:00,4.708,4.709,4.683,4.686,28496.28
2025-09-12 07:00:00+00:00,4.686,4.698,4.667,4.674,68078.32
2025-09-12 08:00:00+00:00,4.674,4.675,4.636,4.662,192628.46
2025-09-12 09:00:00+00:00,4.661,4.664,4.633,4.642,31058.02
2025-09-12 10:00:00+00:00,4.641,4.644,4.625,4.641,27871.0
2025-09-12 11:00:00+00:00,4.64,4.648,4.619,4.622,27570.62
2025-09-12 12:00:00+00:00,4.621,4.664,4.601,4.655,204481.31
2025-09-12 13:00:00+00:00,4.655,4.668,4.646,4.661,48885.91
2025-09-12 14:00:00+00:00,4.661,4.685,4.653,4.672,48089.07
2025-09-12 15:00:00+00:00,4.673,4.673,4.64,4.653,35992.83
2025-09-12 16:00:00+00:00,4.653,4.684,4.648,4.682,40602.98
2025-09-12 17:00:00+00:00,4.681,4.703,4.669,4.697,40618.86
2025-09-12 18:00:00+00:00,4.697,4.726,4.693,4.726,63067.02
2025-09-12 19:00:00+00:00,4.727,4.744,4.724,4.741,52467.92
2025-09-12 20:00:00+00:00,4.741,4.741,4.711,4.734,63692.69
2025-09-12 21:00:00+00:00,4.733,4.733,4.709,4.721,32317.61
2025-09-12 22:00:00+00:00,4.721,4.752,4.72,4.747,48140.24
2025-09-12 23:00:00+00:00,4.747,4.754,4.732,4.748,44873.45
2025-09-13 00:00:00+00:00,4.749,4.761,4.74,4.746,69028.96
2025-09-13 01:00:00+00:00,4.747,4.789,4.744,4.745,77326.97
2025-09-13 02:00:00+00:00,4.745,4.759,4.737,4.759,25241.0
2025-09-13 03:00:00+00:00,4.759,4.773,4.711,4.761,467876.77
2025-09-13 04:00:00+00:00,4.761,4.777,4.749,4.774,78251.28
2025-09-13 05:00:00+00:00,4.774,4.795,4.773,4.793,62346.77
2025-09-13 06:00:00+00:00,4.794,4.805,4.783,4.793,110100.44
2025-09-13 07:00:00+00:00,4.793,4.8,4.785,4.788,42259.4
2025-09-13 08:00:00+00:00,4.788,4.819,4.787,4.819,68003.02
2025-09-13 09:00:00+00:00,4.819,4.849,4.812,4.848,107471.74
2025-09-13 10:00:00+00:00,4.847,4.865,4.83,4.848,96242.17
2025-09-13 11:00:00+00:00,4.847,4.869,4.824,4.867,48010.59
2025-09-13 12:00:00+00:00,4.867,4.876,4.853,4.874,71666.26
2025-09-13 13:00:00+00:00,4.873,4.886,4.787,4.835,159291.16
2025-09-13 14:00:00+00:00,4.835,4.867,4.798,4.852,87149.38
2025-09-13 15:00:00+00:00,4.852,4.887,4.836,4.85,135234.35
2025-09-13 16:00:00+00:00,4.851,4.881,4.804,4.814,115165.2
2025-09-13 17:00:00+00:00,4.815,4.84,4.761,4.835,170792.84
2025-09-13 18:00:00+00:00,4.834,4.835,4.802,4.822,77232.26
2025-09-13 19:00:00+00:00,4.822,4.823,4.795,4.806,49688.3
2025-09-13 20:00:00+00:00,4.806,4.844,4.806,4.827,78792.18
2025-09-13 21:00:00+00:00,4.826,4.846,4.82,4.83,35885.61
2025-09-13 22:00:00+00:00,4.831,4.844,4.816,4.825,24549.69
2025-09-13 23:00:00+00:00,4.826,4.833,4.814,4.823,17023.73
2025-09-14 00:00:00+00:00,4.822,4.828,4.785,4.795,31140.36
2025-09-14 01:00:00+00:00,4.794,4.799,4.757,4.798,49949.98
2025-09-14 02:00:00+00:00,4.799,4.82,4.786,4.8,45858.53
2025-09-14 03:00:00+00:00,4.801,4.804,4.749,4.753,43704.08
2025-09-14 04:00:00+00:00,4.753,4.76,4.705,4.754,67552.77
2025-09-14 05:00:00+00:00,4.755,4.794,4.752,4.794,57700.44
2025-09-14 06:00:00+00:00,4.794,4.8,4.76,4.78,36523.24
2025-09-14 07:00:00+00:00,4.78,4.78,4.753,4.766,38005.29
2025-09-14 08:00:00+00:00,4.765,4.773,4.743,4.747,37090.59
2025-09-14 09:00:00+00:00,4.747,4.783,4.74,4.777,55314.91
2025-09-14 10:00:00+00:00,4.777,4.787,4.759,4.76,27489.74
2025-09-14 11:00:00+00:00,4.76,4.767,4.683,4.688,101003.51
2025-09-14 12:00:00+00:00,4.688,4.702,4.65,4.685,88210.68
2025-09-14 13:00:00+00:00,4.686,4.686,4.641,4.658,72770.22
2025-09-14 14:00:00+00:00,4.659,4.688,4.616,4.634,105490.58
2025-09-14 15:00:00+00:00,4.633,4.654,4.612,4.639,60250.6
2025-09-14 16:00:00+00:00,4.639,4.675,4.634,4.665,55169.93
2025-09-14 17:00:00+00:00,4.664,4.692,4.655,4.685,35064.4
2025-09-14 18:00:00+00:00,4.684,4.684,4.653,4.657,29156.98
2025-09-14 19:00:00+00:00,4.656,4.672,4.645,4.657,21702.74
2025-09-14 20:00:00+00:00,4.657,4.672,4.654,4.657,38746.31
2025-09-14 21:00:00+00:00,4.657,4.683,4.639,4.672,38542.25
2025-09-14 22:00:00+00:00,4.673,4.686,4.654,4.674,38884.28
2025-09-14 23:00:00+00:00,4.675,4.675,4.631,4.635,26318.86
2025-09-15 00:00:00+00:00,4.635,4.668,4.628,4.634,82137.07
2025-09-15 01:00:00+00:00,4.633,4.653,4.595,4.641,76360.06
2025-09-15 02:00:00+00:00,4.64,4.664,4.626,4.628,31731.55
2025-09-15 03:00:00+00:00,4.627,4.658,4.625,4.652,52111.53
2025-09-15 04:00:00+00:00,4.651,4.665,4.638,4.65,41881.54
2025-09-15 05:00:00+00:00,4.649,4.676,4.647,4.67,47849.49
2025-09-15 06:00:00+00:00,4.67,4.67,4.584,4.597,108037.35
2025-09-15 07:00:00+00:00,4.597,4.626,4.544,4.56,209221.0
2025-09-15 08:00:00+00:00,4.56,4.56,4.473,4.48,270941.5
2025-09-15 09:00:00+00:00,4.479,4.528,4.476,4.511,85810.67
2025-09-15 10:00:00+00:00,4.51,4.524,4.487,4.514,65432.36
2025-09-15 11:00:00+00:00,4.514,4.532,4.506,4.52,53354.81
2025-09-15 12:00:00+00:00,4.52,4.526,4.496,4.499,56397.12
2025-09-15 13:00:00+00:00,4.5,4.539,4.493,4.518,87527.38
2025-09-15 14:00:00+00:00,4.517,4.532,4.489,4.502,62385.89
2025-09-15 15:00:00+00:00,4.502,4.514,4.466,4.493,69930.11
2025-09-15 16:00:00+00:00,4.493,4.495,4.456,4.461,60314.4
2025-09-15 17:00:00+00:00,4.461,4.487,4.458,4.487,44993.86
2025-09-15 18:00:00+00:00,4.486,4.491,4.451,4.487,106327.28
2025-09-15 19:00:00+00:00,4.487,4.5,4.463,4.494,47623.24
2025-09-15 20:00:00+00:00,4.494,4.514,4.49,4.513,31257.02
2025-09-15 21:00:00+00:00,4.513,4.523,4.501,4.523,61659.01
2025-09-15 22:00:00+00:00,4.522,4.53,4.502,4.506,23950.71
2025-09-15 23:00:00+00:00,4.505,4.515,4.497,4.51,12660.88
2025-09-16 00:00:00+00:00,4.51,4.51,4.468,4.481,30314.97
2025-09-16 01:00:00+00:00,4.481,4.494,4.446,4.449,67664.77
2025-09-16 02:00:00+00:00,4.45,4.47,4.44,4.443,72549.02
2025-09-16 03:00:00+00:00,4.443,4.46,4.426,4.445,172198.12
2025-09-16 04:00:00+00:00,4.446,4.458,4.418,4.456,92119.79
2025-09-16 05:00:00+00:00,4.456,4.481,4.452,4.48,54606.48
2025-09-16 06:00:00+00:00,4.48,4.483,4.442,4.456,55975.44
2025-09-16 07:00:00+00:00,4.457,4.485,4.455,4.475,36529.79
2025-09-16 08:00:00+00:00,4.476,4.509,4.476,4.493,91590.71
2025-09-16 09:00:00+00:00,4.492,4.492,4.465,4.483,83097.88
2025-09-16 10:00:00+00:00,4.483,4.483,4.457,4.458,88011.68
2025-09-16 11:00:00+00:00,4.458,4.472,4.45,4.461,54715.98
2025-09-16 12:00:00+00:00,4.462,4.477,4.453,4.469,57256.05
2025-09-16 13:00:00+00:00,4.47,4.503,4.44,4.474,136631.4
2025-09-16 14:00:00+00:00,4.473,4.492,4.443,4.491,68749.96
2025-09-16 15:00:00+00:00,4.492,4.527,4.478,4.525,56962.98
2025-09-16 16:00:00+00:00,4.526,4.528,4.497,4.521,64899.57
2025-09-16 17:00:00+00:00,4.521,4.573,4.521,4.548,109447.26
2025-09-16 18:00:00+00:00,4.549,4.562,4.523,4.535,66384.86
2025-09-16 19:00:00+00:00,4.536,4.558,4.528,4.547,38997.23
2025-09-16 20:00:00+00:00,4.548,4.559,4.541,4.546,34960.58
2025-09-16 21:00:00+00:00,4.546,4.548,4.527,4.541,42954.63
2025-09-16 22:00:00+00:00,4.542,4.564,4.54,4.56,79401.3
2025-09-16 23:00:00+00:00,4.559,4.569,4.541,4.547,43434.8
2025-09-17 00:00:00+00:00,4.547,4.564,4.531,4.532,48814.6
2025-09-17 01:00:00+00:00,4.532,4.544,4.516,4.526,31198.88
2025-09-17 02:00:00+00:00,4.526,4.557,4.518,4.54,65966.57
2025-09-17 03:00:00+00:00,4.541,4.555,4.517,4.52,34707.24
2025-09-17 04:00:00+00:00,4.52,4.53,4.487,4.495,36965.82
2025-09-17 05:00:00+00:00,4.495,4.525,4.489,4.524,31700.52
2025-09-17 06:00:00+00:00,4.524,4.547,4.52,4.546,42289.19
2025-09-17 07:00:00+00:00,4.545,4.548,4.532,4.536,36586.08
2025-09-17 08:00:00+00:00,4.536,4.536,4.495,4.505,43228.92
2025-09-17 09:00:00+00:00,4.505,4.513,4.484,4.484,129135.12
2025-09-17 10:00:00+00:00,4.485,4.492,4.471,4.483,53272.68
2025-09-17 11:00:00+00:00,4.482,4.498,4.48,4.492,18323.16
2025-09-17 12:00:00+00:00,4.492,4.501,4.476,4.489,30025.16
2025-09-17 13:00:00+00:00,4.489,4.503,4.478,4.482,36038.11
2025-09-17 14:00:00+00:00,4.481,4.493,4.468,4.474,26867.58
2025-09-17 15:00:00+00:00,4.475,4.481,4.467,4.473,28234.84
2025-09-17 16:00:00+00:00,4.473,4.492,4.451,4.489,37826.43
2025-09-17 17:00:00+00:00,4.488,4.526,4.464,4.469,92851.48
2025-09-17 18:00:00+00:00,4.469,4.54,4.462,4.48,280612.01
2025-09-17 19:00:00+00:00,4.481,4.555,4.479,4.554,92450.52
2025-09-17 20:00:00+00:00,4.555,4.584,4.524,4.529,75368.07
2025-09-17 21:00:00+00:00,4.528,4.577,4.511,4.576,51954.81
2025-09-17 22:00:00+00:00,4.577,4.632,4.577,4.622,105915.39
2025-09-17 23:00:00+00:00,4.622,4.639,4.59,4.613,100938.34
2025-09-18 00:00:00+00:00,4.614,4.623,4.587,4.592,27375.4
2025-09-18 01:00:00+00:00,4.592,4.628,4.592,4.607,33127.72
2025-09-18 02:00:00+00:00,4.607,4.613,4.583,4.613,47029.39
2025-09-18 03:00:00+00:00,4.613,4.642,4.611,4.629,73881.79
2025-09-18 04:00:00+00:00,4.63,4.634,4.61,4.624,47706.89
2025-09-18 05:00:00+00:00,4.624,4.624,4.586,4.595,28484.11
2025-09-18 06:00:00+00:00,4.596,4.601,4.555,4.57,68734.46
2025-09-18 07:00:00+00:00,4.57,4.594,4.564,4.585,48474.91
2025-09-18 08:00:00+00:00,4.584,4.618,4.582,4.617,45010.87
2025-09-18 09:00:00+00:00,4.617,4.621,4.605,4.609,50954.23
2025-09-18 10:00:00+00:00,4.609,4.612,4.58,4.587,39129.82
2025-09-18 11:00:00+00:00,4.587,4.6,4.583,4.598,33938.21
2025-09-18 12:00:00+00:00,4.598,4.613,4.583,4.608,64111.56
2025-09-18 13:00:00+00:00,4.608,4.629,4.588,4.617,57419.99
2025-09-18 14:00:00+00:00,4.617,4.639,4.616,4.618,73432.95
2025-09-18 15:00:00+00:00,4.618,4.627,4.606,4.619,35798.58
2025-09-18 16:00:00+00:00,4.62,4.643,4.62,4.635,52081.71
2025-09-18 17:00:00+00:00,4.636,4.673,4.629,4.666,109075.24
2025-09-18 18:00:00+00:00,4.665,4.698,4.658,4.696,68041.45
2025-09-18 19:00:00+00:00,4.696,4.697,4.645,4.671,58332.25
2025-09-18 20:00:00+00:00,4.67,4.695,4.666,4.693,58483.4
2025-09-18 21:00:00+00:00,4.693,4.702,4.675,4.694,112376.21
2025-09-18 22:00:00+00:00,4.692,4.704,4.672,4.672,64600.73
2025-09-18 23:00:00+00:00,4.672,4.68,4.645,4.672,51078.04
2025-09-19 00:00:00+00:00,4.672,4.73,4.672,4.728,65922.9
2025-09-19 01:00:00+00:00,4.728,4.751,4.708,4.716,107151.09
2025-09-19 02:00:00+00:00,4.715,4.726,4.668,4.668,43851.43
2025-09-19 03:00:00+00:00,4.669,4.688,4.622,4.628,101813.13
2025-09-19 04:00:00+00:00,4.628,4.66,4.595,4.656,68849.21
2025-09-19 05:00:00+00:00,4.655,4.66,4.62,4.644,35021.93
2025-09-19 06:00:00+00:00,4.645,4.646,4.612,4.617,58749.25
2025-09-19 07:00:00+00:00,4.617,4.656,4.612,4.639,48823.23
2025-09-19 08:00:00+00:00,4.638,4.672,4.637,4.655,59704.2
2025-09-19 09:00:00+00:00,4.656,4.684,4.604,4.622,100430.42
2025-09-19 10:00:00+00:00,4.622,4.65,4.616,4.638,107775.15
2025-09-19 11:00:00+00:00,4.637,4.637,4.579,4.591,84094.83
2025-09-19 12:00:00+00:00,4.592,4.604,4.573,4.574,60920.39
2025-09-19 13:00:00+00:00,4.575,4.615,4.57,4.59,88071.92
2025-09-19 14:00:00+00:00,4.591,4.598,4.55,4.567,70449.52
2025-09-19 15:00:00+00:00,4.567,4.568,4.522,4.546,88332.06
2025-09-19 16:00:00+00:00,4.547,4.556,4.533,4.543,29880.02
2025-09-19 17:00:00+00:00,4.543,4.545,4.497,4.498,81348.88
2025-09-19 18:00:00+00:00,4.497,4.51,4.476,4.497,80421.67
2025-09-19 19:00:00+00:00,4.498,4.518,4.494,4.494,37240.87
2025-09-19 20:00:00+00:00,4.494,4.509,4.489,4.494,36290.65
2025-09-19 21:00:00+00:00,4.493,4.503,4.477,4.503,38523.68
2025-09-19 22:00:00+00:00,4.502,4.508,4.485,4.487,14539.21
2025-09-19 23:00:00+00:00,4.487,4.488,4.452,4.477,68699.42
2025-09-20 00:00:00+00:00,4.476,4.498,4.465,4.496,42820.46
2025-09-20 01:00:00+00:00,4.496,4.496,4.466,4.478,29753.01
2025-09-20 02:00:00+00:00,4.477,4.477,4.425,4.464,120814.88
2025-09-20 03:00:00+00:00,4.465,4.47,4.454,4.466,22386.21
2025-09-20 04:00:00+00:00,4.465,4.475,4.455,4.471,35558.6
2025-09-20 05:00:00+00:00,4.471,4.488,4.469,4.486,45628.56
2025-09-20 06:00:00+00:00,4.485,4.486,4.467,4.485,28766.85
2025-09-20 07:00:00+00:00,4.485,4.497,4.478,4.496,27295.79
2025-09-20 08:00:00+00:00,4.495,4.496,4.456,4.456,27101.75
2025-09-20 09:00:00+00:00,4.457,4.467,4.444,4.45,35891.03
2025-09-20 10:00:00+00:00,4.45,4.462,4.44,4.444,33807.5
2025-09-20 11:00:00+00:00,4.444,4.461,4.437,4.458,30828.3
2025-09-20 12:00:00+00:00,4.458,4.46,4.449,4.457,36478.27
2025-09-20 13:00:00+00:00,4.457,4.457,4.441,4.443,48869.66
2025-09-20 14:00:00+00:00,4.444,4.475,4.42,4.472,86893.74
2025-09-20 15:00:00+00:00,4.472,4.499,4.469,4.48,66041.3
2025-09-20 16:00:00+00:00,4.48,4.485,4.459,4.481,42846.96
2025-09-20 17:00:00+00:00,4.48,4.48,4.453,4.459,28160.3
2025-09-20 18:00:00+00:00,4.458,4.458,4.434,4.441,35081.25
2025-09-20 19:00:00+00:00,4.44,4.454,4.434,4.438,19802.79
2025-09-20 20:00:00+00:00,4.437,4.474,4.432,4.47,34212.28
2025-09-20 21:00:00+00:00,4.471,4.483,4.464,4.468,37179.75
2025-09-20 22:00:00+00:00,4.467,4.469,4.451,4.46,11265.99
2025-09-20 23:00:00+00:00,4.459,4.459,4.441,4.453,13548.83
2025-09-21 00:00:00+00:00,4.452,4.472,4.443,4.468,28297.38
2025-09-21 01:00:00+00:00,4.468,4.472,4.445,4.451,71704.78
2025-09-21 02:00:00+00:00,4.451,4.472,4.349,4.463,209155.41
2025-09-21 03:00:00+00:00,4.463,4.48,4.458,4.477,127999.56
2025-09-21 04:00:00+00:00,4.476,4.482,4.463,4.477,65231.21
2025-09-21 05:00:00+00:00,4.478,4.498,4.472,4.497,34938.95
2025-09-21 06:00:00+00:00,4.498,4.511,4.492,4.493,62358.31
2025-09-21 07:00:00+00:00,4.492,4.504,4.483,4.498,49094.59
2025-09-21 08:00:00+00:00,4.499,4.507,4.476,4.483,52904.05
2025-09-21 09:00:00+00:00,4.483,4.487,4.424,4.467,131989.31
2025-09-21 10:00:00+00:00,4.466,4.472,4.435,4.438,58713.12
2025-09-21 11:00:00+00:00,4.437,4.452,4.429,4.438,60077.61
2025-09-21 12:00:00+00:00,4.438,4.468,4.438,4.443,37510.57
2025-09-21 13:00:00+00:00,4.442,4.459,4.439,4.45,33401.79
2025-09-21 14:00:00+00:00,4.449,4.46,4.434,4.439,50706.56
2025-09-21 15:00:00+00:00,4.439,4.454,4.432,4.434,40386.22
2025-09-21 16:00:00+00:00,4.434,4.444,4.405,4.425,92018.28
2025-09-21 17:00:00+00:00,4.424,4.439,4.398,4.438,54299.17
2025-09-21 18:00:00+00:00,4.439,4.45,4.43,4.45,23378.36
2025-09-21 19:00:00+00:00,4.45,4.45,4.419,4.445,37273.62
2025-09-21 20:00:00+00:00,4.446,4.451,4.423,4.427,39497.19
2025-09-21 21:00:00+00:00,4.429,4.434,4.414,4.423,27607.26
2025-09-21 22:00:00+00:00,4.423,4.433,4.402,4.431,30622.6
2025-09-21 23:00:00+00:00,4.43,4.43,4.399,4.4,32809.43
2025-09-22 00:00:00+00:00,4.4,4.422,4.318,4.326,309097.38
2025-09-22 01:00:00+00:00,4.325,4.365,4.316,4.339,96570.54
2025-09-22 02:00:00+00:00,4.341,4.351,4.257,4.293,233958.67
2025-09-22 03:00:00+00:00,4.293,4.325,4.292,4.312,110817.57
2025-09-22 04:00:00+00:00,4.312,4.326,4.296,4.31,69256.47
2025-09-22 05:00:00+00:00,4.31,4.319,4.243,4.246,118943.22
2025-09-22 06:00:00+00:00,4.246,4.25,4.031,4.187,976490.7
2025-09-22 07:00:00+00:00,4.186,4.197,4.156,4.158,209471.18
2025-09-22 08:00:00+00:00,4.159,4.178,4.14,4.155,153600.38
2025-09-22 09:00:00+00:00,4.157,4.161,4.126,4.13,151495.32
2025-09-22 10:00:00+00:00,4.131,4.18,4.128,4.178,98907.03
2025-09-22 11:00:00+00:00,4.177,4.182,4.153,4.16,97509.44
2025-09-22 12:00:00+00:00,4.16,4.184,4.146,4.173,88723.2
2025-09-22 13:00:00+00:00,4.172,4.19,4.149,4.185,85202.68
2025-09-22 14:00:00+00:00,4.186,4.189,4.134,4.143,106953.14
2025-09-22 15:00:00+00:00,4.143,4.15,4.114,4.124,117193.85
2025-09-22 16:00:00+00:00,4.124,4.142,4.106,4.117,91410.25
2025-09-22 17:00:00+00:00,4.117,4.135,4.102,4.125,84529.43
2025-09-22 18:00:00+00:00,4.124,4.128,4.109,4.112,59201.55
2025-09-22 19:00:00+00:00,4.112,4.117,4.081,4.088,131937.38
2025-09-22 20:00:00+00:00,4.089,4.135,4.083,4.133,45629.86
2025-09-22 21:00:00+00:00,4.133,4.162,4.125,4.161,54976.11
2025-09-22 22:00:00+00:00,4.161,4.161,4.143,4.15,23358.73
2025-09-22 23:00:00+00:00,4.148,4.162,4.143,4.161,25697.11
2025-09-23 00:00:00+00:00,4.161,4.173,4.144,4.145,58512.18
2025-09-23 01:00:00+00:00,4.146,4.151,4.124,4.126,49283.75
2025-09-23 02:00:00+00:00,4.126,4.144,4.11,4.112,81672.87
2025-09-23 03:00:00+00:00,4.113,4.179,4.096,4.165,104045.4
2025-09-23 04:00:00+00:00,4.166,4.176,4.14,4.155,61620.14
2025-09-23 05:00:00+00:00,4.156,4.171,4.138,4.152,35059.59
2025-09-23 06:00:00+00:00,4.152,4.211,4.149,4.201,67305.71
2025-09-23 07:00:00+00:00,4.2,4.211,4.184,4.185,35893.64
2025-09-23 08:00:00+00:00,4.186,4.207,4.182,4.201,34910.22
2025-09-23 09:00:00+00:00,4.201,4.217,4.17,4.179,40565.79
2025-09-23 10:00:00+00:00,4.178,4.2,4.177,4.196,43527.87
2025-09-23 11:00:00+00:00,4.196,4.2,4.177,4.189,39354.41
2025-09-23 12:00:00+00:00,4.189,4.211,4.183,4.203,64749.91
2025-09-23 13:00:00+00:00,4.203,4.21,4.172,4.179,66455.91
2025-09-23 14:00:00+00:00,4.179,4.205,4.165,4.169,63738.71
2025-09-23 15:00:00+00:00,4.17,4.2,4.154,4.187,54154.98
2025-09-23 16:00:00+00:00,4.187,4.222,4.167,4.209,56027.88
2025-09-23 17:00:00+00:00,4.208,4.208,4.155,4.161,46560.54
2025-09-23 18:00:00+00:00,4.162,4.18,4.149,4.155,54641.09
2025-09-23 19:00:00+00:00,4.155,4.183,4.145,4.153,48475.84
2025-09-23 20:00:00+00:00,4.152,4.168,4.128,4.157,55502.04
2025-09-23 21:00:00+00:00,4.158,4.173,4.142,4.17,25859.95
2025-09-23 22:00:00+00:00,4.17,4.175,4.143,4.144,34252.5
2025-09-23 23:00:00+00:00,4.144,4.154,4.12,4.127,42206.32
2025-09-24 00:00:00+00:00,4.128,4.164,4.122,4.148,36733.67
2025-09-24 01:00:00+00:00,4.147,4.184,4.137,4.181,20896.17
2025-09-24 02:00:00+00:00,4.181,4.185,4.153,4.168,33904.05
2025-09-24 03:00:00+00:00,4.168,4.174,4.108,4.115,69861.49
2025-09-24 04:00:00+00:00,4.115,4.163,4.07,4.139,128886.82
2025-09-24 05:00:00+00:00,4.138,4.193,4.137,4.191,70143.9
2025-09-24 06:00:00+00:00,4.191,4.202,4.168,4.194,151986.39
2025-09-24 07:00:00+00:00,4.195,4.209,4.179,4.194,28839.14
2025-09-24 08:00:00+00:00,4.195,4.209,4.19,4.199,42249.97
2025-09-24 09:00:00+00:00,4.199,4.218,4.192,4.216,35499.8
2025-09-24 10:00:00+00:00,4.215,4.217,4.198,4.211,48394.27
2025-09-24 11:00:00+00:00,4.211,4.224,4.206,4.22,51653.06
2025-09-24 12:00:00+00:00,4.22,4.228,4.21,4.217,31341.27
2025-09-24 13:00:00+00:00,4.217,4.223,4.183,4.185,93430.75
2025-09-24 14:00:00+00:00,4.186,4.224,4.185,4.205,55524.97
2025-09-24 15:00:00+00:00,4.205,4.208,4.166,4.174,131557.66
2025-09-24 16:00:00+00:00,4.174,4.191,4.167,4.178,33376.36
2025-09-24 17:00:00+00:00,4.179,4.197,4.174,4.188,35773.2
2025-09-24 18:00:00+00:00,4.189,4.191,4.168,4.173,25498.4
2025-09-24 19:00:00+00:00,4.174,4.181,4.163,4.176,52667.06
2025-09-24 20:00:00+00:00,4.175,4.184,4.155,4.18,23945.93
2025-09-24 21:00:00+00:00,4.18,4.18,4.147,4.152,32686.41
2025-09-24 22:00:00+00:00,4.153,4.17,4.15,4.16,17251.64
2025-09-24 23:00:00+00:00,4.161,4.168,4.144,4.153,24837.0
2025-09-25 00:00:00+00:00,4.153,4.163,4.126,4.133,47525.13
2025-09-25 01:00:00+00:00,4.133,4.145,4.112,4.125,86930.73
2025-09-25 02:00:00+00:00,4.124,4.16,4.102,4.138,106452.76
2025-09-25 03:00:00+00:00,4.137,4.137,4.089,4.12,63223.39
2025-09-25 04:00:00+00:00,4.119,4.132,4.05,4.074,114968.06
2025-09-25 05:00:00+00:00,4.073,4.121,4.059,4.108,67566.21
2025-09-25 06:00:00+00:00,4.108,4.111,4.067,4.072,49926.4
2025-09-25 07:00:00+00:00,4.072,4.098,4.067,4.072,30361.31
2025-09-25 08:00:00+00:00,4.072,4.092,4.048,4.063,111423.17
2025-09-25 09:00:00+00:00,4.061,4.092,4.052,4.056,77979.71
2025-09-25 10:00:00+00:00,4.055,4.088,4.054,4.058,29113.23
2025-09-25 11:00:00+00:00,4.058,4.067,4.038,4.051,66824.12
2025-09-25 12:00:00+00:00,4.049,4.09,4.0,4.067,216927.35
2025-09-25 13:00:00+00:00,4.067,4.12,4.052,4.072,198202.46
2025-09-25 14:00:00+00:00,4.074,4.12,4.074,4.088,82814.04
2025-09-25 15:00:00+00:00,4.087,4.094,4.057,4.063,59270.2
2025-09-25 16:00:00+00:00,4.063,4.073,4.004,4.011,87307.82
2025-09-25 17:00:00+00:00,4.012,4.024,3.941,3.964,431402.27
2025-09-25 18:00:00+00:00,3.964,4.055,3.944,4.055,183773.72
2025-09-25 19:00:00+00:00,4.056,4.08,4.037,4.043,64775.56
2025-09-25 20:00:00+00:00,4.043,4.047,4.007,4.011,65327.34
2025-09-25 21:00:00+00:00,4.011,4.047,4.0,4.041,64109.76
2025-09-25 22:00:00+00:00,4.04,4.056,4.012,4.026,28764.72
2025-09-25 23:00:00+00:00,4.026,4.044,3.98,4.012,68441.71
2025-09-26 00:00:00+00:00,4.013,4.062,4.006,4.055,48219.67
2025-09-26 01:00:00+00:00,4.056,4.064,4.038,4.048,46109.59
2025-09-26 02:00:00+00:00,4.047,4.061,4.03,4.041,25139.17
2025-09-26 03:00:00+00:00,4.04,4.052,4.029,4.046,26570.2
2025-09-26 04:00:00+00:00,4.046,4.052,4.027,4.031,34680.96
2025-09-26 05:00:00+00:00,4.031,4.05,4.012,4.019,24489.27
2025-09-26 06:00:00+00:00,4.02,4.039,4.001,4.014,56977.67
2025-09-26 07:00:00+00:00,4.014,4.034,3.996,4.021,37446.62
2025-09-26 08:00:00+00:00,4.021,4.044,4.02,4.028,84135.68
2025-09-26 09:00:00+00:00,4.03,4.04,4.002,4.017,44249.72
2025-09-26 10:00:00+00:00,4.018,4.019,3.981,3.993,60192.25
2025-09-26 11:00:00+00:00,3.992,4.012,3.975,4.003,47164.46
2025-09-26 12:00:00+00:00,4.003,4.052,3.964,4.028,115246.97
2025-09-26 13:00:00+00:00,4.028,4.061,4.009,4.051,92675.86
2025-09-26 14:00:00+00:00,4.051,4.057,4.011,4.022,71700.13
2025-09-26 15:00:00+00:00,4.023,4.06,4.022,4.058,75340.96
2025-09-26 16:00:00+00:00,4.057,4.108,4.056,4.106,71923.12
2025-09-26 17:00:00+00:00,4.107,4.158,4.101,4.151,170858.97
2025-09-26 18:00:00+00:00,4.15,4.183,4.149,4.175,99629.89
2025-09-26 19:00:00+00:00,4.175,4.175,4.128,4.145,74452.31
2025-09-26 20:00:00+00:00,4.146,4.151,4.116,4.118,40812.37
2025-09-26 21:00:00+00:00,4.118,4.13,4.111,4.121,34170.13
2025-09-26 22:00:00+00:00,4.121,4.134,4.115,4.115,44410.93
2025-09-26 23:00:00+00:00,4.115,4.119,4.106,4.114,37761.16
2025-09-27 00:00:00+00:00,4.116,4.121,4.1,4.111,33420.83
2025-09-27 01:00:00+00:00,4.11,4.11,4.09,4.097,17888.11
2025-09-27 02:00:00+00:00,4.097,4.1,4.087,4.088,14212.04
2025-09-27 03:00:00+00:00,4.086,4.106,4.086,4.089,30121.78
2025-09-27 04:00:00+00:00,4.088,4.099,4.084,4.098,19188.12
2025-09-27 05:00:00+00:00,4.098,4.113,4.085,4.107,24465.7
2025-09-27 06:00:00+00:00,4.108,4.121,4.103,4.121,45698.95
2025-09-27 07:00:00+00:00,4.122,4.125,4.101,4.108,30158.48
2025-09-27 08:00:00+00:00,4.108,4.109,4.068,4.073,51085.61
2025-09-27 09:00:00+00:00,4.072,4.093,4.06,4.089,55906.29
2025-09-27 10:00:00+00:00,4.088,4.104,4.079,4.093,43413.31
2025-09-27 11:00:00+00:00,4.093,4.095,4.084,4.092,24061.22
2025-09-27 12:00:00+00:00,4.093,4.104,4.075,4.1,37656.41
2025-09-27 13:00:00+00:00,4.101,4.101,4.084,4.087,26243.91
2025-09-27 14:00:00+00:00,4.087,4.096,4.083,4.088,26643.6
2025-09-27 15:00:00+00:00,4.09,4.099,4.068,4.097,52775.78
2025-09-27 16:00:00+00:00,4.098,4.1,4.075,4.084,69342.48
2025-09-27 17:00:00+00:00,4.084,4.084,4.055,4.075,69676.23
2025-09-27 18:00:00+00:00,4.075,4.078,4.06,4.072,43612.06
2025-09-27 19:00:00+00:00,4.073,4.08,4.059,4.077,41938.95
2025-09-27 20:00:00+00:00,4.077,4.096,4.076,4.095,56236.04
2025-09-27 21:00:00+00:00,4.094,4.13,4.094,4.127,77998.94
2025-09-27 22:00:00+00:00,4.127,4.162,4.126,4.138,72753.56
2025-09-27 23:00:00+00:00,4.137,4.142,4.11,4.111,63689.66
2025-09-28 00:00:00+00:00,4.112,4.124,4.095,4.096,35970.57
2025-09-28 01:00:00+00:00,4.095,4.095,4.065,4.074,34275.56
2025-09-28 02:00:00+00:00,4.074,4.085,4.065,4.074,16173.02
2025-09-28 03:00:00+00:00,4.075,4.076,4.056,4.07,22600.63
2025-09-28 04:00:00+00:00,4.069,4.071,4.056,4.069,19740.75
2025-09-28 05:00:00+00:00,4.068,4.077,4.054,4.058,31227.06
2025-09-28 06:00:00+00:00,4.058,4.061,4.031,4.046,120198.21
2025-09-28 07:00:00+00:00,4.046,4.053,4.033,4.042,31969.04
2025-09-28 08:00:00+00:00,4.042,4.052,4.03,4.036,45591.5
2025-09-28 09:00:00+00:00,4.036,4.049,4.026,4.036,29121.02
2025-09-28 10:00:00+00:00,4.036,4.052,4.023,4.049,25095.12
2025-09-28 11:00:00+00:00,4.05,4.053,4.03,4.045,63626.72
2025-09-28 12:00:00+00:00,4.046,4.049,4.024,4.042,61780.66
2025-09-28 13:00:00+00:00,4.042,4.102,4.038,4.097,108247.51
2025-09-28 14:00:00+00:00,4.097,4.11,4.086,4.1,49288.81
2025-09-28 15:00:00+00:00,4.1,4.105,4.083,4.092,36148.12
2025-09-28 16:00:00+00:00,4.094,4.122,4.085,4.095,39008.4
2025-09-28 17:00:00+00:00,4.095,4.109,4.074,4.107,44434.39
2025-09-28 18:00:00+00:00,4.106,4.124,4.097,4.124,28911.47
2025-09-28 19:00:00+00:00,4.124,4.125,4.106,4.111,19657.78
2025-09-28 20:00:00+00:00,4.112,4.138,4.11,4.131,30830.23
2025-09-28 21:00:00+00:00,4.132,4.145,4.12,4.13,43889.8
2025-09-28 22:00:00+00:00,4.131,4.187,4.13,4.179,99714.44
2025-09-28 23:00:00+00:00,4.18,4.187,4.174,4.183,52746.84
2025-09-29 00:00:00+00:00,4.183,4.184,4.167,4.169,53302.66
2025-09-29 01:00:00+00:00,4.17,4.17,4.143,4.145,40901.12
2025-09-29 02:00:00+00:00,4.146,4.165,4.139,4.154,21844.3
2025-09-29 03:00:00+00:00,4.154,4.155,4.141,4.149,37800.04
2025-09-29 04:00:00+00:00,4.15,4.15,4.123,4.128,21964.24
2025-09-29 05:00:00+00:00,4.127,4.131,4.111,4.131,21307.54
2025-09-29 06:00:00+00:00,4.13,4.132,4.111,4.112,27465.8
2025-09-29 07:00:00+00:00,4.111,4.137,4.104,4.124,33071.78
2025-09-29 08:00:00+00:00,4.124,4.158,4.117,4.149,51160.41
2025-09-29 09:00:00+00:00,4.149,4.157,4.13,4.135,35864.58
2025-09-29 10:00:00+00:00,4.135,4.142,4.108,4.109,26339.12
2025-09-29 11:00:00+00:00,4.109,4.117,4.085,4.104,104444.08
2025-09-29 12:00:00+00:00,4.104,4.104,4.043,4.051,98302.4
2025-09-29 13:00:00+00:00,4.05,4.087,4.008,4.074,232349.5
2025-09-29 14:00:00+00:00,4.073,4.13,4.069,4.125,134416.51
2025-09-29 15:00:00+00:00,4.125,4.134,4.087,4.092,76857.61
2025-09-29 16:00:00+00:00,4.093,4.114,4.059,4.06,119135.46
2025-09-29 17:00:00+00:00,4.061,4.091,4.049,4.088,81340.39
2025-09-29 18:00:00+00:00,4.087,4.093,4.071,4.093,54382.05
2025-09-29 19:00:00+00:00,4.094,4.119,4.087,4.114,76581.9
2025-09-29 20:00:00+00:00,4.113,4.161,4.111,4.156,65386.44
2025-09-29 21:00:00+00:00,4.157,4.165,4.139,4.142,43432.72
2025-09-29 22:00:00+00:00,4.143,4.145,4.122,4.125,22849.97
2025-09-29 23:00:00+00:00,4.125,4.131,4.112,4.113,30053.4
2025-09-30 00:00:00+00:00,4.113,4.113,4.072,4.073,81904.96
2025-09-30 01:00:00+00:00,4.073,4.09,4.044,4.063,70183.22
2025-09-30 02:00:00+00:00,4.062,4.079,4.055,4.063,42691.45
2025-09-30 03:00:00+00:00,4.063,4.082,4.059,4.069,41476.93
2025-09-30 04:00:00+00:00,4.069,4.083,4.065,4.07,30677.42
2025-09-30 05:00:00+00:00,4.071,4.085,4.058,4.075,68273.89
2025-09-30 06:00:00+00:00,4.076,4.081,4.061,4.061,53769.77
2025-09-30 07:00:00+00:00,4.062,4.073,4.046,4.057,59613.07
2025-09-30 08:00:00+00:00,4.057,4.06,4.035,4.037,50684.24
2025-09-30 09:00:00+00:00,4.036,4.045,4.019,4.021,73962.78
2025-09-30 10:00:00+00:00,4.02,4.042,4.015,4.037,48206.46
2025-09-30 11:00:00+00:00,4.038,4.068,4.029,4.067,65619.56
2025-09-30 12:00:00+00:00,4.066,4.066,4.037,4.039,34804.22
2025-09-30 13:00:00+00:00,4.04,4.062,4.03,4.04,43009.31
2025-09-30 14:00:00+00:00,4.04,4.044,4.017,4.031,48711.83
2025-09-30 15:00:00+00:00,4.031,4.031,3.976,4.016,98459.68
2025-09-30 16:00:00+00:00,4.014,4.023,3.999,4.013,29415.7
2025-09-30 17:00:00+00:00,4.013,4.033,4.009,4.01,40267.84
2025-09-30 18:00:00+00:00,4.012,4.04,4.005,4.033,25204.68
2025-09-30 19:00:00+00:00,4.032,4.076,4.026,4.075,66163.06
2025-09-30 20:00:00+00:00,4.075,4.09,4.067,4.09,50700.99
2025-09-30 21:00:00+00:00,4.091,4.102,4.079,4.081,113983.32
2025-09-30 22:00:00+00:00,4.083,4.108,4.083,4.099,66422.34
2025-09-30 23:00:00+00:00,4.1,4.101,4.083,4.1,35164.36
2025-10-01 00:00:00+00:00,4.101,4.119,4.083,4.106,42169.4
2025-10-01 01:00:00+00:00,4.108,4.13,4.094,4.127,49458.67
2025-10-01 02:00:00+00:00,4.127,4.135,4.104,4.106,102878.15
2025-10-01 03:00:00+00:00,4.106,4.115,4.082,4.082,34428.83
2025-10-01 04:00:00+00:00,4.081,4.119,4.08,4.105,34594.06
2025-10-01 05:00:00+00:00,4.106,4.131,4.106,4.115,26592.77
2025-10-01 06:00:00+00:00,4.114,4.119,4.093,4.096,33468.51
2025-10-01 07:00:00+00:00,4.096,4.12,4.09,4.102,30867.8
2025-10-01 08:00:00+00:00,4.101,4.239,4.095,4.232,314527.93
2025-10-01 09:00:00+00:00,4.232,4.257,4.215,4.235,387597.91
2025-10-01 10:00:00+00:00,4.236,4.241,4.201,4.213,91194.89
2025-10-01 11:00:00+00:00,4.213,4.222,4.201,4.207,59593.95
2025-10-01 12:00:00+00:00,4.208,4.216,4.189,4.191,73061.27
2025-10-01 13:00:00+00:00,4.19,4.207,4.185,4.196,90298.78
2025-10-01 14:00:00+00:00,4.196,4.219,4.19,4.194,230620.49
2025-10-01 15:00:00+00:00,4.195,4.202,4.178,4.194,164724.77
2025-10-01 16:00:00+00:00,4.195,4.2,4.158,4.168,219281.83
2025-10-01 17:00:00+00:00,4.167,4.182,4.138,4.14,322380.23
2025-10-01 18:00:00+00:00,4.14,4.204,4.14,4.202,118609.55
2025-10-01 19:00:00+00:00,4.201,4.215,4.154,4.156,575073.24
2025-10-01 20:00:00+00:00,4.156,4.164,4.102,4.107,509795.52
2025-10-01 21:00:00+00:00,4.106,4.106,4.062,4.101,539957.14
2025-10-01 22:00:00+00:00,4.102,4.122,4.102,4.106,208704.51
2025-10-01 23:00:00+00:00,4.106,4.137,4.095,4.136,170663.26
2025-10-02 00:00:00+00:00,4.137,4.153,4.129,4.139,170173.01
2025-10-02 01:00:00+00:00,4.139,4.204,4.135,4.201,133513.16
2025-10-02 02:00:00+00:00,4.2,4.221,4.177,4.206,71190.27
2025-10-02 03:00:00+00:00,4.206,4.221,4.197,4.201,75458.42
2025-10-02 04:00:00+00:00,4.201,4.219,4.186,4.215,120147.95
2025-10-02 05:00:00+00:00,4.216,4.242,4.21,4.21,144316.74
2025-10-02 06:00:00+00:00,4.211,4.238,4.206,4.225,146314.52
2025-10-02 07:00:00+00:00,4.225,4.24,4.214,4.216,56837.38
2025-10-02 08:00:00+00:00,4.217,4.233,4.212,4.224,71057.9
2025-10-02 09:00:00+00:00,4.223,4.24,4.218,4.235,48564.29
2025-10-02 10:00:00+00:00,4.234,4.261,4.218,4.253,117736.42
2025-10-02 11:00:00+00:00,4.251,4.272,4.241,4.257,76719.48
2025-10-02 12:00:00+00:00,4.257,4.281,4.248,4.277,96479.41
2025-10-02 13:00:00+00:00,4.278,4.281,4.231,4.273,215596.61
2025-10-02 14:00:00+00:00,4.272,4.274,4.18,4.193,170488.56
2025-10-02 15:00:00+00:00,4.193,4.233,4.168,4.232,122845.06
2025-10-02 16:00:00+00:00,4.231,4.269,4.229,4.246,213808.63
2025-10-02 17:00:00+00:00,4.248,4.28,4.24,4.27,186646.79
2025-10-02 18:00:00+00:00,4.272,4.304,4.271,4.279,310857.75
2025-10-02 19:00:00+00:00,4.279,4.313,4.271,4.297,184812.36
2025-10-02 20:00:00+00:00,4.297,4.309,4.278,4.307,85245.11
2025-10-02 21:00:00+00:00,4.308,4.319,4.299,4.306,75456.67
2025-10-02 22:00:00+00:00,4.307,4.321,4.293,4.298,80607.39
2025-10-02 23:00:00+00:00,4.299,4.317,4.287,4.315,41789.99
2025-10-03 00:00:00+00:00,4.314,4.318,4.258,4.26,86385.79
2025-10-03 01:00:00+00:00,4.26,4.269,4.227,4.237,46464.36
2025-10-03 02:00:00+00:00,4.236,4.258,4.233,4.251,63360.91
2025-10-03 03:00:00+00:00,4.25,4.278,4.227,4.23,86310.26
2025-10-03 04:00:00+00:00,4.23,4.261,4.229,4.25,46409.04
2025-10-03 05:00:00+00:00,4.251,4.253,4.221,4.236,39440.35
2025-10-03 06:00:00+00:00,4.237,4.263,4.223,4.238,85462.77
2025-10-03 07:00:00+00:00,4.238,4.242,4.221,4.241,41152.76
2025-10-03 08:00:00+00:00,4.241,4.248,4.213,4.247,131507.09
2025-10-03 09:00:00+00:00,4.246,4.25,4.23,4.246,63249.37
2025-10-03 10:00:00+00:00,4.245,4.252,4.235,4.242,39915.79
2025-10-03 11:00:00+00:00,4.244,4.245,4.224,4.228,46869.65
2025-10-03 12:00:00+00:00,4.228,4.245,4.222,4.237,54738.12
2025-10-03 13:00:00+00:00,4.238,4.25,4.208,4.233,177879.76
2025-10-03 14:00:00+00:00,4.234,4.255,4.195,4.246,150701.45
2025-10-03 15:00:00+00:00,4.246,4.31,4.22,4.307,275916.69
2025-10-03 16:00:00+00:00,4.306,4.353,4.297,4.3,247589.77
2025-10-03 17:00:00+00:00,4.3,4.31,4.234,4.258,227254.74
2025-10-03 18:00:00+00:00,4.259,4.305,4.244,4.301,68733.15
2025-10-03 19:00:00+00:00,4.302,4.326,4.292,4.31,59143.31
2025-10-03 20:00:00+00:00,4.311,4.322,4.294,4.317,39787.53
2025-10-03 21:00:00+00:00,4.317,4.325,4.298,4.303,49527.27
2025-10-03 22:00:00+00:00,4.303,4.313,4.295,4.298,38422.84
2025-10-03 23:00:00+00:00,4.297,4.299,4.277,4.278,54065.55
2025-10-04 00:00:00+00:00,4.28,4.293,4.262,4.272,48425.32
2025-10-04 01:00:00+00:00,4.273,4.273,4.233,4.242,52245.21
2025-10-04 02:00:00+00:00,4.242,4.255,4.221,4.238,42655.97
2025-10-04 03:00:00+00:00,4.237,4.239,4.214,4.227,33342.35
2025-10-04 04:00:00+00:00,4.227,4.237,4.212,4.218,32368.74
2025-10-04 05:00:00+00:00,4.219,4.233,4.211,4.222,43453.07
2025-10-04 06:00:00+00:00,4.223,4.236,4.219,4.229,41574.0
2025-10-04 07:00:00+00:00,4.23,4.23,4.194,4.202,73202.4
2025-10-04 08:00:00+00:00,4.202,4.203,4.161,4.169,72971.84
2025-10-04 09:00:00+00:00,4.169,4.181,4.129,4.136,124904.18
2025-10-04 10:00:00+00:00,4.135,4.157,4.124,4.131,90537.15
2025-10-04 11:00:00+00:00,4.13,4.141,4.123,4.135,49896.58
2025-10-04 12:00:00+00:00,4.136,4.142,4.123,4.127,77893.47
2025-10-04 13:00:00+00:00,4.127,4.159,4.123,4.138,59197.95
2025-10-04 14:00:00+00:00,4.138,4.153,4.105,4.105,90394.57
2025-10-04 15:00:00+00:00,4.105,4.123,4.091,4.102,112669.04
2025-10-04 16:00:00+00:00,4.102,4.114,4.088,4.11,63057.39
2025-10-04 17:00:00+00:00,4.109,4.123,4.103,4.112,44533.2
2025-10-04 18:00:00+00:00,4.113,4.117,4.1,4.103,52489.93
2025-10-04 19:00:00+00:00,4.103,4.119,4.103,4.116,26220.3
2025-10-04 20:00:00+00:00,4.117,4.13,4.115,4.121,31524.21
2025-10-04 21:00:00+00:00,4.121,4.14,4.12,4.128,25172.89
2025-10-04 22:00:00+00:00,4.128,4.145,4.124,4.138,38579.58
2025-10-04 23:00:00+00:00,4.138,4.14,4.128,4.136,31257.52
2025-10-05 00:00:00+00:00,4.136,4.147,4.113,4.115,39248.97
2025-10-05 01:00:00+00:00,4.115,4.134,4.114,4.13,19272.33
2025-10-05 02:00:00+00:00,4.131,4.176,4.117,4.176,128509.49
2025-10-05 03:00:00+00:00,4.176,4.19,4.166,4.169,77579.4
2025-10-05 04:00:00+00:00,4.169,4.237,4.163,4.199,255850.58
2025-10-05 05:00:00+00:00,4.2,4.212,4.187,4.212,47638.22
2025-10-05 06:00:00+00:00,4.211,4.222,4.207,4.217,50989.22
2025-10-05 07:00:00+00:00,4.216,4.268,4.216,4.268,92954.08
2025-10-05 08:00:00+00:00,4.268,4.284,4.263,4.28,145763.3
2025-10-05 09:00:00+00:00,4.28,4.307,4.255,4.268,228611.41
2025-10-05 10:00:00+00:00,4.269,4.273,4.233,4.233,80009.67
2025-10-05 11:00:00+00:00,4.232,4.24,4.195,4.226,276163.59
2025-10-05 12:00:00+00:00,4.225,4.226,4.187,4.187,98938.61
2025-10-05 13:00:00+00:00,4.188,4.241,4.187,4.239,191571.74
2025-10-05 14:00:00+00:00,4.24,4.26,4.196,4.207,81890.74
2025-10-05 15:00:00+00:00,4.207,4.225,4.2,4.217,55842.21
2025-10-05 16:00:00+00:00,4.217,4.236,4.19,4.221,101555.11
2025-10-05 17:00:00+00:00,4.22,4.233,4.17,4.178,68626.28
2025-10-05 18:00:00+00:00,4.178,4.197,4.161,4.189,54729.55
2025-10-05 19:00:00+00:00,4.188,4.188,4.133,4.138,69142.99
2025-10-05 20:00:00+00:00,4.138,4.163,4.123,4.146,49574.26
2025-10-05 21:00:00+00:00,4.145,4.153,4.134,4.148,27773.76
2025-10-05 22:00:00+00:00,4.147,4.165,4.133,4.159,28144.98
2025-10-05 23:00:00+00:00,4.159,4.166,4.146,4.148,26661.47
2025-10-06 00:00:00+00:00,4.148,4.175,4.119,4.129,116260.52
2025-10-06 01:00:00+00:00,4.129,4.174,4.109,4.155,94992.52
2025-10-06 02:00:00+00:00,4.155,4.175,4.13,4.161,78391.0
2025-10-06 03:00:00+00:00,4.16,4.176,4.15,4.158,22809.26
2025-10-06 04:00:00+00:00,4.158,4.162,4.136,4.139,49263.26
2025-10-06 05:00:00+00:00,4.138,4.157,4.123,4.154,49120.17
2025-10-06 06:00:00+00:00,4.154,4.187,4.153,4.17,68728.94
2025-10-06 07:00:00+00:00,4.171,4.185,4.142,4.156,107209.48
2025-10-06 08:00:00+00:00,4.158,4.183,4.157,4.171,87759.3
2025-10-06 09:00:00+00:00,4.171,4.182,4.16,4.165,96917.12
2025-10-06 10:00:00+00:00,4.164,4.18,4.154,4.177,57724.23
2025-10-06 11:00:00+00:00,4.177,4.193,4.158,4.167,62677.15
2025-10-06 12:00:00+00:00,4.166,4.183,4.164,4.179,123283.94
2025-10-06 13:00:00+00:00,4.179,4.228,4.172,4.227,109134.23
2025-10-06 14:00:00+00:00,4.227,4.243,4.207,4.215,150079.81
2025-10-06 15:00:00+00:00,4.216,4.273,4.216,4.258,97994.1
2025-10-06 16:00:00+00:00,4.258,4.277,4.226,4.276,159689.61
2025-10-06 17:00:00+00:00,4.276,4.307,4.265,4.274,154696.27
2025-10-06 18:00:00+00:00,4.275,4.294,4.271,4.284,62044.95
2025-10-06 19:00:00+00:00,4.284,4.295,4.275,4.286,63972.31
2025-10-06 20:00:00+00:00,4.287,4.305,4.272,4.275,61305.35
2025-10-06 21:00:00+00:00,4.276,4.292,4.262,4.284,55599.36
2025-10-06 22:00:00+00:00,4.285,4.295,4.271,4.288,38460.29
2025-10-06 23:00:00+00:00,4.288,4.291,4.264,4.272,39490.83
2025-10-07 00:00:00+00:00,4.272,4.286,4.264,4.276,51853.71
2025-10-07 01:00:00+00:00,4.276,4.291,4.25,4.256,38322.14
2025-10-07 02:00:00+00:00,4.255,4.259,4.235,4.24,35204.44
2025-10-07 03:00:00+00:00,4.24,4.246,4.23,4.242,20816.61
2025-10-07 04:00:00+00:00,4.241,4.296,4.224,4.282,72693.25
2025-10-07 05:00:00+00:00,4.282,4.293,4.264,4.269,54461.39
2025-10-07 06:00:00+00:00,4.268,4.271,4.202,4.208,112513.63
2025-10-07 07:00:00+00:00,4.208,4.229,4.196,4.212,70745.48
2025-10-07 08:00:00+00:00,4.212,4.212,4.17,4.198,127754.68
2025-10-07 09:00:00+00:00,4.196,4.22,4.19,4.199,156457.24
2025-10-07 10:00:00+00:00,4.198,4.215,4.13,4.178,664026.76
2025-10-07 11:00:00+00:00,4.177,4.221,4.177,4.219,83952.65
2025-10-07 12:00:00+00:00,4.219,4.227,4.203,4.226,70501.71
2025-10-07 13:00:00+00:00,4.227,4.23,4.155,4.185,164387.77
2025-10-07 14:00:00+00:00,4.185,4.191,4.116,4.117,210927.56
2025-10-07 15:00:00+00:00,4.118,4.12,4.034,4.063,509387.22
2025-10-07 16:00:00+00:00,4.062,4.098,4.04,4.077,170097.32
2025-10-07 17:00:00+00:00,4.077,4.087,4.048,4.054,120185.04
2025-10-07 18:00:00+00:00,4.055,4.069,4.048,4.049,66625.62
2025-10-07 19:00:00+00:00,4.049,4.079,4.046,4.065,102781.23
2025-10-07 20:00:00+00:00,4.066,4.099,4.063,4.079,63480.59
2025-10-07 21:00:00+00:00,4.079,4.094,4.061,4.068,42085.78
2025-10-07 22:00:00+00:00,4.069,4.085,4.059,4.077,41601.03
2025-10-07 23:00:00+00:00,4.076,4.079,4.045,4.056,86681.82
2025-10-08 00:00:00+00:00,4.055,4.085,4.052,4.078,54242.71
2025-10-08 01:00:00+00:00,4.078,4.09,4.071,4.084,29246.66
2025-10-08 02:00:00+00:00,4.083,4.089,4.065,4.065,32428.82
2025-10-08 03:00:00+00:00,4.064,4.065,4.01,4.028,100462.04
2025-10-08 04:00:00+00:00,4.029,4.055,4.011,4.052,66410.43
2025-10-08 05:00:00+00:00,4.052,4.052,4.024,4.044,36588.66
2025-10-08 06:00:00+00:00,4.043,4.058,4.03,4.052,34084.96
2025-10-08 07:00:00+00:00,4.051,4.069,4.045,4.069,41604.16
2025-10-08 08:00:00+00:00,4.068,4.091,4.061,4.08,69253.56
2025-10-08 09:00:00+00:00,4.079,4.083,4.059,4.073,32538.05
2025-10-08 10:00:00+00:00,4.072,4.083,4.068,4.074,30507.47
2025-10-08 11:00:00+00:00,4.076,4.084,4.061,4.066,46092.37
2025-10-08 12:00:00+00:00,4.066,4.074,4.06,4.071,49335.88
2025-10-08 13:00:00+00:00,4.072,4.1,4.058,4.1,69997.01
2025-10-08 14:00:00+00:00,4.1,4.142,4.085,4.094,139461.97
2025-10-08 15:00:00+00:00,4.093,4.122,4.092,4.11,21402.19
2025-10-08 16:00:00+00:00,4.111,4.144,4.108,4.143,53862.45
2025-10-08 17:00:00+00:00,4.144,4.204,4.142,4.196,207218.61
2025-10-08 18:00:00+00:00,4.196,4.202,4.154,4.165,71057.55
2025-10-08 19:00:00+00:00,4.164,4.176,4.152,4.173,59384.08
2025-10-08 20:00:00+00:00,4.173,4.186,4.16,4.164,76972.72
2025-10-08 21:00:00+00:00,4.162,4.18,4.152,4.161,39678.33
2025-10-08 22:00:00+00:00,4.162,4.195,4.161,4.174,57374.29
2025-10-08 23:00:00+00:00,4.174,4.189,4.159,4.173,54740.56
2025-10-09 00:00:00+00:00,4.173,4.186,4.135,4.136,55802.87
2025-10-09 01:00:00+00:00,4.137,4.139,4.114,4.128,44151.46
2025-10-09 02:00:00+00:00,4.128,4.128,4.052,4.062,83553.73
2025-10-09 03:00:00+00:00,4.061,4.098,4.06,4.089,33153.86
2025-10-09 04:00:00+00:00,4.09,4.108,4.084,4.108,24228.32
2025-10-09 05:00:00+00:00,4.108,4.111,4.081,4.089,49461.34
2025-10-09 06:00:00+00:00,4.089,4.089,4.066,4.072,57271.25
2025-10-09 07:00:00+00:00,4.071,4.077,4.049,4.06,34532.13
2025-10-09 08:00:00+00:00,4.06,4.065,4.001,4.006,164175.84
2025-10-09 09:00:00+00:00,4.005,4.038,4.005,4.029,70329.5
2025-10-09 10:00:00+00:00,4.029,4.055,4.01,4.038,132461.26
2025-10-09 11:00:00+00:00,4.039,4.05,4.029,4.031,79550.18
2025-10-09 12:00:00+00:00,4.031,4.076,4.028,4.063,96619.29
2025-10-09 13:00:00+00:00,4.063,4.066,4.018,4.02,65127.49
2025-10-09 14:00:00+00:00,4.02,4.045,3.992,4.022,161444.93
2025-10-09 15:00:00+00:00,4.023,4.038,3.993,4.013,112950.74
2025-10-09 16:00:00+00:00,4.013,4.025,3.986,3.995,168689.1
2025-10-09 17:00:00+00:00,3.993,4.046,3.991,4.046,80911.36
2025-10-09 18:00:00+00:00,4.046,4.048,4.028,4.03,59869.25
2025-10-09 19:00:00+00:00,4.029,4.056,4.027,4.036,53545.81
2025-10-09 20:00:00+00:00,4.037,4.05,4.03,4.041,50237.7
2025-10-09 21:00:00+00:00,4.04,4.049,4.034,4.048,33253.13
2025-10-09 22:00:00+00:00,4.049,4.074,4.044,4.065,44174.16
2025-10-09 23:00:00+00:00,4.065,4.065,4.047,4.057,42651.4
2025-10-10 00:00:00+00:00,4.057,4.068,4.047,4.053,38109.53
2025-10-10 01:00:00+00:00,4.052,4.07,4.051,4.059,50225.44
2025-10-10 02:00:00+00:00,4.06,4.075,4.038,4.04,81172.2
2025-10-10 03:00:00+00:00,4.041,4.1,4.03,4.081,68876.0
2025-10-10 04:00:00+00:00,4.08,4.094,4.059,4.068,49380.87
2025-10-10 05:00:00+00:00,4.07,4.088,4.052,4.085,42261.76
2025-10-10 06:00:00+00:00,4.085,4.091,4.048,4.058,69348.35
2025-10-10 07:00:00+00:00,4.057,4.062,4.044,4.044,42902.98
2025-10-10 08:00:00+00:00,4.045,4.074,4.04,4.074,45463.31
2025-10-10 09:00:00+00:00,4.074,4.104,4.057,4.077,103747.45
2025-10-10 10:00:00+00:00,4.076,4.11,4.075,4.106,50984.51
2025-10-10 11:00:00+00:00,4.105,4.123,4.095,4.113,63808.39
2025-10-10 12:00:00+00:00,4.113,4.125,4.108,4.12,82215.27
2025-10-10 13:00:00+00:00,4.121,4.159,4.119,4.136,90799.51
2025-10-10 14:00:00+00:00,4.136,4.188,4.075,4.093,263666.1
2025-10-10 15:00:00+00:00,4.094,4.101,3.914,3.968,628586.21
2025-10-10 16:00:00+00:00,3.968,4.01,3.958,3.974,138484.4
2025-10-10 17:00:00+00:00,3.973,3.98,3.934,3.95,133277.78
2025-10-10 18:00:00+00:00,3.95,3.967,3.925,3.932,151405.81
2025-10-10 19:00:00+00:00,3.932,3.945,3.855,3.914,298645.03
2025-10-10 20:00:00+00:00,3.915,3.938,3.65,3.708,533690.97
2025-10-10 21:00:00+00:00,3.712,3.768,0.001,2.944,3732513.55
2025-10-10 22:00:00+00:00,2.948,2.976,2.656,2.904,2717621.89
2025-10-10 23:00:00+00:00,2.903,3.061,2.794,2.946,2571668.7
2025-10-11 00:00:00+00:00,2.942,3.042,2.856,2.94,1653040.37
2025-10-11 01:00:00+00:00,2.939,2.946,2.866,2.906,1033280.88
2025-10-11 02:00:00+00:00,2.905,3.103,2.902,3.081,727046.31
2025-10-11 03:00:00+00:00,3.081,3.098,3.011,3.048,457936.06
2025-10-11 04:00:00+00:00,3.048,3.166,3.044,3.166,315693.87
2025-10-11 05:00:00+00:00,3.167,3.18,3.102,3.127,262997.86
2025-10-11 06:00:00+00:00,3.127,3.196,3.112,3.146,189964.09
2025-10-11 07:00:00+00:00,3.147,3.159,3.111,3.144,421366.97
2025-10-11 08:00:00+00:00,3.146,3.261,3.128,3.254,330815.2
2025-10-11 09:00:00+00:00,3.254,3.296,3.226,3.235,245618.07
2025-10-11 10:00:00+00:00,3.234,3.286,3.225,3.258,262590.5
2025-10-11 11:00:00+00:00,3.258,3.261,3.196,3.197,218659.31
2025-10-11 12:00:00+00:00,3.197,3.197,3.122,3.125,318912.39
2025-10-11 13:00:00+00:00,3.124,3.141,3.081,3.131,314051.46
2025-10-11 14:00:00+00:00,3.131,3.159,3.104,3.156,222703.06
2025-10-11 15:00:00+00:00,3.155,3.207,3.155,3.196,211436.4
2025-10-11 16:00:00+00:00,3.196,3.234,3.192,3.225,182805.35
2025-10-11 17:00:00+00:00,3.226,3.261,3.214,3.241,158512.67
2025-10-11 18:00:00+00:00,3.241,3.244,3.206,3.227,111130.38
2025-10-11 19:00:00+00:00,3.226,3.242,3.129,3.15,309187.55
2025-10-11 20:00:00+00:00,3.148,3.155,3.073,3.088,300859.11
2025-10-11 21:00:00+00:00,3.088,3.144,3.042,3.135,239641.94
2025-10-11 22:00:00+00:00,3.135,3.177,3.133,3.149,108334.5
2025-10-11 23:00:00+00:00,3.148,3.163,3.135,3.143,88738.96
2025-10-12 00:00:00+00:00,3.142,3.142,3.049,3.058,198440.2
2025-10-12 01:00:00+00:00,3.058,3.094,3.043,3.047,168164.75
2025-10-12 02:00:00+00:00,3.047,3.087,3.036,3.072,199609.96
2025-10-12 03:00:00+00:00,3.071,3.144,3.064,3.123,146640.76
2025-10-12 04:00:00+00:00,3.123,3.177,3.122,3.164,70728.03
2025-10-12 05:00:00+00:00,3.165,3.198,3.162,3.186,82611.68
2025-10-12 06:00:00+00:00,3.186,3.23,3.179,3.23,90871.03
2025-10-12 07:00:00+00:00,3.229,3.278,3.205,3.267,152529.18
2025-10-12 08:00:00+00:00,3.268,3.323,3.257,3.307,219524.36
2025-10-12 09:00:00+00:00,3.307,3.354,3.276,3.297,218746.55
2025-10-12 10:00:00+00:00,3.297,3.302,3.238,3.238,129421.74
2025-10-12 11:00:00+00:00,3.238,3.269,3.227,3.258,226243.24
2025-10-12 12:00:00+00:00,3.257,3.284,3.255,3.263,130150.61
2025-10-12 13:00:00+00:00,3.262,3.285,3.239,3.258,154867.64
2025-10-12 14:00:00+00:00,3.257,3.393,3.256,3.363,318757.71
2025-10-12 15:00:00+00:00,3.364,3.451,3.358,3.441,293279.22
2025-10-12 16:00:00+00:00,3.444,3.5,3.439,3.481,226886.03
2025-10-12 17:00:00+00:00,3.48,3.521,3.471,3.503,163382.31
2025-10-12 18:00:00+00:00,3.504,3.518,3.462,3.48,120720.29
2025-10-12 19:00:00+00:00,3.48,3.529,3.477,3.526,97540.07
2025-10-12 20:00:00+00:00,3.527,3.55,3.507,3.524,111697.32
2025-10-12 21:00:00+00:00,3.524,3.533,3.451,3.481,122951.89
2025-10-12 22:00:00+00:00,3.483,3.503,3.46,3.486,131233.2
2025-10-12 23:00:00+00:00,3.485,3.493,3.463,3.483,81510.32
2025-10-13 00:00:00+00:00,3.482,3.514,3.456,3.468,117239.37
2025-10-13 01:00:00+00:00,3.467,3.498,3.444,3.495,99631.31
2025-10-13 02:00:00+00:00,3.497,3.527,3.459,3.507,267128.21
2025-10-13 03:00:00+00:00,3.509,3.518,3.479,3.483,62895.58
2025-10-13 04:00:00+00:00,3.482,3.496,3.454,3.488,111040.05
2025-10-13 05:00:00+00:00,3.486,3.491,3.46,3.476,73415.29
2025-10-13 06:00:00+00:00,3.477,3.537,3.46,3.523,83712.88
2025-10-13 07:00:00+00:00,3.522,3.566,3.515,3.534,111489.18
2025-10-13 08:00:00+00:00,3.534,3.576,3.53,3.567,60359.5
2025-10-13 09:00:00+00:00,3.566,3.588,3.552,3.588,86769.34
2025-10-13 10:00:00+00:00,3.588,3.592,3.541,3.556,89201.2
2025-10-13 11:00:00+00:00,3.556,3.556,3.444,3.515,323627.05
2025-10-13 12:00:00+00:00,3.514,3.545,3.49,3.51,146598.31
2025-10-13 13:00:00+00:00,3.509,3.601,3.502,3.582,367632.38
2025-10-13 14:00:00+00:00,3.581,3.595,3.501,3.517,192704.98
2025-10-13 15:00:00+00:00,3.518,3.567,3.514,3.541,107101.53
2025-10-13 16:00:00+00:00,3.542,3.563,3.51,3.536,133859.18
2025-10-13 17:00:00+00:00,3.537,3.618,3.535,3.615,216525.6
2025-10-13 18:00:00+00:00,3.614,3.624,3.58,3.593,114364.58
2025-10-13 19:00:00+00:00,3.592,3.617,3.587,3.599,121108.56
2025-10-13 20:00:00+00:00,3.599,3.636,3.591,3.635,101736.88
2025-10-13 21:00:00+00:00,3.635,3.669,3.62,3.626,202566.04
2025-10-13 22:00:00+00:00,3.626,3.665,3.616,3.619,132672.92
2025-10-13 23:00:00+00:00,3.62,3.651,3.604,3.645,160528.0
2025-10-14 00:00:00+00:00,3.645,3.667,3.613,3.634,160993.01
2025-10-14 01:00:00+00:00,3.633,3.636,3.591,3.599,98777.5
2025-10-14 02:00:00+00:00,3.597,3.597,3.536,3.544,126741.3
2025-10-14 03:00:00+00:00,3.543,3.557,3.518,3.536,102493.68
2025-10-14 04:00:00+00:00,3.537,3.539,3.475,3.492,109634.54
2025-10-14 05:00:00+00:00,3.492,3.527,3.437,3.459,201653.18
2025-10-14 06:00:00+00:00,3.459,3.475,3.311,3.37,469051.04
2025-10-14 07:00:00+00:00,3.37,3.398,3.344,3.36,195230.11
2025-10-14 08:00:00+00:00,3.359,3.403,3.341,3.383,116210.05
2025-10-14 09:00:00+00:00,3.382,3.404,3.372,3.384,89829.61
2025-10-14 10:00:00+00:00,3.383,3.384,3.305,3.338,157186.04
2025-10-14 11:00:00+00:00,3.339,3.385,3.338,3.368,157285.14
2025-10-14 12:00:00+00:00,3.367,3.372,3.33,3.333,105437.66
2025-10-14 13:00:00+00:00,3.333,3.39,3.287,3.363,271848.36
2025-10-14 14:00:00+00:00,3.363,3.417,3.347,3.37,267573.72
2025-10-14 15:00:00+00:00,3.371,3.446,3.344,3.441,225580.67
2025-10-14 16:00:00+00:00,3.442,3.489,3.418,3.44,261601.97
2025-10-14 17:00:00+00:00,3.438,3.49,3.407,3.462,174101.52
2025-10-14 18:00:00+00:00,3.463,3.493,3.46,3.473,74524.95
2025-10-14 19:00:00+00:00,3.473,3.502,3.434,3.477,218672.84
2025-10-14 20:00:00+00:00,3.478,3.49,3.452,3.48,87134.98
2025-10-14 21:00:00+00:00,3.48,3.483,3.45,3.479,50294.08
2025-10-14 22:00:00+00:00,3.478,3.499,3.464,3.47,40688.39
2025-10-14 23:00:00+00:00,3.469,3.488,3.462,3.471,49370.68
2025-10-15 00:00:00+00:00,3.471,3.478,3.455,3.478,62514.45
2025-10-15 01:00:00+00:00,3.477,3.482,3.434,3.458,56959.97
2025-10-15 02:00:00+00:00,3.459,3.497,3.454,3.469,79310.82
2025-10-15 03:00:00+00:00,3.469,3.476,3.432,3.452,62999.03
2025-10-15 04:00:00+00:00,3.452,3.473,3.442,3.467,105248.12
2025-10-15 05:00:00+00:00,3.466,3.48,3.455,3.462,71391.82
2025-10-15 06:00:00+00:00,3.462,3.473,3.428,3.464,72179.89
2025-10-15 07:00:00+00:00,3.464,3.475,3.45,3.47,45860.91
2025-10-15 08:00:00+00:00,3.47,3.519,3.464,3.477,135095.76
2025-10-15 09:00:00+00:00,3.475,3.477,3.44,3.449,113211.06
2025-10-15 10:00:00+00:00,3.448,3.453,3.417,3.425,91725.53
2025-10-15 11:00:00+00:00,3.423,3.434,3.392,3.418,79229.11
2025-10-15 12:00:00+00:00,3.417,3.428,3.368,3.374,98154.15
2025-10-15 13:00:00+00:00,3.372,3.387,3.305,3.369,204823.9
2025-10-15 14:00:00+00:00,3.371,3.401,3.334,3.349,154712.33
2025-10-15 15:00:00+00:00,3.35,3.374,3.315,3.336,82698.64
2025-10-15 16:00:00+00:00,3.337,3.353,3.319,3.338,130753.34
2025-10-15 17:00:00+00:00,3.337,3.348,3.309,3.347,55015.18
2025-10-15 18:00:00+00:00,3.347,3.361,3.334,3.358,49406.87
2025-10-15 19:00:00+00:00,3.357,3.358,3.318,3.327,70968.01
2025-10-15 20:00:00+00:00,3.326,3.339,3.279,3.316,115944.48
2025-10-15 21:00:00+00:00,3.312,3.345,3.294,3.32,79040.42
2025-10-15 22:00:00+00:00,3.32,3.35,3.318,3.323,55453.0
2025-10-15 23:00:00+00:00,3.324,3.342,3.319,3.334,65669.0
2025-10-16 00:00:00+00:00,3.335,3.345,3.312,3.315,86090.62
2025-10-16 01:00:00+00:00,3.312,3.365,3.312,3.361,35890.01
2025-10-16 02:00:00+00:00,3.361,3.376,3.343,3.362,70145.36
2025-10-16 03:00:00+00:00,3.363,3.365,3.33,3.332,34044.01
2025-10-16 04:00:00+00:00,3.331,3.36,3.328,3.343,26675.13
2025-10-16 05:00:00+00:00,3.34,3.366,3.33,3.344,52993.34
2025-10-16 06:00:00+00:00,3.346,3.382,3.345,3.379,95962.96
2025-10-16 07:00:00+00:00,3.379,3.379,3.342,3.353,56057.97
2025-10-16 08:00:00+00:00,3.352,3.359,3.331,3.338,41259.95
2025-10-16 09:00:00+00:00,3.338,3.376,3.263,3.363,172148.96
2025-10-16 10:00:00+00:00,3.362,3.4,3.362,3.382,90567.16
2025-10-16 11:00:00+00:00,3.381,3.397,3.368,3.396,59341.6
2025-10-16 12:00:00+00:00,3.397,3.414,3.387,3.398,105879.27
2025-10-16 13:00:00+00:00,3.396,3.42,3.383,3.392,68758.74
2025-10-16 14:00:00+00:00,3.393,3.415,3.34,3.371,157424.03
2025-10-16 15:00:00+00:00,3.372,3.385,3.279,3.294,204918.81
2025-10-16 16:00:00+00:00,3.294,3.355,3.245,3.354,274733.52
2025-10-16 17:00:00+00:00,3.355,3.355,3.307,3.311,93546.4
2025-10-16 18:00:00+00:00,3.314,3.315,3.276,3.294,145341.15
2025-10-16 19:00:00+00:00,3.294,3.3,3.219,3.243,144286.23
2025-10-16 20:00:00+00:00,3.246,3.258,3.196,3.214,91437.63
2025-10-16 21:00:00+00:00,3.215,3.257,3.207,3.256,96803.8
2025-10-16 22:00:00+00:00,3.256,3.26,3.224,3.226,60632.5
2025-10-16 23:00:00+00:00,3.225,3.259,3.22,3.256,31577.62
2025-10-17 00:00:00+00:00,3.256,3.286,3.252,3.28,58755.44
2025-10-17 01:00:00+00:00,3.281,3.306,3.264,3.274,52242.72
2025-10-17 02:00:00+00:00,3.274,3.281,3.243,3.258,49235.9
2025-10-17 03:00:00+00:00,3.259,3.271,3.256,3.271,32790.19
2025-10-17 04:00:00+00:00,3.27,3.272,3.25,3.255,29731.49
2025-10-17 05:00:00+00:00,3.254,3.257,3.223,3.231,114198.77
2025-10-17 06:00:00+00:00,3.232,3.242,3.116,3.138,236189.5
2025-10-17 07:00:00+00:00,3.14,3.143,3.059,3.066,232401.83
2025-10-17 08:00:00+00:00,3.065,3.088,3.016,3.051,241914.09
2025-10-17 09:00:00+00:00,3.051,3.144,3.045,3.101,189656.46
2025-10-17 10:00:00+00:00,3.102,3.114,3.045,3.094,168257.61
2025-10-17 11:00:00+00:00,3.095,3.189,3.091,3.158,182634.45
2025-10-17 12:00:00+00:00,3.158,3.178,3.143,3.144,80625.67
2025-10-17 13:00:00+00:00,3.144,3.187,3.124,3.171,152493.21
2025-10-17 14:00:00+00:00,3.171,3.182,3.114,3.144,162740.79
2025-10-17 15:00:00+00:00,3.144,3.187,3.129,3.187,117241.73
2025-10-17 16:00:00+00:00,3.187,3.223,3.163,3.171,139982.81
2025-10-17 17:00:00+00:00,3.172,3.188,3.159,3.18,63104.76
2025-10-17 18:00:00+00:00,3.181,3.199,3.171,3.174,45469.45
2025-10-17 19:00:00+00:00,3.178,3.187,3.151,3.16,38465.99
2025-10-17 20:00:00+00:00,3.161,3.191,3.153,3.181,24739.27
2025-10-17 21:00:00+00:00,3.181,3.208,3.181,3.194,51389.28
2025-10-17 22:00:00+00:00,3.194,3.2,3.169,3.178,34432.95
2025-10-17 23:00:00+00:00,3.177,3.177,3.148,3.152,86444.12
2025-10-18 00:00:00+00:00,3.152,3.17,3.143,3.163,52222.41
2025-10-18 01:00:00+00:00,3.165,3.203,3.165,3.201,53244.61
2025-10-18 02:00:00+00:00,3.2,3.209,3.171,3.182,50437.6
2025-10-18 03:00:00+00:00,3.181,3.2,3.181,3.193,18526.65
2025-10-18 04:00:00+00:00,3.194,3.194,3.166,3.169,34378.02
2025-10-18 05:00:00+00:00,3.168,3.185,3.159,3.182,33950.63
2025-10-18 06:00:00+00:00,3.182,3.194,3.167,3.188,37063.57
2025-10-18 07:00:00+00:00,3.19,3.228,3.187,3.197,86481.96
2025-10-18 08:00:00+00:00,3.196,3.208,3.189,3.194,59004.06
2025-10-18 09:00:00+00:00,3.193,3.218,3.188,3.213,34200.0
2025-10-18 10:00:00+00:00,3.215,3.218,3.198,3.216,35441.55
2025-10-18 11:00:00+00:00,3.217,3.23,3.209,3.223,32451.23
2025-10-18 12:00:00+00:00,3.224,3.234,3.211,3.211,23436.96
2025-10-18 13:00:00+00:00,3.21,3.211,3.182,3.188,37502.77
2025-10-18 14:00:00+00:00,3.187,3.199,3.17,3.189,103830.28
2025-10-18 15:00:00+00:00,3.189,3.198,3.172,3.185,30458.44
2025-10-18 16:00:00+00:00,3.183,3.188,3.153,3.172,48908.63
2025-10-18 17:00:00+00:00,3.173,3.201,3.165,3.199,36021.69
2025-10-18 18:00:00+00:00,3.198,3.202,3.181,3.184,16337.52
2025-10-18 19:00:00+00:00,3.184,3.189,3.178,3.187,24184.77
2025-10-18 20:00:00+00:00,3.187,3.204,3.184,3.184,48615.71
2025-10-18 21:00:00+00:00,3.184,3.191,3.171,3.187,33549.97
2025-10-18 22:00:00+00:00,3.187,3.191,3.174,3.182,22459.96
2025-10-18 23:00:00+00:00,3.182,3.186,3.176,3.185,25277.53
2025-10-19 00:00:00+00:00,3.186,3.189,3.166,3.171,36229.65
2025-10-19 01:00:00+00:00,3.168,3.18,3.16,3.179,31806.53
2025-10-19 02:00:00+00:00,3.179,3.187,3.163,3.17,20430.26
2025-10-19 03:00:00+00:00,3.17,3.198,3.164,3.188,58826.95
2025-10-19 04:00:00+00:00,3.189,3.191,3.161,3.162,65307.08
2025-10-19 05:00:00+00:00,3.165,3.177,3.151,3.154,37008.03
2025-10-19 06:00:00+00:00,3.155,3.16,3.139,3.144,36032.4
2025-10-19 07:00:00+00:00,3.144,3.163,3.144,3.16,36812.67
2025-10-19 08:00:00+00:00,3.16,3.185,3.132,3.138,233663.61
2025-10-19 09:00:00+00:00,3.137,3.193,3.116,3.172,203298.27
2025-10-19 10:00:00+00:00,3.173,3.214,3.164,3.206,102529.34
2025-10-19 11:00:00+00:00,3.208,3.227,3.193,3.197,64643.21
2025-10-19 12:00:00+00:00,3.198,3.21,3.184,3.208,45722.12
2025-10-19 13:00:00+00:00,3.209,3.262,3.202,3.257,81680.22
2025-10-19 14:00:00+00:00,3.258,3.275,3.243,3.272,109243.09
2025-10-19 15:00:00+00:00,3.271,3.272,3.252,3.256,31339.66
2025-10-19 16:00:00+00:00,3.258,3.271,3.245,3.262,77821.44
2025-10-19 17:00:00+00:00,3.262,3.293,3.25,3.253,136951.43
2025-10-19 18:00:00+00:00,3.255,3.266,3.248,3.261,35099.42
2025-10-19 19:00:00+00:00,3.26,3.262,3.249,3.257,36703.72
2025-10-19 20:00:00+00:00,3.256,3.267,3.25,3.266,20884.89
2025-10-19 21:00:00+00:00,3.267,3.271,3.243,3.251,40704.39
2025-10-19 22:00:00+00:00,3.251,3.267,3.249,3.257,45423.11
2025-10-19 23:00:00+00:00,3.256,3.256,3.225,3.228,67238.78
2025-10-20 00:00:00+00:00,3.229,3.229,3.179,3.216,73461.21
2025-10-20 01:00:00+00:00,3.217,3.227,3.207,3.217,31636.62
2025-10-20 02:00:00+00:00,3.215,3.239,3.201,3.232,37620.78
2025-10-20 03:00:00+00:00,3.231,3.3,3.228,3.294,54212.57
2025-10-20 04:00:00+00:00,3.294,3.301,3.279,3.291,60060.66
2025-10-20 05:00:00+00:00,3.292,3.298,3.274,3.293,51948.59
2025-10-20 06:00:00+00:00,3.292,3.318,3.286,3.309,61855.1
2025-10-20 07:00:00+00:00,3.309,3.315,3.285,3.293,57169.69
2025-10-20 08:00:00+00:00,3.294,3.309,3.278,3.299,110014.16
2025-10-20 09:00:00+00:00,3.298,3.298,3.28,3.293,85198.73
2025-10-20 10:00:00+00:00,3.294,3.315,3.287,3.297,40763.93
2025-10-20 11:00:00+00:00,3.298,3.299,3.284,3.291,49040.17
2025-10-20 12:00:00+00:00,3.292,3.298,3.277,3.286,37437.63
2025-10-20 13:00:00+00:00,3.287,3.321,3.28,3.317,76682.54
2025-10-20 14:00:00+00:00,3.318,3.325,3.29,3.312,72203.19
2025-10-20 15:00:00+00:00,3.312,3.316,3.274,3.275,44008.2
2025-10-20 16:00:00+00:00,3.274,3.279,3.216,3.263,191367.38
2025-10-20 17:00:00+00:00,3.262,3.279,3.247,3.265,54674.07
2025-10-20 18:00:00+00:00,3.267,3.283,3.258,3.281,47124.19
2025-10-20 19:00:00+00:00,3.28,3.317,3.273,3.306,167268.63
2025-10-20 20:00:00+00:00,3.305,3.325,3.299,3.322,131874.12
2025-10-20 21:00:00+00:00,3.322,3.326,3.283,3.287,96868.47
2025-10-20 22:00:00+00:00,3.286,3.301,3.281,3.29,41975.35
2025-10-20 23:00:00+00:00,3.289,3.29,3.273,3.273,31948.9
2025-10-21 00:00:00+00:00,3.273,3.279,3.268,3.276,48122.55
2025-10-21 01:00:00+00:00,3.275,3.277,3.253,3.262,49781.56
2025-10-21 02:00:00+00:00,3.261,3.263,3.244,3.248,31458.83
2025-10-21 03:00:00+00:00,3.249,3.254,3.231,3.236,43805.96
2025-10-21 04:00:00+00:00,3.236,3.238,3.17,3.174,153149.87
2025-10-21 05:00:00+00:00,3.174,3.2,3.17,3.19,94557.2
2025-10-21 06:00:00+00:00,3.19,3.215,3.184,3.208,65099.64
2025-10-21 07:00:00+00:00,3.206,3.224,3.192,3.219,48472.08
2025-10-21 08:00:00+00:00,3.219,3.219,3.175,3.193,99887.81
2025-10-21 09:00:00+00:00,3.193,3.196,3.184,3.187,24978.1
2025-10-21 10:00:00+00:00,3.187,3.225,3.182,3.214,61630.93
2025-10-21 11:00:00+00:00,3.214,3.222,3.204,3.217,41165.06
2025-10-21 12:00:00+00:00,3.217,3.252,3.211,3.221,52155.55
2025-10-21 13:00:00+00:00,3.225,3.25,3.206,3.231,65696.3
2025-10-21 14:00:00+00:00,3.233,3.333,3.232,3.329,181231.84
2025-10-21 15:00:00+00:00,3.331,3.373,3.319,3.35,240325.45
2025-10-21 16:00:00+00:00,3.349,3.372,3.307,3.313,222623.95
2025-10-21 17:00:00+00:00,3.316,3.335,3.293,3.317,198201.19
2025-10-21 18:00:00+00:00,3.318,3.328,3.297,3.312,78100.27
2025-10-21 19:00:00+00:00,3.311,3.315,3.297,3.303,42320.78
2025-10-21 20:00:00+00:00,3.304,3.307,3.265,3.283,132923.89
2025-10-21 21:00:00+00:00,3.281,3.303,3.243,3.291,141789.73
2025-10-21 22:00:00+00:00,3.29,3.29,3.225,3.238,155565.44
2025-10-21 23:00:00+00:00,3.238,3.247,3.182,3.188,124451.27
2025-10-22 00:00:00+00:00,3.188,3.207,3.163,3.182,62120.52
2025-10-22 01:00:00+00:00,3.182,3.206,3.179,3.19,60400.16
2025-10-22 02:00:00+00:00,3.191,3.208,3.19,3.195,49380.53
2025-10-22 03:00:00+00:00,3.197,3.202,3.177,3.201,46993.05
2025-10-22 04:00:00+00:00,3.201,3.226,3.201,3.214,47514.14
2025-10-22 05:00:00+00:00,3.213,3.215,3.158,3.187,57221.42
2025-10-22 06:00:00+00:00,3.186,3.186,3.17,3.171,27330.89
2025-10-22 07:00:00+00:00,3.172,3.179,3.157,3.174,56066.7
2025-10-22 08:00:00+00:00,3.174,3.174,3.154,3.162,26904.62
2025-10-22 09:00:00+00:00,3.162,3.179,3.135,3.147,235541.86
2025-10-22 10:00:00+00:00,3.147,3.159,3.141,3.143,28183.43
2025-10-22 11:00:00+00:00,3.144,3.181,3.116,3.161,121078.43
2025-10-22 12:00:00+00:00,3.161,3.182,3.156,3.159,49175.65
2025-10-22 13:00:00+00:00,3.16,3.194,3.146,3.191,119610.77
2025-10-22 14:00:00+00:00,3.189,3.191,3.123,3.181,188480.19
2025-10-22 15:00:00+00:00,3.182,3.192,3.141,3.16,100220.18
2025-10-22 16:00:00+00:00,3.16,3.171,3.13,3.147,114653.7
2025-10-22 17:00:00+00:00,3.147,3.159,3.12,3.13,56489.06
2025-10-22 18:00:00+00:00,3.13,3.142,3.117,3.134,53111.76
2025-10-22 19:00:00+00:00,3.134,3.159,3.109,3.134,61205.12
2025-10-22 20:00:00+00:00,3.134,3.136,3.104,3.108,36699.15
2025-10-22 21:00:00+00:00,3.108,3.111,3.028,3.075,252599.44
2025-10-22 22:00:00+00:00,3.073,3.092,3.064,3.076,77563.35
2025-10-22 23:00:00+00:00,3.075,3.118,3.075,3.114,55101.05
2025-10-23 00:00:00+00:00,3.115,3.128,3.109,3.124,37264.86
2025-10-23 01:00:00+00:00,3.122,3.136,3.119,3.127,65815.1
2025-10-23 02:00:00+00:00,3.128,3.14,3.126,3.132,77111.76
2025-10-23 03:00:00+00:00,3.132,3.137,3.123,3.13,27783.22
2025-10-23 04:00:00+00:00,3.129,3.14,3.124,3.129,29955.03
2025-10-23 05:00:00+00:00,3.129,3.138,3.126,3.138,42483.56
2025-10-23 06:00:00+00:00,3.138,3.169,3.132,3.168,80441.73
2025-10-23 07:00:00+00:00,3.168,3.169,3.151,3.162,43830.79
2025-10-23 08:00:00+00:00,3.163,3.18,3.163,3.167,69945.72
2025-10-23 09:00:00+00:00,3.168,3.172,3.163,3.168,26964.2
2025-10-23 10:00:00+00:00,3.168,3.182,3.168,3.168,40824.87
2025-10-23 11:00:00+00:00,3.167,3.172,3.153,3.158,28572.38
2025-10-23 12:00:00+00:00,3.158,3.171,3.136,3.171,62432.8
2025-10-23 13:00:00+00:00,3.169,3.195,3.159,3.186,58539.41
2025-10-23 14:00:00+00:00,3.187,3.199,3.166,3.19,57158.99
2025-10-23 15:00:00+00:00,3.191,3.219,3.185,3.202,85097.09
2025-10-23 16:00:00+00:00,3.202,3.215,3.186,3.207,74073.99
2025-10-23 17:00:00+00:00,3.208,3.235,3.189,3.224,92937.15
2025-10-23 18:00:00+00:00,3.225,3.228,3.201,3.206,38606.69
2025-10-23 19:00:00+00:00,3.206,3.208,3.192,3.202,46634.73
2025-10-23 20:00:00+00:00,3.201,3.201,3.157,3.166,70568.56
2025-10-23 21:00:00+00:00,3.166,3.181,3.164,3.171,23591.08
2025-10-23 22:00:00+00:00,3.17,3.183,3.166,3.177,39519.42
2025-10-23 23:00:00+00:00,3.178,3.188,3.169,3.182,22108.27
2025-10-24 00:00:00+00:00,3.183,3.187,3.163,3.169,40042.87
2025-10-24 01:00:00+00:00,3.169,3.174,3.157,3.161,42396.09
2025-10-24 02:00:00+00:00,3.161,3.162,3.142,3.149,48918.5
2025-10-24 03:00:00+00:00,3.148,3.149,3.13,3.135,54249.66
2025-10-24 04:00:00+00:00,3.136,3.183,3.127,3.178,86561.62
2025-10-24 05:00:00+00:00,3.177,3.189,3.169,3.185,51844.38
2025-10-24 06:00:00+00:00,3.185,3.191,3.177,3.19,50800.73
2025-10-24 07:00:00+00:00,3.19,3.194,3.168,3.176,58149.71
2025-10-24 08:00:00+00:00,3.177,3.193,3.166,3.181,53251.12
2025-10-24 09:00:00+00:00,3.182,3.186,3.174,3.176,69753.8
2025-10-24 10:00:00+00:00,3.176,3.177,3.157,3.163,82576.53
2025-10-24 11:00:00+00:00,3.164,3.167,3.14,3.156,83796.47
2025-10-24 12:00:00+00:00,3.155,3.221,3.152,3.18,182805.73
2025-10-24 13:00:00+00:00,3.181,3.184,3.149,3.174,72139.42
2025-10-24 14:00:00+00:00,3.173,3.174,3.14,3.155,103590.51
2025-10-24 15:00:00+00:00,3.155,3.164,3.133,3.143,68721.73
2025-10-24 16:00:00+00:00,3.142,3.153,3.131,3.139,73090.04
2025-10-24 17:00:00+00:00,3.14,3.15,3.131,3.136,40921.61
2025-10-24 18:00:00+00:00,3.134,3.166,3.131,3.166,112421.83
2025-10-24 19:00:00+00:00,3.166,3.193,3.165,3.184,67667.6
2025-10-24 20:00:00+00:00,3.184,3.22,3.183,3.213,124485.12
2025-10-24 21:00:00+00:00,3.214,3.226,3.206,3.216,112160.12
2025-10-24 22:00:00+00:00,3.216,3.216,3.187,3.191,46742.87
2025-10-24 23:00:00+00:00,3.19,3.191,3.181,3.186,15516.16
2025-10-25 00:00:00+00:00,3.185,3.187,3.168,3.173,27829.17
2025-10-25 01:00:00+00:00,3.173,3.187,3.168,3.184,44666.14
2025-10-25 02:00:00+00:00,3.185,3.197,3.18,3.19,34445.86
2025-10-25 03:00:00+00:00,3.189,3.19,3.165,3.165,26720.16
2025-10-25 04:00:00+00:00,3.164,3.179,3.164,3.168,25409.16
2025-10-25 05:00:00+00:00,3.169,3.17,3.157,3.16,16551.23
2025-10-25 06:00:00+00:00,3.161,3.162,3.144,3.145,66492.52
2025-10-25 07:00:00+00:00,3.147,3.161,3.143,3.147,31722.65
2025-10-25 08:00:00+00:00,3.147,3.161,3.146,3.157,20913.36
2025-10-25 09:00:00+00:00,3.158,3.158,3.143,3.145,23215.46
2025-10-25 10:00:00+00:00,3.145,3.152,3.136,3.146,25622.27
2025-10-25 11:00:00+00:00,3.146,3.154,3.144,3.152,9395.49
2025-10-25 12:00:00+00:00,3.153,3.165,3.152,3.159,23378.33
2025-10-25 13:00:00+00:00,3.159,3.159,3.142,3.148,20042.57
2025-10-25 14:00:00+00:00,3.148,3.155,3.141,3.155,24376.69
2025-10-25 15:00:00+00:00,3.155,3.163,3.149,3.161,34634.92
2025-10-25 16:00:00+00:00,3.161,3.172,3.156,3.163,53227.31
2025-10-25 17:00:00+00:00,3.163,3.163,3.145,3.146,54403.1
2025-10-25 18:00:00+00:00,3.145,3.174,3.141,3.168,57245.87
2025-10-25 19:00:00+00:00,3.168,3.171,3.161,3.168,15961.86
2025-10-25 20:00:00+00:00,3.169,3.17,3.151,3.154,21304.65
2025-10-25 21:00:00+00:00,3.154,3.161,3.145,3.151,60225.47
2025-10-25 22:00:00+00:00,3.151,3.161,3.146,3.157,21285.91
2025-10-25 23:00:00+00:00,3.157,3.158,3.147,3.15,13633.18
2025-10-26 00:00:00+00:00,3.151,3.154,3.137,3.148,28511.99
2025-10-26 01:00:00+00:00,3.147,3.15,3.131,3.139,60430.3
2025-10-26 02:00:00+00:00,3.138,3.138,3.122,3.128,46117.08
2025-10-26 03:00:00+00:00,3.128,3.129,3.117,3.121,47737.44
2025-10-26 04:00:00+00:00,3.12,3.138,3.119,3.137,16642.52
2025-10-26 05:00:00+00:00,3.137,3.152,3.133,3.149,19015.01
2025-10-26 06:00:00+00:00,3.149,3.151,3.131,3.143,27349.83
2025-10-26 07:00:00+00:00,3.143,3.161,3.138,3.161,20346.39
2025-10-26 08:00:00+00:00,3.161,3.187,3.161,3.183,136400.45
2025-10-26 09:00:00+00:00,3.184,3.204,3.177,3.198,69509.75
2025-10-26 10:00:00+00:00,3.199,3.199,3.181,3.187,55086.26
2025-10-26 11:00:00+00:00,3.187,3.222,3.178,3.218,99439.07
2025-10-26 12:00:00+00:00,3.217,3.224,3.201,3.222,91853.91
2025-10-26 13:00:00+00:00,3.222,3.245,3.218,3.236,66766.15
2025-10-26 14:00:00+00:00,3.237,3.24,3.219,3.224,87797.4
2025-10-26 15:00:00+00:00,3.226,3.249,3.217,3.248,48627.05
2025-10-26 16:00:00+00:00,3.248,3.254,3.23,3.243,70770.5
2025-10-26 17:00:00+00:00,3.243,3.248,3.236,3.236,36595.81
2025-10-26 18:00:00+00:00,3.236,3.245,3.229,3.237,49693.49
2025-10-26 19:00:00+00:00,3.235,3.24,3.227,3.24,25314.61
2025-10-26 20:00:00+00:00,3.24,3.24,3.218,3.22,42962.76
2025-10-26 21:00:00+00:00,3.22,3.238,3.214,3.234,49595.25
2025-10-26 22:00:00+00:00,3.235,3.283,3.235,3.268,108879.06
2025-10-26 23:00:00+00:00,3.269,3.274,3.252,3.254,42800.69
2025-10-27 00:00:00+00:00,3.255,3.268,3.248,3.258,35894.08
2025-10-27 01:00:00+00:00,3.257,3.279,3.252,3.277,37348.86
2025-10-27 02:00:00+00:00,3.276,3.278,3.252,3.261,47524.59
2025-10-27 03:00:00+00:00,3.26,3.264,3.245,3.252,45076.11
2025-10-27 04:00:00+00:00,3.251,3.264,3.246,3.263,30752.73
2025-10-27 05:00:00+00:00,3.262,3.286,3.257,3.266,49181.95
2025-10-27 06:00:00+00:00,3.266,3.271,3.254,3.26,58242.34
2025-10-27 07:00:00+00:00,3.259,3.269,3.231,3.247,61086.91
2025-10-27 08:00:00+00:00,3.248,3.262,3.228,3.242,98844.84
2025-10-27 09:00:00+00:00,3.241,3.243,3.213,3.223,60262.64
2025-10-27 10:00:00+00:00,3.222,3.229,3.214,3.217,45055.81
2025-10-27 11:00:00+00:00,3.218,3.23,3.199,3.225,77494.68
2025-10-27 12:00:00+00:00,3.227,3.229,3.198,3.198,61309.97
2025-10-27 13:00:00+00:00,3.199,3.214,3.175,3.21,86394.4
2025-10-27 14:00:00+00:00,3.211,3.215,3.183,3.197,52425.9
2025-10-27 15:00:00+00:00,3.197,3.225,3.197,3.218,30186.93
2025-10-27 16:00:00+00:00,3.219,3.251,3.219,3.248,75948.16
2025-10-27 17:00:00+00:00,3.249,3.25,3.23,3.233,27265.09
2025-10-27 18:00:00+00:00,3.234,3.236,3.222,3.228,38986.96
2025-10-27 19:00:00+00:00,3.228,3.232,3.209,3.21,34409.29
2025-10-27 20:00:00+00:00,3.21,3.21,3.178,3.179,75375.06
2025-10-27 21:00:00+00:00,3.178,3.195,3.163,3.182,38884.48
2025-10-27 22:00:00+00:00,3.182,3.191,3.16,3.167,55713.26
2025-10-27 23:00:00+00:00,3.166,3.185,3.159,3.178,139623.74
2025-10-28 00:00:00+00:00,3.179,3.191,3.164,3.173,39149.38
2025-10-28 01:00:00+00:00,3.175,3.188,3.172,3.179,19826.06
2025-10-28 02:00:00+00:00,3.18,3.184,3.147,3.167,55626.97
2025-10-28 03:00:00+00:00,3.166,3.174,3.147,3.158,40388.3
2025-10-28 04:00:00+00:00,3.155,3.176,3.149,3.171,23136.52
2025-10-28 05:00:00+00:00,3.169,3.177,3.141,3.143,60952.31
2025-10-28 06:00:00+00:00,3.144,3.203,3.144,3.201,70229.36
2025-10-28 07:00:00+00:00,3.202,3.211,3.176,3.179,49107.42
2025-10-28 08:00:00+00:00,3.182,3.197,3.176,3.185,20254.71
2025-10-28 09:00:00+00:00,3.186,3.189,3.17,3.182,37709.21
2025-10-28 10:00:00+00:00,3.181,3.182,3.167,3.174,47644.54
2025-10-28 11:00:00+00:00,3.175,3.188,3.169,3.17,40531.52
2025-10-28 12:00:00+00:00,3.17,3.191,3.165,3.189,35593.74
2025-10-28 13:00:00+00:00,3.19,3.21,3.188,3.2,58947.2
2025-10-28 14:00:00+00:00,3.202,3.213,3.126,3.175,177205.73
2025-10-28 15:00:00+00:00,3.176,3.192,3.157,3.166,128702.35
2025-10-28 16:00:00+00:00,3.165,3.192,3.16,3.184,82398.3
2025-10-28 17:00:00+00:00,3.186,3.208,3.182,3.205,142685.99
2025-10-28 18:00:00+00:00,3.203,3.218,3.177,3.184,101061.23
2025-10-28 19:00:00+00:00,3.185,3.188,3.13,3.143,116363.35
2025-10-28 20:00:00+00:00,3.142,3.143,3.065,3.069,300373.65
2025-10-28 21:00:00+00:00,3.068,3.089,3.034,3.069,184978.59
2025-10-28 22:00:00+00:00,3.07,3.108,3.064,3.105,57849.39
2025-10-28 23:00:00+00:00,3.106,3.107,3.092,3.098,24744.97
2025-10-29 00:00:00+00:00,3.098,3.113,3.089,3.091,25059.23
2025-10-29 01:00:00+00:00,3.091,3.112,3.083,3.096,28062.92
2025-10-29 02:00:00+00:00,3.096,3.1,3.09,3.095,18245.78
2025-10-29 03:00:00+00:00,3.094,3.098,3.084,3.093,26145.27
2025-10-29 04:00:00+00:00,3.093,3.109,3.093,3.106,23632.99
2025-10-29 05:00:00+00:00,3.105,3.123,3.104,3.114,54116.12
2025-10-29 06:00:00+00:00,3.113,3.122,3.11,3.118,34741.19
2025-10-29 07:00:00+00:00,3.118,3.128,3.111,3.122,27168.66
2025-10-29 08:00:00+00:00,3.121,3.127,3.102,3.104,27580.99
2025-10-29 09:00:00+00:00,3.104,3.108,3.095,3.104,39825.03
2025-10-29 10:00:00+00:00,3.103,3.133,3.102,3.124,32921.7
2025-10-29 11:00:00+00:00,3.124,3.142,3.121,3.121,71030.11
2025-10-29 12:00:00+00:00,3.121,3.125,3.113,3.12,46316.94
2025-10-29 13:00:00+00:00,3.121,3.136,3.114,3.12,79685.58
2025-10-29 14:00:00+00:00,3.121,3.123,3.104,3.115,25253.89
2025-10-29 15:00:00+00:00,3.116,3.119,3.07,3.08,75747.56
2025-10-29 16:00:00+00:00,3.08,3.108,3.069,3.096,129903.34
2025-10-29 17:00:00+00:00,3.096,3.154,3.094,3.154,59186.86
2025-10-29 18:00:00+00:00,3.154,3.16,3.036,3.114,494835.21
2025-10-29 19:00:00+00:00,3.116,3.151,3.109,3.142,129259.26
2025-10-29 20:00:00+00:00,3.143,3.177,3.127,3.159,113308.24
2025-10-29 21:00:00+00:00,3.159,3.161,3.142,3.143,34157.34
2025-10-29 22:00:00+00:00,3.142,3.149,3.132,3.132,14817.73
2025-10-29 23:00:00+00:00,3.134,3.134,3.085,3.095,69196.68
2025-10-30 00:00:00+00:00,3.096,3.114,3.087,3.11,34290.24
2025-10-30 01:00:00+00:00,3.11,3.11,3.093,3.098,38153.09
2025-10-30 02:00:00+00:00,3.097,3.116,3.094,3.113,15649.49
2025-10-30 03:00:00+00:00,3.113,3.114,3.09,3.097,24439.52
2025-10-30 04:00:00+00:00,3.096,3.096,3.002,3.032,200972.25
2025-10-30 05:00:00+00:00,3.032,3.083,3.027,3.078,44238.01
2025-10-30 06:00:00+00:00,3.078,3.108,3.064,3.104,74222.17
2025-10-30 07:00:00+00:00,3.105,3.154,3.103,3.121,118852.37
2025-10-30 08:00:00+00:00,3.123,3.127,3.091,3.091,109273.04
2025-10-30 09:00:00+00:00,3.092,3.096,3.065,3.07,51207.36
2025-10-30 10:00:00+00:00,3.07,3.081,3.054,3.062,57803.88
2025-10-30 11:00:00+00:00,3.061,3.067,3.042,3.043,29288.83
2025-10-30 12:00:00+00:00,3.043,3.047,2.99,3.01,185812.35
2025-10-30 13:00:00+00:00,3.009,3.015,2.953,2.961,213594.69
2025-10-30 14:00:00+00:00,2.963,2.988,2.959,2.969,66851.89
2025-10-30 15:00:00+00:00,2.969,2.975,2.921,2.927,139365.92
2025-10-30 16:00:00+00:00,2.928,2.938,2.906,2.928,106682.65
2025-10-30 17:00:00+00:00,2.93,2.943,2.898,2.929,134131.8
2025-10-30 18:00:00+00:00,2.929,2.931,2.874,2.884,179713.09
2025-10-30 19:00:00+00:00,2.883,2.892,2.854,2.864,173931.95
2025-10-30 20:00:00+00:00,2.864,2.901,2.86,2.9,122948.89
2025-10-30 21:00:00+00:00,2.9,2.958,2.898,2.935,114327.03
2025-10-30 22:00:00+00:00,2.939,2.982,2.934,2.972,109993.28
2025-10-30 23:00:00+00:00,2.972,2.976,2.945,2.951,115003.73
2025-10-31 00:00:00+00:00,2.951,2.982,2.936,2.973,106474.08
2025-10-31 01:00:00+00:00,2.974,2.998,2.973,2.995,84981.04
2025-10-31 02:00:00+00:00,2.996,2.998,2.972,2.986,107764.57
2025-10-31 03:00:00+00:00,2.986,3.009,2.98,3.003,100999.7
2025-10-31 04:00:00+00:00,3.004,3.018,3.0,3.009,91186.62
2025-10-31 05:00:00+00:00,3.006,3.006,2.983,2.985,29824.64
2025-10-31 06:00:00+00:00,2.988,2.993,2.981,2.988,68705.35
2025-10-31 07:00:00+00:00,2.988,2.998,2.981,2.988,63781.23
2025-10-31 08:00:00+00:00,2.988,3.02,2.986,3.02,317603.27
2025-10-31 09:00:00+00:00,3.019,3.02,2.989,2.992,47719.64
2025-10-31 10:00:00+00:00,2.992,3.002,2.991,2.993,14478.17
2025-10-31 11:00:00+00:00,2.993,3.015,2.985,3.014,28473.35
2025-10-31 12:00:00+00:00,3.014,3.029,3.007,3.008,47609.23
2025-10-31 13:00:00+00:00,3.009,3.015,2.979,3.005,234572.89
2025-10-31 14:00:00+00:00,3.006,3.026,2.99,3.022,57756.43
2025-10-31 15:00:00+00:00,3.022,3.033,3.006,3.012,62579.99
2025-10-31 16:00:00+00:00,3.01,3.016,2.954,2.956,79692.07
2025-10-31 17:00:00+00:00,2.955,2.973,2.939,2.964,71032.7
2025-10-31 18:00:00+00:00,2.966,2.982,2.949,2.964,62131.82
2025-10-31 19:00:00+00:00,2.964,2.999,2.948,2.987,91875.71
2025-10-31 20:00:00+00:00,2.986,2.989,2.964,2.968,52220.93
2025-10-31 21:00:00+00:00,2.968,2.976,2.957,2.964,36115.19
2025-10-31 22:00:00+00:00,2.965,2.981,2.964,2.97,61832.53
2025-10-31 23:00:00+00:00,2.969,2.975,2.96,2.962,38729.54
2025-11-01 00:00:00+00:00,2.963,2.968,2.952,2.965,24351.18
2025-11-01 01:00:00+00:00,2.963,2.976,2.96,2.961,22416.6
2025-11-01 02:00:00+00:00,2.959,2.97,2.946,2.969,24340.15
2025-11-01 03:00:00+00:00,2.969,2.987,2.969,2.978,48177.8
2025-11-01 04:00:00+00:00,2.98,2.98,2.966,2.969,23598.1
2025-11-01 05:00:00+00:00,2.969,2.971,2.96,2.962,33569.19
2025-11-01 06:00:00+00:00,2.962,2.973,2.961,2.972,21377.04
2025-11-01 07:00:00+00:00,2.973,3.014,2.971,3.009,96699.31
2025-11-01 08:00:00+00:00,3.011,3.021,2.994,3.013,48999.44
2025-11-01 09:00:00+00:00,3.014,3.02,2.995,2.999,66798.02
2025-11-01 10:00:00+00:00,2.999,3.015,2.996,3.008,42368.97
2025-11-01 11:00:00+00:00,3.01,3.021,3.005,3.015,54021.68
2025-11-01 12:00:00+00:00,3.016,3.02,2.997,3.013,109634.32
2025-11-01 13:00:00+00:00,3.013,3.02,2.996,3.007,48901.92
2025-11-01 14:00:00+00:00,3.009,3.014,2.98,2.993,71540.24
2025-11-01 15:00:00+00:00,2.992,3.017,2.991,3.01,89030.64
2025-11-01 16:00:00+00:00,3.01,3.045,3.006,3.027,134890.33
2025-11-01 17:00:00+00:00,3.027,3.032,3.02,3.025,34578.03
2025-11-01 18:00:00+00:00,3.025,3.04,3.015,3.034,59978.67
2025-11-01 19:00:00+00:00,3.033,3.036,3.025,3.029,42534.55
2025-11-01 20:00:00+00:00,3.029,3.047,3.026,3.033,32423.9
2025-11-01 21:00:00+00:00,3.032,3.037,3.008,3.009,43216.17
2025-11-01 22:00:00+00:00,3.008,3.024,3.007,3.023,23173.97
2025-11-01 23:00:00+00:00,3.024,3.038,3.018,3.03,53817.45
2025-11-02 00:00:00+00:00,3.029,3.029,3.006,3.016,81457.63
2025-11-02 01:00:00+00:00,3.016,3.02,2.999,3.007,37597.89
2025-11-02 02:00:00+00:00,3.007,3.02,3.001,3.001,22055.74
2025-11-02 03:00:00+00:00,3.0,3.007,2.992,2.997,20443.55
2025-11-02 04:00:00+00:00,2.997,3.019,2.991,3.017,36856.52
2025-11-02 05:00:00+00:00,3.017,3.029,3.011,3.028,17472.78
2025-11-02 06:00:00+00:00,3.028,3.042,3.021,3.031,94426.85
2025-11-02 07:00:00+00:00,3.032,3.059,3.027,3.054,63162.18
2025-11-02 08:00:00+00:00,3.054,3.057,3.035,3.04,71419.88
2025-11-02 09:00:00+00:00,3.04,3.061,3.033,3.034,67860.58
2025-11-02 10:00:00+00:00,3.033,3.041,3.005,3.013,90488.51
2025-11-02 11:00:00+00:00,3.012,3.049,3.009,3.049,78150.61
2025-11-02 12:00:00+00:00,3.048,3.05,3.032,3.044,89757.41
2025-11-02 13:00:00+00:00,3.043,3.045,3.02,3.03,52309.48
2025-11-02 14:00:00+00:00,3.028,3.03,2.963,2.975,145601.3
2025-11-02 15:00:00+00:00,2.974,2.995,2.96,2.978,80726.2
2025-11-02 16:00:00+00:00,2.979,2.988,2.952,2.985,90608.02
2025-11-02 17:00:00+00:00,2.984,2.987,2.966,2.98,59505.49
2025-11-02 18:00:00+00:00,2.981,2.983,2.965,2.969,35717.42
2025-11-02 19:00:00+00:00,2.968,2.971,2.953,2.97,55547.22
2025-11-02 20:00:00+00:00,2.97,2.983,2.962,2.98,23489.81
2025-11-02 21:00:00+00:00,2.981,2.998,2.977,2.997,66840.81
2025-11-02 22:00:00+00:00,2.996,3.029,2.996,3.019,115471.48
2025-11-02 23:00:00+00:00,3.02,3.078,3.02,3.054,143392.54
2025-11-03 00:00:00+00:00,3.055,3.064,2.999,3.001,67322.51
2025-11-03 01:00:00+00:00,3.0,3.001,2.958,2.966,116775.56
2025-11-03 02:00:00+00:00,2.965,2.968,2.923,2.937,126695.98
2025-11-03 03:00:00+00:00,2.936,2.942,2.859,2.863,292058.14
2025-11-03 04:00:00+00:00,2.862,2.875,2.843,2.873,131712.99
2025-11-03 05:00:00+00:00,2.872,2.893,2.839,2.842,115445.23
2025-11-03 06:00:00+00:00,2.842,2.856,2.815,2.848,148596.41
2025-11-03 07:00:00+00:00,2.846,2.868,2.837,2.853,76242.33
2025-11-03 08:00:00+00:00,2.853,2.86,2.817,2.838,123013.48
2025-11-03 09:00:00+00:00,2.836,2.861,2.798,2.799,180560.53
2025-11-03 10:00:00+00:00,2.798,2.811,2.751,2.759,312546.54
2025-11-03 11:00:00+00:00,2.759,2.794,2.759,2.771,178540.97
2025-11-03 12:00:00+00:00,2.772,2.79,2.764,2.766,120590.56
2025-11-03 13:00:00+00:00,2.765,2.793,2.758,2.775,167994.34
2025-11-03 14:00:00+00:00,2.775,2.804,2.763,2.784,96453.6
2025-11-03 15:00:00+00:00,2.785,2.79,2.617,2.627,1460908.3
2025-11-03 16:00:00+00:00,2.627,2.69,2.611,2.656,329820.82
2025-11-03 17:00:00+00:00,2.655,2.702,2.648,2.702,196053.64
2025-11-03 18:00:00+00:00,2.701,2.707,2.618,2.621,262736.31
2025-11-03 19:00:00+00:00,2.621,2.628,2.59,2.591,223246.1
2025-11-03 20:00:00+00:00,2.591,2.595,2.516,2.535,406056.48
2025-11-03 21:00:00+00:00,2.535,2.565,2.489,2.503,910123.53
2025-11-03 22:00:00+00:00,2.503,2.522,2.471,2.497,614373.93
2025-11-03 23:00:00+00:00,2.497,2.521,2.478,2.506,311100.04
2025-11-04 00:00:00+00:00,2.507,2.54,2.497,2.519,346722.7
2025-11-04 01:00:00+00:00,2.519,2.526,2.5,2.51,145635.34
2025-11-04 02:00:00+00:00,2.509,2.525,2.501,2.514,188113.08
2025-11-04 03:00:00+00:00,2.515,2.539,2.506,2.534,205696.13
2025-11-04 04:00:00+00:00,2.534,2.54,2.514,2.525,161495.99
2025-11-04 05:00:00+00:00,2.525,2.541,2.417,2.438,522032.78
2025-11-04 06:00:00+00:00,2.438,2.529,2.437,2.527,299537.63
2025-11-04 07:00:00+00:00,2.526,2.529,2.474,2.491,225456.95
2025-11-04 08:00:00+00:00,2.493,2.556,2.475,2.523,303416.35
2025-11-04 09:00:00+00:00,2.523,2.531,2.505,2.521,123071.64
2025-11-04 10:00:00+00:00,2.521,2.569,2.519,2.566,261398.81
2025-11-04 11:00:00+00:00,2.567,2.584,2.56,2.567,124605.23
2025-11-04 12:00:00+00:00,2.565,2.569,2.544,2.558,79159.36
2025-11-04 13:00:00+00:00,2.558,2.605,2.554,2.603,209626.03
2025-11-04 14:00:00+00:00,2.603,2.636,2.566,2.631,225453.95
2025-11-04 15:00:00+00:00,2.631,2.641,2.569,2.578,195683.58
2025-11-04 16:00:00+00:00,2.579,2.597,2.535,2.537,161470.85
2025-11-04 17:00:00+00:00,2.536,2.546,2.464,2.53,370482.16
2025-11-04 18:00:00+00:00,2.529,2.53,2.437,2.487,398494.68
2025-11-04 19:00:00+00:00,2.488,2.51,2.453,2.457,231592.04
2025-11-04 20:00:00+00:00,2.456,2.466,2.356,2.433,571482.55
2025-11-04 21:00:00+00:00,2.433,2.442,2.346,2.436,544327.44
2025-11-04 22:00:00+00:00,2.436,2.543,2.425,2.54,445330.52
2025-11-04 23:00:00+00:00,2.54,2.552,2.505,2.507,222736.41
2025-11-05 00:00:00+00:00,2.507,2.523,2.465,2.491,245723.4
2025-11-05 01:00:00+00:00,2.492,2.492,2.407,2.469,245713.34
2025-11-05 02:00:00+00:00,2.47,2.541,2.47,2.538,282058.87
2025-11-05 03:00:00+00:00,2.54,2.553,2.525,2.547,124832.25
2025-11-05 04:00:00+00:00,2.549,2.568,2.544,2.552,76183.0
2025-11-05 05:00:00+00:00,2.553,2.593,2.552,2.585,127383.99
2025-11-05 06:00:00+00:00,2.584,2.592,2.563,2.591,102302.1
2025-11-05 07:00:00+00:00,2.592,2.616,2.572,2.611,108957.35
2025-11-05 08:00:00+00:00,2.61,2.61,2.551,2.567,105145.55
2025-11-05 09:00:00+00:00,2.565,2.592,2.563,2.578,79102.91
2025-11-05 10:00:00+00:00,2.578,2.594,2.566,2.567,74463.61
2025-11-05 11:00:00+00:00,2.567,2.605,2.566,2.605,98772.18
2025-11-05 12:00:00+00:00,2.605,2.626,2.587,2.611,119140.16
2025-11-05 13:00:00+00:00,2.611,2.659,2.608,2.65,131209.08
2025-11-05 14:00:00+00:00,2.649,2.649,2.607,2.626,125677.69
2025-11-05 15:00:00+00:00,2.626,2.669,2.615,2.669,124279.73
2025-11-05 16:00:00+00:00,2.668,2.67,2.635,2.662,142608.17
2025-11-05 17:00:00+00:00,2.661,2.661,2.636,2.647,76392.58
2025-11-05 18:00:00+00:00,2.646,2.681,2.643,2.67,77184.19
2025-11-05 19:00:00+00:00,2.669,2.677,2.656,2.675,100378.62
2025-11-05 20:00:00+00:00,2.675,2.685,2.654,2.663,89600.96
2025-11-05 21:00:00+00:00,2.662,2.68,2.652,2.675,125828.77
2025-11-05 22:00:00+00:00,2.673,2.681,2.666,2.681,38967.98
2025-11-05 23:00:00+00:00,2.681,2.682,2.665,2.667,53547.25
2025-11-06 00:00:00+00:00,2.667,2.672,2.654,2.665,74301.4
2025-11-06 01:00:00+00:00,2.665,2.665,2.624,2.641,60841.28
2025-11-06 02:00:00+00:00,2.64,2.66,2.611,2.649,72303.92
2025-11-06 03:00:00+00:00,2.648,2.658,2.643,2.645,29665.45
2025-11-06 04:00:00+00:00,2.644,2.646,2.629,2.637,57179.73
2025-11-06 05:00:00+00:00,2.637,2.637,2.581,2.584,153885.72
2025-11-06 06:00:00+00:00,2.585,2.596,2.578,2.587,87765.07
2025-11-06 07:00:00+00:00,2.586,2.604,2.571,2.581,90254.19
2025-11-06 08:00:00+00:00,2.58,2.593,2.574,2.583,73969.58
2025-11-06 09:00:00+00:00,2.583,2.598,2.579,2.582,50010.75
2025-11-06 10:00:00+00:00,2.581,2.6,2.572,2.596,76010.92
2025-11-06 11:00:00+00:00,2.594,2.601,2.578,2.592,59053.7
2025-11-06 12:00:00+00:00,2.591,2.601,2.568,2.572,79287.41
2025-11-06 13:00:00+00:00,2.572,2.629,2.572,2.613,124447.84
2025-11-06 14:00:00+00:00,2.615,2.621,2.575,2.577,100273.99
2025-11-06 15:00:00+00:00,2.578,2.609,2.55,2.565,171574.86
2025-11-06 16:00:00+00:00,2.565,2.583,2.534,2.567,124653.28
2025-11-06 17:00:00+00:00,2.567,2.622,2.562,2.613,142942.8
2025-11-06 18:00:00+00:00,2.612,2.648,2.592,2.626,175182.2
2025-11-06 19:00:00+00:00,2.626,2.647,2.619,2.631,90962.47
2025-11-06 20:00:00+00:00,2.634,2.651,2.614,2.637,101499.3
2025-11-06 21:00:00+00:00,2.637,2.677,2.626,2.664,156867.69
2025-11-06 22:00:00+00:00,2.666,2.679,2.643,2.669,98636.46
2025-11-06 23:00:00+00:00,2.666,2.666,2.631,2.648,82814.94
2025-11-07 00:00:00+00:00,2.649,2.724,2.646,2.721,263813.91
2025-11-07 01:00:00+00:00,2.722,2.726,2.672,2.702,234607.63
2025-11-07 02:00:00+00:00,2.702,2.71,2.671,2.709,128428.04
2025-11-07 03:00:00+00:00,2.71,2.727,2.701,2.716,67926.41
2025-11-07 04:00:00+00:00,2.718,2.728,2.691,2.698,183718.35
2025-11-07 05:00:00+00:00,2.698,2.746,2.697,2.744,81170.28
2025-11-07 06:00:00+00:00,2.744,2.768,2.737,2.74,108977.35
2025-11-07 07:00:00+00:00,2.74,2.794,2.734,2.787,149672.49
2025-11-07 08:00:00+00:00,2.788,2.793,2.753,2.77,219300.68
2025-11-07 09:00:00+00:00,2.77,2.782,2.719,2.763,192897.89
2025-11-07 10:00:00+00:00,2.763,2.804,2.745,2.784,347900.37
2025-11-07 11:00:00+00:00,2.783,2.789,2.731,2.753,252303.75
2025-11-07 12:00:00+00:00,2.754,2.763,2.684,2.711,179983.27
2025-11-07 13:00:00+00:00,2.71,2.775,2.703,2.763,163441.18
2025-11-07 14:00:00+00:00,2.761,2.826,2.722,2.812,285069.86
2025-11-07 15:00:00+00:00,2.812,2.872,2.784,2.865,442839.33
2025-11-07 16:00:00+00:00,2.865,2.975,2.838,2.968,506703.55
2025-11-07 17:00:00+00:00,2.969,3.032,2.943,3.03,385593.53
2025-11-07 18:00:00+00:00,3.032,3.199,3.023,3.088,740465.15
2025-11-07 19:00:00+00:00,3.087,3.149,3.083,3.091,439692.27
2025-11-07 20:00:00+00:00,3.091,3.105,3.069,3.084,158449.66
2025-11-07 21:00:00+00:00,3.085,3.14,3.083,3.13,222150.62
2025-11-07 22:00:00+00:00,3.131,3.134,3.103,3.106,88125.15
2025-11-07 23:00:00+00:00,3.106,3.106,3.034,3.051,142516.68
2025-11-08 00:00:00+00:00,3.05,3.109,3.029,3.03,214132.68
2025-11-08 01:00:00+00:00,3.03,3.11,3.026,3.11,118713.34
2025-11-08 02:00:00+00:00,3.111,3.157,3.106,3.12,254220.53
2025-11-08 03:00:00+00:00,3.118,3.129,3.039,3.039,233847.61
2025-11-08 04:00:00+00:00,3.039,3.085,3.039,3.062,98966.51
2025-11-08 05:00:00+00:00,3.061,3.068,3.015,3.021,204875.8
2025-11-08 06:00:00+00:00,3.022,3.031,2.978,2.986,325405.46
2025-11-08 07:00:00+00:00,2.988,2.998,2.96,2.995,143007.37
2025-11-08 08:00:00+00:00,2.994,3.027,2.967,3.006,141460.33
2025-11-08 09:00:00+00:00,3.005,3.009,2.959,2.972,87085.83
2025-11-08 10:00:00+00:00,2.972,3.009,2.968,3.004,67747.31
2025-11-08 11:00:00+00:00,3.006,3.033,2.996,3.013,206380.66
2025-11-08 12:00:00+00:00,3.011,3.018,2.988,3.012,117170.86
2025-11-08 13:00:00+00:00,3.012,3.014,2.955,2.955,94012.11
2025-11-08 14:00:00+00:00,2.956,2.97,2.928,2.956,153270.72
2025-11-08 15:00:00+00:00,2.957,2.973,2.893,2.916,283519.4
2025-11-08 16:00:00+00:00,2.917,2.933,2.889,2.925,121198.63
2025-11-08 17:00:00+00:00,2.925,2.949,2.91,2.938,68403.83
2025-11-08 18:00:00+00:00,2.939,2.957,2.932,2.95,67477.35
2025-11-08 19:00:00+00:00,2.95,2.954,2.915,2.927,62430.48
2025-11-08 20:00:00+00:00,2.927,2.95,2.916,2.936,40373.91
2025-11-08 21:00:00+00:00,2.935,2.943,2.929,2.94,21704.64
2025-11-08 22:00:00+00:00,2.94,2.951,2.93,2.943,72938.35
2025-11-08 23:00:00+00:00,2.943,2.956,2.935,2.953,64858.29
2025-11-09 00:00:00+00:00,2.954,2.955,2.921,2.929,83764.26
2025-11-09 01:00:00+00:00,2.928,2.951,2.925,2.937,73217.59
2025-11-09 02:00:00+00:00,2.937,2.937,2.864,2.872,128130.71
2025-11-09 03:00:00+00:00,2.871,2.88,2.835,2.855,136101.48
2025-11-09 04:00:00+00:00,2.856,2.89,2.856,2.865,73138.64
2025-11-09 05:00:00+00:00,2.864,2.875,2.856,2.87,45898.94
2025-11-09 06:00:00+00:00,2.87,2.893,2.859,2.868,68019.47
2025-11-09 07:00:00+00:00,2.869,2.905,2.867,2.901,73812.9
2025-11-09 08:00:00+00:00,2.901,2.901,2.862,2.869,59343.01
2025-11-09 09:00:00+00:00,2.869,2.892,2.853,2.862,106490.49
2025-11-09 10:00:00+00:00,2.862,2.873,2.844,2.872,1216128.63
2025-11-09 11:00:00+00:00,2.872,2.93,2.869,2.916,906330.23
2025-11-09 12:00:00+00:00,2.916,2.932,2.905,2.905,103721.45
2025-11-09 13:00:00+00:00,2.904,2.922,2.893,2.908,74460.48
2025-11-09 14:00:00+00:00,2.906,2.961,2.892,2.926,228771.72
2025-11-09 15:00:00+00:00,2.927,2.98,2.927,2.968,203094.61
2025-11-09 16:00:00+00:00,2.969,2.983,2.947,2.977,92535.68
2025-11-09 17:00:00+00:00,2.978,2.981,2.937,2.948,128286.88
2025-11-09 18:00:00+00:00,2.949,2.983,2.932,2.979,76640.22
2025-11-09 19:00:00+00:00,2.979,3.0,2.965,2.999,78968.4
2025-11-09 20:00:00+00:00,3.0,3.002,2.971,2.972,74172.9
2025-11-09 21:00:00+00:00,2.972,2.979,2.959,2.975,61872.05
2025-11-09 22:00:00+00:00,2.974,2.981,2.951,2.97,50893.64
2025-11-09 23:00:00+00:00,2.972,3.0,2.958,2.972,79592.21
2025-11-10 00:00:00+00:00,2.972,3.015,2.95,2.996,107943.63
2025-11-10 01:00:00+00:00,2.995,3.008,2.974,2.974,83975.24
2025-11-10 02:00:00+00:00,2.975,2.992,2.968,2.991,31633.41
2025-11-10 03:00:00+00:00,2.991,3.025,2.991,3.011,94969.93
2025-11-10 04:00:00+00:00,3.012,3.026,2.992,3.014,74054.27
2025-11-10 05:00:00+00:00,3.014,3.033,3.001,3.023,53995.6
2025-11-10 06:00:00+00:00,3.023,3.033,3.008,3.02,64328.03
2025-11-10 07:00:00+00:00,3.02,3.035,3.001,3.009,55868.82
2025-11-10 08:00:00+00:00,3.009,3.011,2.975,2.987,72468.38
2025-11-10 09:00:00+00:00,2.987,3.052,2.985,3.045,84243.5
2025-11-10 10:00:00+00:00,3.046,3.065,3.011,3.022,126596.67
2025-11-10 11:00:00+00:00,3.022,3.07,3.022,3.056,109003.1
2025-11-10 12:00:00+00:00,3.057,3.092,3.038,3.067,303847.49
2025-11-10 13:00:00+00:00,3.066,3.109,3.061,3.079,110835.87
2025-11-10 14:00:00+00:00,3.079,3.079,3.008,3.032,175021.12
2025-11-10 15:00:00+00:00,3.034,3.093,3.031,3.065,104684.3
2025-11-10 16:00:00+00:00,3.065,3.086,3.033,3.048,94139.74
2025-11-10 17:00:00+00:00,3.048,3.075,3.026,3.057,230668.38
2025-11-10 18:00:00+00:00,3.057,3.062,3.032,3.032,72949.65
2025-11-10 19:00:00+00:00,3.033,3.082,3.032,3.064,43586.57
2025-11-10 20:00:00+00:00,3.064,3.096,3.064,3.089,48307.29
2025-11-10 21:00:00+00:00,3.09,3.09,3.056,3.08,49705.13
2025-11-10 22:00:00+00:00,3.082,3.155,3.06,3.142,145060.42
2025-11-10 23:00:00+00:00,3.143,3.147,3.096,3.108,110222.88
2025-11-11 00:00:00+00:00,3.109,3.12,3.047,3.077,198276.5
2025-11-11 01:00:00+00:00,3.077,3.156,3.076,3.079,151850.99
2025-11-11 02:00:00+00:00,3.08,3.137,3.067,3.119,152299.08
2025-11-11 03:00:00+00:00,3.118,3.135,3.105,3.114,52014.3
2025-11-11 04:00:00+00:00,3.113,3.129,3.068,3.072,86131.8
2025-11-11 05:00:00+00:00,3.072,3.072,3.033,3.039,82078.25
2025-11-11 06:00:00+00:00,3.04,3.056,3.025,3.052,124673.2
2025-11-11 07:00:00+00:00,3.052,3.054,3.0,3.005,77530.02
2025-11-11 08:00:00+00:00,3.004,3.031,2.999,3.029,71766.69
2025-11-11 09:00:00+00:00,3.028,3.046,3.02,3.02,87267.66
2025-11-11 10:00:00+00:00,3.019,3.032,3.011,3.021,42156.94
2025-11-11 11:00:00+00:00,3.022,3.039,3.015,3.023,65890.61
2025-11-11 12:00:00+00:00,3.024,3.038,2.988,2.994,125262.01
2025-11-11 13:00:00+00:00,2.995,3.041,2.995,3.018,98005.94
2025-11-11 14:00:00+00:00,3.019,3.06,3.005,3.057,182565.5
2025-11-11 15:00:00+00:00,3.057,3.071,3.03,3.053,96039.8
2025-11-11 16:00:00+00:00,3.053,3.079,3.035,3.055,91335.42
2025-11-11 17:00:00+00:00,3.055,3.079,3.045,3.054,50334.89
2025-11-11 18:00:00+00:00,3.054,3.067,3.014,3.019,75922.69
2025-11-11 19:00:00+00:00,3.019,3.019,2.979,2.984,91010.69
2025-11-11 20:00:00+00:00,2.985,2.992,2.961,2.97,71198.0
2025-11-11 21:00:00+00:00,2.971,2.985,2.947,2.954,65099.56
2025-11-11 22:00:00+00:00,2.953,2.995,2.937,2.987,71091.91
2025-11-11 23:00:00+00:00,2.986,2.986,2.936,2.942,51301.42
2025-11-12 00:00:00+00:00,2.942,2.957,2.923,2.928,51468.19
2025-11-12 01:00:00+00:00,2.929,2.984,2.926,2.975,68128.36
2025-11-12 02:00:00+00:00,2.975,2.983,2.937,2.965,52733.33
2025-11-12 03:00:00+00:00,2.964,2.987,2.96,2.978,44118.07
2025-11-12 04:00:00+00:00,2.979,2.98,2.956,2.969,79413.6
2025-11-12 05:00:00+00:00,2.969,2.987,2.954,2.981,98565.56
2025-11-12 06:00:00+00:00,2.982,3.009,2.98,2.988,49445.97
2025-11-12 07:00:00+00:00,2.987,3.0,2.973,2.977,46902.59
2025-11-12 08:00:00+00:00,2.978,3.048,2.978,3.035,92603.22
2025-11-12 09:00:00+00:00,3.038,3.06,3.031,3.059,63670.8
2025-11-12 10:00:00+00:00,3.059,3.067,3.04,3.047,63271.27
2025-11-12 11:00:00+00:00,3.045,3.071,3.045,3.06,55176.42
2025-11-12 12:00:00+00:00,3.061,3.107,3.06,3.085,113316.0
2025-11-12 13:00:00+00:00,3.085,3.114,3.064,3.106,97713.86
2025-11-12 14:00:00+00:00,3.105,3.108,2.994,3.02,253184.08
2025-11-12 15:00:00+00:00,3.018,3.041,2.94,2.952,190357.51
2025-11-12 16:00:00+00:00,2.951,2.958,2.89,2.898,175607.45
2025-11-12 17:00:00+00:00,2.898,2.928,2.872,2.91,113856.03
2025-11-12 18:00:00+00:00,2.909,2.925,2.889,2.895,74189.72
2025-11-12 19:00:00+00:00,2.891,2.901,2.861,2.887,76633.2
2025-11-12 20:00:00+00:00,2.887,2.926,2.882,2.911,39104.14
2025-11-12 21:00:00+00:00,2.912,2.923,2.904,2.917,26670.05
2025-11-12 22:00:00+00:00,2.919,2.924,2.894,2.914,36754.22
2025-11-12 23:00:00+00:00,2.914,2.914,2.886,2.891,24672.21
2025-11-13 00:00:00+00:00,2.891,2.919,2.886,2.901,33856.34
2025-11-13 01:00:00+00:00,2.901,2.949,2.899,2.931,83578.64
2025-11-13 02:00:00+00:00,2.931,2.951,2.922,2.927,31627.18
2025-11-13 03:00:00+00:00,2.928,3.0,2.89,2.983,134627.95
2025-11-13 04:00:00+00:00,2.982,2.997,2.961,2.982,103059.94
2025-11-13 05:00:00+00:00,2.981,3.007,2.966,2.998,61604.83
2025-11-13 06:00:00+00:00,3.0,3.005,2.979,2.979,62262.77
2025-11-13 07:00:00+00:00,2.979,2.993,2.955,2.96,59820.21
2025-11-13 08:00:00+00:00,2.959,2.973,2.953,2.965,35028.4
2025-11-13 09:00:00+00:00,2.966,2.968,2.93,2.932,57862.95
2025-11-13 10:00:00+00:00,2.934,2.972,2.934,2.944,51399.73
2025-11-13 11:00:00+00:00,2.943,2.955,2.938,2.945,34086.08
2025-11-13 12:00:00+00:00,2.946,2.959,2.941,2.953,40621.09
2025-11-13 13:00:00+00:00,2.954,2.974,2.941,2.959,83249.69
2025-11-13 14:00:00+00:00,2.96,3.011,2.935,2.991,185414.96
2025-11-13 15:00:00+00:00,2.988,3.016,2.936,2.952,99854.69
2025-11-13 16:00:00+00:00,2.952,2.965,2.9,2.904,83059.91
2025-11-13 17:00:00+00:00,2.905,2.917,2.826,2.831,162024.69
2025-11-13 18:00:00+00:00,2.832,2.844,2.799,2.818,168969.06
2025-11-13 19:00:00+00:00,2.819,2.832,2.768,2.784,133497.94
2025-11-13 20:00:00+00:00,2.785,2.808,2.768,2.793,83103.69
2025-11-13 21:00:00+00:00,2.793,2.808,2.774,2.799,55673.07
2025-11-13 22:00:00+00:00,2.797,2.864,2.793,2.857,79081.44
2025-11-13 23:00:00+00:00,2.856,2.893,2.85,2.867,73969.82
2025-11-14 00:00:00+00:00,2.867,2.899,2.846,2.867,92435.3
2025-11-14 01:00:00+00:00,2.868,2.883,2.841,2.844,75474.25
2025-11-14 02:00:00+00:00,2.845,2.877,2.839,2.856,114932.33
2025-11-14 03:00:00+00:00,2.855,2.858,2.83,2.844,49950.17
2025-11-14 04:00:00+00:00,2.843,2.848,2.762,2.816,180549.61
2025-11-14 05:00:00+00:00,2.815,2.884,2.815,2.874,210451.97
2025-11-14 06:00:00+00:00,2.874,2.914,2.838,2.911,131268.86
2025-11-14 07:00:00+00:00,2.911,2.911,2.878,2.886,91190.28
2025-11-14 08:00:00+00:00,2.886,2.887,2.843,2.856,96190.54
2025-11-14 09:00:00+00:00,2.855,2.866,2.801,2.807,130106.19
2025-11-14 10:00:00+00:00,2.809,2.834,2.807,2.82,67202.31
2025-11-14 11:00:00+00:00,2.819,2.823,2.78,2.797,85649.83
2025-11-14 12:00:00+00:00,2.797,2.823,2.75,2.817,199580.69
2025-11-14 13:00:00+00:00,2.817,2.838,2.792,2.813,94568.28
2025-11-14 14:00:00+00:00,2.812,2.872,2.793,2.851,239422.84
2025-11-14 15:00:00+00:00,2.852,2.881,2.825,2.861,93983.11
2025-11-14 16:00:00+00:00,2.861,2.888,2.84,2.883,78327.53
2025-11-14 17:00:00+00:00,2.882,2.897,2.861,2.87,83154.7
2025-11-14 18:00:00+00:00,2.869,2.91,2.854,2.863,79582.39
2025-11-14 19:00:00+00:00,2.863,2.911,2.856,2.89,69151.17
2025-11-14 20:00:00+00:00,2.891,2.898,2.825,2.838,78172.93
2025-11-14 21:00:00+00:00,2.837,2.87,2.832,2.854,43348.06
2025-11-14 22:00:00+00:00,2.854,2.872,2.824,2.831,32979.05
2025-11-14 23:00:00+00:00,2.831,2.833,2.767,2.8,104276.24
2025-11-15 00:00:00+00:00,2.801,2.835,2.798,2.832,67252.78
2025-11-15 01:00:00+00:00,2.832,2.869,2.815,2.863,62401.95
2025-11-15 02:00:00+00:00,2.862,2.874,2.85,2.874,41950.44
2025-11-15 03:00:00+00:00,2.874,2.892,2.868,2.887,46543.22
2025-11-15 04:00:00+00:00,2.887,2.907,2.884,2.893,101480.78
2025-11-15 05:00:00+00:00,2.894,2.943,2.886,2.942,79716.19
2025-11-15 06:00:00+00:00,2.943,2.985,2.921,2.972,160987.41
2025-11-15 07:00:00+00:00,2.971,3.0,2.951,2.96,148017.11
2025-11-15 08:00:00+00:00,2.961,2.967,2.902,2.909,87548.25
2025-11-15 09:00:00+00:00,2.908,2.931,2.902,2.903,78026.72
2025-11-15 10:00:00+00:00,2.903,2.903,2.873,2.89,94941.89
2025-11-15 11:00:00+00:00,2.89,2.901,2.866,2.877,50197.3
2025-11-15 12:00:00+00:00,2.876,2.961,2.869,2.953,126829.21
2025-11-15 13:00:00+00:00,2.951,2.989,2.944,2.952,92290.57
2025-11-15 14:00:00+00:00,2.953,2.953,2.897,2.905,82032.91
2025-11-15 15:00:00+00:00,2.904,2.915,2.889,2.891,36809.54
2025-11-15 16:00:00+00:00,2.891,2.895,2.864,2.885,44049.4
2025-11-15 17:00:00+00:00,2.886,2.904,2.877,2.897,53828.86
2025-11-15 18:00:00+00:00,2.897,2.909,2.891,2.895,46455.23
2025-11-15 19:00:00+00:00,2.895,2.901,2.881,2.885,29987.49
