timestamp,open,high,low,close,volume
2025-09-14 17:30:00+00:00,29.542,29.616,29.509,29.612,146213.0
2025-09-14 17:45:00+00:00,29.613,29.727,29.561,29.593,232241.0
2025-09-14 18:00:00+00:00,29.592,29.629,29.551,29.566,152433.0
2025-09-14 18:15:00+00:00,29.566,29.566,29.486,29.525,90793.0
2025-09-14 18:30:00+00:00,29.525,29.57,29.465,29.55,82502.0
2025-09-14 18:45:00+00:00,29.549,29.624,29.492,29.507,177432.0
2025-09-14 19:00:00+00:00,29.508,29.605,29.416,29.572,186950.0
2025-09-14 19:15:00+00:00,29.573,29.804,29.566,29.788,224193.0
2025-09-14 19:30:00+00:00,29.789,29.798,29.692,29.729,135558.0
2025-09-14 19:45:00+00:00,29.729,29.754,29.548,29.594,179508.0
2025-09-14 20:00:00+00:00,29.592,29.693,29.571,29.675,99171.0
2025-09-14 20:15:00+00:00,29.675,29.686,29.6,29.657,68415.0
2025-09-14 20:30:00+00:00,29.656,29.682,29.573,29.656,101948.0
2025-09-14 20:45:00+00:00,29.656,29.66,29.483,29.518,313891.0
2025-09-14 21:00:00+00:00,29.518,29.539,29.352,29.453,230418.0
2025-09-14 21:15:00+00:00,29.453,29.531,29.447,29.477,61853.0
2025-09-14 21:30:00+00:00,29.478,29.531,29.411,29.507,162573.0
2025-09-14 21:45:00+00:00,29.508,29.514,29.392,29.48,98641.0
2025-09-14 22:00:00+00:00,29.48,29.502,29.321,29.376,174271.0
2025-09-14 22:15:00+00:00,29.373,29.57,29.329,29.48,344768.0
2025-09-14 22:30:00+00:00,29.48,30.157,29.466,30.101,828309.0
2025-09-14 22:45:00+00:00,30.1,30.402,29.999,30.201,1145507.0
2025-09-14 23:00:00+00:00,30.2,30.393,29.778,29.794,671332.0
2025-09-14 23:15:00+00:00,29.795,29.84,29.654,29.654,309309.0
2025-09-14 23:30:00+00:00,29.654,29.675,29.487,29.55,250513.0
2025-09-14 23:45:00+00:00,29.55,29.629,29.427,29.431,274515.0
2025-09-15 00:00:00+00:00,29.43,29.738,29.395,29.728,317708.0
2025-09-15 00:15:00+00:00,29.727,29.788,29.607,29.737,210262.0
2025-09-15 00:30:00+00:00,29.735,29.784,29.503,29.517,214059.0
2025-09-15 00:45:00+00:00,29.518,29.576,29.445,29.497,147031.0
2025-09-15 01:00:00+00:00,29.497,29.544,29.318,29.336,227221.0
2025-09-15 01:15:00+00:00,29.337,29.453,29.215,29.405,282566.0
2025-09-15 01:30:00+00:00,29.404,29.772,29.392,29.669,285264.0
2025-09-15 01:45:00+00:00,29.667,29.7,29.548,29.567,117430.0
2025-09-15 02:00:00+00:00,29.566,29.758,29.548,29.673,159656.0
2025-09-15 02:15:00+00:00,29.674,29.723,29.57,29.582,122372.0
2025-09-15 02:30:00+00:00,29.583,29.584,29.481,29.562,168742.0
2025-09-15 02:45:00+00:00,29.563,29.644,29.481,29.544,123912.0
2025-09-15 03:00:00+00:00,29.544,29.685,29.516,29.63,120977.0
2025-09-15 03:15:00+00:00,29.63,29.656,29.561,29.576,139015.0
2025-09-15 03:30:00+00:00,29.575,29.633,29.529,29.594,88454.0
2025-09-15 03:45:00+00:00,29.595,29.667,29.594,29.618,66399.0
2025-09-15 04:00:00+00:00,29.619,29.632,29.56,29.579,120982.0
2025-09-15 04:15:00+00:00,29.578,29.829,29.552,29.817,245161.0
2025-09-15 04:30:00+00:00,29.818,29.844,29.651,29.728,192434.0
2025-09-15 04:45:00+00:00,29.728,29.802,29.709,29.776,170467.0
2025-09-15 05:00:00+00:00,29.777,29.914,29.723,29.903,191561.0
2025-09-15 05:15:00+00:00,29.903,30.241,29.881,30.221,408515.0
2025-09-15 05:30:00+00:00,30.221,30.281,30.122,30.198,341473.0
2025-09-15 05:45:00+00:00,30.198,30.239,30.043,30.094,212636.0
2025-09-15 06:00:00+00:00,30.093,30.178,29.997,30.008,236010.0
2025-09-15 06:15:00+00:00,30.009,30.039,29.689,29.698,302535.0
2025-09-15 06:30:00+00:00,29.697,29.708,29.477,29.513,378177.0
2025-09-15 06:45:00+00:00,29.512,29.557,29.4,29.493,312718.0
2025-09-15 07:00:00+00:00,29.492,29.658,29.48,29.658,171539.0
2025-09-15 07:15:00+00:00,29.658,29.717,29.5,29.5,171626.0
2025-09-15 07:30:00+00:00,29.5,29.5,29.03,29.153,776499.0
2025-09-15 07:45:00+00:00,29.154,29.206,29.059,29.162,321544.0
2025-09-15 08:00:00+00:00,29.16,29.164,28.422,28.748,1655909.0
2025-09-15 08:15:00+00:00,28.746,28.827,28.621,28.723,451492.0
2025-09-15 08:30:00+00:00,28.723,28.748,28.439,28.565,796819.0
2025-09-15 08:45:00+00:00,28.565,28.572,28.228,28.333,756680.0
2025-09-15 09:00:00+00:00,28.334,28.557,28.253,28.531,498585.0
2025-09-15 09:15:00+00:00,28.531,28.652,28.446,28.585,295104.0
2025-09-15 09:30:00+00:00,28.585,28.685,28.571,28.659,229430.0
2025-09-15 09:45:00+00:00,28.659,28.679,28.523,28.574,239153.0
2025-09-15 10:00:00+00:00,28.574,28.581,28.368,28.461,332193.0
2025-09-15 10:15:00+00:00,28.462,28.504,28.404,28.48,153728.0
2025-09-15 10:30:00+00:00,28.48,28.707,28.426,28.699,188542.0
2025-09-15 10:45:00+00:00,28.698,28.776,28.636,28.741,214769.0
2025-09-15 11:00:00+00:00,28.741,28.836,28.659,28.834,233139.0
2025-09-15 11:15:00+00:00,28.831,28.841,28.691,28.698,253646.0
2025-09-15 11:30:00+00:00,28.699,28.81,28.695,28.784,136311.0
2025-09-15 11:45:00+00:00,28.784,28.881,28.75,28.821,339523.0
2025-09-15 12:00:00+00:00,28.82,28.823,28.668,28.723,347719.0
2025-09-15 12:15:00+00:00,28.723,28.809,28.671,28.676,247215.0
2025-09-15 12:30:00+00:00,28.675,28.797,28.652,28.727,117488.0
2025-09-15 12:45:00+00:00,28.726,28.727,28.644,28.71,122974.0
2025-09-15 13:00:00+00:00,28.71,28.867,28.66,28.862,264853.0
2025-09-15 13:15:00+00:00,28.862,28.905,28.74,28.782,180620.0
2025-09-15 13:30:00+00:00,28.781,28.859,28.696,28.738,331958.0
2025-09-15 13:45:00+00:00,28.738,29.005,28.726,28.898,325879.0
2025-09-15 14:00:00+00:00,28.899,28.924,28.7,28.862,319388.0
2025-09-15 14:15:00+00:00,28.862,28.959,28.761,28.903,210379.0
2025-09-15 14:30:00+00:00,28.903,28.907,28.723,28.77,190995.0
2025-09-15 14:45:00+00:00,28.77,28.794,28.587,28.608,196828.0
2025-09-15 15:00:00+00:00,28.608,28.684,28.44,28.473,291873.0
2025-09-15 15:15:00+00:00,28.475,28.614,28.384,28.553,337264.0
2025-09-15 15:30:00+00:00,28.552,28.554,28.385,28.394,182231.0
2025-09-15 15:45:00+00:00,28.394,28.55,28.3,28.475,240151.0
2025-09-15 16:00:00+00:00,28.479,28.565,28.275,28.564,284490.0
2025-09-15 16:15:00+00:00,28.564,28.614,28.485,28.56,204780.0
2025-09-15 16:30:00+00:00,28.557,28.77,28.497,28.768,189588.0
2025-09-15 16:45:00+00:00,28.768,28.768,28.41,28.485,250813.0
2025-09-15 17:00:00+00:00,28.484,28.58,28.455,28.554,166893.0
2025-09-15 17:15:00+00:00,28.554,28.62,28.497,28.579,189997.0
2025-09-15 17:30:00+00:00,28.578,28.672,28.527,28.665,153438.0
2025-09-15 17:45:00+00:00,28.666,28.799,28.615,28.795,152968.0
2025-09-15 18:00:00+00:00,28.794,28.817,28.703,28.739,159028.0
2025-09-15 18:15:00+00:00,28.74,28.854,28.739,28.75,121284.0
2025-09-15 18:30:00+00:00,28.75,28.806,28.726,28.747,93456.0
2025-09-15 18:45:00+00:00,28.747,28.86,28.688,28.803,162653.0
2025-09-15 19:00:00+00:00,28.802,28.905,28.796,28.844,146642.0
2025-09-15 19:15:00+00:00,28.843,28.851,28.745,28.805,158375.0
2025-09-15 19:30:00+00:00,28.804,29.188,28.725,29.057,477058.0
2025-09-15 19:45:00+00:00,29.057,29.244,29.026,29.111,378484.0
2025-09-15 20:00:00+00:00,29.112,29.564,29.059,29.55,771917.0
2025-09-15 20:15:00+00:00,29.549,29.787,29.488,29.555,781833.0
2025-09-15 20:30:00+00:00,29.555,29.902,29.434,29.838,698446.0
2025-09-15 20:45:00+00:00,29.838,30.022,29.771,30.022,464466.0
2025-09-15 21:00:00+00:00,30.022,30.068,29.658,29.83,697410.0
2025-09-15 21:15:00+00:00,29.829,29.969,29.75,29.892,313111.0
2025-09-15 21:30:00+00:00,29.891,29.924,29.815,29.893,167128.0
2025-09-15 21:45:00+00:00,29.893,30.439,29.888,30.286,782641.0
2025-09-15 22:00:00+00:00,30.286,30.408,30.053,30.068,321689.0
2025-09-15 22:15:00+00:00,30.068,30.262,29.927,29.968,465682.0
2025-09-15 22:30:00+00:00,29.967,29.991,29.786,29.837,255719.0
2025-09-15 22:45:00+00:00,29.838,29.838,29.709,29.753,263654.0
2025-09-15 23:00:00+00:00,29.754,29.882,29.655,29.87,335691.0
2025-09-15 23:15:00+00:00,29.871,29.91,29.801,29.822,154920.0
2025-09-15 23:30:00+00:00,29.822,29.865,29.698,29.727,215016.0
2025-09-15 23:45:00+00:00,29.727,29.847,29.715,29.794,142994.0
2025-09-16 00:00:00+00:00,29.793,29.889,29.686,29.753,212418.0
2025-09-16 00:15:00+00:00,29.753,29.826,29.655,29.661,144972.0
2025-09-16 00:30:00+00:00,29.661,29.736,29.462,29.511,392706.0
2025-09-16 00:45:00+00:00,29.511,29.586,29.437,29.508,171765.0
2025-09-16 01:00:00+00:00,29.508,29.621,29.482,29.556,168658.0
2025-09-16 01:15:00+00:00,29.557,29.748,29.55,29.693,177025.0
2025-09-16 01:30:00+00:00,29.693,29.732,29.456,29.511,207433.0
2025-09-16 01:45:00+00:00,29.512,29.584,29.346,29.374,207468.0
2025-09-16 02:00:00+00:00,29.375,29.451,29.333,29.445,105068.0
2025-09-16 02:15:00+00:00,29.445,29.592,29.411,29.513,138002.0
2025-09-16 02:30:00+00:00,29.513,29.562,29.425,29.458,104010.0
2025-09-16 02:45:00+00:00,29.458,29.511,29.409,29.416,84315.0
2025-09-16 03:00:00+00:00,29.417,29.458,29.394,29.417,71125.0
2025-09-16 03:15:00+00:00,29.417,29.493,29.387,29.403,131474.0
2025-09-16 03:30:00+00:00,29.406,29.508,29.406,29.446,83267.0
2025-09-16 03:45:00+00:00,29.446,29.451,29.303,29.344,115487.0
2025-09-16 04:00:00+00:00,29.344,29.372,29.247,29.272,154957.0
2025-09-16 04:15:00+00:00,29.274,29.499,29.166,29.493,286646.0
2025-09-16 04:30:00+00:00,29.492,29.529,29.355,29.397,113263.0
2025-09-16 04:45:00+00:00,29.396,29.439,29.343,29.42,107397.0
2025-09-16 05:00:00+00:00,29.42,29.569,29.342,29.517,201556.0
2025-09-16 05:15:00+00:00,29.516,29.558,29.444,29.509,131020.0
2025-09-16 05:30:00+00:00,29.51,29.652,29.485,29.64,156780.0
2025-09-16 05:45:00+00:00,29.638,29.743,29.565,29.663,260644.0
2025-09-16 06:00:00+00:00,29.663,29.799,29.659,29.793,186364.0
2025-09-16 06:15:00+00:00,29.793,29.8,29.612,29.627,162348.0
2025-09-16 06:30:00+00:00,29.627,29.638,29.457,29.552,244724.0
2025-09-16 06:45:00+00:00,29.551,29.769,29.488,29.687,219915.0
2025-09-16 07:00:00+00:00,29.687,29.883,29.687,29.83,219660.0
2025-09-16 07:15:00+00:00,29.83,30.092,29.816,30.089,252681.0
2025-09-16 07:30:00+00:00,30.088,30.142,29.962,30.039,338522.0
2025-09-16 07:45:00+00:00,30.04,30.718,30.04,30.61,1428886.0
2025-09-16 08:00:00+00:00,30.611,30.972,30.608,30.91,846318.0
2025-09-16 08:15:00+00:00,30.909,30.95,30.715,30.746,671255.0
2025-09-16 08:30:00+00:00,30.746,30.774,30.415,30.5,543199.0
2025-09-16 08:45:00+00:00,30.5,30.719,30.497,30.598,312741.0
2025-09-16 09:00:00+00:00,30.599,30.666,30.414,30.51,302392.0
2025-09-16 09:15:00+00:00,30.509,30.618,30.481,30.583,277090.0
2025-09-16 09:30:00+00:00,30.582,30.973,30.485,30.701,567836.0
2025-09-16 09:45:00+00:00,30.701,30.856,30.568,30.626,269991.0
2025-09-16 10:00:00+00:00,30.626,30.708,30.565,30.602,277538.0
2025-09-16 10:15:00+00:00,30.601,30.729,30.521,30.679,247028.0
2025-09-16 10:30:00+00:00,30.675,30.773,30.607,30.673,190205.0
2025-09-16 10:45:00+00:00,30.674,30.715,30.592,30.656,182366.0
2025-09-16 11:00:00+00:00,30.656,30.67,30.401,30.424,468207.0
2025-09-16 11:15:00+00:00,30.424,30.595,30.41,30.546,264771.0
2025-09-16 11:30:00+00:00,30.545,30.624,30.419,30.468,242029.0
2025-09-16 11:45:00+00:00,30.468,30.527,30.361,30.441,341285.0
2025-09-16 12:00:00+00:00,30.442,30.488,30.24,30.412,406513.0
2025-09-16 12:15:00+00:00,30.412,30.505,30.389,30.4,168494.0
2025-09-16 12:30:00+00:00,30.4,30.48,30.343,30.392,166357.0
2025-09-16 12:45:00+00:00,30.392,30.515,30.272,30.477,237284.0
2025-09-16 13:00:00+00:00,30.476,30.559,30.343,30.347,215957.0
2025-09-16 13:15:00+00:00,30.346,30.469,30.326,30.409,167622.0
2025-09-16 13:30:00+00:00,30.408,30.457,30.246,30.275,344624.0
2025-09-16 13:45:00+00:00,30.276,30.3,29.999,30.276,908850.0
2025-09-16 14:00:00+00:00,30.274,30.274,29.594,29.858,1002840.0
2025-09-16 14:15:00+00:00,29.857,29.92,29.669,29.871,544169.0
2025-09-16 14:30:00+00:00,29.871,29.908,29.741,29.767,304049.0
2025-09-16 14:45:00+00:00,29.766,29.931,29.738,29.889,222306.0
2025-09-16 15:00:00+00:00,29.888,29.919,29.652,29.784,299620.0
2025-09-16 15:15:00+00:00,29.784,29.946,29.778,29.885,196373.0
2025-09-16 15:30:00+00:00,29.885,29.982,29.85,29.98,244000.0
2025-09-16 15:45:00+00:00,29.98,30.164,29.852,30.11,511238.0
2025-09-16 16:00:00+00:00,30.111,30.13,29.904,29.958,375509.0
2025-09-16 16:15:00+00:00,29.959,30.042,29.876,30.01,314177.0
2025-09-16 16:30:00+00:00,30.01,30.113,29.955,29.956,183926.0
2025-09-16 16:45:00+00:00,29.955,30.049,29.918,30.039,126798.0
2025-09-16 17:00:00+00:00,30.039,30.366,30.002,30.349,395863.0
2025-09-16 17:15:00+00:00,30.349,30.426,30.25,30.275,424547.0
2025-09-16 17:30:00+00:00,30.274,30.33,30.124,30.207,254929.0
2025-09-16 17:45:00+00:00,30.207,30.25,30.15,30.22,159915.0
2025-09-16 18:00:00+00:00,30.221,30.292,30.147,30.181,247010.0
2025-09-16 18:15:00+00:00,30.181,30.356,30.15,30.18,211994.0
2025-09-16 18:30:00+00:00,30.18,30.188,30.007,30.032,223246.0
2025-09-16 18:45:00+00:00,30.031,30.062,29.989,30.009,163545.0
2025-09-16 19:00:00+00:00,30.01,30.064,29.953,30.042,223065.0
2025-09-16 19:15:00+00:00,30.044,30.078,29.99,30.0,102906.0
2025-09-16 19:30:00+00:00,29.999,30.034,29.945,29.993,96943.0
2025-09-16 19:45:00+00:00,29.992,30.091,29.958,29.97,144372.0
2025-09-16 20:00:00+00:00,29.971,30.022,29.882,29.963,199473.0
2025-09-16 20:15:00+00:00,29.963,29.989,29.896,29.95,94001.0
2025-09-16 20:30:00+00:00,29.949,29.989,29.928,29.983,70744.0
2025-09-16 20:45:00+00:00,29.983,30.04,29.978,30.022,90369.0
2025-09-16 21:00:00+00:00,30.022,30.11,30.014,30.03,143563.0
2025-09-16 21:15:00+00:00,30.03,30.048,29.981,30.036,99572.0
2025-09-16 21:30:00+00:00,30.036,30.114,30.035,30.073,119317.0
2025-09-16 21:45:00+00:00,30.073,30.155,30.056,30.142,71601.0
2025-09-16 22:00:00+00:00,30.144,30.183,30.018,30.073,218002.0
2025-09-16 22:15:00+00:00,30.074,30.085,29.983,30.005,180189.0
2025-09-16 22:30:00+00:00,30.007,30.141,29.983,30.137,116416.0
2025-09-16 22:45:00+00:00,30.138,30.138,30.067,30.085,69666.0
2025-09-16 23:00:00+00:00,30.086,30.095,29.974,30.007,135818.0
2025-09-16 23:15:00+00:00,30.008,30.053,29.968,30.029,134989.0
2025-09-16 23:30:00+00:00,30.028,30.096,30.023,30.028,70402.0
2025-09-16 23:45:00+00:00,30.027,30.07,30.001,30.055,57286.0
2025-09-17 00:00:00+00:00,30.055,30.077,29.948,29.958,89759.0
2025-09-17 00:15:00+00:00,29.959,30.087,29.95,30.001,127252.0
2025-09-17 00:30:00+00:00,30.0,30.046,29.947,30.006,138219.0
2025-09-17 00:45:00+00:00,30.006,30.072,29.96,30.016,74560.0
2025-09-17 01:00:00+00:00,30.015,30.026,29.898,29.99,140353.0
2025-09-17 01:15:00+00:00,29.989,30.1,29.94,30.09,184408.0
2025-09-17 01:30:00+00:00,30.088,30.094,29.962,30.006,139525.0
2025-09-17 01:45:00+00:00,30.006,30.064,29.975,30.043,74660.0
2025-09-17 02:00:00+00:00,30.043,30.102,29.987,30.078,95623.0
2025-09-17 02:15:00+00:00,30.078,30.087,29.957,30.005,131591.0
2025-09-17 02:30:00+00:00,30.005,30.097,29.968,30.068,165200.0
2025-09-17 02:45:00+00:00,30.068,30.195,30.009,30.015,194403.0
2025-09-17 03:00:00+00:00,30.014,30.089,29.986,30.032,105020.0
2025-09-17 03:15:00+00:00,30.032,30.074,30.011,30.02,70391.0
2025-09-17 03:30:00+00:00,30.019,30.032,29.81,29.827,262752.0
2025-09-17 03:45:00+00:00,29.827,29.855,29.708,29.716,282836.0
2025-09-17 04:00:00+00:00,29.715,29.758,29.687,29.717,184420.0
2025-09-17 04:15:00+00:00,29.717,29.817,29.683,29.772,139200.0
2025-09-17 04:30:00+00:00,29.771,29.818,29.731,29.768,94663.0
2025-09-17 04:45:00+00:00,29.768,29.773,29.552,29.629,395282.0
2025-09-17 05:00:00+00:00,29.629,29.673,29.603,29.628,136704.0
2025-09-17 05:15:00+00:00,29.627,29.66,29.53,29.548,133644.0
2025-09-17 05:30:00+00:00,29.548,29.674,29.544,29.631,112697.0
2025-09-17 05:45:00+00:00,29.632,29.721,29.512,29.704,251557.0
2025-09-17 06:00:00+00:00,29.704,29.819,29.679,29.725,200505.0
2025-09-17 06:15:00+00:00,29.725,29.898,29.715,29.88,178118.0
2025-09-17 06:30:00+00:00,29.883,30.243,29.833,30.149,433543.0
2025-09-17 06:45:00+00:00,30.149,30.174,30.037,30.122,201283.0
2025-09-17 07:00:00+00:00,30.122,30.145,30.008,30.035,176185.0
2025-09-17 07:15:00+00:00,30.037,30.137,30.026,30.136,172029.0
2025-09-17 07:30:00+00:00,30.137,30.202,30.107,30.121,141725.0
2025-09-17 07:45:00+00:00,30.122,30.14,30.078,30.109,97529.0
2025-09-17 08:00:00+00:00,30.102,30.143,29.959,29.96,278191.0
2025-09-17 08:15:00+00:00,29.961,30.152,29.947,30.141,228976.0
2025-09-17 08:30:00+00:00,30.141,30.142,29.933,29.977,245649.0
2025-09-17 08:45:00+00:00,29.977,30.11,29.968,30.098,139624.0
2025-09-17 09:00:00+00:00,30.098,30.106,29.987,30.017,162823.0
2025-09-17 09:15:00+00:00,30.017,30.08,29.963,30.062,104404.0
2025-09-17 09:30:00+00:00,30.063,30.11,30.017,30.061,97862.0
2025-09-17 09:45:00+00:00,30.062,30.092,29.996,30.0,101010.0
2025-09-17 10:00:00+00:00,30.0,30.089,30.0,30.028,127806.0
2025-09-17 10:15:00+00:00,30.028,30.029,29.871,29.913,221470.0
2025-09-17 10:30:00+00:00,29.913,29.961,29.871,29.9,178010.0
2025-09-17 10:45:00+00:00,29.9,29.923,29.813,29.867,119581.0
2025-09-17 11:00:00+00:00,29.866,30.035,29.828,30.005,167795.0
2025-09-17 11:15:00+00:00,30.006,30.006,29.909,29.963,82502.0
2025-09-17 11:30:00+00:00,29.963,29.963,29.866,29.868,90980.0
2025-09-17 11:45:00+00:00,29.868,29.915,29.86,29.902,112575.0
2025-09-17 12:00:00+00:00,29.903,29.958,29.85,29.902,87388.0
2025-09-17 12:15:00+00:00,29.902,29.966,29.851,29.966,129596.0
2025-09-17 12:30:00+00:00,29.965,30.008,29.863,29.882,129502.0
2025-09-17 12:45:00+00:00,29.882,29.882,29.811,29.824,95550.0
2025-09-17 13:00:00+00:00,29.824,29.865,29.758,29.795,118680.0
2025-09-17 13:15:00+00:00,29.796,29.892,29.76,29.822,119161.0
2025-09-17 13:30:00+00:00,29.822,29.862,29.607,29.674,224128.0
2025-09-17 13:45:00+00:00,29.674,29.745,29.629,29.66,203685.0
2025-09-17 14:00:00+00:00,29.66,29.749,29.634,29.749,120055.0
2025-09-17 14:15:00+00:00,29.748,29.79,29.625,29.67,156617.0
2025-09-17 14:30:00+00:00,29.671,29.723,29.616,29.671,196402.0
2025-09-17 14:45:00+00:00,29.672,29.725,29.556,29.577,120843.0
2025-09-17 15:00:00+00:00,29.577,29.596,29.52,29.564,130189.0
2025-09-17 15:15:00+00:00,29.564,29.631,29.369,29.42,343818.0
2025-09-17 15:30:00+00:00,29.421,29.526,29.407,29.479,187971.0
2025-09-17 15:45:00+00:00,29.479,29.529,29.439,29.489,128605.0
2025-09-17 16:00:00+00:00,29.489,29.506,29.401,29.404,150843.0
2025-09-17 16:15:00+00:00,29.405,29.545,29.363,29.544,293384.0
2025-09-17 16:30:00+00:00,29.545,29.581,29.487,29.507,235843.0
2025-09-17 16:45:00+00:00,29.507,29.667,29.466,29.647,187532.0
2025-09-17 17:00:00+00:00,29.646,29.656,29.532,29.55,138016.0
2025-09-17 17:15:00+00:00,29.549,29.64,29.549,29.627,109064.0
2025-09-17 17:30:00+00:00,29.626,30.292,29.607,30.123,939075.0
2025-09-17 17:45:00+00:00,30.125,30.24,29.6,29.676,589121.0
2025-09-17 18:00:00+00:00,29.684,30.348,29.583,29.79,1758588.0
2025-09-17 18:15:00+00:00,29.788,30.058,29.648,30.049,638256.0
2025-09-17 18:30:00+00:00,30.05,30.105,29.713,29.719,468480.0
2025-09-17 18:45:00+00:00,29.718,29.897,29.6,29.78,592755.0
2025-09-17 19:00:00+00:00,29.781,30.046,29.76,29.911,470850.0
2025-09-17 19:15:00+00:00,29.913,30.13,29.912,30.017,303983.0
2025-09-17 19:30:00+00:00,30.016,30.098,29.973,30.018,231709.0
2025-09-17 19:45:00+00:00,30.016,30.092,29.974,30.054,225001.0
2025-09-17 20:00:00+00:00,30.053,30.284,30.009,30.234,428742.0
2025-09-17 20:15:00+00:00,30.233,30.24,30.024,30.028,275390.0
2025-09-17 20:30:00+00:00,30.027,30.065,29.925,29.976,223223.0
2025-09-17 20:45:00+00:00,29.977,30.047,29.87,29.941,170465.0
2025-09-17 21:00:00+00:00,29.941,29.964,29.744,29.962,237553.0
2025-09-17 21:15:00+00:00,29.963,30.082,29.941,30.028,146625.0
2025-09-17 21:30:00+00:00,30.029,30.085,30.015,30.072,80889.0
2025-09-17 21:45:00+00:00,30.072,30.149,30.04,30.09,142861.0
2025-09-17 22:00:00+00:00,30.092,30.378,30.092,30.344,373116.0
2025-09-17 22:15:00+00:00,30.344,30.499,30.288,30.49,249391.0
2025-09-17 22:30:00+00:00,30.49,30.598,30.454,30.569,359185.0
2025-09-17 22:45:00+00:00,30.569,31.86,30.505,31.55,2042514.0
2025-09-17 23:00:00+00:00,31.551,32.002,31.542,31.894,1098900.0
2025-09-17 23:15:00+00:00,31.893,31.957,31.7,31.777,667243.0
2025-09-17 23:30:00+00:00,31.777,31.899,31.597,31.61,555807.0
2025-09-17 23:45:00+00:00,31.611,31.834,31.538,31.825,449245.0
2025-09-18 00:00:00+00:00,31.827,31.867,31.631,31.826,282565.0
2025-09-18 00:15:00+00:00,31.825,31.946,31.699,31.739,311391.0
2025-09-18 00:30:00+00:00,31.739,31.896,31.691,31.762,262945.0
2025-09-18 00:45:00+00:00,31.762,32.0,31.662,31.885,515478.0
2025-09-18 01:00:00+00:00,31.885,32.431,31.875,32.276,828206.0
2025-09-18 01:15:00+00:00,32.278,32.329,32.088,32.209,474456.0
2025-09-18 01:30:00+00:00,32.21,32.471,32.166,32.466,393251.0
2025-09-18 01:45:00+00:00,32.465,32.621,32.402,32.511,471083.0
2025-09-18 02:00:00+00:00,32.511,32.619,32.397,32.561,347301.0
2025-09-18 02:15:00+00:00,32.56,32.612,32.326,32.41,375974.0
2025-09-18 02:30:00+00:00,32.41,32.547,32.242,32.292,334864.0
2025-09-18 02:45:00+00:00,32.292,32.844,32.236,32.785,478204.0
2025-09-18 03:00:00+00:00,32.784,33.015,32.702,32.986,596059.0
2025-09-18 03:15:00+00:00,32.984,33.033,32.86,32.87,311106.0
2025-09-18 03:30:00+00:00,32.87,32.891,32.78,32.88,201270.0
2025-09-18 03:45:00+00:00,32.88,32.973,32.829,32.909,198862.0
2025-09-18 04:00:00+00:00,32.908,33.283,32.887,33.077,571997.0
2025-09-18 04:15:00+00:00,33.077,33.118,32.733,32.767,409326.0
2025-09-18 04:30:00+00:00,32.767,32.778,32.616,32.715,361584.0
2025-09-18 04:45:00+00:00,32.713,32.82,32.693,32.8,167405.0
2025-09-18 05:00:00+00:00,32.8,32.862,32.688,32.736,204333.0
2025-09-18 05:15:00+00:00,32.736,32.76,32.627,32.643,209311.0
2025-09-18 05:30:00+00:00,32.644,32.717,32.533,32.635,248572.0
2025-09-18 05:45:00+00:00,32.635,32.753,32.586,32.749,246896.0
2025-09-18 06:00:00+00:00,32.75,32.82,32.52,32.555,286960.0
2025-09-18 06:15:00+00:00,32.556,32.693,32.408,32.44,464099.0
2025-09-18 06:30:00+00:00,32.439,32.602,32.395,32.494,284131.0
2025-09-18 06:45:00+00:00,32.495,32.582,32.493,32.566,144309.0
2025-09-18 07:00:00+00:00,32.564,32.624,32.49,32.612,124155.0
2025-09-18 07:15:00+00:00,32.612,32.646,32.458,32.57,226778.0
2025-09-18 07:30:00+00:00,32.57,32.91,32.538,32.847,405465.0
2025-09-18 07:45:00+00:00,32.846,32.948,32.749,32.804,283951.0
2025-09-18 08:00:00+00:00,32.805,32.903,32.78,32.856,239404.0
2025-09-18 08:15:00+00:00,32.856,33.018,32.736,33.011,242909.0
2025-09-18 08:30:00+00:00,33.012,33.138,32.855,32.861,488464.0
2025-09-18 08:45:00+00:00,32.862,32.984,32.823,32.933,220084.0
2025-09-18 09:00:00+00:00,32.931,32.935,32.802,32.861,191042.0
2025-09-18 09:15:00+00:00,32.861,32.958,32.854,32.903,164226.0
2025-09-18 09:30:00+00:00,32.902,32.927,32.808,32.839,136560.0
2025-09-18 09:45:00+00:00,32.839,32.988,32.822,32.915,170909.0
2025-09-18 10:00:00+00:00,32.915,32.922,32.653,32.673,235894.0
2025-09-18 10:15:00+00:00,32.674,32.778,32.668,32.737,212196.0
2025-09-18 10:30:00+00:00,32.738,32.859,32.734,32.784,145918.0
2025-09-18 10:45:00+00:00,32.783,32.888,32.757,32.845,147829.0
2025-09-18 11:00:00+00:00,32.846,33.0,32.846,32.97,234890.0
2025-09-18 11:15:00+00:00,32.97,33.123,32.953,32.971,271625.0
2025-09-18 11:30:00+00:00,32.971,32.983,32.664,32.732,304133.0
2025-09-18 11:45:00+00:00,32.732,32.793,32.72,32.772,206993.0
2025-09-18 12:00:00+00:00,32.773,32.829,32.702,32.802,167263.0
2025-09-18 12:15:00+00:00,32.803,32.988,32.77,32.96,231776.0
2025-09-18 12:30:00+00:00,32.961,33.064,32.895,33.021,216838.0
2025-09-18 12:45:00+00:00,33.021,33.49,32.95,33.369,786363.0
2025-09-18 13:00:00+00:00,33.369,33.423,33.105,33.351,601765.0
2025-09-18 13:15:00+00:00,33.351,33.46,33.2,33.241,457215.0
2025-09-18 13:30:00+00:00,33.241,33.451,33.025,33.166,639162.0
2025-09-18 13:45:00+00:00,33.166,33.263,33.034,33.171,384084.0
2025-09-18 14:00:00+00:00,33.17,33.275,33.099,33.197,194412.0
2025-09-18 14:15:00+00:00,33.195,33.404,33.191,33.28,299320.0
2025-09-18 14:30:00+00:00,33.279,33.314,32.985,33.025,332762.0
2025-09-18 14:45:00+00:00,33.025,33.098,32.963,33.058,172280.0
2025-09-18 15:00:00+00:00,33.064,33.086,32.844,32.886,312706.0
2025-09-18 15:15:00+00:00,32.886,32.99,32.864,32.904,222384.0
2025-09-18 15:30:00+00:00,32.903,33.138,32.9,33.109,169906.0
2025-09-18 15:45:00+00:00,33.109,33.197,33.094,33.133,186475.0
2025-09-18 16:00:00+00:00,33.133,33.193,33.087,33.111,155911.0
2025-09-18 16:15:00+00:00,33.111,33.23,33.092,33.16,203546.0
2025-09-18 16:30:00+00:00,33.166,33.201,33.122,33.164,138126.0
2025-09-18 16:45:00+00:00,33.163,33.263,33.163,33.238,202855.0
2025-09-18 17:00:00+00:00,33.238,34.068,33.188,33.823,2164089.0
2025-09-18 17:15:00+00:00,33.823,34.168,33.716,33.716,912043.0
2025-09-18 17:30:00+00:00,33.716,34.013,33.6,33.996,759978.0
2025-09-18 17:45:00+00:00,33.999,34.382,33.968,34.308,906546.0
2025-09-18 18:00:00+00:00,34.307,34.698,34.264,34.691,861942.0
2025-09-18 18:15:00+00:00,34.69,34.692,34.372,34.442,623546.0
2025-09-18 18:30:00+00:00,34.442,34.57,34.239,34.524,625201.0
2025-09-18 18:45:00+00:00,34.524,34.874,34.502,34.757,584708.0
2025-09-18 19:00:00+00:00,34.756,34.806,34.436,34.494,542068.0
2025-09-18 19:15:00+00:00,34.493,34.634,34.449,34.505,290419.0
2025-09-18 19:30:00+00:00,34.505,34.545,34.278,34.337,456668.0
2025-09-18 19:45:00+00:00,34.338,34.814,34.291,34.707,540684.0
2025-09-18 20:00:00+00:00,34.708,35.019,34.659,34.946,719285.0
2025-09-18 20:15:00+00:00,34.946,35.232,34.83,35.027,861903.0
2025-09-18 20:30:00+00:00,35.03,35.039,34.713,34.728,463239.0
2025-09-18 20:45:00+00:00,34.728,34.841,34.624,34.812,475802.0
2025-09-18 21:00:00+00:00,34.813,34.849,34.598,34.649,362174.0
2025-09-18 21:15:00+00:00,34.649,34.854,34.634,34.788,399345.0
2025-09-18 21:30:00+00:00,34.788,35.127,34.757,35.061,269251.0
2025-09-18 21:45:00+00:00,35.062,35.229,35.027,35.182,269504.0
2025-09-18 22:00:00+00:00,35.18,35.434,34.817,34.859,966244.0
2025-09-18 22:15:00+00:00,34.859,34.886,34.716,34.77,486755.0
2025-09-18 22:30:00+00:00,34.77,35.133,34.764,35.045,301702.0
2025-09-18 22:45:00+00:00,35.045,35.077,34.68,34.822,499309.0
2025-09-18 23:00:00+00:00,34.822,35.066,34.64,35.04,515280.0
2025-09-18 23:15:00+00:00,35.043,35.049,34.846,34.987,309593.0
2025-09-18 23:30:00+00:00,34.987,35.244,34.97,35.184,345155.0
2025-09-18 23:45:00+00:00,35.185,35.392,35.167,35.193,305926.0
2025-09-19 00:00:00+00:00,35.193,35.265,35.01,35.011,342866.0
2025-09-19 00:15:00+00:00,35.011,35.2,34.943,35.029,310775.0
2025-09-19 00:30:00+00:00,35.03,35.55,35.03,35.497,503277.0
2025-09-19 00:45:00+00:00,35.499,35.569,35.184,35.208,336867.0
2025-09-19 01:00:00+00:00,35.207,35.289,35.024,35.131,397723.0
2025-09-19 01:15:00+00:00,35.134,35.808,35.134,35.541,601919.0
2025-09-19 01:30:00+00:00,35.548,35.771,35.381,35.4,545092.0
2025-09-19 01:45:00+00:00,35.4,35.469,35.289,35.347,317083.0
2025-09-19 02:00:00+00:00,35.346,35.694,35.302,35.633,426432.0
2025-09-19 02:15:00+00:00,35.634,35.774,35.521,35.57,304854.0
2025-09-19 02:30:00+00:00,35.568,35.606,35.173,35.411,547362.0
2025-09-19 02:45:00+00:00,35.412,35.643,35.412,35.488,304961.0
2025-09-19 03:00:00+00:00,35.489,35.574,35.307,35.4,329640.0
2025-09-19 03:15:00+00:00,35.401,35.589,34.841,34.902,667186.0
2025-09-19 03:30:00+00:00,34.903,34.957,34.756,34.892,717747.0
2025-09-19 03:45:00+00:00,34.891,34.894,34.733,34.775,413617.0
2025-09-19 04:00:00+00:00,34.775,34.807,34.429,34.476,951601.0
2025-09-19 04:15:00+00:00,34.473,34.72,34.473,34.675,497486.0
2025-09-19 04:30:00+00:00,34.672,34.761,34.518,34.658,260187.0
2025-09-19 04:45:00+00:00,34.656,34.892,34.593,34.784,363145.0
2025-09-19 05:00:00+00:00,34.784,34.8,34.625,34.637,182390.0
2025-09-19 05:15:00+00:00,34.637,34.638,34.173,34.272,608063.0
2025-09-19 05:30:00+00:00,34.27,34.405,34.25,34.377,224519.0
2025-09-19 05:45:00+00:00,34.379,34.451,34.238,34.366,219640.0
2025-09-19 06:00:00+00:00,34.366,34.395,34.148,34.168,341853.0
2025-09-19 06:15:00+00:00,34.169,34.285,34.168,34.267,201639.0
2025-09-19 06:30:00+00:00,34.27,34.372,34.181,34.244,226487.0
2025-09-19 06:45:00+00:00,34.245,34.3,33.944,34.027,529352.0
2025-09-19 07:00:00+00:00,34.026,34.111,33.912,34.033,413259.0
2025-09-19 07:15:00+00:00,34.034,34.342,34.033,34.275,352017.0
2025-09-19 07:30:00+00:00,34.275,34.533,34.247,34.443,474499.0
2025-09-19 07:45:00+00:00,34.443,34.507,34.362,34.424,244957.0
2025-09-19 08:00:00+00:00,34.422,34.611,34.35,34.485,357681.0
2025-09-19 08:15:00+00:00,34.484,34.503,34.406,34.449,190921.0
2025-09-19 08:30:00+00:00,34.45,34.456,34.301,34.347,184778.0
2025-09-19 08:45:00+00:00,34.347,34.372,34.248,34.282,132640.0
2025-09-19 09:00:00+00:00,34.283,34.296,34.078,34.291,439080.0
2025-09-19 09:15:00+00:00,34.291,34.311,34.144,34.165,173720.0
2025-09-19 09:30:00+00:00,34.167,34.244,34.025,34.059,157947.0
2025-09-19 09:45:00+00:00,34.056,34.167,34.005,34.124,287655.0
2025-09-19 10:00:00+00:00,34.125,34.318,34.066,34.299,290457.0
2025-09-19 10:15:00+00:00,34.297,34.341,34.24,34.252,183004.0
2025-09-19 10:30:00+00:00,34.251,34.454,34.172,34.407,279666.0
2025-09-19 10:45:00+00:00,34.406,34.45,34.341,34.386,256144.0
2025-09-19 11:00:00+00:00,34.386,34.415,34.206,34.268,245330.0
2025-09-19 11:15:00+00:00,34.268,34.323,34.082,34.09,236428.0
2025-09-19 11:30:00+00:00,34.09,34.186,33.912,33.937,299858.0
2025-09-19 11:45:00+00:00,33.936,34.052,33.785,33.958,537663.0
2025-09-19 12:00:00+00:00,33.958,34.301,33.951,34.209,294789.0
2025-09-19 12:15:00+00:00,34.208,34.3,33.993,34.043,287292.0
2025-09-19 12:30:00+00:00,34.04,34.308,33.985,34.197,280255.0
2025-09-19 12:45:00+00:00,34.196,34.212,34.116,34.136,119236.0
2025-09-19 13:00:00+00:00,34.136,34.168,34.001,34.012,218478.0
2025-09-19 13:15:00+00:00,34.012,34.232,33.967,34.106,220087.0
2025-09-19 13:30:00+00:00,34.109,34.251,34.023,34.177,311652.0
2025-09-19 13:45:00+00:00,34.176,34.308,34.051,34.222,338770.0
2025-09-19 14:00:00+00:00,34.223,34.223,34.028,34.083,230946.0
2025-09-19 14:15:00+00:00,34.082,34.107,33.867,33.885,412386.0
2025-09-19 14:30:00+00:00,33.889,34.045,33.889,33.924,257924.0
2025-09-19 14:45:00+00:00,33.924,34.129,33.65,33.857,965430.0
2025-09-19 15:00:00+00:00,33.858,33.909,33.495,33.774,840065.0
2025-09-19 15:15:00+00:00,33.775,34.028,33.679,33.846,571317.0
2025-09-19 15:30:00+00:00,33.846,33.974,33.757,33.936,241902.0
2025-09-19 15:45:00+00:00,33.936,33.975,33.816,33.935,229543.0
2025-09-19 16:00:00+00:00,33.935,34.371,33.929,34.211,665043.0
2025-09-19 16:15:00+00:00,34.211,34.272,33.904,34.023,430880.0
2025-09-19 16:30:00+00:00,34.024,34.032,33.879,33.997,179246.0
2025-09-19 16:45:00+00:00,33.997,34.126,33.955,34.043,183186.0
2025-09-19 17:00:00+00:00,34.042,34.043,33.878,33.894,168238.0
2025-09-19 17:15:00+00:00,33.896,33.979,33.85,33.954,138227.0
2025-09-19 17:30:00+00:00,33.953,33.999,33.877,33.958,206652.0
2025-09-19 17:45:00+00:00,33.957,33.989,33.873,33.88,112046.0
2025-09-19 18:00:00+00:00,33.88,33.971,33.752,33.904,230801.0
2025-09-19 18:15:00+00:00,33.905,33.986,33.841,33.947,122198.0
2025-09-19 18:30:00+00:00,33.947,34.022,33.868,33.985,140452.0
2025-09-19 18:45:00+00:00,33.985,34.053,33.912,33.984,188894.0
2025-09-19 19:00:00+00:00,33.984,34.008,33.884,33.903,147081.0
2025-09-19 19:15:00+00:00,33.904,33.934,33.887,33.927,92321.0
2025-09-19 19:30:00+00:00,33.927,33.929,33.834,33.856,126014.0
2025-09-19 19:45:00+00:00,33.856,33.871,33.78,33.794,130773.0
2025-09-19 20:00:00+00:00,33.794,33.881,33.754,33.784,292434.0
2025-09-19 20:15:00+00:00,33.785,33.848,33.76,33.765,193862.0
2025-09-19 20:30:00+00:00,33.766,33.779,33.654,33.717,172398.0
2025-09-19 20:45:00+00:00,33.717,33.73,33.54,33.633,245149.0
2025-09-19 21:00:00+00:00,33.631,33.699,33.582,33.688,227562.0
2025-09-19 21:15:00+00:00,33.687,33.727,33.65,33.658,137904.0
2025-09-19 21:30:00+00:00,33.659,33.79,33.657,33.737,149250.0
2025-09-19 21:45:00+00:00,33.737,33.837,33.728,33.812,84921.0
2025-09-19 22:00:00+00:00,33.813,33.864,33.753,33.854,73474.0
2025-09-19 22:15:00+00:00,33.854,33.895,33.781,33.875,127105.0
2025-09-19 22:30:00+00:00,33.875,33.934,33.839,33.885,142051.0
2025-09-19 22:45:00+00:00,33.886,33.952,33.871,33.918,117267.0
2025-09-19 23:00:00+00:00,33.919,33.939,33.808,33.819,139390.0
2025-09-19 23:15:00+00:00,33.819,33.819,33.289,33.385,776955.0
2025-09-19 23:30:00+00:00,33.384,33.568,33.367,33.568,252269.0
2025-09-19 23:45:00+00:00,33.568,33.746,33.559,33.719,201694.0
2025-09-20 00:00:00+00:00,33.72,33.862,33.705,33.822,187832.0
2025-09-20 00:15:00+00:00,33.823,33.884,33.718,33.751,164508.0
2025-09-20 00:30:00+00:00,33.751,33.866,33.735,33.829,72646.0
2025-09-20 00:45:00+00:00,33.83,33.906,33.784,33.882,140317.0
2025-09-20 01:00:00+00:00,33.882,33.901,33.759,33.775,111756.0
2025-09-20 01:15:00+00:00,33.775,33.909,33.764,33.87,117220.0
2025-09-20 01:30:00+00:00,33.87,33.891,33.782,33.879,84545.0
2025-09-20 01:45:00+00:00,33.879,34.093,33.867,33.931,261449.0
2025-09-20 02:00:00+00:00,33.931,33.975,33.804,33.835,136280.0
2025-09-20 02:15:00+00:00,33.836,33.873,33.792,33.808,127255.0
2025-09-20 02:30:00+00:00,33.808,33.868,33.711,33.788,127665.0
2025-09-20 02:45:00+00:00,33.787,33.849,33.724,33.735,99371.0
2025-09-20 03:00:00+00:00,33.733,33.748,33.468,33.548,184373.0
2025-09-20 03:15:00+00:00,33.548,33.662,33.516,33.586,105615.0
2025-09-20 03:30:00+00:00,33.586,33.717,33.571,33.696,92296.0
2025-09-20 03:45:00+00:00,33.695,33.737,33.606,33.645,94179.0
2025-09-20 04:00:00+00:00,33.645,33.939,33.618,33.939,178617.0
2025-09-20 04:15:00+00:00,33.939,34.018,33.851,33.976,295854.0
2025-09-20 04:30:00+00:00,33.975,34.046,33.95,33.98,137868.0
2025-09-20 04:45:00+00:00,33.979,33.979,33.877,33.93,85503.0
2025-09-20 05:00:00+00:00,33.93,33.931,33.811,33.914,149563.0
2025-09-20 05:15:00+00:00,33.912,33.912,33.815,33.825,74503.0
2025-09-20 05:30:00+00:00,33.826,33.925,33.76,33.796,157645.0
2025-09-20 05:45:00+00:00,33.796,33.851,33.764,33.826,69655.0
2025-09-20 06:00:00+00:00,33.825,33.825,33.725,33.766,90058.0
2025-09-20 06:15:00+00:00,33.766,33.856,33.759,33.828,102611.0
2025-09-20 06:30:00+00:00,33.827,33.854,33.785,33.791,65500.0
2025-09-20 06:45:00+00:00,33.791,33.828,33.768,33.783,48590.0
2025-09-20 07:00:00+00:00,33.783,33.888,33.768,33.834,68787.0
2025-09-20 07:15:00+00:00,33.835,33.922,33.766,33.78,163022.0
2025-09-20 07:30:00+00:00,33.78,33.869,33.771,33.856,73153.0
2025-09-20 07:45:00+00:00,33.854,33.945,33.824,33.923,85952.0
2025-09-20 08:00:00+00:00,33.92,33.933,33.76,33.78,174201.0
2025-09-20 08:15:00+00:00,33.78,33.8,33.735,33.751,121510.0
2025-09-20 08:30:00+00:00,33.75,33.769,33.702,33.736,102274.0
2025-09-20 08:45:00+00:00,33.736,33.736,33.616,33.67,194189.0
2025-09-20 09:00:00+00:00,33.669,33.76,33.624,33.704,123746.0
2025-09-20 09:15:00+00:00,33.704,33.766,33.683,33.734,66943.0
2025-09-20 09:30:00+00:00,33.735,33.738,33.64,33.682,100339.0
2025-09-20 09:45:00+00:00,33.683,33.691,33.637,33.643,62939.0
2025-09-20 10:00:00+00:00,33.642,33.751,33.637,33.722,95699.0
2025-09-20 10:15:00+00:00,33.722,33.787,33.628,33.628,88180.0
2025-09-20 10:30:00+00:00,33.629,33.64,33.301,33.339,382913.0
2025-09-20 10:45:00+00:00,33.338,33.37,33.1,33.108,734514.0
2025-09-20 11:00:00+00:00,33.108,33.219,33.108,33.202,198297.0
2025-09-20 11:15:00+00:00,33.202,33.202,32.833,33.004,696960.0
2025-09-20 11:30:00+00:00,33.004,33.084,32.951,33.023,218033.0
2025-09-20 11:45:00+00:00,33.023,33.115,33.021,33.06,114384.0
2025-09-20 12:00:00+00:00,33.06,33.063,32.9,33.042,153403.0
2025-09-20 12:15:00+00:00,33.042,33.046,32.975,32.991,108115.0
2025-09-20 12:30:00+00:00,32.991,33.016,32.88,32.921,107045.0
2025-09-20 12:45:00+00:00,32.923,33.002,32.894,32.96,96826.0
2025-09-20 13:00:00+00:00,32.961,33.011,32.892,32.938,96065.0
2025-09-20 13:15:00+00:00,32.937,33.049,32.911,33.036,91114.0
2025-09-20 13:30:00+00:00,33.038,33.143,33.025,33.119,122563.0
2025-09-20 13:45:00+00:00,33.12,33.336,33.114,33.23,271225.0
2025-09-20 14:00:00+00:00,33.23,33.244,33.128,33.189,140015.0
2025-09-20 14:15:00+00:00,33.189,33.429,33.168,33.386,264372.0
2025-09-20 14:30:00+00:00,33.383,33.404,33.33,33.354,108604.0
2025-09-20 14:45:00+00:00,33.354,33.8,33.339,33.713,646036.0
2025-09-20 15:00:00+00:00,33.712,34.012,33.709,33.877,683120.0
2025-09-20 15:15:00+00:00,33.876,33.999,33.78,33.842,367921.0
2025-09-20 15:30:00+00:00,33.842,33.851,33.666,33.679,197632.0
2025-09-20 15:45:00+00:00,33.68,33.687,33.468,33.6,288268.0
2025-09-20 16:00:00+00:00,33.597,33.688,33.541,33.56,214942.0
2025-09-20 16:15:00+00:00,33.56,33.64,33.51,33.582,131259.0
2025-09-20 16:30:00+00:00,33.584,33.75,33.529,33.656,356028.0
2025-09-20 16:45:00+00:00,33.657,33.664,33.567,33.657,106527.0
2025-09-20 17:00:00+00:00,33.657,33.68,33.574,33.594,150214.0
2025-09-20 17:15:00+00:00,33.595,33.601,33.402,33.429,340411.0
2025-09-20 17:30:00+00:00,33.429,33.51,33.421,33.477,68174.0
2025-09-20 17:45:00+00:00,33.476,33.498,33.438,33.453,68814.0
2025-09-20 18:00:00+00:00,33.453,33.469,33.339,33.456,193851.0
2025-09-20 18:15:00+00:00,33.456,33.471,33.388,33.439,65785.0
2025-09-20 18:30:00+00:00,33.438,33.443,32.986,33.167,509223.0
2025-09-20 18:45:00+00:00,33.167,33.195,33.089,33.188,118283.0
2025-09-20 19:00:00+00:00,33.188,33.275,33.113,33.255,152841.0
2025-09-20 19:15:00+00:00,33.256,33.37,33.256,33.311,124531.0
2025-09-20 19:30:00+00:00,33.312,33.34,33.207,33.228,146275.0
2025-09-20 19:45:00+00:00,33.228,33.262,33.198,33.249,72368.0
2025-09-20 20:00:00+00:00,33.248,33.296,33.181,33.214,94979.0
2025-09-20 20:15:00+00:00,33.214,33.241,33.181,33.228,98463.0
2025-09-20 20:30:00+00:00,33.227,33.244,33.198,33.204,76740.0
2025-09-20 20:45:00+00:00,33.204,33.309,33.198,33.274,67524.0
2025-09-20 21:00:00+00:00,33.272,33.379,33.239,33.379,78199.0
2025-09-20 21:15:00+00:00,33.38,33.43,33.292,33.419,109279.0
2025-09-20 21:30:00+00:00,33.419,33.431,33.369,33.413,69559.0
2025-09-20 21:45:00+00:00,33.412,33.412,33.309,33.328,51149.0
2025-09-20 22:00:00+00:00,33.329,33.338,33.276,33.309,64611.0
2025-09-20 22:15:00+00:00,33.309,33.309,33.226,33.268,70270.0
2025-09-20 22:30:00+00:00,33.268,33.272,33.208,33.231,58438.0
2025-09-20 22:45:00+00:00,33.231,33.325,33.231,33.316,42346.0
2025-09-20 23:00:00+00:00,33.317,33.327,33.213,33.233,53972.0
2025-09-20 23:15:00+00:00,33.234,33.234,33.146,33.151,74419.0
2025-09-20 23:30:00+00:00,33.151,33.152,33.087,33.093,99904.0
2025-09-20 23:45:00+00:00,33.093,33.178,33.076,33.154,65747.0
2025-09-21 00:00:00+00:00,33.153,33.188,33.127,33.143,46022.0
2025-09-21 00:15:00+00:00,33.142,33.158,33.011,33.035,92588.0
2025-09-21 00:30:00+00:00,33.035,33.081,32.946,33.048,191023.0
2025-09-21 00:45:00+00:00,33.047,33.103,33.003,33.015,102609.0
2025-09-21 01:00:00+00:00,33.015,33.061,32.967,32.991,76107.0
2025-09-21 01:15:00+00:00,32.991,33.006,32.936,32.994,84490.0
2025-09-21 01:30:00+00:00,32.993,32.993,32.894,32.909,99871.0
2025-09-21 01:45:00+00:00,32.91,32.937,32.885,32.937,97791.0
2025-09-21 02:00:00+00:00,32.937,33.019,32.905,32.988,108546.0
2025-09-21 02:15:00+00:00,32.989,32.994,32.768,32.899,283929.0
2025-09-21 02:30:00+00:00,32.898,32.976,32.848,32.932,155681.0
2025-09-21 02:45:00+00:00,32.933,33.016,32.932,33.009,133044.0
2025-09-21 03:00:00+00:00,33.008,33.054,32.984,33.054,226949.0
2025-09-21 03:15:00+00:00,33.054,33.225,33.001,33.221,264609.0
2025-09-21 03:30:00+00:00,33.221,33.229,33.11,33.177,96093.0
2025-09-21 03:45:00+00:00,33.176,33.278,33.153,33.27,98424.0
2025-09-21 04:00:00+00:00,33.269,33.288,32.968,32.976,273239.0
2025-09-21 04:15:00+00:00,32.976,33.052,32.947,33.026,111115.0
2025-09-21 04:30:00+00:00,33.027,33.043,32.983,32.996,65113.0
2025-09-21 04:45:00+00:00,32.997,33.039,32.974,33.035,61757.0
2025-09-21 05:00:00+00:00,33.034,33.034,32.966,32.996,73814.0
2025-09-21 05:15:00+00:00,32.996,33.025,32.97,33.008,67015.0
2025-09-21 05:30:00+00:00,33.009,33.036,32.984,33.013,44277.0
2025-09-21 05:45:00+00:00,33.014,33.067,33.005,33.056,85915.0
2025-09-21 06:00:00+00:00,33.056,33.083,33.014,33.061,78381.0
2025-09-21 06:15:00+00:00,33.06,33.066,32.975,33.035,75988.0
2025-09-21 06:30:00+00:00,33.035,33.062,32.947,33.055,130709.0
2025-09-21 06:45:00+00:00,33.054,33.056,32.955,32.958,58690.0
2025-09-21 07:00:00+00:00,32.958,32.991,32.86,32.957,111716.0
2025-09-21 07:15:00+00:00,32.957,33.002,32.909,33.0,54309.0
2025-09-21 07:30:00+00:00,33.001,33.04,32.971,32.993,75560.0
2025-09-21 07:45:00+00:00,32.994,32.994,32.917,32.96,71355.0
2025-09-21 08:00:00+00:00,32.957,33.003,32.852,32.873,144941.0
2025-09-21 08:15:00+00:00,32.873,32.883,32.802,32.817,121440.0
2025-09-21 08:30:00+00:00,32.816,32.821,32.682,32.749,293664.0
2025-09-21 08:45:00+00:00,32.749,32.764,32.666,32.68,118462.0
2025-09-21 09:00:00+00:00,32.68,32.767,32.661,32.701,145494.0
2025-09-21 09:15:00+00:00,32.701,32.827,32.662,32.731,226256.0
2025-09-21 09:30:00+00:00,32.731,33.08,32.57,33.07,626642.0
2025-09-21 09:45:00+00:00,33.071,33.147,32.938,33.116,374059.0
2025-09-21 10:00:00+00:00,33.116,33.273,33.105,33.185,367998.0
2025-09-21 10:15:00+00:00,33.185,33.224,33.11,33.179,170458.0
2025-09-21 10:30:00+00:00,33.179,33.594,33.131,33.495,441155.0
2025-09-21 10:45:00+00:00,33.499,33.499,33.115,33.156,341930.0
2025-09-21 11:00:00+00:00,33.156,33.187,33.074,33.099,157779.0
2025-09-21 11:15:00+00:00,33.099,33.132,32.97,32.994,266643.0
2025-09-21 11:30:00+00:00,32.993,33.117,32.94,33.04,215076.0
2025-09-21 11:45:00+00:00,33.039,33.057,32.844,32.854,224290.0
2025-09-21 12:00:00+00:00,32.854,32.948,32.844,32.916,102751.0
2025-09-21 12:15:00+00:00,32.916,33.038,32.907,33.01,170789.0
2025-09-21 12:30:00+00:00,33.009,33.059,32.963,32.98,143062.0
2025-09-21 12:45:00+00:00,32.979,32.994,32.821,32.824,175237.0
2025-09-21 13:00:00+00:00,32.824,33.051,32.804,33.037,197493.0
2025-09-21 13:15:00+00:00,33.036,33.036,32.889,32.973,82647.0
2025-09-21 13:30:00+00:00,32.973,33.007,32.86,32.901,142833.0
2025-09-21 13:45:00+00:00,32.9,32.978,32.891,32.973,60709.0
2025-09-21 14:00:00+00:00,32.97,32.993,32.887,32.962,99991.0
2025-09-21 14:15:00+00:00,32.961,32.965,32.89,32.92,46027.0
2025-09-21 14:30:00+00:00,32.92,33.04,32.912,33.024,135178.0
2025-09-21 14:45:00+00:00,33.024,33.084,32.891,32.9,179152.0
2025-09-21 15:00:00+00:00,32.9,33.037,32.87,33.027,166070.0
2025-09-21 15:15:00+00:00,33.028,33.086,32.969,33.013,221164.0
2025-09-21 15:30:00+00:00,33.013,33.138,32.968,33.118,191469.0
2025-09-21 15:45:00+00:00,33.118,33.119,32.996,33.033,140922.0
2025-09-21 16:00:00+00:00,33.034,33.047,32.952,32.986,84243.0
2025-09-21 16:15:00+00:00,32.986,33.015,32.924,32.996,83104.0
2025-09-21 16:30:00+00:00,32.996,33.005,32.722,32.751,326834.0
2025-09-21 16:45:00+00:00,32.751,32.81,32.679,32.795,177694.0
2025-09-21 17:00:00+00:00,32.795,32.844,32.678,32.732,117794.0
2025-09-21 17:15:00+00:00,32.731,32.77,32.625,32.696,112346.0
2025-09-21 17:30:00+00:00,32.695,32.743,32.612,32.72,138119.0
2025-09-21 17:45:00+00:00,32.718,32.946,32.705,32.944,119273.0
2025-09-21 18:00:00+00:00,32.945,32.991,32.893,32.948,120586.0
2025-09-21 18:15:00+00:00,32.948,33.0,32.858,32.863,80531.0
2025-09-21 18:30:00+00:00,32.863,32.935,32.859,32.918,67141.0
2025-09-21 18:45:00+00:00,32.917,33.008,32.895,32.996,77588.0
2025-09-21 19:00:00+00:00,32.997,33.0,32.809,32.834,150992.0
2025-09-21 19:15:00+00:00,32.834,32.89,32.791,32.89,60510.0
2025-09-21 19:30:00+00:00,32.889,32.913,32.846,32.913,78993.0
2025-09-21 19:45:00+00:00,32.913,33.254,32.907,33.214,295737.0
2025-09-21 20:00:00+00:00,33.213,33.29,33.01,33.02,244162.0
2025-09-21 20:15:00+00:00,33.02,33.128,32.967,33.114,154441.0
2025-09-21 20:30:00+00:00,33.113,33.117,32.989,33.014,75312.0
2025-09-21 20:45:00+00:00,33.013,33.026,32.959,32.981,68544.0
2025-09-21 21:00:00+00:00,32.981,33.2,32.958,33.106,168286.0
2025-09-21 21:15:00+00:00,33.106,33.12,32.99,33.077,129292.0
2025-09-21 21:30:00+00:00,33.076,33.164,33.049,33.143,72521.0
2025-09-21 21:45:00+00:00,33.143,33.158,33.075,33.083,48021.0
2025-09-21 22:00:00+00:00,33.082,33.14,33.029,33.067,80506.0
2025-09-21 22:15:00+00:00,33.067,33.104,32.984,33.098,73840.0
2025-09-21 22:30:00+00:00,33.098,33.13,33.022,33.116,54396.0
2025-09-21 22:45:00+00:00,33.117,33.176,33.078,33.118,66849.0
2025-09-21 23:00:00+00:00,33.117,33.145,33.001,33.047,81468.0
2025-09-21 23:15:00+00:00,33.047,33.11,32.989,33.11,63153.0
2025-09-21 23:30:00+00:00,33.11,33.124,33.002,33.029,55627.0
2025-09-21 23:45:00+00:00,33.029,33.036,32.992,33.02,44822.0
2025-09-22 00:00:00+00:00,33.023,33.124,32.991,33.016,130448.0
2025-09-22 00:15:00+00:00,33.015,33.089,32.944,32.982,151652.0
2025-09-22 00:30:00+00:00,32.981,32.981,32.136,32.245,1651994.0
2025-09-22 00:45:00+00:00,32.246,32.302,31.787,31.83,1105327.0
2025-09-22 01:00:00+00:00,31.832,31.99,31.523,31.783,1164701.0
2025-09-22 01:15:00+00:00,31.783,31.956,31.662,31.928,310935.0
2025-09-22 01:30:00+00:00,31.929,32.019,31.858,31.951,276000.0
2025-09-22 01:45:00+00:00,31.952,31.988,31.81,31.819,190141.0
2025-09-22 02:00:00+00:00,31.82,31.957,31.716,31.74,214163.0
2025-09-22 02:15:00+00:00,31.74,31.789,31.458,31.573,508445.0
2025-09-22 02:30:00+00:00,31.573,31.573,31.27,31.4,649017.0
2025-09-22 02:45:00+00:00,31.398,31.527,31.373,31.5,195922.0
2025-09-22 03:00:00+00:00,31.502,31.596,31.47,31.509,221907.0
2025-09-22 03:15:00+00:00,31.509,31.764,31.5,31.751,190467.0
2025-09-22 03:30:00+00:00,31.751,31.763,31.609,31.675,149198.0
2025-09-22 03:45:00+00:00,31.674,31.84,31.674,31.786,170205.0
2025-09-22 04:00:00+00:00,31.785,31.861,31.688,31.72,217439.0
2025-09-22 04:15:00+00:00,31.719,31.887,31.699,31.874,116763.0
2025-09-22 04:30:00+00:00,31.873,31.925,31.756,31.765,138064.0
2025-09-22 04:45:00+00:00,31.765,31.765,31.619,31.63,171879.0
2025-09-22 05:00:00+00:00,31.629,31.646,31.574,31.616,151132.0
2025-09-22 05:15:00+00:00,31.616,31.633,31.511,31.579,159493.0
2025-09-22 05:30:00+00:00,31.578,31.578,31.346,31.361,212538.0
2025-09-22 05:45:00+00:00,31.361,31.439,30.983,30.983,407969.0
2025-09-22 06:00:00+00:00,30.989,31.058,26.788,30.375,3507277.0
2025-09-22 06:15:00+00:00,30.376,30.727,30.303,30.53,1073480.0
2025-09-22 06:30:00+00:00,30.531,30.911,30.47,30.895,580416.0
2025-09-22 06:45:00+00:00,30.893,30.929,30.666,30.915,420721.0
2025-09-22 07:00:00+00:00,30.915,30.987,30.712,30.794,382032.0
2025-09-22 07:15:00+00:00,30.795,30.841,30.722,30.776,208386.0
2025-09-22 07:30:00+00:00,30.777,30.839,30.612,30.616,298920.0
2025-09-22 07:45:00+00:00,30.616,30.725,30.482,30.532,304529.0
2025-09-22 08:00:00+00:00,30.532,30.78,30.451,30.777,323977.0
2025-09-22 08:15:00+00:00,30.776,30.981,30.726,30.907,329281.0
2025-09-22 08:30:00+00:00,30.906,30.924,30.776,30.891,194630.0
2025-09-22 08:45:00+00:00,30.889,31.011,30.876,30.929,249385.0
2025-09-22 09:00:00+00:00,30.928,30.939,30.774,30.785,173967.0
2025-09-22 09:15:00+00:00,30.786,30.851,30.72,30.843,252341.0
2025-09-22 09:30:00+00:00,30.842,30.844,30.658,30.719,171057.0
2025-09-22 09:45:00+00:00,30.719,30.741,30.555,30.636,311885.0
2025-09-22 10:00:00+00:00,30.634,30.987,30.619,30.98,294727.0
2025-09-22 10:15:00+00:00,30.98,31.415,30.97,31.377,733593.0
2025-09-22 10:30:00+00:00,31.378,31.378,31.205,31.315,318894.0
2025-09-22 10:45:00+00:00,31.315,31.416,31.261,31.356,309428.0
2025-09-22 11:00:00+00:00,31.356,31.454,31.041,31.051,522634.0
2025-09-22 11:15:00+00:00,31.051,31.155,31.02,31.044,284944.0
2025-09-22 11:30:00+00:00,31.044,31.085,31.0,31.085,124644.0
2025-09-22 11:45:00+00:00,31.086,31.16,31.019,31.092,227091.0
2025-09-22 12:00:00+00:00,31.094,31.433,31.014,31.407,807684.0
2025-09-22 12:15:00+00:00,31.406,32.052,31.402,31.927,1102719.0
2025-09-22 12:30:00+00:00,31.927,31.981,31.604,31.642,761017.0
2025-09-22 12:45:00+00:00,31.642,31.731,31.474,31.476,289617.0
2025-09-22 13:00:00+00:00,31.475,31.675,31.441,31.675,303791.0
2025-09-22 13:15:00+00:00,31.675,31.683,31.436,31.476,205649.0
2025-09-22 13:30:00+00:00,31.475,31.531,31.349,31.408,235292.0
2025-09-22 13:45:00+00:00,31.409,31.798,31.349,31.798,376830.0
2025-09-22 14:00:00+00:00,31.794,31.835,31.302,31.307,322829.0
2025-09-22 14:15:00+00:00,31.308,31.365,31.191,31.332,476493.0
2025-09-22 14:30:00+00:00,31.333,31.346,31.207,31.275,225799.0
2025-09-22 14:45:00+00:00,31.275,31.367,31.134,31.363,371555.0
2025-09-22 15:00:00+00:00,31.361,31.874,31.338,31.766,985140.0
2025-09-22 15:15:00+00:00,31.766,31.84,31.57,31.69,385419.0
2025-09-22 15:30:00+00:00,31.692,31.806,31.615,31.749,287502.0
2025-09-22 15:45:00+00:00,31.75,32.016,31.697,31.935,399848.0
2025-09-22 16:00:00+00:00,31.935,32.163,31.868,31.882,612621.0
2025-09-22 16:15:00+00:00,31.882,32.042,31.798,31.911,287662.0
2025-09-22 16:30:00+00:00,31.911,31.932,31.808,31.86,194048.0
2025-09-22 16:45:00+00:00,31.858,31.975,31.74,31.836,362258.0
2025-09-22 17:00:00+00:00,31.836,31.903,31.715,31.843,383284.0
2025-09-22 17:15:00+00:00,31.844,32.063,31.805,31.921,251867.0
2025-09-22 17:30:00+00:00,31.92,31.955,31.824,31.899,209453.0
2025-09-22 17:45:00+00:00,31.899,31.98,31.863,31.876,142449.0
2025-09-22 18:00:00+00:00,31.876,31.972,31.823,31.913,175864.0
2025-09-22 18:15:00+00:00,31.912,31.934,31.821,31.856,128537.0
2025-09-22 18:30:00+00:00,31.855,31.893,31.756,31.8,148559.0
2025-09-22 18:45:00+00:00,31.8,31.858,31.708,31.712,192386.0
2025-09-22 19:00:00+00:00,31.713,31.79,31.672,31.713,154146.0
2025-09-22 19:15:00+00:00,31.714,31.896,31.714,31.791,208976.0
2025-09-22 19:30:00+00:00,31.792,31.804,31.562,31.574,315296.0
2025-09-22 19:45:00+00:00,31.574,31.604,31.35,31.361,406569.0
2025-09-22 20:00:00+00:00,31.362,31.632,31.316,31.593,231683.0
2025-09-22 20:15:00+00:00,31.592,31.698,31.563,31.687,110689.0
2025-09-22 20:30:00+00:00,31.687,32.084,31.686,31.995,475046.0
2025-09-22 20:45:00+00:00,31.994,32.196,31.88,32.19,605982.0
2025-09-22 21:00:00+00:00,32.19,32.814,32.074,32.515,1334765.0
2025-09-22 21:15:00+00:00,32.514,32.991,32.499,32.9,584629.0
2025-09-22 21:30:00+00:00,32.9,32.945,32.704,32.878,317437.0
2025-09-22 21:45:00+00:00,32.879,32.918,32.767,32.804,129767.0
2025-09-22 22:00:00+00:00,32.805,32.805,32.611,32.631,224489.0
2025-09-22 22:15:00+00:00,32.631,32.79,32.622,32.757,169192.0
2025-09-22 22:30:00+00:00,32.756,32.829,32.715,32.806,109916.0
2025-09-22 22:45:00+00:00,32.805,33.408,32.776,33.146,748947.0
2025-09-22 23:00:00+00:00,33.147,33.654,33.017,33.621,695247.0
2025-09-22 23:15:00+00:00,33.62,33.976,33.424,33.483,822453.0
2025-09-22 23:30:00+00:00,33.483,33.754,33.425,33.519,448246.0
2025-09-22 23:45:00+00:00,33.518,33.874,33.439,33.861,406697.0
2025-09-23 00:00:00+00:00,33.863,34.248,33.718,34.165,712655.0
2025-09-23 00:15:00+00:00,34.168,34.698,33.977,33.978,1141961.0
2025-09-23 00:30:00+00:00,33.977,34.176,33.484,33.531,1067322.0
2025-09-23 00:45:00+00:00,33.532,33.626,33.286,33.488,791430.0
2025-09-23 01:00:00+00:00,33.489,33.534,33.236,33.32,485165.0
2025-09-23 01:15:00+00:00,33.32,33.539,33.276,33.514,343267.0
2025-09-23 01:30:00+00:00,33.514,33.59,33.062,33.205,510018.0
2025-09-23 01:45:00+00:00,33.206,33.224,33.006,33.04,262323.0
2025-09-23 02:00:00+00:00,33.041,33.252,32.949,33.198,445507.0
2025-09-23 02:15:00+00:00,33.199,33.319,33.041,33.049,326852.0
2025-09-23 02:30:00+00:00,33.049,33.121,32.927,32.989,389913.0
2025-09-23 02:45:00+00:00,32.989,33.039,32.855,32.897,592676.0
2025-09-23 03:00:00+00:00,32.896,33.129,32.742,33.107,580842.0
2025-09-23 03:15:00+00:00,33.108,34.139,33.074,34.099,1366471.0
2025-09-23 03:30:00+00:00,34.099,35.768,34.098,35.103,2437327.0
2025-09-23 03:45:00+00:00,35.102,35.4,34.821,34.94,1108426.0
2025-09-23 04:00:00+00:00,34.939,35.59,34.553,34.686,1368948.0
2025-09-23 04:15:00+00:00,34.685,34.742,34.184,34.262,895406.0
2025-09-23 04:30:00+00:00,34.262,34.363,34.11,34.156,677403.0
2025-09-23 04:45:00+00:00,34.157,34.22,34.013,34.129,370308.0
2025-09-23 05:00:00+00:00,34.13,34.626,34.123,34.548,630366.0
2025-09-23 05:15:00+00:00,34.548,34.548,34.267,34.371,397880.0
2025-09-23 05:30:00+00:00,34.371,34.679,34.329,34.474,385456.0
2025-09-23 05:45:00+00:00,34.474,34.67,34.383,34.666,443483.0
2025-09-23 06:00:00+00:00,34.666,34.93,34.467,34.926,448656.0
2025-09-23 06:15:00+00:00,34.925,34.926,34.565,34.738,333029.0
2025-09-23 06:30:00+00:00,34.738,35.282,34.717,35.235,753386.0
2025-09-23 06:45:00+00:00,35.233,35.294,35.052,35.2,418099.0
2025-09-23 07:00:00+00:00,35.2,35.268,35.0,35.139,364623.0
2025-09-23 07:15:00+00:00,35.139,35.345,34.956,35.138,378679.0
2025-09-23 07:30:00+00:00,35.137,35.183,34.842,34.848,312490.0
2025-09-23 07:45:00+00:00,34.85,35.104,34.833,34.957,322205.0
2025-09-23 08:00:00+00:00,34.954,35.389,34.934,35.267,518716.0
2025-09-23 08:15:00+00:00,35.268,35.52,35.164,35.185,444279.0
2025-09-23 08:30:00+00:00,35.184,35.252,35.052,35.24,257722.0
2025-09-23 08:45:00+00:00,35.237,35.439,35.161,35.345,367737.0
2025-09-23 09:00:00+00:00,35.345,35.396,35.185,35.311,277085.0
2025-09-23 09:15:00+00:00,35.311,35.358,35.0,35.021,275937.0
2025-09-23 09:30:00+00:00,35.019,35.072,34.831,34.842,332327.0
2025-09-23 09:45:00+00:00,34.843,34.86,34.62,34.657,465064.0
2025-09-23 10:00:00+00:00,34.657,34.879,34.62,34.708,368832.0
2025-09-23 10:15:00+00:00,34.708,34.806,34.564,34.658,313263.0
2025-09-23 10:30:00+00:00,34.658,34.821,34.618,34.681,169073.0
2025-09-23 10:45:00+00:00,34.681,34.768,34.673,34.739,142457.0
2025-09-23 11:00:00+00:00,34.74,34.748,34.255,34.276,735229.0
2025-09-23 11:15:00+00:00,34.275,34.454,34.26,34.385,285042.0
2025-09-23 11:30:00+00:00,34.384,34.54,34.333,34.531,188291.0
2025-09-23 11:45:00+00:00,34.531,34.546,34.332,34.441,231315.0
2025-09-23 12:00:00+00:00,34.441,34.579,34.395,34.529,210188.0
2025-09-23 12:15:00+00:00,34.529,34.668,34.414,34.453,194776.0
2025-09-23 12:30:00+00:00,34.453,34.575,34.356,34.472,219918.0
2025-09-23 12:45:00+00:00,34.471,34.698,34.363,34.379,330110.0
2025-09-23 13:00:00+00:00,34.379,34.458,34.299,34.361,146079.0
2025-09-23 13:15:00+00:00,34.36,34.368,34.128,34.23,295180.0
2025-09-23 13:30:00+00:00,34.228,34.374,34.057,34.121,383077.0
2025-09-23 13:45:00+00:00,34.122,34.34,34.088,34.246,321618.0
2025-09-23 14:00:00+00:00,34.246,35.029,34.2,34.9,1282378.0
2025-09-23 14:15:00+00:00,34.902,35.18,34.802,35.142,701564.0
2025-09-23 14:30:00+00:00,35.141,35.318,34.802,35.123,878114.0
2025-09-23 14:45:00+00:00,35.124,35.66,35.096,35.258,986483.0
2025-09-23 15:00:00+00:00,35.257,35.975,35.032,35.824,1152426.0
2025-09-23 15:15:00+00:00,35.825,36.16,35.341,35.424,1295716.0
2025-09-23 15:30:00+00:00,35.423,35.671,35.27,35.429,557067.0
2025-09-23 15:45:00+00:00,35.428,35.57,35.091,35.14,446328.0
2025-09-23 16:00:00+00:00,35.14,35.172,34.859,34.998,493768.0
2025-09-23 16:15:00+00:00,34.998,35.25,34.91,35.143,374268.0
2025-09-23 16:30:00+00:00,35.143,35.206,34.752,34.803,374548.0
2025-09-23 16:45:00+00:00,34.803,35.16,34.784,34.943,250785.0
2025-09-23 17:00:00+00:00,34.942,34.966,34.467,34.673,500148.0
2025-09-23 17:15:00+00:00,34.673,34.867,34.64,34.688,199597.0
2025-09-23 17:30:00+00:00,34.687,34.687,34.35,34.413,386269.0
2025-09-23 17:45:00+00:00,34.415,34.544,34.374,34.41,256452.0
2025-09-23 18:00:00+00:00,34.41,34.54,34.213,34.361,522637.0
2025-09-23 18:15:00+00:00,34.36,34.367,34.097,34.271,466452.0
2025-09-23 18:30:00+00:00,34.27,34.356,34.116,34.137,211049.0
2025-09-23 18:45:00+00:00,34.137,34.238,34.046,34.127,446806.0
2025-09-23 19:00:00+00:00,34.126,34.306,34.122,34.219,248284.0
2025-09-23 19:15:00+00:00,34.218,34.335,34.184,34.242,217313.0
2025-09-23 19:30:00+00:00,34.243,34.306,34.165,34.205,179728.0
2025-09-23 19:45:00+00:00,34.206,34.214,33.632,33.759,1057313.0
2025-09-23 20:00:00+00:00,33.757,33.972,33.747,33.94,353773.0
2025-09-23 20:15:00+00:00,33.939,33.969,33.652,33.732,240174.0
2025-09-23 20:30:00+00:00,33.732,33.852,33.594,33.799,404835.0
2025-09-23 20:45:00+00:00,33.799,33.874,33.682,33.858,178014.0
2025-09-23 21:00:00+00:00,33.858,33.858,33.68,33.772,169625.0
2025-09-23 21:15:00+00:00,33.771,33.771,33.606,33.699,230787.0
2025-09-23 21:30:00+00:00,33.699,33.752,33.612,33.715,208111.0
2025-09-23 21:45:00+00:00,33.714,33.741,33.662,33.674,84602.0
2025-09-23 22:00:00+00:00,33.675,33.675,33.463,33.618,293873.0
2025-09-23 22:15:00+00:00,33.618,33.629,33.422,33.458,167706.0
2025-09-23 22:30:00+00:00,33.457,33.774,33.453,33.677,253966.0
2025-09-23 22:45:00+00:00,33.677,33.767,33.598,33.659,152722.0
2025-09-23 23:00:00+00:00,33.659,33.688,33.498,33.58,159002.0
2025-09-23 23:15:00+00:00,33.581,33.626,33.407,33.554,381643.0
2025-09-23 23:30:00+00:00,33.553,33.794,33.537,33.706,273615.0
2025-09-23 23:45:00+00:00,33.705,33.713,33.568,33.586,251105.0
2025-09-24 00:00:00+00:00,33.587,33.755,33.555,33.701,175704.0
2025-09-24 00:15:00+00:00,33.701,33.926,33.645,33.915,297000.0
2025-09-24 00:30:00+00:00,33.915,34.416,33.743,34.351,934909.0
2025-09-24 00:45:00+00:00,34.35,34.932,34.046,34.583,1389351.0
2025-09-24 01:00:00+00:00,34.582,34.603,34.237,34.316,435065.0
2025-09-24 01:15:00+00:00,34.316,34.351,34.205,34.299,168577.0
2025-09-24 01:30:00+00:00,34.298,34.353,34.161,34.264,217603.0
2025-09-24 01:45:00+00:00,34.265,34.356,34.221,34.32,139152.0
2025-09-24 02:00:00+00:00,34.32,34.323,33.995,34.026,311232.0
2025-09-24 02:15:00+00:00,34.023,34.122,33.953,34.096,259312.0
2025-09-24 02:30:00+00:00,34.096,34.169,33.81,33.864,347343.0
2025-09-24 02:45:00+00:00,33.863,33.864,33.602,33.757,499767.0
2025-09-24 03:00:00+00:00,33.759,33.912,33.735,33.776,225373.0
2025-09-24 03:15:00+00:00,33.777,33.794,33.305,33.405,425346.0
2025-09-24 03:30:00+00:00,33.406,33.616,33.343,33.388,431415.0
2025-09-24 03:45:00+00:00,33.388,33.425,33.198,33.249,404354.0
2025-09-24 04:00:00+00:00,33.247,33.306,32.855,33.203,988634.0
2025-09-24 04:15:00+00:00,33.203,33.642,33.166,33.625,612785.0
2025-09-24 04:30:00+00:00,33.627,33.867,33.541,33.759,591603.0
2025-09-24 04:45:00+00:00,33.76,33.781,33.619,33.635,173889.0
2025-09-24 05:00:00+00:00,33.634,33.873,33.567,33.866,266236.0
2025-09-24 05:15:00+00:00,33.866,34.066,33.843,33.997,291854.0
2025-09-24 05:30:00+00:00,33.997,34.049,33.865,33.944,203338.0
2025-09-24 05:45:00+00:00,33.944,34.111,33.913,34.074,202247.0
2025-09-24 06:00:00+00:00,34.073,34.138,33.913,34.102,201353.0
2025-09-24 06:15:00+00:00,34.102,34.229,34.005,34.229,203448.0
2025-09-24 06:30:00+00:00,34.228,34.383,34.207,34.363,289434.0
2025-09-24 06:45:00+00:00,34.363,34.469,34.273,34.418,349653.0
2025-09-24 07:00:00+00:00,34.419,34.461,34.255,34.298,267918.0
2025-09-24 07:15:00+00:00,34.299,34.353,34.192,34.195,167566.0
2025-09-24 07:30:00+00:00,34.195,34.241,34.084,34.119,380396.0
2025-09-24 07:45:00+00:00,34.119,34.206,34.088,34.12,210890.0
2025-09-24 08:00:00+00:00,34.121,34.217,34.101,34.155,141987.0
2025-09-24 08:15:00+00:00,34.156,34.192,34.004,34.085,181925.0
2025-09-24 08:30:00+00:00,34.085,34.247,34.085,34.247,202344.0
2025-09-24 08:45:00+00:00,34.245,34.334,34.168,34.321,285151.0
2025-09-24 09:00:00+00:00,34.318,34.402,34.214,34.305,379863.0
2025-09-24 09:15:00+00:00,34.304,34.334,34.195,34.296,148327.0
2025-09-24 09:30:00+00:00,34.296,34.421,34.203,34.206,179654.0
2025-09-24 09:45:00+00:00,34.206,34.254,34.164,34.199,129214.0
2025-09-24 10:00:00+00:00,34.198,34.274,34.16,34.265,130875.0
2025-09-24 10:15:00+00:00,34.266,34.326,34.126,34.161,173979.0
2025-09-24 10:30:00+00:00,34.16,34.205,34.129,34.15,98990.0
2025-09-24 10:45:00+00:00,34.15,34.264,34.118,34.251,115622.0
2025-09-24 11:00:00+00:00,34.251,34.388,34.226,34.348,187522.0
2025-09-24 11:15:00+00:00,34.346,34.381,34.259,34.293,155909.0
2025-09-24 11:30:00+00:00,34.291,34.395,34.16,34.226,199057.0
2025-09-24 11:45:00+00:00,34.226,34.29,34.136,34.143,140710.0
2025-09-24 12:00:00+00:00,34.141,34.329,34.098,34.301,433947.0
2025-09-24 12:15:00+00:00,34.302,34.375,34.225,34.34,304533.0
2025-09-24 12:30:00+00:00,34.336,34.37,34.264,34.331,147168.0
2025-09-24 12:45:00+00:00,34.331,34.369,34.27,34.345,120918.0
2025-09-24 13:00:00+00:00,34.347,34.482,34.338,34.355,217897.0
2025-09-24 13:15:00+00:00,34.355,34.399,34.291,34.315,129332.0
2025-09-24 13:30:00+00:00,34.315,34.373,34.173,34.26,212193.0
2025-09-24 13:45:00+00:00,34.26,34.356,34.144,34.18,197270.0
2025-09-24 14:00:00+00:00,34.181,34.352,34.174,34.318,150563.0
2025-09-24 14:15:00+00:00,34.319,34.356,34.237,34.303,134906.0
2025-09-24 14:30:00+00:00,34.302,34.393,34.204,34.308,383668.0
2025-09-24 14:45:00+00:00,34.308,34.694,34.271,34.474,554176.0
2025-09-24 15:00:00+00:00,34.472,34.53,34.291,34.383,372675.0
2025-09-24 15:15:00+00:00,34.384,34.488,34.333,34.446,213182.0
2025-09-24 15:30:00+00:00,34.447,34.498,34.351,34.391,218796.0
2025-09-24 15:45:00+00:00,34.386,34.745,34.382,34.484,596344.0
2025-09-24 16:00:00+00:00,34.484,34.601,34.412,34.541,280223.0
2025-09-24 16:15:00+00:00,34.541,34.832,34.446,34.718,432755.0
2025-09-24 16:30:00+00:00,34.718,34.793,34.583,34.625,279861.0
2025-09-24 16:45:00+00:00,34.625,34.723,34.527,34.591,207366.0
2025-09-24 17:00:00+00:00,34.592,34.78,34.525,34.583,381219.0
2025-09-24 17:15:00+00:00,34.582,34.658,34.487,34.582,266741.0
2025-09-24 17:30:00+00:00,34.583,34.661,34.552,34.585,128285.0
2025-09-24 17:45:00+00:00,34.584,34.585,34.457,34.535,161223.0
2025-09-24 18:00:00+00:00,34.534,34.551,34.468,34.521,120924.0
2025-09-24 18:15:00+00:00,34.521,34.597,34.482,34.558,110960.0
2025-09-24 18:30:00+00:00,34.558,34.588,34.497,34.51,94752.0
2025-09-24 18:45:00+00:00,34.511,34.547,34.48,34.52,85984.0
2025-09-24 19:00:00+00:00,34.52,34.59,34.504,34.534,103354.0
2025-09-24 19:15:00+00:00,34.535,34.578,34.373,34.399,184153.0
2025-09-24 19:30:00+00:00,34.4,34.444,34.239,34.249,261513.0
2025-09-24 19:45:00+00:00,34.248,34.324,34.201,34.207,230339.0
2025-09-24 20:00:00+00:00,34.207,34.26,34.143,34.179,135136.0
2025-09-24 20:15:00+00:00,34.178,34.204,34.113,34.121,111665.0
2025-09-24 20:30:00+00:00,34.121,34.122,33.682,33.819,691065.0
2025-09-24 20:45:00+00:00,33.819,33.819,33.534,33.537,376840.0
2025-09-24 21:00:00+00:00,33.536,33.68,33.507,33.542,282945.0
2025-09-24 21:15:00+00:00,33.54,33.58,33.381,33.462,277006.0
2025-09-24 21:30:00+00:00,33.461,33.5,33.204,33.216,249210.0
2025-09-24 21:45:00+00:00,33.216,33.216,32.892,32.941,450423.0
2025-09-24 22:00:00+00:00,32.941,33.072,32.635,33.024,685091.0
2025-09-24 22:15:00+00:00,33.024,33.025,32.646,32.682,391800.0
2025-09-24 22:30:00+00:00,32.683,32.811,32.521,32.591,512059.0
2025-09-24 22:45:00+00:00,32.59,32.623,32.284,32.391,773367.0
2025-09-24 23:00:00+00:00,32.392,32.552,32.253,32.365,481961.0
2025-09-24 23:15:00+00:00,32.364,32.539,32.341,32.442,260345.0
2025-09-24 23:30:00+00:00,32.442,32.468,32.311,32.35,180374.0
2025-09-24 23:45:00+00:00,32.349,32.376,32.256,32.298,178391.0
2025-09-25 00:00:00+00:00,32.297,32.425,32.253,32.412,344858.0
2025-09-25 00:15:00+00:00,32.411,32.422,32.052,32.183,399104.0
2025-09-25 00:30:00+00:00,32.183,32.337,32.18,32.253,219866.0
2025-09-25 00:45:00+00:00,32.253,32.437,32.1,32.31,430111.0
2025-09-25 01:00:00+00:00,32.309,32.756,32.205,32.502,716109.0
2025-09-25 01:15:00+00:00,32.501,32.683,32.47,32.68,506377.0
2025-09-25 01:30:00+00:00,32.68,32.79,32.517,32.58,569702.0
2025-09-25 01:45:00+00:00,32.58,32.58,32.4,32.448,303984.0
2025-09-25 02:00:00+00:00,32.449,32.544,32.335,32.368,247258.0
2025-09-25 02:15:00+00:00,32.369,32.482,32.338,32.409,221341.0
2025-09-25 02:30:00+00:00,32.408,32.599,32.392,32.499,373340.0
2025-09-25 02:45:00+00:00,32.498,32.531,32.266,32.355,293661.0
2025-09-25 03:00:00+00:00,32.354,32.374,32.111,32.113,216294.0
2025-09-25 03:15:00+00:00,32.113,32.15,31.853,31.899,719131.0
2025-09-25 03:30:00+00:00,31.9,32.032,31.69,31.74,568824.0
2025-09-25 03:45:00+00:00,31.743,31.828,31.692,31.825,317245.0
2025-09-25 04:00:00+00:00,31.826,31.828,31.4,31.443,739629.0
2025-09-25 04:15:00+00:00,31.444,31.466,31.24,31.354,671261.0
2025-09-25 04:30:00+00:00,31.354,31.358,30.893,31.208,1019170.0
2025-09-25 04:45:00+00:00,31.209,31.211,30.985,31.181,319773.0
2025-09-25 05:00:00+00:00,31.181,31.431,31.108,31.344,519889.0
2025-09-25 05:15:00+00:00,31.343,31.485,31.328,31.394,337260.0
2025-09-25 05:30:00+00:00,31.398,31.402,31.269,31.361,237993.0
2025-09-25 05:45:00+00:00,31.361,31.382,31.28,31.304,151856.0
2025-09-25 06:00:00+00:00,31.304,31.385,31.245,31.252,194928.0
2025-09-25 06:15:00+00:00,31.254,31.276,31.138,31.152,299899.0
2025-09-25 06:30:00+00:00,31.153,31.222,31.063,31.08,203212.0
2025-09-25 06:45:00+00:00,31.08,31.137,30.813,30.836,451567.0
2025-09-25 07:00:00+00:00,30.836,31.03,30.815,30.932,320434.0
2025-09-25 07:15:00+00:00,30.932,31.05,30.862,30.93,318217.0
2025-09-25 07:30:00+00:00,30.93,30.954,30.844,30.901,174391.0
2025-09-25 07:45:00+00:00,30.9,30.929,30.663,30.714,404331.0
2025-09-25 08:00:00+00:00,30.714,30.856,30.648,30.8,583577.0
2025-09-25 08:15:00+00:00,30.8,30.864,30.6,30.833,355937.0
2025-09-25 08:30:00+00:00,30.836,30.836,30.454,30.481,447997.0
2025-09-25 08:45:00+00:00,30.481,30.755,30.411,30.702,425498.0
2025-09-25 09:00:00+00:00,30.703,31.109,30.644,31.076,605455.0
2025-09-25 09:15:00+00:00,31.077,31.123,30.983,31.05,547936.0
2025-09-25 09:30:00+00:00,31.049,31.095,30.912,30.924,295576.0
2025-09-25 09:45:00+00:00,30.924,30.924,30.74,30.783,294273.0
2025-09-25 10:00:00+00:00,30.784,30.917,30.756,30.881,185549.0
2025-09-25 10:15:00+00:00,30.883,30.933,30.766,30.775,149533.0
2025-09-25 10:30:00+00:00,30.774,30.948,30.756,30.904,175170.0
2025-09-25 10:45:00+00:00,30.904,30.938,30.828,30.833,159358.0
2025-09-25 11:00:00+00:00,30.833,30.837,30.732,30.799,174183.0
2025-09-25 11:15:00+00:00,30.799,30.802,30.424,30.452,556598.0
2025-09-25 11:30:00+00:00,30.451,30.66,30.435,30.621,242819.0
2025-09-25 11:45:00+00:00,30.62,30.636,30.517,30.586,196548.0
2025-09-25 12:00:00+00:00,30.586,30.619,30.483,30.525,264509.0
2025-09-25 12:15:00+00:00,30.524,30.524,30.0,30.204,654108.0
2025-09-25 12:30:00+00:00,30.205,30.585,29.9,30.549,967699.0
2025-09-25 12:45:00+00:00,30.549,30.727,30.42,30.64,418022.0
2025-09-25 13:00:00+00:00,30.639,30.64,30.396,30.562,391430.0
2025-09-25 13:15:00+00:00,30.561,30.711,30.319,30.36,534578.0
2025-09-25 13:30:00+00:00,30.358,30.454,30.056,30.111,612152.0
2025-09-25 13:45:00+00:00,30.111,30.264,30.101,30.218,386765.0
2025-09-25 14:00:00+00:00,30.219,30.51,30.219,30.439,801320.0
2025-09-25 14:15:00+00:00,30.443,30.522,30.326,30.36,424435.0
2025-09-25 14:30:00+00:00,30.357,30.444,30.3,30.388,251306.0
2025-09-25 14:45:00+00:00,30.387,30.396,30.207,30.218,259159.0
2025-09-25 15:00:00+00:00,30.219,30.343,30.201,30.273,207834.0
2025-09-25 15:15:00+00:00,30.273,30.288,30.153,30.222,204405.0
2025-09-25 15:30:00+00:00,30.223,30.314,30.18,30.221,183720.0
2025-09-25 15:45:00+00:00,30.22,30.237,30.132,30.237,147578.0
2025-09-25 16:00:00+00:00,30.237,30.252,29.932,29.96,500416.0
2025-09-25 16:15:00+00:00,29.96,29.962,29.625,29.664,761785.0
2025-09-25 16:30:00+00:00,29.665,29.855,29.665,29.816,260176.0
2025-09-25 16:45:00+00:00,29.817,29.855,29.536,29.547,433484.0
2025-09-25 17:00:00+00:00,29.547,29.666,29.466,29.47,470363.0
2025-09-25 17:15:00+00:00,29.466,29.643,29.313,29.519,846879.0
2025-09-25 17:30:00+00:00,29.519,29.583,29.218,29.396,526502.0
2025-09-25 17:45:00+00:00,29.395,29.42,29.095,29.199,625076.0
2025-09-25 18:00:00+00:00,29.199,29.354,28.85,29.343,1075531.0
2025-09-25 18:15:00+00:00,29.343,29.591,29.194,29.569,509740.0
2025-09-25 18:30:00+00:00,29.569,29.645,29.511,29.599,360508.0
2025-09-25 18:45:00+00:00,29.6,29.82,29.52,29.812,454741.0
2025-09-25 19:00:00+00:00,29.811,29.826,29.69,29.733,373656.0
2025-09-25 19:15:00+00:00,29.733,29.953,29.688,29.812,398852.0
2025-09-25 19:30:00+00:00,29.813,29.863,29.617,29.65,229985.0
2025-09-25 19:45:00+00:00,29.65,29.652,29.407,29.468,269683.0
2025-09-25 20:00:00+00:00,29.47,29.502,29.286,29.324,298984.0
2025-09-25 20:15:00+00:00,29.324,29.454,29.272,29.299,212175.0
2025-09-25 20:30:00+00:00,29.298,29.298,28.978,29.038,650983.0
2025-09-25 20:45:00+00:00,29.036,29.1,28.933,29.064,319790.0
2025-09-25 21:00:00+00:00,29.063,29.364,29.041,29.227,357388.0
2025-09-25 21:15:00+00:00,29.227,29.309,29.101,29.133,212086.0
2025-09-25 21:30:00+00:00,29.134,29.135,28.812,28.902,381790.0
2025-09-25 21:45:00+00:00,28.902,29.098,28.894,29.08,144467.0
2025-09-25 22:00:00+00:00,29.08,29.269,28.953,29.261,275256.0
2025-09-25 22:15:00+00:00,29.26,29.308,28.991,29.004,266702.0
2025-09-25 22:30:00+00:00,29.003,29.1,28.894,29.059,226860.0
2025-09-25 22:45:00+00:00,29.059,29.092,28.92,29.043,199913.0
2025-09-25 23:00:00+00:00,29.043,29.192,29.0,29.008,173667.0
2025-09-25 23:15:00+00:00,29.007,29.051,28.837,28.848,270217.0
2025-09-25 23:30:00+00:00,28.849,28.86,28.525,28.609,678170.0
2025-09-25 23:45:00+00:00,28.61,28.7,28.568,28.629,245753.0
2025-09-26 00:00:00+00:00,28.628,29.018,28.557,28.933,507232.0
2025-09-26 00:15:00+00:00,28.932,29.064,28.859,28.916,210547.0
2025-09-26 00:30:00+00:00,28.915,28.915,28.559,28.572,224677.0
2025-09-26 00:45:00+00:00,28.575,28.978,28.575,28.9,306743.0
2025-09-26 01:00:00+00:00,28.9,28.978,28.749,28.928,283238.0
2025-09-26 01:15:00+00:00,28.927,28.969,28.808,28.808,198352.0
2025-09-26 01:30:00+00:00,28.808,28.855,28.594,28.641,273586.0
2025-09-26 01:45:00+00:00,28.641,28.808,28.635,28.786,232377.0
2025-09-26 02:00:00+00:00,28.786,28.978,28.45,28.515,604081.0
2025-09-26 02:15:00+00:00,28.515,28.623,28.17,28.19,904416.0
2025-09-26 02:30:00+00:00,28.19,28.38,27.898,28.363,852052.0
2025-09-26 02:45:00+00:00,28.363,28.575,28.323,28.38,418231.0
2025-09-26 03:00:00+00:00,28.38,28.411,28.141,28.265,318705.0
2025-09-26 03:15:00+00:00,28.266,28.322,28.012,28.071,324690.0
2025-09-26 03:30:00+00:00,28.07,28.11,27.948,28.11,267104.0
2025-09-26 03:45:00+00:00,28.11,28.286,27.951,28.247,299167.0
2025-09-26 04:00:00+00:00,28.247,28.279,28.094,28.223,245449.0
2025-09-26 04:15:00+00:00,28.224,28.48,28.21,28.397,242909.0
2025-09-26 04:30:00+00:00,28.397,28.4,28.212,28.262,154948.0
2025-09-26 04:45:00+00:00,28.263,28.298,28.156,28.195,98787.0
2025-09-26 05:00:00+00:00,28.196,28.389,28.136,28.327,157763.0
2025-09-26 05:15:00+00:00,28.325,28.418,28.301,28.341,156308.0
2025-09-26 05:30:00+00:00,28.341,28.343,28.024,28.177,399434.0
2025-09-26 05:45:00+00:00,28.177,28.213,27.965,27.966,446159.0
2025-09-26 06:00:00+00:00,27.967,28.023,27.671,27.854,612662.0
2025-09-26 06:15:00+00:00,27.854,28.09,27.834,27.993,332784.0
2025-09-26 06:30:00+00:00,27.99,28.265,27.95,28.239,255064.0
2025-09-26 06:45:00+00:00,28.24,28.255,28.058,28.111,298154.0
2025-09-26 07:00:00+00:00,28.111,28.35,28.092,28.327,326995.0
2025-09-26 07:15:00+00:00,28.327,28.359,28.187,28.188,217836.0
2025-09-26 07:30:00+00:00,28.187,28.193,28.001,28.113,253659.0
2025-09-26 07:45:00+00:00,28.113,28.279,28.081,28.263,154372.0
2025-09-26 08:00:00+00:00,28.263,28.55,28.245,28.516,393212.0
2025-09-26 08:15:00+00:00,28.516,28.566,28.425,28.47,261381.0
2025-09-26 08:30:00+00:00,28.47,28.529,28.423,28.44,160475.0
2025-09-26 08:45:00+00:00,28.439,28.473,28.35,28.383,203432.0
2025-09-26 09:00:00+00:00,28.382,28.428,28.295,28.399,162739.0
2025-09-26 09:15:00+00:00,28.398,28.4,28.121,28.125,259992.0
2025-09-26 09:30:00+00:00,28.125,28.151,27.915,27.979,377668.0
2025-09-26 09:45:00+00:00,27.978,28.118,27.957,28.11,174933.0
2025-09-26 10:00:00+00:00,28.11,28.146,27.646,27.722,719856.0
2025-09-26 10:15:00+00:00,27.722,27.841,27.624,27.807,283320.0
2025-09-26 10:30:00+00:00,27.808,27.925,27.723,27.806,317441.0
2025-09-26 10:45:00+00:00,27.806,27.818,27.57,27.643,520130.0
2025-09-26 11:00:00+00:00,27.644,27.678,27.468,27.497,393723.0
2025-09-26 11:15:00+00:00,27.497,27.671,27.4,27.565,377267.0
2025-09-26 11:30:00+00:00,27.565,27.72,27.56,27.614,287528.0
2025-09-26 11:45:00+00:00,27.614,27.702,27.557,27.564,161543.0
2025-09-26 12:00:00+00:00,27.564,27.564,27.325,27.328,272034.0
2025-09-26 12:15:00+00:00,27.328,27.713,27.324,27.659,335980.0
2025-09-26 12:30:00+00:00,27.659,27.876,27.448,27.756,753772.0
2025-09-26 12:45:00+00:00,27.753,27.773,27.455,27.578,331141.0
2025-09-26 13:00:00+00:00,27.577,27.679,27.548,27.649,286112.0
2025-09-26 13:15:00+00:00,27.65,27.747,27.507,27.583,252091.0
2025-09-26 13:30:00+00:00,27.584,27.793,27.514,27.731,320470.0
2025-09-26 13:45:00+00:00,27.731,27.875,27.679,27.819,446753.0
2025-09-26 14:00:00+00:00,27.817,27.855,27.492,27.515,373165.0
2025-09-26 14:15:00+00:00,27.513,27.646,27.373,27.44,381535.0
2025-09-26 14:30:00+00:00,27.441,27.442,27.039,27.196,1257992.0
2025-09-26 14:45:00+00:00,27.196,27.331,27.051,27.153,630645.0
2025-09-26 15:00:00+00:00,27.153,27.406,27.128,27.341,429148.0
2025-09-26 15:15:00+00:00,27.342,27.574,27.289,27.494,401726.0
2025-09-26 15:30:00+00:00,27.494,27.872,27.487,27.836,754927.0
2025-09-26 15:45:00+00:00,27.836,27.901,27.709,27.872,464501.0
2025-09-26 16:00:00+00:00,27.872,28.072,27.808,27.965,515833.0
2025-09-26 16:15:00+00:00,27.964,28.238,27.882,28.213,648576.0
2025-09-26 16:30:00+00:00,28.213,28.614,28.198,28.577,990309.0
2025-09-26 16:45:00+00:00,28.577,28.862,28.283,28.79,666643.0
2025-09-26 17:00:00+00:00,28.788,28.977,28.651,28.887,792935.0
2025-09-26 17:15:00+00:00,28.887,29.348,28.818,29.321,730087.0
2025-09-26 17:30:00+00:00,29.322,29.513,29.176,29.365,957661.0
2025-09-26 17:45:00+00:00,29.366,29.58,29.278,29.496,720248.0
2025-09-26 18:00:00+00:00,29.496,29.528,29.291,29.424,600613.0
2025-09-26 18:15:00+00:00,29.424,29.511,29.323,29.345,412266.0
2025-09-26 18:30:00+00:00,29.346,29.359,28.948,29.074,695254.0
2025-09-26 18:45:00+00:00,29.075,29.219,29.019,29.094,396191.0
2025-09-26 19:00:00+00:00,29.093,29.093,28.898,29.035,373109.0
2025-09-26 19:15:00+00:00,29.036,29.29,28.966,29.008,471948.0
2025-09-26 19:30:00+00:00,29.009,29.069,28.558,28.611,828001.0
2025-09-26 19:45:00+00:00,28.611,28.748,28.48,28.698,593172.0
2025-09-26 20:00:00+00:00,28.698,28.819,28.613,28.81,275399.0
2025-09-26 20:15:00+00:00,28.81,28.815,28.608,28.65,219206.0
2025-09-26 20:30:00+00:00,28.649,28.721,28.579,28.595,168974.0
2025-09-26 20:45:00+00:00,28.594,28.74,28.587,28.679,166222.0
2025-09-26 21:00:00+00:00,28.679,28.743,28.609,28.729,146198.0
2025-09-26 21:15:00+00:00,28.729,28.757,28.619,28.746,140899.0
2025-09-26 21:30:00+00:00,28.745,28.775,28.657,28.658,159875.0
2025-09-26 21:45:00+00:00,28.659,28.746,28.606,28.7,129470.0
2025-09-26 22:00:00+00:00,28.7,28.877,28.686,28.861,246920.0
2025-09-26 22:15:00+00:00,28.862,28.963,28.835,28.921,295715.0
2025-09-26 22:30:00+00:00,28.921,28.973,28.844,28.844,214634.0
2025-09-26 22:45:00+00:00,28.845,28.894,28.818,28.857,131354.0
2025-09-26 23:00:00+00:00,28.858,28.887,28.708,28.814,210544.0
2025-09-26 23:15:00+00:00,28.815,28.925,28.805,28.899,124294.0
2025-09-26 23:30:00+00:00,28.898,29.023,28.892,29.002,183404.0
2025-09-26 23:45:00+00:00,29.002,29.118,28.97,29.081,246652.0
2025-09-27 00:00:00+00:00,29.081,29.086,28.947,28.986,260786.0
2025-09-27 00:15:00+00:00,28.986,29.026,28.9,28.972,140252.0
2025-09-27 00:30:00+00:00,28.973,29.012,28.916,28.979,134285.0
2025-09-27 00:45:00+00:00,28.98,28.997,28.923,28.962,94274.0
2025-09-27 01:00:00+00:00,28.961,28.98,28.777,28.794,218597.0
2025-09-27 01:15:00+00:00,28.794,28.822,28.726,28.778,211492.0
2025-09-27 01:30:00+00:00,28.778,28.89,28.77,28.849,125408.0
2025-09-27 01:45:00+00:00,28.849,28.954,28.819,28.93,85432.0
2025-09-27 02:00:00+00:00,28.929,28.955,28.841,28.903,95465.0
2025-09-27 02:15:00+00:00,28.904,28.908,28.823,28.869,67544.0
2025-09-27 02:30:00+00:00,28.868,28.882,28.808,28.855,69848.0
2025-09-27 02:45:00+00:00,28.856,28.859,28.749,28.782,75961.0
2025-09-27 03:00:00+00:00,28.781,28.886,28.759,28.777,98538.0
2025-09-27 03:15:00+00:00,28.776,28.926,28.77,28.918,104067.0
2025-09-27 03:30:00+00:00,28.918,28.967,28.826,28.834,94978.0
2025-09-27 03:45:00+00:00,28.833,28.833,28.641,28.736,253842.0
2025-09-27 04:00:00+00:00,28.735,28.833,28.709,28.797,137082.0
2025-09-27 04:15:00+00:00,28.796,28.89,28.78,28.882,73571.0
2025-09-27 04:30:00+00:00,28.882,28.882,28.801,28.813,63491.0
2025-09-27 04:45:00+00:00,28.813,28.959,28.79,28.938,91372.0
2025-09-27 05:00:00+00:00,28.937,28.941,28.801,28.847,97378.0
2025-09-27 05:15:00+00:00,28.846,28.909,28.832,28.841,52331.0
2025-09-27 05:30:00+00:00,28.841,28.856,28.79,28.834,82631.0
2025-09-27 05:45:00+00:00,28.835,28.851,28.767,28.77,123450.0
2025-09-27 06:00:00+00:00,28.769,28.786,28.694,28.741,108351.0
2025-09-27 06:15:00+00:00,28.74,28.764,28.712,28.728,67798.0
2025-09-27 06:30:00+00:00,28.728,28.751,28.68,28.708,58207.0
2025-09-27 06:45:00+00:00,28.707,28.787,28.682,28.787,55790.0
2025-09-27 07:00:00+00:00,28.787,28.821,28.683,28.758,99235.0
2025-09-27 07:15:00+00:00,28.758,28.791,28.706,28.725,57232.0
2025-09-27 07:30:00+00:00,28.724,28.736,28.596,28.644,191308.0
2025-09-27 07:45:00+00:00,28.644,28.684,28.615,28.661,54767.0
2025-09-27 08:00:00+00:00,28.662,28.662,28.501,28.565,221257.0
2025-09-27 08:15:00+00:00,28.565,28.62,28.533,28.59,114520.0
2025-09-27 08:30:00+00:00,28.589,28.628,28.541,28.562,93265.0
2025-09-27 08:45:00+00:00,28.562,28.584,28.387,28.399,205172.0
2025-09-27 09:00:00+00:00,28.4,28.42,28.277,28.349,281889.0
2025-09-27 09:15:00+00:00,28.35,28.413,28.317,28.355,126509.0
2025-09-27 09:30:00+00:00,28.355,28.472,28.352,28.397,104819.0
2025-09-27 09:45:00+00:00,28.397,28.48,28.377,28.47,105289.0
2025-09-27 10:00:00+00:00,28.47,28.491,28.413,28.423,103281.0
2025-09-27 10:15:00+00:00,28.423,28.45,28.365,28.384,55808.0
2025-09-27 10:30:00+00:00,28.384,28.541,28.358,28.443,189703.0
2025-09-27 10:45:00+00:00,28.442,28.488,28.372,28.372,102572.0
2025-09-27 11:00:00+00:00,28.372,28.452,28.299,28.318,159471.0
2025-09-27 11:15:00+00:00,28.318,28.402,28.314,28.388,142571.0
2025-09-27 11:30:00+00:00,28.387,28.42,28.341,28.347,59307.0
2025-09-27 11:45:00+00:00,28.346,28.358,28.304,28.335,85931.0
2025-09-27 12:00:00+00:00,28.335,28.366,28.221,28.274,182791.0
2025-09-27 12:15:00+00:00,28.274,28.319,28.252,28.313,101762.0
2025-09-27 12:30:00+00:00,28.313,28.402,28.301,28.37,106958.0
2025-09-27 12:45:00+00:00,28.369,28.444,28.343,28.419,198515.0
2025-09-27 13:00:00+00:00,28.418,28.424,28.288,28.288,119134.0
2025-09-27 13:15:00+00:00,28.288,28.388,28.286,28.35,138325.0
2025-09-27 13:30:00+00:00,28.351,28.497,28.325,28.492,173345.0
2025-09-27 13:45:00+00:00,28.494,28.517,28.401,28.452,190264.0
2025-09-27 14:00:00+00:00,28.452,28.566,28.389,28.562,130147.0
2025-09-27 14:15:00+00:00,28.562,28.628,28.51,28.62,194967.0
2025-09-27 14:30:00+00:00,28.619,28.832,28.615,28.651,339415.0
2025-09-27 14:45:00+00:00,28.65,28.744,28.535,28.744,201600.0
2025-09-27 15:00:00+00:00,28.744,28.755,28.348,28.455,403402.0
2025-09-27 15:15:00+00:00,28.456,28.605,28.43,28.571,160526.0
2025-09-27 15:30:00+00:00,28.571,28.705,28.51,28.605,163986.0
2025-09-27 15:45:00+00:00,28.604,28.708,28.582,28.674,130039.0
2025-09-27 16:00:00+00:00,28.675,28.708,28.594,28.647,127370.0
2025-09-27 16:15:00+00:00,28.647,28.718,28.591,28.623,122326.0
2025-09-27 16:30:00+00:00,28.623,28.78,28.599,28.672,121505.0
2025-09-27 16:45:00+00:00,28.672,28.719,28.532,28.607,144941.0
2025-09-27 17:00:00+00:00,28.608,28.615,28.465,28.503,206704.0
2025-09-27 17:15:00+00:00,28.503,28.511,28.392,28.478,186382.0
2025-09-27 17:30:00+00:00,28.479,28.679,28.454,28.664,156730.0
2025-09-27 17:45:00+00:00,28.665,28.673,28.539,28.617,96309.0
2025-09-27 18:00:00+00:00,28.618,28.684,28.552,28.607,129625.0
2025-09-27 18:15:00+00:00,28.607,28.661,28.565,28.613,66711.0
2025-09-27 18:30:00+00:00,28.613,28.639,28.445,28.505,121768.0
2025-09-27 18:45:00+00:00,28.505,28.587,28.494,28.542,64684.0
2025-09-27 19:00:00+00:00,28.542,28.542,28.465,28.488,64509.0
2025-09-27 19:15:00+00:00,28.49,28.653,28.473,28.612,67805.0
2025-09-27 19:30:00+00:00,28.612,28.628,28.545,28.557,107728.0
2025-09-27 19:45:00+00:00,28.556,28.777,28.545,28.752,135211.0
2025-09-27 20:00:00+00:00,28.752,28.823,28.675,28.755,100728.0
2025-09-27 20:15:00+00:00,28.756,28.758,28.667,28.681,61206.0
2025-09-27 20:30:00+00:00,28.682,28.746,28.652,28.653,62189.0
2025-09-27 20:45:00+00:00,28.653,28.683,28.59,28.682,56363.0
2025-09-27 21:00:00+00:00,28.683,28.706,28.623,28.674,67563.0
2025-09-27 21:15:00+00:00,28.673,28.7,28.644,28.685,69910.0
2025-09-27 21:30:00+00:00,28.685,28.728,28.651,28.675,64166.0
2025-09-27 21:45:00+00:00,28.676,28.779,28.676,28.746,49053.0
2025-09-27 22:00:00+00:00,28.747,28.913,28.736,28.881,130591.0
2025-09-27 22:15:00+00:00,28.881,28.961,28.865,28.944,121999.0
2025-09-27 22:30:00+00:00,28.945,28.957,28.843,28.843,84602.0
2025-09-27 22:45:00+00:00,28.842,28.846,28.739,28.842,93406.0
2025-09-27 23:00:00+00:00,28.842,28.915,28.745,28.796,166664.0
2025-09-27 23:15:00+00:00,28.795,28.802,28.726,28.751,87289.0
2025-09-27 23:30:00+00:00,28.751,28.813,28.721,28.787,54030.0
2025-09-27 23:45:00+00:00,28.786,28.814,28.719,28.736,58649.0
2025-09-28 00:00:00+00:00,28.735,28.796,28.623,28.694,170052.0
2025-09-28 00:15:00+00:00,28.692,28.877,28.659,28.838,108546.0
2025-09-28 00:30:00+00:00,28.838,28.857,28.679,28.735,109558.0
2025-09-28 00:45:00+00:00,28.734,28.741,28.651,28.683,119064.0
2025-09-28 01:00:00+00:00,28.684,28.723,28.644,28.678,69896.0
2025-09-28 01:15:00+00:00,28.68,28.768,28.658,28.7,86593.0
2025-09-28 01:30:00+00:00,28.699,28.708,28.429,28.465,203495.0
2025-09-28 01:45:00+00:00,28.465,28.505,28.422,28.482,96268.0
2025-09-28 02:00:00+00:00,28.481,28.52,28.459,28.492,64445.0
2025-09-28 02:15:00+00:00,28.492,28.519,28.469,28.494,54566.0
2025-09-28 02:30:00+00:00,28.494,28.528,28.355,28.362,112954.0
2025-09-28 02:45:00+00:00,28.362,28.362,28.278,28.298,109250.0
2025-09-28 03:00:00+00:00,28.298,28.375,28.298,28.311,77012.0
2025-09-28 03:15:00+00:00,28.311,28.345,28.255,28.296,66291.0
2025-09-28 03:30:00+00:00,28.297,28.331,28.179,28.245,128149.0
2025-09-28 03:45:00+00:00,28.245,28.269,28.215,28.254,47998.0
2025-09-28 04:00:00+00:00,28.254,28.353,28.203,28.244,91675.0
2025-09-28 04:15:00+00:00,28.243,28.286,28.193,28.206,54480.0
2025-09-28 04:30:00+00:00,28.206,28.334,28.192,28.327,71177.0
2025-09-28 04:45:00+00:00,28.326,28.35,28.301,28.35,50342.0
2025-09-28 05:00:00+00:00,28.349,28.414,28.232,28.25,105421.0
2025-09-28 05:15:00+00:00,28.249,28.342,28.24,28.336,64904.0
2025-09-28 05:30:00+00:00,28.337,28.376,28.261,28.27,91620.0
2025-09-28 05:45:00+00:00,28.269,28.286,28.216,28.252,43926.0
2025-09-28 06:00:00+00:00,28.252,28.311,28.219,28.245,75466.0
2025-09-28 06:15:00+00:00,28.244,28.27,28.073,28.107,176723.0
2025-09-28 06:30:00+00:00,28.108,28.324,28.081,28.269,154816.0
2025-09-28 06:45:00+00:00,28.269,28.292,28.183,28.217,72367.0
2025-09-28 07:00:00+00:00,28.217,28.273,28.132,28.202,81891.0
2025-09-28 07:15:00+00:00,28.202,28.393,28.189,28.319,119325.0
2025-09-28 07:30:00+00:00,28.319,28.381,28.296,28.333,67978.0
2025-09-28 07:45:00+00:00,28.332,28.397,28.3,28.37,56938.0
2025-09-28 08:00:00+00:00,28.369,28.413,28.259,28.265,86759.0
2025-09-28 08:15:00+00:00,28.266,28.288,28.193,28.263,105969.0
2025-09-28 08:30:00+00:00,28.264,28.31,28.208,28.294,65915.0
2025-09-28 08:45:00+00:00,28.293,28.479,28.28,28.287,217461.0
2025-09-28 09:00:00+00:00,28.287,28.336,28.23,28.259,139348.0
2025-09-28 09:15:00+00:00,28.258,28.274,28.144,28.236,284032.0
2025-09-28 09:30:00+00:00,28.236,28.776,28.224,28.753,307658.0
2025-09-28 09:45:00+00:00,28.754,28.765,28.285,28.331,525564.0
2025-09-28 10:00:00+00:00,28.332,28.349,28.202,28.227,145135.0
2025-09-28 10:15:00+00:00,28.226,28.259,28.176,28.201,77286.0
2025-09-28 10:30:00+00:00,28.2,28.388,28.183,28.304,99678.0
2025-09-28 10:45:00+00:00,28.303,28.339,28.226,28.26,56076.0
2025-09-28 11:00:00+00:00,28.26,28.303,28.242,28.25,66637.0
2025-09-28 11:15:00+00:00,28.25,28.286,28.108,28.115,161890.0
2025-09-28 11:30:00+00:00,28.115,28.197,28.08,28.107,118664.0
2025-09-28 11:45:00+00:00,28.106,28.132,28.03,28.111,131304.0
2025-09-28 12:00:00+00:00,28.111,28.121,27.968,28.051,183118.0
2025-09-28 12:15:00+00:00,28.051,28.091,27.999,28.047,108529.0
2025-09-28 12:30:00+00:00,28.047,28.05,27.92,27.938,154466.0
2025-09-28 12:45:00+00:00,27.939,28.089,27.919,28.033,135409.0
2025-09-28 13:00:00+00:00,28.032,28.261,28.006,28.185,192493.0
2025-09-28 13:15:00+00:00,28.186,28.513,28.155,28.431,298235.0
2025-09-28 13:30:00+00:00,28.431,28.554,28.399,28.537,157271.0
2025-09-28 13:45:00+00:00,28.538,28.898,28.44,28.881,442875.0
2025-09-28 14:00:00+00:00,28.882,28.905,28.707,28.766,346448.0
2025-09-28 14:15:00+00:00,28.766,28.832,28.75,28.797,233162.0
2025-09-28 14:30:00+00:00,28.798,28.811,28.716,28.748,112543.0
2025-09-28 14:45:00+00:00,28.749,28.925,28.708,28.847,377449.0
2025-09-28 15:00:00+00:00,28.846,28.899,28.611,28.749,446459.0
2025-09-28 15:15:00+00:00,28.749,28.778,28.708,28.76,84304.0
2025-09-28 15:30:00+00:00,28.76,28.778,28.703,28.772,75554.0
2025-09-28 15:45:00+00:00,28.772,28.829,28.73,28.807,114468.0
2025-09-28 16:00:00+00:00,28.807,29.046,28.792,28.858,374282.0
2025-09-28 16:15:00+00:00,28.859,29.158,28.813,29.078,542860.0
2025-09-28 16:30:00+00:00,29.079,29.112,28.885,28.937,235518.0
2025-09-28 16:45:00+00:00,28.936,28.996,28.92,28.977,84367.0
2025-09-28 17:00:00+00:00,28.976,29.028,28.855,28.932,230197.0
2025-09-28 17:15:00+00:00,28.933,28.958,28.836,28.897,135474.0
2025-09-28 17:30:00+00:00,28.898,28.961,28.819,28.957,107098.0
2025-09-28 17:45:00+00:00,28.957,29.03,28.883,28.954,135474.0
2025-09-28 18:00:00+00:00,28.955,28.978,28.892,28.926,107025.0
2025-09-28 18:15:00+00:00,28.927,28.959,28.882,28.896,59194.0
2025-09-28 18:30:00+00:00,28.897,28.966,28.893,28.948,58931.0
2025-09-28 18:45:00+00:00,28.948,28.991,28.927,28.987,55562.0
2025-09-28 19:00:00+00:00,28.988,28.992,28.906,28.917,91601.0
2025-09-28 19:15:00+00:00,28.918,28.992,28.901,28.966,49417.0
2025-09-28 19:30:00+00:00,28.966,29.026,28.96,28.989,58170.0
2025-09-28 19:45:00+00:00,28.989,29.017,28.963,29.0,45719.0
2025-09-28 20:00:00+00:00,28.999,29.041,28.966,29.04,58190.0
2025-09-28 20:15:00+00:00,29.041,29.142,29.021,29.132,111411.0
2025-09-28 20:30:00+00:00,29.132,29.299,29.122,29.214,197074.0
2025-09-28 20:45:00+00:00,29.214,29.285,29.102,29.108,148030.0
2025-09-28 21:00:00+00:00,29.108,29.221,29.1,29.125,102922.0
2025-09-28 21:15:00+00:00,29.126,29.164,29.107,29.112,94279.0
2025-09-28 21:30:00+00:00,29.111,29.125,28.986,28.999,121663.0
2025-09-28 21:45:00+00:00,28.999,29.029,28.945,29.015,64292.0
2025-09-28 22:00:00+00:00,29.015,29.393,29.015,29.297,410840.0
2025-09-28 22:15:00+00:00,29.291,29.506,29.291,29.422,241025.0
2025-09-28 22:30:00+00:00,29.423,29.527,29.409,29.503,183416.0
2025-09-28 22:45:00+00:00,29.502,29.931,29.473,29.787,931492.0
2025-09-28 23:00:00+00:00,29.787,30.063,29.776,29.904,660639.0
2025-09-28 23:15:00+00:00,29.901,30.156,29.807,30.07,413669.0
2025-09-28 23:30:00+00:00,30.071,30.178,29.803,30.029,439545.0
2025-09-28 23:45:00+00:00,30.029,30.085,29.857,29.979,286398.0
2025-09-29 00:00:00+00:00,29.98,30.059,29.893,29.965,292905.0
2025-09-29 00:15:00+00:00,29.964,30.219,29.85,30.131,340702.0
2025-09-29 00:30:00+00:00,30.131,30.194,29.901,30.038,272089.0
2025-09-29 00:45:00+00:00,30.038,30.127,29.949,29.95,123005.0
2025-09-29 01:00:00+00:00,29.95,30.026,29.814,29.977,291717.0
2025-09-29 01:15:00+00:00,29.976,30.042,29.7,29.738,265217.0
2025-09-29 01:30:00+00:00,29.738,29.799,29.68,29.73,177780.0
2025-09-29 01:45:00+00:00,29.73,29.754,29.567,29.578,207773.0
2025-09-29 02:00:00+00:00,29.577,29.584,29.415,29.545,317914.0
2025-09-29 02:15:00+00:00,29.544,29.672,29.432,29.644,247478.0
2025-09-29 02:30:00+00:00,29.643,29.768,29.581,29.585,269530.0
2025-09-29 02:45:00+00:00,29.585,29.785,29.561,29.769,153334.0
2025-09-29 03:00:00+00:00,29.77,29.78,29.623,29.642,162862.0
2025-09-29 03:15:00+00:00,29.642,29.733,29.621,29.722,85913.0
2025-09-29 03:30:00+00:00,29.723,29.752,29.702,29.71,56823.0
2025-09-29 03:45:00+00:00,29.71,29.748,29.673,29.747,91857.0
2025-09-29 04:00:00+00:00,29.747,29.775,29.677,29.692,104225.0
2025-09-29 04:15:00+00:00,29.693,29.737,29.6,29.603,85401.0
2025-09-29 04:30:00+00:00,29.603,29.676,29.485,29.622,212190.0
2025-09-29 04:45:00+00:00,29.621,29.642,29.506,29.52,134378.0
2025-09-29 05:00:00+00:00,29.52,29.532,29.316,29.344,399430.0
2025-09-29 05:15:00+00:00,29.343,29.35,29.247,29.32,190694.0
2025-09-29 05:30:00+00:00,29.32,29.424,29.297,29.392,94899.0
2025-09-29 05:45:00+00:00,29.396,29.416,29.359,29.39,42129.0
2025-09-29 06:00:00+00:00,29.391,29.482,29.305,29.33,216175.0
2025-09-29 06:15:00+00:00,29.329,29.49,29.3,29.351,130797.0
2025-09-29 06:30:00+00:00,29.352,29.579,29.343,29.575,134324.0
2025-09-29 06:45:00+00:00,29.574,29.628,29.494,29.526,193893.0
2025-09-29 07:00:00+00:00,29.526,29.535,29.442,29.445,97160.0
2025-09-29 07:15:00+00:00,29.444,29.462,29.311,29.426,151834.0
2025-09-29 07:30:00+00:00,29.425,29.698,29.418,29.669,173989.0
2025-09-29 07:45:00+00:00,29.668,29.792,29.538,29.561,262399.0
2025-09-29 08:00:00+00:00,29.56,29.655,29.5,29.602,178102.0
2025-09-29 08:15:00+00:00,29.602,29.71,29.534,29.707,154746.0
2025-09-29 08:30:00+00:00,29.707,29.787,29.68,29.752,219060.0
2025-09-29 08:45:00+00:00,29.751,29.905,29.745,29.76,187099.0
2025-09-29 09:00:00+00:00,29.759,29.973,29.753,29.839,260939.0
2025-09-29 09:15:00+00:00,29.838,29.988,29.762,29.839,231099.0
2025-09-29 09:30:00+00:00,29.839,29.852,29.675,29.691,135120.0
2025-09-29 09:45:00+00:00,29.69,29.809,29.652,29.796,165214.0
2025-09-29 10:00:00+00:00,29.795,29.904,29.704,29.812,176727.0
2025-09-29 10:15:00+00:00,29.812,29.89,29.76,29.798,149301.0
2025-09-29 10:30:00+00:00,29.798,29.798,29.44,29.469,303064.0
2025-09-29 10:45:00+00:00,29.469,29.515,29.351,29.368,189765.0
2025-09-29 11:00:00+00:00,29.368,29.378,29.128,29.183,413570.0
2025-09-29 11:15:00+00:00,29.183,29.484,29.179,29.459,398764.0
2025-09-29 11:30:00+00:00,29.459,29.875,29.443,29.833,616516.0
2025-09-29 11:45:00+00:00,29.833,29.841,29.654,29.675,161551.0
2025-09-29 12:00:00+00:00,29.675,29.752,29.58,29.659,192755.0
2025-09-29 12:15:00+00:00,29.659,29.858,29.648,29.816,147498.0
2025-09-29 12:30:00+00:00,29.817,29.861,29.434,29.449,363623.0
2025-09-29 12:45:00+00:00,29.449,29.523,29.3,29.32,276721.0
2025-09-29 13:00:00+00:00,29.319,29.368,29.144,29.297,303817.0
2025-09-29 13:15:00+00:00,29.296,29.306,29.175,29.205,169627.0
2025-09-29 13:30:00+00:00,29.205,29.675,29.158,29.669,369396.0
2025-09-29 13:45:00+00:00,29.669,29.778,29.527,29.653,486023.0
2025-09-29 14:00:00+00:00,29.654,30.228,29.564,30.216,618434.0
2025-09-29 14:15:00+00:00,30.218,30.273,29.888,30.0,618860.0
2025-09-29 14:30:00+00:00,29.999,30.162,29.868,30.116,399548.0
2025-09-29 14:45:00+00:00,30.116,30.241,30.108,30.176,400178.0
2025-09-29 15:00:00+00:00,30.175,30.401,30.113,30.154,614965.0
2025-09-29 15:15:00+00:00,30.154,30.479,30.047,30.266,654680.0
2025-09-29 15:30:00+00:00,30.267,30.538,30.179,30.426,632984.0
2025-09-29 15:45:00+00:00,30.426,30.478,30.264,30.443,457293.0
2025-09-29 16:00:00+00:00,30.443,30.692,30.443,30.578,652860.0
2025-09-29 16:15:00+00:00,30.58,30.701,30.35,30.364,380302.0
2025-09-29 16:30:00+00:00,30.364,30.532,30.307,30.346,254724.0
2025-09-29 16:45:00+00:00,30.347,30.354,30.093,30.108,289832.0
2025-09-29 17:00:00+00:00,30.108,30.242,30.021,30.155,342040.0
2025-09-29 17:15:00+00:00,30.157,30.279,30.01,30.181,243229.0
2025-09-29 17:30:00+00:00,30.182,30.344,30.125,30.261,211766.0
2025-09-29 17:45:00+00:00,30.261,30.499,30.252,30.445,287535.0
2025-09-29 18:00:00+00:00,30.445,30.456,30.258,30.28,260482.0
2025-09-29 18:15:00+00:00,30.281,30.342,30.114,30.228,244201.0
2025-09-29 18:30:00+00:00,30.228,30.305,30.188,30.3,162630.0
2025-09-29 18:45:00+00:00,30.3,30.36,30.253,30.347,170341.0
2025-09-29 19:00:00+00:00,30.348,30.491,30.246,30.416,257403.0
2025-09-29 19:15:00+00:00,30.416,30.439,30.268,30.395,232081.0
2025-09-29 19:30:00+00:00,30.395,30.404,30.28,30.399,125176.0
2025-09-29 19:45:00+00:00,30.398,30.562,30.353,30.464,249132.0
2025-09-29 20:00:00+00:00,30.465,30.723,30.421,30.681,294573.0
2025-09-29 20:15:00+00:00,30.682,30.738,30.54,30.575,279900.0
2025-09-29 20:30:00+00:00,30.576,30.782,30.561,30.746,265652.0
2025-09-29 20:45:00+00:00,30.746,30.816,30.664,30.714,179640.0
2025-09-29 21:00:00+00:00,30.715,30.763,30.6,30.626,211021.0
2025-09-29 21:15:00+00:00,30.627,30.705,30.6,30.699,78305.0
2025-09-29 21:30:00+00:00,30.697,30.714,30.612,30.663,96021.0
2025-09-29 21:45:00+00:00,30.666,30.68,30.527,30.529,114758.0
2025-09-29 22:00:00+00:00,30.53,30.583,30.444,30.555,209661.0
2025-09-29 22:15:00+00:00,30.555,30.6,30.481,30.536,86787.0
2025-09-29 22:30:00+00:00,30.537,30.59,30.435,30.509,85968.0
2025-09-29 22:45:00+00:00,30.509,30.54,30.456,30.468,77149.0
2025-09-29 23:00:00+00:00,30.469,30.521,30.338,30.379,186349.0
2025-09-29 23:15:00+00:00,30.38,30.429,30.34,30.384,95645.0
2025-09-29 23:30:00+00:00,30.383,30.421,30.365,30.399,75629.0
2025-09-29 23:45:00+00:00,30.4,30.469,30.376,30.394,151665.0
2025-09-30 00:00:00+00:00,30.393,30.691,30.37,30.537,329873.0
2025-09-30 00:15:00+00:00,30.536,30.54,30.384,30.416,187996.0
2025-09-30 00:30:00+00:00,30.415,30.612,30.403,30.553,163021.0
2025-09-30 00:45:00+00:00,30.552,30.69,30.363,30.399,276260.0
2025-09-30 01:00:00+00:00,30.399,30.435,29.954,30.145,787219.0
2025-09-30 01:15:00+00:00,30.145,30.249,30.112,30.122,174352.0
2025-09-30 01:30:00+00:00,30.123,30.123,29.961,29.961,176348.0
2025-09-30 01:45:00+00:00,29.961,30.006,29.874,29.982,187910.0
2025-09-30 02:00:00+00:00,29.983,30.017,29.924,29.943,118462.0
2025-09-30 02:15:00+00:00,29.944,30.01,29.882,29.939,161134.0
2025-09-30 02:30:00+00:00,29.939,30.018,29.913,29.97,82072.0
2025-09-30 02:45:00+00:00,29.971,30.021,29.816,29.868,142888.0
2025-09-30 03:00:00+00:00,29.867,29.977,29.825,29.898,111648.0
2025-09-30 03:15:00+00:00,29.897,29.994,29.885,29.959,62381.0
2025-09-30 03:30:00+00:00,29.959,29.994,29.91,29.994,52251.0
2025-09-30 03:45:00+00:00,29.995,30.005,29.829,29.861,83521.0
2025-09-30 04:00:00+00:00,29.862,29.871,29.801,29.813,84365.0
2025-09-30 04:15:00+00:00,29.812,29.877,29.784,29.828,115381.0
2025-09-30 04:30:00+00:00,29.829,29.875,29.792,29.859,83670.0
2025-09-30 04:45:00+00:00,29.859,29.868,29.752,29.775,93087.0
2025-09-30 05:00:00+00:00,29.775,29.914,29.761,29.834,165342.0
2025-09-30 05:15:00+00:00,29.833,29.92,29.772,29.92,155679.0
2025-09-30 05:30:00+00:00,29.919,29.927,29.778,29.781,96701.0
2025-09-30 05:45:00+00:00,29.781,29.829,29.697,29.759,121318.0
2025-09-30 06:00:00+00:00,29.758,29.76,29.645,29.71,180892.0
2025-09-30 06:15:00+00:00,29.71,29.729,29.648,29.7,74466.0
2025-09-30 06:30:00+00:00,29.7,29.848,29.689,29.793,92735.0
2025-09-30 06:45:00+00:00,29.794,29.795,29.696,29.715,72682.0
2025-09-30 07:00:00+00:00,29.715,29.761,29.612,29.629,166901.0
2025-09-30 07:15:00+00:00,29.628,29.639,29.521,29.53,192894.0
2025-09-30 07:30:00+00:00,29.53,29.53,29.414,29.448,290784.0
2025-09-30 07:45:00+00:00,29.449,29.552,29.417,29.504,99962.0
2025-09-30 08:00:00+00:00,29.503,29.554,29.444,29.521,118985.0
2025-09-30 08:15:00+00:00,29.52,29.566,29.497,29.509,56785.0
2025-09-30 08:30:00+00:00,29.509,29.527,29.436,29.452,98236.0
2025-09-30 08:45:00+00:00,29.452,29.463,29.317,29.336,194387.0
2025-09-30 09:00:00+00:00,29.336,29.342,29.182,29.212,351852.0
2025-09-30 09:15:00+00:00,29.211,29.412,29.197,29.407,191288.0
2025-09-30 09:30:00+00:00,29.406,29.531,29.337,29.368,266295.0
2025-09-30 09:45:00+00:00,29.367,29.373,29.29,29.35,122132.0
2025-09-30 10:00:00+00:00,29.349,29.514,29.28,29.513,419333.0
2025-09-30 10:15:00+00:00,29.513,29.757,29.466,29.485,470057.0
2025-09-30 10:30:00+00:00,29.485,29.568,29.391,29.491,211320.0
2025-09-30 10:45:00+00:00,29.491,29.641,29.481,29.574,142829.0
2025-09-30 11:00:00+00:00,29.575,29.634,29.462,29.499,115150.0
2025-09-30 11:15:00+00:00,29.499,29.524,29.391,29.446,98302.0
2025-09-30 11:30:00+00:00,29.446,29.509,29.415,29.483,106709.0
2025-09-30 11:45:00+00:00,29.482,29.486,29.417,29.422,125823.0
2025-09-30 12:00:00+00:00,29.421,29.421,29.332,29.341,104800.0
2025-09-30 12:15:00+00:00,29.34,29.397,29.328,29.371,77720.0
2025-09-30 12:30:00+00:00,29.37,29.377,29.302,29.336,78679.0
2025-09-30 12:45:00+00:00,29.336,29.368,29.239,29.241,107842.0
2025-09-30 13:00:00+00:00,29.242,29.262,29.063,29.142,398571.0
2025-09-30 13:15:00+00:00,29.14,29.276,29.109,29.227,172264.0
2025-09-30 13:30:00+00:00,29.227,29.381,29.118,29.355,262311.0
2025-09-30 13:45:00+00:00,29.354,29.458,29.091,29.164,293736.0
2025-09-30 14:00:00+00:00,29.163,29.223,29.001,29.139,273620.0
2025-09-30 14:15:00+00:00,29.138,29.227,29.055,29.109,147438.0
2025-09-30 14:30:00+00:00,29.11,29.213,29.082,29.173,127023.0
2025-09-30 14:45:00+00:00,29.172,29.337,29.128,29.308,203299.0
2025-09-30 15:00:00+00:00,29.307,29.337,29.051,29.059,381488.0
2025-09-30 15:15:00+00:00,29.059,29.099,28.81,28.898,591779.0
2025-09-30 15:30:00+00:00,28.898,29.047,28.884,28.966,194961.0
2025-09-30 15:45:00+00:00,28.968,29.104,28.911,29.057,164940.0
2025-09-30 16:00:00+00:00,29.056,29.059,28.942,28.966,168759.0
2025-09-30 16:15:00+00:00,28.967,29.075,28.93,28.988,115104.0
2025-09-30 16:30:00+00:00,28.988,29.004,28.844,28.863,134218.0
2025-09-30 16:45:00+00:00,28.864,28.94,28.808,28.846,131136.0
2025-09-30 17:00:00+00:00,28.845,29.002,28.827,28.982,159165.0
2025-09-30 17:15:00+00:00,28.981,29.006,28.909,28.978,109958.0
2025-09-30 17:30:00+00:00,28.978,29.144,28.89,28.924,308965.0
2025-09-30 17:45:00+00:00,28.923,29.012,28.884,28.95,111044.0
2025-09-30 18:00:00+00:00,28.952,29.197,28.859,29.164,265593.0
2025-09-30 18:15:00+00:00,29.164,29.276,29.108,29.272,203861.0
2025-09-30 18:30:00+00:00,29.271,29.37,29.204,29.352,240900.0
2025-09-30 18:45:00+00:00,29.352,29.488,29.278,29.462,242425.0
2025-09-30 19:00:00+00:00,29.462,29.592,29.409,29.504,311789.0
2025-09-30 19:15:00+00:00,29.504,29.724,29.4,29.661,260022.0
2025-09-30 19:30:00+00:00,29.662,30.067,29.654,29.919,472549.0
2025-09-30 19:45:00+00:00,29.92,30.084,29.868,30.01,330413.0
2025-09-30 20:00:00+00:00,30.011,30.082,29.862,29.893,302004.0
2025-09-30 20:15:00+00:00,29.894,30.026,29.881,29.943,132205.0
2025-09-30 20:30:00+00:00,29.944,30.03,29.907,29.998,106493.0
2025-09-30 20:45:00+00:00,30.0,30.264,29.989,30.257,335651.0
2025-09-30 21:00:00+00:00,30.258,30.376,30.129,30.149,334891.0
2025-09-30 21:15:00+00:00,30.148,30.25,30.013,30.013,237372.0
2025-09-30 21:30:00+00:00,30.014,30.083,29.981,30.01,137997.0
2025-09-30 21:45:00+00:00,30.011,30.037,29.9,29.9,87926.0
2025-09-30 22:00:00+00:00,29.901,30.058,29.901,30.014,149676.0
2025-09-30 22:15:00+00:00,30.015,30.048,29.986,30.004,80777.0
2025-09-30 22:30:00+00:00,30.004,30.021,29.77,29.865,305051.0
2025-09-30 22:45:00+00:00,29.864,29.966,29.8,29.865,155981.0
2025-09-30 23:00:00+00:00,29.865,29.912,29.764,29.844,166483.0
2025-09-30 23:15:00+00:00,29.845,29.995,29.832,29.946,140533.0
2025-09-30 23:30:00+00:00,29.947,29.986,29.882,29.981,73602.0
2025-09-30 23:45:00+00:00,29.982,30.021,29.97,30.012,79338.0
2025-10-01 00:00:00+00:00,30.012,30.09,29.969,30.005,167791.0
2025-10-01 00:15:00+00:00,30.004,30.015,29.928,29.93,108532.0
2025-10-01 00:30:00+00:00,29.93,30.003,29.786,29.841,158193.0
2025-10-01 00:45:00+00:00,29.842,30.025,29.825,29.988,124029.0
2025-10-01 01:00:00+00:00,29.988,30.062,29.95,30.023,80007.0
2025-10-01 01:15:00+00:00,30.022,30.111,29.925,30.09,112070.0
2025-10-01 01:30:00+00:00,30.089,30.128,29.989,30.105,103978.0
2025-10-01 01:45:00+00:00,30.103,30.231,30.099,30.197,154876.0
2025-10-01 02:00:00+00:00,30.196,30.204,29.946,29.989,148013.0
2025-10-01 02:15:00+00:00,29.988,30.07,29.973,30.011,103464.0
2025-10-01 02:30:00+00:00,30.011,30.019,29.904,29.928,85778.0
2025-10-01 02:45:00+00:00,29.93,29.975,29.891,29.934,75484.0
2025-10-01 03:00:00+00:00,29.933,29.963,29.894,29.912,55033.0
2025-10-01 03:15:00+00:00,29.912,29.933,29.809,29.809,96569.0
2025-10-01 03:30:00+00:00,29.81,29.837,29.709,29.713,153281.0
2025-10-01 03:45:00+00:00,29.713,29.713,29.619,29.646,177523.0
2025-10-01 04:00:00+00:00,29.645,29.795,29.611,29.753,148169.0
2025-10-01 04:15:00+00:00,29.753,29.988,29.753,29.982,207057.0
2025-10-01 04:30:00+00:00,29.982,30.025,29.908,29.981,149302.0
2025-10-01 04:45:00+00:00,29.98,30.015,29.852,29.893,177657.0
2025-10-01 05:00:00+00:00,29.894,30.028,29.862,29.93,108932.0
2025-10-01 05:15:00+00:00,29.926,29.991,29.875,29.901,68725.0
2025-10-01 05:30:00+00:00,29.9,29.999,29.87,29.959,46394.0
2025-10-01 05:45:00+00:00,29.959,29.972,29.883,29.884,40686.0
2025-10-01 06:00:00+00:00,29.884,29.916,29.855,29.87,63479.0
2025-10-01 06:15:00+00:00,29.871,29.918,29.698,29.89,213442.0
2025-10-01 06:30:00+00:00,29.89,29.957,29.847,29.864,88213.0
2025-10-01 06:45:00+00:00,29.864,29.869,29.679,29.68,151738.0
2025-10-01 07:00:00+00:00,29.679,29.73,29.666,29.72,97935.0
2025-10-01 07:15:00+00:00,29.72,29.829,29.713,29.825,90202.0
2025-10-01 07:30:00+00:00,29.825,30.039,29.812,30.005,257197.0
2025-10-01 07:45:00+00:00,30.004,30.091,29.995,29.999,154455.0
2025-10-01 08:00:00+00:00,29.999,30.12,29.995,30.08,153347.0
2025-10-01 08:15:00+00:00,30.083,30.273,30.002,30.26,195828.0
2025-10-01 08:30:00+00:00,30.259,30.763,30.259,30.738,799566.0
2025-10-01 08:45:00+00:00,30.737,30.927,30.7,30.871,879564.0
2025-10-01 09:00:00+00:00,30.872,31.037,30.835,30.942,497665.0
2025-10-01 09:15:00+00:00,30.942,31.034,30.754,30.92,451302.0
2025-10-01 09:30:00+00:00,30.92,31.021,30.846,30.997,246724.0
2025-10-01 09:45:00+00:00,30.997,31.074,30.96,31.072,181280.0
2025-10-01 10:00:00+00:00,31.072,31.087,30.593,30.611,415231.0
2025-10-01 10:15:00+00:00,30.612,30.793,30.604,30.747,281337.0
2025-10-01 10:30:00+00:00,30.745,30.768,30.642,30.758,166476.0
2025-10-01 10:45:00+00:00,30.759,30.789,30.667,30.725,126236.0
2025-10-01 11:00:00+00:00,30.726,30.825,30.717,30.816,171556.0
2025-10-01 11:15:00+00:00,30.816,30.861,30.764,30.777,140262.0
2025-10-01 11:30:00+00:00,30.778,30.824,30.713,30.717,99251.0
2025-10-01 11:45:00+00:00,30.718,30.8,30.695,30.782,84191.0
2025-10-01 12:00:00+00:00,30.782,30.822,30.603,30.638,187383.0
2025-10-01 12:15:00+00:00,30.638,30.79,30.537,30.715,467634.0
2025-10-01 12:30:00+00:00,30.714,30.734,30.617,30.626,121559.0
2025-10-01 12:45:00+00:00,30.625,30.644,30.501,30.523,149017.0
2025-10-01 13:00:00+00:00,30.523,30.611,30.507,30.598,132160.0
2025-10-01 13:15:00+00:00,30.598,30.68,30.557,30.568,106635.0
2025-10-01 13:30:00+00:00,30.568,30.581,30.377,30.443,284412.0
2025-10-01 13:45:00+00:00,30.442,30.555,30.339,30.506,284821.0
2025-10-01 14:00:00+00:00,30.506,30.689,30.456,30.629,320781.0
2025-10-01 14:15:00+00:00,30.63,30.727,30.565,30.651,217154.0
2025-10-01 14:30:00+00:00,30.652,30.753,30.627,30.652,297868.0
2025-10-01 14:45:00+00:00,30.651,30.651,30.406,30.434,254132.0
2025-10-01 15:00:00+00:00,30.433,30.516,30.415,30.463,153004.0
2025-10-01 15:15:00+00:00,30.462,30.554,30.419,30.487,159901.0
2025-10-01 15:30:00+00:00,30.488,30.651,30.46,30.591,240968.0
2025-10-01 15:45:00+00:00,30.591,30.6,30.441,30.565,258781.0
2025-10-01 16:00:00+00:00,30.567,30.621,30.489,30.564,222024.0
2025-10-01 16:15:00+00:00,30.564,30.615,30.527,30.569,135396.0
2025-10-01 16:30:00+00:00,30.568,30.61,30.48,30.563,162460.0
2025-10-01 16:45:00+00:00,30.564,30.608,30.448,30.519,194667.0
2025-10-01 17:00:00+00:00,30.519,30.562,30.471,30.472,133224.0
2025-10-01 17:15:00+00:00,30.471,30.555,30.463,30.509,110416.0
2025-10-01 17:30:00+00:00,30.509,30.523,30.475,30.513,78734.0
2025-10-01 17:45:00+00:00,30.513,30.565,30.475,30.51,147309.0
2025-10-01 18:00:00+00:00,30.509,30.595,30.509,30.536,128655.0
2025-10-01 18:15:00+00:00,30.536,30.574,30.496,30.567,86472.0
2025-10-01 18:30:00+00:00,30.566,30.587,30.502,30.51,95338.0
2025-10-01 18:45:00+00:00,30.511,30.62,30.511,30.521,139455.0
2025-10-01 19:00:00+00:00,30.521,30.722,30.508,30.65,246902.0
2025-10-01 19:15:00+00:00,30.65,30.693,30.582,30.681,127064.0
2025-10-01 19:30:00+00:00,30.681,30.699,30.571,30.585,131019.0
2025-10-01 19:45:00+00:00,30.586,30.68,30.578,30.592,129817.0
2025-10-01 20:00:00+00:00,30.592,30.636,30.507,30.545,226764.0
2025-10-01 20:15:00+00:00,30.546,30.617,30.532,30.557,158638.0
2025-10-01 20:30:00+00:00,30.558,30.591,30.523,30.582,66117.0
2025-10-01 20:45:00+00:00,30.582,30.613,30.545,30.556,49351.0
2025-10-01 21:00:00+00:00,30.556,30.603,30.538,30.598,66886.0
2025-10-01 21:15:00+00:00,30.598,30.599,30.506,30.534,65461.0
2025-10-01 21:30:00+00:00,30.534,30.549,30.435,30.52,151061.0
2025-10-01 21:45:00+00:00,30.521,30.591,30.491,30.548,52838.0
2025-10-01 22:00:00+00:00,30.549,30.602,30.491,30.53,143260.0
2025-10-01 22:15:00+00:00,30.531,30.582,30.495,30.541,94283.0
2025-10-01 22:30:00+00:00,30.542,30.546,30.487,30.523,56612.0
2025-10-01 22:45:00+00:00,30.524,30.57,30.473,30.547,155595.0
2025-10-01 23:00:00+00:00,30.547,30.635,30.504,30.576,351987.0
2025-10-01 23:15:00+00:00,30.576,30.635,30.503,30.556,178176.0
2025-10-01 23:30:00+00:00,30.556,30.656,30.539,30.645,193524.0
2025-10-01 23:45:00+00:00,30.647,30.721,30.629,30.72,215449.0
2025-10-02 00:00:00+00:00,30.721,30.851,30.648,30.81,459115.0
2025-10-02 00:15:00+00:00,30.811,30.859,30.624,30.733,343782.0
2025-10-02 00:30:00+00:00,30.731,31.341,30.707,30.742,1181327.0
2025-10-02 00:45:00+00:00,30.742,30.801,30.494,30.536,350832.0
2025-10-02 01:00:00+00:00,30.536,30.598,30.479,30.533,207951.0
2025-10-02 01:15:00+00:00,30.534,30.701,30.5,30.609,209864.0
2025-10-02 01:30:00+00:00,30.607,30.72,30.607,30.709,134741.0
2025-10-02 01:45:00+00:00,30.708,30.99,30.708,30.933,318514.0
2025-10-02 02:00:00+00:00,30.932,31.0,30.72,30.988,287619.0
2025-10-02 02:15:00+00:00,30.987,31.21,30.907,31.21,293862.0
2025-10-02 02:30:00+00:00,31.209,31.347,31.179,31.308,311423.0
2025-10-02 02:45:00+00:00,31.308,31.373,31.18,31.291,270013.0
2025-10-02 03:00:00+00:00,31.291,31.319,31.074,31.097,338562.0
2025-10-02 03:15:00+00:00,31.096,31.096,30.84,30.901,459096.0
2025-10-02 03:30:00+00:00,30.901,30.949,30.774,30.884,234997.0
2025-10-02 03:45:00+00:00,30.884,30.896,30.828,30.856,106466.0
2025-10-02 04:00:00+00:00,30.856,30.9,30.588,30.756,335260.0
2025-10-02 04:15:00+00:00,30.756,30.762,30.605,30.636,162281.0
2025-10-02 04:30:00+00:00,30.636,30.726,30.59,30.722,121659.0
2025-10-02 04:45:00+00:00,30.722,30.89,30.661,30.883,157165.0
2025-10-02 05:00:00+00:00,30.883,30.9,30.727,30.736,160702.0
2025-10-02 05:15:00+00:00,30.736,30.94,30.711,30.924,125293.0
2025-10-02 05:30:00+00:00,30.923,30.944,30.822,30.881,114975.0
2025-10-02 05:45:00+00:00,30.881,30.885,30.717,30.733,330359.0
2025-10-02 06:00:00+00:00,30.733,30.794,30.551,30.672,280674.0
2025-10-02 06:15:00+00:00,30.672,30.729,30.582,30.703,210926.0
2025-10-02 06:30:00+00:00,30.702,30.916,30.688,30.803,213253.0
2025-10-02 06:45:00+00:00,30.803,30.82,30.692,30.739,118099.0
2025-10-02 07:00:00+00:00,30.739,30.739,30.618,30.659,160688.0
2025-10-02 07:15:00+00:00,30.659,30.7,30.603,30.624,138567.0
2025-10-02 07:30:00+00:00,30.623,30.663,30.564,30.621,132612.0
2025-10-02 07:45:00+00:00,30.62,30.656,30.557,30.567,101631.0
2025-10-02 08:00:00+00:00,30.567,30.618,30.529,30.534,147959.0
2025-10-02 08:15:00+00:00,30.535,30.631,30.529,30.623,117562.0
2025-10-02 08:30:00+00:00,30.624,30.624,30.511,30.541,138444.0
2025-10-02 08:45:00+00:00,30.542,30.557,30.463,30.501,198668.0
2025-10-02 09:00:00+00:00,30.5,30.507,30.4,30.475,337635.0
2025-10-02 09:15:00+00:00,30.474,30.605,30.468,30.552,225809.0
2025-10-02 09:30:00+00:00,30.553,30.567,30.472,30.502,156158.0
2025-10-02 09:45:00+00:00,30.501,30.559,30.49,30.517,112495.0
2025-10-02 10:00:00+00:00,30.517,30.546,30.458,30.52,208189.0
2025-10-02 10:15:00+00:00,30.52,30.571,30.484,30.493,123566.0
2025-10-02 10:30:00+00:00,30.492,30.577,30.486,30.571,184634.0
2025-10-02 10:45:00+00:00,30.57,30.617,30.553,30.554,110769.0
2025-10-02 11:00:00+00:00,30.554,30.559,30.495,30.524,108904.0
2025-10-02 11:15:00+00:00,30.524,30.567,30.5,30.516,94812.0
2025-10-02 11:30:00+00:00,30.515,30.581,30.49,30.554,133580.0
2025-10-02 11:45:00+00:00,30.555,30.644,30.491,30.505,215936.0
2025-10-02 12:00:00+00:00,30.505,30.619,30.492,30.6,148992.0
2025-10-02 12:15:00+00:00,30.599,30.649,30.576,30.638,124058.0
2025-10-02 12:30:00+00:00,30.637,30.722,30.532,30.692,230985.0
2025-10-02 12:45:00+00:00,30.691,30.731,30.524,30.6,348432.0
2025-10-02 13:00:00+00:00,30.6,30.656,30.505,30.52,268694.0
2025-10-02 13:15:00+00:00,30.519,30.53,29.492,30.195,2358593.0
2025-10-02 13:30:00+00:00,30.196,30.297,30.068,30.232,604074.0
2025-10-02 13:45:00+00:00,30.232,30.573,30.184,30.267,868585.0
2025-10-02 14:00:00+00:00,30.266,30.394,30.17,30.255,362372.0
2025-10-02 14:15:00+00:00,30.256,30.282,30.124,30.18,222467.0
2025-10-02 14:30:00+00:00,30.181,30.231,29.77,29.849,692513.0
2025-10-02 14:45:00+00:00,29.849,29.883,29.643,29.763,575284.0
2025-10-02 15:00:00+00:00,29.763,29.908,29.507,29.817,786553.0
2025-10-02 15:15:00+00:00,29.819,29.99,29.795,29.926,262147.0
2025-10-02 15:30:00+00:00,29.926,29.939,29.738,29.884,251399.0
2025-10-02 15:45:00+00:00,29.884,30.025,29.877,29.995,277276.0
2025-10-02 16:00:00+00:00,29.994,30.233,29.924,30.175,448839.0
2025-10-02 16:15:00+00:00,30.173,30.267,30.142,30.198,277351.0
2025-10-02 16:30:00+00:00,30.197,30.285,30.029,30.125,296992.0
2025-10-02 16:45:00+00:00,30.121,30.26,30.111,30.217,214244.0
2025-10-02 17:00:00+00:00,30.217,30.253,30.16,30.232,170828.0
2025-10-02 17:15:00+00:00,30.231,30.334,30.157,30.326,196140.0
2025-10-02 17:30:00+00:00,30.326,30.454,30.287,30.443,232810.0
2025-10-02 17:45:00+00:00,30.444,30.5,30.413,30.482,192511.0
2025-10-02 18:00:00+00:00,30.483,30.628,30.478,30.589,271303.0
2025-10-02 18:15:00+00:00,30.588,30.666,30.566,30.645,188838.0
2025-10-02 18:30:00+00:00,30.646,30.696,30.602,30.619,178137.0
2025-10-02 18:45:00+00:00,30.618,30.75,30.613,30.68,179004.0
2025-10-02 19:00:00+00:00,30.681,31.015,30.602,31.007,386148.0
2025-10-02 19:15:00+00:00,31.007,31.026,30.871,30.962,331899.0
2025-10-02 19:30:00+00:00,30.962,31.133,30.881,30.884,414221.0
2025-10-02 19:45:00+00:00,30.885,31.069,30.88,31.006,251960.0
2025-10-02 20:00:00+00:00,31.007,31.235,30.971,31.081,326576.0
2025-10-02 20:15:00+00:00,31.082,31.149,31.042,31.117,171576.0
2025-10-02 20:30:00+00:00,31.118,31.148,30.806,30.929,448215.0
2025-10-02 20:45:00+00:00,30.929,30.948,30.858,30.907,185844.0
2025-10-02 21:00:00+00:00,30.907,31.012,30.815,31.007,177400.0
2025-10-02 21:15:00+00:00,31.008,31.022,30.835,30.876,160916.0
2025-10-02 21:30:00+00:00,30.877,30.942,30.841,30.848,141197.0
2025-10-02 21:45:00+00:00,30.848,30.943,30.846,30.89,92974.0
2025-10-02 22:00:00+00:00,30.891,31.028,30.887,30.944,156250.0
2025-10-02 22:15:00+00:00,30.945,30.95,30.854,30.911,139174.0
2025-10-02 22:30:00+00:00,30.911,30.953,30.861,30.886,122627.0
2025-10-02 22:45:00+00:00,30.886,30.979,30.859,30.929,120213.0
2025-10-02 23:00:00+00:00,30.929,30.959,30.881,30.918,82495.0
2025-10-02 23:15:00+00:00,30.919,30.965,30.86,30.862,85836.0
2025-10-02 23:30:00+00:00,30.863,30.918,30.83,30.896,103035.0
2025-10-02 23:45:00+00:00,30.896,31.02,30.885,30.965,126144.0
2025-10-03 00:00:00+00:00,30.964,30.982,30.656,30.702,386432.0
2025-10-03 00:15:00+00:00,30.702,30.87,30.673,30.832,165250.0
2025-10-03 00:30:00+00:00,30.832,30.835,30.704,30.721,123828.0
2025-10-03 00:45:00+00:00,30.722,30.774,30.681,30.74,98279.0
2025-10-03 01:00:00+00:00,30.74,30.797,30.614,30.649,161328.0
2025-10-03 01:15:00+00:00,30.651,30.736,30.524,30.58,207095.0
2025-10-03 01:30:00+00:00,30.579,30.658,30.54,30.577,126393.0
2025-10-03 01:45:00+00:00,30.577,30.635,30.447,30.474,196785.0
2025-10-03 02:00:00+00:00,30.475,30.713,30.456,30.695,135738.0
2025-10-03 02:15:00+00:00,30.696,30.75,30.595,30.599,80251.0
2025-10-03 02:30:00+00:00,30.599,30.75,30.567,30.714,128300.0
2025-10-03 02:45:00+00:00,30.714,30.872,30.635,30.871,125758.0
2025-10-03 03:00:00+00:00,30.872,30.956,30.865,30.9,218269.0
2025-10-03 03:15:00+00:00,30.9,31.005,30.821,30.834,198075.0
2025-10-03 03:30:00+00:00,30.835,30.894,30.807,30.838,101042.0
2025-10-03 03:45:00+00:00,30.838,30.902,30.72,30.744,151875.0
2025-10-03 04:00:00+00:00,30.745,30.84,30.719,30.84,84624.0
2025-10-03 04:15:00+00:00,30.839,30.906,30.784,30.812,104179.0
2025-10-03 04:30:00+00:00,30.813,30.815,30.673,30.768,145882.0
2025-10-03 04:45:00+00:00,30.768,30.825,30.733,30.817,88079.0
2025-10-03 05:00:00+00:00,30.816,30.839,30.72,30.756,71685.0
2025-10-03 05:15:00+00:00,30.756,30.76,30.64,30.643,103253.0
2025-10-03 05:30:00+00:00,30.642,30.661,30.53,30.544,155325.0
2025-10-03 05:45:00+00:00,30.544,30.574,30.504,30.564,142499.0
2025-10-03 06:00:00+00:00,30.563,30.605,30.523,30.578,116767.0
2025-10-03 06:15:00+00:00,30.576,30.594,30.543,30.564,65383.0
2025-10-03 06:30:00+00:00,30.563,30.589,30.514,30.527,77386.0
2025-10-03 06:45:00+00:00,30.526,30.526,30.2,30.258,563841.0
2025-10-03 07:00:00+00:00,30.257,30.26,30.103,30.197,309748.0
2025-10-03 07:15:00+00:00,30.196,30.22,30.064,30.087,168077.0
2025-10-03 07:30:00+00:00,30.086,30.174,30.06,30.099,118807.0
2025-10-03 07:45:00+00:00,30.098,30.167,30.078,30.16,78604.0
2025-10-03 08:00:00+00:00,30.159,30.183,30.058,30.078,105969.0
2025-10-03 08:15:00+00:00,30.077,30.11,29.97,30.081,353754.0
2025-10-03 08:30:00+00:00,30.081,30.172,30.052,30.139,133916.0
2025-10-03 08:45:00+00:00,30.139,30.311,30.131,30.299,169509.0
2025-10-03 09:00:00+00:00,30.298,30.319,30.189,30.214,143484.0
2025-10-03 09:15:00+00:00,30.214,30.357,30.158,30.324,204546.0
2025-10-03 09:30:00+00:00,30.324,30.35,30.213,30.239,131652.0
2025-10-03 09:45:00+00:00,30.238,30.376,30.221,30.339,235198.0
2025-10-03 10:00:00+00:00,30.34,30.357,30.282,30.32,114131.0
2025-10-03 10:15:00+00:00,30.32,30.42,30.319,30.42,101571.0
2025-10-03 10:30:00+00:00,30.42,30.48,30.36,30.417,120060.0
2025-10-03 10:45:00+00:00,30.417,30.448,30.332,30.339,104892.0
2025-10-03 11:00:00+00:00,30.339,30.354,30.13,30.156,258609.0
2025-10-03 11:15:00+00:00,30.155,30.194,30.1,30.162,155714.0
2025-10-03 11:30:00+00:00,30.161,30.176,30.096,30.126,150485.0
2025-10-03 11:45:00+00:00,30.126,30.164,30.102,30.139,93976.0
2025-10-03 12:00:00+00:00,30.139,30.263,30.107,30.241,129404.0
2025-10-03 12:15:00+00:00,30.241,30.316,30.148,30.15,161799.0
2025-10-03 12:30:00+00:00,30.15,30.278,30.121,30.226,205988.0
2025-10-03 12:45:00+00:00,30.226,30.265,30.173,30.243,104620.0
2025-10-03 13:00:00+00:00,30.244,30.244,30.036,30.077,247537.0
2025-10-03 13:15:00+00:00,30.076,30.563,30.046,30.445,337287.0
2025-10-03 13:30:00+00:00,30.445,30.584,30.199,30.289,380390.0
2025-10-03 13:45:00+00:00,30.287,30.412,30.274,30.321,227361.0
2025-10-03 14:00:00+00:00,30.322,30.323,30.114,30.172,305124.0
2025-10-03 14:15:00+00:00,30.172,30.414,30.016,30.411,363377.0
2025-10-03 14:30:00+00:00,30.411,30.505,30.283,30.426,203689.0
2025-10-03 14:45:00+00:00,30.426,30.56,30.423,30.482,187035.0
2025-10-03 15:00:00+00:00,30.481,30.481,30.34,30.388,162508.0
2025-10-03 15:15:00+00:00,30.388,30.825,30.388,30.616,543182.0
2025-10-03 15:30:00+00:00,30.616,31.071,30.615,30.998,615214.0
2025-10-03 15:45:00+00:00,30.999,31.259,30.861,31.233,630352.0
2025-10-03 16:00:00+00:00,31.232,31.483,31.157,31.178,906005.0
2025-10-03 16:15:00+00:00,31.177,31.342,31.129,31.282,443362.0
2025-10-03 16:30:00+00:00,31.281,31.549,31.242,31.549,490531.0
2025-10-03 16:45:00+00:00,31.549,31.558,31.041,31.08,604737.0
2025-10-03 17:00:00+00:00,31.079,31.187,30.36,31.141,1398231.0
2025-10-03 17:15:00+00:00,31.14,31.14,30.839,30.984,536610.0
2025-10-03 17:30:00+00:00,30.984,31.211,30.943,31.134,334696.0
2025-10-03 17:45:00+00:00,31.134,31.155,30.87,30.922,505172.0
2025-10-03 18:00:00+00:00,30.923,31.144,30.72,31.082,457192.0
2025-10-03 18:15:00+00:00,31.081,31.279,31.057,31.225,296858.0
2025-10-03 18:30:00+00:00,31.227,31.25,31.111,31.224,247906.0
2025-10-03 18:45:00+00:00,31.223,31.253,31.114,31.216,208039.0
2025-10-03 19:00:00+00:00,31.217,31.227,31.122,31.188,188449.0
2025-10-03 19:15:00+00:00,31.188,31.323,31.184,31.218,174052.0
2025-10-03 19:30:00+00:00,31.219,31.357,31.188,31.247,217406.0
2025-10-03 19:45:00+00:00,31.247,31.261,31.157,31.169,181770.0
2025-10-03 20:00:00+00:00,31.17,31.276,31.114,31.161,214189.0
2025-10-03 20:15:00+00:00,31.162,31.243,31.12,31.194,117566.0
2025-10-03 20:30:00+00:00,31.195,31.253,31.185,31.253,99734.0
2025-10-03 20:45:00+00:00,31.254,31.282,31.151,31.212,172592.0
2025-10-03 21:00:00+00:00,31.213,31.304,31.186,31.25,114084.0
2025-10-03 21:15:00+00:00,31.249,31.272,31.15,31.227,113748.0
2025-10-03 21:30:00+00:00,31.227,31.24,31.174,31.234,67958.0
2025-10-03 21:45:00+00:00,31.234,31.268,31.16,31.247,86920.0
2025-10-03 22:00:00+00:00,31.248,31.432,31.239,31.432,168899.0
2025-10-03 22:15:00+00:00,31.432,31.476,31.372,31.426,152962.0
2025-10-03 22:30:00+00:00,31.426,31.485,31.35,31.365,93813.0
2025-10-03 22:45:00+00:00,31.365,31.392,31.345,31.357,65441.0
2025-10-03 23:00:00+00:00,31.356,31.451,31.338,31.356,187403.0
2025-10-03 23:15:00+00:00,31.355,31.476,31.35,31.411,79678.0
2025-10-03 23:30:00+00:00,31.413,31.413,31.334,31.375,123028.0
2025-10-03 23:45:00+00:00,31.375,31.395,31.294,31.317,73856.0
2025-10-04 00:00:00+00:00,31.316,31.439,31.27,31.27,164341.0
2025-10-04 00:15:00+00:00,31.271,31.309,31.198,31.206,168396.0
2025-10-04 00:30:00+00:00,31.207,31.269,31.158,31.209,146894.0
2025-10-04 00:45:00+00:00,31.209,31.265,31.203,31.245,61919.0
2025-10-04 01:00:00+00:00,31.245,31.255,31.181,31.202,82678.0
2025-10-04 01:15:00+00:00,31.202,31.225,31.146,31.179,92270.0
2025-10-04 01:30:00+00:00,31.18,31.227,31.142,31.194,115381.0
2025-10-04 01:45:00+00:00,31.195,31.213,31.112,31.211,118882.0
2025-10-04 02:00:00+00:00,31.212,31.272,31.033,31.093,172199.0
2025-10-04 02:15:00+00:00,31.094,31.224,31.048,31.218,158253.0
2025-10-04 02:30:00+00:00,31.218,31.238,31.143,31.204,89211.0
2025-10-04 02:45:00+00:00,31.204,31.22,31.152,31.177,73659.0
2025-10-04 03:00:00+00:00,31.177,31.219,31.109,31.117,97593.0
2025-10-04 03:15:00+00:00,31.117,31.186,31.074,31.147,87879.0
2025-10-04 03:30:00+00:00,31.146,31.239,31.128,31.224,112229.0
2025-10-04 03:45:00+00:00,31.223,31.259,31.168,31.223,62570.0
2025-10-04 04:00:00+00:00,31.222,31.305,31.214,31.287,109595.0
2025-10-04 04:15:00+00:00,31.286,31.298,31.157,31.173,83146.0
2025-10-04 04:30:00+00:00,31.173,31.232,31.152,31.184,71895.0
2025-10-04 04:45:00+00:00,31.184,31.219,31.147,31.187,67195.0
2025-10-04 05:00:00+00:00,31.187,31.384,31.166,31.369,163793.0
2025-10-04 05:15:00+00:00,31.37,31.373,31.185,31.219,112468.0
2025-10-04 05:30:00+00:00,31.219,31.244,31.11,31.124,112231.0
2025-10-04 05:45:00+00:00,31.125,31.216,31.104,31.191,95353.0
2025-10-04 06:00:00+00:00,31.191,31.23,31.079,31.109,160795.0
2025-10-04 06:15:00+00:00,31.11,31.187,31.11,31.155,103087.0
2025-10-04 06:30:00+00:00,31.156,31.201,31.137,31.17,60561.0
2025-10-04 06:45:00+00:00,31.171,31.178,31.107,31.116,50838.0
2025-10-04 07:00:00+00:00,31.116,31.137,31.081,31.1,54482.0
2025-10-04 07:15:00+00:00,31.1,31.1,30.928,30.949,188663.0
2025-10-04 07:30:00+00:00,30.948,30.963,30.852,30.852,133602.0
2025-10-04 07:45:00+00:00,30.852,30.859,30.765,30.788,139623.0
2025-10-04 08:00:00+00:00,30.787,30.795,30.68,30.703,247962.0
2025-10-04 08:15:00+00:00,30.702,30.702,30.623,30.633,169970.0
2025-10-04 08:30:00+00:00,30.631,30.646,30.508,30.555,235981.0
2025-10-04 08:45:00+00:00,30.553,30.612,30.528,30.586,142174.0
2025-10-04 09:00:00+00:00,30.585,30.679,30.526,30.663,182234.0
2025-10-04 09:15:00+00:00,30.662,30.674,30.58,30.617,92259.0
2025-10-04 09:30:00+00:00,30.617,30.619,30.547,30.606,116300.0
2025-10-04 09:45:00+00:00,30.605,30.605,30.464,30.517,132840.0
2025-10-04 10:00:00+00:00,30.516,30.623,30.494,30.565,84547.0
2025-10-04 10:15:00+00:00,30.565,30.606,30.54,30.597,78177.0
2025-10-04 10:30:00+00:00,30.596,30.599,30.383,30.441,182230.0
2025-10-04 10:45:00+00:00,30.441,30.456,30.337,30.381,172157.0
2025-10-04 11:00:00+00:00,30.381,30.413,30.304,30.308,185057.0
2025-10-04 11:15:00+00:00,30.307,30.322,30.25,30.292,165919.0
2025-10-04 11:30:00+00:00,30.292,30.333,30.232,30.267,122678.0
2025-10-04 11:45:00+00:00,30.267,30.347,30.261,30.305,120923.0
2025-10-04 12:00:00+00:00,30.305,30.333,30.228,30.295,117185.0
2025-10-04 12:15:00+00:00,30.295,30.32,30.256,30.261,98264.0
2025-10-04 12:30:00+00:00,30.26,30.313,30.242,30.29,130289.0
2025-10-04 12:45:00+00:00,30.289,30.289,30.156,30.174,209574.0
2025-10-04 13:00:00+00:00,30.174,30.536,30.138,30.396,423611.0
2025-10-04 13:15:00+00:00,30.395,30.477,30.358,30.369,174645.0
2025-10-04 13:30:00+00:00,30.369,30.513,30.358,30.437,198286.0
2025-10-04 13:45:00+00:00,30.437,30.451,30.324,30.352,147707.0
2025-10-04 14:00:00+00:00,30.351,30.353,30.258,30.341,175701.0
2025-10-04 14:15:00+00:00,30.34,30.348,30.215,30.23,124334.0
2025-10-04 14:30:00+00:00,30.23,30.279,30.209,30.225,65627.0
2025-10-04 14:45:00+00:00,30.224,30.239,29.854,29.878,833151.0
2025-10-04 15:00:00+00:00,29.88,30.001,29.841,29.924,308490.0
2025-10-04 15:15:00+00:00,29.924,29.977,29.867,29.886,237494.0
2025-10-04 15:30:00+00:00,29.888,29.977,29.838,29.969,223065.0
2025-10-04 15:45:00+00:00,29.97,30.015,29.898,29.919,187410.0
2025-10-04 16:00:00+00:00,29.919,29.988,29.895,29.957,138872.0
2025-10-04 16:15:00+00:00,29.958,29.965,29.854,29.917,162661.0
2025-10-04 16:30:00+00:00,29.917,30.08,29.914,29.956,211233.0
2025-10-04 16:45:00+00:00,29.956,30.023,29.901,30.023,102238.0
2025-10-04 17:00:00+00:00,30.022,30.069,29.977,29.989,110894.0
2025-10-04 17:15:00+00:00,29.989,30.067,29.97,30.053,67924.0
2025-10-04 17:30:00+00:00,30.053,30.068,29.933,29.947,85194.0
2025-10-04 17:45:00+00:00,29.946,29.963,29.881,29.94,112561.0
2025-10-04 18:00:00+00:00,29.94,30.04,29.918,30.008,70713.0
2025-10-04 18:15:00+00:00,30.008,30.023,29.933,29.962,64696.0
2025-10-04 18:30:00+00:00,29.962,29.989,29.931,29.971,61423.0
2025-10-04 18:45:00+00:00,29.971,29.982,29.888,29.922,115409.0
2025-10-04 19:00:00+00:00,29.921,30.012,29.912,30.006,81766.0
2025-10-04 19:15:00+00:00,30.007,30.059,29.989,30.026,83211.0
2025-10-04 19:30:00+00:00,30.026,30.059,29.985,29.985,86504.0
2025-10-04 19:45:00+00:00,29.985,30.018,29.968,30.013,68518.0
2025-10-04 20:00:00+00:00,30.012,30.08,29.996,30.056,82051.0
2025-10-04 20:15:00+00:00,30.056,30.126,30.041,30.112,77814.0
2025-10-04 20:30:00+00:00,30.111,30.12,30.068,30.108,60987.0
2025-10-04 20:45:00+00:00,30.107,30.126,30.042,30.046,71813.0
2025-10-04 21:00:00+00:00,30.046,30.108,30.031,30.104,78115.0
2025-10-04 21:15:00+00:00,30.104,30.158,30.059,30.15,77370.0
2025-10-04 21:30:00+00:00,30.151,30.152,30.09,30.093,44983.0
2025-10-04 21:45:00+00:00,30.093,30.095,30.046,30.082,43693.0
2025-10-04 22:00:00+00:00,30.081,30.113,30.051,30.06,66397.0
2025-10-04 22:15:00+00:00,30.06,30.127,30.035,30.121,51048.0
2025-10-04 22:30:00+00:00,30.121,30.279,30.113,30.237,139679.0
2025-10-04 22:45:00+00:00,30.238,30.253,30.153,30.159,67908.0
2025-10-04 23:00:00+00:00,30.159,30.165,30.111,30.113,59349.0
2025-10-04 23:15:00+00:00,30.113,30.13,30.095,30.126,40443.0
2025-10-04 23:30:00+00:00,30.125,30.159,30.096,30.139,54425.0
2025-10-04 23:45:00+00:00,30.139,30.155,30.081,30.093,48203.0
2025-10-05 00:00:00+00:00,30.092,30.1,30.006,30.043,132394.0
2025-10-05 00:15:00+00:00,30.042,30.164,30.026,30.099,113569.0
2025-10-05 00:30:00+00:00,30.099,30.1,29.958,29.977,80501.0
2025-10-05 00:45:00+00:00,29.977,29.986,29.846,29.869,133664.0
2025-10-05 01:00:00+00:00,29.869,29.955,29.843,29.921,82463.0
2025-10-05 01:15:00+00:00,29.921,29.925,29.8,29.885,154789.0
2025-10-05 01:30:00+00:00,29.886,29.93,29.874,29.921,82308.0
2025-10-05 01:45:00+00:00,29.921,29.972,29.88,29.91,67055.0
2025-10-05 02:00:00+00:00,29.909,29.978,29.856,29.955,58194.0
2025-10-05 02:15:00+00:00,29.955,29.982,29.912,29.962,72185.0
2025-10-05 02:30:00+00:00,29.963,30.395,29.953,30.24,663005.0
2025-10-05 02:45:00+00:00,30.24,30.5,30.239,30.485,240030.0
2025-10-05 03:00:00+00:00,30.486,30.684,30.475,30.485,378395.0
2025-10-05 03:15:00+00:00,30.486,30.486,30.32,30.443,245150.0
2025-10-05 03:30:00+00:00,30.443,30.614,30.441,30.558,213613.0
2025-10-05 03:45:00+00:00,30.557,30.57,30.446,30.459,120683.0
2025-10-05 04:00:00+00:00,30.459,30.524,30.356,30.474,215348.0
2025-10-05 04:15:00+00:00,30.474,30.635,30.431,30.548,139558.0
2025-10-05 04:30:00+00:00,30.548,30.644,30.501,30.615,132606.0
2025-10-05 04:45:00+00:00,30.615,31.0,30.596,30.88,766151.0
2025-10-05 05:00:00+00:00,30.88,31.06,30.798,30.871,321621.0
2025-10-05 05:15:00+00:00,30.872,31.021,30.867,31.006,174787.0
2025-10-05 05:30:00+00:00,31.007,31.045,30.838,30.866,210855.0
2025-10-05 05:45:00+00:00,30.867,30.878,30.785,30.836,140221.0
2025-10-05 06:00:00+00:00,30.836,30.884,30.802,30.847,90354.0
2025-10-05 06:15:00+00:00,30.846,30.856,30.766,30.781,141281.0
2025-10-05 06:30:00+00:00,30.781,30.811,30.656,30.732,144192.0
2025-10-05 06:45:00+00:00,30.731,30.762,30.661,30.689,81217.0
2025-10-05 07:00:00+00:00,30.689,30.932,30.686,30.886,216838.0
2025-10-05 07:15:00+00:00,30.885,30.946,30.837,30.847,141597.0
2025-10-05 07:30:00+00:00,30.843,30.869,30.786,30.843,110182.0
2025-10-05 07:45:00+00:00,30.843,31.08,30.817,31.067,242489.0
2025-10-05 08:00:00+00:00,31.067,31.201,30.949,30.949,343506.0
2025-10-05 08:15:00+00:00,30.948,31.084,30.924,30.924,164129.0
2025-10-05 08:30:00+00:00,30.923,31.013,30.848,30.977,159567.0
2025-10-05 08:45:00+00:00,30.976,31.001,30.955,30.983,57366.0
2025-10-05 09:00:00+00:00,30.983,31.005,30.887,30.946,87807.0
2025-10-05 09:15:00+00:00,30.947,31.006,30.85,30.89,101937.0
2025-10-05 09:30:00+00:00,30.891,30.9,30.684,30.723,546189.0
2025-10-05 09:45:00+00:00,30.722,30.814,30.607,30.65,287569.0
2025-10-05 10:00:00+00:00,30.651,30.666,30.37,30.457,410160.0
2025-10-05 10:15:00+00:00,30.459,30.625,30.43,30.461,176223.0
2025-10-05 10:30:00+00:00,30.462,30.476,30.347,30.464,163210.0
2025-10-05 10:45:00+00:00,30.464,30.532,30.414,30.42,166637.0
2025-10-05 11:00:00+00:00,30.42,30.49,30.05,30.131,755341.0
2025-10-05 11:15:00+00:00,30.131,30.258,30.107,30.235,212973.0
2025-10-05 11:30:00+00:00,30.234,30.26,30.177,30.251,107689.0
2025-10-05 11:45:00+00:00,30.25,30.369,30.242,30.313,111370.0
2025-10-05 12:00:00+00:00,30.314,30.314,30.129,30.231,198391.0
2025-10-05 12:15:00+00:00,30.231,30.292,30.164,30.195,95337.0
2025-10-05 12:30:00+00:00,30.194,30.249,30.075,30.086,158172.0
2025-10-05 12:45:00+00:00,30.086,30.187,30.077,30.113,113177.0
2025-10-05 13:00:00+00:00,30.113,30.167,30.099,30.117,86127.0
2025-10-05 13:15:00+00:00,30.116,30.162,30.068,30.135,128309.0
2025-10-05 13:30:00+00:00,30.134,30.174,30.085,30.116,127056.0
2025-10-05 13:45:00+00:00,30.116,30.162,30.075,30.093,138615.0
2025-10-05 14:00:00+00:00,30.093,30.172,30.078,30.143,135449.0
2025-10-05 14:15:00+00:00,30.143,30.167,30.077,30.111,105958.0
2025-10-05 14:30:00+00:00,30.111,30.12,29.964,29.991,303997.0
2025-10-05 14:45:00+00:00,29.991,30.067,29.934,30.059,150096.0
2025-10-05 15:00:00+00:00,30.058,30.127,30.021,30.116,72359.0
2025-10-05 15:15:00+00:00,30.116,30.328,30.114,30.241,250391.0
2025-10-05 15:30:00+00:00,30.241,30.255,30.171,30.234,101597.0
2025-10-05 15:45:00+00:00,30.234,30.291,30.211,30.224,65387.0
2025-10-05 16:00:00+00:00,30.225,30.292,30.167,30.271,131329.0
2025-10-05 16:15:00+00:00,30.27,30.273,30.168,30.177,106019.0
2025-10-05 16:30:00+00:00,30.176,30.224,30.144,30.173,110966.0
2025-10-05 16:45:00+00:00,30.173,30.235,30.009,30.219,283646.0
2025-10-05 17:00:00+00:00,30.219,30.265,30.088,30.152,117367.0
2025-10-05 17:15:00+00:00,30.152,30.233,30.081,30.088,107015.0
2025-10-05 17:30:00+00:00,30.088,30.094,30.004,30.049,111564.0
2025-10-05 17:45:00+00:00,30.048,30.067,29.864,29.901,245750.0
2025-10-05 18:00:00+00:00,29.901,29.96,29.709,29.834,327950.0
2025-10-05 18:15:00+00:00,29.833,29.905,29.783,29.894,108998.0
2025-10-05 18:30:00+00:00,29.894,30.006,29.873,29.968,116141.0
2025-10-05 18:45:00+00:00,29.968,30.022,29.914,29.926,80463.0
2025-10-05 19:00:00+00:00,29.925,29.943,29.737,29.802,145475.0
2025-10-05 19:15:00+00:00,29.802,29.911,29.764,29.832,79126.0
2025-10-05 19:30:00+00:00,29.832,29.841,29.762,29.793,96660.0
2025-10-05 19:45:00+00:00,29.794,29.821,29.657,29.687,185969.0
2025-10-05 20:00:00+00:00,29.687,29.817,29.612,29.76,181218.0
2025-10-05 20:15:00+00:00,29.759,29.787,29.715,29.774,66960.0
2025-10-05 20:30:00+00:00,29.775,29.908,29.766,29.827,113951.0
2025-10-05 20:45:00+00:00,29.827,29.848,29.792,29.799,68392.0
2025-10-05 21:00:00+00:00,29.798,29.829,29.752,29.807,57024.0
2025-10-05 21:15:00+00:00,29.807,29.864,29.759,29.838,72587.0
2025-10-05 21:30:00+00:00,29.839,29.84,29.778,29.834,28999.0
2025-10-05 21:45:00+00:00,29.834,29.853,29.805,29.828,31595.0
2025-10-05 22:00:00+00:00,29.828,29.927,29.73,29.753,114408.0
2025-10-05 22:15:00+00:00,29.754,29.869,29.736,29.805,75871.0
2025-10-05 22:30:00+00:00,29.805,29.837,29.786,29.822,42538.0
2025-10-05 22:45:00+00:00,29.822,29.876,29.801,29.871,63670.0
2025-10-05 23:00:00+00:00,29.87,29.884,29.784,29.809,113617.0
2025-10-05 23:15:00+00:00,29.808,29.846,29.789,29.828,51402.0
2025-10-05 23:30:00+00:00,29.829,29.902,29.829,29.831,69674.0
2025-10-05 23:45:00+00:00,29.831,30.134,29.812,30.051,497860.0
2025-10-06 00:00:00+00:00,30.051,30.431,29.926,30.146,519750.0
2025-10-06 00:15:00+00:00,30.145,30.377,30.083,30.103,421532.0
2025-10-06 00:30:00+00:00,30.103,30.217,30.06,30.113,195561.0
2025-10-06 00:45:00+00:00,30.113,30.135,29.936,30.001,226635.0
2025-10-06 01:00:00+00:00,30.001,30.133,29.919,30.083,172214.0
2025-10-06 01:15:00+00:00,30.083,30.238,30.007,30.189,175179.0
2025-10-06 01:30:00+00:00,30.189,30.291,30.113,30.178,346384.0
2025-10-06 01:45:00+00:00,30.177,30.214,30.134,30.179,96787.0
2025-10-06 02:00:00+00:00,30.178,30.208,30.122,30.144,99663.0
2025-10-06 02:15:00+00:00,30.143,30.201,30.126,30.128,79220.0
2025-10-06 02:30:00+00:00,30.129,30.173,30.032,30.152,159114.0
2025-10-06 02:45:00+00:00,30.152,30.356,30.152,30.268,222881.0
2025-10-06 03:00:00+00:00,30.268,30.298,30.211,30.231,102033.0
2025-10-06 03:15:00+00:00,30.232,30.261,30.186,30.244,62137.0
2025-10-06 03:30:00+00:00,30.244,30.282,30.202,30.206,52147.0
2025-10-06 03:45:00+00:00,30.206,30.256,30.116,30.232,133231.0
2025-10-06 04:00:00+00:00,30.232,30.325,30.188,30.315,130424.0
2025-10-06 04:15:00+00:00,30.315,30.447,30.309,30.432,182087.0
2025-10-06 04:30:00+00:00,30.431,30.434,30.23,30.267,146666.0
2025-10-06 04:45:00+00:00,30.266,30.292,30.214,30.249,91169.0
2025-10-06 05:00:00+00:00,30.25,30.291,30.133,30.133,148259.0
2025-10-06 05:15:00+00:00,30.133,30.287,30.13,30.277,118746.0
2025-10-06 05:30:00+00:00,30.278,30.289,30.13,30.194,133751.0
2025-10-06 05:45:00+00:00,30.194,30.265,30.194,30.206,78833.0
2025-10-06 06:00:00+00:00,30.206,30.291,30.19,30.229,138534.0
2025-10-06 06:15:00+00:00,30.229,30.255,30.116,30.212,150901.0
2025-10-06 06:30:00+00:00,30.212,30.464,30.21,30.365,268491.0
2025-10-06 06:45:00+00:00,30.362,30.375,30.228,30.344,137970.0
2025-10-06 07:00:00+00:00,30.344,30.38,30.249,30.38,124372.0
2025-10-06 07:15:00+00:00,30.38,30.414,30.306,30.365,107657.0
2025-10-06 07:30:00+00:00,30.366,30.386,30.124,30.231,233018.0
2025-10-06 07:45:00+00:00,30.23,30.3,30.165,30.292,172564.0
2025-10-06 08:00:00+00:00,30.293,30.431,30.293,30.407,195619.0
2025-10-06 08:15:00+00:00,30.407,30.419,30.337,30.403,86858.0
2025-10-06 08:30:00+00:00,30.404,30.456,30.364,30.369,109241.0
2025-10-06 08:45:00+00:00,30.369,30.424,30.357,30.388,76385.0
2025-10-06 09:00:00+00:00,30.388,30.531,30.388,30.503,138696.0
2025-10-06 09:15:00+00:00,30.502,30.797,30.495,30.609,439676.0
2025-10-06 09:30:00+00:00,30.61,30.639,30.487,30.498,111509.0
2025-10-06 09:45:00+00:00,30.498,30.596,30.469,30.566,133834.0
2025-10-06 10:00:00+00:00,30.566,30.589,30.426,30.46,146211.0
2025-10-06 10:15:00+00:00,30.461,30.471,30.396,30.429,132264.0
2025-10-06 10:30:00+00:00,30.43,30.433,30.374,30.422,91537.0
2025-10-06 10:45:00+00:00,30.423,30.518,30.421,30.491,110852.0
2025-10-06 11:00:00+00:00,30.491,30.501,30.391,30.456,103709.0
2025-10-06 11:15:00+00:00,30.455,30.596,30.427,30.588,106750.0
2025-10-06 11:30:00+00:00,30.589,30.62,30.448,30.506,144376.0
2025-10-06 11:45:00+00:00,30.506,30.548,30.458,30.495,97997.0
2025-10-06 12:00:00+00:00,30.496,30.664,30.484,30.662,189073.0
2025-10-06 12:15:00+00:00,30.661,30.7,30.592,30.596,161853.0
2025-10-06 12:30:00+00:00,30.598,30.632,30.544,30.564,113769.0
2025-10-06 12:45:00+00:00,30.564,30.602,30.506,30.516,103418.0
2025-10-06 13:00:00+00:00,30.515,30.582,30.474,30.484,125311.0
2025-10-06 13:15:00+00:00,30.485,30.559,30.424,30.551,175164.0
2025-10-06 13:30:00+00:00,30.552,30.674,30.44,30.49,342785.0
2025-10-06 13:45:00+00:00,30.49,30.575,30.419,30.556,248771.0
2025-10-06 14:00:00+00:00,30.557,30.844,30.49,30.746,875557.0
2025-10-06 14:15:00+00:00,30.747,30.947,30.724,30.859,497213.0
2025-10-06 14:30:00+00:00,30.859,30.941,30.67,30.709,333616.0
2025-10-06 14:45:00+00:00,30.709,30.778,30.54,30.635,301206.0
2025-10-06 15:00:00+00:00,30.633,30.776,30.633,30.76,195370.0
2025-10-06 15:15:00+00:00,30.76,30.976,30.76,30.97,305136.0
2025-10-06 15:30:00+00:00,30.97,30.977,30.826,30.867,278635.0
2025-10-06 15:45:00+00:00,30.868,30.885,30.812,30.833,133846.0
2025-10-06 16:00:00+00:00,30.833,30.94,30.708,30.75,248389.0
2025-10-06 16:15:00+00:00,30.75,30.819,30.642,30.647,171977.0
2025-10-06 16:30:00+00:00,30.647,30.8,30.633,30.738,175982.0
2025-10-06 16:45:00+00:00,30.738,30.783,30.647,30.773,115584.0
2025-10-06 17:00:00+00:00,30.773,30.822,30.709,30.807,181763.0
2025-10-06 17:15:00+00:00,30.805,30.976,30.77,30.951,297715.0
2025-10-06 17:30:00+00:00,30.951,31.027,30.806,30.871,299153.0
2025-10-06 17:45:00+00:00,30.871,30.987,30.841,30.888,157406.0
2025-10-06 18:00:00+00:00,30.889,30.922,30.846,30.865,137831.0
2025-10-06 18:15:00+00:00,30.865,30.902,30.805,30.809,91189.0
2025-10-06 18:30:00+00:00,30.81,30.845,30.736,30.83,163881.0
2025-10-06 18:45:00+00:00,30.83,30.977,30.822,30.904,208027.0
2025-10-06 19:00:00+00:00,30.904,30.913,30.772,30.788,174221.0
2025-10-06 19:15:00+00:00,30.789,30.806,30.71,30.764,176736.0
2025-10-06 19:30:00+00:00,30.764,30.842,30.7,30.741,150813.0
2025-10-06 19:45:00+00:00,30.741,30.857,30.723,30.837,120762.0
2025-10-06 20:00:00+00:00,30.837,30.957,30.832,30.839,161967.0
2025-10-06 20:15:00+00:00,30.84,30.847,30.721,30.782,141726.0
2025-10-06 20:30:00+00:00,30.782,30.86,30.754,30.784,77107.0
2025-10-06 20:45:00+00:00,30.783,30.804,30.759,30.759,63418.0
2025-10-06 21:00:00+00:00,30.759,30.806,30.663,30.679,114065.0
2025-10-06 21:15:00+00:00,30.679,30.703,30.52,30.649,278069.0
2025-10-06 21:30:00+00:00,30.65,30.682,30.574,30.67,70287.0
2025-10-06 21:45:00+00:00,30.671,30.702,30.576,30.697,69137.0
2025-10-06 22:00:00+00:00,30.697,30.775,30.679,30.708,108321.0
2025-10-06 22:15:00+00:00,30.709,30.753,30.698,30.732,79548.0
2025-10-06 22:30:00+00:00,30.731,30.739,30.578,30.589,93558.0
2025-10-06 22:45:00+00:00,30.59,30.66,30.56,30.592,98897.0
2025-10-06 23:00:00+00:00,30.591,30.641,30.548,30.559,118723.0
2025-10-06 23:15:00+00:00,30.558,30.662,30.512,30.654,157095.0
2025-10-06 23:30:00+00:00,30.654,30.746,30.625,30.717,176998.0
2025-10-06 23:45:00+00:00,30.717,30.744,30.609,30.609,132628.0
2025-10-07 00:00:00+00:00,30.608,30.724,30.566,30.575,207615.0
2025-10-07 00:15:00+00:00,30.574,30.606,30.436,30.444,234632.0
2025-10-07 00:30:00+00:00,30.444,30.539,30.424,30.517,131628.0
2025-10-07 00:45:00+00:00,30.517,30.577,30.452,30.577,66468.0
2025-10-07 01:00:00+00:00,30.576,30.576,30.446,30.449,126720.0
2025-10-07 01:15:00+00:00,30.449,30.449,30.312,30.407,212233.0
2025-10-07 01:30:00+00:00,30.407,30.463,30.351,30.448,98084.0
2025-10-07 01:45:00+00:00,30.449,30.453,30.369,30.414,59738.0
2025-10-07 02:00:00+00:00,30.414,30.441,30.34,30.343,63639.0
2025-10-07 02:15:00+00:00,30.344,30.419,30.312,30.39,94091.0
2025-10-07 02:30:00+00:00,30.39,30.424,30.307,30.323,78200.0
2025-10-07 02:45:00+00:00,30.323,30.381,30.322,30.333,89128.0
2025-10-07 03:00:00+00:00,30.334,30.394,30.323,30.384,62168.0
2025-10-07 03:15:00+00:00,30.383,30.383,30.3,30.309,69380.0
2025-10-07 03:30:00+00:00,30.308,30.357,30.3,30.327,65892.0
2025-10-07 03:45:00+00:00,30.328,30.354,30.314,30.338,51462.0
2025-10-07 04:00:00+00:00,30.337,30.342,30.228,30.233,189478.0
2025-10-07 04:15:00+00:00,30.233,30.304,30.207,30.303,110619.0
2025-10-07 04:30:00+00:00,30.302,30.433,30.293,30.407,167490.0
2025-10-07 04:45:00+00:00,30.407,30.58,30.391,30.486,223926.0
2025-10-07 05:00:00+00:00,30.486,30.518,30.361,30.381,116150.0
2025-10-07 05:15:00+00:00,30.38,30.479,30.346,30.437,96880.0
2025-10-07 05:30:00+00:00,30.436,30.573,30.401,30.518,148924.0
2025-10-07 05:45:00+00:00,30.518,30.544,30.424,30.45,88797.0
2025-10-07 06:00:00+00:00,30.451,30.484,30.35,30.351,83138.0
2025-10-07 06:15:00+00:00,30.351,30.354,30.183,30.188,198350.0
2025-10-07 06:30:00+00:00,30.188,30.278,30.086,30.16,305825.0
2025-10-07 06:45:00+00:00,30.16,30.224,30.125,30.15,149152.0
2025-10-07 07:00:00+00:00,30.15,30.226,30.129,30.137,136952.0
2025-10-07 07:15:00+00:00,30.137,30.178,30.083,30.178,139941.0
2025-10-07 07:30:00+00:00,30.178,30.178,30.023,30.094,226892.0
2025-10-07 07:45:00+00:00,30.095,30.124,30.075,30.089,99639.0
2025-10-07 08:00:00+00:00,30.089,30.089,29.5,29.728,1370977.0
2025-10-07 08:15:00+00:00,29.728,29.762,29.591,29.655,396971.0
2025-10-07 08:30:00+00:00,29.656,29.789,29.572,29.779,229552.0
2025-10-07 08:45:00+00:00,29.779,29.843,29.731,29.781,129352.0
2025-10-07 09:00:00+00:00,29.781,29.821,29.7,29.786,222826.0
2025-10-07 09:15:00+00:00,29.785,29.837,29.75,29.751,132823.0
2025-10-07 09:30:00+00:00,29.751,29.792,29.705,29.726,120846.0
2025-10-07 09:45:00+00:00,29.726,29.759,29.709,29.732,83189.0
2025-10-07 10:00:00+00:00,29.731,29.842,29.644,29.837,161029.0
2025-10-07 10:15:00+00:00,29.837,29.837,29.731,29.764,158476.0
2025-10-07 10:30:00+00:00,29.764,29.985,29.754,29.883,279940.0
2025-10-07 10:45:00+00:00,29.883,29.939,29.87,29.911,91724.0
2025-10-07 11:00:00+00:00,29.91,29.992,29.899,29.916,91725.0
2025-10-07 11:15:00+00:00,29.916,30.009,29.916,29.964,101594.0
2025-10-07 11:30:00+00:00,29.964,30.026,29.909,29.911,132402.0
2025-10-07 11:45:00+00:00,29.912,30.04,29.91,30.0,140655.0
2025-10-07 12:00:00+00:00,30.0,30.001,29.894,29.908,162306.0
2025-10-07 12:15:00+00:00,29.909,29.923,29.839,29.876,142089.0
2025-10-07 12:30:00+00:00,29.876,29.905,29.758,29.791,313823.0
2025-10-07 12:45:00+00:00,29.791,29.952,29.779,29.945,329452.0
2025-10-07 13:00:00+00:00,29.944,29.969,29.783,29.8,259378.0
2025-10-07 13:15:00+00:00,29.799,29.84,29.755,29.793,145142.0
2025-10-07 13:30:00+00:00,29.793,29.797,29.08,29.276,1449276.0
2025-10-07 13:45:00+00:00,29.275,29.397,29.137,29.333,725172.0
2025-10-07 14:00:00+00:00,29.334,29.346,29.018,29.062,871571.0
2025-10-07 14:15:00+00:00,29.062,29.107,28.801,28.832,791066.0
2025-10-07 14:30:00+00:00,28.832,28.987,28.802,28.971,463621.0
2025-10-07 14:45:00+00:00,28.97,29.026,28.844,28.863,339380.0
2025-10-07 15:00:00+00:00,28.864,28.918,28.504,28.695,1197376.0
2025-10-07 15:15:00+00:00,28.696,28.834,28.635,28.658,413381.0
2025-10-07 15:30:00+00:00,28.657,28.669,28.434,28.534,558886.0
2025-10-07 15:45:00+00:00,28.534,28.552,28.42,28.517,309354.0
2025-10-07 16:00:00+00:00,28.517,28.517,28.312,28.33,435949.0
2025-10-07 16:15:00+00:00,28.33,28.471,28.29,28.394,325247.0
2025-10-07 16:30:00+00:00,28.394,28.717,28.394,28.655,381754.0
2025-10-07 16:45:00+00:00,28.654,28.741,28.522,28.556,355277.0
2025-10-07 17:00:00+00:00,28.555,28.651,28.503,28.531,290183.0
2025-10-07 17:15:00+00:00,28.531,28.557,28.472,28.546,147358.0
2025-10-07 17:30:00+00:00,28.545,28.564,28.498,28.561,132147.0
2025-10-07 17:45:00+00:00,28.56,28.611,28.372,28.385,328244.0
2025-10-07 18:00:00+00:00,28.385,28.415,28.326,28.384,218359.0
2025-10-07 18:15:00+00:00,28.384,28.386,28.222,28.31,352597.0
2025-10-07 18:30:00+00:00,28.31,28.368,28.274,28.361,197111.0
2025-10-07 18:45:00+00:00,28.36,28.374,28.288,28.294,114090.0
2025-10-07 19:00:00+00:00,28.294,28.44,28.273,28.338,232540.0
2025-10-07 19:15:00+00:00,28.338,28.41,28.229,28.236,231545.0
2025-10-07 19:30:00+00:00,28.235,28.292,28.126,28.148,424340.0
2025-10-07 19:45:00+00:00,28.147,28.265,28.064,28.093,361401.0
2025-10-07 20:00:00+00:00,28.093,28.259,28.08,28.159,303256.0
2025-10-07 20:15:00+00:00,28.159,28.37,28.115,28.333,199936.0
2025-10-07 20:30:00+00:00,28.333,28.402,28.3,28.313,168678.0
2025-10-07 20:45:00+00:00,28.314,28.389,28.285,28.292,175461.0
2025-10-07 21:00:00+00:00,28.293,28.349,28.21,28.3,179544.0
2025-10-07 21:15:00+00:00,28.3,28.4,28.269,28.375,116022.0
2025-10-07 21:30:00+00:00,28.376,28.414,28.238,28.267,119163.0
2025-10-07 21:45:00+00:00,28.267,28.268,28.148,28.247,105603.0
2025-10-07 22:00:00+00:00,28.248,28.316,28.187,28.294,145123.0
2025-10-07 22:15:00+00:00,28.293,28.388,28.264,28.276,146490.0
2025-10-07 22:30:00+00:00,28.276,28.306,28.125,28.17,110300.0
2025-10-07 22:45:00+00:00,28.169,28.222,28.158,28.177,73094.0
2025-10-07 23:00:00+00:00,28.178,28.195,28.01,28.052,191654.0
2025-10-07 23:15:00+00:00,28.052,28.088,28.026,28.049,158479.0
2025-10-07 23:30:00+00:00,28.05,28.05,27.841,27.923,455422.0
2025-10-07 23:45:00+00:00,27.924,27.959,27.8,27.911,282507.0
2025-10-08 00:00:00+00:00,27.911,27.97,27.855,27.891,184320.0
2025-10-08 00:15:00+00:00,27.89,28.136,27.887,27.945,476888.0
2025-10-08 00:30:00+00:00,27.945,28.22,27.856,28.153,481864.0
2025-10-08 00:45:00+00:00,28.154,28.249,28.124,28.249,250930.0
2025-10-08 01:00:00+00:00,28.249,28.249,28.11,28.121,266453.0
2025-10-08 01:15:00+00:00,28.121,28.32,28.117,28.258,133129.0
2025-10-08 01:30:00+00:00,28.258,28.339,28.236,28.243,139521.0
2025-10-08 01:45:00+00:00,28.244,28.335,28.237,28.311,75077.0
2025-10-08 02:00:00+00:00,28.311,28.333,28.239,28.26,123141.0
2025-10-08 02:15:00+00:00,28.26,28.34,28.259,28.316,96287.0
2025-10-08 02:30:00+00:00,28.317,28.323,28.226,28.226,91276.0
2025-10-08 02:45:00+00:00,28.226,28.257,28.167,28.205,133691.0
2025-10-08 03:00:00+00:00,28.204,28.224,28.098,28.104,105379.0
2025-10-08 03:15:00+00:00,28.104,28.147,27.905,27.953,288315.0
2025-10-08 03:30:00+00:00,27.953,28.029,27.915,27.939,164411.0
2025-10-08 03:45:00+00:00,27.938,28.023,27.921,27.958,112949.0
2025-10-08 04:00:00+00:00,27.958,28.063,27.82,28.05,357801.0
2025-10-08 04:15:00+00:00,28.049,28.167,28.049,28.126,114239.0
2025-10-08 04:30:00+00:00,28.126,28.217,28.126,28.179,111967.0
2025-10-08 04:45:00+00:00,28.179,28.227,28.147,28.225,76466.0
2025-10-08 05:00:00+00:00,28.225,28.225,28.108,28.132,89396.0
2025-10-08 05:15:00+00:00,28.131,28.161,28.02,28.047,100960.0
2025-10-08 05:30:00+00:00,28.048,28.062,27.984,28.007,115622.0
2025-10-08 05:45:00+00:00,28.008,28.128,27.967,28.108,105633.0
2025-10-08 06:00:00+00:00,28.107,28.193,28.018,28.171,132987.0
2025-10-08 06:15:00+00:00,28.17,28.22,28.11,28.13,82174.0
2025-10-08 06:30:00+00:00,28.129,28.194,28.109,28.118,67935.0
2025-10-08 06:45:00+00:00,28.119,28.164,28.101,28.144,92042.0
2025-10-08 07:00:00+00:00,28.145,28.288,28.12,28.167,165916.0
2025-10-08 07:15:00+00:00,28.168,28.192,28.107,28.141,101849.0
2025-10-08 07:30:00+00:00,28.142,28.168,28.037,28.135,170543.0
2025-10-08 07:45:00+00:00,28.134,28.288,28.09,28.278,155073.0
2025-10-08 08:00:00+00:00,28.279,28.296,28.188,28.197,159865.0
2025-10-08 08:15:00+00:00,28.196,28.261,28.149,28.174,112096.0
2025-10-08 08:30:00+00:00,28.175,28.431,28.149,28.42,386164.0
2025-10-08 08:45:00+00:00,28.419,28.433,28.3,28.322,164145.0
2025-10-08 09:00:00+00:00,28.322,28.351,28.24,28.258,131030.0
2025-10-08 09:15:00+00:00,28.258,28.259,28.184,28.219,162992.0
2025-10-08 09:30:00+00:00,28.218,28.261,28.185,28.25,100809.0
2025-10-08 09:45:00+00:00,28.249,28.285,28.21,28.281,63597.0
2025-10-08 10:00:00+00:00,28.282,28.363,28.234,28.246,115204.0
2025-10-08 10:15:00+00:00,28.247,28.308,28.233,28.262,104467.0
2025-10-08 10:30:00+00:00,28.262,28.393,28.253,28.365,109300.0
2025-10-08 10:45:00+00:00,28.365,28.382,28.331,28.343,95607.0
2025-10-08 11:00:00+00:00,28.344,28.47,28.316,28.44,158031.0
2025-10-08 11:15:00+00:00,28.439,28.44,28.317,28.351,102381.0
2025-10-08 11:30:00+00:00,28.351,28.357,28.242,28.245,110242.0
2025-10-08 11:45:00+00:00,28.245,28.31,28.233,28.285,46766.0
2025-10-08 12:00:00+00:00,28.285,28.35,28.268,28.302,95551.0
2025-10-08 12:15:00+00:00,28.303,28.312,28.237,28.304,75496.0
2025-10-08 12:30:00+00:00,28.304,28.41,28.247,28.407,118712.0
2025-10-08 12:45:00+00:00,28.408,28.479,28.387,28.445,146590.0
2025-10-08 13:00:00+00:00,28.445,28.538,28.32,28.436,236582.0
2025-10-08 13:15:00+00:00,28.436,28.455,28.383,28.402,103288.0
2025-10-08 13:30:00+00:00,28.403,28.452,28.21,28.269,197796.0
2025-10-08 13:45:00+00:00,28.27,28.547,28.184,28.51,281233.0
2025-10-08 14:00:00+00:00,28.51,28.746,28.51,28.595,602438.0
2025-10-08 14:15:00+00:00,28.594,28.714,28.493,28.512,229426.0
2025-10-08 14:30:00+00:00,28.512,28.601,28.385,28.449,240238.0
2025-10-08 14:45:00+00:00,28.448,28.48,28.313,28.346,161300.0
2025-10-08 15:00:00+00:00,28.346,28.462,28.336,28.413,104580.0
2025-10-08 15:15:00+00:00,28.414,28.44,28.258,28.387,158646.0
2025-10-08 15:30:00+00:00,28.387,28.39,28.295,28.3,125185.0
2025-10-08 15:45:00+00:00,28.3,28.315,28.229,28.276,153182.0
2025-10-08 16:00:00+00:00,28.276,28.358,28.232,28.35,168177.0
2025-10-08 16:15:00+00:00,28.35,28.372,28.275,28.294,156236.0
2025-10-08 16:30:00+00:00,28.294,28.331,28.244,28.306,81564.0
2025-10-08 16:45:00+00:00,28.306,28.511,28.287,28.5,238354.0
2025-10-08 17:00:00+00:00,28.5,28.94,28.5,28.826,1235922.0
2025-10-08 17:15:00+00:00,28.825,29.086,28.806,28.962,450882.0
2025-10-08 17:30:00+00:00,28.962,29.177,28.86,28.88,422496.0
2025-10-08 17:45:00+00:00,28.88,28.976,28.813,28.95,255436.0
2025-10-08 18:00:00+00:00,28.95,29.009,28.919,28.947,255163.0
2025-10-08 18:15:00+00:00,28.947,29.006,28.87,28.878,239157.0
2025-10-08 18:30:00+00:00,28.878,28.986,28.868,28.906,163057.0
2025-10-08 18:45:00+00:00,28.906,29.63,28.886,29.324,1307875.0
2025-10-08 19:00:00+00:00,29.324,29.375,29.127,29.153,247050.0
2025-10-08 19:15:00+00:00,29.154,29.27,29.114,29.222,174735.0
2025-10-08 19:30:00+00:00,29.222,29.251,29.13,29.149,152633.0
2025-10-08 19:45:00+00:00,29.149,29.218,29.124,29.182,130886.0
2025-10-08 20:00:00+00:00,29.182,29.215,29.12,29.188,132967.0
2025-10-08 20:15:00+00:00,29.189,29.245,29.17,29.212,74200.0
2025-10-08 20:30:00+00:00,29.212,29.213,29.136,29.141,69969.0
2025-10-08 20:45:00+00:00,29.142,29.142,28.922,28.929,225161.0
2025-10-08 21:00:00+00:00,28.929,28.99,28.84,28.868,175074.0
2025-10-08 21:15:00+00:00,28.869,28.97,28.86,28.957,128812.0
2025-10-08 21:30:00+00:00,28.958,28.968,28.907,28.91,46044.0
2025-10-08 21:45:00+00:00,28.911,28.911,28.82,28.853,91428.0
2025-10-08 22:00:00+00:00,28.854,28.938,28.85,28.906,127681.0
2025-10-08 22:15:00+00:00,28.907,28.934,28.885,28.897,55433.0
2025-10-08 22:30:00+00:00,28.897,28.905,28.877,28.901,49090.0
2025-10-08 22:45:00+00:00,28.9,28.907,28.787,28.801,116093.0
2025-10-08 23:00:00+00:00,28.801,28.819,28.758,28.8,130864.0
2025-10-08 23:15:00+00:00,28.8,28.862,28.784,28.808,99254.0
2025-10-08 23:30:00+00:00,28.809,28.85,28.791,28.796,104430.0
2025-10-08 23:45:00+00:00,28.796,28.813,28.785,28.804,49082.0
2025-10-09 00:00:00+00:00,28.804,28.898,28.751,28.77,135499.0
2025-10-09 00:15:00+00:00,28.769,28.858,28.755,28.764,88627.0
2025-10-09 00:30:00+00:00,28.763,28.786,28.627,28.627,174064.0
2025-10-09 00:45:00+00:00,28.627,28.638,28.554,28.564,147709.0
2025-10-09 01:00:00+00:00,28.563,28.571,28.426,28.465,301816.0
2025-10-09 01:15:00+00:00,28.465,28.56,28.446,28.457,156798.0
2025-10-09 01:30:00+00:00,28.456,28.487,28.401,28.41,113823.0
2025-10-09 01:45:00+00:00,28.411,28.496,28.411,28.488,80645.0
2025-10-09 02:00:00+00:00,28.488,28.495,28.306,28.416,148321.0
2025-10-09 02:15:00+00:00,28.416,28.43,28.309,28.319,114002.0
2025-10-09 02:30:00+00:00,28.318,28.369,28.118,28.153,262013.0
2025-10-09 02:45:00+00:00,28.153,28.231,28.1,28.16,226274.0
2025-10-09 03:00:00+00:00,28.16,28.358,28.154,28.354,179393.0
2025-10-09 03:15:00+00:00,28.353,28.47,28.35,28.392,120733.0
2025-10-09 03:30:00+00:00,28.391,28.451,28.358,28.369,70017.0
2025-10-09 03:45:00+00:00,28.369,28.431,28.365,28.394,54607.0
2025-10-09 04:00:00+00:00,28.393,28.466,28.381,28.381,74502.0
2025-10-09 04:15:00+00:00,28.382,28.514,28.375,28.499,93140.0
2025-10-09 04:30:00+00:00,28.498,28.498,28.393,28.429,62436.0
2025-10-09 04:45:00+00:00,28.428,28.52,28.421,28.515,54309.0
2025-10-09 05:00:00+00:00,28.516,28.551,28.47,28.472,76376.0
2025-10-09 05:15:00+00:00,28.472,28.494,28.421,28.474,48857.0
2025-10-09 05:30:00+00:00,28.475,28.539,28.439,28.462,65802.0
2025-10-09 05:45:00+00:00,28.461,28.502,28.412,28.501,56387.0
2025-10-09 06:00:00+00:00,28.501,28.503,28.368,28.41,79266.0
2025-10-09 06:15:00+00:00,28.41,28.491,28.384,28.46,67108.0
2025-10-09 06:30:00+00:00,28.459,28.513,28.438,28.469,58214.0
2025-10-09 06:45:00+00:00,28.47,28.512,28.356,28.373,84588.0
2025-10-09 07:00:00+00:00,28.373,28.453,28.365,28.418,64551.0
2025-10-09 07:15:00+00:00,28.419,28.465,28.309,28.344,57256.0
2025-10-09 07:30:00+00:00,28.344,28.356,28.273,28.317,117963.0
2025-10-09 07:45:00+00:00,28.316,28.489,28.306,28.352,121195.0
2025-10-09 08:00:00+00:00,28.352,28.393,28.24,28.246,128660.0
2025-10-09 08:15:00+00:00,28.246,28.312,28.131,28.144,317051.0
2025-10-09 08:30:00+00:00,28.145,28.245,28.049,28.071,263585.0
2025-10-09 08:45:00+00:00,28.072,28.134,27.956,27.986,263621.0
2025-10-09 09:00:00+00:00,27.986,28.155,27.978,28.154,169792.0
2025-10-09 09:15:00+00:00,28.155,28.164,28.011,28.089,174161.0
2025-10-09 09:30:00+00:00,28.089,28.179,28.06,28.079,104920.0
2025-10-09 09:45:00+00:00,28.079,28.134,28.063,28.082,74751.0
2025-10-09 10:00:00+00:00,28.083,28.145,28.073,28.12,53694.0
2025-10-09 10:15:00+00:00,28.12,28.127,27.97,27.971,98623.0
2025-10-09 10:30:00+00:00,27.97,28.238,27.967,28.166,121082.0
2025-10-09 10:45:00+00:00,28.166,28.217,28.109,28.145,76914.0
2025-10-09 11:00:00+00:00,28.144,28.215,28.141,28.191,69985.0
2025-10-09 11:15:00+00:00,28.191,28.432,28.187,28.432,155415.0
2025-10-09 11:30:00+00:00,28.431,28.442,28.3,28.398,163554.0
2025-10-09 11:45:00+00:00,28.398,28.402,28.286,28.3,70944.0
2025-10-09 12:00:00+00:00,28.299,28.488,28.277,28.42,148219.0
2025-10-09 12:15:00+00:00,28.419,28.492,28.39,28.476,88745.0
2025-10-09 12:30:00+00:00,28.476,28.709,28.398,28.635,254053.0
2025-10-09 12:45:00+00:00,28.634,28.688,28.55,28.63,158240.0
2025-10-09 13:00:00+00:00,28.629,28.665,28.41,28.413,309906.0
2025-10-09 13:15:00+00:00,28.412,28.44,28.366,28.408,178243.0
2025-10-09 13:30:00+00:00,28.407,28.411,28.188,28.227,293548.0
2025-10-09 13:45:00+00:00,28.227,28.349,28.115,28.145,259777.0
2025-10-09 14:00:00+00:00,28.145,28.296,28.031,28.247,320728.0
2025-10-09 14:15:00+00:00,28.248,28.265,28.038,28.055,185717.0
2025-10-09 14:30:00+00:00,28.055,28.055,27.865,27.928,427194.0
2025-10-09 14:45:00+00:00,27.928,28.127,27.881,28.07,308348.0
2025-10-09 15:00:00+00:00,28.07,28.187,28.07,28.119,160540.0
2025-10-09 15:15:00+00:00,28.118,28.182,27.861,27.871,159939.0
2025-10-09 15:30:00+00:00,27.871,27.985,27.82,27.839,250312.0
2025-10-09 15:45:00+00:00,27.84,28.013,27.84,27.945,128088.0
2025-10-09 16:00:00+00:00,27.945,28.052,27.912,27.954,127886.0
2025-10-09 16:15:00+00:00,27.954,28.05,27.827,27.982,213750.0
2025-10-09 16:30:00+00:00,27.982,28.0,27.861,27.964,135435.0
2025-10-09 16:45:00+00:00,27.964,27.971,27.537,27.643,574265.0
2025-10-09 17:00:00+00:00,27.643,27.893,27.621,27.841,272710.0
2025-10-09 17:15:00+00:00,27.841,27.987,27.827,27.868,152216.0
2025-10-09 17:30:00+00:00,27.867,28.006,27.86,27.937,137112.0
2025-10-09 17:45:00+00:00,27.936,28.068,27.899,28.047,110349.0
2025-10-09 18:00:00+00:00,28.046,28.104,27.936,28.03,131244.0
2025-10-09 18:15:00+00:00,28.03,28.106,27.996,28.009,138349.0
2025-10-09 18:30:00+00:00,28.009,28.024,27.902,27.955,125175.0
2025-10-09 18:45:00+00:00,27.954,27.994,27.905,27.949,92678.0
2025-10-09 19:00:00+00:00,27.949,28.027,27.942,27.994,80084.0
2025-10-09 19:15:00+00:00,27.995,28.18,27.971,28.158,157652.0
2025-10-09 19:30:00+00:00,28.158,28.162,28.061,28.07,98846.0
2025-10-09 19:45:00+00:00,28.071,28.104,28.007,28.071,117191.0
2025-10-09 20:00:00+00:00,28.072,28.158,27.978,27.979,117130.0
2025-10-09 20:15:00+00:00,27.978,28.039,27.963,28.017,66309.0
2025-10-09 20:30:00+00:00,28.018,28.035,27.99,28.034,58491.0
2025-10-09 20:45:00+00:00,28.034,28.062,27.992,28.053,66172.0
2025-10-09 21:00:00+00:00,28.054,28.118,27.981,28.117,101377.0
2025-10-09 21:15:00+00:00,28.118,28.158,28.048,28.052,77450.0
2025-10-09 21:30:00+00:00,28.053,28.108,28.018,28.093,44175.0
2025-10-09 21:45:00+00:00,28.093,28.123,28.044,28.118,39296.0
2025-10-09 22:00:00+00:00,28.12,28.191,28.077,28.16,96557.0
2025-10-09 22:15:00+00:00,28.16,28.275,28.151,28.261,116564.0
2025-10-09 22:30:00+00:00,28.262,28.39,28.243,28.384,113915.0
2025-10-09 22:45:00+00:00,28.384,28.453,28.325,28.366,148205.0
2025-10-09 23:00:00+00:00,28.366,28.385,28.282,28.311,104330.0
2025-10-09 23:15:00+00:00,28.31,28.411,28.28,28.341,179128.0
2025-10-09 23:30:00+00:00,28.342,28.369,28.273,28.361,103466.0
2025-10-09 23:45:00+00:00,28.361,28.38,28.329,28.374,52836.0
2025-10-10 00:00:00+00:00,28.375,28.415,28.32,28.364,113099.0
2025-10-10 00:15:00+00:00,28.364,28.406,28.331,28.394,52946.0
2025-10-10 00:30:00+00:00,28.393,28.412,28.331,28.374,51860.0
2025-10-10 00:45:00+00:00,28.375,28.4,28.323,28.394,80052.0
2025-10-10 01:00:00+00:00,28.394,28.464,28.344,28.375,90464.0
2025-10-10 01:15:00+00:00,28.375,28.406,28.348,28.397,65726.0
2025-10-10 01:30:00+00:00,28.397,28.398,28.309,28.346,66366.0
2025-10-10 01:45:00+00:00,28.346,28.388,28.315,28.358,71631.0
2025-10-10 02:00:00+00:00,28.358,28.381,28.311,28.36,98857.0
2025-10-10 02:15:00+00:00,28.36,28.473,28.343,28.399,170100.0
2025-10-10 02:30:00+00:00,28.398,28.399,28.31,28.345,129983.0
2025-10-10 02:45:00+00:00,28.346,28.384,28.278,28.361,101908.0
2025-10-10 03:00:00+00:00,28.361,28.374,28.26,28.315,105429.0
2025-10-10 03:15:00+00:00,28.315,28.469,28.277,28.468,177936.0
2025-10-10 03:30:00+00:00,28.468,28.569,28.468,28.505,201502.0
2025-10-10 03:45:00+00:00,28.505,28.548,28.341,28.358,147707.0
2025-10-10 04:00:00+00:00,28.357,28.515,28.352,28.462,109955.0
2025-10-10 04:15:00+00:00,28.467,28.481,28.379,28.398,68664.0
2025-10-10 04:30:00+00:00,28.398,28.44,28.309,28.364,78409.0
2025-10-10 04:45:00+00:00,28.364,28.409,28.342,28.403,56185.0
2025-10-10 05:00:00+00:00,28.402,28.403,28.306,28.332,74100.0
2025-10-10 05:15:00+00:00,28.332,28.455,28.332,28.43,56500.0
2025-10-10 05:30:00+00:00,28.43,28.439,28.343,28.434,56712.0
2025-10-10 05:45:00+00:00,28.434,28.556,28.432,28.549,89740.0
2025-10-10 06:00:00+00:00,28.549,28.613,28.531,28.543,118417.0
2025-10-10 06:15:00+00:00,28.543,28.577,28.4,28.414,69598.0
2025-10-10 06:30:00+00:00,28.414,28.449,28.325,28.379,138903.0
2025-10-10 06:45:00+00:00,28.38,28.43,28.272,28.351,105118.0
2025-10-10 07:00:00+00:00,28.35,28.376,28.269,28.354,106677.0
2025-10-10 07:15:00+00:00,28.354,28.362,28.259,28.324,104922.0
2025-10-10 07:30:00+00:00,28.325,28.365,28.266,28.351,82186.0
2025-10-10 07:45:00+00:00,28.351,28.353,28.178,28.214,122618.0
2025-10-10 08:00:00+00:00,28.215,28.339,28.191,28.323,105926.0
2025-10-10 08:15:00+00:00,28.322,28.388,28.319,28.357,85897.0
2025-10-10 08:30:00+00:00,28.356,28.382,28.28,28.323,71602.0
2025-10-10 08:45:00+00:00,28.325,28.41,28.299,28.404,108485.0
2025-10-10 09:00:00+00:00,28.403,28.403,28.286,28.309,102093.0
2025-10-10 09:15:00+00:00,28.308,28.391,28.279,28.38,79590.0
2025-10-10 09:30:00+00:00,28.379,28.388,28.278,28.292,96534.0
2025-10-10 09:45:00+00:00,28.292,28.32,28.024,28.071,237557.0
2025-10-10 10:00:00+00:00,28.071,28.124,28.033,28.121,120492.0
2025-10-10 10:15:00+00:00,28.121,28.162,28.071,28.071,111639.0
2025-10-10 10:30:00+00:00,28.071,28.141,28.057,28.139,81904.0
2025-10-10 10:45:00+00:00,28.14,28.261,28.128,28.232,102787.0
2025-10-10 11:00:00+00:00,28.232,28.332,28.219,28.225,100340.0
2025-10-10 11:15:00+00:00,28.226,28.275,28.136,28.168,96451.0
2025-10-10 11:30:00+00:00,28.167,28.212,28.151,28.182,84041.0
2025-10-10 11:45:00+00:00,28.181,28.284,28.15,28.249,79598.0
2025-10-10 12:00:00+00:00,28.248,28.36,28.242,28.264,114256.0
2025-10-10 12:15:00+00:00,28.263,28.31,28.23,28.264,62392.0
2025-10-10 12:30:00+00:00,28.265,28.312,28.208,28.217,61426.0
2025-10-10 12:45:00+00:00,28.218,28.312,28.191,28.31,74000.0
2025-10-10 13:00:00+00:00,28.31,28.364,28.283,28.32,113332.0
2025-10-10 13:15:00+00:00,28.319,28.388,28.281,28.378,122387.0
2025-10-10 13:30:00+00:00,28.378,28.476,28.279,28.357,232139.0
2025-10-10 13:45:00+00:00,28.359,28.367,28.172,28.283,242555.0
2025-10-10 14:00:00+00:00,28.283,28.399,28.214,28.307,191519.0
2025-10-10 14:15:00+00:00,28.306,28.341,28.12,28.136,218136.0
2025-10-10 14:30:00+00:00,28.135,28.234,28.05,28.1,192153.0
2025-10-10 14:45:00+00:00,28.1,28.184,27.834,27.906,520834.0
2025-10-10 15:00:00+00:00,27.91,27.931,27.567,27.748,1175924.0
2025-10-10 15:15:00+00:00,27.748,27.798,27.157,27.181,1351043.0
2025-10-10 15:30:00+00:00,27.18,27.202,26.599,27.186,2478028.0
2025-10-10 15:45:00+00:00,27.187,27.198,26.952,26.979,550087.0
2025-10-10 16:00:00+00:00,26.979,27.094,26.838,26.928,528954.0
2025-10-10 16:15:00+00:00,26.929,27.057,26.817,26.977,332952.0
2025-10-10 16:30:00+00:00,26.976,27.099,26.896,26.901,270654.0
2025-10-10 16:45:00+00:00,26.9,26.9,26.77,26.824,324721.0
2025-10-10 17:00:00+00:00,26.824,26.832,26.679,26.745,393468.0
2025-10-10 17:15:00+00:00,26.746,26.936,26.734,26.936,252401.0
2025-10-10 17:30:00+00:00,26.936,26.977,26.766,26.804,208657.0
2025-10-10 17:45:00+00:00,26.803,26.825,26.657,26.698,358938.0
2025-10-10 18:00:00+00:00,26.699,26.74,26.63,26.69,239473.0
2025-10-10 18:15:00+00:00,26.69,26.726,26.558,26.635,243002.0
2025-10-10 18:30:00+00:00,26.636,26.682,26.444,26.502,377025.0
2025-10-10 18:45:00+00:00,26.502,26.59,26.412,26.493,321750.0
2025-10-10 19:00:00+00:00,26.493,26.563,26.33,26.378,356451.0
2025-10-10 19:15:00+00:00,26.378,26.454,26.05,26.06,751990.0
2025-10-10 19:30:00+00:00,26.06,26.487,26.048,26.476,661011.0
2025-10-10 19:45:00+00:00,26.478,26.574,26.369,26.417,346838.0
2025-10-10 20:00:00+00:00,26.417,26.576,26.366,26.532,324846.0
2025-10-10 20:15:00+00:00,26.533,26.675,26.515,26.668,278864.0
2025-10-10 20:30:00+00:00,26.667,26.667,26.565,26.581,186680.0
2025-10-10 20:45:00+00:00,26.581,26.595,24.13,25.002,2985901.0
2025-10-10 21:00:00+00:00,25.002,25.363,22.198,23.047,4267400.0
2025-10-10 21:15:00+00:00,23.048,23.523,8.433,18.078,8927591.0
2025-10-10 21:30:00+00:00,18.078,22.268,17.742,22.237,2301170.0
2025-10-10 21:45:00+00:00,22.237,22.853,21.629,21.858,2446533.0
2025-10-10 22:00:00+00:00,21.858,22.161,19.52,21.312,2989790.0
2025-10-10 22:15:00+00:00,21.313,21.645,20.124,20.23,2047902.0
2025-10-10 22:30:00+00:00,20.238,20.792,19.923,20.527,1851892.0
2025-10-10 22:45:00+00:00,20.525,21.02,20.464,20.752,1638199.0
2025-10-10 23:00:00+00:00,20.752,21.138,20.464,20.863,1355073.0
2025-10-10 23:15:00+00:00,20.861,21.615,20.832,21.607,1163728.0
2025-10-10 23:30:00+00:00,21.606,21.899,21.476,21.561,1237920.0
2025-10-10 23:45:00+00:00,21.563,21.569,20.204,20.608,1425329.0
2025-10-11 00:00:00+00:00,20.613,21.0,20.552,20.826,840475.0
2025-10-11 00:15:00+00:00,20.825,21.12,20.33,21.116,837744.0
2025-10-11 00:30:00+00:00,21.117,21.292,20.877,20.975,782034.0
2025-10-11 00:45:00+00:00,20.976,21.349,20.976,21.199,461018.0
2025-10-11 01:00:00+00:00,21.2,21.449,21.154,21.427,594907.0
2025-10-11 01:15:00+00:00,21.428,21.483,21.145,21.29,581130.0
2025-10-11 01:30:00+00:00,21.29,21.321,20.876,20.887,433010.0
2025-10-11 01:45:00+00:00,20.885,21.057,20.648,20.945,430605.0
2025-10-11 02:00:00+00:00,20.945,21.71,20.904,21.705,520444.0
2025-10-11 02:15:00+00:00,21.706,22.421,21.706,22.244,684965.0
2025-10-11 02:30:00+00:00,22.245,22.61,22.182,22.583,554499.0
2025-10-11 02:45:00+00:00,22.582,22.844,22.454,22.637,459987.0
2025-10-11 03:00:00+00:00,22.635,22.666,21.938,22.051,612009.0
2025-10-11 03:15:00+00:00,22.052,22.149,21.98,22.013,397716.0
2025-10-11 03:30:00+00:00,22.012,22.078,21.729,21.85,337726.0
2025-10-11 03:45:00+00:00,21.851,22.081,21.811,21.924,295250.0
2025-10-11 04:00:00+00:00,21.924,21.963,21.773,21.85,347205.0
2025-10-11 04:15:00+00:00,21.85,22.006,21.8,21.99,331184.0
2025-10-11 04:30:00+00:00,21.99,22.027,21.814,21.957,328918.0
2025-10-11 04:45:00+00:00,21.96,22.218,21.86,22.17,325081.0
2025-10-11 05:00:00+00:00,22.171,22.223,22.039,22.088,285322.0
2025-10-11 05:15:00+00:00,22.088,22.112,21.8,21.8,294775.0
2025-10-11 05:30:00+00:00,21.801,21.914,21.721,21.774,328149.0
2025-10-11 05:45:00+00:00,21.775,22.101,21.772,22.008,222345.0
2025-10-11 06:00:00+00:00,22.007,22.196,21.951,22.193,260766.0
2025-10-11 06:15:00+00:00,22.192,22.635,22.173,22.594,409172.0
2025-10-11 06:30:00+00:00,22.594,22.638,22.487,22.537,259737.0
2025-10-11 06:45:00+00:00,22.537,22.602,22.184,22.21,248946.0
2025-10-11 07:00:00+00:00,22.211,22.356,22.097,22.312,293163.0
2025-10-11 07:15:00+00:00,22.312,22.414,22.201,22.316,224011.0
2025-10-11 07:30:00+00:00,22.316,22.38,22.119,22.192,261703.0
2025-10-11 07:45:00+00:00,22.194,22.305,22.114,22.189,222284.0
2025-10-11 08:00:00+00:00,22.19,22.266,22.093,22.211,194540.0
2025-10-11 08:15:00+00:00,22.212,22.697,22.197,22.614,475122.0
2025-10-11 08:30:00+00:00,22.615,23.0,22.566,22.824,449617.0
2025-10-11 08:45:00+00:00,22.823,23.157,22.815,23.099,419627.0
2025-10-11 09:00:00+00:00,23.099,23.357,23.084,23.144,528970.0
2025-10-11 09:15:00+00:00,23.145,23.172,22.908,23.082,412962.0
2025-10-11 09:30:00+00:00,23.082,23.091,22.869,22.909,272875.0
2025-10-11 09:45:00+00:00,22.908,22.927,22.708,22.764,233146.0
2025-10-11 10:00:00+00:00,22.765,22.979,22.763,22.934,193456.0
2025-10-11 10:15:00+00:00,22.933,23.03,22.801,22.991,247507.0
2025-10-11 10:30:00+00:00,22.991,23.004,22.636,22.683,243895.0
2025-10-11 10:45:00+00:00,22.683,22.748,22.636,22.702,148187.0
2025-10-11 11:00:00+00:00,22.703,22.755,22.529,22.582,179681.0
2025-10-11 11:15:00+00:00,22.583,22.682,22.406,22.654,254518.0
2025-10-11 11:30:00+00:00,22.655,22.66,22.561,22.62,119524.0
2025-10-11 11:45:00+00:00,22.621,22.697,22.537,22.657,183889.0
2025-10-11 12:00:00+00:00,22.656,22.749,22.582,22.725,212026.0
2025-10-11 12:15:00+00:00,22.723,22.78,22.639,22.733,161312.0
2025-10-11 12:30:00+00:00,22.733,22.734,22.441,22.528,184630.0
2025-10-11 12:45:00+00:00,22.529,22.547,22.259,22.351,285931.0
2025-10-11 13:00:00+00:00,22.352,22.391,22.153,22.354,323430.0
2025-10-11 13:15:00+00:00,22.355,22.365,22.182,22.289,271749.0
2025-10-11 13:30:00+00:00,22.29,22.328,21.946,22.213,466749.0
2025-10-11 13:45:00+00:00,22.213,22.838,22.2,22.567,1027026.0
2025-10-11 14:00:00+00:00,22.567,22.822,22.551,22.817,391158.0
2025-10-11 14:15:00+00:00,22.818,22.848,22.546,22.575,344130.0
2025-10-11 14:30:00+00:00,22.574,22.695,22.544,22.575,244205.0
2025-10-11 14:45:00+00:00,22.576,22.712,22.512,22.699,206942.0
2025-10-11 15:00:00+00:00,22.699,22.903,22.686,22.766,375794.0
2025-10-11 15:15:00+00:00,22.767,22.949,22.615,22.809,360449.0
2025-10-11 15:30:00+00:00,22.809,22.863,22.662,22.665,232664.0
2025-10-11 15:45:00+00:00,22.665,22.844,22.665,22.795,134567.0
2025-10-11 16:00:00+00:00,22.794,22.88,22.662,22.851,185205.0
2025-10-11 16:15:00+00:00,22.851,23.009,22.846,22.93,297145.0
2025-10-11 16:30:00+00:00,22.931,22.959,22.667,22.688,246251.0
2025-10-11 16:45:00+00:00,22.688,22.92,22.646,22.877,155895.0
2025-10-11 17:00:00+00:00,22.877,23.134,22.875,22.966,360061.0
2025-10-11 17:15:00+00:00,22.965,22.997,22.862,22.962,170542.0
2025-10-11 17:30:00+00:00,22.962,23.0,22.884,22.923,161576.0
2025-10-11 17:45:00+00:00,22.924,22.979,22.873,22.957,144702.0
2025-10-11 18:00:00+00:00,22.956,22.957,22.744,22.745,160641.0
2025-10-11 18:15:00+00:00,22.745,22.806,22.729,22.733,152869.0
2025-10-11 18:30:00+00:00,22.732,22.771,22.662,22.74,143984.0
2025-10-11 18:45:00+00:00,22.739,22.744,22.62,22.63,101468.0
2025-10-11 19:00:00+00:00,22.63,22.633,22.345,22.39,290185.0
2025-10-11 19:15:00+00:00,22.391,22.4,22.03,22.214,578789.0
2025-10-11 19:30:00+00:00,22.212,22.219,21.962,22.007,291161.0
2025-10-11 19:45:00+00:00,22.008,22.081,21.755,21.878,536299.0
2025-10-11 20:00:00+00:00,21.878,21.95,21.567,21.656,470872.0
2025-10-11 20:15:00+00:00,21.656,21.733,21.372,21.47,452767.0
2025-10-11 20:30:00+00:00,21.469,21.478,21.176,21.301,637506.0
2025-10-11 20:45:00+00:00,21.296,21.598,21.194,21.329,514509.0
2025-10-11 21:00:00+00:00,21.329,21.334,20.923,21.078,580863.0
2025-10-11 21:15:00+00:00,21.079,21.608,21.029,21.35,685099.0
2025-10-11 21:30:00+00:00,21.351,21.457,21.223,21.29,269260.0
2025-10-11 21:45:00+00:00,21.29,21.473,21.289,21.416,149315.0
2025-10-11 22:00:00+00:00,21.417,21.516,21.335,21.455,344070.0
2025-10-11 22:15:00+00:00,21.454,21.602,21.348,21.551,252102.0
2025-10-11 22:30:00+00:00,21.552,21.667,21.497,21.585,223284.0
2025-10-11 22:45:00+00:00,21.584,21.688,21.575,21.621,162789.0
2025-10-11 23:00:00+00:00,21.62,21.649,21.495,21.55,206661.0
2025-10-11 23:15:00+00:00,21.55,21.608,21.469,21.527,105440.0
2025-10-11 23:30:00+00:00,21.526,21.571,21.448,21.507,114546.0
2025-10-11 23:45:00+00:00,21.507,21.537,21.392,21.438,123027.0
2025-10-12 00:00:00+00:00,21.437,21.468,21.311,21.343,234202.0
2025-10-12 00:15:00+00:00,21.345,21.435,21.112,21.118,265435.0
2025-10-12 00:30:00+00:00,21.119,21.352,21.087,21.114,298723.0
2025-10-12 00:45:00+00:00,21.114,21.165,20.856,20.892,283493.0
2025-10-12 01:00:00+00:00,20.893,21.138,20.879,21.119,263820.0
2025-10-12 01:15:00+00:00,21.12,21.225,20.884,20.94,277766.0
2025-10-12 01:30:00+00:00,20.94,21.06,20.848,21.003,234997.0
2025-10-12 01:45:00+00:00,21.004,21.108,20.811,20.835,230366.0
2025-10-12 02:00:00+00:00,20.836,20.913,20.771,20.837,250227.0
2025-10-12 02:15:00+00:00,20.838,21.084,20.831,21.04,235632.0
2025-10-12 02:30:00+00:00,21.04,21.146,20.865,20.919,239339.0
2025-10-12 02:45:00+00:00,20.919,20.979,20.646,20.76,379684.0
2025-10-12 03:00:00+00:00,20.761,21.115,20.718,20.996,473170.0
2025-10-12 03:15:00+00:00,20.996,21.181,20.895,21.106,335045.0
2025-10-12 03:30:00+00:00,21.107,21.257,21.045,21.103,283324.0
2025-10-12 03:45:00+00:00,21.102,21.114,20.968,21.008,125506.0
2025-10-12 04:00:00+00:00,21.008,21.251,20.985,21.235,179769.0
2025-10-12 04:15:00+00:00,21.235,21.443,21.235,21.34,238105.0
2025-10-12 04:30:00+00:00,21.34,21.43,21.235,21.287,180742.0
2025-10-12 04:45:00+00:00,21.286,21.377,21.222,21.303,138064.0
2025-10-12 05:00:00+00:00,21.303,21.352,21.234,21.289,128577.0
2025-10-12 05:15:00+00:00,21.288,21.406,21.288,21.373,147063.0
2025-10-12 05:30:00+00:00,21.373,21.417,21.301,21.36,106016.0
2025-10-12 05:45:00+00:00,21.361,21.426,21.346,21.356,99425.0
2025-10-12 06:00:00+00:00,21.357,21.435,21.301,21.357,115009.0
2025-10-12 06:15:00+00:00,21.357,21.55,21.357,21.484,171739.0
2025-10-12 06:30:00+00:00,21.484,21.495,21.376,21.47,160448.0
2025-10-12 06:45:00+00:00,21.471,21.51,21.416,21.486,98978.0
2025-10-12 07:00:00+00:00,21.486,21.488,21.34,21.356,133687.0
2025-10-12 07:15:00+00:00,21.357,21.453,21.324,21.326,113101.0
2025-10-12 07:30:00+00:00,21.326,21.359,21.274,21.357,100802.0
2025-10-12 07:45:00+00:00,21.357,21.417,21.331,21.356,75684.0
2025-10-12 08:00:00+00:00,21.356,21.426,21.337,21.378,105467.0
2025-10-12 08:15:00+00:00,21.378,21.443,21.374,21.429,97703.0
2025-10-12 08:30:00+00:00,21.428,21.437,21.246,21.254,158928.0
2025-10-12 08:45:00+00:00,21.254,21.271,21.115,21.125,254246.0
2025-10-12 09:00:00+00:00,21.126,21.13,20.904,20.995,255483.0
2025-10-12 09:15:00+00:00,20.995,21.116,20.995,21.024,211396.0
2025-10-12 09:30:00+00:00,21.025,21.146,21.0,21.134,124333.0
2025-10-12 09:45:00+00:00,21.134,21.255,21.075,21.241,193980.0
2025-10-12 10:00:00+00:00,21.242,21.355,21.061,21.076,305529.0
2025-10-12 10:15:00+00:00,21.075,21.103,20.984,21.051,166573.0
2025-10-12 10:30:00+00:00,21.052,21.13,21.026,21.035,152712.0
2025-10-12 10:45:00+00:00,21.035,21.096,20.962,20.974,128607.0
2025-10-12 11:00:00+00:00,20.975,21.168,20.974,21.117,200673.0
2025-10-12 11:15:00+00:00,21.117,21.146,20.993,21.06,117300.0
2025-10-12 11:30:00+00:00,21.06,21.143,21.012,21.092,193180.0
2025-10-12 11:45:00+00:00,21.091,21.114,21.033,21.077,99793.0
2025-10-12 12:00:00+00:00,21.076,21.243,21.06,21.219,217836.0
2025-10-12 12:15:00+00:00,21.219,21.312,21.149,21.303,206109.0
2025-10-12 12:30:00+00:00,21.303,21.352,21.17,21.292,252724.0
2025-10-12 12:45:00+00:00,21.292,21.313,21.191,21.268,210249.0
2025-10-12 13:00:00+00:00,21.268,21.407,21.21,21.355,247540.0
2025-10-12 13:15:00+00:00,21.355,21.39,21.053,21.106,335531.0
2025-10-12 13:30:00+00:00,21.107,21.121,20.862,20.964,525590.0
2025-10-12 13:45:00+00:00,20.965,20.972,20.746,20.803,407509.0
2025-10-12 14:00:00+00:00,20.804,21.04,20.788,21.015,281860.0
2025-10-12 14:15:00+00:00,21.014,21.109,20.98,21.069,233573.0
2025-10-12 14:30:00+00:00,21.069,21.114,20.851,20.945,319958.0
2025-10-12 14:45:00+00:00,20.946,22.12,20.931,21.778,3010427.0
2025-10-12 15:00:00+00:00,21.779,22.362,21.683,22.276,1609104.0
2025-10-12 15:15:00+00:00,22.277,22.53,22.124,22.396,1120741.0
2025-10-12 15:30:00+00:00,22.398,22.403,21.865,22.095,1072665.0
2025-10-12 15:45:00+00:00,22.096,22.43,22.096,22.338,530365.0
2025-10-12 16:00:00+00:00,22.338,22.81,22.333,22.595,1149473.0
2025-10-12 16:15:00+00:00,22.597,22.685,22.487,22.602,575382.0
2025-10-12 16:30:00+00:00,22.603,22.748,22.268,22.707,811408.0
2025-10-12 16:45:00+00:00,22.709,22.88,22.419,22.547,1086673.0
2025-10-12 17:00:00+00:00,22.547,22.729,22.471,22.671,568791.0
2025-10-12 17:15:00+00:00,22.672,22.808,22.621,22.71,611669.0
2025-10-12 17:30:00+00:00,22.712,22.869,22.634,22.837,360904.0
2025-10-12 17:45:00+00:00,22.838,22.933,22.57,22.711,509345.0
2025-10-12 18:00:00+00:00,22.712,23.016,22.702,22.942,424741.0
2025-10-12 18:15:00+00:00,22.942,23.094,22.861,22.867,536030.0
2025-10-12 18:30:00+00:00,22.867,22.915,22.502,22.51,536622.0
2025-10-12 18:45:00+00:00,22.51,22.599,22.434,22.579,289947.0
2025-10-12 19:00:00+00:00,22.58,22.775,22.566,22.761,301678.0
2025-10-12 19:15:00+00:00,22.761,22.893,22.731,22.877,292119.0
2025-10-12 19:30:00+00:00,22.877,22.945,22.764,22.881,253547.0
2025-10-12 19:45:00+00:00,22.88,23.012,22.831,22.99,184902.0
2025-10-12 20:00:00+00:00,22.99,23.119,22.83,22.865,376598.0
2025-10-12 20:15:00+00:00,22.865,23.049,22.804,23.045,193228.0
2025-10-12 20:30:00+00:00,23.046,23.191,22.957,23.086,429293.0
2025-10-12 20:45:00+00:00,23.085,23.309,22.866,22.911,505772.0
2025-10-12 21:00:00+00:00,22.912,23.055,22.795,22.961,325701.0
2025-10-12 21:15:00+00:00,22.961,22.994,22.553,22.693,400605.0
2025-10-12 21:30:00+00:00,22.693,22.694,22.347,22.54,431866.0
2025-10-12 21:45:00+00:00,22.54,22.704,22.538,22.671,108322.0
2025-10-12 22:00:00+00:00,22.672,22.875,22.461,22.58,403293.0
2025-10-12 22:15:00+00:00,22.581,22.698,22.45,22.488,263110.0
2025-10-12 22:30:00+00:00,22.489,22.641,22.46,22.588,208318.0
2025-10-12 22:45:00+00:00,22.587,22.691,22.525,22.589,225740.0
2025-10-12 23:00:00+00:00,22.589,22.6,22.406,22.478,303157.0
2025-10-12 23:15:00+00:00,22.477,22.487,22.249,22.449,314333.0
2025-10-12 23:30:00+00:00,22.448,22.586,22.383,22.427,201604.0
2025-10-12 23:45:00+00:00,22.426,22.548,22.388,22.477,111306.0
2025-10-13 00:00:00+00:00,22.477,22.497,22.133,22.28,406709.0
2025-10-13 00:15:00+00:00,22.281,22.562,22.15,22.165,430042.0
2025-10-13 00:30:00+00:00,22.165,22.172,21.845,21.945,654232.0
2025-10-13 00:45:00+00:00,21.945,22.102,21.869,21.976,338247.0
2025-10-13 01:00:00+00:00,21.975,22.081,21.859,21.976,339611.0
2025-10-13 01:15:00+00:00,21.977,22.218,21.945,22.109,258592.0
2025-10-13 01:30:00+00:00,22.107,22.288,22.093,22.201,249268.0
2025-10-13 01:45:00+00:00,22.201,22.378,22.159,22.357,142011.0
2025-10-13 02:00:00+00:00,22.356,22.456,22.152,22.184,311253.0
2025-10-13 02:15:00+00:00,22.185,22.224,21.98,21.997,191609.0
2025-10-13 02:30:00+00:00,21.996,22.106,21.959,22.07,194533.0
2025-10-13 02:45:00+00:00,22.071,22.198,22.062,22.181,148528.0
2025-10-13 03:00:00+00:00,22.18,22.291,22.157,22.212,205735.0
2025-10-13 03:15:00+00:00,22.212,22.305,22.182,22.255,189543.0
2025-10-13 03:30:00+00:00,22.255,22.281,22.104,22.215,265863.0
2025-10-13 03:45:00+00:00,22.215,22.243,22.138,22.204,187860.0
2025-10-13 04:00:00+00:00,22.204,22.294,22.14,22.183,194598.0
2025-10-13 04:15:00+00:00,22.182,22.274,22.097,22.182,157010.0
2025-10-13 04:30:00+00:00,22.181,22.347,22.173,22.27,189873.0
2025-10-13 04:45:00+00:00,22.269,22.504,22.217,22.48,270901.0
2025-10-13 05:00:00+00:00,22.479,22.513,22.359,22.407,167379.0
2025-10-13 05:15:00+00:00,22.407,22.452,22.26,22.376,218450.0
2025-10-13 05:30:00+00:00,22.375,22.474,22.277,22.391,271560.0
2025-10-13 05:45:00+00:00,22.39,22.437,22.291,22.319,157042.0
2025-10-13 06:00:00+00:00,22.318,22.408,22.156,22.379,235099.0
2025-10-13 06:15:00+00:00,22.379,22.524,22.305,22.514,178894.0
2025-10-13 06:30:00+00:00,22.513,22.668,22.402,22.423,344894.0
2025-10-13 06:45:00+00:00,22.423,22.618,22.349,22.583,346497.0
2025-10-13 07:00:00+00:00,22.583,22.712,22.485,22.647,267503.0
2025-10-13 07:15:00+00:00,22.648,22.79,22.64,22.73,300851.0
2025-10-13 07:30:00+00:00,22.728,22.866,22.676,22.784,293396.0
2025-10-13 07:45:00+00:00,22.783,22.783,22.537,22.682,344647.0
2025-10-13 08:00:00+00:00,22.682,22.793,22.598,22.748,357105.0
2025-10-13 08:15:00+00:00,22.748,22.894,22.726,22.839,290805.0
2025-10-13 08:30:00+00:00,22.84,22.974,22.823,22.854,296596.0
2025-10-13 08:45:00+00:00,22.855,22.942,22.777,22.856,229881.0
2025-10-13 09:00:00+00:00,22.857,22.88,22.682,22.702,256910.0
2025-10-13 09:15:00+00:00,22.703,22.784,22.672,22.744,161940.0
2025-10-13 09:30:00+00:00,22.744,22.859,22.718,22.838,174996.0
2025-10-13 09:45:00+00:00,22.839,22.918,22.829,22.913,118322.0
2025-10-13 10:00:00+00:00,22.912,23.044,22.864,22.912,439020.0
2025-10-13 10:15:00+00:00,22.913,22.915,22.71,22.749,249297.0
2025-10-13 10:30:00+00:00,22.749,22.767,22.635,22.676,217266.0
2025-10-13 10:45:00+00:00,22.675,22.76,22.615,22.652,154940.0
2025-10-13 11:00:00+00:00,22.652,22.678,22.304,22.425,885718.0
2025-10-13 11:15:00+00:00,22.424,22.426,21.676,21.73,1192377.0
2025-10-13 11:30:00+00:00,21.731,22.183,21.71,22.156,805498.0
2025-10-13 11:45:00+00:00,22.157,22.316,22.11,22.176,337524.0
2025-10-13 12:00:00+00:00,22.177,22.438,22.005,22.405,446194.0
2025-10-13 12:15:00+00:00,22.404,22.42,22.214,22.314,280444.0
2025-10-13 12:30:00+00:00,22.316,22.578,22.28,22.563,358651.0
2025-10-13 12:45:00+00:00,22.564,22.66,22.294,22.331,432892.0
2025-10-13 13:00:00+00:00,22.33,22.45,22.225,22.277,390292.0
2025-10-13 13:15:00+00:00,22.277,22.432,22.209,22.273,268272.0
2025-10-13 13:30:00+00:00,22.272,22.934,22.249,22.693,2371912.0
2025-10-13 13:45:00+00:00,22.692,22.916,22.49,22.808,818878.0
2025-10-13 14:00:00+00:00,22.809,22.927,22.604,22.644,906108.0
2025-10-13 14:15:00+00:00,22.644,22.725,22.373,22.481,736733.0
2025-10-13 14:30:00+00:00,22.479,22.737,22.295,22.579,635663.0
2025-10-13 14:45:00+00:00,22.579,22.628,22.311,22.407,380833.0
2025-10-13 15:00:00+00:00,22.407,22.726,22.383,22.652,426249.0
2025-10-13 15:15:00+00:00,22.651,22.859,22.622,22.648,311991.0
2025-10-13 15:30:00+00:00,22.648,22.807,22.63,22.674,223367.0
2025-10-13 15:45:00+00:00,22.673,22.928,22.673,22.792,336016.0
2025-10-13 16:00:00+00:00,22.793,22.934,22.786,22.801,369998.0
2025-10-13 16:15:00+00:00,22.801,22.916,22.62,22.806,441031.0
2025-10-13 16:30:00+00:00,22.805,22.866,22.698,22.724,265198.0
2025-10-13 16:45:00+00:00,22.725,23.053,22.704,22.989,391075.0
2025-10-13 17:00:00+00:00,22.989,23.238,22.95,23.027,865141.0
2025-10-13 17:15:00+00:00,23.025,23.16,22.981,23.142,324792.0
2025-10-13 17:30:00+00:00,23.143,23.232,23.038,23.092,399396.0
2025-10-13 17:45:00+00:00,23.093,23.48,23.009,23.443,616153.0
2025-10-13 18:00:00+00:00,23.442,23.507,23.32,23.441,705510.0
2025-10-13 18:15:00+00:00,23.441,23.586,23.416,23.521,472540.0
2025-10-13 18:30:00+00:00,23.519,23.711,23.48,23.685,404122.0
2025-10-13 18:45:00+00:00,23.685,23.7,23.35,23.486,420268.0
2025-10-13 19:00:00+00:00,23.486,23.69,23.457,23.655,298370.0
2025-10-13 19:15:00+00:00,23.655,23.787,23.615,23.738,309879.0
2025-10-13 19:30:00+00:00,23.738,24.013,23.727,24.01,354847.0
2025-10-13 19:45:00+00:00,24.01,24.043,23.753,23.83,471551.0
2025-10-13 20:00:00+00:00,23.832,24.022,23.736,23.785,448184.0
2025-10-13 20:15:00+00:00,23.785,23.821,23.713,23.789,189578.0
2025-10-13 20:30:00+00:00,23.789,23.883,23.689,23.844,223209.0
2025-10-13 20:45:00+00:00,23.843,23.971,23.84,23.942,247672.0
2025-10-13 21:00:00+00:00,23.941,24.007,23.846,23.94,216572.0
2025-10-13 21:15:00+00:00,23.94,23.982,23.763,23.774,162025.0
2025-10-13 21:30:00+00:00,23.773,23.819,23.73,23.777,143565.0
2025-10-13 21:45:00+00:00,23.777,23.807,23.708,23.777,96087.0
2025-10-13 22:00:00+00:00,23.776,23.879,23.771,23.813,196256.0
2025-10-13 22:15:00+00:00,23.813,23.871,23.808,23.82,137137.0
2025-10-13 22:30:00+00:00,23.819,23.865,23.78,23.819,151324.0
2025-10-13 22:45:00+00:00,23.818,23.866,23.789,23.833,165071.0
2025-10-13 23:00:00+00:00,23.833,23.876,23.782,23.844,139780.0
2025-10-13 23:15:00+00:00,23.843,23.87,23.811,23.859,91093.0
2025-10-13 23:30:00+00:00,23.859,23.894,23.761,23.845,154023.0
2025-10-13 23:45:00+00:00,23.845,23.845,23.756,23.798,115629.0
2025-10-14 00:00:00+00:00,23.799,23.831,23.745,23.812,168512.0
2025-10-14 00:15:00+00:00,23.812,23.875,23.787,23.815,202696.0
2025-10-14 00:30:00+00:00,23.815,23.883,23.794,23.861,165444.0
2025-10-14 00:45:00+00:00,23.86,23.86,23.758,23.832,126132.0
2025-10-14 01:00:00+00:00,23.831,23.874,23.713,23.782,245761.0
2025-10-14 01:15:00+00:00,23.782,23.837,23.76,23.798,102330.0
2025-10-14 01:30:00+00:00,23.797,23.845,23.727,23.821,168458.0
2025-10-14 01:45:00+00:00,23.82,23.843,23.77,23.809,164998.0
2025-10-14 02:00:00+00:00,23.808,23.824,23.707,23.709,195623.0
2025-10-14 02:15:00+00:00,23.708,23.717,23.438,23.502,471464.0
2025-10-14 02:30:00+00:00,23.503,23.548,23.41,23.456,198414.0
2025-10-14 02:45:00+00:00,23.456,23.475,23.283,23.348,259460.0
2025-10-14 03:00:00+00:00,23.347,23.356,23.171,23.341,399906.0
2025-10-14 03:15:00+00:00,23.341,23.489,23.178,23.198,262055.0
2025-10-14 03:30:00+00:00,23.198,23.319,23.187,23.295,146708.0
2025-10-14 03:45:00+00:00,23.294,23.428,23.275,23.326,134479.0
2025-10-14 04:00:00+00:00,23.325,23.355,23.087,23.216,227121.0
2025-10-14 04:15:00+00:00,23.216,23.255,23.129,23.169,168568.0
2025-10-14 04:30:00+00:00,23.169,23.169,22.933,23.023,241184.0
2025-10-14 04:45:00+00:00,23.023,23.061,22.847,22.945,407631.0
2025-10-14 05:00:00+00:00,22.946,23.198,22.917,23.143,367157.0
2025-10-14 05:15:00+00:00,23.142,23.24,23.053,23.068,308724.0
2025-10-14 05:30:00+00:00,23.068,23.089,22.668,22.753,591422.0
2025-10-14 05:45:00+00:00,22.752,22.844,22.7,22.809,262518.0
2025-10-14 06:00:00+00:00,22.809,22.996,22.774,22.781,320545.0
2025-10-14 06:15:00+00:00,22.781,22.796,22.583,22.601,269892.0
2025-10-14 06:30:00+00:00,22.601,22.675,22.262,22.312,800462.0
2025-10-14 06:45:00+00:00,22.313,22.462,21.961,22.325,1078167.0
2025-10-14 07:00:00+00:00,22.326,22.428,22.148,22.267,522527.0
2025-10-14 07:15:00+00:00,22.269,22.405,22.193,22.305,353893.0
2025-10-14 07:30:00+00:00,22.305,22.31,22.059,22.137,470896.0
2025-10-14 07:45:00+00:00,22.138,22.197,22.038,22.129,347843.0
2025-10-14 08:00:00+00:00,22.129,22.209,21.985,22.186,453444.0
2025-10-14 08:15:00+00:00,22.187,22.329,22.034,22.313,317197.0
2025-10-14 08:30:00+00:00,22.313,22.442,22.275,22.422,307724.0
2025-10-14 08:45:00+00:00,22.422,22.443,22.313,22.364,164090.0
2025-10-14 09:00:00+00:00,22.365,22.587,22.346,22.512,289532.0
2025-10-14 09:15:00+00:00,22.511,22.654,22.488,22.59,243714.0
2025-10-14 09:30:00+00:00,22.589,22.734,22.58,22.671,280616.0
2025-10-14 09:45:00+00:00,22.671,22.714,22.461,22.522,293010.0
2025-10-14 10:00:00+00:00,22.522,22.522,22.261,22.318,328517.0
2025-10-14 10:15:00+00:00,22.32,22.329,22.11,22.158,417530.0
2025-10-14 10:30:00+00:00,22.158,22.326,21.933,22.171,723701.0
2025-10-14 10:45:00+00:00,22.172,22.245,22.053,22.216,295744.0
2025-10-14 11:00:00+00:00,22.216,22.523,22.196,22.497,413330.0
2025-10-14 11:15:00+00:00,22.497,22.604,22.452,22.525,279197.0
2025-10-14 11:30:00+00:00,22.526,22.613,22.41,22.423,249133.0
2025-10-14 11:45:00+00:00,22.424,22.514,22.342,22.396,202715.0
2025-10-14 12:00:00+00:00,22.396,22.406,22.223,22.314,256702.0
2025-10-14 12:15:00+00:00,22.314,22.325,22.171,22.25,178986.0
2025-10-14 12:30:00+00:00,22.25,22.294,22.065,22.126,220237.0
2025-10-14 12:45:00+00:00,22.126,22.251,22.054,22.097,206956.0
2025-10-14 13:00:00+00:00,22.097,22.208,22.015,22.107,199877.0
2025-10-14 13:15:00+00:00,22.106,22.199,21.952,22.155,322413.0
2025-10-14 13:30:00+00:00,22.155,22.293,21.792,22.045,793385.0
2025-10-14 13:45:00+00:00,22.045,22.355,21.949,22.166,559968.0
2025-10-14 14:00:00+00:00,22.165,22.354,22.03,22.344,361555.0
2025-10-14 14:15:00+00:00,22.343,22.559,22.319,22.41,621389.0
2025-10-14 14:30:00+00:00,22.41,22.484,22.19,22.427,352158.0
2025-10-14 14:45:00+00:00,22.427,22.573,22.252,22.272,362806.0
2025-10-14 15:00:00+00:00,22.272,22.417,22.151,22.182,268545.0
2025-10-14 15:15:00+00:00,22.183,22.358,22.092,22.319,225860.0
2025-10-14 15:30:00+00:00,22.32,22.594,22.31,22.553,452244.0
2025-10-14 15:45:00+00:00,22.553,22.819,22.534,22.78,529107.0
2025-10-14 16:00:00+00:00,22.778,22.898,22.634,22.832,424509.0
2025-10-14 16:15:00+00:00,22.832,23.123,22.743,22.94,817118.0
2025-10-14 16:30:00+00:00,22.941,23.016,22.737,22.92,429421.0
2025-10-14 16:45:00+00:00,22.921,23.057,22.706,22.768,396009.0
2025-10-14 17:00:00+00:00,22.769,22.938,22.454,22.894,787369.0
2025-10-14 17:15:00+00:00,22.894,22.98,22.786,22.858,420676.0
2025-10-14 17:30:00+00:00,22.859,22.909,22.771,22.868,337242.0
2025-10-14 17:45:00+00:00,22.869,22.9,22.773,22.799,177382.0
2025-10-14 18:00:00+00:00,22.799,22.96,22.794,22.917,301436.0
2025-10-14 18:15:00+00:00,22.917,22.943,22.796,22.823,229528.0
2025-10-14 18:30:00+00:00,22.824,22.894,22.714,22.737,268402.0
2025-10-14 18:45:00+00:00,22.738,22.833,22.72,22.783,194144.0
2025-10-14 19:00:00+00:00,22.784,22.835,22.754,22.816,104937.0
2025-10-14 19:15:00+00:00,22.816,22.902,22.804,22.823,167567.0
2025-10-14 19:30:00+00:00,22.823,22.861,22.325,22.403,778669.0
2025-10-14 19:45:00+00:00,22.402,22.666,22.357,22.562,418511.0
2025-10-14 20:00:00+00:00,22.563,22.667,22.467,22.505,221218.0
2025-10-14 20:15:00+00:00,22.505,22.65,22.488,22.579,166046.0
2025-10-14 20:30:00+00:00,22.579,22.675,22.537,22.668,123625.0
2025-10-14 20:45:00+00:00,22.668,22.729,22.622,22.701,102226.0
2025-10-14 21:00:00+00:00,22.702,22.725,22.544,22.586,107257.0
2025-10-14 21:15:00+00:00,22.586,22.711,22.576,22.691,151118.0
2025-10-14 21:30:00+00:00,22.691,22.732,22.593,22.647,111690.0
2025-10-14 21:45:00+00:00,22.647,22.711,22.605,22.661,64652.0
2025-10-14 22:00:00+00:00,22.661,22.837,22.661,22.788,198825.0
2025-10-14 22:15:00+00:00,22.787,22.811,22.684,22.692,98811.0
2025-10-14 22:30:00+00:00,22.692,22.713,22.641,22.689,122851.0
2025-10-14 22:45:00+00:00,22.69,22.697,22.604,22.667,110076.0
2025-10-14 23:00:00+00:00,22.667,22.788,22.652,22.756,143886.0
2025-10-14 23:15:00+00:00,22.756,22.781,22.705,22.743,83674.0
2025-10-14 23:30:00+00:00,22.743,22.803,22.733,22.735,81531.0
2025-10-14 23:45:00+00:00,22.735,22.802,22.71,22.723,123127.0
2025-10-15 00:00:00+00:00,22.724,22.754,22.573,22.58,168147.0
2025-10-15 00:15:00+00:00,22.58,22.688,22.532,22.592,187494.0
2025-10-15 00:30:00+00:00,22.591,22.658,22.514,22.607,150897.0
2025-10-15 00:45:00+00:00,22.607,22.691,22.582,22.674,104243.0
2025-10-15 01:00:00+00:00,22.673,22.73,22.52,22.598,267316.0
2025-10-15 01:15:00+00:00,22.599,22.663,22.5,22.506,168961.0
2025-10-15 01:30:00+00:00,22.505,22.552,22.458,22.548,199119.0
2025-10-15 01:45:00+00:00,22.547,22.644,22.494,22.598,159884.0
2025-10-15 02:00:00+00:00,22.598,22.693,22.564,22.69,187766.0
2025-10-15 02:15:00+00:00,22.689,22.874,22.668,22.861,250800.0
2025-10-15 02:30:00+00:00,22.861,22.891,22.72,22.72,202895.0
2025-10-15 02:45:00+00:00,22.721,22.764,22.649,22.668,292078.0
2025-10-15 03:00:00+00:00,22.668,22.7,22.552,22.585,197680.0
2025-10-15 03:15:00+00:00,22.584,22.591,22.473,22.565,210108.0
2025-10-15 03:30:00+00:00,22.564,22.565,22.418,22.454,160870.0
2025-10-15 03:45:00+00:00,22.455,22.512,22.349,22.46,213884.0
2025-10-15 04:00:00+00:00,22.461,22.482,22.38,22.47,137120.0
2025-10-15 04:15:00+00:00,22.47,22.634,22.461,22.602,161641.0
2025-10-15 04:30:00+00:00,22.601,22.635,22.533,22.563,133991.0
2025-10-15 04:45:00+00:00,22.563,22.728,22.54,22.701,136885.0
2025-10-15 05:00:00+00:00,22.701,22.827,22.701,22.756,174158.0
2025-10-15 05:15:00+00:00,22.755,22.822,22.68,22.701,143624.0
2025-10-15 05:30:00+00:00,22.7,22.77,22.64,22.754,152676.0
2025-10-15 05:45:00+00:00,22.753,22.754,22.68,22.734,55019.0
2025-10-15 06:00:00+00:00,22.735,22.779,22.59,22.645,162151.0
2025-10-15 06:15:00+00:00,22.645,22.664,22.521,22.574,176632.0
2025-10-15 06:30:00+00:00,22.574,22.863,22.529,22.747,291912.0
2025-10-15 06:45:00+00:00,22.746,22.814,22.731,22.814,206624.0
2025-10-15 07:00:00+00:00,22.814,22.882,22.728,22.845,186321.0
2025-10-15 07:15:00+00:00,22.846,22.906,22.783,22.788,151745.0
2025-10-15 07:30:00+00:00,22.788,22.826,22.745,22.794,114634.0
2025-10-15 07:45:00+00:00,22.793,22.98,22.787,22.953,170628.0
2025-10-15 08:00:00+00:00,22.952,23.006,22.911,22.993,207960.0
2025-10-15 08:15:00+00:00,22.992,23.113,22.907,23.097,337733.0
2025-10-15 08:30:00+00:00,23.096,23.269,23.089,23.154,500468.0
2025-10-15 08:45:00+00:00,23.154,23.154,23.003,23.031,277810.0
2025-10-15 09:00:00+00:00,23.031,23.054,22.956,22.989,194967.0
2025-10-15 09:15:00+00:00,22.989,22.995,22.835,22.853,201679.0
2025-10-15 09:30:00+00:00,22.853,22.884,22.766,22.856,186794.0
2025-10-15 09:45:00+00:00,22.855,22.898,22.775,22.82,139835.0
2025-10-15 10:00:00+00:00,22.82,22.868,22.753,22.837,151435.0
2025-10-15 10:15:00+00:00,22.837,22.843,22.639,22.696,200851.0
2025-10-15 10:30:00+00:00,22.695,22.695,22.567,22.613,167267.0
2025-10-15 10:45:00+00:00,22.614,22.63,22.558,22.596,132766.0
2025-10-15 11:00:00+00:00,22.596,22.664,22.57,22.572,113900.0
2025-10-15 11:15:00+00:00,22.572,22.585,22.39,22.523,330962.0
2025-10-15 11:30:00+00:00,22.523,22.634,22.478,22.624,162631.0
2025-10-15 11:45:00+00:00,22.623,22.631,22.54,22.544,81737.0
2025-10-15 12:00:00+00:00,22.544,22.569,22.425,22.454,175800.0
2025-10-15 12:15:00+00:00,22.454,22.481,22.241,22.282,242734.0
2025-10-15 12:30:00+00:00,22.281,22.348,22.224,22.327,232606.0
2025-10-15 12:45:00+00:00,22.327,22.369,22.304,22.326,166288.0
2025-10-15 13:00:00+00:00,22.326,22.326,22.126,22.187,257124.0
2025-10-15 13:15:00+00:00,22.187,22.271,22.148,22.197,127454.0
2025-10-15 13:30:00+00:00,22.197,22.441,22.109,22.207,486511.0
2025-10-15 13:45:00+00:00,22.207,22.262,21.825,22.22,892834.0
2025-10-15 14:00:00+00:00,22.221,22.51,22.211,22.422,430700.0
2025-10-15 14:15:00+00:00,22.423,22.496,22.315,22.368,224053.0
2025-10-15 14:30:00+00:00,22.368,22.378,22.113,22.155,338452.0
2025-10-15 14:45:00+00:00,22.156,22.16,21.914,22.052,473610.0
2025-10-15 15:00:00+00:00,22.052,22.186,21.93,22.049,368177.0
2025-10-15 15:15:00+00:00,22.049,22.183,21.928,22.011,317488.0
2025-10-15 15:30:00+00:00,22.008,22.056,21.842,21.915,324394.0
2025-10-15 15:45:00+00:00,21.915,21.942,21.742,21.912,489102.0
2025-10-15 16:00:00+00:00,21.911,21.98,21.813,21.867,350584.0
2025-10-15 16:15:00+00:00,21.866,21.982,21.781,21.929,222079.0
2025-10-15 16:30:00+00:00,21.93,21.962,21.817,21.839,200087.0
2025-10-15 16:45:00+00:00,21.839,21.96,21.798,21.853,174204.0
2025-10-15 17:00:00+00:00,21.853,21.855,21.6,21.601,486367.0
2025-10-15 17:15:00+00:00,21.601,21.813,21.579,21.726,323640.0
2025-10-15 17:30:00+00:00,21.725,21.87,21.66,21.827,191555.0
2025-10-15 17:45:00+00:00,21.826,21.963,21.826,21.959,168013.0
2025-10-15 18:00:00+00:00,21.958,21.98,21.848,21.888,153498.0
2025-10-15 18:15:00+00:00,21.887,22.023,21.869,21.965,196991.0
2025-10-15 18:30:00+00:00,21.964,21.984,21.873,21.932,107731.0
2025-10-15 18:45:00+00:00,21.931,22.081,21.902,22.058,162358.0
2025-10-15 19:00:00+00:00,22.058,22.068,21.932,21.975,173777.0
2025-10-15 19:15:00+00:00,21.975,22.125,21.952,22.097,156251.0
2025-10-15 19:30:00+00:00,22.097,22.146,21.972,22.016,198893.0
2025-10-15 19:45:00+00:00,22.017,22.021,21.882,21.979,292200.0
2025-10-15 20:00:00+00:00,21.978,22.075,21.969,22.01,151849.0
2025-10-15 20:15:00+00:00,22.009,22.066,21.859,21.876,157974.0
2025-10-15 20:30:00+00:00,21.877,21.946,21.537,21.941,652281.0
2025-10-15 20:45:00+00:00,21.94,22.012,21.839,21.891,213137.0
2025-10-15 21:00:00+00:00,21.891,21.919,21.675,21.842,295036.0
2025-10-15 21:15:00+00:00,21.84,21.983,21.765,21.967,170353.0
2025-10-15 21:30:00+00:00,21.966,22.057,21.927,21.955,149771.0
2025-10-15 21:45:00+00:00,21.954,21.961,21.743,21.815,83288.0
2025-10-15 22:00:00+00:00,21.815,21.925,21.789,21.92,118556.0
2025-10-15 22:15:00+00:00,21.919,21.985,21.863,21.883,119276.0
2025-10-15 22:30:00+00:00,21.882,21.952,21.873,21.878,86054.0
2025-10-15 22:45:00+00:00,21.877,21.885,21.722,21.783,164031.0
2025-10-15 23:00:00+00:00,21.783,21.936,21.758,21.921,139183.0
2025-10-15 23:15:00+00:00,21.92,21.963,21.845,21.91,135124.0
2025-10-15 23:30:00+00:00,21.909,21.962,21.88,21.945,76990.0
2025-10-15 23:45:00+00:00,21.944,21.965,21.867,21.886,99769.0
2025-10-16 00:00:00+00:00,21.885,21.926,21.809,21.812,126754.0
2025-10-16 00:15:00+00:00,21.812,21.96,21.812,21.918,121329.0
2025-10-16 00:30:00+00:00,21.918,21.919,21.786,21.828,142662.0
2025-10-16 00:45:00+00:00,21.827,21.89,21.774,21.782,71424.0
2025-10-16 01:00:00+00:00,21.781,22.015,21.772,21.937,111118.0
2025-10-16 01:15:00+00:00,21.937,21.982,21.872,21.932,69378.0
2025-10-16 01:30:00+00:00,21.932,22.021,21.894,21.98,128443.0
2025-10-16 01:45:00+00:00,21.981,22.107,21.947,22.045,114228.0
2025-10-16 02:00:00+00:00,22.046,22.125,21.98,22.03,185491.0
2025-10-16 02:15:00+00:00,22.031,22.08,21.98,22.067,99519.0
2025-10-16 02:30:00+00:00,22.066,22.071,21.88,21.901,169216.0
2025-10-16 02:45:00+00:00,21.901,22.071,21.882,22.07,99817.0
2025-10-16 03:00:00+00:00,22.07,22.101,21.99,21.994,123881.0
2025-10-16 03:15:00+00:00,21.995,22.089,21.969,22.042,84676.0
2025-10-16 03:30:00+00:00,22.042,22.042,21.924,21.962,82469.0
2025-10-16 03:45:00+00:00,21.963,21.994,21.893,21.911,83945.0
2025-10-16 04:00:00+00:00,21.912,22.073,21.898,22.045,113786.0
2025-10-16 04:15:00+00:00,22.046,22.083,22.033,22.064,79265.0
2025-10-16 04:30:00+00:00,22.063,22.072,21.905,21.929,95758.0
2025-10-16 04:45:00+00:00,21.93,21.939,21.832,21.85,160880.0
2025-10-16 05:00:00+00:00,21.851,21.888,21.797,21.874,144978.0
2025-10-16 05:15:00+00:00,21.875,21.901,21.816,21.832,73544.0
2025-10-16 05:30:00+00:00,21.833,22.0,21.83,21.929,135127.0
2025-10-16 05:45:00+00:00,21.929,21.952,21.684,21.809,183873.0
2025-10-16 06:00:00+00:00,21.81,21.881,21.796,21.844,126382.0
2025-10-16 06:15:00+00:00,21.844,21.919,21.83,21.908,67136.0
2025-10-16 06:30:00+00:00,21.907,22.0,21.904,21.938,138106.0
2025-10-16 06:45:00+00:00,21.938,22.07,21.938,22.04,129621.0
2025-10-16 07:00:00+00:00,22.04,22.051,21.91,21.948,140661.0
2025-10-16 07:15:00+00:00,21.948,21.951,21.754,21.761,143634.0
2025-10-16 07:30:00+00:00,21.76,21.85,21.748,21.846,102370.0
2025-10-16 07:45:00+00:00,21.846,21.884,21.814,21.853,128048.0
2025-10-16 08:00:00+00:00,21.852,21.888,21.762,21.858,100730.0
2025-10-16 08:15:00+00:00,21.857,21.857,21.713,21.733,89628.0
2025-10-16 08:30:00+00:00,21.734,21.784,21.653,21.738,195627.0
2025-10-16 08:45:00+00:00,21.738,21.793,21.719,21.766,100457.0
2025-10-16 09:00:00+00:00,21.766,21.897,21.72,21.834,114140.0
2025-10-16 09:15:00+00:00,21.834,21.906,21.782,21.782,118246.0
2025-10-16 09:30:00+00:00,21.781,21.815,20.9,21.781,1730621.0
2025-10-16 09:45:00+00:00,21.781,22.058,21.76,21.977,972431.0
2025-10-16 10:00:00+00:00,21.978,22.245,21.972,22.194,463352.0
2025-10-16 10:15:00+00:00,22.195,22.306,22.107,22.107,336980.0
2025-10-16 10:30:00+00:00,22.108,22.183,22.068,22.158,241589.0
2025-10-16 10:45:00+00:00,22.158,22.203,22.13,22.17,129308.0
2025-10-16 11:00:00+00:00,22.17,22.228,22.117,22.153,196281.0
2025-10-16 11:15:00+00:00,22.154,22.19,22.085,22.108,129555.0
2025-10-16 11:30:00+00:00,22.108,22.142,22.048,22.121,220113.0
2025-10-16 11:45:00+00:00,22.12,22.252,22.116,22.248,116572.0
2025-10-16 12:00:00+00:00,22.248,22.381,22.184,22.185,310343.0
2025-10-16 12:15:00+00:00,22.185,22.218,22.14,22.163,130992.0
2025-10-16 12:30:00+00:00,22.164,22.255,22.124,22.21,190059.0
2025-10-16 12:45:00+00:00,22.21,22.222,22.126,22.128,126593.0
2025-10-16 13:00:00+00:00,22.129,22.139,22.024,22.084,165415.0
2025-10-16 13:15:00+00:00,22.084,22.127,22.03,22.099,150024.0
2025-10-16 13:30:00+00:00,22.099,22.218,22.055,22.14,274513.0
2025-10-16 13:45:00+00:00,22.14,22.184,21.909,21.966,334607.0
2025-10-16 14:00:00+00:00,21.966,21.992,21.773,21.81,313643.0
2025-10-16 14:15:00+00:00,21.81,21.878,21.654,21.751,545184.0
2025-10-16 14:30:00+00:00,21.751,22.1,21.736,22.067,377386.0
2025-10-16 14:45:00+00:00,22.067,22.098,21.81,21.821,271367.0
2025-10-16 15:00:00+00:00,21.821,21.85,21.682,21.833,269275.0
2025-10-16 15:15:00+00:00,21.832,21.863,21.587,21.626,291771.0
2025-10-16 15:30:00+00:00,21.624,21.691,21.393,21.45,580697.0
2025-10-16 15:45:00+00:00,21.45,21.458,21.026,21.129,937759.0
2025-10-16 16:00:00+00:00,21.13,21.241,20.893,21.124,912028.0
2025-10-16 16:15:00+00:00,21.125,21.177,20.898,20.98,580025.0
2025-10-16 16:30:00+00:00,20.979,21.146,20.822,21.036,612172.0
2025-10-16 16:45:00+00:00,21.035,21.506,20.988,21.479,511447.0
2025-10-16 17:00:00+00:00,21.482,21.492,21.211,21.211,446622.0
2025-10-16 17:15:00+00:00,21.211,21.438,21.208,21.317,284784.0
2025-10-16 17:30:00+00:00,21.316,21.361,21.146,21.183,182603.0
2025-10-16 17:45:00+00:00,21.184,21.2,21.084,21.151,129098.0
2025-10-16 18:00:00+00:00,21.15,21.158,20.901,20.982,265843.0
2025-10-16 18:15:00+00:00,20.98,21.082,20.918,20.978,200360.0
2025-10-16 18:30:00+00:00,20.977,21.221,20.945,21.144,264648.0
2025-10-16 18:45:00+00:00,21.145,21.216,21.003,21.073,206522.0
2025-10-16 19:00:00+00:00,21.073,21.106,20.885,20.898,221634.0
2025-10-16 19:15:00+00:00,20.898,20.971,20.701,20.807,447012.0
2025-10-16 19:30:00+00:00,20.808,20.823,20.554,20.684,477132.0
2025-10-16 19:45:00+00:00,20.684,20.915,20.589,20.768,392718.0
2025-10-16 20:00:00+00:00,20.767,20.873,20.73,20.743,252942.0
2025-10-16 20:15:00+00:00,20.743,20.849,20.666,20.745,196544.0
2025-10-16 20:30:00+00:00,20.745,20.774,20.565,20.716,718268.0
2025-10-16 20:45:00+00:00,20.716,20.832,20.673,20.734,275533.0
2025-10-16 21:00:00+00:00,20.734,20.777,20.638,20.736,218780.0
2025-10-16 21:15:00+00:00,20.733,20.826,20.686,20.818,135951.0
2025-10-16 21:30:00+00:00,20.817,20.934,20.802,20.861,139116.0
2025-10-16 21:45:00+00:00,20.861,20.937,20.852,20.924,60279.0
2025-10-16 22:00:00+00:00,20.924,20.964,20.834,20.844,154319.0
2025-10-16 22:15:00+00:00,20.844,20.868,20.821,20.847,78190.0
2025-10-16 22:30:00+00:00,20.846,20.866,20.759,20.772,75622.0
2025-10-16 22:45:00+00:00,20.771,20.813,20.69,20.711,131280.0
2025-10-16 23:00:00+00:00,20.711,20.894,20.686,20.851,144770.0
2025-10-16 23:15:00+00:00,20.85,21.012,20.85,20.943,165656.0
2025-10-16 23:30:00+00:00,20.942,20.965,20.86,20.879,81399.0
2025-10-16 23:45:00+00:00,20.878,20.963,20.872,20.959,77741.0
2025-10-17 00:00:00+00:00,20.96,21.037,20.908,20.999,108505.0
2025-10-17 00:15:00+00:00,20.999,21.042,20.96,21.036,114346.0
2025-10-17 00:30:00+00:00,21.036,21.102,20.985,21.039,115238.0
2025-10-17 00:45:00+00:00,21.04,21.07,20.969,21.07,97529.0
2025-10-17 01:00:00+00:00,21.071,21.253,21.048,21.147,232537.0
2025-10-17 01:15:00+00:00,21.147,21.193,21.069,21.096,105319.0
2025-10-17 01:30:00+00:00,21.097,21.125,20.98,21.016,77397.0
2025-10-17 01:45:00+00:00,21.016,21.045,20.925,21.01,87417.0
2025-10-17 02:00:00+00:00,21.01,21.047,20.933,20.964,99392.0
2025-10-17 02:15:00+00:00,20.964,20.964,20.843,20.853,80007.0
2025-10-17 02:30:00+00:00,20.853,20.962,20.837,20.934,118788.0
2025-10-17 02:45:00+00:00,20.935,21.01,20.899,20.942,121110.0
2025-10-17 03:00:00+00:00,20.942,21.016,20.919,20.946,157257.0
2025-10-17 03:15:00+00:00,20.946,21.002,20.912,20.917,124789.0
2025-10-17 03:30:00+00:00,20.916,20.95,20.865,20.876,113537.0
2025-10-17 03:45:00+00:00,20.875,20.982,20.874,20.962,126892.0
2025-10-17 04:00:00+00:00,20.963,20.975,20.874,20.906,86617.0
2025-10-17 04:15:00+00:00,20.907,20.92,20.818,20.832,136037.0
2025-10-17 04:30:00+00:00,20.832,20.889,20.777,20.782,146072.0
2025-10-17 04:45:00+00:00,20.783,20.805,20.687,20.734,229286.0
2025-10-17 05:00:00+00:00,20.734,20.767,20.701,20.71,170224.0
2025-10-17 05:15:00+00:00,20.71,20.772,20.639,20.753,161257.0
2025-10-17 05:30:00+00:00,20.753,20.772,20.58,20.604,228352.0
2025-10-17 05:45:00+00:00,20.604,20.623,20.534,20.582,189424.0
2025-10-17 06:00:00+00:00,20.582,20.672,20.55,20.585,149785.0
2025-10-17 06:15:00+00:00,20.585,20.607,20.329,20.36,616542.0
2025-10-17 06:30:00+00:00,20.36,20.388,20.0,20.062,1309119.0
2025-10-17 06:45:00+00:00,20.063,20.124,19.806,19.907,1069674.0
2025-10-17 07:00:00+00:00,19.908,19.934,19.588,19.65,1051420.0
2025-10-17 07:15:00+00:00,19.65,19.771,19.585,19.624,467086.0
2025-10-17 07:30:00+00:00,19.623,19.694,19.435,19.478,601537.0
2025-10-17 07:45:00+00:00,19.478,19.585,19.34,19.387,577989.0
2025-10-17 08:00:00+00:00,19.388,19.446,19.212,19.224,797556.0
2025-10-17 08:15:00+00:00,19.225,19.32,19.01,19.215,1085650.0
2025-10-17 08:30:00+00:00,19.215,19.405,19.151,19.159,437399.0
2025-10-17 08:45:00+00:00,19.16,19.191,19.059,19.108,279008.0
2025-10-17 09:00:00+00:00,19.108,19.305,19.065,19.294,405580.0
2025-10-17 09:15:00+00:00,19.295,19.536,19.264,19.536,367433.0
2025-10-17 09:30:00+00:00,19.536,19.793,19.516,19.556,590540.0
2025-10-17 09:45:00+00:00,19.556,19.608,19.433,19.434,307943.0
2025-10-17 10:00:00+00:00,19.434,19.569,19.374,19.464,351669.0
2025-10-17 10:15:00+00:00,19.464,19.467,19.103,19.21,604354.0
2025-10-17 10:30:00+00:00,19.21,19.388,19.185,19.29,431876.0
2025-10-17 10:45:00+00:00,19.29,19.505,19.286,19.452,336349.0
2025-10-17 11:00:00+00:00,19.452,19.829,19.425,19.793,580156.0
2025-10-17 11:15:00+00:00,19.793,20.024,19.782,19.86,816547.0
2025-10-17 11:30:00+00:00,19.86,19.89,19.678,19.783,410874.0
2025-10-17 11:45:00+00:00,19.782,19.873,19.725,19.809,222215.0
2025-10-17 12:00:00+00:00,19.81,19.933,19.757,19.819,258451.0
2025-10-17 12:15:00+00:00,19.819,19.928,19.768,19.815,179272.0
2025-10-17 12:30:00+00:00,19.814,19.913,19.749,19.846,211673.0
2025-10-17 12:45:00+00:00,19.846,19.87,19.742,19.748,155551.0
2025-10-17 13:00:00+00:00,19.747,19.841,19.664,19.668,199731.0
2025-10-17 13:15:00+00:00,19.667,19.864,19.663,19.78,233223.0
2025-10-17 13:30:00+00:00,19.781,19.97,19.622,19.687,659895.0
2025-10-17 13:45:00+00:00,19.688,19.98,19.567,19.863,570103.0
2025-10-17 14:00:00+00:00,19.862,19.91,19.653,19.799,295183.0
2025-10-17 14:15:00+00:00,19.8,19.831,19.611,19.63,217356.0
2025-10-17 14:30:00+00:00,19.631,19.675,19.395,19.583,531118.0
2025-10-17 14:45:00+00:00,19.581,19.81,19.574,19.61,400968.0
2025-10-17 15:00:00+00:00,19.61,19.752,19.584,19.595,262566.0
2025-10-17 15:15:00+00:00,19.594,19.79,19.585,19.719,269523.0
2025-10-17 15:30:00+00:00,19.72,19.78,19.524,19.682,309691.0
2025-10-17 15:45:00+00:00,19.682,19.937,19.675,19.926,286971.0
2025-10-17 16:00:00+00:00,19.926,20.237,19.891,20.06,949056.0
2025-10-17 16:15:00+00:00,20.06,20.179,19.964,19.993,430926.0
2025-10-17 16:30:00+00:00,19.993,20.04,19.843,19.918,248390.0
2025-10-17 16:45:00+00:00,19.919,20.0,19.816,19.885,197546.0
2025-10-17 17:00:00+00:00,19.885,20.0,19.861,19.96,196779.0
2025-10-17 17:15:00+00:00,19.959,19.994,19.794,19.866,182578.0
2025-10-17 17:30:00+00:00,19.866,19.99,19.827,19.948,201766.0
2025-10-17 17:45:00+00:00,19.947,20.053,19.835,19.978,286039.0
2025-10-17 18:00:00+00:00,19.979,20.085,19.973,19.985,211717.0
2025-10-17 18:15:00+00:00,19.985,20.143,19.953,20.08,275839.0
2025-10-17 18:30:00+00:00,20.079,20.154,20.014,20.014,205335.0
2025-10-17 18:45:00+00:00,20.013,20.047,19.938,19.978,171502.0
2025-10-17 19:00:00+00:00,19.978,20.061,19.96,19.983,234191.0
2025-10-17 19:15:00+00:00,19.983,20.005,19.89,19.916,233117.0
2025-10-17 19:30:00+00:00,19.917,19.931,19.788,19.875,272619.0
2025-10-17 19:45:00+00:00,19.875,19.933,19.85,19.921,98796.0
2025-10-17 20:00:00+00:00,19.921,20.039,19.878,20.009,130756.0
2025-10-17 20:15:00+00:00,20.009,20.15,20.0,20.127,229279.0
2025-10-17 20:30:00+00:00,20.127,20.144,20.028,20.062,139160.0
2025-10-17 20:45:00+00:00,20.062,20.119,20.055,20.078,86707.0
2025-10-17 21:00:00+00:00,20.079,20.23,20.068,20.2,242212.0
2025-10-17 21:15:00+00:00,20.2,20.253,20.124,20.155,170686.0
2025-10-17 21:30:00+00:00,20.156,20.19,20.123,20.149,111491.0
2025-10-17 21:45:00+00:00,20.148,20.203,20.044,20.184,187125.0
2025-10-17 22:00:00+00:00,20.185,20.295,20.091,20.094,229059.0
2025-10-17 22:15:00+00:00,20.093,20.122,20.055,20.081,137629.0
2025-10-17 22:30:00+00:00,20.082,20.109,19.981,20.013,206436.0
2025-10-17 22:45:00+00:00,20.014,20.073,20.014,20.063,47985.0
2025-10-17 23:00:00+00:00,20.063,20.064,19.954,19.968,85599.0
2025-10-17 23:15:00+00:00,19.968,19.984,19.917,19.927,131718.0
2025-10-17 23:30:00+00:00,19.928,19.978,19.9,19.957,86294.0
2025-10-17 23:45:00+00:00,19.956,19.971,19.914,19.944,55229.0
2025-10-18 00:00:00+00:00,19.944,19.968,19.883,19.915,125037.0
2025-10-18 00:15:00+00:00,19.915,20.032,19.882,20.011,123635.0
2025-10-18 00:30:00+00:00,20.011,20.054,19.944,20.048,83646.0
2025-10-18 00:45:00+00:00,20.048,20.056,19.962,19.987,64323.0
2025-10-18 01:00:00+00:00,19.988,20.054,19.977,20.046,92765.0
2025-10-18 01:15:00+00:00,20.046,20.142,20.029,20.14,91514.0
2025-10-18 01:30:00+00:00,20.141,20.149,20.087,20.105,86712.0
2025-10-18 01:45:00+00:00,20.106,20.168,20.067,20.155,67390.0
2025-10-18 02:00:00+00:00,20.156,20.197,20.059,20.07,187006.0
2025-10-18 02:15:00+00:00,20.071,20.112,20.037,20.102,87664.0
2025-10-18 02:30:00+00:00,20.103,20.128,20.006,20.012,116836.0
2025-10-18 02:45:00+00:00,20.013,20.024,19.961,19.991,104684.0
2025-10-18 03:00:00+00:00,19.992,20.027,19.98,20.008,76246.0
2025-10-18 03:15:00+00:00,20.008,20.063,19.996,20.037,98762.0
2025-10-18 03:30:00+00:00,20.038,20.102,20.028,20.036,79936.0
2025-10-18 03:45:00+00:00,20.035,20.059,20.006,20.028,71975.0
2025-10-18 04:00:00+00:00,20.028,20.036,19.913,19.924,222905.0
2025-10-18 04:15:00+00:00,19.924,19.949,19.891,19.939,77785.0
2025-10-18 04:30:00+00:00,19.938,19.946,19.85,19.879,71507.0
2025-10-18 04:45:00+00:00,19.88,19.896,19.864,19.875,49718.0
2025-10-18 05:00:00+00:00,19.874,19.952,19.874,19.942,90892.0
2025-10-18 05:15:00+00:00,19.941,19.972,19.911,19.918,70987.0
2025-10-18 05:30:00+00:00,19.918,20.006,19.888,20.0,91890.0
2025-10-18 05:45:00+00:00,20.0,20.108,20.0,20.076,137677.0
2025-10-18 06:00:00+00:00,20.075,20.2,20.053,20.145,181958.0
2025-10-18 06:15:00+00:00,20.146,20.153,20.061,20.093,96502.0
2025-10-18 06:30:00+00:00,20.094,20.109,20.038,20.066,81602.0
2025-10-18 06:45:00+00:00,20.065,20.156,20.048,20.129,96131.0
2025-10-18 07:00:00+00:00,20.129,20.409,20.128,20.306,436946.0
2025-10-18 07:15:00+00:00,20.306,20.324,20.224,20.271,267253.0
2025-10-18 07:30:00+00:00,20.271,20.327,20.243,20.29,153386.0
2025-10-18 07:45:00+00:00,20.29,20.307,20.121,20.156,180996.0
2025-10-18 08:00:00+00:00,20.156,20.235,20.142,20.22,124025.0
2025-10-18 08:15:00+00:00,20.22,20.249,20.18,20.196,66186.0
2025-10-18 08:30:00+00:00,20.196,20.221,20.165,20.2,66034.0
2025-10-18 08:45:00+00:00,20.201,20.233,20.17,20.174,100953.0
2025-10-18 09:00:00+00:00,20.174,20.228,20.15,20.215,97836.0
2025-10-18 09:15:00+00:00,20.215,20.339,20.176,20.307,108140.0
2025-10-18 09:30:00+00:00,20.307,20.31,20.243,20.29,65660.0
2025-10-18 09:45:00+00:00,20.289,20.319,20.258,20.288,107282.0
2025-10-18 10:00:00+00:00,20.288,20.312,20.2,20.225,115436.0
2025-10-18 10:15:00+00:00,20.225,20.233,20.179,20.207,74760.0
2025-10-18 10:30:00+00:00,20.207,20.268,20.204,20.257,107035.0
2025-10-18 10:45:00+00:00,20.257,20.257,20.089,20.151,153876.0
2025-10-18 11:00:00+00:00,20.151,20.199,20.121,20.193,98139.0
2025-10-18 11:15:00+00:00,20.193,20.23,20.128,20.141,192505.0
2025-10-18 11:30:00+00:00,20.141,20.221,20.118,20.218,81873.0
2025-10-18 11:45:00+00:00,20.218,20.219,20.155,20.202,77283.0
2025-10-18 12:00:00+00:00,20.202,20.264,20.167,20.237,83218.0
2025-10-18 12:15:00+00:00,20.237,20.3,20.142,20.172,182943.0
2025-10-18 12:30:00+00:00,20.172,20.18,20.115,20.145,82197.0
2025-10-18 12:45:00+00:00,20.145,20.153,20.102,20.111,103645.0
2025-10-18 13:00:00+00:00,20.112,20.113,19.986,20.038,186049.0
2025-10-18 13:15:00+00:00,20.039,20.042,19.948,20.007,195783.0
2025-10-18 13:30:00+00:00,20.008,20.015,19.926,19.959,127249.0
2025-10-18 13:45:00+00:00,19.96,20.023,19.919,19.924,143320.0
2025-10-18 14:00:00+00:00,19.925,19.976,19.849,19.881,251671.0
2025-10-18 14:15:00+00:00,19.882,19.969,19.882,19.964,108704.0
2025-10-18 14:30:00+00:00,19.964,20.084,19.964,20.007,178523.0
2025-10-18 14:45:00+00:00,20.008,20.067,20.002,20.038,74293.0
2025-10-18 15:00:00+00:00,20.037,20.076,20.008,20.031,107215.0
2025-10-18 15:15:00+00:00,20.032,20.064,19.999,20.0,86323.0
2025-10-18 15:30:00+00:00,20.001,20.002,19.919,19.999,132367.0
2025-10-18 15:45:00+00:00,20.0,20.038,20.0,20.014,57487.0
2025-10-18 16:00:00+00:00,20.015,20.032,19.935,19.949,91478.0
2025-10-18 16:15:00+00:00,19.949,19.963,19.862,19.916,103711.0
2025-10-18 16:30:00+00:00,19.916,19.916,19.816,19.853,194924.0
2025-10-18 16:45:00+00:00,19.853,19.956,19.839,19.946,129048.0
2025-10-18 17:00:00+00:00,19.946,19.98,19.893,19.979,84710.0
2025-10-18 17:15:00+00:00,19.979,20.125,19.975,20.103,180868.0
2025-10-18 17:30:00+00:00,20.102,20.117,20.041,20.042,114466.0
2025-10-18 17:45:00+00:00,20.042,20.172,20.041,20.15,118102.0
2025-10-18 18:00:00+00:00,20.15,20.182,20.105,20.107,121723.0
2025-10-18 18:15:00+00:00,20.108,20.13,20.083,20.122,78035.0
2025-10-18 18:30:00+00:00,20.122,20.179,20.119,20.137,42503.0
2025-10-18 18:45:00+00:00,20.137,20.15,20.083,20.096,46783.0
2025-10-18 19:00:00+00:00,20.096,20.124,20.056,20.08,67538.0
2025-10-18 19:15:00+00:00,20.08,20.153,20.079,20.137,54923.0
2025-10-18 19:30:00+00:00,20.136,20.139,20.107,20.123,37241.0
2025-10-18 19:45:00+00:00,20.123,20.165,20.117,20.153,36768.0
2025-10-18 20:00:00+00:00,20.153,20.224,20.145,20.167,101889.0
2025-10-18 20:15:00+00:00,20.167,20.25,20.157,20.228,88116.0
2025-10-18 20:30:00+00:00,20.228,20.274,20.203,20.221,94437.0
2025-10-18 20:45:00+00:00,20.221,20.253,20.167,20.167,82451.0
2025-10-18 21:00:00+00:00,20.167,20.188,20.081,20.138,139243.0
2025-10-18 21:15:00+00:00,20.138,20.21,20.1,20.21,62071.0
2025-10-18 21:30:00+00:00,20.21,20.227,20.184,20.212,48532.0
2025-10-18 21:45:00+00:00,20.212,20.258,20.2,20.239,29922.0
2025-10-18 22:00:00+00:00,20.239,20.257,20.201,20.226,53586.0
2025-10-18 22:15:00+00:00,20.226,20.266,20.211,20.234,33526.0
2025-10-18 22:30:00+00:00,20.234,20.249,20.193,20.204,39297.0
2025-10-18 22:45:00+00:00,20.203,20.204,20.167,20.187,29110.0
2025-10-18 23:00:00+00:00,20.187,20.198,20.15,20.171,59352.0
2025-10-18 23:15:00+00:00,20.171,20.193,20.143,20.183,41715.0
2025-10-18 23:30:00+00:00,20.183,20.194,20.165,20.168,22210.0
2025-10-18 23:45:00+00:00,20.168,20.208,20.167,20.205,27855.0
2025-10-19 00:00:00+00:00,20.205,20.218,20.115,20.132,98063.0
2025-10-19 00:15:00+00:00,20.133,20.158,20.105,20.113,109440.0
2025-10-19 00:30:00+00:00,20.114,20.119,20.019,20.042,108028.0
2025-10-19 00:45:00+00:00,20.042,20.073,20.014,20.061,70023.0
2025-10-19 01:00:00+00:00,20.061,20.064,19.986,20.021,108682.0
2025-10-19 01:15:00+00:00,20.021,20.1,20.01,20.076,79363.0
2025-10-19 01:30:00+00:00,20.076,20.081,20.015,20.064,29520.0
2025-10-19 01:45:00+00:00,20.064,20.118,20.064,20.113,58190.0
2025-10-19 02:00:00+00:00,20.113,20.14,20.085,20.116,66946.0
2025-10-19 02:15:00+00:00,20.115,20.178,20.097,20.13,80254.0
2025-10-19 02:30:00+00:00,20.13,20.144,20.092,20.099,60272.0
2025-10-19 02:45:00+00:00,20.098,20.133,20.071,20.117,33496.0
2025-10-19 03:00:00+00:00,20.117,20.128,20.094,20.106,34293.0
2025-10-19 03:15:00+00:00,20.105,20.221,20.105,20.199,85863.0
2025-10-19 03:30:00+00:00,20.198,20.262,20.179,20.243,99150.0
2025-10-19 03:45:00+00:00,20.242,20.283,20.215,20.264,67408.0
2025-10-19 04:00:00+00:00,20.263,20.28,20.201,20.208,100214.0
2025-10-19 04:15:00+00:00,20.208,20.248,20.197,20.242,43808.0
2025-10-19 04:30:00+00:00,20.241,20.274,20.225,20.235,40197.0
2025-10-19 04:45:00+00:00,20.236,20.248,20.207,20.229,42666.0
2025-10-19 05:00:00+00:00,20.229,20.238,20.192,20.198,35975.0
2025-10-19 05:15:00+00:00,20.197,20.276,20.187,20.195,75958.0
2025-10-19 05:30:00+00:00,20.196,20.221,20.158,20.175,46393.0
2025-10-19 05:45:00+00:00,20.174,20.174,20.126,20.157,60171.0
2025-10-19 06:00:00+00:00,20.157,20.199,20.135,20.142,39229.0
2025-10-19 06:15:00+00:00,20.142,20.162,20.109,20.121,45737.0
2025-10-19 06:30:00+00:00,20.122,20.133,19.97,19.996,235055.0
2025-10-19 06:45:00+00:00,19.996,20.007,19.933,19.975,121094.0
2025-10-19 07:00:00+00:00,19.975,20.031,19.936,19.963,111138.0
2025-10-19 07:15:00+00:00,19.963,19.985,19.857,19.862,188086.0
2025-10-19 07:30:00+00:00,19.863,19.958,19.863,19.899,133046.0
2025-10-19 07:45:00+00:00,19.899,19.952,19.883,19.944,52247.0
2025-10-19 08:00:00+00:00,19.944,19.978,19.928,19.95,112364.0
2025-10-19 08:15:00+00:00,19.949,20.181,19.8,19.965,689184.0
2025-10-19 08:30:00+00:00,19.965,19.965,19.86,19.887,142219.0
2025-10-19 08:45:00+00:00,19.888,19.941,19.846,19.877,136836.0
2025-10-19 09:00:00+00:00,19.877,19.878,19.77,19.839,185118.0
2025-10-19 09:15:00+00:00,19.839,19.878,19.737,19.76,159845.0
2025-10-19 09:30:00+00:00,19.761,20.038,19.753,19.995,315533.0
2025-10-19 09:45:00+00:00,19.995,20.28,19.978,20.151,751949.0
2025-10-19 10:00:00+00:00,20.15,20.254,20.073,20.156,249149.0
2025-10-19 10:15:00+00:00,20.155,20.523,20.126,20.429,513235.0
2025-10-19 10:30:00+00:00,20.429,20.444,20.325,20.389,375139.0
2025-10-19 10:45:00+00:00,20.389,20.435,20.331,20.427,166872.0
2025-10-19 11:00:00+00:00,20.426,20.601,20.424,20.574,442094.0
2025-10-19 11:15:00+00:00,20.573,20.59,20.437,20.458,233776.0
2025-10-19 11:30:00+00:00,20.459,20.499,20.414,20.415,130491.0
2025-10-19 11:45:00+00:00,20.415,20.43,20.353,20.385,152178.0
2025-10-19 12:00:00+00:00,20.385,20.434,20.298,20.325,139661.0
2025-10-19 12:15:00+00:00,20.324,20.37,20.294,20.34,98247.0
2025-10-19 12:30:00+00:00,20.34,20.441,20.334,20.355,108415.0
2025-10-19 12:45:00+00:00,20.355,20.437,20.329,20.437,79941.0
2025-10-19 13:00:00+00:00,20.437,20.512,20.394,20.434,127349.0
2025-10-19 13:15:00+00:00,20.434,20.49,20.386,20.47,152969.0
2025-10-19 13:30:00+00:00,20.471,20.61,20.464,20.582,224072.0
2025-10-19 13:45:00+00:00,20.581,20.778,20.558,20.727,381383.0
2025-10-19 14:00:00+00:00,20.728,20.736,20.6,20.668,319308.0
2025-10-19 14:15:00+00:00,20.668,20.824,20.652,20.773,287782.0
2025-10-19 14:30:00+00:00,20.773,20.794,20.662,20.696,248914.0
2025-10-19 14:45:00+00:00,20.697,20.769,20.675,20.766,78007.0
2025-10-19 15:00:00+00:00,20.766,20.779,20.675,20.702,149443.0
2025-10-19 15:15:00+00:00,20.703,20.733,20.665,20.683,103445.0
2025-10-19 15:30:00+00:00,20.683,20.701,20.646,20.679,110099.0
2025-10-19 15:45:00+00:00,20.68,20.729,20.68,20.726,48591.0
2025-10-19 16:00:00+00:00,20.727,20.737,20.607,20.62,127886.0
2025-10-19 16:15:00+00:00,20.621,20.628,20.581,20.593,90234.0
2025-10-19 16:30:00+00:00,20.594,20.714,20.541,20.703,172309.0
2025-10-19 16:45:00+00:00,20.704,20.713,20.619,20.632,132276.0
2025-10-19 17:00:00+00:00,20.633,20.811,20.618,20.768,336818.0
2025-10-19 17:15:00+00:00,20.769,20.832,20.694,20.696,241103.0
2025-10-19 17:30:00+00:00,20.696,20.712,20.642,20.671,111339.0
2025-10-19 17:45:00+00:00,20.672,20.68,20.637,20.677,86410.0
2025-10-19 18:00:00+00:00,20.678,20.739,20.678,20.708,116361.0
2025-10-19 18:15:00+00:00,20.709,20.733,20.669,20.711,83884.0
2025-10-19 18:30:00+00:00,20.711,20.759,20.685,20.751,75880.0
2025-10-19 18:45:00+00:00,20.751,20.781,20.736,20.774,64034.0
2025-10-19 19:00:00+00:00,20.774,20.793,20.661,20.72,116600.0
2025-10-19 19:15:00+00:00,20.719,20.763,20.693,20.76,70385.0
2025-10-19 19:30:00+00:00,20.761,20.766,20.7,20.71,83020.0
2025-10-19 19:45:00+00:00,20.709,20.715,20.674,20.711,56474.0
2025-10-19 20:00:00+00:00,20.711,20.725,20.668,20.693,80567.0
2025-10-19 20:15:00+00:00,20.693,20.729,20.66,20.729,47458.0
2025-10-19 20:30:00+00:00,20.729,20.753,20.715,20.747,73557.0
2025-10-19 20:45:00+00:00,20.747,20.797,20.746,20.791,84267.0
2025-10-19 21:00:00+00:00,20.792,20.809,20.689,20.704,109627.0
2025-10-19 21:15:00+00:00,20.705,20.718,20.635,20.638,117226.0
2025-10-19 21:30:00+00:00,20.639,20.674,20.613,20.667,51168.0
2025-10-19 21:45:00+00:00,20.667,20.686,20.635,20.662,30185.0
2025-10-19 22:00:00+00:00,20.662,20.741,20.662,20.709,114766.0
2025-10-19 22:15:00+00:00,20.709,20.757,20.694,20.724,50585.0
2025-10-19 22:30:00+00:00,20.725,20.788,20.709,20.778,53747.0
2025-10-19 22:45:00+00:00,20.778,20.792,20.723,20.731,80688.0
2025-10-19 23:00:00+00:00,20.732,20.733,20.652,20.661,115756.0
2025-10-19 23:15:00+00:00,20.662,20.679,20.643,20.671,65564.0
2025-10-19 23:30:00+00:00,20.671,20.687,20.56,20.596,142623.0
2025-10-19 23:45:00+00:00,20.596,20.596,20.556,20.582,74030.0
2025-10-20 00:00:00+00:00,20.582,20.584,20.44,20.443,164574.0
2025-10-20 00:15:00+00:00,20.443,20.449,20.212,20.255,333190.0
2025-10-20 00:30:00+00:00,20.254,20.37,20.151,20.307,308768.0
2025-10-20 00:45:00+00:00,20.306,20.392,20.292,20.382,106286.0
2025-10-20 01:00:00+00:00,20.381,20.44,20.303,20.386,150664.0
2025-10-20 01:15:00+00:00,20.385,20.405,20.333,20.362,87318.0
2025-10-20 01:30:00+00:00,20.362,20.414,20.298,20.332,83616.0
2025-10-20 01:45:00+00:00,20.333,20.374,20.294,20.338,108341.0
2025-10-20 02:00:00+00:00,20.337,20.337,20.188,20.239,115123.0
2025-10-20 02:15:00+00:00,20.24,20.398,20.227,20.359,131913.0
2025-10-20 02:30:00+00:00,20.359,20.479,20.325,20.448,111668.0
2025-10-20 02:45:00+00:00,20.448,20.511,20.425,20.443,117931.0
2025-10-20 03:00:00+00:00,20.443,20.459,20.368,20.422,83617.0
2025-10-20 03:15:00+00:00,20.423,20.535,20.413,20.522,110155.0
2025-10-20 03:30:00+00:00,20.522,20.715,20.487,20.662,224664.0
2025-10-20 03:45:00+00:00,20.663,21.065,20.638,21.002,650456.0
2025-10-20 04:00:00+00:00,21.002,21.089,20.963,21.027,370143.0
2025-10-20 04:15:00+00:00,21.027,21.048,20.963,21.012,170199.0
2025-10-20 04:30:00+00:00,21.013,21.075,21.013,21.042,161747.0
2025-10-20 04:45:00+00:00,21.042,21.054,20.982,21.036,128106.0
2025-10-20 05:00:00+00:00,21.037,21.043,20.895,20.955,152250.0
2025-10-20 05:15:00+00:00,20.955,20.955,20.84,20.9,175695.0
2025-10-20 05:30:00+00:00,20.901,20.964,20.843,20.892,139577.0
2025-10-20 05:45:00+00:00,20.892,20.992,20.863,20.945,137236.0
2025-10-20 06:00:00+00:00,20.946,20.969,20.903,20.937,129899.0
2025-10-20 06:15:00+00:00,20.938,21.061,20.938,20.989,146283.0
2025-10-20 06:30:00+00:00,20.99,21.191,20.988,21.188,305660.0
2025-10-20 06:45:00+00:00,21.189,21.2,21.05,21.05,168459.0
2025-10-20 07:00:00+00:00,21.051,21.051,20.95,21.035,229626.0
2025-10-20 07:15:00+00:00,21.035,21.078,21.003,21.015,128406.0
2025-10-20 07:30:00+00:00,21.015,21.018,20.924,20.941,118407.0
2025-10-20 07:45:00+00:00,20.941,20.944,20.85,20.902,125893.0
2025-10-20 08:00:00+00:00,20.903,20.908,20.828,20.864,128364.0
2025-10-20 08:15:00+00:00,20.864,20.874,20.765,20.815,194734.0
2025-10-20 08:30:00+00:00,20.815,20.941,20.804,20.856,211881.0
2025-10-20 08:45:00+00:00,20.855,20.895,20.785,20.797,83434.0
2025-10-20 09:00:00+00:00,20.797,20.801,20.737,20.785,127494.0
2025-10-20 09:15:00+00:00,20.786,20.79,20.695,20.732,138371.0
2025-10-20 09:30:00+00:00,20.731,20.761,20.701,20.741,115872.0
2025-10-20 09:45:00+00:00,20.742,20.772,20.705,20.762,77710.0
2025-10-20 10:00:00+00:00,20.762,20.81,20.706,20.75,126204.0
2025-10-20 10:15:00+00:00,20.751,20.839,20.751,20.83,125191.0
2025-10-20 10:30:00+00:00,20.829,20.877,20.742,20.762,139490.0
2025-10-20 10:45:00+00:00,20.762,20.776,20.654,20.706,218817.0
2025-10-20 11:00:00+00:00,20.706,20.712,20.618,20.627,209281.0
2025-10-20 11:15:00+00:00,20.626,20.706,20.601,20.689,117307.0
2025-10-20 11:30:00+00:00,20.688,20.69,20.629,20.672,101169.0
2025-10-20 11:45:00+00:00,20.672,20.77,20.66,20.762,142533.0
2025-10-20 12:00:00+00:00,20.762,20.763,20.642,20.646,153711.0
2025-10-20 12:15:00+00:00,20.646,20.742,20.625,20.718,131190.0
2025-10-20 12:30:00+00:00,20.718,20.748,20.646,20.655,114966.0
2025-10-20 12:45:00+00:00,20.656,20.677,20.608,20.655,173711.0
2025-10-20 13:00:00+00:00,20.656,20.692,20.555,20.56,144532.0
2025-10-20 13:15:00+00:00,20.56,20.618,20.535,20.599,118254.0
2025-10-20 13:30:00+00:00,20.598,20.779,20.593,20.743,389651.0
2025-10-20 13:45:00+00:00,20.743,20.8,20.711,20.754,213797.0
2025-10-20 14:00:00+00:00,20.755,20.788,20.677,20.693,180526.0
2025-10-20 14:15:00+00:00,20.693,20.771,20.531,20.761,341126.0
2025-10-20 14:30:00+00:00,20.761,20.767,20.675,20.704,161233.0
2025-10-20 14:45:00+00:00,20.704,20.754,20.696,20.718,96763.0
2025-10-20 15:00:00+00:00,20.719,20.856,20.63,20.63,274677.0
2025-10-20 15:15:00+00:00,20.629,20.71,20.601,20.681,160486.0
2025-10-20 15:30:00+00:00,20.681,20.715,20.651,20.691,90360.0
2025-10-20 15:45:00+00:00,20.692,20.787,20.594,20.597,251410.0
2025-10-20 16:00:00+00:00,20.598,20.598,20.204,20.457,916786.0
2025-10-20 16:15:00+00:00,20.456,20.503,20.381,20.424,238089.0
2025-10-20 16:30:00+00:00,20.423,20.423,20.246,20.322,364688.0
2025-10-20 16:45:00+00:00,20.323,20.378,20.244,20.338,268732.0
2025-10-20 17:00:00+00:00,20.338,20.498,20.321,20.334,247911.0
2025-10-20 17:15:00+00:00,20.333,20.39,20.299,20.322,90032.0
2025-10-20 17:30:00+00:00,20.321,20.326,20.223,20.261,181526.0
2025-10-20 17:45:00+00:00,20.261,20.422,20.253,20.356,159361.0
2025-10-20 18:00:00+00:00,20.355,20.411,20.336,20.354,90465.0
2025-10-20 18:15:00+00:00,20.353,20.374,20.295,20.362,111828.0
2025-10-20 18:30:00+00:00,20.361,20.419,20.334,20.393,91188.0
2025-10-20 18:45:00+00:00,20.392,20.45,20.382,20.439,95319.0
2025-10-20 19:00:00+00:00,20.438,20.462,20.371,20.396,91953.0
2025-10-20 19:15:00+00:00,20.396,20.434,20.342,20.426,99503.0
2025-10-20 19:30:00+00:00,20.426,20.51,20.404,20.507,142718.0
2025-10-20 19:45:00+00:00,20.508,20.588,20.505,20.513,186126.0
2025-10-20 20:00:00+00:00,20.513,20.563,20.462,20.536,103622.0
2025-10-20 20:15:00+00:00,20.535,20.551,20.501,20.508,92509.0
2025-10-20 20:30:00+00:00,20.508,20.522,20.47,20.522,57907.0
2025-10-20 20:45:00+00:00,20.522,20.553,20.492,20.545,76672.0
2025-10-20 21:00:00+00:00,20.544,20.619,20.533,20.555,91710.0
2025-10-20 21:15:00+00:00,20.555,20.558,20.458,20.485,168051.0
2025-10-20 21:30:00+00:00,20.484,20.484,20.394,20.417,90068.0
2025-10-20 21:45:00+00:00,20.417,20.417,20.361,20.379,54316.0
2025-10-20 22:00:00+00:00,20.378,20.403,20.326,20.399,116185.0
2025-10-20 22:15:00+00:00,20.4,20.423,20.371,20.379,58559.0
2025-10-20 22:30:00+00:00,20.379,20.444,20.373,20.436,71515.0
2025-10-20 22:45:00+00:00,20.436,20.44,20.398,20.405,43238.0
2025-10-20 23:00:00+00:00,20.406,20.437,20.36,20.379,76673.0
2025-10-20 23:15:00+00:00,20.379,20.416,20.37,20.416,51832.0
2025-10-20 23:30:00+00:00,20.416,20.422,20.353,20.357,74501.0
2025-10-20 23:45:00+00:00,20.357,20.372,20.323,20.332,72470.0
2025-10-21 00:00:00+00:00,20.332,20.338,20.251,20.268,177324.0
2025-10-21 00:15:00+00:00,20.267,20.337,20.263,20.327,84544.0
2025-10-21 00:30:00+00:00,20.328,20.36,20.29,20.35,72764.0
2025-10-21 00:45:00+00:00,20.349,20.35,20.276,20.278,60781.0
2025-10-21 01:00:00+00:00,20.277,20.287,20.135,20.176,219206.0
2025-10-21 01:15:00+00:00,20.176,20.244,20.176,20.221,68270.0
2025-10-21 01:30:00+00:00,20.221,20.222,20.109,20.138,131601.0
2025-10-21 01:45:00+00:00,20.138,20.16,20.035,20.097,252302.0
2025-10-21 02:00:00+00:00,20.097,20.104,19.992,20.028,225562.0
2025-10-21 02:15:00+00:00,20.029,20.037,19.949,20.011,211873.0
2025-10-21 02:30:00+00:00,20.01,20.044,19.974,19.974,131178.0
2025-10-21 02:45:00+00:00,19.974,20.003,19.921,19.932,126819.0
2025-10-21 03:00:00+00:00,19.933,19.984,19.906,19.936,128788.0
2025-10-21 03:15:00+00:00,19.936,19.964,19.909,19.924,70017.0
2025-10-21 03:30:00+00:00,19.924,19.931,19.888,19.894,67280.0
2025-10-21 03:45:00+00:00,19.894,19.897,19.803,19.844,155300.0
2025-10-21 04:00:00+00:00,19.843,19.845,19.598,19.667,775802.0
2025-10-21 04:15:00+00:00,19.667,19.693,19.603,19.677,168270.0
2025-10-21 04:30:00+00:00,19.677,19.678,19.518,19.542,257748.0
2025-10-21 04:45:00+00:00,19.542,19.59,19.458,19.505,264968.0
2025-10-21 05:00:00+00:00,19.505,19.558,19.457,19.529,201006.0
2025-10-21 05:15:00+00:00,19.529,19.575,19.489,19.558,183111.0
2025-10-21 05:30:00+00:00,19.557,19.601,19.517,19.54,145210.0
2025-10-21 05:45:00+00:00,19.539,19.579,19.473,19.486,94395.0
2025-10-21 06:00:00+00:00,19.486,19.524,19.466,19.489,107102.0
2025-10-21 06:15:00+00:00,19.489,19.635,19.474,19.618,222552.0
2025-10-21 06:30:00+00:00,19.619,19.654,19.593,19.603,148913.0
2025-10-21 06:45:00+00:00,19.602,19.66,19.594,19.636,69584.0
2025-10-21 07:00:00+00:00,19.636,19.664,19.57,19.57,91612.0
2025-10-21 07:15:00+00:00,19.571,19.707,19.571,19.697,82123.0
2025-10-21 07:30:00+00:00,19.697,19.738,19.684,19.698,97281.0
2025-10-21 07:45:00+00:00,19.699,19.761,19.693,19.758,102509.0
2025-10-21 08:00:00+00:00,19.759,19.764,19.674,19.689,116399.0
2025-10-21 08:15:00+00:00,19.69,19.717,19.656,19.683,89438.0
2025-10-21 08:30:00+00:00,19.684,19.687,19.597,19.611,129990.0
2025-10-21 08:45:00+00:00,19.612,19.77,19.587,19.73,147989.0
2025-10-21 09:00:00+00:00,19.731,19.766,19.701,19.752,101443.0
2025-10-21 09:15:00+00:00,19.753,19.827,19.737,19.806,150494.0
2025-10-21 09:30:00+00:00,19.807,19.836,19.78,19.811,129735.0
2025-10-21 09:45:00+00:00,19.811,19.839,19.776,19.781,58177.0
2025-10-21 10:00:00+00:00,19.782,19.859,19.78,19.79,96809.0
2025-10-21 10:15:00+00:00,19.79,19.804,19.712,19.736,109020.0
2025-10-21 10:30:00+00:00,19.736,19.9,19.733,19.828,202544.0
2025-10-21 10:45:00+00:00,19.829,19.985,19.829,19.917,276315.0
2025-10-21 11:00:00+00:00,19.917,19.929,19.851,19.89,139453.0
2025-10-21 11:15:00+00:00,19.891,19.973,19.866,19.937,132933.0
2025-10-21 11:30:00+00:00,19.938,19.98,19.903,19.947,103761.0
2025-10-21 11:45:00+00:00,19.947,20.016,19.94,19.969,85587.0
2025-10-21 12:00:00+00:00,19.969,19.991,19.925,19.967,108310.0
2025-10-21 12:15:00+00:00,19.968,20.141,19.968,20.069,269035.0
2025-10-21 12:30:00+00:00,20.069,20.172,20.041,20.152,162533.0
2025-10-21 12:45:00+00:00,20.153,20.162,19.998,20.013,166652.0
2025-10-21 13:00:00+00:00,20.012,20.053,19.864,19.986,347037.0
2025-10-21 13:15:00+00:00,19.986,20.021,19.948,19.984,142331.0
2025-10-21 13:30:00+00:00,19.985,20.047,19.893,19.943,314584.0
2025-10-21 13:45:00+00:00,19.942,19.942,19.804,19.863,354254.0
2025-10-21 14:00:00+00:00,19.864,20.193,19.86,20.168,495095.0
2025-10-21 14:15:00+00:00,20.168,20.354,20.086,20.129,687140.0
2025-10-21 14:30:00+00:00,20.129,20.239,20.127,20.178,250167.0
2025-10-21 14:45:00+00:00,20.178,20.566,20.119,20.543,825054.0
2025-10-21 15:00:00+00:00,20.544,20.73,20.443,20.679,967546.0
2025-10-21 15:15:00+00:00,20.679,20.843,20.623,20.769,596348.0
2025-10-21 15:30:00+00:00,20.768,20.831,20.607,20.773,488444.0
2025-10-21 15:45:00+00:00,20.774,20.81,20.7,20.766,310473.0
2025-10-21 16:00:00+00:00,20.765,20.821,20.644,20.814,444502.0
2025-10-21 16:15:00+00:00,20.814,20.84,20.751,20.806,271216.0
2025-10-21 16:30:00+00:00,20.806,20.832,20.67,20.713,351995.0
2025-10-21 16:45:00+00:00,20.712,20.774,20.344,20.406,729370.0
2025-10-21 17:00:00+00:00,20.407,20.509,20.359,20.463,607941.0
2025-10-21 17:15:00+00:00,20.463,20.477,20.226,20.409,726879.0
2025-10-21 17:30:00+00:00,20.409,20.486,20.352,20.469,259394.0
2025-10-21 17:45:00+00:00,20.469,20.505,20.42,20.443,213253.0
2025-10-21 18:00:00+00:00,20.443,20.513,20.325,20.378,233545.0
2025-10-21 18:15:00+00:00,20.378,20.479,20.347,20.415,163877.0
2025-10-21 18:30:00+00:00,20.415,20.425,20.345,20.399,147843.0
2025-10-21 18:45:00+00:00,20.398,20.489,20.395,20.469,88143.0
2025-10-21 19:00:00+00:00,20.468,20.518,20.429,20.517,87773.0
2025-10-21 19:15:00+00:00,20.518,20.53,20.393,20.45,135385.0
2025-10-21 19:30:00+00:00,20.449,20.495,20.423,20.461,107962.0
2025-10-21 19:45:00+00:00,20.461,20.484,20.392,20.397,68598.0
2025-10-21 20:00:00+00:00,20.397,20.422,20.244,20.301,246675.0
2025-10-21 20:15:00+00:00,20.301,20.304,20.101,20.193,426794.0
2025-10-21 20:30:00+00:00,20.193,20.211,20.129,20.188,146413.0
2025-10-21 20:45:00+00:00,20.189,20.199,20.119,20.128,128847.0
2025-10-21 21:00:00+00:00,20.127,20.186,20.104,20.183,105474.0
2025-10-21 21:15:00+00:00,20.183,20.204,19.81,20.012,649727.0
2025-10-21 21:30:00+00:00,20.012,20.081,19.974,20.068,170069.0
2025-10-21 21:45:00+00:00,20.067,20.104,20.064,20.089,59965.0
2025-10-21 22:00:00+00:00,20.088,20.092,19.955,20.03,218455.0
2025-10-21 22:15:00+00:00,20.029,20.063,19.86,19.874,239056.0
2025-10-21 22:30:00+00:00,19.874,19.928,19.706,19.817,678612.0
2025-10-21 22:45:00+00:00,19.817,19.904,19.744,19.763,162136.0
2025-10-21 23:00:00+00:00,19.762,19.811,19.72,19.779,141071.0
2025-10-21 23:15:00+00:00,19.778,19.803,19.679,19.682,169326.0
2025-10-21 23:30:00+00:00,19.681,19.681,19.468,19.512,392375.0
2025-10-21 23:45:00+00:00,19.512,19.58,19.475,19.53,230708.0
2025-10-22 00:00:00+00:00,19.53,19.646,19.496,19.631,222868.0
2025-10-22 00:15:00+00:00,19.63,19.63,19.472,19.512,237819.0
2025-10-22 00:30:00+00:00,19.513,19.596,19.369,19.468,462048.0
2025-10-22 00:45:00+00:00,19.468,19.493,19.361,19.374,297589.0
2025-10-22 01:00:00+00:00,19.374,19.552,19.336,19.529,254414.0
2025-10-22 01:15:00+00:00,19.528,19.528,19.406,19.488,173947.0
2025-10-22 01:30:00+00:00,19.487,19.508,19.435,19.502,94286.0
2025-10-22 01:45:00+00:00,19.503,19.575,19.456,19.536,136851.0
2025-10-22 02:00:00+00:00,19.537,19.598,19.518,19.596,113273.0
2025-10-22 02:15:00+00:00,19.596,19.6,19.527,19.562,77161.0
2025-10-22 02:30:00+00:00,19.562,19.562,19.5,19.508,90103.0
2025-10-22 02:45:00+00:00,19.508,19.509,19.446,19.458,228129.0
2025-10-22 03:00:00+00:00,19.458,19.464,19.364,19.375,132845.0
2025-10-22 03:15:00+00:00,19.375,19.439,19.352,19.416,115841.0
2025-10-22 03:30:00+00:00,19.417,19.438,19.34,19.384,116984.0
2025-10-22 03:45:00+00:00,19.384,19.44,19.355,19.44,89851.0
2025-10-22 04:00:00+00:00,19.44,19.561,19.43,19.496,148504.0
2025-10-22 04:15:00+00:00,19.496,19.525,19.469,19.484,115747.0
2025-10-22 04:30:00+00:00,19.484,19.562,19.477,19.534,87874.0
2025-10-22 04:45:00+00:00,19.534,19.592,19.527,19.589,76274.0
2025-10-22 05:00:00+00:00,19.589,19.64,19.516,19.527,155076.0
2025-10-22 05:15:00+00:00,19.527,19.54,19.279,19.367,372256.0
2025-10-22 05:30:00+00:00,19.367,19.425,19.327,19.412,204706.0
2025-10-22 05:45:00+00:00,19.411,19.463,19.376,19.434,109072.0
2025-10-22 06:00:00+00:00,19.435,19.442,19.39,19.435,64539.0
2025-10-22 06:15:00+00:00,19.435,19.49,19.409,19.432,100739.0
2025-10-22 06:30:00+00:00,19.432,19.503,19.429,19.471,114154.0
2025-10-22 06:45:00+00:00,19.471,19.482,19.4,19.402,77904.0
2025-10-22 07:00:00+00:00,19.402,19.407,19.334,19.341,110745.0
2025-10-22 07:15:00+00:00,19.342,19.437,19.342,19.422,142844.0
2025-10-22 07:30:00+00:00,19.422,19.533,19.41,19.498,114210.0
2025-10-22 07:45:00+00:00,19.498,19.591,19.477,19.556,137446.0
2025-10-22 08:00:00+00:00,19.556,19.556,19.491,19.495,102298.0
2025-10-22 08:15:00+00:00,19.495,19.545,19.474,19.527,147434.0
2025-10-22 08:30:00+00:00,19.528,19.646,19.492,19.637,163678.0
2025-10-22 08:45:00+00:00,19.637,19.672,19.581,19.581,156795.0
2025-10-22 09:00:00+00:00,19.581,19.618,19.493,19.496,142200.0
2025-10-22 09:15:00+00:00,19.497,19.516,19.43,19.506,179684.0
2025-10-22 09:30:00+00:00,19.505,19.521,19.377,19.38,124273.0
2025-10-22 09:45:00+00:00,19.38,19.455,19.356,19.422,138616.0
2025-10-22 10:00:00+00:00,19.423,19.495,19.377,19.447,134370.0
2025-10-22 10:15:00+00:00,19.448,19.475,19.37,19.401,106069.0
2025-10-22 10:30:00+00:00,19.402,19.416,19.343,19.373,88388.0
2025-10-22 10:45:00+00:00,19.374,19.425,19.335,19.389,199034.0
2025-10-22 11:00:00+00:00,19.388,19.565,19.047,19.536,941444.0
2025-10-22 11:15:00+00:00,19.537,19.624,19.472,19.504,328804.0
2025-10-22 11:30:00+00:00,19.505,19.601,19.505,19.541,154054.0
2025-10-22 11:45:00+00:00,19.54,19.582,19.493,19.575,127336.0
2025-10-22 12:00:00+00:00,19.575,19.612,19.497,19.55,130554.0
2025-10-22 12:15:00+00:00,19.55,19.679,19.55,19.615,228703.0
2025-10-22 12:30:00+00:00,19.615,19.648,19.572,19.577,137941.0
2025-10-22 12:45:00+00:00,19.576,19.588,19.492,19.511,147614.0
2025-10-22 13:00:00+00:00,19.512,19.6,19.464,19.55,172152.0
2025-10-22 13:15:00+00:00,19.55,19.576,19.497,19.502,92468.0
2025-10-22 13:30:00+00:00,19.502,19.556,19.397,19.465,316397.0
2025-10-22 13:45:00+00:00,19.466,19.679,19.406,19.639,345485.0
2025-10-22 14:00:00+00:00,19.639,19.65,19.465,19.495,257490.0
2025-10-22 14:15:00+00:00,19.496,19.528,19.278,19.355,539563.0
2025-10-22 14:30:00+00:00,19.356,19.432,19.236,19.344,461304.0
2025-10-22 14:45:00+00:00,19.344,19.623,19.275,19.623,447295.0
2025-10-22 15:00:00+00:00,19.623,19.714,19.48,19.497,381697.0
2025-10-22 15:15:00+00:00,19.498,19.501,19.363,19.413,271454.0
2025-10-22 15:30:00+00:00,19.413,19.566,19.379,19.543,316039.0
2025-10-22 15:45:00+00:00,19.544,19.6,19.509,19.535,180658.0
2025-10-22 16:00:00+00:00,19.536,19.584,19.45,19.458,169047.0
2025-10-22 16:15:00+00:00,19.459,19.522,19.374,19.494,194681.0
2025-10-22 16:30:00+00:00,19.494,19.583,19.321,19.476,602879.0
2025-10-22 16:45:00+00:00,19.477,19.544,19.407,19.441,152240.0
2025-10-22 17:00:00+00:00,19.441,19.507,19.418,19.459,104081.0
2025-10-22 17:15:00+00:00,19.46,19.467,19.377,19.412,90003.0
2025-10-22 17:30:00+00:00,19.412,19.468,19.32,19.339,117293.0
2025-10-22 17:45:00+00:00,19.339,19.384,19.238,19.282,210533.0
2025-10-22 18:00:00+00:00,19.283,19.355,19.222,19.23,181029.0
2025-10-22 18:15:00+00:00,19.229,19.311,19.162,19.272,275092.0
2025-10-22 18:30:00+00:00,19.271,19.321,19.195,19.206,152556.0
2025-10-22 18:45:00+00:00,19.205,19.244,19.179,19.206,142864.0
2025-10-22 19:00:00+00:00,19.207,19.389,19.194,19.311,275418.0
2025-10-22 19:15:00+00:00,19.312,19.374,19.296,19.316,114907.0
2025-10-22 19:30:00+00:00,19.316,19.346,19.236,19.242,125552.0
2025-10-22 19:45:00+00:00,19.241,19.255,18.817,19.059,924319.0
2025-10-22 20:00:00+00:00,19.06,19.115,18.964,18.98,445843.0
2025-10-22 20:15:00+00:00,18.98,18.984,18.913,18.941,230221.0
2025-10-22 20:30:00+00:00,18.94,19.044,18.855,19.034,279126.0
2025-10-22 20:45:00+00:00,19.033,19.035,18.894,18.922,218766.0
2025-10-22 21:00:00+00:00,18.922,18.922,18.387,18.617,1631115.0
2025-10-22 21:15:00+00:00,18.616,18.766,18.582,18.582,394575.0
2025-10-22 21:30:00+00:00,18.58,18.676,18.531,18.619,241946.0
2025-10-22 21:45:00+00:00,18.618,18.72,18.612,18.671,127265.0
2025-10-22 22:00:00+00:00,18.67,18.823,18.644,18.765,240956.0
2025-10-22 22:15:00+00:00,18.764,18.772,18.629,18.648,134315.0
2025-10-22 22:30:00+00:00,18.648,18.779,18.638,18.743,200171.0
2025-10-22 22:45:00+00:00,18.742,18.782,18.689,18.748,142725.0
2025-10-22 23:00:00+00:00,18.747,18.873,18.738,18.842,164734.0
2025-10-22 23:15:00+00:00,18.841,19.016,18.836,18.934,214902.0
2025-10-22 23:30:00+00:00,18.933,19.035,18.933,18.972,169873.0
2025-10-22 23:45:00+00:00,18.971,19.028,18.971,19.007,81466.0
2025-10-23 00:00:00+00:00,19.008,19.03,18.982,19.021,128105.0
2025-10-23 00:15:00+00:00,19.021,19.05,18.958,19.002,100178.0
2025-10-23 00:30:00+00:00,19.001,19.08,19.001,19.021,93299.0
2025-10-23 00:45:00+00:00,19.021,19.049,18.999,19.033,72240.0
2025-10-23 01:00:00+00:00,19.032,19.14,19.022,19.099,152058.0
2025-10-23 01:15:00+00:00,19.098,19.14,19.019,19.057,182260.0
2025-10-23 01:30:00+00:00,19.057,19.109,19.047,19.081,89007.0
2025-10-23 01:45:00+00:00,19.081,19.092,19.055,19.073,53765.0
2025-10-23 02:00:00+00:00,19.073,19.115,19.073,19.097,115957.0
2025-10-23 02:15:00+00:00,19.096,19.2,19.096,19.129,161500.0
2025-10-23 02:30:00+00:00,19.129,19.153,19.109,19.128,64037.0
2025-10-23 02:45:00+00:00,19.128,19.131,19.08,19.108,84166.0
2025-10-23 03:00:00+00:00,19.108,19.145,19.099,19.122,71952.0
2025-10-23 03:15:00+00:00,19.121,19.156,19.112,19.153,84599.0
2025-10-23 03:30:00+00:00,19.153,19.162,19.078,19.081,83947.0
2025-10-23 03:45:00+00:00,19.08,19.114,19.063,19.102,46414.0
2025-10-23 04:00:00+00:00,19.103,19.121,19.081,19.093,51792.0
2025-10-23 04:15:00+00:00,19.093,19.169,19.092,19.156,68397.0
2025-10-23 04:30:00+00:00,19.157,19.228,19.118,19.215,86164.0
2025-10-23 04:45:00+00:00,19.215,19.217,19.18,19.184,72537.0
2025-10-23 05:00:00+00:00,19.184,19.245,19.183,19.243,79527.0
2025-10-23 05:15:00+00:00,19.243,19.245,19.202,19.225,59355.0
2025-10-23 05:30:00+00:00,19.225,19.246,19.223,19.234,51919.0
2025-10-23 05:45:00+00:00,19.234,19.32,19.218,19.32,94623.0
2025-10-23 06:00:00+00:00,19.32,19.344,19.28,19.344,118403.0
2025-10-23 06:15:00+00:00,19.343,19.534,19.341,19.493,430770.0
2025-10-23 06:30:00+00:00,19.493,19.525,19.473,19.506,96518.0
2025-10-23 06:45:00+00:00,19.507,19.567,19.496,19.551,133734.0
2025-10-23 07:00:00+00:00,19.552,19.564,19.466,19.474,134420.0
2025-10-23 07:15:00+00:00,19.473,19.504,19.437,19.487,94898.0
2025-10-23 07:30:00+00:00,19.487,19.515,19.462,19.513,120196.0
2025-10-23 07:45:00+00:00,19.513,19.562,19.509,19.536,87002.0
2025-10-23 08:00:00+00:00,19.537,19.604,19.537,19.586,155492.0
2025-10-23 08:15:00+00:00,19.585,19.601,19.54,19.559,102055.0
2025-10-23 08:30:00+00:00,19.558,19.562,19.506,19.537,84251.0
2025-10-23 08:45:00+00:00,19.536,19.567,19.507,19.514,60334.0
2025-10-23 09:00:00+00:00,19.514,19.524,19.461,19.465,99054.0
2025-10-23 09:15:00+00:00,19.466,19.533,19.466,19.52,215825.0
2025-10-23 09:30:00+00:00,19.519,19.534,19.496,19.52,76110.0
2025-10-23 09:45:00+00:00,19.52,19.554,19.492,19.539,80300.0
2025-10-23 10:00:00+00:00,19.539,19.576,19.538,19.568,75873.0
2025-10-23 10:15:00+00:00,19.568,19.595,19.562,19.574,77751.0
2025-10-23 10:30:00+00:00,19.573,19.575,19.532,19.541,116479.0
2025-10-23 10:45:00+00:00,19.54,19.547,19.512,19.514,59564.0
2025-10-23 11:00:00+00:00,19.514,19.526,19.446,19.475,152534.0
2025-10-23 11:15:00+00:00,19.474,19.509,19.436,19.481,91398.0
2025-10-23 11:30:00+00:00,19.481,19.486,19.404,19.426,100646.0
2025-10-23 11:45:00+00:00,19.427,19.431,19.389,19.41,102152.0
2025-10-23 12:00:00+00:00,19.41,19.41,19.252,19.331,396820.0
2025-10-23 12:15:00+00:00,19.33,19.411,19.309,19.378,126123.0
2025-10-23 12:30:00+00:00,19.378,19.378,19.304,19.345,110393.0
2025-10-23 12:45:00+00:00,19.346,19.376,19.306,19.375,135614.0
2025-10-23 13:00:00+00:00,19.374,19.374,19.25,19.345,132210.0
2025-10-23 13:15:00+00:00,19.345,19.38,19.315,19.363,98611.0
2025-10-23 13:30:00+00:00,19.364,19.479,19.337,19.386,326525.0
2025-10-23 13:45:00+00:00,19.387,19.449,19.347,19.429,152441.0
2025-10-23 14:00:00+00:00,19.43,19.438,19.286,19.305,213597.0
2025-10-23 14:15:00+00:00,19.305,19.398,19.271,19.36,237143.0
2025-10-23 14:30:00+00:00,19.36,19.479,19.346,19.409,158201.0
2025-10-23 14:45:00+00:00,19.409,19.438,19.379,19.416,113320.0
2025-10-23 15:00:00+00:00,19.416,19.568,19.382,19.497,289709.0
2025-10-23 15:15:00+00:00,19.497,19.519,19.426,19.509,144149.0
2025-10-23 15:30:00+00:00,19.509,19.614,19.502,19.514,233003.0
2025-10-23 15:45:00+00:00,19.515,19.591,19.507,19.544,105544.0
2025-10-23 16:00:00+00:00,19.544,19.596,19.522,19.563,146260.0
2025-10-23 16:15:00+00:00,19.564,19.59,19.526,19.542,106537.0
2025-10-23 16:30:00+00:00,19.542,19.58,19.529,19.563,80720.0
2025-10-23 16:45:00+00:00,19.563,19.74,19.558,19.686,265630.0
2025-10-23 17:00:00+00:00,19.687,19.694,19.543,19.565,278267.0
2025-10-23 17:15:00+00:00,19.566,19.609,19.53,19.553,105111.0
2025-10-23 17:30:00+00:00,19.553,19.724,19.544,19.671,326286.0
2025-10-23 17:45:00+00:00,19.672,19.721,19.654,19.672,145799.0
2025-10-23 18:00:00+00:00,19.672,19.685,19.603,19.616,135802.0
2025-10-23 18:15:00+00:00,19.615,19.643,19.569,19.569,110087.0
2025-10-23 18:30:00+00:00,19.57,19.593,19.509,19.528,144646.0
2025-10-23 18:45:00+00:00,19.528,19.536,19.475,19.506,96953.0
2025-10-23 19:00:00+00:00,19.507,19.509,19.399,19.468,153557.0
2025-10-23 19:15:00+00:00,19.468,19.52,19.424,19.504,100086.0
2025-10-23 19:30:00+00:00,19.504,19.505,19.367,19.375,212102.0
2025-10-23 19:45:00+00:00,19.375,19.422,19.36,19.373,105032.0
2025-10-23 20:00:00+00:00,19.373,19.378,19.278,19.318,237066.0
2025-10-23 20:15:00+00:00,19.317,19.344,19.307,19.322,75141.0
2025-10-23 20:30:00+00:00,19.321,19.341,19.26,19.282,94306.0
2025-10-23 20:45:00+00:00,19.281,19.281,19.074,19.145,384608.0
2025-10-23 21:00:00+00:00,19.145,19.204,19.116,19.203,207972.0
2025-10-23 21:15:00+00:00,19.202,19.202,19.14,19.149,87254.0
2025-10-23 21:30:00+00:00,19.148,19.17,19.101,19.119,73769.0
2025-10-23 21:45:00+00:00,19.118,19.146,19.081,19.105,50068.0
2025-10-23 22:00:00+00:00,19.105,19.15,19.084,19.11,128531.0
2025-10-23 22:15:00+00:00,19.11,19.141,19.086,19.11,51039.0
2025-10-23 22:30:00+00:00,19.11,19.172,19.099,19.1,117961.0
2025-10-23 22:45:00+00:00,19.099,19.111,19.052,19.056,150228.0
2025-10-23 23:00:00+00:00,19.056,19.079,19.025,19.048,111746.0
2025-10-23 23:15:00+00:00,19.048,19.048,18.98,19.035,172540.0
2025-10-23 23:30:00+00:00,19.035,19.061,19.007,19.053,106648.0
2025-10-23 23:45:00+00:00,19.053,19.14,19.048,19.12,143867.0
2025-10-24 00:00:00+00:00,19.12,19.155,19.01,19.09,226129.0
2025-10-24 00:15:00+00:00,19.089,19.16,19.031,19.048,239811.0
2025-10-24 00:30:00+00:00,19.047,19.24,19.045,19.187,292604.0
2025-10-24 00:45:00+00:00,19.187,19.275,19.187,19.208,169702.0
2025-10-24 01:00:00+00:00,19.209,19.265,19.2,19.207,116402.0
2025-10-24 01:15:00+00:00,19.207,19.208,19.077,19.087,139434.0
2025-10-24 01:30:00+00:00,19.087,19.164,19.063,19.16,105701.0
2025-10-24 01:45:00+00:00,19.16,19.214,19.159,19.203,86529.0
2025-10-24 02:00:00+00:00,19.202,19.207,19.166,19.187,64226.0
2025-10-24 02:15:00+00:00,19.187,19.2,19.091,19.112,91451.0
2025-10-24 02:30:00+00:00,19.112,19.184,19.112,19.182,101454.0
2025-10-24 02:45:00+00:00,19.182,19.222,19.171,19.185,95355.0
2025-10-24 03:00:00+00:00,19.185,19.193,19.128,19.144,76558.0
2025-10-24 03:15:00+00:00,19.143,19.192,19.124,19.187,49543.0
2025-10-24 03:30:00+00:00,19.187,19.188,19.151,19.172,48245.0
2025-10-24 03:45:00+00:00,19.171,19.216,19.142,19.21,60772.0
2025-10-24 04:00:00+00:00,19.209,19.252,19.167,19.243,77393.0
2025-10-24 04:15:00+00:00,19.243,19.43,19.237,19.427,183704.0
2025-10-24 04:30:00+00:00,19.428,19.63,19.418,19.584,348695.0
2025-10-24 04:45:00+00:00,19.584,19.617,19.539,19.546,136633.0
2025-10-24 05:00:00+00:00,19.547,19.622,19.502,19.607,283050.0
2025-10-24 05:15:00+00:00,19.606,19.636,19.553,19.573,131190.0
2025-10-24 05:30:00+00:00,19.573,19.615,19.538,19.592,121220.0
2025-10-24 05:45:00+00:00,19.592,19.65,19.59,19.61,97702.0
2025-10-24 06:00:00+00:00,19.61,19.61,19.556,19.579,106369.0
2025-10-24 06:15:00+00:00,19.579,19.618,19.543,19.618,107148.0
2025-10-24 06:30:00+00:00,19.619,19.629,19.574,19.581,128941.0
2025-10-24 06:45:00+00:00,19.582,19.622,19.556,19.609,80874.0
2025-10-24 07:00:00+00:00,19.609,19.62,19.537,19.541,112593.0
2025-10-24 07:15:00+00:00,19.541,19.558,19.518,19.554,78390.0
2025-10-24 07:30:00+00:00,19.554,19.56,19.464,19.464,117878.0
2025-10-24 07:45:00+00:00,19.464,19.491,19.402,19.487,165685.0
2025-10-24 08:00:00+00:00,19.487,19.528,19.404,19.487,164287.0
2025-10-24 08:15:00+00:00,19.488,19.55,19.444,19.538,92311.0
2025-10-24 08:30:00+00:00,19.538,19.635,19.501,19.634,152891.0
2025-10-24 08:45:00+00:00,19.634,19.667,19.588,19.593,126599.0
2025-10-24 09:00:00+00:00,19.593,19.605,19.538,19.579,91419.0
2025-10-24 09:15:00+00:00,19.58,19.613,19.576,19.607,58241.0
2025-10-24 09:30:00+00:00,19.606,19.617,19.56,19.598,84781.0
2025-10-24 09:45:00+00:00,19.598,19.61,19.544,19.561,96812.0
2025-10-24 10:00:00+00:00,19.562,19.568,19.518,19.563,76987.0
2025-10-24 10:15:00+00:00,19.563,19.566,19.507,19.531,70885.0
2025-10-24 10:30:00+00:00,19.531,19.566,19.521,19.538,80878.0
2025-10-24 10:45:00+00:00,19.539,19.543,19.483,19.498,80779.0
2025-10-24 11:00:00+00:00,19.498,19.512,19.465,19.503,86121.0
2025-10-24 11:15:00+00:00,19.504,19.51,19.432,19.485,123278.0
2025-10-24 11:30:00+00:00,19.484,19.497,19.352,19.46,197321.0
2025-10-24 11:45:00+00:00,19.461,19.49,19.426,19.487,150466.0
2025-10-24 12:00:00+00:00,19.488,19.568,19.488,19.543,107113.0
2025-10-24 12:15:00+00:00,19.543,19.57,19.468,19.552,173764.0
2025-10-24 12:30:00+00:00,19.551,19.971,19.518,19.68,1065663.0
2025-10-24 12:45:00+00:00,19.68,19.688,19.546,19.609,291584.0
2025-10-24 13:00:00+00:00,19.61,19.656,19.575,19.605,134344.0
2025-10-24 13:15:00+00:00,19.605,19.662,19.588,19.622,114831.0
2025-10-24 13:30:00+00:00,19.622,19.638,19.507,19.517,389398.0
2025-10-24 13:45:00+00:00,19.514,19.648,19.472,19.627,374335.0
2025-10-24 14:00:00+00:00,19.627,19.627,19.457,19.54,258535.0
2025-10-24 14:15:00+00:00,19.539,19.55,19.262,19.331,396555.0
2025-10-24 14:30:00+00:00,19.33,19.364,19.261,19.323,238455.0
2025-10-24 14:45:00+00:00,19.324,19.33,19.236,19.301,250955.0
2025-10-24 15:00:00+00:00,19.301,19.367,19.25,19.352,184750.0
2025-10-24 15:15:00+00:00,19.352,19.44,19.326,19.395,203774.0
2025-10-24 15:30:00+00:00,19.396,19.415,19.288,19.3,89935.0
2025-10-24 15:45:00+00:00,19.301,19.301,19.213,19.257,221183.0
2025-10-24 16:00:00+00:00,19.257,19.271,19.201,19.268,129492.0
2025-10-24 16:15:00+00:00,19.268,19.358,19.215,19.254,218118.0
2025-10-24 16:30:00+00:00,19.254,19.257,19.116,19.181,239125.0
2025-10-24 16:45:00+00:00,19.181,19.211,19.164,19.21,70204.0
2025-10-24 17:00:00+00:00,19.21,19.297,19.194,19.217,114768.0
2025-10-24 17:15:00+00:00,19.217,19.337,19.207,19.301,112155.0
2025-10-24 17:30:00+00:00,19.3,19.326,19.245,19.26,139474.0
2025-10-24 17:45:00+00:00,19.26,19.293,19.222,19.243,65465.0
2025-10-24 18:00:00+00:00,19.242,19.33,19.226,19.313,91075.0
2025-10-24 18:15:00+00:00,19.312,19.359,19.31,19.337,89554.0
2025-10-24 18:30:00+00:00,19.337,19.362,19.316,19.345,56854.0
2025-10-24 18:45:00+00:00,19.345,19.389,19.318,19.389,57388.0
2025-10-24 19:00:00+00:00,19.389,19.508,19.385,19.494,195326.0
2025-10-24 19:15:00+00:00,19.493,19.558,19.493,19.556,182780.0
2025-10-24 19:30:00+00:00,19.555,19.565,19.491,19.547,110175.0
2025-10-24 19:45:00+00:00,19.546,19.549,19.497,19.512,144773.0
2025-10-24 20:00:00+00:00,19.512,19.552,19.496,19.525,100477.0
2025-10-24 20:15:00+00:00,19.524,19.616,19.522,19.607,133895.0
2025-10-24 20:30:00+00:00,19.607,19.636,19.575,19.608,102512.0
2025-10-24 20:45:00+00:00,19.608,19.625,19.561,19.572,93218.0
2025-10-24 21:00:00+00:00,19.572,19.622,19.529,19.531,142395.0
2025-10-24 21:15:00+00:00,19.531,19.6,19.525,19.569,121002.0
2025-10-24 21:30:00+00:00,19.569,19.596,19.562,19.594,41757.0
2025-10-24 21:45:00+00:00,19.594,19.622,19.586,19.597,45870.0
2025-10-24 22:00:00+00:00,19.597,19.616,19.553,19.563,127389.0
2025-10-24 22:15:00+00:00,19.564,19.619,19.562,19.597,53124.0
2025-10-24 22:30:00+00:00,19.597,19.609,19.558,19.562,34071.0
2025-10-24 22:45:00+00:00,19.562,19.564,19.527,19.548,50222.0
2025-10-24 23:00:00+00:00,19.548,19.548,19.483,19.484,83585.0
2025-10-24 23:15:00+00:00,19.483,19.506,19.473,19.486,58454.0
2025-10-24 23:30:00+00:00,19.487,19.52,19.468,19.479,57945.0
2025-10-24 23:45:00+00:00,19.478,19.497,19.476,19.492,41897.0
2025-10-25 00:00:00+00:00,19.493,19.513,19.448,19.453,89986.0
2025-10-25 00:15:00+00:00,19.453,19.457,19.407,19.415,101333.0
2025-10-25 00:30:00+00:00,19.414,19.436,19.365,19.406,98088.0
2025-10-25 00:45:00+00:00,19.405,19.474,19.383,19.412,81879.0
2025-10-25 01:00:00+00:00,19.413,19.423,19.37,19.42,59452.0
2025-10-25 01:15:00+00:00,19.42,19.486,19.389,19.476,105252.0
2025-10-25 01:30:00+00:00,19.476,19.513,19.4,19.407,54452.0
2025-10-25 01:45:00+00:00,19.407,19.442,19.4,19.44,27638.0
2025-10-25 02:00:00+00:00,19.439,19.449,19.39,19.406,33429.0
2025-10-25 02:15:00+00:00,19.406,19.429,19.404,19.411,33724.0
2025-10-25 02:30:00+00:00,19.41,19.413,19.374,19.392,51450.0
2025-10-25 02:45:00+00:00,19.391,19.45,19.387,19.389,48566.0
2025-10-25 03:00:00+00:00,19.388,19.397,19.332,19.363,72263.0
2025-10-25 03:15:00+00:00,19.363,19.405,19.36,19.369,50317.0
2025-10-25 03:30:00+00:00,19.369,19.382,19.347,19.374,47349.0
2025-10-25 03:45:00+00:00,19.373,19.373,19.32,19.328,62542.0
2025-10-25 04:00:00+00:00,19.328,19.365,19.32,19.36,71949.0
2025-10-25 04:15:00+00:00,19.359,19.408,19.35,19.356,75862.0
2025-10-25 04:30:00+00:00,19.355,19.362,19.312,19.316,55500.0
2025-10-25 04:45:00+00:00,19.315,19.356,19.315,19.32,65597.0
2025-10-25 05:00:00+00:00,19.319,19.351,19.305,19.322,77007.0
2025-10-25 05:15:00+00:00,19.322,19.359,19.306,19.333,48997.0
2025-10-25 05:30:00+00:00,19.333,19.346,19.313,19.331,79468.0
2025-10-25 05:45:00+00:00,19.331,19.363,19.322,19.357,37573.0
2025-10-25 06:00:00+00:00,19.357,19.374,19.317,19.338,75691.0
2025-10-25 06:15:00+00:00,19.338,19.351,19.312,19.324,59234.0
2025-10-25 06:30:00+00:00,19.324,19.332,19.291,19.305,76900.0
2025-10-25 06:45:00+00:00,19.305,19.317,19.283,19.307,59311.0
2025-10-25 07:00:00+00:00,19.306,19.327,19.3,19.32,36925.0
2025-10-25 07:15:00+00:00,19.319,19.402,19.319,19.392,106944.0
2025-10-25 07:30:00+00:00,19.392,19.453,19.331,19.353,141202.0
2025-10-25 07:45:00+00:00,19.353,19.364,19.326,19.345,106172.0
2025-10-25 08:00:00+00:00,19.346,19.38,19.337,19.373,55758.0
2025-10-25 08:15:00+00:00,19.372,19.42,19.366,19.412,61361.0
2025-10-25 08:30:00+00:00,19.411,19.412,19.372,19.387,44434.0
2025-10-25 08:45:00+00:00,19.386,19.433,19.38,19.431,73104.0
2025-10-25 09:00:00+00:00,19.431,19.44,19.396,19.427,81790.0
2025-10-25 09:15:00+00:00,19.426,19.428,19.338,19.357,70105.0
2025-10-25 09:30:00+00:00,19.357,19.379,19.328,19.371,52892.0
2025-10-25 09:45:00+00:00,19.37,19.37,19.312,19.327,129536.0
2025-10-25 10:00:00+00:00,19.327,19.34,19.229,19.242,181658.0
2025-10-25 10:15:00+00:00,19.243,19.307,19.24,19.285,76393.0
2025-10-25 10:30:00+00:00,19.285,19.323,19.27,19.3,62891.0
2025-10-25 10:45:00+00:00,19.3,19.315,19.273,19.287,52962.0
2025-10-25 11:00:00+00:00,19.287,19.316,19.258,19.274,64830.0
2025-10-25 11:15:00+00:00,19.275,19.333,19.272,19.33,36786.0
2025-10-25 11:30:00+00:00,19.329,19.34,19.301,19.321,48386.0
2025-10-25 11:45:00+00:00,19.322,19.356,19.319,19.324,46186.0
2025-10-25 12:00:00+00:00,19.324,19.412,19.311,19.405,86258.0
2025-10-25 12:15:00+00:00,19.406,19.471,19.387,19.446,121151.0
2025-10-25 12:30:00+00:00,19.446,19.482,19.43,19.482,101272.0
2025-10-25 12:45:00+00:00,19.483,19.554,19.482,19.538,199791.0
2025-10-25 13:00:00+00:00,19.539,19.543,19.459,19.478,116316.0
2025-10-25 13:15:00+00:00,19.478,19.512,19.451,19.477,92379.0
2025-10-25 13:30:00+00:00,19.478,19.503,19.451,19.489,88871.0
2025-10-25 13:45:00+00:00,19.489,19.511,19.457,19.498,60407.0
2025-10-25 14:00:00+00:00,19.499,19.504,19.46,19.474,80139.0
2025-10-25 14:15:00+00:00,19.475,19.542,19.47,19.506,89133.0
2025-10-25 14:30:00+00:00,19.506,19.544,19.471,19.51,84519.0
2025-10-25 14:45:00+00:00,19.51,19.549,19.485,19.535,68460.0
2025-10-25 15:00:00+00:00,19.536,19.539,19.476,19.495,87941.0
2025-10-25 15:15:00+00:00,19.496,19.531,19.495,19.521,55114.0
2025-10-25 15:30:00+00:00,19.52,19.547,19.472,19.508,110183.0
2025-10-25 15:45:00+00:00,19.509,19.538,19.5,19.519,84768.0
2025-10-25 16:00:00+00:00,19.519,19.536,19.492,19.503,101832.0
2025-10-25 16:15:00+00:00,19.503,19.519,19.479,19.493,46234.0
2025-10-25 16:30:00+00:00,19.493,19.521,19.482,19.492,44050.0
2025-10-25 16:45:00+00:00,19.492,19.514,19.452,19.482,110391.0
2025-10-25 17:00:00+00:00,19.483,19.537,19.464,19.524,67658.0
2025-10-25 17:15:00+00:00,19.523,19.524,19.499,19.516,38452.0
2025-10-25 17:30:00+00:00,19.517,19.54,19.494,19.518,64459.0
2025-10-25 17:45:00+00:00,19.518,19.527,19.498,19.512,35162.0
2025-10-25 18:00:00+00:00,19.513,19.573,19.496,19.562,78115.0
2025-10-25 18:15:00+00:00,19.563,19.621,19.556,19.61,113595.0
2025-10-25 18:30:00+00:00,19.611,19.684,19.603,19.671,241467.0
2025-10-25 18:45:00+00:00,19.672,19.707,19.668,19.703,130292.0
2025-10-25 19:00:00+00:00,19.703,19.726,19.695,19.713,120679.0
2025-10-25 19:15:00+00:00,19.713,19.755,19.707,19.74,142398.0
2025-10-25 19:30:00+00:00,19.74,19.825,19.736,19.736,218598.0
2025-10-25 19:45:00+00:00,19.736,19.755,19.716,19.736,131092.0
2025-10-25 20:00:00+00:00,19.737,19.766,19.721,19.722,115145.0
2025-10-25 20:15:00+00:00,19.722,19.754,19.715,19.736,59933.0
2025-10-25 20:30:00+00:00,19.736,19.738,19.663,19.716,112486.0
2025-10-25 20:45:00+00:00,19.717,19.726,19.66,19.66,79148.0
2025-10-25 21:00:00+00:00,19.661,19.696,19.66,19.663,86888.0
2025-10-25 21:15:00+00:00,19.663,19.702,19.643,19.688,85794.0
2025-10-25 21:30:00+00:00,19.688,19.688,19.657,19.667,40947.0
2025-10-25 21:45:00+00:00,19.667,19.69,19.654,19.689,21318.0
2025-10-25 22:00:00+00:00,19.689,19.71,19.645,19.673,112372.0
2025-10-25 22:15:00+00:00,19.674,19.705,19.665,19.696,63500.0
2025-10-25 22:30:00+00:00,19.697,19.746,19.695,19.743,45429.0
2025-10-25 22:45:00+00:00,19.744,19.764,19.723,19.749,52132.0
2025-10-25 23:00:00+00:00,19.749,19.757,19.713,19.735,44471.0
2025-10-25 23:15:00+00:00,19.735,19.736,19.695,19.717,49136.0
2025-10-25 23:30:00+00:00,19.717,19.733,19.688,19.716,36220.0
2025-10-25 23:45:00+00:00,19.717,19.733,19.694,19.711,44064.0
2025-10-26 00:00:00+00:00,19.711,19.719,19.631,19.67,107940.0
2025-10-26 00:15:00+00:00,19.67,19.699,19.656,19.691,62348.0
2025-10-26 00:30:00+00:00,19.691,19.801,19.68,19.749,100290.0
2025-10-26 00:45:00+00:00,19.748,19.766,19.667,19.67,98155.0
2025-10-26 01:00:00+00:00,19.67,19.682,19.643,19.645,72508.0
2025-10-26 01:15:00+00:00,19.645,19.664,19.577,19.585,108974.0
2025-10-26 01:30:00+00:00,19.586,19.616,19.569,19.601,55640.0
2025-10-26 01:45:00+00:00,19.602,19.608,19.46,19.523,234262.0
2025-10-26 02:00:00+00:00,19.524,19.532,19.48,19.512,98356.0
2025-10-26 02:15:00+00:00,19.511,19.53,19.454,19.48,90957.0
2025-10-26 02:30:00+00:00,19.48,19.497,19.416,19.44,185462.0
2025-10-26 02:45:00+00:00,19.439,19.455,19.364,19.412,138055.0
2025-10-26 03:00:00+00:00,19.411,19.412,19.37,19.385,85240.0
2025-10-26 03:15:00+00:00,19.385,19.42,19.373,19.413,65932.0
2025-10-26 03:30:00+00:00,19.413,19.413,19.355,19.359,64342.0
2025-10-26 03:45:00+00:00,19.359,19.381,19.333,19.378,68808.0
2025-10-26 04:00:00+00:00,19.378,19.438,19.354,19.43,55333.0
2025-10-26 04:15:00+00:00,19.431,19.507,19.412,19.489,148010.0
2025-10-26 04:30:00+00:00,19.489,19.513,19.43,19.452,70091.0
2025-10-26 04:45:00+00:00,19.452,19.484,19.446,19.474,57113.0
2025-10-26 05:00:00+00:00,19.475,19.522,19.439,19.506,71301.0
2025-10-26 05:15:00+00:00,19.507,19.567,19.507,19.556,83065.0
2025-10-26 05:30:00+00:00,19.556,19.633,19.547,19.615,79901.0
2025-10-26 05:45:00+00:00,19.615,19.665,19.613,19.649,87841.0
2025-10-26 06:00:00+00:00,19.649,19.665,19.628,19.657,75972.0
2025-10-26 06:15:00+00:00,19.657,19.683,19.633,19.655,65855.0
2025-10-26 06:30:00+00:00,19.655,19.675,19.593,19.616,78695.0
2025-10-26 06:45:00+00:00,19.616,19.654,19.601,19.646,43829.0
2025-10-26 07:00:00+00:00,19.646,19.693,19.615,19.685,71527.0
2025-10-26 07:15:00+00:00,19.685,19.691,19.665,19.671,32883.0
2025-10-26 07:30:00+00:00,19.671,19.714,19.669,19.695,85442.0
2025-10-26 07:45:00+00:00,19.694,19.715,19.672,19.696,61333.0
2025-10-26 08:00:00+00:00,19.696,20.108,19.696,20.055,1080116.0
2025-10-26 08:15:00+00:00,20.054,20.091,19.894,19.896,339398.0
2025-10-26 08:30:00+00:00,19.896,19.931,19.87,19.906,158751.0
2025-10-26 08:45:00+00:00,19.907,20.039,19.906,20.0,292988.0
2025-10-26 09:00:00+00:00,20.0,20.142,19.917,19.92,313880.0
2025-10-26 09:15:00+00:00,19.919,20.094,19.919,20.085,256581.0
2025-10-26 09:30:00+00:00,20.085,20.117,19.987,20.012,245757.0
2025-10-26 09:45:00+00:00,20.012,20.084,19.964,20.056,149656.0
2025-10-26 10:00:00+00:00,20.057,20.084,19.978,20.019,125901.0
2025-10-26 10:15:00+00:00,20.019,20.03,19.984,20.007,59250.0
2025-10-26 10:30:00+00:00,20.007,20.013,19.966,19.988,71278.0
2025-10-26 10:45:00+00:00,19.987,20.008,19.964,19.986,71204.0
2025-10-26 11:00:00+00:00,19.985,20.0,19.9,19.932,165326.0
2025-10-26 11:15:00+00:00,19.932,19.999,19.931,19.996,107825.0
2025-10-26 11:30:00+00:00,19.996,20.169,19.994,20.162,282444.0
2025-10-26 11:45:00+00:00,20.162,20.386,20.115,20.356,605505.0
2025-10-26 12:00:00+00:00,20.356,20.417,20.274,20.332,309688.0
2025-10-26 12:15:00+00:00,20.333,20.4,20.259,20.286,195172.0
2025-10-26 12:30:00+00:00,20.286,20.313,20.253,20.26,128953.0
2025-10-26 12:45:00+00:00,20.26,20.388,20.26,20.33,210897.0
2025-10-26 13:00:00+00:00,20.331,20.482,20.324,20.474,329027.0
2025-10-26 13:15:00+00:00,20.474,20.546,20.432,20.541,310576.0
2025-10-26 13:30:00+00:00,20.54,20.656,20.538,20.556,328121.0
2025-10-26 13:45:00+00:00,20.556,20.606,20.515,20.579,253754.0
2025-10-26 14:00:00+00:00,20.578,20.62,20.502,20.569,190991.0
2025-10-26 14:15:00+00:00,20.569,20.578,20.438,20.443,179506.0
2025-10-26 14:30:00+00:00,20.442,20.531,20.44,20.513,130838.0
2025-10-26 14:45:00+00:00,20.514,20.514,20.401,20.443,108502.0
2025-10-26 15:00:00+00:00,20.444,20.461,20.273,20.307,317561.0
2025-10-26 15:15:00+00:00,20.307,20.336,20.272,20.329,153001.0
2025-10-26 15:30:00+00:00,20.329,20.385,20.323,20.341,125837.0
2025-10-26 15:45:00+00:00,20.34,20.421,20.34,20.4,79695.0
2025-10-26 16:00:00+00:00,20.4,20.413,20.295,20.319,124639.0
2025-10-26 16:15:00+00:00,20.318,20.319,20.246,20.282,128748.0
2025-10-26 16:30:00+00:00,20.282,20.328,20.251,20.326,90586.0
2025-10-26 16:45:00+00:00,20.327,20.359,20.269,20.279,80867.0
2025-10-26 17:00:00+00:00,20.279,20.293,20.212,20.286,140811.0
2025-10-26 17:15:00+00:00,20.287,20.316,20.274,20.276,56186.0
2025-10-26 17:30:00+00:00,20.277,20.316,20.261,20.277,49684.0
2025-10-26 17:45:00+00:00,20.277,20.285,20.249,20.259,49817.0
2025-10-26 18:00:00+00:00,20.259,20.306,20.256,20.282,65645.0
2025-10-26 18:15:00+00:00,20.281,20.317,20.232,20.238,75914.0
2025-10-26 18:30:00+00:00,20.237,20.306,20.233,20.283,57678.0
2025-10-26 18:45:00+00:00,20.283,20.296,20.259,20.259,45122.0
2025-10-26 19:00:00+00:00,20.26,20.263,20.193,20.252,82853.0
2025-10-26 19:15:00+00:00,20.253,20.274,20.202,20.273,70729.0
2025-10-26 19:30:00+00:00,20.274,20.294,20.254,20.281,51690.0
2025-10-26 19:45:00+00:00,20.282,20.305,20.258,20.303,40204.0
2025-10-26 20:00:00+00:00,20.303,20.303,20.233,20.248,56004.0
2025-10-26 20:15:00+00:00,20.249,20.254,20.13,20.139,161609.0
2025-10-26 20:30:00+00:00,20.139,20.23,20.139,20.223,98334.0
2025-10-26 20:45:00+00:00,20.224,20.234,20.169,20.177,55297.0
2025-10-26 21:00:00+00:00,20.178,20.209,20.157,20.209,59252.0
2025-10-26 21:15:00+00:00,20.209,20.212,20.096,20.147,65096.0
2025-10-26 21:30:00+00:00,20.146,20.287,20.098,20.239,131121.0
2025-10-26 21:45:00+00:00,20.239,20.3,20.236,20.257,66614.0
2025-10-26 22:00:00+00:00,20.257,20.732,20.257,20.572,935275.0
2025-10-26 22:15:00+00:00,20.572,20.597,20.469,20.539,257845.0
2025-10-26 22:30:00+00:00,20.539,20.589,20.502,20.567,177210.0
2025-10-26 22:45:00+00:00,20.567,20.772,20.563,20.705,369592.0
2025-10-26 23:00:00+00:00,20.706,20.789,20.684,20.759,268071.0
2025-10-26 23:15:00+00:00,20.759,20.944,20.75,20.834,315694.0
2025-10-26 23:30:00+00:00,20.833,20.9,20.8,20.868,192331.0
2025-10-26 23:45:00+00:00,20.869,20.92,20.801,20.812,182477.0
2025-10-27 00:00:00+00:00,20.812,20.889,20.778,20.804,234065.0
2025-10-27 00:15:00+00:00,20.804,20.915,20.788,20.861,180305.0
2025-10-27 00:30:00+00:00,20.862,20.965,20.826,20.895,171019.0
2025-10-27 00:45:00+00:00,20.895,20.904,20.782,20.787,147289.0
2025-10-27 01:00:00+00:00,20.786,20.815,20.742,20.756,132211.0
2025-10-27 01:15:00+00:00,20.757,20.868,20.721,20.813,199498.0
2025-10-27 01:30:00+00:00,20.814,20.903,20.784,20.866,143143.0
2025-10-27 01:45:00+00:00,20.867,20.979,20.867,20.961,101495.0
2025-10-27 02:00:00+00:00,20.962,21.028,20.931,20.978,214345.0
2025-10-27 02:15:00+00:00,20.979,21.016,20.885,20.888,196810.0
2025-10-27 02:30:00+00:00,20.888,20.941,20.811,20.938,134638.0
2025-10-27 02:45:00+00:00,20.939,20.966,20.885,20.907,97327.0
2025-10-27 03:00:00+00:00,20.908,20.95,20.888,20.909,113753.0
2025-10-27 03:15:00+00:00,20.909,20.95,20.794,20.8,127840.0
2025-10-27 03:30:00+00:00,20.8,20.836,20.761,20.772,76266.0
2025-10-27 03:45:00+00:00,20.772,20.816,20.763,20.797,72144.0
2025-10-27 04:00:00+00:00,20.797,20.812,20.757,20.78,111757.0
2025-10-27 04:15:00+00:00,20.78,20.87,20.755,20.864,88205.0
2025-10-27 04:30:00+00:00,20.865,20.939,20.813,20.926,101106.0
2025-10-27 04:45:00+00:00,20.927,20.993,20.9,20.956,124928.0
2025-10-27 05:00:00+00:00,20.956,21.083,20.943,21.01,182934.0
2025-10-27 05:15:00+00:00,21.011,21.08,20.994,21.059,160231.0
2025-10-27 05:30:00+00:00,21.058,21.061,20.969,21.009,123833.0
2025-10-27 05:45:00+00:00,21.009,21.039,20.921,20.933,151589.0
2025-10-27 06:00:00+00:00,20.933,20.946,20.824,20.876,154028.0
2025-10-27 06:15:00+00:00,20.876,20.985,20.857,20.98,127957.0
2025-10-27 06:30:00+00:00,20.98,20.986,20.882,20.901,117794.0
2025-10-27 06:45:00+00:00,20.901,21.001,20.891,20.964,234120.0
2025-10-27 07:00:00+00:00,20.963,21.033,20.904,20.923,182805.0
2025-10-27 07:15:00+00:00,20.923,20.99,20.895,20.957,92008.0
2025-10-27 07:30:00+00:00,20.957,20.959,20.662,20.756,313136.0
2025-10-27 07:45:00+00:00,20.756,20.829,20.722,20.803,181961.0
2025-10-27 08:00:00+00:00,20.803,20.89,20.757,20.843,168169.0
2025-10-27 08:15:00+00:00,20.843,20.897,20.608,20.629,269046.0
2025-10-27 08:30:00+00:00,20.629,20.733,20.629,20.698,156956.0
2025-10-27 08:45:00+00:00,20.698,20.729,20.602,20.645,196075.0
2025-10-27 09:00:00+00:00,20.645,20.664,20.451,20.559,458017.0
2025-10-27 09:15:00+00:00,20.559,20.633,20.497,20.526,234184.0
2025-10-27 09:30:00+00:00,20.525,20.578,20.486,20.527,154144.0
2025-10-27 09:45:00+00:00,20.527,20.53,20.454,20.524,95137.0
2025-10-27 10:00:00+00:00,20.524,20.541,20.429,20.536,132318.0
2025-10-27 10:15:00+00:00,20.537,20.609,20.532,20.59,117022.0
2025-10-27 10:30:00+00:00,20.59,20.603,20.559,20.562,73643.0
2025-10-27 10:45:00+00:00,20.562,20.618,20.53,20.555,88126.0
2025-10-27 11:00:00+00:00,20.556,20.647,20.552,20.604,96731.0
2025-10-27 11:15:00+00:00,20.603,20.637,20.408,20.483,216021.0
2025-10-27 11:30:00+00:00,20.484,20.607,20.454,20.568,104030.0
2025-10-27 11:45:00+00:00,20.568,20.58,20.5,20.554,69207.0
2025-10-27 12:00:00+00:00,20.554,20.573,20.481,20.505,84997.0
2025-10-27 12:15:00+00:00,20.506,20.51,20.449,20.47,88071.0
2025-10-27 12:30:00+00:00,20.471,20.471,20.362,20.411,194243.0
2025-10-27 12:45:00+00:00,20.41,20.433,20.373,20.377,73203.0
2025-10-27 13:00:00+00:00,20.376,20.511,20.362,20.474,114382.0
2025-10-27 13:15:00+00:00,20.475,20.539,20.454,20.468,91886.0
2025-10-27 13:30:00+00:00,20.469,20.52,20.233,20.341,426416.0
2025-10-27 13:45:00+00:00,20.341,20.543,20.312,20.486,340587.0
2025-10-27 14:00:00+00:00,20.487,20.513,20.3,20.362,294555.0
2025-10-27 14:15:00+00:00,20.362,20.375,20.28,20.365,215857.0
2025-10-27 14:30:00+00:00,20.366,20.436,20.294,20.39,207295.0
2025-10-27 14:45:00+00:00,20.39,20.42,20.333,20.353,164316.0
2025-10-27 15:00:00+00:00,20.352,20.474,20.341,20.472,201888.0
2025-10-27 15:15:00+00:00,20.472,20.487,20.37,20.467,172474.0
2025-10-27 15:30:00+00:00,20.467,20.495,20.418,20.458,158196.0
2025-10-27 15:45:00+00:00,20.458,20.493,20.414,20.446,134538.0
2025-10-27 16:00:00+00:00,20.447,20.61,20.445,20.575,214509.0
2025-10-27 16:15:00+00:00,20.575,20.635,20.542,20.568,167905.0
2025-10-27 16:30:00+00:00,20.569,20.719,20.552,20.67,210068.0
2025-10-27 16:45:00+00:00,20.671,20.749,20.651,20.719,157241.0
2025-10-27 17:00:00+00:00,20.718,20.729,20.659,20.698,200423.0
2025-10-27 17:15:00+00:00,20.699,20.713,20.604,20.612,158914.0
2025-10-27 17:30:00+00:00,20.613,20.707,20.601,20.672,111041.0
2025-10-27 17:45:00+00:00,20.672,20.68,20.625,20.655,68580.0
2025-10-27 18:00:00+00:00,20.655,20.784,20.622,20.755,166006.0
2025-10-27 18:15:00+00:00,20.755,20.768,20.595,20.614,156875.0
2025-10-27 18:30:00+00:00,20.615,20.715,20.602,20.705,111543.0
2025-10-27 18:45:00+00:00,20.704,20.737,20.646,20.656,70824.0
2025-10-27 19:00:00+00:00,20.656,20.677,20.559,20.674,194460.0
2025-10-27 19:15:00+00:00,20.673,20.673,20.596,20.626,92779.0
2025-10-27 19:30:00+00:00,20.626,20.628,20.55,20.582,171964.0
2025-10-27 19:45:00+00:00,20.582,20.615,20.566,20.593,92026.0
2025-10-27 20:00:00+00:00,20.593,20.594,20.488,20.543,295363.0
2025-10-27 20:15:00+00:00,20.543,20.629,20.514,20.531,164218.0
2025-10-27 20:30:00+00:00,20.53,20.556,20.47,20.507,153010.0
2025-10-27 20:45:00+00:00,20.507,20.536,20.453,20.46,164607.0
2025-10-27 21:00:00+00:00,20.459,20.534,20.427,20.483,163087.0
2025-10-27 21:15:00+00:00,20.482,20.517,20.349,20.395,181316.0
2025-10-27 21:30:00+00:00,20.395,20.507,20.383,20.474,117783.0
2025-10-27 21:45:00+00:00,20.474,20.549,20.452,20.46,69595.0
2025-10-27 22:00:00+00:00,20.461,20.532,20.426,20.494,106682.0
2025-10-27 22:15:00+00:00,20.495,20.537,20.476,20.485,92953.0
2025-10-27 22:30:00+00:00,20.486,20.49,20.321,20.325,215269.0
2025-10-27 22:45:00+00:00,20.325,20.361,20.287,20.313,141516.0
2025-10-27 23:00:00+00:00,20.313,20.319,20.216,20.254,222208.0
2025-10-27 23:15:00+00:00,20.254,20.283,20.154,20.28,280007.0
2025-10-27 23:30:00+00:00,20.28,20.338,20.273,20.314,86726.0
2025-10-27 23:45:00+00:00,20.314,20.328,20.277,20.316,66287.0
2025-10-28 00:00:00+00:00,20.317,20.385,20.252,20.315,130513.0
2025-10-28 00:15:00+00:00,20.315,20.419,20.309,20.395,125543.0
2025-10-28 00:30:00+00:00,20.396,20.396,20.26,20.311,183547.0
2025-10-28 00:45:00+00:00,20.311,20.364,20.241,20.314,158680.0
2025-10-28 01:00:00+00:00,20.314,20.412,20.314,20.376,104146.0
2025-10-28 01:15:00+00:00,20.377,20.407,20.335,20.37,72484.0
2025-10-28 01:30:00+00:00,20.371,20.453,20.332,20.442,106523.0
2025-10-28 01:45:00+00:00,20.443,20.466,20.422,20.424,59743.0
2025-10-28 02:00:00+00:00,20.425,20.453,20.331,20.349,75505.0
2025-10-28 02:15:00+00:00,20.349,20.355,20.244,20.316,134740.0
2025-10-28 02:30:00+00:00,20.316,20.382,20.297,20.333,76548.0
2025-10-28 02:45:00+00:00,20.333,20.347,20.179,20.294,173773.0
2025-10-28 03:00:00+00:00,20.294,20.371,20.176,20.19,159697.0
2025-10-28 03:15:00+00:00,20.191,20.265,20.114,20.257,318880.0
2025-10-28 03:30:00+00:00,20.257,20.263,20.149,20.181,152635.0
2025-10-28 03:45:00+00:00,20.181,20.237,20.142,20.212,156265.0
2025-10-28 04:00:00+00:00,20.212,20.263,20.144,20.257,164472.0
2025-10-28 04:15:00+00:00,20.257,20.297,20.243,20.254,113748.0
2025-10-28 04:30:00+00:00,20.254,20.299,20.222,20.27,92833.0
2025-10-28 04:45:00+00:00,20.27,20.434,20.263,20.376,168270.0
2025-10-28 05:00:00+00:00,20.376,20.44,20.362,20.384,134998.0
2025-10-28 05:15:00+00:00,20.384,20.41,20.283,20.304,147532.0
2025-10-28 05:30:00+00:00,20.304,20.304,20.156,20.159,141808.0
2025-10-28 05:45:00+00:00,20.158,20.158,19.97,20.006,532566.0
2025-10-28 06:00:00+00:00,20.006,20.068,19.98,20.041,157098.0
2025-10-28 06:15:00+00:00,20.042,20.06,19.994,20.035,95318.0
2025-10-28 06:30:00+00:00,20.035,20.225,20.01,20.208,177525.0
2025-10-28 06:45:00+00:00,20.208,20.387,20.203,20.367,282567.0
2025-10-28 07:00:00+00:00,20.367,20.487,20.348,20.39,284500.0
2025-10-28 07:15:00+00:00,20.391,20.421,20.326,20.359,150115.0
2025-10-28 07:30:00+00:00,20.359,20.409,20.338,20.403,96687.0
2025-10-28 07:45:00+00:00,20.404,20.404,20.268,20.292,131607.0
2025-10-28 08:00:00+00:00,20.293,20.324,20.249,20.262,107886.0
2025-10-28 08:15:00+00:00,20.262,20.403,20.245,20.387,134471.0
2025-10-28 08:30:00+00:00,20.388,20.515,20.384,20.477,210086.0
2025-10-28 08:45:00+00:00,20.477,20.511,20.43,20.446,80915.0
2025-10-28 09:00:00+00:00,20.446,20.472,20.355,20.374,121148.0
2025-10-28 09:15:00+00:00,20.374,20.383,20.257,20.265,110953.0
2025-10-28 09:30:00+00:00,20.265,20.335,20.239,20.306,145300.0
2025-10-28 09:45:00+00:00,20.305,20.329,20.28,20.311,105610.0
2025-10-28 10:00:00+00:00,20.31,20.318,20.241,20.275,101656.0
2025-10-28 10:15:00+00:00,20.274,20.302,20.234,20.293,102984.0
2025-10-28 10:30:00+00:00,20.292,20.292,20.19,20.216,115507.0
2025-10-28 10:45:00+00:00,20.217,20.28,20.217,20.28,69028.0
2025-10-28 11:00:00+00:00,20.28,20.283,20.219,20.254,132225.0
2025-10-28 11:15:00+00:00,20.255,20.345,20.25,20.277,123344.0
2025-10-28 11:30:00+00:00,20.277,20.323,20.219,20.238,108167.0
2025-10-28 11:45:00+00:00,20.237,20.238,20.152,20.179,151952.0
2025-10-28 12:00:00+00:00,20.179,20.442,20.159,20.226,653930.0
2025-10-28 12:15:00+00:00,20.227,20.246,20.175,20.209,146713.0
2025-10-28 12:30:00+00:00,20.209,20.243,20.159,20.236,119120.0
2025-10-28 12:45:00+00:00,20.236,20.364,20.227,20.307,166625.0
2025-10-28 13:00:00+00:00,20.306,20.377,20.297,20.315,237152.0
2025-10-28 13:15:00+00:00,20.314,20.427,20.312,20.378,191290.0
2025-10-28 13:30:00+00:00,20.379,20.407,20.27,20.363,284457.0
2025-10-28 13:45:00+00:00,20.363,20.421,20.316,20.36,244259.0
2025-10-28 14:00:00+00:00,20.361,20.382,20.271,20.373,219863.0
2025-10-28 14:15:00+00:00,20.374,20.476,20.33,20.374,285810.0
2025-10-28 14:30:00+00:00,20.374,20.383,20.035,20.076,633305.0
2025-10-28 14:45:00+00:00,20.075,20.122,19.75,20.084,1204593.0
2025-10-28 15:00:00+00:00,20.084,20.169,20.07,20.146,244146.0
2025-10-28 15:15:00+00:00,20.146,20.146,19.99,19.997,280893.0
2025-10-28 15:30:00+00:00,19.996,20.021,19.913,19.921,318087.0
2025-10-28 15:45:00+00:00,19.921,20.044,19.911,19.987,185362.0
2025-10-28 16:00:00+00:00,19.987,20.051,19.963,19.987,171532.0
2025-10-28 16:15:00+00:00,19.987,20.017,19.899,19.991,231528.0
2025-10-28 16:30:00+00:00,19.99,20.137,19.986,20.034,377180.0
2025-10-28 16:45:00+00:00,20.034,20.171,20.034,20.105,241205.0
2025-10-28 17:00:00+00:00,20.105,20.137,20.065,20.116,127040.0
2025-10-28 17:15:00+00:00,20.116,20.152,20.079,20.092,83884.0
2025-10-28 17:30:00+00:00,20.093,20.14,20.033,20.102,157765.0
2025-10-28 17:45:00+00:00,20.103,20.116,20.066,20.085,80925.0
2025-10-28 18:00:00+00:00,20.086,20.099,20.004,20.082,125749.0
2025-10-28 18:15:00+00:00,20.082,20.089,19.952,19.979,115187.0
2025-10-28 18:30:00+00:00,19.979,20.009,19.904,19.919,138309.0
2025-10-28 18:45:00+00:00,19.919,19.976,19.902,19.969,117817.0
2025-10-28 19:00:00+00:00,19.97,20.007,19.937,19.948,117855.0
2025-10-28 19:15:00+00:00,19.948,19.949,19.736,19.745,473726.0
2025-10-28 19:30:00+00:00,19.746,19.822,19.663,19.742,395107.0
2025-10-28 19:45:00+00:00,19.741,19.745,19.55,19.627,554505.0
2025-10-28 20:00:00+00:00,19.624,19.625,19.41,19.472,744797.0
2025-10-28 20:15:00+00:00,19.472,19.538,19.233,19.29,988303.0
2025-10-28 20:30:00+00:00,19.289,19.475,19.211,19.397,560620.0
2025-10-28 20:45:00+00:00,19.396,19.433,19.297,19.335,277790.0
2025-10-28 21:00:00+00:00,19.334,19.372,19.112,19.307,588657.0
2025-10-28 21:15:00+00:00,19.306,19.338,19.199,19.283,364367.0
2025-10-28 21:30:00+00:00,19.284,19.452,19.248,19.44,275991.0
2025-10-28 21:45:00+00:00,19.441,19.479,19.38,19.392,114675.0
2025-10-28 22:00:00+00:00,19.392,19.417,19.332,19.342,174189.0
2025-10-28 22:15:00+00:00,19.341,19.477,19.328,19.476,151747.0
2025-10-28 22:30:00+00:00,19.475,19.518,19.467,19.498,137190.0
2025-10-28 22:45:00+00:00,19.498,19.563,19.486,19.532,112933.0
2025-10-28 23:00:00+00:00,19.532,19.538,19.472,19.499,87586.0
2025-10-28 23:15:00+00:00,19.499,19.524,19.448,19.474,69951.0
2025-10-28 23:30:00+00:00,19.473,19.53,19.461,19.49,72737.0
2025-10-28 23:45:00+00:00,19.489,19.513,19.461,19.461,61304.0
2025-10-29 00:00:00+00:00,19.46,19.494,19.423,19.481,112487.0
2025-10-29 00:15:00+00:00,19.481,19.525,19.47,19.513,79068.0
2025-10-29 00:30:00+00:00,19.513,19.533,19.393,19.393,129198.0
2025-10-29 00:45:00+00:00,19.394,19.41,19.364,19.386,85317.0
2025-10-29 01:00:00+00:00,19.385,19.415,19.358,19.389,99152.0
2025-10-29 01:15:00+00:00,19.39,19.42,19.37,19.381,60957.0
2025-10-29 01:30:00+00:00,19.381,19.526,19.367,19.437,123498.0
2025-10-29 01:45:00+00:00,19.438,19.446,19.384,19.426,53928.0
2025-10-29 02:00:00+00:00,19.425,19.436,19.404,19.424,46313.0
2025-10-29 02:15:00+00:00,19.423,19.481,19.414,19.461,71670.0
2025-10-29 02:30:00+00:00,19.462,19.493,19.435,19.493,47450.0
2025-10-29 02:45:00+00:00,19.493,19.539,19.487,19.503,70547.0
2025-10-29 03:00:00+00:00,19.504,19.512,19.404,19.44,107846.0
2025-10-29 03:15:00+00:00,19.44,19.476,19.412,19.444,64493.0
2025-10-29 03:30:00+00:00,19.444,19.502,19.439,19.473,98851.0
2025-10-29 03:45:00+00:00,19.473,19.488,19.442,19.446,38795.0
2025-10-29 04:00:00+00:00,19.446,19.493,19.435,19.471,59415.0
2025-10-29 04:15:00+00:00,19.472,19.491,19.453,19.477,53297.0
2025-10-29 04:30:00+00:00,19.478,19.529,19.473,19.48,58172.0
2025-10-29 04:45:00+00:00,19.481,19.507,19.478,19.479,33479.0
2025-10-29 05:00:00+00:00,19.479,19.53,19.463,19.498,62761.0
2025-10-29 05:15:00+00:00,19.499,19.574,19.499,19.54,88295.0
2025-10-29 05:30:00+00:00,19.54,19.613,19.525,19.562,85681.0
2025-10-29 05:45:00+00:00,19.563,19.583,19.52,19.522,64751.0
2025-10-29 06:00:00+00:00,19.522,19.565,19.508,19.526,53825.0
2025-10-29 06:15:00+00:00,19.527,19.542,19.503,19.507,35883.0
2025-10-29 06:30:00+00:00,19.506,19.525,19.482,19.486,43118.0
2025-10-29 06:45:00+00:00,19.485,19.55,19.482,19.527,58684.0
2025-10-29 07:00:00+00:00,19.527,19.527,19.496,19.524,43141.0
2025-10-29 07:15:00+00:00,19.523,19.596,19.51,19.584,88999.0
2025-10-29 07:30:00+00:00,19.583,19.586,19.509,19.518,81473.0
2025-10-29 07:45:00+00:00,19.518,19.625,19.498,19.591,70461.0
2025-10-29 08:00:00+00:00,19.592,19.603,19.508,19.509,87020.0
2025-10-29 08:15:00+00:00,19.508,19.554,19.508,19.549,76474.0
2025-10-29 08:30:00+00:00,19.548,19.553,19.458,19.489,84899.0
2025-10-29 08:45:00+00:00,19.488,19.517,19.476,19.493,79824.0
2025-10-29 09:00:00+00:00,19.492,19.498,19.432,19.443,81056.0
2025-10-29 09:15:00+00:00,19.443,19.486,19.434,19.447,102718.0
2025-10-29 09:30:00+00:00,19.448,19.51,19.424,19.5,136434.0
2025-10-29 09:45:00+00:00,19.5,19.531,19.472,19.474,87044.0
2025-10-29 10:00:00+00:00,19.475,19.524,19.461,19.494,58331.0
2025-10-29 10:15:00+00:00,19.495,19.668,19.484,19.659,148093.0
2025-10-29 10:30:00+00:00,19.66,19.739,19.618,19.674,178604.0
2025-10-29 10:45:00+00:00,19.674,19.689,19.588,19.62,105481.0
2025-10-29 11:00:00+00:00,19.621,19.707,19.59,19.68,113410.0
2025-10-29 11:15:00+00:00,19.681,19.732,19.666,19.718,75210.0
2025-10-29 11:30:00+00:00,19.718,19.752,19.688,19.714,80087.0
2025-10-29 11:45:00+00:00,19.715,19.754,19.712,19.72,61213.0
2025-10-29 12:00:00+00:00,19.721,19.741,19.699,19.711,76176.0
2025-10-29 12:15:00+00:00,19.712,19.744,19.647,19.658,138185.0
2025-10-29 12:30:00+00:00,19.658,19.693,19.649,19.672,58990.0
2025-10-29 12:45:00+00:00,19.672,19.714,19.651,19.688,64526.0
2025-10-29 13:00:00+00:00,19.688,19.758,19.666,19.753,98898.0
2025-10-29 13:15:00+00:00,19.753,19.798,19.732,19.783,122091.0
2025-10-29 13:30:00+00:00,19.784,19.849,19.676,19.754,281678.0
2025-10-29 13:45:00+00:00,19.754,19.768,19.637,19.66,272969.0
2025-10-29 14:00:00+00:00,19.66,19.675,19.546,19.627,320385.0
2025-10-29 14:15:00+00:00,19.627,19.64,19.491,19.512,193250.0
2025-10-29 14:30:00+00:00,19.513,19.61,19.485,19.568,189374.0
2025-10-29 14:45:00+00:00,19.568,19.626,19.512,19.577,97279.0
2025-10-29 15:00:00+00:00,19.576,19.622,19.551,19.559,161342.0
2025-10-29 15:15:00+00:00,19.559,19.63,19.516,19.553,188328.0
2025-10-29 15:30:00+00:00,19.555,19.589,19.413,19.435,285988.0
2025-10-29 15:45:00+00:00,19.436,19.484,19.336,19.425,306191.0
2025-10-29 16:00:00+00:00,19.426,19.428,19.311,19.406,227278.0
2025-10-29 16:15:00+00:00,19.405,19.573,19.385,19.534,204785.0
2025-10-29 16:30:00+00:00,19.535,19.55,19.481,19.52,124640.0
2025-10-29 16:45:00+00:00,19.52,19.545,19.495,19.518,56959.0
2025-10-29 17:00:00+00:00,19.518,19.595,19.506,19.581,137426.0
2025-10-29 17:15:00+00:00,19.581,19.597,19.525,19.584,70407.0
2025-10-29 17:30:00+00:00,19.584,19.87,19.573,19.862,333254.0
2025-10-29 17:45:00+00:00,19.862,20.05,19.843,20.045,344628.0
2025-10-29 18:00:00+00:00,20.044,20.059,19.82,19.883,737636.0
2025-10-29 18:15:00+00:00,19.884,20.108,19.865,19.969,285386.0
2025-10-29 18:30:00+00:00,19.969,20.19,19.3,19.536,3049301.0
2025-10-29 18:45:00+00:00,19.537,20.025,19.501,19.895,1048195.0
2025-10-29 19:00:00+00:00,19.895,20.152,19.867,20.103,587227.0
2025-10-29 19:15:00+00:00,20.103,20.156,19.934,19.967,463194.0
2025-10-29 19:30:00+00:00,19.967,19.978,19.733,19.791,441371.0
2025-10-29 19:45:00+00:00,19.791,19.99,19.788,19.942,266604.0
2025-10-29 20:00:00+00:00,19.943,20.037,19.824,19.946,546843.0
2025-10-29 20:15:00+00:00,19.945,20.122,19.904,20.119,229249.0
2025-10-29 20:30:00+00:00,20.119,20.154,20.059,20.115,186393.0
2025-10-29 20:45:00+00:00,20.115,20.128,20.054,20.072,234764.0
2025-10-29 21:00:00+00:00,20.071,20.088,19.982,19.987,199452.0
2025-10-29 21:15:00+00:00,19.986,20.032,19.981,19.996,118990.0
2025-10-29 21:30:00+00:00,19.996,20.12,19.996,20.048,111398.0
2025-10-29 21:45:00+00:00,20.048,20.098,20.014,20.031,58119.0
2025-10-29 22:00:00+00:00,20.03,20.034,19.916,19.965,128618.0
2025-10-29 22:15:00+00:00,19.965,20.044,19.946,20.002,69405.0
2025-10-29 22:30:00+00:00,20.001,20.001,19.933,19.949,88910.0
2025-10-29 22:45:00+00:00,19.949,19.997,19.945,19.966,45342.0
2025-10-29 23:00:00+00:00,19.966,19.973,19.805,19.805,173853.0
2025-10-29 23:15:00+00:00,19.805,19.86,19.763,19.778,170086.0
2025-10-29 23:30:00+00:00,19.778,19.778,19.545,19.616,310728.0
2025-10-29 23:45:00+00:00,19.615,19.674,19.604,19.652,130974.0
2025-10-30 00:00:00+00:00,19.653,19.704,19.5,19.647,257016.0
2025-10-30 00:15:00+00:00,19.647,19.705,19.603,19.628,177372.0
2025-10-30 00:30:00+00:00,19.628,19.67,19.543,19.639,151879.0
2025-10-30 00:45:00+00:00,19.639,19.75,19.589,19.724,123224.0
2025-10-30 01:00:00+00:00,19.724,19.739,19.599,19.682,168095.0
2025-10-30 01:15:00+00:00,19.682,19.727,19.654,19.664,68740.0
2025-10-30 01:30:00+00:00,19.664,19.753,19.661,19.722,74264.0
2025-10-30 01:45:00+00:00,19.723,19.83,19.715,19.748,120457.0
2025-10-30 02:00:00+00:00,19.748,19.783,19.691,19.78,98350.0
2025-10-30 02:15:00+00:00,19.781,19.915,19.781,19.883,131522.0
2025-10-30 02:30:00+00:00,19.883,19.947,19.877,19.934,82201.0
2025-10-30 02:45:00+00:00,19.934,19.952,19.904,19.952,54423.0
2025-10-30 03:00:00+00:00,19.952,19.957,19.888,19.925,104619.0
2025-10-30 03:15:00+00:00,19.925,19.959,19.874,19.903,93055.0
2025-10-30 03:30:00+00:00,19.902,19.936,19.831,19.837,113510.0
2025-10-30 03:45:00+00:00,19.837,19.843,19.757,19.825,116833.0
2025-10-30 04:00:00+00:00,19.824,19.829,19.45,19.47,328682.0
2025-10-30 04:15:00+00:00,19.469,19.505,19.042,19.192,905447.0
2025-10-30 04:30:00+00:00,19.191,19.527,19.051,19.312,914347.0
2025-10-30 04:45:00+00:00,19.312,19.42,19.278,19.289,200672.0
2025-10-30 05:00:00+00:00,19.288,19.313,19.206,19.309,233837.0
2025-10-30 05:15:00+00:00,19.31,19.31,19.183,19.276,191706.0
2025-10-30 05:30:00+00:00,19.276,19.553,19.236,19.53,261458.0
2025-10-30 05:45:00+00:00,19.531,19.701,19.511,19.644,254156.0
2025-10-30 06:00:00+00:00,19.643,19.695,19.562,19.582,183572.0
2025-10-30 06:15:00+00:00,19.583,19.586,19.509,19.534,105232.0
2025-10-30 06:30:00+00:00,19.533,19.739,19.522,19.705,156230.0
2025-10-30 06:45:00+00:00,19.705,19.742,19.657,19.657,112926.0
2025-10-30 07:00:00+00:00,19.657,19.821,19.594,19.791,219290.0
2025-10-30 07:15:00+00:00,19.79,19.879,19.784,19.824,159065.0
2025-10-30 07:30:00+00:00,19.823,19.856,19.803,19.831,73487.0
2025-10-30 07:45:00+00:00,19.83,19.852,19.791,19.827,84923.0
2025-10-30 08:00:00+00:00,19.828,19.887,19.693,19.696,273752.0
2025-10-30 08:15:00+00:00,19.696,19.753,19.655,19.673,150803.0
2025-10-30 08:30:00+00:00,19.673,19.757,19.652,19.729,83755.0
2025-10-30 08:45:00+00:00,19.728,19.732,19.618,19.628,113912.0
2025-10-30 09:00:00+00:00,19.627,19.639,19.494,19.5,174439.0
2025-10-30 09:15:00+00:00,19.501,19.521,19.41,19.485,160875.0
2025-10-30 09:30:00+00:00,19.485,19.531,19.4,19.429,165951.0
2025-10-30 09:45:00+00:00,19.429,19.485,19.404,19.422,93429.0
2025-10-30 10:00:00+00:00,19.422,19.481,19.358,19.397,172410.0
2025-10-30 10:15:00+00:00,19.397,19.479,19.387,19.399,121297.0
2025-10-30 10:30:00+00:00,19.4,19.439,19.272,19.275,110821.0
2025-10-30 10:45:00+00:00,19.276,19.336,19.224,19.252,224786.0
2025-10-30 11:00:00+00:00,19.253,19.306,19.193,19.253,188421.0
2025-10-30 11:15:00+00:00,19.253,19.314,19.197,19.285,162135.0
2025-10-30 11:30:00+00:00,19.285,19.335,19.228,19.267,129333.0
2025-10-30 11:45:00+00:00,19.267,19.315,19.186,19.223,163473.0
2025-10-30 12:00:00+00:00,19.223,19.239,19.139,19.157,197127.0
2025-10-30 12:15:00+00:00,19.156,19.158,18.885,18.929,665642.0
2025-10-30 12:30:00+00:00,18.93,19.028,18.683,18.684,841577.0
2025-10-30 12:45:00+00:00,18.686,18.78,18.654,18.756,636502.0
2025-10-30 13:00:00+00:00,18.756,18.833,18.67,18.726,354284.0
2025-10-30 13:15:00+00:00,18.726,18.773,18.641,18.725,275760.0
2025-10-30 13:30:00+00:00,18.726,18.747,18.393,18.514,971062.0
2025-10-30 13:45:00+00:00,18.514,18.656,18.455,18.47,392656.0
2025-10-30 14:00:00+00:00,18.47,18.615,18.434,18.518,309801.0
2025-10-30 14:15:00+00:00,18.518,18.527,18.341,18.375,310981.0
2025-10-30 14:30:00+00:00,18.375,18.522,18.333,18.491,342477.0
2025-10-30 14:45:00+00:00,18.491,18.5,18.384,18.437,214116.0
2025-10-30 15:00:00+00:00,18.437,18.489,18.247,18.368,378969.0
2025-10-30 15:15:00+00:00,18.367,18.392,18.214,18.312,324278.0
2025-10-30 15:30:00+00:00,18.313,18.333,18.168,18.229,339065.0
2025-10-30 15:45:00+00:00,18.23,18.269,18.131,18.215,240153.0
2025-10-30 16:00:00+00:00,18.215,18.31,18.112,18.272,457637.0
2025-10-30 16:15:00+00:00,18.271,18.317,18.167,18.297,212083.0
2025-10-30 16:30:00+00:00,18.296,18.302,18.147,18.165,201459.0
2025-10-30 16:45:00+00:00,18.166,18.232,18.156,18.225,111583.0
2025-10-30 17:00:00+00:00,18.225,18.225,17.991,18.04,412859.0
2025-10-30 17:15:00+00:00,18.041,18.066,17.944,18.005,438649.0
2025-10-30 17:30:00+00:00,18.004,18.005,17.831,17.986,525972.0
2025-10-30 17:45:00+00:00,17.985,18.151,17.985,18.112,278586.0
2025-10-30 18:00:00+00:00,18.111,18.117,18.022,18.022,144275.0
2025-10-30 18:15:00+00:00,18.021,18.073,17.933,17.954,155820.0
2025-10-30 18:30:00+00:00,17.954,18.012,17.82,17.842,250076.0
2025-10-30 18:45:00+00:00,17.841,17.941,17.83,17.89,155311.0
2025-10-30 19:00:00+00:00,17.889,17.93,17.77,17.863,291563.0
2025-10-30 19:15:00+00:00,17.862,17.894,17.785,17.811,193115.0
2025-10-30 19:30:00+00:00,17.81,17.882,17.676,17.731,333325.0
2025-10-30 19:45:00+00:00,17.731,17.736,17.516,17.579,1183973.0
2025-10-30 20:00:00+00:00,17.578,17.846,17.528,17.761,529159.0
2025-10-30 20:15:00+00:00,17.76,17.838,17.74,17.792,215187.0
2025-10-30 20:30:00+00:00,17.792,17.883,17.648,17.773,496568.0
2025-10-30 20:45:00+00:00,17.773,17.933,17.753,17.931,240688.0
2025-10-30 21:00:00+00:00,17.931,17.985,17.865,17.905,229082.0
2025-10-30 21:15:00+00:00,17.904,17.925,17.848,17.883,142222.0
2025-10-30 21:30:00+00:00,17.884,17.938,17.811,17.92,96200.0
2025-10-30 21:45:00+00:00,17.92,18.015,17.909,17.988,118792.0
2025-10-30 22:00:00+00:00,17.989,18.004,17.949,17.977,110452.0
2025-10-30 22:15:00+00:00,17.977,18.029,17.964,17.978,82244.0
2025-10-30 22:30:00+00:00,17.978,18.022,17.953,18.013,86676.0
2025-10-30 22:45:00+00:00,18.014,18.086,17.978,18.085,98207.0
2025-10-30 23:00:00+00:00,18.086,18.097,17.962,17.982,199845.0
2025-10-30 23:15:00+00:00,17.983,18.038,17.969,18.028,157637.0
2025-10-30 23:30:00+00:00,18.029,18.134,18.01,18.017,243939.0
2025-10-30 23:45:00+00:00,18.018,18.131,18.013,18.103,122638.0
2025-10-31 00:00:00+00:00,18.104,18.142,18.067,18.123,164226.0
2025-10-31 00:15:00+00:00,18.123,18.128,18.042,18.086,146495.0
2025-10-31 00:30:00+00:00,18.085,18.195,18.081,18.195,89251.0
2025-10-31 00:45:00+00:00,18.194,18.301,18.155,18.241,218409.0
2025-10-31 01:00:00+00:00,18.242,18.362,18.193,18.334,212075.0
2025-10-31 01:15:00+00:00,18.335,18.365,18.302,18.336,156894.0
2025-10-31 01:30:00+00:00,18.336,18.353,18.281,18.333,121849.0
2025-10-31 01:45:00+00:00,18.333,18.393,18.312,18.376,68702.0
2025-10-31 02:00:00+00:00,18.376,18.38,18.175,18.195,138686.0
2025-10-31 02:15:00+00:00,18.196,18.295,18.181,18.29,106296.0
2025-10-31 02:30:00+00:00,18.29,18.3,18.13,18.148,115057.0
2025-10-31 02:45:00+00:00,18.148,18.23,18.103,18.208,128354.0
2025-10-31 03:00:00+00:00,18.208,18.28,18.139,18.251,114663.0
2025-10-31 03:15:00+00:00,18.252,18.298,18.236,18.262,80916.0
2025-10-31 03:30:00+00:00,18.261,18.299,18.185,18.209,124804.0
2025-10-31 03:45:00+00:00,18.209,18.286,18.204,18.255,112025.0
2025-10-31 04:00:00+00:00,18.255,18.423,18.241,18.385,224037.0
2025-10-31 04:15:00+00:00,18.385,18.44,18.329,18.386,211196.0
2025-10-31 04:30:00+00:00,18.387,18.466,18.369,18.446,141086.0
2025-10-31 04:45:00+00:00,18.446,18.453,18.396,18.422,106780.0
2025-10-31 05:00:00+00:00,18.421,18.424,18.354,18.393,116382.0
2025-10-31 05:15:00+00:00,18.392,18.4,18.319,18.351,101438.0
2025-10-31 05:30:00+00:00,18.35,18.372,18.307,18.318,75458.0
2025-10-31 05:45:00+00:00,18.318,18.359,18.308,18.333,69540.0
2025-10-31 06:00:00+00:00,18.334,18.369,18.276,18.298,119185.0
2025-10-31 06:15:00+00:00,18.297,18.372,18.29,18.362,107816.0
2025-10-31 06:30:00+00:00,18.362,18.386,18.345,18.358,101640.0
2025-10-31 06:45:00+00:00,18.357,18.402,18.351,18.391,98011.0
2025-10-31 07:00:00+00:00,18.392,18.455,18.348,18.44,137429.0
2025-10-31 07:15:00+00:00,18.439,18.439,18.33,18.358,127862.0
2025-10-31 07:30:00+00:00,18.358,18.381,18.258,18.266,144826.0
2025-10-31 07:45:00+00:00,18.267,18.277,18.213,18.244,151386.0
2025-10-31 08:00:00+00:00,18.244,18.311,18.191,18.208,175491.0
2025-10-31 08:15:00+00:00,18.208,18.332,18.199,18.322,115648.0
2025-10-31 08:30:00+00:00,18.321,18.33,18.266,18.288,84719.0
2025-10-31 08:45:00+00:00,18.288,18.345,18.286,18.32,60948.0
2025-10-31 09:00:00+00:00,18.32,18.35,18.258,18.281,107014.0
2025-10-31 09:15:00+00:00,18.281,18.307,18.206,18.213,78088.0
2025-10-31 09:30:00+00:00,18.213,18.245,18.207,18.228,73912.0
2025-10-31 09:45:00+00:00,18.228,18.248,18.209,18.223,90243.0
2025-10-31 10:00:00+00:00,18.223,18.265,18.203,18.218,66665.0
2025-10-31 10:15:00+00:00,18.218,18.276,18.216,18.249,65326.0
2025-10-31 10:30:00+00:00,18.249,18.295,18.216,18.292,97839.0
2025-10-31 10:45:00+00:00,18.292,18.294,18.24,18.252,110061.0
2025-10-31 11:00:00+00:00,18.253,18.274,18.219,18.219,86750.0
2025-10-31 11:15:00+00:00,18.219,18.274,18.197,18.255,81484.0
2025-10-31 11:30:00+00:00,18.255,18.309,18.228,18.309,77929.0
2025-10-31 11:45:00+00:00,18.309,18.519,18.308,18.489,376868.0
2025-10-31 12:00:00+00:00,18.488,18.534,18.427,18.467,224028.0
2025-10-31 12:15:00+00:00,18.466,18.568,18.457,18.507,210329.0
2025-10-31 12:30:00+00:00,18.507,18.557,18.39,18.431,217674.0
2025-10-31 12:45:00+00:00,18.431,18.436,18.338,18.345,167067.0
2025-10-31 13:00:00+00:00,18.344,18.439,18.34,18.421,93122.0
2025-10-31 13:15:00+00:00,18.422,18.489,18.378,18.404,172785.0
2025-10-31 13:30:00+00:00,18.404,18.404,18.277,18.302,279073.0
2025-10-31 13:45:00+00:00,18.302,18.455,18.287,18.432,169774.0
2025-10-31 14:00:00+00:00,18.433,18.475,18.336,18.338,229200.0
2025-10-31 14:15:00+00:00,18.338,18.372,18.246,18.322,167570.0
2025-10-31 14:30:00+00:00,18.321,18.368,18.271,18.343,279499.0
2025-10-31 14:45:00+00:00,18.343,18.507,18.323,18.476,247705.0
2025-10-31 15:00:00+00:00,18.475,18.501,18.408,18.487,264102.0
2025-10-31 15:15:00+00:00,18.487,18.52,18.391,18.43,208661.0
2025-10-31 15:30:00+00:00,18.429,18.438,18.338,18.402,145550.0
2025-10-31 15:45:00+00:00,18.401,18.463,18.249,18.266,326939.0
2025-10-31 16:00:00+00:00,18.266,18.289,18.206,18.226,202539.0
2025-10-31 16:15:00+00:00,18.225,18.225,18.07,18.162,390551.0
2025-10-31 16:30:00+00:00,18.162,18.188,18.059,18.073,177035.0
2025-10-31 16:45:00+00:00,18.073,18.075,17.892,17.914,528646.0
2025-10-31 17:00:00+00:00,17.914,17.977,17.856,17.912,301288.0
2025-10-31 17:15:00+00:00,17.911,17.927,17.776,17.828,331353.0
2025-10-31 17:30:00+00:00,17.828,17.919,17.809,17.878,260735.0
2025-10-31 17:45:00+00:00,17.879,17.931,17.849,17.866,178091.0
2025-10-31 18:00:00+00:00,17.866,18.043,17.865,17.985,220096.0
2025-10-31 18:15:00+00:00,17.986,18.003,17.924,17.964,129278.0
2025-10-31 18:30:00+00:00,17.965,18.085,17.816,18.057,362631.0
2025-10-31 18:45:00+00:00,18.056,18.056,17.915,17.982,139326.0
2025-10-31 19:00:00+00:00,17.982,17.982,17.875,17.956,107275.0
2025-10-31 19:15:00+00:00,17.956,18.108,17.945,18.081,168560.0
2025-10-31 19:30:00+00:00,18.08,18.298,18.079,18.295,295626.0
2025-10-31 19:45:00+00:00,18.295,18.37,18.236,18.264,417223.0
2025-10-31 20:00:00+00:00,18.263,18.27,18.2,18.239,183395.0
2025-10-31 20:15:00+00:00,18.238,18.256,18.206,18.233,73694.0
2025-10-31 20:30:00+00:00,18.234,18.248,18.139,18.154,120775.0
2025-10-31 20:45:00+00:00,18.155,18.207,18.061,18.093,148150.0
2025-10-31 21:00:00+00:00,18.092,18.119,18.038,18.045,101859.0
2025-10-31 21:15:00+00:00,18.045,18.11,18.044,18.098,74870.0
2025-10-31 21:30:00+00:00,18.098,18.167,18.054,18.089,94415.0
2025-10-31 21:45:00+00:00,18.089,18.128,18.083,18.126,35179.0
2025-10-31 22:00:00+00:00,18.127,18.226,18.103,18.195,98370.0
2025-10-31 22:15:00+00:00,18.195,18.241,18.153,18.177,80430.0
2025-10-31 22:30:00+00:00,18.177,18.209,18.158,18.158,55173.0
2025-10-31 22:45:00+00:00,18.158,18.212,18.156,18.184,31862.0
2025-10-31 23:00:00+00:00,18.184,18.209,18.174,18.176,39876.0
2025-10-31 23:15:00+00:00,18.176,18.212,18.169,18.208,26535.0
2025-10-31 23:30:00+00:00,18.208,18.228,18.184,18.223,36925.0
2025-10-31 23:45:00+00:00,18.223,18.227,18.178,18.184,44369.0
2025-11-01 00:00:00+00:00,18.184,18.199,18.084,18.123,137941.0
2025-11-01 00:15:00+00:00,18.122,18.146,18.087,18.121,63299.0
2025-11-01 00:30:00+00:00,18.121,18.127,18.075,18.126,50597.0
2025-11-01 00:45:00+00:00,18.126,18.19,18.124,18.168,68621.0
2025-11-01 01:00:00+00:00,18.169,18.244,18.168,18.206,73343.0
2025-11-01 01:15:00+00:00,18.206,18.253,18.194,18.241,54596.0
2025-11-01 01:30:00+00:00,18.241,18.296,18.234,18.271,89195.0
2025-11-01 01:45:00+00:00,18.271,18.271,18.227,18.23,48388.0
2025-11-01 02:00:00+00:00,18.23,18.248,18.16,18.181,88994.0
2025-11-01 02:15:00+00:00,18.181,18.28,18.18,18.273,61812.0
2025-11-01 02:30:00+00:00,18.273,18.292,18.229,18.287,63546.0
2025-11-01 02:45:00+00:00,18.286,18.334,18.277,18.324,71321.0
2025-11-01 03:00:00+00:00,18.324,18.4,18.324,18.333,111516.0
2025-11-01 03:15:00+00:00,18.332,18.403,18.332,18.364,131416.0
2025-11-01 03:30:00+00:00,18.364,18.44,18.362,18.402,82592.0
2025-11-01 03:45:00+00:00,18.402,18.419,18.38,18.407,52895.0
2025-11-01 04:00:00+00:00,18.406,18.453,18.359,18.369,111046.0
2025-11-01 04:15:00+00:00,18.369,18.423,18.341,18.41,86678.0
2025-11-01 04:30:00+00:00,18.409,18.431,18.382,18.415,93175.0
2025-11-01 04:45:00+00:00,18.415,18.431,18.39,18.403,46815.0
2025-11-01 05:00:00+00:00,18.403,18.441,18.368,18.381,90235.0
2025-11-01 05:15:00+00:00,18.381,18.395,18.359,18.378,52699.0
2025-11-01 05:30:00+00:00,18.378,18.383,18.342,18.361,40118.0
2025-11-01 05:45:00+00:00,18.361,18.364,18.311,18.323,63173.0
2025-11-01 06:00:00+00:00,18.322,18.371,18.321,18.343,49845.0
2025-11-01 06:15:00+00:00,18.343,18.378,18.338,18.359,57255.0
2025-11-01 06:30:00+00:00,18.359,18.375,18.288,18.303,72264.0
2025-11-01 06:45:00+00:00,18.303,18.353,18.28,18.347,52798.0
2025-11-01 07:00:00+00:00,18.347,18.393,18.317,18.37,79575.0
2025-11-01 07:15:00+00:00,18.37,18.509,18.366,18.481,147720.0
2025-11-01 07:30:00+00:00,18.481,18.499,18.401,18.423,97922.0
2025-11-01 07:45:00+00:00,18.423,18.516,18.388,18.497,100679.0
2025-11-01 08:00:00+00:00,18.496,18.549,18.459,18.486,115527.0
2025-11-01 08:15:00+00:00,18.486,18.521,18.444,18.474,133442.0
2025-11-01 08:30:00+00:00,18.473,18.496,18.45,18.458,67823.0
2025-11-01 08:45:00+00:00,18.458,18.55,18.458,18.539,83514.0
2025-11-01 09:00:00+00:00,18.538,18.649,18.499,18.593,246313.0
2025-11-01 09:15:00+00:00,18.593,18.609,18.547,18.57,83688.0
2025-11-01 09:30:00+00:00,18.57,18.576,18.499,18.503,101083.0
2025-11-01 09:45:00+00:00,18.504,18.582,18.504,18.555,78679.0
2025-11-01 10:00:00+00:00,18.555,18.609,18.508,18.533,96162.0
2025-11-01 10:15:00+00:00,18.532,18.596,18.507,18.578,95395.0
2025-11-01 10:30:00+00:00,18.577,18.661,18.574,18.654,83823.0
2025-11-01 10:45:00+00:00,18.654,18.683,18.612,18.629,100924.0
2025-11-01 11:00:00+00:00,18.629,18.702,18.629,18.66,137640.0
2025-11-01 11:15:00+00:00,18.659,18.677,18.617,18.62,77302.0
2025-11-01 11:30:00+00:00,18.619,18.654,18.572,18.634,75795.0
2025-11-01 11:45:00+00:00,18.634,18.66,18.621,18.66,44312.0
2025-11-01 12:00:00+00:00,18.659,18.705,18.653,18.653,77504.0
2025-11-01 12:15:00+00:00,18.653,18.684,18.627,18.662,43515.0
2025-11-01 12:30:00+00:00,18.661,18.699,18.649,18.692,49064.0
2025-11-01 12:45:00+00:00,18.692,18.695,18.654,18.678,69158.0
2025-11-01 13:00:00+00:00,18.678,18.73,18.658,18.719,94788.0
2025-11-01 13:15:00+00:00,18.719,18.733,18.654,18.68,65202.0
2025-11-01 13:30:00+00:00,18.68,18.718,18.511,18.55,208885.0
2025-11-01 13:45:00+00:00,18.55,18.619,18.53,18.587,137009.0
2025-11-01 14:00:00+00:00,18.586,18.623,18.433,18.439,225583.0
2025-11-01 14:15:00+00:00,18.439,18.484,18.405,18.469,157460.0
2025-11-01 14:30:00+00:00,18.469,18.531,18.44,18.508,107692.0
2025-11-01 14:45:00+00:00,18.508,18.53,18.44,18.482,79358.0
2025-11-01 15:00:00+00:00,18.482,18.644,18.476,18.604,189571.0
2025-11-01 15:15:00+00:00,18.604,18.633,18.493,18.537,138876.0
2025-11-01 15:30:00+00:00,18.536,18.603,18.523,18.57,97486.0
2025-11-01 15:45:00+00:00,18.57,18.64,18.543,18.625,96941.0
2025-11-01 16:00:00+00:00,18.625,18.692,18.598,18.598,164161.0
2025-11-01 16:15:00+00:00,18.599,18.66,18.584,18.601,155106.0
2025-11-01 16:30:00+00:00,18.602,18.7,18.602,18.689,146646.0
2025-11-01 16:45:00+00:00,18.688,18.73,18.65,18.663,146137.0
2025-11-01 17:00:00+00:00,18.664,18.681,18.603,18.637,128636.0
2025-11-01 17:15:00+00:00,18.636,18.645,18.592,18.606,90746.0
2025-11-01 17:30:00+00:00,18.607,18.634,18.57,18.575,81684.0
2025-11-01 17:45:00+00:00,18.575,18.607,18.55,18.564,76792.0
2025-11-01 18:00:00+00:00,18.564,18.612,18.552,18.579,88639.0
2025-11-01 18:15:00+00:00,18.579,18.605,18.558,18.58,50631.0
2025-11-01 18:30:00+00:00,18.58,18.608,18.572,18.603,42045.0
2025-11-01 18:45:00+00:00,18.603,18.647,18.596,18.637,62821.0
2025-11-01 19:00:00+00:00,18.637,18.64,18.601,18.624,57203.0
2025-11-01 19:15:00+00:00,18.625,18.64,18.581,18.599,51668.0
2025-11-01 19:30:00+00:00,18.599,18.615,18.586,18.599,33275.0
2025-11-01 19:45:00+00:00,18.599,18.642,18.589,18.636,34241.0
2025-11-01 20:00:00+00:00,18.636,18.675,18.635,18.647,77263.0
2025-11-01 20:15:00+00:00,18.647,18.701,18.633,18.7,50410.0
2025-11-01 20:30:00+00:00,18.7,18.724,18.692,18.694,72439.0
2025-11-01 20:45:00+00:00,18.695,18.709,18.652,18.673,52883.0
2025-11-01 21:00:00+00:00,18.672,18.692,18.622,18.624,54829.0
2025-11-01 21:15:00+00:00,18.624,18.68,18.624,18.673,36835.0
2025-11-01 21:30:00+00:00,18.674,18.687,18.607,18.61,47641.0
2025-11-01 21:45:00+00:00,18.61,18.613,18.502,18.504,81362.0
2025-11-01 22:00:00+00:00,18.504,18.577,18.49,18.529,100823.0
2025-11-01 22:15:00+00:00,18.53,18.582,18.523,18.565,38357.0
2025-11-01 22:30:00+00:00,18.565,18.596,18.554,18.586,44337.0
2025-11-01 22:45:00+00:00,18.586,18.605,18.561,18.6,42857.0
2025-11-01 23:00:00+00:00,18.6,18.608,18.562,18.588,54320.0
2025-11-01 23:15:00+00:00,18.589,18.624,18.569,18.614,47734.0
2025-11-01 23:30:00+00:00,18.615,18.65,18.611,18.643,46671.0
2025-11-01 23:45:00+00:00,18.642,18.727,18.639,18.711,63896.0
2025-11-02 00:00:00+00:00,18.712,18.73,18.676,18.715,119221.0
2025-11-02 00:15:00+00:00,18.715,18.715,18.631,18.647,97221.0
2025-11-02 00:30:00+00:00,18.646,18.691,18.641,18.677,49855.0
2025-11-02 00:45:00+00:00,18.677,18.693,18.653,18.676,30485.0
2025-11-02 01:00:00+00:00,18.676,18.703,18.644,18.675,80076.0
2025-11-02 01:15:00+00:00,18.675,18.719,18.66,18.694,53597.0
2025-11-02 01:30:00+00:00,18.695,18.698,18.651,18.681,47012.0
2025-11-02 01:45:00+00:00,18.682,18.691,18.624,18.667,66864.0
2025-11-02 02:00:00+00:00,18.667,18.76,18.637,18.749,85516.0
2025-11-02 02:15:00+00:00,18.749,18.749,18.667,18.729,43689.0
2025-11-02 02:30:00+00:00,18.729,18.8,18.718,18.723,128351.0
2025-11-02 02:45:00+00:00,18.723,18.737,18.697,18.707,48770.0
2025-11-02 03:00:00+00:00,18.708,18.734,18.671,18.71,59766.0
2025-11-02 03:15:00+00:00,18.711,18.715,18.68,18.685,34519.0
2025-11-02 03:30:00+00:00,18.685,18.72,18.657,18.685,50922.0
2025-11-02 03:45:00+00:00,18.685,18.698,18.613,18.676,59619.0
2025-11-02 04:00:00+00:00,18.676,18.725,18.652,18.693,95865.0
2025-11-02 04:15:00+00:00,18.694,18.755,18.681,18.748,60283.0
2025-11-02 04:30:00+00:00,18.747,18.822,18.714,18.813,96076.0
2025-11-02 04:45:00+00:00,18.812,18.903,18.792,18.886,181386.0
2025-11-02 05:00:00+00:00,18.886,18.911,18.833,18.856,144218.0
2025-11-02 05:15:00+00:00,18.855,18.88,18.791,18.807,96536.0
2025-11-02 05:30:00+00:00,18.807,18.816,18.745,18.803,88120.0
2025-11-02 05:45:00+00:00,18.804,18.878,18.777,18.875,96022.0
2025-11-02 06:00:00+00:00,18.874,18.877,18.806,18.852,68170.0
2025-11-02 06:15:00+00:00,18.852,18.869,18.816,18.855,48278.0
2025-11-02 06:30:00+00:00,18.855,18.856,18.815,18.847,44803.0
2025-11-02 06:45:00+00:00,18.847,18.978,18.847,18.937,150659.0
2025-11-02 07:00:00+00:00,18.937,18.952,18.873,18.88,93817.0
2025-11-02 07:15:00+00:00,18.88,18.904,18.844,18.871,65002.0
2025-11-02 07:30:00+00:00,18.871,18.922,18.864,18.906,54357.0
2025-11-02 07:45:00+00:00,18.906,19.0,18.894,18.949,149406.0
2025-11-02 08:00:00+00:00,18.95,18.979,18.907,18.936,108709.0
2025-11-02 08:15:00+00:00,18.936,18.947,18.877,18.884,57547.0
2025-11-02 08:30:00+00:00,18.883,18.897,18.842,18.846,69441.0
2025-11-02 08:45:00+00:00,18.847,18.849,18.81,18.837,74090.0
2025-11-02 09:00:00+00:00,18.836,18.892,18.836,18.883,65281.0
2025-11-02 09:15:00+00:00,18.882,18.945,18.866,18.914,59913.0
2025-11-02 09:30:00+00:00,18.914,18.914,18.761,18.792,158049.0
2025-11-02 09:45:00+00:00,18.792,18.792,18.739,18.754,102966.0
2025-11-02 10:00:00+00:00,18.755,18.788,18.703,18.772,125772.0
2025-11-02 10:15:00+00:00,18.772,18.782,18.651,18.659,103436.0
2025-11-02 10:30:00+00:00,18.66,18.66,18.575,18.622,232328.0
2025-11-02 10:45:00+00:00,18.623,18.666,18.617,18.662,84738.0
2025-11-02 11:00:00+00:00,18.662,18.736,18.649,18.698,126158.0
2025-11-02 11:15:00+00:00,18.699,18.764,18.691,18.753,82262.0
2025-11-02 11:30:00+00:00,18.754,18.787,18.708,18.772,153309.0
2025-11-02 11:45:00+00:00,18.773,18.83,18.767,18.82,84304.0
2025-11-02 12:00:00+00:00,18.82,18.828,18.779,18.794,82305.0
2025-11-02 12:15:00+00:00,18.795,18.837,18.762,18.78,71201.0
2025-11-02 12:30:00+00:00,18.78,18.808,18.71,18.722,84176.0
2025-11-02 12:45:00+00:00,18.721,18.769,18.706,18.731,67673.0
2025-11-02 13:00:00+00:00,18.731,18.745,18.657,18.661,116463.0
2025-11-02 13:15:00+00:00,18.661,18.661,18.489,18.536,245831.0
2025-11-02 13:30:00+00:00,18.536,18.563,18.502,18.543,116148.0
2025-11-02 13:45:00+00:00,18.542,18.543,18.48,18.527,99196.0
2025-11-02 14:00:00+00:00,18.526,18.559,18.45,18.469,144562.0
2025-11-02 14:15:00+00:00,18.469,18.486,18.303,18.334,327496.0
2025-11-02 14:30:00+00:00,18.335,18.4,18.287,18.294,173652.0
2025-11-02 14:45:00+00:00,18.294,18.311,18.19,18.266,313525.0
2025-11-02 15:00:00+00:00,18.265,18.287,18.181,18.262,163666.0
2025-11-02 15:15:00+00:00,18.263,18.367,18.253,18.366,163270.0
2025-11-02 15:30:00+00:00,18.366,18.383,18.277,18.308,149103.0
2025-11-02 15:45:00+00:00,18.308,18.347,18.263,18.264,91036.0
2025-11-02 16:00:00+00:00,18.263,18.302,18.137,18.155,302312.0
2025-11-02 16:15:00+00:00,18.156,18.235,18.079,18.226,335587.0
2025-11-02 16:30:00+00:00,18.226,18.26,18.186,18.255,125109.0
2025-11-02 16:45:00+00:00,18.256,18.307,18.213,18.301,118612.0
2025-11-02 17:00:00+00:00,18.301,18.301,18.251,18.26,84502.0
2025-11-02 17:15:00+00:00,18.26,18.276,18.23,18.236,89427.0
2025-11-02 17:30:00+00:00,18.237,18.239,18.187,18.217,73926.0
2025-11-02 17:45:00+00:00,18.217,18.265,18.187,18.264,63188.0
2025-11-02 18:00:00+00:00,18.264,18.277,18.21,18.212,54576.0
2025-11-02 18:15:00+00:00,18.212,18.232,18.177,18.222,61131.0
2025-11-02 18:30:00+00:00,18.222,18.262,18.211,18.256,56997.0
2025-11-02 18:45:00+00:00,18.256,18.265,18.211,18.218,54187.0
2025-11-02 19:00:00+00:00,18.218,18.235,18.162,18.199,86551.0
2025-11-02 19:15:00+00:00,18.199,18.2,18.093,18.096,131667.0
2025-11-02 19:30:00+00:00,18.095,18.153,18.088,18.118,110888.0
2025-11-02 19:45:00+00:00,18.118,18.155,18.117,18.147,96477.0
2025-11-02 20:00:00+00:00,18.147,18.157,18.085,18.089,112577.0
2025-11-02 20:15:00+00:00,18.088,18.139,18.087,18.122,69137.0
2025-11-02 20:30:00+00:00,18.121,18.213,18.118,18.196,68901.0
2025-11-02 20:45:00+00:00,18.196,18.255,18.192,18.248,74498.0
2025-11-02 21:00:00+00:00,18.247,18.312,18.247,18.249,108910.0
2025-11-02 21:15:00+00:00,18.25,18.285,18.214,18.267,72615.0
2025-11-02 21:30:00+00:00,18.268,18.295,18.249,18.28,48743.0
2025-11-02 21:45:00+00:00,18.279,18.331,18.279,18.282,65870.0
2025-11-02 22:00:00+00:00,18.283,18.312,18.261,18.275,63704.0
2025-11-02 22:15:00+00:00,18.276,18.362,18.276,18.341,51098.0
2025-11-02 22:30:00+00:00,18.341,18.346,18.223,18.299,108936.0
2025-11-02 22:45:00+00:00,18.3,18.34,18.272,18.336,37146.0
2025-11-02 23:00:00+00:00,18.337,18.582,18.337,18.581,241513.0
2025-11-02 23:15:00+00:00,18.582,18.605,18.534,18.582,206867.0
2025-11-02 23:30:00+00:00,18.583,18.818,18.578,18.772,391214.0
2025-11-02 23:45:00+00:00,18.773,18.902,18.755,18.801,263684.0
2025-11-03 00:00:00+00:00,18.802,18.907,18.784,18.864,266062.0
2025-11-03 00:15:00+00:00,18.865,18.869,18.754,18.757,213745.0
2025-11-03 00:30:00+00:00,18.758,18.769,18.676,18.696,230077.0
2025-11-03 00:45:00+00:00,18.696,18.721,18.568,18.569,184927.0
2025-11-03 01:00:00+00:00,18.569,18.605,18.526,18.55,274334.0
2025-11-03 01:15:00+00:00,18.55,18.567,18.388,18.404,217847.0
2025-11-03 01:30:00+00:00,18.404,18.425,18.271,18.331,285571.0
2025-11-03 01:45:00+00:00,18.331,18.362,18.236,18.269,151494.0
2025-11-03 02:00:00+00:00,18.27,18.289,18.13,18.231,296164.0
2025-11-03 02:15:00+00:00,18.231,18.231,18.08,18.082,237028.0
2025-11-03 02:30:00+00:00,18.082,18.115,17.991,18.052,396334.0
2025-11-03 02:45:00+00:00,18.052,18.181,18.008,18.117,225579.0
2025-11-03 03:00:00+00:00,18.116,18.151,17.817,17.863,511590.0
2025-11-03 03:15:00+00:00,17.862,17.921,17.756,17.778,392514.0
2025-11-03 03:30:00+00:00,17.778,17.778,17.619,17.678,553777.0
2025-11-03 03:45:00+00:00,17.678,17.679,17.489,17.527,568093.0
2025-11-03 04:00:00+00:00,17.527,17.527,17.353,17.444,732265.0
2025-11-03 04:15:00+00:00,17.444,17.517,17.409,17.465,310186.0
2025-11-03 04:30:00+00:00,17.465,17.504,17.404,17.424,177186.0
2025-11-03 04:45:00+00:00,17.424,17.604,17.423,17.6,219808.0
2025-11-03 05:00:00+00:00,17.6,17.754,17.594,17.699,259674.0
2025-11-03 05:15:00+00:00,17.698,17.713,17.603,17.604,181789.0
2025-11-03 05:30:00+00:00,17.605,17.636,17.487,17.503,200801.0
2025-11-03 05:45:00+00:00,17.504,17.51,17.416,17.435,149414.0
2025-11-03 06:00:00+00:00,17.435,17.495,17.315,17.379,286750.0
2025-11-03 06:15:00+00:00,17.379,17.45,17.35,17.414,174116.0
2025-11-03 06:30:00+00:00,17.414,17.442,17.316,17.329,268645.0
2025-11-03 06:45:00+00:00,17.328,17.405,17.148,17.381,629285.0
2025-11-03 07:00:00+00:00,17.38,17.384,17.293,17.369,285616.0
2025-11-03 07:15:00+00:00,17.369,17.527,17.346,17.463,331607.0
2025-11-03 07:30:00+00:00,17.463,17.584,17.437,17.497,202795.0
2025-11-03 07:45:00+00:00,17.497,17.563,17.464,17.465,187060.0
2025-11-03 08:00:00+00:00,17.465,17.494,17.427,17.43,195230.0
2025-11-03 08:15:00+00:00,17.43,17.46,17.34,17.356,150752.0
2025-11-03 08:30:00+00:00,17.355,17.402,17.311,17.364,170088.0
2025-11-03 08:45:00+00:00,17.364,17.518,17.3,17.462,314891.0
2025-11-03 09:00:00+00:00,17.462,17.626,17.427,17.57,257765.0
2025-11-03 09:15:00+00:00,17.57,17.57,17.39,17.432,198977.0
2025-11-03 09:30:00+00:00,17.432,17.476,17.387,17.416,111262.0
2025-11-03 09:45:00+00:00,17.416,17.431,17.324,17.335,160469.0
2025-11-03 10:00:00+00:00,17.335,17.425,17.334,17.385,135134.0
2025-11-03 10:15:00+00:00,17.386,17.404,17.367,17.381,83457.0
2025-11-03 10:30:00+00:00,17.381,17.381,17.254,17.271,220275.0
2025-11-03 10:45:00+00:00,17.272,17.305,17.173,17.243,273429.0
2025-11-03 11:00:00+00:00,17.244,17.429,17.24,17.362,348882.0
2025-11-03 11:15:00+00:00,17.362,17.505,17.361,17.458,240873.0
2025-11-03 11:30:00+00:00,17.458,17.502,17.434,17.49,110449.0
2025-11-03 11:45:00+00:00,17.489,17.558,17.452,17.467,194631.0
2025-11-03 12:00:00+00:00,17.467,17.567,17.427,17.539,220983.0
2025-11-03 12:15:00+00:00,17.539,17.657,17.539,17.631,251596.0
2025-11-03 12:30:00+00:00,17.631,17.636,17.519,17.528,156054.0
2025-11-03 12:45:00+00:00,17.528,17.562,17.456,17.46,107535.0
2025-11-03 13:00:00+00:00,17.459,17.506,17.439,17.471,134323.0
2025-11-03 13:15:00+00:00,17.471,17.471,17.388,17.423,199582.0
2025-11-03 13:30:00+00:00,17.423,17.562,17.422,17.506,185906.0
2025-11-03 13:45:00+00:00,17.507,17.522,17.402,17.444,185853.0
2025-11-03 14:00:00+00:00,17.444,17.676,17.444,17.53,329124.0
2025-11-03 14:15:00+00:00,17.532,17.557,17.477,17.504,127945.0
2025-11-03 14:30:00+00:00,17.504,17.527,17.367,17.372,293880.0
2025-11-03 14:45:00+00:00,17.371,17.494,17.344,17.493,301959.0
2025-11-03 15:00:00+00:00,17.493,17.526,17.208,17.241,456696.0
2025-11-03 15:15:00+00:00,17.24,17.241,16.459,16.645,2302045.0
2025-11-03 15:30:00+00:00,16.638,16.683,15.866,16.492,4192452.0
2025-11-03 15:45:00+00:00,16.493,16.574,16.314,16.353,1238635.0
2025-11-03 16:00:00+00:00,16.354,16.571,16.263,16.568,1539534.0
2025-11-03 16:15:00+00:00,16.567,16.827,16.542,16.686,1098703.0
2025-11-03 16:30:00+00:00,16.685,16.791,16.667,16.695,521917.0
2025-11-03 16:45:00+00:00,16.696,16.773,16.673,16.727,329177.0
2025-11-03 17:00:00+00:00,16.727,16.867,16.696,16.848,496559.0
2025-11-03 17:15:00+00:00,16.847,17.085,16.791,16.836,550241.0
2025-11-03 17:30:00+00:00,16.836,17.054,16.824,16.942,384948.0
2025-11-03 17:45:00+00:00,16.943,17.076,16.939,16.99,359986.0
2025-11-03 18:00:00+00:00,16.99,17.031,16.917,16.937,273689.0
2025-11-03 18:15:00+00:00,16.937,16.981,16.864,16.887,177720.0
2025-11-03 18:30:00+00:00,16.886,16.968,16.886,16.946,209535.0
2025-11-03 18:45:00+00:00,16.946,16.974,16.875,16.884,211704.0
2025-11-03 19:00:00+00:00,16.883,16.918,16.802,16.848,295822.0
2025-11-03 19:15:00+00:00,16.847,16.92,16.727,16.756,254673.0
2025-11-03 19:30:00+00:00,16.757,16.872,16.751,16.851,203924.0
2025-11-03 19:45:00+00:00,16.852,16.904,16.749,16.769,222014.0
2025-11-03 20:00:00+00:00,16.77,16.804,16.648,16.652,243722.0
2025-11-03 20:15:00+00:00,16.652,16.673,16.584,16.632,245727.0
2025-11-03 20:30:00+00:00,16.632,16.678,16.534,16.559,216072.0
2025-11-03 20:45:00+00:00,16.56,16.575,16.411,16.516,413170.0
2025-11-03 21:00:00+00:00,16.516,16.732,16.505,16.571,426020.0
2025-11-03 21:15:00+00:00,16.572,16.662,16.402,16.59,399293.0
2025-11-03 21:30:00+00:00,16.591,16.743,16.542,16.742,259419.0
2025-11-03 21:45:00+00:00,16.743,16.778,16.714,16.748,256438.0
2025-11-03 22:00:00+00:00,16.747,16.758,16.644,16.685,202219.0
2025-11-03 22:15:00+00:00,16.685,16.713,16.553,16.553,186674.0
2025-11-03 22:30:00+00:00,16.552,16.621,16.48,16.6,211488.0
2025-11-03 22:45:00+00:00,16.601,16.698,16.593,16.601,63689.0
2025-11-03 23:00:00+00:00,16.601,16.601,16.458,16.523,121667.0
2025-11-03 23:15:00+00:00,16.523,16.643,16.506,16.609,108456.0
2025-11-03 23:30:00+00:00,16.609,16.718,16.589,16.703,147193.0
2025-11-03 23:45:00+00:00,16.703,16.715,16.627,16.645,102316.0
2025-11-04 00:00:00+00:00,16.645,16.651,16.593,16.605,189546.0
2025-11-04 00:15:00+00:00,16.604,16.634,16.457,16.463,182187.0
2025-11-04 00:30:00+00:00,16.464,16.874,16.464,16.847,419864.0
2025-11-04 00:45:00+00:00,16.847,16.87,16.702,16.748,192248.0
2025-11-04 01:00:00+00:00,16.748,16.787,16.688,16.741,126605.0
2025-11-04 01:15:00+00:00,16.742,16.881,16.728,16.815,210313.0
2025-11-04 01:30:00+00:00,16.816,16.957,16.8,16.839,251425.0
2025-11-04 01:45:00+00:00,16.84,16.88,16.763,16.842,138181.0
2025-11-04 02:00:00+00:00,16.842,16.882,16.777,16.869,135127.0
2025-11-04 02:15:00+00:00,16.87,16.937,16.834,16.878,136023.0
2025-11-04 02:30:00+00:00,16.878,16.899,16.809,16.822,178393.0
2025-11-04 02:45:00+00:00,16.822,16.853,16.788,16.825,108373.0
2025-11-04 03:00:00+00:00,16.824,16.967,16.778,16.954,177313.0
2025-11-04 03:15:00+00:00,16.955,16.976,16.901,16.965,140526.0
2025-11-04 03:30:00+00:00,16.966,16.992,16.908,16.963,143179.0
2025-11-04 03:45:00+00:00,16.963,16.972,16.877,16.899,138475.0
2025-11-04 04:00:00+00:00,16.9,17.0,16.886,16.974,168446.0
2025-11-04 04:15:00+00:00,16.975,16.976,16.874,16.914,155309.0
2025-11-04 04:30:00+00:00,16.915,16.961,16.828,16.83,177016.0
2025-11-04 04:45:00+00:00,16.83,16.86,16.757,16.757,158517.0
2025-11-04 05:00:00+00:00,16.757,16.778,16.68,16.727,300258.0
2025-11-04 05:15:00+00:00,16.727,16.735,16.436,16.457,577479.0
2025-11-04 05:30:00+00:00,16.456,16.46,16.179,16.194,971431.0
2025-11-04 05:45:00+00:00,16.195,16.239,15.957,15.982,994513.0
2025-11-04 06:00:00+00:00,15.981,16.416,15.963,16.413,706437.0
2025-11-04 06:15:00+00:00,16.413,16.607,16.406,16.456,654709.0
2025-11-04 06:30:00+00:00,16.455,16.459,16.307,16.347,264888.0
2025-11-04 06:45:00+00:00,16.346,16.393,16.271,16.316,236698.0
2025-11-04 07:00:00+00:00,16.315,16.339,16.166,16.195,475304.0
2025-11-04 07:15:00+00:00,16.195,16.28,16.039,16.062,410463.0
2025-11-04 07:30:00+00:00,16.062,16.203,16.039,16.099,326778.0
2025-11-04 07:45:00+00:00,16.099,16.187,16.027,16.149,242996.0
2025-11-04 08:00:00+00:00,16.148,16.227,16.127,16.146,298235.0
2025-11-04 08:15:00+00:00,16.147,16.378,16.073,16.343,489287.0
2025-11-04 08:30:00+00:00,16.342,16.574,16.329,16.447,462698.0
2025-11-04 08:45:00+00:00,16.447,16.461,16.337,16.402,205339.0
2025-11-04 09:00:00+00:00,16.401,16.469,16.365,16.397,227346.0
2025-11-04 09:15:00+00:00,16.397,16.568,16.369,16.501,250824.0
2025-11-04 09:30:00+00:00,16.502,16.619,16.467,16.582,246005.0
2025-11-04 09:45:00+00:00,16.582,16.638,16.538,16.614,183854.0
2025-11-04 10:00:00+00:00,16.614,16.696,16.611,16.639,219009.0
2025-11-04 10:15:00+00:00,16.64,16.676,16.576,16.596,164128.0
2025-11-04 10:30:00+00:00,16.597,16.651,16.538,16.593,175867.0
2025-11-04 10:45:00+00:00,16.594,16.638,16.567,16.638,116963.0
2025-11-04 11:00:00+00:00,16.638,16.762,16.607,16.743,260901.0
2025-11-04 11:15:00+00:00,16.743,16.796,16.677,16.677,161160.0
2025-11-04 11:30:00+00:00,16.678,16.726,16.654,16.7,152171.0
2025-11-04 11:45:00+00:00,16.701,16.741,16.659,16.709,105275.0
2025-11-04 12:00:00+00:00,16.71,16.726,16.595,16.618,213703.0
2025-11-04 12:15:00+00:00,16.618,16.636,16.576,16.617,155751.0
2025-11-04 12:30:00+00:00,16.617,16.623,16.458,16.48,189859.0
2025-11-04 12:45:00+00:00,16.48,16.549,16.442,16.535,306569.0
2025-11-04 13:00:00+00:00,16.535,16.56,16.436,16.513,206338.0
2025-11-04 13:15:00+00:00,16.513,16.52,16.373,16.387,197450.0
2025-11-04 13:30:00+00:00,16.387,16.539,16.376,16.467,194928.0
2025-11-04 13:45:00+00:00,16.467,16.481,16.412,16.424,156879.0
2025-11-04 14:00:00+00:00,16.424,16.45,16.309,16.401,218909.0
2025-11-04 14:15:00+00:00,16.402,16.447,16.315,16.376,206137.0
2025-11-04 14:30:00+00:00,16.376,16.68,16.327,16.659,760565.0
2025-11-04 14:45:00+00:00,16.658,16.845,16.621,16.746,695436.0
2025-11-04 15:00:00+00:00,16.746,16.81,16.597,16.608,551400.0
2025-11-04 15:15:00+00:00,16.609,16.834,16.608,16.71,430074.0
2025-11-04 15:30:00+00:00,16.709,16.713,16.637,16.664,242335.0
2025-11-04 15:45:00+00:00,16.663,16.663,16.38,16.415,496895.0
2025-11-04 16:00:00+00:00,16.415,16.479,16.339,16.387,376695.0
2025-11-04 16:15:00+00:00,16.388,16.417,16.205,16.31,564638.0
2025-11-04 16:30:00+00:00,16.309,16.363,16.081,16.092,489985.0
2025-11-04 16:45:00+00:00,16.091,16.121,15.939,15.964,644701.0
2025-11-04 17:00:00+00:00,15.963,15.975,15.608,15.682,1373589.0
2025-11-04 17:15:00+00:00,15.683,15.882,15.538,15.749,988492.0
2025-11-04 17:30:00+00:00,15.748,16.024,15.743,15.866,674322.0
2025-11-04 17:45:00+00:00,15.865,15.921,15.811,15.878,340995.0
2025-11-04 18:00:00+00:00,15.877,15.887,15.648,15.708,641591.0
2025-11-04 18:15:00+00:00,15.707,15.713,15.51,15.533,690998.0
2025-11-04 18:30:00+00:00,15.532,15.785,15.305,15.761,1479974.0
2025-11-04 18:45:00+00:00,15.761,15.884,15.55,15.836,935128.0
2025-11-04 19:00:00+00:00,15.836,15.916,15.74,15.825,650088.0
2025-11-04 19:15:00+00:00,15.824,15.958,15.778,15.825,513464.0
2025-11-04 19:30:00+00:00,15.824,15.859,15.662,15.717,343935.0
2025-11-04 19:45:00+00:00,15.716,15.716,15.564,15.586,306204.0
2025-11-04 20:00:00+00:00,15.586,15.625,15.447,15.482,413702.0
2025-11-04 20:15:00+00:00,15.481,15.482,14.974,15.426,2636396.0
2025-11-04 20:30:00+00:00,15.426,15.805,15.28,15.75,952612.0
2025-11-04 20:45:00+00:00,15.75,15.801,15.541,15.654,787100.0
2025-11-04 21:00:00+00:00,15.653,15.729,15.49,15.513,678493.0
2025-11-04 21:15:00+00:00,15.512,15.566,15.368,15.413,554410.0
2025-11-04 21:30:00+00:00,15.412,15.423,15.037,15.195,1715462.0
2025-11-04 21:45:00+00:00,15.196,15.679,15.189,15.676,1678970.0
2025-11-04 22:00:00+00:00,15.677,15.993,15.593,15.936,1156745.0
2025-11-04 22:15:00+00:00,15.937,16.037,15.91,16.024,516475.0
2025-11-04 22:30:00+00:00,16.023,16.178,15.976,16.027,472073.0
2025-11-04 22:45:00+00:00,16.028,16.127,15.986,16.127,182751.0
2025-11-04 23:00:00+00:00,16.128,16.189,16.04,16.069,466178.0
2025-11-04 23:15:00+00:00,16.069,16.096,16.002,16.03,191149.0
2025-11-04 23:30:00+00:00,16.03,16.066,15.967,16.065,226838.0
2025-11-04 23:45:00+00:00,16.065,16.082,15.98,15.98,213395.0
2025-11-05 00:00:00+00:00,15.98,16.026,15.931,15.982,207346.0
2025-11-05 00:15:00+00:00,15.982,16.071,15.812,15.822,420806.0
2025-11-05 00:30:00+00:00,15.821,15.838,15.713,15.716,251213.0
2025-11-05 00:45:00+00:00,15.716,15.862,15.713,15.832,169241.0
2025-11-05 01:00:00+00:00,15.832,15.864,15.667,15.722,253862.0
2025-11-05 01:15:00+00:00,15.723,15.724,15.393,15.41,512028.0
2025-11-05 01:30:00+00:00,15.41,15.54,15.279,15.336,648354.0
2025-11-05 01:45:00+00:00,15.336,15.854,15.315,15.778,716552.0
2025-11-05 02:00:00+00:00,15.779,16.097,15.777,16.029,735863.0
2025-11-05 02:15:00+00:00,16.029,16.143,15.955,16.059,433586.0
2025-11-05 02:30:00+00:00,16.059,16.193,16.011,16.186,419558.0
2025-11-05 02:45:00+00:00,16.187,16.365,16.117,16.336,577769.0
2025-11-05 03:00:00+00:00,16.337,16.412,16.267,16.293,380196.0
2025-11-05 03:15:00+00:00,16.293,16.426,16.257,16.407,238241.0
2025-11-05 03:30:00+00:00,16.406,16.475,16.374,16.438,227606.0
2025-11-05 03:45:00+00:00,16.439,16.465,16.385,16.432,199787.0
2025-11-05 04:00:00+00:00,16.432,16.504,16.404,16.428,242944.0
2025-11-05 04:15:00+00:00,16.429,16.456,16.315,16.324,210510.0
2025-11-05 04:30:00+00:00,16.325,16.581,16.314,16.529,291118.0
2025-11-05 04:45:00+00:00,16.53,16.538,16.424,16.464,183907.0
2025-11-05 05:00:00+00:00,16.465,16.6,16.458,16.557,376834.0
2025-11-05 05:15:00+00:00,16.558,16.574,16.464,16.485,116455.0
2025-11-05 05:30:00+00:00,16.486,16.535,16.451,16.5,125193.0
2025-11-05 05:45:00+00:00,16.5,16.532,16.484,16.51,113385.0
2025-11-05 06:00:00+00:00,16.509,16.524,16.45,16.462,132626.0
2025-11-05 06:15:00+00:00,16.463,16.522,16.398,16.419,165793.0
2025-11-05 06:30:00+00:00,16.42,16.505,16.405,16.429,118780.0
2025-11-05 06:45:00+00:00,16.429,16.518,16.409,16.517,95439.0
2025-11-05 07:00:00+00:00,16.518,16.526,16.441,16.463,130696.0
2025-11-05 07:15:00+00:00,16.463,16.484,16.368,16.417,121557.0
2025-11-05 07:30:00+00:00,16.417,16.495,16.396,16.485,106484.0
2025-11-05 07:45:00+00:00,16.485,16.62,16.474,16.536,363797.0
2025-11-05 08:00:00+00:00,16.537,16.539,16.419,16.464,256325.0
2025-11-05 08:15:00+00:00,16.464,16.468,16.247,16.315,328409.0
2025-11-05 08:30:00+00:00,16.315,16.425,16.301,16.319,195841.0
2025-11-05 08:45:00+00:00,16.319,16.368,16.234,16.348,281933.0
2025-11-05 09:00:00+00:00,16.348,16.479,16.315,16.358,265442.0
2025-11-05 09:15:00+00:00,16.358,16.441,16.331,16.429,184315.0
2025-11-05 09:30:00+00:00,16.428,16.429,16.353,16.395,158066.0
2025-11-05 09:45:00+00:00,16.395,16.432,16.359,16.423,123032.0
2025-11-05 10:00:00+00:00,16.423,16.444,16.328,16.353,197122.0
2025-11-05 10:15:00+00:00,16.352,16.379,16.289,16.367,228453.0
2025-11-05 10:30:00+00:00,16.367,16.403,16.309,16.327,181102.0
2025-11-05 10:45:00+00:00,16.328,16.338,16.219,16.223,196947.0
2025-11-05 11:00:00+00:00,16.224,16.413,16.219,16.366,273625.0
2025-11-05 11:15:00+00:00,16.367,16.517,16.366,16.437,291809.0
2025-11-05 11:30:00+00:00,16.438,16.52,16.435,16.508,166410.0
2025-11-05 11:45:00+00:00,16.509,16.581,16.494,16.551,175641.0
2025-11-05 12:00:00+00:00,16.552,16.553,16.47,16.482,181645.0
2025-11-05 12:15:00+00:00,16.483,16.688,16.472,16.644,307824.0
2025-11-05 12:30:00+00:00,16.645,16.741,16.572,16.732,316978.0
2025-11-05 12:45:00+00:00,16.733,16.733,16.653,16.672,203721.0
2025-11-05 13:00:00+00:00,16.672,16.719,16.602,16.618,186258.0
2025-11-05 13:15:00+00:00,16.619,16.68,16.59,16.66,202970.0
2025-11-05 13:30:00+00:00,16.661,16.781,16.618,16.712,252403.0
2025-11-05 13:45:00+00:00,16.713,16.805,16.683,16.712,333181.0
2025-11-05 14:00:00+00:00,16.712,16.771,16.678,16.688,179006.0
2025-11-05 14:15:00+00:00,16.687,16.691,16.587,16.587,213055.0
2025-11-05 14:30:00+00:00,16.587,16.656,16.46,16.553,389332.0
2025-11-05 14:45:00+00:00,16.554,16.72,16.523,16.642,254512.0
2025-11-05 15:00:00+00:00,16.643,16.71,16.583,16.622,215795.0
2025-11-05 15:15:00+00:00,16.621,16.698,16.591,16.665,124589.0
2025-11-05 15:30:00+00:00,16.665,16.746,16.64,16.689,275247.0
2025-11-05 15:45:00+00:00,16.69,16.763,16.688,16.748,220039.0
2025-11-05 16:00:00+00:00,16.748,16.77,16.641,16.666,275685.0
2025-11-05 16:15:00+00:00,16.665,16.685,16.566,16.627,183299.0
2025-11-05 16:30:00+00:00,16.628,16.744,16.616,16.691,162593.0
2025-11-05 16:45:00+00:00,16.692,16.892,16.689,16.86,367617.0
2025-11-05 17:00:00+00:00,16.86,16.86,16.798,16.813,189809.0
2025-11-05 17:15:00+00:00,16.813,16.953,16.801,16.911,252182.0
2025-11-05 17:30:00+00:00,16.911,16.972,16.9,16.903,215144.0
2025-11-05 17:45:00+00:00,16.902,16.918,16.864,16.911,160532.0
2025-11-05 18:00:00+00:00,16.91,16.913,16.824,16.827,126021.0
2025-11-05 18:15:00+00:00,16.827,16.916,16.825,16.916,138078.0
2025-11-05 18:30:00+00:00,16.915,16.967,16.865,16.928,194787.0
2025-11-05 18:45:00+00:00,16.928,16.988,16.887,16.915,203577.0
2025-11-05 19:00:00+00:00,16.915,16.924,16.791,16.796,179920.0
2025-11-05 19:15:00+00:00,16.797,16.868,16.792,16.813,122063.0
2025-11-05 19:30:00+00:00,16.813,16.869,16.8,16.814,117381.0
2025-11-05 19:45:00+00:00,16.815,16.824,16.736,16.766,128208.0
2025-11-05 20:00:00+00:00,16.766,16.841,16.755,16.827,167340.0
2025-11-05 20:15:00+00:00,16.826,16.826,16.666,16.671,206333.0
2025-11-05 20:30:00+00:00,16.671,16.697,16.621,16.654,170936.0
2025-11-05 20:45:00+00:00,16.653,16.682,16.623,16.68,169299.0
2025-11-05 21:00:00+00:00,16.68,16.68,16.581,16.601,154112.0
2025-11-05 21:15:00+00:00,16.6,16.638,16.556,16.589,169888.0
2025-11-05 21:30:00+00:00,16.588,16.645,16.551,16.607,259558.0
2025-11-05 21:45:00+00:00,16.607,16.663,16.606,16.623,143639.0
2025-11-05 22:00:00+00:00,16.623,16.639,16.564,16.592,115741.0
2025-11-05 22:15:00+00:00,16.591,16.644,16.585,16.612,85628.0
2025-11-05 22:30:00+00:00,16.612,16.681,16.606,16.661,61469.0
2025-11-05 22:45:00+00:00,16.661,16.71,16.628,16.702,55034.0
2025-11-05 23:00:00+00:00,16.703,16.737,16.582,16.638,398734.0
2025-11-05 23:15:00+00:00,16.638,16.703,16.633,16.693,121997.0
2025-11-05 23:30:00+00:00,16.693,16.702,16.65,16.683,102799.0
2025-11-05 23:45:00+00:00,16.683,16.781,16.594,16.6,311224.0
2025-11-06 00:00:00+00:00,16.6,16.604,16.516,16.585,208561.0
2025-11-06 00:15:00+00:00,16.585,16.615,16.53,16.569,112292.0
2025-11-06 00:30:00+00:00,16.569,16.585,16.549,16.578,112396.0
2025-11-06 00:45:00+00:00,16.578,16.647,16.546,16.609,88432.0
2025-11-06 01:00:00+00:00,16.609,16.609,16.46,16.495,177129.0
2025-11-06 01:15:00+00:00,16.494,16.521,16.367,16.395,212265.0
2025-11-06 01:30:00+00:00,16.394,16.515,16.362,16.472,223284.0
2025-11-06 01:45:00+00:00,16.471,16.568,16.467,16.538,170946.0
2025-11-06 02:00:00+00:00,16.537,16.554,16.392,16.402,142972.0
2025-11-06 02:15:00+00:00,16.402,16.476,16.375,16.393,112881.0
2025-11-06 02:30:00+00:00,16.393,16.614,16.379,16.603,208454.0
2025-11-06 02:45:00+00:00,16.603,16.693,16.585,16.61,222115.0
2025-11-06 03:00:00+00:00,16.609,16.653,16.601,16.612,110341.0
2025-11-06 03:15:00+00:00,16.611,16.688,16.587,16.592,121131.0
2025-11-06 03:30:00+00:00,16.593,16.662,16.592,16.647,69980.0
2025-11-06 03:45:00+00:00,16.648,16.675,16.628,16.631,86034.0
2025-11-06 04:00:00+00:00,16.632,16.678,16.606,16.661,74272.0
2025-11-06 04:15:00+00:00,16.661,16.68,16.607,16.607,68470.0
2025-11-06 04:30:00+00:00,16.608,16.658,16.599,16.65,69424.0
2025-11-06 04:45:00+00:00,16.649,16.721,16.645,16.66,113850.0
2025-11-06 05:00:00+00:00,16.661,16.661,16.476,16.489,146782.0
2025-11-06 05:15:00+00:00,16.489,16.498,16.432,16.446,158203.0
2025-11-06 05:30:00+00:00,16.446,16.457,16.364,16.384,135541.0
2025-11-06 05:45:00+00:00,16.384,16.391,16.305,16.342,247572.0
2025-11-06 06:00:00+00:00,16.341,16.388,16.315,16.357,129883.0
2025-11-06 06:15:00+00:00,16.357,16.409,16.343,16.393,113461.0
2025-11-06 06:30:00+00:00,16.393,16.418,16.302,16.363,137806.0
2025-11-06 06:45:00+00:00,16.362,16.363,16.292,16.295,108711.0
2025-11-06 07:00:00+00:00,16.295,16.362,16.278,16.314,149793.0
2025-11-06 07:15:00+00:00,16.315,16.374,16.211,16.348,259529.0
2025-11-06 07:30:00+00:00,16.349,16.35,16.235,16.256,138654.0
2025-11-06 07:45:00+00:00,16.256,16.308,16.25,16.273,95165.0
2025-11-06 08:00:00+00:00,16.272,16.293,16.226,16.278,124539.0
2025-11-06 08:15:00+00:00,16.279,16.322,16.251,16.271,123030.0
2025-11-06 08:30:00+00:00,16.272,16.293,16.23,16.245,107434.0
2025-11-06 08:45:00+00:00,16.245,16.273,16.193,16.268,139217.0
2025-11-06 09:00:00+00:00,16.268,16.34,16.211,16.34,155899.0
2025-11-06 09:15:00+00:00,16.34,16.353,16.279,16.282,123880.0
2025-11-06 09:30:00+00:00,16.282,16.338,16.282,16.314,85646.0
2025-11-06 09:45:00+00:00,16.315,16.323,16.254,16.267,93117.0
2025-11-06 10:00:00+00:00,16.268,16.306,16.222,16.275,150324.0
2025-11-06 10:15:00+00:00,16.276,16.384,16.255,16.351,130820.0
2025-11-06 10:30:00+00:00,16.351,16.423,16.331,16.359,149233.0
2025-11-06 10:45:00+00:00,16.36,16.391,16.31,16.353,139118.0
2025-11-06 11:00:00+00:00,16.354,16.354,16.236,16.255,137800.0
2025-11-06 11:15:00+00:00,16.255,16.323,16.233,16.305,90705.0
2025-11-06 11:30:00+00:00,16.305,16.325,16.267,16.293,93284.0
2025-11-06 11:45:00+00:00,16.294,16.323,16.266,16.283,68288.0
2025-11-06 12:00:00+00:00,16.282,16.287,16.217,16.246,141977.0
2025-11-06 12:15:00+00:00,16.246,16.258,16.138,16.171,188117.0
2025-11-06 12:30:00+00:00,16.171,16.211,16.067,16.074,289157.0
2025-11-06 12:45:00+00:00,16.074,16.133,16.074,16.101,191968.0
2025-11-06 13:00:00+00:00,16.101,16.21,16.093,16.205,160337.0
2025-11-06 13:15:00+00:00,16.204,16.382,16.199,16.35,444437.0
2025-11-06 13:30:00+00:00,16.351,16.38,16.293,16.359,168824.0
2025-11-06 13:45:00+00:00,16.359,16.41,16.315,16.326,168994.0
2025-11-06 14:00:00+00:00,16.326,16.371,16.157,16.226,350970.0
2025-11-06 14:15:00+00:00,16.226,16.266,16.164,16.193,168978.0
2025-11-06 14:30:00+00:00,16.194,16.203,16.036,16.109,441997.0
2025-11-06 14:45:00+00:00,16.109,16.197,16.015,16.049,440911.0
2025-11-06 15:00:00+00:00,16.048,16.112,15.995,16.034,444148.0
2025-11-06 15:15:00+00:00,16.034,16.181,16.006,16.065,345614.0
2025-11-06 15:30:00+00:00,16.065,16.072,15.844,15.855,545325.0
2025-11-06 15:45:00+00:00,15.856,15.906,15.769,15.84,637879.0
2025-11-06 16:00:00+00:00,15.841,15.948,15.807,15.819,381366.0
2025-11-06 16:15:00+00:00,15.818,15.839,15.746,15.817,395271.0
2025-11-06 16:30:00+00:00,15.817,15.818,15.588,15.674,565317.0
2025-11-06 16:45:00+00:00,15.674,15.854,15.65,15.786,436267.0
2025-11-06 17:00:00+00:00,15.785,15.925,15.758,15.795,410373.0
2025-11-06 17:15:00+00:00,15.794,15.858,15.722,15.848,255337.0
2025-11-06 17:30:00+00:00,15.848,15.917,15.79,15.842,250303.0
2025-11-06 17:45:00+00:00,15.841,15.977,15.838,15.95,202193.0
2025-11-06 18:00:00+00:00,15.95,15.975,15.866,15.887,198789.0
2025-11-06 18:15:00+00:00,15.886,15.891,15.769,15.852,264241.0
2025-11-06 18:30:00+00:00,15.851,16.084,15.844,16.046,348753.0
2025-11-06 18:45:00+00:00,16.046,16.15,16.022,16.06,263049.0
2025-11-06 19:00:00+00:00,16.059,16.125,16.021,16.119,223893.0
2025-11-06 19:15:00+00:00,16.12,16.156,16.063,16.112,262679.0
2025-11-06 19:30:00+00:00,16.113,16.174,16.015,16.071,289753.0
2025-11-06 19:45:00+00:00,16.071,16.149,15.999,16.11,214233.0
2025-11-06 20:00:00+00:00,16.111,16.207,16.093,16.102,244931.0
2025-11-06 20:15:00+00:00,16.102,16.197,16.048,16.059,223144.0
2025-11-06 20:30:00+00:00,16.059,16.062,15.917,15.942,415028.0
2025-11-06 20:45:00+00:00,15.943,16.065,15.922,16.029,255833.0
2025-11-06 21:00:00+00:00,16.028,16.061,15.946,16.039,157176.0
2025-11-06 21:15:00+00:00,16.039,16.097,16.008,16.08,134947.0
2025-11-06 21:30:00+00:00,16.08,16.203,16.067,16.177,112424.0
2025-11-06 21:45:00+00:00,16.176,16.213,16.101,16.144,157000.0
2025-11-06 22:00:00+00:00,16.144,16.189,16.101,16.103,105820.0
2025-11-06 22:15:00+00:00,16.103,16.142,16.056,16.08,124399.0
2025-11-06 22:30:00+00:00,16.081,16.12,16.005,16.016,135015.0
2025-11-06 22:45:00+00:00,16.016,16.153,15.972,16.13,127586.0
2025-11-06 23:00:00+00:00,16.129,16.129,16.0,16.046,181006.0
2025-11-06 23:15:00+00:00,16.047,16.05,15.954,16.03,158460.0
2025-11-06 23:30:00+00:00,16.03,16.043,15.964,16.029,113768.0
2025-11-06 23:45:00+00:00,16.029,16.121,16.029,16.118,143992.0
2025-11-07 00:00:00+00:00,16.119,16.233,16.097,16.178,237023.0
2025-11-07 00:15:00+00:00,16.179,16.227,16.078,16.104,186501.0
2025-11-07 00:30:00+00:00,16.104,16.256,16.09,16.245,182397.0
2025-11-07 00:45:00+00:00,16.245,16.297,16.218,16.278,169576.0
2025-11-07 01:00:00+00:00,16.279,16.304,16.132,16.228,236159.0
2025-11-07 01:15:00+00:00,16.228,16.332,16.187,16.27,253523.0
2025-11-07 01:30:00+00:00,16.269,16.277,16.053,16.089,300627.0
2025-11-07 01:45:00+00:00,16.088,16.279,16.043,16.275,246806.0
2025-11-07 02:00:00+00:00,16.274,16.289,16.19,16.236,188658.0
2025-11-07 02:15:00+00:00,16.236,16.288,16.134,16.155,199492.0
2025-11-07 02:30:00+00:00,16.155,16.317,16.154,16.299,186417.0
2025-11-07 02:45:00+00:00,16.3,16.409,16.276,16.403,188375.0
2025-11-07 03:00:00+00:00,16.403,16.51,16.395,16.486,382367.0
2025-11-07 03:15:00+00:00,16.486,16.503,16.446,16.483,143707.0
2025-11-07 03:30:00+00:00,16.483,16.496,16.44,16.448,125913.0
2025-11-07 03:45:00+00:00,16.448,16.471,16.423,16.445,120930.0
2025-11-07 04:00:00+00:00,16.446,16.479,16.35,16.351,154643.0
2025-11-07 04:15:00+00:00,16.352,16.47,16.352,16.447,100138.0
2025-11-07 04:30:00+00:00,16.447,16.447,16.324,16.378,115210.0
2025-11-07 04:45:00+00:00,16.378,16.453,16.352,16.446,80763.0
2025-11-07 05:00:00+00:00,16.445,16.598,16.427,16.564,288052.0
2025-11-07 05:15:00+00:00,16.564,16.574,16.525,16.567,85544.0
2025-11-07 05:30:00+00:00,16.567,16.62,16.551,16.595,133887.0
2025-11-07 05:45:00+00:00,16.595,16.674,16.566,16.658,151151.0
2025-11-07 06:00:00+00:00,16.658,16.718,16.654,16.698,157267.0
2025-11-07 06:15:00+00:00,16.697,16.754,16.685,16.734,143204.0
2025-11-07 06:30:00+00:00,16.735,16.753,16.704,16.707,112097.0
2025-11-07 06:45:00+00:00,16.706,16.709,16.655,16.663,113873.0
2025-11-07 07:00:00+00:00,16.662,16.74,16.661,16.71,96953.0
2025-11-07 07:15:00+00:00,16.711,16.82,16.704,16.747,177273.0
2025-11-07 07:30:00+00:00,16.747,16.764,16.674,16.764,105731.0
2025-11-07 07:45:00+00:00,16.765,16.929,16.765,16.91,262365.0
2025-11-07 08:00:00+00:00,16.91,17.023,16.874,17.005,260471.0
2025-11-07 08:15:00+00:00,17.006,17.011,16.834,16.885,232030.0
2025-11-07 08:30:00+00:00,16.886,16.902,16.792,16.816,277231.0
2025-11-07 08:45:00+00:00,16.816,16.865,16.796,16.863,96277.0
2025-11-07 09:00:00+00:00,16.864,16.867,16.726,16.788,177437.0
2025-11-07 09:15:00+00:00,16.788,16.841,16.59,16.597,277915.0
2025-11-07 09:30:00+00:00,16.598,16.662,16.551,16.59,273388.0
2025-11-07 09:45:00+00:00,16.59,16.72,16.582,16.714,213774.0
2025-11-07 10:00:00+00:00,16.714,16.831,16.702,16.706,267563.0
2025-11-07 10:15:00+00:00,16.706,16.714,16.611,16.655,203499.0
2025-11-07 10:30:00+00:00,16.655,16.702,16.652,16.701,99666.0
2025-11-07 10:45:00+00:00,16.702,16.709,16.544,16.596,119095.0
2025-11-07 11:00:00+00:00,16.595,16.595,16.383,16.394,296592.0
2025-11-07 11:15:00+00:00,16.394,16.479,16.333,16.368,429203.0
2025-11-07 11:30:00+00:00,16.368,16.416,16.249,16.37,413231.0
2025-11-07 11:45:00+00:00,16.37,16.509,16.332,16.452,357015.0
2025-11-07 12:00:00+00:00,16.453,16.526,16.368,16.374,281539.0
2025-11-07 12:15:00+00:00,16.375,16.385,16.255,16.273,175608.0
2025-11-07 12:30:00+00:00,16.272,16.272,16.166,16.197,332760.0
2025-11-07 12:45:00+00:00,16.196,16.23,16.113,16.204,368943.0
2025-11-07 13:00:00+00:00,16.203,16.331,16.128,16.257,421875.0
2025-11-07 13:15:00+00:00,16.257,16.385,16.227,16.289,280114.0
2025-11-07 13:30:00+00:00,16.285,16.316,16.24,16.292,235795.0
2025-11-07 13:45:00+00:00,16.292,16.452,16.284,16.378,266142.0
2025-11-07 14:00:00+00:00,16.377,16.476,16.307,16.422,315828.0
2025-11-07 14:15:00+00:00,16.423,16.424,16.319,16.358,209392.0
2025-11-07 14:30:00+00:00,16.359,16.501,16.077,16.501,968319.0
2025-11-07 14:45:00+00:00,16.5,16.686,16.409,16.628,1159526.0
2025-11-07 15:00:00+00:00,16.629,16.743,16.498,16.732,899448.0
2025-11-07 15:15:00+00:00,16.733,16.826,16.655,16.795,734719.0
2025-11-07 15:30:00+00:00,16.794,16.823,16.662,16.704,444997.0
2025-11-07 15:45:00+00:00,16.704,16.881,16.685,16.802,425210.0
2025-11-07 16:00:00+00:00,16.803,16.9,16.741,16.767,437667.0
2025-11-07 16:15:00+00:00,16.768,17.222,16.738,17.171,953555.0
2025-11-07 16:30:00+00:00,17.17,17.323,17.151,17.303,584397.0
2025-11-07 16:45:00+00:00,17.303,17.43,17.213,17.31,683417.0
2025-11-07 17:00:00+00:00,17.31,17.469,17.221,17.445,781171.0
2025-11-07 17:15:00+00:00,17.444,17.656,17.418,17.594,759613.0
2025-11-07 17:30:00+00:00,17.595,17.706,17.581,17.705,519109.0
2025-11-07 17:45:00+00:00,17.706,17.767,17.609,17.732,451767.0
2025-11-07 18:00:00+00:00,17.733,17.925,17.708,17.874,545907.0
2025-11-07 18:15:00+00:00,17.875,17.964,17.762,17.871,516919.0
2025-11-07 18:30:00+00:00,17.871,17.937,17.822,17.901,296379.0
2025-11-07 18:45:00+00:00,17.902,17.919,17.662,17.731,390884.0
2025-11-07 19:00:00+00:00,17.732,17.869,17.645,17.851,311890.0
2025-11-07 19:15:00+00:00,17.852,17.869,17.741,17.747,203872.0
2025-11-07 19:30:00+00:00,17.748,17.899,17.748,17.878,285304.0
2025-11-07 19:45:00+00:00,17.878,17.881,17.761,17.814,227133.0
2025-11-07 20:00:00+00:00,17.815,17.869,17.731,17.823,274208.0
2025-11-07 20:15:00+00:00,17.824,17.831,17.679,17.774,270884.0
2025-11-07 20:30:00+00:00,17.775,17.828,17.74,17.794,195162.0
2025-11-07 20:45:00+00:00,17.793,17.83,17.762,17.781,212264.0
2025-11-07 21:00:00+00:00,17.781,17.926,17.748,17.907,262983.0
2025-11-07 21:15:00+00:00,17.907,17.957,17.825,17.833,229411.0
2025-11-07 21:30:00+00:00,17.833,17.907,17.831,17.896,136688.0
2025-11-07 21:45:00+00:00,17.896,18.004,17.889,17.988,153656.0
2025-11-07 22:00:00+00:00,17.988,18.004,17.861,17.883,219918.0
2025-11-07 22:15:00+00:00,17.885,18.038,17.877,17.94,483063.0
2025-11-07 22:30:00+00:00,17.94,18.037,17.847,17.935,178113.0
2025-11-07 22:45:00+00:00,17.935,18.035,17.907,17.999,126001.0
2025-11-07 23:00:00+00:00,17.999,18.008,17.825,17.847,535101.0
2025-11-07 23:15:00+00:00,17.847,17.93,17.768,17.785,371323.0
2025-11-07 23:30:00+00:00,17.785,17.936,17.735,17.809,522968.0
2025-11-07 23:45:00+00:00,17.809,17.824,17.661,17.74,297124.0
2025-11-08 00:00:00+00:00,17.739,17.999,17.738,17.973,260721.0
2025-11-08 00:15:00+00:00,17.974,17.992,17.814,17.825,254148.0
2025-11-08 00:30:00+00:00,17.826,17.892,17.709,17.859,277523.0
2025-11-08 00:45:00+00:00,17.859,17.976,17.67,17.678,242070.0
2025-11-08 01:00:00+00:00,17.678,17.867,17.672,17.802,295654.0
2025-11-08 01:15:00+00:00,17.802,17.937,17.799,17.925,157279.0
2025-11-08 01:30:00+00:00,17.926,18.028,17.873,17.972,211784.0
2025-11-08 01:45:00+00:00,17.972,18.018,17.946,18.002,135439.0
2025-11-08 02:00:00+00:00,18.002,18.165,17.987,18.108,365862.0
2025-11-08 02:15:00+00:00,18.108,18.236,18.092,18.203,245679.0
2025-11-08 02:30:00+00:00,18.203,18.403,18.193,18.327,386781.0
2025-11-08 02:45:00+00:00,18.327,18.328,18.053,18.076,295730.0
2025-11-08 03:00:00+00:00,18.076,18.169,18.038,18.058,203766.0
2025-11-08 03:15:00+00:00,18.059,18.185,18.059,18.134,153338.0
2025-11-08 03:30:00+00:00,18.134,18.136,17.893,17.947,304562.0
2025-11-08 03:45:00+00:00,17.947,18.017,17.829,17.834,280410.0
2025-11-08 04:00:00+00:00,17.835,17.906,17.811,17.876,162924.0
2025-11-08 04:15:00+00:00,17.876,17.924,17.833,17.843,132208.0
2025-11-08 04:30:00+00:00,17.842,18.04,17.835,18.018,145707.0
2025-11-08 04:45:00+00:00,18.018,18.072,17.903,17.913,115547.0
2025-11-08 05:00:00+00:00,17.914,17.98,17.876,17.908,106635.0
2025-11-08 05:15:00+00:00,17.908,17.964,17.834,17.927,122113.0
2025-11-08 05:30:00+00:00,17.926,17.94,17.755,17.787,212940.0
2025-11-08 05:45:00+00:00,17.787,17.814,17.738,17.761,161912.0
2025-11-08 06:00:00+00:00,17.762,17.809,17.623,17.639,287416.0
2025-11-08 06:15:00+00:00,17.638,17.748,17.558,17.614,213231.0
2025-11-08 06:30:00+00:00,17.614,17.786,17.589,17.735,171351.0
2025-11-08 06:45:00+00:00,17.735,17.784,17.653,17.689,166550.0
2025-11-08 07:00:00+00:00,17.69,17.71,17.58,17.665,161810.0
2025-11-08 07:15:00+00:00,17.666,17.708,17.571,17.708,199583.0
2025-11-08 07:30:00+00:00,17.708,17.833,17.674,17.806,174798.0
2025-11-08 07:45:00+00:00,17.805,17.881,17.796,17.854,119550.0
2025-11-08 08:00:00+00:00,17.853,17.882,17.818,17.819,174615.0
2025-11-08 08:15:00+00:00,17.818,17.875,17.716,17.871,174296.0
2025-11-08 08:30:00+00:00,17.87,17.987,17.842,17.971,185680.0
2025-11-08 08:45:00+00:00,17.97,17.981,17.92,17.957,153907.0
2025-11-08 09:00:00+00:00,17.957,17.961,17.79,17.827,199316.0
2025-11-08 09:15:00+00:00,17.827,17.919,17.808,17.886,127386.0
2025-11-08 09:30:00+00:00,17.886,17.903,17.795,17.797,109365.0
2025-11-08 09:45:00+00:00,17.796,17.803,17.649,17.701,305537.0
2025-11-08 10:00:00+00:00,17.701,17.748,17.68,17.74,92800.0
2025-11-08 10:15:00+00:00,17.741,17.805,17.723,17.8,105293.0
2025-11-08 10:30:00+00:00,17.8,17.832,17.764,17.779,112956.0
2025-11-08 10:45:00+00:00,17.779,17.893,17.779,17.851,121393.0
2025-11-08 11:00:00+00:00,17.851,17.943,17.825,17.916,166541.0
2025-11-08 11:15:00+00:00,17.915,17.968,17.833,17.955,185698.0
2025-11-08 11:30:00+00:00,17.954,17.955,17.754,17.758,205146.0
2025-11-08 11:45:00+00:00,17.758,17.804,17.73,17.78,140345.0
2025-11-08 12:00:00+00:00,17.779,17.78,17.611,17.639,223055.0
2025-11-08 12:15:00+00:00,17.639,17.769,17.634,17.722,207343.0
2025-11-08 12:30:00+00:00,17.722,17.731,17.596,17.599,274493.0
2025-11-08 12:45:00+00:00,17.599,17.696,17.578,17.663,206689.0
2025-11-08 13:00:00+00:00,17.663,17.674,17.486,17.585,367867.0
2025-11-08 13:15:00+00:00,17.585,17.635,17.509,17.615,238603.0
2025-11-08 13:30:00+00:00,17.614,17.614,17.458,17.521,380063.0
2025-11-08 13:45:00+00:00,17.52,17.525,17.344,17.366,319025.0
2025-11-08 14:00:00+00:00,17.367,17.418,17.275,17.281,523895.0
2025-11-08 14:15:00+00:00,17.281,17.311,17.203,17.273,466495.0
2025-11-08 14:30:00+00:00,17.273,17.427,17.265,17.369,324356.0
2025-11-08 14:45:00+00:00,17.368,17.438,17.356,17.393,183489.0
2025-11-08 15:00:00+00:00,17.393,17.419,17.271,17.343,162677.0
2025-11-08 15:15:00+00:00,17.344,17.373,17.122,17.204,477218.0
2025-11-08 15:30:00+00:00,17.204,17.215,17.084,17.128,319446.0
2025-11-08 15:45:00+00:00,17.128,17.197,17.105,17.131,187359.0
2025-11-08 16:00:00+00:00,17.131,17.176,17.008,17.159,487249.0
2025-11-08 16:15:00+00:00,17.158,17.189,17.033,17.121,243555.0
2025-11-08 16:30:00+00:00,17.121,17.213,17.097,17.135,234950.0
2025-11-08 16:45:00+00:00,17.136,17.202,17.062,17.119,1110804.0
2025-11-08 17:00:00+00:00,17.12,17.13,17.043,17.074,224266.0
2025-11-08 17:15:00+00:00,17.074,17.209,17.074,17.18,229486.0
2025-11-08 17:30:00+00:00,17.18,17.237,17.17,17.232,138544.0
2025-11-08 17:45:00+00:00,17.233,17.254,17.208,17.243,100889.0
2025-11-08 18:00:00+00:00,17.244,17.338,17.214,17.312,149810.0
2025-11-08 18:15:00+00:00,17.313,17.319,17.228,17.259,116048.0
2025-11-08 18:30:00+00:00,17.259,17.332,17.207,17.25,163664.0
2025-11-08 18:45:00+00:00,17.25,17.368,17.243,17.32,112034.0
2025-11-08 19:00:00+00:00,17.32,17.32,17.282,17.309,97637.0
2025-11-08 19:15:00+00:00,17.309,17.314,17.102,17.167,252407.0
2025-11-08 19:30:00+00:00,17.167,17.278,17.146,17.256,125692.0
2025-11-08 19:45:00+00:00,17.257,17.285,17.223,17.275,59983.0
2025-11-08 20:00:00+00:00,17.276,17.313,17.233,17.246,86446.0
2025-11-08 20:15:00+00:00,17.246,17.327,17.24,17.302,95821.0
2025-11-08 20:30:00+00:00,17.302,17.38,17.287,17.368,120470.0
2025-11-08 20:45:00+00:00,17.369,17.392,17.336,17.352,83770.0
2025-11-08 21:00:00+00:00,17.353,17.376,17.286,17.29,76017.0
2025-11-08 21:15:00+00:00,17.291,17.335,17.277,17.329,71251.0
2025-11-08 21:30:00+00:00,17.33,17.39,17.306,17.377,89551.0
2025-11-08 21:45:00+00:00,17.378,17.379,17.32,17.359,59083.0
2025-11-08 22:00:00+00:00,17.359,17.416,17.334,17.387,96997.0
2025-11-08 22:15:00+00:00,17.388,17.438,17.349,17.415,69686.0
2025-11-08 22:30:00+00:00,17.416,17.43,17.375,17.382,46204.0
2025-11-08 22:45:00+00:00,17.381,17.469,17.38,17.431,43620.0
2025-11-08 23:00:00+00:00,17.431,17.446,17.401,17.436,53352.0
2025-11-08 23:15:00+00:00,17.436,17.465,17.425,17.445,40290.0
2025-11-08 23:30:00+00:00,17.446,17.474,17.43,17.458,41811.0
2025-11-08 23:45:00+00:00,17.459,17.488,17.459,17.488,43524.0
2025-11-09 00:00:00+00:00,17.488,17.519,17.435,17.438,172188.0
2025-11-09 00:15:00+00:00,17.438,17.439,17.292,17.321,220918.0
2025-11-09 00:30:00+00:00,17.32,17.413,17.315,17.363,92655.0
2025-11-09 00:45:00+00:00,17.364,17.372,17.233,17.265,135006.0
2025-11-09 01:00:00+00:00,17.265,17.38,17.26,17.317,98058.0
2025-11-09 01:15:00+00:00,17.318,17.333,17.255,17.277,72334.0
2025-11-09 01:30:00+00:00,17.277,17.28,17.161,17.232,172301.0
2025-11-09 01:45:00+00:00,17.232,17.291,17.215,17.25,111697.0
2025-11-09 02:00:00+00:00,17.249,17.249,17.18,17.186,139637.0
2025-11-09 02:15:00+00:00,17.186,17.209,17.111,17.113,139585.0
2025-11-09 02:30:00+00:00,17.112,17.112,16.918,16.941,476326.0
2025-11-09 02:45:00+00:00,16.942,17.003,16.865,16.905,312524.0
2025-11-09 03:00:00+00:00,16.905,16.967,16.889,16.93,202148.0
2025-11-09 03:15:00+00:00,16.93,16.955,16.79,16.851,284194.0
2025-11-09 03:30:00+00:00,16.852,16.883,16.828,16.848,193304.0
2025-11-09 03:45:00+00:00,16.847,16.925,16.81,16.88,138904.0
2025-11-09 04:00:00+00:00,16.88,16.957,16.874,16.937,120880.0
2025-11-09 04:15:00+00:00,16.936,17.055,16.929,16.999,186525.0
2025-11-09 04:30:00+00:00,16.998,17.015,16.927,16.944,111041.0
2025-11-09 04:45:00+00:00,16.944,16.971,16.912,16.963,53696.0
2025-11-09 05:00:00+00:00,16.962,16.962,16.872,16.939,98593.0
2025-11-09 05:15:00+00:00,16.938,17.004,16.937,17.004,101841.0
2025-11-09 05:30:00+00:00,17.003,17.031,16.918,16.969,83062.0
2025-11-09 05:45:00+00:00,16.969,17.019,16.952,17.011,58164.0
2025-11-09 06:00:00+00:00,17.01,17.01,16.947,16.997,79671.0
2025-11-09 06:15:00+00:00,16.996,17.056,16.968,17.042,108777.0
2025-11-09 06:30:00+00:00,17.041,17.121,17.002,17.079,95714.0
2025-11-09 06:45:00+00:00,17.08,17.086,16.97,16.995,162264.0
2025-11-09 07:00:00+00:00,16.994,17.061,16.983,17.054,85972.0
2025-11-09 07:15:00+00:00,17.053,17.073,16.991,17.003,77309.0
2025-11-09 07:30:00+00:00,17.003,17.115,17.003,17.105,141641.0
2025-11-09 07:45:00+00:00,17.105,17.129,17.081,17.124,95882.0
2025-11-09 08:00:00+00:00,17.124,17.124,17.034,17.088,144564.0
2025-11-09 08:15:00+00:00,17.087,17.087,16.993,17.014,112571.0
2025-11-09 08:30:00+00:00,17.013,17.074,17.007,17.043,74987.0
2025-11-09 08:45:00+00:00,17.042,17.048,16.985,17.048,64223.0
2025-11-09 09:00:00+00:00,17.049,17.139,17.049,17.1,114710.0
2025-11-09 09:15:00+00:00,17.101,17.159,17.065,17.072,113891.0
2025-11-09 09:30:00+00:00,17.071,17.081,17.025,17.025,130501.0
2025-11-09 09:45:00+00:00,17.025,17.029,16.93,16.96,217135.0
2025-11-09 10:00:00+00:00,16.96,16.961,16.881,16.897,173441.0
2025-11-09 10:15:00+00:00,16.897,17.015,16.896,16.991,170055.0
2025-11-09 10:30:00+00:00,16.99,17.008,16.938,17.004,84664.0
2025-11-09 10:45:00+00:00,17.004,17.175,17.002,17.171,172368.0
2025-11-09 11:00:00+00:00,17.171,17.346,17.171,17.311,393298.0
2025-11-09 11:15:00+00:00,17.31,17.317,17.243,17.265,117997.0
2025-11-09 11:30:00+00:00,17.264,17.286,17.186,17.284,125942.0
2025-11-09 11:45:00+00:00,17.285,17.318,17.23,17.266,114881.0
2025-11-09 12:00:00+00:00,17.266,17.299,17.229,17.294,172826.0
2025-11-09 12:15:00+00:00,17.295,17.37,17.271,17.294,216154.0
2025-11-09 12:30:00+00:00,17.294,17.346,17.269,17.336,98870.0
2025-11-09 12:45:00+00:00,17.336,17.367,17.316,17.324,83993.0
2025-11-09 13:00:00+00:00,17.325,17.412,17.311,17.381,153731.0
2025-11-09 13:15:00+00:00,17.38,17.423,17.33,17.419,103135.0
2025-11-09 13:30:00+00:00,17.42,17.475,17.389,17.455,154820.0
2025-11-09 13:45:00+00:00,17.456,17.499,17.415,17.457,152477.0
2025-11-09 14:00:00+00:00,17.456,17.535,17.371,17.522,319516.0
2025-11-09 14:15:00+00:00,17.522,17.81,17.504,17.805,715869.0
2025-11-09 14:30:00+00:00,17.805,17.874,17.719,17.766,662449.0
2025-11-09 14:45:00+00:00,17.767,17.777,17.56,17.596,405003.0
2025-11-09 15:00:00+00:00,17.596,17.803,17.596,17.716,386981.0
2025-11-09 15:15:00+00:00,17.716,17.839,17.688,17.819,273047.0
2025-11-09 15:30:00+00:00,17.818,17.833,17.74,17.778,256486.0
2025-11-09 15:45:00+00:00,17.777,17.78,17.65,17.683,247009.0
2025-11-09 16:00:00+00:00,17.683,17.716,17.632,17.652,183520.0
2025-11-09 16:15:00+00:00,17.651,17.758,17.6,17.732,287452.0
2025-11-09 16:30:00+00:00,17.732,17.732,17.65,17.708,136456.0
2025-11-09 16:45:00+00:00,17.708,17.806,17.708,17.776,138230.0
2025-11-09 17:00:00+00:00,17.776,17.799,17.728,17.744,72556.0
2025-11-09 17:15:00+00:00,17.744,17.748,17.613,17.635,196183.0
2025-11-09 17:30:00+00:00,17.636,17.653,17.532,17.56,209607.0
2025-11-09 17:45:00+00:00,17.561,17.577,17.538,17.557,71820.0
2025-11-09 18:00:00+00:00,17.558,17.567,17.476,17.485,115742.0
2025-11-09 18:15:00+00:00,17.485,17.501,17.449,17.494,84580.0
2025-11-09 18:30:00+00:00,17.493,17.572,17.478,17.569,85015.0
2025-11-09 18:45:00+00:00,17.57,17.745,17.569,17.716,237257.0
2025-11-09 19:00:00+00:00,17.716,17.743,17.661,17.664,139307.0
2025-11-09 19:15:00+00:00,17.664,17.755,17.642,17.738,108947.0
2025-11-09 19:30:00+00:00,17.739,17.797,17.733,17.763,139909.0
2025-11-09 19:45:00+00:00,17.763,17.882,17.761,17.881,139154.0
2025-11-09 20:00:00+00:00,17.882,17.907,17.753,17.783,210772.0
2025-11-09 20:15:00+00:00,17.784,17.836,17.769,17.799,90052.0
2025-11-09 20:30:00+00:00,17.799,17.846,17.789,17.794,59739.0
2025-11-09 20:45:00+00:00,17.793,17.795,17.758,17.771,73361.0
2025-11-09 21:00:00+00:00,17.772,17.826,17.719,17.725,109290.0
2025-11-09 21:15:00+00:00,17.724,17.761,17.724,17.759,70870.0
2025-11-09 21:30:00+00:00,17.76,17.775,17.722,17.76,55763.0
2025-11-09 21:45:00+00:00,17.761,17.772,17.684,17.74,68034.0
2025-11-09 22:00:00+00:00,17.74,17.756,17.649,17.692,115803.0
2025-11-09 22:15:00+00:00,17.693,17.714,17.615,17.628,109354.0
2025-11-09 22:30:00+00:00,17.627,17.644,17.59,17.642,65403.0
2025-11-09 22:45:00+00:00,17.641,17.753,17.641,17.735,76671.0
2025-11-09 23:00:00+00:00,17.736,17.892,17.719,17.769,273266.0
2025-11-09 23:15:00+00:00,17.77,17.808,17.693,17.704,178352.0
2025-11-09 23:30:00+00:00,17.705,17.752,17.669,17.695,106601.0
2025-11-09 23:45:00+00:00,17.696,17.793,17.685,17.764,73116.0
2025-11-10 00:00:00+00:00,17.764,17.774,17.635,17.746,203382.0
2025-11-10 00:15:00+00:00,17.746,17.894,17.744,17.82,199392.0
2025-11-10 00:30:00+00:00,17.821,17.974,17.8,17.973,314439.0
2025-11-10 00:45:00+00:00,17.973,18.107,17.957,18.009,420832.0
2025-11-10 01:00:00+00:00,18.008,18.074,17.898,17.953,335907.0
2025-11-10 01:15:00+00:00,17.952,18.023,17.905,17.934,220158.0
2025-11-10 01:30:00+00:00,17.934,17.98,17.894,17.903,161920.0
2025-11-10 01:45:00+00:00,17.903,18.013,17.89,17.901,122153.0
2025-11-10 02:00:00+00:00,17.901,17.966,17.852,17.936,190941.0
2025-11-10 02:15:00+00:00,17.937,17.954,17.899,17.903,105267.0
2025-11-10 02:30:00+00:00,17.904,17.95,17.858,17.864,126526.0
2025-11-10 02:45:00+00:00,17.864,17.989,17.855,17.989,94568.0
2025-11-10 03:00:00+00:00,17.989,18.119,17.988,17.997,191093.0
2025-11-10 03:15:00+00:00,17.996,18.046,17.983,18.022,100009.0
2025-11-10 03:30:00+00:00,18.021,18.068,17.984,18.055,131007.0
2025-11-10 03:45:00+00:00,18.055,18.055,17.942,17.98,218106.0
2025-11-10 04:00:00+00:00,17.981,18.03,17.964,17.98,127913.0
2025-11-10 04:15:00+00:00,17.98,17.98,17.885,17.912,120038.0
2025-11-10 04:30:00+00:00,17.911,17.928,17.868,17.914,88228.0
2025-11-10 04:45:00+00:00,17.915,18.036,17.897,17.998,141365.0
2025-11-10 05:00:00+00:00,17.999,18.083,17.989,18.074,118232.0
2025-11-10 05:15:00+00:00,18.073,18.073,17.948,17.973,85264.0
2025-11-10 05:30:00+00:00,17.974,18.008,17.877,17.958,111181.0
2025-11-10 05:45:00+00:00,17.959,18.001,17.943,17.985,61940.0
2025-11-10 06:00:00+00:00,17.986,18.072,17.966,18.01,108244.0
2025-11-10 06:15:00+00:00,18.009,18.022,17.891,17.929,113621.0
2025-11-10 06:30:00+00:00,17.928,17.993,17.913,17.989,109275.0
2025-11-10 06:45:00+00:00,17.99,18.075,17.985,18.016,86883.0
2025-11-10 07:00:00+00:00,18.015,18.114,17.999,18.098,160332.0
2025-11-10 07:15:00+00:00,18.098,18.108,17.999,18.016,99761.0
2025-11-10 07:30:00+00:00,18.017,18.036,17.906,17.966,221758.0
2025-11-10 07:45:00+00:00,17.966,17.999,17.956,17.992,82729.0
2025-11-10 08:00:00+00:00,17.993,18.0,17.87,17.883,141408.0
2025-11-10 08:15:00+00:00,17.883,17.963,17.862,17.937,126740.0
2025-11-10 08:30:00+00:00,17.937,17.937,17.757,17.862,343888.0
2025-11-10 08:45:00+00:00,17.862,17.912,17.846,17.899,105139.0
2025-11-10 09:00:00+00:00,17.899,17.967,17.877,17.919,112629.0
2025-11-10 09:15:00+00:00,17.92,18.108,17.917,18.107,286788.0
2025-11-10 09:30:00+00:00,18.107,18.242,18.077,18.188,385626.0
2025-11-10 09:45:00+00:00,18.189,18.299,18.185,18.251,253529.0
2025-11-10 10:00:00+00:00,18.251,18.279,18.128,18.149,182034.0
2025-11-10 10:15:00+00:00,18.149,18.293,18.117,18.126,244990.0
2025-11-10 10:30:00+00:00,18.127,18.135,17.968,18.054,345967.0
2025-11-10 10:45:00+00:00,18.054,18.112,18.034,18.073,146392.0
2025-11-10 11:00:00+00:00,18.074,18.173,18.053,18.138,137038.0
2025-11-10 11:15:00+00:00,18.137,18.151,18.092,18.101,103908.0
2025-11-10 11:30:00+00:00,18.101,18.152,18.068,18.14,130629.0
2025-11-10 11:45:00+00:00,18.139,18.175,18.07,18.083,93956.0
2025-11-10 12:00:00+00:00,18.083,18.203,17.974,18.168,335419.0
2025-11-10 12:15:00+00:00,18.168,18.227,18.144,18.176,123544.0
2025-11-10 12:30:00+00:00,18.176,18.183,18.105,18.148,224490.0
2025-11-10 12:45:00+00:00,18.148,18.148,18.095,18.124,100865.0
2025-11-10 13:00:00+00:00,18.124,18.277,18.112,18.201,226288.0
2025-11-10 13:15:00+00:00,18.201,18.27,18.171,18.229,272109.0
2025-11-10 13:30:00+00:00,18.229,18.328,18.229,18.253,218690.0
2025-11-10 13:45:00+00:00,18.253,18.295,18.219,18.238,124056.0
2025-11-10 14:00:00+00:00,18.238,18.239,18.093,18.093,265723.0
2025-11-10 14:15:00+00:00,18.094,18.165,18.026,18.139,184344.0
2025-11-10 14:30:00+00:00,18.14,18.148,18.022,18.072,291784.0
2025-11-10 14:45:00+00:00,18.073,18.082,17.773,17.907,993214.0
2025-11-10 15:00:00+00:00,17.906,18.025,17.878,17.921,289290.0
2025-11-10 15:15:00+00:00,17.922,18.009,17.902,17.994,277990.0
2025-11-10 15:30:00+00:00,17.995,18.146,17.985,18.096,257573.0
2025-11-10 15:45:00+00:00,18.096,18.112,17.838,17.929,277399.0
2025-11-10 16:00:00+00:00,17.929,18.043,17.872,18.021,287217.0
2025-11-10 16:15:00+00:00,18.021,18.059,17.868,17.868,195140.0
2025-11-10 16:30:00+00:00,17.867,17.949,17.696,17.74,494554.0
2025-11-10 16:45:00+00:00,17.739,17.821,17.688,17.79,264482.0
2025-11-10 17:00:00+00:00,17.789,17.872,17.725,17.827,313855.0
2025-11-10 17:15:00+00:00,17.826,17.928,17.812,17.886,176487.0
2025-11-10 17:30:00+00:00,17.885,18.022,17.885,18.016,191371.0
2025-11-10 17:45:00+00:00,18.017,18.073,17.994,18.046,213861.0
2025-11-10 18:00:00+00:00,18.047,18.074,17.965,17.971,136373.0
2025-11-10 18:15:00+00:00,17.971,18.034,17.971,18.015,83632.0
2025-11-10 18:30:00+00:00,18.016,18.067,17.995,18.057,90794.0
2025-11-10 18:45:00+00:00,18.057,18.085,17.903,17.908,157731.0
2025-11-10 19:00:00+00:00,17.907,18.008,17.896,18.002,150128.0
2025-11-10 19:15:00+00:00,18.001,18.079,17.962,17.987,151376.0
2025-11-10 19:30:00+00:00,17.987,18.118,17.914,18.072,170801.0
2025-11-10 19:45:00+00:00,18.071,18.13,17.975,17.997,178824.0
2025-11-10 20:00:00+00:00,17.997,18.173,17.989,18.164,203684.0
2025-11-10 20:15:00+00:00,18.164,18.167,18.035,18.042,153760.0
2025-11-10 20:30:00+00:00,18.043,18.142,18.016,18.139,103152.0
2025-11-10 20:45:00+00:00,18.138,18.159,18.044,18.096,124724.0
2025-11-10 21:00:00+00:00,18.095,18.099,17.902,17.94,222517.0
2025-11-10 21:15:00+00:00,17.94,17.942,17.833,17.861,160237.0
2025-11-10 21:30:00+00:00,17.86,17.911,17.824,17.911,109468.0
2025-11-10 21:45:00+00:00,17.911,17.938,17.805,17.924,203230.0
2025-11-10 22:00:00+00:00,17.923,18.034,17.861,17.907,184364.0
2025-11-10 22:15:00+00:00,17.906,18.067,17.888,18.055,144204.0
2025-11-10 22:30:00+00:00,18.055,18.133,18.05,18.116,125055.0
2025-11-10 22:45:00+00:00,18.116,18.351,18.116,18.326,283145.0
2025-11-10 23:00:00+00:00,18.325,18.341,18.218,18.266,164001.0
2025-11-10 23:15:00+00:00,18.266,18.282,18.217,18.239,101807.0
2025-11-10 23:30:00+00:00,18.239,18.254,18.135,18.162,93713.0
2025-11-10 23:45:00+00:00,18.161,18.223,18.129,18.169,76013.0
2025-11-11 00:00:00+00:00,18.17,18.258,18.124,18.18,198075.0
2025-11-11 00:15:00+00:00,18.179,18.213,18.044,18.08,125704.0
2025-11-11 00:30:00+00:00,18.079,18.119,17.985,17.989,156556.0
2025-11-11 00:45:00+00:00,17.988,18.169,17.964,18.13,154612.0
2025-11-11 01:00:00+00:00,18.129,18.235,18.107,18.233,117909.0
2025-11-11 01:15:00+00:00,18.232,18.599,18.232,18.362,608455.0
2025-11-11 01:30:00+00:00,18.363,18.377,18.124,18.148,308971.0
2025-11-11 01:45:00+00:00,18.147,18.253,18.051,18.08,225788.0
2025-11-11 02:00:00+00:00,18.081,18.219,17.981,18.16,410452.0
2025-11-11 02:15:00+00:00,18.159,18.203,18.071,18.201,136205.0
2025-11-11 02:30:00+00:00,18.201,18.487,18.19,18.402,471556.0
2025-11-11 02:45:00+00:00,18.403,18.446,18.276,18.361,233708.0
2025-11-11 03:00:00+00:00,18.361,18.488,18.355,18.44,169038.0
2025-11-11 03:15:00+00:00,18.439,18.489,18.397,18.398,120750.0
2025-11-11 03:30:00+00:00,18.397,18.447,18.31,18.318,199425.0
2025-11-11 03:45:00+00:00,18.317,18.364,18.289,18.342,100734.0
2025-11-11 04:00:00+00:00,18.341,18.368,18.199,18.205,175999.0
2025-11-11 04:15:00+00:00,18.204,18.256,18.127,18.137,124750.0
2025-11-11 04:30:00+00:00,18.137,18.161,18.025,18.057,189597.0
2025-11-11 04:45:00+00:00,18.057,18.064,17.984,17.994,148285.0
2025-11-11 05:00:00+00:00,17.993,17.998,17.845,17.846,249040.0
2025-11-11 05:15:00+00:00,17.845,17.924,17.822,17.888,210887.0
2025-11-11 05:30:00+00:00,17.888,17.889,17.804,17.836,191195.0
2025-11-11 05:45:00+00:00,17.836,17.904,17.779,17.797,155602.0
2025-11-11 06:00:00+00:00,17.796,17.827,17.722,17.762,372973.0
2025-11-11 06:15:00+00:00,17.761,17.845,17.734,17.818,236812.0
2025-11-11 06:30:00+00:00,17.817,17.864,17.795,17.796,86856.0
2025-11-11 06:45:00+00:00,17.795,17.795,17.653,17.764,313943.0
2025-11-11 07:00:00+00:00,17.763,17.773,17.616,17.692,161016.0
2025-11-11 07:15:00+00:00,17.692,17.701,17.57,17.676,331055.0
2025-11-11 07:30:00+00:00,17.675,17.727,17.552,17.59,266679.0
2025-11-11 07:45:00+00:00,17.589,17.599,17.522,17.547,218996.0
2025-11-11 08:00:00+00:00,17.546,17.668,17.522,17.586,213745.0
2025-11-11 08:15:00+00:00,17.586,17.635,17.555,17.559,129519.0
2025-11-11 08:30:00+00:00,17.558,17.57,17.482,17.561,227468.0
2025-11-11 08:45:00+00:00,17.56,17.65,17.559,17.641,125309.0
2025-11-11 09:00:00+00:00,17.64,17.741,17.625,17.671,176863.0
2025-11-11 09:15:00+00:00,17.67,17.727,17.613,17.706,136603.0
2025-11-11 09:30:00+00:00,17.705,17.794,17.68,17.688,238200.0
2025-11-11 09:45:00+00:00,17.687,17.718,17.639,17.646,157998.0
2025-11-11 10:00:00+00:00,17.645,17.754,17.63,17.712,118698.0
2025-11-11 10:15:00+00:00,17.712,17.757,17.669,17.715,126275.0
2025-11-11 10:30:00+00:00,17.714,17.767,17.666,17.767,111928.0
2025-11-11 10:45:00+00:00,17.766,17.775,17.717,17.753,71955.0
2025-11-11 11:00:00+00:00,17.752,17.864,17.752,17.826,117422.0
2025-11-11 11:15:00+00:00,17.825,17.864,17.773,17.804,123029.0
2025-11-11 11:30:00+00:00,17.803,17.853,17.781,17.828,96893.0
2025-11-11 11:45:00+00:00,17.827,17.839,17.712,17.783,124942.0
2025-11-11 12:00:00+00:00,17.783,17.88,17.725,17.76,156599.0
2025-11-11 12:15:00+00:00,17.759,17.796,17.7,17.708,102910.0
2025-11-11 12:30:00+00:00,17.707,17.749,17.661,17.689,133318.0
2025-11-11 12:45:00+00:00,17.688,17.763,17.684,17.732,136089.0
2025-11-11 13:00:00+00:00,17.731,17.852,17.714,17.846,245250.0
2025-11-11 13:15:00+00:00,17.846,17.862,17.721,17.743,225042.0
2025-11-11 13:30:00+00:00,17.743,17.789,17.706,17.738,123240.0
2025-11-11 13:45:00+00:00,17.738,17.794,17.67,17.708,203583.0
2025-11-11 14:00:00+00:00,17.709,17.731,17.653,17.703,212486.0
2025-11-11 14:15:00+00:00,17.702,17.767,17.681,17.723,166018.0
2025-11-11 14:30:00+00:00,17.722,17.73,17.674,17.685,224211.0
2025-11-11 14:45:00+00:00,17.684,17.849,17.621,17.847,418061.0
2025-11-11 15:00:00+00:00,17.846,17.846,17.653,17.701,298604.0
2025-11-11 15:15:00+00:00,17.7,17.753,17.673,17.685,195559.0
2025-11-11 15:30:00+00:00,17.686,17.687,17.554,17.618,315130.0
2025-11-11 15:45:00+00:00,17.617,17.653,17.567,17.615,204381.0
2025-11-11 16:00:00+00:00,17.615,17.677,17.535,17.601,224898.0
2025-11-11 16:15:00+00:00,17.6,17.644,17.543,17.548,214248.0
2025-11-11 16:30:00+00:00,17.548,17.643,17.517,17.615,178333.0
2025-11-11 16:45:00+00:00,17.614,17.709,17.584,17.608,143642.0
2025-11-11 17:00:00+00:00,17.608,17.717,17.587,17.67,151002.0
2025-11-11 17:15:00+00:00,17.67,17.691,17.575,17.59,120144.0
2025-11-11 17:30:00+00:00,17.589,17.603,17.433,17.51,405793.0
2025-11-11 17:45:00+00:00,17.509,17.548,17.479,17.522,121174.0
2025-11-11 18:00:00+00:00,17.521,17.574,17.424,17.476,232686.0
2025-11-11 18:15:00+00:00,17.477,17.5,17.364,17.434,194347.0
2025-11-11 18:30:00+00:00,17.434,17.471,17.358,17.369,157991.0
2025-11-11 18:45:00+00:00,17.369,17.461,17.368,17.404,121171.0
2025-11-11 19:00:00+00:00,17.405,17.407,17.252,17.335,305136.0
2025-11-11 19:15:00+00:00,17.335,17.402,17.334,17.372,100503.0
2025-11-11 19:30:00+00:00,17.371,17.387,17.297,17.325,108111.0
2025-11-11 19:45:00+00:00,17.324,17.34,17.226,17.259,156184.0
2025-11-11 20:00:00+00:00,17.259,17.275,17.162,17.221,324049.0
2025-11-11 20:15:00+00:00,17.22,17.279,17.197,17.197,173752.0
2025-11-11 20:30:00+00:00,17.196,17.2,17.103,17.112,362660.0
2025-11-11 20:45:00+00:00,17.112,17.155,17.1,17.142,234037.0
2025-11-11 21:00:00+00:00,17.142,17.22,17.12,17.181,173916.0
2025-11-11 21:15:00+00:00,17.181,17.21,17.151,17.163,96064.0
2025-11-11 21:30:00+00:00,17.163,17.164,17.0,17.043,335780.0
2025-11-11 21:45:00+00:00,17.043,17.091,17.0,17.04,207229.0
2025-11-11 22:00:00+00:00,17.04,17.102,16.961,17.09,206713.0
2025-11-11 22:15:00+00:00,17.09,17.143,17.023,17.131,243518.0
2025-11-11 22:30:00+00:00,17.13,17.185,17.107,17.16,82884.0
2025-11-11 22:45:00+00:00,17.159,17.203,17.155,17.167,68921.0
2025-11-11 23:00:00+00:00,17.168,17.176,17.075,17.114,105652.0
2025-11-11 23:15:00+00:00,17.114,17.167,17.088,17.112,94816.0
2025-11-11 23:30:00+00:00,17.112,17.112,17.017,17.071,124981.0
2025-11-11 23:45:00+00:00,17.071,17.085,16.964,16.996,177190.0
2025-11-12 00:00:00+00:00,16.997,17.089,16.9,16.969,279326.0
2025-11-12 00:15:00+00:00,16.968,17.073,16.953,17.02,165407.0
2025-11-12 00:30:00+00:00,17.02,17.033,16.946,17.016,130936.0
2025-11-12 00:45:00+00:00,17.016,17.039,16.927,16.94,110051.0
2025-11-12 01:00:00+00:00,16.94,17.07,16.915,17.058,179079.0
2025-11-12 01:15:00+00:00,17.057,17.117,17.019,17.057,147881.0
2025-11-12 01:30:00+00:00,17.056,17.11,17.036,17.099,77953.0
2025-11-12 01:45:00+00:00,17.1,17.134,17.077,17.097,65244.0
2025-11-12 02:00:00+00:00,17.097,17.144,17.087,17.121,70883.0
2025-11-12 02:15:00+00:00,17.121,17.157,17.043,17.064,91589.0
2025-11-12 02:30:00+00:00,17.065,17.068,16.937,17.014,133135.0
2025-11-12 02:45:00+00:00,17.013,17.067,16.977,17.043,80138.0
2025-11-12 03:00:00+00:00,17.043,17.066,17.012,17.061,73891.0
2025-11-12 03:15:00+00:00,17.062,17.109,17.04,17.088,50533.0
2025-11-12 03:30:00+00:00,17.088,17.108,17.064,17.102,59463.0
2025-11-12 03:45:00+00:00,17.102,17.143,17.09,17.111,58070.0
2025-11-12 04:00:00+00:00,17.111,17.119,17.06,17.115,118016.0
2025-11-12 04:15:00+00:00,17.115,17.126,17.073,17.078,49724.0
2025-11-12 04:30:00+00:00,17.078,17.092,17.056,17.064,42123.0
2025-11-12 04:45:00+00:00,17.064,17.122,17.045,17.121,55072.0
2025-11-12 05:00:00+00:00,17.122,17.163,17.12,17.15,97169.0
2025-11-12 05:15:00+00:00,17.15,17.272,17.14,17.246,140954.0
2025-11-12 05:30:00+00:00,17.247,17.29,17.227,17.29,83867.0
2025-11-12 05:45:00+00:00,17.291,17.294,17.24,17.251,61957.0
2025-11-12 06:00:00+00:00,17.252,17.351,17.231,17.328,77785.0
2025-11-12 06:15:00+00:00,17.328,17.45,17.326,17.43,129698.0
2025-11-12 06:30:00+00:00,17.429,17.434,17.354,17.359,98706.0
2025-11-12 06:45:00+00:00,17.359,17.363,17.268,17.268,70892.0
2025-11-12 07:00:00+00:00,17.269,17.354,17.23,17.324,116267.0
2025-11-12 07:15:00+00:00,17.324,17.344,17.259,17.273,43167.0
2025-11-12 07:30:00+00:00,17.273,17.28,17.231,17.256,72369.0
2025-11-12 07:45:00+00:00,17.256,17.259,17.107,17.129,147281.0
2025-11-12 08:00:00+00:00,17.13,17.197,17.13,17.184,75641.0
2025-11-12 08:15:00+00:00,17.185,17.302,17.185,17.302,94650.0
2025-11-12 08:30:00+00:00,17.303,17.466,17.297,17.397,187491.0
2025-11-12 08:45:00+00:00,17.397,17.447,17.377,17.389,146884.0
2025-11-12 09:00:00+00:00,17.389,17.497,17.355,17.494,217043.0
2025-11-12 09:15:00+00:00,17.493,17.537,17.469,17.497,137410.0
2025-11-12 09:30:00+00:00,17.497,17.527,17.435,17.522,123815.0
2025-11-12 09:45:00+00:00,17.521,17.523,17.478,17.507,89248.0
2025-11-12 10:00:00+00:00,17.507,17.58,17.498,17.562,134406.0
2025-11-12 10:15:00+00:00,17.563,17.563,17.514,17.53,115645.0
2025-11-12 10:30:00+00:00,17.53,17.605,17.495,17.518,142361.0
2025-11-12 10:45:00+00:00,17.518,17.596,17.516,17.579,112477.0
2025-11-12 11:00:00+00:00,17.578,17.628,17.553,17.598,200016.0
2025-11-12 11:15:00+00:00,17.599,17.638,17.542,17.542,157859.0
2025-11-12 11:30:00+00:00,17.542,17.57,17.488,17.505,117586.0
2025-11-12 11:45:00+00:00,17.506,17.56,17.494,17.548,83938.0
2025-11-12 12:00:00+00:00,17.549,17.556,17.47,17.536,132621.0
2025-11-12 12:15:00+00:00,17.536,17.667,17.503,17.593,195183.0
2025-11-12 12:30:00+00:00,17.593,17.612,17.52,17.54,81528.0
2025-11-12 12:45:00+00:00,17.54,17.612,17.538,17.581,49423.0
2025-11-12 13:00:00+00:00,17.58,17.597,17.526,17.553,88383.0
2025-11-12 13:15:00+00:00,17.553,17.666,17.521,17.662,95349.0
2025-11-12 13:30:00+00:00,17.662,17.727,17.624,17.712,166328.0
2025-11-12 13:45:00+00:00,17.713,17.75,17.685,17.703,91086.0
2025-11-12 14:00:00+00:00,17.704,17.736,17.633,17.727,131693.0
2025-11-12 14:15:00+00:00,17.727,17.76,17.673,17.681,138210.0
2025-11-12 14:30:00+00:00,17.682,17.684,17.539,17.576,198483.0
2025-11-12 14:45:00+00:00,17.576,17.61,17.196,17.375,968531.0
2025-11-12 15:00:00+00:00,17.375,17.479,17.309,17.317,346781.0
2025-11-12 15:15:00+00:00,17.318,17.371,17.216,17.284,444828.0
2025-11-12 15:30:00+00:00,17.284,17.357,17.135,17.17,493801.0
2025-11-12 15:45:00+00:00,17.169,17.181,16.968,17.02,526125.0
2025-11-12 16:00:00+00:00,17.021,17.077,16.689,16.792,944729.0
2025-11-12 16:15:00+00:00,16.792,16.915,16.754,16.808,474708.0
2025-11-12 16:30:00+00:00,16.808,16.955,16.751,16.843,361210.0
2025-11-12 16:45:00+00:00,16.844,16.888,16.742,16.779,259138.0
2025-11-12 17:00:00+00:00,16.78,16.786,16.674,16.713,261830.0
2025-11-12 17:15:00+00:00,16.713,16.741,16.619,16.702,274478.0
2025-11-12 17:30:00+00:00,16.702,16.955,16.675,16.83,438314.0
2025-11-12 17:45:00+00:00,16.831,16.865,16.786,16.829,169073.0
2025-11-12 18:00:00+00:00,16.83,16.936,16.823,16.899,210984.0
2025-11-12 18:15:00+00:00,16.9,16.972,16.86,16.868,161307.0
2025-11-12 18:30:00+00:00,16.868,16.96,16.843,16.902,157076.0
2025-11-12 18:45:00+00:00,16.903,16.904,16.816,16.833,158748.0
2025-11-12 19:00:00+00:00,16.833,16.838,16.703,16.737,204588.0
2025-11-12 19:15:00+00:00,16.738,16.795,16.701,16.747,177178.0
2025-11-12 19:30:00+00:00,16.748,16.898,16.673,16.816,311907.0
2025-11-12 19:45:00+00:00,16.816,16.831,16.767,16.774,140351.0
2025-11-12 20:00:00+00:00,16.774,16.827,16.727,16.776,190199.0
2025-11-12 20:15:00+00:00,16.776,16.889,16.768,16.881,144429.0
2025-11-12 20:30:00+00:00,16.881,16.956,16.863,16.874,202067.0
2025-11-12 20:45:00+00:00,16.874,16.906,16.841,16.859,125622.0
2025-11-12 21:00:00+00:00,16.859,16.973,16.855,16.963,247828.0
2025-11-12 21:15:00+00:00,16.963,16.966,16.892,16.904,98974.0
2025-11-12 21:30:00+00:00,16.904,16.944,16.89,16.908,59205.0
2025-11-12 21:45:00+00:00,16.908,16.916,16.862,16.907,58910.0
2025-11-12 22:00:00+00:00,16.907,16.907,16.795,16.824,100143.0
2025-11-12 22:15:00+00:00,16.821,16.865,16.793,16.809,78005.0
2025-11-12 22:30:00+00:00,16.81,16.875,16.793,16.863,62963.0
2025-11-12 22:45:00+00:00,16.864,16.948,16.863,16.932,63089.0
2025-11-12 23:00:00+00:00,16.932,16.932,16.835,16.866,139465.0
2025-11-12 23:15:00+00:00,16.867,16.923,16.858,16.865,77795.0
2025-11-12 23:30:00+00:00,16.864,16.878,16.807,16.814,81288.0
2025-11-12 23:45:00+00:00,16.814,16.822,16.775,16.805,74047.0
2025-11-13 00:00:00+00:00,16.804,16.883,16.783,16.834,119169.0
2025-11-13 00:15:00+00:00,16.833,16.909,16.796,16.829,83988.0
2025-11-13 00:30:00+00:00,16.829,16.969,16.829,16.895,183840.0
2025-11-13 00:45:00+00:00,16.895,16.908,16.828,16.847,76476.0
2025-11-13 01:00:00+00:00,16.846,17.089,16.843,17.047,248110.0
2025-11-13 01:15:00+00:00,17.046,17.069,16.942,16.984,214962.0
2025-11-13 01:30:00+00:00,16.985,17.148,16.968,17.126,213171.0
2025-11-13 01:45:00+00:00,17.127,17.133,16.989,17.012,120660.0
2025-11-13 02:00:00+00:00,17.012,17.085,17.008,17.033,120724.0
2025-11-13 02:15:00+00:00,17.033,17.067,16.977,16.982,68424.0
2025-11-13 02:30:00+00:00,16.982,17.152,16.972,17.103,239964.0
2025-11-13 02:45:00+00:00,17.103,17.124,17.047,17.068,83411.0
2025-11-13 03:00:00+00:00,17.068,17.092,16.922,16.93,151484.0
2025-11-13 03:15:00+00:00,16.929,17.25,16.796,17.24,635609.0
2025-11-13 03:30:00+00:00,17.24,17.6,17.23,17.482,593590.0
2025-11-13 03:45:00+00:00,17.482,17.64,17.431,17.434,493996.0
2025-11-13 04:00:00+00:00,17.434,17.464,17.305,17.464,353560.0
2025-11-13 04:15:00+00:00,17.465,17.582,17.366,17.517,273986.0
2025-11-13 04:30:00+00:00,17.516,17.516,17.374,17.406,199032.0
2025-11-13 04:45:00+00:00,17.405,17.475,17.356,17.403,207341.0
2025-11-13 05:00:00+00:00,17.402,17.418,17.297,17.298,152151.0
2025-11-13 05:15:00+00:00,17.297,17.368,17.275,17.366,134966.0
2025-11-13 05:30:00+00:00,17.367,17.512,17.346,17.51,168283.0
2025-11-13 05:45:00+00:00,17.51,17.639,17.491,17.583,263787.0
2025-11-13 06:00:00+00:00,17.582,17.63,17.51,17.597,311280.0
2025-11-13 06:15:00+00:00,17.597,17.685,17.59,17.67,203501.0
2025-11-13 06:30:00+00:00,17.67,17.681,17.603,17.64,146021.0
2025-11-13 06:45:00+00:00,17.64,17.664,17.568,17.583,155795.0
2025-11-13 07:00:00+00:00,17.584,17.613,17.562,17.587,186437.0
2025-11-13 07:15:00+00:00,17.586,17.614,17.539,17.562,128667.0
2025-11-13 07:30:00+00:00,17.562,17.6,17.453,17.496,165988.0
2025-11-13 07:45:00+00:00,17.497,17.498,17.359,17.392,202004.0
2025-11-13 08:00:00+00:00,17.392,17.477,17.353,17.424,261197.0
2025-11-13 08:15:00+00:00,17.425,17.497,17.414,17.489,114049.0
2025-11-13 08:30:00+00:00,17.489,17.526,17.461,17.503,89036.0
2025-11-13 08:45:00+00:00,17.503,17.519,17.407,17.417,142011.0
2025-11-13 09:00:00+00:00,17.418,17.44,17.187,17.308,260762.0
2025-11-13 09:15:00+00:00,17.309,17.361,17.267,17.296,130293.0
2025-11-13 09:30:00+00:00,17.296,17.323,17.259,17.293,119348.0
2025-11-13 09:45:00+00:00,17.294,17.304,17.222,17.245,112920.0
2025-11-13 10:00:00+00:00,17.245,17.357,17.245,17.3,96585.0
2025-11-13 10:15:00+00:00,17.299,17.392,17.291,17.334,126327.0
2025-11-13 10:30:00+00:00,17.334,17.334,17.222,17.262,130336.0
2025-11-13 10:45:00+00:00,17.262,17.269,17.209,17.237,71638.0
2025-11-13 11:00:00+00:00,17.236,17.289,17.229,17.286,102963.0
2025-11-13 11:15:00+00:00,17.286,17.316,17.255,17.281,118620.0
2025-11-13 11:30:00+00:00,17.28,17.294,17.231,17.292,78904.0
2025-11-13 11:45:00+00:00,17.292,17.308,17.24,17.259,71493.0
2025-11-13 12:00:00+00:00,17.26,17.285,17.209,17.231,120610.0
2025-11-13 12:15:00+00:00,17.232,17.318,17.232,17.275,89941.0
2025-11-13 12:30:00+00:00,17.275,17.349,17.275,17.319,105069.0
2025-11-13 12:45:00+00:00,17.319,17.393,17.314,17.384,203293.0
2025-11-13 13:00:00+00:00,17.384,17.424,17.366,17.388,114157.0
2025-11-13 13:15:00+00:00,17.388,17.421,17.23,17.271,184299.0
2025-11-13 13:30:00+00:00,17.271,17.283,17.121,17.208,363518.0
2025-11-13 13:45:00+00:00,17.209,17.266,17.144,17.168,199901.0
2025-11-13 14:00:00+00:00,17.167,17.197,17.05,17.068,390127.0
2025-11-13 14:15:00+00:00,17.067,17.152,17.027,17.101,219394.0
2025-11-13 14:30:00+00:00,17.101,17.144,16.875,16.958,693594.0
2025-11-13 14:45:00+00:00,16.958,17.367,16.944,17.234,705741.0
2025-11-13 15:00:00+00:00,17.234,17.282,17.061,17.282,475830.0
2025-11-13 15:15:00+00:00,17.283,17.307,17.022,17.066,330996.0
2025-11-13 15:30:00+00:00,17.067,17.072,16.936,16.949,333993.0
2025-11-13 15:45:00+00:00,16.949,16.96,16.873,16.955,310607.0
2025-11-13 16:00:00+00:00,16.954,17.023,16.911,17.0,257451.0
2025-11-13 16:15:00+00:00,17.0,17.017,16.808,16.874,366464.0
2025-11-13 16:30:00+00:00,16.874,16.972,16.783,16.823,398436.0
2025-11-13 16:45:00+00:00,16.823,16.834,16.798,16.808,30214.0
