timestamp,open,high,low,close,volume
2025-05-18 16:00:00+00:00,101.83,102.48,101.2,101.93,58549.597
2025-05-18 17:00:00+00:00,101.93,101.98,99.96,100.06,26221.452
2025-05-18 18:00:00+00:00,100.07,100.11,98.19,98.66,45927.093
2025-05-18 19:00:00+00:00,98.66,99.4,97.0,97.01,30181.046
2025-05-18 20:00:00+00:00,97.02,97.82,95.8,97.45,54870.05
2025-05-18 21:00:00+00:00,97.45,99.15,97.45,98.27,15429.18
2025-05-18 22:00:00+00:00,98.28,99.42,97.13,99.38,18447.307
2025-05-18 23:00:00+00:00,99.37,101.33,99.0,100.94,23593.372
2025-05-19 00:00:00+00:00,100.95,101.27,98.42,98.77,41196.161
2025-05-19 01:00:00+00:00,98.77,99.5,98.35,98.99,22807.491
2025-05-19 02:00:00+00:00,98.99,99.32,98.13,98.42,15347.88
2025-05-19 03:00:00+00:00,98.42,98.47,97.02,97.07,15018.706
2025-05-19 04:00:00+00:00,97.07,97.86,94.86,95.27,55000.588
2025-05-19 05:00:00+00:00,95.27,95.6,94.65,95.33,37733.079
2025-05-19 06:00:00+00:00,95.31,96.06,94.36,94.41,57078.37
2025-05-19 07:00:00+00:00,94.41,96.04,94.29,95.71,27671.187
2025-05-19 08:00:00+00:00,95.7,95.85,94.8,95.38,17341.348
2025-05-19 09:00:00+00:00,95.37,95.93,94.78,95.42,26556.548
2025-05-19 10:00:00+00:00,95.41,95.91,94.93,95.6,9624.439
2025-05-19 11:00:00+00:00,95.61,95.95,95.43,95.78,9231.105
2025-05-19 12:00:00+00:00,95.78,95.9,94.4,94.74,30209.948
2025-05-19 13:00:00+00:00,94.74,96.32,94.65,95.8,23921.107
2025-05-19 14:00:00+00:00,95.81,97.02,95.49,96.76,23489.162
2025-05-19 15:00:00+00:00,96.75,97.91,96.65,97.78,21200.289
2025-05-19 16:00:00+00:00,97.79,98.63,97.05,98.6,17719.565
2025-05-19 17:00:00+00:00,98.59,99.19,98.23,98.44,29989.944
2025-05-19 18:00:00+00:00,98.43,98.78,97.82,98.49,17312.011
2025-05-19 19:00:00+00:00,98.49,99.4,98.34,99.17,17345.312
2025-05-19 20:00:00+00:00,99.17,99.33,98.75,99.07,12261.58
2025-05-19 21:00:00+00:00,99.07,99.16,98.47,98.86,9745.903
2025-05-19 22:00:00+00:00,98.85,98.85,98.1,98.13,12837.7
2025-05-19 23:00:00+00:00,98.12,98.6,98.09,98.25,10361.299
2025-05-20 00:00:00+00:00,98.26,99.22,98.2,98.47,14616.512
2025-05-20 01:00:00+00:00,98.46,99.55,98.29,99.14,16452.1
2025-05-20 02:00:00+00:00,99.15,99.69,98.52,98.75,30217.636
2025-05-20 03:00:00+00:00,98.75,98.99,97.87,97.89,14761.129
2025-05-20 04:00:00+00:00,97.9,97.97,96.55,97.86,26810.368
2025-05-20 05:00:00+00:00,97.86,98.35,97.6,97.71,15228.698
2025-05-20 06:00:00+00:00,97.71,97.85,96.92,97.1,12870.121
2025-05-20 07:00:00+00:00,97.11,97.37,93.14,93.94,160643.773
2025-05-20 08:00:00+00:00,93.94,94.23,92.8,93.89,76306.603
2025-05-20 09:00:00+00:00,93.89,93.97,93.08,93.37,63223.758
2025-05-20 10:00:00+00:00,93.38,93.66,92.84,93.13,38296.888
2025-05-20 11:00:00+00:00,93.13,93.57,92.39,93.45,40756.867
2025-05-20 12:00:00+00:00,93.45,93.45,92.29,92.87,32488.565
2025-05-20 13:00:00+00:00,92.87,93.55,92.72,93.27,33230.343
2025-05-20 14:00:00+00:00,93.26,93.87,92.94,93.36,32210.128
2025-05-20 15:00:00+00:00,93.36,94.16,93.2,93.89,35797.264
2025-05-20 16:00:00+00:00,93.89,94.11,93.44,93.63,15930.519
2025-05-20 17:00:00+00:00,93.64,94.49,93.59,94.4,19647.924
2025-05-20 18:00:00+00:00,94.39,94.61,93.06,93.14,30762.024
2025-05-20 19:00:00+00:00,93.14,94.21,92.95,93.77,34972.801
2025-05-20 20:00:00+00:00,93.76,94.62,93.26,94.25,41474.129
2025-05-20 21:00:00+00:00,94.25,94.88,93.7,94.25,33007.455
2025-05-20 22:00:00+00:00,94.24,94.46,93.39,93.8,15806.755
2025-05-20 23:00:00+00:00,93.8,94.74,93.6,94.46,27879.805
2025-05-21 00:00:00+00:00,94.47,94.78,94.0,94.47,20164.157
2025-05-21 01:00:00+00:00,94.47,94.8,94.24,94.37,20974.21
2025-05-21 02:00:00+00:00,94.38,94.9,93.43,94.6,33995.819
2025-05-21 03:00:00+00:00,94.61,95.19,93.99,94.74,50375.071
2025-05-21 04:00:00+00:00,94.74,95.4,94.5,95.0,24669.47
2025-05-21 05:00:00+00:00,95.01,95.9,94.92,95.76,26818.394
2025-05-21 06:00:00+00:00,95.76,96.19,95.22,95.92,25786.45
2025-05-21 07:00:00+00:00,95.93,96.12,94.36,94.74,22993.234
2025-05-21 08:00:00+00:00,94.73,95.27,94.41,94.7,20854.516
2025-05-21 09:00:00+00:00,94.71,95.28,94.46,95.22,19151.222
2025-05-21 10:00:00+00:00,95.23,95.49,94.94,95.25,10046.052
2025-05-21 11:00:00+00:00,95.26,95.74,95.13,95.49,12531.626
2025-05-21 12:00:00+00:00,95.49,95.72,94.93,95.09,16610.59
2025-05-21 13:00:00+00:00,95.09,95.87,94.61,95.58,24518.384
2025-05-21 14:00:00+00:00,95.59,96.18,94.94,96.18,41105.646
2025-05-21 15:00:00+00:00,96.18,96.79,95.58,96.65,58885.286
2025-05-21 16:00:00+00:00,96.65,98.35,96.36,97.46,69379.323
2025-05-21 17:00:00+00:00,97.46,97.8,94.17,95.4,130866.992
2025-05-21 18:00:00+00:00,95.41,95.9,94.79,95.02,40293.1
2025-05-21 19:00:00+00:00,95.03,96.42,94.79,96.31,25835.049
2025-05-21 20:00:00+00:00,96.3,96.46,95.69,96.16,17047.642
2025-05-21 21:00:00+00:00,96.16,96.74,95.94,96.36,12841.011
2025-05-21 22:00:00+00:00,96.37,97.14,96.19,96.99,10730.744
2025-05-21 23:00:00+00:00,96.99,97.78,96.61,97.09,27731.06
2025-05-22 00:00:00+00:00,97.09,97.99,96.96,97.86,31148.853
2025-05-22 01:00:00+00:00,97.86,98.24,97.44,97.5,30642.16
2025-05-22 02:00:00+00:00,97.5,98.32,97.37,98.1,24470.336
2025-05-22 03:00:00+00:00,98.11,100.18,97.95,99.57,73147.548
2025-05-22 04:00:00+00:00,99.58,99.75,98.84,99.29,40226.554
2025-05-22 05:00:00+00:00,99.29,99.36,98.12,98.42,35388.59
2025-05-22 06:00:00+00:00,98.42,98.74,97.89,98.07,34718.738
2025-05-22 07:00:00+00:00,98.07,99.19,97.84,99.1,22556.778
2025-05-22 08:00:00+00:00,99.11,99.94,98.58,98.85,95735.18
2025-05-22 09:00:00+00:00,98.86,99.45,98.48,98.99,99888.778
2025-05-22 10:00:00+00:00,98.98,99.05,98.4,98.49,24940.745
2025-05-22 11:00:00+00:00,98.49,98.79,97.74,98.49,31954.139
2025-05-22 12:00:00+00:00,98.49,99.14,98.15,98.96,23133.192
2025-05-22 13:00:00+00:00,98.96,98.98,97.97,98.14,24388.234
2025-05-22 14:00:00+00:00,98.14,98.95,98.13,98.74,24832.916
2025-05-22 15:00:00+00:00,98.74,99.4,98.46,99.19,28483.722
2025-05-22 16:00:00+00:00,99.2,99.71,98.68,98.9,23568.756
2025-05-22 17:00:00+00:00,98.9,99.43,98.73,99.07,20884.358
2025-05-22 18:00:00+00:00,99.07,100.75,98.89,100.41,61099.323
2025-05-22 19:00:00+00:00,100.42,100.51,99.57,99.68,26429.998
2025-05-22 20:00:00+00:00,99.69,100.3,99.1,99.57,22107.805
2025-05-22 21:00:00+00:00,99.58,99.76,99.06,99.49,15505.776
2025-05-22 22:00:00+00:00,99.5,101.04,99.35,100.48,28930.025
2025-05-22 23:00:00+00:00,100.49,100.66,99.94,100.26,23042.071
2025-05-23 00:00:00+00:00,100.26,100.74,99.71,100.71,36300.644
2025-05-23 01:00:00+00:00,100.72,101.22,100.33,100.83,21305.086
2025-05-23 02:00:00+00:00,100.83,102.44,100.79,102.09,36743.878
2025-05-23 03:00:00+00:00,102.09,102.94,101.74,102.13,30979.033
2025-05-23 04:00:00+00:00,102.12,102.45,100.7,101.37,29075.248
2025-05-23 05:00:00+00:00,101.37,101.47,100.48,101.36,22525.244
2025-05-23 06:00:00+00:00,101.35,101.41,99.65,99.95,39400.241
2025-05-23 07:00:00+00:00,99.95,100.83,99.95,100.01,13755.27
2025-05-23 08:00:00+00:00,100.02,100.97,99.93,100.87,14270.679
2025-05-23 09:00:00+00:00,100.87,102.03,100.81,101.97,14356.304
2025-05-23 10:00:00+00:00,101.98,102.02,101.07,101.66,18921.862
2025-05-23 11:00:00+00:00,101.66,101.67,96.96,97.44,110827.365
2025-05-23 12:00:00+00:00,97.45,97.65,95.07,97.45,116841.738
2025-05-23 13:00:00+00:00,97.45,99.65,97.16,99.52,51284.862
2025-05-23 14:00:00+00:00,99.51,99.96,98.98,99.45,26153.031
2025-05-23 15:00:00+00:00,99.45,99.73,98.28,98.33,28465.855
2025-05-23 16:00:00+00:00,98.34,98.97,97.67,98.55,26282.11
2025-05-23 17:00:00+00:00,98.55,99.38,98.49,99.1,17763.717
2025-05-23 18:00:00+00:00,99.09,99.36,97.93,98.28,22806.207
2025-05-23 19:00:00+00:00,98.27,99.18,98.08,98.67,13557.852
2025-05-23 20:00:00+00:00,98.67,98.67,97.02,97.06,25916.259
2025-05-23 21:00:00+00:00,97.07,97.64,96.65,96.99,17168.774
2025-05-23 22:00:00+00:00,96.99,97.74,96.38,96.38,18080.172
2025-05-23 23:00:00+00:00,96.38,96.62,94.59,95.26,42503.234
2025-05-24 00:00:00+00:00,95.25,96.37,94.79,95.51,20883.355
2025-05-24 01:00:00+00:00,95.51,96.52,95.51,95.89,14802.362
2025-05-24 02:00:00+00:00,95.88,96.71,95.65,96.64,8670.383
2025-05-24 03:00:00+00:00,96.63,97.17,96.5,96.72,11554.607
2025-05-24 04:00:00+00:00,96.72,97.18,96.67,97.04,6166.65
2025-05-24 05:00:00+00:00,97.05,97.09,96.34,96.52,6250.515
2025-05-24 06:00:00+00:00,96.52,96.73,96.03,96.61,6743.033
2025-05-24 07:00:00+00:00,96.61,96.96,96.36,96.63,7361.572
2025-05-24 08:00:00+00:00,96.63,97.47,96.56,97.46,11990.539
2025-05-24 09:00:00+00:00,97.46,97.81,97.11,97.15,12808.395
2025-05-24 10:00:00+00:00,97.15,97.81,97.01,97.62,11022.108
2025-05-24 11:00:00+00:00,97.62,97.77,97.11,97.23,10422.855
2025-05-24 12:00:00+00:00,97.23,97.42,96.81,97.02,19748.766
2025-05-24 13:00:00+00:00,97.02,97.1,96.38,96.49,13126.091
2025-05-24 14:00:00+00:00,96.48,96.96,96.38,96.85,12121.104
2025-05-24 15:00:00+00:00,96.85,97.05,96.69,96.96,9739.324
2025-05-24 16:00:00+00:00,96.96,96.97,95.84,96.25,47188.714
2025-05-24 17:00:00+00:00,96.25,96.63,95.93,96.28,14174.261
2025-05-24 18:00:00+00:00,96.27,96.9,96.25,96.51,14097.755
2025-05-24 19:00:00+00:00,96.5,96.9,96.38,96.87,7938.121
2025-05-24 20:00:00+00:00,96.86,96.87,96.35,96.4,7965.783
2025-05-24 21:00:00+00:00,96.4,96.55,95.82,96.36,9618.789
2025-05-24 22:00:00+00:00,96.37,96.39,95.0,95.58,31388.819
2025-05-24 23:00:00+00:00,95.58,95.94,95.34,95.63,13630.091
2025-05-25 00:00:00+00:00,95.63,96.06,94.56,94.88,22955.262
2025-05-25 01:00:00+00:00,94.88,95.23,94.25,94.96,17285.984
2025-05-25 02:00:00+00:00,94.97,95.6,94.63,95.42,12736.42
2025-05-25 03:00:00+00:00,95.41,95.94,95.34,95.78,10807.617
2025-05-25 04:00:00+00:00,95.78,95.86,95.39,95.81,11723.57
2025-05-25 05:00:00+00:00,95.8,95.92,95.6,95.85,8066.761
2025-05-25 06:00:00+00:00,95.84,95.95,95.56,95.88,7958.665
2025-05-25 07:00:00+00:00,95.88,95.88,95.09,95.27,9833.887
2025-05-25 08:00:00+00:00,95.28,95.29,93.87,94.21,28882.467
2025-05-25 09:00:00+00:00,94.2,94.56,93.89,94.53,17564.13
2025-05-25 10:00:00+00:00,94.54,94.72,93.97,94.06,7362.51
2025-05-25 11:00:00+00:00,94.07,94.51,93.84,94.5,15645.672
2025-05-25 12:00:00+00:00,94.5,95.12,94.29,95.06,10999.786
2025-05-25 13:00:00+00:00,95.05,95.16,94.62,94.77,13693.219
2025-05-25 14:00:00+00:00,94.77,95.26,94.41,94.52,12213.81
2025-05-25 15:00:00+00:00,94.52,94.65,93.08,94.35,38093.176
2025-05-25 16:00:00+00:00,94.36,94.36,93.36,94.21,14767.933
2025-05-25 17:00:00+00:00,94.21,94.66,94.12,94.57,14305.249
2025-05-25 18:00:00+00:00,94.58,94.66,94.19,94.31,8682.899
2025-05-25 19:00:00+00:00,94.3,94.92,94.25,94.67,9373.7
2025-05-25 20:00:00+00:00,94.67,94.72,94.1,94.34,8209.212
2025-05-25 21:00:00+00:00,94.34,94.59,93.76,93.94,6860.082
2025-05-25 22:00:00+00:00,93.94,95.79,93.8,95.68,18845.077
2025-05-25 23:00:00+00:00,95.68,95.85,95.21,95.6,12190.163
2025-05-26 00:00:00+00:00,95.59,96.34,95.21,96.29,14798.716
2025-05-26 01:00:00+00:00,96.3,96.52,96.07,96.29,16694.882
2025-05-26 02:00:00+00:00,96.29,96.29,95.72,95.96,6214.385
2025-05-26 03:00:00+00:00,95.95,96.36,95.72,96.17,7858.555
2025-05-26 04:00:00+00:00,96.18,96.42,96.0,96.34,10600.996
2025-05-26 05:00:00+00:00,96.35,96.63,96.21,96.62,6478.931
2025-05-26 06:00:00+00:00,96.63,96.93,96.48,96.84,11512.323
2025-05-26 07:00:00+00:00,96.85,97.23,96.69,97.0,13964.134
2025-05-26 08:00:00+00:00,97.0,97.31,96.61,96.73,14203.084
2025-05-26 09:00:00+00:00,96.73,97.03,96.42,96.65,10897.031
2025-05-26 10:00:00+00:00,96.65,96.93,96.46,96.74,8670.867
2025-05-26 11:00:00+00:00,96.74,97.02,96.55,96.89,7979.866
2025-05-26 12:00:00+00:00,96.9,97.59,96.7,97.46,14744.079
2025-05-26 13:00:00+00:00,97.47,97.58,96.57,96.8,16283.426
2025-05-26 14:00:00+00:00,96.79,97.22,96.53,96.79,16609.239
2025-05-26 15:00:00+00:00,96.8,97.48,96.43,97.19,16997.178
2025-05-26 16:00:00+00:00,97.2,97.44,95.86,95.88,20041.205
2025-05-26 17:00:00+00:00,95.88,95.97,94.42,94.63,26375.41
2025-05-26 18:00:00+00:00,94.64,95.06,94.32,94.83,14507.168
2025-05-26 19:00:00+00:00,94.82,95.03,94.56,94.74,9005.142
2025-05-26 20:00:00+00:00,94.73,95.24,94.4,95.22,16260.657
2025-05-26 21:00:00+00:00,95.21,95.42,94.87,95.34,8253.571
2025-05-26 22:00:00+00:00,95.34,95.68,94.56,94.57,13312.933
2025-05-26 23:00:00+00:00,94.56,95.05,94.37,95.02,12192.698
2025-05-27 00:00:00+00:00,95.01,95.3,94.18,94.38,16311.978
2025-05-27 01:00:00+00:00,94.37,94.37,93.03,93.79,31419.817
2025-05-27 02:00:00+00:00,93.8,94.2,93.61,94.0,9025.934
2025-05-27 03:00:00+00:00,94.0,94.85,93.93,94.47,10121.355
2025-05-27 04:00:00+00:00,94.48,94.88,94.22,94.25,8630.876
2025-05-27 05:00:00+00:00,94.25,94.54,93.73,94.47,12211.411
2025-05-27 06:00:00+00:00,94.47,95.38,94.36,94.46,36386.333
2025-05-27 07:00:00+00:00,94.45,95.7,94.45,95.57,13526.464
2025-05-27 08:00:00+00:00,95.58,96.15,95.58,96.14,19686.017
2025-05-27 09:00:00+00:00,96.14,96.27,95.68,95.71,16217.241
2025-05-27 10:00:00+00:00,95.71,95.88,95.12,95.37,39275.896
2025-05-27 11:00:00+00:00,95.36,95.55,95.02,95.51,11689.151
2025-05-27 12:00:00+00:00,95.51,95.82,95.31,95.75,23480.869
2025-05-27 13:00:00+00:00,95.75,96.82,95.71,96.03,42111.073
2025-05-27 14:00:00+00:00,96.03,96.41,94.95,95.61,22543.789
2025-05-27 15:00:00+00:00,95.61,96.57,95.3,96.36,14986.933
2025-05-27 16:00:00+00:00,96.36,96.97,96.0,96.5,32790.628
2025-05-27 17:00:00+00:00,96.51,96.79,96.08,96.6,32445.165
2025-05-27 18:00:00+00:00,96.6,96.92,96.36,96.49,14729.694
2025-05-27 19:00:00+00:00,96.48,96.77,96.24,96.72,12551.497
2025-05-27 20:00:00+00:00,96.72,97.0,96.68,96.89,10614.065
2025-05-27 21:00:00+00:00,96.88,96.98,95.9,95.99,29656.337
2025-05-27 22:00:00+00:00,95.99,96.09,95.32,95.85,13041.745
2025-05-27 23:00:00+00:00,95.85,96.0,95.52,95.9,8021.933
2025-05-28 00:00:00+00:00,95.89,96.16,95.25,96.14,11344.552
2025-05-28 01:00:00+00:00,96.15,96.29,95.68,95.81,8974.735
2025-05-28 02:00:00+00:00,95.8,96.07,95.07,95.36,13697.653
2025-05-28 03:00:00+00:00,95.36,95.79,95.19,95.75,10582.228
2025-05-28 04:00:00+00:00,95.75,95.91,95.23,95.85,10032.701
2025-05-28 05:00:00+00:00,95.86,95.96,95.56,95.88,9382.415
2025-05-28 06:00:00+00:00,95.88,95.88,94.94,95.17,12114.526
2025-05-28 07:00:00+00:00,95.17,95.8,95.0,95.52,6785.801
2025-05-28 08:00:00+00:00,95.53,96.12,95.27,96.12,10233.649
2025-05-28 09:00:00+00:00,96.12,96.35,95.36,95.72,12676.819
2025-05-28 10:00:00+00:00,95.72,96.35,95.31,96.29,14140.894
2025-05-28 11:00:00+00:00,96.28,97.26,96.28,97.25,27228.95
2025-05-28 12:00:00+00:00,97.25,97.49,96.8,96.85,29353.875
2025-05-28 13:00:00+00:00,96.86,97.03,95.86,95.93,19753.416
2025-05-28 14:00:00+00:00,95.92,96.02,94.93,94.95,24395.965
2025-05-28 15:00:00+00:00,94.94,95.23,94.0,94.46,25691.442
2025-05-28 16:00:00+00:00,94.47,95.27,94.31,95.24,12348.902
2025-05-28 17:00:00+00:00,95.25,95.79,95.0,95.33,11203.669
2025-05-28 18:00:00+00:00,95.32,95.58,94.42,94.55,11290.112
2025-05-28 19:00:00+00:00,94.54,95.05,93.5,93.55,27726.847
2025-05-28 20:00:00+00:00,93.54,94.56,93.52,94.43,12803.649
2025-05-28 21:00:00+00:00,94.43,95.29,94.31,95.16,13984.842
2025-05-28 22:00:00+00:00,95.15,95.16,94.2,94.41,24066.376
2025-05-28 23:00:00+00:00,94.42,95.61,94.42,95.37,16412.249
2025-05-29 00:00:00+00:00,95.38,96.65,94.94,96.6,21722.518
2025-05-29 01:00:00+00:00,96.6,96.64,95.89,96.37,21392.609
2025-05-29 02:00:00+00:00,96.37,98.91,96.09,98.33,55406.958
2025-05-29 03:00:00+00:00,98.32,98.95,96.98,97.3,62964.121
2025-05-29 04:00:00+00:00,97.29,98.1,96.05,96.9,29498.431
2025-05-29 05:00:00+00:00,96.91,97.03,96.54,96.69,9965.364
2025-05-29 06:00:00+00:00,96.68,97.24,96.4,97.1,9363.878
2025-05-29 07:00:00+00:00,97.1,97.32,96.7,97.0,11408.337
2025-05-29 08:00:00+00:00,97.0,97.64,96.54,97.49,15918.749
2025-05-29 09:00:00+00:00,97.48,97.68,97.26,97.56,9408.356
2025-05-29 10:00:00+00:00,97.56,97.65,97.14,97.56,10404.728
2025-05-29 11:00:00+00:00,97.57,97.58,96.92,97.11,13221.059
2025-05-29 12:00:00+00:00,97.1,97.11,96.26,96.56,27260.664
2025-05-29 13:00:00+00:00,96.56,97.17,95.68,96.0,20409.589
2025-05-29 14:00:00+00:00,95.99,96.44,94.73,96.31,40945.56
2025-05-29 15:00:00+00:00,96.31,96.65,95.57,95.74,19718.817
2025-05-29 16:00:00+00:00,95.74,96.12,94.65,94.88,26400.177
2025-05-29 17:00:00+00:00,94.87,95.53,94.66,95.4,23062.591
2025-05-29 18:00:00+00:00,95.41,95.69,94.35,94.38,23056.71
2025-05-29 19:00:00+00:00,94.38,94.6,93.59,93.82,36905.208
2025-05-29 20:00:00+00:00,93.82,94.32,93.55,93.76,23668.875
2025-05-29 21:00:00+00:00,93.75,94.72,93.71,94.68,11216.834
2025-05-29 22:00:00+00:00,94.67,94.68,93.79,93.82,12279.661
2025-05-29 23:00:00+00:00,93.81,94.12,92.82,93.21,28690.021
2025-05-30 00:00:00+00:00,93.2,93.9,89.33,90.33,126657.434
2025-05-30 01:00:00+00:00,90.34,91.81,90.14,91.36,35870.995
2025-05-30 02:00:00+00:00,91.36,92.06,91.21,91.67,22716.339
2025-05-30 03:00:00+00:00,91.66,92.13,91.52,91.79,9480.37
2025-05-30 04:00:00+00:00,91.79,91.88,91.09,91.61,20557.438
2025-05-30 05:00:00+00:00,91.62,92.02,91.48,91.87,11699.923
2025-05-30 06:00:00+00:00,91.86,91.87,89.95,90.45,27763.43
2025-05-30 07:00:00+00:00,90.44,91.1,90.32,90.56,28153.567
2025-05-30 08:00:00+00:00,90.57,90.66,89.8,90.06,40021.901
2025-05-30 09:00:00+00:00,90.07,90.36,89.16,90.23,59996.017
2025-05-30 10:00:00+00:00,90.23,90.41,89.75,90.13,74025.474
2025-05-30 11:00:00+00:00,90.13,90.74,90.07,90.56,21255.802
2025-05-30 12:00:00+00:00,90.55,90.71,89.27,90.2,39505.983
2025-05-30 13:00:00+00:00,90.21,90.53,89.08,89.18,24900.125
2025-05-30 14:00:00+00:00,89.19,90.07,88.96,89.81,26102.268
2025-05-30 15:00:00+00:00,89.81,90.37,89.58,89.63,14614.25
2025-05-30 16:00:00+00:00,89.63,89.92,86.46,87.23,124884.516
2025-05-30 17:00:00+00:00,87.23,87.88,87.01,87.67,28530.202
2025-05-30 18:00:00+00:00,87.66,88.79,87.56,88.68,23210.45
2025-05-30 19:00:00+00:00,88.68,89.08,88.41,88.5,14425.218
2025-05-30 20:00:00+00:00,88.5,88.6,88.0,88.09,11540.812
2025-05-30 21:00:00+00:00,88.09,88.41,87.34,87.64,14826.745
2025-05-30 22:00:00+00:00,87.64,87.79,85.7,85.79,39188.507
2025-05-30 23:00:00+00:00,85.8,86.25,84.91,85.64,41174.627
2025-05-31 00:00:00+00:00,85.64,85.87,83.57,84.45,49249.298
2025-05-31 01:00:00+00:00,84.45,85.16,83.3,84.06,50929.959
2025-05-31 02:00:00+00:00,84.05,84.86,83.57,83.78,17161.616
2025-05-31 03:00:00+00:00,83.77,84.39,83.11,84.33,37012.621
2025-05-31 04:00:00+00:00,84.33,84.83,83.48,84.77,19796.79
2025-05-31 05:00:00+00:00,84.76,84.98,84.34,84.6,10863.623
2025-05-31 06:00:00+00:00,84.6,85.31,84.5,85.07,10857.492
2025-05-31 07:00:00+00:00,85.07,85.24,84.79,84.99,7758.612
2025-05-31 08:00:00+00:00,85.0,85.43,84.67,85.03,23011.714
2025-05-31 09:00:00+00:00,85.02,85.25,84.63,85.03,11174.322
2025-05-31 10:00:00+00:00,85.04,85.71,84.82,85.22,26879.15
2025-05-31 11:00:00+00:00,85.21,85.34,84.73,84.98,15327.672
2025-05-31 12:00:00+00:00,84.98,86.48,84.92,86.48,19620.823
2025-05-31 13:00:00+00:00,86.47,87.13,86.35,86.57,20771.936
2025-05-31 14:00:00+00:00,86.56,87.19,86.47,87.11,11071.46
2025-05-31 15:00:00+00:00,87.11,87.71,86.92,87.02,18846.464
2025-05-31 16:00:00+00:00,87.01,87.88,86.8,87.75,13382.479
2025-05-31 17:00:00+00:00,87.75,87.93,87.15,87.2,13441.289
2025-05-31 18:00:00+00:00,87.2,87.5,87.03,87.32,11581.066
2025-05-31 19:00:00+00:00,87.31,87.78,87.31,87.56,8242.98
2025-05-31 20:00:00+00:00,87.56,87.69,87.35,87.61,7045.693
2025-05-31 21:00:00+00:00,87.61,87.92,87.5,87.82,13973.769
2025-05-31 22:00:00+00:00,87.82,87.89,87.27,87.29,6088.958
2025-05-31 23:00:00+00:00,87.29,87.72,86.97,87.03,10305.894
2025-06-01 00:00:00+00:00,87.03,87.11,86.66,87.08,10440.596
2025-06-01 01:00:00+00:00,87.07,87.39,86.34,86.62,11229.144
2025-06-01 02:00:00+00:00,86.62,87.2,86.17,87.02,7805.728
2025-06-01 03:00:00+00:00,87.02,87.2,86.45,87.07,6161.856
2025-06-01 04:00:00+00:00,87.06,87.57,86.94,87.41,5255.829
2025-06-01 05:00:00+00:00,87.41,87.49,86.97,87.1,6159.403
2025-06-01 06:00:00+00:00,87.09,87.12,86.57,86.62,8914.543
2025-06-01 07:00:00+00:00,86.63,86.75,86.33,86.63,6183.473
2025-06-01 08:00:00+00:00,86.63,86.78,86.36,86.64,9858.613
2025-06-01 09:00:00+00:00,86.65,86.9,85.74,86.27,16319.792
2025-06-01 10:00:00+00:00,86.27,86.65,86.08,86.51,8810.365
2025-06-01 11:00:00+00:00,86.51,87.01,86.32,86.75,7234.879
2025-06-01 12:00:00+00:00,86.76,86.97,86.22,86.57,7651.433
2025-06-01 13:00:00+00:00,86.56,87.92,86.52,87.49,18617.008
2025-06-01 14:00:00+00:00,87.49,87.9,87.39,87.49,12590.971
2025-06-01 15:00:00+00:00,87.49,87.77,87.27,87.74,9645.63
2025-06-01 16:00:00+00:00,87.74,88.45,87.5,88.14,29310.973
2025-06-01 17:00:00+00:00,88.15,88.22,87.81,88.06,11495.581
2025-06-01 18:00:00+00:00,88.05,88.05,86.77,87.45,12141.978
2025-06-01 19:00:00+00:00,87.45,88.06,87.42,88.04,8675.0
2025-06-01 20:00:00+00:00,88.04,88.23,87.67,87.84,4887.257
2025-06-01 21:00:00+00:00,87.84,88.34,87.79,88.31,5498.9
2025-06-01 22:00:00+00:00,88.3,88.56,88.17,88.3,7694.09
2025-06-01 23:00:00+00:00,88.3,88.72,88.29,88.39,6583.068
2025-06-02 00:00:00+00:00,88.39,88.51,88.08,88.25,11404.36
2025-06-02 01:00:00+00:00,88.26,88.6,87.9,87.93,10268.092
2025-06-02 02:00:00+00:00,87.92,87.97,87.43,87.48,10276.138
2025-06-02 03:00:00+00:00,87.49,87.58,86.98,87.37,12535.252
2025-06-02 04:00:00+00:00,87.37,87.75,87.24,87.4,6310.645
2025-06-02 05:00:00+00:00,87.4,87.82,87.23,87.63,6658.292
2025-06-02 06:00:00+00:00,87.62,88.41,87.42,88.12,9918.864
2025-06-02 07:00:00+00:00,88.12,89.94,88.12,89.06,38009.589
2025-06-02 08:00:00+00:00,89.06,89.66,88.51,88.74,15509.173
2025-06-02 09:00:00+00:00,88.75,89.06,88.14,88.23,16238.345
2025-06-02 10:00:00+00:00,88.23,88.53,87.8,88.4,19266.854
2025-06-02 11:00:00+00:00,88.39,88.46,87.64,87.87,8478.12
2025-06-02 12:00:00+00:00,87.86,88.62,87.67,88.59,11117.55
2025-06-02 13:00:00+00:00,88.59,88.71,87.65,87.71,12700.098
2025-06-02 14:00:00+00:00,87.71,88.65,87.36,88.19,16511.396
2025-06-02 15:00:00+00:00,88.19,88.7,87.84,88.43,8438.314
2025-06-02 16:00:00+00:00,88.43,88.45,87.72,87.96,12182.619
2025-06-02 17:00:00+00:00,87.97,88.56,87.73,88.44,8503.693
2025-06-02 18:00:00+00:00,88.44,89.15,88.39,88.67,24038.198
2025-06-02 19:00:00+00:00,88.68,89.02,88.01,88.63,11056.51
2025-06-02 20:00:00+00:00,88.64,89.21,88.62,88.86,9544.484
2025-06-02 21:00:00+00:00,88.86,89.2,88.72,89.19,8971.413
2025-06-02 22:00:00+00:00,89.18,89.82,89.18,89.51,12176.798
2025-06-02 23:00:00+00:00,89.51,89.97,89.46,89.52,13240.161
2025-06-03 00:00:00+00:00,89.52,90.31,89.34,90.09,13170.403
2025-06-03 01:00:00+00:00,90.09,90.58,90.0,90.51,10480.273
2025-06-03 02:00:00+00:00,90.51,90.58,89.67,89.74,13016.693
2025-06-03 03:00:00+00:00,89.73,89.85,89.36,89.5,9489.986
2025-06-03 04:00:00+00:00,89.5,89.52,89.04,89.16,8705.745
2025-06-03 05:00:00+00:00,89.17,89.79,89.17,89.73,7802.748
2025-06-03 06:00:00+00:00,89.73,89.88,89.43,89.87,12045.426
2025-06-03 07:00:00+00:00,89.88,89.98,89.41,89.47,6490.491
2025-06-03 08:00:00+00:00,89.47,89.66,88.99,89.46,29541.781
2025-06-03 09:00:00+00:00,89.46,89.77,89.35,89.69,8843.045
2025-06-03 10:00:00+00:00,89.69,89.69,89.03,89.24,31667.447
2025-06-03 11:00:00+00:00,89.24,89.34,88.76,88.95,16333.764
2025-06-03 12:00:00+00:00,88.95,89.2,88.71,89.04,10337.909
2025-06-03 13:00:00+00:00,89.04,89.64,88.96,89.37,15774.535
2025-06-03 14:00:00+00:00,89.37,90.16,88.9,90.12,16257.691
2025-06-03 15:00:00+00:00,90.12,90.25,89.75,89.86,16824.387
2025-06-03 16:00:00+00:00,89.87,90.06,89.56,89.59,15706.76
2025-06-03 17:00:00+00:00,89.58,90.12,89.5,90.0,13908.973
2025-06-03 18:00:00+00:00,90.0,90.16,89.64,90.13,11162.01
2025-06-03 19:00:00+00:00,90.12,90.56,90.05,90.34,13733.684
2025-06-03 20:00:00+00:00,90.34,90.36,89.43,89.88,16334.983
2025-06-03 21:00:00+00:00,89.87,89.94,88.67,89.0,15068.23
2025-06-03 22:00:00+00:00,89.01,89.88,88.92,89.74,9282.954
2025-06-03 23:00:00+00:00,89.74,89.9,89.41,89.5,5650.918
2025-06-04 00:00:00+00:00,89.49,90.38,89.46,90.38,10901.054
2025-06-04 01:00:00+00:00,90.38,90.7,90.05,90.36,21048.381
2025-06-04 02:00:00+00:00,90.36,90.73,89.94,90.03,7025.709
2025-06-04 03:00:00+00:00,90.03,90.62,89.98,90.4,8360.956
2025-06-04 04:00:00+00:00,90.4,90.93,90.38,90.78,7970.297
2025-06-04 05:00:00+00:00,90.77,90.81,90.2,90.23,9671.901
2025-06-04 06:00:00+00:00,90.24,90.3,89.89,90.17,14266.875
2025-06-04 07:00:00+00:00,90.18,90.41,90.06,90.31,7486.495
2025-06-04 08:00:00+00:00,90.32,90.68,90.31,90.39,6350.334
2025-06-04 09:00:00+00:00,90.38,90.85,90.1,90.84,16849.225
2025-06-04 10:00:00+00:00,90.84,90.97,90.63,90.65,12777.419
2025-06-04 11:00:00+00:00,90.64,90.78,90.11,90.15,8779.1
2025-06-04 12:00:00+00:00,90.15,90.31,89.62,89.92,16952.642
2025-06-04 13:00:00+00:00,89.91,90.59,89.8,89.88,15104.048
2025-06-04 14:00:00+00:00,89.88,90.18,89.29,90.15,16231.762
2025-06-04 15:00:00+00:00,90.15,90.33,89.92,90.04,12892.89
2025-06-04 16:00:00+00:00,90.05,90.09,89.67,89.82,7338.042
2025-06-04 17:00:00+00:00,89.83,89.84,88.81,89.04,19003.462
2025-06-04 18:00:00+00:00,89.05,89.4,89.01,89.18,6989.971
2025-06-04 19:00:00+00:00,89.18,89.38,88.91,88.91,7975.225
2025-06-04 20:00:00+00:00,88.91,88.93,87.87,88.0,23654.857
2025-06-04 21:00:00+00:00,87.99,88.62,87.4,88.4,21941.805
2025-06-04 22:00:00+00:00,88.4,88.46,87.67,87.73,10324.231
2025-06-04 23:00:00+00:00,87.72,88.2,87.66,87.99,5547.473
2025-06-05 00:00:00+00:00,87.98,88.56,87.9,88.43,5877.369
2025-06-05 01:00:00+00:00,88.43,88.73,88.33,88.49,4756.719
2025-06-05 02:00:00+00:00,88.49,89.05,88.46,88.66,7395.209
2025-06-05 03:00:00+00:00,88.67,88.69,88.25,88.36,4315.346
2025-06-05 04:00:00+00:00,88.36,88.57,88.17,88.47,6731.435
2025-06-05 05:00:00+00:00,88.47,88.49,87.6,87.81,6985.896
2025-06-05 06:00:00+00:00,87.81,88.02,87.29,87.39,13768.805
2025-06-05 07:00:00+00:00,87.4,87.91,87.22,87.52,13690.43
2025-06-05 08:00:00+00:00,87.52,87.97,87.52,87.73,6776.489
2025-06-05 09:00:00+00:00,87.74,88.09,87.74,87.94,8963.789
2025-06-05 10:00:00+00:00,87.94,88.02,87.09,87.36,11642.434
2025-06-05 11:00:00+00:00,87.37,87.89,87.11,87.83,9908.019
2025-06-05 12:00:00+00:00,87.84,89.11,87.73,88.83,26171.921
2025-06-05 13:00:00+00:00,88.83,89.13,87.51,87.64,20456.553
2025-06-05 14:00:00+00:00,87.62,88.33,86.8,87.88,28419.839
2025-06-05 15:00:00+00:00,87.88,88.23,87.52,87.52,14382.133
2025-06-05 16:00:00+00:00,87.52,87.59,86.18,86.42,22689.293
2025-06-05 17:00:00+00:00,86.4,86.99,86.22,86.89,14784.564
2025-06-05 18:00:00+00:00,86.89,87.06,86.09,86.79,14666.298
2025-06-05 19:00:00+00:00,86.79,86.89,84.8,85.78,42966.199
2025-06-05 20:00:00+00:00,85.77,86.08,82.08,82.2,97557.941
2025-06-05 21:00:00+00:00,82.2,83.65,81.95,83.58,49959.651
2025-06-05 22:00:00+00:00,83.58,83.58,82.53,83.21,19308.087
2025-06-05 23:00:00+00:00,83.22,83.84,83.2,83.58,13500.423
2025-06-06 00:00:00+00:00,83.58,84.4,83.17,84.28,14806.573
2025-06-06 01:00:00+00:00,84.28,84.36,83.87,84.06,16186.703
2025-06-06 02:00:00+00:00,84.05,84.41,83.52,84.39,12317.509
2025-06-06 03:00:00+00:00,84.38,84.44,83.75,84.38,32955.486
2025-06-06 04:00:00+00:00,84.38,84.58,83.97,84.39,11179.514
2025-06-06 05:00:00+00:00,84.39,84.41,83.61,83.93,48322.521
2025-06-06 06:00:00+00:00,83.92,84.44,83.77,84.08,20967.258
2025-06-06 07:00:00+00:00,84.09,84.28,83.62,83.88,22705.152
2025-06-06 08:00:00+00:00,83.89,84.25,83.84,84.06,10262.167
2025-06-06 09:00:00+00:00,84.06,84.41,83.91,83.94,17400.518
2025-06-06 10:00:00+00:00,83.94,84.57,83.94,84.3,13664.513
2025-06-06 11:00:00+00:00,84.3,84.7,84.28,84.58,13377.657
2025-06-06 12:00:00+00:00,84.58,85.82,84.53,85.07,33934.318
2025-06-06 13:00:00+00:00,85.08,86.28,85.08,85.93,24501.194
2025-06-06 14:00:00+00:00,85.93,86.67,85.79,86.66,20557.918
2025-06-06 15:00:00+00:00,86.65,86.95,86.07,86.58,21707.149
2025-06-06 16:00:00+00:00,86.58,87.03,86.52,86.64,17246.243
2025-06-06 17:00:00+00:00,86.64,86.88,86.19,86.85,13540.112
2025-06-06 18:00:00+00:00,86.85,86.88,86.21,86.43,14050.865
2025-06-06 19:00:00+00:00,86.42,86.94,86.4,86.78,10644.25
2025-06-06 20:00:00+00:00,86.78,87.67,86.72,87.61,12482.621
2025-06-06 21:00:00+00:00,87.61,87.67,87.21,87.25,8353.263
2025-06-06 22:00:00+00:00,87.26,87.33,86.9,87.23,9789.013
2025-06-06 23:00:00+00:00,87.23,87.25,86.94,87.25,12955.409
2025-06-07 00:00:00+00:00,87.25,87.5,87.08,87.48,13399.61
2025-06-07 01:00:00+00:00,87.47,87.5,86.68,86.79,5450.533
2025-06-07 02:00:00+00:00,86.78,87.43,86.63,87.41,7208.82
2025-06-07 03:00:00+00:00,87.4,88.03,87.35,87.65,8894.485
2025-06-07 04:00:00+00:00,87.64,87.8,87.48,87.6,4283.096
2025-06-07 05:00:00+00:00,87.6,88.0,87.43,87.99,6587.813
2025-06-07 06:00:00+00:00,87.99,88.16,87.73,88.16,9090.191
2025-06-07 07:00:00+00:00,88.16,88.33,87.9,88.32,7041.996
2025-06-07 08:00:00+00:00,88.31,88.45,87.89,87.99,12149.101
2025-06-07 09:00:00+00:00,88.0,88.17,87.77,87.93,7134.554
2025-06-07 10:00:00+00:00,87.93,88.49,87.89,88.42,7089.914
2025-06-07 11:00:00+00:00,88.42,88.69,88.34,88.5,9644.084
2025-06-07 12:00:00+00:00,88.5,88.58,88.26,88.33,6962.267
2025-06-07 13:00:00+00:00,88.33,88.78,88.24,88.64,8077.287
2025-06-07 14:00:00+00:00,88.64,88.85,88.49,88.81,9569.342
2025-06-07 15:00:00+00:00,88.82,89.0,88.62,88.99,10967.103
2025-06-07 16:00:00+00:00,89.0,89.31,88.71,88.74,13294.931
2025-06-07 17:00:00+00:00,88.74,88.9,88.32,88.35,11809.401
2025-06-07 18:00:00+00:00,88.35,88.6,87.96,88.07,14390.993
2025-06-07 19:00:00+00:00,88.06,88.34,88.06,88.13,5246.413
2025-06-07 20:00:00+00:00,88.13,88.51,88.13,88.3,5219.974
2025-06-07 21:00:00+00:00,88.3,88.58,88.18,88.57,4893.047
2025-06-07 22:00:00+00:00,88.57,88.94,88.46,88.55,11403.813
2025-06-07 23:00:00+00:00,88.55,88.56,88.26,88.31,7890.731
2025-06-08 00:00:00+00:00,88.31,88.34,88.06,88.29,6409.644
2025-06-08 01:00:00+00:00,88.29,88.63,88.23,88.57,5849.474
2025-06-08 02:00:00+00:00,88.56,88.56,88.21,88.24,5964.546
2025-06-08 03:00:00+00:00,88.23,88.53,88.11,88.41,8519.514
2025-06-08 04:00:00+00:00,88.4,88.42,88.15,88.31,5180.003
2025-06-08 05:00:00+00:00,88.31,88.31,87.93,88.08,6189.887
2025-06-08 06:00:00+00:00,88.07,88.56,87.75,87.81,57829.905
2025-06-08 07:00:00+00:00,87.81,87.98,86.94,87.19,42804.016
2025-06-08 08:00:00+00:00,87.19,87.41,87.14,87.24,8851.594
2025-06-08 09:00:00+00:00,87.23,87.32,86.59,86.87,13781.16
2025-06-08 10:00:00+00:00,86.87,87.0,86.66,86.93,8736.191
2025-06-08 11:00:00+00:00,86.94,87.28,86.89,87.19,10658.738
2025-06-08 12:00:00+00:00,87.19,87.37,87.03,87.37,7709.985
2025-06-08 13:00:00+00:00,87.37,88.16,87.06,87.49,17888.155
2025-06-08 14:00:00+00:00,87.48,87.99,87.34,87.95,8840.499
2025-06-08 15:00:00+00:00,87.96,88.2,87.87,88.06,8325.888
2025-06-08 16:00:00+00:00,88.06,88.39,88.03,88.37,13400.82
2025-06-08 17:00:00+00:00,88.37,88.46,87.99,88.05,11080.373
2025-06-08 18:00:00+00:00,88.04,88.2,87.88,88.0,5921.471
2025-06-08 19:00:00+00:00,88.0,88.21,87.83,88.0,7148.977
2025-06-08 20:00:00+00:00,88.0,88.05,87.74,87.83,5740.009
2025-06-08 21:00:00+00:00,87.84,88.22,87.82,88.13,6156.028
2025-06-08 22:00:00+00:00,88.12,88.13,87.2,87.27,10893.427
2025-06-08 23:00:00+00:00,87.26,87.37,87.07,87.18,8703.736
2025-06-09 00:00:00+00:00,87.18,87.56,87.08,87.29,8382.206
2025-06-09 01:00:00+00:00,87.29,87.48,86.92,87.15,11552.532
2025-06-09 02:00:00+00:00,87.15,87.78,86.98,87.62,6140.165
2025-06-09 03:00:00+00:00,87.62,87.9,87.36,87.88,5516.728
2025-06-09 04:00:00+00:00,87.87,88.12,87.22,87.33,11922.085
2025-06-09 05:00:00+00:00,87.33,87.56,87.13,87.15,6946.168
2025-06-09 06:00:00+00:00,87.15,87.5,86.87,87.46,5828.828
2025-06-09 07:00:00+00:00,87.46,87.46,86.71,87.0,6685.456
2025-06-09 08:00:00+00:00,87.0,87.63,86.83,87.63,13218.464
2025-06-09 09:00:00+00:00,87.64,88.32,87.41,88.03,15506.971
2025-06-09 10:00:00+00:00,88.03,88.84,88.0,88.46,22297.922
2025-06-09 11:00:00+00:00,88.46,89.29,88.28,89.24,23463.422
2025-06-09 12:00:00+00:00,89.25,89.47,88.83,89.36,18059.77
2025-06-09 13:00:00+00:00,89.36,89.54,88.35,88.45,26348.968
2025-06-09 14:00:00+00:00,88.45,88.79,87.67,87.8,104190.7
2025-06-09 15:00:00+00:00,87.8,88.35,87.59,88.11,30928.832
2025-06-09 16:00:00+00:00,88.12,88.95,88.12,88.65,26433.817
2025-06-09 17:00:00+00:00,88.65,89.34,88.59,88.95,19829.9
2025-06-09 18:00:00+00:00,88.95,89.1,88.44,88.63,17739.05
2025-06-09 19:00:00+00:00,88.63,88.81,88.29,88.49,11161.862
2025-06-09 20:00:00+00:00,88.48,88.78,88.48,88.71,7328.189
2025-06-09 21:00:00+00:00,88.71,89.98,88.7,89.9,25491.242
2025-06-09 22:00:00+00:00,89.91,90.64,89.84,90.61,21365.364
2025-06-09 23:00:00+00:00,90.6,90.81,90.05,90.73,20146.347
2025-06-10 00:00:00+00:00,90.74,91.25,90.69,90.88,23761.042
2025-06-10 01:00:00+00:00,90.88,91.46,90.78,91.44,10635.599
2025-06-10 02:00:00+00:00,91.44,91.5,90.83,91.18,17544.465
2025-06-10 03:00:00+00:00,91.19,91.25,90.54,90.54,12492.223
2025-06-10 04:00:00+00:00,90.54,90.71,90.12,90.3,11364.675
2025-06-10 05:00:00+00:00,90.3,90.61,89.74,89.9,12809.779
2025-06-10 06:00:00+00:00,89.89,90.56,89.63,90.29,12182.153
2025-06-10 07:00:00+00:00,90.3,90.72,90.05,90.17,10226.638
2025-06-10 08:00:00+00:00,90.18,90.48,89.8,89.83,7175.973
2025-06-10 09:00:00+00:00,89.84,90.3,89.76,90.02,9414.576
2025-06-10 10:00:00+00:00,90.02,90.11,89.53,89.91,10633.735
2025-06-10 11:00:00+00:00,89.91,91.64,89.54,91.63,33501.606
2025-06-10 12:00:00+00:00,91.62,93.12,91.3,92.42,52839.667
2025-06-10 13:00:00+00:00,92.42,92.55,90.76,91.5,35484.484
2025-06-10 14:00:00+00:00,91.5,91.57,90.63,90.73,19879.033
2025-06-10 15:00:00+00:00,90.72,91.36,90.12,90.94,16353.693
2025-06-10 16:00:00+00:00,90.94,91.19,90.62,90.63,8416.105
2025-06-10 17:00:00+00:00,90.63,91.33,90.61,90.82,9278.987
2025-06-10 18:00:00+00:00,90.81,91.68,90.65,91.59,7810.448
2025-06-10 19:00:00+00:00,91.6,92.41,91.41,91.89,20356.177
2025-06-10 20:00:00+00:00,91.88,92.37,91.25,92.35,16268.298
2025-06-10 21:00:00+00:00,92.36,92.65,91.62,92.36,16124.051
2025-06-10 22:00:00+00:00,92.36,93.38,92.35,92.95,15420.887
2025-06-10 23:00:00+00:00,92.95,93.5,92.95,93.33,14878.929
2025-06-11 00:00:00+00:00,93.33,93.65,91.96,92.01,40500.735
2025-06-11 01:00:00+00:00,92.01,92.22,91.65,91.77,21723.007
2025-06-11 02:00:00+00:00,91.77,92.19,91.45,91.6,12128.804
2025-06-11 03:00:00+00:00,91.6,92.18,91.48,91.85,17917.753
2025-06-11 04:00:00+00:00,91.85,92.07,91.52,91.99,13555.475
2025-06-11 05:00:00+00:00,92.0,92.16,91.67,91.84,10616.306
2025-06-11 06:00:00+00:00,91.83,92.05,91.6,91.89,16463.377
2025-06-11 07:00:00+00:00,91.89,92.07,91.54,91.69,16861.008
2025-06-11 08:00:00+00:00,91.69,92.44,91.68,91.89,25965.237
2025-06-11 09:00:00+00:00,91.89,92.0,91.05,91.16,20439.031
2025-06-11 10:00:00+00:00,91.16,91.57,90.95,91.45,23670.906
2025-06-11 11:00:00+00:00,91.44,91.48,90.9,91.12,8430.218
2025-06-11 12:00:00+00:00,91.13,92.33,90.84,91.92,33863.86
2025-06-11 13:00:00+00:00,91.92,92.38,91.66,91.83,15421.754
2025-06-11 14:00:00+00:00,91.84,93.14,91.71,92.69,17239.992
2025-06-11 15:00:00+00:00,92.7,93.42,92.4,93.39,18986.483
2025-06-11 16:00:00+00:00,93.39,93.92,92.93,93.6,24437.844
2025-06-11 17:00:00+00:00,93.6,94.17,92.89,92.94,22290.847
2025-06-11 18:00:00+00:00,92.93,92.95,91.81,92.34,26310.744
2025-06-11 19:00:00+00:00,92.34,92.44,91.73,91.84,19969.629
2025-06-11 20:00:00+00:00,91.84,92.38,91.32,92.1,13681.873
2025-06-11 21:00:00+00:00,92.1,92.58,90.72,90.9,20162.621
2025-06-11 22:00:00+00:00,90.89,91.44,90.38,90.92,20651.485
2025-06-11 23:00:00+00:00,90.91,91.66,90.83,91.56,8892.041
2025-06-12 00:00:00+00:00,91.56,91.9,90.81,91.46,9348.971
2025-06-12 01:00:00+00:00,91.45,91.63,90.85,91.58,5494.399
2025-06-12 02:00:00+00:00,91.57,91.8,91.05,91.18,6203.714
2025-06-12 03:00:00+00:00,91.19,91.25,90.3,90.31,17860.36
2025-06-12 04:00:00+00:00,90.31,90.4,89.65,90.09,21732.481
2025-06-12 05:00:00+00:00,90.09,90.44,89.59,89.9,10343.847
2025-06-12 06:00:00+00:00,89.89,90.21,89.47,89.95,9713.206
2025-06-12 07:00:00+00:00,89.95,90.06,89.24,89.54,12078.71
2025-06-12 08:00:00+00:00,89.53,90.08,89.11,89.79,19968.492
2025-06-12 09:00:00+00:00,89.79,90.04,89.46,89.52,9146.781
2025-06-12 10:00:00+00:00,89.52,89.59,88.69,88.97,16923.342
2025-06-12 11:00:00+00:00,88.97,89.09,88.12,88.18,15297.224
2025-06-12 12:00:00+00:00,88.18,88.94,88.09,88.62,13589.268
2025-06-12 13:00:00+00:00,88.62,89.08,88.49,88.97,11854.346
2025-06-12 14:00:00+00:00,88.97,89.4,88.95,89.13,12355.036
2025-06-12 15:00:00+00:00,89.13,89.4,87.8,87.93,23065.848
2025-06-12 16:00:00+00:00,87.92,89.11,87.85,88.93,19043.542
2025-06-12 17:00:00+00:00,88.93,89.83,88.83,89.62,14048.504
2025-06-12 18:00:00+00:00,89.61,89.63,88.17,88.54,11539.861
2025-06-12 19:00:00+00:00,88.54,88.84,87.3,87.43,17006.599
2025-06-12 20:00:00+00:00,87.42,87.76,86.02,86.47,30096.948
2025-06-12 21:00:00+00:00,86.46,87.18,86.2,86.5,13021.136
2025-06-12 22:00:00+00:00,86.49,86.82,86.0,86.25,13521.483
2025-06-12 23:00:00+00:00,86.25,86.8,86.13,86.13,17332.828
2025-06-13 00:00:00+00:00,86.13,86.14,82.37,82.84,99514.564
2025-06-13 01:00:00+00:00,82.82,82.83,81.48,82.48,70131.078
2025-06-13 02:00:00+00:00,82.47,82.53,81.3,82.16,30621.391
2025-06-13 03:00:00+00:00,82.16,83.49,81.96,83.29,32020.293
2025-06-13 04:00:00+00:00,83.29,83.29,82.47,83.01,19695.887
2025-06-13 05:00:00+00:00,83.01,83.23,82.86,82.87,19153.908
2025-06-13 06:00:00+00:00,82.87,83.99,82.43,83.97,16428.164
2025-06-13 07:00:00+00:00,83.98,84.0,83.35,83.8,19030.674
2025-06-13 08:00:00+00:00,83.81,84.42,83.47,83.73,17070.004
2025-06-13 09:00:00+00:00,83.74,83.85,83.29,83.6,15951.634
2025-06-13 10:00:00+00:00,83.59,83.88,83.22,83.84,15612.852
2025-06-13 11:00:00+00:00,83.85,84.22,83.62,84.22,11863.682
2025-06-13 12:00:00+00:00,84.22,84.49,83.72,83.81,15922.74
2025-06-13 13:00:00+00:00,83.82,84.32,83.6,83.81,13439.592
2025-06-13 14:00:00+00:00,83.82,84.21,82.84,83.68,23012.299
2025-06-13 15:00:00+00:00,83.67,84.56,83.46,84.16,19904.097
2025-06-13 16:00:00+00:00,84.17,85.07,83.96,85.07,19308.178
2025-06-13 17:00:00+00:00,85.06,85.06,84.16,84.87,19454.933
2025-06-13 18:00:00+00:00,84.86,85.01,83.77,84.36,12015.981
2025-06-13 19:00:00+00:00,84.35,84.9,84.15,84.76,17589.401
2025-06-13 20:00:00+00:00,84.76,85.77,84.71,85.7,20292.063
2025-06-13 21:00:00+00:00,85.7,85.81,85.17,85.62,9162.255
2025-06-13 22:00:00+00:00,85.62,85.97,85.55,85.95,14015.04
2025-06-13 23:00:00+00:00,85.95,86.7,85.95,86.55,9086.915
2025-06-14 00:00:00+00:00,86.55,86.55,85.77,85.89,17464.669
2025-06-14 01:00:00+00:00,85.89,86.08,85.62,85.99,5501.011
2025-06-14 02:00:00+00:00,85.98,86.25,85.87,86.02,5114.544
2025-06-14 03:00:00+00:00,86.03,86.49,85.99,86.16,6240.198
2025-06-14 04:00:00+00:00,86.15,86.49,86.1,86.34,4838.115
2025-06-14 05:00:00+00:00,86.34,86.46,86.07,86.28,5006.93
2025-06-14 06:00:00+00:00,86.28,86.38,85.96,86.0,7226.968
2025-06-14 07:00:00+00:00,86.0,86.49,85.79,86.42,6168.953
2025-06-14 08:00:00+00:00,86.42,86.91,86.22,86.83,8569.645
2025-06-14 09:00:00+00:00,86.84,86.85,86.02,86.1,9527.808
2025-06-14 10:00:00+00:00,86.11,86.48,85.91,86.36,6535.477
2025-06-14 11:00:00+00:00,86.35,86.42,85.94,86.02,5367.793
2025-06-14 12:00:00+00:00,86.02,86.22,85.78,86.21,6986.861
2025-06-14 13:00:00+00:00,86.22,86.59,86.12,86.28,11135.262
2025-06-14 14:00:00+00:00,86.27,86.29,85.72,85.75,11832.102
2025-06-14 15:00:00+00:00,85.75,85.97,85.05,85.33,22361.316
2025-06-14 16:00:00+00:00,85.32,85.47,84.2,84.33,29388.572
2025-06-14 17:00:00+00:00,84.33,85.13,84.28,85.03,10392.969
2025-06-14 18:00:00+00:00,85.02,85.35,84.25,84.73,9148.17
2025-06-14 19:00:00+00:00,84.73,85.22,84.6,84.71,6440.466
2025-06-14 20:00:00+00:00,84.72,85.02,84.24,84.87,7681.31
2025-06-14 21:00:00+00:00,84.87,85.43,84.72,85.29,6474.902
2025-06-14 22:00:00+00:00,85.3,85.39,84.97,85.15,5394.402
2025-06-14 23:00:00+00:00,85.14,85.34,85.03,85.18,5156.994
2025-06-15 00:00:00+00:00,85.18,85.64,85.03,85.61,8033.799
2025-06-15 01:00:00+00:00,85.6,85.7,85.21,85.41,7578.693
2025-06-15 02:00:00+00:00,85.42,85.83,85.4,85.59,3933.016
2025-06-15 03:00:00+00:00,85.59,85.94,85.56,85.82,5415.546
2025-06-15 04:00:00+00:00,85.82,86.2,85.78,86.17,5370.438
2025-06-15 05:00:00+00:00,86.16,86.27,85.83,86.19,3415.503
2025-06-15 06:00:00+00:00,86.19,86.26,85.63,85.64,5213.318
2025-06-15 07:00:00+00:00,85.63,85.64,85.34,85.5,5815.357
2025-06-15 08:00:00+00:00,85.51,85.54,85.17,85.28,4493.309
2025-06-15 09:00:00+00:00,85.28,85.49,85.01,85.06,5889.73
2025-06-15 10:00:00+00:00,85.06,85.55,85.06,85.43,5330.985
2025-06-15 11:00:00+00:00,85.42,85.54,85.09,85.35,4683.624
2025-06-15 12:00:00+00:00,85.35,85.94,85.29,85.93,6384.401
2025-06-15 13:00:00+00:00,85.92,86.45,85.81,86.29,9067.925
2025-06-15 14:00:00+00:00,86.3,86.59,85.87,86.46,11065.242
2025-06-15 15:00:00+00:00,86.46,86.48,86.12,86.14,6838.181
2025-06-15 16:00:00+00:00,86.14,86.34,85.87,86.12,9550.904
2025-06-15 17:00:00+00:00,86.12,86.27,85.76,86.09,5732.84
2025-06-15 18:00:00+00:00,86.09,86.11,85.6,85.92,7502.044
2025-06-15 19:00:00+00:00,85.93,86.35,85.77,86.08,8740.467
2025-06-15 20:00:00+00:00,86.08,86.15,85.08,85.28,9035.717
2025-06-15 21:00:00+00:00,85.26,85.48,84.92,85.47,8611.712
2025-06-15 22:00:00+00:00,85.47,86.27,85.42,86.13,9891.691
2025-06-15 23:00:00+00:00,86.14,86.37,86.03,86.3,8294.094
2025-06-16 00:00:00+00:00,86.3,86.51,85.89,86.12,9506.248
2025-06-16 01:00:00+00:00,86.11,86.77,85.34,86.68,12524.282
2025-06-16 02:00:00+00:00,86.68,87.03,86.47,86.82,13087.555
2025-06-16 03:00:00+00:00,86.82,86.85,86.41,86.55,9611.126
2025-06-16 04:00:00+00:00,86.54,87.08,86.52,86.94,14002.589
2025-06-16 05:00:00+00:00,86.93,87.6,86.61,87.26,13387.039
2025-06-16 06:00:00+00:00,87.25,87.5,87.12,87.25,9109.55
2025-06-16 07:00:00+00:00,87.26,87.74,87.2,87.55,13220.537
2025-06-16 08:00:00+00:00,87.55,87.71,87.31,87.61,10621.674
2025-06-16 09:00:00+00:00,87.61,87.63,87.08,87.2,7069.12
2025-06-16 10:00:00+00:00,87.2,87.42,86.83,87.02,8147.63
2025-06-16 11:00:00+00:00,87.03,87.38,86.61,87.13,14412.002
2025-06-16 12:00:00+00:00,87.12,87.58,86.98,87.33,10964.202
2025-06-16 13:00:00+00:00,87.33,88.03,87.33,87.97,18263.266
2025-06-16 14:00:00+00:00,87.97,88.82,87.84,88.37,23873.531
2025-06-16 15:00:00+00:00,88.37,88.55,87.89,87.95,17322.184
2025-06-16 16:00:00+00:00,87.95,88.65,87.89,88.11,15688.815
2025-06-16 17:00:00+00:00,88.11,88.38,87.9,88.05,11136.431
2025-06-16 18:00:00+00:00,88.05,88.54,87.95,88.53,10310.445
2025-06-16 19:00:00+00:00,88.54,88.92,88.54,88.83,12025.834
2025-06-16 20:00:00+00:00,88.82,88.89,88.37,88.71,10397.805
2025-06-16 21:00:00+00:00,88.71,88.8,88.38,88.71,6723.011
2025-06-16 22:00:00+00:00,88.72,88.91,86.8,87.26,28036.146
2025-06-16 23:00:00+00:00,87.26,87.98,86.49,86.67,21336.109
2025-06-17 00:00:00+00:00,86.67,87.7,85.31,87.66,31106.875
2025-06-17 01:00:00+00:00,87.67,87.77,86.89,86.97,14341.91
2025-06-17 02:00:00+00:00,86.98,87.29,86.39,87.22,10780.899
2025-06-17 03:00:00+00:00,87.22,87.39,86.88,87.16,5516.455
2025-06-17 04:00:00+00:00,87.16,87.17,86.64,86.79,6905.486
2025-06-17 05:00:00+00:00,86.78,86.84,86.04,86.29,5911.056
2025-06-17 06:00:00+00:00,86.28,86.69,86.11,86.21,8409.914
2025-06-17 07:00:00+00:00,86.22,86.5,86.02,86.4,7541.283
2025-06-17 08:00:00+00:00,86.39,86.45,85.86,85.95,8634.406
2025-06-17 09:00:00+00:00,85.95,86.26,85.85,86.04,9240.995
2025-06-17 10:00:00+00:00,86.04,86.05,85.11,85.48,11014.753
2025-06-17 11:00:00+00:00,85.47,85.48,84.8,85.11,12421.032
2025-06-17 12:00:00+00:00,85.12,85.5,84.88,85.02,11197.54
2025-06-17 13:00:00+00:00,85.02,85.7,84.86,85.41,13218.049
2025-06-17 14:00:00+00:00,85.42,85.89,84.79,84.85,12727.807
2025-06-17 15:00:00+00:00,84.86,84.94,83.76,84.1,45980.586
2025-06-17 16:00:00+00:00,84.11,84.13,82.6,82.63,39581.922
2025-06-17 17:00:00+00:00,82.63,83.62,82.49,83.17,22332.238
2025-06-17 18:00:00+00:00,83.16,84.02,83.02,84.02,14986.942
2025-06-17 19:00:00+00:00,84.02,85.21,84.02,84.83,19658.299
2025-06-17 20:00:00+00:00,84.82,85.0,84.22,84.25,15504.48
2025-06-17 21:00:00+00:00,84.25,84.63,83.98,84.44,11557.184
2025-06-17 22:00:00+00:00,84.44,84.62,83.7,83.73,33643.547
2025-06-17 23:00:00+00:00,83.73,84.6,83.72,84.22,5359.219
2025-06-18 00:00:00+00:00,84.23,84.9,84.13,84.9,6729.983
2025-06-18 01:00:00+00:00,84.9,85.68,84.88,84.99,8106.361
2025-06-18 02:00:00+00:00,85.0,85.17,84.65,84.95,5125.265
2025-06-18 03:00:00+00:00,84.95,85.52,84.79,85.28,6624.538
2025-06-18 04:00:00+00:00,85.29,85.6,85.05,85.44,6834.642
2025-06-18 05:00:00+00:00,85.45,85.61,85.26,85.32,12126.561
2025-06-18 06:00:00+00:00,85.32,85.36,84.81,84.95,5599.694
2025-06-18 07:00:00+00:00,84.94,85.13,84.71,85.13,10387.154
2025-06-18 08:00:00+00:00,85.12,85.38,84.59,84.83,8299.431
2025-06-18 09:00:00+00:00,84.83,85.1,84.41,84.58,9016.208
2025-06-18 10:00:00+00:00,84.58,84.61,83.41,83.55,20686.209
2025-06-18 11:00:00+00:00,83.54,84.59,83.4,84.46,9741.581
2025-06-18 12:00:00+00:00,84.46,84.71,83.99,84.06,9230.817
2025-06-18 13:00:00+00:00,84.06,84.46,83.34,84.41,13550.882
2025-06-18 14:00:00+00:00,84.41,85.33,84.21,84.65,19237.782
2025-06-18 15:00:00+00:00,84.66,85.08,84.36,84.82,13002.3
2025-06-18 16:00:00+00:00,84.83,85.01,84.27,84.59,10153.013
2025-06-18 17:00:00+00:00,84.58,84.88,84.0,84.68,11605.024
2025-06-18 18:00:00+00:00,84.68,85.17,83.79,83.87,25750.383
2025-06-18 19:00:00+00:00,83.86,84.79,83.72,84.21,11346.256
2025-06-18 20:00:00+00:00,84.23,85.46,84.06,85.35,8341.554
2025-06-18 21:00:00+00:00,85.34,85.46,84.86,85.18,9227.385
2025-06-18 22:00:00+00:00,85.17,85.33,84.96,85.2,5125.341
2025-06-18 23:00:00+00:00,85.2,85.34,84.76,85.08,9282.094
2025-06-19 00:00:00+00:00,85.08,85.6,84.71,85.18,9210.638
2025-06-19 01:00:00+00:00,85.19,85.21,84.63,84.69,7618.129
2025-06-19 02:00:00+00:00,84.69,85.2,84.45,84.93,4289.035
2025-06-19 03:00:00+00:00,84.93,85.25,84.92,85.17,3707.304
2025-06-19 04:00:00+00:00,85.18,85.31,84.84,85.29,8622.523
2025-06-19 05:00:00+00:00,85.29,85.48,85.17,85.25,4779.355
2025-06-19 06:00:00+00:00,85.24,85.44,84.88,84.98,4438.821
2025-06-19 07:00:00+00:00,84.98,85.3,84.93,85.01,6094.077
2025-06-19 08:00:00+00:00,85.0,85.18,84.69,84.69,8782.772
2025-06-19 09:00:00+00:00,84.69,85.5,84.64,85.35,12609.309
2025-06-19 10:00:00+00:00,85.36,86.05,85.16,85.78,28418.521
2025-06-19 11:00:00+00:00,85.77,85.78,85.24,85.49,8414.145
2025-06-19 12:00:00+00:00,85.49,85.76,85.35,85.47,8915.468
2025-06-19 13:00:00+00:00,85.48,85.54,84.82,84.9,11191.59
2025-06-19 14:00:00+00:00,84.9,85.26,84.36,84.38,11623.063
2025-06-19 15:00:00+00:00,84.39,85.19,84.35,84.8,43450.629
2025-06-19 16:00:00+00:00,84.81,85.39,84.5,84.58,16761.626
2025-06-19 17:00:00+00:00,84.58,85.27,84.21,84.93,28525.176
2025-06-19 18:00:00+00:00,84.92,85.35,84.67,85.07,8882.955
2025-06-19 19:00:00+00:00,85.08,85.36,84.93,85.23,6022.206
2025-06-19 20:00:00+00:00,85.23,85.43,84.74,85.01,6398.143
2025-06-19 21:00:00+00:00,85.01,85.23,84.79,84.98,13117.591
2025-06-19 22:00:00+00:00,84.98,85.34,84.98,85.03,15874.723
2025-06-19 23:00:00+00:00,85.02,85.22,84.9,85.11,11354.901
2025-06-20 00:00:00+00:00,85.11,85.2,84.78,84.99,13045.699
2025-06-20 01:00:00+00:00,84.98,85.08,84.74,84.95,4995.79
2025-06-20 02:00:00+00:00,84.95,85.12,84.55,84.71,26176.494
2025-06-20 03:00:00+00:00,84.71,85.11,84.5,85.1,4972.6
2025-06-20 04:00:00+00:00,85.09,85.17,84.25,84.38,6248.541
2025-06-20 05:00:00+00:00,84.38,84.77,84.16,84.75,4309.863
2025-06-20 06:00:00+00:00,84.75,84.92,84.39,84.55,5595.441
2025-06-20 07:00:00+00:00,84.54,85.56,84.36,85.51,27206.347
2025-06-20 08:00:00+00:00,85.53,85.9,85.27,85.56,18009.661
2025-06-20 09:00:00+00:00,85.56,85.69,85.31,85.59,7864.019
2025-06-20 10:00:00+00:00,85.59,85.95,85.4,85.73,7779.314
2025-06-20 11:00:00+00:00,85.72,85.85,85.38,85.7,5682.819
2025-06-20 12:00:00+00:00,85.7,85.98,85.7,85.76,9304.206
2025-06-20 13:00:00+00:00,85.76,85.98,85.29,85.54,11225.847
2025-06-20 14:00:00+00:00,85.53,85.71,83.83,83.89,15945.046
2025-06-20 15:00:00+00:00,83.89,84.21,83.65,83.8,31460.116
2025-06-20 16:00:00+00:00,83.8,83.89,82.87,83.05,24099.442
2025-06-20 17:00:00+00:00,83.04,83.25,80.96,82.43,52776.46
2025-06-20 18:00:00+00:00,82.42,83.1,82.34,82.92,11199.449
2025-06-20 19:00:00+00:00,82.91,83.01,82.26,82.91,7155.249
2025-06-20 20:00:00+00:00,82.9,83.69,82.87,83.3,14708.064
2025-06-20 21:00:00+00:00,83.3,83.31,82.68,82.92,6836.661
2025-06-20 22:00:00+00:00,82.92,82.97,82.35,82.57,9319.697
2025-06-20 23:00:00+00:00,82.58,82.94,82.47,82.91,26142.083
2025-06-21 00:00:00+00:00,82.92,83.3,82.72,83.07,6610.688
2025-06-21 01:00:00+00:00,83.07,83.68,83.07,83.62,5981.713
2025-06-21 02:00:00+00:00,83.62,83.68,83.32,83.46,3404.806
2025-06-21 03:00:00+00:00,83.46,83.73,83.46,83.56,4177.762
2025-06-21 04:00:00+00:00,83.56,83.61,83.4,83.5,4234.026
2025-06-21 05:00:00+00:00,83.5,83.8,83.4,83.8,3946.037
2025-06-21 06:00:00+00:00,83.8,84.12,83.8,84.04,7489.696
2025-06-21 07:00:00+00:00,84.05,84.05,83.26,83.31,8349.629
2025-06-21 08:00:00+00:00,83.31,83.61,83.22,83.57,6855.664
2025-06-21 09:00:00+00:00,83.58,83.6,83.15,83.31,7347.973
2025-06-21 10:00:00+00:00,83.31,83.5,83.01,83.23,9940.98
2025-06-21 11:00:00+00:00,83.23,83.33,83.1,83.23,5358.351
2025-06-21 12:00:00+00:00,83.24,83.39,82.98,83.03,7456.566
2025-06-21 13:00:00+00:00,83.02,83.2,82.51,82.73,8406.819
2025-06-21 14:00:00+00:00,82.72,83.19,82.55,82.63,19804.391
2025-06-21 15:00:00+00:00,82.63,82.83,82.26,82.8,8325.161
2025-06-21 16:00:00+00:00,82.81,83.14,82.59,82.74,7411.2
2025-06-21 17:00:00+00:00,82.73,82.96,82.0,82.14,12516.027
2025-06-21 18:00:00+00:00,82.14,82.6,81.63,81.71,9656.321
2025-06-21 19:00:00+00:00,81.71,81.9,80.5,81.02,42413.18
2025-06-21 20:00:00+00:00,81.01,81.8,80.95,81.69,13635.502
2025-06-21 21:00:00+00:00,81.68,81.74,78.6,79.32,52734.208
2025-06-21 22:00:00+00:00,79.32,80.28,79.16,80.23,22994.801
2025-06-21 23:00:00+00:00,80.23,80.31,78.85,80.23,32517.989
2025-06-22 00:00:00+00:00,80.23,81.41,79.7,80.98,18334.74
2025-06-22 01:00:00+00:00,80.98,81.32,80.03,80.06,7862.393
2025-06-22 02:00:00+00:00,80.06,80.63,79.68,80.39,14105.658
2025-06-22 03:00:00+00:00,80.39,80.75,80.1,80.51,6944.681
2025-06-22 04:00:00+00:00,80.52,81.24,80.38,81.0,6742.233
2025-06-22 05:00:00+00:00,81.0,81.53,81.0,81.49,8237.052
2025-06-22 06:00:00+00:00,81.5,82.04,81.49,81.84,7301.757
2025-06-22 07:00:00+00:00,81.84,81.87,81.1,81.32,9046.302
2025-06-22 08:00:00+00:00,81.33,81.49,81.07,81.43,9110.342
2025-06-22 09:00:00+00:00,81.44,81.66,80.25,80.34,11817.148
2025-06-22 10:00:00+00:00,80.34,81.25,80.24,80.98,11535.806
2025-06-22 11:00:00+00:00,80.99,81.39,80.72,81.04,5488.866
2025-06-22 12:00:00+00:00,81.05,81.39,80.58,81.21,7193.061
2025-06-22 13:00:00+00:00,81.21,81.51,78.29,79.22,87391.994
2025-06-22 14:00:00+00:00,79.23,79.61,77.41,78.72,81712.79
2025-06-22 15:00:00+00:00,78.72,78.9,77.48,77.66,23888.025
2025-06-22 16:00:00+00:00,77.66,78.56,77.35,78.52,21467.044
2025-06-22 17:00:00+00:00,78.51,79.32,78.33,79.0,18091.372
2025-06-22 18:00:00+00:00,79.0,79.28,78.2,78.27,10650.11
2025-06-22 19:00:00+00:00,78.27,78.69,78.01,78.17,8400.744
2025-06-22 20:00:00+00:00,78.18,78.68,76.17,78.44,51263.911
2025-06-22 21:00:00+00:00,78.45,78.9,77.91,78.15,10571.83
2025-06-22 22:00:00+00:00,78.16,80.2,78.11,80.19,36563.9
2025-06-22 23:00:00+00:00,80.18,80.31,79.8,80.21,11806.781
2025-06-23 00:00:00+00:00,80.21,80.94,80.18,80.3,14789.156
2025-06-23 01:00:00+00:00,80.31,80.96,80.18,80.94,6323.516
2025-06-23 02:00:00+00:00,80.94,81.03,79.91,79.94,7949.529
2025-06-23 03:00:00+00:00,79.94,80.04,79.71,79.98,9514.548
2025-06-23 04:00:00+00:00,79.98,80.47,79.81,80.32,6309.713
2025-06-23 05:00:00+00:00,80.33,80.9,80.3,80.72,9444.388
2025-06-23 06:00:00+00:00,80.72,80.9,80.35,80.7,11110.691
2025-06-23 07:00:00+00:00,80.7,81.15,80.7,81.04,14794.661
2025-06-23 08:00:00+00:00,81.04,81.25,80.82,80.93,8930.518
2025-06-23 09:00:00+00:00,80.93,81.05,80.53,80.94,11443.342
2025-06-23 10:00:00+00:00,80.95,80.97,80.67,80.91,8823.487
2025-06-23 11:00:00+00:00,80.91,81.04,80.51,80.8,8015.516
2025-06-23 12:00:00+00:00,80.8,81.68,80.56,81.68,11857.265
2025-06-23 13:00:00+00:00,81.68,82.14,80.6,81.9,25875.432
2025-06-23 14:00:00+00:00,81.91,82.28,81.39,81.7,15888.658
2025-06-23 15:00:00+00:00,81.7,82.12,81.01,81.11,12278.359
2025-06-23 16:00:00+00:00,81.11,81.27,79.47,80.15,30402.158
2025-06-23 17:00:00+00:00,80.15,82.05,79.94,81.99,24253.132
2025-06-23 18:00:00+00:00,81.98,82.87,81.95,82.74,24734.974
2025-06-23 19:00:00+00:00,82.74,83.17,82.64,83.05,11495.446
2025-06-23 20:00:00+00:00,83.05,84.17,82.9,83.55,30380.416
2025-06-23 21:00:00+00:00,83.56,83.91,83.23,83.36,12452.854
2025-06-23 22:00:00+00:00,83.36,85.42,83.34,85.18,43485.726
2025-06-23 23:00:00+00:00,85.19,85.32,84.84,84.91,10910.559
2025-06-24 00:00:00+00:00,84.91,85.23,84.64,84.99,13133.365
2025-06-24 01:00:00+00:00,84.99,85.38,84.79,85.01,7583.355
2025-06-24 02:00:00+00:00,85.0,85.0,84.3,84.58,9185.073
2025-06-24 03:00:00+00:00,84.57,84.76,84.41,84.5,5543.744
2025-06-24 04:00:00+00:00,84.49,84.6,84.19,84.32,6839.14
2025-06-24 05:00:00+00:00,84.32,85.2,84.2,85.14,16510.406
2025-06-24 06:00:00+00:00,85.13,85.3,84.85,85.07,11047.652
2025-06-24 07:00:00+00:00,85.07,85.18,84.32,84.37,15393.406
2025-06-24 08:00:00+00:00,84.36,84.66,84.07,84.51,12877.781
2025-06-24 09:00:00+00:00,84.52,85.12,84.34,84.59,9467.54
2025-06-24 10:00:00+00:00,84.59,84.66,84.21,84.35,7197.28
2025-06-24 11:00:00+00:00,84.34,84.57,83.81,84.3,13962.343
2025-06-24 12:00:00+00:00,84.3,84.43,83.96,84.37,7957.471
2025-06-24 13:00:00+00:00,84.37,84.54,83.81,84.1,12596.419
2025-06-24 14:00:00+00:00,84.1,84.75,84.06,84.42,17425.782
2025-06-24 15:00:00+00:00,84.42,84.73,83.99,84.36,13101.09
2025-06-24 16:00:00+00:00,84.37,85.08,84.2,85.08,13924.418
2025-06-24 17:00:00+00:00,85.07,85.1,84.27,84.7,13206.971
2025-06-24 18:00:00+00:00,84.69,84.78,84.31,84.53,14970.201
2025-06-24 19:00:00+00:00,84.52,84.82,84.17,84.48,12226.896
2025-06-24 20:00:00+00:00,84.47,85.18,84.38,85.15,8843.146
2025-06-24 21:00:00+00:00,85.14,85.18,84.81,85.11,6625.359
2025-06-24 22:00:00+00:00,85.1,85.11,84.73,84.84,5844.781
2025-06-24 23:00:00+00:00,84.85,84.87,84.54,84.84,8598.72
2025-06-25 00:00:00+00:00,84.84,85.08,84.44,85.05,6334.231
2025-06-25 01:00:00+00:00,85.05,85.36,84.83,84.98,9706.287
2025-06-25 02:00:00+00:00,84.98,85.25,84.76,84.86,6256.244
2025-06-25 03:00:00+00:00,84.86,85.12,84.75,84.9,4674.268
2025-06-25 04:00:00+00:00,84.9,85.15,84.67,85.15,4715.174
2025-06-25 05:00:00+00:00,85.15,85.26,84.57,84.88,19801.043
2025-06-25 06:00:00+00:00,84.89,85.1,84.73,85.02,8132.128
2025-06-25 07:00:00+00:00,85.02,85.47,84.92,85.18,18997.51
2025-06-25 08:00:00+00:00,85.18,85.28,84.67,85.01,7535.492
2025-06-25 09:00:00+00:00,85.02,85.1,84.3,84.57,11176.545
2025-06-25 10:00:00+00:00,84.58,84.92,84.35,84.5,13307.627
2025-06-25 11:00:00+00:00,84.5,84.53,83.97,84.42,13833.836
2025-06-25 12:00:00+00:00,84.42,84.97,84.12,84.61,16048.499
2025-06-25 13:00:00+00:00,84.61,85.34,84.55,85.13,31291.384
2025-06-25 14:00:00+00:00,85.13,85.26,83.9,84.79,53753.826
2025-06-25 15:00:00+00:00,84.78,84.79,83.96,84.12,23681.631
2025-06-25 16:00:00+00:00,84.13,84.49,83.98,84.13,10034.263
2025-06-25 17:00:00+00:00,84.12,84.85,83.98,84.51,6215.267
2025-06-25 18:00:00+00:00,84.51,84.63,84.29,84.53,6834.492
2025-06-25 19:00:00+00:00,84.53,84.97,84.5,84.83,7731.106
2025-06-25 20:00:00+00:00,84.83,84.93,84.63,84.9,7355.737
2025-06-25 21:00:00+00:00,84.89,85.18,84.36,84.49,8210.464
2025-06-25 22:00:00+00:00,84.48,84.66,84.2,84.31,5321.437
2025-06-25 23:00:00+00:00,84.3,84.7,84.07,84.67,4444.218
2025-06-26 00:00:00+00:00,84.68,85.1,84.53,84.96,6049.834
2025-06-26 01:00:00+00:00,84.95,85.55,84.66,85.02,10723.61
2025-06-26 02:00:00+00:00,85.02,85.32,84.81,85.23,6898.881
2025-06-26 03:00:00+00:00,85.22,85.7,84.96,85.17,9856.33
2025-06-26 04:00:00+00:00,85.18,85.28,84.7,84.98,11354.803
2025-06-26 05:00:00+00:00,84.99,85.11,84.69,85.11,4201.881
2025-06-26 06:00:00+00:00,85.11,85.53,85.0,85.36,13382.397
2025-06-26 07:00:00+00:00,85.36,85.75,85.36,85.51,7378.206
2025-06-26 08:00:00+00:00,85.51,85.95,85.45,85.45,12779.018
2025-06-26 09:00:00+00:00,85.45,85.66,85.02,85.21,23352.151
2025-06-26 10:00:00+00:00,85.2,85.48,85.07,85.38,9868.054
2025-06-26 11:00:00+00:00,85.37,85.44,84.87,84.92,8100.715
2025-06-26 12:00:00+00:00,84.93,85.04,84.37,84.5,10956.868
2025-06-26 13:00:00+00:00,84.5,84.66,84.06,84.19,12719.941
2025-06-26 14:00:00+00:00,84.19,85.17,83.78,85.15,16638.466
2025-06-26 15:00:00+00:00,85.15,85.4,84.01,84.79,43455.577
2025-06-26 16:00:00+00:00,84.78,84.86,84.07,84.2,7747.02
2025-06-26 17:00:00+00:00,84.21,84.66,84.18,84.26,6770.092
2025-06-26 18:00:00+00:00,84.26,84.71,84.04,84.39,9147.443
2025-06-26 19:00:00+00:00,84.39,85.25,84.31,84.99,11991.324
2025-06-26 20:00:00+00:00,84.98,85.54,84.87,85.25,14492.703
2025-06-26 21:00:00+00:00,85.25,85.33,84.27,84.61,12666.74
2025-06-26 22:00:00+00:00,84.6,84.83,84.29,84.33,3382.073
2025-06-26 23:00:00+00:00,84.33,84.42,84.09,84.27,4852.263
2025-06-27 00:00:00+00:00,84.27,84.6,83.81,83.86,9544.719
2025-06-27 01:00:00+00:00,83.86,85.13,83.55,85.05,19909.842
2025-06-27 02:00:00+00:00,85.05,85.65,84.97,85.05,15928.983
2025-06-27 03:00:00+00:00,85.05,85.55,84.88,85.38,12638.422
2025-06-27 04:00:00+00:00,85.37,85.57,85.14,85.43,6712.122
2025-06-27 05:00:00+00:00,85.43,85.46,84.72,84.77,7132.581
2025-06-27 06:00:00+00:00,84.77,85.23,84.68,85.1,4661.029
2025-06-27 07:00:00+00:00,85.09,85.29,84.56,84.65,4794.231
2025-06-27 08:00:00+00:00,84.66,84.85,84.3,84.54,9932.789
2025-06-27 09:00:00+00:00,84.54,84.63,84.2,84.58,8398.641
2025-06-27 10:00:00+00:00,84.57,84.69,84.37,84.51,7616.121
2025-06-27 11:00:00+00:00,84.51,84.66,84.24,84.4,4759.98
2025-06-27 12:00:00+00:00,84.4,84.7,83.93,84.03,9615.364
2025-06-27 13:00:00+00:00,84.02,84.22,83.47,83.87,15551.432
2025-06-27 14:00:00+00:00,83.87,84.2,83.31,83.49,24688.826
2025-06-27 15:00:00+00:00,83.49,84.43,83.39,84.28,17447.922
2025-06-27 16:00:00+00:00,84.28,84.98,84.05,84.52,10972.205
2025-06-27 17:00:00+00:00,84.53,84.6,83.28,83.54,9967.409
2025-06-27 18:00:00+00:00,83.53,83.7,83.17,83.47,9873.231
2025-06-27 19:00:00+00:00,83.46,84.23,83.39,84.11,6055.861
2025-06-27 20:00:00+00:00,84.11,84.73,84.01,84.72,6685.05
2025-06-27 21:00:00+00:00,84.72,85.13,84.5,84.99,8312.119
2025-06-27 22:00:00+00:00,84.99,85.28,84.95,84.97,6236.572
2025-06-27 23:00:00+00:00,84.97,85.02,84.69,84.83,3419.644
2025-06-28 00:00:00+00:00,84.83,85.08,84.72,84.88,4011.887
2025-06-28 01:00:00+00:00,84.88,85.12,84.53,85.02,5387.287
2025-06-28 02:00:00+00:00,85.03,85.27,85.01,85.08,6237.147
2025-06-28 03:00:00+00:00,85.08,85.23,85.0,85.14,7058.475
2025-06-28 04:00:00+00:00,85.14,85.35,85.05,85.11,5525.745
2025-06-28 05:00:00+00:00,85.12,85.37,85.07,85.15,4026.091
2025-06-28 06:00:00+00:00,85.15,85.62,85.14,85.54,8390.972
2025-06-28 07:00:00+00:00,85.54,85.55,85.3,85.37,14235.006
2025-06-28 08:00:00+00:00,85.37,85.43,85.12,85.25,5802.299
2025-06-28 09:00:00+00:00,85.25,85.55,85.05,85.5,12528.37
2025-06-28 10:00:00+00:00,85.5,85.85,85.5,85.68,12638.476
2025-06-28 11:00:00+00:00,85.68,85.77,85.36,85.41,7330.911
2025-06-28 12:00:00+00:00,85.42,85.6,85.23,85.46,7342.194
2025-06-28 13:00:00+00:00,85.47,85.66,85.25,85.55,5724.856
2025-06-28 14:00:00+00:00,85.55,85.84,85.55,85.73,6821.14
2025-06-28 15:00:00+00:00,85.74,86.64,85.7,86.49,15831.77
2025-06-28 16:00:00+00:00,86.49,87.21,86.44,86.74,16980.498
2025-06-28 17:00:00+00:00,86.74,87.27,86.69,87.22,11671.95
2025-06-28 18:00:00+00:00,87.22,87.37,86.79,86.88,9432.317
2025-06-28 19:00:00+00:00,86.88,86.9,86.32,86.35,8946.655
2025-06-28 20:00:00+00:00,86.35,86.39,85.88,85.89,12148.812
2025-06-28 21:00:00+00:00,85.89,86.3,85.81,86.28,11757.798
2025-06-28 22:00:00+00:00,86.27,86.44,86.13,86.23,6848.998
2025-06-28 23:00:00+00:00,86.22,86.34,86.12,86.31,4933.257
2025-06-29 00:00:00+00:00,86.3,86.54,86.23,86.43,3656.269
2025-06-29 01:00:00+00:00,86.42,86.43,85.94,85.99,7777.073
2025-06-29 02:00:00+00:00,86.0,86.36,85.85,86.27,7392.367
2025-06-29 03:00:00+00:00,86.26,86.76,86.24,86.42,6301.988
2025-06-29 04:00:00+00:00,86.42,86.48,86.22,86.26,4146.162
2025-06-29 05:00:00+00:00,86.27,86.52,86.18,86.46,3349.514
2025-06-29 06:00:00+00:00,86.47,86.81,86.39,86.76,7315.703
2025-06-29 07:00:00+00:00,86.77,86.83,86.45,86.73,6399.53
2025-06-29 08:00:00+00:00,86.74,86.93,86.72,86.83,6913.276
2025-06-29 09:00:00+00:00,86.83,86.93,86.62,86.73,9163.39
2025-06-29 10:00:00+00:00,86.74,86.88,86.56,86.83,5265.907
2025-06-29 11:00:00+00:00,86.82,86.91,86.56,86.78,8059.143
2025-06-29 12:00:00+00:00,86.79,86.8,86.52,86.73,5589.411
2025-06-29 13:00:00+00:00,86.72,86.98,86.53,86.75,9442.992
2025-06-29 14:00:00+00:00,86.75,86.83,86.21,86.54,14773.919
2025-06-29 15:00:00+00:00,86.54,87.0,86.4,86.63,11175.021
2025-06-29 16:00:00+00:00,86.63,86.77,86.33,86.75,5960.36
2025-06-29 17:00:00+00:00,86.75,86.89,86.51,86.64,4330.237
2025-06-29 18:00:00+00:00,86.65,86.83,86.59,86.78,3719.434
2025-06-29 19:00:00+00:00,86.79,87.07,86.74,86.84,5566.183
2025-06-29 20:00:00+00:00,86.85,86.86,86.59,86.67,2989.745
2025-06-29 21:00:00+00:00,86.66,86.86,86.33,86.83,7217.537
2025-06-29 22:00:00+00:00,86.83,88.42,86.83,88.19,26252.693
2025-06-29 23:00:00+00:00,88.18,88.49,87.83,87.96,11472.797
2025-06-30 00:00:00+00:00,87.96,88.36,87.87,88.05,14478.159
2025-06-30 01:00:00+00:00,88.04,88.21,87.7,87.97,12649.332
2025-06-30 02:00:00+00:00,87.97,88.02,87.48,87.53,4940.622
2025-06-30 03:00:00+00:00,87.54,87.72,87.31,87.36,9708.354
2025-06-30 04:00:00+00:00,87.37,87.62,87.06,87.23,7659.906
2025-06-30 05:00:00+00:00,87.23,87.3,86.9,87.07,7395.182
2025-06-30 06:00:00+00:00,87.07,87.11,85.86,86.21,19434.577
2025-06-30 07:00:00+00:00,86.2,86.59,86.09,86.46,8437.778
2025-06-30 08:00:00+00:00,86.47,86.6,85.72,85.77,11198.067
2025-06-30 09:00:00+00:00,85.77,86.07,85.56,85.6,9107.423
2025-06-30 10:00:00+00:00,85.61,85.79,85.39,85.61,7809.381
2025-06-30 11:00:00+00:00,85.6,85.84,85.44,85.5,11063.771
2025-06-30 12:00:00+00:00,85.49,85.64,85.28,85.43,12031.752
2025-06-30 13:00:00+00:00,85.43,86.05,85.3,85.34,12221.768
2025-06-30 14:00:00+00:00,85.34,85.53,84.76,84.93,19051.864
2025-06-30 15:00:00+00:00,84.94,86.26,84.75,85.96,27423.457
2025-06-30 16:00:00+00:00,85.96,86.32,85.72,86.05,10607.021
2025-06-30 17:00:00+00:00,86.04,86.33,85.93,86.03,9193.664
2025-06-30 18:00:00+00:00,86.02,86.3,85.9,86.05,6526.532
2025-06-30 19:00:00+00:00,86.05,87.15,86.02,87.09,12748.763
2025-06-30 20:00:00+00:00,87.09,87.09,86.45,86.48,11627.589
2025-06-30 21:00:00+00:00,86.49,87.12,86.39,86.86,14937.302
2025-06-30 22:00:00+00:00,86.86,87.11,86.4,86.42,10377.69
2025-06-30 23:00:00+00:00,86.41,86.47,85.9,86.0,9303.768
2025-07-01 00:00:00+00:00,85.99,86.34,85.71,86.2,11770.686
2025-07-01 01:00:00+00:00,86.2,86.84,86.16,86.41,8067.399
2025-07-01 02:00:00+00:00,86.41,86.66,86.05,86.14,8489.094
2025-07-01 03:00:00+00:00,86.14,86.65,86.12,86.64,6626.334
2025-07-01 04:00:00+00:00,86.64,86.71,85.88,85.89,11568.841
2025-07-01 05:00:00+00:00,85.9,86.1,85.58,85.89,8665.236
2025-07-01 06:00:00+00:00,85.88,86.09,85.63,86.04,6042.559
2025-07-01 07:00:00+00:00,86.03,86.69,85.59,86.66,12019.41
2025-07-01 08:00:00+00:00,86.66,86.66,86.13,86.14,8645.383
2025-07-01 09:00:00+00:00,86.13,86.45,85.77,85.8,11503.629
2025-07-01 10:00:00+00:00,85.8,85.95,85.32,85.65,10125.046
2025-07-01 11:00:00+00:00,85.64,85.73,85.28,85.71,6803.474
2025-07-01 12:00:00+00:00,85.7,85.7,85.1,85.19,10022.609
2025-07-01 13:00:00+00:00,85.2,85.61,84.85,85.58,13001.413
2025-07-01 14:00:00+00:00,85.59,85.89,84.31,84.52,24566.415
2025-07-01 15:00:00+00:00,84.5,84.58,84.09,84.34,24906.984
2025-07-01 16:00:00+00:00,84.34,84.63,84.15,84.36,15098.184
2025-07-01 17:00:00+00:00,84.36,84.6,84.09,84.36,8769.75
2025-07-01 18:00:00+00:00,84.36,84.43,83.68,83.79,10742.9
2025-07-01 19:00:00+00:00,83.79,84.27,83.69,83.87,11193.963
2025-07-01 20:00:00+00:00,83.87,83.91,83.25,83.39,15735.879
2025-07-01 21:00:00+00:00,83.39,83.66,82.59,82.87,23024.469
2025-07-01 22:00:00+00:00,82.86,82.99,82.39,82.8,18817.094
2025-07-01 23:00:00+00:00,82.79,83.27,82.61,83.22,11395.528
2025-07-02 00:00:00+00:00,83.21,83.46,83.1,83.36,19765.469
2025-07-02 01:00:00+00:00,83.35,83.95,82.97,83.84,10097.388
2025-07-02 02:00:00+00:00,83.83,83.86,83.37,83.56,7093.714
2025-07-02 03:00:00+00:00,83.57,83.89,83.49,83.8,7808.388
2025-07-02 04:00:00+00:00,83.79,84.19,83.68,84.14,7730.717
2025-07-02 05:00:00+00:00,84.14,84.31,84.03,84.2,11680.33
2025-07-02 06:00:00+00:00,84.2,84.34,83.99,84.29,13752.269
2025-07-02 07:00:00+00:00,84.3,84.3,83.89,84.07,11251.067
2025-07-02 08:00:00+00:00,84.07,84.34,84.04,84.28,15170.137
2025-07-02 09:00:00+00:00,84.28,84.32,83.94,84.03,12731.633
2025-07-02 10:00:00+00:00,84.02,84.28,83.93,84.27,9257.735
2025-07-02 11:00:00+00:00,84.28,84.5,84.11,84.25,20359.335
2025-07-02 12:00:00+00:00,84.25,84.4,83.94,84.28,7981.999
2025-07-02 13:00:00+00:00,84.27,85.06,84.14,84.86,15555.055
2025-07-02 14:00:00+00:00,84.86,85.76,84.86,85.57,25770.533
2025-07-02 15:00:00+00:00,85.58,86.21,85.54,86.17,21417.482
2025-07-02 16:00:00+00:00,86.17,87.95,86.09,87.68,64860.984
2025-07-02 17:00:00+00:00,87.69,87.98,86.78,87.3,35681.392
2025-07-02 18:00:00+00:00,87.29,87.72,87.29,87.51,15571.409
2025-07-02 19:00:00+00:00,87.51,87.96,87.24,87.95,24062.431
2025-07-02 20:00:00+00:00,87.96,88.66,87.71,87.82,31261.915
2025-07-02 21:00:00+00:00,87.82,88.2,87.7,88.01,19743.379
2025-07-02 22:00:00+00:00,88.01,88.19,87.81,87.84,8988.319
2025-07-02 23:00:00+00:00,87.85,87.89,87.2,87.32,17587.45
2025-07-03 00:00:00+00:00,87.32,87.6,87.09,87.38,13589.802
2025-07-03 01:00:00+00:00,87.38,87.58,87.09,87.44,7442.618
2025-07-03 02:00:00+00:00,87.45,87.78,86.89,87.78,13065.628
2025-07-03 03:00:00+00:00,87.77,88.56,87.39,88.01,42655.671
2025-07-03 04:00:00+00:00,88.01,88.77,87.94,88.49,19430.789
2025-07-03 05:00:00+00:00,88.48,89.8,88.41,89.76,25468.618
2025-07-03 06:00:00+00:00,89.76,90.42,89.54,90.13,37530.379
2025-07-03 07:00:00+00:00,90.12,91.06,89.91,91.04,29842.874
2025-07-03 08:00:00+00:00,91.04,92.11,90.73,90.78,53220.555
2025-07-03 09:00:00+00:00,90.78,92.29,90.62,92.04,84962.584
2025-07-03 10:00:00+00:00,92.03,92.29,91.06,91.44,38771.248
2025-07-03 11:00:00+00:00,91.43,91.44,90.88,91.33,24967.587
2025-07-03 12:00:00+00:00,91.33,91.89,90.08,91.12,43819.862
2025-07-03 13:00:00+00:00,91.11,91.66,90.71,91.25,32686.586
2025-07-03 14:00:00+00:00,91.24,91.4,90.31,90.56,58366.122
2025-07-03 15:00:00+00:00,90.55,90.7,88.86,88.96,41497.99
2025-07-03 16:00:00+00:00,88.96,89.57,88.69,89.47,23282.543
2025-07-03 17:00:00+00:00,89.47,90.0,89.27,89.8,22425.72
2025-07-03 18:00:00+00:00,89.8,90.14,89.6,89.76,18045.301
2025-07-03 19:00:00+00:00,89.76,89.95,89.49,89.65,8041.557
2025-07-03 20:00:00+00:00,89.65,89.99,89.51,89.63,18583.217
2025-07-03 21:00:00+00:00,89.63,89.71,89.26,89.37,11029.048
2025-07-03 22:00:00+00:00,89.36,89.41,89.05,89.06,8367.313
2025-07-03 23:00:00+00:00,89.06,89.18,88.77,89.08,8015.378
2025-07-04 00:00:00+00:00,89.08,89.33,88.06,88.33,26769.483
2025-07-04 01:00:00+00:00,88.31,89.01,88.19,88.63,13937.229
2025-07-04 02:00:00+00:00,88.63,88.63,88.11,88.33,12205.842
2025-07-04 03:00:00+00:00,88.32,88.84,88.18,88.77,8358.969
2025-07-04 04:00:00+00:00,88.76,88.77,88.22,88.35,8101.074
2025-07-04 05:00:00+00:00,88.35,89.2,88.34,88.83,13239.239
2025-07-04 06:00:00+00:00,88.83,88.89,87.48,87.57,32731.575
2025-07-04 07:00:00+00:00,87.57,87.91,87.1,87.27,21984.181
2025-07-04 08:00:00+00:00,87.27,87.8,87.02,87.68,20153.732
2025-07-04 09:00:00+00:00,87.68,88.01,87.61,87.81,10981.028
2025-07-04 10:00:00+00:00,87.82,88.1,87.75,88.07,7255.38
2025-07-04 11:00:00+00:00,88.07,88.64,88.0,88.16,13648.081
2025-07-04 12:00:00+00:00,88.15,88.33,87.78,88.03,13583.57
2025-07-04 13:00:00+00:00,88.02,88.62,87.31,87.32,19240.455
2025-07-04 14:00:00+00:00,87.32,87.58,86.79,87.17,34012.612
2025-07-04 15:00:00+00:00,87.17,87.3,86.27,86.61,33105.015
2025-07-04 16:00:00+00:00,86.61,86.73,85.65,86.68,23002.796
2025-07-04 17:00:00+00:00,86.68,87.35,86.63,87.26,9683.443
2025-07-04 18:00:00+00:00,87.26,87.26,86.43,86.49,13709.887
2025-07-04 19:00:00+00:00,86.49,86.79,86.02,86.36,16781.712
2025-07-04 20:00:00+00:00,86.36,86.76,86.26,86.55,7897.614
2025-07-04 21:00:00+00:00,86.55,86.66,86.24,86.56,4707.383
2025-07-04 22:00:00+00:00,86.55,87.1,86.37,87.05,8834.581
2025-07-04 23:00:00+00:00,87.05,87.05,86.63,86.84,7104.138
2025-07-05 00:00:00+00:00,86.84,87.1,86.61,86.81,8223.487
2025-07-05 01:00:00+00:00,86.81,86.81,86.17,86.43,7922.344
2025-07-05 02:00:00+00:00,86.42,86.59,85.97,86.56,6040.262
2025-07-05 03:00:00+00:00,86.57,86.83,86.57,86.76,5393.808
2025-07-05 04:00:00+00:00,86.76,86.84,86.31,86.36,5323.508
2025-07-05 05:00:00+00:00,86.36,86.69,86.3,86.62,4292.108
2025-07-05 06:00:00+00:00,86.63,87.05,86.55,86.9,7151.45
2025-07-05 07:00:00+00:00,86.91,86.93,86.1,86.23,10264.531
2025-07-05 08:00:00+00:00,86.23,86.32,85.91,86.27,10964.106
2025-07-05 09:00:00+00:00,86.26,86.36,85.82,86.3,10223.706
2025-07-05 10:00:00+00:00,86.3,86.45,86.15,86.32,6593.103
2025-07-05 11:00:00+00:00,86.33,86.78,86.29,86.54,6258.759
2025-07-05 12:00:00+00:00,86.55,86.62,86.21,86.62,5367.241
2025-07-05 13:00:00+00:00,86.61,86.94,86.4,86.49,4509.865
2025-07-05 14:00:00+00:00,86.49,86.92,86.44,86.88,6865.464
2025-07-05 15:00:00+00:00,86.87,86.9,86.32,86.46,4995.335
2025-07-05 16:00:00+00:00,86.46,86.6,85.98,86.4,5181.616
2025-07-05 17:00:00+00:00,86.4,86.69,86.11,86.64,6372.883
2025-07-05 18:00:00+00:00,86.64,86.75,86.26,86.33,5797.403
2025-07-05 19:00:00+00:00,86.32,86.8,86.23,86.76,4996.386
2025-07-05 20:00:00+00:00,86.76,87.42,86.66,87.41,10074.39
2025-07-05 21:00:00+00:00,87.4,87.56,87.25,87.32,9624.454
2025-07-05 22:00:00+00:00,87.31,87.66,87.19,87.51,6788.804
2025-07-05 23:00:00+00:00,87.5,87.82,87.38,87.55,5455.982
2025-07-06 00:00:00+00:00,87.55,87.72,87.34,87.46,4524.059
2025-07-06 01:00:00+00:00,87.45,87.46,87.12,87.25,3332.485
2025-07-06 02:00:00+00:00,87.25,87.41,86.91,86.92,6024.36
2025-07-06 03:00:00+00:00,86.92,87.06,86.86,87.05,3867.4
2025-07-06 04:00:00+00:00,87.05,87.17,86.76,86.93,6296.95
2025-07-06 05:00:00+00:00,86.93,86.96,86.78,86.91,3826.999
2025-07-06 06:00:00+00:00,86.92,87.2,86.84,87.02,4564.806
2025-07-06 07:00:00+00:00,87.03,87.05,86.53,86.74,7954.611
2025-07-06 08:00:00+00:00,86.74,86.89,86.51,86.62,6598.171
2025-07-06 09:00:00+00:00,86.62,86.81,86.47,86.51,7803.143
2025-07-06 10:00:00+00:00,86.51,87.33,86.49,87.15,9440.573
2025-07-06 11:00:00+00:00,87.15,87.6,87.02,87.51,15706.203
2025-07-06 12:00:00+00:00,87.51,87.53,87.06,87.4,12387.878
2025-07-06 13:00:00+00:00,87.4,88.4,87.32,88.02,14971.434
2025-07-06 14:00:00+00:00,88.02,88.19,87.58,88.04,14602.873
2025-07-06 15:00:00+00:00,88.04,88.11,87.58,87.99,5845.101
2025-07-06 16:00:00+00:00,88.0,88.09,87.69,88.03,7710.595
2025-07-06 17:00:00+00:00,88.03,88.04,87.7,87.72,7164.696
2025-07-06 18:00:00+00:00,87.71,87.84,87.12,87.44,11821.835
2025-07-06 19:00:00+00:00,87.45,87.58,87.28,87.53,4754.959
2025-07-06 20:00:00+00:00,87.54,87.68,87.5,87.58,4784.369
2025-07-06 21:00:00+00:00,87.57,88.52,87.54,87.84,17629.99
2025-07-06 22:00:00+00:00,87.84,88.34,87.64,87.66,12977.157
2025-07-06 23:00:00+00:00,87.67,87.7,87.32,87.35,9582.09
2025-07-07 00:00:00+00:00,87.35,87.55,87.14,87.37,7846.572
2025-07-07 01:00:00+00:00,87.37,87.41,87.07,87.35,4603.789
2025-07-07 02:00:00+00:00,87.35,88.21,87.35,87.72,9923.073
2025-07-07 03:00:00+00:00,87.73,88.18,87.63,87.66,5657.552
2025-07-07 04:00:00+00:00,87.65,87.88,87.42,87.85,12195.404
2025-07-07 05:00:00+00:00,87.84,88.28,87.51,87.75,23066.369
2025-07-07 06:00:00+00:00,87.75,87.9,87.49,87.55,4525.591
2025-07-07 07:00:00+00:00,87.56,87.94,87.41,87.94,6586.882
2025-07-07 08:00:00+00:00,87.93,88.03,87.7,87.87,9158.265
2025-07-07 09:00:00+00:00,87.87,88.06,87.45,87.5,12663.054
2025-07-07 10:00:00+00:00,87.5,87.5,87.13,87.14,10381.052
2025-07-07 11:00:00+00:00,87.14,87.22,86.83,86.93,16921.504
2025-07-07 12:00:00+00:00,86.92,86.95,86.44,86.62,14763.125
2025-07-07 13:00:00+00:00,86.62,87.27,86.46,87.26,16901.011
2025-07-07 14:00:00+00:00,87.25,87.33,86.17,86.42,15548.262
2025-07-07 15:00:00+00:00,86.43,86.8,86.01,86.14,14891.056
2025-07-07 16:00:00+00:00,86.14,86.32,85.42,85.57,31118.532
2025-07-07 17:00:00+00:00,85.56,86.14,85.43,85.64,13064.132
2025-07-07 18:00:00+00:00,85.64,85.72,85.16,85.66,14209.769
2025-07-07 19:00:00+00:00,85.65,86.38,85.61,85.91,14212.311
2025-07-07 20:00:00+00:00,85.91,86.02,85.32,85.84,10840.976
2025-07-07 21:00:00+00:00,85.84,86.14,85.47,85.92,10079.158
2025-07-07 22:00:00+00:00,85.93,86.04,85.69,85.93,6525.127
2025-07-07 23:00:00+00:00,85.92,86.2,85.87,86.05,7931.505
2025-07-08 00:00:00+00:00,86.05,86.19,85.81,86.02,12756.691
2025-07-08 01:00:00+00:00,86.02,86.02,85.61,85.69,7187.083
2025-07-08 02:00:00+00:00,85.68,85.99,85.52,85.76,10526.248
2025-07-08 03:00:00+00:00,85.76,86.11,85.74,85.99,4696.835
2025-07-08 04:00:00+00:00,85.99,86.08,85.82,85.98,5254.899
2025-07-08 05:00:00+00:00,85.97,86.29,85.8,86.27,5131.681
2025-07-08 06:00:00+00:00,86.26,86.61,86.15,86.61,10782.832
2025-07-08 07:00:00+00:00,86.6,86.64,86.41,86.63,14530.209
2025-07-08 08:00:00+00:00,86.63,86.72,86.22,86.23,9999.343
2025-07-08 09:00:00+00:00,86.23,86.32,86.1,86.12,8439.936
2025-07-08 10:00:00+00:00,86.12,86.61,86.07,86.6,16149.107
2025-07-08 11:00:00+00:00,86.6,86.9,86.5,86.54,10065.834
2025-07-08 12:00:00+00:00,86.54,87.06,86.52,87.06,7984.0
2025-07-08 13:00:00+00:00,87.06,87.1,86.39,86.63,14054.496
2025-07-08 14:00:00+00:00,86.62,86.67,86.12,86.26,10003.78
2025-07-08 15:00:00+00:00,86.27,86.71,86.18,86.37,11326.134
2025-07-08 16:00:00+00:00,86.36,86.75,86.24,86.61,6703.456
2025-07-08 17:00:00+00:00,86.61,87.53,86.55,87.22,19295.779
2025-07-08 18:00:00+00:00,87.23,87.55,87.18,87.53,9041.088
2025-07-08 19:00:00+00:00,87.54,87.54,87.18,87.32,8218.16
2025-07-08 20:00:00+00:00,87.32,87.47,87.01,87.01,7150.007
2025-07-08 21:00:00+00:00,87.0,87.71,87.0,87.62,8191.138
2025-07-08 22:00:00+00:00,87.64,87.79,87.46,87.76,7098.418
2025-07-08 23:00:00+00:00,87.76,88.0,87.55,87.75,8564.005
2025-07-09 00:00:00+00:00,87.76,87.84,87.29,87.59,5898.302
2025-07-09 01:00:00+00:00,87.59,87.83,87.12,87.46,19006.06
2025-07-09 02:00:00+00:00,87.46,87.78,87.34,87.68,6285.848
2025-07-09 03:00:00+00:00,87.68,87.79,87.4,87.58,5679.239
2025-07-09 04:00:00+00:00,87.58,87.88,87.53,87.88,6679.863
2025-07-09 05:00:00+00:00,87.88,88.3,87.66,88.05,16652.701
2025-07-09 06:00:00+00:00,88.05,88.11,87.79,88.05,7180.623
2025-07-09 07:00:00+00:00,88.05,88.22,87.9,88.09,10500.622
2025-07-09 08:00:00+00:00,88.09,88.32,87.58,87.72,10248.799
2025-07-09 09:00:00+00:00,87.73,87.88,87.58,87.85,20267.824
2025-07-09 10:00:00+00:00,87.86,88.04,87.72,88.03,19964.644
2025-07-09 11:00:00+00:00,88.03,88.48,87.97,88.36,17849.947
2025-07-09 12:00:00+00:00,88.37,88.88,88.36,88.72,29327.164
2025-07-09 13:00:00+00:00,88.72,89.09,88.62,88.67,24176.845
2025-07-09 14:00:00+00:00,88.67,88.94,87.93,88.46,31364.857
2025-07-09 15:00:00+00:00,88.46,88.66,88.23,88.5,12459.419
2025-07-09 16:00:00+00:00,88.5,88.83,88.43,88.67,14878.067
2025-07-09 17:00:00+00:00,88.66,88.86,88.29,88.36,25164.599
2025-07-09 18:00:00+00:00,88.36,89.18,88.32,88.47,36543.148
2025-07-09 19:00:00+00:00,88.47,90.42,88.46,90.37,45659.643
2025-07-09 20:00:00+00:00,90.37,90.74,89.77,90.59,51371.782
2025-07-09 21:00:00+00:00,90.58,91.21,90.4,90.47,45810.641
2025-07-09 22:00:00+00:00,90.47,91.28,90.44,91.24,27858.72
2025-07-09 23:00:00+00:00,91.25,91.41,90.56,90.61,13246.594
2025-07-10 00:00:00+00:00,90.61,90.9,90.11,90.2,13795.74
2025-07-10 01:00:00+00:00,90.2,90.9,90.19,90.78,6510.048
2025-07-10 02:00:00+00:00,90.79,91.45,90.73,91.24,12169.3
2025-07-10 03:00:00+00:00,91.23,91.26,90.77,90.89,8687.607
2025-07-10 04:00:00+00:00,90.88,90.89,90.28,90.75,11890.222
2025-07-10 05:00:00+00:00,90.75,90.76,90.42,90.64,7284.668
2025-07-10 06:00:00+00:00,90.63,90.97,90.4,90.88,10512.964
2025-07-10 07:00:00+00:00,90.87,91.25,90.77,90.97,14488.699
2025-07-10 08:00:00+00:00,90.97,91.4,90.89,91.14,8994.993
2025-07-10 09:00:00+00:00,91.13,91.18,90.79,90.88,12035.96
2025-07-10 10:00:00+00:00,90.89,91.12,90.63,91.01,11657.057
2025-07-10 11:00:00+00:00,91.0,91.1,90.73,90.92,10944.031
2025-07-10 12:00:00+00:00,90.92,90.92,90.58,90.85,15424.131
2025-07-10 13:00:00+00:00,90.85,91.23,90.57,90.67,23736.117
2025-07-10 14:00:00+00:00,90.67,90.99,90.27,90.97,18241.809
2025-07-10 15:00:00+00:00,90.97,91.25,90.56,91.2,16459.727
2025-07-10 16:00:00+00:00,91.2,92.14,91.16,91.79,51530.285
2025-07-10 17:00:00+00:00,91.78,92.85,91.5,92.64,31075.769
2025-07-10 18:00:00+00:00,92.64,93.13,92.11,92.58,27960.37
2025-07-10 19:00:00+00:00,92.58,92.9,92.3,92.55,13264.085
2025-07-10 20:00:00+00:00,92.55,93.29,92.45,93.09,26579.519
2025-07-10 21:00:00+00:00,93.08,94.94,92.95,94.67,69047.947
2025-07-10 22:00:00+00:00,94.67,95.3,94.37,94.92,36935.653
2025-07-10 23:00:00+00:00,94.92,95.1,94.21,94.85,21943.433
2025-07-11 00:00:00+00:00,94.86,94.93,93.57,94.09,28459.517
2025-07-11 01:00:00+00:00,94.09,95.27,93.99,94.95,44838.321
2025-07-11 02:00:00+00:00,94.94,95.88,94.83,95.62,29230.208
2025-07-11 03:00:00+00:00,95.62,95.63,95.14,95.47,15199.775
2025-07-11 04:00:00+00:00,95.47,95.71,94.85,95.69,17324.81
2025-07-11 05:00:00+00:00,95.7,96.58,95.6,95.95,43704.928
2025-07-11 06:00:00+00:00,95.95,96.35,94.66,94.84,39239.9
2025-07-11 07:00:00+00:00,94.84,95.36,94.52,94.9,34279.062
2025-07-11 08:00:00+00:00,94.91,95.53,94.87,95.35,27456.03
2025-07-11 09:00:00+00:00,95.34,96.01,95.14,95.75,18859.02
2025-07-11 10:00:00+00:00,95.75,96.04,95.49,95.84,13942.404
2025-07-11 11:00:00+00:00,95.84,95.99,95.19,95.44,23445.076
2025-07-11 12:00:00+00:00,95.44,95.9,95.1,95.9,13810.006
2025-07-11 13:00:00+00:00,95.89,97.3,95.7,96.92,37545.565
2025-07-11 14:00:00+00:00,96.93,97.45,96.22,96.87,36419.117
2025-07-11 15:00:00+00:00,96.86,98.32,96.28,96.65,88336.41
2025-07-11 16:00:00+00:00,96.66,97.5,95.5,96.63,67843.55
2025-07-11 17:00:00+00:00,96.64,97.05,95.96,96.62,18806.686
2025-07-11 18:00:00+00:00,96.61,97.8,96.6,97.67,23136.888
2025-07-11 19:00:00+00:00,97.67,97.69,96.76,97.07,13218.481
2025-07-11 20:00:00+00:00,97.06,97.2,95.8,95.83,24570.213
2025-07-11 21:00:00+00:00,95.84,96.03,93.39,94.43,50903.687
2025-07-11 22:00:00+00:00,94.44,94.58,92.67,93.73,35096.507
2025-07-11 23:00:00+00:00,93.73,94.5,93.64,94.26,12113.23
2025-07-12 00:00:00+00:00,94.24,94.6,93.1,94.16,17313.459
2025-07-12 01:00:00+00:00,94.17,95.15,94.16,95.05,12364.232
2025-07-12 02:00:00+00:00,95.04,95.45,94.7,94.8,11866.36
2025-07-12 03:00:00+00:00,94.79,95.19,94.54,94.8,13442.213
2025-07-12 04:00:00+00:00,94.8,94.84,92.81,92.97,42593.633
2025-07-12 05:00:00+00:00,92.97,93.48,92.46,93.21,19540.635
2025-07-12 06:00:00+00:00,93.2,93.35,92.88,93.15,12128.53
2025-07-12 07:00:00+00:00,93.15,93.46,92.87,93.2,11493.998
2025-07-12 08:00:00+00:00,93.2,93.46,92.55,93.03,12122.704
2025-07-12 09:00:00+00:00,93.02,93.75,92.78,93.57,20512.12
2025-07-12 10:00:00+00:00,93.57,93.84,93.14,93.79,12578.132
2025-07-12 11:00:00+00:00,93.78,94.06,93.31,93.45,9011.407
2025-07-12 12:00:00+00:00,93.45,93.64,91.38,92.63,36077.451
2025-07-12 13:00:00+00:00,92.62,92.73,91.7,92.56,19632.07
2025-07-12 14:00:00+00:00,92.56,93.02,91.56,91.77,20279.386
2025-07-12 15:00:00+00:00,91.77,91.93,90.75,91.14,28076.817
2025-07-12 16:00:00+00:00,91.14,92.02,90.96,91.57,13136.104
2025-07-12 17:00:00+00:00,91.57,92.81,91.51,92.4,11910.692
2025-07-12 18:00:00+00:00,92.4,92.73,92.19,92.69,8213.669
2025-07-12 19:00:00+00:00,92.7,92.91,92.46,92.84,10939.659
2025-07-12 20:00:00+00:00,92.85,92.86,91.91,91.92,7721.672
2025-07-12 21:00:00+00:00,91.92,92.7,91.87,92.7,6650.407
2025-07-12 22:00:00+00:00,92.7,92.8,92.22,92.68,4856.618
2025-07-12 23:00:00+00:00,92.68,92.97,92.45,92.77,5853.523
2025-07-13 00:00:00+00:00,92.77,93.18,92.51,92.82,8508.69
2025-07-13 01:00:00+00:00,92.83,93.55,92.77,93.53,5806.681
2025-07-13 02:00:00+00:00,93.53,93.65,92.78,93.45,7369.897
2025-07-13 03:00:00+00:00,93.46,93.51,93.01,93.11,4928.513
2025-07-13 04:00:00+00:00,93.11,93.68,92.99,93.65,3732.007
2025-07-13 05:00:00+00:00,93.65,94.37,93.64,94.05,20305.245
2025-07-13 06:00:00+00:00,94.05,95.31,93.99,94.19,30939.792
2025-07-13 07:00:00+00:00,94.18,94.56,94.14,94.37,6512.196
2025-07-13 08:00:00+00:00,94.37,94.74,94.25,94.62,10055.099
2025-07-13 09:00:00+00:00,94.63,94.8,93.96,94.27,5793.917
2025-07-13 10:00:00+00:00,94.27,94.64,93.98,94.11,12325.135
2025-07-13 11:00:00+00:00,94.11,94.95,94.1,94.85,9949.73
2025-07-13 12:00:00+00:00,94.84,95.26,94.7,95.14,12849.735
2025-07-13 13:00:00+00:00,95.15,95.5,94.7,95.32,24362.333
2025-07-13 14:00:00+00:00,95.31,96.36,95.12,95.71,23731.788
2025-07-13 15:00:00+00:00,95.71,96.63,95.36,96.15,17431.416
2025-07-13 16:00:00+00:00,96.15,96.63,95.46,95.53,14939.97
2025-07-13 17:00:00+00:00,95.52,96.23,95.25,96.14,13925.998
2025-07-13 18:00:00+00:00,96.15,96.7,95.93,96.44,11595.712
2025-07-13 19:00:00+00:00,96.44,96.88,96.15,96.33,10211.903
2025-07-13 20:00:00+00:00,96.33,96.59,96.06,96.1,6938.769
2025-07-13 21:00:00+00:00,96.09,96.18,94.47,94.74,20139.045
2025-07-13 22:00:00+00:00,94.73,94.8,93.87,94.28,21326.277
2025-07-13 23:00:00+00:00,94.27,94.79,94.09,94.62,11941.124
2025-07-14 00:00:00+00:00,94.63,95.27,94.4,94.82,11348.946
2025-07-14 01:00:00+00:00,94.81,95.25,94.58,95.1,14694.251
2025-07-14 02:00:00+00:00,95.09,96.14,94.9,95.63,16512.596
2025-07-14 03:00:00+00:00,95.62,97.08,95.5,96.79,26359.063
2025-07-14 04:00:00+00:00,96.79,97.62,96.54,97.6,21347.942
2025-07-14 05:00:00+00:00,97.6,97.87,96.09,96.99,43520.637
2025-07-14 06:00:00+00:00,96.98,97.03,96.14,96.35,19924.654
2025-07-14 07:00:00+00:00,96.34,97.43,96.3,97.18,20916.49
2025-07-14 08:00:00+00:00,97.19,97.22,95.99,96.33,24136.708
2025-07-14 09:00:00+00:00,96.33,97.78,96.08,97.01,29965.249
2025-07-14 10:00:00+00:00,97.0,97.99,96.27,97.93,31737.899
2025-07-14 11:00:00+00:00,97.94,97.96,96.76,96.98,23192.998
2025-07-14 12:00:00+00:00,96.99,97.27,96.43,96.88,16417.044
2025-07-14 13:00:00+00:00,96.88,97.33,96.35,97.13,17153.084
2025-07-14 14:00:00+00:00,97.14,97.57,95.77,96.56,42268.165
2025-07-14 15:00:00+00:00,96.57,96.58,94.91,95.44,40411.099
2025-07-14 16:00:00+00:00,95.44,96.46,95.02,96.37,25395.461
2025-07-14 17:00:00+00:00,96.37,96.37,95.48,95.83,14252.419
2025-07-14 18:00:00+00:00,95.83,95.88,94.69,94.82,17253.99
2025-07-14 19:00:00+00:00,94.82,95.35,94.71,94.99,9460.029
2025-07-14 20:00:00+00:00,94.98,95.44,94.14,95.16,13935.748
2025-07-14 21:00:00+00:00,95.15,95.64,94.96,95.35,9790.433
2025-07-14 22:00:00+00:00,95.34,95.77,95.06,95.58,8520.064
2025-07-14 23:00:00+00:00,95.57,95.72,95.14,95.64,5300.902
2025-07-15 00:00:00+00:00,95.63,96.09,92.77,93.83,46963.154
2025-07-15 01:00:00+00:00,93.83,94.43,93.07,93.63,19015.646
2025-07-15 02:00:00+00:00,93.62,93.94,92.49,92.69,24137.12
2025-07-15 03:00:00+00:00,92.68,92.74,91.31,91.88,47249.874
2025-07-15 04:00:00+00:00,91.88,92.76,91.2,92.71,22573.607
2025-07-15 05:00:00+00:00,92.72,92.99,92.38,92.7,13211.196
2025-07-15 06:00:00+00:00,92.7,93.14,92.45,92.78,17571.167
2025-07-15 07:00:00+00:00,92.78,93.07,92.48,92.48,11792.015
2025-07-15 08:00:00+00:00,92.48,92.87,91.94,92.75,14140.201
2025-07-15 09:00:00+00:00,92.74,93.42,92.69,92.95,12442.684
2025-07-15 10:00:00+00:00,92.95,93.4,92.85,92.94,9922.456
2025-07-15 11:00:00+00:00,92.94,93.18,92.26,92.67,15270.919
2025-07-15 12:00:00+00:00,92.68,93.31,91.84,92.92,22053.233
2025-07-15 13:00:00+00:00,92.92,93.97,92.84,93.68,22735.184
2025-07-15 14:00:00+00:00,93.68,93.97,91.65,92.01,35727.189
2025-07-15 15:00:00+00:00,92.01,93.59,91.88,93.44,33645.373
2025-07-15 16:00:00+00:00,93.44,94.55,93.35,94.3,28924.224
2025-07-15 17:00:00+00:00,94.3,95.58,94.28,95.55,25857.905
2025-07-15 18:00:00+00:00,95.55,96.34,94.05,95.33,44656.316
2025-07-15 19:00:00+00:00,95.32,96.06,94.63,95.19,19648.679
2025-07-15 20:00:00+00:00,95.18,95.74,94.75,95.21,12309.82
2025-07-15 21:00:00+00:00,95.2,96.61,95.14,96.26,22852.385
2025-07-15 22:00:00+00:00,96.25,96.31,95.64,96.03,14685.189
2025-07-15 23:00:00+00:00,96.04,96.73,96.03,96.35,18654.317
2025-07-16 00:00:00+00:00,96.36,97.26,95.79,96.97,31226.859
2025-07-16 01:00:00+00:00,96.97,97.05,96.23,96.45,11216.768
2025-07-16 02:00:00+00:00,96.44,96.44,95.19,95.52,27938.786
2025-07-16 03:00:00+00:00,95.53,95.9,95.38,95.47,10932.799
2025-07-16 04:00:00+00:00,95.47,95.84,95.1,95.79,5526.046
2025-07-16 05:00:00+00:00,95.79,96.11,95.73,95.86,4817.886
2025-07-16 06:00:00+00:00,95.85,96.31,95.61,96.23,6801.729
2025-07-16 07:00:00+00:00,96.22,96.63,96.0,96.39,9527.204
2025-07-16 08:00:00+00:00,96.38,96.55,96.09,96.49,38536.669
2025-07-16 09:00:00+00:00,96.49,97.7,96.48,97.59,34876.764
2025-07-16 10:00:00+00:00,97.58,97.64,96.82,96.89,12727.537
2025-07-16 11:00:00+00:00,96.89,97.44,96.89,96.95,13745.288
2025-07-16 12:00:00+00:00,96.96,97.8,96.88,97.34,23562.699
2025-07-16 13:00:00+00:00,97.33,97.5,96.66,97.02,24051.212
2025-07-16 14:00:00+00:00,97.03,98.03,96.37,97.69,51909.145
2025-07-16 15:00:00+00:00,97.7,97.9,95.82,96.86,51317.511
2025-07-16 16:00:00+00:00,96.85,98.0,96.53,97.95,29271.523
2025-07-16 17:00:00+00:00,97.95,99.33,97.89,99.28,61698.976
2025-07-16 18:00:00+00:00,99.28,99.81,98.72,98.79,33985.5
2025-07-16 19:00:00+00:00,98.8,98.91,98.19,98.54,24029.125
2025-07-16 20:00:00+00:00,98.54,99.46,98.52,98.69,23703.095
2025-07-16 21:00:00+00:00,98.7,99.96,98.57,99.06,33094.357
2025-07-16 22:00:00+00:00,99.07,99.37,97.56,97.87,28045.64
2025-07-16 23:00:00+00:00,97.88,97.97,97.06,97.47,22776.288
2025-07-17 00:00:00+00:00,97.47,98.84,97.36,97.78,28263.105
2025-07-17 01:00:00+00:00,97.78,98.22,95.56,96.5,60813.224
2025-07-17 02:00:00+00:00,96.49,96.92,96.23,96.74,15895.437
2025-07-17 03:00:00+00:00,96.74,96.76,95.32,96.12,22009.778
2025-07-17 04:00:00+00:00,96.12,96.69,95.9,96.6,13995.002
2025-07-17 05:00:00+00:00,96.59,97.83,96.23,97.82,18798.218
2025-07-17 06:00:00+00:00,97.81,98.69,97.48,98.38,40000.97
2025-07-17 07:00:00+00:00,98.39,98.5,97.46,98.21,26875.604
2025-07-17 08:00:00+00:00,98.21,98.9,98.02,98.84,36382.2
2025-07-17 09:00:00+00:00,98.84,101.39,98.68,100.76,84151.195
2025-07-17 10:00:00+00:00,100.75,100.9,99.49,100.09,31517.535
2025-07-17 11:00:00+00:00,100.09,100.16,99.21,99.66,20353.842
2025-07-17 12:00:00+00:00,99.65,100.96,98.93,100.71,44390.482
2025-07-17 13:00:00+00:00,100.71,100.94,98.2,99.76,55707.154
2025-07-17 14:00:00+00:00,99.76,101.45,99.76,100.76,41469.669
2025-07-17 15:00:00+00:00,100.77,101.73,99.91,101.28,34945.65
2025-07-17 16:00:00+00:00,101.29,101.6,100.2,101.58,54005.298
2025-07-17 17:00:00+00:00,101.58,101.96,100.01,101.46,45984.636
2025-07-17 18:00:00+00:00,101.46,101.71,100.77,101.58,36651.161
2025-07-17 19:00:00+00:00,101.59,102.39,100.87,100.98,47731.542
2025-07-17 20:00:00+00:00,100.97,101.59,99.82,101.13,29452.361
2025-07-17 21:00:00+00:00,101.13,102.84,100.04,101.63,50128.058
2025-07-17 22:00:00+00:00,101.63,103.59,101.26,102.21,50751.979
2025-07-17 23:00:00+00:00,102.2,103.1,101.38,101.6,25657.89
2025-07-18 00:00:00+00:00,101.6,103.43,101.06,103.29,47983.401
2025-07-18 01:00:00+00:00,103.3,104.68,103.01,104.26,61312.98
2025-07-18 02:00:00+00:00,104.27,104.85,103.32,104.47,54437.297
2025-07-18 03:00:00+00:00,104.47,107.79,103.89,107.79,132560.481
2025-07-18 04:00:00+00:00,107.79,107.81,106.13,107.3,74351.162
2025-07-18 05:00:00+00:00,107.3,109.47,106.96,108.91,105669.759
2025-07-18 06:00:00+00:00,108.91,110.2,107.84,108.8,87185.695
2025-07-18 07:00:00+00:00,108.8,109.69,107.46,107.65,89758.563
2025-07-18 08:00:00+00:00,107.65,109.76,107.57,108.64,94793.443
2025-07-18 09:00:00+00:00,108.64,112.39,107.8,111.35,144055.6
2025-07-18 10:00:00+00:00,111.35,111.37,108.68,109.88,74991.866
2025-07-18 11:00:00+00:00,109.89,110.09,108.1,108.48,65209.664
2025-07-18 12:00:00+00:00,108.47,110.45,108.02,110.4,77247.76
2025-07-18 13:00:00+00:00,110.4,110.4,105.4,106.44,175803.837
2025-07-18 14:00:00+00:00,106.44,106.75,104.12,105.04,98853.382
2025-07-18 15:00:00+00:00,105.03,105.16,103.0,103.87,82608.643
2025-07-18 16:00:00+00:00,103.87,105.79,103.87,105.3,65390.479
2025-07-18 17:00:00+00:00,105.3,105.38,104.16,104.46,37740.366
2025-07-18 18:00:00+00:00,104.46,104.55,102.85,102.94,37521.126
2025-07-18 19:00:00+00:00,102.94,103.35,102.05,102.29,48407.403
2025-07-18 20:00:00+00:00,102.28,102.49,100.09,101.54,75154.145
2025-07-18 21:00:00+00:00,101.52,102.57,101.41,101.55,24606.151
2025-07-18 22:00:00+00:00,101.55,102.26,100.56,100.85,37900.669
2025-07-18 23:00:00+00:00,100.85,101.73,100.04,101.73,43295.796
2025-07-19 00:00:00+00:00,101.72,102.29,100.63,100.64,30171.229
2025-07-19 01:00:00+00:00,100.65,101.45,100.05,101.18,35501.138
2025-07-19 02:00:00+00:00,101.18,101.98,100.39,101.77,21797.989
2025-07-19 03:00:00+00:00,101.77,102.83,101.6,102.5,58107.945
2025-07-19 04:00:00+00:00,102.5,104.34,102.4,103.03,51857.896
2025-07-19 05:00:00+00:00,103.03,103.23,102.31,102.8,29421.313
2025-07-19 06:00:00+00:00,102.79,102.86,101.73,102.48,25043.217
2025-07-19 07:00:00+00:00,102.48,103.23,102.36,102.72,41022.243
2025-07-19 08:00:00+00:00,102.73,102.99,101.62,102.03,21042.476
2025-07-19 09:00:00+00:00,102.03,102.34,101.5,101.99,17725.89
2025-07-19 10:00:00+00:00,101.99,102.26,101.36,101.58,18093.12
2025-07-19 11:00:00+00:00,101.58,102.02,100.92,101.29,18021.993
2025-07-19 12:00:00+00:00,101.3,101.55,100.67,101.44,17818.293
2025-07-19 13:00:00+00:00,101.44,101.45,100.5,100.89,34854.825
2025-07-19 14:00:00+00:00,100.89,100.98,99.66,99.87,42350.05
2025-07-19 15:00:00+00:00,99.86,101.45,99.73,101.19,23233.425
2025-07-19 16:00:00+00:00,101.19,102.1,101.06,101.88,25263.079
2025-07-19 17:00:00+00:00,101.89,101.92,101.22,101.82,13217.283
2025-07-19 18:00:00+00:00,101.81,104.17,101.68,103.74,78140.708
2025-07-19 19:00:00+00:00,103.73,113.6,103.55,112.63,340862.664
2025-07-19 20:00:00+00:00,112.64,113.91,111.26,111.37,140323.775
2025-07-19 21:00:00+00:00,111.36,112.59,108.85,112.54,107617.337
2025-07-19 22:00:00+00:00,112.54,114.18,111.41,113.52,82167.326
2025-07-19 23:00:00+00:00,113.52,113.78,112.55,113.16,55156.738
2025-07-20 00:00:00+00:00,113.16,113.45,111.8,112.64,57532.885
2025-07-20 01:00:00+00:00,112.65,113.2,111.18,111.23,54321.636
2025-07-20 02:00:00+00:00,111.23,111.98,110.57,111.8,32220.09
2025-07-20 03:00:00+00:00,111.81,112.98,111.5,112.51,35473.233
2025-07-20 04:00:00+00:00,112.52,115.32,112.36,113.79,78343.511
2025-07-20 05:00:00+00:00,113.8,118.88,112.7,116.51,158599.717
2025-07-20 06:00:00+00:00,116.52,118.0,115.15,116.37,133425.371
2025-07-20 07:00:00+00:00,116.38,118.7,115.75,117.57,156146.753
2025-07-20 08:00:00+00:00,117.57,120.0,117.18,119.16,124925.58
2025-07-20 09:00:00+00:00,119.16,120.17,117.84,117.95,101993.937
2025-07-20 10:00:00+00:00,117.94,118.24,117.28,118.04,48069.684
2025-07-20 11:00:00+00:00,118.04,118.21,115.68,116.17,57414.244
2025-07-20 12:00:00+00:00,116.17,116.9,115.74,116.76,37165.273
2025-07-20 13:00:00+00:00,116.75,118.0,116.14,117.47,87202.211
2025-07-20 14:00:00+00:00,117.46,118.56,116.51,117.99,68301.094
2025-07-20 15:00:00+00:00,118.0,119.0,116.59,117.18,72431.323
2025-07-20 16:00:00+00:00,117.18,118.09,116.84,117.57,40204.37
2025-07-20 17:00:00+00:00,117.56,121.47,116.69,118.3,122555.009
2025-07-20 18:00:00+00:00,118.3,118.81,116.54,118.04,50326.148
2025-07-20 19:00:00+00:00,118.03,118.08,117.11,117.44,21969.305
2025-07-20 20:00:00+00:00,117.43,117.63,116.7,117.03,22934.933
2025-07-20 21:00:00+00:00,117.03,117.28,115.68,116.95,26474.676
2025-07-20 22:00:00+00:00,116.95,117.36,114.0,116.98,85268.325
2025-07-20 23:00:00+00:00,116.98,117.47,116.48,116.59,26665.554
2025-07-21 00:00:00+00:00,116.59,118.24,115.42,118.23,54446.94
2025-07-21 01:00:00+00:00,118.23,118.26,115.84,117.27,43906.839
2025-07-21 02:00:00+00:00,117.28,117.94,116.38,117.25,32082.478
2025-07-21 03:00:00+00:00,117.25,117.82,116.79,117.36,25950.205
2025-07-21 04:00:00+00:00,117.35,119.01,117.18,117.66,61809.268
2025-07-21 05:00:00+00:00,117.66,120.0,117.5,119.1,43131.465
2025-07-21 06:00:00+00:00,119.09,121.27,119.03,120.7,55996.868
2025-07-21 07:00:00+00:00,120.69,122.0,119.85,120.7,67868.502
2025-07-21 08:00:00+00:00,120.7,121.23,119.76,120.28,38207.428
2025-07-21 09:00:00+00:00,120.27,120.59,118.64,119.13,31580.187
2025-07-21 10:00:00+00:00,119.14,119.28,117.64,118.37,40619.571
2025-07-21 11:00:00+00:00,118.37,119.1,117.78,117.82,26996.152
2025-07-21 12:00:00+00:00,117.82,117.94,116.58,116.72,44676.829
2025-07-21 13:00:00+00:00,116.72,118.11,116.26,117.94,40410.561
2025-07-21 14:00:00+00:00,117.94,119.36,117.1,118.28,82672.758
2025-07-21 15:00:00+00:00,118.27,119.32,117.87,118.28,54380.085
2025-07-21 16:00:00+00:00,118.27,118.39,115.52,116.64,70361.571
2025-07-21 17:00:00+00:00,116.62,117.15,116.26,116.86,38262.278
2025-07-21 18:00:00+00:00,116.87,117.71,115.2,115.32,38683.648
2025-07-21 19:00:00+00:00,115.32,116.11,114.56,115.18,44097.893
2025-07-21 20:00:00+00:00,115.18,116.56,115.1,115.27,46760.607
2025-07-21 21:00:00+00:00,115.26,115.84,114.8,115.16,44812.436
2025-07-21 22:00:00+00:00,115.16,116.13,115.02,116.0,11055.042
2025-07-21 23:00:00+00:00,116.01,116.12,115.35,115.43,11489.339
2025-07-22 00:00:00+00:00,115.42,116.51,114.39,114.61,25437.779
2025-07-22 01:00:00+00:00,114.6,117.04,112.73,116.84,110049.572
2025-07-22 02:00:00+00:00,116.85,117.12,115.27,115.62,38231.082
2025-07-22 03:00:00+00:00,115.61,116.16,114.5,115.76,55546.676
2025-07-22 04:00:00+00:00,115.75,116.49,114.05,114.21,89725.4
2025-07-22 05:00:00+00:00,114.2,116.67,114.1,115.37,66073.038
2025-07-22 06:00:00+00:00,115.37,116.38,114.82,115.38,35543.194
2025-07-22 07:00:00+00:00,115.39,116.48,115.0,115.28,33268.408
2025-07-22 08:00:00+00:00,115.28,115.28,112.59,114.02,91601.688
2025-07-22 09:00:00+00:00,114.03,114.36,112.89,113.85,39470.944
2025-07-22 10:00:00+00:00,113.84,114.6,113.71,114.55,35504.77
2025-07-22 11:00:00+00:00,114.55,115.68,114.27,115.6,21826.762
2025-07-22 12:00:00+00:00,115.61,116.2,115.12,115.73,26224.066
2025-07-22 13:00:00+00:00,115.74,116.11,113.09,113.2,31680.749
2025-07-22 14:00:00+00:00,113.2,115.74,112.8,115.7,48069.479
2025-07-22 15:00:00+00:00,115.69,116.37,115.21,115.79,27300.378
2025-07-22 16:00:00+00:00,115.79,117.16,115.59,116.05,41171.509
2025-07-22 17:00:00+00:00,116.05,118.96,116.02,118.92,58329.1
2025-07-22 18:00:00+00:00,118.91,119.86,118.42,118.53,58933.115
2025-07-22 19:00:00+00:00,118.53,119.34,116.85,116.93,31298.908
2025-07-22 20:00:00+00:00,116.93,117.15,116.04,116.99,24512.344
2025-07-22 21:00:00+00:00,116.99,118.56,116.72,118.55,32450.172
2025-07-22 22:00:00+00:00,118.55,118.55,117.92,118.05,19547.322
2025-07-22 23:00:00+00:00,118.05,119.82,117.9,119.65,24857.439
2025-07-23 00:00:00+00:00,119.66,120.29,117.97,117.98,45337.927
2025-07-23 01:00:00+00:00,117.98,121.88,117.45,121.05,75856.651
2025-07-23 02:00:00+00:00,121.05,122.29,119.57,120.73,65392.083
2025-07-23 03:00:00+00:00,120.74,121.52,119.73,119.98,50164.542
2025-07-23 04:00:00+00:00,119.97,120.28,119.34,120.02,19815.073
2025-07-23 05:00:00+00:00,120.01,120.12,118.8,118.98,16833.171
2025-07-23 06:00:00+00:00,118.98,119.1,117.43,117.99,44299.282
2025-07-23 07:00:00+00:00,117.99,119.1,116.88,117.61,39598.531
2025-07-23 08:00:00+00:00,117.61,117.99,117.09,117.88,31449.521
2025-07-23 09:00:00+00:00,117.88,118.15,116.7,117.05,33088.887
2025-07-23 10:00:00+00:00,117.06,117.95,116.22,117.64,43984.353
2025-07-23 11:00:00+00:00,117.65,117.77,116.58,116.92,26921.222
2025-07-23 12:00:00+00:00,116.92,117.23,114.71,115.24,42512.096
2025-07-23 13:00:00+00:00,115.24,115.72,110.91,112.27,168453.445
2025-07-23 14:00:00+00:00,112.26,114.21,111.7,114.21,78299.964
2025-07-23 15:00:00+00:00,114.2,114.79,112.74,114.65,31609.68
2025-07-23 16:00:00+00:00,114.64,114.91,112.31,112.35,40685.563
2025-07-23 17:00:00+00:00,112.35,113.5,110.85,112.91,59470.419
2025-07-23 18:00:00+00:00,112.92,113.68,112.42,113.64,21359.457
2025-07-23 19:00:00+00:00,113.63,113.7,112.0,112.12,18376.892
2025-07-23 20:00:00+00:00,112.11,112.64,109.2,110.84,108135.808
2025-07-23 21:00:00+00:00,110.85,111.75,108.89,111.49,28162.06
2025-07-23 22:00:00+00:00,111.5,112.78,110.92,112.01,18636.871
2025-07-23 23:00:00+00:00,112.02,112.72,111.91,112.05,9985.376
2025-07-24 00:00:00+00:00,112.06,114.04,111.42,114.0,22166.665
2025-07-24 01:00:00+00:00,114.0,114.35,113.11,114.33,18774.64
2025-07-24 02:00:00+00:00,114.33,114.35,113.15,113.72,14636.039
2025-07-24 03:00:00+00:00,113.73,114.25,112.91,112.99,15674.169
2025-07-24 04:00:00+00:00,113.0,113.23,110.99,111.3,33818.752
2025-07-24 05:00:00+00:00,111.29,111.45,108.24,108.63,59967.974
2025-07-24 06:00:00+00:00,108.63,110.14,106.69,107.91,60802.462
2025-07-24 07:00:00+00:00,107.9,111.02,106.58,110.97,67024.622
2025-07-24 08:00:00+00:00,110.97,114.08,110.47,113.47,51581.398
2025-07-24 09:00:00+00:00,113.46,113.97,112.8,113.84,28833.998
2025-07-24 10:00:00+00:00,113.84,114.32,111.9,113.12,35615.457
2025-07-24 11:00:00+00:00,113.11,114.1,112.85,113.72,23164.974
2025-07-24 12:00:00+00:00,113.72,113.87,112.07,112.38,27068.749
2025-07-24 13:00:00+00:00,112.37,113.43,111.57,111.66,22804.209
2025-07-24 14:00:00+00:00,111.66,114.91,110.93,114.83,49698.752
2025-07-24 15:00:00+00:00,114.83,115.43,113.14,113.48,58523.901
2025-07-24 16:00:00+00:00,113.48,113.57,111.13,112.13,30061.362
2025-07-24 17:00:00+00:00,112.13,113.87,111.85,113.52,22014.895
2025-07-24 18:00:00+00:00,113.51,113.83,112.86,113.42,18690.861
2025-07-24 19:00:00+00:00,113.41,114.08,113.01,113.18,13440.963
2025-07-24 20:00:00+00:00,113.18,115.0,113.04,114.52,22912.11
2025-07-24 21:00:00+00:00,114.52,114.58,112.58,113.0,10572.597
2025-07-24 22:00:00+00:00,113.0,113.65,112.32,113.09,13780.366
2025-07-24 23:00:00+00:00,113.08,113.08,111.87,112.26,15354.027
2025-07-25 00:00:00+00:00,112.27,112.3,110.0,110.91,45253.081
2025-07-25 01:00:00+00:00,110.9,111.79,109.8,111.47,29140.047
2025-07-25 02:00:00+00:00,111.47,111.82,109.04,109.5,28144.25
2025-07-25 03:00:00+00:00,109.49,110.28,108.18,109.34,38426.598
2025-07-25 04:00:00+00:00,109.32,110.98,108.39,110.9,32288.225
2025-07-25 05:00:00+00:00,110.89,110.94,109.92,110.16,18737.426
2025-07-25 06:00:00+00:00,110.17,112.46,109.46,111.56,27136.307
2025-07-25 07:00:00+00:00,111.55,112.76,110.16,111.15,36052.419
2025-07-25 08:00:00+00:00,111.15,112.36,110.87,112.2,26649.498
2025-07-25 09:00:00+00:00,112.21,114.89,111.98,114.54,56436.193
2025-07-25 10:00:00+00:00,114.55,115.58,114.44,114.86,53612.107
2025-07-25 11:00:00+00:00,114.87,116.13,114.84,115.67,40147.06
2025-07-25 12:00:00+00:00,115.68,116.38,114.6,114.85,54786.33
2025-07-25 13:00:00+00:00,114.85,115.69,113.89,115.28,53960.335
2025-07-25 14:00:00+00:00,115.28,115.33,111.35,111.42,56793.034
2025-07-25 15:00:00+00:00,111.42,112.17,109.39,110.55,58495.044
2025-07-25 16:00:00+00:00,110.55,111.74,109.33,111.55,24716.341
2025-07-25 17:00:00+00:00,111.53,112.16,110.92,111.3,18819.614
2025-07-25 18:00:00+00:00,111.29,111.63,110.96,111.28,9350.049
2025-07-25 19:00:00+00:00,111.27,111.98,110.95,111.15,10966.685
2025-07-25 20:00:00+00:00,111.15,113.23,110.93,112.81,19874.189
2025-07-25 21:00:00+00:00,112.82,113.86,112.82,113.51,15567.117
2025-07-25 22:00:00+00:00,113.5,113.9,113.4,113.66,9982.373
2025-07-25 23:00:00+00:00,113.65,113.86,113.27,113.78,10840.332
2025-07-26 00:00:00+00:00,113.79,113.82,112.83,113.23,10515.242
2025-07-26 01:00:00+00:00,113.23,113.27,112.1,112.14,17757.119
2025-07-26 02:00:00+00:00,112.15,113.76,112.01,113.15,21567.355
2025-07-26 03:00:00+00:00,113.15,113.35,112.47,113.22,9375.34
2025-07-26 04:00:00+00:00,113.22,113.71,113.16,113.47,8128.457
2025-07-26 05:00:00+00:00,113.47,113.88,112.8,113.45,14800.286
2025-07-26 06:00:00+00:00,113.44,113.52,112.99,113.13,5463.456
2025-07-26 07:00:00+00:00,113.12,113.54,112.98,113.18,8612.775
2025-07-26 08:00:00+00:00,113.18,114.05,113.17,113.9,9203.929
2025-07-26 09:00:00+00:00,113.89,114.2,113.64,114.03,15883.104
2025-07-26 10:00:00+00:00,114.02,114.42,113.81,113.82,15454.535
2025-07-26 11:00:00+00:00,113.83,114.29,113.45,113.63,12281.744
2025-07-26 12:00:00+00:00,113.63,114.25,113.3,113.86,8570.551
2025-07-26 13:00:00+00:00,113.86,114.71,113.62,114.28,17777.497
2025-07-26 14:00:00+00:00,114.28,114.4,113.52,113.53,14813.981
2025-07-26 15:00:00+00:00,113.53,114.05,113.05,113.83,16658.024
2025-07-26 16:00:00+00:00,113.84,114.19,113.4,113.82,12616.155
2025-07-26 17:00:00+00:00,113.82,114.33,113.28,114.23,7339.157
2025-07-26 18:00:00+00:00,114.22,115.47,113.95,115.11,29722.217
2025-07-26 19:00:00+00:00,115.1,115.19,114.59,114.88,9901.292
2025-07-26 20:00:00+00:00,114.88,114.92,114.31,114.52,7516.965
2025-07-26 21:00:00+00:00,114.52,114.71,114.0,114.65,8501.659
2025-07-26 22:00:00+00:00,114.66,115.3,114.26,114.55,10328.54
2025-07-26 23:00:00+00:00,114.55,114.65,113.84,113.91,6348.461
2025-07-27 00:00:00+00:00,113.92,114.18,113.62,113.93,9970.484
2025-07-27 01:00:00+00:00,113.93,115.01,113.71,114.65,9240.797
2025-07-27 02:00:00+00:00,114.66,115.27,114.37,115.21,8545.836
2025-07-27 03:00:00+00:00,115.21,115.25,114.45,114.59,9009.927
2025-07-27 04:00:00+00:00,114.59,114.96,114.44,114.86,5275.623
2025-07-27 05:00:00+00:00,114.86,115.47,114.74,114.92,11872.731
2025-07-27 06:00:00+00:00,114.92,115.6,114.58,115.44,17415.594
2025-07-27 07:00:00+00:00,115.44,115.44,114.06,114.26,11320.388
2025-07-27 08:00:00+00:00,114.25,114.41,112.93,113.01,24875.514
2025-07-27 09:00:00+00:00,113.0,113.16,112.41,112.67,12896.822
2025-07-27 10:00:00+00:00,112.67,114.0,112.63,113.47,18259.801
2025-07-27 11:00:00+00:00,113.48,113.92,112.88,113.18,21314.171
2025-07-27 12:00:00+00:00,113.18,113.84,112.82,113.75,12907.68
2025-07-27 13:00:00+00:00,113.74,114.13,113.32,113.38,10641.151
2025-07-27 14:00:00+00:00,113.37,113.89,112.73,113.12,10354.647
2025-07-27 15:00:00+00:00,113.12,113.53,112.66,113.53,17183.68
2025-07-27 16:00:00+00:00,113.53,115.3,113.51,114.21,38475.313
2025-07-27 17:00:00+00:00,114.21,114.54,113.34,114.49,21914.732
2025-07-27 18:00:00+00:00,114.48,114.9,114.15,114.34,10845.134
2025-07-27 19:00:00+00:00,114.33,114.56,113.79,113.84,9137.121
2025-07-27 20:00:00+00:00,113.85,114.33,113.47,113.61,5521.347
2025-07-27 21:00:00+00:00,113.61,114.03,113.2,114.03,7843.998
2025-07-27 22:00:00+00:00,114.03,115.4,114.03,114.94,25783.261
2025-07-27 23:00:00+00:00,114.94,114.95,114.01,114.78,13395.584
2025-07-28 00:00:00+00:00,114.79,116.14,114.34,115.06,26482.276
2025-07-28 01:00:00+00:00,115.06,115.31,113.84,114.09,18748.15
2025-07-28 02:00:00+00:00,114.09,116.25,113.86,115.32,27206.533
2025-07-28 03:00:00+00:00,115.31,115.55,114.78,115.27,15122.398
2025-07-28 04:00:00+00:00,115.28,115.5,114.56,115.26,25167.718
2025-07-28 05:00:00+00:00,115.26,116.41,115.24,116.08,31386.979
2025-07-28 06:00:00+00:00,116.09,116.29,115.45,115.81,14348.275
2025-07-28 07:00:00+00:00,115.82,115.83,114.43,114.86,16909.597
2025-07-28 08:00:00+00:00,114.86,114.86,114.02,114.4,16165.656
2025-07-28 09:00:00+00:00,114.4,115.19,113.84,114.72,24103.121
2025-07-28 10:00:00+00:00,114.72,114.78,113.64,113.78,15435.507
2025-07-28 11:00:00+00:00,113.78,113.83,112.95,113.48,18880.524
2025-07-28 12:00:00+00:00,113.47,113.82,113.14,113.2,17107.059
2025-07-28 13:00:00+00:00,113.21,113.23,111.33,111.47,40323.347
2025-07-28 14:00:00+00:00,111.46,111.66,109.79,110.19,63397.442
2025-07-28 15:00:00+00:00,110.18,111.13,109.95,110.36,25816.764
2025-07-28 16:00:00+00:00,110.35,111.02,109.83,110.52,15699.238
2025-07-28 17:00:00+00:00,110.51,110.78,109.84,109.97,16294.951
2025-07-28 18:00:00+00:00,109.98,110.06,108.6,109.13,26205.741
2025-07-28 19:00:00+00:00,109.13,109.94,108.7,109.5,26996.902
2025-07-28 20:00:00+00:00,109.5,109.84,108.52,109.39,16366.082
2025-07-28 21:00:00+00:00,109.4,110.12,108.95,109.6,14201.69
2025-07-28 22:00:00+00:00,109.59,109.76,108.45,108.97,15609.49
2025-07-28 23:00:00+00:00,108.97,109.29,108.28,109.02,11999.008
2025-07-29 00:00:00+00:00,109.03,110.2,107.66,109.0,34832.182
2025-07-29 01:00:00+00:00,109.0,109.52,108.37,108.4,11891.26
2025-07-29 02:00:00+00:00,108.39,108.8,107.65,108.0,14215.196
2025-07-29 03:00:00+00:00,108.01,109.47,108.01,109.28,9869.039
2025-07-29 04:00:00+00:00,109.28,109.81,108.79,108.92,10855.675
2025-07-29 05:00:00+00:00,108.91,109.73,108.72,109.73,8502.287
2025-07-29 06:00:00+00:00,109.72,110.41,109.57,110.15,16650.907
2025-07-29 07:00:00+00:00,110.17,110.77,109.83,110.6,16828.636
2025-07-29 08:00:00+00:00,110.61,110.64,109.74,109.97,10814.675
2025-07-29 09:00:00+00:00,109.98,110.58,109.65,110.2,28081.294
2025-07-29 10:00:00+00:00,110.19,110.26,108.26,108.45,17399.778
2025-07-29 11:00:00+00:00,108.45,109.2,108.35,109.18,9554.831
2025-07-29 12:00:00+00:00,109.19,110.23,109.05,110.01,15992.316
2025-07-29 13:00:00+00:00,110.01,110.54,108.93,109.26,22073.839
2025-07-29 14:00:00+00:00,109.27,109.36,107.1,108.07,36832.959
2025-07-29 15:00:00+00:00,108.06,108.48,107.2,108.04,39879.729
2025-07-29 16:00:00+00:00,108.04,109.01,106.74,108.79,51060.054
2025-07-29 17:00:00+00:00,108.79,109.93,108.63,109.22,19032.839
2025-07-29 18:00:00+00:00,109.22,109.67,108.75,108.94,13433.591
2025-07-29 19:00:00+00:00,108.95,109.57,107.99,108.1,17367.049
2025-07-29 20:00:00+00:00,108.11,108.87,107.29,108.25,19461.449
2025-07-29 21:00:00+00:00,108.25,108.85,107.42,108.53,10695.691
2025-07-29 22:00:00+00:00,108.52,108.83,107.83,108.72,15119.171
2025-07-29 23:00:00+00:00,108.72,108.9,108.15,108.52,9061.323
2025-07-30 00:00:00+00:00,108.52,108.52,107.22,107.94,10586.146
2025-07-30 01:00:00+00:00,107.92,109.28,107.21,108.98,11392.754
2025-07-30 02:00:00+00:00,108.97,109.63,108.75,109.12,10112.799
2025-07-30 03:00:00+00:00,109.12,109.31,108.82,108.93,14243.715
2025-07-30 04:00:00+00:00,108.93,109.15,107.77,108.08,9152.13
2025-07-30 05:00:00+00:00,108.07,108.88,107.47,108.78,17593.263
2025-07-30 06:00:00+00:00,108.79,109.39,108.74,109.18,13731.742
2025-07-30 07:00:00+00:00,109.18,109.58,108.8,109.29,12805.222
2025-07-30 08:00:00+00:00,109.29,110.4,108.97,109.85,19286.782
2025-07-30 09:00:00+00:00,109.86,110.09,108.31,108.48,16183.395
2025-07-30 10:00:00+00:00,108.47,109.14,107.88,108.13,36765.682
2025-07-30 11:00:00+00:00,108.14,108.58,106.84,107.43,31523.726
2025-07-30 12:00:00+00:00,107.43,108.79,106.82,108.32,33936.503
2025-07-30 13:00:00+00:00,108.31,108.66,107.13,108.13,26016.201
2025-07-30 14:00:00+00:00,108.12,109.49,107.57,109.45,16424.738
2025-07-30 15:00:00+00:00,109.44,109.86,108.73,109.39,18554.91
2025-07-30 16:00:00+00:00,109.39,109.98,108.88,109.66,16235.937
2025-07-30 17:00:00+00:00,109.66,110.2,109.23,110.16,11288.784
2025-07-30 18:00:00+00:00,110.17,110.56,107.83,108.04,33756.651
2025-07-30 19:00:00+00:00,108.03,109.09,105.2,108.92,104717.878
2025-07-30 20:00:00+00:00,108.91,109.93,108.88,109.87,17296.825
2025-07-30 21:00:00+00:00,109.87,110.45,108.41,109.52,16945.429
2025-07-30 22:00:00+00:00,109.51,110.23,109.2,110.07,18609.758
2025-07-30 23:00:00+00:00,110.06,111.39,109.98,110.5,24826.473
2025-07-31 00:00:00+00:00,110.5,111.86,110.11,111.16,27716.251
2025-07-31 01:00:00+00:00,111.16,111.35,110.3,110.43,19026.333
2025-07-31 02:00:00+00:00,110.43,111.09,110.21,110.48,11917.889
2025-07-31 03:00:00+00:00,110.47,111.0,110.44,110.64,9810.349
2025-07-31 04:00:00+00:00,110.64,110.8,110.31,110.61,8788.358
2025-07-31 05:00:00+00:00,110.61,110.94,110.35,110.68,8989.494
2025-07-31 06:00:00+00:00,110.67,111.35,110.45,111.02,10520.045
2025-07-31 07:00:00+00:00,111.02,111.09,110.48,110.67,11128.842
2025-07-31 08:00:00+00:00,110.67,111.22,110.57,111.14,15912.248
2025-07-31 09:00:00+00:00,111.14,111.42,110.86,111.03,10585.811
2025-07-31 10:00:00+00:00,111.04,111.16,110.54,110.62,12716.266
2025-07-31 11:00:00+00:00,110.62,110.81,109.52,110.0,34635.419
2025-07-31 12:00:00+00:00,109.99,110.11,109.45,109.96,26549.082
2025-07-31 13:00:00+00:00,109.95,110.02,108.81,109.59,25655.868
2025-07-31 14:00:00+00:00,109.6,109.76,108.69,108.76,32384.179
2025-07-31 15:00:00+00:00,108.76,109.52,108.52,109.26,29701.782
2025-07-31 16:00:00+00:00,109.26,110.46,109.04,110.15,12951.055
2025-07-31 17:00:00+00:00,110.15,110.17,108.23,108.77,29085.867
2025-07-31 18:00:00+00:00,108.77,109.56,108.13,109.1,17698.857
2025-07-31 19:00:00+00:00,109.11,109.23,107.93,108.25,23646.733
2025-07-31 20:00:00+00:00,108.24,108.7,107.68,108.12,30492.962
2025-07-31 21:00:00+00:00,108.11,108.63,107.25,107.87,16190.092
2025-07-31 22:00:00+00:00,107.88,108.02,106.74,106.82,31390.899
2025-07-31 23:00:00+00:00,106.81,107.49,105.74,106.09,32666.05
2025-08-01 00:00:00+00:00,106.09,106.61,103.8,105.95,57415.461
2025-08-01 01:00:00+00:00,105.94,106.52,104.8,106.01,53594.272
2025-08-01 02:00:00+00:00,106.01,106.97,105.88,106.82,26023.751
2025-08-01 03:00:00+00:00,106.82,107.01,106.25,106.47,12295.098
2025-08-01 04:00:00+00:00,106.47,106.47,105.63,105.98,17147.723
2025-08-01 05:00:00+00:00,105.98,106.46,105.0,105.28,23576.767
2025-08-01 06:00:00+00:00,105.28,105.59,104.37,105.28,35030.398
2025-08-01 07:00:00+00:00,105.28,105.65,104.65,105.06,37425.053
2025-08-01 08:00:00+00:00,105.06,105.06,103.16,103.88,77809.589
2025-08-01 09:00:00+00:00,103.87,105.1,103.77,103.95,68133.459
2025-08-01 10:00:00+00:00,103.94,105.0,103.81,104.87,16552.386
2025-08-01 11:00:00+00:00,104.88,105.61,104.45,105.52,21817.202
2025-08-01 12:00:00+00:00,105.5,106.09,104.89,105.64,47603.559
2025-08-01 13:00:00+00:00,105.65,106.13,103.88,104.67,50237.548
2025-08-01 14:00:00+00:00,104.66,107.0,104.02,106.39,54749.601
2025-08-01 15:00:00+00:00,106.4,106.46,105.17,106.36,26255.199
2025-08-01 16:00:00+00:00,106.36,106.94,105.11,105.51,22330.508
2025-08-01 17:00:00+00:00,105.5,105.97,104.67,105.09,18531.59
2025-08-01 18:00:00+00:00,105.08,105.73,103.98,105.1,30680.309
2025-08-01 19:00:00+00:00,105.1,106.43,104.89,106.31,32564.347
2025-08-01 20:00:00+00:00,106.31,106.74,104.58,106.52,58525.533
2025-08-01 21:00:00+00:00,106.51,108.4,106.28,107.61,35394.787
2025-08-01 22:00:00+00:00,107.62,107.67,103.99,105.18,68387.313
2025-08-01 23:00:00+00:00,105.18,106.8,104.78,106.59,27134.545
2025-08-02 00:00:00+00:00,106.6,107.56,105.8,107.42,38288.613
2025-08-02 01:00:00+00:00,107.43,107.75,106.72,107.56,18670.186
2025-08-02 02:00:00+00:00,107.56,108.47,107.49,107.59,18780.523
2025-08-02 03:00:00+00:00,107.59,107.92,107.36,107.61,12294.38
2025-08-02 04:00:00+00:00,107.62,108.26,107.58,107.77,10173.33
2025-08-02 05:00:00+00:00,107.77,108.03,107.56,107.89,8949.954
2025-08-02 06:00:00+00:00,107.88,108.11,106.21,107.31,25288.1
2025-08-02 07:00:00+00:00,107.3,108.5,106.51,108.34,22025.01
2025-08-02 08:00:00+00:00,108.35,108.49,106.82,106.85,27882.876
2025-08-02 09:00:00+00:00,106.84,107.65,106.63,107.58,18396.424
2025-08-02 10:00:00+00:00,107.59,107.71,106.1,106.72,24052.685
2025-08-02 11:00:00+00:00,106.72,107.57,106.32,107.02,11412.906
2025-08-02 12:00:00+00:00,107.02,107.7,106.48,107.59,14470.215
2025-08-02 13:00:00+00:00,107.59,109.16,107.49,108.87,33376.435
2025-08-02 14:00:00+00:00,108.88,109.36,107.9,108.38,38044.867
2025-08-02 15:00:00+00:00,108.37,110.5,107.98,108.09,103631.895
2025-08-02 16:00:00+00:00,108.1,108.12,106.24,106.75,47706.19
2025-08-02 17:00:00+00:00,106.74,107.24,104.06,104.7,58677.238
2025-08-02 18:00:00+00:00,104.7,105.89,104.23,105.11,75079.194
2025-08-02 19:00:00+00:00,105.1,106.52,104.71,104.78,37097.398
2025-08-02 20:00:00+00:00,104.79,106.82,104.46,106.78,28138.685
2025-08-02 21:00:00+00:00,106.77,107.17,105.53,105.63,34472.365
2025-08-02 22:00:00+00:00,105.64,107.07,105.21,106.82,18874.593
2025-08-02 23:00:00+00:00,106.82,107.08,105.77,106.09,24646.415
2025-08-03 00:00:00+00:00,106.1,106.61,104.14,106.01,51195.639
2025-08-03 01:00:00+00:00,106.01,108.35,105.77,107.52,40226.791
2025-08-03 02:00:00+00:00,107.51,109.12,107.44,108.75,20315.291
2025-08-03 03:00:00+00:00,108.75,108.75,107.19,107.62,24888.403
2025-08-03 04:00:00+00:00,107.62,107.78,106.88,107.35,8906.686
2025-08-03 05:00:00+00:00,107.35,107.67,107.1,107.48,7897.598
2025-08-03 06:00:00+00:00,107.47,108.12,107.3,107.95,10462.965
2025-08-03 07:00:00+00:00,107.95,108.56,107.68,108.15,11643.678
2025-08-03 08:00:00+00:00,108.15,108.63,107.77,108.53,19733.02
2025-08-03 09:00:00+00:00,108.53,109.94,108.38,109.65,18802.612
2025-08-03 10:00:00+00:00,109.65,110.15,108.96,109.24,31846.516
2025-08-03 11:00:00+00:00,109.24,109.84,108.8,109.16,15152.72
2025-08-03 12:00:00+00:00,109.16,110.28,109.06,109.83,17255.703
2025-08-03 13:00:00+00:00,109.83,110.2,109.12,109.22,11976.746
2025-08-03 14:00:00+00:00,109.23,109.34,108.43,109.19,11682.065
2025-08-03 15:00:00+00:00,109.18,109.97,108.88,109.92,14776.9
2025-08-03 16:00:00+00:00,109.92,110.1,109.41,109.82,19532.946
2025-08-03 17:00:00+00:00,109.81,109.94,109.03,109.07,10407.059
2025-08-03 18:00:00+00:00,109.07,109.19,108.54,108.97,12310.643
2025-08-03 19:00:00+00:00,108.97,109.23,108.7,108.95,7584.876
2025-08-03 20:00:00+00:00,108.95,109.54,108.82,109.4,9150.005
2025-08-03 21:00:00+00:00,109.4,109.62,109.12,109.27,9163.2
2025-08-03 22:00:00+00:00,109.27,110.04,108.89,109.77,10302.637
2025-08-03 23:00:00+00:00,109.77,111.45,109.71,110.39,30755.445
2025-08-04 00:00:00+00:00,110.39,111.91,110.12,111.55,25641.807
2025-08-04 01:00:00+00:00,111.55,111.67,110.65,110.9,13745.507
2025-08-04 02:00:00+00:00,110.89,111.56,110.7,111.44,12027.875
2025-08-04 03:00:00+00:00,111.44,111.58,110.84,111.51,12066.735
2025-08-04 04:00:00+00:00,111.5,111.84,110.51,110.72,16604.746
2025-08-04 05:00:00+00:00,110.72,111.2,110.38,111.14,13093.839
2025-08-04 06:00:00+00:00,111.14,111.98,110.72,111.92,19478.718
2025-08-04 07:00:00+00:00,111.91,112.56,111.45,111.49,27443.573
2025-08-04 08:00:00+00:00,111.48,111.92,111.11,111.34,16164.975
2025-08-04 09:00:00+00:00,111.34,113.42,111.08,112.93,51978.966
2025-08-04 10:00:00+00:00,112.94,113.07,111.95,112.1,18323.156
2025-08-04 11:00:00+00:00,112.1,114.29,111.71,114.18,51382.058
2025-08-04 12:00:00+00:00,114.18,117.52,113.77,116.91,155913.828
2025-08-04 13:00:00+00:00,116.92,118.72,116.03,118.48,106382.799
2025-08-04 14:00:00+00:00,118.49,119.78,118.02,118.44,95585.181
2025-08-04 15:00:00+00:00,118.44,119.55,117.71,117.82,73406.919
2025-08-04 16:00:00+00:00,117.82,119.39,116.88,119.17,58178.324
2025-08-04 17:00:00+00:00,119.17,119.66,118.72,119.16,41414.255
2025-08-04 18:00:00+00:00,119.16,119.84,118.89,119.33,39404.01
2025-08-04 19:00:00+00:00,119.32,119.9,119.01,119.82,31684.366
2025-08-04 20:00:00+00:00,119.81,120.09,118.9,119.34,57408.155
2025-08-04 21:00:00+00:00,119.34,121.0,119.32,119.81,57273.6
2025-08-04 22:00:00+00:00,119.81,120.78,119.81,120.73,38096.213
2025-08-04 23:00:00+00:00,120.73,121.47,120.51,121.22,29958.433
2025-08-05 00:00:00+00:00,121.22,121.44,120.17,120.38,41558.844
2025-08-05 01:00:00+00:00,120.38,121.73,120.09,121.38,43919.546
2025-08-05 02:00:00+00:00,121.38,125.0,120.89,122.07,166582.046
2025-08-05 03:00:00+00:00,122.08,122.42,121.29,121.79,46464.078
2025-08-05 04:00:00+00:00,121.78,122.39,121.05,121.64,31587.798
2025-08-05 05:00:00+00:00,121.64,124.13,121.6,124.06,65207.909
2025-08-05 06:00:00+00:00,124.07,125.06,122.45,122.74,71349.19
2025-08-05 07:00:00+00:00,122.73,123.43,120.69,120.87,108554.378
2025-08-05 08:00:00+00:00,120.87,122.88,120.73,122.87,60654.931
2025-08-05 09:00:00+00:00,122.88,127.66,122.8,127.28,137069.263
2025-08-05 10:00:00+00:00,127.27,128.93,126.86,128.27,97923.787
2025-08-05 11:00:00+00:00,128.27,129.16,127.28,127.61,71114.752
2025-08-05 12:00:00+00:00,127.62,128.32,123.11,123.84,160621.699
2025-08-05 13:00:00+00:00,123.83,124.14,122.87,123.54,60463.885
2025-08-05 14:00:00+00:00,123.53,123.78,121.0,123.13,118412.871
2025-08-05 15:00:00+00:00,123.12,123.12,121.46,122.06,41688.119
2025-08-05 16:00:00+00:00,122.05,123.95,121.34,121.39,55687.547
2025-08-05 17:00:00+00:00,121.39,121.76,120.47,120.88,30251.875
2025-08-05 18:00:00+00:00,120.88,121.28,119.54,120.0,37497.668
2025-08-05 19:00:00+00:00,120.0,120.43,119.59,120.06,21313.429
2025-08-05 20:00:00+00:00,120.07,120.9,119.62,119.78,25827.174
2025-08-05 21:00:00+00:00,119.78,121.34,119.67,120.5,21265.248
2025-08-05 22:00:00+00:00,120.49,121.4,119.8,121.11,23612.139
2025-08-05 23:00:00+00:00,121.1,121.39,120.11,120.27,20847.581
2025-08-06 00:00:00+00:00,120.27,120.5,118.0,118.93,40241.968
2025-08-06 01:00:00+00:00,118.93,119.26,117.93,118.35,30267.744
2025-08-06 02:00:00+00:00,118.35,119.16,118.18,118.43,16946.675
2025-08-06 03:00:00+00:00,118.43,118.49,117.81,118.21,21685.777
2025-08-06 04:00:00+00:00,118.22,118.69,117.58,117.94,29602.603
2025-08-06 05:00:00+00:00,117.94,119.02,117.76,118.57,34665.613
2025-08-06 06:00:00+00:00,118.58,118.62,117.29,117.69,35264.716
2025-08-06 07:00:00+00:00,117.69,118.41,117.45,118.39,15636.215
2025-08-06 08:00:00+00:00,118.38,118.91,116.58,117.23,45522.723
2025-08-06 09:00:00+00:00,117.22,117.94,116.95,117.37,22827.604
2025-08-06 10:00:00+00:00,117.37,117.45,116.28,116.57,38538.819
2025-08-06 11:00:00+00:00,116.57,117.01,116.3,116.44,29506.659
2025-08-06 12:00:00+00:00,116.45,116.54,115.48,115.51,27324.221
2025-08-06 13:00:00+00:00,115.51,115.91,115.19,115.56,28594.675
2025-08-06 14:00:00+00:00,115.57,117.38,115.57,117.35,41665.57
2025-08-06 15:00:00+00:00,117.35,118.6,116.8,118.27,41574.332
2025-08-06 16:00:00+00:00,118.27,118.56,117.0,117.64,35788.701
2025-08-06 17:00:00+00:00,117.64,118.88,117.35,118.54,30874.389
2025-08-06 18:00:00+00:00,118.53,119.38,118.48,119.38,22060.646
2025-08-06 19:00:00+00:00,119.38,121.13,119.24,120.04,43901.231
2025-08-06 20:00:00+00:00,120.05,120.3,118.86,119.3,23272.332
2025-08-06 21:00:00+00:00,119.29,119.52,118.48,119.12,15306.911
2025-08-06 22:00:00+00:00,119.13,119.38,118.68,119.22,11423.065
2025-08-06 23:00:00+00:00,119.23,120.15,119.12,119.22,16824.754
2025-08-07 00:00:00+00:00,119.22,119.28,117.9,118.14,28333.435
2025-08-07 01:00:00+00:00,118.14,120.62,118.08,118.96,27848.405
2025-08-07 02:00:00+00:00,118.95,121.12,118.82,120.29,37478.567
2025-08-07 03:00:00+00:00,120.29,120.88,119.31,119.44,15727.602
2025-08-07 04:00:00+00:00,119.45,121.95,119.38,121.23,100423.438
2025-08-07 05:00:00+00:00,121.24,121.92,120.24,121.7,79489.533
2025-08-07 06:00:00+00:00,121.7,122.34,120.39,120.6,47223.804
2025-08-07 07:00:00+00:00,120.61,120.62,119.36,119.52,37544.889
2025-08-07 08:00:00+00:00,119.52,119.77,117.43,117.46,46714.524
2025-08-07 09:00:00+00:00,117.46,118.34,117.37,118.06,25864.665
2025-08-07 10:00:00+00:00,118.06,119.99,117.92,119.77,48617.245
2025-08-07 11:00:00+00:00,119.77,121.25,119.7,121.12,46760.408
2025-08-07 12:00:00+00:00,121.12,121.27,119.48,120.35,31469.099
2025-08-07 13:00:00+00:00,120.35,120.59,119.68,120.22,34200.929
2025-08-07 14:00:00+00:00,120.23,120.99,120.07,120.53,22857.821
2025-08-07 15:00:00+00:00,120.53,121.62,120.07,121.14,38718.747
2025-08-07 16:00:00+00:00,121.14,122.43,119.85,121.37,54802.784
2025-08-07 17:00:00+00:00,121.38,121.85,120.71,121.37,22955.017
2025-08-07 18:00:00+00:00,121.36,121.47,120.42,121.06,12704.645
2025-08-07 19:00:00+00:00,121.06,122.26,120.66,122.21,22635.697
2025-08-07 20:00:00+00:00,122.21,122.37,121.61,121.97,19280.559
2025-08-07 21:00:00+00:00,121.97,123.0,121.14,121.91,47262.144
2025-08-07 22:00:00+00:00,121.91,122.54,121.44,122.1,23257.902
2025-08-07 23:00:00+00:00,122.11,123.1,121.51,122.89,29476.152
2025-08-08 00:00:00+00:00,122.9,124.39,121.21,122.44,88343.399
2025-08-08 01:00:00+00:00,122.44,123.19,121.09,122.3,84651.17
2025-08-08 02:00:00+00:00,122.29,122.43,121.09,121.64,47955.304
2025-08-08 03:00:00+00:00,121.64,122.61,121.28,121.47,26626.893
2025-08-08 04:00:00+00:00,121.46,121.78,120.71,120.91,25670.393
2025-08-08 05:00:00+00:00,120.92,121.0,119.63,119.69,29099.528
2025-08-08 06:00:00+00:00,119.68,120.69,119.32,120.66,19822.923
2025-08-08 07:00:00+00:00,120.66,122.62,120.14,122.33,45068.606
2025-08-08 08:00:00+00:00,122.33,123.99,122.09,122.34,48528.129
2025-08-08 09:00:00+00:00,122.33,122.69,121.64,122.21,20565.008
2025-08-08 10:00:00+00:00,122.21,122.22,120.5,120.65,23717.026
2025-08-08 11:00:00+00:00,120.65,121.95,120.62,121.87,14616.765
2025-08-08 12:00:00+00:00,121.86,122.6,121.47,121.74,15539.665
2025-08-08 13:00:00+00:00,121.75,123.6,121.74,123.59,25513.331
2025-08-08 14:00:00+00:00,123.59,124.17,121.79,122.34,46671.622
2025-08-08 15:00:00+00:00,122.32,122.37,120.66,121.38,35847.822
2025-08-08 16:00:00+00:00,121.37,122.63,121.28,122.61,14681.08
2025-08-08 17:00:00+00:00,122.62,123.58,122.34,123.23,27570.973
2025-08-08 18:00:00+00:00,123.24,124.91,123.24,124.82,46798.016
2025-08-08 19:00:00+00:00,124.81,126.42,124.22,125.58,54175.291
2025-08-08 20:00:00+00:00,125.58,125.81,124.42,124.84,17302.306
2025-08-08 21:00:00+00:00,124.83,125.46,124.48,124.73,16963.656
2025-08-08 22:00:00+00:00,124.72,124.96,123.9,124.11,14156.25
2025-08-08 23:00:00+00:00,124.11,124.66,123.68,123.78,10382.332
2025-08-09 00:00:00+00:00,123.78,124.0,123.56,123.89,8921.674
2025-08-09 01:00:00+00:00,123.88,124.25,123.23,123.49,12568.006
2025-08-09 02:00:00+00:00,123.48,123.59,122.89,123.13,11705.92
2025-08-09 03:00:00+00:00,123.14,123.96,122.83,123.08,19300.419
2025-08-09 04:00:00+00:00,123.08,124.88,122.8,124.61,29872.133
2025-08-09 05:00:00+00:00,124.61,125.62,124.35,124.89,66783.8
2025-08-09 06:00:00+00:00,124.89,125.9,124.23,124.38,32419.952
2025-08-09 07:00:00+00:00,124.37,125.58,124.31,125.2,22496.797
2025-08-09 08:00:00+00:00,125.21,125.3,124.44,124.83,21245.588
2025-08-09 09:00:00+00:00,124.84,125.34,124.5,125.17,18716.079
2025-08-09 10:00:00+00:00,125.18,125.66,124.86,124.99,23913.928
2025-08-09 11:00:00+00:00,124.99,125.26,124.48,125.15,11712.311
2025-08-09 12:00:00+00:00,125.15,126.35,124.85,124.93,27974.552
2025-08-09 13:00:00+00:00,124.92,125.07,122.19,122.35,65159.916
2025-08-09 14:00:00+00:00,122.36,122.63,121.27,122.27,34664.353
2025-08-09 15:00:00+00:00,122.26,122.29,120.9,121.15,37230.431
2025-08-09 16:00:00+00:00,121.16,122.32,121.15,121.45,19972.849
2025-08-09 17:00:00+00:00,121.46,122.46,121.14,122.16,20291.29
2025-08-09 18:00:00+00:00,122.16,122.31,121.64,122.09,23055.949
2025-08-09 19:00:00+00:00,122.08,122.75,121.56,121.78,14082.342
2025-08-09 20:00:00+00:00,121.78,122.59,120.97,122.3,47956.939
2025-08-09 21:00:00+00:00,122.3,122.61,121.45,121.78,19836.456
2025-08-09 22:00:00+00:00,121.79,121.81,120.37,120.8,24039.683
2025-08-09 23:00:00+00:00,120.8,120.94,120.15,120.18,15974.949
2025-08-10 00:00:00+00:00,120.17,121.45,120.1,121.31,25496.737
2025-08-10 01:00:00+00:00,121.3,121.55,120.73,121.51,17518.822
2025-08-10 02:00:00+00:00,121.52,121.82,121.14,121.63,16518.664
2025-08-10 03:00:00+00:00,121.63,123.53,121.42,122.8,47847.886
2025-08-10 04:00:00+00:00,122.8,123.88,122.29,123.68,24307.202
2025-08-10 05:00:00+00:00,123.68,123.76,121.77,121.88,18610.42
2025-08-10 06:00:00+00:00,121.88,121.98,120.53,121.0,19998.893
2025-08-10 07:00:00+00:00,121.0,121.25,118.25,119.21,44022.854
2025-08-10 08:00:00+00:00,119.21,120.6,118.29,120.59,33069.015
2025-08-10 09:00:00+00:00,120.6,121.08,120.16,120.68,14154.577
2025-08-10 10:00:00+00:00,120.67,121.13,119.75,121.1,15756.125
2025-08-10 11:00:00+00:00,121.1,122.53,120.98,122.09,26941.732
2025-08-10 12:00:00+00:00,122.09,122.16,121.18,121.89,21097.221
2025-08-10 13:00:00+00:00,121.88,122.42,120.53,120.64,11545.717
2025-08-10 14:00:00+00:00,120.64,124.98,120.43,124.4,90686.368
2025-08-10 15:00:00+00:00,124.39,126.14,123.97,124.24,77224.614
2025-08-10 16:00:00+00:00,124.24,125.22,123.17,123.56,60434.504
2025-08-10 17:00:00+00:00,123.56,123.86,122.87,123.56,18957.785
2025-08-10 18:00:00+00:00,123.56,124.03,123.29,123.95,9129.65
2025-08-10 19:00:00+00:00,123.95,124.87,123.76,124.56,18150.364
2025-08-10 20:00:00+00:00,124.56,125.1,124.13,124.21,34356.674
2025-08-10 21:00:00+00:00,124.22,125.0,123.62,124.16,26390.25
2025-08-10 22:00:00+00:00,124.17,124.28,123.33,124.07,31666.106
2025-08-10 23:00:00+00:00,124.08,124.43,123.44,123.75,12543.962
2025-08-11 00:00:00+00:00,123.75,123.79,122.29,122.3,20459.795
2025-08-11 01:00:00+00:00,122.29,123.7,122.07,123.66,31708.158
2025-08-11 02:00:00+00:00,123.65,125.85,123.57,124.78,57011.66
2025-08-11 03:00:00+00:00,124.78,127.33,124.38,125.89,63573.637
2025-08-11 04:00:00+00:00,125.88,126.5,124.95,124.95,30868.981
2025-08-11 05:00:00+00:00,124.95,125.92,123.41,124.14,45350.671
2025-08-11 06:00:00+00:00,124.14,125.08,123.6,124.65,41794.564
2025-08-11 07:00:00+00:00,124.65,125.22,123.13,123.36,32539.508
2025-08-11 08:00:00+00:00,123.37,125.38,122.88,125.12,27972.711
2025-08-11 09:00:00+00:00,125.11,125.81,124.86,125.6,23181.295
2025-08-11 10:00:00+00:00,125.61,125.86,124.5,125.53,30580.1
2025-08-11 11:00:00+00:00,125.54,128.15,125.52,126.59,142620.177
2025-08-11 12:00:00+00:00,126.59,127.7,124.55,126.41,90919.508
2025-08-11 13:00:00+00:00,126.42,127.1,124.93,126.18,65047.16
2025-08-11 14:00:00+00:00,126.19,126.7,123.5,123.64,55584.093
2025-08-11 15:00:00+00:00,123.64,125.29,123.24,125.22,32787.081
2025-08-11 16:00:00+00:00,125.23,125.87,124.06,125.58,38609.901
2025-08-11 17:00:00+00:00,125.57,127.16,125.48,126.26,49785.821
2025-08-11 18:00:00+00:00,126.26,126.29,124.15,124.45,35909.465
2025-08-11 19:00:00+00:00,124.44,124.8,120.81,121.52,58472.479
2025-08-11 20:00:00+00:00,121.51,121.73,120.67,121.07,27857.272
2025-08-11 21:00:00+00:00,121.07,121.68,119.78,120.58,32922.374
2025-08-11 22:00:00+00:00,120.57,120.86,119.56,120.63,18819.858
2025-08-11 23:00:00+00:00,120.62,120.95,119.92,120.05,24127.511
2025-08-12 00:00:00+00:00,120.06,120.62,119.73,120.32,22788.802
2025-08-12 01:00:00+00:00,120.31,121.34,120.02,121.2,38372.012
2025-08-12 02:00:00+00:00,121.2,121.52,120.25,120.29,17489.176
2025-08-12 03:00:00+00:00,120.29,120.43,119.28,119.43,22580.612
2025-08-12 04:00:00+00:00,119.44,120.3,119.35,119.87,14826.62
2025-08-12 05:00:00+00:00,119.86,120.15,118.44,119.15,59833.288
2025-08-12 06:00:00+00:00,119.15,120.12,118.68,118.96,26419.342
2025-08-12 07:00:00+00:00,118.96,119.76,118.78,119.35,47833.793
2025-08-12 08:00:00+00:00,119.35,120.2,118.74,119.66,28147.415
2025-08-12 09:00:00+00:00,119.66,119.92,119.04,119.05,19521.457
2025-08-12 10:00:00+00:00,119.05,119.64,118.76,118.93,14623.721
2025-08-12 11:00:00+00:00,118.93,119.8,118.36,119.58,16461.449
2025-08-12 12:00:00+00:00,119.58,121.55,119.04,121.29,84374.662
2025-08-12 13:00:00+00:00,121.29,122.53,120.33,121.02,61775.936
2025-08-12 14:00:00+00:00,121.01,122.72,120.73,122.47,28923.969
2025-08-12 15:00:00+00:00,122.46,124.89,122.26,124.44,69336.071
2025-08-12 16:00:00+00:00,124.44,125.09,123.77,125.05,51367.04
2025-08-12 17:00:00+00:00,125.05,125.47,124.61,125.15,35295.534
2025-08-12 18:00:00+00:00,125.15,126.76,124.76,126.59,46400.107
2025-08-12 19:00:00+00:00,126.6,128.9,126.33,128.87,99213.994
2025-08-12 20:00:00+00:00,128.87,131.07,128.37,129.81,133977.185
2025-08-12 21:00:00+00:00,129.81,131.7,129.09,129.92,87429.051
2025-08-12 22:00:00+00:00,129.91,131.99,129.79,130.88,101115.415
2025-08-12 23:00:00+00:00,130.87,131.34,130.13,130.46,39230.788
2025-08-13 00:00:00+00:00,130.46,131.54,130.27,130.91,60360.99
2025-08-13 01:00:00+00:00,130.91,130.97,128.74,128.78,81450.094
2025-08-13 02:00:00+00:00,128.78,131.39,128.58,131.09,43943.282
2025-08-13 03:00:00+00:00,131.08,131.46,130.38,131.31,33598.591
2025-08-13 04:00:00+00:00,131.31,133.7,131.2,133.63,59036.507
2025-08-13 05:00:00+00:00,133.63,134.19,131.19,131.35,64778.422
2025-08-13 06:00:00+00:00,131.36,131.6,130.5,130.73,33296.627
2025-08-13 07:00:00+00:00,130.73,131.71,130.64,131.69,21861.544
2025-08-13 08:00:00+00:00,131.69,132.97,131.09,131.34,38911.075
2025-08-13 09:00:00+00:00,131.35,132.59,131.24,132.54,30335.701
2025-08-13 10:00:00+00:00,132.55,134.12,132.47,132.64,50339.217
2025-08-13 11:00:00+00:00,132.64,133.22,131.65,131.98,24615.523
2025-08-13 12:00:00+00:00,131.98,132.04,130.81,131.1,45210.815
2025-08-13 13:00:00+00:00,131.1,132.42,130.76,131.97,44448.973
2025-08-13 14:00:00+00:00,131.98,132.28,130.26,130.4,48327.628
2025-08-13 15:00:00+00:00,130.4,130.8,129.39,130.06,47761.794
2025-08-13 16:00:00+00:00,130.06,131.2,129.7,130.22,28409.579
2025-08-13 17:00:00+00:00,130.22,130.33,129.35,129.71,18003.997
2025-08-13 18:00:00+00:00,129.71,130.28,128.9,129.07,15610.026
2025-08-13 19:00:00+00:00,129.08,130.34,128.96,130.24,17348.846
2025-08-13 20:00:00+00:00,130.23,130.26,129.37,129.5,14209.528
2025-08-13 21:00:00+00:00,129.5,130.24,128.99,129.37,18613.745
2025-08-13 22:00:00+00:00,129.37,131.25,129.17,130.64,21621.218
2025-08-13 23:00:00+00:00,130.62,131.09,130.53,130.91,13715.676
2025-08-14 00:00:00+00:00,130.91,132.39,130.77,131.66,27974.543
2025-08-14 01:00:00+00:00,131.65,132.58,130.56,132.11,37570.423
2025-08-14 02:00:00+00:00,132.11,133.29,131.93,133.07,32904.206
2025-08-14 03:00:00+00:00,133.07,133.31,132.33,133.1,41654.547
2025-08-14 04:00:00+00:00,133.1,133.99,132.52,132.62,53009.939
2025-08-14 05:00:00+00:00,132.62,133.4,131.17,131.2,28345.569
2025-08-14 06:00:00+00:00,131.19,131.96,129.44,131.26,54432.096
2025-08-14 07:00:00+00:00,131.25,131.43,129.3,129.53,35118.628
2025-08-14 08:00:00+00:00,129.54,129.55,127.8,128.01,80277.443
2025-08-14 09:00:00+00:00,128.02,129.13,127.5,128.95,80612.028
2025-08-14 10:00:00+00:00,128.96,129.1,126.83,127.76,41379.548
2025-08-14 11:00:00+00:00,127.76,128.21,127.28,127.66,26971.112
2025-08-14 12:00:00+00:00,127.66,128.19,120.85,122.66,180125.161
2025-08-14 13:00:00+00:00,122.67,123.83,120.27,123.01,104642.042
2025-08-14 14:00:00+00:00,123.02,124.28,122.29,123.96,53768.249
2025-08-14 15:00:00+00:00,123.96,124.05,122.41,122.74,30355.214
2025-08-14 16:00:00+00:00,122.74,122.77,120.54,120.98,43572.67
2025-08-14 17:00:00+00:00,120.98,121.51,120.15,120.98,27622.297
2025-08-14 18:00:00+00:00,120.98,121.61,119.53,121.33,32366.267
2025-08-14 19:00:00+00:00,121.34,122.02,121.34,121.74,18276.238
2025-08-14 20:00:00+00:00,121.73,122.02,120.89,121.65,15160.335
2025-08-14 21:00:00+00:00,121.64,122.03,119.26,120.82,64518.019
2025-08-14 22:00:00+00:00,120.82,121.6,120.08,121.46,14680.679
2025-08-14 23:00:00+00:00,121.46,121.89,121.02,121.29,15900.51
2025-08-15 00:00:00+00:00,121.28,122.0,120.73,121.44,22285.199
2025-08-15 01:00:00+00:00,121.44,122.18,120.95,122.01,17031.634
2025-08-15 02:00:00+00:00,122.01,122.38,121.8,121.97,22916.929
2025-08-15 03:00:00+00:00,121.97,123.02,121.59,122.75,34404.561
2025-08-15 04:00:00+00:00,122.75,122.94,121.73,121.79,21418.249
2025-08-15 05:00:00+00:00,121.8,122.3,121.47,122.26,12424.142
2025-08-15 06:00:00+00:00,122.27,123.27,122.08,122.39,38073.0
2025-08-15 07:00:00+00:00,122.38,122.38,120.94,121.47,21613.754
2025-08-15 08:00:00+00:00,121.47,121.83,120.98,121.18,15870.406
2025-08-15 09:00:00+00:00,121.18,121.48,120.53,121.02,16491.983
2025-08-15 10:00:00+00:00,121.02,121.44,120.68,120.83,14123.061
2025-08-15 11:00:00+00:00,120.83,121.81,120.23,121.05,50716.95
2025-08-15 12:00:00+00:00,121.06,121.8,120.08,120.92,72809.162
2025-08-15 13:00:00+00:00,120.91,121.07,119.16,119.29,45454.624
2025-08-15 14:00:00+00:00,119.28,120.11,118.43,118.7,43487.386
2025-08-15 15:00:00+00:00,118.7,118.94,116.55,117.61,68268.298
2025-08-15 16:00:00+00:00,117.6,118.29,116.58,118.01,48887.911
2025-08-15 17:00:00+00:00,118.01,119.14,117.22,118.66,33023.875
2025-08-15 18:00:00+00:00,118.65,118.82,117.09,117.51,19672.53
2025-08-15 19:00:00+00:00,117.51,118.34,117.34,117.52,13280.123
2025-08-15 20:00:00+00:00,117.52,118.59,117.23,118.53,17676.788
2025-08-15 21:00:00+00:00,118.53,118.8,117.89,118.53,12181.453
2025-08-15 22:00:00+00:00,118.53,119.78,118.32,119.74,12946.644
2025-08-15 23:00:00+00:00,119.75,119.88,118.53,119.14,12495.983
2025-08-16 00:00:00+00:00,119.13,120.81,118.97,120.71,17918.49
2025-08-16 01:00:00+00:00,120.71,120.71,119.73,120.12,9635.785
2025-08-16 02:00:00+00:00,120.12,120.28,119.73,119.85,5652.558
2025-08-16 03:00:00+00:00,119.85,120.32,119.71,119.82,4848.366
2025-08-16 04:00:00+00:00,119.83,120.37,119.62,120.28,6597.983
2025-08-16 05:00:00+00:00,120.28,120.28,118.75,118.88,14700.468
2025-08-16 06:00:00+00:00,118.88,119.18,118.0,118.1,28958.151
2025-08-16 07:00:00+00:00,118.1,118.96,117.98,118.79,17723.034
2025-08-16 08:00:00+00:00,118.79,118.93,118.35,118.38,12698.759
2025-08-16 09:00:00+00:00,118.38,119.09,118.26,118.29,15346.683
2025-08-16 10:00:00+00:00,118.29,118.88,117.91,118.14,12356.598
2025-08-16 11:00:00+00:00,118.14,118.73,117.14,117.27,18504.606
2025-08-16 12:00:00+00:00,117.27,118.46,117.18,118.43,13093.009
2025-08-16 13:00:00+00:00,118.42,118.89,117.7,117.95,15664.979
2025-08-16 14:00:00+00:00,117.96,119.05,117.88,118.82,17745.014
2025-08-16 15:00:00+00:00,118.82,119.35,118.32,118.89,13913.041
2025-08-16 16:00:00+00:00,118.87,119.33,118.73,118.99,16357.783
2025-08-16 17:00:00+00:00,118.98,119.49,118.81,119.37,13439.176
2025-08-16 18:00:00+00:00,119.37,120.56,119.19,120.46,17569.092
2025-08-16 19:00:00+00:00,120.46,120.58,119.78,119.94,16089.211
2025-08-16 20:00:00+00:00,119.94,120.3,119.84,120.17,6493.643
2025-08-16 21:00:00+00:00,120.16,120.16,119.44,119.83,10204.203
2025-08-16 22:00:00+00:00,119.83,120.74,119.65,120.62,9680.882
2025-08-16 23:00:00+00:00,120.63,121.09,120.28,121.05,15640.672
2025-08-17 00:00:00+00:00,121.04,121.04,119.91,120.21,9868.931
2025-08-17 01:00:00+00:00,120.22,120.42,119.76,120.06,7264.235
2025-08-17 02:00:00+00:00,120.05,120.78,119.78,120.62,11468.829
2025-08-17 03:00:00+00:00,120.61,120.86,120.23,120.63,7582.498
2025-08-17 04:00:00+00:00,120.62,121.79,120.62,121.76,11569.741
2025-08-17 05:00:00+00:00,121.76,121.94,121.18,121.66,12117.823
2025-08-17 06:00:00+00:00,121.66,122.04,121.31,121.33,10227.401
2025-08-17 07:00:00+00:00,121.33,123.2,121.22,122.98,22244.28
2025-08-17 08:00:00+00:00,122.97,123.03,121.84,122.24,33324.462
2025-08-17 09:00:00+00:00,122.23,122.36,121.66,122.21,13703.587
2025-08-17 10:00:00+00:00,122.21,122.45,121.6,122.02,9154.791
2025-08-17 11:00:00+00:00,122.01,122.53,121.7,122.43,14711.905
2025-08-17 12:00:00+00:00,122.42,122.53,121.76,121.84,22478.446
2025-08-17 13:00:00+00:00,121.84,122.1,121.62,121.85,36983.257
2025-08-17 14:00:00+00:00,121.86,121.89,120.72,121.68,43620.111
2025-08-17 15:00:00+00:00,121.68,122.37,121.54,122.36,18987.873
2025-08-17 16:00:00+00:00,122.36,122.99,120.65,121.05,87124.99
2025-08-17 17:00:00+00:00,121.05,122.0,120.96,121.83,13946.128
2025-08-17 18:00:00+00:00,121.84,122.27,120.47,121.42,27791.838
2025-08-17 19:00:00+00:00,121.42,121.72,120.53,120.69,16321.01
2025-08-17 20:00:00+00:00,120.69,121.32,120.64,120.84,8802.189
2025-08-17 21:00:00+00:00,120.85,120.98,120.57,120.62,6171.785
2025-08-17 22:00:00+00:00,120.62,121.7,120.57,121.65,8235.376
2025-08-17 23:00:00+00:00,121.63,121.7,120.64,120.71,9480.959
2025-08-18 00:00:00+00:00,120.72,120.93,119.59,120.4,17646.603
2025-08-18 01:00:00+00:00,120.39,120.56,118.71,118.93,30621.604
2025-08-18 02:00:00+00:00,118.92,119.07,115.88,115.96,63237.309
2025-08-18 03:00:00+00:00,115.96,116.78,115.31,116.55,32132.365
2025-08-18 04:00:00+00:00,116.54,116.99,115.52,116.92,21369.356
2025-08-18 05:00:00+00:00,116.92,117.34,116.04,117.22,35976.943
2025-08-18 06:00:00+00:00,117.22,117.27,115.37,116.01,22020.77
2025-08-18 07:00:00+00:00,116.01,116.42,115.5,116.1,14019.07
2025-08-18 08:00:00+00:00,116.1,116.43,115.63,115.63,12885.464
2025-08-18 09:00:00+00:00,115.62,116.92,115.29,116.77,29505.795
2025-08-18 10:00:00+00:00,116.77,117.04,116.33,116.5,23113.24
2025-08-18 11:00:00+00:00,116.5,116.78,116.21,116.37,14844.134
2025-08-18 12:00:00+00:00,116.36,117.59,116.25,117.57,21937.645
2025-08-18 13:00:00+00:00,117.58,118.5,117.09,117.11,30178.136
2025-08-18 14:00:00+00:00,117.12,118.42,116.96,118.12,24142.051
2025-08-18 15:00:00+00:00,118.11,118.37,117.32,118.08,18329.333
2025-08-18 16:00:00+00:00,118.07,118.44,116.64,117.1,17445.319
2025-08-18 17:00:00+00:00,117.1,118.45,117.09,117.88,38317.975
2025-08-18 18:00:00+00:00,117.87,118.37,117.41,118.35,8605.478
2025-08-18 19:00:00+00:00,118.36,118.8,117.79,117.85,12032.816
2025-08-18 20:00:00+00:00,117.86,118.11,117.13,117.62,8035.006
2025-08-18 21:00:00+00:00,117.63,118.36,117.54,118.23,6250.147
2025-08-18 22:00:00+00:00,118.23,119.13,118.18,118.27,11915.012
2025-08-18 23:00:00+00:00,118.27,118.36,117.31,117.77,10933.325
2025-08-19 00:00:00+00:00,117.77,118.85,116.8,118.83,24132.766
2025-08-19 01:00:00+00:00,118.82,119.07,116.8,116.94,12528.096
2025-08-19 02:00:00+00:00,116.94,117.08,116.26,116.28,13073.674
2025-08-19 03:00:00+00:00,116.29,116.69,115.13,115.49,26613.574
2025-08-19 04:00:00+00:00,115.48,117.19,114.69,117.05,25103.361
2025-08-19 05:00:00+00:00,117.06,117.4,116.14,116.7,14669.601
2025-08-19 06:00:00+00:00,116.7,116.82,115.67,115.72,13650.684
2025-08-19 07:00:00+00:00,115.72,115.76,113.42,115.02,35685.788
2025-08-19 08:00:00+00:00,115.03,115.27,114.29,115.09,44977.263
2025-08-19 09:00:00+00:00,115.1,115.84,114.74,115.71,18648.827
2025-08-19 10:00:00+00:00,115.71,116.35,115.47,115.78,17412.536
2025-08-19 11:00:00+00:00,115.78,116.37,115.69,116.22,14562.098
2025-08-19 12:00:00+00:00,116.22,116.26,115.57,115.95,7363.148
2025-08-19 13:00:00+00:00,115.95,116.76,115.07,115.84,24863.713
2025-08-19 14:00:00+00:00,115.84,116.23,113.18,113.82,39162.397
2025-08-19 15:00:00+00:00,113.82,115.11,113.26,114.13,30754.206
2025-08-19 16:00:00+00:00,114.13,114.52,113.37,113.88,27066.3
2025-08-19 17:00:00+00:00,113.88,114.21,112.86,114.07,24892.649
2025-08-19 18:00:00+00:00,114.06,114.17,112.52,112.92,13343.571
2025-08-19 19:00:00+00:00,112.92,113.97,112.11,113.07,24661.602
2025-08-19 20:00:00+00:00,113.07,114.53,112.76,114.53,8613.294
2025-08-19 21:00:00+00:00,114.53,115.52,114.36,114.74,14901.484
2025-08-19 22:00:00+00:00,114.74,114.81,113.88,114.0,7251.33
2025-08-19 23:00:00+00:00,114.0,114.07,112.35,112.67,14877.061
2025-08-20 00:00:00+00:00,112.67,114.09,112.66,113.65,12938.171
2025-08-20 01:00:00+00:00,113.65,113.97,112.43,113.82,14940.741
2025-08-20 02:00:00+00:00,113.83,114.5,113.63,113.79,24833.342
2025-08-20 03:00:00+00:00,113.8,114.37,113.48,113.65,8621.56
2025-08-20 04:00:00+00:00,113.66,114.58,113.65,114.15,11523.577
2025-08-20 05:00:00+00:00,114.14,114.33,113.64,114.24,5125.553
2025-08-20 06:00:00+00:00,114.25,114.39,113.64,114.11,9626.126
2025-08-20 07:00:00+00:00,114.11,114.66,113.85,113.93,18464.986
2025-08-20 08:00:00+00:00,113.92,115.39,113.81,115.3,24069.408
2025-08-20 09:00:00+00:00,115.3,115.45,114.5,114.56,33697.848
2025-08-20 10:00:00+00:00,114.57,115.26,114.35,115.16,19926.033
2025-08-20 11:00:00+00:00,115.15,115.25,113.43,114.75,23783.718
2025-08-20 12:00:00+00:00,114.75,115.53,114.32,115.06,16710.582
2025-08-20 13:00:00+00:00,115.06,115.06,112.82,113.11,25614.089
2025-08-20 14:00:00+00:00,113.11,114.89,112.06,114.06,51135.886
2025-08-20 15:00:00+00:00,114.06,116.05,113.91,114.95,34802.808
2025-08-20 16:00:00+00:00,114.95,116.56,114.95,115.66,24257.412
2025-08-20 17:00:00+00:00,115.65,116.63,115.51,116.28,13155.509
2025-08-20 18:00:00+00:00,116.28,116.38,114.42,115.37,22706.333
2025-08-20 19:00:00+00:00,115.37,117.11,115.29,117.04,11913.278
2025-08-20 20:00:00+00:00,117.05,117.12,116.63,116.75,11790.18
2025-08-20 21:00:00+00:00,116.75,116.94,116.1,116.63,18103.406
2025-08-20 22:00:00+00:00,116.64,116.91,116.13,116.68,13571.948
2025-08-20 23:00:00+00:00,116.67,116.67,115.94,116.06,8376.17
2025-08-21 00:00:00+00:00,116.06,116.53,115.57,116.37,17119.1
2025-08-21 01:00:00+00:00,116.37,116.99,115.91,116.98,10678.235
2025-08-21 02:00:00+00:00,116.97,117.19,115.56,116.23,27380.9
2025-08-21 03:00:00+00:00,116.22,117.3,116.02,116.03,15414.519
2025-08-21 04:00:00+00:00,116.03,116.43,115.81,116.04,11737.249
2025-08-21 05:00:00+00:00,116.05,116.36,115.57,116.36,7782.781
2025-08-21 06:00:00+00:00,116.36,116.36,115.57,115.81,5790.175
2025-08-21 07:00:00+00:00,115.8,116.15,115.11,116.12,6171.703
2025-08-21 08:00:00+00:00,116.12,116.36,115.24,115.28,7592.734
2025-08-21 09:00:00+00:00,115.27,115.65,114.82,115.29,8230.713
2025-08-21 10:00:00+00:00,115.29,115.44,115.0,115.13,5051.249
2025-08-21 11:00:00+00:00,115.13,115.32,114.52,114.7,7798.826
2025-08-21 12:00:00+00:00,114.7,115.23,114.28,114.6,11891.929
2025-08-21 13:00:00+00:00,114.59,115.7,114.27,114.72,9974.151
2025-08-21 14:00:00+00:00,114.71,116.18,114.51,115.13,23403.8
2025-08-21 15:00:00+00:00,115.14,115.36,114.0,114.13,12328.703
2025-08-21 16:00:00+00:00,114.14,114.84,113.62,113.68,12575.253
2025-08-21 17:00:00+00:00,113.69,114.75,113.45,114.75,7891.581
2025-08-21 18:00:00+00:00,114.74,115.28,114.39,115.13,7141.279
2025-08-21 19:00:00+00:00,115.12,115.43,114.35,114.66,9755.885
2025-08-21 20:00:00+00:00,114.66,115.5,114.39,115.09,9906.688
2025-08-21 21:00:00+00:00,115.09,115.63,114.43,115.25,9083.011
2025-08-21 22:00:00+00:00,115.25,115.36,114.81,115.22,4692.433
2025-08-21 23:00:00+00:00,115.22,115.22,114.25,114.76,7066.915
2025-08-22 00:00:00+00:00,114.76,115.44,114.58,114.79,7341.823
2025-08-22 01:00:00+00:00,114.79,115.35,114.22,115.21,6066.514
2025-08-22 02:00:00+00:00,115.21,116.42,115.06,116.17,18860.579
2025-08-22 03:00:00+00:00,116.17,116.55,115.37,115.56,9899.168
2025-08-22 04:00:00+00:00,115.56,116.49,115.56,116.03,7333.805
2025-08-22 05:00:00+00:00,116.03,116.42,115.75,116.09,7456.123
2025-08-22 06:00:00+00:00,116.09,116.58,115.6,115.82,23601.858
2025-08-22 07:00:00+00:00,115.84,116.73,115.75,116.32,12213.807
2025-08-22 08:00:00+00:00,116.32,116.86,116.08,116.23,18582.425
2025-08-22 09:00:00+00:00,116.24,116.35,115.71,116.23,8668.51
2025-08-22 10:00:00+00:00,116.23,116.23,115.02,115.11,7285.837
2025-08-22 11:00:00+00:00,115.11,115.2,114.27,114.36,11719.084
2025-08-22 12:00:00+00:00,114.36,114.46,112.51,113.78,38513.002
2025-08-22 13:00:00+00:00,113.77,115.2,113.3,114.23,21903.282
2025-08-22 14:00:00+00:00,114.22,119.8,114.22,119.08,176378.424
2025-08-22 15:00:00+00:00,119.08,120.53,119.08,119.46,41378.435
2025-08-22 16:00:00+00:00,119.45,121.76,119.45,121.02,45930.595
2025-08-22 17:00:00+00:00,121.02,122.8,121.02,122.06,46896.96
2025-08-22 18:00:00+00:00,122.06,122.79,121.92,122.47,27035.247
2025-08-22 19:00:00+00:00,122.47,122.79,122.23,122.49,20904.442
2025-08-22 20:00:00+00:00,122.5,123.3,122.42,123.3,20983.376
2025-08-22 21:00:00+00:00,123.3,123.66,122.93,123.04,28913.146
2025-08-22 22:00:00+00:00,123.04,123.34,122.29,122.5,21704.218
2025-08-22 23:00:00+00:00,122.49,123.43,122.42,122.96,18513.884
2025-08-23 00:00:00+00:00,122.95,123.37,122.62,122.62,13822.904
2025-08-23 01:00:00+00:00,122.61,123.07,121.19,121.84,26927.411
2025-08-23 02:00:00+00:00,121.84,122.02,119.76,120.84,32221.092
2025-08-23 03:00:00+00:00,120.84,121.16,120.07,120.21,13946.118
2025-08-23 04:00:00+00:00,120.21,121.51,120.21,121.5,12454.037
2025-08-23 05:00:00+00:00,121.5,122.67,121.32,122.4,40470.824
2025-08-23 06:00:00+00:00,122.41,122.62,121.87,122.45,26152.812
2025-08-23 07:00:00+00:00,122.45,122.78,121.65,121.76,12588.251
2025-08-23 08:00:00+00:00,121.77,122.14,121.4,121.9,13751.83
2025-08-23 09:00:00+00:00,121.9,121.98,121.42,121.75,9977.155
2025-08-23 10:00:00+00:00,121.76,121.92,121.33,121.38,6061.453
2025-08-23 11:00:00+00:00,121.39,121.68,121.1,121.28,8269.652
2025-08-23 12:00:00+00:00,121.28,121.81,120.87,121.18,14141.893
2025-08-23 13:00:00+00:00,121.18,121.62,120.69,120.88,23880.043
2025-08-23 14:00:00+00:00,120.88,121.41,120.47,120.54,18158.131
2025-08-23 15:00:00+00:00,120.55,121.15,120.52,120.88,10076.379
2025-08-23 16:00:00+00:00,120.89,121.03,120.4,120.9,8236.242
2025-08-23 17:00:00+00:00,120.9,121.36,120.88,121.21,8511.674
2025-08-23 18:00:00+00:00,121.21,121.28,120.64,120.77,7858.09
2025-08-23 19:00:00+00:00,120.78,121.17,120.72,121.08,5640.328
2025-08-23 20:00:00+00:00,121.09,121.2,120.7,121.01,3394.539
2025-08-23 21:00:00+00:00,121.01,121.02,120.62,120.78,5051.419
2025-08-23 22:00:00+00:00,120.78,121.63,120.72,121.56,4925.596
2025-08-23 23:00:00+00:00,121.56,121.65,121.26,121.45,4523.641
2025-08-24 00:00:00+00:00,121.45,122.13,121.45,121.86,6560.579
2025-08-24 01:00:00+00:00,121.85,121.89,121.28,121.49,4964.974
2025-08-24 02:00:00+00:00,121.48,121.73,120.94,121.06,12946.627
2025-08-24 03:00:00+00:00,121.05,121.32,120.59,121.2,5756.957
2025-08-24 04:00:00+00:00,121.2,121.82,120.91,121.82,6865.638
2025-08-24 05:00:00+00:00,121.82,121.82,121.19,121.33,5757.168
2025-08-24 06:00:00+00:00,121.33,121.34,120.07,120.16,11123.32
2025-08-24 07:00:00+00:00,120.15,120.52,119.47,119.49,12510.454
2025-08-24 08:00:00+00:00,119.48,120.05,119.36,119.87,7707.209
2025-08-24 09:00:00+00:00,119.86,120.13,119.45,119.91,10769.213
2025-08-24 10:00:00+00:00,119.92,120.13,118.65,118.89,12332.594
2025-08-24 11:00:00+00:00,118.89,119.27,118.28,118.5,10613.883
2025-08-24 12:00:00+00:00,118.49,118.99,118.36,118.95,6883.966
2025-08-24 13:00:00+00:00,118.94,119.45,118.87,119.03,7797.788
2025-08-24 14:00:00+00:00,119.02,119.69,118.66,119.52,9941.773
2025-08-24 15:00:00+00:00,119.52,120.38,119.18,119.32,12052.623
2025-08-24 16:00:00+00:00,119.33,120.09,119.26,119.94,8660.242
2025-08-24 17:00:00+00:00,119.93,121.85,119.92,121.59,19646.621
2025-08-24 18:00:00+00:00,121.59,123.84,121.42,123.69,42095.935
2025-08-24 19:00:00+00:00,123.7,124.77,118.8,120.72,133741.075
2025-08-24 20:00:00+00:00,120.72,120.81,118.55,118.81,50666.778
2025-08-24 21:00:00+00:00,118.81,119.65,118.14,118.53,35670.533
2025-08-24 22:00:00+00:00,118.53,118.72,117.1,118.59,27710.443
2025-08-24 23:00:00+00:00,118.59,119.13,118.08,118.19,11781.864
2025-08-25 00:00:00+00:00,118.18,118.51,115.51,116.25,45264.164
2025-08-25 01:00:00+00:00,116.24,117.69,116.2,117.25,20221.862
2025-08-25 02:00:00+00:00,117.25,118.54,117.22,118.42,19850.75
2025-08-25 03:00:00+00:00,118.41,118.66,117.19,117.38,18024.713
2025-08-25 04:00:00+00:00,117.37,117.57,116.02,116.21,27166.029
2025-08-25 05:00:00+00:00,116.22,116.46,114.84,115.03,24894.22
2025-08-25 06:00:00+00:00,115.03,115.14,113.61,113.76,46556.117
2025-08-25 07:00:00+00:00,113.77,114.24,112.09,112.54,54623.405
2025-08-25 08:00:00+00:00,112.54,112.99,111.75,112.67,43194.319
2025-08-25 09:00:00+00:00,112.67,112.81,112.07,112.71,31183.688
2025-08-25 10:00:00+00:00,112.71,112.71,110.51,110.87,71239.82
2025-08-25 11:00:00+00:00,110.88,111.53,110.66,111.49,33260.614
2025-08-25 12:00:00+00:00,111.48,112.24,111.0,112.23,47432.401
2025-08-25 13:00:00+00:00,112.23,112.23,110.7,111.57,45853.8
2025-08-25 14:00:00+00:00,111.57,112.65,111.33,112.25,34235.396
2025-08-25 15:00:00+00:00,112.24,112.58,111.56,111.7,20162.769
2025-08-25 16:00:00+00:00,111.7,112.66,111.17,112.0,24242.709
2025-08-25 17:00:00+00:00,112.01,112.21,111.42,111.75,22147.791
2025-08-25 18:00:00+00:00,111.75,111.88,111.12,111.27,19286.103
2025-08-25 19:00:00+00:00,111.28,111.53,109.14,109.31,45730.057
2025-08-25 20:00:00+00:00,109.32,109.81,107.25,107.32,82018.237
2025-08-25 21:00:00+00:00,107.32,108.12,106.7,107.38,52109.46
2025-08-25 22:00:00+00:00,107.38,108.83,107.34,108.48,24776.306
2025-08-25 23:00:00+00:00,108.48,109.56,108.23,109.13,34638.949
2025-08-26 00:00:00+00:00,109.13,110.29,108.79,109.51,52995.859
2025-08-26 01:00:00+00:00,109.52,110.1,109.23,109.99,14798.072
2025-08-26 02:00:00+00:00,109.99,110.27,109.43,109.64,8768.203
2025-08-26 03:00:00+00:00,109.65,110.36,109.35,110.07,9371.16
2025-08-26 04:00:00+00:00,110.07,110.83,109.93,110.3,21966.819
2025-08-26 05:00:00+00:00,110.31,110.94,110.27,110.77,16754.551
2025-08-26 06:00:00+00:00,110.77,111.35,110.01,110.18,19340.283
2025-08-26 07:00:00+00:00,110.17,111.29,109.9,110.61,13177.57
2025-08-26 08:00:00+00:00,110.62,110.83,110.07,110.38,9504.732
2025-08-26 09:00:00+00:00,110.38,110.72,110.1,110.34,8314.286
2025-08-26 10:00:00+00:00,110.34,110.93,110.27,110.7,8733.553
2025-08-26 11:00:00+00:00,110.69,110.8,110.0,110.57,10070.775
2025-08-26 12:00:00+00:00,110.58,112.49,110.04,111.9,34101.617
2025-08-26 13:00:00+00:00,111.9,112.12,110.5,111.87,37709.326
2025-08-26 14:00:00+00:00,111.87,112.6,111.25,112.41,16108.449
2025-08-26 15:00:00+00:00,112.41,112.7,111.75,112.0,36683.802
2025-08-26 16:00:00+00:00,112.0,113.33,111.84,113.32,28060.71
2025-08-26 17:00:00+00:00,113.31,113.87,112.41,112.92,16614.176
2025-08-26 18:00:00+00:00,112.92,113.8,112.66,113.74,10916.059
2025-08-26 19:00:00+00:00,113.73,114.65,113.28,114.53,22625.714
2025-08-26 20:00:00+00:00,114.53,114.79,113.52,113.6,16893.02
2025-08-26 21:00:00+00:00,113.6,113.75,113.0,113.73,21824.33
2025-08-26 22:00:00+00:00,113.73,113.84,113.19,113.59,10114.492
2025-08-26 23:00:00+00:00,113.59,114.08,113.28,113.48,10398.141
2025-08-27 00:00:00+00:00,113.48,113.49,112.89,113.25,7459.431
2025-08-27 01:00:00+00:00,113.25,113.47,112.77,113.41,13776.896
2025-08-27 02:00:00+00:00,113.41,113.85,112.96,113.69,9749.777
2025-08-27 03:00:00+00:00,113.68,114.62,113.21,114.31,11214.441
2025-08-27 04:00:00+00:00,114.32,115.36,114.08,115.28,38673.812
2025-08-27 05:00:00+00:00,115.27,116.27,113.46,114.01,50796.578
2025-08-27 06:00:00+00:00,114.0,114.02,113.13,113.16,11549.005
2025-08-27 07:00:00+00:00,113.14,113.32,112.65,113.02,17160.703
2025-08-27 08:00:00+00:00,113.02,113.24,112.17,112.85,20297.186
2025-08-27 09:00:00+00:00,112.84,113.37,112.6,112.63,11545.713
2025-08-27 10:00:00+00:00,112.64,113.2,112.49,112.95,13972.527
2025-08-27 11:00:00+00:00,112.95,113.4,112.95,113.01,12000.135
2025-08-27 12:00:00+00:00,113.01,113.54,112.83,113.5,17139.178
2025-08-27 13:00:00+00:00,113.5,113.98,112.65,112.99,13732.745
2025-08-27 14:00:00+00:00,113.0,114.59,112.79,113.59,29775.563
2025-08-27 15:00:00+00:00,113.59,114.17,113.28,113.71,15479.99
2025-08-27 16:00:00+00:00,113.7,113.82,113.08,113.71,16765.779
2025-08-27 17:00:00+00:00,113.7,114.26,113.29,114.09,6236.503
2025-08-27 18:00:00+00:00,114.08,114.38,113.42,113.44,7093.75
2025-08-27 19:00:00+00:00,113.44,113.6,112.61,113.17,9217.381
2025-08-27 20:00:00+00:00,113.17,114.06,112.27,113.83,46170.558
2025-08-27 21:00:00+00:00,113.83,114.28,112.86,113.02,9536.744
2025-08-27 22:00:00+00:00,113.02,113.19,112.28,112.74,9009.932
2025-08-27 23:00:00+00:00,112.74,112.94,111.95,112.18,13317.557
2025-08-28 00:00:00+00:00,112.17,112.6,111.32,112.21,9580.133
2025-08-28 01:00:00+00:00,112.21,113.0,112.21,112.66,16077.323
2025-08-28 02:00:00+00:00,112.66,112.83,112.24,112.36,4760.919
2025-08-28 03:00:00+00:00,112.36,113.14,112.25,112.93,5806.039
2025-08-28 04:00:00+00:00,112.92,114.16,112.73,113.99,13264.422
2025-08-28 05:00:00+00:00,113.98,114.23,113.32,113.49,17774.77
2025-08-28 06:00:00+00:00,113.49,113.7,113.15,113.7,10091.31
2025-08-28 07:00:00+00:00,113.7,113.79,113.24,113.47,14821.151
2025-08-28 08:00:00+00:00,113.47,114.11,113.25,113.48,14764.429
2025-08-28 09:00:00+00:00,113.48,113.52,113.09,113.3,8545.973
2025-08-28 10:00:00+00:00,113.3,113.64,113.02,113.51,7406.509
2025-08-28 11:00:00+00:00,113.51,113.52,113.07,113.47,6676.014
2025-08-28 12:00:00+00:00,113.48,114.02,113.21,113.87,13839.13
2025-08-28 13:00:00+00:00,113.86,114.18,113.19,113.51,16061.749
2025-08-28 14:00:00+00:00,113.52,114.5,113.35,114.35,19520.761
2025-08-28 15:00:00+00:00,114.35,114.62,112.22,112.63,39693.067
2025-08-28 16:00:00+00:00,112.63,113.44,111.55,111.56,12926.587
2025-08-28 17:00:00+00:00,111.55,112.64,111.44,112.57,9810.169
2025-08-28 18:00:00+00:00,112.57,112.93,112.23,112.48,6333.889
2025-08-28 19:00:00+00:00,112.48,112.78,111.7,111.72,5259.917
2025-08-28 20:00:00+00:00,111.72,112.45,111.6,112.25,6441.927
2025-08-28 21:00:00+00:00,112.25,113.07,112.22,113.04,4338.528
2025-08-28 22:00:00+00:00,113.04,113.92,113.04,113.76,7084.816
2025-08-28 23:00:00+00:00,113.76,113.94,113.51,113.64,8115.079
2025-08-29 00:00:00+00:00,113.64,113.87,113.02,113.32,7939.567
2025-08-29 01:00:00+00:00,113.32,113.49,112.34,112.56,10247.564
2025-08-29 02:00:00+00:00,112.55,113.35,112.39,112.97,8835.858
2025-08-29 03:00:00+00:00,112.96,113.56,112.67,113.23,10914.36
2025-08-29 04:00:00+00:00,113.24,113.45,112.74,112.89,5647.049
2025-08-29 05:00:00+00:00,112.89,113.02,112.49,112.85,4627.055
2025-08-29 06:00:00+00:00,112.85,112.95,111.01,111.78,56186.133
2025-08-29 07:00:00+00:00,111.78,111.78,110.11,110.42,27339.272
2025-08-29 08:00:00+00:00,110.42,110.82,109.3,109.41,44737.6
2025-08-29 09:00:00+00:00,109.4,110.38,108.86,110.28,15279.259
2025-08-29 10:00:00+00:00,110.26,110.57,109.86,110.14,12926.423
2025-08-29 11:00:00+00:00,110.14,110.34,109.78,110.01,8820.482
2025-08-29 12:00:00+00:00,110.02,112.1,109.91,110.93,40288.353
2025-08-29 13:00:00+00:00,110.93,111.1,109.21,109.93,29702.905
2025-08-29 14:00:00+00:00,109.93,110.5,108.79,109.82,38967.204
2025-08-29 15:00:00+00:00,109.81,110.65,109.75,109.93,24364.834
2025-08-29 16:00:00+00:00,109.93,110.32,109.4,110.01,20387.226
2025-08-29 17:00:00+00:00,110.0,110.02,109.24,109.5,22990.442
2025-08-29 18:00:00+00:00,109.5,109.69,109.0,109.14,11304.673
2025-08-29 19:00:00+00:00,109.12,110.01,108.63,109.61,14610.746
2025-08-29 20:00:00+00:00,109.61,109.7,109.07,109.34,11088.472
2025-08-29 21:00:00+00:00,109.35,110.17,109.02,109.88,15349.649
2025-08-29 22:00:00+00:00,109.87,109.93,109.44,109.74,28119.551
2025-08-29 23:00:00+00:00,109.73,110.08,109.61,109.91,9216.543
2025-08-30 00:00:00+00:00,109.91,109.99,109.46,109.73,8305.452
2025-08-30 01:00:00+00:00,109.72,110.01,108.34,108.4,19437.544
2025-08-30 02:00:00+00:00,108.4,109.8,108.3,109.58,8085.034
2025-08-30 03:00:00+00:00,109.57,110.91,109.56,110.62,19183.999
2025-08-30 04:00:00+00:00,110.62,110.79,110.33,110.34,5485.697
2025-08-30 05:00:00+00:00,110.35,110.87,110.29,110.59,6880.17
2025-08-30 06:00:00+00:00,110.59,110.81,110.41,110.53,5167.008
2025-08-30 07:00:00+00:00,110.53,110.76,110.41,110.69,11950.434
2025-08-30 08:00:00+00:00,110.69,111.27,110.49,110.84,18609.224
2025-08-30 09:00:00+00:00,110.83,110.94,110.48,110.73,7850.325
2025-08-30 10:00:00+00:00,110.72,111.23,110.5,110.63,14777.489
2025-08-30 11:00:00+00:00,110.64,110.66,110.23,110.55,10278.199
2025-08-30 12:00:00+00:00,110.54,110.59,109.65,110.0,11539.928
2025-08-30 13:00:00+00:00,110.0,110.0,109.29,109.95,10221.794
2025-08-30 14:00:00+00:00,109.94,110.12,109.44,110.07,12628.24
2025-08-30 15:00:00+00:00,110.06,110.64,109.76,110.63,10458.151
2025-08-30 16:00:00+00:00,110.62,110.79,110.19,110.37,7459.669
2025-08-30 17:00:00+00:00,110.38,110.55,109.82,110.01,7585.947
2025-08-30 18:00:00+00:00,110.0,110.22,109.67,110.01,8486.287
2025-08-30 19:00:00+00:00,110.02,110.31,109.87,110.25,4051.61
2025-08-30 20:00:00+00:00,110.25,110.26,109.68,109.97,3790.324
2025-08-30 21:00:00+00:00,109.96,110.19,109.85,110.02,4102.891
2025-08-30 22:00:00+00:00,110.01,110.56,109.82,110.56,4469.917
2025-08-30 23:00:00+00:00,110.56,110.94,110.55,110.84,6388.735
2025-08-31 00:00:00+00:00,110.83,111.78,110.81,111.68,13827.703
2025-08-31 01:00:00+00:00,111.69,111.75,111.34,111.6,8603.744
2025-08-31 02:00:00+00:00,111.59,111.7,111.37,111.5,3828.755
2025-08-31 03:00:00+00:00,111.51,111.88,111.4,111.88,7306.398
2025-08-31 04:00:00+00:00,111.88,111.91,111.0,111.16,6538.949
2025-08-31 05:00:00+00:00,111.15,111.16,110.84,111.06,5965.093
2025-08-31 06:00:00+00:00,111.06,111.08,110.75,110.77,3447.335
2025-08-31 07:00:00+00:00,110.77,111.2,110.77,111.13,7170.722
2025-08-31 08:00:00+00:00,111.13,111.61,111.12,111.58,5680.263
2025-08-31 09:00:00+00:00,111.57,111.9,111.28,111.32,26749.585
2025-08-31 10:00:00+00:00,111.33,111.37,110.85,111.21,15616.411
2025-08-31 11:00:00+00:00,111.21,111.49,110.89,111.36,22727.908
2025-08-31 12:00:00+00:00,111.36,111.42,110.88,111.25,5594.305
2025-08-31 13:00:00+00:00,111.24,111.39,110.8,110.98,7777.6
2025-08-31 14:00:00+00:00,110.98,111.06,110.19,110.25,9937.802
2025-08-31 15:00:00+00:00,110.25,110.8,110.24,110.71,6199.556
2025-08-31 16:00:00+00:00,110.72,110.75,110.1,110.37,8362.577
2025-08-31 17:00:00+00:00,110.37,110.48,110.09,110.31,4679.094
2025-08-31 18:00:00+00:00,110.31,110.83,110.26,110.72,4550.981
2025-08-31 19:00:00+00:00,110.72,110.82,110.15,110.23,5143.112
2025-08-31 20:00:00+00:00,110.23,110.45,110.05,110.4,5050.33
2025-08-31 21:00:00+00:00,110.4,110.62,110.21,110.4,4506.082
2025-08-31 22:00:00+00:00,110.4,110.45,109.71,109.87,13279.851
2025-08-31 23:00:00+00:00,109.86,109.88,108.76,108.89,12347.659
2025-09-01 00:00:00+00:00,108.87,109.15,107.95,108.77,15235.279
2025-09-01 01:00:00+00:00,108.77,109.34,108.35,108.8,7280.385
2025-09-01 02:00:00+00:00,108.8,108.87,107.36,107.67,31272.769
2025-09-01 03:00:00+00:00,107.68,108.25,107.45,108.1,9988.967
2025-09-01 04:00:00+00:00,108.09,108.29,107.3,107.55,9515.47
2025-09-01 05:00:00+00:00,107.55,108.24,107.24,108.1,6833.967
2025-09-01 06:00:00+00:00,108.09,108.61,107.6,108.49,5898.654
2025-09-01 07:00:00+00:00,108.48,110.52,108.08,110.49,20496.155
2025-09-01 08:00:00+00:00,110.5,111.26,110.37,111.26,40536.262
2025-09-01 09:00:00+00:00,111.25,111.35,110.3,110.36,16160.598
2025-09-01 10:00:00+00:00,110.36,110.5,109.32,109.81,20692.359
2025-09-01 11:00:00+00:00,109.81,110.07,109.18,109.47,10168.119
2025-09-01 12:00:00+00:00,109.46,110.13,109.35,109.95,9334.813
2025-09-01 13:00:00+00:00,109.96,110.56,109.7,110.03,17347.809
2025-09-01 14:00:00+00:00,110.03,110.33,109.4,109.95,8646.769
2025-09-01 15:00:00+00:00,109.95,110.2,109.26,109.55,8292.386
2025-09-01 16:00:00+00:00,109.53,109.6,108.84,108.88,10266.011
2025-09-01 17:00:00+00:00,108.88,108.89,108.28,108.47,13122.095
2025-09-01 18:00:00+00:00,108.48,109.11,108.48,108.74,8278.604
2025-09-01 19:00:00+00:00,108.74,109.6,108.55,109.34,11711.739
2025-09-01 20:00:00+00:00,109.34,109.64,107.45,108.55,43141.701
2025-09-01 21:00:00+00:00,108.54,108.6,106.38,107.12,28919.307
2025-09-01 22:00:00+00:00,107.12,107.55,106.65,107.37,12462.419
2025-09-01 23:00:00+00:00,107.37,108.76,107.31,108.73,16415.605
2025-09-02 00:00:00+00:00,108.73,109.26,108.58,109.19,7820.626
2025-09-02 01:00:00+00:00,109.18,110.0,108.63,109.38,25732.243
2025-09-02 02:00:00+00:00,109.38,109.77,109.01,109.7,8873.78
2025-09-02 03:00:00+00:00,109.71,110.4,109.07,110.31,21911.9
2025-09-02 04:00:00+00:00,110.3,110.75,110.22,110.53,7689.624
2025-09-02 05:00:00+00:00,110.53,110.74,110.1,110.61,17334.132
2025-09-02 06:00:00+00:00,110.6,113.0,110.52,111.17,30624.961
2025-09-02 07:00:00+00:00,111.17,111.26,110.38,110.55,9557.981
2025-09-02 08:00:00+00:00,110.54,110.77,110.22,110.5,7712.316
2025-09-02 09:00:00+00:00,110.5,111.03,110.37,110.49,8745.375
2025-09-02 10:00:00+00:00,110.49,110.88,110.2,110.86,18526.4
2025-09-02 11:00:00+00:00,110.87,110.99,110.23,110.41,22378.479
2025-09-02 12:00:00+00:00,110.4,110.54,108.71,108.83,35325.911
2025-09-02 13:00:00+00:00,108.84,111.71,108.8,111.61,33975.257
2025-09-02 14:00:00+00:00,111.61,112.01,110.66,111.16,25094.597
2025-09-02 15:00:00+00:00,111.16,111.27,109.5,109.57,14370.493
2025-09-02 16:00:00+00:00,109.56,110.63,109.56,110.41,16314.259
2025-09-02 17:00:00+00:00,110.41,110.96,110.31,110.37,14273.09
2025-09-02 18:00:00+00:00,110.36,110.44,109.32,110.04,20351.064
2025-09-02 19:00:00+00:00,110.04,110.46,109.34,109.47,9012.924
2025-09-02 20:00:00+00:00,109.46,111.11,109.44,111.08,20639.761
2025-09-02 21:00:00+00:00,111.08,112.1,111.08,112.07,19504.848
2025-09-02 22:00:00+00:00,112.07,112.07,111.31,111.78,20783.943
2025-09-02 23:00:00+00:00,111.78,111.8,111.4,111.76,7717.251
2025-09-03 00:00:00+00:00,111.76,112.23,111.13,111.26,9508.475
2025-09-03 01:00:00+00:00,111.26,111.47,110.79,111.45,10830.898
2025-09-03 02:00:00+00:00,111.44,111.76,111.06,111.56,7359.883
2025-09-03 03:00:00+00:00,111.55,111.67,111.14,111.45,7565.518
2025-09-03 04:00:00+00:00,111.45,111.59,111.11,111.48,7893.201
2025-09-03 05:00:00+00:00,111.47,111.63,111.05,111.38,9924.946
2025-09-03 06:00:00+00:00,111.38,111.7,110.97,111.54,9606.452
2025-09-03 07:00:00+00:00,111.54,111.81,110.88,111.78,13488.765
2025-09-03 08:00:00+00:00,111.78,112.24,111.71,111.82,11344.889
2025-09-03 09:00:00+00:00,111.82,112.31,111.49,112.31,13239.192
2025-09-03 10:00:00+00:00,112.31,112.53,111.93,112.04,8325.739
2025-09-03 11:00:00+00:00,112.04,112.35,111.88,111.91,9733.423
2025-09-03 12:00:00+00:00,111.91,112.22,111.5,111.6,11446.369
2025-09-03 13:00:00+00:00,111.6,112.9,111.53,112.47,14548.228
2025-09-03 14:00:00+00:00,112.48,113.31,112.17,113.15,24510.326
2025-09-03 15:00:00+00:00,113.15,113.23,112.62,112.86,16491.659
2025-09-03 16:00:00+00:00,112.85,113.21,112.21,112.49,14177.751
2025-09-03 17:00:00+00:00,112.5,113.01,112.49,112.69,7575.397
2025-09-03 18:00:00+00:00,112.69,112.77,112.17,112.29,13930.708
2025-09-03 19:00:00+00:00,112.29,112.77,112.15,112.77,13664.531
2025-09-03 20:00:00+00:00,112.77,112.81,112.36,112.46,13889.381
2025-09-03 21:00:00+00:00,112.47,112.98,112.37,112.97,8853.492
2025-09-03 22:00:00+00:00,112.97,113.28,112.86,113.05,10054.379
2025-09-03 23:00:00+00:00,113.05,113.06,112.81,112.98,4801.025
2025-09-04 00:00:00+00:00,112.98,113.5,112.96,113.02,10769.08
2025-09-04 01:00:00+00:00,113.03,113.04,112.54,112.94,8388.997
2025-09-04 02:00:00+00:00,112.95,113.0,112.01,112.09,7439.908
2025-09-04 03:00:00+00:00,112.1,112.27,111.57,111.65,10750.874
2025-09-04 04:00:00+00:00,111.65,111.9,111.46,111.52,11297.918
2025-09-04 05:00:00+00:00,111.52,111.52,110.87,111.19,14344.133
2025-09-04 06:00:00+00:00,111.18,111.34,110.83,110.94,7812.266
2025-09-04 07:00:00+00:00,110.92,111.51,110.89,111.37,7102.077
2025-09-04 08:00:00+00:00,111.37,111.6,110.96,110.98,7087.277
2025-09-04 09:00:00+00:00,110.98,111.32,110.88,111.15,10667.303
2025-09-04 10:00:00+00:00,111.16,111.43,110.91,110.92,5910.19
2025-09-04 11:00:00+00:00,110.92,111.57,110.78,111.01,7005.605
2025-09-04 12:00:00+00:00,111.01,111.46,110.74,111.26,11740.727
2025-09-04 13:00:00+00:00,111.27,111.32,110.38,110.75,12408.309
2025-09-04 14:00:00+00:00,110.74,110.8,109.91,110.41,15039.103
2025-09-04 15:00:00+00:00,110.4,110.43,109.72,110.05,14540.384
2025-09-04 16:00:00+00:00,110.05,110.34,109.59,109.95,10861.234
2025-09-04 17:00:00+00:00,109.95,110.3,109.86,110.0,4057.948
2025-09-04 18:00:00+00:00,110.0,110.25,109.5,109.9,9170.883
2025-09-04 19:00:00+00:00,109.9,110.1,109.68,109.85,5100.838
2025-09-04 20:00:00+00:00,109.85,110.72,109.75,110.67,12329.613
2025-09-04 21:00:00+00:00,110.68,111.11,110.65,111.01,4345.697
2025-09-04 22:00:00+00:00,111.0,111.81,110.97,111.61,7792.233
2025-09-04 23:00:00+00:00,111.61,111.83,111.01,111.05,7224.998
2025-09-05 00:00:00+00:00,111.05,111.69,111.01,111.17,6712.471
2025-09-05 01:00:00+00:00,111.17,112.55,111.1,112.37,12050.833
2025-09-05 02:00:00+00:00,112.37,112.55,111.89,111.99,10822.106
2025-09-05 03:00:00+00:00,111.99,112.04,111.01,111.3,7551.752
2025-09-05 04:00:00+00:00,111.31,111.69,111.13,111.61,9848.47
2025-09-05 05:00:00+00:00,111.6,111.88,111.42,111.86,4950.14
2025-09-05 06:00:00+00:00,111.86,112.08,111.59,111.9,6938.522
2025-09-05 07:00:00+00:00,111.9,113.2,111.9,113.17,29448.227
2025-09-05 08:00:00+00:00,113.18,113.24,112.75,113.09,12956.182
2025-09-05 09:00:00+00:00,113.09,113.34,112.57,113.33,13686.311
2025-09-05 10:00:00+00:00,113.34,113.39,112.81,112.84,9089.932
2025-09-05 11:00:00+00:00,112.84,113.1,112.8,112.88,5980.586
2025-09-05 12:00:00+00:00,112.89,114.16,112.4,114.09,41481.194
2025-09-05 13:00:00+00:00,114.09,115.12,113.89,114.79,35586.87
2025-09-05 14:00:00+00:00,114.78,114.81,111.5,111.95,70382.422
2025-09-05 15:00:00+00:00,111.94,112.91,111.87,112.35,22844.374
2025-09-05 16:00:00+00:00,112.34,112.8,112.07,112.77,7588.021
2025-09-05 17:00:00+00:00,112.77,112.77,111.9,112.41,10330.314
2025-09-05 18:00:00+00:00,112.4,113.19,112.25,113.06,8076.456
2025-09-05 19:00:00+00:00,113.06,113.26,112.71,113.24,9313.213
2025-09-05 20:00:00+00:00,113.23,113.36,113.0,113.24,5125.555
2025-09-05 21:00:00+00:00,113.24,113.28,112.0,112.05,19373.713
2025-09-05 22:00:00+00:00,112.05,112.5,111.91,112.37,6379.596
2025-09-05 23:00:00+00:00,112.38,112.41,111.92,112.05,5146.017
2025-09-06 00:00:00+00:00,112.05,112.32,111.78,112.29,4114.775
2025-09-06 01:00:00+00:00,112.28,112.53,112.12,112.46,4225.223
2025-09-06 02:00:00+00:00,112.46,112.5,112.08,112.41,3873.047
2025-09-06 03:00:00+00:00,112.4,112.42,112.12,112.2,2807.022
2025-09-06 04:00:00+00:00,112.2,112.21,111.5,111.62,4419.043
2025-09-06 05:00:00+00:00,111.61,111.62,111.29,111.35,5882.151
2025-09-06 06:00:00+00:00,111.36,111.5,111.3,111.46,3815.981
2025-09-06 07:00:00+00:00,111.46,111.73,111.4,111.73,2938.33
2025-09-06 08:00:00+00:00,111.73,111.77,111.58,111.75,2696.214
2025-09-06 09:00:00+00:00,111.75,111.76,111.49,111.49,5899.373
2025-09-06 10:00:00+00:00,111.5,111.61,111.23,111.61,4290.255
2025-09-06 11:00:00+00:00,111.61,111.71,111.35,111.71,2345.916
2025-09-06 12:00:00+00:00,111.71,111.8,111.46,111.47,7100.759
2025-09-06 13:00:00+00:00,111.47,111.67,111.3,111.49,6494.326
2025-09-06 14:00:00+00:00,111.49,111.76,111.41,111.6,4087.078
2025-09-06 15:00:00+00:00,111.6,112.25,111.35,111.45,8552.273
2025-09-06 16:00:00+00:00,111.46,112.43,111.31,111.97,10360.441
2025-09-06 17:00:00+00:00,111.97,112.27,111.76,111.97,6776.836
2025-09-06 18:00:00+00:00,111.98,112.3,111.92,112.28,4409.841
2025-09-06 19:00:00+00:00,112.28,112.4,112.0,112.3,3548.056
2025-09-06 20:00:00+00:00,112.3,112.43,111.93,112.43,15226.848
2025-09-06 21:00:00+00:00,112.43,112.45,111.7,111.89,8959.639
2025-09-06 22:00:00+00:00,111.9,112.0,111.58,111.85,3938.84
2025-09-06 23:00:00+00:00,111.86,112.22,111.5,112.13,6227.217
2025-09-07 00:00:00+00:00,112.14,112.52,112.14,112.47,4362.501
2025-09-07 01:00:00+00:00,112.47,112.88,112.43,112.76,4618.785
2025-09-07 02:00:00+00:00,112.75,113.09,112.55,113.06,3078.385
2025-09-07 03:00:00+00:00,113.06,113.09,112.69,112.84,3758.023
2025-09-07 04:00:00+00:00,112.84,112.93,112.64,112.92,3032.013
2025-09-07 05:00:00+00:00,112.93,113.71,112.82,113.58,18422.648
2025-09-07 06:00:00+00:00,113.57,113.76,113.32,113.39,12481.971
2025-09-07 07:00:00+00:00,113.39,114.09,113.3,113.77,8151.354
2025-09-07 08:00:00+00:00,113.77,114.02,113.73,113.92,5934.591
2025-09-07 09:00:00+00:00,113.91,114.2,113.68,114.2,7280.983
2025-09-07 10:00:00+00:00,114.2,114.39,113.69,114.24,13704.53
2025-09-07 11:00:00+00:00,114.23,114.29,113.9,114.19,8574.059
2025-09-07 12:00:00+00:00,114.19,114.9,114.14,114.9,12471.753
2025-09-07 13:00:00+00:00,114.9,115.34,114.27,115.28,15649.07
2025-09-07 14:00:00+00:00,115.28,115.41,114.57,114.73,26884.108
2025-09-07 15:00:00+00:00,114.74,114.92,114.55,114.71,6071.935
2025-09-07 16:00:00+00:00,114.72,114.78,114.33,114.53,9098.479
2025-09-07 17:00:00+00:00,114.53,115.12,114.26,114.3,11042.614
2025-09-07 18:00:00+00:00,114.3,114.54,113.98,114.21,6822.397
2025-09-07 19:00:00+00:00,114.2,114.52,113.94,114.4,6540.652
2025-09-07 20:00:00+00:00,114.39,114.52,114.07,114.36,3563.942
2025-09-07 21:00:00+00:00,114.36,114.49,113.99,114.04,7181.914
2025-09-07 22:00:00+00:00,114.03,115.02,114.01,114.83,7342.49
2025-09-07 23:00:00+00:00,114.83,115.19,114.52,114.9,19619.749
2025-09-08 00:00:00+00:00,114.9,115.07,114.36,114.43,8143.027
2025-09-08 01:00:00+00:00,114.42,114.55,113.83,113.95,6220.836
2025-09-08 02:00:00+00:00,113.95,115.0,113.77,114.97,5209.15
2025-09-08 03:00:00+00:00,114.98,115.55,114.41,114.69,30249.326
2025-09-08 04:00:00+00:00,114.69,114.69,112.71,113.14,63640.07
2025-09-08 05:00:00+00:00,113.15,113.56,112.9,113.0,13400.307
2025-09-08 06:00:00+00:00,113.0,113.1,111.9,112.58,44900.809
2025-09-08 07:00:00+00:00,112.58,113.07,112.48,112.86,16375.057
2025-09-08 08:00:00+00:00,112.86,113.25,112.71,113.04,12965.012
2025-09-08 09:00:00+00:00,113.05,113.52,112.84,113.46,20548.962
2025-09-08 10:00:00+00:00,113.46,113.82,113.23,113.51,17402.439
2025-09-08 11:00:00+00:00,113.52,113.54,113.09,113.35,14835.134
2025-09-08 12:00:00+00:00,113.36,113.5,113.07,113.12,18255.12
2025-09-08 13:00:00+00:00,113.11,113.76,112.87,112.96,30599.367
2025-09-08 14:00:00+00:00,112.95,114.44,112.9,113.38,45823.198
2025-09-08 15:00:00+00:00,113.39,113.9,113.2,113.45,25656.124
2025-09-08 16:00:00+00:00,113.44,113.51,112.94,113.11,22452.705
2025-09-08 17:00:00+00:00,113.1,113.3,112.47,112.78,30554.224
2025-09-08 18:00:00+00:00,112.78,113.24,112.51,113.2,11758.095
2025-09-08 19:00:00+00:00,113.2,113.22,112.19,112.43,11105.527
2025-09-08 20:00:00+00:00,112.43,112.48,111.9,112.09,18081.411
2025-09-08 21:00:00+00:00,112.1,112.67,112.02,112.64,13271.717
2025-09-08 22:00:00+00:00,112.64,112.86,112.32,112.42,9380.511
2025-09-08 23:00:00+00:00,112.42,112.8,112.34,112.75,10183.165
2025-09-09 00:00:00+00:00,112.76,113.3,112.47,113.27,15385.614
2025-09-09 01:00:00+00:00,113.28,113.94,112.44,112.71,39481.674
2025-09-09 02:00:00+00:00,112.72,112.82,111.6,111.88,28436.756
2025-09-09 03:00:00+00:00,111.87,112.37,111.71,112.33,12118.192
2025-09-09 04:00:00+00:00,112.33,113.12,112.02,112.85,17939.054
2025-09-09 05:00:00+00:00,112.86,113.04,112.33,113.03,11301.353
2025-09-09 06:00:00+00:00,113.03,113.86,112.96,113.65,37572.684
2025-09-09 07:00:00+00:00,113.66,114.33,113.61,114.03,30201.991
2025-09-09 08:00:00+00:00,114.02,114.44,113.94,114.36,20694.858
2025-09-09 09:00:00+00:00,114.37,114.69,114.05,114.12,15793.948
2025-09-09 10:00:00+00:00,114.12,114.32,113.29,113.61,25298.677
2025-09-09 11:00:00+00:00,113.61,113.97,113.41,113.49,13630.699
2025-09-09 12:00:00+00:00,113.48,113.78,113.22,113.55,18000.833
2025-09-09 13:00:00+00:00,113.55,113.89,113.12,113.79,17505.87
2025-09-09 14:00:00+00:00,113.79,113.99,111.87,112.31,66016.591
2025-09-09 15:00:00+00:00,112.31,112.46,110.8,111.36,40387.319
2025-09-09 16:00:00+00:00,111.36,111.74,110.94,111.72,17898.645
2025-09-09 17:00:00+00:00,111.72,112.17,111.53,111.65,10980.538
2025-09-09 18:00:00+00:00,111.65,112.06,111.55,111.92,6764.762
2025-09-09 19:00:00+00:00,111.92,112.17,111.77,111.85,8793.446
2025-09-09 20:00:00+00:00,111.85,112.27,111.74,112.21,6520.955
2025-09-09 21:00:00+00:00,112.21,112.26,111.35,111.52,10167.838
2025-09-09 22:00:00+00:00,111.53,111.96,111.48,111.87,6390.144
2025-09-09 23:00:00+00:00,111.87,112.08,111.73,111.92,5215.934
2025-09-10 00:00:00+00:00,111.93,112.18,111.52,111.69,8435.698
2025-09-10 01:00:00+00:00,111.69,112.5,111.68,112.13,11159.132
2025-09-10 02:00:00+00:00,112.14,113.21,112.14,113.12,16625.336
2025-09-10 03:00:00+00:00,113.13,113.19,112.81,112.92,6794.802
2025-09-10 04:00:00+00:00,112.92,112.95,112.53,112.72,5605.341
2025-09-10 05:00:00+00:00,112.73,112.89,112.2,112.84,7610.613
2025-09-10 06:00:00+00:00,112.83,113.29,112.49,112.77,10036.589
2025-09-10 07:00:00+00:00,112.78,113.28,112.67,113.16,6628.048
2025-09-10 08:00:00+00:00,113.15,113.24,112.95,112.96,7577.699
2025-09-10 09:00:00+00:00,112.97,113.22,112.62,113.07,9406.283
2025-09-10 10:00:00+00:00,113.08,113.13,112.8,112.91,8418.109
2025-09-10 11:00:00+00:00,112.91,113.17,112.71,113.0,6470.486
2025-09-10 12:00:00+00:00,113.0,113.9,112.93,113.87,41236.754
2025-09-10 13:00:00+00:00,113.86,115.23,113.75,114.85,59347.296
2025-09-10 14:00:00+00:00,114.84,115.2,113.99,114.05,25136.493
2025-09-10 15:00:00+00:00,114.05,114.61,114.05,114.34,16398.116
2025-09-10 16:00:00+00:00,114.35,118.73,114.33,116.38,159740.687
2025-09-10 17:00:00+00:00,116.38,117.41,115.79,116.47,46796.577
2025-09-10 18:00:00+00:00,116.46,116.75,115.64,115.95,18790.228
2025-09-10 19:00:00+00:00,115.95,116.02,114.87,115.46,17449.503
2025-09-10 20:00:00+00:00,115.45,115.75,115.14,115.29,7419.553
2025-09-10 21:00:00+00:00,115.3,115.94,115.17,115.85,12222.355
2025-09-10 22:00:00+00:00,115.87,116.5,115.87,116.2,12250.932
2025-09-10 23:00:00+00:00,116.2,117.71,116.2,117.66,20041.759
2025-09-11 00:00:00+00:00,117.65,117.8,116.57,116.73,25258.505
2025-09-11 01:00:00+00:00,116.74,116.95,116.45,116.75,11117.045
2025-09-11 02:00:00+00:00,116.75,116.9,116.02,116.04,12375.404
2025-09-11 03:00:00+00:00,116.04,116.7,115.92,116.6,9064.928
2025-09-11 04:00:00+00:00,116.6,116.85,116.19,116.51,11042.821
2025-09-11 05:00:00+00:00,116.51,116.57,116.06,116.28,6860.53
2025-09-11 06:00:00+00:00,116.28,117.0,116.23,116.85,8808.582
2025-09-11 07:00:00+00:00,116.85,117.68,116.48,117.25,19638.238
2025-09-11 08:00:00+00:00,117.25,117.33,116.84,116.91,10579.569
2025-09-11 09:00:00+00:00,116.92,117.15,116.6,116.76,18031.581
2025-09-11 10:00:00+00:00,116.75,117.52,116.5,117.38,11291.342
2025-09-11 11:00:00+00:00,117.37,117.48,116.82,116.92,8414.157
2025-09-11 12:00:00+00:00,116.93,117.55,115.25,116.41,89966.818
2025-09-11 13:00:00+00:00,116.41,116.6,115.58,116.29,50045.886
2025-09-11 14:00:00+00:00,116.28,116.3,112.95,113.9,119678.509
2025-09-11 15:00:00+00:00,113.9,114.24,113.64,113.91,24786.042
2025-09-11 16:00:00+00:00,113.92,114.41,113.8,114.25,14578.65
2025-09-11 17:00:00+00:00,114.25,114.83,114.1,114.8,19787.005
2025-09-11 18:00:00+00:00,114.81,114.94,114.38,114.83,12924.789
2025-09-11 19:00:00+00:00,114.82,115.2,114.68,115.0,9910.165
2025-09-11 20:00:00+00:00,115.01,115.33,114.9,115.21,15566.895
2025-09-11 21:00:00+00:00,115.21,115.53,115.14,115.29,7943.676
2025-09-11 22:00:00+00:00,115.29,116.12,115.26,115.93,14706.52
2025-09-11 23:00:00+00:00,115.94,116.07,115.73,115.83,7931.92
2025-09-12 00:00:00+00:00,115.83,116.96,115.58,116.31,36154.999
2025-09-12 01:00:00+00:00,116.31,116.64,114.72,114.97,40414.44
2025-09-12 02:00:00+00:00,114.97,116.09,114.92,115.89,17237.189
2025-09-12 03:00:00+00:00,115.89,115.91,115.42,115.56,32555.834
2025-09-12 04:00:00+00:00,115.55,115.63,115.25,115.55,13420.83
2025-09-12 05:00:00+00:00,115.55,116.28,115.33,116.28,13190.947
2025-09-12 06:00:00+00:00,116.27,116.46,115.92,116.02,9993.661
2025-09-12 07:00:00+00:00,116.01,116.3,115.63,115.73,11485.599
2025-09-12 08:00:00+00:00,115.73,115.92,115.46,115.74,12328.135
2025-09-12 09:00:00+00:00,115.74,115.9,115.34,115.72,15938.457
2025-09-12 10:00:00+00:00,115.71,115.95,115.38,115.51,12052.339
2025-09-12 11:00:00+00:00,115.51,116.2,115.37,115.42,15025.702
2025-09-12 12:00:00+00:00,115.42,115.71,114.92,115.54,16872.108
2025-09-12 13:00:00+00:00,115.54,116.01,115.42,115.95,7415.302
2025-09-12 14:00:00+00:00,115.94,116.86,115.72,116.7,25123.717
2025-09-12 15:00:00+00:00,116.7,116.74,115.83,116.52,21657.451
2025-09-12 16:00:00+00:00,116.52,117.19,116.39,117.19,23200.863
2025-09-12 17:00:00+00:00,117.19,117.74,116.95,117.42,27001.559
2025-09-12 18:00:00+00:00,117.42,117.82,117.03,117.2,35516.743
2025-09-12 19:00:00+00:00,117.19,117.34,117.01,117.26,10892.352
2025-09-12 20:00:00+00:00,117.26,117.88,116.82,117.71,32097.844
2025-09-12 21:00:00+00:00,117.7,117.71,117.12,117.32,19249.94
2025-09-12 22:00:00+00:00,117.32,118.01,117.31,117.79,15872.794
2025-09-12 23:00:00+00:00,117.8,118.27,117.7,118.03,13879.874
2025-09-13 00:00:00+00:00,118.03,118.33,117.61,118.32,11214.375
2025-09-13 01:00:00+00:00,118.33,118.55,117.69,117.76,11881.659
2025-09-13 02:00:00+00:00,117.75,118.07,117.46,117.84,10903.368
2025-09-13 03:00:00+00:00,117.84,118.24,117.7,118.05,28319.897
2025-09-13 04:00:00+00:00,118.05,118.12,117.71,117.85,9374.917
2025-09-13 05:00:00+00:00,117.85,118.48,117.63,118.38,13303.91
2025-09-13 06:00:00+00:00,118.38,119.49,118.34,118.99,27100.836
2025-09-13 07:00:00+00:00,119.0,119.0,118.52,118.78,11404.982
2025-09-13 08:00:00+00:00,118.78,120.16,118.69,119.62,32046.722
2025-09-13 09:00:00+00:00,119.61,120.21,119.46,120.11,23128.492
2025-09-13 10:00:00+00:00,120.09,120.54,119.66,119.92,18466.291
2025-09-13 11:00:00+00:00,119.91,120.65,119.46,120.63,16093.068
2025-09-13 12:00:00+00:00,120.64,120.66,119.92,120.07,11948.186
2025-09-13 13:00:00+00:00,120.08,120.83,118.0,119.43,63333.956
2025-09-13 14:00:00+00:00,119.42,120.34,118.66,119.84,18642.958
2025-09-13 15:00:00+00:00,119.84,120.37,118.6,119.11,45243.705
2025-09-13 16:00:00+00:00,119.12,119.63,118.27,118.65,31762.064
2025-09-13 17:00:00+00:00,118.65,120.75,117.8,119.95,49795.038
2025-09-13 18:00:00+00:00,119.95,120.04,118.72,119.66,13862.346
2025-09-13 19:00:00+00:00,119.67,119.87,119.16,119.29,12094.841
2025-09-13 20:00:00+00:00,119.29,119.86,119.28,119.68,7010.836
2025-09-13 21:00:00+00:00,119.68,120.18,119.62,119.96,8747.43
2025-09-13 22:00:00+00:00,119.96,120.18,118.96,119.29,86412.593
2025-09-13 23:00:00+00:00,119.29,119.69,118.99,119.22,45435.899
2025-09-14 00:00:00+00:00,119.22,119.33,118.55,118.77,19772.263
2025-09-14 01:00:00+00:00,118.76,118.76,116.87,118.33,99568.238
2025-09-14 02:00:00+00:00,118.33,118.83,116.98,117.69,112717.795
2025-09-14 03:00:00+00:00,117.68,117.93,115.74,116.37,106685.087
2025-09-14 04:00:00+00:00,116.37,117.0,116.03,116.87,21900.92
2025-09-14 05:00:00+00:00,116.87,117.48,116.85,117.45,6595.312
2025-09-14 06:00:00+00:00,117.44,117.52,116.78,117.19,6762.515
2025-09-14 07:00:00+00:00,117.18,117.25,116.52,116.78,8262.345
2025-09-14 08:00:00+00:00,116.77,117.07,115.95,116.77,31081.51
2025-09-14 09:00:00+00:00,116.77,117.22,116.55,116.98,9872.57
2025-09-14 10:00:00+00:00,116.98,117.02,116.45,116.57,12038.636
2025-09-14 11:00:00+00:00,116.57,116.7,115.42,115.52,26565.081
2025-09-14 12:00:00+00:00,115.52,115.99,114.9,115.34,22168.152
2025-09-14 13:00:00+00:00,115.34,115.45,114.54,114.92,21767.733
2025-09-14 14:00:00+00:00,114.91,115.38,113.93,114.66,29737.946
2025-09-14 15:00:00+00:00,114.66,114.98,114.17,114.75,24511.096
2025-09-14 16:00:00+00:00,114.74,115.28,114.58,114.92,20807.614
2025-09-14 17:00:00+00:00,114.92,115.55,114.75,115.39,15236.749
2025-09-14 18:00:00+00:00,115.39,115.45,114.86,115.03,8089.94
2025-09-14 19:00:00+00:00,115.03,115.35,114.77,115.15,7364.832
2025-09-14 20:00:00+00:00,115.14,115.44,115.1,115.28,5892.325
2025-09-14 21:00:00+00:00,115.28,115.75,114.97,115.59,13891.298
2025-09-14 22:00:00+00:00,115.6,116.11,115.21,115.88,10770.083
2025-09-14 23:00:00+00:00,115.87,115.87,114.88,115.1,6504.287
2025-09-15 00:00:00+00:00,115.1,115.91,115.06,115.39,12425.986
2025-09-15 01:00:00+00:00,115.4,115.88,114.59,115.56,8768.802
2025-09-15 02:00:00+00:00,115.56,116.07,115.5,115.73,7720.51
2025-09-15 03:00:00+00:00,115.73,116.17,115.61,115.67,8537.085
2025-09-15 04:00:00+00:00,115.67,116.18,115.53,115.9,15989.206
2025-09-15 05:00:00+00:00,115.9,116.76,115.83,116.64,9926.82
2025-09-15 06:00:00+00:00,116.65,116.68,115.25,115.71,14165.753
2025-09-15 07:00:00+00:00,115.7,116.31,114.61,114.9,18753.448
2025-09-15 08:00:00+00:00,114.9,114.9,112.41,112.83,76619.266
2025-09-15 09:00:00+00:00,112.82,113.79,112.66,113.7,24164.217
2025-09-15 10:00:00+00:00,113.69,113.7,112.85,113.46,9432.717
2025-09-15 11:00:00+00:00,113.47,114.23,113.13,113.91,25182.302
2025-09-15 12:00:00+00:00,113.9,114.04,113.18,113.24,10453.74
2025-09-15 13:00:00+00:00,113.24,114.06,112.96,113.82,39565.883
2025-09-15 14:00:00+00:00,113.83,113.87,112.74,112.81,24377.269
2025-09-15 15:00:00+00:00,112.82,113.28,112.39,113.11,31143.652
2025-09-15 16:00:00+00:00,113.1,113.1,111.92,112.19,22746.492
2025-09-15 17:00:00+00:00,112.19,113.14,112.14,113.1,20800.203
2025-09-15 18:00:00+00:00,113.1,113.52,112.68,113.4,6829.98
2025-09-15 19:00:00+00:00,113.4,113.72,112.9,113.26,6767.762
2025-09-15 20:00:00+00:00,113.26,113.57,113.15,113.45,4969.981
2025-09-15 21:00:00+00:00,113.46,113.77,113.24,113.65,10685.227
2025-09-15 22:00:00+00:00,113.65,113.72,113.32,113.57,12075.941
2025-09-15 23:00:00+00:00,113.56,113.78,113.46,113.72,7161.129
2025-09-16 00:00:00+00:00,113.72,113.74,113.15,113.42,7131.869
2025-09-16 01:00:00+00:00,113.42,114.01,113.1,113.17,20785.696
2025-09-16 02:00:00+00:00,113.17,113.55,112.84,112.92,9058.099
2025-09-16 03:00:00+00:00,112.93,113.09,112.55,112.55,15268.693
2025-09-16 04:00:00+00:00,112.55,113.14,112.0,113.12,33891.481
2025-09-16 05:00:00+00:00,113.12,114.48,113.07,114.24,23913.411
2025-09-16 06:00:00+00:00,114.24,114.43,113.59,113.85,11870.989
2025-09-16 07:00:00+00:00,113.85,115.16,113.85,114.79,26261.049
2025-09-16 08:00:00+00:00,114.8,115.23,114.18,114.58,25322.562
2025-09-16 09:00:00+00:00,114.59,115.04,114.39,114.99,25311.418
2025-09-16 10:00:00+00:00,114.99,115.06,114.22,114.25,11392.917
2025-09-16 11:00:00+00:00,114.25,114.58,113.97,114.34,12544.753
2025-09-16 12:00:00+00:00,114.34,114.58,114.19,114.29,8281.126
2025-09-16 13:00:00+00:00,114.29,114.72,113.62,114.52,20853.065
2025-09-16 14:00:00+00:00,114.51,114.61,113.2,114.54,50983.313
2025-09-16 15:00:00+00:00,114.54,115.09,114.14,115.04,18203.259
2025-09-16 16:00:00+00:00,115.05,115.29,114.48,115.13,20254.488
2025-09-16 17:00:00+00:00,115.12,115.79,115.01,115.17,24789.808
2025-09-16 18:00:00+00:00,115.17,115.56,114.8,114.92,9826.17
2025-09-16 19:00:00+00:00,114.92,115.26,114.77,115.19,11588.228
2025-09-16 20:00:00+00:00,115.18,115.26,114.7,114.86,8634.443
2025-09-16 21:00:00+00:00,114.86,115.47,114.82,115.44,15395.638
2025-09-16 22:00:00+00:00,115.45,115.56,115.08,115.25,12485.553
2025-09-16 23:00:00+00:00,115.26,115.28,114.86,115.03,7511.881
2025-09-17 00:00:00+00:00,115.02,115.33,114.97,115.03,5445.26
2025-09-17 01:00:00+00:00,115.03,115.29,114.84,115.22,10711.254
2025-09-17 02:00:00+00:00,115.22,115.87,115.05,115.59,11428.485
2025-09-17 03:00:00+00:00,115.58,115.72,114.54,114.69,13263.166
2025-09-17 04:00:00+00:00,114.69,114.85,113.76,114.04,11654.685
2025-09-17 05:00:00+00:00,114.04,114.79,113.95,114.75,12894.271
2025-09-17 06:00:00+00:00,114.75,115.36,114.52,115.32,14552.744
2025-09-17 07:00:00+00:00,115.32,115.43,115.0,115.25,8553.193
2025-09-17 08:00:00+00:00,115.25,115.35,114.72,115.12,14421.809
2025-09-17 09:00:00+00:00,115.12,115.18,114.52,114.53,7326.568
2025-09-17 10:00:00+00:00,114.54,114.72,113.94,114.11,13442.463
2025-09-17 11:00:00+00:00,114.11,114.55,114.06,114.16,15419.195
2025-09-17 12:00:00+00:00,114.16,114.45,113.77,114.29,16547.086
2025-09-17 13:00:00+00:00,114.3,114.65,114.02,114.27,12019.446
2025-09-17 14:00:00+00:00,114.28,114.73,113.5,113.91,87413.179
2025-09-17 15:00:00+00:00,113.92,114.27,113.8,113.86,10520.277
2025-09-17 16:00:00+00:00,113.85,114.38,113.35,114.26,10969.894
2025-09-17 17:00:00+00:00,114.27,115.33,113.74,113.79,22671.342
2025-09-17 18:00:00+00:00,113.78,115.16,113.13,113.73,83906.468
2025-09-17 19:00:00+00:00,113.72,115.09,113.7,114.97,16128.097
2025-09-17 20:00:00+00:00,114.95,115.54,114.37,114.47,15567.498
2025-09-17 21:00:00+00:00,114.46,115.64,114.01,115.56,12565.287
2025-09-17 22:00:00+00:00,115.57,117.29,115.56,117.12,34593.288
2025-09-17 23:00:00+00:00,117.13,117.6,116.67,117.0,34071.862
2025-09-18 00:00:00+00:00,117.0,117.75,116.77,116.92,25351.1
2025-09-18 01:00:00+00:00,116.93,117.65,116.78,117.37,12441.036
2025-09-18 02:00:00+00:00,117.37,117.6,117.01,117.57,9278.85
2025-09-18 03:00:00+00:00,117.56,118.12,117.47,117.8,27608.078
2025-09-18 04:00:00+00:00,117.81,118.0,117.32,117.46,15374.25
2025-09-18 05:00:00+00:00,117.46,117.47,116.66,116.89,9459.591
2025-09-18 06:00:00+00:00,116.89,116.97,114.91,115.05,49277.676
2025-09-18 07:00:00+00:00,115.05,115.87,115.02,115.5,13140.22
2025-09-18 08:00:00+00:00,115.5,116.18,115.44,116.13,17299.571
2025-09-18 09:00:00+00:00,116.12,116.26,115.84,115.91,22053.65
2025-09-18 10:00:00+00:00,115.91,116.04,115.13,115.33,31870.931
2025-09-18 11:00:00+00:00,115.34,115.78,115.29,115.75,9602.129
2025-09-18 12:00:00+00:00,115.75,115.95,115.39,115.73,15866.067
2025-09-18 13:00:00+00:00,115.73,116.46,115.49,116.01,16963.287
2025-09-18 14:00:00+00:00,116.01,116.51,115.97,116.27,16988.489
2025-09-18 15:00:00+00:00,116.27,117.57,116.1,117.05,82637.861
2025-09-18 16:00:00+00:00,117.05,117.9,117.0,117.23,38795.392
2025-09-18 17:00:00+00:00,117.22,118.37,117.06,118.19,32401.503
2025-09-18 18:00:00+00:00,118.19,118.8,118.02,118.75,13708.636
2025-09-18 19:00:00+00:00,118.75,118.76,117.84,118.48,14445.422
2025-09-18 20:00:00+00:00,118.49,119.11,118.4,118.78,19148.779
2025-09-18 21:00:00+00:00,118.78,118.85,118.13,118.17,14692.842
2025-09-18 22:00:00+00:00,118.17,118.64,117.91,118.07,14657.229
2025-09-18 23:00:00+00:00,118.07,118.35,117.59,118.19,16173.067
2025-09-19 00:00:00+00:00,118.19,119.17,118.19,119.16,14032.331
2025-09-19 01:00:00+00:00,119.16,119.47,118.41,118.65,24196.754
2025-09-19 02:00:00+00:00,118.64,119.03,117.78,117.86,29690.198
2025-09-19 03:00:00+00:00,117.87,118.31,117.11,117.17,16389.408
2025-09-19 04:00:00+00:00,117.16,117.4,116.28,117.39,15422.098
2025-09-19 05:00:00+00:00,117.39,117.4,116.5,117.35,15184.704
2025-09-19 06:00:00+00:00,117.35,117.75,116.69,116.69,12808.212
2025-09-19 07:00:00+00:00,116.68,117.72,116.63,117.55,11967.081
2025-09-19 08:00:00+00:00,117.56,117.8,116.85,117.08,10870.99
2025-09-19 09:00:00+00:00,117.09,117.57,116.13,116.44,14801.501
2025-09-19 10:00:00+00:00,116.44,116.82,116.25,116.58,9013.999
2025-09-19 11:00:00+00:00,116.59,116.61,115.51,115.76,21143.179
2025-09-19 12:00:00+00:00,115.77,116.27,115.58,115.84,13856.203
2025-09-19 13:00:00+00:00,115.83,116.55,115.8,116.24,15016.413
2025-09-19 14:00:00+00:00,116.24,116.5,115.3,115.59,20064.14
2025-09-19 15:00:00+00:00,115.59,115.67,114.54,115.47,42877.746
2025-09-19 16:00:00+00:00,115.47,115.8,115.36,115.46,14355.279
2025-09-19 17:00:00+00:00,115.46,115.46,114.41,114.51,21633.055
2025-09-19 18:00:00+00:00,114.5,114.64,113.86,113.99,25029.785
2025-09-19 19:00:00+00:00,113.98,114.61,113.82,113.83,9670.105
2025-09-19 20:00:00+00:00,113.83,114.23,113.82,113.83,7544.598
2025-09-19 21:00:00+00:00,113.82,114.29,113.61,114.27,6458.269
2025-09-19 22:00:00+00:00,114.27,114.5,114.23,114.27,6310.01
2025-09-19 23:00:00+00:00,114.27,114.3,113.37,114.04,8045.766
2025-09-20 00:00:00+00:00,114.03,114.55,113.9,114.54,6144.062
2025-09-20 01:00:00+00:00,114.54,114.58,113.93,114.09,7406.31
2025-09-20 02:00:00+00:00,114.08,114.27,113.48,114.24,8184.778
2025-09-20 03:00:00+00:00,114.24,114.51,113.96,114.29,6293.294
2025-09-20 04:00:00+00:00,114.29,114.6,114.21,114.33,8272.316
2025-09-20 05:00:00+00:00,114.33,114.65,114.21,114.65,6791.383
2025-09-20 06:00:00+00:00,114.65,114.65,114.36,114.57,5342.332
2025-09-20 07:00:00+00:00,114.57,115.31,114.55,115.18,10991.588
2025-09-20 08:00:00+00:00,115.17,115.17,114.28,114.32,8602.935
2025-09-20 09:00:00+00:00,114.31,114.56,113.66,113.92,17257.915
2025-09-20 10:00:00+00:00,113.92,114.23,113.59,113.61,10534.316
2025-09-20 11:00:00+00:00,113.61,113.99,113.4,113.97,6185.614
2025-09-20 12:00:00+00:00,113.97,114.07,113.79,113.94,5682.009
2025-09-20 13:00:00+00:00,113.94,114.0,113.44,113.76,7887.431
2025-09-20 14:00:00+00:00,113.76,114.4,113.41,114.33,11298.352
2025-09-20 15:00:00+00:00,114.32,114.84,114.31,114.7,12752.953
2025-09-20 16:00:00+00:00,114.69,114.89,114.23,114.58,5752.465
2025-09-20 17:00:00+00:00,114.58,114.61,114.09,114.16,5230.866
2025-09-20 18:00:00+00:00,114.16,114.16,113.64,113.75,4862.368
2025-09-20 19:00:00+00:00,113.75,114.08,113.6,113.8,5504.748
2025-09-20 20:00:00+00:00,113.79,114.15,113.69,114.06,3778.014
2025-09-20 21:00:00+00:00,114.07,114.42,113.87,114.1,6919.944
2025-09-20 22:00:00+00:00,114.09,114.23,113.93,114.18,3129.639
2025-09-20 23:00:00+00:00,114.18,114.18,113.68,113.92,3313.96
2025-09-21 00:00:00+00:00,113.92,114.41,113.7,114.31,6128.822
2025-09-21 01:00:00+00:00,114.3,114.38,113.85,113.96,3529.658
2025-09-21 02:00:00+00:00,113.97,114.4,113.83,114.33,4230.908
2025-09-21 03:00:00+00:00,114.32,114.45,114.21,114.45,3361.288
2025-09-21 04:00:00+00:00,114.44,114.46,114.05,114.31,1850.464
2025-09-21 05:00:00+00:00,114.32,114.81,114.17,114.78,5412.843
2025-09-21 06:00:00+00:00,114.79,114.99,114.62,114.87,12546.313
2025-09-21 07:00:00+00:00,114.86,115.42,114.73,115.39,11152.543
2025-09-21 08:00:00+00:00,115.39,115.49,114.9,115.18,11455.063
2025-09-21 09:00:00+00:00,115.19,115.44,114.46,115.33,18606.713
2025-09-21 10:00:00+00:00,115.33,116.27,114.86,114.94,20217.266
2025-09-21 11:00:00+00:00,114.93,115.18,114.67,114.73,6148.984
2025-09-21 12:00:00+00:00,114.74,115.39,114.6,114.7,4537.314
2025-09-21 13:00:00+00:00,114.7,115.14,114.66,115.09,8990.756
2025-09-21 14:00:00+00:00,115.09,115.29,114.71,114.77,5355.852
2025-09-21 15:00:00+00:00,114.75,115.57,114.73,115.45,10446.35
2025-09-21 16:00:00+00:00,115.45,115.58,114.75,115.1,13756.891
2025-09-21 17:00:00+00:00,115.1,115.88,114.6,115.85,10912.129
2025-09-21 18:00:00+00:00,115.84,115.96,115.25,115.35,11326.856
2025-09-21 19:00:00+00:00,115.36,115.42,114.86,115.25,7902.214
2025-09-21 20:00:00+00:00,115.24,115.37,114.9,115.07,9415.977
2025-09-21 21:00:00+00:00,115.07,115.21,114.72,114.93,6346.794
2025-09-21 22:00:00+00:00,114.93,115.14,114.27,114.91,7372.29
2025-09-21 23:00:00+00:00,114.9,114.9,113.94,114.0,8475.416
2025-09-22 00:00:00+00:00,113.99,114.51,111.33,111.62,88788.658
2025-09-22 01:00:00+00:00,111.61,112.61,111.5,111.92,24832.46
2025-09-22 02:00:00+00:00,111.93,112.19,110.01,110.71,43069.87
2025-09-22 03:00:00+00:00,110.7,111.48,110.7,111.38,16793.436
2025-09-22 04:00:00+00:00,111.38,111.54,110.86,111.18,17107.703
2025-09-22 05:00:00+00:00,111.17,111.17,109.39,109.43,30169.942
2025-09-22 06:00:00+00:00,109.44,109.57,102.2,106.91,208669.7
2025-09-22 07:00:00+00:00,106.9,106.9,105.33,105.49,46348.089
2025-09-22 08:00:00+00:00,105.48,106.0,104.88,105.63,30673.879
2025-09-22 09:00:00+00:00,105.63,105.67,104.8,105.02,26460.92
2025-09-22 10:00:00+00:00,105.03,105.92,104.79,105.75,21110.294
2025-09-22 11:00:00+00:00,105.75,105.86,105.29,105.64,19236.045
2025-09-22 12:00:00+00:00,105.64,106.24,105.32,106.08,23603.756
2025-09-22 13:00:00+00:00,106.07,106.47,105.6,106.42,21395.67
2025-09-22 14:00:00+00:00,106.43,106.7,105.68,105.87,23444.713
2025-09-22 15:00:00+00:00,105.87,106.01,104.83,105.27,20977.301
2025-09-22 16:00:00+00:00,105.26,105.75,104.99,105.1,16266.741
2025-09-22 17:00:00+00:00,105.11,105.49,104.59,105.38,17334.371
2025-09-22 18:00:00+00:00,105.38,105.62,104.9,104.92,19661.972
2025-09-22 19:00:00+00:00,104.91,105.14,104.59,104.77,15105.531
2025-09-22 20:00:00+00:00,104.76,106.09,104.62,105.88,13899.734
2025-09-22 21:00:00+00:00,105.89,106.16,105.47,106.13,10306.711
2025-09-22 22:00:00+00:00,106.12,106.12,105.67,105.72,3728.845
2025-09-22 23:00:00+00:00,105.72,105.93,105.63,105.65,8689.393
2025-09-23 00:00:00+00:00,105.66,105.96,105.24,105.45,27169.989
2025-09-23 01:00:00+00:00,105.45,106.09,105.17,105.38,8901.01
2025-09-23 02:00:00+00:00,105.39,106.16,104.74,104.82,15498.276
2025-09-23 03:00:00+00:00,104.82,106.65,104.39,106.16,22183.067
2025-09-23 04:00:00+00:00,106.16,106.46,105.5,105.96,15893.346
2025-09-23 05:00:00+00:00,105.95,106.23,105.63,105.69,13878.708
2025-09-23 06:00:00+00:00,105.7,106.57,105.63,106.44,14560.741
2025-09-23 07:00:00+00:00,106.43,106.57,106.07,106.24,14036.8
2025-09-23 08:00:00+00:00,106.24,106.52,106.07,106.43,7814.65
2025-09-23 09:00:00+00:00,106.42,106.68,105.75,105.95,14691.111
2025-09-23 10:00:00+00:00,105.95,106.44,105.81,106.36,6482.091
2025-09-23 11:00:00+00:00,106.35,106.64,105.91,106.5,7908.618
2025-09-23 12:00:00+00:00,106.5,107.24,106.4,107.0,20332.159
2025-09-23 13:00:00+00:00,106.99,107.05,106.16,106.41,16659.682
2025-09-23 14:00:00+00:00,106.41,106.93,106.1,106.4,13026.31
2025-09-23 15:00:00+00:00,106.4,106.98,106.19,106.77,15704.052
2025-09-23 16:00:00+00:00,106.76,106.83,105.88,106.58,13993.588
2025-09-23 17:00:00+00:00,106.57,106.62,105.36,105.55,13662.715
2025-09-23 18:00:00+00:00,105.55,106.22,105.54,106.01,17128.96
2025-09-23 19:00:00+00:00,106.0,106.69,105.67,106.01,13546.109
2025-09-23 20:00:00+00:00,106.0,106.53,105.67,106.53,11646.585
2025-09-23 21:00:00+00:00,106.53,106.76,105.74,106.4,9688.217
2025-09-23 22:00:00+00:00,106.4,106.45,106.06,106.3,5515.77
2025-09-23 23:00:00+00:00,106.31,106.59,106.06,106.07,9887.384
2025-09-24 00:00:00+00:00,106.07,106.84,106.04,106.63,5896.975
2025-09-24 01:00:00+00:00,106.63,107.6,106.5,107.54,10046.033
2025-09-24 02:00:00+00:00,107.54,107.59,106.8,107.1,14161.498
2025-09-24 03:00:00+00:00,107.1,107.22,105.71,105.79,25644.683
2025-09-24 04:00:00+00:00,105.8,106.92,104.56,106.56,31139.089
2025-09-24 05:00:00+00:00,106.55,107.35,106.39,107.25,7356.762
2025-09-24 06:00:00+00:00,107.25,107.5,106.27,106.92,139640.077
2025-09-24 07:00:00+00:00,106.93,107.05,106.54,106.87,11336.824
2025-09-24 08:00:00+00:00,106.87,107.07,106.71,106.76,6618.335
2025-09-24 09:00:00+00:00,106.76,107.03,106.58,106.9,6498.989
2025-09-24 10:00:00+00:00,106.91,107.14,106.72,107.11,12587.205
2025-09-24 11:00:00+00:00,107.1,107.43,106.99,107.2,6999.359
2025-09-24 12:00:00+00:00,107.2,107.31,105.97,106.44,28704.182
2025-09-24 13:00:00+00:00,106.44,106.82,106.16,106.29,9285.636
2025-09-24 14:00:00+00:00,106.29,107.69,106.29,107.34,12725.123
2025-09-24 15:00:00+00:00,107.34,107.46,106.76,106.82,13993.312
2025-09-24 16:00:00+00:00,106.83,106.88,106.49,106.6,14602.732
2025-09-24 17:00:00+00:00,106.6,107.1,106.48,106.7,9159.862
2025-09-24 18:00:00+00:00,106.69,106.71,106.26,106.28,8308.057
2025-09-24 19:00:00+00:00,106.29,106.3,105.79,106.1,19967.662
2025-09-24 20:00:00+00:00,106.1,106.35,105.81,106.3,7578.616
2025-09-24 21:00:00+00:00,106.3,106.53,105.83,105.91,5034.97
2025-09-24 22:00:00+00:00,105.92,106.29,105.81,105.91,5956.477
2025-09-24 23:00:00+00:00,105.91,106.12,105.46,105.52,17575.04
2025-09-25 00:00:00+00:00,105.52,105.83,105.13,105.25,14535.331
2025-09-25 01:00:00+00:00,105.24,105.56,104.62,104.99,19518.164
2025-09-25 02:00:00+00:00,104.99,105.82,104.53,105.44,14840.904
2025-09-25 03:00:00+00:00,105.45,105.45,104.17,104.84,18116.687
2025-09-25 04:00:00+00:00,104.84,105.12,103.31,103.8,27377.141
2025-09-25 05:00:00+00:00,103.81,104.82,103.35,104.63,15254.574
2025-09-25 06:00:00+00:00,104.61,104.61,103.78,103.85,12900.486
2025-09-25 07:00:00+00:00,103.83,104.35,103.64,103.97,12072.308
2025-09-25 08:00:00+00:00,103.97,104.58,103.73,104.0,8037.8
2025-09-25 09:00:00+00:00,103.99,104.67,103.81,103.82,11223.262
2025-09-25 10:00:00+00:00,103.82,104.28,103.36,103.36,9433.192
2025-09-25 11:00:00+00:00,103.36,103.61,102.93,103.45,12543.912
2025-09-25 12:00:00+00:00,103.45,104.19,101.85,103.89,52112.358
2025-09-25 13:00:00+00:00,103.89,104.82,103.45,103.87,29296.331
2025-09-25 14:00:00+00:00,103.88,105.27,103.88,104.77,16511.119
2025-09-25 15:00:00+00:00,104.77,104.85,104.15,104.52,14364.81
2025-09-25 16:00:00+00:00,104.53,104.71,103.03,103.14,24427.225
2025-09-25 17:00:00+00:00,103.14,103.15,100.25,100.89,72048.839
2025-09-25 18:00:00+00:00,100.88,103.21,100.46,103.18,28777.371
2025-09-25 19:00:00+00:00,103.19,103.77,102.59,102.78,13197.48
2025-09-25 20:00:00+00:00,102.78,102.94,102.16,102.3,8157.427
2025-09-25 21:00:00+00:00,102.3,103.14,101.94,102.87,20866.329
2025-09-25 22:00:00+00:00,102.87,103.19,102.18,102.41,11451.283
2025-09-25 23:00:00+00:00,102.41,102.98,101.52,102.28,18766.13
2025-09-26 00:00:00+00:00,102.28,103.67,102.27,103.55,11775.562
2025-09-26 01:00:00+00:00,103.55,103.9,103.32,103.53,12352.427
2025-09-26 02:00:00+00:00,103.52,103.9,103.04,103.29,4561.35
2025-09-26 03:00:00+00:00,103.3,103.42,102.69,103.2,5502.565
2025-09-26 04:00:00+00:00,103.2,103.5,102.84,103.13,7233.351
2025-09-26 05:00:00+00:00,103.13,103.63,102.62,102.96,7123.746
2025-09-26 06:00:00+00:00,102.96,103.59,102.65,102.99,10531.996
2025-09-26 07:00:00+00:00,103.0,103.36,102.42,103.09,7071.465
2025-09-26 08:00:00+00:00,103.1,103.29,102.71,102.79,13418.495
2025-09-26 09:00:00+00:00,102.79,102.91,101.67,102.02,21814.345
2025-09-26 10:00:00+00:00,102.03,102.08,101.2,101.5,12143.611
2025-09-26 11:00:00+00:00,101.51,102.1,100.97,101.93,11026.106
2025-09-26 12:00:00+00:00,101.93,103.19,101.3,102.8,27403.801
2025-09-26 13:00:00+00:00,102.8,103.5,102.29,103.32,15167.031
2025-09-26 14:00:00+00:00,103.31,103.41,102.37,102.86,10730.129
2025-09-26 15:00:00+00:00,102.87,103.72,102.82,103.4,8469.544
2025-09-26 16:00:00+00:00,103.39,104.1,103.37,103.97,7349.845
2025-09-26 17:00:00+00:00,103.97,104.78,103.94,104.71,11049.243
2025-09-26 18:00:00+00:00,104.72,104.88,104.44,104.54,7772.733
2025-09-26 19:00:00+00:00,104.54,104.56,103.73,104.12,9509.401
2025-09-26 20:00:00+00:00,104.12,104.29,103.9,103.92,5015.856
2025-09-26 21:00:00+00:00,103.92,104.39,103.83,104.36,5842.427
2025-09-26 22:00:00+00:00,104.36,104.78,104.25,104.43,6942.483
2025-09-26 23:00:00+00:00,104.43,104.66,104.32,104.55,5902.705
2025-09-27 00:00:00+00:00,104.54,104.54,104.06,104.3,5037.443
2025-09-27 01:00:00+00:00,104.31,104.31,103.78,103.88,3983.863
2025-09-27 02:00:00+00:00,103.88,104.03,103.26,103.59,25833.367
2025-09-27 03:00:00+00:00,103.59,104.08,103.57,103.84,5819.318
2025-09-27 04:00:00+00:00,103.84,104.0,103.76,103.88,4863.032
2025-09-27 05:00:00+00:00,103.88,103.93,103.64,103.82,2137.515
2025-09-27 06:00:00+00:00,103.82,103.88,103.64,103.87,2695.398
2025-09-27 07:00:00+00:00,103.88,104.02,103.55,103.75,4787.605
2025-09-27 08:00:00+00:00,103.74,103.89,103.46,103.61,5872.347
2025-09-27 09:00:00+00:00,103.62,104.14,103.33,104.05,6922.927
2025-09-27 10:00:00+00:00,104.06,104.5,103.94,104.27,12744.054
2025-09-27 11:00:00+00:00,104.27,104.27,103.93,103.96,3301.836
2025-09-27 12:00:00+00:00,103.97,104.47,103.95,104.4,3675.229
2025-09-27 13:00:00+00:00,104.4,104.46,104.27,104.31,2934.655
2025-09-27 14:00:00+00:00,104.31,104.87,104.3,104.6,9198.281
2025-09-27 15:00:00+00:00,104.59,104.93,104.37,104.91,5954.215
2025-09-27 16:00:00+00:00,104.91,104.96,104.72,104.74,4362.038
2025-09-27 17:00:00+00:00,104.75,104.76,104.07,104.58,8110.785
2025-09-27 18:00:00+00:00,104.57,104.65,104.37,104.46,6687.167
2025-09-27 19:00:00+00:00,104.46,104.61,104.25,104.58,5023.039
2025-09-27 20:00:00+00:00,104.58,104.71,104.45,104.59,2940.901
2025-09-27 21:00:00+00:00,104.6,104.75,104.52,104.66,9444.152
2025-09-27 22:00:00+00:00,104.66,104.93,104.61,104.68,3996.548
2025-09-27 23:00:00+00:00,104.69,104.81,104.42,104.46,4325.446
2025-09-28 00:00:00+00:00,104.47,104.63,104.15,104.19,3739.345
2025-09-28 01:00:00+00:00,104.19,104.22,103.69,103.87,3965.221
2025-09-28 02:00:00+00:00,103.87,104.05,103.67,103.79,2694.835
2025-09-28 03:00:00+00:00,103.79,103.94,103.57,103.87,2286.475
2025-09-28 04:00:00+00:00,103.87,104.02,103.71,104.0,3183.011
2025-09-28 05:00:00+00:00,104.01,104.22,103.68,104.01,3394.508
2025-09-28 06:00:00+00:00,104.01,104.12,103.72,103.9,5909.154
2025-09-28 07:00:00+00:00,103.9,104.25,103.73,104.1,4942.221
2025-09-28 08:00:00+00:00,104.11,104.19,103.56,103.66,3654.79
2025-09-28 09:00:00+00:00,103.66,103.74,103.37,103.51,3830.593
2025-09-28 10:00:00+00:00,103.51,103.62,103.17,103.6,10281.013
2025-09-28 11:00:00+00:00,103.6,103.64,103.11,103.34,8663.033
2025-09-28 12:00:00+00:00,103.34,103.37,102.7,103.18,16837.32
2025-09-28 13:00:00+00:00,103.18,104.2,103.1,104.03,6908.577
2025-09-28 14:00:00+00:00,104.03,104.47,103.93,104.21,6265.584
2025-09-28 15:00:00+00:00,104.21,104.58,104.19,104.58,4337.576
2025-09-28 16:00:00+00:00,104.57,104.96,104.37,104.85,9159.272
2025-09-28 17:00:00+00:00,104.84,105.27,104.82,105.11,10137.158
2025-09-28 18:00:00+00:00,105.1,105.41,104.92,105.4,6111.452
2025-09-28 19:00:00+00:00,105.4,105.62,105.17,105.62,4768.198
2025-09-28 20:00:00+00:00,105.62,106.08,105.62,105.84,9319.273
2025-09-28 21:00:00+00:00,105.84,106.37,105.84,106.09,10776.592
2025-09-28 22:00:00+00:00,106.09,107.04,106.09,106.93,19746.466
2025-09-28 23:00:00+00:00,106.94,107.17,106.73,106.88,19207.217
2025-09-29 00:00:00+00:00,106.88,107.02,106.46,106.89,10488.458
2025-09-29 01:00:00+00:00,106.89,106.92,106.57,106.63,7513.319
2025-09-29 02:00:00+00:00,106.64,107.25,106.52,106.79,5263.801
2025-09-29 03:00:00+00:00,106.78,106.78,106.46,106.58,5049.659
2025-09-29 04:00:00+00:00,106.57,106.59,106.24,106.24,4059.08
2025-09-29 05:00:00+00:00,106.25,106.27,105.79,106.15,14152.562
2025-09-29 06:00:00+00:00,106.15,106.18,105.71,105.71,7295.272
2025-09-29 07:00:00+00:00,105.71,106.23,105.56,106.04,5031.603
2025-09-29 08:00:00+00:00,106.04,106.5,105.8,106.29,6555.623
2025-09-29 09:00:00+00:00,106.29,106.51,105.68,105.97,8534.526
2025-09-29 10:00:00+00:00,105.97,106.13,105.71,105.74,4714.863
2025-09-29 11:00:00+00:00,105.73,106.11,105.44,105.73,7212.473
2025-09-29 12:00:00+00:00,105.74,106.07,105.3,105.55,13219.187
2025-09-29 13:00:00+00:00,105.54,106.67,105.3,106.54,22167.145
2025-09-29 14:00:00+00:00,106.53,107.66,106.42,106.56,59431.72
2025-09-29 15:00:00+00:00,106.57,106.74,106.19,106.36,22610.332
2025-09-29 16:00:00+00:00,106.36,106.76,105.79,105.86,9114.959
2025-09-29 17:00:00+00:00,105.86,106.23,105.45,106.13,14471.91
2025-09-29 18:00:00+00:00,106.12,106.12,105.66,105.83,5377.035
2025-09-29 19:00:00+00:00,105.82,106.47,105.78,106.35,8454.139
2025-09-29 20:00:00+00:00,106.34,107.17,106.24,107.14,10668.825
2025-09-29 21:00:00+00:00,107.14,107.18,106.85,106.95,5940.746
2025-09-29 22:00:00+00:00,106.95,107.08,106.75,106.98,5116.436
2025-09-29 23:00:00+00:00,106.98,107.02,106.64,106.76,5593.411
2025-09-30 00:00:00+00:00,106.76,107.31,106.48,106.62,10736.185
2025-09-30 01:00:00+00:00,106.62,107.12,106.39,106.95,8842.83
2025-09-30 02:00:00+00:00,106.95,106.98,106.3,106.34,6463.784
2025-09-30 03:00:00+00:00,106.33,106.71,106.23,106.4,5981.98
2025-09-30 04:00:00+00:00,106.4,106.48,106.19,106.36,12852.268
2025-09-30 05:00:00+00:00,106.35,106.44,106.05,106.36,6676.857
2025-09-30 06:00:00+00:00,106.37,106.68,106.15,106.19,13948.877
2025-09-30 07:00:00+00:00,106.19,106.3,105.54,105.85,8835.051
2025-09-30 08:00:00+00:00,105.85,106.01,105.55,105.56,8217.741
2025-09-30 09:00:00+00:00,105.56,105.73,105.11,105.46,12403.382
2025-09-30 10:00:00+00:00,105.46,105.55,105.24,105.38,9091.493
2025-09-30 11:00:00+00:00,105.39,105.61,105.11,105.42,8922.907
2025-09-30 12:00:00+00:00,105.43,105.52,105.14,105.17,10937.996
2025-09-30 13:00:00+00:00,105.17,105.87,105.02,105.15,9696.656
2025-09-30 14:00:00+00:00,105.15,105.33,104.72,105.17,9463.226
2025-09-30 15:00:00+00:00,105.17,105.18,103.84,104.51,15782.249
2025-09-30 16:00:00+00:00,104.5,104.7,104.2,104.51,9264.986
2025-09-30 17:00:00+00:00,104.51,104.81,104.2,104.46,18185.961
2025-09-30 18:00:00+00:00,104.46,105.36,104.31,105.26,16635.474
2025-09-30 19:00:00+00:00,105.25,106.86,105.19,106.84,11560.953
2025-09-30 20:00:00+00:00,106.84,107.61,106.57,107.44,20723.208
2025-09-30 21:00:00+00:00,107.44,107.54,106.59,106.61,18203.936
2025-09-30 22:00:00+00:00,106.61,107.2,106.32,106.41,11894.465
2025-09-30 23:00:00+00:00,106.41,107.1,106.19,106.88,9253.43
2025-10-01 00:00:00+00:00,106.87,107.08,106.12,106.5,5936.051
2025-10-01 01:00:00+00:00,106.5,107.08,106.27,107.07,5123.816
2025-10-01 02:00:00+00:00,107.08,107.11,105.98,106.16,12732.332
2025-10-01 03:00:00+00:00,106.16,106.39,105.77,105.8,6656.973
2025-10-01 04:00:00+00:00,105.79,106.48,105.72,106.18,5042.229
2025-10-01 05:00:00+00:00,106.18,106.7,106.18,106.44,5857.047
2025-10-01 06:00:00+00:00,106.44,106.53,105.39,105.53,11862.903
2025-10-01 07:00:00+00:00,105.52,106.03,105.44,105.98,7180.323
2025-10-01 08:00:00+00:00,105.97,109.09,105.83,109.09,54193.948
2025-10-01 09:00:00+00:00,109.1,110.77,108.81,110.5,64818.87
2025-10-01 10:00:00+00:00,110.51,110.59,109.33,109.45,25628.79
2025-10-01 11:00:00+00:00,109.45,110.82,109.45,110.39,38471.14
2025-10-01 12:00:00+00:00,110.38,110.87,109.97,110.81,24227.939
2025-10-01 13:00:00+00:00,110.82,111.27,110.49,110.87,22308.459
2025-10-01 14:00:00+00:00,110.87,111.6,110.7,111.13,32947.429
2025-10-01 15:00:00+00:00,111.13,111.79,110.89,111.33,23329.237
2025-10-01 16:00:00+00:00,111.34,111.9,111.04,111.67,16953.025
2025-10-01 17:00:00+00:00,111.67,111.73,110.48,110.61,43095.738
2025-10-01 18:00:00+00:00,110.62,111.44,110.61,111.31,12163.752
2025-10-01 19:00:00+00:00,111.31,112.63,111.16,112.14,26451.645
2025-10-01 20:00:00+00:00,112.14,112.18,111.69,112.03,9267.225
2025-10-01 21:00:00+00:00,112.03,112.4,111.63,112.38,15680.957
2025-10-01 22:00:00+00:00,112.39,115.06,112.29,114.85,53370.943
2025-10-01 23:00:00+00:00,114.85,115.34,113.97,115.1,38225.853
2025-10-02 00:00:00+00:00,115.11,118.41,115.11,118.0,95765.638
2025-10-02 01:00:00+00:00,118.0,121.49,117.84,121.33,100066.841
2025-10-02 02:00:00+00:00,121.33,121.5,117.8,118.36,126515.42
2025-10-02 03:00:00+00:00,118.36,119.15,117.6,118.45,51239.017
2025-10-02 04:00:00+00:00,118.45,118.6,117.43,117.88,31377.867
2025-10-02 05:00:00+00:00,117.88,118.68,117.64,117.87,24947.277
2025-10-02 06:00:00+00:00,117.86,118.48,117.86,117.96,16349.512
2025-10-02 07:00:00+00:00,117.96,120.16,117.93,119.39,51933.346
2025-10-02 08:00:00+00:00,119.39,119.97,118.64,119.13,44839.17
2025-10-02 09:00:00+00:00,119.14,120.19,118.81,120.14,42598.715
2025-10-02 10:00:00+00:00,120.15,122.59,119.97,122.11,80313.84
2025-10-02 11:00:00+00:00,122.12,122.71,119.65,119.84,98432.717
2025-10-02 12:00:00+00:00,119.85,120.25,119.37,119.82,34848.866
2025-10-02 13:00:00+00:00,119.82,119.86,117.98,118.65,52576.961
2025-10-02 14:00:00+00:00,118.64,119.14,117.18,117.7,48664.632
2025-10-02 15:00:00+00:00,117.7,119.25,117.43,118.82,45957.472
2025-10-02 16:00:00+00:00,118.82,119.66,117.9,119.18,44475.583
2025-10-02 17:00:00+00:00,119.18,119.34,118.47,119.18,24626.782
2025-10-02 18:00:00+00:00,119.17,120.01,119.1,119.22,40904.978
2025-10-02 19:00:00+00:00,119.23,119.88,119.02,119.45,17495.835
2025-10-02 20:00:00+00:00,119.46,120.0,119.3,119.88,13300.597
2025-10-02 21:00:00+00:00,119.88,120.19,119.44,119.88,30988.932
2025-10-02 22:00:00+00:00,119.89,119.96,118.92,119.04,12869.871
2025-10-02 23:00:00+00:00,119.04,119.68,119.01,119.54,9621.59
2025-10-03 00:00:00+00:00,119.54,119.54,117.91,118.2,28710.998
2025-10-03 01:00:00+00:00,118.21,118.46,117.68,117.79,13210.943
2025-10-03 02:00:00+00:00,117.79,118.02,117.19,117.54,23613.087
2025-10-03 03:00:00+00:00,117.53,118.27,117.19,117.38,27355.617
2025-10-03 04:00:00+00:00,117.38,118.57,117.26,117.8,24879.052
2025-10-03 05:00:00+00:00,117.8,117.87,117.08,117.27,12515.267
2025-10-03 06:00:00+00:00,117.28,117.41,116.41,116.81,28465.729
2025-10-03 07:00:00+00:00,116.82,116.97,115.95,116.44,30251.626
2025-10-03 08:00:00+00:00,116.43,116.95,115.79,116.83,23034.347
2025-10-03 09:00:00+00:00,116.84,117.33,116.72,117.18,11875.25
2025-10-03 10:00:00+00:00,117.18,117.59,117.09,117.41,15989.98
2025-10-03 11:00:00+00:00,117.4,117.72,117.07,117.41,19701.585
2025-10-03 12:00:00+00:00,117.4,118.33,117.29,118.04,20252.406
2025-10-03 13:00:00+00:00,118.03,118.49,117.77,118.05,15374.411
2025-10-03 14:00:00+00:00,118.05,119.87,117.42,119.02,32365.471
2025-10-03 15:00:00+00:00,119.01,120.19,118.75,120.04,27901.895
2025-10-03 16:00:00+00:00,120.03,121.12,119.91,120.43,78790.773
2025-10-03 17:00:00+00:00,120.42,123.14,118.53,121.47,240238.604
2025-10-03 18:00:00+00:00,121.48,124.86,121.0,123.37,79497.668
2025-10-03 19:00:00+00:00,123.37,123.91,122.22,122.43,48852.262
2025-10-03 20:00:00+00:00,122.42,122.57,121.48,122.51,28268.619
2025-10-03 21:00:00+00:00,122.52,122.55,121.04,121.5,18189.496
2025-10-03 22:00:00+00:00,121.5,121.68,120.6,120.91,16521.167
2025-10-03 23:00:00+00:00,120.9,120.99,120.27,120.56,13677.555
2025-10-04 00:00:00+00:00,120.57,121.0,120.13,120.43,14042.658
2025-10-04 01:00:00+00:00,120.42,120.5,119.07,119.69,26558.453
2025-10-04 02:00:00+00:00,119.68,120.2,119.09,119.8,15782.418
2025-10-04 03:00:00+00:00,119.79,119.96,119.34,119.49,8074.438
2025-10-04 04:00:00+00:00,119.49,119.51,118.95,119.1,11486.467
2025-10-04 05:00:00+00:00,119.1,119.53,118.86,118.92,9200.951
2025-10-04 06:00:00+00:00,118.93,119.64,118.91,119.11,11825.497
2025-10-04 07:00:00+00:00,119.11,119.22,118.29,118.52,10699.489
2025-10-04 08:00:00+00:00,118.52,118.73,118.13,118.39,10070.331
2025-10-04 09:00:00+00:00,118.39,118.71,118.25,118.31,7207.777
2025-10-04 10:00:00+00:00,118.31,118.92,118.07,118.26,12421.867
2025-10-04 11:00:00+00:00,118.26,118.38,117.68,117.8,16277.976
2025-10-04 12:00:00+00:00,117.81,118.24,117.79,118.02,14056.619
2025-10-04 13:00:00+00:00,118.02,118.74,118.02,118.39,10447.49
2025-10-04 14:00:00+00:00,118.4,118.94,117.87,117.9,13215.143
2025-10-04 15:00:00+00:00,117.89,118.24,117.42,117.82,17469.9
2025-10-04 16:00:00+00:00,117.82,118.73,117.75,118.69,9825.489
2025-10-04 17:00:00+00:00,118.69,118.7,118.07,118.35,8532.125
2025-10-04 18:00:00+00:00,118.35,118.67,118.27,118.53,6582.99
2025-10-04 19:00:00+00:00,118.53,119.28,118.53,118.78,8672.387
2025-10-04 20:00:00+00:00,118.79,119.28,118.79,119.05,12844.246
2025-10-04 21:00:00+00:00,119.06,119.64,119.06,119.44,8168.64
2025-10-04 22:00:00+00:00,119.45,120.15,119.45,120.0,10422.277
2025-10-04 23:00:00+00:00,120.0,120.58,119.89,120.51,16812.515
2025-10-05 00:00:00+00:00,120.5,121.95,120.19,120.78,25102.298
2025-10-05 01:00:00+00:00,120.77,122.16,120.54,122.02,26605.341
2025-10-05 02:00:00+00:00,122.02,124.14,121.75,123.88,46169.239
2025-10-05 03:00:00+00:00,123.88,124.17,122.39,122.67,42132.317
2025-10-05 04:00:00+00:00,122.67,122.87,120.91,121.23,51910.057
2025-10-05 05:00:00+00:00,121.24,122.0,120.55,121.62,47403.547
2025-10-05 06:00:00+00:00,121.63,121.85,120.86,121.0,21968.079
2025-10-05 07:00:00+00:00,121.01,122.47,121.01,122.11,19118.927
2025-10-05 08:00:00+00:00,122.11,122.54,121.62,122.05,20235.063
2025-10-05 09:00:00+00:00,122.04,122.05,120.54,120.77,28279.041
2025-10-05 10:00:00+00:00,120.78,120.98,119.9,120.03,25185.621
2025-10-05 11:00:00+00:00,120.03,120.38,119.62,120.07,12699.153
2025-10-05 12:00:00+00:00,120.07,120.08,119.4,119.74,13051.277
2025-10-05 13:00:00+00:00,119.73,120.46,119.69,120.35,9711.401
2025-10-05 14:00:00+00:00,120.35,120.6,119.67,119.98,16669.683
2025-10-05 15:00:00+00:00,119.98,120.07,119.55,119.8,10011.498
2025-10-05 16:00:00+00:00,119.8,120.35,119.22,119.97,11749.926
2025-10-05 17:00:00+00:00,119.96,120.15,119.19,119.28,8256.456
2025-10-05 18:00:00+00:00,119.28,119.48,118.78,119.44,14416.008
2025-10-05 19:00:00+00:00,119.45,119.45,118.35,118.57,14504.858
2025-10-05 20:00:00+00:00,118.57,119.1,118.46,118.88,12873.828
2025-10-05 21:00:00+00:00,118.87,118.99,118.47,118.61,7709.472
2025-10-05 22:00:00+00:00,118.61,118.99,118.51,118.61,5619.415
2025-10-05 23:00:00+00:00,118.61,119.13,118.58,118.85,15633.228
2025-10-06 00:00:00+00:00,118.85,120.0,118.11,118.4,31812.543
2025-10-06 01:00:00+00:00,118.4,119.56,118.1,119.24,17111.27
2025-10-06 02:00:00+00:00,119.23,120.5,119.22,120.26,28634.789
2025-10-06 03:00:00+00:00,120.26,121.29,120.13,120.69,27603.443
2025-10-06 04:00:00+00:00,120.68,120.85,119.71,119.74,13935.682
2025-10-06 05:00:00+00:00,119.74,120.93,119.44,120.91,19228.284
2025-10-06 06:00:00+00:00,120.91,121.47,120.17,120.55,23335.953
2025-10-06 07:00:00+00:00,120.55,120.66,119.8,119.91,12038.557
2025-10-06 08:00:00+00:00,119.91,120.5,119.73,120.22,10205.613
2025-10-06 09:00:00+00:00,120.22,120.77,120.21,120.7,17867.608
2025-10-06 10:00:00+00:00,120.7,120.93,120.09,120.14,8411.759
2025-10-06 11:00:00+00:00,120.14,120.4,119.82,119.95,9825.894
2025-10-06 12:00:00+00:00,119.95,120.53,119.72,119.81,18254.881
2025-10-06 13:00:00+00:00,119.8,120.64,119.65,120.46,18971.853
2025-10-06 14:00:00+00:00,120.47,120.8,119.75,120.08,14042.161
2025-10-06 15:00:00+00:00,120.08,121.39,120.0,120.55,30402.68
2025-10-06 16:00:00+00:00,120.55,120.7,118.64,119.61,41825.981
2025-10-06 17:00:00+00:00,119.61,120.25,119.39,119.74,20392.045
2025-10-06 18:00:00+00:00,119.73,120.5,119.27,120.22,23622.622
2025-10-06 19:00:00+00:00,120.22,120.28,119.72,119.88,11637.76
2025-10-06 20:00:00+00:00,119.87,120.21,119.36,119.65,12410.668
2025-10-06 21:00:00+00:00,119.65,119.65,118.63,119.05,20329.32
2025-10-06 22:00:00+00:00,119.05,119.17,118.13,118.48,19125.402
2025-10-06 23:00:00+00:00,118.47,118.78,118.11,118.32,13543.723
2025-10-07 00:00:00+00:00,118.32,118.67,117.67,118.67,20458.588
2025-10-07 01:00:00+00:00,118.67,119.04,118.02,118.11,13387.918
2025-10-07 02:00:00+00:00,118.12,118.52,117.78,117.96,10628.778
2025-10-07 03:00:00+00:00,117.96,118.53,117.93,118.21,13102.248
2025-10-07 04:00:00+00:00,118.2,118.74,117.93,118.52,10818.928
2025-10-07 05:00:00+00:00,118.52,119.27,118.19,118.72,9748.625
2025-10-07 06:00:00+00:00,118.71,118.97,117.37,117.99,20714.14
2025-10-07 07:00:00+00:00,117.98,118.49,117.58,117.78,16697.426
2025-10-07 08:00:00+00:00,117.79,118.27,117.46,118.09,23318.833
2025-10-07 09:00:00+00:00,118.09,118.72,117.89,118.14,14793.896
2025-10-07 10:00:00+00:00,118.14,118.43,117.77,117.99,16928.974
2025-10-07 11:00:00+00:00,117.99,118.41,117.91,118.23,6891.652
2025-10-07 12:00:00+00:00,118.24,118.98,117.93,118.95,11998.632
2025-10-07 13:00:00+00:00,118.96,119.19,117.52,118.25,27958.883
2025-10-07 14:00:00+00:00,118.26,118.36,116.28,116.62,55558.549
2025-10-07 15:00:00+00:00,116.63,116.88,115.16,116.15,55150.262
2025-10-07 16:00:00+00:00,116.14,116.8,115.41,116.33,23753.894
2025-10-07 17:00:00+00:00,116.33,116.5,115.73,115.81,13044.845
2025-10-07 18:00:00+00:00,115.82,116.22,115.45,115.46,10122.879
2025-10-07 19:00:00+00:00,115.46,116.29,115.43,115.97,9803.926
2025-10-07 20:00:00+00:00,115.97,117.07,115.97,116.86,10777.852
2025-10-07 21:00:00+00:00,116.86,117.48,116.7,117.2,10573.872
2025-10-07 22:00:00+00:00,117.21,117.49,116.95,117.41,6875.03
2025-10-07 23:00:00+00:00,117.41,117.49,116.57,116.91,9565.652
2025-10-08 00:00:00+00:00,116.91,118.01,116.9,117.76,24245.795
2025-10-08 01:00:00+00:00,117.76,118.07,117.39,117.77,9488.195
2025-10-08 02:00:00+00:00,117.77,118.32,117.54,117.73,12674.735
2025-10-08 03:00:00+00:00,117.74,117.83,116.56,116.97,12817.629
2025-10-08 04:00:00+00:00,116.98,117.54,116.34,116.85,19898.429
2025-10-08 05:00:00+00:00,116.84,116.84,115.34,115.78,16675.816
2025-10-08 06:00:00+00:00,115.78,116.18,115.43,115.85,9659.812
2025-10-08 07:00:00+00:00,115.86,116.35,115.56,116.32,10479.53
2025-10-08 08:00:00+00:00,116.33,116.67,115.77,116.53,12935.89
2025-10-08 09:00:00+00:00,116.53,117.39,116.28,116.93,20754.091
2025-10-08 10:00:00+00:00,116.93,117.05,116.38,116.72,8909.636
2025-10-08 11:00:00+00:00,116.72,116.83,116.03,116.22,11072.541
2025-10-08 12:00:00+00:00,116.22,116.71,115.79,116.71,15119.024
2025-10-08 13:00:00+00:00,116.71,117.2,115.92,116.98,16482.594
2025-10-08 14:00:00+00:00,116.98,117.68,116.32,116.51,17262.89
2025-10-08 15:00:00+00:00,116.52,116.91,116.3,116.37,15516.04
2025-10-08 16:00:00+00:00,116.37,117.78,116.17,117.66,19201.511
2025-10-08 17:00:00+00:00,117.66,119.6,117.61,119.23,29401.184
2025-10-08 18:00:00+00:00,119.24,119.53,118.39,118.65,28421.571
2025-10-08 19:00:00+00:00,118.65,118.9,118.35,118.66,9207.478
2025-10-08 20:00:00+00:00,118.66,118.73,118.02,118.05,7191.735
2025-10-08 21:00:00+00:00,118.05,118.63,117.71,118.35,6173.424
2025-10-08 22:00:00+00:00,118.34,118.74,118.18,118.39,5857.651
2025-10-08 23:00:00+00:00,118.39,118.81,117.88,118.6,9811.286
2025-10-09 00:00:00+00:00,118.61,119.49,118.33,118.97,24800.564
2025-10-09 01:00:00+00:00,118.97,119.03,118.15,118.78,10442.619
2025-10-09 02:00:00+00:00,118.79,118.85,116.85,117.09,20920.691
2025-10-09 03:00:00+00:00,117.09,120.0,117.09,118.38,68473.193
2025-10-09 04:00:00+00:00,118.37,119.55,118.34,119.31,25085.595
2025-10-09 05:00:00+00:00,119.31,119.69,118.64,118.76,12206.894
2025-10-09 06:00:00+00:00,118.76,118.79,117.65,117.73,12875.845
2025-10-09 07:00:00+00:00,117.72,118.07,117.22,117.33,16621.694
2025-10-09 08:00:00+00:00,117.34,117.36,115.44,115.71,45445.025
2025-10-09 09:00:00+00:00,115.72,116.34,115.65,116.28,20038.258
2025-10-09 10:00:00+00:00,116.28,116.92,116.07,116.63,16712.111
2025-10-09 11:00:00+00:00,116.63,117.03,116.36,116.68,14601.373
2025-10-09 12:00:00+00:00,116.68,118.56,116.61,118.23,23054.619
2025-10-09 13:00:00+00:00,118.23,119.05,117.5,117.87,28198.175
2025-10-09 14:00:00+00:00,117.88,118.6,116.55,118.03,43990.731
2025-10-09 15:00:00+00:00,118.04,119.2,117.81,118.33,67368.324
2025-10-09 16:00:00+00:00,118.33,118.94,115.6,115.86,38718.839
2025-10-09 17:00:00+00:00,115.86,118.12,115.62,118.03,24068.497
2025-10-09 18:00:00+00:00,118.04,118.18,117.19,117.32,15969.647
2025-10-09 19:00:00+00:00,117.31,119.04,117.28,119.01,14939.79
2025-10-09 20:00:00+00:00,119.02,119.48,118.41,119.09,29342.46
2025-10-09 21:00:00+00:00,119.09,119.66,118.65,119.36,16448.78
2025-10-09 22:00:00+00:00,119.37,128.2,119.27,126.68,224072.283
2025-10-09 23:00:00+00:00,126.68,127.27,124.91,125.9,102141.143
2025-10-10 00:00:00+00:00,125.9,129.61,125.65,128.44,151922.591
2025-10-10 01:00:00+00:00,128.45,128.73,127.09,128.41,85122.877
2025-10-10 02:00:00+00:00,128.41,129.19,127.5,128.07,65034.656
2025-10-10 03:00:00+00:00,128.08,132.83,127.6,131.27,167127.907
2025-10-10 04:00:00+00:00,131.26,132.2,129.04,129.68,78232.578
2025-10-10 05:00:00+00:00,129.69,130.17,127.81,130.1,88996.916
2025-10-10 06:00:00+00:00,130.1,131.78,125.8,127.75,165724.273
2025-10-10 07:00:00+00:00,127.75,129.04,127.01,128.31,47897.694
2025-10-10 08:00:00+00:00,128.31,130.34,128.15,129.04,72855.27
2025-10-10 09:00:00+00:00,129.03,130.26,128.49,129.84,51855.76
2025-10-10 10:00:00+00:00,129.83,130.99,128.66,129.77,52495.915
2025-10-10 11:00:00+00:00,129.78,133.11,129.78,132.17,98012.586
2025-10-10 12:00:00+00:00,132.18,133.33,131.36,133.21,73644.193
2025-10-10 13:00:00+00:00,133.22,135.99,132.53,133.88,137017.827
2025-10-10 14:00:00+00:00,133.88,135.36,131.7,131.88,127810.607
2025-10-10 15:00:00+00:00,131.87,132.12,125.83,127.07,365670.299
2025-10-10 16:00:00+00:00,127.06,129.31,125.09,125.36,142957.979
2025-10-10 17:00:00+00:00,125.36,128.53,124.98,127.46,118013.413
2025-10-10 18:00:00+00:00,127.47,127.63,126.25,126.42,45445.371
2025-10-10 19:00:00+00:00,126.42,128.25,125.39,126.75,91822.213
2025-10-10 20:00:00+00:00,126.76,127.64,119.38,121.52,175509.114
2025-10-10 21:00:00+00:00,121.53,123.54,52.71,99.26,990760.255
2025-10-10 22:00:00+00:00,99.23,99.42,85.11,98.1,543571.525
2025-10-10 23:00:00+00:00,98.18,101.41,95.3,96.88,452321.337
2025-10-11 00:00:00+00:00,96.87,98.23,94.58,96.52,300875.463
2025-10-11 01:00:00+00:00,96.52,96.64,94.6,96.16,148558.888
2025-10-11 02:00:00+00:00,96.17,102.77,96.12,101.29,191930.896
2025-10-11 03:00:00+00:00,101.3,101.5,98.0,100.67,189938.567
2025-10-11 04:00:00+00:00,100.67,101.02,99.38,100.59,138918.966
2025-10-11 05:00:00+00:00,100.59,100.85,97.75,98.49,102955.424
2025-10-11 06:00:00+00:00,98.49,100.39,98.19,98.89,78727.382
2025-10-11 07:00:00+00:00,98.9,99.73,98.22,98.44,63529.112
2025-10-11 08:00:00+00:00,98.44,99.88,97.48,99.41,57043.992
2025-10-11 09:00:00+00:00,99.41,100.69,98.2,98.28,138941.334
2025-10-11 10:00:00+00:00,98.28,99.0,97.88,98.49,68985.886
2025-10-11 11:00:00+00:00,98.49,98.65,97.28,98.1,54244.461
2025-10-11 12:00:00+00:00,98.09,98.18,96.4,97.37,46382.272
2025-10-11 13:00:00+00:00,97.38,97.7,95.44,96.42,92761.487
2025-10-11 14:00:00+00:00,96.43,96.49,95.18,96.03,143213.697
2025-10-11 15:00:00+00:00,96.03,97.49,95.89,96.01,95622.213
2025-10-11 16:00:00+00:00,96.01,96.84,95.44,96.14,42970.06
2025-10-11 17:00:00+00:00,96.13,97.5,96.09,97.48,40433.384
2025-10-11 18:00:00+00:00,97.48,97.97,97.16,97.17,34940.19
2025-10-11 19:00:00+00:00,97.17,97.18,93.15,93.74,103848.162
2025-10-11 20:00:00+00:00,93.73,94.04,91.13,91.66,97919.13
2025-10-11 21:00:00+00:00,91.66,93.66,90.05,93.56,82170.857
2025-10-11 22:00:00+00:00,93.56,94.28,93.07,93.93,43179.15
2025-10-11 23:00:00+00:00,93.93,94.28,93.11,93.34,34754.09
2025-10-12 00:00:00+00:00,93.35,93.56,91.61,91.73,36826.581
2025-10-12 01:00:00+00:00,91.73,93.65,91.7,92.35,60748.459
2025-10-12 02:00:00+00:00,92.34,93.65,91.83,92.59,30440.94
2025-10-12 03:00:00+00:00,92.58,94.31,92.47,93.76,36446.684
2025-10-12 04:00:00+00:00,93.76,94.8,93.52,94.48,27336.16
2025-10-12 05:00:00+00:00,94.48,94.7,93.89,94.36,20897.686
2025-10-12 06:00:00+00:00,94.37,96.07,94.31,95.94,33038.373
2025-10-12 07:00:00+00:00,95.93,96.6,95.03,95.29,48227.298
2025-10-12 08:00:00+00:00,95.28,95.9,95.15,95.58,33245.407
2025-10-12 09:00:00+00:00,95.58,95.6,93.98,94.93,45492.612
2025-10-12 10:00:00+00:00,94.93,95.87,94.85,95.52,30546.487
2025-10-12 11:00:00+00:00,95.53,95.99,95.13,95.57,25550.221
2025-10-12 12:00:00+00:00,95.57,96.22,95.42,95.98,28143.951
2025-10-12 13:00:00+00:00,95.98,96.61,94.51,94.91,48262.371
2025-10-12 14:00:00+00:00,94.92,98.0,94.12,96.41,97930.954
2025-10-12 15:00:00+00:00,96.42,99.0,96.21,98.18,171900.769
2025-10-12 16:00:00+00:00,98.19,99.97,97.71,99.08,124322.515
2025-10-12 17:00:00+00:00,99.08,99.8,98.41,99.41,85495.197
2025-10-12 18:00:00+00:00,99.4,99.84,98.55,99.01,50956.851
2025-10-12 19:00:00+00:00,99.01,101.05,98.91,100.83,43700.153
2025-10-12 20:00:00+00:00,100.84,102.16,100.58,100.69,65138.11
2025-10-12 21:00:00+00:00,100.69,101.27,98.63,99.43,53464.097
2025-10-12 22:00:00+00:00,99.44,100.26,98.37,98.84,42307.996
2025-10-12 23:00:00+00:00,98.83,99.03,98.04,98.98,23962.824
2025-10-13 00:00:00+00:00,98.97,99.44,97.85,98.25,36989.506
2025-10-13 01:00:00+00:00,98.24,99.72,97.65,99.41,48504.874
2025-10-13 02:00:00+00:00,99.42,99.68,98.37,98.86,36058.392
2025-10-13 03:00:00+00:00,98.86,100.11,98.71,99.01,40842.422
2025-10-13 04:00:00+00:00,99.02,99.16,97.75,98.51,35449.888
2025-10-13 05:00:00+00:00,98.5,98.59,95.79,96.66,96771.584
2025-10-13 06:00:00+00:00,96.65,97.79,96.06,97.32,66689.863
2025-10-13 07:00:00+00:00,97.33,98.09,96.7,97.38,72933.373
2025-10-13 08:00:00+00:00,97.37,98.7,97.04,98.19,54794.127
2025-10-13 09:00:00+00:00,98.19,98.53,97.33,98.45,39496.298
2025-10-13 10:00:00+00:00,98.46,98.62,97.67,97.92,53744.348
2025-10-13 11:00:00+00:00,97.91,98.04,94.81,96.29,113026.691
2025-10-13 12:00:00+00:00,96.28,97.7,95.61,96.72,49714.738
2025-10-13 13:00:00+00:00,96.71,98.8,96.58,98.23,103894.859
2025-10-13 14:00:00+00:00,98.22,98.43,95.66,96.07,76029.474
2025-10-13 15:00:00+00:00,96.07,98.04,96.04,97.87,63393.581
2025-10-13 16:00:00+00:00,97.87,98.55,97.23,98.27,55899.408
2025-10-13 17:00:00+00:00,98.28,99.79,98.23,99.73,48031.449
2025-10-13 18:00:00+00:00,99.72,100.05,99.12,99.23,59178.551
2025-10-13 19:00:00+00:00,99.22,100.45,98.83,100.22,36841.744
2025-10-13 20:00:00+00:00,100.23,101.25,99.84,101.2,32368.537
2025-10-13 21:00:00+00:00,101.2,101.34,99.73,100.26,30998.9
2025-10-13 22:00:00+00:00,100.26,100.87,99.81,100.14,45486.617
2025-10-13 23:00:00+00:00,100.13,100.3,99.11,99.45,28717.676
2025-10-14 00:00:00+00:00,99.46,100.55,98.87,100.21,22782.821
2025-10-14 01:00:00+00:00,100.2,100.45,98.82,98.99,27940.172
2025-10-14 02:00:00+00:00,98.99,100.01,98.2,99.12,63396.474
2025-10-14 03:00:00+00:00,99.12,99.25,97.79,98.2,25299.895
2025-10-14 04:00:00+00:00,98.2,98.38,96.28,96.75,41540.85
2025-10-14 05:00:00+00:00,96.75,98.0,95.12,95.57,61192.717
2025-10-14 06:00:00+00:00,95.57,96.03,91.85,93.7,104961.002
2025-10-14 07:00:00+00:00,93.69,94.38,92.8,93.69,61613.371
2025-10-14 08:00:00+00:00,93.68,94.61,92.95,94.32,41417.4
2025-10-14 09:00:00+00:00,94.31,95.0,93.64,94.05,35445.507
2025-10-14 10:00:00+00:00,94.05,94.09,91.85,92.93,78532.416
2025-10-14 11:00:00+00:00,92.94,94.22,92.88,93.25,35855.484
2025-10-14 12:00:00+00:00,93.25,93.28,91.75,92.17,68909.146
2025-10-14 13:00:00+00:00,92.16,93.3,91.12,92.99,95083.924
2025-10-14 14:00:00+00:00,92.98,94.67,92.72,93.69,62688.676
2025-10-14 15:00:00+00:00,93.69,95.71,93.28,95.58,50015.518
2025-10-14 16:00:00+00:00,95.59,96.32,94.87,95.31,78294.01
2025-10-14 17:00:00+00:00,95.3,96.8,94.09,96.51,63752.333
2025-10-14 18:00:00+00:00,96.52,97.32,96.34,97.27,55081.49
2025-10-14 19:00:00+00:00,97.27,98.23,96.1,98.13,112416.039
2025-10-14 20:00:00+00:00,98.13,98.33,97.48,98.03,35509.242
2025-10-14 21:00:00+00:00,98.04,98.11,97.17,97.84,18460.165
2025-10-14 22:00:00+00:00,97.85,98.5,97.57,97.65,27044.823
2025-10-14 23:00:00+00:00,97.64,98.05,97.23,97.33,18361.279
2025-10-15 00:00:00+00:00,97.33,97.57,96.6,97.55,33355.194
2025-10-15 01:00:00+00:00,97.54,97.85,96.49,96.98,24119.986
2025-10-15 02:00:00+00:00,96.98,98.36,96.96,97.96,23730.293
2025-10-15 03:00:00+00:00,97.97,98.06,96.8,97.18,24278.932
2025-10-15 04:00:00+00:00,97.18,97.95,96.75,97.66,23401.733
2025-10-15 05:00:00+00:00,97.66,98.35,97.66,98.23,29452.08
2025-10-15 06:00:00+00:00,98.22,98.68,97.24,98.33,21914.427
2025-10-15 07:00:00+00:00,98.32,98.53,97.8,98.16,11205.479
2025-10-15 08:00:00+00:00,98.16,99.97,98.13,98.73,47379.256
2025-10-15 09:00:00+00:00,98.74,98.89,97.43,97.75,29153.13
2025-10-15 10:00:00+00:00,97.76,98.08,97.43,97.72,18097.668
2025-10-15 11:00:00+00:00,97.71,97.91,96.79,97.06,27258.638
2025-10-15 12:00:00+00:00,97.05,97.23,96.47,97.03,25791.559
2025-10-15 13:00:00+00:00,97.03,97.9,95.41,96.65,56268.977
2025-10-15 14:00:00+00:00,96.65,97.44,95.53,95.94,34914.886
2025-10-15 15:00:00+00:00,95.94,96.35,94.2,94.7,54098.258
2025-10-15 16:00:00+00:00,94.7,94.93,94.03,94.12,32538.863
2025-10-15 17:00:00+00:00,94.13,94.62,93.36,94.61,40466.624
2025-10-15 18:00:00+00:00,94.61,95.4,94.3,95.33,18997.281
2025-10-15 19:00:00+00:00,95.33,95.33,94.19,94.45,11056.342
2025-10-15 20:00:00+00:00,94.46,95.1,93.38,94.21,31352.527
2025-10-15 21:00:00+00:00,94.2,94.92,93.57,94.06,19774.115
2025-10-15 22:00:00+00:00,94.06,95.03,94.05,94.45,14696.936
2025-10-15 23:00:00+00:00,94.44,95.54,94.43,95.5,21287.269
2025-10-16 00:00:00+00:00,95.5,95.66,94.89,95.13,19344.107
2025-10-16 01:00:00+00:00,95.12,96.34,95.07,96.03,20753.283
2025-10-16 02:00:00+00:00,96.04,96.38,95.44,95.94,14044.289
2025-10-16 03:00:00+00:00,95.94,95.97,94.53,94.81,36798.933
2025-10-16 04:00:00+00:00,94.81,95.25,94.37,94.46,17900.262
2025-10-16 05:00:00+00:00,94.46,94.79,93.84,94.43,31178.465
2025-10-16 06:00:00+00:00,94.44,95.58,94.34,95.5,13374.739
2025-10-16 07:00:00+00:00,95.5,95.56,94.59,94.85,16418.458
2025-10-16 08:00:00+00:00,94.85,94.96,93.98,94.18,16396.662
2025-10-16 09:00:00+00:00,94.19,95.35,92.06,95.06,74805.425
2025-10-16 10:00:00+00:00,95.06,96.23,94.83,95.39,28888.285
2025-10-16 11:00:00+00:00,95.39,96.04,94.92,96.04,19830.735
2025-10-16 12:00:00+00:00,96.04,96.96,95.7,96.18,49560.836
2025-10-16 13:00:00+00:00,96.19,96.33,95.24,95.55,25951.704
2025-10-16 14:00:00+00:00,95.55,96.11,94.14,94.81,46274.907
2025-10-16 15:00:00+00:00,94.81,95.05,91.64,91.77,96119.89
2025-10-16 16:00:00+00:00,91.77,93.22,90.59,93.18,97744.934
2025-10-16 17:00:00+00:00,93.18,93.21,91.57,91.81,30320.647
2025-10-16 18:00:00+00:00,91.81,92.04,90.88,91.78,45090.745
2025-10-16 19:00:00+00:00,91.78,91.9,89.59,90.54,59756.476
2025-10-16 20:00:00+00:00,90.54,91.01,89.8,90.15,33974.303
2025-10-16 21:00:00+00:00,90.14,91.4,89.94,91.38,21744.347
2025-10-16 22:00:00+00:00,91.38,91.48,90.76,90.79,13644.865
2025-10-16 23:00:00+00:00,90.78,91.85,90.68,91.79,16226.353
2025-10-17 00:00:00+00:00,91.79,92.49,91.51,92.34,29871.9
2025-10-17 01:00:00+00:00,92.34,93.14,91.82,92.2,14953.99
2025-10-17 02:00:00+00:00,92.21,92.48,91.59,92.24,10624.166
2025-10-17 03:00:00+00:00,92.23,92.48,91.81,92.11,6667.076
2025-10-17 04:00:00+00:00,92.12,92.16,91.79,91.9,9723.782
2025-10-17 05:00:00+00:00,91.9,92.06,91.22,91.35,12635.476
2025-10-17 06:00:00+00:00,91.36,91.7,88.15,88.58,82000.79
2025-10-17 07:00:00+00:00,88.59,88.8,84.32,85.21,220978.586
2025-10-17 08:00:00+00:00,85.21,86.09,83.36,84.9,146105.676
2025-10-17 09:00:00+00:00,84.9,87.01,84.8,85.61,56869.015
2025-10-17 10:00:00+00:00,85.6,86.04,84.29,85.79,52036.577
2025-10-17 11:00:00+00:00,85.8,88.12,85.67,87.65,70208.387
2025-10-17 12:00:00+00:00,87.65,88.52,87.52,88.29,32700.761
2025-10-17 13:00:00+00:00,88.3,89.36,87.64,88.97,58858.299
2025-10-17 14:00:00+00:00,88.97,89.28,87.45,88.54,36048.63
2025-10-17 15:00:00+00:00,88.54,90.0,88.46,89.98,43615.379
2025-10-17 16:00:00+00:00,89.98,90.92,89.46,90.44,53828.866
2025-10-17 17:00:00+00:00,90.43,90.58,89.71,90.32,31773.81
2025-10-17 18:00:00+00:00,90.32,90.99,90.32,90.69,27098.491
2025-10-17 19:00:00+00:00,90.7,91.18,90.16,90.59,20677.834
2025-10-17 20:00:00+00:00,90.6,91.48,90.41,91.08,26031.397
2025-10-17 21:00:00+00:00,91.09,91.85,90.9,90.99,31115.115
2025-10-17 22:00:00+00:00,91.0,91.29,90.29,90.56,16075.02
2025-10-17 23:00:00+00:00,90.57,90.58,89.98,90.12,8556.838
2025-10-18 00:00:00+00:00,90.11,90.59,89.96,90.51,25995.725
2025-10-18 01:00:00+00:00,90.51,90.98,90.42,90.9,15949.68
2025-10-18 02:00:00+00:00,90.91,91.36,90.35,90.6,24419.96
2025-10-18 03:00:00+00:00,90.59,91.0,90.43,90.5,9463.828
2025-10-18 04:00:00+00:00,90.5,90.6,89.88,90.17,19381.699
2025-10-18 05:00:00+00:00,90.18,90.82,90.17,90.71,10086.365
2025-10-18 06:00:00+00:00,90.71,91.01,90.47,90.8,10884.29
2025-10-18 07:00:00+00:00,90.81,91.9,90.8,90.96,16124.659
2025-10-18 08:00:00+00:00,90.95,91.25,90.65,90.73,8946.476
2025-10-18 09:00:00+00:00,90.74,91.5,90.71,91.31,17249.356
2025-10-18 10:00:00+00:00,91.31,91.57,90.93,91.32,20701.365
2025-10-18 11:00:00+00:00,91.33,91.65,91.0,91.45,18689.231
2025-10-18 12:00:00+00:00,91.45,91.56,90.79,90.85,10392.084
2025-10-18 13:00:00+00:00,90.86,90.86,90.18,90.29,14334.114
2025-10-18 14:00:00+00:00,90.29,90.87,90.0,90.68,9214.461
2025-10-18 15:00:00+00:00,90.68,91.19,90.53,91.1,7181.016
2025-10-18 16:00:00+00:00,91.1,91.34,90.44,91.05,12238.51
2025-10-18 17:00:00+00:00,91.05,91.86,90.77,91.78,11662.067
2025-10-18 18:00:00+00:00,91.79,91.93,91.54,91.76,7555.739
2025-10-18 19:00:00+00:00,91.75,92.24,91.62,91.95,15849.283
2025-10-18 20:00:00+00:00,91.96,92.21,91.85,91.86,13414.084
2025-10-18 21:00:00+00:00,91.86,92.05,91.65,91.86,8782.086
2025-10-18 22:00:00+00:00,91.85,92.01,91.58,91.6,6516.696
2025-10-18 23:00:00+00:00,91.58,91.72,91.45,91.69,7047.56
2025-10-19 00:00:00+00:00,91.69,91.74,90.75,91.05,13201.682
2025-10-19 01:00:00+00:00,91.04,91.26,90.79,91.07,5480.711
2025-10-19 02:00:00+00:00,91.07,91.84,91.04,91.57,12280.28
2025-10-19 03:00:00+00:00,91.57,92.59,91.42,92.23,17123.481
2025-10-19 04:00:00+00:00,92.23,92.25,91.76,91.92,7077.959
2025-10-19 05:00:00+00:00,91.92,92.45,91.76,92.42,9872.007
2025-10-19 06:00:00+00:00,92.42,92.63,91.81,92.01,17987.983
2025-10-19 07:00:00+00:00,92.01,92.05,91.69,91.89,9613.477
2025-10-19 08:00:00+00:00,91.89,92.6,91.01,91.22,25532.915
2025-10-19 09:00:00+00:00,91.22,92.8,90.72,92.26,28776.883
2025-10-19 10:00:00+00:00,92.26,93.49,92.02,93.23,27440.414
2025-10-19 11:00:00+00:00,93.22,93.79,93.21,93.41,15040.273
2025-10-19 12:00:00+00:00,93.42,93.64,93.05,93.61,12949.045
2025-10-19 13:00:00+00:00,93.6,94.52,92.88,94.27,20924.499
2025-10-19 14:00:00+00:00,94.28,94.66,93.77,94.42,22212.679
2025-10-19 15:00:00+00:00,94.42,94.48,93.97,94.14,10183.584
2025-10-19 16:00:00+00:00,94.14,94.36,93.68,94.03,9482.863
2025-10-19 17:00:00+00:00,94.04,94.78,93.76,93.85,29659.51
2025-10-19 18:00:00+00:00,93.85,94.36,93.82,94.29,22048.703
2025-10-19 19:00:00+00:00,94.28,94.32,93.98,94.15,8415.162
2025-10-19 20:00:00+00:00,94.15,94.3,94.02,94.26,5558.766
2025-10-19 21:00:00+00:00,94.27,94.3,93.6,93.8,8662.84
2025-10-19 22:00:00+00:00,93.8,94.38,93.79,94.06,8375.081
2025-10-19 23:00:00+00:00,94.06,94.08,93.16,93.33,8811.886
2025-10-20 00:00:00+00:00,93.33,93.33,92.24,93.12,16495.947
2025-10-20 01:00:00+00:00,93.12,93.53,92.8,93.0,10491.264
2025-10-20 02:00:00+00:00,92.99,93.58,92.54,93.37,10024.035
2025-10-20 03:00:00+00:00,93.37,94.82,92.96,94.62,18224.677
2025-10-20 04:00:00+00:00,94.63,94.95,94.38,94.69,19633.321
2025-10-20 05:00:00+00:00,94.7,95.35,94.53,95.27,18298.973
2025-10-20 06:00:00+00:00,95.28,95.79,95.14,95.57,24830.973
2025-10-20 07:00:00+00:00,95.58,95.58,94.85,95.1,20722.281
2025-10-20 08:00:00+00:00,95.1,95.43,94.73,94.79,11661.33
2025-10-20 09:00:00+00:00,94.79,94.92,94.4,94.64,12638.468
2025-10-20 10:00:00+00:00,94.65,95.07,94.21,94.61,20065.305
2025-10-20 11:00:00+00:00,94.61,94.62,94.12,94.55,14910.861
2025-10-20 12:00:00+00:00,94.55,94.88,94.31,94.78,10391.507
2025-10-20 13:00:00+00:00,94.79,95.5,94.56,95.33,15657.864
2025-10-20 14:00:00+00:00,95.33,95.62,94.79,95.48,15715.408
2025-10-20 15:00:00+00:00,95.49,95.74,94.85,94.85,14034.147
2025-10-20 16:00:00+00:00,94.85,94.9,93.37,94.5,36955.767
2025-10-20 17:00:00+00:00,94.5,94.9,93.75,94.34,20420.034
2025-10-20 18:00:00+00:00,94.34,94.84,94.13,94.81,11252.666
2025-10-20 19:00:00+00:00,94.81,95.54,94.5,95.29,10766.755
2025-10-20 20:00:00+00:00,95.29,95.4,94.92,95.15,13849.845
2025-10-20 21:00:00+00:00,95.15,95.23,94.56,94.72,15153.921
2025-10-20 22:00:00+00:00,94.71,95.24,94.57,94.92,7514.793
2025-10-20 23:00:00+00:00,94.93,94.94,93.97,94.01,11766.594
2025-10-21 00:00:00+00:00,94.0,94.08,93.25,93.47,11131.722
2025-10-21 01:00:00+00:00,93.47,93.82,92.98,93.4,11372.321
2025-10-21 02:00:00+00:00,93.4,93.47,92.78,92.97,8818.635
2025-10-21 03:00:00+00:00,92.97,93.82,92.8,92.93,19365.171
2025-10-21 04:00:00+00:00,92.92,92.98,91.62,91.86,40394.778
2025-10-21 05:00:00+00:00,91.87,92.52,91.77,92.52,12539.679
2025-10-21 06:00:00+00:00,92.52,93.01,92.13,92.79,13781.814
2025-10-21 07:00:00+00:00,92.78,93.41,92.54,93.03,22319.087
2025-10-21 08:00:00+00:00,93.03,93.03,91.97,92.15,16372.187
2025-10-21 09:00:00+00:00,92.15,92.17,91.75,92.06,16782.514
2025-10-21 10:00:00+00:00,92.06,92.9,91.82,92.72,18896.291
2025-10-21 11:00:00+00:00,92.71,92.99,92.41,92.9,10587.638
2025-10-21 12:00:00+00:00,92.9,93.91,92.7,92.96,16058.373
2025-10-21 13:00:00+00:00,92.97,93.5,92.4,93.05,17055.163
2025-10-21 14:00:00+00:00,93.06,95.59,93.0,95.44,43933.331
2025-10-21 15:00:00+00:00,95.45,96.76,95.06,96.27,56560.814
2025-10-21 16:00:00+00:00,96.27,96.76,95.41,95.68,51507.611
2025-10-21 17:00:00+00:00,95.69,96.94,94.95,96.35,55927.17
2025-10-21 18:00:00+00:00,96.35,96.92,95.87,96.46,26670.293
2025-10-21 19:00:00+00:00,96.45,96.82,96.07,96.08,16490.58
2025-10-21 20:00:00+00:00,96.09,96.15,94.97,95.67,19021.762
2025-10-21 21:00:00+00:00,95.66,95.84,94.35,95.58,24735.984
2025-10-21 22:00:00+00:00,95.57,95.92,94.15,94.46,30059.691
2025-10-21 23:00:00+00:00,94.46,94.84,92.37,92.46,36684.056
2025-10-22 00:00:00+00:00,92.45,92.88,91.95,92.39,40827.024
2025-10-22 01:00:00+00:00,92.4,92.86,92.22,92.78,27084.56
2025-10-22 02:00:00+00:00,92.79,93.27,92.71,93.03,13139.274
2025-10-22 03:00:00+00:00,93.03,93.04,92.45,92.95,9848.855
2025-10-22 04:00:00+00:00,92.94,93.49,92.87,93.15,13150.986
2025-10-22 05:00:00+00:00,93.14,93.14,91.96,92.67,18582.592
2025-10-22 06:00:00+00:00,92.67,92.81,92.45,92.51,10910.722
2025-10-22 07:00:00+00:00,92.51,93.28,92.25,93.17,12402.7
2025-10-22 08:00:00+00:00,93.16,93.16,92.33,92.4,10101.012
2025-10-22 09:00:00+00:00,92.4,92.48,91.79,92.08,20139.66
2025-10-22 10:00:00+00:00,92.08,92.28,91.72,91.84,18761.072
2025-10-22 11:00:00+00:00,91.85,92.9,90.93,92.29,42054.11
2025-10-22 12:00:00+00:00,92.28,92.96,92.08,92.88,21026.804
2025-10-22 13:00:00+00:00,92.89,93.72,92.62,93.51,24243.704
2025-10-22 14:00:00+00:00,93.5,93.61,91.87,93.46,37527.82
2025-10-22 15:00:00+00:00,93.47,93.65,92.07,92.91,21971.608
2025-10-22 16:00:00+00:00,92.91,94.48,92.21,94.35,44807.908
2025-10-22 17:00:00+00:00,94.34,94.51,93.35,93.59,40863.416
2025-10-22 18:00:00+00:00,93.59,94.49,93.35,94.09,16896.121
2025-10-22 19:00:00+00:00,94.1,94.97,93.18,93.84,24881.733
2025-10-22 20:00:00+00:00,93.85,94.03,92.38,92.61,22325.648
2025-10-22 21:00:00+00:00,92.61,92.61,89.91,90.79,72725.076
2025-10-22 22:00:00+00:00,90.79,91.32,90.37,90.87,26305.134
2025-10-22 23:00:00+00:00,90.86,92.37,90.81,91.88,22550.621
2025-10-23 00:00:00+00:00,91.88,92.61,91.79,92.48,8644.493
2025-10-23 01:00:00+00:00,92.48,92.82,92.17,92.35,12524.679
2025-10-23 02:00:00+00:00,92.36,92.45,92.09,92.32,8526.929
2025-10-23 03:00:00+00:00,92.33,92.95,92.33,92.59,6970.312
2025-10-23 04:00:00+00:00,92.6,92.72,92.15,92.19,19142.058
2025-10-23 05:00:00+00:00,92.2,92.81,92.13,92.79,8977.44
2025-10-23 06:00:00+00:00,92.79,94.0,92.68,93.83,24179.708
2025-10-23 07:00:00+00:00,93.83,93.85,93.03,93.32,9296.274
2025-10-23 08:00:00+00:00,93.32,93.86,93.32,93.58,12446.081
2025-10-23 09:00:00+00:00,93.58,93.65,93.2,93.32,9950.736
2025-10-23 10:00:00+00:00,93.32,93.79,93.25,93.64,19674.452
2025-10-23 11:00:00+00:00,93.64,93.99,93.15,93.29,28280.192
2025-10-23 12:00:00+00:00,93.29,93.5,92.57,93.26,16199.201
2025-10-23 13:00:00+00:00,93.26,93.85,92.86,93.53,19892.041
2025-10-23 14:00:00+00:00,93.54,93.86,92.89,93.53,20213.989
2025-10-23 15:00:00+00:00,93.53,94.49,93.32,94.04,23378.868
2025-10-23 16:00:00+00:00,94.04,94.61,93.59,94.47,13725.487
2025-10-23 17:00:00+00:00,94.47,94.79,93.59,94.61,19521.974
2025-10-23 18:00:00+00:00,94.61,94.66,93.79,93.94,15548.872
2025-10-23 19:00:00+00:00,93.94,93.97,93.52,93.87,6529.294
2025-10-23 20:00:00+00:00,93.87,93.93,92.9,93.25,11866.404
2025-10-23 21:00:00+00:00,93.25,93.6,93.15,93.46,8078.001
2025-10-23 22:00:00+00:00,93.46,93.88,93.42,93.76,6217.332
2025-10-23 23:00:00+00:00,93.76,94.06,93.69,94.04,8307.769
2025-10-24 00:00:00+00:00,94.04,94.57,93.93,94.45,15415.682
2025-10-24 01:00:00+00:00,94.45,94.91,94.15,94.89,7015.942
2025-10-24 02:00:00+00:00,94.89,95.3,94.78,95.15,22474.596
2025-10-24 03:00:00+00:00,95.15,95.27,94.45,94.77,14282.525
2025-10-24 04:00:00+00:00,94.77,95.37,94.48,95.25,13509.9
2025-10-24 05:00:00+00:00,95.26,95.78,95.0,95.63,21828.963
2025-10-24 06:00:00+00:00,95.63,96.05,95.55,96.02,15720.674
2025-10-24 07:00:00+00:00,96.02,96.13,95.44,96.08,20035.935
2025-10-24 08:00:00+00:00,96.07,96.68,95.89,96.38,23598.243
2025-10-24 09:00:00+00:00,96.37,96.37,95.61,95.71,12109.43
2025-10-24 10:00:00+00:00,95.71,95.71,95.32,95.38,15424.772
2025-10-24 11:00:00+00:00,95.38,96.28,95.12,96.18,27619.092
2025-10-24 12:00:00+00:00,96.18,97.45,95.98,96.45,49425.572
2025-10-24 13:00:00+00:00,96.45,96.49,95.75,96.26,29550.692
2025-10-24 14:00:00+00:00,96.25,96.27,94.87,95.37,32670.152
2025-10-24 15:00:00+00:00,95.37,95.8,95.0,95.2,27410.775
2025-10-24 16:00:00+00:00,95.21,95.59,94.93,95.58,12595.93
2025-10-24 17:00:00+00:00,95.58,95.94,95.39,95.72,16464.301
2025-10-24 18:00:00+00:00,95.71,96.04,95.66,95.76,8128.123
2025-10-24 19:00:00+00:00,95.76,96.35,95.74,96.18,11492.116
2025-10-24 20:00:00+00:00,96.19,96.92,96.09,96.78,12633.606
2025-10-24 21:00:00+00:00,96.79,97.04,96.67,96.94,12915.189
2025-10-24 22:00:00+00:00,96.94,96.94,96.45,96.6,8615.43
2025-10-24 23:00:00+00:00,96.61,96.61,96.27,96.45,6066.1
2025-10-25 00:00:00+00:00,96.44,96.74,96.13,96.47,11183.095
2025-10-25 01:00:00+00:00,96.47,96.97,96.36,96.57,8979.789
2025-10-25 02:00:00+00:00,96.55,96.62,96.2,96.24,4822.459
2025-10-25 03:00:00+00:00,96.23,96.39,96.07,96.11,7829.307
2025-10-25 04:00:00+00:00,96.11,96.57,96.08,96.26,4747.1
2025-10-25 05:00:00+00:00,96.26,96.26,95.88,96.17,5070.678
2025-10-25 06:00:00+00:00,96.17,96.3,95.94,96.1,6402.994
2025-10-25 07:00:00+00:00,96.11,96.99,96.07,96.55,9993.071
2025-10-25 08:00:00+00:00,96.56,96.59,96.29,96.38,4349.035
2025-10-25 09:00:00+00:00,96.38,96.48,95.82,95.92,6760.746
2025-10-25 10:00:00+00:00,95.93,96.36,95.67,96.18,10081.93
2025-10-25 11:00:00+00:00,96.18,96.45,96.06,96.25,4874.809
2025-10-25 12:00:00+00:00,96.24,96.46,96.14,96.4,6118.536
2025-10-25 13:00:00+00:00,96.4,96.44,95.97,96.26,4798.501
2025-10-25 14:00:00+00:00,96.26,96.48,96.05,96.46,7511.022
2025-10-25 15:00:00+00:00,96.46,96.46,96.0,96.12,10200.971
2025-10-25 16:00:00+00:00,96.11,96.3,96.0,96.2,13183.663
2025-10-25 17:00:00+00:00,96.19,96.48,96.11,96.39,4728.264
2025-10-25 18:00:00+00:00,96.39,96.92,96.19,96.89,8162.516
2025-10-25 19:00:00+00:00,96.89,97.07,96.78,96.96,8703.384
2025-10-25 20:00:00+00:00,96.97,97.06,96.65,96.84,8513.71
2025-10-25 21:00:00+00:00,96.83,96.91,96.48,96.8,7723.804
2025-10-25 22:00:00+00:00,96.81,97.05,96.56,96.91,6424.042
2025-10-25 23:00:00+00:00,96.91,97.05,96.76,96.97,7634.505
2025-10-26 00:00:00+00:00,96.96,97.06,96.78,96.88,5491.901
2025-10-26 01:00:00+00:00,96.87,96.97,96.53,96.67,6936.09
2025-10-26 02:00:00+00:00,96.66,96.73,96.37,96.56,5682.932
2025-10-26 03:00:00+00:00,96.57,96.73,96.38,96.46,2932.389
2025-10-26 04:00:00+00:00,96.46,96.72,96.34,96.7,3531.934
2025-10-26 05:00:00+00:00,96.7,97.0,96.57,96.85,4805.058
2025-10-26 06:00:00+00:00,96.85,97.23,96.73,97.22,7724.043
2025-10-26 07:00:00+00:00,97.23,97.64,97.18,97.45,10339.237
2025-10-26 08:00:00+00:00,97.44,97.88,97.43,97.67,12979.891
2025-10-26 09:00:00+00:00,97.68,98.57,97.51,98.43,24715.089
2025-10-26 10:00:00+00:00,98.43,98.51,97.85,98.0,9047.129
2025-10-26 11:00:00+00:00,98.01,98.78,97.75,98.65,16648.463
2025-10-26 12:00:00+00:00,98.65,99.65,98.52,99.51,44599.893
2025-10-26 13:00:00+00:00,99.52,99.6,99.08,99.24,19345.311
2025-10-26 14:00:00+00:00,99.23,99.26,98.62,98.77,22756.101
2025-10-26 15:00:00+00:00,98.77,99.31,98.62,99.23,12371.963
2025-10-26 16:00:00+00:00,99.22,99.54,98.91,99.12,15279.935
2025-10-26 17:00:00+00:00,99.11,99.39,98.89,99.1,9663.581
2025-10-26 18:00:00+00:00,99.1,99.31,98.97,99.19,8332.094
2025-10-26 19:00:00+00:00,99.19,99.25,98.9,99.25,15604.915
2025-10-26 20:00:00+00:00,99.25,99.25,98.7,98.94,9978.61
2025-10-26 21:00:00+00:00,98.95,99.61,98.88,99.43,9927.552
2025-10-26 22:00:00+00:00,99.44,101.02,99.44,100.34,37720.274
2025-10-26 23:00:00+00:00,100.35,100.64,99.81,100.02,20900.732
2025-10-27 00:00:00+00:00,100.02,100.68,99.89,100.16,12981.795
2025-10-27 01:00:00+00:00,100.15,100.66,100.02,100.54,13528.933
2025-10-27 02:00:00+00:00,100.54,100.9,100.15,100.43,14770.313
2025-10-27 03:00:00+00:00,100.42,100.51,99.9,100.03,12415.343
2025-10-27 04:00:00+00:00,100.03,100.57,99.91,100.48,9732.927
2025-10-27 05:00:00+00:00,100.49,100.85,100.4,100.47,17273.165
2025-10-27 06:00:00+00:00,100.47,101.23,100.14,100.9,45192.43
2025-10-27 07:00:00+00:00,100.89,100.89,99.26,99.78,27902.099
2025-10-27 08:00:00+00:00,99.78,99.93,98.88,99.34,19922.827
2025-10-27 09:00:00+00:00,99.34,99.38,98.67,98.97,21377.689
2025-10-27 10:00:00+00:00,98.97,99.35,98.85,98.99,13734.107
2025-10-27 11:00:00+00:00,98.99,99.37,98.35,99.27,17798.888
2025-10-27 12:00:00+00:00,99.27,99.32,98.59,98.69,11416.666
2025-10-27 13:00:00+00:00,98.68,99.28,98.16,99.18,17038.87
2025-10-27 14:00:00+00:00,99.18,99.31,98.4,99.12,15676.575
2025-10-27 15:00:00+00:00,99.12,102.47,99.1,102.04,119457.165
2025-10-27 16:00:00+00:00,102.05,103.1,101.37,102.75,59466.634
2025-10-27 17:00:00+00:00,102.74,103.0,101.7,101.89,30445.9
2025-10-27 18:00:00+00:00,101.88,103.0,101.77,101.98,67653.301
2025-10-27 19:00:00+00:00,101.98,102.32,101.37,102.04,26707.17
2025-10-27 20:00:00+00:00,102.03,102.03,100.22,100.22,36790.257
2025-10-27 21:00:00+00:00,100.21,100.75,100.14,100.22,14800.855
2025-10-27 22:00:00+00:00,100.22,100.32,99.1,99.26,17487.015
2025-10-27 23:00:00+00:00,99.26,99.54,98.65,99.39,18207.754
2025-10-28 00:00:00+00:00,99.4,99.91,99.13,99.69,13701.329
2025-10-28 01:00:00+00:00,99.7,100.78,99.2,100.29,28227.409
2025-10-28 02:00:00+00:00,100.28,100.42,98.9,99.81,18586.11
2025-10-28 03:00:00+00:00,99.8,100.11,99.11,100.05,16813.876
2025-10-28 04:00:00+00:00,100.05,100.31,99.64,100.01,15149.556
2025-10-28 05:00:00+00:00,100.01,100.29,99.16,99.51,15202.545
2025-10-28 06:00:00+00:00,99.51,105.9,99.51,105.52,126615.066
2025-10-28 07:00:00+00:00,105.52,106.98,102.27,102.46,143879.144
2025-10-28 08:00:00+00:00,102.47,102.8,101.31,102.31,61405.654
2025-10-28 09:00:00+00:00,102.31,102.64,100.86,102.01,49590.599
2025-10-28 10:00:00+00:00,102.02,102.16,101.03,101.58,34257.564
2025-10-28 11:00:00+00:00,101.58,102.38,101.26,102.23,38211.191
2025-10-28 12:00:00+00:00,102.23,102.38,101.41,102.33,33890.003
2025-10-28 13:00:00+00:00,102.33,102.81,101.57,101.69,51328.077
2025-10-28 14:00:00+00:00,101.69,101.86,97.13,98.61,188015.421
2025-10-28 15:00:00+00:00,98.61,99.38,98.5,99.08,49624.353
2025-10-28 16:00:00+00:00,99.08,99.71,98.78,99.36,32063.084
2025-10-28 17:00:00+00:00,99.36,100.06,99.36,99.94,19338.215
2025-10-28 18:00:00+00:00,99.94,99.97,98.88,99.3,39370.452
2025-10-28 19:00:00+00:00,99.31,99.38,97.89,98.3,32475.473
2025-10-28 20:00:00+00:00,98.31,98.31,95.85,96.69,63530.591
2025-10-28 21:00:00+00:00,96.68,97.2,95.33,96.89,31945.232
2025-10-28 22:00:00+00:00,96.89,97.48,96.7,97.19,15129.771
2025-10-28 23:00:00+00:00,97.2,97.28,96.5,96.65,17716.831
2025-10-29 00:00:00+00:00,96.64,97.02,96.33,96.57,12137.236
2025-10-29 01:00:00+00:00,96.57,97.13,96.43,96.79,9928.636
2025-10-29 02:00:00+00:00,96.78,97.17,96.45,96.75,12889.089
2025-10-29 03:00:00+00:00,96.74,96.75,96.21,96.43,10308.875
2025-10-29 04:00:00+00:00,96.43,96.93,96.35,96.75,9925.115
2025-10-29 05:00:00+00:00,96.76,97.32,96.7,97.21,17197.785
2025-10-29 06:00:00+00:00,97.21,97.54,96.93,97.48,14416.102
2025-10-29 07:00:00+00:00,97.49,98.8,97.43,98.69,33499.441
2025-10-29 08:00:00+00:00,98.69,98.69,97.56,97.71,17603.536
2025-10-29 09:00:00+00:00,97.72,97.75,97.11,97.58,30304.794
2025-10-29 10:00:00+00:00,97.59,98.63,97.58,98.14,12654.871
2025-10-29 11:00:00+00:00,98.14,98.64,98.08,98.44,10655.288
2025-10-29 12:00:00+00:00,98.43,99.43,98.27,99.31,27166.012
2025-10-29 13:00:00+00:00,99.3,100.75,99.29,99.98,56295.322
2025-10-29 14:00:00+00:00,99.97,100.1,98.46,98.97,58559.411
2025-10-29 15:00:00+00:00,98.97,99.06,97.73,98.2,34587.468
2025-10-29 16:00:00+00:00,98.2,99.05,97.65,98.96,21564.165
2025-10-29 17:00:00+00:00,98.95,99.55,98.4,99.43,14700.97
2025-10-29 18:00:00+00:00,99.42,99.71,95.79,98.66,116363.82
2025-10-29 19:00:00+00:00,98.67,99.82,98.29,98.73,37431.098
2025-10-29 20:00:00+00:00,98.74,99.51,98.3,99.23,20159.945
2025-10-29 21:00:00+00:00,99.24,99.83,98.94,99.61,18464.612
2025-10-29 22:00:00+00:00,99.6,99.88,99.4,99.53,13212.564
2025-10-29 23:00:00+00:00,99.52,99.7,98.33,98.53,26722.039
2025-10-30 00:00:00+00:00,98.53,99.29,97.82,99.28,22368.228
2025-10-30 01:00:00+00:00,99.27,99.34,98.6,98.94,11190.539
2025-10-30 02:00:00+00:00,98.94,99.76,98.82,99.7,12084.647
2025-10-30 03:00:00+00:00,99.7,99.71,98.61,98.95,13522.487
2025-10-30 04:00:00+00:00,98.94,98.98,95.66,96.37,72071.958
2025-10-30 05:00:00+00:00,96.36,98.27,96.24,98.13,20797.506
2025-10-30 06:00:00+00:00,98.12,98.75,97.61,98.25,12491.107
2025-10-30 07:00:00+00:00,98.24,99.0,98.12,98.73,17708.052
2025-10-30 08:00:00+00:00,98.73,98.81,97.91,97.95,11142.73
2025-10-30 09:00:00+00:00,97.95,98.08,97.27,97.34,13758.431
2025-10-30 10:00:00+00:00,97.33,97.43,96.54,96.8,14800.403
2025-10-30 11:00:00+00:00,96.79,97.15,96.54,96.7,10799.395
2025-10-30 12:00:00+00:00,96.7,97.09,94.74,95.59,56015.015
2025-10-30 13:00:00+00:00,95.59,95.82,92.92,93.22,83840.979
2025-10-30 14:00:00+00:00,93.23,93.9,92.61,93.29,61449.879
2025-10-30 15:00:00+00:00,93.28,93.44,91.68,92.15,50640.95
2025-10-30 16:00:00+00:00,92.15,92.8,91.75,92.53,35119.77
2025-10-30 17:00:00+00:00,92.53,92.54,91.07,92.12,33521.422
2025-10-30 18:00:00+00:00,92.11,92.32,91.21,91.51,22196.559
2025-10-30 19:00:00+00:00,91.51,91.71,90.37,90.67,31136.75
2025-10-30 20:00:00+00:00,90.66,92.07,90.43,92.0,23027.986
2025-10-30 21:00:00+00:00,91.99,92.63,91.75,92.33,18275.213
2025-10-30 22:00:00+00:00,92.34,92.92,92.21,92.77,17700.407
2025-10-30 23:00:00+00:00,92.77,93.48,92.55,93.39,23630.477
2025-10-31 00:00:00+00:00,93.38,94.1,92.98,93.88,20967.241
2025-10-31 01:00:00+00:00,93.89,94.53,93.66,93.8,16642.448
2025-10-31 02:00:00+00:00,93.8,93.84,93.16,93.56,11440.494
2025-10-31 03:00:00+00:00,93.57,94.05,93.32,93.87,13931.573
2025-10-31 04:00:00+00:00,93.87,94.81,93.87,94.51,19263.229
2025-10-31 05:00:00+00:00,94.5,94.5,94.06,94.14,10714.993
2025-10-31 06:00:00+00:00,94.14,94.34,93.87,94.03,11605.449
2025-10-31 07:00:00+00:00,94.04,94.42,93.7,94.27,12470.222
2025-10-31 08:00:00+00:00,94.27,94.66,94.06,94.66,10174.764
2025-10-31 09:00:00+00:00,94.65,94.81,94.19,94.35,8640.647
2025-10-31 10:00:00+00:00,94.35,94.53,94.15,94.23,8127.48
2025-10-31 11:00:00+00:00,94.23,95.1,93.96,95.0,21865.015
2025-10-31 12:00:00+00:00,95.0,95.45,94.63,94.69,25262.369
2025-10-31 13:00:00+00:00,94.7,95.62,94.64,95.02,21564.841
2025-10-31 14:00:00+00:00,95.02,95.96,94.83,95.85,17992.64
2025-10-31 15:00:00+00:00,95.85,96.12,95.47,95.64,15459.031
2025-10-31 16:00:00+00:00,95.63,95.74,94.46,94.61,15113.76
2025-10-31 17:00:00+00:00,94.6,95.01,93.95,94.68,25763.365
2025-10-31 18:00:00+00:00,94.69,95.2,94.3,94.94,14372.402
2025-10-31 19:00:00+00:00,94.93,96.26,94.71,96.12,20989.449
2025-10-31 20:00:00+00:00,96.12,96.3,95.48,95.58,19215.753
2025-10-31 21:00:00+00:00,95.58,96.11,95.39,95.66,10166.795
2025-10-31 22:00:00+00:00,95.66,95.76,95.29,95.49,6588.568
2025-10-31 23:00:00+00:00,95.49,95.85,95.36,95.38,8696.595
2025-11-01 00:00:00+00:00,95.38,95.57,95.03,95.54,10063.394
2025-11-01 01:00:00+00:00,95.53,95.93,95.31,95.54,12095.18
2025-11-01 02:00:00+00:00,95.53,95.9,95.26,95.81,4010.507
2025-11-01 03:00:00+00:00,95.82,96.28,95.78,96.15,15294.85
2025-11-01 04:00:00+00:00,96.15,96.47,96.05,96.23,13509.305
2025-11-01 05:00:00+00:00,96.22,96.27,95.67,95.77,9971.903
2025-11-01 06:00:00+00:00,95.78,98.28,95.64,97.74,33102.827
2025-11-01 07:00:00+00:00,97.75,99.45,97.09,99.12,77917.918
2025-11-01 08:00:00+00:00,99.12,99.35,97.87,98.29,26506.704
2025-11-01 09:00:00+00:00,98.29,99.22,97.86,97.95,43126.753
2025-11-01 10:00:00+00:00,97.96,98.75,97.96,98.72,17872.294
2025-11-01 11:00:00+00:00,98.72,98.94,98.36,98.66,14409.613
2025-11-01 12:00:00+00:00,98.66,99.17,98.6,98.94,15650.897
2025-11-01 13:00:00+00:00,98.94,99.61,98.44,99.22,33276.044
2025-11-01 14:00:00+00:00,99.23,99.5,98.64,98.82,26664.723
2025-11-01 15:00:00+00:00,98.82,99.78,98.52,98.68,45782.597
2025-11-01 16:00:00+00:00,98.67,99.36,98.48,99.24,13476.213
2025-11-01 17:00:00+00:00,99.23,99.76,98.92,99.24,23111.258
2025-11-01 18:00:00+00:00,99.24,99.6,99.07,99.44,11599.135
2025-11-01 19:00:00+00:00,99.45,99.82,99.25,99.75,9709.365
2025-11-01 20:00:00+00:00,99.75,100.55,99.58,100.09,20208.997
2025-11-01 21:00:00+00:00,100.09,100.63,99.84,99.85,23851.638
2025-11-01 22:00:00+00:00,99.85,104.0,99.71,100.24,45430.664
2025-11-01 23:00:00+00:00,100.25,101.96,100.13,101.38,40142.631
2025-11-02 00:00:00+00:00,101.39,101.54,100.41,100.81,21072.71
2025-11-02 01:00:00+00:00,100.8,101.01,99.91,99.99,13755.533
2025-11-02 02:00:00+00:00,99.98,100.56,99.82,99.93,9267.121
2025-11-02 03:00:00+00:00,99.93,100.33,99.41,99.51,21891.921
2025-11-02 04:00:00+00:00,99.5,100.26,99.4,100.14,15479.387
2025-11-02 05:00:00+00:00,100.14,100.46,99.67,100.44,8263.112
2025-11-02 06:00:00+00:00,100.44,100.44,99.81,100.03,9521.123
2025-11-02 07:00:00+00:00,100.03,100.89,99.8,100.69,15209.604
2025-11-02 08:00:00+00:00,100.69,101.15,100.21,100.27,24631.859
2025-11-02 09:00:00+00:00,100.28,101.1,100.2,100.56,23283.751
2025-11-02 10:00:00+00:00,100.56,101.27,99.83,100.14,24227.722
2025-11-02 11:00:00+00:00,100.14,101.3,100.0,100.9,34626.976
2025-11-02 12:00:00+00:00,100.9,100.91,100.11,100.36,13211.937
2025-11-02 13:00:00+00:00,100.35,100.53,98.76,99.29,66920.01
2025-11-02 14:00:00+00:00,99.28,99.35,98.23,98.77,35518.56
2025-11-02 15:00:00+00:00,98.77,99.12,98.27,98.4,27978.271
2025-11-02 16:00:00+00:00,98.4,98.64,97.5,98.53,26194.215
2025-11-02 17:00:00+00:00,98.53,98.54,98.0,98.17,12334.708
2025-11-02 18:00:00+00:00,98.16,98.42,97.96,98.28,9952.171
2025-11-02 19:00:00+00:00,98.28,98.47,97.79,98.29,9282.822
2025-11-02 20:00:00+00:00,98.29,98.45,98.08,98.42,10896.491
2025-11-02 21:00:00+00:00,98.42,98.87,98.26,98.61,7838.567
2025-11-02 22:00:00+00:00,98.61,98.69,98.05,98.26,10635.0
2025-11-02 23:00:00+00:00,98.26,99.63,98.26,99.42,14129.302
2025-11-03 00:00:00+00:00,99.42,99.79,98.2,98.21,15863.561
2025-11-03 01:00:00+00:00,98.2,98.7,97.61,97.86,17425.853
2025-11-03 02:00:00+00:00,97.86,98.02,96.51,97.11,35095.908
2025-11-03 03:00:00+00:00,97.11,97.35,89.0,94.13,109610.703
2025-11-03 04:00:00+00:00,94.13,94.74,93.22,94.68,38857.296
2025-11-03 05:00:00+00:00,94.68,95.02,93.63,93.69,22746.23
2025-11-03 06:00:00+00:00,93.69,94.0,92.34,93.43,36386.514
2025-11-03 07:00:00+00:00,93.42,93.89,92.88,93.22,16062.008
2025-11-03 08:00:00+00:00,93.21,93.49,92.63,93.26,18309.685
2025-11-03 09:00:00+00:00,93.25,93.89,92.28,92.43,17146.899
2025-11-03 10:00:00+00:00,92.42,92.83,91.47,91.65,34551.364
2025-11-03 11:00:00+00:00,91.66,92.58,91.5,91.71,48700.332
2025-11-03 12:00:00+00:00,91.71,92.45,91.32,91.47,38567.554
2025-11-03 13:00:00+00:00,91.46,92.45,91.38,92.0,21563.288
2025-11-03 14:00:00+00:00,92.01,92.8,91.61,92.21,33379.423
2025-11-03 15:00:00+00:00,92.22,92.33,85.35,87.71,218731.477
2025-11-03 16:00:00+00:00,87.72,89.32,87.47,88.21,66710.361
2025-11-03 17:00:00+00:00,88.21,90.12,88.01,89.99,44208.501
2025-11-03 18:00:00+00:00,90.0,90.02,88.73,88.78,23326.684
2025-11-03 19:00:00+00:00,88.78,88.86,87.33,87.38,71875.942
2025-11-03 20:00:00+00:00,87.39,87.63,86.61,86.95,30133.766
2025-11-03 21:00:00+00:00,86.94,87.75,86.22,87.38,25997.864
2025-11-03 22:00:00+00:00,87.38,87.4,86.29,86.88,30953.527
2025-11-03 23:00:00+00:00,86.87,87.59,86.4,87.43,16479.573
2025-11-04 00:00:00+00:00,87.42,88.74,86.9,88.35,28779.26
2025-11-04 01:00:00+00:00,88.35,89.34,88.14,89.28,22993.422
2025-11-04 02:00:00+00:00,89.28,89.9,88.96,89.09,15291.566
2025-11-04 03:00:00+00:00,89.09,89.64,88.71,89.47,34778.323
2025-11-04 04:00:00+00:00,89.48,91.2,88.85,89.12,58121.238
2025-11-04 05:00:00+00:00,89.12,89.12,85.21,85.35,82446.812
2025-11-04 06:00:00+00:00,85.34,88.26,85.3,86.75,39479.184
2025-11-04 07:00:00+00:00,86.74,86.98,85.54,86.18,29314.823
2025-11-04 08:00:00+00:00,86.18,87.58,85.59,86.97,32989.915
2025-11-04 09:00:00+00:00,86.97,87.29,86.52,86.96,19066.591
2025-11-04 10:00:00+00:00,86.95,87.89,86.89,87.21,19756.043
2025-11-04 11:00:00+00:00,87.22,87.71,86.81,87.09,22116.907
2025-11-04 12:00:00+00:00,87.09,87.15,86.22,86.67,27204.232
2025-11-04 13:00:00+00:00,86.66,86.96,85.93,86.74,29175.738
2025-11-04 14:00:00+00:00,86.74,89.01,86.29,88.57,62701.499
2025-11-04 15:00:00+00:00,88.57,89.03,87.35,87.52,39416.49
2025-11-04 16:00:00+00:00,87.52,88.35,85.88,86.25,52062.236
2025-11-04 17:00:00+00:00,86.25,86.59,83.85,85.61,77276.537
2025-11-04 18:00:00+00:00,85.6,85.61,82.38,84.38,89147.755
2025-11-04 19:00:00+00:00,84.38,85.32,83.37,83.52,46257.191
2025-11-04 20:00:00+00:00,83.52,84.02,80.01,83.16,112676.538
2025-11-04 21:00:00+00:00,83.16,83.52,79.68,83.07,102953.165
2025-11-04 22:00:00+00:00,83.08,85.76,82.73,85.47,48475.625
2025-11-04 23:00:00+00:00,85.46,86.01,85.13,85.21,39261.808
2025-11-05 00:00:00+00:00,85.2,85.39,83.65,84.41,44222.131
2025-11-05 01:00:00+00:00,84.42,84.76,82.01,84.52,46619.818
2025-11-05 02:00:00+00:00,84.53,87.03,84.51,86.98,41105.711
2025-11-05 03:00:00+00:00,86.99,87.24,86.53,86.98,25950.737
2025-11-05 04:00:00+00:00,86.99,87.48,86.6,87.21,21663.929
2025-11-05 05:00:00+00:00,87.21,87.72,86.81,86.95,24719.208
2025-11-05 06:00:00+00:00,86.96,87.35,86.42,87.29,13217.842
2025-11-05 07:00:00+00:00,87.28,87.28,86.64,87.03,18190.803
2025-11-05 08:00:00+00:00,87.02,87.09,85.77,86.29,31333.43
2025-11-05 09:00:00+00:00,86.28,86.92,86.19,86.67,20584.041
2025-11-05 10:00:00+00:00,86.66,86.66,85.31,85.44,18739.465
2025-11-05 11:00:00+00:00,85.45,86.67,85.42,86.57,17428.026
2025-11-05 12:00:00+00:00,86.57,87.01,86.0,86.79,33751.946
2025-11-05 13:00:00+00:00,86.79,87.58,86.32,87.32,26730.671
2025-11-05 14:00:00+00:00,87.32,87.55,86.24,86.97,23743.388
2025-11-05 15:00:00+00:00,86.97,87.82,86.51,87.78,33834.882
2025-11-05 16:00:00+00:00,87.78,88.58,87.01,88.5,33977.194
2025-11-05 17:00:00+00:00,88.5,88.59,87.85,88.17,22632.545
2025-11-05 18:00:00+00:00,88.17,89.15,87.91,88.87,21770.978
2025-11-05 19:00:00+00:00,88.87,89.32,88.57,89.01,17570.808
2025-11-05 20:00:00+00:00,89.02,89.45,88.72,88.92,13815.406
2025-11-05 21:00:00+00:00,88.91,89.0,88.43,88.75,14606.043
2025-11-05 22:00:00+00:00,88.76,89.65,88.5,89.53,14415.729
2025-11-05 23:00:00+00:00,89.53,89.97,89.33,89.39,17321.962
2025-11-06 00:00:00+00:00,89.39,89.39,88.25,88.62,19530.096
2025-11-06 01:00:00+00:00,88.61,88.61,87.54,88.41,16397.15
2025-11-06 02:00:00+00:00,88.41,89.18,87.72,88.55,29300.812
2025-11-06 03:00:00+00:00,88.55,88.86,88.36,88.49,14655.87
2025-11-06 04:00:00+00:00,88.49,88.75,88.29,88.49,16493.126
2025-11-06 05:00:00+00:00,88.5,88.51,87.12,87.27,15503.988
2025-11-06 06:00:00+00:00,87.26,87.75,86.93,86.94,11641.973
2025-11-06 07:00:00+00:00,86.94,87.3,86.56,86.77,35473.705
2025-11-06 08:00:00+00:00,86.76,87.15,86.52,86.86,18338.243
2025-11-06 09:00:00+00:00,86.86,87.49,86.64,87.2,14581.997
2025-11-06 10:00:00+00:00,87.2,87.73,86.89,87.35,13929.482
2025-11-06 11:00:00+00:00,87.34,87.52,86.67,87.4,16858.817
2025-11-06 12:00:00+00:00,87.41,87.67,86.56,86.59,29468.687
2025-11-06 13:00:00+00:00,86.59,88.57,86.57,88.39,21531.852
2025-11-06 14:00:00+00:00,88.39,88.44,86.82,86.99,27666.632
2025-11-06 15:00:00+00:00,86.99,88.06,86.18,86.63,37954.122
2025-11-06 16:00:00+00:00,86.62,87.25,85.3,86.28,34881.582
2025-11-06 17:00:00+00:00,86.28,87.65,86.13,87.58,28063.756
2025-11-06 18:00:00+00:00,87.58,88.15,86.48,87.76,21538.862
2025-11-06 19:00:00+00:00,87.76,87.9,87.01,87.47,15799.6
2025-11-06 20:00:00+00:00,87.48,87.92,86.63,86.81,18923.452
2025-11-06 21:00:00+00:00,86.81,87.5,86.55,87.26,12662.211
2025-11-06 22:00:00+00:00,87.26,87.58,86.63,87.46,13408.543
2025-11-06 23:00:00+00:00,87.45,87.45,86.31,87.0,11394.854
2025-11-07 00:00:00+00:00,87.01,88.05,86.89,87.83,21457.043
2025-11-07 01:00:00+00:00,87.83,88.68,87.25,88.26,25208.774
2025-11-07 02:00:00+00:00,88.25,88.86,87.74,88.69,19032.947
2025-11-07 03:00:00+00:00,88.7,89.22,88.57,89.02,20464.797
2025-11-07 04:00:00+00:00,89.01,89.1,88.35,88.98,16942.703
2025-11-07 05:00:00+00:00,88.98,90.28,88.92,90.24,28429.576
2025-11-07 06:00:00+00:00,90.23,90.28,89.43,89.5,27172.618
2025-11-07 07:00:00+00:00,89.51,90.87,89.49,90.76,24455.172
2025-11-07 08:00:00+00:00,90.75,90.86,89.8,90.29,18758.703
2025-11-07 09:00:00+00:00,90.29,90.35,88.49,89.09,69161.312
2025-11-07 10:00:00+00:00,89.09,89.56,87.99,88.34,31616.244
2025-11-07 11:00:00+00:00,88.34,88.34,86.93,87.94,38996.668
2025-11-07 12:00:00+00:00,87.93,88.14,85.95,86.65,38221.108
2025-11-07 13:00:00+00:00,86.66,88.0,86.43,87.83,33198.613
2025-11-07 14:00:00+00:00,87.83,89.94,86.68,89.68,42493.961
2025-11-07 15:00:00+00:00,89.68,94.46,88.97,93.14,180730.443
2025-11-07 16:00:00+00:00,93.13,104.29,92.42,103.33,425693.364
2025-11-07 17:00:00+00:00,103.33,104.69,101.49,103.94,205990.17
2025-11-07 18:00:00+00:00,103.95,104.85,100.64,101.12,120991.04
2025-11-07 19:00:00+00:00,101.11,102.3,100.38,100.64,68522.277
2025-11-07 20:00:00+00:00,100.64,101.36,99.66,101.1,60170.51
2025-11-07 21:00:00+00:00,101.1,102.3,100.87,102.13,43417.771
2025-11-07 22:00:00+00:00,102.14,103.72,101.8,103.36,44095.776
2025-11-07 23:00:00+00:00,103.35,103.59,101.68,101.87,34725.184
2025-11-08 00:00:00+00:00,101.88,102.9,100.23,100.27,68921.281
2025-11-08 01:00:00+00:00,100.27,102.84,99.92,102.65,67372.418
2025-11-08 02:00:00+00:00,102.64,102.78,101.05,101.27,53268.72
2025-11-08 03:00:00+00:00,101.27,102.92,100.79,100.88,64981.92
2025-11-08 04:00:00+00:00,100.89,102.57,100.89,101.78,38288.324
2025-11-08 05:00:00+00:00,101.77,102.16,99.84,100.19,51110.159
2025-11-08 06:00:00+00:00,100.19,100.4,98.4,99.55,67745.892
2025-11-08 07:00:00+00:00,99.56,100.33,99.44,99.92,21413.514
2025-11-08 08:00:00+00:00,99.92,100.84,99.39,100.24,24322.029
2025-11-08 09:00:00+00:00,100.24,100.25,98.79,99.29,36322.143
2025-11-08 10:00:00+00:00,99.29,100.2,98.14,99.63,50118.858
2025-11-08 11:00:00+00:00,99.63,100.14,99.03,99.77,35362.77
2025-11-08 12:00:00+00:00,99.76,100.93,99.69,100.55,36503.681
2025-11-08 13:00:00+00:00,100.56,100.83,99.35,99.67,35261.722
2025-11-08 14:00:00+00:00,99.67,100.05,98.29,99.78,54846.707
2025-11-08 15:00:00+00:00,99.78,100.28,98.44,98.67,39412.52
2025-11-08 16:00:00+00:00,98.66,99.46,98.02,99.41,41124.966
2025-11-08 17:00:00+00:00,99.41,99.91,98.58,99.87,31047.659
2025-11-08 18:00:00+00:00,99.86,101.82,99.8,100.89,75280.154
2025-11-08 19:00:00+00:00,100.88,100.97,99.7,100.68,17892.9
2025-11-08 20:00:00+00:00,100.67,101.3,100.56,100.83,28032.475
2025-11-08 21:00:00+00:00,100.82,101.33,100.58,101.18,15698.057
2025-11-08 22:00:00+00:00,101.18,101.88,101.13,101.45,17923.706
2025-11-08 23:00:00+00:00,101.46,107.64,101.25,106.95,117382.195
2025-11-09 00:00:00+00:00,106.95,109.94,104.15,104.6,197373.562
2025-11-09 01:00:00+00:00,104.6,106.54,104.17,105.11,67170.967
2025-11-09 02:00:00+00:00,105.11,105.11,101.02,101.5,83151.621
2025-11-09 03:00:00+00:00,101.5,102.0,99.56,100.05,61303.726
2025-11-09 04:00:00+00:00,100.06,101.26,99.8,100.37,32354.643
2025-11-09 05:00:00+00:00,100.36,100.7,99.41,100.52,54447.004
2025-11-09 06:00:00+00:00,100.52,102.06,100.01,101.13,48758.973
2025-11-09 07:00:00+00:00,101.12,101.68,100.74,101.54,21627.905
2025-11-09 08:00:00+00:00,101.53,101.59,100.5,101.18,16559.58
2025-11-09 09:00:00+00:00,101.18,101.5,99.86,99.87,26008.122
2025-11-09 10:00:00+00:00,99.88,106.0,98.8,105.5,148777.718
2025-11-09 11:00:00+00:00,105.51,106.6,101.66,102.05,127318.572
2025-11-09 12:00:00+00:00,102.05,103.45,101.0,102.65,93125.336
2025-11-09 13:00:00+00:00,102.65,105.08,101.81,104.85,77835.324
2025-11-09 14:00:00+00:00,104.84,110.0,104.28,106.39,212971.492
2025-11-09 15:00:00+00:00,106.39,109.9,106.01,106.85,129094.624
2025-11-09 16:00:00+00:00,106.84,107.01,104.74,105.73,63510.369
2025-11-09 17:00:00+00:00,105.73,106.0,104.63,105.18,31497.51
2025-11-09 18:00:00+00:00,105.18,108.89,104.51,108.62,57996.539
2025-11-09 19:00:00+00:00,108.61,109.7,107.7,109.53,81109.994
2025-11-09 20:00:00+00:00,109.52,113.45,108.89,111.47,116235.381
2025-11-09 21:00:00+00:00,111.44,112.04,110.1,110.95,58895.892
2025-11-09 22:00:00+00:00,110.95,113.71,110.3,111.47,84043.592
2025-11-09 23:00:00+00:00,111.47,112.49,108.93,110.31,75226.046
2025-11-10 00:00:00+00:00,110.3,112.3,109.2,110.21,78901.317
2025-11-10 01:00:00+00:00,110.2,111.35,108.89,109.98,71097.73
2025-11-10 02:00:00+00:00,109.98,110.71,108.8,109.48,30783.927
2025-11-10 03:00:00+00:00,109.48,109.81,107.5,108.36,43149.388
2025-11-10 04:00:00+00:00,108.36,108.91,107.08,108.51,51985.704
2025-11-10 05:00:00+00:00,108.5,109.17,107.88,109.07,29659.119
2025-11-10 06:00:00+00:00,109.07,109.08,107.7,108.28,22016.598
2025-11-10 07:00:00+00:00,108.28,108.52,107.15,107.23,25971.289
2025-11-10 08:00:00+00:00,107.23,108.02,106.8,107.14,34383.301
2025-11-10 09:00:00+00:00,107.14,108.59,107.0,108.43,32512.759
2025-11-10 10:00:00+00:00,108.44,108.57,106.78,107.13,34959.746
2025-11-10 11:00:00+00:00,107.14,108.05,107.03,107.13,48264.475
2025-11-10 12:00:00+00:00,107.14,107.29,106.15,106.57,41940.524
2025-11-10 13:00:00+00:00,106.57,107.73,106.54,107.47,35414.637
2025-11-10 14:00:00+00:00,107.47,107.52,105.1,106.39,58044.487
2025-11-10 15:00:00+00:00,106.38,109.77,106.27,107.43,87055.759
2025-11-10 16:00:00+00:00,107.43,109.04,106.49,106.79,53483.395
2025-11-10 17:00:00+00:00,106.8,109.11,106.42,108.0,51638.871
2025-11-10 18:00:00+00:00,108.0,108.43,107.09,107.54,44512.057
2025-11-10 19:00:00+00:00,107.54,108.04,107.02,107.61,25069.382
2025-11-10 20:00:00+00:00,107.61,108.25,106.81,107.06,23294.988
2025-11-10 21:00:00+00:00,107.07,107.09,103.4,104.65,72233.61
2025-11-10 22:00:00+00:00,104.65,105.57,103.7,105.15,46169.926
2025-11-10 23:00:00+00:00,105.15,105.6,104.11,104.25,29268.89
2025-11-11 00:00:00+00:00,104.24,104.73,102.77,104.28,67766.768
2025-11-11 01:00:00+00:00,104.27,106.99,104.18,104.58,59300.451
2025-11-11 02:00:00+00:00,104.58,105.86,104.08,105.08,29757.334
2025-11-11 03:00:00+00:00,105.08,105.95,105.0,105.23,21270.255
2025-11-11 04:00:00+00:00,105.23,105.52,104.0,104.32,21432.831
2025-11-11 05:00:00+00:00,104.33,104.45,103.14,103.34,29710.003
2025-11-11 06:00:00+00:00,103.34,103.84,102.89,103.68,21909.267
2025-11-11 07:00:00+00:00,103.68,103.85,102.05,102.12,39352.478
2025-11-11 08:00:00+00:00,102.11,102.66,101.9,102.5,43944.956
2025-11-11 09:00:00+00:00,102.49,103.3,102.3,102.3,25978.348
2025-11-11 10:00:00+00:00,102.3,103.15,102.13,102.26,17468.414
2025-11-11 11:00:00+00:00,102.26,102.89,102.23,102.67,11778.385
2025-11-11 12:00:00+00:00,102.68,103.03,101.87,102.22,22553.967
2025-11-11 13:00:00+00:00,102.23,102.39,101.25,101.65,26585.646
2025-11-11 14:00:00+00:00,101.65,102.92,100.75,102.75,59213.239
2025-11-11 15:00:00+00:00,102.74,102.92,99.2,101.01,225530.267
2025-11-11 16:00:00+00:00,101.01,101.81,100.87,101.0,44250.693
2025-11-11 17:00:00+00:00,101.0,101.34,100.02,100.59,31904.784
2025-11-11 18:00:00+00:00,100.58,101.03,99.77,100.19,31304.928
2025-11-11 19:00:00+00:00,100.19,100.66,99.43,100.23,16745.935
2025-11-11 20:00:00+00:00,100.24,100.34,99.13,99.45,22122.87
2025-11-11 21:00:00+00:00,99.46,100.11,99.13,99.48,17758.27
2025-11-11 22:00:00+00:00,99.49,100.8,99.02,100.61,18609.418
2025-11-11 23:00:00+00:00,100.62,100.64,99.42,99.68,25437.705
2025-11-12 00:00:00+00:00,99.69,100.23,99.23,99.38,17776.656
2025-11-12 01:00:00+00:00,99.38,100.28,99.24,99.46,17202.98
2025-11-12 02:00:00+00:00,99.46,100.12,98.84,99.28,26583.744
2025-11-12 03:00:00+00:00,99.28,99.94,99.09,99.47,13763.497
2025-11-12 04:00:00+00:00,99.47,99.67,99.2,99.55,11678.374
2025-11-12 05:00:00+00:00,99.54,99.86,99.31,99.77,12591.434
2025-11-12 06:00:00+00:00,99.77,100.0,99.34,99.47,13292.621
2025-11-12 07:00:00+00:00,99.47,100.22,99.33,99.59,13219.893
2025-11-12 08:00:00+00:00,99.59,102.77,99.59,101.3,50417.909
2025-11-12 09:00:00+00:00,101.29,102.58,100.73,101.83,47529.887
2025-11-12 10:00:00+00:00,101.83,102.68,101.69,102.26,27842.336
2025-11-12 11:00:00+00:00,102.25,102.88,101.6,102.05,32839.883
2025-11-12 12:00:00+00:00,102.05,103.13,101.7,102.75,25727.299
2025-11-12 13:00:00+00:00,102.75,104.32,102.42,103.89,45726.189
2025-11-12 14:00:00+00:00,103.89,103.96,100.37,101.51,64764.038
2025-11-12 15:00:00+00:00,101.51,102.16,99.65,100.02,66614.097
2025-11-12 16:00:00+00:00,100.02,100.29,95.19,95.29,163210.212
2025-11-12 17:00:00+00:00,95.28,97.06,95.18,96.18,55416.874
2025-11-12 18:00:00+00:00,96.18,97.22,96.13,96.45,73525.227
2025-11-12 19:00:00+00:00,96.44,97.95,94.86,97.16,139199.005
2025-11-12 20:00:00+00:00,97.16,98.68,96.89,98.45,100675.582
2025-11-12 21:00:00+00:00,98.45,98.96,97.46,98.29,96563.434
2025-11-12 22:00:00+00:00,98.28,98.28,97.31,98.14,42219.238
2025-11-12 23:00:00+00:00,98.14,98.14,97.4,97.59,14974.753
2025-11-13 00:00:00+00:00,97.6,98.59,97.5,98.06,13854.658
2025-11-13 01:00:00+00:00,98.05,99.4,98.01,98.9,27985.703
2025-11-13 02:00:00+00:00,98.9,99.78,98.71,99.2,18460.997
2025-11-13 03:00:00+00:00,99.2,99.96,97.67,99.02,30063.37
2025-11-13 04:00:00+00:00,99.02,99.84,98.49,99.59,21333.821
2025-11-13 05:00:00+00:00,99.58,101.21,99.0,101.09,23869.041
2025-11-13 06:00:00+00:00,101.09,101.82,100.79,100.9,33118.319
2025-11-13 07:00:00+00:00,100.9,101.76,100.45,100.61,20436.757
2025-11-13 08:00:00+00:00,100.61,101.06,100.08,100.32,20966.963
2025-11-13 09:00:00+00:00,100.32,100.46,98.99,99.66,28924.763
2025-11-13 10:00:00+00:00,99.67,100.48,99.16,99.37,22791.499
2025-11-13 11:00:00+00:00,99.37,100.46,99.37,100.21,22301.044
2025-11-13 12:00:00+00:00,100.21,101.07,99.83,101.0,39850.522
2025-11-13 13:00:00+00:00,101.01,101.24,99.92,100.8,40269.407
2025-11-13 14:00:00+00:00,100.8,102.75,100.15,101.79,129332.868
2025-11-13 15:00:00+00:00,101.79,101.8,98.59,99.58,74416.429
2025-11-13 16:00:00+00:00,99.57,100.12,96.97,97.37,75039.777
2025-11-13 17:00:00+00:00,97.36,97.48,95.53,95.8,102813.119
2025-11-13 18:00:00+00:00,95.8,96.1,93.58,95.31,72525.937
2025-11-13 19:00:00+00:00,95.32,95.98,94.47,95.0,37441.155
2025-11-13 20:00:00+00:00,94.99,95.58,94.31,94.79,42978.768
2025-11-13 21:00:00+00:00,94.8,95.46,94.19,94.99,23738.416
2025-11-13 22:00:00+00:00,94.98,96.77,94.69,96.5,27405.716
2025-11-13 23:00:00+00:00,96.49,97.57,95.89,96.55,32211.197
2025-11-14 00:00:00+00:00,96.54,97.28,95.7,95.93,33026.413
2025-11-14 01:00:00+00:00,95.93,96.27,95.53,95.72,33334.82
2025-11-14 02:00:00+00:00,95.72,96.94,95.71,96.3,18473.296
2025-11-14 03:00:00+00:00,96.3,96.53,95.67,96.35,15731.963
2025-11-14 04:00:00+00:00,96.35,96.51,93.22,95.35,68561.889
2025-11-14 05:00:00+00:00,95.34,96.61,95.07,96.21,39259.87
2025-11-14 06:00:00+00:00,96.21,97.73,95.15,97.54,55140.346
2025-11-14 07:00:00+00:00,97.54,99.1,96.66,98.2,58139.746
2025-11-14 08:00:00+00:00,98.2,98.23,96.81,97.43,38870.621
2025-11-14 09:00:00+00:00,97.43,97.6,95.56,95.66,58795.112
2025-11-14 10:00:00+00:00,95.65,96.73,95.65,96.23,27541.53
2025-11-14 11:00:00+00:00,96.22,96.47,95.33,96.09,37358.315
2025-11-14 12:00:00+00:00,96.08,96.44,94.22,96.0,68391.215
2025-11-14 13:00:00+00:00,96.0,96.62,94.15,95.26,59005.58
2025-11-14 14:00:00+00:00,95.26,96.93,93.73,96.44,87567.861
2025-11-14 15:00:00+00:00,96.44,97.85,95.4,96.9,61227.437
2025-11-14 16:00:00+00:00,96.91,98.09,96.11,97.65,39519.247
2025-11-14 17:00:00+00:00,97.64,98.02,95.83,96.55,26576.468
2025-11-14 18:00:00+00:00,96.55,98.57,96.47,96.77,47162.206
2025-11-14 19:00:00+00:00,96.77,100.16,96.75,99.97,48233.926
2025-11-14 20:00:00+00:00,99.97,100.2,97.1,98.18,59336.27
2025-11-14 21:00:00+00:00,98.19,99.73,97.84,98.83,27700.574
2025-11-14 22:00:00+00:00,98.82,99.12,97.58,98.4,26982.932
2025-11-14 23:00:00+00:00,98.39,98.48,96.12,97.7,36206.543
2025-11-15 00:00:00+00:00,97.69,98.78,97.57,98.4,25343.377
2025-11-15 01:00:00+00:00,98.4,102.2,97.78,101.88,73305.314
2025-11-15 02:00:00+00:00,101.87,105.36,101.35,105.25,76639.034
2025-11-15 03:00:00+00:00,105.26,106.56,103.67,104.02,104543.05
2025-11-15 04:00:00+00:00,104.01,106.04,103.92,104.39,39979.744
2025-11-15 05:00:00+00:00,104.39,104.4,102.92,103.96,42083.995
2025-11-15 06:00:00+00:00,103.97,104.99,103.68,103.69,39044.012
2025-11-15 07:00:00+00:00,103.68,104.1,102.31,102.75,36076.881
2025-11-15 08:00:00+00:00,102.76,102.87,101.65,102.08,33966.787
2025-11-15 09:00:00+00:00,102.08,103.41,101.91,102.51,27611.955
2025-11-15 10:00:00+00:00,102.5,102.52,101.48,102.29,21387.148
2025-11-15 11:00:00+00:00,102.29,103.23,102.27,102.79,22071.563
2025-11-15 12:00:00+00:00,102.8,106.74,102.29,106.72,74196.805
2025-11-15 13:00:00+00:00,106.72,109.59,106.28,106.52,187458.241
2025-11-15 14:00:00+00:00,106.52,107.2,104.51,105.19,73810.521
2025-11-15 15:00:00+00:00,105.19,105.54,104.11,104.19,28889.399
2025-11-15 16:00:00+00:00,104.19,104.41,103.13,104.07,26875.248
2025-11-15 17:00:00+00:00,104.07,104.29,102.2,103.37,37081.255
2025-11-15 18:00:00+00:00,103.37,103.92,103.07,103.91,19638.281
2025-11-15 19:00:00+00:00,103.9,104.08,103.15,103.33,10744.88
