timestamp,open,high,low,close,volume
2023-11-19 21:00:00+00:00,5.462,5.475,5.429,5.452,194827.49
2023-11-19 22:00:00+00:00,5.453,5.462,5.392,5.405,258551.86
2023-11-19 23:00:00+00:00,5.405,5.466,5.402,5.434,333693.79
2023-11-20 00:00:00+00:00,5.433,5.451,5.396,5.447,170187.03
2023-11-20 01:00:00+00:00,5.448,5.475,5.438,5.447,175597.76
2023-11-20 02:00:00+00:00,5.448,5.467,5.417,5.462,121660.97
2023-11-20 03:00:00+00:00,5.462,5.48,5.429,5.457,160237.99
2023-11-20 04:00:00+00:00,5.457,5.479,5.432,5.46,187905.01
2023-11-20 05:00:00+00:00,5.461,5.464,5.384,5.406,188959.33
2023-11-20 06:00:00+00:00,5.406,5.44,5.397,5.439,129952.04
2023-11-20 07:00:00+00:00,5.439,5.478,5.422,5.469,232937.45
2023-11-20 08:00:00+00:00,5.469,5.569,5.444,5.492,842590.9
2023-11-20 09:00:00+00:00,5.492,5.531,5.467,5.528,328463.4
2023-11-20 10:00:00+00:00,5.528,5.543,5.506,5.519,212547.09
2023-11-20 11:00:00+00:00,5.519,5.554,5.468,5.488,348390.48
2023-11-20 12:00:00+00:00,5.487,5.489,5.404,5.436,461589.04
2023-11-20 13:00:00+00:00,5.434,5.453,5.402,5.404,180337.2
2023-11-20 14:00:00+00:00,5.403,5.464,5.322,5.456,517200.6
2023-11-20 15:00:00+00:00,5.456,5.473,5.41,5.437,217319.31
2023-11-20 16:00:00+00:00,5.436,5.453,5.345,5.36,215101.92
2023-11-20 17:00:00+00:00,5.358,5.454,5.318,5.434,418074.44
2023-11-20 18:00:00+00:00,5.435,5.449,5.344,5.38,226096.9
2023-11-20 19:00:00+00:00,5.38,5.393,5.342,5.35,126665.46
2023-11-20 20:00:00+00:00,5.349,5.371,5.34,5.348,85875.62
2023-11-20 21:00:00+00:00,5.349,5.349,5.255,5.322,372941.3
2023-11-20 22:00:00+00:00,5.323,5.356,5.295,5.321,139176.64
2023-11-20 23:00:00+00:00,5.321,5.343,5.288,5.302,131588.23
2023-11-21 00:00:00+00:00,5.302,5.326,5.27,5.297,323780.77
2023-11-21 01:00:00+00:00,5.297,5.325,5.261,5.305,282796.24
2023-11-21 02:00:00+00:00,5.305,5.311,5.19,5.208,392840.52
2023-11-21 03:00:00+00:00,5.208,5.25,5.202,5.247,174826.78
2023-11-21 04:00:00+00:00,5.247,5.25,5.228,5.242,118485.56
2023-11-21 05:00:00+00:00,5.24,5.262,5.221,5.232,143310.2
2023-11-21 06:00:00+00:00,5.232,5.266,5.228,5.253,98193.85
2023-11-21 07:00:00+00:00,5.252,5.253,5.193,5.2,246978.49
2023-11-21 08:00:00+00:00,5.201,5.229,5.197,5.223,150756.24
2023-11-21 09:00:00+00:00,5.223,5.233,5.198,5.198,186079.3
2023-11-21 10:00:00+00:00,5.197,5.228,5.191,5.213,139137.02
2023-11-21 11:00:00+00:00,5.212,5.213,5.162,5.191,325659.41
2023-11-21 12:00:00+00:00,5.191,5.208,5.184,5.2,180923.6
2023-11-21 13:00:00+00:00,5.2,5.205,5.152,5.161,228202.39
2023-11-21 14:00:00+00:00,5.162,5.163,5.105,5.147,457407.76
2023-11-21 15:00:00+00:00,5.148,5.182,5.033,5.144,1079144.71
2023-11-21 16:00:00+00:00,5.143,5.189,5.1,5.159,407034.0
2023-11-21 17:00:00+00:00,5.159,5.186,4.958,5.035,1022507.61
2023-11-21 18:00:00+00:00,5.034,5.036,4.908,4.977,1061281.67
2023-11-21 19:00:00+00:00,4.978,5.062,4.968,5.031,434039.75
2023-11-21 20:00:00+00:00,5.031,5.061,4.99,5.026,501778.6
2023-11-21 21:00:00+00:00,5.026,5.058,5.0,5.004,247762.79
2023-11-21 22:00:00+00:00,5.005,5.006,4.819,4.863,1126282.33
2023-11-21 23:00:00+00:00,4.863,4.921,4.839,4.858,479912.94
2023-11-22 00:00:00+00:00,4.857,4.95,4.843,4.939,337537.54
2023-11-22 01:00:00+00:00,4.939,4.97,4.933,4.949,166255.05
2023-11-22 02:00:00+00:00,4.949,5.006,4.938,5.001,157099.12
2023-11-22 03:00:00+00:00,5.001,5.064,4.988,5.026,332370.01
2023-11-22 04:00:00+00:00,5.026,5.034,5.002,5.026,221165.12
2023-11-22 05:00:00+00:00,5.026,5.046,5.023,5.027,228074.9
2023-11-22 06:00:00+00:00,5.028,5.071,5.026,5.058,267392.73
2023-11-22 07:00:00+00:00,5.058,5.078,5.042,5.054,184150.52
2023-11-22 08:00:00+00:00,5.055,5.077,5.052,5.074,165296.49
2023-11-22 09:00:00+00:00,5.073,5.105,5.07,5.103,214279.31
2023-11-22 10:00:00+00:00,5.103,5.109,5.057,5.098,207572.68
2023-11-22 11:00:00+00:00,5.099,5.1,5.068,5.073,119447.64
2023-11-22 12:00:00+00:00,5.074,5.1,5.065,5.091,125488.11
2023-11-22 13:00:00+00:00,5.091,5.111,5.064,5.097,251661.44
2023-11-22 14:00:00+00:00,5.098,5.118,5.055,5.082,235254.92
2023-11-22 15:00:00+00:00,5.082,5.117,5.047,5.086,239791.91
2023-11-22 16:00:00+00:00,5.086,5.15,5.06,5.116,402729.83
2023-11-22 17:00:00+00:00,5.115,5.164,5.115,5.147,405965.19
2023-11-22 18:00:00+00:00,5.147,5.233,5.135,5.222,466573.68
2023-11-22 19:00:00+00:00,5.225,5.247,5.2,5.22,289653.49
2023-11-22 20:00:00+00:00,5.222,5.252,5.191,5.247,260299.02
2023-11-22 21:00:00+00:00,5.247,5.287,5.203,5.212,547037.24
2023-11-22 22:00:00+00:00,5.212,5.227,5.164,5.165,287807.57
2023-11-22 23:00:00+00:00,5.166,5.177,5.144,5.174,211125.28
2023-11-23 00:00:00+00:00,5.174,5.194,5.145,5.153,155042.74
2023-11-23 01:00:00+00:00,5.153,5.219,5.148,5.201,118192.78
2023-11-23 02:00:00+00:00,5.201,5.207,5.177,5.189,116950.09
2023-11-23 03:00:00+00:00,5.189,5.194,5.162,5.168,113243.18
2023-11-23 04:00:00+00:00,5.168,5.2,5.156,5.196,114172.71
2023-11-23 05:00:00+00:00,5.197,5.199,5.163,5.166,155230.92
2023-11-23 06:00:00+00:00,5.166,5.17,5.145,5.164,143246.13
2023-11-23 07:00:00+00:00,5.163,5.183,5.163,5.173,100850.74
2023-11-23 08:00:00+00:00,5.173,5.2,5.162,5.199,98974.29
2023-11-23 09:00:00+00:00,5.198,5.219,5.176,5.217,170554.95
2023-11-23 10:00:00+00:00,5.216,5.219,5.178,5.182,102022.69
2023-11-23 11:00:00+00:00,5.181,5.183,5.13,5.158,302631.95
2023-11-23 12:00:00+00:00,5.156,5.169,5.135,5.142,148324.6
2023-11-23 13:00:00+00:00,5.14,5.154,5.117,5.132,112645.18
2023-11-23 14:00:00+00:00,5.131,5.156,5.126,5.134,128555.73
2023-11-23 15:00:00+00:00,5.13,5.142,5.082,5.106,192600.42
2023-11-23 16:00:00+00:00,5.105,5.133,5.096,5.118,114949.32
2023-11-23 17:00:00+00:00,5.118,5.15,5.115,5.133,87373.54
2023-11-23 18:00:00+00:00,5.134,5.15,5.119,5.128,129463.0
2023-11-23 19:00:00+00:00,5.127,5.132,5.1,5.105,154427.01
2023-11-23 20:00:00+00:00,5.104,5.125,5.101,5.109,88115.56
2023-11-23 21:00:00+00:00,5.11,5.134,5.11,5.12,57424.52
2023-11-23 22:00:00+00:00,5.12,5.139,5.115,5.136,47162.95
2023-11-23 23:00:00+00:00,5.137,5.147,5.127,5.139,94277.52
2023-11-24 00:00:00+00:00,5.139,5.166,5.118,5.16,144881.95
2023-11-24 01:00:00+00:00,5.161,5.187,5.155,5.156,174558.51
2023-11-24 02:00:00+00:00,5.156,5.183,5.153,5.172,91867.3
2023-11-24 03:00:00+00:00,5.172,5.188,5.163,5.166,85085.05
2023-11-24 04:00:00+00:00,5.166,5.176,5.162,5.168,53864.97
2023-11-24 05:00:00+00:00,5.169,5.178,5.151,5.176,70941.33
2023-11-24 06:00:00+00:00,5.176,5.199,5.163,5.184,157209.95
2023-11-24 07:00:00+00:00,5.182,5.251,5.171,5.228,318049.79
2023-11-24 08:00:00+00:00,5.228,5.258,5.17,5.187,1206143.67
2023-11-24 09:00:00+00:00,5.189,5.238,5.182,5.215,193186.68
2023-11-24 10:00:00+00:00,5.215,5.248,5.202,5.205,219940.28
2023-11-24 11:00:00+00:00,5.205,5.255,5.201,5.211,208880.24
2023-11-24 12:00:00+00:00,5.21,5.239,5.206,5.207,135008.66
2023-11-24 13:00:00+00:00,5.208,5.225,5.183,5.207,207139.83
2023-11-24 14:00:00+00:00,5.207,5.21,5.168,5.192,275166.23
2023-11-24 15:00:00+00:00,5.192,5.272,5.19,5.247,416735.89
2023-11-24 16:00:00+00:00,5.248,5.294,5.2,5.219,594739.12
2023-11-24 17:00:00+00:00,5.218,5.275,5.207,5.249,212546.04
2023-11-24 18:00:00+00:00,5.249,5.252,5.204,5.225,154521.72
2023-11-24 19:00:00+00:00,5.224,5.232,5.2,5.232,139114.7
2023-11-24 20:00:00+00:00,5.232,5.237,5.208,5.235,93143.21
2023-11-24 21:00:00+00:00,5.236,5.269,5.231,5.253,261568.44
2023-11-24 22:00:00+00:00,5.252,5.29,5.23,5.246,205380.05
2023-11-24 23:00:00+00:00,5.247,5.252,5.211,5.242,105398.37
2023-11-25 00:00:00+00:00,5.242,5.286,5.213,5.266,143014.61
2023-11-25 01:00:00+00:00,5.265,5.323,5.264,5.319,127296.89
2023-11-25 02:00:00+00:00,5.319,5.331,5.297,5.326,85893.91
2023-11-25 03:00:00+00:00,5.325,5.326,5.299,5.304,100912.02
2023-11-25 04:00:00+00:00,5.303,5.304,5.281,5.288,167855.98
2023-11-25 05:00:00+00:00,5.289,5.293,5.265,5.275,92380.87
2023-11-25 06:00:00+00:00,5.276,5.306,5.272,5.296,119682.24
2023-11-25 07:00:00+00:00,5.295,5.32,5.293,5.314,109011.74
2023-11-25 08:00:00+00:00,5.314,5.328,5.293,5.297,172299.56
2023-11-25 09:00:00+00:00,5.298,5.306,5.282,5.297,127674.67
2023-11-25 10:00:00+00:00,5.297,5.311,5.269,5.278,170698.2
2023-11-25 11:00:00+00:00,5.278,5.287,5.24,5.269,175057.3
2023-11-25 12:00:00+00:00,5.269,5.298,5.26,5.289,126755.69
2023-11-25 13:00:00+00:00,5.289,5.33,5.283,5.325,152679.49
2023-11-25 14:00:00+00:00,5.323,5.385,5.306,5.384,218180.39
2023-11-25 15:00:00+00:00,5.384,5.389,5.326,5.347,223307.79
2023-11-25 16:00:00+00:00,5.347,5.361,5.33,5.335,97575.49
2023-11-25 17:00:00+00:00,5.336,5.362,5.331,5.348,88420.29
2023-11-25 18:00:00+00:00,5.347,5.353,5.331,5.344,82724.91
2023-11-25 19:00:00+00:00,5.341,5.355,5.338,5.342,106477.94
2023-11-25 20:00:00+00:00,5.342,5.355,5.311,5.327,191853.41
2023-11-25 21:00:00+00:00,5.327,5.337,5.321,5.325,137943.44
2023-11-25 22:00:00+00:00,5.325,5.326,5.31,5.319,89678.46
2023-11-25 23:00:00+00:00,5.319,5.331,5.314,5.328,121561.12
2023-11-26 00:00:00+00:00,5.328,5.355,5.319,5.344,119191.14
2023-11-26 01:00:00+00:00,5.343,5.343,5.3,5.303,119275.0
2023-11-26 02:00:00+00:00,5.304,5.332,5.296,5.332,75446.06
2023-11-26 03:00:00+00:00,5.332,5.355,5.315,5.326,61462.16
2023-11-26 04:00:00+00:00,5.326,5.359,5.313,5.357,60338.62
2023-11-26 05:00:00+00:00,5.357,5.397,5.349,5.394,147527.14
2023-11-26 06:00:00+00:00,5.395,5.415,5.357,5.374,210104.09
2023-11-26 07:00:00+00:00,5.373,5.375,5.354,5.363,90589.25
2023-11-26 08:00:00+00:00,5.363,5.367,5.348,5.35,79781.79
2023-11-26 09:00:00+00:00,5.35,5.369,5.333,5.36,94447.94
2023-11-26 10:00:00+00:00,5.361,5.362,5.323,5.325,104180.09
2023-11-26 11:00:00+00:00,5.326,5.356,5.32,5.332,125156.43
2023-11-26 12:00:00+00:00,5.333,5.364,5.301,5.364,200922.58
2023-11-26 13:00:00+00:00,5.364,5.372,5.302,5.348,204370.49
2023-11-26 14:00:00+00:00,5.348,5.357,5.25,5.286,404740.13
2023-11-26 15:00:00+00:00,5.285,5.326,5.259,5.276,264618.43
2023-11-26 16:00:00+00:00,5.275,5.294,5.145,5.23,759798.98
2023-11-26 17:00:00+00:00,5.229,5.248,5.216,5.224,149181.68
2023-11-26 18:00:00+00:00,5.225,5.257,5.216,5.228,138278.92
2023-11-26 19:00:00+00:00,5.228,5.306,5.226,5.302,166034.58
2023-11-26 20:00:00+00:00,5.302,5.383,5.292,5.349,308302.97
2023-11-26 21:00:00+00:00,5.35,5.357,5.295,5.315,163924.19
2023-11-26 22:00:00+00:00,5.314,5.35,5.311,5.319,147081.09
2023-11-26 23:00:00+00:00,5.319,5.331,5.289,5.329,132588.55
2023-11-27 00:00:00+00:00,5.329,5.371,5.315,5.347,201513.64
2023-11-27 01:00:00+00:00,5.347,5.377,5.312,5.316,162728.35
2023-11-27 02:00:00+00:00,5.316,5.32,5.278,5.294,181721.79
2023-11-27 03:00:00+00:00,5.294,5.301,5.249,5.288,211941.16
2023-11-27 04:00:00+00:00,5.287,5.337,5.279,5.318,678599.32
2023-11-27 05:00:00+00:00,5.317,5.321,5.27,5.279,426240.97
2023-11-27 06:00:00+00:00,5.281,5.329,5.257,5.257,475082.71
2023-11-27 07:00:00+00:00,5.257,5.297,5.208,5.251,349199.45
2023-11-27 08:00:00+00:00,5.25,5.264,5.223,5.228,165844.47
2023-11-27 09:00:00+00:00,5.227,5.258,5.222,5.232,118191.58
2023-11-27 10:00:00+00:00,5.231,5.242,5.13,5.155,402727.01
2023-11-27 11:00:00+00:00,5.156,5.174,5.13,5.149,366212.34
2023-11-27 12:00:00+00:00,5.15,5.162,5.123,5.133,214409.75
2023-11-27 13:00:00+00:00,5.134,5.16,5.111,5.151,204361.18
2023-11-27 14:00:00+00:00,5.15,5.166,5.075,5.093,265627.61
2023-11-27 15:00:00+00:00,5.092,5.148,5.072,5.081,295603.97
2023-11-27 16:00:00+00:00,5.081,5.137,5.072,5.136,231012.79
2023-11-27 17:00:00+00:00,5.137,5.156,5.103,5.105,174194.41
2023-11-27 18:00:00+00:00,5.105,5.12,5.087,5.088,211456.33
2023-11-27 19:00:00+00:00,5.088,5.116,5.037,5.07,321713.5
2023-11-27 20:00:00+00:00,5.071,5.078,5.039,5.05,123686.62
2023-11-27 21:00:00+00:00,5.051,5.124,5.044,5.112,227419.57
2023-11-27 22:00:00+00:00,5.111,5.13,5.097,5.124,97420.69
2023-11-27 23:00:00+00:00,5.124,5.172,5.123,5.156,174570.48
2023-11-28 00:00:00+00:00,5.156,5.185,5.143,5.173,118747.07
2023-11-28 01:00:00+00:00,5.175,5.188,5.141,5.173,178737.29
2023-11-28 02:00:00+00:00,5.173,5.187,5.15,5.178,100514.73
2023-11-28 03:00:00+00:00,5.179,5.19,5.157,5.164,127261.34
2023-11-28 04:00:00+00:00,5.164,5.191,5.147,5.181,279651.85
2023-11-28 05:00:00+00:00,5.181,5.215,5.164,5.174,855530.54
2023-11-28 06:00:00+00:00,5.174,5.195,5.155,5.192,226298.38
2023-11-28 07:00:00+00:00,5.192,5.197,5.117,5.164,736146.21
2023-11-28 08:00:00+00:00,5.165,5.167,5.102,5.105,146540.16
2023-11-28 09:00:00+00:00,5.105,5.208,5.105,5.196,278424.64
2023-11-28 10:00:00+00:00,5.196,5.197,5.141,5.166,140093.37
2023-11-28 11:00:00+00:00,5.166,5.204,5.164,5.199,105981.37
2023-11-28 12:00:00+00:00,5.199,5.203,5.173,5.179,95374.12
2023-11-28 13:00:00+00:00,5.182,5.231,5.16,5.229,164176.62
2023-11-28 14:00:00+00:00,5.229,5.234,5.197,5.206,167350.33
2023-11-28 15:00:00+00:00,5.205,5.234,5.18,5.223,133483.55
2023-11-28 16:00:00+00:00,5.225,5.267,5.206,5.253,272640.56
2023-11-28 17:00:00+00:00,5.253,5.292,5.229,5.29,367551.83
2023-11-28 18:00:00+00:00,5.29,5.296,5.253,5.273,206959.44
2023-11-28 19:00:00+00:00,5.272,5.313,5.268,5.276,293630.4
2023-11-28 20:00:00+00:00,5.276,5.302,5.27,5.296,138789.21
2023-11-28 21:00:00+00:00,5.295,5.298,5.256,5.263,115310.65
2023-11-28 22:00:00+00:00,5.263,5.276,5.236,5.251,85052.27
2023-11-28 23:00:00+00:00,5.252,5.289,5.251,5.275,114674.55
2023-11-29 00:00:00+00:00,5.275,5.304,5.252,5.301,205932.14
2023-11-29 01:00:00+00:00,5.301,5.312,5.287,5.287,210422.08
2023-11-29 02:00:00+00:00,5.288,5.302,5.27,5.273,113647.79
2023-11-29 03:00:00+00:00,5.274,5.284,5.264,5.274,65650.0
2023-11-29 04:00:00+00:00,5.277,5.277,5.258,5.271,52070.28
2023-11-29 05:00:00+00:00,5.271,5.279,5.243,5.268,82109.2
2023-11-29 06:00:00+00:00,5.269,5.304,5.257,5.302,119090.4
2023-11-29 07:00:00+00:00,5.301,5.306,5.271,5.278,131583.81
2023-11-29 08:00:00+00:00,5.278,5.354,5.275,5.35,305814.74
2023-11-29 09:00:00+00:00,5.35,5.358,5.301,5.327,248006.22
2023-11-29 10:00:00+00:00,5.326,5.4,5.284,5.303,774532.35
2023-11-29 11:00:00+00:00,5.302,5.364,5.29,5.349,234595.4
2023-11-29 12:00:00+00:00,5.347,5.376,5.311,5.315,254123.14
2023-11-29 13:00:00+00:00,5.313,5.328,5.275,5.285,219745.75
2023-11-29 14:00:00+00:00,5.286,5.305,5.235,5.241,371911.67
2023-11-29 15:00:00+00:00,5.239,5.255,5.194,5.231,388745.77
2023-11-29 16:00:00+00:00,5.232,5.244,5.179,5.208,211815.56
2023-11-29 17:00:00+00:00,5.207,5.238,5.186,5.222,136062.45
2023-11-29 18:00:00+00:00,5.222,5.229,5.194,5.209,143989.55
2023-11-29 19:00:00+00:00,5.212,5.215,5.175,5.197,173612.23
2023-11-29 20:00:00+00:00,5.197,5.199,5.15,5.164,127337.95
2023-11-29 21:00:00+00:00,5.163,5.18,5.151,5.163,120283.18
2023-11-29 22:00:00+00:00,5.163,5.173,5.16,5.162,132758.42
2023-11-29 23:00:00+00:00,5.162,5.176,5.153,5.161,154225.52
2023-11-30 00:00:00+00:00,5.161,5.165,5.143,5.149,187815.04
2023-11-30 01:00:00+00:00,5.148,5.155,5.12,5.128,127786.21
2023-11-30 02:00:00+00:00,5.127,5.156,5.118,5.147,116387.83
2023-11-30 03:00:00+00:00,5.148,5.19,5.14,5.18,207134.78
2023-11-30 04:00:00+00:00,5.179,5.189,5.163,5.163,138412.35
2023-11-30 05:00:00+00:00,5.163,5.173,5.144,5.15,101860.05
2023-11-30 06:00:00+00:00,5.151,5.172,5.143,5.164,160683.28
2023-11-30 07:00:00+00:00,5.165,5.189,5.16,5.174,173945.04
2023-11-30 08:00:00+00:00,5.173,5.175,5.128,5.154,171889.29
2023-11-30 09:00:00+00:00,5.153,5.18,5.146,5.165,111431.68
2023-11-30 10:00:00+00:00,5.165,5.188,5.161,5.174,92960.97
2023-11-30 11:00:00+00:00,5.173,5.203,5.17,5.2,167071.78
2023-11-30 12:00:00+00:00,5.2,5.206,5.185,5.204,172914.78
2023-11-30 13:00:00+00:00,5.203,5.239,5.182,5.212,286816.8
2023-11-30 14:00:00+00:00,5.21,5.274,5.179,5.265,533036.74
2023-11-30 15:00:00+00:00,5.265,5.53,5.248,5.515,2950918.07
2023-11-30 16:00:00+00:00,5.514,5.591,5.405,5.407,1515076.66
2023-11-30 17:00:00+00:00,5.407,5.467,5.397,5.466,328397.17
2023-11-30 18:00:00+00:00,5.467,5.493,5.443,5.448,272540.91
2023-11-30 19:00:00+00:00,5.448,5.479,5.435,5.454,375420.98
2023-11-30 20:00:00+00:00,5.454,5.464,5.422,5.437,301305.65
2023-11-30 21:00:00+00:00,5.437,5.498,5.435,5.497,363322.9
2023-11-30 22:00:00+00:00,5.497,5.5,5.479,5.479,285177.55
2023-11-30 23:00:00+00:00,5.48,5.481,5.433,5.473,307318.09
2023-12-01 00:00:00+00:00,5.473,5.48,5.412,5.439,217118.85
2023-12-01 01:00:00+00:00,5.439,5.476,5.418,5.461,171984.3
2023-12-01 02:00:00+00:00,5.461,5.5,5.452,5.489,223011.32
2023-12-01 03:00:00+00:00,5.49,5.495,5.47,5.495,134455.27
2023-12-01 04:00:00+00:00,5.495,5.509,5.469,5.497,234656.65
2023-12-01 05:00:00+00:00,5.498,5.525,5.474,5.477,163041.06
2023-12-01 06:00:00+00:00,5.478,5.48,5.447,5.461,185835.67
2023-12-01 07:00:00+00:00,5.461,5.484,5.441,5.452,163465.54
2023-12-01 08:00:00+00:00,5.452,5.46,5.419,5.432,174339.38
2023-12-01 09:00:00+00:00,5.432,5.477,5.431,5.47,297003.25
2023-12-01 10:00:00+00:00,5.471,5.48,5.43,5.448,167952.19
2023-12-01 11:00:00+00:00,5.448,5.459,5.442,5.45,109206.56
2023-12-01 12:00:00+00:00,5.451,5.454,5.412,5.43,166246.41
2023-12-01 13:00:00+00:00,5.431,5.438,5.39,5.398,169410.61
2023-12-01 14:00:00+00:00,5.399,5.425,5.369,5.415,199592.16
2023-12-01 15:00:00+00:00,5.415,5.438,5.408,5.428,107697.22
2023-12-01 16:00:00+00:00,5.427,5.467,5.415,5.453,229582.67
2023-12-01 17:00:00+00:00,5.452,5.462,5.426,5.449,134919.0
2023-12-01 18:00:00+00:00,5.448,5.462,5.44,5.445,109851.26
2023-12-01 19:00:00+00:00,5.446,5.478,5.439,5.472,106061.3
2023-12-01 20:00:00+00:00,5.473,5.476,5.445,5.448,82559.63
2023-12-01 21:00:00+00:00,5.447,5.462,5.438,5.447,75967.59
2023-12-01 22:00:00+00:00,5.447,5.477,5.444,5.473,67602.41
2023-12-01 23:00:00+00:00,5.475,5.481,5.461,5.471,99038.18
2023-12-02 00:00:00+00:00,5.47,5.479,5.455,5.476,128246.62
2023-12-02 01:00:00+00:00,5.476,5.479,5.46,5.462,85451.11
2023-12-02 02:00:00+00:00,5.462,5.468,5.451,5.462,62618.25
2023-12-02 03:00:00+00:00,5.463,5.488,5.45,5.482,91408.0
2023-12-02 04:00:00+00:00,5.482,5.491,5.47,5.472,128322.83
2023-12-02 05:00:00+00:00,5.474,5.477,5.462,5.469,89807.58
2023-12-02 06:00:00+00:00,5.47,5.499,5.468,5.493,109767.91
2023-12-02 07:00:00+00:00,5.494,5.509,5.492,5.494,117844.75
2023-12-02 08:00:00+00:00,5.494,5.533,5.493,5.516,166157.38
2023-12-02 09:00:00+00:00,5.517,5.517,5.498,5.513,133085.18
2023-12-02 10:00:00+00:00,5.513,5.542,5.506,5.539,129836.13
2023-12-02 11:00:00+00:00,5.54,5.541,5.509,5.524,111314.25
2023-12-02 12:00:00+00:00,5.524,5.539,5.521,5.526,130141.71
2023-12-02 13:00:00+00:00,5.526,5.534,5.517,5.522,98905.75
2023-12-02 14:00:00+00:00,5.522,5.53,5.46,5.482,339876.62
2023-12-02 15:00:00+00:00,5.481,5.493,5.461,5.484,196240.44
2023-12-02 16:00:00+00:00,5.483,5.492,5.455,5.475,127580.04
2023-12-02 17:00:00+00:00,5.475,5.492,5.466,5.488,80021.0
2023-12-02 18:00:00+00:00,5.489,5.528,5.485,5.51,194524.72
2023-12-02 19:00:00+00:00,5.51,5.573,5.509,5.552,454972.87
2023-12-02 20:00:00+00:00,5.551,5.58,5.546,5.578,227139.58
2023-12-02 21:00:00+00:00,5.578,5.602,5.556,5.6,187140.89
2023-12-02 22:00:00+00:00,5.6,5.604,5.549,5.552,174400.75
2023-12-02 23:00:00+00:00,5.552,5.583,5.552,5.562,126242.03
2023-12-03 00:00:00+00:00,5.562,5.593,5.554,5.592,141120.14
2023-12-03 01:00:00+00:00,5.593,5.609,5.581,5.601,132102.97
2023-12-03 02:00:00+00:00,5.6,5.605,5.556,5.559,125018.87
2023-12-03 03:00:00+00:00,5.559,5.562,5.52,5.541,133574.05
2023-12-03 04:00:00+00:00,5.541,5.55,5.527,5.531,76140.86
2023-12-03 05:00:00+00:00,5.532,5.553,5.521,5.534,81049.52
2023-12-03 06:00:00+00:00,5.533,5.542,5.511,5.524,90634.42
2023-12-03 07:00:00+00:00,5.525,5.537,5.502,5.536,118971.31
2023-12-03 08:00:00+00:00,5.536,5.537,5.511,5.517,79141.92
2023-12-03 09:00:00+00:00,5.517,5.534,5.512,5.521,100797.77
2023-12-03 10:00:00+00:00,5.521,5.527,5.503,5.516,113951.43
2023-12-03 11:00:00+00:00,5.516,5.519,5.466,5.501,239252.91
2023-12-03 12:00:00+00:00,5.502,5.511,5.43,5.444,206602.88
2023-12-03 13:00:00+00:00,5.443,5.492,5.437,5.476,210673.82
2023-12-03 14:00:00+00:00,5.476,5.486,5.445,5.45,133554.23
2023-12-03 15:00:00+00:00,5.449,5.601,5.444,5.509,567884.73
2023-12-03 16:00:00+00:00,5.51,5.533,5.483,5.486,202581.55
2023-12-03 17:00:00+00:00,5.486,5.495,5.446,5.455,280491.54
2023-12-03 18:00:00+00:00,5.455,5.473,5.45,5.459,84162.02
2023-12-03 19:00:00+00:00,5.459,5.47,5.435,5.469,140922.14
2023-12-03 20:00:00+00:00,5.469,5.493,5.463,5.491,104099.24
2023-12-03 21:00:00+00:00,5.491,5.53,5.479,5.529,223720.63
2023-12-03 22:00:00+00:00,5.529,5.624,5.529,5.58,549654.43
2023-12-03 23:00:00+00:00,5.58,5.599,5.506,5.541,233696.87
2023-12-04 00:00:00+00:00,5.54,5.565,5.531,5.556,176208.99
2023-12-04 01:00:00+00:00,5.557,5.615,5.543,5.595,272815.73
2023-12-04 02:00:00+00:00,5.595,5.61,5.585,5.604,221623.23
2023-12-04 03:00:00+00:00,5.605,5.627,5.599,5.607,242602.21
2023-12-04 04:00:00+00:00,5.607,5.688,5.607,5.654,785385.64
2023-12-04 05:00:00+00:00,5.655,5.661,5.602,5.636,870474.64
2023-12-04 06:00:00+00:00,5.636,5.698,5.617,5.682,339066.59
2023-12-04 07:00:00+00:00,5.682,5.698,5.634,5.644,480391.41
2023-12-04 08:00:00+00:00,5.645,5.698,5.642,5.694,272086.74
2023-12-04 09:00:00+00:00,5.694,5.705,5.667,5.671,277333.2
2023-12-04 10:00:00+00:00,5.672,5.721,5.672,5.705,291236.55
2023-12-04 11:00:00+00:00,5.705,5.709,5.421,5.575,1159989.71
2023-12-04 12:00:00+00:00,5.576,5.662,5.548,5.656,371003.14
2023-12-04 13:00:00+00:00,5.654,5.663,5.544,5.562,279588.84
2023-12-04 14:00:00+00:00,5.562,5.569,5.5,5.527,349945.82
2023-12-04 15:00:00+00:00,5.527,5.536,5.473,5.49,275999.85
2023-12-04 16:00:00+00:00,5.49,5.571,5.484,5.567,182028.15
2023-12-04 17:00:00+00:00,5.568,5.582,5.524,5.53,148551.05
2023-12-04 18:00:00+00:00,5.531,5.567,5.53,5.54,165983.73
2023-12-04 19:00:00+00:00,5.539,5.57,5.525,5.568,172651.83
2023-12-04 20:00:00+00:00,5.568,5.597,5.562,5.578,253666.66
2023-12-04 21:00:00+00:00,5.576,5.587,5.563,5.579,169176.48
2023-12-04 22:00:00+00:00,5.58,5.618,5.551,5.571,210690.53
2023-12-04 23:00:00+00:00,5.573,5.634,5.567,5.632,270735.04
2023-12-05 00:00:00+00:00,5.633,5.693,5.6,5.689,300534.6
2023-12-05 01:00:00+00:00,5.689,5.694,5.613,5.633,323897.07
2023-12-05 02:00:00+00:00,5.633,5.635,5.55,5.599,192497.44
2023-12-05 03:00:00+00:00,5.599,5.624,5.593,5.606,166041.81
2023-12-05 04:00:00+00:00,5.606,5.613,5.577,5.613,134376.47
2023-12-05 05:00:00+00:00,5.613,5.696,5.603,5.643,1267969.69
2023-12-05 06:00:00+00:00,5.643,5.68,5.6,5.608,1508273.53
2023-12-05 07:00:00+00:00,5.609,5.67,5.56,5.628,800942.52
2023-12-05 08:00:00+00:00,5.628,5.727,5.597,5.649,864304.53
2023-12-05 09:00:00+00:00,5.65,5.667,5.579,5.588,449647.77
2023-12-05 10:00:00+00:00,5.588,5.603,5.52,5.523,492776.0
2023-12-05 11:00:00+00:00,5.522,5.561,5.511,5.536,241552.04
2023-12-05 12:00:00+00:00,5.535,5.569,5.525,5.549,259882.49
2023-12-05 13:00:00+00:00,5.55,5.591,5.515,5.52,229720.88
2023-12-05 14:00:00+00:00,5.521,5.567,5.513,5.555,182635.8
2023-12-05 15:00:00+00:00,5.555,5.634,5.544,5.629,280905.21
2023-12-05 16:00:00+00:00,5.63,5.684,5.601,5.677,381102.45
2023-12-05 17:00:00+00:00,5.678,5.736,5.654,5.732,619932.02
2023-12-05 18:00:00+00:00,5.732,5.783,5.704,5.744,565476.37
2023-12-05 19:00:00+00:00,5.744,5.832,5.737,5.783,1034824.6
2023-12-05 20:00:00+00:00,5.784,5.801,5.739,5.779,289162.42
2023-12-05 21:00:00+00:00,5.78,5.817,5.754,5.795,264968.54
2023-12-05 22:00:00+00:00,5.795,5.819,5.778,5.797,203707.0
2023-12-05 23:00:00+00:00,5.8,5.946,5.793,5.907,681688.58
2023-12-06 00:00:00+00:00,5.907,5.993,5.878,5.97,480791.96
2023-12-06 01:00:00+00:00,5.971,5.996,5.932,5.96,375720.33
2023-12-06 02:00:00+00:00,5.961,5.973,5.9,5.958,229476.51
2023-12-06 03:00:00+00:00,5.958,5.96,5.852,5.871,338729.68
2023-12-06 04:00:00+00:00,5.873,5.926,5.873,5.911,280043.15
2023-12-06 05:00:00+00:00,5.911,5.936,5.77,5.853,438881.99
2023-12-06 06:00:00+00:00,5.853,5.865,5.797,5.864,280858.81
2023-12-06 07:00:00+00:00,5.863,5.95,5.859,5.946,415848.26
2023-12-06 08:00:00+00:00,5.945,5.978,5.904,5.976,356016.01
2023-12-06 09:00:00+00:00,5.975,5.982,5.92,5.929,604865.84
2023-12-06 10:00:00+00:00,5.927,6.035,5.926,5.946,1142880.02
2023-12-06 11:00:00+00:00,5.947,5.958,5.792,5.95,1383964.95
2023-12-06 12:00:00+00:00,5.951,6.085,5.937,6.082,568353.88
2023-12-06 13:00:00+00:00,6.082,6.098,6.01,6.044,401787.5
2023-12-06 14:00:00+00:00,6.043,6.16,6.042,6.145,780093.46
2023-12-06 15:00:00+00:00,6.146,6.17,6.051,6.131,527121.69
2023-12-06 16:00:00+00:00,6.131,6.205,6.103,6.18,670491.15
2023-12-06 17:00:00+00:00,6.18,6.195,6.088,6.12,481185.79
2023-12-06 18:00:00+00:00,6.12,6.138,6.078,6.109,263606.95
2023-12-06 19:00:00+00:00,6.108,6.114,6.074,6.076,229551.74
2023-12-06 20:00:00+00:00,6.077,6.09,6.042,6.048,216407.18
2023-12-06 21:00:00+00:00,6.048,6.093,6.005,6.081,214581.2
2023-12-06 22:00:00+00:00,6.082,6.1,5.99,6.045,199113.29
2023-12-06 23:00:00+00:00,6.043,6.101,6.025,6.046,322142.3
2023-12-07 00:00:00+00:00,6.045,6.102,6.044,6.087,340550.33
2023-12-07 01:00:00+00:00,6.087,6.135,6.073,6.098,313881.94
2023-12-07 02:00:00+00:00,6.097,6.115,6.061,6.089,188747.15
2023-12-07 03:00:00+00:00,6.089,6.103,6.03,6.061,167875.15
2023-12-07 04:00:00+00:00,6.059,6.141,6.046,6.137,183112.36
2023-12-07 05:00:00+00:00,6.138,6.183,6.13,6.179,384005.09
2023-12-07 06:00:00+00:00,6.179,6.185,6.108,6.127,256841.35
2023-12-07 07:00:00+00:00,6.128,6.141,6.11,6.125,263049.72
2023-12-07 08:00:00+00:00,6.124,6.136,6.015,6.028,345923.56
2023-12-07 09:00:00+00:00,6.03,6.072,5.901,6.034,815422.55
2023-12-07 10:00:00+00:00,6.031,6.058,5.986,5.996,364811.26
2023-12-07 11:00:00+00:00,5.996,6.02,5.942,5.967,357239.44
2023-12-07 12:00:00+00:00,5.969,6.031,5.956,6.026,333640.85
2023-12-07 13:00:00+00:00,6.026,6.043,5.976,5.998,218387.3
2023-12-07 14:00:00+00:00,5.998,6.043,5.988,6.036,182838.81
2023-12-07 15:00:00+00:00,6.036,6.129,6.031,6.097,414122.26
2023-12-07 16:00:00+00:00,6.097,6.193,6.077,6.192,539049.7
2023-12-07 17:00:00+00:00,6.192,6.3,6.16,6.277,740439.78
2023-12-07 18:00:00+00:00,6.276,6.296,6.217,6.229,335909.56
2023-12-07 19:00:00+00:00,6.229,6.237,6.148,6.198,354077.72
2023-12-07 20:00:00+00:00,6.198,6.242,6.181,6.228,304064.55
2023-12-07 21:00:00+00:00,6.229,6.277,6.225,6.251,377434.38
2023-12-07 22:00:00+00:00,6.252,6.253,6.199,6.203,269234.14
2023-12-07 23:00:00+00:00,6.203,6.272,6.203,6.242,230740.38
2023-12-08 00:00:00+00:00,6.242,6.27,6.197,6.202,183946.72
2023-12-08 01:00:00+00:00,6.202,6.233,6.166,6.186,172372.83
2023-12-08 02:00:00+00:00,6.185,6.222,6.178,6.22,155063.94
2023-12-08 03:00:00+00:00,6.22,6.241,6.195,6.22,262038.57
2023-12-08 04:00:00+00:00,6.221,6.299,6.21,6.294,209999.74
2023-12-08 05:00:00+00:00,6.294,6.303,6.262,6.289,209134.72
2023-12-08 06:00:00+00:00,6.289,6.321,6.27,6.284,236108.13
2023-12-08 07:00:00+00:00,6.284,6.285,6.225,6.233,273183.37
2023-12-08 08:00:00+00:00,6.232,6.275,6.226,6.245,157213.19
2023-12-08 09:00:00+00:00,6.245,6.368,6.241,6.279,597309.25
2023-12-08 10:00:00+00:00,6.279,6.309,6.2,6.299,703188.97
2023-12-08 11:00:00+00:00,6.298,6.38,6.287,6.372,706375.08
2023-12-08 12:00:00+00:00,6.372,6.651,6.372,6.571,1677268.79
2023-12-08 13:00:00+00:00,6.571,6.682,6.553,6.662,768541.32
2023-12-08 14:00:00+00:00,6.663,6.697,6.562,6.638,566597.17
2023-12-08 15:00:00+00:00,6.638,6.679,6.6,6.679,456351.16
2023-12-08 16:00:00+00:00,6.679,6.809,6.638,6.687,1333029.18
2023-12-08 17:00:00+00:00,6.688,6.717,6.631,6.646,417509.98
2023-12-08 18:00:00+00:00,6.646,6.651,6.593,6.616,428481.62
2023-12-08 19:00:00+00:00,6.616,6.666,6.599,6.656,211601.09
2023-12-08 20:00:00+00:00,6.655,6.717,6.63,6.715,314424.64
2023-12-08 21:00:00+00:00,6.714,6.741,6.661,6.74,315660.79
2023-12-08 22:00:00+00:00,6.74,6.79,6.725,6.752,273249.06
2023-12-08 23:00:00+00:00,6.752,6.914,6.752,6.837,727310.62
2023-12-09 00:00:00+00:00,6.838,7.459,6.83,7.428,2123265.81
2023-12-09 01:00:00+00:00,7.426,7.446,7.18,7.303,1373570.96
2023-12-09 02:00:00+00:00,7.302,7.439,7.287,7.335,793009.91
2023-12-09 03:00:00+00:00,7.333,7.515,7.314,7.413,749198.96
2023-12-09 04:00:00+00:00,7.413,7.535,7.379,7.462,786370.58
2023-12-09 05:00:00+00:00,7.462,7.527,7.387,7.412,558214.4
2023-12-09 06:00:00+00:00,7.412,7.467,7.368,7.436,482475.09
2023-12-09 07:00:00+00:00,7.435,7.597,7.423,7.562,830659.22
2023-12-09 08:00:00+00:00,7.562,7.689,7.327,7.422,1580845.45
2023-12-09 09:00:00+00:00,7.423,7.617,7.423,7.451,852164.14
2023-12-09 10:00:00+00:00,7.452,7.554,7.43,7.554,454938.55
2023-12-09 11:00:00+00:00,7.555,7.596,7.481,7.588,521186.16
2023-12-09 12:00:00+00:00,7.587,7.635,7.478,7.499,727035.82
2023-12-09 13:00:00+00:00,7.498,7.516,7.419,7.42,555267.65
2023-12-09 14:00:00+00:00,7.419,7.466,7.283,7.364,975667.37
2023-12-09 15:00:00+00:00,7.363,7.386,7.299,7.317,442547.19
2023-12-09 16:00:00+00:00,7.317,7.35,7.168,7.197,652408.44
2023-12-09 17:00:00+00:00,7.197,7.205,7.05,7.083,827886.64
2023-12-09 18:00:00+00:00,7.084,7.263,7.082,7.248,375147.34
2023-12-09 19:00:00+00:00,7.248,7.293,7.215,7.286,214798.83
2023-12-09 20:00:00+00:00,7.288,7.288,7.198,7.224,230672.93
2023-12-09 21:00:00+00:00,7.224,7.252,7.172,7.223,174527.16
2023-12-09 22:00:00+00:00,7.223,7.262,7.135,7.164,182446.49
2023-12-09 23:00:00+00:00,7.162,7.182,7.016,7.101,520739.11
2023-12-10 00:00:00+00:00,7.102,7.285,7.101,7.242,490268.79
2023-12-10 01:00:00+00:00,7.242,7.328,7.24,7.267,284432.65
2023-12-10 02:00:00+00:00,7.267,7.285,7.221,7.236,154544.27
2023-12-10 03:00:00+00:00,7.235,7.294,7.231,7.26,142474.43
2023-12-10 04:00:00+00:00,7.259,7.323,7.241,7.309,189728.96
2023-12-10 05:00:00+00:00,7.31,7.315,7.263,7.282,158378.39
2023-12-10 06:00:00+00:00,7.281,7.291,7.229,7.244,183131.56
2023-12-10 07:00:00+00:00,7.245,7.246,7.156,7.2,248235.36
2023-12-10 08:00:00+00:00,7.2,7.208,7.094,7.11,325017.74
2023-12-10 09:00:00+00:00,7.111,7.128,6.962,6.962,526469.7
2023-12-10 10:00:00+00:00,6.962,7.066,6.959,7.066,339239.41
2023-12-10 11:00:00+00:00,7.066,7.105,7.053,7.088,236527.13
2023-12-10 12:00:00+00:00,7.088,7.237,7.088,7.19,428007.01
2023-12-10 13:00:00+00:00,7.191,7.238,7.167,7.196,277642.14
2023-12-10 14:00:00+00:00,7.195,7.266,7.175,7.231,297831.08
2023-12-10 15:00:00+00:00,7.232,7.262,7.21,7.221,203352.85
2023-12-10 16:00:00+00:00,7.218,7.238,7.177,7.179,192016.23
2023-12-10 17:00:00+00:00,7.18,7.186,7.104,7.142,259593.42
2023-12-10 18:00:00+00:00,7.142,7.224,7.141,7.169,203867.77
2023-12-10 19:00:00+00:00,7.169,7.191,7.133,7.176,143987.94
2023-12-10 20:00:00+00:00,7.176,7.319,7.173,7.307,575812.8
2023-12-10 21:00:00+00:00,7.307,7.32,7.206,7.225,403002.41
2023-12-10 22:00:00+00:00,7.224,7.265,7.203,7.265,180561.35
2023-12-10 23:00:00+00:00,7.264,7.362,7.222,7.348,336705.51
2023-12-11 00:00:00+00:00,7.348,7.361,7.178,7.186,395886.05
2023-12-11 01:00:00+00:00,7.188,7.23,7.079,7.206,363449.65
2023-12-11 02:00:00+00:00,7.207,7.215,6.285,6.717,1993762.37
2023-12-11 03:00:00+00:00,6.721,6.883,6.704,6.843,615839.32
2023-12-11 04:00:00+00:00,6.843,6.913,6.8,6.85,443879.08
2023-12-11 05:00:00+00:00,6.847,6.874,6.735,6.798,529403.45
2023-12-11 06:00:00+00:00,6.797,6.798,6.625,6.748,691573.89
2023-12-11 07:00:00+00:00,6.748,6.805,6.654,6.661,375029.88
2023-12-11 08:00:00+00:00,6.66,6.702,6.598,6.694,543255.37
2023-12-11 09:00:00+00:00,6.694,6.751,6.681,6.701,318148.39
2023-12-11 10:00:00+00:00,6.699,6.73,6.675,6.71,323638.04
2023-12-11 11:00:00+00:00,6.709,6.759,6.685,6.758,288589.0
2023-12-11 12:00:00+00:00,6.756,6.816,6.715,6.719,521199.12
2023-12-11 13:00:00+00:00,6.718,6.748,6.572,6.666,487866.08
2023-12-11 14:00:00+00:00,6.668,6.709,6.576,6.623,549795.56
2023-12-11 15:00:00+00:00,6.623,6.711,6.607,6.683,393562.02
2023-12-11 16:00:00+00:00,6.684,6.736,6.628,6.724,473345.46
2023-12-11 17:00:00+00:00,6.724,6.724,6.551,6.57,425126.34
2023-12-11 18:00:00+00:00,6.571,6.596,6.397,6.515,956035.99
2023-12-11 19:00:00+00:00,6.516,6.58,6.395,6.524,574235.52
2023-12-11 20:00:00+00:00,6.523,6.587,6.489,6.584,318148.36
2023-12-11 21:00:00+00:00,6.583,6.732,6.579,6.726,374978.5
2023-12-11 22:00:00+00:00,6.728,6.765,6.676,6.732,313689.0
2023-12-11 23:00:00+00:00,6.732,6.747,6.695,6.709,180958.73
2023-12-12 00:00:00+00:00,6.706,6.791,6.696,6.751,275004.25
2023-12-12 01:00:00+00:00,6.752,6.846,6.735,6.796,270829.22
2023-12-12 02:00:00+00:00,6.797,6.904,6.797,6.887,434989.24
2023-12-12 03:00:00+00:00,6.887,7.037,6.886,6.909,615628.81
2023-12-12 04:00:00+00:00,6.909,6.926,6.859,6.877,292779.35
2023-12-12 05:00:00+00:00,6.876,7.04,6.876,6.987,651658.64
2023-12-12 06:00:00+00:00,6.987,7.002,6.923,6.943,784163.78
2023-12-12 07:00:00+00:00,6.945,7.284,6.931,7.254,1343461.85
2023-12-12 08:00:00+00:00,7.254,7.293,7.101,7.171,764495.73
2023-12-12 09:00:00+00:00,7.171,7.171,7.073,7.093,446802.53
2023-12-12 10:00:00+00:00,7.092,7.214,7.091,7.209,372556.28
2023-12-12 11:00:00+00:00,7.207,7.226,7.109,7.141,435912.23
2023-12-12 12:00:00+00:00,7.141,7.232,7.114,7.23,620724.0
2023-12-12 13:00:00+00:00,7.23,7.296,7.149,7.202,1003049.59
2023-12-12 14:00:00+00:00,7.203,7.353,7.107,7.167,948049.23
2023-12-12 15:00:00+00:00,7.168,7.23,7.026,7.14,677638.09
2023-12-12 16:00:00+00:00,7.141,7.174,6.988,7.024,503157.9
2023-12-12 17:00:00+00:00,7.024,7.025,6.83,6.833,540972.79
2023-12-12 18:00:00+00:00,6.833,7.15,6.826,7.143,623243.09
2023-12-12 19:00:00+00:00,7.144,7.165,7.008,7.047,396502.89
2023-12-12 20:00:00+00:00,7.046,7.102,6.981,7.056,611942.94
2023-12-12 21:00:00+00:00,7.054,7.118,6.916,6.918,320172.04
2023-12-12 22:00:00+00:00,6.918,6.988,6.886,6.95,283439.46
2023-12-12 23:00:00+00:00,6.95,7.136,6.936,7.131,392841.49
2023-12-13 00:00:00+00:00,7.133,7.248,7.094,7.16,706394.77
2023-12-13 01:00:00+00:00,7.16,7.164,6.822,6.824,666142.99
2023-12-13 02:00:00+00:00,6.824,6.9,6.724,6.845,677317.67
2023-12-13 03:00:00+00:00,6.846,6.885,6.756,6.776,354445.95
2023-12-13 04:00:00+00:00,6.774,6.852,6.725,6.849,346507.03
2023-12-13 05:00:00+00:00,6.849,6.85,6.759,6.799,187949.16
2023-12-13 06:00:00+00:00,6.798,6.816,6.635,6.652,440763.3
2023-12-13 07:00:00+00:00,6.651,6.811,6.613,6.768,404613.87
2023-12-13 08:00:00+00:00,6.769,6.87,6.755,6.865,288536.3
2023-12-13 09:00:00+00:00,6.865,6.865,6.78,6.804,229341.33
2023-12-13 10:00:00+00:00,6.804,6.812,6.742,6.79,238176.76
2023-12-13 11:00:00+00:00,6.789,6.828,6.746,6.755,254364.28
2023-12-13 12:00:00+00:00,6.754,6.827,6.736,6.817,219599.51
2023-12-13 13:00:00+00:00,6.817,6.998,6.808,6.983,510073.07
2023-12-13 14:00:00+00:00,6.982,7.061,6.911,6.913,524396.11
2023-12-13 15:00:00+00:00,6.914,7.075,6.912,7.045,492068.3
2023-12-13 16:00:00+00:00,7.046,7.061,6.92,6.968,338823.84
2023-12-13 17:00:00+00:00,6.965,6.996,6.939,6.978,271082.18
2023-12-13 18:00:00+00:00,6.975,7.067,6.964,7.008,593363.6
2023-12-13 19:00:00+00:00,7.009,7.295,7.008,7.273,732115.63
2023-12-13 20:00:00+00:00,7.274,7.392,7.229,7.382,616166.89
2023-12-13 21:00:00+00:00,7.381,7.497,7.297,7.402,847770.12
2023-12-13 22:00:00+00:00,7.401,7.57,7.401,7.462,836412.35
2023-12-13 23:00:00+00:00,7.463,7.648,7.463,7.603,687539.92
2023-12-14 00:00:00+00:00,7.602,7.634,7.464,7.494,743772.85
2023-12-14 01:00:00+00:00,7.496,7.568,7.477,7.551,553216.66
2023-12-14 02:00:00+00:00,7.551,7.601,7.449,7.479,790006.51
2023-12-14 03:00:00+00:00,7.479,7.502,7.322,7.43,544804.85
2023-12-14 04:00:00+00:00,7.431,7.446,7.362,7.369,340212.41
2023-12-14 05:00:00+00:00,7.373,7.44,7.359,7.385,176524.53
2023-12-14 06:00:00+00:00,7.384,7.477,7.356,7.43,339622.11
2023-12-14 07:00:00+00:00,7.426,7.446,7.348,7.41,269064.35
2023-12-14 08:00:00+00:00,7.41,7.419,7.288,7.31,339458.29
2023-12-14 09:00:00+00:00,7.309,7.342,7.27,7.321,275793.76
2023-12-14 10:00:00+00:00,7.321,7.362,7.293,7.361,353404.72
2023-12-14 11:00:00+00:00,7.36,7.566,7.356,7.54,612574.12
2023-12-14 12:00:00+00:00,7.538,7.577,7.385,7.405,481348.9
2023-12-14 13:00:00+00:00,7.406,7.407,6.955,7.287,1356956.58
2023-12-14 14:00:00+00:00,7.289,7.335,7.208,7.265,401355.8
2023-12-14 15:00:00+00:00,7.264,7.289,7.198,7.262,287946.96
2023-12-14 16:00:00+00:00,7.262,7.34,7.262,7.28,252447.86
2023-12-14 17:00:00+00:00,7.277,7.62,7.273,7.396,1796496.1
2023-12-14 18:00:00+00:00,7.395,7.453,7.317,7.331,670640.21
2023-12-14 19:00:00+00:00,7.329,7.427,7.329,7.4,226573.58
2023-12-14 20:00:00+00:00,7.399,7.41,7.348,7.395,229728.75
2023-12-14 21:00:00+00:00,7.394,7.55,7.376,7.541,392508.5
2023-12-14 22:00:00+00:00,7.541,7.769,7.517,7.574,934115.08
2023-12-14 23:00:00+00:00,7.575,7.598,7.501,7.507,313169.43
2023-12-15 00:00:00+00:00,7.508,7.564,7.47,7.49,430459.18
2023-12-15 01:00:00+00:00,7.491,7.559,7.47,7.538,274302.68
2023-12-15 02:00:00+00:00,7.539,7.548,7.459,7.46,405414.01
2023-12-15 03:00:00+00:00,7.461,7.495,7.409,7.437,514600.39
2023-12-15 04:00:00+00:00,7.438,7.457,7.343,7.374,480329.0
2023-12-15 05:00:00+00:00,7.374,7.386,7.282,7.287,353939.68
2023-12-15 06:00:00+00:00,7.287,7.331,7.252,7.26,309375.0
2023-12-15 07:00:00+00:00,7.261,7.285,7.175,7.208,437570.65
2023-12-15 08:00:00+00:00,7.208,7.272,7.17,7.269,408270.35
2023-12-15 09:00:00+00:00,7.269,7.327,7.25,7.293,385588.03
2023-12-15 10:00:00+00:00,7.293,7.332,7.269,7.329,209960.19
2023-12-15 11:00:00+00:00,7.328,7.367,7.296,7.318,250558.16
2023-12-15 12:00:00+00:00,7.319,7.329,7.222,7.232,265451.81
2023-12-15 13:00:00+00:00,7.233,7.271,7.164,7.204,374912.49
2023-12-15 14:00:00+00:00,7.204,7.244,7.143,7.161,596297.08
2023-12-15 15:00:00+00:00,7.161,7.195,7.023,7.097,1336262.16
2023-12-15 16:00:00+00:00,7.096,7.163,7.068,7.105,331822.12
2023-12-15 17:00:00+00:00,7.105,7.15,7.08,7.082,225766.73
2023-12-15 18:00:00+00:00,7.08,7.183,7.077,7.176,154427.95
2023-12-15 19:00:00+00:00,7.176,7.191,7.033,7.057,1094427.8
2023-12-15 20:00:00+00:00,7.057,7.076,7.02,7.064,659481.91
2023-12-15 21:00:00+00:00,7.064,7.078,7.03,7.039,237285.91
2023-12-15 22:00:00+00:00,7.038,7.066,6.934,7.003,662236.01
2023-12-15 23:00:00+00:00,7.002,7.039,6.926,6.951,298165.62
2023-12-16 00:00:00+00:00,6.951,7.031,6.859,6.969,495504.58
2023-12-16 01:00:00+00:00,6.966,7.039,6.963,7.003,234531.06
2023-12-16 02:00:00+00:00,7.004,7.045,6.997,7.041,172742.56
2023-12-16 03:00:00+00:00,7.041,7.09,7.031,7.085,185930.92
2023-12-16 04:00:00+00:00,7.085,7.144,7.06,7.139,182089.14
2023-12-16 05:00:00+00:00,7.138,7.157,7.107,7.145,190799.96
2023-12-16 06:00:00+00:00,7.146,7.166,7.079,7.102,162698.35
2023-12-16 07:00:00+00:00,7.106,7.11,7.074,7.093,97598.05
2023-12-16 08:00:00+00:00,7.093,7.143,7.09,7.137,171024.17
2023-12-16 09:00:00+00:00,7.137,7.18,7.137,7.149,123042.57
2023-12-16 10:00:00+00:00,7.149,7.16,7.107,7.131,129332.84
2023-12-16 11:00:00+00:00,7.132,7.194,7.108,7.192,163625.24
2023-12-16 12:00:00+00:00,7.192,7.305,7.152,7.293,520795.32
2023-12-16 13:00:00+00:00,7.294,7.322,7.2,7.256,373385.35
2023-12-16 14:00:00+00:00,7.257,7.265,7.176,7.212,219670.01
2023-12-16 15:00:00+00:00,7.214,7.292,7.173,7.275,294700.86
2023-12-16 16:00:00+00:00,7.276,7.336,7.243,7.29,362319.21
2023-12-16 17:00:00+00:00,7.292,7.352,7.2,7.251,543730.98
2023-12-16 18:00:00+00:00,7.25,7.25,7.114,7.16,508044.91
2023-12-16 19:00:00+00:00,7.16,7.188,7.043,7.058,407663.04
2023-12-16 20:00:00+00:00,7.058,7.109,7.031,7.064,204003.43
2023-12-16 21:00:00+00:00,7.063,7.088,7.036,7.054,204590.33
2023-12-16 22:00:00+00:00,7.052,7.115,7.001,7.105,279513.2
2023-12-16 23:00:00+00:00,7.106,7.111,7.036,7.092,290410.82
2023-12-17 00:00:00+00:00,7.092,7.163,7.091,7.098,270299.52
2023-12-17 01:00:00+00:00,7.1,7.143,7.01,7.083,281882.91
2023-12-17 02:00:00+00:00,7.083,7.127,7.05,7.055,141910.48
2023-12-17 03:00:00+00:00,7.055,7.085,7.023,7.077,97820.52
2023-12-17 04:00:00+00:00,7.08,7.154,7.072,7.119,171649.85
2023-12-17 05:00:00+00:00,7.121,7.134,6.985,7.034,232727.03
2023-12-17 06:00:00+00:00,7.033,7.1,6.965,7.047,385001.9
2023-12-17 07:00:00+00:00,7.046,7.086,6.953,6.971,333237.27
2023-12-17 08:00:00+00:00,6.972,7.042,6.937,7.021,380658.81
2023-12-17 09:00:00+00:00,7.022,7.07,7.003,7.056,224728.2
2023-12-17 10:00:00+00:00,7.054,7.055,7.003,7.013,223894.65
2023-12-17 11:00:00+00:00,7.011,7.039,6.982,6.995,162913.81
2023-12-17 12:00:00+00:00,6.995,7.013,6.931,6.951,292803.26
2023-12-17 13:00:00+00:00,6.952,6.966,6.881,6.912,426250.41
2023-12-17 14:00:00+00:00,6.912,6.959,6.841,6.867,424436.09
2023-12-17 15:00:00+00:00,6.868,6.946,6.837,6.922,388526.26
2023-12-17 16:00:00+00:00,6.924,6.966,6.824,6.963,581374.92
2023-12-17 17:00:00+00:00,6.963,7.006,6.934,6.95,366373.19
2023-12-17 18:00:00+00:00,6.95,6.956,6.868,6.93,260597.67
2023-12-17 19:00:00+00:00,6.931,6.948,6.888,6.902,141565.07
2023-12-17 20:00:00+00:00,6.902,6.941,6.88,6.925,145121.31
2023-12-17 21:00:00+00:00,6.926,6.927,6.853,6.869,157777.68
2023-12-17 22:00:00+00:00,6.868,6.875,6.782,6.827,287314.28
2023-12-17 23:00:00+00:00,6.827,6.829,6.749,6.784,270878.75
2023-12-18 00:00:00+00:00,6.785,6.853,6.781,6.826,180813.45
2023-12-18 01:00:00+00:00,6.826,6.857,6.7,6.707,319249.98
2023-12-18 02:00:00+00:00,6.707,6.762,6.624,6.654,344796.17
2023-12-18 03:00:00+00:00,6.66,6.724,6.645,6.719,175823.1
2023-12-18 04:00:00+00:00,6.72,6.768,6.7,6.765,203500.16
2023-12-18 05:00:00+00:00,6.764,6.775,6.689,6.69,221517.32
2023-12-18 06:00:00+00:00,6.694,6.763,6.69,6.747,168271.1
2023-12-18 07:00:00+00:00,6.746,6.748,6.636,6.661,426379.74
2023-12-18 08:00:00+00:00,6.662,6.717,6.572,6.681,379617.93
2023-12-18 09:00:00+00:00,6.679,6.685,6.52,6.597,484753.19
2023-12-18 10:00:00+00:00,6.597,6.606,6.368,6.493,1063728.68
2023-12-18 11:00:00+00:00,6.493,6.561,6.478,6.536,320769.01
2023-12-18 12:00:00+00:00,6.536,6.538,6.468,6.476,190534.04
2023-12-18 13:00:00+00:00,6.478,6.616,6.472,6.608,376342.27
2023-12-18 14:00:00+00:00,6.607,6.7,6.582,6.663,434681.74
2023-12-18 15:00:00+00:00,6.664,6.674,6.593,6.598,287510.26
2023-12-18 16:00:00+00:00,6.598,6.659,6.576,6.646,165212.93
2023-12-18 17:00:00+00:00,6.646,6.697,6.635,6.65,214528.28
2023-12-18 18:00:00+00:00,6.651,6.687,6.627,6.687,147519.69
2023-12-18 19:00:00+00:00,6.688,6.72,6.671,6.695,191534.1
2023-12-18 20:00:00+00:00,6.695,6.784,6.643,6.764,280878.29
2023-12-18 21:00:00+00:00,6.763,6.857,6.762,6.851,389988.93
2023-12-18 22:00:00+00:00,6.853,6.866,6.81,6.845,226971.67
2023-12-18 23:00:00+00:00,6.845,6.886,6.834,6.885,219950.71
2023-12-19 00:00:00+00:00,6.884,6.912,6.836,6.864,234247.21
2023-12-19 01:00:00+00:00,6.865,6.986,6.84,6.978,220893.05
2023-12-19 02:00:00+00:00,6.977,6.998,6.923,6.926,241332.1
2023-12-19 03:00:00+00:00,6.926,6.945,6.901,6.929,130010.61
2023-12-19 04:00:00+00:00,6.929,6.957,6.877,6.943,261361.97
2023-12-19 05:00:00+00:00,6.944,6.946,6.902,6.93,120994.35
2023-12-19 06:00:00+00:00,6.931,6.96,6.898,6.922,233645.19
2023-12-19 07:00:00+00:00,6.922,6.99,6.907,6.974,138875.41
2023-12-19 08:00:00+00:00,6.974,7.049,6.94,6.941,400860.67
2023-12-19 09:00:00+00:00,6.944,6.974,6.872,6.9,327402.16
2023-12-19 10:00:00+00:00,6.899,6.925,6.856,6.889,312980.51
2023-12-19 11:00:00+00:00,6.888,6.91,6.833,6.834,225147.65
2023-12-19 12:00:00+00:00,6.834,6.893,6.821,6.826,253222.96
2023-12-19 13:00:00+00:00,6.826,6.866,6.82,6.822,183894.82
2023-12-19 14:00:00+00:00,6.821,6.834,6.703,6.723,489807.66
2023-12-19 15:00:00+00:00,6.723,6.808,6.7,6.769,267268.23
2023-12-19 16:00:00+00:00,6.77,6.824,6.75,6.77,249032.76
2023-12-19 17:00:00+00:00,6.771,6.779,6.621,6.629,338718.22
2023-12-19 18:00:00+00:00,6.63,6.73,6.612,6.73,215667.51
2023-12-19 19:00:00+00:00,6.731,6.765,6.701,6.729,192016.65
2023-12-19 20:00:00+00:00,6.73,6.764,6.673,6.694,115946.68
2023-12-19 21:00:00+00:00,6.693,6.755,6.688,6.753,91608.0
2023-12-19 22:00:00+00:00,6.753,6.753,6.681,6.707,102592.45
2023-12-19 23:00:00+00:00,6.702,6.734,6.673,6.706,127257.38
2023-12-20 00:00:00+00:00,6.706,6.766,6.699,6.741,169734.29
2023-12-20 01:00:00+00:00,6.742,6.755,6.638,6.668,169958.04
2023-12-20 02:00:00+00:00,6.669,6.736,6.618,6.733,144247.96
2023-12-20 03:00:00+00:00,6.733,6.774,6.722,6.77,103385.0
2023-12-20 04:00:00+00:00,6.77,6.867,6.759,6.853,229716.96
2023-12-20 05:00:00+00:00,6.853,6.859,6.812,6.845,140621.42
2023-12-20 06:00:00+00:00,6.846,6.883,6.823,6.832,214668.46
2023-12-20 07:00:00+00:00,6.832,6.912,6.818,6.903,422728.45
2023-12-20 08:00:00+00:00,6.903,6.971,6.873,6.915,291719.07
2023-12-20 09:00:00+00:00,6.916,7.073,6.911,7.019,754183.74
2023-12-20 10:00:00+00:00,7.019,7.025,6.935,6.966,584941.42
2023-12-20 11:00:00+00:00,6.966,7.009,6.917,6.993,325135.46
2023-12-20 12:00:00+00:00,6.993,7.018,6.948,6.972,355962.61
2023-12-20 13:00:00+00:00,6.972,7.108,6.972,7.103,654861.8
2023-12-20 14:00:00+00:00,7.102,7.136,7.025,7.037,716919.54
2023-12-20 15:00:00+00:00,7.035,7.105,7.014,7.076,439666.96
2023-12-20 16:00:00+00:00,7.075,7.082,6.951,6.98,560762.67
2023-12-20 17:00:00+00:00,6.978,7.05,6.978,7.047,399372.17
2023-12-20 18:00:00+00:00,7.047,7.072,7.025,7.048,395579.94
2023-12-20 19:00:00+00:00,7.047,7.061,6.965,6.966,259412.56
2023-12-20 20:00:00+00:00,6.967,6.985,6.822,6.881,683606.87
2023-12-20 21:00:00+00:00,6.882,6.948,6.849,6.879,267646.58
2023-12-20 22:00:00+00:00,6.878,6.954,6.869,6.921,164663.49
2023-12-20 23:00:00+00:00,6.92,6.951,6.892,6.951,172344.3
2023-12-21 00:00:00+00:00,6.952,7.116,6.915,7.022,644988.51
2023-12-21 01:00:00+00:00,7.022,7.13,6.967,7.056,926098.95
2023-12-21 02:00:00+00:00,7.056,7.109,7.017,7.098,480502.41
2023-12-21 03:00:00+00:00,7.099,7.192,7.077,7.125,588266.75
2023-12-21 04:00:00+00:00,7.125,7.185,7.112,7.157,352727.69
2023-12-21 05:00:00+00:00,7.156,7.254,7.152,7.223,568207.74
2023-12-21 06:00:00+00:00,7.223,7.395,7.222,7.375,1043209.97
2023-12-21 07:00:00+00:00,7.375,7.469,7.355,7.438,1010162.15
2023-12-21 08:00:00+00:00,7.438,7.619,7.405,7.526,1521415.23
2023-12-21 09:00:00+00:00,7.526,7.584,7.43,7.464,1090128.36
2023-12-21 10:00:00+00:00,7.463,7.572,7.45,7.542,599169.16
2023-12-21 11:00:00+00:00,7.54,7.586,7.503,7.565,560229.47
2023-12-21 12:00:00+00:00,7.564,7.625,7.484,7.515,668467.65
2023-12-21 13:00:00+00:00,7.518,7.699,7.513,7.65,909409.7
2023-12-21 14:00:00+00:00,7.65,7.853,7.541,7.576,2389190.05
2023-12-21 15:00:00+00:00,7.575,7.691,7.466,7.541,1583378.2
2023-12-21 16:00:00+00:00,7.541,7.886,7.526,7.885,1299815.73
2023-12-21 17:00:00+00:00,7.885,8.056,7.756,8.051,2142507.52
2023-12-21 18:00:00+00:00,8.05,8.323,8.046,8.187,2799697.09
2023-12-21 19:00:00+00:00,8.189,8.283,8.057,8.243,1349395.37
2023-12-21 20:00:00+00:00,8.242,8.304,8.131,8.29,1229294.68
2023-12-21 21:00:00+00:00,8.29,8.369,8.148,8.301,1299735.53
2023-12-21 22:00:00+00:00,8.301,8.371,8.144,8.213,1059258.82
2023-12-21 23:00:00+00:00,8.214,8.435,8.183,8.42,1051438.34
2023-12-22 00:00:00+00:00,8.422,8.474,8.272,8.395,1416766.47
2023-12-22 01:00:00+00:00,8.391,8.485,8.301,8.348,1728227.82
2023-12-22 02:00:00+00:00,8.347,8.58,8.211,8.251,1554126.62
2023-12-22 03:00:00+00:00,8.252,8.336,8.167,8.234,946172.43
2023-12-22 04:00:00+00:00,8.234,8.24,8.043,8.058,1200780.0
2023-12-22 05:00:00+00:00,8.059,8.195,8.05,8.147,646103.15
2023-12-22 06:00:00+00:00,8.146,8.177,7.952,7.989,982308.15
2023-12-22 07:00:00+00:00,7.989,8.042,7.841,7.942,1099527.22
2023-12-22 08:00:00+00:00,7.944,8.022,7.934,7.971,575670.43
2023-12-22 09:00:00+00:00,7.971,7.985,7.841,7.945,556934.27
2023-12-22 10:00:00+00:00,7.945,8.066,7.872,8.033,545150.75
2023-12-22 11:00:00+00:00,8.034,8.131,8.015,8.131,630026.97
2023-12-22 12:00:00+00:00,8.131,8.134,7.988,8.007,429855.54
2023-12-22 13:00:00+00:00,8.008,8.109,7.955,8.088,401312.77
2023-12-22 14:00:00+00:00,8.087,8.093,7.932,8.028,444350.91
2023-12-22 15:00:00+00:00,8.029,8.08,7.907,8.072,513789.79
2023-12-22 16:00:00+00:00,8.071,8.073,7.967,8.026,313136.07
2023-12-22 17:00:00+00:00,8.025,8.087,8.023,8.046,210784.38
2023-12-22 18:00:00+00:00,8.046,8.115,8.021,8.074,315658.6
2023-12-22 19:00:00+00:00,8.075,8.077,7.896,7.925,403658.02
2023-12-22 20:00:00+00:00,7.925,7.997,7.921,7.985,309101.98
2023-12-22 21:00:00+00:00,7.985,8.0,7.947,7.957,245651.06
2023-12-22 22:00:00+00:00,7.956,7.974,7.897,7.956,238520.66
2023-12-22 23:00:00+00:00,7.957,7.985,7.911,7.954,370864.6
2023-12-23 00:00:00+00:00,7.954,7.958,7.813,7.839,363942.69
2023-12-23 01:00:00+00:00,7.839,7.887,7.736,7.743,380711.34
2023-12-23 02:00:00+00:00,7.743,7.763,7.589,7.589,637791.5
2023-12-23 03:00:00+00:00,7.59,7.66,7.578,7.619,366647.24
2023-12-23 04:00:00+00:00,7.619,7.695,7.585,7.692,296665.08
2023-12-23 05:00:00+00:00,7.693,7.748,7.659,7.742,332262.93
2023-12-23 06:00:00+00:00,7.742,7.757,7.718,7.745,196420.8
2023-12-23 07:00:00+00:00,7.744,7.747,7.684,7.728,243268.24
2023-12-23 08:00:00+00:00,7.727,7.829,7.713,7.808,337467.83
2023-12-23 09:00:00+00:00,7.808,7.848,7.759,7.834,379254.76
2023-12-23 10:00:00+00:00,7.831,7.967,7.824,7.922,660195.54
2023-12-23 11:00:00+00:00,7.924,7.939,7.804,7.837,501114.21
2023-12-23 12:00:00+00:00,7.837,7.931,7.814,7.85,406031.17
2023-12-23 13:00:00+00:00,7.849,7.886,7.799,7.851,255493.69
2023-12-23 14:00:00+00:00,7.849,7.932,7.813,7.898,358420.86
2023-12-23 15:00:00+00:00,7.898,7.899,7.801,7.817,428778.2
2023-12-23 16:00:00+00:00,7.818,7.847,7.799,7.837,463670.11
2023-12-23 17:00:00+00:00,7.835,7.86,7.81,7.832,320304.41
2023-12-23 18:00:00+00:00,7.832,7.9,7.822,7.889,385040.68
2023-12-23 19:00:00+00:00,7.888,7.994,7.879,7.952,758867.88
2023-12-23 20:00:00+00:00,7.952,8.08,7.874,8.055,663911.88
2023-12-23 21:00:00+00:00,8.054,8.298,7.967,8.21,1493269.73
2023-12-23 22:00:00+00:00,8.209,8.429,8.143,8.411,1423513.14
2023-12-23 23:00:00+00:00,8.411,8.446,8.297,8.326,1095749.38
2023-12-24 00:00:00+00:00,8.326,8.686,8.315,8.576,2136287.43
2023-12-24 01:00:00+00:00,8.578,8.939,8.493,8.891,1607390.68
2023-12-24 02:00:00+00:00,8.892,8.96,8.777,8.779,1137395.84
2023-12-24 03:00:00+00:00,8.778,8.855,8.726,8.8,1043298.89
2023-12-24 04:00:00+00:00,8.799,8.8,8.649,8.684,924144.34
2023-12-24 05:00:00+00:00,8.685,8.688,8.426,8.487,1095039.49
2023-12-24 06:00:00+00:00,8.49,8.522,8.327,8.382,804081.17
2023-12-24 07:00:00+00:00,8.382,8.6,8.355,8.591,841704.83
2023-12-24 08:00:00+00:00,8.592,8.787,8.514,8.779,1403528.96
2023-12-24 09:00:00+00:00,8.78,8.921,8.669,8.903,1142905.67
2023-12-24 10:00:00+00:00,8.905,9.0,8.67,8.881,1941455.03
2023-12-24 11:00:00+00:00,8.879,9.144,8.852,9.057,2024211.39
2023-12-24 12:00:00+00:00,9.056,9.057,8.866,8.948,1062503.35
2023-12-24 13:00:00+00:00,8.948,9.2,8.916,9.067,1583943.01
2023-12-24 14:00:00+00:00,9.067,9.13,8.876,8.903,1321771.27
2023-12-24 15:00:00+00:00,8.904,9.025,8.836,8.931,877664.01
2023-12-24 16:00:00+00:00,8.931,8.966,8.774,8.96,997917.44
2023-12-24 17:00:00+00:00,8.959,9.005,8.867,8.94,808694.51
2023-12-24 18:00:00+00:00,8.94,9.03,8.881,8.971,845523.69
2023-12-24 19:00:00+00:00,8.972,8.975,8.8,8.868,443619.8
2023-12-24 20:00:00+00:00,8.87,8.941,8.732,8.762,514170.69
2023-12-24 21:00:00+00:00,8.763,8.869,8.706,8.722,379315.68
2023-12-24 22:00:00+00:00,8.722,8.768,8.5,8.618,1011254.53
2023-12-24 23:00:00+00:00,8.62,8.7,8.583,8.611,453916.22
2023-12-25 00:00:00+00:00,8.612,8.767,8.499,8.674,722315.06
2023-12-25 01:00:00+00:00,8.674,8.911,8.674,8.714,761410.06
2023-12-25 02:00:00+00:00,8.714,8.794,8.584,8.691,428621.1
2023-12-25 03:00:00+00:00,8.691,8.76,8.662,8.741,357574.48
2023-12-25 04:00:00+00:00,8.743,8.91,8.716,8.898,674311.98
2023-12-25 05:00:00+00:00,8.896,9.212,8.734,9.21,2050266.17
2023-12-25 06:00:00+00:00,9.21,9.4,9.137,9.284,1667275.99
2023-12-25 07:00:00+00:00,9.283,9.4,9.167,9.2,1373258.45
2023-12-25 08:00:00+00:00,9.2,9.31,9.093,9.124,1121032.78
2023-12-25 09:00:00+00:00,9.123,9.192,9.003,9.054,1023196.69
2023-12-25 10:00:00+00:00,9.054,9.24,9.05,9.232,572551.28
2023-12-25 11:00:00+00:00,9.233,9.29,9.125,9.142,666788.9
2023-12-25 12:00:00+00:00,9.139,9.262,9.049,9.248,688269.95
2023-12-25 13:00:00+00:00,9.248,9.269,9.1,9.14,522318.63
2023-12-25 14:00:00+00:00,9.14,9.206,9.054,9.202,428626.73
2023-12-25 15:00:00+00:00,9.202,9.249,9.118,9.167,721723.84
2023-12-25 16:00:00+00:00,9.168,9.173,8.906,8.948,1300077.43
2023-12-25 17:00:00+00:00,8.947,9.248,8.945,9.247,720863.37
2023-12-25 18:00:00+00:00,9.247,9.364,9.203,9.33,831135.99
2023-12-25 19:00:00+00:00,9.329,9.346,9.125,9.169,853793.24
2023-12-25 20:00:00+00:00,9.167,9.293,9.0,9.093,675988.33
2023-12-25 21:00:00+00:00,9.093,9.19,9.029,9.174,377083.68
2023-12-25 22:00:00+00:00,9.174,9.263,9.154,9.193,326342.75
2023-12-25 23:00:00+00:00,9.192,9.31,9.133,9.191,439289.3
2023-12-26 00:00:00+00:00,9.192,9.552,9.19,9.49,1284255.4
2023-12-26 01:00:00+00:00,9.49,9.593,9.326,9.399,722039.05
2023-12-26 02:00:00+00:00,9.398,9.472,9.333,9.338,313257.66
2023-12-26 03:00:00+00:00,9.338,9.399,9.268,9.297,311400.27
2023-12-26 04:00:00+00:00,9.297,9.408,9.292,9.369,288149.48
2023-12-26 05:00:00+00:00,9.369,9.376,9.0,9.063,931195.87
2023-12-26 06:00:00+00:00,9.063,9.2,8.893,8.997,1584932.99
2023-12-26 07:00:00+00:00,8.995,9.141,8.936,9.103,610068.75
2023-12-26 08:00:00+00:00,9.098,9.125,8.887,8.994,696027.78
2023-12-26 09:00:00+00:00,8.995,9.061,8.854,8.954,624795.67
2023-12-26 10:00:00+00:00,8.954,9.186,8.938,9.136,621243.06
2023-12-26 11:00:00+00:00,9.137,9.173,9.065,9.167,397184.35
2023-12-26 12:00:00+00:00,9.167,9.21,9.073,9.139,517601.98
2023-12-26 13:00:00+00:00,9.138,9.155,9.017,9.098,499213.82
2023-12-26 14:00:00+00:00,9.097,9.121,8.966,8.991,547223.8
2023-12-26 15:00:00+00:00,8.991,9.055,8.817,8.853,643477.35
2023-12-26 16:00:00+00:00,8.855,8.934,8.822,8.859,514490.06
2023-12-26 17:00:00+00:00,8.859,8.889,8.353,8.611,1206012.04
2023-12-26 18:00:00+00:00,8.613,8.706,8.528,8.687,638453.04
2023-12-26 19:00:00+00:00,8.688,8.741,8.629,8.643,445130.45
2023-12-26 20:00:00+00:00,8.641,8.755,8.635,8.681,352600.64
2023-12-26 21:00:00+00:00,8.681,8.794,8.672,8.758,447950.36
2023-12-26 22:00:00+00:00,8.758,8.842,8.738,8.835,319394.57
2023-12-26 23:00:00+00:00,8.835,8.848,8.755,8.819,406162.67
2023-12-27 00:00:00+00:00,8.819,8.827,8.676,8.691,310960.38
2023-12-27 01:00:00+00:00,8.692,8.757,8.679,8.719,160705.73
2023-12-27 02:00:00+00:00,8.72,8.722,8.48,8.504,437792.52
2023-12-27 03:00:00+00:00,8.504,8.565,8.402,8.465,327954.03
2023-12-27 04:00:00+00:00,8.464,8.605,8.46,8.577,253288.19
2023-12-27 05:00:00+00:00,8.578,8.622,8.522,8.611,209802.17
2023-12-27 06:00:00+00:00,8.61,8.648,8.564,8.587,235401.72
2023-12-27 07:00:00+00:00,8.585,8.696,8.53,8.677,453243.71
2023-12-27 08:00:00+00:00,8.677,8.971,8.672,8.962,706221.55
2023-12-27 09:00:00+00:00,8.962,8.985,8.818,8.821,584522.58
2023-12-27 10:00:00+00:00,8.82,8.939,8.814,8.883,466549.53
2023-12-27 11:00:00+00:00,8.882,8.905,8.774,8.834,255950.9
2023-12-27 12:00:00+00:00,8.833,8.839,8.727,8.781,499952.21
2023-12-27 13:00:00+00:00,8.782,8.845,8.739,8.823,379718.0
2023-12-27 14:00:00+00:00,8.824,8.893,8.666,8.832,501639.49
2023-12-27 15:00:00+00:00,8.832,9.063,8.8,8.92,1048705.61
2023-12-27 16:00:00+00:00,8.921,9.018,8.852,8.904,741765.79
2023-12-27 17:00:00+00:00,8.907,8.969,8.791,8.882,497087.62
2023-12-27 18:00:00+00:00,8.883,8.95,8.824,8.911,350575.75
2023-12-27 19:00:00+00:00,8.913,8.917,8.762,8.801,289746.05
2023-12-27 20:00:00+00:00,8.8,8.853,8.752,8.832,280462.15
2023-12-27 21:00:00+00:00,8.829,8.863,8.788,8.793,225140.47
2023-12-27 22:00:00+00:00,8.793,8.812,8.602,8.636,443954.77
2023-12-27 23:00:00+00:00,8.638,8.713,8.638,8.694,286413.16
2023-12-28 00:00:00+00:00,8.695,8.912,8.643,8.867,461444.06
2023-12-28 01:00:00+00:00,8.868,8.909,8.747,8.775,383846.45
2023-12-28 02:00:00+00:00,8.776,8.789,8.62,8.625,475853.99
2023-12-28 03:00:00+00:00,8.627,8.669,8.554,8.567,566057.16
2023-12-28 04:00:00+00:00,8.569,8.688,8.558,8.572,405261.66
2023-12-28 05:00:00+00:00,8.574,8.615,8.5,8.56,384741.29
2023-12-28 06:00:00+00:00,8.559,8.585,8.461,8.501,359466.28
2023-12-28 07:00:00+00:00,8.503,8.578,8.438,8.568,475200.54
2023-12-28 08:00:00+00:00,8.57,8.653,8.53,8.642,359550.56
2023-12-28 09:00:00+00:00,8.64,8.67,8.601,8.631,327289.16
2023-12-28 10:00:00+00:00,8.633,8.746,8.618,8.699,363181.89
2023-12-28 11:00:00+00:00,8.699,8.743,8.638,8.695,258687.21
2023-12-28 12:00:00+00:00,8.693,8.708,8.46,8.472,521170.34
2023-12-28 13:00:00+00:00,8.475,8.575,8.411,8.493,549310.47
2023-12-28 14:00:00+00:00,8.494,8.507,8.263,8.368,1128068.99
2023-12-28 15:00:00+00:00,8.368,8.408,8.3,8.378,540953.56
2023-12-28 16:00:00+00:00,8.377,8.466,8.338,8.417,312573.67
2023-12-28 17:00:00+00:00,8.419,8.487,8.378,8.4,292860.41
2023-12-28 18:00:00+00:00,8.4,8.467,8.347,8.401,228736.87
2023-12-28 19:00:00+00:00,8.402,8.47,8.4,8.44,236557.02
2023-12-28 20:00:00+00:00,8.441,8.442,8.306,8.399,234915.33
2023-12-28 21:00:00+00:00,8.4,8.447,8.313,8.35,183990.56
2023-12-28 22:00:00+00:00,8.351,8.45,8.327,8.449,132418.69
2023-12-28 23:00:00+00:00,8.45,8.5,8.413,8.426,240501.38
2023-12-29 00:00:00+00:00,8.427,8.508,8.272,8.311,571727.17
2023-12-29 01:00:00+00:00,8.311,8.339,8.136,8.212,843718.67
2023-12-29 02:00:00+00:00,8.21,8.313,8.186,8.31,407324.88
2023-12-29 03:00:00+00:00,8.311,8.47,8.311,8.43,325222.53
2023-12-29 04:00:00+00:00,8.433,8.488,8.385,8.405,365339.39
2023-12-29 05:00:00+00:00,8.407,8.44,8.354,8.434,389661.12
2023-12-29 06:00:00+00:00,8.435,8.481,8.391,8.448,400651.76
2023-12-29 07:00:00+00:00,8.448,8.488,8.277,8.305,462168.34
2023-12-29 08:00:00+00:00,8.305,8.614,8.301,8.56,529502.64
2023-12-29 09:00:00+00:00,8.56,8.622,8.513,8.592,562931.98
2023-12-29 10:00:00+00:00,8.59,8.608,8.491,8.504,362807.21
2023-12-29 11:00:00+00:00,8.505,8.594,8.501,8.564,398224.67
2023-12-29 12:00:00+00:00,8.562,8.58,8.452,8.485,437221.14
2023-12-29 13:00:00+00:00,8.485,8.661,8.443,8.638,552343.03
2023-12-29 14:00:00+00:00,8.638,8.686,8.574,8.68,540005.43
2023-12-29 15:00:00+00:00,8.679,8.681,8.3,8.358,900757.87
2023-12-29 16:00:00+00:00,8.359,8.412,8.184,8.194,974442.34
2023-12-29 17:00:00+00:00,8.196,8.279,8.143,8.21,691666.85
2023-12-29 18:00:00+00:00,8.211,8.29,8.202,8.274,278686.71
2023-12-29 19:00:00+00:00,8.274,8.3,8.211,8.269,235615.22
2023-12-29 20:00:00+00:00,8.268,8.27,8.205,8.242,233836.65
2023-12-29 21:00:00+00:00,8.241,8.302,8.189,8.22,220479.99
2023-12-29 22:00:00+00:00,8.219,8.24,8.049,8.217,455131.34
2023-12-29 23:00:00+00:00,8.222,8.293,8.201,8.291,141721.19
2023-12-30 00:00:00+00:00,8.291,8.382,8.267,8.364,180793.25
2023-12-30 01:00:00+00:00,8.365,8.427,8.328,8.413,168985.04
2023-12-30 02:00:00+00:00,8.416,8.44,8.298,8.326,172922.46
2023-12-30 03:00:00+00:00,8.324,8.447,8.324,8.36,198080.69
2023-12-30 04:00:00+00:00,8.361,8.464,8.357,8.444,155340.58
2023-12-30 05:00:00+00:00,8.443,8.489,8.406,8.451,253779.13
2023-12-30 06:00:00+00:00,8.45,8.455,8.393,8.407,157304.4
2023-12-30 07:00:00+00:00,8.41,8.41,8.303,8.32,243507.11
2023-12-30 08:00:00+00:00,8.32,8.349,8.173,8.182,435047.55
2023-12-30 09:00:00+00:00,8.182,8.236,8.095,8.128,336116.62
2023-12-30 10:00:00+00:00,8.13,8.209,8.122,8.203,122068.7
2023-12-30 11:00:00+00:00,8.204,8.238,8.188,8.205,117909.92
2023-12-30 12:00:00+00:00,8.205,8.28,8.189,8.222,191774.48
2023-12-30 13:00:00+00:00,8.222,8.243,8.172,8.228,128087.42
2023-12-30 14:00:00+00:00,8.228,8.33,8.227,8.329,191592.01
2023-12-30 15:00:00+00:00,8.329,8.389,8.292,8.384,269525.16
2023-12-30 16:00:00+00:00,8.387,8.403,8.285,8.319,287358.12
2023-12-30 17:00:00+00:00,8.319,8.4,8.275,8.35,310011.89
2023-12-30 18:00:00+00:00,8.351,8.36,8.277,8.317,166420.8
2023-12-30 19:00:00+00:00,8.315,8.358,8.277,8.309,144068.06
2023-12-30 20:00:00+00:00,8.308,8.355,8.285,8.309,138257.35
2023-12-30 21:00:00+00:00,8.31,8.399,8.305,8.389,90911.08
2023-12-30 22:00:00+00:00,8.389,8.421,8.29,8.336,160690.76
2023-12-30 23:00:00+00:00,8.336,8.399,8.325,8.346,127438.08
2023-12-31 00:00:00+00:00,8.346,8.416,8.321,8.35,244661.18
2023-12-31 01:00:00+00:00,8.349,8.35,8.254,8.268,406728.23
2023-12-31 02:00:00+00:00,8.266,8.287,8.147,8.185,172489.83
2023-12-31 03:00:00+00:00,8.183,8.223,8.153,8.211,127179.9
2023-12-31 04:00:00+00:00,8.21,8.288,8.204,8.265,132567.53
2023-12-31 05:00:00+00:00,8.269,8.31,8.26,8.281,94557.59
2023-12-31 06:00:00+00:00,8.282,8.348,8.275,8.304,114121.82
2023-12-31 07:00:00+00:00,8.306,8.615,8.302,8.568,1107435.06
2023-12-31 08:00:00+00:00,8.567,8.571,8.493,8.524,362119.97
2023-12-31 09:00:00+00:00,8.525,8.608,8.506,8.59,386539.36
2023-12-31 10:00:00+00:00,8.592,8.648,8.587,8.611,357997.3
2023-12-31 11:00:00+00:00,8.611,8.617,8.454,8.468,329418.65
2023-12-31 12:00:00+00:00,8.468,8.547,8.438,8.474,250607.47
2023-12-31 13:00:00+00:00,8.475,8.555,8.412,8.528,269070.12
2023-12-31 14:00:00+00:00,8.526,8.528,8.446,8.46,175893.87
2023-12-31 15:00:00+00:00,8.46,8.541,8.453,8.487,202593.34
2023-12-31 16:00:00+00:00,8.489,8.538,8.44,8.49,168788.39
2023-12-31 17:00:00+00:00,8.49,8.527,8.45,8.515,221465.98
2023-12-31 18:00:00+00:00,8.512,8.519,8.396,8.476,323930.92
2023-12-31 19:00:00+00:00,8.476,8.485,8.424,8.441,123410.8
2023-12-31 20:00:00+00:00,8.439,8.447,8.299,8.321,229350.34
2023-12-31 21:00:00+00:00,8.321,8.409,8.308,8.31,129950.3
2023-12-31 22:00:00+00:00,8.311,8.345,8.025,8.127,518346.36
2023-12-31 23:00:00+00:00,8.127,8.206,8.111,8.202,289763.68
2024-01-01 00:00:00+00:00,8.203,8.276,8.196,8.267,158476.33
2024-01-01 01:00:00+00:00,8.266,8.323,8.242,8.294,148722.07
2024-01-01 02:00:00+00:00,8.294,8.302,8.238,8.253,204002.68
2024-01-01 03:00:00+00:00,8.254,8.256,8.121,8.148,191483.4
2024-01-01 04:00:00+00:00,8.147,8.177,8.061,8.14,209313.7
2024-01-01 05:00:00+00:00,8.138,8.178,8.084,8.095,226610.17
2024-01-01 06:00:00+00:00,8.095,8.15,8.094,8.138,182171.08
2024-01-01 07:00:00+00:00,8.137,8.171,8.108,8.17,158004.82
2024-01-01 08:00:00+00:00,8.169,8.186,8.14,8.185,120510.26
2024-01-01 09:00:00+00:00,8.185,8.245,8.167,8.237,188587.96
2024-01-01 10:00:00+00:00,8.235,8.257,8.213,8.248,133385.04
2024-01-01 11:00:00+00:00,8.251,8.27,8.209,8.24,161180.64
2024-01-01 12:00:00+00:00,8.24,8.272,8.211,8.242,130280.38
2024-01-01 13:00:00+00:00,8.242,8.284,8.219,8.269,139680.47
2024-01-01 14:00:00+00:00,8.268,8.27,8.208,8.263,192879.4
2024-01-01 15:00:00+00:00,8.263,8.382,8.263,8.382,283601.02
2024-01-01 16:00:00+00:00,8.382,8.405,8.302,8.313,310566.33
2024-01-01 17:00:00+00:00,8.313,8.387,8.309,8.38,129653.08
2024-01-01 18:00:00+00:00,8.381,8.545,8.381,8.512,638879.96
2024-01-01 19:00:00+00:00,8.512,8.598,8.512,8.594,306740.0
2024-01-01 20:00:00+00:00,8.593,8.63,8.523,8.555,308068.4
2024-01-01 21:00:00+00:00,8.556,8.564,8.496,8.536,202917.66
2024-01-01 22:00:00+00:00,8.536,8.551,8.464,8.522,153818.3
2024-01-01 23:00:00+00:00,8.522,8.629,8.494,8.595,389269.08
2024-01-02 00:00:00+00:00,8.594,8.708,8.538,8.684,539083.13
2024-01-02 01:00:00+00:00,8.684,8.763,8.633,8.663,303530.85
2024-01-02 02:00:00+00:00,8.664,8.713,8.616,8.713,181569.5
2024-01-02 03:00:00+00:00,8.714,8.721,8.608,8.677,171864.43
2024-01-02 04:00:00+00:00,8.677,8.705,8.65,8.69,160360.61
2024-01-02 05:00:00+00:00,8.69,8.698,8.65,8.651,173522.84
2024-01-02 06:00:00+00:00,8.651,8.684,8.615,8.622,230464.42
2024-01-02 07:00:00+00:00,8.621,8.703,8.619,8.703,202086.34
2024-01-02 08:00:00+00:00,8.702,8.764,8.681,8.729,344989.44
2024-01-02 09:00:00+00:00,8.729,8.777,8.682,8.772,311641.47
2024-01-02 10:00:00+00:00,8.772,8.806,8.661,8.71,510281.87
2024-01-02 11:00:00+00:00,8.711,8.749,8.596,8.646,375640.93
2024-01-02 12:00:00+00:00,8.646,8.709,8.608,8.619,246622.82
2024-01-02 13:00:00+00:00,8.619,8.753,8.597,8.713,256967.49
2024-01-02 14:00:00+00:00,8.711,8.72,8.45,8.493,505405.46
2024-01-02 15:00:00+00:00,8.492,8.585,8.396,8.419,681324.17
2024-01-02 16:00:00+00:00,8.418,8.507,8.363,8.486,382575.62
2024-01-02 17:00:00+00:00,8.485,8.49,8.383,8.427,209523.34
2024-01-02 18:00:00+00:00,8.428,8.489,8.411,8.461,178218.87
2024-01-02 19:00:00+00:00,8.464,8.489,8.392,8.437,189244.48
2024-01-02 20:00:00+00:00,8.438,8.483,8.344,8.354,243540.43
2024-01-02 21:00:00+00:00,8.352,8.412,8.317,8.41,176730.18
2024-01-02 22:00:00+00:00,8.41,8.458,8.386,8.442,114877.16
2024-01-02 23:00:00+00:00,8.443,8.459,8.372,8.411,102200.46
2024-01-03 00:00:00+00:00,8.408,8.505,8.387,8.463,165594.82
2024-01-03 01:00:00+00:00,8.462,8.531,8.449,8.53,128267.32
2024-01-03 02:00:00+00:00,8.53,8.55,8.449,8.458,140840.02
2024-01-03 03:00:00+00:00,8.458,8.46,8.415,8.441,131330.17
2024-01-03 04:00:00+00:00,8.44,8.501,8.432,8.478,118788.13
2024-01-03 05:00:00+00:00,8.479,8.575,8.464,8.521,236505.89
2024-01-03 06:00:00+00:00,8.52,8.569,8.496,8.535,164185.79
2024-01-03 07:00:00+00:00,8.536,8.554,8.431,8.448,260940.48
2024-01-03 08:00:00+00:00,8.447,8.503,8.435,8.503,160818.93
2024-01-03 09:00:00+00:00,8.502,8.55,8.49,8.511,228776.32
2024-01-03 10:00:00+00:00,8.51,8.55,8.416,8.461,222104.39
2024-01-03 11:00:00+00:00,8.461,8.467,8.08,8.135,1071129.98
2024-01-03 12:00:00+00:00,8.136,8.149,6.5,7.658,5050567.35
2024-01-03 13:00:00+00:00,7.657,7.657,7.483,7.588,1573913.1
2024-01-03 14:00:00+00:00,7.589,7.592,7.345,7.472,1012763.7
2024-01-03 15:00:00+00:00,7.47,7.772,7.459,7.766,877353.58
2024-01-03 16:00:00+00:00,7.767,7.788,7.63,7.695,907948.02
2024-01-03 17:00:00+00:00,7.694,7.718,7.64,7.714,375094.12
2024-01-03 18:00:00+00:00,7.712,7.746,7.53,7.602,452408.83
2024-01-03 19:00:00+00:00,7.605,7.782,7.598,7.683,312779.06
2024-01-03 20:00:00+00:00,7.683,7.798,7.67,7.781,229128.41
2024-01-03 21:00:00+00:00,7.786,7.816,7.73,7.801,233733.3
2024-01-03 22:00:00+00:00,7.801,7.805,7.64,7.674,249152.06
2024-01-03 23:00:00+00:00,7.674,7.675,7.581,7.626,169836.17
2024-01-04 00:00:00+00:00,7.626,7.698,7.608,7.63,187943.65
2024-01-04 01:00:00+00:00,7.629,7.652,7.469,7.519,291841.81
2024-01-04 02:00:00+00:00,7.519,7.639,7.518,7.632,193901.04
2024-01-04 03:00:00+00:00,7.634,7.684,7.602,7.643,180568.05
2024-01-04 04:00:00+00:00,7.646,7.698,7.621,7.684,177893.42
2024-01-04 05:00:00+00:00,7.682,7.736,7.648,7.696,255202.95
2024-01-04 06:00:00+00:00,7.695,7.75,7.679,7.695,285276.06
2024-01-04 07:00:00+00:00,7.695,7.73,7.597,7.597,292229.35
2024-01-04 08:00:00+00:00,7.597,7.633,7.55,7.574,284244.68
2024-01-04 09:00:00+00:00,7.574,7.656,7.571,7.611,381841.8
2024-01-04 10:00:00+00:00,7.611,7.645,7.504,7.599,314270.87
2024-01-04 11:00:00+00:00,7.598,7.714,7.598,7.668,436602.11
2024-01-04 12:00:00+00:00,7.671,7.78,7.633,7.716,606410.28
2024-01-04 13:00:00+00:00,7.714,7.746,7.65,7.705,217394.12
2024-01-04 14:00:00+00:00,7.705,7.855,7.675,7.851,396044.97
2024-01-04 15:00:00+00:00,7.849,7.99,7.804,7.886,864053.83
2024-01-04 16:00:00+00:00,7.886,7.903,7.778,7.839,542791.73
2024-01-04 17:00:00+00:00,7.841,7.897,7.81,7.851,222447.27
2024-01-04 18:00:00+00:00,7.851,7.905,7.814,7.879,151445.14
2024-01-04 19:00:00+00:00,7.879,7.974,7.87,7.883,349385.65
2024-01-04 20:00:00+00:00,7.883,7.999,7.87,7.914,355969.84
2024-01-04 21:00:00+00:00,7.915,7.963,7.847,7.885,184629.55
2024-01-04 22:00:00+00:00,7.885,7.951,7.812,7.851,204421.23
2024-01-04 23:00:00+00:00,7.854,7.9,7.827,7.879,124099.87
2024-01-05 00:00:00+00:00,7.879,7.944,7.829,7.927,178505.05
2024-01-05 01:00:00+00:00,7.923,7.954,7.525,7.688,636114.45
2024-01-05 02:00:00+00:00,7.687,7.776,7.626,7.643,544717.97
2024-01-05 03:00:00+00:00,7.643,7.726,7.642,7.706,232153.63
2024-01-05 04:00:00+00:00,7.704,7.742,7.647,7.718,281318.69
2024-01-05 05:00:00+00:00,7.719,7.743,7.687,7.729,194501.69
2024-01-05 06:00:00+00:00,7.728,7.733,7.618,7.653,300717.09
2024-01-05 07:00:00+00:00,7.654,7.678,7.616,7.62,313538.5
2024-01-05 08:00:00+00:00,7.62,7.667,7.555,7.574,506892.33
2024-01-05 09:00:00+00:00,7.573,7.673,7.555,7.667,349762.55
2024-01-05 10:00:00+00:00,7.666,7.673,7.43,7.509,405541.25
2024-01-05 11:00:00+00:00,7.51,7.556,7.443,7.452,373807.85
2024-01-05 12:00:00+00:00,7.451,7.522,7.4,7.479,363719.4
2024-01-05 13:00:00+00:00,7.477,7.535,7.45,7.463,315554.46
2024-01-05 14:00:00+00:00,7.461,7.49,7.244,7.271,720955.33
2024-01-05 15:00:00+00:00,7.275,7.372,7.244,7.351,355501.13
2024-01-05 16:00:00+00:00,7.351,7.388,7.231,7.248,340325.55
2024-01-05 17:00:00+00:00,7.25,7.341,7.178,7.325,386082.32
2024-01-05 18:00:00+00:00,7.328,7.346,7.27,7.322,144424.5
2024-01-05 19:00:00+00:00,7.322,7.355,7.283,7.302,101199.58
2024-01-05 20:00:00+00:00,7.303,7.423,7.296,7.396,203874.14
2024-01-05 21:00:00+00:00,7.391,7.398,7.299,7.37,168315.56
2024-01-05 22:00:00+00:00,7.371,7.39,7.315,7.362,85662.69
2024-01-05 23:00:00+00:00,7.36,7.45,7.36,7.45,128068.9
2024-01-06 00:00:00+00:00,7.448,7.448,7.361,7.403,199014.41
2024-01-06 01:00:00+00:00,7.402,7.408,7.31,7.346,129083.9
2024-01-06 02:00:00+00:00,7.346,7.369,7.289,7.328,143308.33
2024-01-06 03:00:00+00:00,7.328,7.346,7.288,7.296,87043.79
2024-01-06 04:00:00+00:00,7.299,7.34,7.232,7.237,122219.13
2024-01-06 05:00:00+00:00,7.239,7.252,7.028,7.093,453004.29
2024-01-06 06:00:00+00:00,7.096,7.114,6.943,6.989,492897.3
2024-01-06 07:00:00+00:00,6.991,7.121,6.959,7.118,319577.56
2024-01-06 08:00:00+00:00,7.117,7.19,7.071,7.186,204131.12
2024-01-06 09:00:00+00:00,7.186,7.224,7.166,7.178,215241.8
2024-01-06 10:00:00+00:00,7.178,7.205,7.143,7.194,146403.37
2024-01-06 11:00:00+00:00,7.192,7.216,7.155,7.193,91226.35
2024-01-06 12:00:00+00:00,7.192,7.23,7.125,7.144,158027.68
2024-01-06 13:00:00+00:00,7.143,7.191,7.102,7.177,99149.81
2024-01-06 14:00:00+00:00,7.177,7.268,7.17,7.228,196798.51
2024-01-06 15:00:00+00:00,7.229,7.27,7.202,7.237,143162.98
2024-01-06 16:00:00+00:00,7.239,7.284,7.184,7.223,254206.27
2024-01-06 17:00:00+00:00,7.223,7.307,7.2,7.303,193244.65
2024-01-06 18:00:00+00:00,7.304,7.311,7.249,7.265,145236.53
2024-01-06 19:00:00+00:00,7.266,7.271,7.155,7.198,190613.2
2024-01-06 20:00:00+00:00,7.196,7.224,7.146,7.168,185907.42
2024-01-06 21:00:00+00:00,7.166,7.181,7.115,7.154,167884.45
2024-01-06 22:00:00+00:00,7.158,7.169,7.075,7.122,121968.83
2024-01-06 23:00:00+00:00,7.118,7.145,7.026,7.133,185093.81
2024-01-07 00:00:00+00:00,7.132,7.25,7.117,7.212,220230.17
2024-01-07 01:00:00+00:00,7.217,7.23,7.133,7.141,118982.51
2024-01-07 02:00:00+00:00,7.14,7.197,7.072,7.104,150061.55
2024-01-07 03:00:00+00:00,7.104,7.151,7.087,7.123,90042.69
2024-01-07 04:00:00+00:00,7.123,7.224,7.123,7.217,142125.92
2024-01-07 05:00:00+00:00,7.217,7.234,7.161,7.202,153894.03
2024-01-07 06:00:00+00:00,7.202,7.275,7.188,7.262,243420.86
2024-01-07 07:00:00+00:00,7.261,7.327,7.245,7.292,202929.92
2024-01-07 08:00:00+00:00,7.291,7.323,7.195,7.202,232338.49
2024-01-07 09:00:00+00:00,7.203,7.233,7.122,7.142,234562.54
2024-01-07 10:00:00+00:00,7.141,7.193,7.138,7.185,117468.51
2024-01-07 11:00:00+00:00,7.185,7.237,7.159,7.188,112828.67
2024-01-07 12:00:00+00:00,7.187,7.231,7.134,7.21,140662.82
2024-01-07 13:00:00+00:00,7.211,7.295,7.205,7.258,236823.16
2024-01-07 14:00:00+00:00,7.257,7.284,7.19,7.237,211847.67
2024-01-07 15:00:00+00:00,7.236,7.244,7.114,7.151,222912.59
2024-01-07 16:00:00+00:00,7.15,7.178,7.033,7.055,299200.16
2024-01-07 17:00:00+00:00,7.055,7.172,7.039,7.169,157964.48
2024-01-07 18:00:00+00:00,7.17,7.23,7.159,7.2,136517.85
2024-01-07 19:00:00+00:00,7.201,7.228,7.155,7.211,126802.43
2024-01-07 20:00:00+00:00,7.211,7.222,7.145,7.151,91934.15
2024-01-07 21:00:00+00:00,7.153,7.185,7.072,7.088,190460.13
2024-01-07 22:00:00+00:00,7.087,7.087,6.87,6.898,485484.67
2024-01-07 23:00:00+00:00,6.906,6.971,6.817,6.899,394479.36
2024-01-08 00:00:00+00:00,6.899,6.962,6.797,6.799,443980.36
2024-01-08 01:00:00+00:00,6.802,6.9,6.774,6.815,392538.19
2024-01-08 02:00:00+00:00,6.814,6.848,6.605,6.663,825030.25
2024-01-08 03:00:00+00:00,6.665,6.752,6.51,6.685,826291.18
2024-01-08 04:00:00+00:00,6.688,6.8,6.642,6.795,348113.77
2024-01-08 05:00:00+00:00,6.798,6.883,6.754,6.861,282117.43
2024-01-08 06:00:00+00:00,6.861,6.992,6.842,6.908,400250.94
2024-01-08 07:00:00+00:00,6.909,6.979,6.903,6.942,205060.04
2024-01-08 08:00:00+00:00,6.941,7.001,6.906,6.916,233026.65
2024-01-08 09:00:00+00:00,6.919,6.949,6.854,6.877,181324.2
2024-01-08 10:00:00+00:00,6.879,6.973,6.862,6.965,175324.73
2024-01-08 11:00:00+00:00,6.964,7.139,6.957,7.139,381787.4
2024-01-08 12:00:00+00:00,7.139,7.204,7.11,7.193,529252.38
2024-01-08 13:00:00+00:00,7.193,7.249,7.156,7.192,395626.72
2024-01-08 14:00:00+00:00,7.194,7.235,7.142,7.18,285771.11
2024-01-08 15:00:00+00:00,7.179,7.263,7.157,7.228,257078.92
2024-01-08 16:00:00+00:00,7.228,7.293,7.179,7.217,321580.37
2024-01-08 17:00:00+00:00,7.216,7.309,7.182,7.305,350182.29
2024-01-08 18:00:00+00:00,7.306,7.495,7.302,7.471,603671.16
2024-01-08 19:00:00+00:00,7.471,7.491,7.399,7.484,340610.92
2024-01-08 20:00:00+00:00,7.486,7.506,7.362,7.383,374323.37
2024-01-08 21:00:00+00:00,7.385,7.46,7.378,7.414,166186.78
2024-01-08 22:00:00+00:00,7.414,7.494,7.406,7.49,110262.33
2024-01-08 23:00:00+00:00,7.491,7.504,7.458,7.483,95105.93
2024-01-09 00:00:00+00:00,7.483,7.527,7.307,7.417,350186.04
2024-01-09 01:00:00+00:00,7.418,7.442,7.334,7.36,146889.82
2024-01-09 02:00:00+00:00,7.36,7.382,7.326,7.357,91024.74
2024-01-09 03:00:00+00:00,7.356,7.365,7.31,7.317,120466.73
2024-01-09 04:00:00+00:00,7.317,7.49,7.313,7.471,174710.9
2024-01-09 05:00:00+00:00,7.468,7.478,7.376,7.427,161696.4
2024-01-09 06:00:00+00:00,7.428,7.509,7.344,7.482,320023.97
2024-01-09 07:00:00+00:00,7.48,7.519,7.419,7.457,207604.37
2024-01-09 08:00:00+00:00,7.457,7.514,7.383,7.391,230050.48
2024-01-09 09:00:00+00:00,7.392,7.416,7.279,7.313,263683.83
2024-01-09 10:00:00+00:00,7.314,7.422,7.311,7.401,233838.66
2024-01-09 11:00:00+00:00,7.401,7.477,7.311,7.315,354302.21
2024-01-09 12:00:00+00:00,7.315,7.346,7.009,7.115,594317.13
2024-01-09 13:00:00+00:00,7.117,7.25,7.104,7.223,484123.27
2024-01-09 14:00:00+00:00,7.222,7.249,7.1,7.111,313225.79
2024-01-09 15:00:00+00:00,7.108,7.208,7.062,7.136,344131.54
2024-01-09 16:00:00+00:00,7.136,7.159,7.033,7.085,281646.17
2024-01-09 17:00:00+00:00,7.085,7.107,7.042,7.062,196808.66
2024-01-09 18:00:00+00:00,7.062,7.121,7.038,7.094,198231.02
2024-01-09 19:00:00+00:00,7.093,7.095,6.955,7.031,217240.92
2024-01-09 20:00:00+00:00,7.033,7.052,6.908,6.921,255125.95
2024-01-09 21:00:00+00:00,6.923,7.194,6.918,6.985,1070660.19
2024-01-09 22:00:00+00:00,6.986,7.185,6.963,7.124,236445.94
2024-01-09 23:00:00+00:00,7.124,7.131,7.04,7.129,142736.21
2024-01-10 00:00:00+00:00,7.128,7.224,7.092,7.155,207679.48
2024-01-10 01:00:00+00:00,7.157,7.2,7.142,7.197,146501.47
2024-01-10 02:00:00+00:00,7.198,7.202,7.084,7.096,134466.97
2024-01-10 03:00:00+00:00,7.099,7.174,7.086,7.138,70310.24
2024-01-10 04:00:00+00:00,7.137,7.182,7.112,7.148,74394.37
2024-01-10 05:00:00+00:00,7.147,7.188,7.118,7.167,130412.79
2024-01-10 06:00:00+00:00,7.168,7.17,7.101,7.137,104054.93
2024-01-10 07:00:00+00:00,7.136,7.147,7.069,7.072,102517.76
2024-01-10 08:00:00+00:00,7.072,7.1,6.977,7.009,250502.54
2024-01-10 09:00:00+00:00,7.009,7.226,7.009,7.191,305250.04
2024-01-10 10:00:00+00:00,7.187,7.225,7.154,7.159,232016.93
2024-01-10 11:00:00+00:00,7.159,7.2,7.068,7.139,179290.52
2024-01-10 12:00:00+00:00,7.138,7.141,6.8,6.877,793192.03
2024-01-10 13:00:00+00:00,6.88,6.971,6.832,6.945,410124.24
2024-01-10 14:00:00+00:00,6.943,7.004,6.914,6.931,229878.6
2024-01-10 15:00:00+00:00,6.931,7.096,6.903,7.081,389168.67
2024-01-10 16:00:00+00:00,7.079,7.106,7.017,7.019,221913.91
2024-01-10 17:00:00+00:00,7.019,7.158,7.007,7.158,221205.74
2024-01-10 18:00:00+00:00,7.158,7.254,7.123,7.157,308125.12
2024-01-10 19:00:00+00:00,7.155,7.261,7.133,7.256,391580.88
2024-01-10 20:00:00+00:00,7.255,7.39,7.115,7.38,1669093.54
2024-01-10 21:00:00+00:00,7.38,7.849,7.355,7.838,1469409.44
2024-01-10 22:00:00+00:00,7.839,8.009,7.802,7.921,894208.4
2024-01-10 23:00:00+00:00,7.92,8.091,7.869,7.991,1032242.55
2024-01-11 00:00:00+00:00,7.99,8.079,7.93,8.04,965086.15
2024-01-11 01:00:00+00:00,8.04,8.196,7.968,8.064,777927.5
2024-01-11 02:00:00+00:00,8.065,8.228,8.045,8.152,378225.99
2024-01-11 03:00:00+00:00,8.152,8.25,8.088,8.217,377714.31
2024-01-11 04:00:00+00:00,8.216,8.296,8.182,8.185,406687.96
2024-01-11 05:00:00+00:00,8.184,8.199,8.014,8.044,372980.01
2024-01-11 06:00:00+00:00,8.044,8.057,7.85,8.019,1014940.93
2024-01-11 07:00:00+00:00,8.019,8.398,8.012,8.339,1480936.55
2024-01-11 08:00:00+00:00,8.339,8.449,8.273,8.37,521546.94
2024-01-11 09:00:00+00:00,8.369,8.383,8.287,8.287,297359.28
2024-01-11 10:00:00+00:00,8.286,8.395,8.285,8.349,312612.27
2024-01-11 11:00:00+00:00,8.349,8.419,8.25,8.4,476706.0
2024-01-11 12:00:00+00:00,8.399,8.555,8.391,8.538,681559.75
2024-01-11 13:00:00+00:00,8.538,8.58,8.35,8.47,729266.87
2024-01-11 14:00:00+00:00,8.469,8.524,8.307,8.441,930016.12
2024-01-11 15:00:00+00:00,8.441,8.452,8.143,8.236,892022.47
2024-01-11 16:00:00+00:00,8.234,8.285,8.04,8.161,926419.01
2024-01-11 17:00:00+00:00,8.159,8.247,8.098,8.201,254727.95
2024-01-11 18:00:00+00:00,8.201,8.218,8.143,8.201,126777.64
2024-01-11 19:00:00+00:00,8.198,8.25,8.14,8.226,164216.82
2024-01-11 20:00:00+00:00,8.225,8.324,8.105,8.133,293262.22
2024-01-11 21:00:00+00:00,8.133,8.207,8.103,8.115,170279.9
2024-01-11 22:00:00+00:00,8.113,8.153,8.05,8.135,160147.99
2024-01-11 23:00:00+00:00,8.136,8.184,8.115,8.148,124804.45
2024-01-12 00:00:00+00:00,8.147,8.212,8.108,8.199,274648.53
2024-01-12 01:00:00+00:00,8.198,8.199,8.03,8.118,225503.83
2024-01-12 02:00:00+00:00,8.118,8.17,8.086,8.17,141337.32
2024-01-12 03:00:00+00:00,8.169,8.169,8.058,8.076,128807.55
2024-01-12 04:00:00+00:00,8.075,8.156,8.062,8.1,194419.44
2024-01-12 05:00:00+00:00,8.1,8.199,8.076,8.171,170302.25
2024-01-12 06:00:00+00:00,8.17,8.195,8.088,8.094,209391.03
2024-01-12 07:00:00+00:00,8.091,8.119,8.026,8.069,239560.45
2024-01-12 08:00:00+00:00,8.068,8.096,7.968,8.043,459878.0
2024-01-12 09:00:00+00:00,8.045,8.099,7.962,8.062,381201.52
2024-01-12 10:00:00+00:00,8.061,8.072,8.01,8.057,296452.49
2024-01-12 11:00:00+00:00,8.057,8.119,8.023,8.064,279144.54
2024-01-12 12:00:00+00:00,8.066,8.158,8.008,8.061,354613.13
2024-01-12 13:00:00+00:00,8.062,8.181,8.038,8.162,246025.47
2024-01-12 14:00:00+00:00,8.162,8.211,8.048,8.109,438878.58
2024-01-12 15:00:00+00:00,8.11,8.121,7.837,7.895,853315.08
2024-01-12 16:00:00+00:00,7.896,7.953,7.626,7.733,890961.88
2024-01-12 17:00:00+00:00,7.732,7.817,7.556,7.812,734737.7
2024-01-12 18:00:00+00:00,7.811,7.847,7.714,7.771,339519.51
2024-01-12 19:00:00+00:00,7.771,7.8,7.714,7.763,299796.95
2024-01-12 20:00:00+00:00,7.763,7.812,7.757,7.779,169474.75
2024-01-12 21:00:00+00:00,7.78,7.793,7.563,7.643,345395.77
2024-01-12 22:00:00+00:00,7.644,7.651,7.31,7.511,784422.37
2024-01-12 23:00:00+00:00,7.51,7.582,7.5,7.567,230754.04
2024-01-13 00:00:00+00:00,7.566,7.613,7.5,7.527,480291.96
2024-01-13 01:00:00+00:00,7.527,7.559,7.37,7.553,331389.9
2024-01-13 02:00:00+00:00,7.554,7.644,7.52,7.585,170778.62
2024-01-13 03:00:00+00:00,7.584,7.62,7.559,7.588,106274.22
2024-01-13 04:00:00+00:00,7.588,7.632,7.578,7.621,98736.39
2024-01-13 05:00:00+00:00,7.619,7.697,7.596,7.685,221613.21
2024-01-13 06:00:00+00:00,7.685,7.724,7.661,7.707,147048.28
2024-01-13 07:00:00+00:00,7.707,7.75,7.689,7.693,171276.87
2024-01-13 08:00:00+00:00,7.693,7.746,7.679,7.7,141004.02
2024-01-13 09:00:00+00:00,7.701,7.711,7.622,7.639,250543.4
2024-01-13 10:00:00+00:00,7.639,7.66,7.585,7.632,185490.13
2024-01-13 11:00:00+00:00,7.634,7.654,7.59,7.647,240513.23
2024-01-13 12:00:00+00:00,7.646,7.689,7.626,7.656,107507.55
2024-01-13 13:00:00+00:00,7.657,7.67,7.613,7.637,112333.12
2024-01-13 14:00:00+00:00,7.634,7.65,7.575,7.619,144305.28
2024-01-13 15:00:00+00:00,7.619,7.753,7.619,7.705,241551.53
2024-01-13 16:00:00+00:00,7.706,7.714,7.642,7.656,158595.65
2024-01-13 17:00:00+00:00,7.655,7.743,7.617,7.69,180408.23
2024-01-13 18:00:00+00:00,7.686,7.702,7.646,7.654,123876.05
2024-01-13 19:00:00+00:00,7.654,7.69,7.622,7.625,160189.87
2024-01-13 20:00:00+00:00,7.625,7.701,7.606,7.651,367508.53
2024-01-13 21:00:00+00:00,7.648,7.662,7.609,7.659,98806.44
2024-01-13 22:00:00+00:00,7.66,7.668,7.617,7.655,109937.24
2024-01-13 23:00:00+00:00,7.655,7.662,7.596,7.617,131460.82
2024-01-14 00:00:00+00:00,7.618,7.627,7.517,7.536,123376.54
2024-01-14 01:00:00+00:00,7.535,7.586,7.533,7.563,92532.73
2024-01-14 02:00:00+00:00,7.565,7.565,7.511,7.544,115237.66
2024-01-14 03:00:00+00:00,7.543,7.575,7.501,7.512,134950.32
2024-01-14 04:00:00+00:00,7.51,7.53,7.462,7.472,119463.88
2024-01-14 05:00:00+00:00,7.471,7.591,7.471,7.591,89218.91
2024-01-14 06:00:00+00:00,7.591,7.67,7.581,7.647,153013.83
2024-01-14 07:00:00+00:00,7.646,7.665,7.608,7.614,117725.86
2024-01-14 08:00:00+00:00,7.612,7.666,7.595,7.665,81974.58
2024-01-14 09:00:00+00:00,7.664,7.694,7.625,7.687,123355.49
2024-01-14 10:00:00+00:00,7.687,7.699,7.636,7.641,177327.78
2024-01-14 11:00:00+00:00,7.643,7.643,7.568,7.581,131629.42
2024-01-14 12:00:00+00:00,7.581,7.599,7.539,7.552,127140.0
2024-01-14 13:00:00+00:00,7.553,7.609,7.533,7.609,108517.15
2024-01-14 14:00:00+00:00,7.61,7.662,7.596,7.62,206007.65
2024-01-14 15:00:00+00:00,7.621,7.674,7.614,7.67,89731.28
2024-01-14 16:00:00+00:00,7.671,7.695,7.573,7.6,180515.35
2024-01-14 17:00:00+00:00,7.599,7.67,7.586,7.646,124655.17
2024-01-14 18:00:00+00:00,7.646,7.679,7.571,7.602,132899.09
2024-01-14 19:00:00+00:00,7.603,7.614,7.467,7.476,223967.19
2024-01-14 20:00:00+00:00,7.476,7.537,7.4,7.479,241835.95
2024-01-14 21:00:00+00:00,7.48,7.526,7.414,7.526,187068.03
2024-01-14 22:00:00+00:00,7.526,7.546,7.44,7.443,117761.85
2024-01-14 23:00:00+00:00,7.444,7.459,7.316,7.319,286310.59
2024-01-15 00:00:00+00:00,7.319,7.44,7.308,7.434,195651.47
2024-01-15 01:00:00+00:00,7.437,7.49,7.407,7.478,108675.27
2024-01-15 02:00:00+00:00,7.481,7.544,7.455,7.541,77548.34
2024-01-15 03:00:00+00:00,7.542,7.646,7.536,7.605,204665.48
2024-01-15 04:00:00+00:00,7.605,7.641,7.585,7.637,149204.76
2024-01-15 05:00:00+00:00,7.637,7.685,7.594,7.612,156941.99
2024-01-15 06:00:00+00:00,7.613,7.638,7.581,7.586,160275.63
2024-01-15 07:00:00+00:00,7.586,7.596,7.513,7.531,118780.4
2024-01-15 08:00:00+00:00,7.531,7.587,7.506,7.568,494081.29
2024-01-15 09:00:00+00:00,7.565,7.648,7.533,7.64,145620.64
2024-01-15 10:00:00+00:00,7.64,7.684,7.609,7.635,208625.93
2024-01-15 11:00:00+00:00,7.637,7.655,7.573,7.578,172602.82
2024-01-15 12:00:00+00:00,7.578,7.614,7.524,7.549,177697.55
2024-01-15 13:00:00+00:00,7.549,7.668,7.548,7.639,165558.49
2024-01-15 14:00:00+00:00,7.637,7.646,7.443,7.457,251169.02
2024-01-15 15:00:00+00:00,7.457,7.503,7.404,7.418,199098.34
2024-01-15 16:00:00+00:00,7.418,7.558,7.413,7.538,179840.92
2024-01-15 17:00:00+00:00,7.538,7.581,7.518,7.569,134872.32
2024-01-15 18:00:00+00:00,7.568,7.692,7.56,7.631,272145.79
2024-01-15 19:00:00+00:00,7.633,7.678,7.614,7.626,161022.94
2024-01-15 20:00:00+00:00,7.627,7.671,7.557,7.579,136934.81
2024-01-15 21:00:00+00:00,7.58,7.586,7.537,7.543,89440.58
2024-01-15 22:00:00+00:00,7.546,7.558,7.44,7.501,150374.5
2024-01-15 23:00:00+00:00,7.502,7.538,7.489,7.509,98839.13
2024-01-16 00:00:00+00:00,7.509,7.567,7.502,7.555,103893.67
2024-01-16 01:00:00+00:00,7.554,7.612,7.515,7.537,133126.44
2024-01-16 02:00:00+00:00,7.537,7.574,7.506,7.527,78092.72
2024-01-16 03:00:00+00:00,7.526,7.596,7.525,7.596,78815.83
2024-01-16 04:00:00+00:00,7.596,7.603,7.547,7.557,80973.65
2024-01-16 05:00:00+00:00,7.557,7.605,7.527,7.529,77600.23
2024-01-16 06:00:00+00:00,7.531,7.537,7.5,7.531,91721.66
2024-01-16 07:00:00+00:00,7.53,7.553,7.484,7.553,132311.31
2024-01-16 08:00:00+00:00,7.553,7.654,7.539,7.653,258206.48
2024-01-16 09:00:00+00:00,7.652,7.688,7.61,7.612,253244.19
2024-01-16 10:00:00+00:00,7.611,7.619,7.55,7.553,122946.86
2024-01-16 11:00:00+00:00,7.553,7.569,7.461,7.524,276557.37
2024-01-16 12:00:00+00:00,7.521,7.581,7.502,7.581,217144.05
2024-01-16 13:00:00+00:00,7.581,7.589,7.459,7.466,201043.7
2024-01-16 14:00:00+00:00,7.465,7.497,7.339,7.458,479157.09
2024-01-16 15:00:00+00:00,7.456,7.539,7.414,7.515,292427.77
2024-01-16 16:00:00+00:00,7.515,7.55,7.462,7.483,256019.42
2024-01-16 17:00:00+00:00,7.483,7.491,7.449,7.46,150730.63
2024-01-16 18:00:00+00:00,7.462,7.485,7.396,7.429,284643.0
2024-01-16 19:00:00+00:00,7.429,7.47,7.406,7.456,155201.14
2024-01-16 20:00:00+00:00,7.458,7.532,7.451,7.532,218952.28
2024-01-16 21:00:00+00:00,7.532,7.577,7.52,7.575,177873.23
2024-01-16 22:00:00+00:00,7.575,7.604,7.538,7.541,172740.49
2024-01-16 23:00:00+00:00,7.54,7.562,7.482,7.493,138785.8
2024-01-17 00:00:00+00:00,7.492,7.513,7.463,7.497,91121.8
2024-01-17 01:00:00+00:00,7.498,7.563,7.471,7.542,245887.06
2024-01-17 02:00:00+00:00,7.544,7.597,7.541,7.575,232483.3
2024-01-17 03:00:00+00:00,7.575,7.575,7.493,7.493,106283.9
2024-01-17 04:00:00+00:00,7.495,7.511,7.454,7.459,169141.62
2024-01-17 05:00:00+00:00,7.459,7.483,7.416,7.418,143352.58
2024-01-17 06:00:00+00:00,7.418,7.476,7.412,7.45,133926.76
2024-01-17 07:00:00+00:00,7.45,7.461,7.361,7.371,207384.02
2024-01-17 08:00:00+00:00,7.372,7.409,7.35,7.4,190970.1
2024-01-17 09:00:00+00:00,7.398,7.424,7.384,7.394,134758.42
2024-01-17 10:00:00+00:00,7.393,7.43,7.373,7.424,232432.37
2024-01-17 11:00:00+00:00,7.424,7.427,7.39,7.394,262341.99
2024-01-17 12:00:00+00:00,7.394,7.467,7.371,7.462,195294.95
2024-01-17 13:00:00+00:00,7.458,7.458,7.376,7.4,133682.16
2024-01-17 14:00:00+00:00,7.4,7.453,7.35,7.382,311512.11
2024-01-17 15:00:00+00:00,7.383,7.421,7.323,7.343,258812.41
2024-01-17 16:00:00+00:00,7.343,7.362,7.32,7.351,144963.93
2024-01-17 17:00:00+00:00,7.351,7.352,7.261,7.321,192087.51
2024-01-17 18:00:00+00:00,7.321,7.351,7.287,7.35,120534.79
2024-01-17 19:00:00+00:00,7.35,7.38,7.312,7.338,122735.44
2024-01-17 20:00:00+00:00,7.337,7.374,7.32,7.355,187450.64
2024-01-17 21:00:00+00:00,7.355,7.373,7.335,7.347,116606.86
2024-01-17 22:00:00+00:00,7.346,7.351,7.255,7.31,175513.43
2024-01-17 23:00:00+00:00,7.31,7.351,7.262,7.35,128614.27
2024-01-18 00:00:00+00:00,7.349,7.39,7.334,7.374,150776.65
2024-01-18 01:00:00+00:00,7.376,7.378,7.23,7.294,193394.81
2024-01-18 02:00:00+00:00,7.293,7.356,7.277,7.327,100397.54
2024-01-18 03:00:00+00:00,7.327,7.371,7.326,7.349,107040.69
2024-01-18 04:00:00+00:00,7.349,7.373,7.305,7.31,119080.8
2024-01-18 05:00:00+00:00,7.309,7.332,7.287,7.328,112646.47
2024-01-18 06:00:00+00:00,7.328,7.373,7.328,7.369,93398.46
2024-01-18 07:00:00+00:00,7.367,7.383,7.323,7.34,106341.44
2024-01-18 08:00:00+00:00,7.341,7.352,7.3,7.306,115370.79
2024-01-18 09:00:00+00:00,7.309,7.336,7.286,7.287,188252.57
2024-01-18 10:00:00+00:00,7.288,7.312,7.179,7.2,458507.04
2024-01-18 11:00:00+00:00,7.2,7.227,7.178,7.209,255127.74
2024-01-18 12:00:00+00:00,7.21,7.21,7.109,7.171,359151.54
2024-01-18 13:00:00+00:00,7.172,7.197,7.109,7.173,295974.63
2024-01-18 14:00:00+00:00,7.172,7.235,7.156,7.234,160727.3
2024-01-18 15:00:00+00:00,7.234,7.25,7.2,7.214,217184.56
2024-01-18 16:00:00+00:00,7.214,7.229,7.01,7.066,693258.34
2024-01-18 17:00:00+00:00,7.066,7.085,6.949,6.994,829916.11
2024-01-18 18:00:00+00:00,6.995,7.016,6.906,6.983,448088.95
2024-01-18 19:00:00+00:00,6.984,6.992,6.82,6.874,425505.0
2024-01-18 20:00:00+00:00,6.875,6.987,6.857,6.917,504160.16
2024-01-18 21:00:00+00:00,6.917,6.977,6.888,6.956,212161.63
2024-01-18 22:00:00+00:00,6.955,7.043,6.92,7.041,343989.34
2024-01-18 23:00:00+00:00,7.042,7.061,7.006,7.017,139814.04
2024-01-19 00:00:00+00:00,7.018,7.051,6.97,6.996,133000.82
2024-01-19 01:00:00+00:00,6.996,6.996,6.904,6.973,141493.87
2024-01-19 02:00:00+00:00,6.976,6.992,6.897,6.921,142899.07
2024-01-19 03:00:00+00:00,6.921,6.952,6.824,6.952,301034.02
2024-01-19 04:00:00+00:00,6.951,6.98,6.932,6.953,139250.19
2024-01-19 05:00:00+00:00,6.953,6.996,6.947,6.993,88294.23
2024-01-19 06:00:00+00:00,6.992,7.049,6.988,7.045,170235.14
2024-01-19 07:00:00+00:00,7.045,7.052,6.996,7.002,140143.37
2024-01-19 08:00:00+00:00,7.001,7.005,6.96,6.986,130909.8
2024-01-19 09:00:00+00:00,6.986,7.03,6.974,7.01,182322.63
2024-01-19 10:00:00+00:00,7.009,7.035,6.989,7.027,114377.92
2024-01-19 11:00:00+00:00,7.027,7.037,6.994,7.0,168239.53
2024-01-19 12:00:00+00:00,6.999,7.007,6.897,6.923,345361.79
2024-01-19 13:00:00+00:00,6.924,6.958,6.897,6.946,152387.83
2024-01-19 14:00:00+00:00,6.945,6.951,6.831,6.86,314854.11
2024-01-19 15:00:00+00:00,6.861,6.873,6.774,6.8,440489.99
2024-01-19 16:00:00+00:00,6.8,6.815,6.571,6.638,1055051.14
2024-01-19 17:00:00+00:00,6.639,6.751,6.605,6.734,429560.41
2024-01-19 18:00:00+00:00,6.734,6.853,6.69,6.84,522541.21
2024-01-19 19:00:00+00:00,6.841,6.88,6.798,6.854,244838.54
2024-01-19 20:00:00+00:00,6.854,6.919,6.846,6.861,261476.99
2024-01-19 21:00:00+00:00,6.859,6.875,6.824,6.848,169387.86
2024-01-19 22:00:00+00:00,6.847,6.864,6.815,6.856,76839.04
2024-01-19 23:00:00+00:00,6.856,6.9,6.84,6.894,287248.85
2024-01-20 00:00:00+00:00,6.894,6.894,6.778,6.785,229224.22
2024-01-20 01:00:00+00:00,6.784,6.875,6.778,6.868,134653.67
2024-01-20 02:00:00+00:00,6.868,6.875,6.819,6.85,129638.92
2024-01-20 03:00:00+00:00,6.85,6.856,6.811,6.83,93670.54
2024-01-20 04:00:00+00:00,6.829,6.875,6.821,6.85,114742.39
2024-01-20 05:00:00+00:00,6.849,6.857,6.827,6.842,69624.64
2024-01-20 06:00:00+00:00,6.84,6.898,6.839,6.893,105036.61
2024-01-20 07:00:00+00:00,6.892,6.951,6.892,6.907,163832.94
2024-01-20 08:00:00+00:00,6.905,6.931,6.857,6.877,144578.73
2024-01-20 09:00:00+00:00,6.875,6.899,6.797,6.814,180581.37
2024-01-20 10:00:00+00:00,6.811,6.864,6.811,6.835,73355.01
2024-01-20 11:00:00+00:00,6.833,6.861,6.812,6.856,108679.36
2024-01-20 12:00:00+00:00,6.858,6.883,6.839,6.852,81714.17
2024-01-20 13:00:00+00:00,6.853,6.877,6.847,6.863,113819.61
2024-01-20 14:00:00+00:00,6.863,6.865,6.806,6.843,149385.62
2024-01-20 15:00:00+00:00,6.841,6.887,6.804,6.862,191746.04
2024-01-20 16:00:00+00:00,6.862,6.89,6.814,6.815,201953.34
2024-01-20 17:00:00+00:00,6.815,6.872,6.806,6.862,178802.37
2024-01-20 18:00:00+00:00,6.862,6.862,6.797,6.823,133613.91
2024-01-20 19:00:00+00:00,6.824,6.856,6.819,6.843,95382.18
2024-01-20 20:00:00+00:00,6.843,6.889,6.836,6.871,160431.13
2024-01-20 21:00:00+00:00,6.87,6.928,6.866,6.888,209449.48
2024-01-20 22:00:00+00:00,6.886,6.92,6.88,6.912,84865.32
2024-01-20 23:00:00+00:00,6.913,6.918,6.887,6.913,82277.64
2024-01-21 00:00:00+00:00,6.913,6.913,6.864,6.869,104663.76
2024-01-21 01:00:00+00:00,6.869,6.909,6.859,6.891,79134.84
2024-01-21 02:00:00+00:00,6.89,6.925,6.868,6.924,87624.47
2024-01-21 03:00:00+00:00,6.925,6.977,6.905,6.918,149013.83
2024-01-21 04:00:00+00:00,6.919,6.922,6.891,6.901,78085.27
2024-01-21 05:00:00+00:00,6.901,6.916,6.883,6.892,113993.54
2024-01-21 06:00:00+00:00,6.89,6.903,6.857,6.865,154183.73
2024-01-21 07:00:00+00:00,6.864,6.908,6.855,6.903,56893.46
2024-01-21 08:00:00+00:00,6.903,6.927,6.891,6.896,80027.73
2024-01-21 09:00:00+00:00,6.895,6.917,6.893,6.898,101656.41
2024-01-21 10:00:00+00:00,6.899,6.926,6.887,6.919,121410.45
2024-01-21 11:00:00+00:00,6.92,6.934,6.891,6.899,135378.0
2024-01-21 12:00:00+00:00,6.899,6.936,6.895,6.907,150875.09
2024-01-21 13:00:00+00:00,6.906,6.943,6.904,6.941,101377.46
2024-01-21 14:00:00+00:00,6.94,6.97,6.918,6.934,152095.23
2024-01-21 15:00:00+00:00,6.934,6.946,6.863,6.887,136128.14
2024-01-21 16:00:00+00:00,6.887,6.893,6.839,6.88,177340.92
2024-01-21 17:00:00+00:00,6.879,6.91,6.875,6.889,116768.54
2024-01-21 18:00:00+00:00,6.889,6.91,6.875,6.899,106264.87
2024-01-21 19:00:00+00:00,6.9,6.914,6.871,6.906,72352.36
2024-01-21 20:00:00+00:00,6.906,6.911,6.853,6.868,100390.18
2024-01-21 21:00:00+00:00,6.868,6.9,6.855,6.899,85995.78
2024-01-21 22:00:00+00:00,6.899,6.901,6.825,6.846,88553.02
2024-01-21 23:00:00+00:00,6.846,6.866,6.801,6.817,109530.69
2024-01-22 00:00:00+00:00,6.815,6.848,6.772,6.817,137387.6
2024-01-22 01:00:00+00:00,6.817,6.833,6.72,6.74,230899.72
2024-01-22 02:00:00+00:00,6.74,6.765,6.676,6.71,237055.14
2024-01-22 03:00:00+00:00,6.708,6.744,6.684,6.722,120614.67
2024-01-22 04:00:00+00:00,6.722,6.735,6.665,6.665,146199.65
2024-01-22 05:00:00+00:00,6.667,6.738,6.64,6.736,172514.73
2024-01-22 06:00:00+00:00,6.736,6.759,6.709,6.748,94072.19
2024-01-22 07:00:00+00:00,6.748,6.757,6.707,6.719,66396.28
2024-01-22 08:00:00+00:00,6.718,6.72,6.609,6.665,215107.31
2024-01-22 09:00:00+00:00,6.665,6.81,6.642,6.664,551964.25
2024-01-22 10:00:00+00:00,6.664,6.697,6.551,6.61,447710.15
2024-01-22 11:00:00+00:00,6.611,6.64,6.554,6.582,424983.56
2024-01-22 12:00:00+00:00,6.581,6.6,6.53,6.589,225161.64
2024-01-22 13:00:00+00:00,6.588,6.682,6.588,6.634,237607.11
2024-01-22 14:00:00+00:00,6.633,6.642,6.504,6.562,256907.52
2024-01-22 15:00:00+00:00,6.562,6.568,6.445,6.517,665287.11
2024-01-22 16:00:00+00:00,6.518,6.55,6.497,6.535,381200.11
2024-01-22 17:00:00+00:00,6.535,6.567,6.498,6.533,521446.23
2024-01-22 18:00:00+00:00,6.534,6.561,6.403,6.473,682156.93
2024-01-22 19:00:00+00:00,6.474,6.506,6.293,6.379,1005287.08
2024-01-22 20:00:00+00:00,6.377,6.488,6.371,6.456,779284.43
2024-01-22 21:00:00+00:00,6.455,6.459,6.385,6.421,316772.34
2024-01-22 22:00:00+00:00,6.42,6.435,6.335,6.383,270168.44
2024-01-22 23:00:00+00:00,6.383,6.408,6.322,6.341,149348.75
2024-01-23 00:00:00+00:00,6.342,6.387,6.318,6.38,167622.46
2024-01-23 01:00:00+00:00,6.377,6.421,6.341,6.383,116283.31
2024-01-23 02:00:00+00:00,6.385,6.447,6.376,6.442,119298.58
2024-01-23 03:00:00+00:00,6.444,6.452,6.417,6.421,147354.04
2024-01-23 04:00:00+00:00,6.421,6.455,6.412,6.412,86902.76
2024-01-23 05:00:00+00:00,6.412,6.437,6.401,6.423,84826.58
2024-01-23 06:00:00+00:00,6.424,6.437,6.4,6.404,83966.74
2024-01-23 07:00:00+00:00,6.404,6.419,6.283,6.312,290320.59
2024-01-23 08:00:00+00:00,6.313,6.343,6.108,6.157,777866.78
2024-01-23 09:00:00+00:00,6.156,6.189,5.98,6.048,1185117.74
2024-01-23 10:00:00+00:00,6.048,6.155,6.042,6.07,569803.99
2024-01-23 11:00:00+00:00,6.069,6.11,6.057,6.097,285247.22
2024-01-23 12:00:00+00:00,6.098,6.137,6.047,6.125,304051.48
2024-01-23 13:00:00+00:00,6.126,6.138,6.047,6.056,226681.65
2024-01-23 14:00:00+00:00,6.056,6.139,5.979,6.125,553920.83
2024-01-23 15:00:00+00:00,6.126,6.236,6.126,6.226,636723.57
2024-01-23 16:00:00+00:00,6.226,6.284,6.205,6.281,232357.97
2024-01-23 17:00:00+00:00,6.281,6.348,6.271,6.281,349454.8
2024-01-23 18:00:00+00:00,6.282,6.345,6.213,6.22,263346.95
2024-01-23 19:00:00+00:00,6.22,6.26,6.193,6.195,165252.26
2024-01-23 20:00:00+00:00,6.195,6.247,6.184,6.207,254087.98
2024-01-23 21:00:00+00:00,6.208,6.237,6.155,6.214,211510.7
2024-01-23 22:00:00+00:00,6.213,6.309,6.21,6.295,172295.76
2024-01-23 23:00:00+00:00,6.295,6.366,6.295,6.361,207390.34
2024-01-24 00:00:00+00:00,6.362,6.408,6.32,6.388,276081.9
2024-01-24 01:00:00+00:00,6.388,6.39,6.296,6.298,157665.37
2024-01-24 02:00:00+00:00,6.3,6.332,6.288,6.299,126485.49
2024-01-24 03:00:00+00:00,6.3,6.303,6.26,6.273,101465.45
2024-01-24 04:00:00+00:00,6.275,6.306,6.261,6.273,136672.59
2024-01-24 05:00:00+00:00,6.273,6.35,6.273,6.34,149873.27
2024-01-24 06:00:00+00:00,6.34,6.368,6.301,6.36,127926.55
2024-01-24 07:00:00+00:00,6.36,6.427,6.341,6.377,221532.96
2024-01-24 08:00:00+00:00,6.377,6.427,6.372,6.414,189642.72
2024-01-24 09:00:00+00:00,6.413,6.475,6.41,6.445,262079.4
2024-01-24 10:00:00+00:00,6.446,6.539,6.436,6.522,301158.45
2024-01-24 11:00:00+00:00,6.523,6.531,6.466,6.476,200259.52
2024-01-24 12:00:00+00:00,6.476,6.542,6.471,6.481,240139.02
2024-01-24 13:00:00+00:00,6.481,6.494,6.414,6.432,264612.21
2024-01-24 14:00:00+00:00,6.432,6.478,6.378,6.396,449321.05
2024-01-24 15:00:00+00:00,6.397,6.43,6.371,6.422,240441.23
2024-01-24 16:00:00+00:00,6.422,6.452,6.38,6.448,202056.79
2024-01-24 17:00:00+00:00,6.448,6.45,6.378,6.383,258253.12
2024-01-24 18:00:00+00:00,6.383,6.389,6.295,6.346,262852.24
2024-01-24 19:00:00+00:00,6.346,6.363,6.316,6.342,134305.17
2024-01-24 20:00:00+00:00,6.342,6.386,6.292,6.306,137257.7
2024-01-24 21:00:00+00:00,6.305,6.358,6.302,6.357,110597.94
2024-01-24 22:00:00+00:00,6.358,6.425,6.342,6.416,143607.23
2024-01-24 23:00:00+00:00,6.416,6.477,6.416,6.462,136978.17
2024-01-25 00:00:00+00:00,6.461,6.473,6.42,6.463,228697.84
2024-01-25 01:00:00+00:00,6.461,6.497,6.417,6.432,104385.02
2024-01-25 02:00:00+00:00,6.432,6.465,6.429,6.44,65906.28
2024-01-25 03:00:00+00:00,6.44,6.488,6.438,6.472,81688.96
2024-01-25 04:00:00+00:00,6.476,6.494,6.426,6.444,80915.26
2024-01-25 05:00:00+00:00,6.442,6.452,6.405,6.445,87469.58
2024-01-25 06:00:00+00:00,6.446,6.53,6.434,6.524,135965.66
2024-01-25 07:00:00+00:00,6.526,6.532,6.486,6.506,112895.53
2024-01-25 08:00:00+00:00,6.507,6.579,6.472,6.475,284145.76
2024-01-25 09:00:00+00:00,6.474,6.498,6.455,6.46,142587.28
2024-01-25 10:00:00+00:00,6.46,6.494,6.437,6.487,172317.34
2024-01-25 11:00:00+00:00,6.487,6.571,6.473,6.528,240504.65
2024-01-25 12:00:00+00:00,6.528,6.539,6.409,6.433,203176.67
2024-01-25 13:00:00+00:00,6.434,6.488,6.395,6.417,261817.43
2024-01-25 14:00:00+00:00,6.418,6.495,6.412,6.456,178581.68
2024-01-25 15:00:00+00:00,6.457,6.461,6.356,6.389,291075.83
2024-01-25 16:00:00+00:00,6.389,6.418,6.362,6.367,134659.54
2024-01-25 17:00:00+00:00,6.366,6.449,6.346,6.441,149651.46
2024-01-25 18:00:00+00:00,6.441,6.509,6.401,6.413,387713.18
2024-01-25 19:00:00+00:00,6.415,6.476,6.397,6.446,166292.52
2024-01-25 20:00:00+00:00,6.447,6.468,6.427,6.461,156568.18
2024-01-25 21:00:00+00:00,6.464,6.493,6.416,6.435,131818.47
2024-01-25 22:00:00+00:00,6.434,6.451,6.412,6.444,77537.81
2024-01-25 23:00:00+00:00,6.444,6.452,6.413,6.438,92591.23
2024-01-26 00:00:00+00:00,6.438,6.438,6.362,6.396,155894.71
2024-01-26 01:00:00+00:00,6.396,6.423,6.362,6.411,76238.52
2024-01-26 02:00:00+00:00,6.41,6.486,6.404,6.469,162702.94
2024-01-26 03:00:00+00:00,6.468,6.476,6.44,6.445,74746.89
2024-01-26 04:00:00+00:00,6.445,6.462,6.423,6.427,100040.72
2024-01-26 05:00:00+00:00,6.427,6.43,6.4,6.406,101572.91
2024-01-26 06:00:00+00:00,6.405,6.429,6.366,6.38,129074.17
2024-01-26 07:00:00+00:00,6.38,6.391,6.361,6.371,168812.0
2024-01-26 08:00:00+00:00,6.372,6.407,6.369,6.384,190458.64
2024-01-26 09:00:00+00:00,6.384,6.448,6.382,6.39,206450.47
2024-01-26 10:00:00+00:00,6.387,6.515,6.386,6.507,290330.73
2024-01-26 11:00:00+00:00,6.506,6.616,6.506,6.597,581097.19
2024-01-26 12:00:00+00:00,6.6,6.618,6.541,6.548,358884.7
2024-01-26 13:00:00+00:00,6.548,6.581,6.503,6.532,201901.18
2024-01-26 14:00:00+00:00,6.532,6.622,6.53,6.621,290225.02
2024-01-26 15:00:00+00:00,6.621,6.628,6.589,6.62,237536.7
2024-01-26 16:00:00+00:00,6.62,6.723,6.619,6.701,462992.15
2024-01-26 17:00:00+00:00,6.701,6.721,6.673,6.699,410468.63
2024-01-26 18:00:00+00:00,6.7,6.727,6.686,6.715,213205.17
2024-01-26 19:00:00+00:00,6.716,6.716,6.662,6.675,175767.06
2024-01-26 20:00:00+00:00,6.674,6.73,6.651,6.667,275610.67
2024-01-26 21:00:00+00:00,6.666,6.675,6.638,6.662,149245.66
2024-01-26 22:00:00+00:00,6.661,6.694,6.637,6.68,112805.18
2024-01-26 23:00:00+00:00,6.679,6.684,6.649,6.672,100878.99
2024-01-27 00:00:00+00:00,6.671,6.721,6.667,6.702,170231.86
2024-01-27 01:00:00+00:00,6.702,6.715,6.666,6.685,131850.82
2024-01-27 02:00:00+00:00,6.684,6.709,6.683,6.695,55204.85
2024-01-27 03:00:00+00:00,6.694,6.708,6.679,6.689,77340.26
2024-01-27 04:00:00+00:00,6.69,6.697,6.625,6.641,273747.89
2024-01-27 05:00:00+00:00,6.641,6.645,6.573,6.582,175535.87
2024-01-27 06:00:00+00:00,6.581,6.605,6.569,6.572,103902.46
2024-01-27 07:00:00+00:00,6.572,6.584,6.548,6.571,113929.31
2024-01-27 08:00:00+00:00,6.57,6.574,6.538,6.54,107601.11
2024-01-27 09:00:00+00:00,6.54,6.596,6.53,6.587,156067.47
2024-01-27 10:00:00+00:00,6.587,6.609,6.577,6.582,108296.9
2024-01-27 11:00:00+00:00,6.581,6.66,6.57,6.648,268865.95
2024-01-27 12:00:00+00:00,6.648,6.682,6.622,6.659,217827.15
2024-01-27 13:00:00+00:00,6.66,6.672,6.629,6.671,181106.77
2024-01-27 14:00:00+00:00,6.669,6.698,6.653,6.669,147312.05
2024-01-27 15:00:00+00:00,6.669,6.713,6.656,6.69,143892.79
2024-01-27 16:00:00+00:00,6.691,6.714,6.658,6.659,143859.57
2024-01-27 17:00:00+00:00,6.658,6.677,6.64,6.649,130470.14
2024-01-27 18:00:00+00:00,6.648,6.678,6.64,6.67,98768.59
2024-01-27 19:00:00+00:00,6.669,6.709,6.669,6.683,183853.2
2024-01-27 20:00:00+00:00,6.684,6.709,6.664,6.703,175196.98
2024-01-27 21:00:00+00:00,6.703,6.753,6.679,6.691,428547.56
2024-01-27 22:00:00+00:00,6.691,6.694,6.67,6.677,108503.28
2024-01-27 23:00:00+00:00,6.676,6.681,6.655,6.669,125699.62
2024-01-28 00:00:00+00:00,6.669,6.689,6.653,6.688,128708.18
2024-01-28 01:00:00+00:00,6.688,6.739,6.676,6.68,190551.41
2024-01-28 02:00:00+00:00,6.681,6.69,6.658,6.67,91705.54
2024-01-28 03:00:00+00:00,6.67,6.738,6.662,6.734,167996.51
2024-01-28 04:00:00+00:00,6.734,6.787,6.713,6.785,162211.38
2024-01-28 05:00:00+00:00,6.784,6.797,6.723,6.748,214943.8
2024-01-28 06:00:00+00:00,6.747,6.767,6.72,6.735,248609.15
2024-01-28 07:00:00+00:00,6.735,6.748,6.692,6.7,213581.83
2024-01-28 08:00:00+00:00,6.7,6.76,6.68,6.727,193259.29
2024-01-28 09:00:00+00:00,6.726,6.753,6.712,6.743,146012.02
2024-01-28 10:00:00+00:00,6.744,6.778,6.726,6.757,212994.24
2024-01-28 11:00:00+00:00,6.757,6.776,6.697,6.732,216372.13
2024-01-28 12:00:00+00:00,6.734,6.74,6.646,6.701,269355.69
2024-01-28 13:00:00+00:00,6.702,6.709,6.666,6.7,154113.33
2024-01-28 14:00:00+00:00,6.699,6.731,6.648,6.655,174683.52
2024-01-28 15:00:00+00:00,6.655,6.678,6.624,6.657,273753.37
2024-01-28 16:00:00+00:00,6.657,6.686,6.64,6.678,80518.88
2024-01-28 17:00:00+00:00,6.678,6.68,6.621,6.642,155963.0
2024-01-28 18:00:00+00:00,6.641,6.655,6.6,6.612,158310.3
2024-01-28 19:00:00+00:00,6.611,6.646,6.572,6.6,209154.89
2024-01-28 20:00:00+00:00,6.6,6.67,6.567,6.66,236125.25
2024-01-28 21:00:00+00:00,6.66,6.781,6.653,6.75,484323.46
2024-01-28 22:00:00+00:00,6.749,6.79,6.698,6.765,397379.01
2024-01-28 23:00:00+00:00,6.761,6.875,6.727,6.872,359940.39
2024-01-29 00:00:00+00:00,6.871,6.889,6.755,6.76,647015.25
2024-01-29 01:00:00+00:00,6.76,6.907,6.758,6.881,235157.25
2024-01-29 02:00:00+00:00,6.879,6.9,6.85,6.889,163649.51
2024-01-29 03:00:00+00:00,6.889,6.958,6.889,6.926,224121.77
2024-01-29 04:00:00+00:00,6.926,6.995,6.916,6.991,346651.99
2024-01-29 05:00:00+00:00,6.99,7.003,6.886,6.893,281913.78
2024-01-29 06:00:00+00:00,6.893,6.91,6.847,6.881,263690.0
2024-01-29 07:00:00+00:00,6.881,6.886,6.806,6.815,172784.47
2024-01-29 08:00:00+00:00,6.814,6.837,6.768,6.8,222879.84
2024-01-29 09:00:00+00:00,6.802,6.815,6.763,6.791,257472.19
2024-01-29 10:00:00+00:00,6.792,6.855,6.779,6.847,327764.2
2024-01-29 11:00:00+00:00,6.847,6.861,6.823,6.829,231388.11
2024-01-29 12:00:00+00:00,6.83,6.866,6.786,6.786,259371.17
2024-01-29 13:00:00+00:00,6.786,6.81,6.737,6.746,242827.78
2024-01-29 14:00:00+00:00,6.746,6.794,6.705,6.734,180374.1
2024-01-29 15:00:00+00:00,6.734,6.829,6.717,6.823,288255.41
2024-01-29 16:00:00+00:00,6.822,6.99,6.78,6.943,849781.52
2024-01-29 17:00:00+00:00,6.944,7.002,6.924,6.972,457458.54
2024-01-29 18:00:00+00:00,6.974,7.174,6.968,7.113,1158108.83
2024-01-29 19:00:00+00:00,7.113,7.166,7.099,7.106,454671.53
2024-01-29 20:00:00+00:00,7.105,7.193,7.081,7.184,496032.2
2024-01-29 21:00:00+00:00,7.181,7.249,7.128,7.237,446836.15
2024-01-29 22:00:00+00:00,7.237,7.298,7.196,7.209,434382.77
2024-01-29 23:00:00+00:00,7.207,7.231,7.021,7.032,821561.42
2024-01-30 00:00:00+00:00,7.031,7.038,6.956,6.967,384904.74
2024-01-30 01:00:00+00:00,6.966,7.077,6.96,7.038,298896.86
2024-01-30 02:00:00+00:00,7.038,7.087,7.035,7.041,227802.36
2024-01-30 03:00:00+00:00,7.043,7.083,7.001,7.005,219324.48
2024-01-30 04:00:00+00:00,7.005,7.026,6.982,6.993,100059.61
2024-01-30 05:00:00+00:00,6.992,7.015,6.971,6.999,213340.89
2024-01-30 06:00:00+00:00,6.999,7.013,6.943,6.996,175655.12
2024-01-30 07:00:00+00:00,6.995,7.057,6.99,7.014,411565.9
2024-01-30 08:00:00+00:00,7.015,7.072,6.987,7.051,298694.41
2024-01-30 09:00:00+00:00,7.052,7.057,6.993,6.997,194753.01
2024-01-30 10:00:00+00:00,6.996,7.035,6.989,7.029,184577.87
2024-01-30 11:00:00+00:00,7.03,7.06,7.001,7.047,268155.85
2024-01-30 12:00:00+00:00,7.048,7.066,6.937,6.956,454412.39
2024-01-30 13:00:00+00:00,6.956,6.987,6.906,6.959,282117.95
2024-01-30 14:00:00+00:00,6.958,6.986,6.914,6.971,217257.17
2024-01-30 15:00:00+00:00,6.971,7.029,6.947,7.005,196961.44
2024-01-30 16:00:00+00:00,7.007,7.034,6.943,7.009,238874.1
2024-01-30 17:00:00+00:00,7.012,7.03,6.983,7.016,182142.45
2024-01-30 18:00:00+00:00,7.016,7.033,6.987,7.013,139589.68
2024-01-30 19:00:00+00:00,7.014,7.019,6.979,7.006,170502.13
2024-01-30 20:00:00+00:00,7.007,7.042,6.996,7.014,214900.07
2024-01-30 21:00:00+00:00,7.015,7.022,6.956,6.975,215142.85
2024-01-30 22:00:00+00:00,6.975,6.975,6.907,6.907,148715.55
2024-01-30 23:00:00+00:00,6.908,6.932,6.822,6.836,367679.33
2024-01-31 00:00:00+00:00,6.838,6.864,6.752,6.817,379345.71
2024-01-31 01:00:00+00:00,6.817,6.846,6.769,6.806,134650.81
2024-01-31 02:00:00+00:00,6.806,6.834,6.765,6.831,162368.59
2024-01-31 03:00:00+00:00,6.831,6.843,6.791,6.805,119964.14
2024-01-31 04:00:00+00:00,6.807,6.822,6.79,6.819,75214.54
2024-01-31 05:00:00+00:00,6.818,6.856,6.803,6.852,144341.26
2024-01-31 06:00:00+00:00,6.851,6.859,6.814,6.833,116542.1
2024-01-31 07:00:00+00:00,6.832,6.888,6.829,6.871,131268.87
2024-01-31 08:00:00+00:00,6.871,6.878,6.806,6.811,202107.52
2024-01-31 09:00:00+00:00,6.811,6.812,6.712,6.735,478793.07
2024-01-31 10:00:00+00:00,6.737,6.772,6.669,6.674,291346.07
2024-01-31 11:00:00+00:00,6.675,6.767,6.666,6.763,282186.15
2024-01-31 12:00:00+00:00,6.761,6.789,6.736,6.749,164068.68
2024-01-31 13:00:00+00:00,6.749,6.761,6.708,6.723,135436.74
2024-01-31 14:00:00+00:00,6.721,6.746,6.655,6.711,250090.8
2024-01-31 15:00:00+00:00,6.711,6.799,6.616,6.795,386531.56
2024-01-31 16:00:00+00:00,6.793,6.822,6.762,6.809,230424.14
2024-01-31 17:00:00+00:00,6.808,6.853,6.791,6.847,151658.38
2024-01-31 18:00:00+00:00,6.847,6.852,6.799,6.815,108967.14
2024-01-31 19:00:00+00:00,6.815,6.849,6.76,6.82,259882.76
2024-01-31 20:00:00+00:00,6.819,6.83,6.694,6.706,429287.06
2024-01-31 21:00:00+00:00,6.706,6.744,6.608,6.652,371155.6
2024-01-31 22:00:00+00:00,6.651,6.669,6.584,6.65,163823.43
2024-01-31 23:00:00+00:00,6.648,6.67,6.633,6.654,161858.3
2024-02-01 00:00:00+00:00,6.653,6.69,6.639,6.675,167214.11
2024-02-01 01:00:00+00:00,6.677,6.677,6.53,6.58,361900.59
2024-02-01 02:00:00+00:00,6.58,6.657,6.577,6.655,186245.35
2024-02-01 03:00:00+00:00,6.653,6.69,6.639,6.65,118912.97
2024-02-01 04:00:00+00:00,6.649,6.694,6.641,6.685,130433.9
2024-02-01 05:00:00+00:00,6.684,6.689,6.63,6.662,129792.88
2024-02-01 06:00:00+00:00,6.663,6.665,6.617,6.64,94514.98
2024-02-01 07:00:00+00:00,6.64,6.675,6.625,6.654,122463.28
2024-02-01 08:00:00+00:00,6.653,6.676,6.632,6.669,83631.79
2024-02-01 09:00:00+00:00,6.669,6.701,6.644,6.683,229720.22
2024-02-01 10:00:00+00:00,6.683,6.694,6.659,6.666,70637.58
2024-02-01 11:00:00+00:00,6.666,6.673,6.633,6.642,112055.44
2024-02-01 12:00:00+00:00,6.643,6.695,6.643,6.672,203823.68
2024-02-01 13:00:00+00:00,6.672,6.691,6.631,6.682,169223.87
2024-02-01 14:00:00+00:00,6.683,6.753,6.672,6.745,223720.41
2024-02-01 15:00:00+00:00,6.744,6.787,6.732,6.732,209133.43
2024-02-01 16:00:00+00:00,6.732,6.76,6.686,6.748,172146.73
2024-02-01 17:00:00+00:00,6.748,6.802,6.744,6.794,203461.85
2024-02-01 18:00:00+00:00,6.796,6.799,6.749,6.764,148551.99
2024-02-01 19:00:00+00:00,6.765,6.816,6.762,6.803,125800.32
2024-02-01 20:00:00+00:00,6.802,6.81,6.754,6.767,156168.43
2024-02-01 21:00:00+00:00,6.765,6.8,6.757,6.787,142219.19
2024-02-01 22:00:00+00:00,6.786,6.791,6.764,6.782,134041.71
2024-02-01 23:00:00+00:00,6.783,6.798,6.757,6.791,105762.15
2024-02-02 00:00:00+00:00,6.791,6.844,6.771,6.809,181161.02
2024-02-02 01:00:00+00:00,6.811,6.83,6.79,6.795,104782.5
2024-02-02 02:00:00+00:00,6.796,6.816,6.77,6.816,116555.61
2024-02-02 03:00:00+00:00,6.818,6.819,6.791,6.793,71420.57
2024-02-02 04:00:00+00:00,6.793,6.812,6.766,6.78,94813.79
2024-02-02 05:00:00+00:00,6.78,6.814,6.769,6.807,97776.85
2024-02-02 06:00:00+00:00,6.806,6.85,6.795,6.835,122478.64
2024-02-02 07:00:00+00:00,6.835,6.878,6.831,6.866,127138.36
2024-02-02 08:00:00+00:00,6.867,6.917,6.852,6.901,279329.27
2024-02-02 09:00:00+00:00,6.901,6.946,6.881,6.915,224008.72
2024-02-02 10:00:00+00:00,6.914,6.948,6.892,6.947,97077.05
2024-02-02 11:00:00+00:00,6.947,6.949,6.886,6.905,132363.06
2024-02-02 12:00:00+00:00,6.909,6.939,6.875,6.886,158594.87
2024-02-02 13:00:00+00:00,6.885,6.896,6.763,6.79,368976.77
2024-02-02 14:00:00+00:00,6.789,6.853,6.773,6.846,227037.67
2024-02-02 15:00:00+00:00,6.843,7.008,6.839,6.996,396642.43
2024-02-02 16:00:00+00:00,6.996,7.011,6.953,6.994,253064.23
2024-02-02 17:00:00+00:00,6.994,7.028,6.956,6.959,157063.82
2024-02-02 18:00:00+00:00,6.961,6.98,6.904,6.913,149882.86
2024-02-02 19:00:00+00:00,6.914,6.959,6.914,6.936,114608.17
2024-02-02 20:00:00+00:00,6.938,6.947,6.9,6.905,128365.73
2024-02-02 21:00:00+00:00,6.904,6.925,6.88,6.885,60484.67
2024-02-02 22:00:00+00:00,6.885,6.96,6.875,6.959,124953.53
2024-02-02 23:00:00+00:00,6.96,6.962,6.914,6.947,91313.2
2024-02-03 00:00:00+00:00,6.947,6.999,6.924,6.98,106655.0
2024-02-03 01:00:00+00:00,6.979,7.01,6.961,6.986,129579.81
2024-02-03 02:00:00+00:00,6.985,6.99,6.924,6.931,92091.62
2024-02-03 03:00:00+00:00,6.932,6.955,6.908,6.913,50843.63
2024-02-03 04:00:00+00:00,6.914,6.937,6.905,6.925,53791.91
2024-02-03 05:00:00+00:00,6.926,6.949,6.923,6.929,37581.03
2024-02-03 06:00:00+00:00,6.929,6.936,6.904,6.917,63733.38
2024-02-03 07:00:00+00:00,6.918,6.924,6.855,6.87,121711.7
2024-02-03 08:00:00+00:00,6.871,6.896,6.863,6.866,86418.3
2024-02-03 09:00:00+00:00,6.868,6.927,6.861,6.925,120642.28
2024-02-03 10:00:00+00:00,6.925,6.959,6.916,6.924,142321.03
2024-02-03 11:00:00+00:00,6.925,6.927,6.87,6.894,146959.07
2024-02-03 12:00:00+00:00,6.894,6.925,6.873,6.913,173854.07
2024-02-03 13:00:00+00:00,6.913,6.918,6.887,6.894,67655.83
2024-02-03 14:00:00+00:00,6.894,6.896,6.846,6.852,89130.26
2024-02-03 15:00:00+00:00,6.852,6.893,6.813,6.884,131067.76
2024-02-03 16:00:00+00:00,6.883,6.894,6.866,6.873,86496.6
2024-02-03 17:00:00+00:00,6.873,6.92,6.868,6.907,77798.27
2024-02-03 18:00:00+00:00,6.906,6.908,6.864,6.872,68188.24
2024-02-03 19:00:00+00:00,6.872,6.904,6.869,6.904,48956.49
2024-02-03 20:00:00+00:00,6.904,6.907,6.875,6.884,78593.4
2024-02-03 21:00:00+00:00,6.884,6.895,6.867,6.878,35087.86
2024-02-03 22:00:00+00:00,6.878,6.884,6.845,6.853,84335.29
2024-02-03 23:00:00+00:00,6.855,6.873,6.819,6.825,135119.27
2024-02-04 00:00:00+00:00,6.826,6.826,6.741,6.785,155897.6
2024-02-04 01:00:00+00:00,6.785,6.82,6.764,6.817,64183.8
2024-02-04 02:00:00+00:00,6.818,6.824,6.8,6.803,33405.48
2024-02-04 03:00:00+00:00,6.803,6.826,6.801,6.817,25676.41
2024-02-04 04:00:00+00:00,6.818,6.82,6.753,6.768,57684.96
2024-02-04 05:00:00+00:00,6.767,6.791,6.76,6.763,52275.17
2024-02-04 06:00:00+00:00,6.762,6.781,6.726,6.73,75625.97
2024-02-04 07:00:00+00:00,6.731,6.751,6.714,6.74,80498.66
2024-02-04 08:00:00+00:00,6.741,6.757,6.732,6.737,63773.89
2024-02-04 09:00:00+00:00,6.738,6.783,6.714,6.776,76622.99
2024-02-04 10:00:00+00:00,6.775,6.784,6.755,6.773,59837.47
2024-02-04 11:00:00+00:00,6.772,6.824,6.772,6.804,58448.86
2024-02-04 12:00:00+00:00,6.804,6.815,6.79,6.797,67565.18
2024-02-04 13:00:00+00:00,6.794,6.811,6.787,6.792,37233.86
2024-02-04 14:00:00+00:00,6.794,6.818,6.767,6.782,83558.18
2024-02-04 15:00:00+00:00,6.782,6.791,6.769,6.782,63747.98
2024-02-04 16:00:00+00:00,6.781,6.783,6.765,6.775,52842.64
2024-02-04 17:00:00+00:00,6.775,6.784,6.753,6.778,74754.73
2024-02-04 18:00:00+00:00,6.777,6.788,6.734,6.745,82250.72
2024-02-04 19:00:00+00:00,6.745,6.752,6.688,6.742,136152.52
2024-02-04 20:00:00+00:00,6.742,6.785,6.722,6.768,135858.16
2024-02-04 21:00:00+00:00,6.77,6.793,6.751,6.753,47227.77
2024-02-04 22:00:00+00:00,6.754,6.771,6.647,6.693,179914.62
2024-02-04 23:00:00+00:00,6.69,6.706,6.658,6.666,82321.21
2024-02-05 00:00:00+00:00,6.666,6.691,6.632,6.643,91064.68
2024-02-05 01:00:00+00:00,6.64,6.676,6.592,6.673,140418.16
2024-02-05 02:00:00+00:00,6.673,6.803,6.653,6.747,625653.31
2024-02-05 03:00:00+00:00,6.746,6.852,6.738,6.841,134485.51
2024-02-05 04:00:00+00:00,6.842,6.863,6.83,6.838,97350.85
2024-02-05 05:00:00+00:00,6.837,6.857,6.823,6.835,84888.52
2024-02-05 06:00:00+00:00,6.835,6.872,6.827,6.855,65192.99
2024-02-05 07:00:00+00:00,6.856,6.921,6.838,6.92,154562.47
2024-02-05 08:00:00+00:00,6.919,6.939,6.893,6.916,137163.91
2024-02-05 09:00:00+00:00,6.915,6.92,6.888,6.903,120075.05
2024-02-05 10:00:00+00:00,6.904,6.936,6.893,6.908,115038.28
2024-02-05 11:00:00+00:00,6.908,6.975,6.903,6.963,234921.58
2024-02-05 12:00:00+00:00,6.964,6.976,6.933,6.949,193277.1
2024-02-05 13:00:00+00:00,6.949,6.955,6.913,6.925,179821.94
2024-02-05 14:00:00+00:00,6.925,6.934,6.884,6.887,157929.66
2024-02-05 15:00:00+00:00,6.888,6.889,6.786,6.796,296735.04
2024-02-05 16:00:00+00:00,6.795,6.823,6.747,6.805,192491.77
2024-02-05 17:00:00+00:00,6.804,6.822,6.773,6.774,143511.06
2024-02-05 18:00:00+00:00,6.775,6.779,6.742,6.763,156333.84
2024-02-05 19:00:00+00:00,6.763,6.816,6.756,6.791,130428.7
2024-02-05 20:00:00+00:00,6.791,6.798,6.718,6.757,205994.16
2024-02-05 21:00:00+00:00,6.758,6.758,6.695,6.698,152297.69
2024-02-05 22:00:00+00:00,6.697,6.719,6.668,6.683,124489.36
2024-02-05 23:00:00+00:00,6.685,6.739,6.668,6.737,119808.74
2024-02-06 00:00:00+00:00,6.737,6.737,6.678,6.7,86580.84
2024-02-06 01:00:00+00:00,6.7,6.73,6.671,6.702,113259.93
2024-02-06 02:00:00+00:00,6.702,6.781,6.699,6.779,96493.93
2024-02-06 03:00:00+00:00,6.779,6.796,6.74,6.754,116230.64
2024-02-06 04:00:00+00:00,6.754,6.773,6.73,6.741,44576.14
2024-02-06 05:00:00+00:00,6.741,6.745,6.711,6.722,161956.26
2024-02-06 06:00:00+00:00,6.722,6.739,6.713,6.734,74823.85
2024-02-06 07:00:00+00:00,6.736,6.746,6.701,6.745,96364.3
2024-02-06 08:00:00+00:00,6.745,6.784,6.731,6.773,128605.75
2024-02-06 09:00:00+00:00,6.774,6.78,6.737,6.745,107572.76
2024-02-06 10:00:00+00:00,6.746,6.755,6.639,6.686,340331.7
2024-02-06 11:00:00+00:00,6.685,6.714,6.668,6.708,145595.75
2024-02-06 12:00:00+00:00,6.705,6.73,6.654,6.685,205617.94
2024-02-06 13:00:00+00:00,6.685,6.722,6.66,6.721,171636.28
2024-02-06 14:00:00+00:00,6.721,6.763,6.717,6.723,195243.31
2024-02-06 15:00:00+00:00,6.723,6.783,6.716,6.769,171366.11
2024-02-06 16:00:00+00:00,6.765,6.793,6.745,6.752,166298.59
2024-02-06 17:00:00+00:00,6.753,6.767,6.73,6.739,132322.09
2024-02-06 18:00:00+00:00,6.739,6.761,6.702,6.757,115393.84
2024-02-06 19:00:00+00:00,6.757,6.801,6.743,6.798,174231.32
2024-02-06 20:00:00+00:00,6.798,6.815,6.785,6.793,164500.9
2024-02-06 21:00:00+00:00,6.795,6.804,6.776,6.794,59424.25
2024-02-06 22:00:00+00:00,6.794,6.832,6.781,6.818,86955.66
2024-02-06 23:00:00+00:00,6.818,6.823,6.798,6.807,106676.42
2024-02-07 00:00:00+00:00,6.806,6.82,6.783,6.793,71466.7
2024-02-07 01:00:00+00:00,6.793,6.822,6.788,6.809,47592.07
2024-02-07 02:00:00+00:00,6.81,6.814,6.79,6.792,48854.37
2024-02-07 03:00:00+00:00,6.792,6.792,6.731,6.734,113056.95
2024-02-07 04:00:00+00:00,6.733,6.74,6.701,6.716,85086.95
2024-02-07 05:00:00+00:00,6.715,6.761,6.684,6.745,105547.43
2024-02-07 06:00:00+00:00,6.744,6.746,6.707,6.725,70385.86
2024-02-07 07:00:00+00:00,6.725,6.74,6.677,6.69,136356.38
2024-02-07 08:00:00+00:00,6.691,6.734,6.671,6.733,147050.94
2024-02-07 09:00:00+00:00,6.733,6.765,6.719,6.747,87175.7
2024-02-07 10:00:00+00:00,6.747,6.75,6.685,6.693,130740.2
2024-02-07 11:00:00+00:00,6.694,6.719,6.682,6.707,164475.48
2024-02-07 12:00:00+00:00,6.708,6.741,6.704,6.741,118396.49
2024-02-07 13:00:00+00:00,6.741,6.766,6.732,6.752,95998.88
2024-02-07 14:00:00+00:00,6.752,6.823,6.751,6.787,188952.76
2024-02-07 15:00:00+00:00,6.788,6.848,6.759,6.802,266900.4
2024-02-07 16:00:00+00:00,6.802,6.862,6.784,6.856,333055.71
2024-02-07 17:00:00+00:00,6.857,6.916,6.852,6.884,447093.16
2024-02-07 18:00:00+00:00,6.884,6.915,6.871,6.903,218026.74
2024-02-07 19:00:00+00:00,6.905,6.913,6.871,6.889,135631.45
2024-02-07 20:00:00+00:00,6.89,6.966,6.89,6.943,423884.12
2024-02-07 21:00:00+00:00,6.943,6.95,6.924,6.94,235126.2
2024-02-07 22:00:00+00:00,6.941,6.955,6.92,6.934,160370.39
2024-02-07 23:00:00+00:00,6.935,6.95,6.927,6.941,147285.46
2024-02-08 00:00:00+00:00,6.941,6.99,6.941,6.99,414329.67
2024-02-08 01:00:00+00:00,6.99,6.99,6.938,6.97,218152.16
2024-02-08 02:00:00+00:00,6.971,6.986,6.957,6.974,117894.67
2024-02-08 03:00:00+00:00,6.976,6.978,6.955,6.957,100775.27
2024-02-08 04:00:00+00:00,6.958,6.978,6.942,6.944,147232.56
2024-02-08 05:00:00+00:00,6.944,6.95,6.924,6.932,100445.2
2024-02-08 06:00:00+00:00,6.932,6.95,6.914,6.92,163309.96
2024-02-08 07:00:00+00:00,6.92,6.95,6.905,6.949,179099.06
2024-02-08 08:00:00+00:00,6.95,6.981,6.949,6.964,196596.18
2024-02-08 09:00:00+00:00,6.964,6.972,6.941,6.963,146532.26
2024-02-08 10:00:00+00:00,6.964,6.975,6.933,6.946,212250.88
2024-02-08 11:00:00+00:00,6.945,6.95,6.893,6.904,240826.16
2024-02-08 12:00:00+00:00,6.904,6.935,6.873,6.879,232485.38
2024-02-08 13:00:00+00:00,6.879,6.932,6.87,6.931,189121.45
2024-02-08 14:00:00+00:00,6.93,6.993,6.922,6.982,346811.0
2024-02-08 15:00:00+00:00,6.982,7.09,6.981,7.049,781951.99
2024-02-08 16:00:00+00:00,7.048,7.055,6.91,6.953,478237.61
2024-02-08 17:00:00+00:00,6.955,7.07,6.943,6.985,364675.36
2024-02-08 18:00:00+00:00,6.985,7.053,6.969,7.046,206101.51
2024-02-08 19:00:00+00:00,7.046,7.064,7.012,7.012,145932.39
2024-02-08 20:00:00+00:00,7.013,7.076,7.009,7.069,193552.59
2024-02-08 21:00:00+00:00,7.068,7.11,7.049,7.079,211176.94
2024-02-08 22:00:00+00:00,7.079,7.107,7.034,7.038,137591.65
2024-02-08 23:00:00+00:00,7.038,7.051,7.01,7.013,111644.04
2024-02-09 00:00:00+00:00,7.014,7.033,6.978,6.987,205666.0
2024-02-09 01:00:00+00:00,6.988,6.991,6.96,6.985,116253.59
2024-02-09 02:00:00+00:00,6.986,7.103,6.974,7.099,488388.85
2024-02-09 03:00:00+00:00,7.098,7.103,7.05,7.052,342172.83
2024-02-09 04:00:00+00:00,7.053,7.076,7.038,7.055,121908.52
2024-02-09 05:00:00+00:00,7.056,7.092,7.035,7.085,154379.3
2024-02-09 06:00:00+00:00,7.086,7.088,7.049,7.07,102468.9
2024-02-09 07:00:00+00:00,7.07,7.103,7.063,7.098,191708.91
2024-02-09 08:00:00+00:00,7.097,7.103,7.053,7.102,422497.78
2024-02-09 09:00:00+00:00,7.102,7.123,7.083,7.087,388844.35
2024-02-09 10:00:00+00:00,7.088,7.105,7.066,7.102,151169.91
2024-02-09 11:00:00+00:00,7.103,7.188,7.091,7.164,309906.37
2024-02-09 12:00:00+00:00,7.162,7.214,7.145,7.17,489610.19
2024-02-09 13:00:00+00:00,7.169,7.233,7.155,7.218,323962.15
2024-02-09 14:00:00+00:00,7.219,7.329,7.15,7.203,818598.7
2024-02-09 15:00:00+00:00,7.203,7.25,7.13,7.21,425339.47
2024-02-09 16:00:00+00:00,7.21,7.214,7.143,7.171,228156.67
2024-02-09 17:00:00+00:00,7.169,7.207,7.123,7.14,339335.78
2024-02-09 18:00:00+00:00,7.139,7.202,7.139,7.176,291870.87
2024-02-09 19:00:00+00:00,7.176,7.177,7.117,7.149,200093.5
2024-02-09 20:00:00+00:00,7.15,7.183,7.15,7.166,130356.69
2024-02-09 21:00:00+00:00,7.169,7.227,7.164,7.226,153692.66
2024-02-09 22:00:00+00:00,7.225,7.228,7.189,7.208,176210.14
2024-02-09 23:00:00+00:00,7.207,7.224,7.171,7.196,131309.87
2024-02-10 00:00:00+00:00,7.197,7.278,7.196,7.211,150432.36
2024-02-10 01:00:00+00:00,7.213,7.232,7.172,7.231,103093.35
2024-02-10 02:00:00+00:00,7.227,7.241,7.202,7.221,115578.66
2024-02-10 03:00:00+00:00,7.222,7.264,7.211,7.253,118033.18
2024-02-10 04:00:00+00:00,7.253,7.263,7.236,7.238,119193.06
2024-02-10 05:00:00+00:00,7.238,7.239,7.207,7.215,75651.8
2024-02-10 06:00:00+00:00,7.215,7.22,7.186,7.194,105124.85
2024-02-10 07:00:00+00:00,7.194,7.199,7.174,7.181,91198.46
2024-02-10 08:00:00+00:00,7.179,7.219,7.142,7.146,174375.4
2024-02-10 09:00:00+00:00,7.146,7.183,7.129,7.131,191658.2
2024-02-10 10:00:00+00:00,7.131,7.144,7.059,7.073,342108.99
2024-02-10 11:00:00+00:00,7.073,7.112,7.067,7.105,150518.54
2024-02-10 12:00:00+00:00,7.106,7.122,7.09,7.091,87742.19
2024-02-10 13:00:00+00:00,7.091,7.114,7.073,7.108,146383.74
2024-02-10 14:00:00+00:00,7.108,7.124,7.104,7.119,91193.75
2024-02-10 15:00:00+00:00,7.119,7.15,7.115,7.141,100445.86
2024-02-10 16:00:00+00:00,7.141,7.161,7.115,7.161,114056.97
2024-02-10 17:00:00+00:00,7.16,7.172,7.15,7.152,118007.54
2024-02-10 18:00:00+00:00,7.152,7.182,7.147,7.178,77750.0
2024-02-10 19:00:00+00:00,7.179,7.218,7.173,7.212,183074.49
2024-02-10 20:00:00+00:00,7.212,7.267,7.195,7.245,157642.72
2024-02-10 21:00:00+00:00,7.245,7.29,7.245,7.251,280912.32
2024-02-10 22:00:00+00:00,7.253,7.256,7.2,7.225,125278.76
2024-02-10 23:00:00+00:00,7.224,7.251,7.197,7.2,143202.1
2024-02-11 00:00:00+00:00,7.2,7.205,7.161,7.194,179679.7
2024-02-11 01:00:00+00:00,7.193,7.215,7.15,7.178,222318.21
2024-02-11 02:00:00+00:00,7.179,7.185,7.157,7.166,146710.48
2024-02-11 03:00:00+00:00,7.165,7.252,7.163,7.247,226467.17
2024-02-11 04:00:00+00:00,7.248,7.274,7.236,7.246,182463.61
2024-02-11 05:00:00+00:00,7.246,7.294,7.243,7.292,140837.22
2024-02-11 06:00:00+00:00,7.292,7.3,7.268,7.294,171717.63
2024-02-11 07:00:00+00:00,7.294,7.3,7.259,7.286,173102.28
2024-02-11 08:00:00+00:00,7.287,7.342,7.276,7.289,248671.9
2024-02-11 09:00:00+00:00,7.288,7.301,7.258,7.272,127915.27
2024-02-11 10:00:00+00:00,7.271,7.282,7.235,7.275,211361.69
2024-02-11 11:00:00+00:00,7.276,7.307,7.266,7.301,154015.38
2024-02-11 12:00:00+00:00,7.301,7.31,7.271,7.274,193190.05
2024-02-11 13:00:00+00:00,7.273,7.283,7.195,7.2,211445.99
2024-02-11 14:00:00+00:00,7.2,7.211,7.165,7.202,189604.39
2024-02-11 15:00:00+00:00,7.201,7.205,7.182,7.201,139386.85
2024-02-11 16:00:00+00:00,7.202,7.208,7.167,7.198,127789.98
2024-02-11 17:00:00+00:00,7.198,7.23,7.194,7.211,134471.17
2024-02-11 18:00:00+00:00,7.212,7.212,7.131,7.196,235978.21
2024-02-11 19:00:00+00:00,7.195,7.209,7.185,7.189,83760.51
2024-02-11 20:00:00+00:00,7.188,7.206,7.096,7.103,217872.19
2024-02-11 21:00:00+00:00,7.103,7.129,7.083,7.095,171640.31
2024-02-11 22:00:00+00:00,7.094,7.109,7.079,7.096,125049.21
2024-02-11 23:00:00+00:00,7.095,7.102,7.077,7.099,124621.21
2024-02-12 00:00:00+00:00,7.099,7.155,7.074,7.15,212623.67
2024-02-12 01:00:00+00:00,7.15,7.168,7.122,7.139,95666.45
2024-02-12 02:00:00+00:00,7.139,7.146,6.991,7.038,368787.97
2024-02-12 03:00:00+00:00,7.038,7.086,7.023,7.071,92100.14
2024-02-12 04:00:00+00:00,7.072,7.1,7.063,7.087,67823.05
2024-02-12 05:00:00+00:00,7.086,7.105,7.069,7.072,72471.3
2024-02-12 06:00:00+00:00,7.072,7.08,7.0,7.046,348345.27
2024-02-12 07:00:00+00:00,7.047,7.122,7.041,7.1,113502.38
2024-02-12 08:00:00+00:00,7.1,7.129,7.085,7.095,153038.35
2024-02-12 09:00:00+00:00,7.094,7.102,7.016,7.016,141673.25
2024-02-12 10:00:00+00:00,7.016,7.05,7.006,7.008,166197.11
2024-02-12 11:00:00+00:00,7.008,7.023,6.978,7.01,217645.2
2024-02-12 12:00:00+00:00,7.01,7.045,7.0,7.038,183041.43
2024-02-12 13:00:00+00:00,7.037,7.046,7.022,7.041,79366.37
2024-02-12 14:00:00+00:00,7.04,7.153,7.038,7.152,253643.32
2024-02-12 15:00:00+00:00,7.151,7.258,7.128,7.25,604797.05
2024-02-12 16:00:00+00:00,7.25,7.281,7.193,7.274,538098.99
2024-02-12 17:00:00+00:00,7.275,7.377,7.26,7.357,1373741.22
2024-02-12 18:00:00+00:00,7.357,7.365,7.295,7.299,251971.96
2024-02-12 19:00:00+00:00,7.299,7.317,7.207,7.219,385558.76
2024-02-12 20:00:00+00:00,7.219,7.306,7.218,7.302,263115.72
2024-02-12 21:00:00+00:00,7.301,7.318,7.269,7.27,217200.82
2024-02-12 22:00:00+00:00,7.27,7.354,7.27,7.348,230755.94
2024-02-12 23:00:00+00:00,7.347,7.354,7.314,7.34,207558.39
2024-02-13 00:00:00+00:00,7.34,7.45,7.338,7.427,410152.44
2024-02-13 01:00:00+00:00,7.425,7.45,7.378,7.403,217269.08
2024-02-13 02:00:00+00:00,7.404,7.405,7.333,7.347,217373.23
2024-02-13 03:00:00+00:00,7.347,7.361,7.278,7.297,194973.34
2024-02-13 04:00:00+00:00,7.298,7.38,7.298,7.364,154946.61
2024-02-13 05:00:00+00:00,7.363,7.375,7.332,7.374,130248.56
2024-02-13 06:00:00+00:00,7.373,7.405,7.353,7.383,161490.81
2024-02-13 07:00:00+00:00,7.383,7.41,7.37,7.399,220531.69
2024-02-13 08:00:00+00:00,7.399,7.421,7.375,7.415,240053.94
2024-02-13 09:00:00+00:00,7.415,7.438,7.378,7.423,211517.78
2024-02-13 10:00:00+00:00,7.423,7.424,7.336,7.337,303546.61
2024-02-13 11:00:00+00:00,7.337,7.382,7.32,7.379,189216.51
2024-02-13 12:00:00+00:00,7.378,7.383,7.348,7.358,124735.07
2024-02-13 13:00:00+00:00,7.358,7.369,7.16,7.271,542264.04
2024-02-13 14:00:00+00:00,7.271,7.3,7.111,7.194,827136.59
2024-02-13 15:00:00+00:00,7.194,7.227,7.148,7.199,277357.99
2024-02-13 16:00:00+00:00,7.2,7.234,7.158,7.161,320266.57
2024-02-13 17:00:00+00:00,7.161,7.218,7.152,7.217,187039.81
2024-02-13 18:00:00+00:00,7.216,7.27,7.21,7.246,153587.81
2024-02-13 19:00:00+00:00,7.245,7.27,7.22,7.226,110347.63
2024-02-13 20:00:00+00:00,7.226,7.307,7.226,7.297,182394.44
2024-02-13 21:00:00+00:00,7.298,7.34,7.288,7.31,196039.81
2024-02-13 22:00:00+00:00,7.315,7.328,7.266,7.315,109545.55
2024-02-13 23:00:00+00:00,7.314,7.364,7.3,7.353,124032.74
2024-02-14 00:00:00+00:00,7.354,7.357,7.279,7.295,164545.69
2024-02-14 01:00:00+00:00,7.299,7.316,7.273,7.303,145562.37
2024-02-14 02:00:00+00:00,7.303,7.387,7.291,7.383,162219.31
2024-02-14 03:00:00+00:00,7.384,7.577,7.384,7.504,715049.68
2024-02-14 04:00:00+00:00,7.503,7.572,7.484,7.546,301129.96
2024-02-14 05:00:00+00:00,7.546,7.642,7.538,7.573,436471.01
2024-02-14 06:00:00+00:00,7.572,7.648,7.55,7.634,221103.92
2024-02-14 07:00:00+00:00,7.635,7.642,7.577,7.591,198649.62
2024-02-14 08:00:00+00:00,7.591,7.645,7.56,7.641,258424.97
2024-02-14 09:00:00+00:00,7.642,7.706,7.609,7.693,626746.42
2024-02-14 10:00:00+00:00,7.692,7.71,7.648,7.661,434857.01
2024-02-14 11:00:00+00:00,7.66,7.672,7.621,7.66,300864.11
2024-02-14 12:00:00+00:00,7.661,7.667,7.582,7.602,469620.94
2024-02-14 13:00:00+00:00,7.602,7.652,7.6,7.649,223502.21
2024-02-14 14:00:00+00:00,7.647,7.676,7.608,7.63,341198.7
2024-02-14 15:00:00+00:00,7.629,7.641,7.55,7.579,395958.98
2024-02-14 16:00:00+00:00,7.58,7.596,7.515,7.544,321228.33
2024-02-14 17:00:00+00:00,7.544,7.562,7.512,7.529,225780.24
2024-02-14 18:00:00+00:00,7.529,7.623,7.524,7.596,210854.29
2024-02-14 19:00:00+00:00,7.597,7.662,7.588,7.645,223517.71
2024-02-14 20:00:00+00:00,7.643,7.673,7.623,7.655,210360.74
2024-02-14 21:00:00+00:00,7.654,7.679,7.639,7.673,164960.56
2024-02-14 22:00:00+00:00,7.673,7.676,7.654,7.675,87747.44
2024-02-14 23:00:00+00:00,7.676,7.676,7.639,7.649,157708.95
2024-02-15 00:00:00+00:00,7.648,7.736,7.636,7.732,529082.66
2024-02-15 01:00:00+00:00,7.732,7.733,7.577,7.622,277813.37
2024-02-15 02:00:00+00:00,7.622,7.673,7.617,7.623,154775.43
2024-02-15 03:00:00+00:00,7.626,7.669,7.614,7.668,141576.5
2024-02-15 04:00:00+00:00,7.669,7.67,7.615,7.624,136000.02
2024-02-15 05:00:00+00:00,7.625,7.634,7.526,7.563,254893.65
2024-02-15 06:00:00+00:00,7.562,7.624,7.553,7.615,153828.29
2024-02-15 07:00:00+00:00,7.615,7.656,7.584,7.648,192504.57
2024-02-15 08:00:00+00:00,7.649,7.66,7.617,7.637,126145.09
2024-02-15 09:00:00+00:00,7.637,7.768,7.632,7.756,388789.93
2024-02-15 10:00:00+00:00,7.755,7.865,7.746,7.83,581873.2
2024-02-15 11:00:00+00:00,7.831,7.914,7.811,7.903,616804.96
2024-02-15 12:00:00+00:00,7.904,7.95,7.825,7.864,688752.23
2024-02-15 13:00:00+00:00,7.864,7.893,7.821,7.878,348553.27
2024-02-15 14:00:00+00:00,7.877,7.948,7.874,7.905,506586.93
2024-02-15 15:00:00+00:00,7.905,7.938,7.755,7.792,710619.93
2024-02-15 16:00:00+00:00,7.793,7.834,7.705,7.764,581360.57
2024-02-15 17:00:00+00:00,7.764,7.835,7.696,7.713,477936.41
2024-02-15 18:00:00+00:00,7.715,7.745,7.691,7.729,207143.77
2024-02-15 19:00:00+00:00,7.727,7.775,7.691,7.755,237128.14
2024-02-15 20:00:00+00:00,7.756,7.777,7.693,7.703,204148.8
2024-02-15 21:00:00+00:00,7.703,7.74,7.627,7.652,226307.99
2024-02-15 22:00:00+00:00,7.653,7.745,7.648,7.732,162197.15
2024-02-15 23:00:00+00:00,7.733,7.785,7.721,7.781,172024.48
2024-02-16 00:00:00+00:00,7.781,7.787,7.713,7.752,243416.31
2024-02-16 01:00:00+00:00,7.752,7.785,7.73,7.782,130913.91
2024-02-16 02:00:00+00:00,7.782,7.794,7.759,7.785,163319.12
2024-02-16 03:00:00+00:00,7.786,7.818,7.766,7.818,114353.41
2024-02-16 04:00:00+00:00,7.818,7.835,7.802,7.806,222463.83
2024-02-16 05:00:00+00:00,7.805,7.822,7.788,7.791,106554.84
2024-02-16 06:00:00+00:00,7.791,7.868,7.767,7.782,266520.48
2024-02-16 07:00:00+00:00,7.783,7.799,7.717,7.725,225633.58
2024-02-16 08:00:00+00:00,7.725,7.838,7.714,7.778,192544.73
2024-02-16 09:00:00+00:00,7.777,7.794,7.7,7.729,261335.18
2024-02-16 10:00:00+00:00,7.727,7.78,7.701,7.779,155835.06
2024-02-16 11:00:00+00:00,7.778,7.797,7.758,7.766,173952.35
2024-02-16 12:00:00+00:00,7.765,7.863,7.747,7.856,175892.8
2024-02-16 13:00:00+00:00,7.856,7.863,7.77,7.821,461589.18
2024-02-16 14:00:00+00:00,7.82,7.837,7.604,7.656,498503.06
2024-02-16 15:00:00+00:00,7.655,7.655,7.537,7.642,431591.44
2024-02-16 16:00:00+00:00,7.643,7.705,7.611,7.624,263388.52
2024-02-16 17:00:00+00:00,7.619,7.632,7.568,7.587,189546.5
2024-02-16 18:00:00+00:00,7.587,7.621,7.547,7.618,148166.36
2024-02-16 19:00:00+00:00,7.619,7.642,7.56,7.577,168813.45
2024-02-16 20:00:00+00:00,7.577,7.606,7.563,7.597,125583.33
2024-02-16 21:00:00+00:00,7.599,7.627,7.574,7.625,105148.73
2024-02-16 22:00:00+00:00,7.625,7.627,7.561,7.587,128536.46
2024-02-16 23:00:00+00:00,7.587,7.671,7.575,7.647,174521.11
2024-02-17 00:00:00+00:00,7.647,7.686,7.631,7.633,110035.84
2024-02-17 01:00:00+00:00,7.632,7.641,7.5,7.529,285036.74
2024-02-17 02:00:00+00:00,7.529,7.57,7.518,7.562,128708.74
2024-02-17 03:00:00+00:00,7.562,7.578,7.55,7.578,55769.71
2024-02-17 04:00:00+00:00,7.578,7.6,7.561,7.585,75478.15
2024-02-17 05:00:00+00:00,7.585,7.588,7.541,7.569,64039.23
2024-02-17 06:00:00+00:00,7.568,7.591,7.557,7.583,64866.45
2024-02-17 07:00:00+00:00,7.584,7.667,7.578,7.664,133633.02
2024-02-17 08:00:00+00:00,7.664,7.668,7.583,7.62,191726.58
2024-02-17 09:00:00+00:00,7.619,7.633,7.573,7.574,149295.4
2024-02-17 10:00:00+00:00,7.574,7.586,7.525,7.57,217842.7
2024-02-17 11:00:00+00:00,7.569,7.612,7.555,7.601,100901.84
2024-02-17 12:00:00+00:00,7.601,7.633,7.566,7.631,223103.32
2024-02-17 13:00:00+00:00,7.633,7.634,7.444,7.461,363883.58
2024-02-17 14:00:00+00:00,7.458,7.509,7.34,7.403,493655.61
2024-02-17 15:00:00+00:00,7.402,7.47,7.362,7.46,218446.98
2024-02-17 16:00:00+00:00,7.459,7.496,7.427,7.494,140202.63
2024-02-17 17:00:00+00:00,7.494,7.536,7.493,7.518,123473.78
2024-02-17 18:00:00+00:00,7.518,7.524,7.501,7.504,71412.73
2024-02-17 19:00:00+00:00,7.503,7.559,7.498,7.558,93037.2
2024-02-17 20:00:00+00:00,7.559,7.677,7.541,7.669,212503.56
2024-02-17 21:00:00+00:00,7.67,7.686,7.63,7.664,229271.92
2024-02-17 22:00:00+00:00,7.664,7.698,7.648,7.69,118959.75
2024-02-17 23:00:00+00:00,7.689,7.709,7.673,7.704,81549.01
2024-02-18 00:00:00+00:00,7.704,7.846,7.704,7.793,433487.69
2024-02-18 01:00:00+00:00,7.793,7.836,7.73,7.744,217594.4
2024-02-18 02:00:00+00:00,7.744,7.822,7.726,7.748,206037.64
2024-02-18 03:00:00+00:00,7.747,7.773,7.727,7.737,123569.78
2024-02-18 04:00:00+00:00,7.737,7.783,7.733,7.761,118316.4
2024-02-18 05:00:00+00:00,7.761,7.817,7.727,7.812,179864.01
2024-02-18 06:00:00+00:00,7.812,7.824,7.695,7.718,205053.04
2024-02-18 07:00:00+00:00,7.719,7.78,7.676,7.778,122672.73
2024-02-18 08:00:00+00:00,7.778,7.796,7.738,7.793,119211.03
2024-02-18 09:00:00+00:00,7.792,7.857,7.792,7.839,265134.1
2024-02-18 10:00:00+00:00,7.837,7.837,7.76,7.795,200847.39
2024-02-18 11:00:00+00:00,7.795,7.796,7.755,7.772,119384.45
2024-02-18 12:00:00+00:00,7.773,7.789,7.716,7.724,218946.96
2024-02-18 13:00:00+00:00,7.723,7.746,7.715,7.73,105130.49
2024-02-18 14:00:00+00:00,7.729,7.8,7.729,7.781,110152.74
2024-02-18 15:00:00+00:00,7.783,7.816,7.756,7.776,177153.37
2024-02-18 16:00:00+00:00,7.777,7.783,7.739,7.773,113024.63
2024-02-18 17:00:00+00:00,7.774,7.861,7.773,7.814,231706.6
2024-02-18 18:00:00+00:00,7.814,7.816,7.756,7.797,147171.33
2024-02-18 19:00:00+00:00,7.797,7.826,7.781,7.79,95045.46
2024-02-18 20:00:00+00:00,7.788,7.789,7.727,7.756,99657.86
2024-02-18 21:00:00+00:00,7.757,7.805,7.757,7.799,74505.85
2024-02-18 22:00:00+00:00,7.799,7.875,7.794,7.862,180781.75
2024-02-18 23:00:00+00:00,7.861,7.92,7.817,7.86,250103.83
2024-02-19 00:00:00+00:00,7.86,7.893,7.83,7.863,182876.84
2024-02-19 01:00:00+00:00,7.863,7.863,7.783,7.841,119289.52
2024-02-19 02:00:00+00:00,7.84,7.864,7.832,7.838,137312.98
2024-02-19 03:00:00+00:00,7.837,7.852,7.782,7.81,172493.53
2024-02-19 04:00:00+00:00,7.81,7.812,7.776,7.797,152818.38
2024-02-19 05:00:00+00:00,7.797,7.812,7.75,7.809,220823.63
2024-02-19 06:00:00+00:00,7.808,7.885,7.805,7.833,348548.47
2024-02-19 07:00:00+00:00,7.832,7.91,7.82,7.888,363659.96
2024-02-19 08:00:00+00:00,7.888,7.894,7.753,7.769,388539.55
2024-02-19 09:00:00+00:00,7.77,7.828,7.768,7.793,572128.7
2024-02-19 10:00:00+00:00,7.794,7.818,7.723,7.818,329597.22
2024-02-19 11:00:00+00:00,7.818,7.844,7.792,7.825,208843.83
2024-02-19 12:00:00+00:00,7.826,7.829,7.761,7.765,235617.43
2024-02-19 13:00:00+00:00,7.766,7.8,7.678,7.732,660255.15
2024-02-19 14:00:00+00:00,7.732,7.736,7.663,7.707,422956.65
2024-02-19 15:00:00+00:00,7.706,7.785,7.702,7.737,266324.2
2024-02-19 16:00:00+00:00,7.737,7.796,7.682,7.696,368178.65
2024-02-19 17:00:00+00:00,7.699,7.805,7.651,7.756,434157.11
2024-02-19 18:00:00+00:00,7.757,7.788,7.733,7.743,205814.87
2024-02-19 19:00:00+00:00,7.741,7.788,7.722,7.779,138339.0
2024-02-19 20:00:00+00:00,7.779,7.868,7.749,7.835,290858.47
2024-02-19 21:00:00+00:00,7.836,7.938,7.832,7.93,547887.49
2024-02-19 22:00:00+00:00,7.931,8.098,7.931,8.093,702068.8
2024-02-19 23:00:00+00:00,8.093,8.148,8.017,8.029,717162.57
2024-02-20 00:00:00+00:00,8.029,8.117,7.95,7.976,361816.04
2024-02-20 01:00:00+00:00,7.979,8.05,7.889,7.93,360193.54
2024-02-20 02:00:00+00:00,7.929,7.976,7.91,7.95,167411.59
2024-02-20 03:00:00+00:00,7.951,7.969,7.816,7.821,342052.83
2024-02-20 04:00:00+00:00,7.82,7.899,7.796,7.892,352218.76
2024-02-20 05:00:00+00:00,7.891,7.925,7.871,7.883,175393.82
2024-02-20 06:00:00+00:00,7.883,7.94,7.876,7.909,164084.16
2024-02-20 07:00:00+00:00,7.91,7.934,7.84,7.846,211536.95
2024-02-20 08:00:00+00:00,7.846,7.857,7.755,7.792,492868.46
2024-02-20 09:00:00+00:00,7.791,7.792,7.624,7.702,581209.9
2024-02-20 10:00:00+00:00,7.703,7.796,7.69,7.795,371113.67
2024-02-20 11:00:00+00:00,7.795,7.846,7.795,7.844,308225.49
2024-02-20 12:00:00+00:00,7.844,7.881,7.77,7.777,388654.44
2024-02-20 13:00:00+00:00,7.777,7.938,7.767,7.933,463572.0
2024-02-20 14:00:00+00:00,7.932,7.935,7.65,7.708,1063270.58
2024-02-20 15:00:00+00:00,7.707,7.726,7.399,7.569,1365411.47
2024-02-20 16:00:00+00:00,7.57,7.615,7.49,7.502,401406.75
2024-02-20 17:00:00+00:00,7.5,7.659,7.437,7.529,457453.93
2024-02-20 18:00:00+00:00,7.529,7.579,7.502,7.553,247824.51
2024-02-20 19:00:00+00:00,7.553,7.652,7.508,7.65,317589.73
2024-02-20 20:00:00+00:00,7.649,7.672,7.62,7.657,237467.43
2024-02-20 21:00:00+00:00,7.657,7.726,7.634,7.702,247599.51
2024-02-20 22:00:00+00:00,7.702,7.819,7.701,7.806,234486.25
2024-02-20 23:00:00+00:00,7.805,7.831,7.719,7.731,239456.2
2024-02-21 00:00:00+00:00,7.731,7.732,7.631,7.632,179814.56
2024-02-21 01:00:00+00:00,7.632,7.65,7.569,7.595,231216.88
2024-02-21 02:00:00+00:00,7.595,7.653,7.593,7.624,88443.72
2024-02-21 03:00:00+00:00,7.623,7.667,7.595,7.613,104563.37
2024-02-21 04:00:00+00:00,7.613,7.62,7.531,7.571,159867.23
2024-02-21 05:00:00+00:00,7.571,7.605,7.502,7.514,206238.87
2024-02-21 06:00:00+00:00,7.514,7.53,7.428,7.438,325943.97
2024-02-21 07:00:00+00:00,7.438,7.45,7.367,7.423,589005.17
2024-02-21 08:00:00+00:00,7.423,7.468,7.408,7.451,195289.0
2024-02-21 09:00:00+00:00,7.452,7.452,7.267,7.3,533543.8
2024-02-21 10:00:00+00:00,7.3,7.377,7.225,7.357,411407.16
2024-02-21 11:00:00+00:00,7.356,7.392,7.291,7.319,250617.65
2024-02-21 12:00:00+00:00,7.317,7.419,7.229,7.383,443350.88
2024-02-21 13:00:00+00:00,7.383,7.434,7.33,7.371,279323.74
2024-02-21 14:00:00+00:00,7.372,7.376,7.245,7.301,387478.03
2024-02-21 15:00:00+00:00,7.302,7.42,7.284,7.38,532794.63
2024-02-21 16:00:00+00:00,7.38,7.423,7.34,7.409,256369.49
2024-02-21 17:00:00+00:00,7.409,7.426,7.312,7.321,212408.98
2024-02-21 18:00:00+00:00,7.322,7.347,7.247,7.311,247334.48
2024-02-21 19:00:00+00:00,7.311,7.373,7.289,7.359,176925.43
2024-02-21 20:00:00+00:00,7.358,7.362,7.308,7.324,155271.18
2024-02-21 21:00:00+00:00,7.326,7.427,7.31,7.422,229199.25
2024-02-21 22:00:00+00:00,7.423,7.433,7.38,7.42,131729.27
2024-02-21 23:00:00+00:00,7.42,7.487,7.416,7.466,186629.54
2024-02-22 00:00:00+00:00,7.466,7.469,7.405,7.411,173885.4
2024-02-22 01:00:00+00:00,7.412,7.439,7.275,7.275,190619.5
2024-02-22 02:00:00+00:00,7.275,7.358,7.274,7.335,119322.65
2024-02-22 03:00:00+00:00,7.335,7.395,7.321,7.381,120490.09
2024-02-22 04:00:00+00:00,7.381,7.397,7.344,7.358,127757.04
2024-02-22 05:00:00+00:00,7.358,7.416,7.358,7.389,103076.46
2024-02-22 06:00:00+00:00,7.389,7.494,7.389,7.48,174886.96
2024-02-22 07:00:00+00:00,7.482,7.552,7.43,7.53,323510.59
2024-02-22 08:00:00+00:00,7.529,7.597,7.504,7.579,368490.19
2024-02-22 09:00:00+00:00,7.579,7.608,7.533,7.589,253166.15
2024-02-22 10:00:00+00:00,7.588,7.599,7.5,7.531,299258.99
2024-02-22 11:00:00+00:00,7.531,7.544,7.492,7.529,169557.12
2024-02-22 12:00:00+00:00,7.528,7.555,7.438,7.5,276521.09
2024-02-22 13:00:00+00:00,7.501,7.507,7.395,7.445,357417.59
2024-02-22 14:00:00+00:00,7.445,7.548,7.434,7.539,230502.3
2024-02-22 15:00:00+00:00,7.541,7.607,7.524,7.571,345275.68
2024-02-22 16:00:00+00:00,7.57,7.607,7.516,7.564,303210.86
2024-02-22 17:00:00+00:00,7.565,7.612,7.564,7.599,175038.65
2024-02-22 18:00:00+00:00,7.596,7.64,7.541,7.61,271179.11
2024-02-22 19:00:00+00:00,7.61,7.611,7.548,7.56,139694.65
2024-02-22 20:00:00+00:00,7.56,7.687,7.556,7.654,284421.83
2024-02-22 21:00:00+00:00,7.652,7.654,7.562,7.596,164243.81
2024-02-22 22:00:00+00:00,7.597,7.619,7.51,7.526,235928.78
2024-02-22 23:00:00+00:00,7.525,7.546,7.465,7.48,176851.94
2024-02-23 00:00:00+00:00,7.481,7.519,7.469,7.517,112958.6
2024-02-23 01:00:00+00:00,7.518,7.535,7.47,7.47,184132.59
2024-02-23 02:00:00+00:00,7.47,7.51,7.391,7.403,236153.37
2024-02-23 03:00:00+00:00,7.404,7.406,7.35,7.378,363674.14
2024-02-23 04:00:00+00:00,7.377,7.421,7.318,7.402,180281.78
2024-02-23 05:00:00+00:00,7.402,7.444,7.395,7.427,152478.79
2024-02-23 06:00:00+00:00,7.428,7.46,7.412,7.45,187989.48
2024-02-23 07:00:00+00:00,7.45,7.451,7.334,7.344,221469.02
2024-02-23 08:00:00+00:00,7.343,7.393,7.28,7.301,518469.41
2024-02-23 09:00:00+00:00,7.301,7.342,7.281,7.339,342034.29
2024-02-23 10:00:00+00:00,7.338,7.357,7.313,7.348,119062.45
2024-02-23 11:00:00+00:00,7.347,7.367,7.333,7.356,77900.27
2024-02-23 12:00:00+00:00,7.356,7.357,7.269,7.304,239804.13
2024-02-23 13:00:00+00:00,7.302,7.36,7.286,7.357,149030.58
2024-02-23 14:00:00+00:00,7.357,7.518,7.316,7.501,559727.6
2024-02-23 15:00:00+00:00,7.5,7.504,7.34,7.404,759787.98
2024-02-23 16:00:00+00:00,7.405,7.469,7.294,7.441,571055.54
2024-02-23 17:00:00+00:00,7.442,7.571,7.434,7.544,353797.43
2024-02-23 18:00:00+00:00,7.544,7.594,7.504,7.583,307012.72
2024-02-23 19:00:00+00:00,7.582,7.627,7.549,7.616,199838.13
2024-02-23 20:00:00+00:00,7.613,7.64,7.562,7.635,193486.46
2024-02-23 21:00:00+00:00,7.637,7.646,7.569,7.607,233814.25
2024-02-23 22:00:00+00:00,7.608,7.627,7.511,7.527,152266.96
2024-02-23 23:00:00+00:00,7.527,7.594,7.446,7.563,222263.34
2024-02-24 00:00:00+00:00,7.564,7.64,7.56,7.614,222814.63
2024-02-24 01:00:00+00:00,7.614,7.633,7.431,7.436,241145.4
2024-02-24 02:00:00+00:00,7.437,7.62,7.435,7.604,260934.36
2024-02-24 03:00:00+00:00,7.604,7.614,7.573,7.597,144929.83
2024-02-24 04:00:00+00:00,7.597,7.698,7.575,7.694,252092.36
2024-02-24 05:00:00+00:00,7.693,7.74,7.666,7.69,227359.78
2024-02-24 06:00:00+00:00,7.691,7.814,7.686,7.812,484183.57
2024-02-24 07:00:00+00:00,7.812,7.814,7.76,7.79,351706.17
2024-02-24 08:00:00+00:00,7.792,7.822,7.723,7.744,386222.32
2024-02-24 09:00:00+00:00,7.743,7.763,7.721,7.746,292798.14
2024-02-24 10:00:00+00:00,7.746,7.78,7.728,7.729,273639.42
2024-02-24 11:00:00+00:00,7.729,7.769,7.712,7.751,183219.14
2024-02-24 12:00:00+00:00,7.751,7.774,7.712,7.744,267608.8
2024-02-24 13:00:00+00:00,7.744,7.833,7.73,7.826,350346.5
2024-02-24 14:00:00+00:00,7.826,7.849,7.757,7.801,289131.0
2024-02-24 15:00:00+00:00,7.8,7.849,7.779,7.78,338711.6
2024-02-24 16:00:00+00:00,7.78,7.819,7.737,7.779,256867.77
2024-02-24 17:00:00+00:00,7.779,7.847,7.779,7.828,308471.35
2024-02-24 18:00:00+00:00,7.831,7.848,7.773,7.78,117252.28
2024-02-24 19:00:00+00:00,7.779,7.824,7.774,7.824,82636.95
2024-02-24 20:00:00+00:00,7.824,7.828,7.778,7.792,121365.4
2024-02-24 21:00:00+00:00,7.793,7.882,7.774,7.87,232354.65
2024-02-24 22:00:00+00:00,7.873,7.891,7.813,7.83,216713.68
2024-02-24 23:00:00+00:00,7.831,7.853,7.775,7.819,213591.27
2024-02-25 00:00:00+00:00,7.819,7.824,7.755,7.789,248783.91
2024-02-25 01:00:00+00:00,7.79,7.82,7.755,7.818,97085.7
2024-02-25 02:00:00+00:00,7.818,7.851,7.764,7.777,261229.12
2024-02-25 03:00:00+00:00,7.776,7.778,7.697,7.763,190156.88
2024-02-25 04:00:00+00:00,7.763,7.78,7.714,7.738,117282.51
2024-02-25 05:00:00+00:00,7.737,7.767,7.715,7.766,87236.93
2024-02-25 06:00:00+00:00,7.767,7.784,7.722,7.781,132391.06
2024-02-25 07:00:00+00:00,7.781,7.788,7.73,7.743,88765.66
2024-02-25 08:00:00+00:00,7.743,7.766,7.686,7.697,131899.75
2024-02-25 09:00:00+00:00,7.697,7.727,7.677,7.72,144866.12
2024-02-25 10:00:00+00:00,7.718,7.738,7.712,7.716,89438.87
2024-02-25 11:00:00+00:00,7.716,7.756,7.71,7.754,129616.18
2024-02-25 12:00:00+00:00,7.756,7.775,7.736,7.765,86725.2
2024-02-25 13:00:00+00:00,7.766,7.804,7.736,7.769,138989.07
2024-02-25 14:00:00+00:00,7.768,7.797,7.719,7.776,238637.84
2024-02-25 15:00:00+00:00,7.775,7.796,7.717,7.729,161006.88
2024-02-25 16:00:00+00:00,7.729,7.77,7.695,7.737,160822.58
2024-02-25 17:00:00+00:00,7.737,7.788,7.731,7.781,78680.96
2024-02-25 18:00:00+00:00,7.782,7.784,7.759,7.784,81313.95
2024-02-25 19:00:00+00:00,7.785,7.834,7.768,7.834,163711.44
2024-02-25 20:00:00+00:00,7.834,7.9,7.828,7.835,423897.18
2024-02-25 21:00:00+00:00,7.836,7.841,7.769,7.781,176810.92
2024-02-25 22:00:00+00:00,7.781,7.922,7.765,7.864,383913.37
2024-02-25 23:00:00+00:00,7.865,7.95,7.845,7.923,363496.91
2024-02-26 00:00:00+00:00,7.924,7.927,7.851,7.868,220748.89
2024-02-26 01:00:00+00:00,7.867,7.87,7.815,7.825,115465.55
2024-02-26 02:00:00+00:00,7.826,7.841,7.804,7.806,96868.84
2024-02-26 03:00:00+00:00,7.805,7.85,7.786,7.847,122450.4
2024-02-26 04:00:00+00:00,7.847,7.868,7.828,7.834,86751.17
2024-02-26 05:00:00+00:00,7.834,7.857,7.796,7.845,112765.64
2024-02-26 06:00:00+00:00,7.846,7.886,7.811,7.883,143364.08
2024-02-26 07:00:00+00:00,7.883,7.892,7.739,7.747,370920.44
2024-02-26 08:00:00+00:00,7.748,7.757,7.715,7.731,196754.29
2024-02-26 09:00:00+00:00,7.732,7.756,7.601,7.624,471712.92
2024-02-26 10:00:00+00:00,7.625,7.696,7.621,7.677,243380.7
2024-02-26 11:00:00+00:00,7.674,7.684,7.623,7.642,211700.82
2024-02-26 12:00:00+00:00,7.642,7.66,7.583,7.654,309720.51
2024-02-26 13:00:00+00:00,7.653,7.704,7.644,7.666,267183.11
2024-02-26 14:00:00+00:00,7.667,7.764,7.658,7.757,228080.92
2024-02-26 15:00:00+00:00,7.757,7.889,7.744,7.856,610960.04
2024-02-26 16:00:00+00:00,7.856,8.085,7.851,7.988,1433626.02
2024-02-26 17:00:00+00:00,7.988,8.012,7.951,8.002,349809.17
2024-02-26 18:00:00+00:00,8.003,8.03,7.957,7.966,317575.83
2024-02-26 19:00:00+00:00,7.965,8.092,7.936,8.076,573748.41
2024-02-26 20:00:00+00:00,8.076,8.09,8.025,8.037,332029.85
2024-02-26 21:00:00+00:00,8.037,8.067,8.011,8.051,196907.3
2024-02-26 22:00:00+00:00,8.05,8.1,8.012,8.092,380861.73
2024-02-26 23:00:00+00:00,8.092,8.117,8.046,8.109,178843.65
2024-02-27 00:00:00+00:00,8.109,8.12,8.03,8.093,468265.17
2024-02-27 01:00:00+00:00,8.095,8.179,8.086,8.131,416267.4
2024-02-27 02:00:00+00:00,8.13,8.134,8.045,8.088,551030.41
2024-02-27 03:00:00+00:00,8.088,8.144,8.024,8.044,453585.73
2024-02-27 04:00:00+00:00,8.047,8.093,8.032,8.062,209055.0
2024-02-27 05:00:00+00:00,8.062,8.15,8.039,8.142,254311.49
2024-02-27 06:00:00+00:00,8.142,8.168,8.081,8.096,277231.88
2024-02-27 07:00:00+00:00,8.096,8.101,8.035,8.036,241896.92
2024-02-27 08:00:00+00:00,8.036,8.166,8.035,8.089,362100.18
2024-02-27 09:00:00+00:00,8.089,8.146,8.073,8.14,288190.56
2024-02-27 10:00:00+00:00,8.139,8.155,8.108,8.147,446239.74
2024-02-27 11:00:00+00:00,8.146,8.146,8.08,8.097,247274.0
2024-02-27 12:00:00+00:00,8.095,8.164,8.081,8.09,379013.81
2024-02-27 13:00:00+00:00,8.09,8.205,8.012,8.183,618051.68
2024-02-27 14:00:00+00:00,8.183,8.25,8.114,8.204,873097.49
2024-02-27 15:00:00+00:00,8.204,8.225,7.987,8.04,725562.51
2024-02-27 16:00:00+00:00,8.04,8.152,7.996,8.109,570174.16
2024-02-27 17:00:00+00:00,8.11,8.128,8.033,8.106,335352.3
2024-02-27 18:00:00+00:00,8.106,8.211,8.098,8.18,340785.84
2024-02-27 19:00:00+00:00,8.18,8.227,8.153,8.218,523458.51
2024-02-27 20:00:00+00:00,8.217,8.358,8.204,8.356,589464.57
2024-02-27 21:00:00+00:00,8.353,8.356,8.272,8.339,454810.65
2024-02-27 22:00:00+00:00,8.34,8.449,8.335,8.356,522610.12
2024-02-27 23:00:00+00:00,8.356,8.397,8.337,8.371,301354.42
2024-02-28 00:00:00+00:00,8.371,8.44,8.303,8.388,379433.77
2024-02-28 01:00:00+00:00,8.381,8.391,8.326,8.346,208256.04
2024-02-28 02:00:00+00:00,8.347,8.349,8.303,8.303,109742.14
2024-02-28 03:00:00+00:00,8.304,8.307,8.248,8.252,216780.25
2024-02-28 04:00:00+00:00,8.252,8.311,8.249,8.279,212230.63
2024-02-28 05:00:00+00:00,8.282,8.298,8.245,8.249,97945.73
2024-02-28 06:00:00+00:00,8.247,8.29,8.2,8.244,252010.69
2024-02-28 07:00:00+00:00,8.243,8.402,8.215,8.359,608124.99
2024-02-28 08:00:00+00:00,8.359,8.451,8.335,8.435,444927.42
2024-02-28 09:00:00+00:00,8.434,8.499,8.35,8.476,437864.95
2024-02-28 10:00:00+00:00,8.474,8.56,8.432,8.537,545438.9
2024-02-28 11:00:00+00:00,8.538,8.596,8.329,8.404,797651.05
2024-02-28 12:00:00+00:00,8.405,8.525,8.398,8.479,558264.72
2024-02-28 13:00:00+00:00,8.478,8.587,8.457,8.54,624607.98
2024-02-28 14:00:00+00:00,8.542,8.619,8.35,8.43,1301398.5
2024-02-28 15:00:00+00:00,8.431,8.492,8.38,8.42,493861.99
2024-02-28 16:00:00+00:00,8.42,8.677,8.413,8.656,755474.98
2024-02-28 17:00:00+00:00,8.655,8.715,7.713,8.296,3067716.78
2024-02-28 18:00:00+00:00,8.296,8.333,7.884,8.176,1431069.76
2024-02-28 19:00:00+00:00,8.175,8.198,8.091,8.123,593852.97
2024-02-28 20:00:00+00:00,8.123,8.193,7.889,8.175,866926.08
2024-02-28 21:00:00+00:00,8.175,8.234,8.112,8.216,383883.22
2024-02-28 22:00:00+00:00,8.217,8.37,8.209,8.322,371755.05
2024-02-28 23:00:00+00:00,8.323,8.382,8.294,8.342,264510.89
2024-02-29 00:00:00+00:00,8.342,8.474,8.263,8.474,449284.23
2024-02-29 01:00:00+00:00,8.473,8.505,8.418,8.456,346214.1
2024-02-29 02:00:00+00:00,8.453,8.48,8.368,8.391,266317.37
2024-02-29 03:00:00+00:00,8.389,8.438,8.343,8.427,206687.48
2024-02-29 04:00:00+00:00,8.428,8.518,8.401,8.512,381135.88
2024-02-29 05:00:00+00:00,8.51,8.547,8.493,8.541,390760.64
2024-02-29 06:00:00+00:00,8.542,8.657,8.542,8.614,550575.0
2024-02-29 07:00:00+00:00,8.612,8.67,8.549,8.636,485970.52
2024-02-29 08:00:00+00:00,8.636,8.849,8.607,8.84,814637.87
2024-02-29 09:00:00+00:00,8.84,8.899,8.676,8.724,761536.54
2024-02-29 10:00:00+00:00,8.723,8.799,8.668,8.793,462952.94
2024-02-29 11:00:00+00:00,8.792,8.808,8.708,8.727,334082.98
2024-02-29 12:00:00+00:00,8.725,8.764,8.624,8.673,344374.55
2024-02-29 13:00:00+00:00,8.673,8.805,8.651,8.747,380889.64
2024-02-29 14:00:00+00:00,8.748,8.858,8.741,8.812,587877.29
2024-02-29 15:00:00+00:00,8.819,8.882,8.777,8.818,421352.55
2024-02-29 16:00:00+00:00,8.82,8.864,8.521,8.696,965900.27
2024-02-29 17:00:00+00:00,8.698,8.739,8.461,8.537,660776.86
2024-02-29 18:00:00+00:00,8.537,8.589,8.43,8.475,444837.51
2024-02-29 19:00:00+00:00,8.469,8.564,8.432,8.561,374031.73
2024-02-29 20:00:00+00:00,8.56,8.593,8.538,8.539,281856.33
2024-02-29 21:00:00+00:00,8.537,8.546,8.221,8.328,765841.37
2024-02-29 22:00:00+00:00,8.328,8.343,8.029,8.142,608215.76
2024-02-29 23:00:00+00:00,8.142,8.282,8.139,8.261,280973.46
2024-03-01 00:00:00+00:00,8.263,8.39,8.263,8.387,293427.06
2024-03-01 01:00:00+00:00,8.388,8.429,8.322,8.376,289262.44
2024-03-01 02:00:00+00:00,8.376,8.388,8.275,8.335,256540.06
2024-03-01 03:00:00+00:00,8.337,8.383,8.279,8.355,237864.14
2024-03-01 04:00:00+00:00,8.354,8.413,8.337,8.408,217108.34
2024-03-01 05:00:00+00:00,8.408,8.447,8.383,8.399,175935.43
2024-03-01 06:00:00+00:00,8.398,8.443,8.358,8.426,240319.17
2024-03-01 07:00:00+00:00,8.426,8.44,8.343,8.349,240234.74
2024-03-01 08:00:00+00:00,8.349,8.455,8.307,8.441,337221.26
2024-03-01 09:00:00+00:00,8.441,8.474,8.417,8.44,209738.99
2024-03-01 10:00:00+00:00,8.44,8.465,8.398,8.419,254027.31
2024-03-01 11:00:00+00:00,8.418,8.447,8.404,8.42,271575.52
2024-03-01 12:00:00+00:00,8.42,8.499,8.407,8.453,250602.36
2024-03-01 13:00:00+00:00,8.453,8.494,8.442,8.488,281946.1
2024-03-01 14:00:00+00:00,8.485,8.527,8.385,8.442,535877.58
2024-03-01 15:00:00+00:00,8.443,8.471,8.271,8.291,810850.13
2024-03-01 16:00:00+00:00,8.292,8.35,8.271,8.304,308791.26
2024-03-01 17:00:00+00:00,8.303,8.445,8.302,8.413,236614.96
2024-03-01 18:00:00+00:00,8.413,8.426,8.361,8.4,293440.98
2024-03-01 19:00:00+00:00,8.401,8.424,8.339,8.369,216023.72
2024-03-01 20:00:00+00:00,8.369,8.453,8.365,8.446,216328.22
2024-03-01 21:00:00+00:00,8.445,8.484,8.407,8.47,279122.61
2024-03-01 22:00:00+00:00,8.47,8.655,8.464,8.625,519998.66
2024-03-01 23:00:00+00:00,8.625,8.673,8.584,8.661,467920.09
2024-03-02 00:00:00+00:00,8.661,8.797,8.661,8.737,591255.31
2024-03-02 01:00:00+00:00,8.736,8.752,8.576,8.732,566766.37
2024-03-02 02:00:00+00:00,8.732,8.817,8.694,8.796,412324.49
2024-03-02 03:00:00+00:00,8.797,8.978,8.774,8.948,701167.74
2024-03-02 04:00:00+00:00,8.947,9.05,8.917,8.92,726886.88
2024-03-02 05:00:00+00:00,8.92,8.93,8.778,8.845,593559.55
2024-03-02 06:00:00+00:00,8.845,9.007,8.83,8.949,459074.2
2024-03-02 07:00:00+00:00,8.949,8.952,8.853,8.925,331040.69
2024-03-02 08:00:00+00:00,8.924,8.997,8.805,8.994,521516.33
2024-03-02 09:00:00+00:00,8.994,9.032,8.816,8.9,644747.07
2024-03-02 10:00:00+00:00,8.9,8.942,8.871,8.926,298644.03
2024-03-02 11:00:00+00:00,8.924,9.007,8.914,8.958,405720.43
2024-03-02 12:00:00+00:00,8.958,9.198,8.949,9.172,820527.22
2024-03-02 13:00:00+00:00,9.173,9.175,9.044,9.053,479020.49
2024-03-02 14:00:00+00:00,9.054,9.131,8.972,9.129,780789.61
2024-03-02 15:00:00+00:00,9.129,9.15,8.96,9.019,606946.01
2024-03-02 16:00:00+00:00,9.019,9.174,9.014,9.152,532406.16
2024-03-02 17:00:00+00:00,9.151,9.16,9.078,9.089,338733.17
2024-03-02 18:00:00+00:00,9.089,9.261,9.08,9.241,436857.4
2024-03-02 19:00:00+00:00,9.241,9.302,9.209,9.227,469312.58
2024-03-02 20:00:00+00:00,9.229,9.253,9.102,9.208,472637.54
2024-03-02 21:00:00+00:00,9.208,9.382,9.199,9.307,563807.3
2024-03-02 22:00:00+00:00,9.307,9.39,9.271,9.321,495004.97
2024-03-02 23:00:00+00:00,9.322,9.467,9.321,9.463,563597.57
2024-03-03 00:00:00+00:00,9.463,9.47,9.3,9.337,822511.99
2024-03-03 01:00:00+00:00,9.338,9.366,9.263,9.329,280980.99
2024-03-03 02:00:00+00:00,9.329,9.384,9.216,9.277,390990.18
2024-03-03 03:00:00+00:00,9.276,9.414,9.264,9.37,316679.27
2024-03-03 04:00:00+00:00,9.371,9.401,9.35,9.363,215929.2
2024-03-03 05:00:00+00:00,9.364,9.376,9.21,9.214,293171.03
2024-03-03 06:00:00+00:00,9.213,9.232,9.117,9.143,509840.66
2024-03-03 07:00:00+00:00,9.144,9.17,8.576,8.939,1732162.47
2024-03-03 08:00:00+00:00,8.942,9.12,8.842,9.098,933283.11
2024-03-03 09:00:00+00:00,9.097,9.149,9.063,9.113,425027.53
2024-03-03 10:00:00+00:00,9.113,9.15,9.054,9.108,307783.1
2024-03-03 11:00:00+00:00,9.106,9.18,9.078,9.178,310150.63
2024-03-03 12:00:00+00:00,9.174,9.248,9.135,9.217,461845.42
2024-03-03 13:00:00+00:00,9.218,9.29,9.155,9.284,403569.33
2024-03-03 14:00:00+00:00,9.284,9.284,9.135,9.157,370545.45
2024-03-03 15:00:00+00:00,9.159,9.328,9.159,9.3,433582.36
2024-03-03 16:00:00+00:00,9.301,9.738,9.23,9.729,1764688.37
2024-03-03 17:00:00+00:00,9.728,9.9,9.63,9.717,2058889.08
2024-03-03 18:00:00+00:00,9.717,9.785,9.595,9.62,813465.51
2024-03-03 19:00:00+00:00,9.619,9.672,9.557,9.668,468990.62
2024-03-03 20:00:00+00:00,9.667,9.745,9.652,9.714,474356.85
2024-03-03 21:00:00+00:00,9.715,9.866,9.703,9.791,661951.85
2024-03-03 22:00:00+00:00,9.791,9.9,9.723,9.782,625798.78
2024-03-03 23:00:00+00:00,9.782,9.855,9.727,9.781,473761.24
2024-03-04 00:00:00+00:00,9.781,9.986,9.578,9.788,1519803.47
2024-03-04 01:00:00+00:00,9.789,9.849,9.628,9.693,884714.72
2024-03-04 02:00:00+00:00,9.694,9.8,9.68,9.697,431481.0
2024-03-04 03:00:00+00:00,9.696,9.737,9.623,9.693,365151.25
2024-03-04 04:00:00+00:00,9.692,9.779,9.631,9.739,337886.86
2024-03-04 05:00:00+00:00,9.741,9.848,9.709,9.717,539352.36
2024-03-04 06:00:00+00:00,9.717,9.876,9.68,9.869,410130.81
2024-03-04 07:00:00+00:00,9.87,9.917,9.747,9.793,578912.01
2024-03-04 08:00:00+00:00,9.793,10.177,9.776,10.085,1743000.62
2024-03-04 09:00:00+00:00,10.084,10.134,9.963,10.113,945790.56
2024-03-04 10:00:00+00:00,10.115,10.139,9.827,9.876,1456628.93
2024-03-04 11:00:00+00:00,9.877,10.023,9.784,9.972,1085902.41
2024-03-04 12:00:00+00:00,9.973,10.256,9.963,10.245,925056.25
2024-03-04 13:00:00+00:00,10.245,10.31,9.862,9.894,1155676.1
2024-03-04 14:00:00+00:00,9.891,10.174,9.807,10.084,1071762.47
2024-03-04 15:00:00+00:00,10.084,10.191,10.02,10.158,648818.5
2024-03-04 16:00:00+00:00,10.158,10.171,9.974,9.987,853016.67
2024-03-04 17:00:00+00:00,9.987,10.031,9.704,9.724,1247072.71
2024-03-04 18:00:00+00:00,9.724,9.913,9.5,9.91,1463460.15
2024-03-04 19:00:00+00:00,9.907,10.0,9.808,9.936,578402.02
2024-03-04 20:00:00+00:00,9.935,9.954,9.854,9.902,368553.41
2024-03-04 21:00:00+00:00,9.9,10.08,9.76,10.026,486897.59
2024-03-04 22:00:00+00:00,10.024,10.057,9.957,10.009,350082.16
2024-03-04 23:00:00+00:00,10.009,10.056,9.75,9.862,1194836.83
2024-03-05 00:00:00+00:00,9.862,9.926,9.774,9.824,761436.51
2024-03-05 01:00:00+00:00,9.823,9.989,9.772,9.958,515210.46
2024-03-05 02:00:00+00:00,9.957,9.966,9.763,9.841,621811.37
2024-03-05 03:00:00+00:00,9.841,9.849,9.769,9.799,406985.02
2024-03-05 04:00:00+00:00,9.798,10.059,9.79,9.932,984381.4
2024-03-05 05:00:00+00:00,9.93,10.333,9.653,10.283,2283238.8
2024-03-05 06:00:00+00:00,10.283,10.325,10.089,10.317,883981.39
2024-03-05 07:00:00+00:00,10.316,10.7,10.208,10.54,2258713.26
2024-03-05 08:00:00+00:00,10.539,10.754,10.483,10.621,1354814.27
2024-03-05 09:00:00+00:00,10.62,10.762,10.523,10.583,888934.66
2024-03-05 10:00:00+00:00,10.582,10.71,10.539,10.575,474393.7
2024-03-05 11:00:00+00:00,10.575,10.619,10.465,10.468,473769.4
2024-03-05 12:00:00+00:00,10.468,10.527,10.353,10.456,765682.26
2024-03-05 13:00:00+00:00,10.456,10.495,10.376,10.432,585475.09
2024-03-05 14:00:00+00:00,10.433,10.577,10.331,10.472,1333628.9
2024-03-05 15:00:00+00:00,10.473,10.513,10.11,10.283,1933787.87
2024-03-05 16:00:00+00:00,10.286,10.4,9.743,10.003,2810104.6
2024-03-05 17:00:00+00:00,10.004,10.1,9.629,10.089,1495217.19
2024-03-05 18:00:00+00:00,10.087,10.087,9.8,9.854,871117.37
2024-03-05 19:00:00+00:00,9.855,9.941,8.17,8.904,3687312.64
2024-03-05 20:00:00+00:00,8.904,9.152,8.681,8.869,3152163.35
2024-03-05 21:00:00+00:00,8.867,9.281,8.865,9.21,1610328.36
2024-03-05 22:00:00+00:00,9.209,9.247,9.0,9.221,870404.86
2024-03-05 23:00:00+00:00,9.223,9.382,9.189,9.32,685033.63
2024-03-06 00:00:00+00:00,9.32,9.383,9.259,9.276,697151.7
2024-03-06 01:00:00+00:00,9.276,9.336,9.12,9.141,583174.8
2024-03-06 02:00:00+00:00,9.142,9.174,8.924,8.925,495188.3
2024-03-06 03:00:00+00:00,8.924,9.128,8.924,9.097,416842.97
2024-03-06 04:00:00+00:00,9.097,9.432,9.097,9.423,602732.46
2024-03-06 05:00:00+00:00,9.423,9.657,9.356,9.642,1171027.03
2024-03-06 06:00:00+00:00,9.642,9.744,9.616,9.742,491262.21
2024-03-06 07:00:00+00:00,9.74,10.3,9.667,10.265,1421235.72
2024-03-06 08:00:00+00:00,10.265,10.29,9.984,10.04,1254897.95
2024-03-06 09:00:00+00:00,10.041,10.104,9.875,9.88,614504.84
2024-03-06 10:00:00+00:00,9.883,10.135,9.883,10.049,624985.43
2024-03-06 11:00:00+00:00,10.049,10.149,9.995,10.134,509823.75
2024-03-06 12:00:00+00:00,10.134,10.149,9.691,9.893,1174482.62
2024-03-06 13:00:00+00:00,9.894,9.971,9.757,9.964,693551.52
2024-03-06 14:00:00+00:00,9.964,10.037,9.848,9.925,760047.57
2024-03-06 15:00:00+00:00,9.924,10.059,9.775,9.982,689600.24
2024-03-06 16:00:00+00:00,9.983,10.198,9.974,10.117,877905.92
2024-03-06 17:00:00+00:00,10.12,10.189,10.054,10.179,575973.68
2024-03-06 18:00:00+00:00,10.178,10.494,10.148,10.363,1133945.03
2024-03-06 19:00:00+00:00,10.362,10.39,10.214,10.227,417486.0
2024-03-06 20:00:00+00:00,10.228,10.312,10.176,10.271,356707.34
2024-03-06 21:00:00+00:00,10.271,10.56,10.253,10.435,710282.61
2024-03-06 22:00:00+00:00,10.435,10.509,10.372,10.442,446329.6
2024-03-06 23:00:00+00:00,10.445,10.55,10.396,10.544,416101.94
2024-03-07 00:00:00+00:00,10.544,11.0,10.493,10.889,2028973.39
2024-03-07 01:00:00+00:00,10.89,10.903,10.6,10.767,799250.36
2024-03-07 02:00:00+00:00,10.768,10.86,10.614,10.734,524857.97
2024-03-07 03:00:00+00:00,10.734,10.735,10.443,10.495,565320.37
2024-03-07 04:00:00+00:00,10.496,10.583,10.399,10.473,519560.93
2024-03-07 05:00:00+00:00,10.473,10.517,10.284,10.318,601608.93
2024-03-07 06:00:00+00:00,10.322,10.383,10.209,10.336,528456.93
2024-03-07 07:00:00+00:00,10.336,10.469,10.319,10.412,338559.2
2024-03-07 08:00:00+00:00,10.412,10.53,10.4,10.445,341834.22
2024-03-07 09:00:00+00:00,10.447,10.531,10.38,10.414,334326.31
2024-03-07 10:00:00+00:00,10.419,10.464,10.35,10.393,283682.84
2024-03-07 11:00:00+00:00,10.392,10.5,10.361,10.458,346454.33
2024-03-07 12:00:00+00:00,10.457,10.499,10.319,10.357,405666.67
2024-03-07 13:00:00+00:00,10.355,10.395,10.244,10.365,633423.82
2024-03-07 14:00:00+00:00,10.367,10.52,10.243,10.321,766341.85
2024-03-07 15:00:00+00:00,10.322,10.482,10.238,10.421,564237.21
2024-03-07 16:00:00+00:00,10.423,10.45,10.303,10.375,380465.87
2024-03-07 17:00:00+00:00,10.375,10.42,10.334,10.385,358252.59
2024-03-07 18:00:00+00:00,10.388,10.492,10.341,10.455,298511.19
2024-03-07 19:00:00+00:00,10.456,10.491,10.386,10.431,357601.62
2024-03-07 20:00:00+00:00,10.432,10.483,10.39,10.413,284821.83
2024-03-07 21:00:00+00:00,10.414,10.508,10.346,10.441,307116.46
2024-03-07 22:00:00+00:00,10.441,10.49,10.356,10.368,213894.25
2024-03-07 23:00:00+00:00,10.369,10.458,10.36,10.402,210907.59
2024-03-08 00:00:00+00:00,10.404,10.625,10.4,10.605,655638.47
2024-03-08 01:00:00+00:00,10.603,10.67,10.367,10.401,660714.49
2024-03-08 02:00:00+00:00,10.401,10.479,10.37,10.4,247733.59
2024-03-08 03:00:00+00:00,10.402,10.428,10.336,10.412,210726.35
2024-03-08 04:00:00+00:00,10.412,10.452,10.319,10.368,207402.52
2024-03-08 05:00:00+00:00,10.367,10.387,10.263,10.296,198124.2
2024-03-08 06:00:00+00:00,10.297,10.426,10.267,10.424,207290.56
2024-03-08 07:00:00+00:00,10.423,10.449,10.317,10.323,273042.78
2024-03-08 08:00:00+00:00,10.323,10.4,10.287,10.368,574483.65
2024-03-08 09:00:00+00:00,10.367,10.418,10.332,10.343,225200.79
2024-03-08 10:00:00+00:00,10.343,10.485,10.341,10.436,456613.45
2024-03-08 11:00:00+00:00,10.438,10.443,10.346,10.434,228806.51
2024-03-08 12:00:00+00:00,10.434,10.482,10.395,10.462,230785.38
2024-03-08 13:00:00+00:00,10.461,10.551,10.393,10.422,540409.72
2024-03-08 14:00:00+00:00,10.423,10.549,10.398,10.498,532012.4
2024-03-08 15:00:00+00:00,10.496,10.56,10.102,10.215,2020906.5
2024-03-08 16:00:00+00:00,10.217,10.29,9.946,10.264,2034225.49
2024-03-08 17:00:00+00:00,10.263,10.67,10.222,10.497,1075838.75
2024-03-08 18:00:00+00:00,10.493,10.615,10.463,10.506,502460.5
2024-03-08 19:00:00+00:00,10.505,10.569,10.401,10.489,311143.74
2024-03-08 20:00:00+00:00,10.489,10.579,10.421,10.462,472477.62
2024-03-08 21:00:00+00:00,10.462,10.526,10.404,10.467,379148.51
2024-03-08 22:00:00+00:00,10.466,10.67,10.408,10.563,347592.48
2024-03-08 23:00:00+00:00,10.563,10.7,10.561,10.637,390113.76
2024-03-09 00:00:00+00:00,10.637,10.692,10.575,10.675,285970.07
2024-03-09 01:00:00+00:00,10.674,10.807,10.524,10.685,531162.51
2024-03-09 02:00:00+00:00,10.684,10.705,10.575,10.58,283008.5
2024-03-09 03:00:00+00:00,10.579,10.648,10.559,10.638,165334.41
2024-03-09 04:00:00+00:00,10.638,10.72,10.613,10.68,219187.29
2024-03-09 05:00:00+00:00,10.68,10.685,10.602,10.606,170699.87
2024-03-09 06:00:00+00:00,10.606,10.759,10.59,10.722,300794.35
2024-03-09 07:00:00+00:00,10.721,10.777,10.701,10.701,463946.03
2024-03-09 08:00:00+00:00,10.702,10.749,10.638,10.688,525082.43
2024-03-09 09:00:00+00:00,10.687,10.881,10.687,10.864,677696.34
2024-03-09 10:00:00+00:00,10.865,10.883,10.596,10.701,837080.78
2024-03-09 11:00:00+00:00,10.7,10.95,10.665,10.891,746377.14
2024-03-09 12:00:00+00:00,10.888,10.933,10.767,10.799,453737.08
2024-03-09 13:00:00+00:00,10.8,10.8,10.715,10.767,266359.89
2024-03-09 14:00:00+00:00,10.769,10.81,10.6,10.656,430547.65
2024-03-09 15:00:00+00:00,10.657,10.796,10.646,10.755,268563.75
2024-03-09 16:00:00+00:00,10.756,10.776,10.546,10.561,680383.44
2024-03-09 17:00:00+00:00,10.56,10.595,10.451,10.486,530460.4
2024-03-09 18:00:00+00:00,10.485,10.551,10.453,10.511,280924.9
2024-03-09 19:00:00+00:00,10.511,10.526,10.428,10.437,228495.52
2024-03-09 20:00:00+00:00,10.436,10.507,10.409,10.501,205979.99
2024-03-09 21:00:00+00:00,10.501,10.505,10.423,10.443,280229.43
2024-03-09 22:00:00+00:00,10.443,10.51,10.443,10.484,249761.12
2024-03-09 23:00:00+00:00,10.484,10.526,10.454,10.493,302744.72
2024-03-10 00:00:00+00:00,10.494,10.574,10.448,10.486,345376.27
2024-03-10 01:00:00+00:00,10.491,10.546,10.44,10.531,358307.14
2024-03-10 02:00:00+00:00,10.532,10.538,10.443,10.452,147369.94
2024-03-10 03:00:00+00:00,10.454,10.492,10.424,10.447,196226.08
2024-03-10 04:00:00+00:00,10.449,10.505,10.439,10.471,179926.49
2024-03-10 05:00:00+00:00,10.469,10.471,10.417,10.419,313224.0
2024-03-10 06:00:00+00:00,10.418,10.457,10.417,10.449,150907.65
2024-03-10 07:00:00+00:00,10.448,10.561,10.441,10.542,325334.3
2024-03-10 08:00:00+00:00,10.541,10.564,10.487,10.548,233876.54
2024-03-10 09:00:00+00:00,10.547,10.547,10.327,10.384,549592.49
2024-03-10 10:00:00+00:00,10.388,10.557,10.376,10.51,505256.66
2024-03-10 11:00:00+00:00,10.51,10.518,10.368,10.412,351307.6
2024-03-10 12:00:00+00:00,10.41,10.443,10.224,10.343,420744.34
2024-03-10 13:00:00+00:00,10.344,10.352,10.141,10.193,499534.38
2024-03-10 14:00:00+00:00,10.192,10.238,10.01,10.199,710213.29
2024-03-10 15:00:00+00:00,10.199,10.23,10.125,10.17,283293.56
2024-03-10 16:00:00+00:00,10.171,10.321,10.163,10.254,275514.18
2024-03-10 17:00:00+00:00,10.256,10.295,10.233,10.287,231662.91
2024-03-10 18:00:00+00:00,10.285,10.312,10.238,10.251,225893.71
2024-03-10 19:00:00+00:00,10.252,10.283,10.217,10.283,151614.94
2024-03-10 20:00:00+00:00,10.282,10.297,10.232,10.274,161181.63
2024-03-10 21:00:00+00:00,10.273,10.278,10.171,10.196,177566.52
2024-03-10 22:00:00+00:00,10.196,10.203,9.963,10.037,552719.27
2024-03-10 23:00:00+00:00,10.035,10.287,10.033,10.261,241200.88
2024-03-11 00:00:00+00:00,10.262,10.38,9.791,10.081,926016.75
2024-03-11 01:00:00+00:00,10.083,10.211,9.972,10.122,527244.49
2024-03-11 02:00:00+00:00,10.12,10.238,10.072,10.181,245796.04
2024-03-11 03:00:00+00:00,10.18,10.356,10.162,10.353,271431.67
2024-03-11 04:00:00+00:00,10.352,10.449,10.314,10.403,363613.6
2024-03-11 05:00:00+00:00,10.404,10.475,10.297,10.316,302498.66
2024-03-11 06:00:00+00:00,10.315,10.446,10.227,10.444,338045.2
2024-03-11 07:00:00+00:00,10.444,10.547,10.405,10.527,929393.74
2024-03-11 08:00:00+00:00,10.528,10.706,10.524,10.669,812963.94
2024-03-11 09:00:00+00:00,10.668,10.886,10.616,10.855,731125.11
2024-03-11 10:00:00+00:00,10.856,11.0,10.763,10.763,999426.82
2024-03-11 11:00:00+00:00,10.763,10.84,10.664,10.725,798919.28
2024-03-11 12:00:00+00:00,10.722,10.805,10.684,10.731,400896.01
2024-03-11 13:00:00+00:00,10.73,10.835,10.667,10.7,694274.8
2024-03-11 14:00:00+00:00,10.7,10.919,10.67,10.849,668306.99
2024-03-11 15:00:00+00:00,10.849,10.995,10.823,10.859,1020015.77
2024-03-11 16:00:00+00:00,10.859,10.999,10.709,10.945,908880.83
2024-03-11 17:00:00+00:00,10.946,10.98,10.865,10.96,617455.47
2024-03-11 18:00:00+00:00,10.961,11.249,10.96,11.216,1493922.68
2024-03-11 19:00:00+00:00,11.217,11.242,10.978,11.028,650294.47
2024-03-11 20:00:00+00:00,11.029,11.189,11.021,11.152,441943.93
2024-03-11 21:00:00+00:00,11.152,11.213,11.122,11.187,285652.47
2024-03-11 22:00:00+00:00,11.186,11.207,11.095,11.128,268746.43
2024-03-11 23:00:00+00:00,11.129,11.136,11.017,11.043,299792.69
2024-03-12 00:00:00+00:00,11.043,11.08,10.863,10.863,377051.43
2024-03-12 01:00:00+00:00,10.866,10.959,10.854,10.957,309583.1
2024-03-12 02:00:00+00:00,10.958,11.15,10.901,11.075,430306.07
2024-03-12 03:00:00+00:00,11.075,11.115,10.846,10.861,431601.39
2024-03-12 04:00:00+00:00,10.862,10.955,10.786,10.871,344823.72
2024-03-12 05:00:00+00:00,10.87,10.974,10.84,10.925,279905.27
2024-03-12 06:00:00+00:00,10.925,10.926,10.67,10.819,551940.79
2024-03-12 07:00:00+00:00,10.819,10.833,10.682,10.729,375462.82
2024-03-12 08:00:00+00:00,10.728,10.746,10.422,10.532,772544.24
2024-03-12 09:00:00+00:00,10.532,10.708,10.53,10.68,313831.12
2024-03-12 10:00:00+00:00,10.679,10.72,10.572,10.612,268647.52
2024-03-12 11:00:00+00:00,10.613,10.742,10.6,10.617,310128.77
2024-03-12 12:00:00+00:00,10.618,10.689,10.452,10.665,529978.73
2024-03-12 13:00:00+00:00,10.663,10.819,10.622,10.74,528063.55
2024-03-12 14:00:00+00:00,10.739,10.85,10.553,10.57,684736.79
2024-03-12 15:00:00+00:00,10.573,10.718,10.495,10.663,604176.66
2024-03-12 16:00:00+00:00,10.665,10.7,10.358,10.429,894386.45
2024-03-12 17:00:00+00:00,10.427,10.582,10.02,10.582,1541510.36
2024-03-12 18:00:00+00:00,10.582,10.699,10.498,10.696,473869.49
2024-03-12 19:00:00+00:00,10.697,10.8,10.65,10.773,501043.24
2024-03-12 20:00:00+00:00,10.774,10.776,10.555,10.595,746026.37
2024-03-12 21:00:00+00:00,10.591,10.627,10.506,10.599,249357.88
2024-03-12 22:00:00+00:00,10.599,10.668,10.566,10.66,224810.79
2024-03-12 23:00:00+00:00,10.659,10.778,10.63,10.736,296160.39
2024-03-13 00:00:00+00:00,10.736,10.759,10.638,10.709,262963.96
2024-03-13 01:00:00+00:00,10.71,10.848,10.673,10.819,283521.23
2024-03-13 02:00:00+00:00,10.82,10.845,10.779,10.843,167109.71
2024-03-13 03:00:00+00:00,10.843,10.955,10.811,10.923,449670.2
2024-03-13 04:00:00+00:00,10.924,10.927,10.832,10.887,291863.88
2024-03-13 05:00:00+00:00,10.888,10.932,10.828,10.881,235813.77
2024-03-13 06:00:00+00:00,10.884,11.0,10.852,10.997,361519.16
2024-03-13 07:00:00+00:00,10.997,11.076,10.965,11.007,725375.09
2024-03-13 08:00:00+00:00,11.007,11.196,11.002,11.18,780643.53
2024-03-13 09:00:00+00:00,11.179,11.319,11.142,11.187,770677.16
2024-03-13 10:00:00+00:00,11.187,11.211,11.051,11.111,607306.34
2024-03-13 11:00:00+00:00,11.112,11.122,11.002,11.008,415461.53
2024-03-13 12:00:00+00:00,11.008,11.109,10.942,10.957,580550.69
2024-03-13 13:00:00+00:00,10.956,11.015,10.675,10.787,795066.81
2024-03-13 14:00:00+00:00,10.787,10.9,10.648,10.693,554729.74
2024-03-13 15:00:00+00:00,10.695,10.886,10.654,10.818,524363.15
2024-03-13 16:00:00+00:00,10.82,10.908,10.761,10.827,499862.5
2024-03-13 17:00:00+00:00,10.827,10.896,10.774,10.864,446760.04
2024-03-13 18:00:00+00:00,10.864,11.058,10.864,10.998,513669.29
2024-03-13 19:00:00+00:00,10.999,11.035,10.881,11.026,451673.69
2024-03-13 20:00:00+00:00,11.025,11.056,10.923,10.948,379332.2
2024-03-13 21:00:00+00:00,10.948,11.014,10.892,11.006,240916.01
2024-03-13 22:00:00+00:00,11.006,11.061,10.954,11.016,408341.97
2024-03-13 23:00:00+00:00,11.017,11.46,11.014,11.374,1222689.54
2024-03-14 00:00:00+00:00,11.374,11.4,11.149,11.266,926958.66
2024-03-14 01:00:00+00:00,11.266,11.3,11.125,11.189,469104.88
2024-03-14 02:00:00+00:00,11.187,11.3,11.156,11.162,337914.65
2024-03-14 03:00:00+00:00,11.164,11.197,11.073,11.171,393150.16
2024-03-14 04:00:00+00:00,11.17,11.183,10.971,11.038,419633.65
2024-03-14 05:00:00+00:00,11.038,11.148,11.02,11.117,224917.92
2024-03-14 06:00:00+00:00,11.115,11.207,11.079,11.163,279758.4
2024-03-14 07:00:00+00:00,11.162,11.38,11.125,11.329,585952.43
2024-03-14 08:00:00+00:00,11.33,11.39,11.227,11.241,568346.49
2024-03-14 09:00:00+00:00,11.242,11.884,11.241,11.881,2451012.03
2024-03-14 10:00:00+00:00,11.88,11.889,11.644,11.709,1072220.59
2024-03-14 11:00:00+00:00,11.709,11.722,11.46,11.7,1104557.95
2024-03-14 12:00:00+00:00,11.7,11.773,11.479,11.561,1021379.65
2024-03-14 13:00:00+00:00,11.561,11.646,11.069,11.235,1415013.09
2024-03-14 14:00:00+00:00,11.239,11.524,11.218,11.423,1241502.64
2024-03-14 15:00:00+00:00,11.42,11.481,11.004,11.166,1006479.26
2024-03-14 16:00:00+00:00,11.17,11.498,11.072,11.477,1041683.38
2024-03-14 17:00:00+00:00,11.475,11.644,11.357,11.508,767976.45
2024-03-14 18:00:00+00:00,11.507,11.507,11.052,11.152,671281.01
2024-03-14 19:00:00+00:00,11.149,11.207,10.675,10.971,1638925.07
2024-03-14 20:00:00+00:00,10.977,11.366,10.958,11.226,733180.93
2024-03-14 21:00:00+00:00,11.229,11.419,11.137,11.416,486288.33
2024-03-14 22:00:00+00:00,11.414,11.6,11.414,11.513,678193.67
2024-03-14 23:00:00+00:00,11.513,11.618,11.43,11.558,619918.9
2024-03-15 00:00:00+00:00,11.557,11.706,11.547,11.55,676614.27
2024-03-15 01:00:00+00:00,11.548,11.56,11.419,11.431,716351.97
2024-03-15 02:00:00+00:00,11.429,11.447,10.754,10.937,1523066.92
2024-03-15 03:00:00+00:00,10.936,11.017,10.399,10.776,1708237.88
2024-03-15 04:00:00+00:00,10.775,10.81,10.451,10.527,917058.51
2024-03-15 05:00:00+00:00,10.528,10.704,10.518,10.589,581350.57
2024-03-15 06:00:00+00:00,10.589,10.938,10.585,10.91,702185.82
2024-03-15 07:00:00+00:00,10.909,10.92,10.761,10.795,415206.11
2024-03-15 08:00:00+00:00,10.796,10.814,10.251,10.261,1093419.23
2024-03-15 09:00:00+00:00,10.265,10.7,9.975,10.455,2261584.75
2024-03-15 10:00:00+00:00,10.451,10.492,10.304,10.338,612990.49
2024-03-15 11:00:00+00:00,10.34,10.425,10.123,10.389,808837.5
2024-03-15 12:00:00+00:00,10.387,10.456,10.306,10.372,463938.09
2024-03-15 13:00:00+00:00,10.371,10.59,10.303,10.548,632493.69
2024-03-15 14:00:00+00:00,10.548,10.579,10.357,10.484,485170.52
2024-03-15 15:00:00+00:00,10.484,10.515,10.372,10.417,368318.68
2024-03-15 16:00:00+00:00,10.417,10.465,10.271,10.317,490489.55
2024-03-15 17:00:00+00:00,10.316,10.421,10.234,10.389,406258.84
2024-03-15 18:00:00+00:00,10.391,10.752,10.389,10.736,535690.54
2024-03-15 19:00:00+00:00,10.735,11.2,10.59,10.676,2947584.92
2024-03-15 20:00:00+00:00,10.672,10.684,10.4,10.474,760498.26
2024-03-15 21:00:00+00:00,10.474,10.657,10.448,10.657,329189.11
2024-03-15 22:00:00+00:00,10.658,10.773,10.577,10.754,333905.61
2024-03-15 23:00:00+00:00,10.754,10.871,10.672,10.81,446098.43
2024-03-16 00:00:00+00:00,10.811,10.899,10.721,10.747,541028.89
2024-03-16 01:00:00+00:00,10.746,10.822,10.701,10.733,312344.75
2024-03-16 02:00:00+00:00,10.736,10.744,10.64,10.661,310899.55
2024-03-16 03:00:00+00:00,10.662,10.786,10.611,10.688,268874.91
2024-03-16 04:00:00+00:00,10.688,10.725,10.565,10.602,314372.81
2024-03-16 05:00:00+00:00,10.604,10.615,10.413,10.52,356198.23
2024-03-16 06:00:00+00:00,10.522,10.711,10.521,10.68,339662.65
2024-03-16 07:00:00+00:00,10.677,10.734,10.613,10.666,555336.69
2024-03-16 08:00:00+00:00,10.666,10.668,10.514,10.52,675188.31
2024-03-16 09:00:00+00:00,10.52,10.532,10.428,10.458,913803.82
2024-03-16 10:00:00+00:00,10.46,10.496,10.403,10.422,507887.15
2024-03-16 11:00:00+00:00,10.424,10.479,10.262,10.347,698632.75
2024-03-16 12:00:00+00:00,10.347,10.382,10.203,10.228,541493.35
2024-03-16 13:00:00+00:00,10.23,10.309,10.11,10.114,657316.86
2024-03-16 14:00:00+00:00,10.117,10.208,10.071,10.191,441865.48
2024-03-16 15:00:00+00:00,10.191,10.307,10.085,10.291,499402.72
2024-03-16 16:00:00+00:00,10.291,10.293,10.183,10.259,378138.17
2024-03-16 17:00:00+00:00,10.257,10.292,10.002,10.036,518248.0
2024-03-16 18:00:00+00:00,10.043,10.063,9.723,9.87,1216967.72
2024-03-16 19:00:00+00:00,9.87,10.049,9.824,9.853,499133.66
2024-03-16 20:00:00+00:00,9.856,10.002,9.765,9.914,447043.16
2024-03-16 21:00:00+00:00,9.917,9.964,9.732,9.826,448194.57
2024-03-16 22:00:00+00:00,9.823,9.823,9.672,9.747,1215120.97
2024-03-16 23:00:00+00:00,9.745,9.747,9.502,9.682,1167856.81
2024-03-17 00:00:00+00:00,9.684,9.83,9.514,9.524,445338.01
2024-03-17 01:00:00+00:00,9.528,9.706,9.528,9.705,433100.61
2024-03-17 02:00:00+00:00,9.706,9.819,9.657,9.789,307553.1
2024-03-17 03:00:00+00:00,9.79,9.859,9.749,9.849,206807.07
2024-03-17 04:00:00+00:00,9.848,9.853,9.75,9.783,224802.24
2024-03-17 05:00:00+00:00,9.783,9.812,9.667,9.721,171085.03
2024-03-17 06:00:00+00:00,9.722,9.743,9.429,9.43,449729.17
2024-03-17 07:00:00+00:00,9.429,9.498,9.19,9.467,1024665.49
2024-03-17 08:00:00+00:00,9.467,9.784,9.432,9.728,638609.76
2024-03-17 09:00:00+00:00,9.729,9.825,9.693,9.759,502315.33
2024-03-17 10:00:00+00:00,9.759,9.939,9.758,9.852,532890.72
2024-03-17 11:00:00+00:00,9.852,9.926,9.823,9.84,252886.47
2024-03-17 12:00:00+00:00,9.84,9.941,9.665,9.717,332541.97
2024-03-17 13:00:00+00:00,9.717,9.898,9.717,9.872,274038.52
2024-03-17 14:00:00+00:00,9.872,9.959,9.806,9.951,298525.03
2024-03-17 15:00:00+00:00,9.95,10.088,9.889,10.05,464137.33
2024-03-17 16:00:00+00:00,10.043,10.081,9.944,9.988,376130.6
2024-03-17 17:00:00+00:00,9.988,10.174,9.963,10.161,360475.11
2024-03-17 18:00:00+00:00,10.164,10.196,10.1,10.117,313800.08
2024-03-17 19:00:00+00:00,10.117,10.244,10.087,10.237,362955.32
2024-03-17 20:00:00+00:00,10.238,10.245,10.043,10.066,657730.3
2024-03-17 21:00:00+00:00,10.066,10.15,10.052,10.108,295772.62
2024-03-17 22:00:00+00:00,10.108,10.252,10.088,10.094,273929.12
2024-03-17 23:00:00+00:00,10.095,10.132,10.011,10.083,220370.81
2024-03-18 00:00:00+00:00,10.083,10.085,9.815,9.819,441211.43
2024-03-18 01:00:00+00:00,9.818,10.003,9.72,9.967,449598.32
2024-03-18 02:00:00+00:00,9.967,10.077,9.937,10.017,206915.69
2024-03-18 03:00:00+00:00,10.016,10.051,9.985,9.999,125955.2
2024-03-18 04:00:00+00:00,10.0,10.135,9.897,10.072,243560.14
2024-03-18 05:00:00+00:00,10.073,10.239,9.995,10.196,302750.33
2024-03-18 06:00:00+00:00,10.199,10.206,10.081,10.139,215681.12
2024-03-18 07:00:00+00:00,10.139,10.394,10.132,10.365,638343.01
2024-03-18 08:00:00+00:00,10.365,10.456,10.162,10.324,1001863.44
2024-03-18 09:00:00+00:00,10.325,10.333,10.145,10.184,394053.04
2024-03-18 10:00:00+00:00,10.185,10.386,10.121,10.386,427052.57
2024-03-18 11:00:00+00:00,10.385,10.414,10.18,10.188,539025.57
2024-03-18 12:00:00+00:00,10.188,10.198,10.031,10.185,521325.01
2024-03-18 13:00:00+00:00,10.186,10.203,9.92,9.956,621703.17
2024-03-18 14:00:00+00:00,9.953,10.043,9.754,9.822,572490.38
2024-03-18 15:00:00+00:00,9.822,9.932,9.701,9.881,459578.98
2024-03-18 16:00:00+00:00,9.88,10.01,9.712,9.753,517204.2
2024-03-18 17:00:00+00:00,9.752,9.818,9.602,9.784,506912.52
2024-03-18 18:00:00+00:00,9.783,9.865,9.69,9.702,322306.8
2024-03-18 19:00:00+00:00,9.703,9.913,9.644,9.74,321060.81
2024-03-18 20:00:00+00:00,9.745,9.865,9.745,9.832,236641.18
2024-03-18 21:00:00+00:00,9.831,9.997,9.823,9.885,262951.26
2024-03-18 22:00:00+00:00,9.884,9.9,9.745,9.834,227134.26
2024-03-18 23:00:00+00:00,9.834,10.035,9.819,9.902,282878.97
2024-03-19 00:00:00+00:00,9.901,9.994,9.578,9.611,512122.77
2024-03-19 01:00:00+00:00,9.611,9.627,9.316,9.409,824853.59
2024-03-19 02:00:00+00:00,9.41,9.58,9.397,9.436,336028.95
2024-03-19 03:00:00+00:00,9.434,9.491,9.217,9.41,712539.08
2024-03-19 04:00:00+00:00,9.409,9.445,9.221,9.232,336694.7
2024-03-19 05:00:00+00:00,9.231,9.34,9.147,9.26,734828.6
2024-03-19 06:00:00+00:00,9.259,9.336,9.051,9.16,699516.6
2024-03-19 07:00:00+00:00,9.16,9.203,8.881,9.195,1116597.02
2024-03-19 08:00:00+00:00,9.195,9.199,8.801,8.849,1006652.59
2024-03-19 09:00:00+00:00,8.846,9.077,8.7,9.067,1093715.5
2024-03-19 10:00:00+00:00,9.068,9.068,8.861,8.992,641266.45
2024-03-19 11:00:00+00:00,8.992,9.136,8.868,9.126,581980.99
2024-03-19 12:00:00+00:00,9.125,9.241,9.074,9.163,847140.31
2024-03-19 13:00:00+00:00,9.158,9.188,9.033,9.112,408102.15
2024-03-19 14:00:00+00:00,9.11,9.152,8.953,9.096,484206.87
2024-03-19 15:00:00+00:00,9.096,9.227,8.972,9.205,864919.21
2024-03-19 16:00:00+00:00,9.204,9.258,9.091,9.156,833415.51
2024-03-19 17:00:00+00:00,9.159,9.255,9.126,9.175,802969.24
2024-03-19 18:00:00+00:00,9.173,9.2,9.072,9.143,352044.87
2024-03-19 19:00:00+00:00,9.146,9.273,9.116,9.195,298947.25
2024-03-19 20:00:00+00:00,9.196,9.224,8.991,9.016,498737.77
2024-03-19 21:00:00+00:00,9.016,9.056,8.916,9.033,302722.12
2024-03-19 22:00:00+00:00,9.032,9.051,8.71,8.776,455520.97
2024-03-19 23:00:00+00:00,8.777,8.805,8.6,8.766,617552.69
2024-03-20 00:00:00+00:00,8.766,8.966,8.735,8.965,428580.25
2024-03-20 01:00:00+00:00,8.966,8.97,8.698,8.754,297260.58
2024-03-20 02:00:00+00:00,8.757,8.888,8.72,8.876,232029.54
2024-03-20 03:00:00+00:00,8.876,8.991,8.695,8.718,367435.28
2024-03-20 04:00:00+00:00,8.722,8.808,8.57,8.667,572163.91
2024-03-20 05:00:00+00:00,8.668,8.72,8.488,8.683,649555.82
2024-03-20 06:00:00+00:00,8.683,8.879,8.682,8.863,355563.83
2024-03-20 07:00:00+00:00,8.864,9.143,8.846,9.084,770820.25
2024-03-20 08:00:00+00:00,9.084,9.147,9.038,9.039,392169.79
2024-03-20 09:00:00+00:00,9.037,9.159,9.034,9.126,266458.1
2024-03-20 10:00:00+00:00,9.124,9.166,9.0,9.103,315630.93
2024-03-20 11:00:00+00:00,9.104,9.293,9.074,9.277,494931.77
2024-03-20 12:00:00+00:00,9.277,9.363,9.234,9.253,567261.33
2024-03-20 13:00:00+00:00,9.254,9.254,9.075,9.085,680979.13
2024-03-20 14:00:00+00:00,9.084,9.143,9.037,9.116,505671.94
2024-03-20 15:00:00+00:00,9.116,9.163,8.876,8.925,638594.29
2024-03-20 16:00:00+00:00,8.924,8.975,8.555,8.743,1083963.21
2024-03-20 17:00:00+00:00,8.746,8.954,8.697,8.854,518067.92
2024-03-20 18:00:00+00:00,8.856,9.217,8.856,9.213,804047.67
2024-03-20 19:00:00+00:00,9.215,9.316,9.151,9.283,681670.77
2024-03-20 20:00:00+00:00,9.284,9.567,9.248,9.434,953432.0
2024-03-20 21:00:00+00:00,9.433,9.527,9.377,9.511,430539.85
2024-03-20 22:00:00+00:00,9.511,9.561,9.475,9.54,479807.43
2024-03-20 23:00:00+00:00,9.54,9.543,9.458,9.483,242926.64
2024-03-21 00:00:00+00:00,9.483,9.528,9.383,9.477,361456.27
2024-03-21 01:00:00+00:00,9.477,9.516,9.417,9.48,166267.83
2024-03-21 02:00:00+00:00,9.481,9.553,9.456,9.49,210878.67
2024-03-21 03:00:00+00:00,9.492,9.583,9.379,9.435,307307.19
2024-03-21 04:00:00+00:00,9.439,9.5,9.333,9.365,298455.02
2024-03-21 05:00:00+00:00,9.364,9.365,9.202,9.357,384062.51
2024-03-21 06:00:00+00:00,9.358,9.418,9.298,9.305,263767.67
2024-03-21 07:00:00+00:00,9.3,9.383,9.282,9.339,221413.05
2024-03-21 08:00:00+00:00,9.339,9.468,9.338,9.43,287984.13
2024-03-21 09:00:00+00:00,9.429,9.469,9.3,9.366,269189.49
2024-03-21 10:00:00+00:00,9.364,9.453,9.348,9.442,291837.33
2024-03-21 11:00:00+00:00,9.446,9.463,9.37,9.392,235509.72
2024-03-21 12:00:00+00:00,9.392,9.464,9.347,9.362,227230.33
2024-03-21 13:00:00+00:00,9.364,9.417,9.284,9.291,405669.16
2024-03-21 14:00:00+00:00,9.29,9.404,9.27,9.359,251334.3
2024-03-21 15:00:00+00:00,9.36,9.378,9.231,9.311,324657.34
2024-03-21 16:00:00+00:00,9.311,9.477,9.265,9.467,507625.0
2024-03-21 17:00:00+00:00,9.464,9.529,9.236,9.28,469203.23
2024-03-21 18:00:00+00:00,9.277,9.298,9.067,9.125,477942.15
2024-03-21 19:00:00+00:00,9.126,9.252,9.103,9.225,196264.63
2024-03-21 20:00:00+00:00,9.223,9.346,9.098,9.294,343674.9
2024-03-21 21:00:00+00:00,9.294,9.297,9.188,9.279,174837.11
2024-03-21 22:00:00+00:00,9.279,9.322,9.225,9.231,153987.98
2024-03-21 23:00:00+00:00,9.228,9.244,9.098,9.179,705538.11
2024-03-22 00:00:00+00:00,9.179,9.232,9.096,9.177,286769.26
2024-03-22 01:00:00+00:00,9.176,9.201,9.053,9.059,243018.45
2024-03-22 02:00:00+00:00,9.059,9.099,9.008,9.084,222175.03
2024-03-22 03:00:00+00:00,9.084,9.255,9.084,9.242,276995.79
2024-03-22 04:00:00+00:00,9.243,9.293,9.2,9.264,170599.98
2024-03-22 05:00:00+00:00,9.263,9.367,9.23,9.318,236230.72
2024-03-22 06:00:00+00:00,9.32,9.343,9.273,9.339,228677.16
2024-03-22 07:00:00+00:00,9.339,9.344,9.278,9.294,152303.23
2024-03-22 08:00:00+00:00,9.294,9.356,9.217,9.226,179602.3
2024-03-22 09:00:00+00:00,9.227,9.282,9.199,9.211,143668.09
2024-03-22 10:00:00+00:00,9.212,9.236,9.072,9.083,269486.41
2024-03-22 11:00:00+00:00,9.083,9.167,9.016,9.057,240024.02
2024-03-22 12:00:00+00:00,9.057,9.117,9.003,9.037,259524.55
2024-03-22 13:00:00+00:00,9.037,9.062,8.781,8.817,513219.08
2024-03-22 14:00:00+00:00,8.816,8.855,8.717,8.77,574424.38
2024-03-22 15:00:00+00:00,8.771,8.988,8.764,8.89,410096.86
2024-03-22 16:00:00+00:00,8.895,8.928,8.806,8.876,358035.51
2024-03-22 17:00:00+00:00,8.874,8.943,8.849,8.936,167456.02
2024-03-22 18:00:00+00:00,8.935,8.98,8.875,8.88,282024.27
2024-03-22 19:00:00+00:00,8.88,8.93,8.829,8.896,172131.03
2024-03-22 20:00:00+00:00,8.896,8.907,8.812,8.835,118577.9
2024-03-22 21:00:00+00:00,8.834,8.835,8.694,8.793,301663.2
2024-03-22 22:00:00+00:00,8.793,8.831,8.711,8.801,152563.88
2024-03-22 23:00:00+00:00,8.8,8.94,8.789,8.936,145433.8
2024-03-23 00:00:00+00:00,8.939,8.95,8.896,8.935,123095.88
2024-03-23 01:00:00+00:00,8.935,9.1,8.931,9.082,234325.62
2024-03-23 02:00:00+00:00,9.084,9.097,8.957,9.012,279367.74
2024-03-23 03:00:00+00:00,9.013,9.016,8.852,8.964,153385.7
2024-03-23 04:00:00+00:00,8.962,9.037,8.957,8.972,158381.04
2024-03-23 05:00:00+00:00,8.969,9.009,8.945,9.001,62008.61
2024-03-23 06:00:00+00:00,9.001,9.048,8.971,9.019,118290.79
2024-03-23 07:00:00+00:00,9.017,9.106,9.016,9.057,158270.18
2024-03-23 08:00:00+00:00,9.056,9.095,9.019,9.057,109739.21
2024-03-23 09:00:00+00:00,9.058,9.064,9.0,9.048,118827.41
2024-03-23 10:00:00+00:00,9.05,9.116,9.034,9.066,189060.92
2024-03-23 11:00:00+00:00,9.065,9.114,9.055,9.098,139782.35
2024-03-23 12:00:00+00:00,9.098,9.159,9.07,9.132,143505.45
2024-03-23 13:00:00+00:00,9.129,9.143,9.065,9.129,152043.97
2024-03-23 14:00:00+00:00,9.127,9.21,9.084,9.198,254237.89
2024-03-23 15:00:00+00:00,9.198,9.224,9.121,9.162,207169.23
2024-03-23 16:00:00+00:00,9.163,9.192,9.107,9.146,160317.41
2024-03-23 17:00:00+00:00,9.146,9.19,9.133,9.172,122400.43
2024-03-23 18:00:00+00:00,9.172,9.187,9.145,9.155,101173.9
2024-03-23 19:00:00+00:00,9.156,9.183,9.112,9.129,100323.71
2024-03-23 20:00:00+00:00,9.128,9.149,9.093,9.094,81703.87
2024-03-23 21:00:00+00:00,9.093,9.113,9.07,9.101,82920.55
2024-03-23 22:00:00+00:00,9.1,9.128,9.08,9.089,64641.65
2024-03-23 23:00:00+00:00,9.088,9.096,8.962,8.968,149532.61
2024-03-24 00:00:00+00:00,8.967,9.11,8.958,9.101,126737.02
2024-03-24 01:00:00+00:00,9.102,9.139,9.064,9.088,106707.3
2024-03-24 02:00:00+00:00,9.087,9.103,9.046,9.087,82343.05
2024-03-24 03:00:00+00:00,9.087,9.088,8.996,9.001,115404.61
2024-03-24 04:00:00+00:00,9.001,9.036,8.952,9.031,170013.7
2024-03-24 05:00:00+00:00,9.031,9.138,9.015,9.073,93015.02
2024-03-24 06:00:00+00:00,9.075,9.099,9.014,9.047,68166.82
2024-03-24 07:00:00+00:00,9.047,9.097,9.02,9.095,94119.36
2024-03-24 08:00:00+00:00,9.095,9.188,9.079,9.176,140726.46
2024-03-24 09:00:00+00:00,9.176,9.182,9.11,9.145,174865.61
2024-03-24 10:00:00+00:00,9.144,9.225,9.138,9.167,137120.57
2024-03-24 11:00:00+00:00,9.166,9.196,9.127,9.196,88862.38
2024-03-24 12:00:00+00:00,9.197,9.255,9.169,9.241,186908.68
2024-03-24 13:00:00+00:00,9.239,9.255,9.182,9.194,195455.51
2024-03-24 14:00:00+00:00,9.194,9.269,9.185,9.218,183077.31
2024-03-24 15:00:00+00:00,9.219,9.243,9.192,9.216,121430.52
2024-03-24 16:00:00+00:00,9.216,9.247,9.148,9.159,122402.52
2024-03-24 17:00:00+00:00,9.16,9.168,9.06,9.142,218332.03
2024-03-24 18:00:00+00:00,9.141,9.243,9.133,9.205,130022.49
2024-03-24 19:00:00+00:00,9.209,9.298,9.2,9.259,219982.74
2024-03-24 20:00:00+00:00,9.259,9.334,9.24,9.308,193068.62
2024-03-24 21:00:00+00:00,9.309,9.38,9.305,9.348,181781.09
2024-03-24 22:00:00+00:00,9.348,9.4,9.332,9.4,196812.29
2024-03-24 23:00:00+00:00,9.4,9.43,9.345,9.37,204196.64
2024-03-25 00:00:00+00:00,9.372,9.388,9.287,9.308,271174.57
2024-03-25 01:00:00+00:00,9.305,9.388,9.294,9.377,143144.36
2024-03-25 02:00:00+00:00,9.376,9.42,9.328,9.418,114337.74
2024-03-25 03:00:00+00:00,9.418,9.468,9.394,9.459,147410.71
2024-03-25 04:00:00+00:00,9.459,9.483,9.4,9.474,206457.24
2024-03-25 05:00:00+00:00,9.475,9.509,9.452,9.475,195467.24
2024-03-25 06:00:00+00:00,9.474,9.475,9.402,9.421,137332.31
2024-03-25 07:00:00+00:00,9.422,9.467,9.338,9.349,162089.77
2024-03-25 08:00:00+00:00,9.349,9.42,9.343,9.42,126829.58
2024-03-25 09:00:00+00:00,9.421,9.495,9.388,9.492,248402.74
2024-03-25 10:00:00+00:00,9.492,9.55,9.472,9.502,354846.93
2024-03-25 11:00:00+00:00,9.502,9.507,9.407,9.436,234429.35
2024-03-25 12:00:00+00:00,9.435,9.494,9.431,9.473,164524.29
2024-03-25 13:00:00+00:00,9.472,9.497,9.389,9.477,296074.7
2024-03-25 14:00:00+00:00,9.476,9.665,9.45,9.65,750174.4
2024-03-25 15:00:00+00:00,9.65,9.755,9.621,9.729,516129.59
2024-03-25 16:00:00+00:00,9.729,9.789,9.669,9.777,410037.75
2024-03-25 17:00:00+00:00,9.777,9.83,9.73,9.78,530530.12
2024-03-25 18:00:00+00:00,9.78,9.783,9.711,9.767,262457.46
2024-03-25 19:00:00+00:00,9.766,9.796,9.706,9.787,192462.01
2024-03-25 20:00:00+00:00,9.786,9.827,9.76,9.81,197760.8
2024-03-25 21:00:00+00:00,9.809,9.81,9.639,9.723,311864.98
2024-03-25 22:00:00+00:00,9.724,9.832,9.723,9.795,205018.16
2024-03-25 23:00:00+00:00,9.796,9.82,9.7,9.735,171510.17
2024-03-26 00:00:00+00:00,9.737,9.888,9.708,9.829,241622.93
2024-03-26 01:00:00+00:00,9.829,9.896,9.802,9.877,182104.47
2024-03-26 02:00:00+00:00,9.877,9.925,9.848,9.924,161150.02
2024-03-26 03:00:00+00:00,9.925,9.928,9.88,9.913,131261.81
2024-03-26 04:00:00+00:00,9.913,9.949,9.892,9.948,208725.35
2024-03-26 05:00:00+00:00,9.947,9.959,9.924,9.939,143458.45
2024-03-26 06:00:00+00:00,9.939,9.995,9.926,9.992,209604.07
2024-03-26 07:00:00+00:00,9.991,10.057,9.897,9.902,414106.1
2024-03-26 08:00:00+00:00,9.902,9.957,9.858,9.953,244827.95
2024-03-26 09:00:00+00:00,9.953,10.02,9.922,10.006,307227.61
2024-03-26 10:00:00+00:00,10.006,10.038,9.962,10.032,249899.32
2024-03-26 11:00:00+00:00,10.031,10.039,9.908,9.92,314371.27
2024-03-26 12:00:00+00:00,9.918,9.953,9.862,9.93,291793.69
2024-03-26 13:00:00+00:00,9.932,9.944,9.766,9.82,414156.76
2024-03-26 14:00:00+00:00,9.819,9.905,9.606,9.903,845410.67
2024-03-26 15:00:00+00:00,9.903,9.906,9.721,9.8,569124.62
2024-03-26 16:00:00+00:00,9.799,9.862,9.578,9.621,705514.99
2024-03-26 17:00:00+00:00,9.617,9.695,9.568,9.599,757475.85
2024-03-26 18:00:00+00:00,9.6,9.655,9.585,9.598,572417.17
2024-03-26 19:00:00+00:00,9.6,9.615,9.525,9.552,286540.04
2024-03-26 20:00:00+00:00,9.558,9.652,9.558,9.646,190998.35
2024-03-26 21:00:00+00:00,9.646,9.75,9.632,9.709,388169.79
2024-03-26 22:00:00+00:00,9.709,9.709,9.581,9.696,254957.19
2024-03-26 23:00:00+00:00,9.696,9.738,9.676,9.689,159160.49
2024-03-27 00:00:00+00:00,9.689,9.769,9.647,9.762,259665.91
2024-03-27 01:00:00+00:00,9.761,9.795,9.718,9.743,184946.13
2024-03-27 02:00:00+00:00,9.746,9.772,9.691,9.767,150518.8
2024-03-27 03:00:00+00:00,9.768,9.772,9.689,9.701,137848.7
2024-03-27 04:00:00+00:00,9.701,9.739,9.639,9.668,129364.92
2024-03-27 05:00:00+00:00,9.671,9.701,9.661,9.699,93894.02
2024-03-27 06:00:00+00:00,9.698,9.726,9.631,9.666,150317.31
2024-03-27 07:00:00+00:00,9.667,9.676,9.49,9.524,302831.16
2024-03-27 08:00:00+00:00,9.525,9.583,9.429,9.449,245847.7
2024-03-27 09:00:00+00:00,9.449,9.538,9.372,9.53,403578.92
2024-03-27 10:00:00+00:00,9.531,9.576,9.506,9.552,278079.13
2024-03-27 11:00:00+00:00,9.554,9.618,9.516,9.606,229225.18
2024-03-27 12:00:00+00:00,9.606,9.646,9.538,9.609,282692.91
2024-03-27 13:00:00+00:00,9.61,9.814,9.502,9.547,1090720.33
2024-03-27 14:00:00+00:00,9.55,9.592,9.304,9.587,1073177.27
2024-03-27 15:00:00+00:00,9.587,9.59,9.382,9.382,401059.36
2024-03-27 16:00:00+00:00,9.382,9.495,9.333,9.488,318216.99
2024-03-27 17:00:00+00:00,9.488,9.562,9.415,9.445,248925.81
2024-03-27 18:00:00+00:00,9.444,9.461,9.308,9.317,239811.29
2024-03-27 19:00:00+00:00,9.318,9.425,9.318,9.409,248424.92
2024-03-27 20:00:00+00:00,9.407,9.459,9.4,9.443,203769.48
2024-03-27 21:00:00+00:00,9.443,9.481,9.427,9.428,138123.51
2024-03-27 22:00:00+00:00,9.428,9.5,9.427,9.493,115077.49
2024-03-27 23:00:00+00:00,9.494,9.494,9.394,9.445,152107.28
2024-03-28 00:00:00+00:00,9.448,9.516,9.415,9.482,232743.91
2024-03-28 01:00:00+00:00,9.482,9.497,9.34,9.388,275254.51
2024-03-28 02:00:00+00:00,9.388,9.444,9.307,9.361,146585.07
2024-03-28 03:00:00+00:00,9.362,9.404,9.3,9.362,182361.84
2024-03-28 04:00:00+00:00,9.363,9.475,9.354,9.475,122864.38
2024-03-28 05:00:00+00:00,9.474,9.481,9.44,9.46,103072.69
2024-03-28 06:00:00+00:00,9.46,9.542,9.429,9.515,185720.95
2024-03-28 07:00:00+00:00,9.515,9.613,9.497,9.61,414384.89
2024-03-28 08:00:00+00:00,9.61,9.659,9.583,9.609,318567.37
2024-03-28 09:00:00+00:00,9.61,9.649,9.536,9.552,245242.62
2024-03-28 10:00:00+00:00,9.552,9.573,9.512,9.56,297864.06
2024-03-28 11:00:00+00:00,9.561,9.589,9.512,9.573,235272.56
2024-03-28 12:00:00+00:00,9.573,9.612,9.432,9.506,244568.98
2024-03-28 13:00:00+00:00,9.504,9.565,9.418,9.531,219600.14
2024-03-28 14:00:00+00:00,9.53,9.606,9.486,9.606,302890.22
2024-03-28 15:00:00+00:00,9.605,9.61,9.509,9.592,293732.01
2024-03-28 16:00:00+00:00,9.595,9.615,9.472,9.508,399479.83
2024-03-28 17:00:00+00:00,9.507,9.517,9.451,9.468,129412.99
2024-03-28 18:00:00+00:00,9.469,9.485,9.434,9.471,179364.93
2024-03-28 19:00:00+00:00,9.469,9.509,9.462,9.489,127387.17
2024-03-28 20:00:00+00:00,9.489,9.541,9.477,9.53,129835.67
2024-03-28 21:00:00+00:00,9.529,9.582,9.511,9.527,210495.99
2024-03-28 22:00:00+00:00,9.526,9.536,9.438,9.536,224324.3
2024-03-28 23:00:00+00:00,9.536,9.565,9.505,9.522,212715.73
2024-03-29 00:00:00+00:00,9.524,9.524,9.464,9.491,142742.1
2024-03-29 01:00:00+00:00,9.491,9.546,9.456,9.462,101390.47
2024-03-29 02:00:00+00:00,9.461,9.467,9.363,9.413,243365.01
2024-03-29 03:00:00+00:00,9.415,9.447,9.382,9.426,134981.12
2024-03-29 04:00:00+00:00,9.426,9.474,9.389,9.426,129573.55
2024-03-29 05:00:00+00:00,9.424,9.613,9.421,9.606,817884.94
2024-03-29 06:00:00+00:00,9.606,9.618,9.516,9.525,327246.03
2024-03-29 07:00:00+00:00,9.523,9.528,9.344,9.37,360680.85
2024-03-29 08:00:00+00:00,9.37,9.476,9.363,9.464,185818.59
2024-03-29 09:00:00+00:00,9.464,9.486,9.385,9.411,201665.38
2024-03-29 10:00:00+00:00,9.411,9.499,9.391,9.498,264386.18
2024-03-29 11:00:00+00:00,9.497,9.563,9.484,9.552,224150.44
2024-03-29 12:00:00+00:00,9.554,9.622,9.503,9.606,396461.67
2024-03-29 13:00:00+00:00,9.605,9.674,9.536,9.657,269680.9
2024-03-29 14:00:00+00:00,9.658,9.792,9.645,9.72,542917.43
2024-03-29 15:00:00+00:00,9.721,9.81,9.522,9.587,695743.02
2024-03-29 16:00:00+00:00,9.586,9.694,9.5,9.521,326470.95
2024-03-29 17:00:00+00:00,9.519,9.596,9.48,9.509,224445.25
2024-03-29 18:00:00+00:00,9.506,9.548,9.482,9.543,120395.9
2024-03-29 19:00:00+00:00,9.544,9.547,9.477,9.519,105042.47
2024-03-29 20:00:00+00:00,9.521,9.531,9.467,9.493,86527.24
2024-03-29 21:00:00+00:00,9.493,9.499,9.394,9.426,147369.83
2024-03-29 22:00:00+00:00,9.425,9.572,9.424,9.554,234931.03
2024-03-29 23:00:00+00:00,9.554,9.616,9.552,9.601,146330.11
2024-03-30 00:00:00+00:00,9.601,9.645,9.569,9.638,201612.26
2024-03-30 01:00:00+00:00,9.638,9.694,9.6,9.622,159313.91
2024-03-30 02:00:00+00:00,9.623,9.636,9.591,9.622,78330.31
2024-03-30 03:00:00+00:00,9.623,9.632,9.556,9.576,98526.38
2024-03-30 04:00:00+00:00,9.577,9.635,9.568,9.634,82983.35
2024-03-30 05:00:00+00:00,9.635,9.699,9.613,9.618,189810.49
2024-03-30 06:00:00+00:00,9.618,9.621,9.532,9.571,137425.71
2024-03-30 07:00:00+00:00,9.571,9.596,9.51,9.518,91014.56
2024-03-30 08:00:00+00:00,9.516,9.559,9.472,9.512,143148.18
2024-03-30 09:00:00+00:00,9.512,9.558,9.496,9.543,103011.97
2024-03-30 10:00:00+00:00,9.543,9.556,9.518,9.53,100230.7
2024-03-30 11:00:00+00:00,9.53,9.609,9.53,9.597,137112.09
2024-03-30 12:00:00+00:00,9.597,9.612,9.557,9.569,188166.59
2024-03-30 13:00:00+00:00,9.569,9.57,9.515,9.529,100335.42
2024-03-30 14:00:00+00:00,9.53,9.552,9.489,9.522,118408.23
2024-03-30 15:00:00+00:00,9.523,9.56,9.513,9.524,133202.42
2024-03-30 16:00:00+00:00,9.524,9.557,9.466,9.54,245108.45
2024-03-30 17:00:00+00:00,9.54,9.54,9.494,9.517,114678.63
2024-03-30 18:00:00+00:00,9.518,9.529,9.482,9.486,99851.92
2024-03-30 19:00:00+00:00,9.483,9.498,9.414,9.496,178565.03
2024-03-30 20:00:00+00:00,9.497,9.525,9.474,9.48,100485.61
2024-03-30 21:00:00+00:00,9.48,9.493,9.403,9.438,113434.4
2024-03-30 22:00:00+00:00,9.437,9.45,9.403,9.412,102322.48
2024-03-30 23:00:00+00:00,9.412,9.442,9.387,9.429,80507.58
2024-03-31 00:00:00+00:00,9.429,9.485,9.414,9.464,95737.7
2024-03-31 01:00:00+00:00,9.464,9.514,9.461,9.486,64484.62
2024-03-31 02:00:00+00:00,9.486,9.506,9.451,9.466,73724.65
2024-03-31 03:00:00+00:00,9.465,9.477,9.427,9.457,62263.7
2024-03-31 04:00:00+00:00,9.457,9.522,9.441,9.484,73270.08
2024-03-31 05:00:00+00:00,9.485,9.566,9.474,9.554,161136.85
2024-03-31 06:00:00+00:00,9.554,9.573,9.499,9.524,180068.87
2024-03-31 07:00:00+00:00,9.527,9.58,9.521,9.572,87032.52
2024-03-31 08:00:00+00:00,9.572,9.577,9.543,9.549,67471.32
2024-03-31 09:00:00+00:00,9.549,9.594,9.539,9.558,81304.45
2024-03-31 10:00:00+00:00,9.558,9.6,9.556,9.569,112728.9
2024-03-31 11:00:00+00:00,9.568,9.593,9.538,9.557,76256.65
2024-03-31 12:00:00+00:00,9.558,9.576,9.541,9.567,56789.32
2024-03-31 13:00:00+00:00,9.567,9.586,9.562,9.568,89923.62
2024-03-31 14:00:00+00:00,9.569,9.593,9.551,9.587,117660.71
2024-03-31 15:00:00+00:00,9.585,9.604,9.56,9.571,97676.97
2024-03-31 16:00:00+00:00,9.572,9.606,9.561,9.565,93730.78
2024-03-31 17:00:00+00:00,9.563,9.566,9.526,9.536,72076.62
2024-03-31 18:00:00+00:00,9.535,9.591,9.516,9.536,135102.73
2024-03-31 19:00:00+00:00,9.535,9.587,9.502,9.578,114402.58
2024-03-31 20:00:00+00:00,9.578,9.593,9.537,9.563,104222.62
2024-03-31 21:00:00+00:00,9.563,9.586,9.532,9.544,107633.99
2024-03-31 22:00:00+00:00,9.545,9.594,9.545,9.593,94207.02
2024-03-31 23:00:00+00:00,9.593,9.649,9.581,9.647,128134.02
2024-04-01 00:00:00+00:00,9.647,9.655,9.595,9.621,175718.44
2024-04-01 01:00:00+00:00,9.621,9.669,9.592,9.632,179310.27
2024-04-01 02:00:00+00:00,9.628,9.654,9.604,9.623,77590.69
2024-04-01 03:00:00+00:00,9.624,9.7,9.621,9.665,230278.18
2024-04-01 04:00:00+00:00,9.664,9.747,9.654,9.66,194088.67
2024-04-01 05:00:00+00:00,9.66,9.691,9.1,9.21,1070098.48
2024-04-01 06:00:00+00:00,9.212,9.372,9.175,9.312,480036.83
2024-04-01 07:00:00+00:00,9.311,9.371,9.301,9.343,216977.71
2024-04-01 08:00:00+00:00,9.342,9.342,9.208,9.24,312905.51
2024-04-01 09:00:00+00:00,9.24,9.282,9.227,9.237,197389.22
2024-04-01 10:00:00+00:00,9.236,9.251,9.177,9.244,175927.81
2024-04-01 11:00:00+00:00,9.244,9.285,9.187,9.189,183201.67
2024-04-01 12:00:00+00:00,9.187,9.276,9.177,9.276,145105.17
2024-04-01 13:00:00+00:00,9.275,9.343,9.217,9.313,189545.66
2024-04-01 14:00:00+00:00,9.313,9.34,9.067,9.092,539569.2
2024-04-01 15:00:00+00:00,9.092,9.141,8.947,9.004,873172.77
2024-04-01 16:00:00+00:00,9.004,9.077,8.983,9.024,247457.53
2024-04-01 17:00:00+00:00,9.024,9.046,8.941,9.032,240887.33
2024-04-01 18:00:00+00:00,9.033,9.046,8.923,9.038,234966.84
2024-04-01 19:00:00+00:00,9.037,9.165,9.023,9.158,189483.71
2024-04-01 20:00:00+00:00,9.158,9.17,9.113,9.158,102526.32
2024-04-01 21:00:00+00:00,9.157,9.171,9.129,9.147,85147.47
2024-04-01 22:00:00+00:00,9.148,9.177,9.134,9.167,94683.65
2024-04-01 23:00:00+00:00,9.167,9.192,9.137,9.143,118143.89
2024-04-02 00:00:00+00:00,9.143,9.143,9.018,9.058,172370.82
2024-04-02 01:00:00+00:00,9.06,9.125,9.032,9.101,168397.51
2024-04-02 02:00:00+00:00,9.102,9.102,8.602,8.804,1154587.01
2024-04-02 03:00:00+00:00,8.805,8.852,8.705,8.749,456826.7
2024-04-02 04:00:00+00:00,8.747,8.782,8.705,8.74,261168.77
2024-04-02 05:00:00+00:00,8.739,8.748,8.643,8.747,308904.76
2024-04-02 06:00:00+00:00,8.746,8.876,8.736,8.816,254145.96
2024-04-02 07:00:00+00:00,8.815,8.817,8.738,8.742,137361.08
2024-04-02 08:00:00+00:00,8.742,8.773,8.592,8.617,300245.08
2024-04-02 09:00:00+00:00,8.612,8.689,8.534,8.611,511179.47
2024-04-02 10:00:00+00:00,8.612,8.613,8.474,8.531,642529.38
2024-04-02 11:00:00+00:00,8.531,8.547,8.383,8.513,759847.94
2024-04-02 12:00:00+00:00,8.512,8.586,8.487,8.514,285749.04
2024-04-02 13:00:00+00:00,8.514,8.516,8.37,8.47,415582.39
2024-04-02 14:00:00+00:00,8.471,8.601,8.471,8.54,406680.09
2024-04-02 15:00:00+00:00,8.54,8.612,8.439,8.459,284278.1
2024-04-02 16:00:00+00:00,8.46,8.566,8.424,8.545,322188.45
2024-04-02 17:00:00+00:00,8.546,8.578,8.503,8.571,189552.98
2024-04-02 18:00:00+00:00,8.57,8.603,8.541,8.58,158045.16
2024-04-02 19:00:00+00:00,8.58,8.675,8.561,8.598,254658.1
2024-04-02 20:00:00+00:00,8.597,8.66,8.578,8.603,240565.05
2024-04-02 21:00:00+00:00,8.602,8.622,8.54,8.593,151083.37
2024-04-02 22:00:00+00:00,8.595,8.666,8.575,8.649,99264.97
2024-04-02 23:00:00+00:00,8.649,8.657,8.566,8.582,105428.39
2024-04-03 00:00:00+00:00,8.582,8.626,8.34,8.559,548255.78
2024-04-03 01:00:00+00:00,8.559,8.691,8.467,8.668,227717.41
2024-04-03 02:00:00+00:00,8.667,8.695,8.603,8.639,173318.74
2024-04-03 03:00:00+00:00,8.639,8.659,8.589,8.642,142555.84
2024-04-03 04:00:00+00:00,8.641,8.687,8.625,8.664,202288.35
2024-04-03 05:00:00+00:00,8.664,8.672,8.598,8.631,96903.58
2024-04-03 06:00:00+00:00,8.63,8.726,8.627,8.695,172676.71
2024-04-03 07:00:00+00:00,8.696,8.762,8.679,8.695,219746.21
2024-04-03 08:00:00+00:00,8.695,8.75,8.615,8.736,184238.75
2024-04-03 09:00:00+00:00,8.736,8.78,8.702,8.741,237159.97
2024-04-03 10:00:00+00:00,8.742,8.769,8.637,8.738,346221.15
2024-04-03 11:00:00+00:00,8.737,8.744,8.664,8.677,245854.38
2024-04-03 12:00:00+00:00,8.677,8.694,8.601,8.622,139824.09
2024-04-03 13:00:00+00:00,8.622,8.664,8.562,8.591,168896.85
2024-04-03 14:00:00+00:00,8.595,8.757,8.595,8.742,326791.41
2024-04-03 15:00:00+00:00,8.744,8.747,8.53,8.539,454983.87
2024-04-03 16:00:00+00:00,8.537,8.606,8.513,8.543,223369.44
2024-04-03 17:00:00+00:00,8.544,8.563,8.432,8.471,191551.84
2024-04-03 18:00:00+00:00,8.47,8.483,8.377,8.469,171343.93
2024-04-03 19:00:00+00:00,8.47,8.488,8.395,8.4,203349.02
2024-04-03 20:00:00+00:00,8.405,8.411,8.324,8.373,206052.82
2024-04-03 21:00:00+00:00,8.373,8.444,8.284,8.421,401672.99
2024-04-03 22:00:00+00:00,8.422,8.462,8.41,8.442,114681.79
2024-04-03 23:00:00+00:00,8.444,8.47,8.414,8.416,56885.48
2024-04-04 00:00:00+00:00,8.416,8.529,8.4,8.514,109748.69
2024-04-04 01:00:00+00:00,8.519,8.552,8.445,8.487,209663.63
2024-04-04 02:00:00+00:00,8.487,8.493,8.346,8.41,239181.22
2024-04-04 03:00:00+00:00,8.409,8.423,8.332,8.34,201791.36
2024-04-04 04:00:00+00:00,8.341,8.359,8.263,8.351,238345.15
2024-04-04 05:00:00+00:00,8.351,8.439,8.351,8.418,166580.79
2024-04-04 06:00:00+00:00,8.417,8.476,8.416,8.45,122859.58
2024-04-04 07:00:00+00:00,8.449,8.511,8.408,8.454,304307.3
2024-04-04 08:00:00+00:00,8.455,8.514,8.445,8.505,123719.54
2024-04-04 09:00:00+00:00,8.505,8.516,8.458,8.498,121164.55
2024-04-04 10:00:00+00:00,8.497,8.531,8.481,8.485,109601.3
2024-04-04 11:00:00+00:00,8.484,8.5,8.452,8.466,161041.78
2024-04-04 12:00:00+00:00,8.465,8.55,8.458,8.528,187654.41
2024-04-04 13:00:00+00:00,8.529,8.664,8.529,8.613,332161.29
2024-04-04 14:00:00+00:00,8.612,8.66,8.583,8.625,274041.87
2024-04-04 15:00:00+00:00,8.626,8.638,8.572,8.612,130581.35
2024-04-04 16:00:00+00:00,8.613,8.668,8.594,8.625,151815.19
2024-04-04 17:00:00+00:00,8.625,8.696,8.612,8.681,177935.47
2024-04-04 18:00:00+00:00,8.681,8.711,8.578,8.59,322192.05
2024-04-04 19:00:00+00:00,8.59,8.601,8.488,8.512,559171.17
2024-04-04 20:00:00+00:00,8.513,8.522,8.363,8.457,477789.78
2024-04-04 21:00:00+00:00,8.457,8.472,8.397,8.441,130701.19
2024-04-04 22:00:00+00:00,8.441,8.473,8.408,8.45,121248.9
2024-04-04 23:00:00+00:00,8.449,8.491,8.439,8.486,170539.76
2024-04-05 00:00:00+00:00,8.486,8.51,8.446,8.51,102064.98
2024-04-05 01:00:00+00:00,8.509,8.511,8.405,8.436,161342.65
2024-04-05 02:00:00+00:00,8.436,8.436,8.28,8.319,216776.74
2024-04-05 03:00:00+00:00,8.319,8.424,8.313,8.422,138365.81
2024-04-05 04:00:00+00:00,8.422,8.423,8.31,8.347,111685.19
2024-04-05 05:00:00+00:00,8.346,8.359,8.201,8.294,330468.36
2024-04-05 06:00:00+00:00,8.294,8.33,8.267,8.28,156065.2
2024-04-05 07:00:00+00:00,8.279,8.294,8.219,8.277,127324.64
2024-04-05 08:00:00+00:00,8.278,8.404,8.272,8.296,302101.84
2024-04-05 09:00:00+00:00,8.297,8.297,8.161,8.208,468004.54
2024-04-05 10:00:00+00:00,8.207,8.235,8.138,8.232,298923.77
2024-04-05 11:00:00+00:00,8.231,8.237,8.12,8.126,181396.41
2024-04-05 12:00:00+00:00,8.126,8.25,8.076,8.243,428668.09
2024-04-05 13:00:00+00:00,8.242,8.304,8.194,8.287,216503.62
2024-04-05 14:00:00+00:00,8.287,8.386,8.262,8.363,248317.92
2024-04-05 15:00:00+00:00,8.361,8.404,8.322,8.4,181216.4
2024-04-05 16:00:00+00:00,8.399,8.42,8.352,8.383,191651.08
2024-04-05 17:00:00+00:00,8.385,8.388,8.331,8.344,121782.59
2024-04-05 18:00:00+00:00,8.344,8.402,8.317,8.398,160241.8
2024-04-05 19:00:00+00:00,8.397,8.438,8.37,8.374,136869.94
2024-04-05 20:00:00+00:00,8.373,8.444,8.368,8.408,111732.19
2024-04-05 21:00:00+00:00,8.408,8.415,8.387,8.39,47630.46
2024-04-05 22:00:00+00:00,8.391,8.399,8.356,8.359,76014.6
2024-04-05 23:00:00+00:00,8.36,8.408,8.356,8.379,79209.79
2024-04-06 00:00:00+00:00,8.379,8.42,8.335,8.385,114170.72
2024-04-06 01:00:00+00:00,8.386,8.449,8.372,8.377,115107.8
2024-04-06 02:00:00+00:00,8.377,8.419,8.36,8.407,88224.47
2024-04-06 03:00:00+00:00,8.409,8.454,8.408,8.448,94063.87
2024-04-06 04:00:00+00:00,8.449,8.455,8.407,8.446,56499.57
2024-04-06 05:00:00+00:00,8.445,8.476,8.443,8.459,94413.37
2024-04-06 06:00:00+00:00,8.459,8.474,8.435,8.473,61797.74
2024-04-06 07:00:00+00:00,8.473,8.473,8.404,8.424,155552.97
2024-04-06 08:00:00+00:00,8.424,8.474,8.418,8.472,136644.58
2024-04-06 09:00:00+00:00,8.471,8.498,8.409,8.423,153560.06
2024-04-06 10:00:00+00:00,8.423,8.452,8.414,8.444,163764.75
2024-04-06 11:00:00+00:00,8.444,8.448,8.392,8.394,282878.74
2024-04-06 12:00:00+00:00,8.394,8.409,8.375,8.398,135795.01
2024-04-06 13:00:00+00:00,8.397,8.398,8.329,8.34,208623.88
2024-04-06 14:00:00+00:00,8.34,8.388,8.337,8.38,252014.17
2024-04-06 15:00:00+00:00,8.38,8.438,8.355,8.428,193793.17
2024-04-06 16:00:00+00:00,8.426,8.473,8.423,8.461,138552.79
2024-04-06 17:00:00+00:00,8.46,8.479,8.419,8.435,157225.67
2024-04-06 18:00:00+00:00,8.433,8.45,8.407,8.42,61328.18
2024-04-06 19:00:00+00:00,8.419,8.444,8.39,8.409,68023.82
2024-04-06 20:00:00+00:00,8.409,8.444,8.397,8.442,63916.74
2024-04-06 21:00:00+00:00,8.445,8.465,8.443,8.449,71269.2
2024-04-06 22:00:00+00:00,8.449,8.512,8.447,8.51,111527.02
2024-04-06 23:00:00+00:00,8.51,8.555,8.48,8.494,157002.5
2024-04-07 00:00:00+00:00,8.495,8.525,8.458,8.516,112452.01
2024-04-07 01:00:00+00:00,8.517,8.59,8.511,8.583,219960.64
2024-04-07 02:00:00+00:00,8.584,8.613,8.571,8.585,164812.6
2024-04-07 03:00:00+00:00,8.585,8.658,8.585,8.64,263019.44
2024-04-07 04:00:00+00:00,8.64,8.667,8.6,8.616,126563.81
2024-04-07 05:00:00+00:00,8.617,8.667,8.615,8.645,126086.05
2024-04-07 06:00:00+00:00,8.645,8.645,8.595,8.606,127441.08
2024-04-07 07:00:00+00:00,8.604,8.626,8.597,8.612,116405.84
2024-04-07 08:00:00+00:00,8.612,8.657,8.598,8.64,149648.81
2024-04-07 09:00:00+00:00,8.64,8.642,8.583,8.602,140040.74
2024-04-07 10:00:00+00:00,8.602,8.66,8.588,8.646,116916.1
2024-04-07 11:00:00+00:00,8.647,8.677,8.635,8.666,105299.82
2024-04-07 12:00:00+00:00,8.666,8.689,8.644,8.664,73884.14
2024-04-07 13:00:00+00:00,8.664,8.71,8.648,8.695,219123.82
2024-04-07 14:00:00+00:00,8.695,8.739,8.684,8.731,129439.67
2024-04-07 15:00:00+00:00,8.73,8.741,8.633,8.647,230223.15
2024-04-07 16:00:00+00:00,8.646,8.739,8.646,8.689,288912.1
2024-04-07 17:00:00+00:00,8.689,8.694,8.616,8.632,179179.79
2024-04-07 18:00:00+00:00,8.63,8.638,8.575,8.595,227125.24
2024-04-07 19:00:00+00:00,8.594,8.6,8.529,8.554,132368.83
2024-04-07 20:00:00+00:00,8.553,8.618,8.547,8.595,167521.32
2024-04-07 21:00:00+00:00,8.595,8.651,8.59,8.598,132761.92
2024-04-07 22:00:00+00:00,8.597,8.657,8.558,8.655,114580.32
2024-04-07 23:00:00+00:00,8.656,8.713,8.655,8.704,114062.92
2024-04-08 00:00:00+00:00,8.704,8.708,8.632,8.655,117325.7
2024-04-08 01:00:00+00:00,8.655,8.713,8.632,8.647,81934.44
2024-04-08 02:00:00+00:00,8.648,8.665,8.587,8.605,111493.67
2024-04-08 03:00:00+00:00,8.605,8.636,8.57,8.621,80027.35
2024-04-08 04:00:00+00:00,8.619,8.62,8.578,8.594,61875.79
2024-04-08 05:00:00+00:00,8.594,8.65,8.594,8.633,60153.58
2024-04-08 06:00:00+00:00,8.633,8.653,8.604,8.626,78432.12
2024-04-08 07:00:00+00:00,8.626,8.834,8.625,8.776,454361.08
2024-04-08 08:00:00+00:00,8.779,8.918,8.762,8.892,825726.95
2024-04-08 09:00:00+00:00,8.894,8.967,8.885,8.966,410973.31
2024-04-08 10:00:00+00:00,8.966,8.998,8.93,8.997,316817.01
2024-04-08 11:00:00+00:00,8.996,9.008,8.961,8.979,267704.8
2024-04-08 12:00:00+00:00,8.979,9.008,8.94,8.963,232194.89
2024-04-08 13:00:00+00:00,8.964,9.041,8.963,9.015,252496.55
2024-04-08 14:00:00+00:00,9.014,9.026,8.946,9.011,212106.14
2024-04-08 15:00:00+00:00,9.012,9.093,8.992,9.02,424040.54
2024-04-08 16:00:00+00:00,9.02,9.096,9.004,9.072,301519.88
2024-04-08 17:00:00+00:00,9.073,9.074,9.0,9.012,150656.45
2024-04-08 18:00:00+00:00,9.013,9.031,8.977,8.993,222587.02
2024-04-08 19:00:00+00:00,8.992,9.0,8.952,8.997,157585.09
2024-04-08 20:00:00+00:00,8.999,9.025,8.98,9.002,107054.28
2024-04-08 21:00:00+00:00,9.002,9.054,8.995,9.049,112100.31
2024-04-08 22:00:00+00:00,9.049,9.089,9.033,9.059,107121.8
2024-04-08 23:00:00+00:00,9.057,9.066,9.026,9.043,136034.32
2024-04-09 00:00:00+00:00,9.043,9.137,9.007,9.02,303613.5
2024-04-09 01:00:00+00:00,9.019,9.048,8.93,9.024,246045.31
2024-04-09 02:00:00+00:00,9.023,9.091,9.01,9.041,168149.06
2024-04-09 03:00:00+00:00,9.042,9.043,8.949,8.972,142004.23
2024-04-09 04:00:00+00:00,8.972,9.02,8.938,9.017,133189.08
2024-04-09 05:00:00+00:00,9.018,9.068,8.997,9.068,219565.05
2024-04-09 06:00:00+00:00,9.068,9.076,8.923,8.946,301811.66
2024-04-09 07:00:00+00:00,8.945,8.963,8.797,8.849,418896.67
2024-04-09 08:00:00+00:00,8.85,8.91,8.718,8.89,441839.01
2024-04-09 09:00:00+00:00,8.891,8.928,8.842,8.868,138006.99
2024-04-09 10:00:00+00:00,8.867,8.952,8.853,8.939,100564.9
2024-04-09 11:00:00+00:00,8.94,9.009,8.933,8.994,137709.48
2024-04-09 12:00:00+00:00,8.995,9.1,8.962,9.068,235090.08
2024-04-09 13:00:00+00:00,9.07,9.077,8.908,8.909,363664.04
2024-04-09 14:00:00+00:00,8.907,9.033,8.713,8.758,791572.48
2024-04-09 15:00:00+00:00,8.756,8.872,8.646,8.872,376294.91
2024-04-09 16:00:00+00:00,8.873,8.936,8.829,8.832,490242.0
2024-04-09 17:00:00+00:00,8.834,8.936,8.746,8.893,312395.67
2024-04-09 18:00:00+00:00,8.892,8.922,8.844,8.857,142409.09
2024-04-09 19:00:00+00:00,8.858,8.865,8.794,8.836,140378.37
2024-04-09 20:00:00+00:00,8.835,8.855,8.776,8.778,102439.6
2024-04-09 21:00:00+00:00,8.777,8.78,8.694,8.719,206227.55
2024-04-09 22:00:00+00:00,8.719,8.781,8.69,8.746,194190.0
2024-04-09 23:00:00+00:00,8.746,8.746,8.632,8.659,209421.27
2024-04-10 00:00:00+00:00,8.657,8.701,8.634,8.657,229701.88
2024-04-10 01:00:00+00:00,8.656,8.659,8.505,8.598,290423.11
2024-04-10 02:00:00+00:00,8.602,8.645,8.404,8.439,329318.08
2024-04-10 03:00:00+00:00,8.438,8.57,8.403,8.566,354857.0
2024-04-10 04:00:00+00:00,8.567,8.569,8.501,8.523,225214.06
2024-04-10 05:00:00+00:00,8.523,8.6,8.517,8.551,128169.16
2024-04-10 06:00:00+00:00,8.552,8.62,8.539,8.566,203700.14
2024-04-10 07:00:00+00:00,8.565,8.585,8.521,8.533,123097.03
2024-04-10 08:00:00+00:00,8.533,8.538,8.446,8.477,263326.02
2024-04-10 09:00:00+00:00,8.477,8.504,8.43,8.471,184969.39
2024-04-10 10:00:00+00:00,8.471,8.477,8.35,8.426,398369.72
2024-04-10 11:00:00+00:00,8.425,8.449,8.402,8.428,125446.35
2024-04-10 12:00:00+00:00,8.427,8.445,8.122,8.263,897102.47
2024-04-10 13:00:00+00:00,8.262,8.28,8.191,8.275,312923.2
2024-04-10 14:00:00+00:00,8.275,8.357,8.238,8.328,262980.7
2024-04-10 15:00:00+00:00,8.329,8.338,8.275,8.312,132270.14
2024-04-10 16:00:00+00:00,8.31,8.405,8.265,8.392,345960.84
2024-04-10 17:00:00+00:00,8.393,8.436,8.346,8.367,235840.77
2024-04-10 18:00:00+00:00,8.367,8.37,8.237,8.266,301794.68
2024-04-10 19:00:00+00:00,8.266,8.368,8.243,8.368,189626.41
2024-04-10 20:00:00+00:00,8.369,8.42,8.349,8.368,228677.23
2024-04-10 21:00:00+00:00,8.367,8.408,8.354,8.408,161983.83
2024-04-10 22:00:00+00:00,8.408,8.481,8.408,8.451,275831.66
2024-04-10 23:00:00+00:00,8.45,8.465,8.407,8.408,162612.95
2024-04-11 00:00:00+00:00,8.408,8.409,8.343,8.398,211590.31
2024-04-11 01:00:00+00:00,8.397,8.405,8.347,8.372,149574.61
2024-04-11 02:00:00+00:00,8.372,8.439,8.351,8.421,129712.0
2024-04-11 03:00:00+00:00,8.42,8.428,8.395,8.427,115642.08
2024-04-11 04:00:00+00:00,8.428,8.436,8.342,8.379,122978.87
2024-04-11 05:00:00+00:00,8.379,8.409,8.366,8.405,144803.08
2024-04-11 06:00:00+00:00,8.404,8.445,8.402,8.434,207657.1
2024-04-11 07:00:00+00:00,8.433,8.528,8.433,8.464,326659.28
2024-04-11 08:00:00+00:00,8.464,8.522,8.453,8.5,150655.52
2024-04-11 09:00:00+00:00,8.5,8.502,8.397,8.4,183200.49
2024-04-11 10:00:00+00:00,8.4,8.422,8.368,8.37,156688.52
2024-04-11 11:00:00+00:00,8.368,8.37,8.24,8.255,246337.92
2024-04-11 12:00:00+00:00,8.255,8.358,8.228,8.325,284527.94
2024-04-11 13:00:00+00:00,8.325,8.362,8.206,8.281,321071.16
2024-04-11 14:00:00+00:00,8.28,8.292,8.183,8.253,313790.89
2024-04-11 15:00:00+00:00,8.254,8.299,8.243,8.288,186030.28
2024-04-11 16:00:00+00:00,8.289,8.315,8.193,8.257,233103.31
2024-04-11 17:00:00+00:00,8.258,8.322,8.253,8.287,146983.63
2024-04-11 18:00:00+00:00,8.286,8.313,8.241,8.271,139735.06
2024-04-11 19:00:00+00:00,8.272,8.31,8.252,8.275,119763.78
2024-04-11 20:00:00+00:00,8.275,8.346,8.256,8.331,163546.58
2024-04-11 21:00:00+00:00,8.326,8.335,8.252,8.271,141617.02
2024-04-11 22:00:00+00:00,8.27,8.385,8.268,8.346,239971.21
2024-04-11 23:00:00+00:00,8.342,8.384,8.335,8.384,112582.79
2024-04-12 00:00:00+00:00,8.382,8.444,8.371,8.436,189944.25
2024-04-12 01:00:00+00:00,8.435,8.458,8.411,8.453,100153.4
2024-04-12 02:00:00+00:00,8.453,8.489,8.42,8.439,131871.77
2024-04-12 03:00:00+00:00,8.437,8.458,8.421,8.454,102031.2
2024-04-12 04:00:00+00:00,8.453,8.484,8.439,8.471,75933.9
2024-04-12 05:00:00+00:00,8.469,8.49,8.428,8.447,140087.55
2024-04-12 06:00:00+00:00,8.446,8.457,8.398,8.425,96995.85
2024-04-12 07:00:00+00:00,8.426,8.431,8.367,8.393,120031.96
2024-04-12 08:00:00+00:00,8.392,8.404,8.322,8.366,479141.34
2024-04-12 09:00:00+00:00,8.366,8.404,8.35,8.395,377681.21
2024-04-12 10:00:00+00:00,8.395,8.438,8.367,8.424,275412.48
2024-04-12 11:00:00+00:00,8.424,8.468,8.415,8.432,248211.81
2024-04-12 12:00:00+00:00,8.431,8.467,8.29,8.318,410798.9
2024-04-12 13:00:00+00:00,8.317,8.317,8.151,8.193,412684.13
2024-04-12 14:00:00+00:00,8.194,8.237,8.149,8.156,301591.07
2024-04-12 15:00:00+00:00,8.158,8.174,8.11,8.128,276981.88
2024-04-12 16:00:00+00:00,8.129,8.156,8.013,8.073,497274.89
2024-04-12 17:00:00+00:00,8.072,8.072,7.51,7.692,2218195.22
2024-04-12 18:00:00+00:00,7.691,7.716,6.51,6.51,4731184.7
2024-04-12 19:00:00+00:00,6.511,7.033,6.503,6.919,3567223.42
2024-04-12 20:00:00+00:00,6.919,7.141,6.883,7.113,1678726.14
2024-04-12 21:00:00+00:00,7.114,7.198,7.054,7.197,634441.07
2024-04-12 22:00:00+00:00,7.198,7.232,7.137,7.195,602495.33
2024-04-12 23:00:00+00:00,7.195,7.275,7.161,7.24,443195.7
2024-04-13 00:00:00+00:00,7.24,7.305,7.219,7.239,325880.86
2024-04-13 01:00:00+00:00,7.239,7.24,6.964,6.989,636266.98
2024-04-13 02:00:00+00:00,6.987,7.109,6.985,7.09,451535.95
2024-04-13 03:00:00+00:00,7.089,7.159,7.052,7.143,285626.51
2024-04-13 04:00:00+00:00,7.144,7.281,7.1,7.271,373997.34
2024-04-13 05:00:00+00:00,7.272,7.334,7.247,7.249,273063.04
2024-04-13 06:00:00+00:00,7.25,7.324,7.246,7.312,230643.87
2024-04-13 07:00:00+00:00,7.313,7.324,7.232,7.244,317548.21
2024-04-13 08:00:00+00:00,7.244,7.247,7.143,7.16,234872.71
2024-04-13 09:00:00+00:00,7.159,7.233,7.141,7.207,190420.86
2024-04-13 10:00:00+00:00,7.207,7.289,7.174,7.278,177265.34
2024-04-13 11:00:00+00:00,7.278,7.332,7.21,7.219,188052.08
2024-04-13 12:00:00+00:00,7.219,7.272,7.16,7.218,343361.68
2024-04-13 13:00:00+00:00,7.217,7.243,7.156,7.167,221417.17
2024-04-13 14:00:00+00:00,7.167,7.168,7.078,7.116,218825.52
2024-04-13 15:00:00+00:00,7.115,7.217,7.067,7.109,344011.59
2024-04-13 16:00:00+00:00,7.109,7.133,6.9,6.94,792399.64
2024-04-13 17:00:00+00:00,6.94,6.944,6.589,6.71,2207000.99
2024-04-13 18:00:00+00:00,6.71,6.931,6.63,6.909,1139289.42
2024-04-13 19:00:00+00:00,6.906,6.926,6.2,6.429,1763185.29
2024-04-13 20:00:00+00:00,6.428,6.669,5.693,5.914,5477233.08
2024-04-13 21:00:00+00:00,5.917,6.201,5.807,6.182,2465163.03
2024-04-13 22:00:00+00:00,6.181,6.468,6.091,6.37,1600221.04
2024-04-13 23:00:00+00:00,6.368,6.499,6.363,6.388,792379.6
2024-04-14 00:00:00+00:00,6.389,6.426,6.193,6.256,967709.19
2024-04-14 01:00:00+00:00,6.257,6.404,6.195,6.359,735055.94
2024-04-14 02:00:00+00:00,6.359,6.393,6.281,6.347,434884.27
2024-04-14 03:00:00+00:00,6.347,6.409,6.196,6.389,581559.59
2024-04-14 04:00:00+00:00,6.391,6.584,6.348,6.551,660761.87
2024-04-14 05:00:00+00:00,6.552,6.674,6.533,6.615,686748.24
2024-04-14 06:00:00+00:00,6.616,6.722,6.571,6.716,596253.75
2024-04-14 07:00:00+00:00,6.716,6.78,6.667,6.775,707865.13
2024-04-14 08:00:00+00:00,6.775,6.822,6.735,6.76,686270.61
2024-04-14 09:00:00+00:00,6.756,6.794,6.69,6.729,777612.9
2024-04-14 10:00:00+00:00,6.729,6.803,6.729,6.779,661584.92
2024-04-14 11:00:00+00:00,6.78,6.796,6.571,6.605,491604.98
2024-04-14 12:00:00+00:00,6.605,6.717,6.581,6.648,461244.82
2024-04-14 13:00:00+00:00,6.648,6.698,6.537,6.544,544672.86
2024-04-14 14:00:00+00:00,6.541,6.6,6.431,6.508,1132183.06
2024-04-14 15:00:00+00:00,6.506,6.626,6.5,6.562,527715.91
2024-04-14 16:00:00+00:00,6.563,6.74,6.542,6.633,590339.04
2024-04-14 17:00:00+00:00,6.632,6.69,6.361,6.527,1653263.82
2024-04-14 18:00:00+00:00,6.528,6.699,6.504,6.666,830981.94
2024-04-14 19:00:00+00:00,6.666,6.694,6.585,6.609,334550.26
2024-04-14 20:00:00+00:00,6.609,6.659,6.506,6.529,409270.66
2024-04-14 21:00:00+00:00,6.528,6.572,6.487,6.551,229016.56
2024-04-14 22:00:00+00:00,6.551,6.877,6.549,6.856,727219.03
2024-04-14 23:00:00+00:00,6.857,6.929,6.84,6.855,356960.75
2024-04-15 00:00:00+00:00,6.855,6.855,6.713,6.741,270416.67
2024-04-15 01:00:00+00:00,6.741,6.797,6.687,6.768,254421.84
2024-04-15 02:00:00+00:00,6.768,6.769,6.664,6.715,184672.31
2024-04-15 03:00:00+00:00,6.715,6.78,6.696,6.743,163428.83
2024-04-15 04:00:00+00:00,6.741,6.76,6.668,6.732,175986.25
2024-04-15 05:00:00+00:00,6.735,6.879,6.733,6.863,203247.46
2024-04-15 06:00:00+00:00,6.86,7.117,6.84,7.106,772736.23
2024-04-15 07:00:00+00:00,7.103,7.165,7.056,7.122,427081.87
2024-04-15 08:00:00+00:00,7.122,7.172,7.091,7.1,340834.58
2024-04-15 09:00:00+00:00,7.103,7.178,7.055,7.137,243957.31
2024-04-15 10:00:00+00:00,7.139,7.206,7.116,7.182,266173.67
2024-04-15 11:00:00+00:00,7.182,7.201,7.067,7.07,291792.63
2024-04-15 12:00:00+00:00,7.07,7.132,7.056,7.118,206946.32
2024-04-15 13:00:00+00:00,7.12,7.168,7.028,7.039,276693.24
2024-04-15 14:00:00+00:00,7.044,7.101,6.826,6.831,907782.49
2024-04-15 15:00:00+00:00,6.835,6.897,6.743,6.878,934139.68
2024-04-15 16:00:00+00:00,6.877,6.92,6.738,6.747,523336.18
2024-04-15 17:00:00+00:00,6.747,6.856,6.627,6.687,1076665.87
2024-04-15 18:00:00+00:00,6.686,6.724,6.513,6.516,744854.6
2024-04-15 19:00:00+00:00,6.516,6.759,6.429,6.708,728941.3
2024-04-15 20:00:00+00:00,6.71,6.765,6.608,6.633,258783.03
2024-04-15 21:00:00+00:00,6.634,6.722,6.58,6.716,212504.04
2024-04-15 22:00:00+00:00,6.716,6.765,6.645,6.748,202696.44
2024-04-15 23:00:00+00:00,6.748,6.748,6.663,6.708,114631.62
2024-04-16 00:00:00+00:00,6.708,6.728,6.564,6.621,174442.32
2024-04-16 01:00:00+00:00,6.621,6.754,6.596,6.631,137951.17
2024-04-16 02:00:00+00:00,6.632,6.684,6.576,6.675,120175.81
2024-04-16 03:00:00+00:00,6.672,6.709,6.552,6.598,138773.17
2024-04-16 04:00:00+00:00,6.597,6.621,6.428,6.51,364130.33
2024-04-16 05:00:00+00:00,6.51,6.631,6.477,6.594,195233.59
2024-04-16 06:00:00+00:00,6.592,6.711,6.583,6.701,169715.97
2024-04-16 07:00:00+00:00,6.701,6.821,6.692,6.764,210396.6
2024-04-16 08:00:00+00:00,6.763,6.789,6.692,6.728,194989.95
2024-04-16 09:00:00+00:00,6.728,6.805,6.705,6.718,205626.02
2024-04-16 10:00:00+00:00,6.718,6.735,6.472,6.649,685840.49
2024-04-16 11:00:00+00:00,6.647,6.721,6.592,6.694,388891.91
2024-04-16 12:00:00+00:00,6.696,6.696,6.578,6.592,259296.22
2024-04-16 13:00:00+00:00,6.592,6.621,6.457,6.549,357265.61
2024-04-16 14:00:00+00:00,6.553,6.628,6.468,6.485,324504.85
2024-04-16 15:00:00+00:00,6.484,6.524,6.375,6.414,350575.25
2024-04-16 16:00:00+00:00,6.413,6.562,6.371,6.558,349812.76
2024-04-16 17:00:00+00:00,6.562,6.66,6.53,6.571,306870.33
2024-04-16 18:00:00+00:00,6.571,6.658,6.543,6.652,186175.16
2024-04-16 19:00:00+00:00,6.652,6.673,6.552,6.596,128838.05
2024-04-16 20:00:00+00:00,6.594,6.654,6.586,6.644,85886.48
2024-04-16 21:00:00+00:00,6.645,6.759,6.641,6.723,186773.64
2024-04-16 22:00:00+00:00,6.723,6.737,6.696,6.728,128971.27
2024-04-16 23:00:00+00:00,6.728,6.738,6.688,6.702,68938.4
2024-04-17 00:00:00+00:00,6.7,6.737,6.656,6.703,98172.56
2024-04-17 01:00:00+00:00,6.703,6.72,6.621,6.697,86223.77
2024-04-17 02:00:00+00:00,6.697,6.72,6.626,6.681,84422.34
2024-04-17 03:00:00+00:00,6.681,6.712,6.664,6.69,94279.05
2024-04-17 04:00:00+00:00,6.69,6.779,6.653,6.742,190860.03
2024-04-17 05:00:00+00:00,6.742,6.744,6.637,6.663,203532.23
2024-04-17 06:00:00+00:00,6.66,6.687,6.631,6.661,94568.3
2024-04-17 07:00:00+00:00,6.659,6.677,6.598,6.647,137945.46
2024-04-17 08:00:00+00:00,6.647,6.677,6.601,6.631,158761.42
2024-04-17 09:00:00+00:00,6.631,6.682,6.628,6.669,150374.07
2024-04-17 10:00:00+00:00,6.67,6.67,6.585,6.599,118719.31
2024-04-17 11:00:00+00:00,6.599,6.64,6.534,6.538,165730.72
2024-04-17 12:00:00+00:00,6.539,6.572,6.468,6.524,204636.68
2024-04-17 13:00:00+00:00,6.525,6.617,6.511,6.578,189359.83
2024-04-17 14:00:00+00:00,6.579,6.579,6.383,6.494,550470.09
2024-04-17 15:00:00+00:00,6.494,6.519,6.352,6.396,690502.93
2024-04-17 16:00:00+00:00,6.397,6.522,6.326,6.4,422695.93
2024-04-17 17:00:00+00:00,6.4,6.568,6.395,6.544,252534.09
2024-04-17 18:00:00+00:00,6.544,6.739,6.534,6.673,339177.67
2024-04-17 19:00:00+00:00,6.672,6.673,6.564,6.625,203208.12
2024-04-17 20:00:00+00:00,6.627,6.654,6.534,6.555,126976.39
2024-04-17 21:00:00+00:00,6.556,6.705,6.556,6.64,174086.55
2024-04-17 22:00:00+00:00,6.641,6.653,6.598,6.619,76702.79
2024-04-17 23:00:00+00:00,6.62,6.65,6.567,6.583,67141.3
2024-04-18 00:00:00+00:00,6.58,6.622,6.445,6.575,182673.01
2024-04-18 01:00:00+00:00,6.576,6.651,6.574,6.636,142524.01
2024-04-18 02:00:00+00:00,6.637,6.676,6.592,6.658,108116.61
2024-04-18 03:00:00+00:00,6.66,6.724,6.658,6.671,181543.08
2024-04-18 04:00:00+00:00,6.671,6.707,6.642,6.657,81752.86
2024-04-18 05:00:00+00:00,6.658,6.703,6.623,6.632,115461.04
2024-04-18 06:00:00+00:00,6.632,6.655,6.489,6.543,194838.66
2024-04-18 07:00:00+00:00,6.543,6.579,6.48,6.522,115434.42
2024-04-18 08:00:00+00:00,6.524,6.604,6.474,6.582,231137.41
2024-04-18 09:00:00+00:00,6.582,6.641,6.566,6.625,112947.74
2024-04-18 10:00:00+00:00,6.624,6.636,6.585,6.622,105460.94
2024-04-18 11:00:00+00:00,6.622,6.749,6.622,6.689,242984.0
2024-04-18 12:00:00+00:00,6.689,6.703,6.58,6.629,266506.57
2024-04-18 13:00:00+00:00,6.632,6.663,6.57,6.65,120511.8
2024-04-18 14:00:00+00:00,6.65,6.78,6.608,6.749,334660.77
2024-04-18 15:00:00+00:00,6.75,6.794,6.716,6.751,227760.75
2024-04-18 16:00:00+00:00,6.751,6.797,6.714,6.727,173994.82
2024-04-18 17:00:00+00:00,6.727,6.739,6.652,6.656,160207.08
2024-04-18 18:00:00+00:00,6.657,6.727,6.614,6.716,125225.57
2024-04-18 19:00:00+00:00,6.716,6.763,6.703,6.758,107380.2
2024-04-18 20:00:00+00:00,6.759,6.775,6.726,6.774,83046.27
2024-04-18 21:00:00+00:00,6.774,6.806,6.767,6.775,130646.82
2024-04-18 22:00:00+00:00,6.773,6.829,6.754,6.8,90265.66
2024-04-18 23:00:00+00:00,6.8,6.82,6.77,6.784,91268.82
2024-04-19 00:00:00+00:00,6.783,6.783,6.705,6.707,118631.05
2024-04-19 01:00:00+00:00,6.708,6.711,6.423,6.462,521491.44
2024-04-19 02:00:00+00:00,6.458,6.489,6.274,6.458,763376.81
2024-04-19 03:00:00+00:00,6.458,6.566,6.43,6.5,1250202.82
2024-04-19 04:00:00+00:00,6.499,6.62,6.492,6.569,241669.52
2024-04-19 05:00:00+00:00,6.567,6.589,6.481,6.523,207687.46
2024-04-19 06:00:00+00:00,6.522,6.804,6.493,6.791,575026.3
2024-04-19 07:00:00+00:00,6.794,6.859,6.69,6.718,471264.65
2024-04-19 08:00:00+00:00,6.719,6.813,6.68,6.787,419927.18
2024-04-19 09:00:00+00:00,6.787,6.854,6.775,6.823,405542.4
2024-04-19 10:00:00+00:00,6.824,6.856,6.773,6.825,257056.47
2024-04-19 11:00:00+00:00,6.827,6.917,6.814,6.829,431125.6
2024-04-19 12:00:00+00:00,6.83,6.839,6.764,6.78,353445.45
2024-04-19 13:00:00+00:00,6.779,6.813,6.721,6.78,249597.57
2024-04-19 14:00:00+00:00,6.781,6.813,6.702,6.767,173033.07
2024-04-19 15:00:00+00:00,6.768,6.831,6.755,6.805,138571.25
2024-04-19 16:00:00+00:00,6.803,6.821,6.709,6.779,183028.79
2024-04-19 17:00:00+00:00,6.778,6.826,6.744,6.796,137706.64
2024-04-19 18:00:00+00:00,6.796,6.797,6.734,6.754,96479.49
2024-04-19 19:00:00+00:00,6.755,6.795,6.746,6.792,86845.47
2024-04-19 20:00:00+00:00,6.792,6.792,6.706,6.731,104558.03
2024-04-19 21:00:00+00:00,6.73,6.771,6.73,6.77,60031.84
2024-04-19 22:00:00+00:00,6.771,6.8,6.715,6.717,134138.93
2024-04-19 23:00:00+00:00,6.716,6.718,6.578,6.682,321688.42
2024-04-20 00:00:00+00:00,6.681,6.743,6.632,6.643,158414.06
2024-04-20 01:00:00+00:00,6.641,6.757,6.608,6.736,148833.81
2024-04-20 02:00:00+00:00,6.735,6.765,6.717,6.722,107340.49
2024-04-20 03:00:00+00:00,6.721,6.741,6.697,6.734,81276.03
2024-04-20 04:00:00+00:00,6.735,6.797,6.721,6.761,155887.49
2024-04-20 05:00:00+00:00,6.761,6.775,6.738,6.77,83241.86
2024-04-20 06:00:00+00:00,6.769,6.822,6.758,6.806,147403.23
2024-04-20 07:00:00+00:00,6.808,6.837,6.796,6.815,148897.99
2024-04-20 08:00:00+00:00,6.815,6.817,6.767,6.787,120750.81
2024-04-20 09:00:00+00:00,6.787,6.797,6.724,6.754,143122.02
2024-04-20 10:00:00+00:00,6.756,6.779,6.712,6.739,88742.95
2024-04-20 11:00:00+00:00,6.739,6.769,6.725,6.751,92532.53
2024-04-20 12:00:00+00:00,6.751,6.796,6.72,6.767,136813.36
2024-04-20 13:00:00+00:00,6.767,6.804,6.76,6.789,97298.67
2024-04-20 14:00:00+00:00,6.789,6.814,6.763,6.804,94275.86
2024-04-20 15:00:00+00:00,6.804,6.97,6.783,6.97,241478.04
2024-04-20 16:00:00+00:00,6.97,7.063,6.944,7.027,361146.26
2024-04-20 17:00:00+00:00,7.028,7.198,7.025,7.198,455760.69
2024-04-20 18:00:00+00:00,7.198,7.236,7.16,7.185,306954.74
2024-04-20 19:00:00+00:00,7.185,7.25,7.153,7.242,198120.1
2024-04-20 20:00:00+00:00,7.243,7.27,7.206,7.236,174815.71
2024-04-20 21:00:00+00:00,7.237,7.283,7.221,7.239,171750.09
2024-04-20 22:00:00+00:00,7.24,7.25,7.176,7.176,137946.93
2024-04-20 23:00:00+00:00,7.176,7.241,7.176,7.241,111160.43
2024-04-21 00:00:00+00:00,7.241,7.247,7.137,7.164,197032.18
2024-04-21 01:00:00+00:00,7.165,7.243,7.164,7.2,113123.64
2024-04-21 02:00:00+00:00,7.199,7.279,7.192,7.252,121386.92
2024-04-21 03:00:00+00:00,7.253,7.288,7.197,7.205,179888.46
2024-04-21 04:00:00+00:00,7.206,7.221,7.162,7.204,135244.99
2024-04-21 05:00:00+00:00,7.205,7.237,7.177,7.197,65093.43
2024-04-21 06:00:00+00:00,7.197,7.22,7.177,7.193,104528.95
2024-04-21 07:00:00+00:00,7.194,7.201,7.149,7.183,105622.36
2024-04-21 08:00:00+00:00,7.185,7.201,7.161,7.165,143435.95
2024-04-21 09:00:00+00:00,7.165,7.2,7.147,7.175,152277.74
2024-04-21 10:00:00+00:00,7.177,7.18,7.126,7.171,68291.25
2024-04-21 11:00:00+00:00,7.171,7.214,7.153,7.182,114445.03
2024-04-21 12:00:00+00:00,7.182,7.186,7.118,7.133,78150.48
2024-04-21 13:00:00+00:00,7.133,7.151,7.05,7.079,262523.44
2024-04-21 14:00:00+00:00,7.079,7.113,7.068,7.075,87757.56
2024-04-21 15:00:00+00:00,7.076,7.132,7.076,7.117,103345.04
2024-04-21 16:00:00+00:00,7.119,7.129,6.962,7.046,279808.59
2024-04-21 17:00:00+00:00,7.046,7.084,7.005,7.075,102107.36
2024-04-21 18:00:00+00:00,7.075,7.092,7.041,7.092,80556.94
2024-04-21 19:00:00+00:00,7.091,7.12,7.063,7.087,75543.52
2024-04-21 20:00:00+00:00,7.086,7.158,7.069,7.158,156331.45
2024-04-21 21:00:00+00:00,7.158,7.207,7.124,7.138,107711.9
2024-04-21 22:00:00+00:00,7.14,7.192,7.129,7.138,99929.13
2024-04-21 23:00:00+00:00,7.138,7.149,7.114,7.14,59970.45
2024-04-22 00:00:00+00:00,7.139,7.214,7.105,7.135,110992.47
2024-04-22 01:00:00+00:00,7.136,7.223,7.089,7.138,245488.8
2024-04-22 02:00:00+00:00,7.138,7.169,7.098,7.146,113762.85
2024-04-22 03:00:00+00:00,7.146,7.317,7.14,7.274,261943.33
2024-04-22 04:00:00+00:00,7.275,7.323,7.259,7.3,209138.36
2024-04-22 05:00:00+00:00,7.302,7.457,7.296,7.453,317925.57
2024-04-22 06:00:00+00:00,7.454,7.529,7.43,7.486,360577.08
2024-04-22 07:00:00+00:00,7.486,7.518,7.43,7.435,204085.24
2024-04-22 08:00:00+00:00,7.436,7.492,7.413,7.428,211712.27
2024-04-22 09:00:00+00:00,7.429,7.489,7.415,7.487,168247.05
2024-04-22 10:00:00+00:00,7.487,7.583,7.483,7.513,288047.85
2024-04-22 11:00:00+00:00,7.513,7.513,7.414,7.438,228924.01
2024-04-22 12:00:00+00:00,7.438,7.468,7.401,7.436,238450.95
2024-04-22 13:00:00+00:00,7.437,7.451,7.362,7.42,232427.38
2024-04-22 14:00:00+00:00,7.419,7.48,7.388,7.406,233997.9
2024-04-22 15:00:00+00:00,7.403,7.467,7.341,7.448,233263.89
2024-04-22 16:00:00+00:00,7.449,7.48,7.381,7.404,204826.0
2024-04-22 17:00:00+00:00,7.406,7.467,7.392,7.443,229973.65
2024-04-22 18:00:00+00:00,7.443,7.48,7.424,7.456,268121.91
2024-04-22 19:00:00+00:00,7.455,7.494,7.419,7.487,157335.72
2024-04-22 20:00:00+00:00,7.487,7.534,7.463,7.501,199041.91
2024-04-22 21:00:00+00:00,7.5,7.529,7.493,7.511,146291.0
2024-04-22 22:00:00+00:00,7.511,7.549,7.499,7.544,129629.48
2024-04-22 23:00:00+00:00,7.547,7.561,7.465,7.466,149101.3
2024-04-23 00:00:00+00:00,7.467,7.535,7.456,7.5,127341.26
2024-04-23 01:00:00+00:00,7.502,7.507,7.464,7.465,95355.07
2024-04-23 02:00:00+00:00,7.464,7.498,7.411,7.426,149972.39
2024-04-23 03:00:00+00:00,7.427,7.446,7.362,7.381,221161.65
2024-04-23 04:00:00+00:00,7.382,7.419,7.345,7.375,188257.71
2024-04-23 05:00:00+00:00,7.375,7.468,7.371,7.46,135920.21
2024-04-23 06:00:00+00:00,7.46,7.48,7.378,7.404,187772.3
2024-04-23 07:00:00+00:00,7.402,7.419,7.316,7.364,191045.68
2024-04-23 08:00:00+00:00,7.363,7.441,7.337,7.423,174140.72
2024-04-23 09:00:00+00:00,7.423,7.432,7.38,7.41,109451.64
2024-04-23 10:00:00+00:00,7.41,7.453,7.402,7.406,144978.49
2024-04-23 11:00:00+00:00,7.408,7.411,7.297,7.37,323494.2
2024-04-23 12:00:00+00:00,7.368,7.399,7.343,7.387,109838.75
2024-04-23 13:00:00+00:00,7.386,7.418,7.32,7.401,172404.35
2024-04-23 14:00:00+00:00,7.401,7.543,7.388,7.525,469658.57
2024-04-23 15:00:00+00:00,7.526,7.531,7.396,7.413,280576.93
2024-04-23 16:00:00+00:00,7.415,7.438,7.388,7.399,266647.08
2024-04-23 17:00:00+00:00,7.398,7.425,7.371,7.393,242741.19
2024-04-23 18:00:00+00:00,7.393,7.403,7.335,7.372,271986.18
2024-04-23 19:00:00+00:00,7.373,7.389,7.346,7.384,124360.08
2024-04-23 20:00:00+00:00,7.384,7.392,7.306,7.343,185032.37
2024-04-23 21:00:00+00:00,7.341,7.342,7.227,7.251,288162.29
2024-04-23 22:00:00+00:00,7.251,7.287,7.225,7.241,217889.49
2024-04-23 23:00:00+00:00,7.241,7.253,7.205,7.242,123867.92
2024-04-24 00:00:00+00:00,7.243,7.281,7.215,7.275,155198.77
2024-04-24 01:00:00+00:00,7.276,7.313,7.27,7.294,121531.41
2024-04-24 02:00:00+00:00,7.295,7.304,7.221,7.263,97886.65
2024-04-24 03:00:00+00:00,7.264,7.308,7.257,7.289,97265.57
2024-04-24 04:00:00+00:00,7.29,7.42,7.28,7.414,225249.63
2024-04-24 05:00:00+00:00,7.416,7.45,7.367,7.395,260723.74
2024-04-24 06:00:00+00:00,7.397,7.46,7.362,7.428,179403.64
2024-04-24 07:00:00+00:00,7.428,7.452,7.405,7.422,115166.86
2024-04-24 08:00:00+00:00,7.422,7.48,7.414,7.478,191586.63
2024-04-24 09:00:00+00:00,7.478,7.484,7.416,7.46,194180.53
2024-04-24 10:00:00+00:00,7.457,7.5,7.414,7.445,147821.87
2024-04-24 11:00:00+00:00,7.443,7.463,7.41,7.431,176838.21
2024-04-24 12:00:00+00:00,7.43,7.45,7.364,7.364,172721.02
2024-04-24 13:00:00+00:00,7.365,7.366,7.181,7.193,508517.57
2024-04-24 14:00:00+00:00,7.191,7.238,7.016,7.124,867375.18
2024-04-24 15:00:00+00:00,7.122,7.124,7.014,7.031,442371.72
2024-04-24 16:00:00+00:00,7.03,7.07,6.962,7.037,424915.68
2024-04-24 17:00:00+00:00,7.036,7.13,7.021,7.106,230998.52
2024-04-24 18:00:00+00:00,7.104,7.105,6.989,7.022,324794.51
2024-04-24 19:00:00+00:00,7.023,7.079,6.963,7.047,223501.18
2024-04-24 20:00:00+00:00,7.041,7.054,6.966,6.992,261107.3
2024-04-24 21:00:00+00:00,6.992,7.025,6.956,7.023,175364.89
2024-04-24 22:00:00+00:00,7.024,7.027,6.873,6.92,238276.48
2024-04-24 23:00:00+00:00,6.918,6.947,6.857,6.931,261508.66
2024-04-25 00:00:00+00:00,6.932,6.998,6.917,6.971,151324.53
2024-04-25 01:00:00+00:00,6.97,7.001,6.893,6.893,103733.85
2024-04-25 02:00:00+00:00,6.892,6.972,6.846,6.964,193033.7
2024-04-25 03:00:00+00:00,6.965,6.988,6.9,6.926,131202.0
2024-04-25 04:00:00+00:00,6.925,6.969,6.831,6.955,222422.5
2024-04-25 05:00:00+00:00,6.955,6.982,6.912,6.95,115358.17
2024-04-25 06:00:00+00:00,6.949,6.978,6.927,6.931,99650.93
2024-04-25 07:00:00+00:00,6.93,6.951,6.862,6.886,142709.25
2024-04-25 08:00:00+00:00,6.886,6.903,6.825,6.851,222814.58
2024-04-25 09:00:00+00:00,6.85,6.901,6.825,6.85,164096.78
2024-04-25 10:00:00+00:00,6.851,6.851,6.74,6.748,380292.0
2024-04-25 11:00:00+00:00,6.746,6.848,6.737,6.827,213618.47
2024-04-25 12:00:00+00:00,6.824,6.877,6.736,6.755,277517.19
2024-04-25 13:00:00+00:00,6.752,6.8,6.703,6.782,347740.05
2024-04-25 14:00:00+00:00,6.783,6.858,6.778,6.813,194720.9
2024-04-25 15:00:00+00:00,6.813,6.929,6.797,6.917,219373.3
2024-04-25 16:00:00+00:00,6.916,6.943,6.874,6.922,204569.37
2024-04-25 17:00:00+00:00,6.927,6.965,6.91,6.954,174962.16
2024-04-25 18:00:00+00:00,6.954,6.965,6.918,6.962,150114.42
2024-04-25 19:00:00+00:00,6.961,6.965,6.913,6.937,79159.9
2024-04-25 20:00:00+00:00,6.935,6.971,6.911,6.949,109994.57
2024-04-25 21:00:00+00:00,6.949,6.98,6.925,6.934,157398.91
2024-04-25 22:00:00+00:00,6.935,6.936,6.846,6.855,171283.02
2024-04-25 23:00:00+00:00,6.854,6.874,6.826,6.862,69186.82
2024-04-26 00:00:00+00:00,6.863,6.869,6.763,6.809,133884.22
2024-04-26 01:00:00+00:00,6.806,6.883,6.729,6.856,208760.62
2024-04-26 02:00:00+00:00,6.861,6.896,6.829,6.844,143403.16
2024-04-26 03:00:00+00:00,6.847,6.885,6.83,6.842,105134.75
2024-04-26 04:00:00+00:00,6.843,6.881,6.811,6.851,100164.08
2024-04-26 05:00:00+00:00,6.851,6.923,6.844,6.921,117745.19
2024-04-26 06:00:00+00:00,6.92,6.924,6.861,6.875,143053.7
2024-04-26 07:00:00+00:00,6.876,6.892,6.825,6.855,207605.78
2024-04-26 08:00:00+00:00,6.857,6.901,6.831,6.853,128676.43
2024-04-26 09:00:00+00:00,6.852,6.9,6.841,6.876,173846.76
2024-04-26 10:00:00+00:00,6.877,6.889,6.835,6.855,313682.55
2024-04-26 11:00:00+00:00,6.855,6.923,6.853,6.883,245608.97
2024-04-26 12:00:00+00:00,6.884,6.945,6.833,6.859,169934.03
2024-04-26 13:00:00+00:00,6.861,6.921,6.77,6.914,244305.59
2024-04-26 14:00:00+00:00,6.914,6.951,6.794,6.81,544326.22
2024-04-26 15:00:00+00:00,6.809,6.832,6.717,6.809,554295.79
2024-04-26 16:00:00+00:00,6.809,6.835,6.773,6.81,103378.92
2024-04-26 17:00:00+00:00,6.811,6.84,6.791,6.834,109541.04
2024-04-26 18:00:00+00:00,6.833,6.868,6.817,6.866,97758.46
2024-04-26 19:00:00+00:00,6.866,6.872,6.845,6.847,67540.41
2024-04-26 20:00:00+00:00,6.847,6.898,6.846,6.855,138160.4
2024-04-26 21:00:00+00:00,6.858,6.869,6.8,6.838,394347.03
2024-04-26 22:00:00+00:00,6.837,6.837,6.714,6.733,161355.08
2024-04-26 23:00:00+00:00,6.731,6.769,6.729,6.764,43816.45
2024-04-27 00:00:00+00:00,6.765,6.789,6.661,6.722,220277.27
2024-04-27 01:00:00+00:00,6.723,6.726,6.511,6.602,655055.05
2024-04-27 02:00:00+00:00,6.602,6.709,6.585,6.685,144821.83
2024-04-27 03:00:00+00:00,6.685,6.735,6.682,6.716,97141.0
2024-04-27 04:00:00+00:00,6.716,6.771,6.705,6.758,81556.96
2024-04-27 05:00:00+00:00,6.759,6.768,6.707,6.717,123645.06
2024-04-27 06:00:00+00:00,6.717,6.744,6.681,6.694,89593.22
2024-04-27 07:00:00+00:00,6.694,6.719,6.657,6.66,80827.5
2024-04-27 08:00:00+00:00,6.661,6.672,6.63,6.653,106128.82
2024-04-27 09:00:00+00:00,6.653,6.698,6.641,6.672,80106.64
2024-04-27 10:00:00+00:00,6.673,6.675,6.609,6.618,176453.3
2024-04-27 11:00:00+00:00,6.618,6.639,6.586,6.612,287874.16
2024-04-27 12:00:00+00:00,6.61,6.675,6.599,6.647,124335.54
2024-04-27 13:00:00+00:00,6.647,6.699,6.636,6.695,94125.06
2024-04-27 14:00:00+00:00,6.695,6.728,6.666,6.671,107454.67
2024-04-27 15:00:00+00:00,6.671,6.69,6.628,6.647,63330.04
2024-04-27 16:00:00+00:00,6.643,6.671,6.628,6.652,81485.41
2024-04-27 17:00:00+00:00,6.652,6.839,6.652,6.83,256093.11
2024-04-27 18:00:00+00:00,6.831,6.866,6.712,6.785,295901.13
2024-04-27 19:00:00+00:00,6.784,6.802,6.751,6.8,80517.76
2024-04-27 20:00:00+00:00,6.801,6.808,6.761,6.795,62841.02
2024-04-27 21:00:00+00:00,6.794,6.796,6.695,6.753,437366.43
2024-04-27 22:00:00+00:00,6.753,6.764,6.734,6.741,56003.69
2024-04-27 23:00:00+00:00,6.741,6.817,6.74,6.807,85120.95
2024-04-28 00:00:00+00:00,6.808,6.869,6.804,6.853,136850.06
2024-04-28 01:00:00+00:00,6.85,6.88,6.835,6.877,60997.42
2024-04-28 02:00:00+00:00,6.877,6.951,6.871,6.937,170188.67
2024-04-28 03:00:00+00:00,6.937,6.949,6.911,6.919,84576.9
2024-04-28 04:00:00+00:00,6.918,6.918,6.885,6.891,73301.29
2024-04-28 05:00:00+00:00,6.891,6.913,6.883,6.902,41958.98
2024-04-28 06:00:00+00:00,6.902,6.939,6.885,6.927,136083.4
2024-04-28 07:00:00+00:00,6.928,6.947,6.91,6.929,128397.32
2024-04-28 08:00:00+00:00,6.93,6.94,6.865,6.9,130538.68
2024-04-28 09:00:00+00:00,6.901,6.928,6.868,6.887,111775.04
2024-04-28 10:00:00+00:00,6.888,6.897,6.837,6.865,97804.01
2024-04-28 11:00:00+00:00,6.865,6.868,6.805,6.813,89954.35
2024-04-28 12:00:00+00:00,6.811,6.841,6.799,6.835,93364.79
2024-04-28 13:00:00+00:00,6.835,6.886,6.826,6.865,82396.91
2024-04-28 14:00:00+00:00,6.865,6.877,6.829,6.857,64271.29
2024-04-28 15:00:00+00:00,6.857,6.874,6.845,6.852,53982.87
2024-04-28 16:00:00+00:00,6.849,6.897,6.842,6.877,77321.84
2024-04-28 17:00:00+00:00,6.875,6.894,6.861,6.883,71963.33
2024-04-28 18:00:00+00:00,6.884,6.916,6.839,6.911,114128.54
2024-04-28 19:00:00+00:00,6.911,6.912,6.857,6.863,101489.8
2024-04-28 20:00:00+00:00,6.862,6.878,6.845,6.878,44023.85
2024-04-28 21:00:00+00:00,6.877,6.887,6.855,6.861,42488.56
2024-04-28 22:00:00+00:00,6.862,6.877,6.756,6.777,198586.58
2024-04-28 23:00:00+00:00,6.777,6.777,6.69,6.728,239062.72
2024-04-29 00:00:00+00:00,6.726,6.788,6.713,6.787,101227.99
2024-04-29 01:00:00+00:00,6.787,6.826,6.758,6.81,82239.15
2024-04-29 02:00:00+00:00,6.811,6.823,6.7,6.729,179560.85
2024-04-29 03:00:00+00:00,6.728,6.744,6.65,6.659,177499.49
2024-04-29 04:00:00+00:00,6.658,6.73,6.638,6.72,108181.93
2024-04-29 05:00:00+00:00,6.718,6.718,6.653,6.694,73634.56
2024-04-29 06:00:00+00:00,6.694,6.695,6.51,6.553,306311.47
2024-04-29 07:00:00+00:00,6.55,6.595,6.544,6.579,100638.14
2024-04-29 08:00:00+00:00,6.579,6.581,6.5,6.526,328370.45
2024-04-29 09:00:00+00:00,6.526,6.564,6.501,6.535,172857.16
2024-04-29 10:00:00+00:00,6.535,6.563,6.485,6.51,229498.61
2024-04-29 11:00:00+00:00,6.509,6.533,6.49,6.507,124509.93
2024-04-29 12:00:00+00:00,6.507,6.569,6.47,6.561,250071.66
2024-04-29 13:00:00+00:00,6.561,6.585,6.482,6.503,239569.29
2024-04-29 14:00:00+00:00,6.503,6.622,6.49,6.609,171209.33
2024-04-29 15:00:00+00:00,6.609,6.639,6.591,6.628,138719.33
2024-04-29 16:00:00+00:00,6.63,6.638,6.551,6.561,158225.47
2024-04-29 17:00:00+00:00,6.56,6.612,6.558,6.592,107356.69
2024-04-29 18:00:00+00:00,6.591,6.596,6.537,6.558,75064.12
2024-04-29 19:00:00+00:00,6.559,6.565,6.518,6.562,111639.3
2024-04-29 20:00:00+00:00,6.559,6.602,6.542,6.555,56294.01
2024-04-29 21:00:00+00:00,6.556,6.56,6.5,6.525,82619.52
2024-04-29 22:00:00+00:00,6.523,6.643,6.522,6.626,131454.91
2024-04-29 23:00:00+00:00,6.625,6.664,6.581,6.587,152180.82
2024-04-30 00:00:00+00:00,6.588,6.669,6.553,6.653,148870.46
2024-04-30 01:00:00+00:00,6.654,6.656,6.524,6.526,101262.41
2024-04-30 02:00:00+00:00,6.526,6.622,6.462,6.588,331831.93
2024-04-30 03:00:00+00:00,6.587,6.61,6.555,6.569,102138.58
2024-04-30 04:00:00+00:00,6.57,6.582,6.544,6.556,56651.14
2024-04-30 05:00:00+00:00,6.557,6.598,6.527,6.574,259552.95
2024-04-30 06:00:00+00:00,6.574,6.605,6.561,6.591,267007.83
2024-04-30 07:00:00+00:00,6.59,6.604,6.539,6.542,97745.19
2024-04-30 08:00:00+00:00,6.542,6.56,6.364,6.395,589864.82
2024-04-30 09:00:00+00:00,6.395,6.443,6.366,6.369,285277.05
2024-04-30 10:00:00+00:00,6.371,6.397,6.341,6.375,426062.49
2024-04-30 11:00:00+00:00,6.374,6.374,6.249,6.273,518558.69
2024-04-30 12:00:00+00:00,6.272,6.301,6.152,6.225,526300.03
2024-04-30 13:00:00+00:00,6.228,6.244,6.173,6.193,247987.64
2024-04-30 14:00:00+00:00,6.191,6.286,6.125,6.125,397864.79
2024-04-30 15:00:00+00:00,6.125,6.211,6.123,6.153,448156.82
2024-04-30 16:00:00+00:00,6.153,6.154,6.04,6.144,441218.57
2024-04-30 17:00:00+00:00,6.144,6.161,6.111,6.131,199889.39
2024-04-30 18:00:00+00:00,6.132,6.158,6.101,6.158,187350.98
2024-04-30 19:00:00+00:00,6.157,6.18,6.065,6.112,283313.32
2024-04-30 20:00:00+00:00,6.112,6.207,6.112,6.185,198450.36
2024-04-30 21:00:00+00:00,6.185,6.233,6.182,6.22,231556.21
2024-04-30 22:00:00+00:00,6.22,6.492,6.216,6.394,1031962.71
2024-04-30 23:00:00+00:00,6.393,6.448,6.353,6.425,288360.83
2024-05-01 00:00:00+00:00,6.423,6.467,6.367,6.413,455386.97
2024-05-01 01:00:00+00:00,6.414,6.431,6.354,6.421,223301.58
2024-05-01 02:00:00+00:00,6.42,6.473,6.339,6.451,208824.67
2024-05-01 03:00:00+00:00,6.451,6.467,6.412,6.455,104868.84
2024-05-01 04:00:00+00:00,6.456,6.543,6.451,6.526,224933.8
2024-05-01 05:00:00+00:00,6.526,6.559,6.497,6.548,184290.57
2024-05-01 06:00:00+00:00,6.547,6.554,6.439,6.45,209100.73
2024-05-01 07:00:00+00:00,6.45,6.474,6.27,6.293,1014214.32
2024-05-01 08:00:00+00:00,6.292,6.306,6.129,6.291,869970.88
2024-05-01 09:00:00+00:00,6.29,6.433,6.278,6.402,572394.56
2024-05-01 10:00:00+00:00,6.403,6.518,6.388,6.468,418503.91
2024-05-01 11:00:00+00:00,6.468,6.504,6.429,6.501,311877.1
2024-05-01 12:00:00+00:00,6.499,6.624,6.488,6.601,467990.23
2024-05-01 13:00:00+00:00,6.602,6.647,6.546,6.586,399838.21
2024-05-01 14:00:00+00:00,6.587,6.613,6.51,6.581,382458.17
2024-05-01 15:00:00+00:00,6.583,6.586,6.474,6.493,243387.3
2024-05-01 16:00:00+00:00,6.492,6.549,6.437,6.466,329698.57
2024-05-01 17:00:00+00:00,6.466,6.604,6.449,6.574,447195.96
2024-05-01 18:00:00+00:00,6.574,6.898,6.574,6.868,793427.64
2024-05-01 19:00:00+00:00,6.867,6.932,6.668,6.727,802389.02
2024-05-01 20:00:00+00:00,6.728,6.854,6.697,6.792,447094.49
2024-05-01 21:00:00+00:00,6.792,6.889,6.753,6.857,278312.88
2024-05-01 22:00:00+00:00,6.857,6.935,6.857,6.869,324395.44
2024-05-01 23:00:00+00:00,6.867,6.91,6.824,6.899,214523.6
2024-05-02 00:00:00+00:00,6.9,6.951,6.787,6.807,267540.28
2024-05-02 01:00:00+00:00,6.808,6.836,6.694,6.79,279931.6
2024-05-02 02:00:00+00:00,6.79,6.865,6.785,6.822,160408.14
2024-05-02 03:00:00+00:00,6.822,6.871,6.819,6.868,101702.29
2024-05-02 04:00:00+00:00,6.87,6.909,6.86,6.872,139405.86
2024-05-02 05:00:00+00:00,6.872,6.909,6.828,6.906,171842.41
2024-05-02 06:00:00+00:00,6.909,6.94,6.846,6.865,146324.02
2024-05-02 07:00:00+00:00,6.864,6.907,6.839,6.876,201643.94
2024-05-02 08:00:00+00:00,6.875,6.936,6.858,6.892,126420.28
2024-05-02 09:00:00+00:00,6.893,7.013,6.887,7.012,190943.62
2024-05-02 10:00:00+00:00,7.012,7.018,6.95,6.989,270642.81
2024-05-02 11:00:00+00:00,6.988,7.1,6.984,7.047,415443.46
2024-05-02 12:00:00+00:00,7.048,7.059,6.977,6.991,251615.13
2024-05-02 13:00:00+00:00,6.99,7.025,6.904,6.924,304423.9
2024-05-02 14:00:00+00:00,6.924,7.027,6.891,7.019,209178.07
2024-05-02 15:00:00+00:00,7.019,7.062,6.993,7.003,182337.73
2024-05-02 16:00:00+00:00,7.004,7.053,6.979,7.021,170020.83
2024-05-02 17:00:00+00:00,7.025,7.139,7.025,7.134,231150.51
2024-05-02 18:00:00+00:00,7.134,7.377,7.104,7.224,883956.67
2024-05-02 19:00:00+00:00,7.223,7.266,7.182,7.255,267596.06
2024-05-02 20:00:00+00:00,7.256,7.322,7.248,7.28,276501.98
2024-05-02 21:00:00+00:00,7.28,7.352,7.252,7.34,215892.71
2024-05-02 22:00:00+00:00,7.34,7.409,7.333,7.337,254670.51
2024-05-02 23:00:00+00:00,7.335,7.342,7.272,7.273,146710.86
2024-05-03 00:00:00+00:00,7.272,7.312,7.232,7.248,118096.74
2024-05-03 01:00:00+00:00,7.25,7.298,7.224,7.266,161421.09
2024-05-03 02:00:00+00:00,7.265,7.322,7.238,7.254,159189.62
2024-05-03 03:00:00+00:00,7.253,7.266,7.198,7.208,272078.07
2024-05-03 04:00:00+00:00,7.209,7.225,7.174,7.222,271795.03
2024-05-03 05:00:00+00:00,7.223,7.258,7.178,7.221,401383.98
2024-05-03 06:00:00+00:00,7.221,7.224,7.162,7.174,261835.68
2024-05-03 07:00:00+00:00,7.174,7.192,7.045,7.051,573097.62
2024-05-03 08:00:00+00:00,7.05,7.073,7.025,7.031,369801.96
2024-05-03 09:00:00+00:00,7.031,7.093,7.015,7.072,330157.76
2024-05-03 10:00:00+00:00,7.072,7.085,7.002,7.047,367034.94
2024-05-03 11:00:00+00:00,7.047,7.081,7.023,7.063,208609.4
2024-05-03 12:00:00+00:00,7.062,7.238,7.027,7.167,778239.2
2024-05-03 13:00:00+00:00,7.166,7.248,7.149,7.247,499471.89
2024-05-03 14:00:00+00:00,7.247,7.267,7.149,7.202,507900.76
2024-05-03 15:00:00+00:00,7.203,7.279,7.187,7.253,178186.23
2024-05-03 16:00:00+00:00,7.255,7.3,7.249,7.249,284559.64
2024-05-03 17:00:00+00:00,7.248,7.319,7.247,7.291,141443.0
2024-05-03 18:00:00+00:00,7.291,7.3,7.241,7.271,112303.93
2024-05-03 19:00:00+00:00,7.269,7.28,7.215,7.278,170509.4
2024-05-03 20:00:00+00:00,7.277,7.386,7.266,7.318,306937.96
2024-05-03 21:00:00+00:00,7.32,7.342,7.266,7.291,187494.98
2024-05-03 22:00:00+00:00,7.293,7.296,7.265,7.277,110351.42
2024-05-03 23:00:00+00:00,7.274,7.298,7.236,7.245,145986.18
2024-05-04 00:00:00+00:00,7.244,7.252,7.186,7.207,314093.29
2024-05-04 01:00:00+00:00,7.206,7.24,7.176,7.185,181080.81
2024-05-04 02:00:00+00:00,7.183,7.217,7.141,7.18,169619.04
2024-05-04 03:00:00+00:00,7.18,7.181,7.153,7.16,100391.91
2024-05-04 04:00:00+00:00,7.16,7.2,7.142,7.19,160517.39
2024-05-04 05:00:00+00:00,7.193,7.205,7.16,7.195,111225.69
2024-05-04 06:00:00+00:00,7.195,7.195,7.152,7.164,143020.63
2024-05-04 07:00:00+00:00,7.164,7.169,7.137,7.138,104464.41
2024-05-04 08:00:00+00:00,7.138,7.177,7.138,7.163,121869.74
2024-05-04 09:00:00+00:00,7.163,7.178,7.137,7.14,134350.15
2024-05-04 10:00:00+00:00,7.14,7.238,7.137,7.233,225022.9
2024-05-04 11:00:00+00:00,7.233,7.234,7.105,7.135,387777.33
2024-05-04 12:00:00+00:00,7.135,7.28,7.119,7.209,362079.29
2024-05-04 13:00:00+00:00,7.209,7.212,7.134,7.164,197231.49
2024-05-04 14:00:00+00:00,7.164,7.198,7.153,7.194,126103.91
2024-05-04 15:00:00+00:00,7.193,7.212,7.172,7.19,100474.5
2024-05-04 16:00:00+00:00,7.191,7.2,7.156,7.186,93881.1
2024-05-04 17:00:00+00:00,7.186,7.191,7.145,7.156,80880.27
2024-05-04 18:00:00+00:00,7.155,7.192,7.15,7.174,55169.19
2024-05-04 19:00:00+00:00,7.174,7.199,7.159,7.191,57623.97
2024-05-04 20:00:00+00:00,7.191,7.205,7.166,7.166,73464.81
2024-05-04 21:00:00+00:00,7.166,7.182,7.116,7.156,144604.33
2024-05-04 22:00:00+00:00,7.157,7.164,7.116,7.132,65862.02
2024-05-04 23:00:00+00:00,7.132,7.151,7.12,7.122,46863.7
2024-05-05 00:00:00+00:00,7.122,7.149,7.065,7.131,165380.93
2024-05-05 01:00:00+00:00,7.131,7.142,7.039,7.115,200030.29
2024-05-05 02:00:00+00:00,7.112,7.125,7.087,7.092,58041.93
2024-05-05 03:00:00+00:00,7.092,7.11,7.062,7.09,54316.11
2024-05-05 04:00:00+00:00,7.09,7.096,7.069,7.079,40223.78
2024-05-05 05:00:00+00:00,7.079,7.1,7.03,7.031,190784.29
2024-05-05 06:00:00+00:00,7.03,7.061,7.024,7.056,105089.63
2024-05-05 07:00:00+00:00,7.056,7.102,7.047,7.076,95781.52
2024-05-05 08:00:00+00:00,7.076,7.139,7.07,7.121,121068.4
2024-05-05 09:00:00+00:00,7.122,7.124,7.074,7.092,121659.17
2024-05-05 10:00:00+00:00,7.092,7.098,7.044,7.065,79118.13
2024-05-05 11:00:00+00:00,7.064,7.085,7.043,7.071,173865.24
2024-05-05 12:00:00+00:00,7.069,7.081,7.035,7.05,104120.65
2024-05-05 13:00:00+00:00,7.049,7.082,7.014,7.074,201434.98
2024-05-05 14:00:00+00:00,7.073,7.164,7.042,7.161,188466.01
2024-05-05 15:00:00+00:00,7.163,7.251,7.152,7.243,355135.1
2024-05-05 16:00:00+00:00,7.244,7.326,7.224,7.246,658465.71
2024-05-05 17:00:00+00:00,7.246,7.27,7.225,7.263,130784.8
2024-05-05 18:00:00+00:00,7.263,7.288,7.2,7.286,286754.46
2024-05-05 19:00:00+00:00,7.286,7.307,7.256,7.283,138302.61
2024-05-05 20:00:00+00:00,7.283,7.348,7.276,7.342,151004.46
2024-05-05 21:00:00+00:00,7.342,7.4,7.294,7.362,294332.31
2024-05-05 22:00:00+00:00,7.363,7.376,7.294,7.326,137267.28
2024-05-05 23:00:00+00:00,7.323,7.327,7.298,7.302,112350.85
2024-05-06 00:00:00+00:00,7.303,7.309,7.249,7.306,225257.5
2024-05-06 01:00:00+00:00,7.305,7.332,7.259,7.264,129220.81
2024-05-06 02:00:00+00:00,7.265,7.295,7.24,7.242,80395.59
2024-05-06 03:00:00+00:00,7.242,7.271,7.222,7.25,129609.19
2024-05-06 04:00:00+00:00,7.246,7.282,7.236,7.278,99254.29
2024-05-06 05:00:00+00:00,7.278,7.34,7.264,7.328,153195.97
2024-05-06 06:00:00+00:00,7.328,7.396,7.312,7.368,217067.15
2024-05-06 07:00:00+00:00,7.367,7.398,7.359,7.388,297656.74
2024-05-06 08:00:00+00:00,7.388,7.465,7.36,7.377,580705.67
2024-05-06 09:00:00+00:00,7.379,7.437,7.378,7.437,146989.58
2024-05-06 10:00:00+00:00,7.438,7.473,7.231,7.273,468768.21
2024-05-06 11:00:00+00:00,7.272,7.345,7.265,7.29,203445.97
2024-05-06 12:00:00+00:00,7.292,7.309,7.113,7.172,465835.86
2024-05-06 13:00:00+00:00,7.173,7.244,7.161,7.217,190103.36
2024-05-06 14:00:00+00:00,7.217,7.233,7.102,7.11,274053.89
2024-05-06 15:00:00+00:00,7.108,7.187,7.06,7.177,278979.28
2024-05-06 16:00:00+00:00,7.177,7.2,7.115,7.127,158839.93
2024-05-06 17:00:00+00:00,7.127,7.216,7.124,7.195,175710.65
2024-05-06 18:00:00+00:00,7.195,7.242,7.171,7.235,97624.5
2024-05-06 19:00:00+00:00,7.234,7.236,7.13,7.191,137938.95
2024-05-06 20:00:00+00:00,7.19,7.225,7.188,7.217,53636.4
2024-05-06 21:00:00+00:00,7.216,7.225,7.192,7.218,95537.35
2024-05-06 22:00:00+00:00,7.217,7.217,7.154,7.17,43703.35
2024-05-06 23:00:00+00:00,7.171,7.175,7.117,7.121,49620.96
2024-05-07 00:00:00+00:00,7.119,7.156,7.085,7.117,95621.49
2024-05-07 01:00:00+00:00,7.116,7.195,7.108,7.191,70952.43
2024-05-07 02:00:00+00:00,7.193,7.195,7.156,7.174,51447.66
2024-05-07 03:00:00+00:00,7.174,7.186,7.023,7.088,275026.53
2024-05-07 04:00:00+00:00,7.088,7.13,7.076,7.123,155370.31
2024-05-07 05:00:00+00:00,7.123,7.145,7.074,7.12,154291.74
2024-05-07 06:00:00+00:00,7.123,7.136,7.081,7.109,64297.31
2024-05-07 07:00:00+00:00,7.11,7.183,7.098,7.169,132381.22
2024-05-07 08:00:00+00:00,7.17,7.268,7.158,7.261,299241.84
2024-05-07 09:00:00+00:00,7.261,7.295,7.229,7.232,134663.59
2024-05-07 10:00:00+00:00,7.232,7.238,7.195,7.202,175015.18
2024-05-07 11:00:00+00:00,7.201,7.227,7.132,7.135,160242.28
2024-05-07 12:00:00+00:00,7.134,7.197,7.129,7.186,143799.33
2024-05-07 13:00:00+00:00,7.186,7.221,7.132,7.166,143709.96
2024-05-07 14:00:00+00:00,7.167,7.246,7.149,7.241,397382.45
2024-05-07 15:00:00+00:00,7.243,7.272,7.182,7.195,192777.37
2024-05-07 16:00:00+00:00,7.196,7.225,7.183,7.192,96425.82
2024-05-07 17:00:00+00:00,7.19,7.191,7.16,7.184,70904.46
2024-05-07 18:00:00+00:00,7.184,7.189,7.095,7.164,257129.85
2024-05-07 19:00:00+00:00,7.164,7.177,7.112,7.122,88296.84
2024-05-07 20:00:00+00:00,7.122,7.148,7.097,7.129,66158.18
2024-05-07 21:00:00+00:00,7.128,7.161,7.073,7.108,88117.84
2024-05-07 22:00:00+00:00,7.107,7.114,7.044,7.064,108774.86
2024-05-07 23:00:00+00:00,7.063,7.07,6.979,6.993,260819.91
2024-05-08 00:00:00+00:00,6.992,7.024,6.917,7.003,208821.51
2024-05-08 01:00:00+00:00,7.003,7.037,6.987,7.003,81693.29
2024-05-08 02:00:00+00:00,7.003,7.087,6.999,7.068,72814.98
2024-05-08 03:00:00+00:00,7.07,7.108,7.058,7.085,69215.64
2024-05-08 04:00:00+00:00,7.086,7.093,6.997,7.026,80458.63
2024-05-08 05:00:00+00:00,7.026,7.08,7.002,7.056,185339.88
2024-05-08 06:00:00+00:00,7.055,7.083,6.995,7.072,147967.62
2024-05-08 07:00:00+00:00,7.067,7.089,6.984,7.012,130710.02
2024-05-08 08:00:00+00:00,7.012,7.128,6.987,7.086,168891.14
2024-05-08 09:00:00+00:00,7.086,7.096,6.986,7.029,128098.9
2024-05-08 10:00:00+00:00,7.029,7.051,7.011,7.016,90730.08
2024-05-08 11:00:00+00:00,7.013,7.014,6.93,6.949,143395.99
2024-05-08 12:00:00+00:00,6.951,6.995,6.893,6.939,161417.84
2024-05-08 13:00:00+00:00,6.935,7.067,6.917,7.064,246445.15
2024-05-08 14:00:00+00:00,7.064,7.158,7.051,7.157,296813.28
2024-05-08 15:00:00+00:00,7.159,7.189,7.043,7.155,359608.15
2024-05-08 16:00:00+00:00,7.155,7.166,7.069,7.141,180827.6
2024-05-08 17:00:00+00:00,7.14,7.167,7.072,7.087,149327.55
2024-05-08 18:00:00+00:00,7.087,7.139,7.08,7.092,63150.0
2024-05-08 19:00:00+00:00,7.093,7.103,7.006,7.054,171685.46
2024-05-08 20:00:00+00:00,7.054,7.092,6.929,6.962,297557.81
2024-05-08 21:00:00+00:00,6.959,7.021,6.937,6.991,145788.26
2024-05-08 22:00:00+00:00,6.99,7.017,6.947,7.003,89290.41
2024-05-08 23:00:00+00:00,7.003,7.038,6.98,6.983,104577.65
2024-05-09 00:00:00+00:00,6.982,7.065,6.97,7.037,198741.87
2024-05-09 01:00:00+00:00,7.037,7.051,7.005,7.027,145267.03
2024-05-09 02:00:00+00:00,7.027,7.029,6.992,7.012,64198.65
2024-05-09 03:00:00+00:00,7.012,7.046,6.978,7.046,82312.93
2024-05-09 04:00:00+00:00,7.046,7.069,7.023,7.025,96253.27
2024-05-09 05:00:00+00:00,7.027,7.054,7.015,7.024,44215.61
2024-05-09 06:00:00+00:00,7.024,7.054,6.981,6.992,69816.83
2024-05-09 07:00:00+00:00,6.99,6.996,6.901,6.923,143019.67
2024-05-09 08:00:00+00:00,6.924,6.941,6.856,6.928,257471.78
2024-05-09 09:00:00+00:00,6.928,6.938,6.834,6.866,233838.16
2024-05-09 10:00:00+00:00,6.865,6.87,6.787,6.788,221492.33
2024-05-09 11:00:00+00:00,6.788,6.856,6.782,6.843,134418.39
2024-05-09 12:00:00+00:00,6.844,6.914,6.834,6.889,141135.41
2024-05-09 13:00:00+00:00,6.886,6.917,6.83,6.876,201533.08
2024-05-09 14:00:00+00:00,6.875,6.931,6.862,6.908,113232.75
2024-05-09 15:00:00+00:00,6.909,6.981,6.885,6.963,234585.5
2024-05-09 16:00:00+00:00,6.961,7.022,6.952,6.96,232062.93
2024-05-09 17:00:00+00:00,6.959,7.004,6.945,6.963,104079.77
2024-05-09 18:00:00+00:00,6.962,6.989,6.956,6.985,63934.31
2024-05-09 19:00:00+00:00,6.985,7.043,6.976,7.039,153318.41
2024-05-09 20:00:00+00:00,7.04,7.064,7.003,7.028,134216.92
2024-05-09 21:00:00+00:00,7.027,7.041,7.001,7.011,89207.33
2024-05-09 22:00:00+00:00,7.011,7.089,7.0,7.076,132541.32
2024-05-09 23:00:00+00:00,7.075,7.079,7.024,7.05,88520.56
2024-05-10 00:00:00+00:00,7.049,7.05,7.008,7.021,106176.95
2024-05-10 01:00:00+00:00,7.02,7.099,6.999,7.076,101791.56
2024-05-10 02:00:00+00:00,7.076,7.091,7.048,7.087,115629.85
2024-05-10 03:00:00+00:00,7.087,7.114,7.07,7.107,78339.01
2024-05-10 04:00:00+00:00,7.107,7.149,7.094,7.119,117290.77
2024-05-10 05:00:00+00:00,7.119,7.119,7.052,7.059,96578.21
2024-05-10 06:00:00+00:00,7.06,7.109,7.056,7.095,80940.65
2024-05-10 07:00:00+00:00,7.096,7.133,7.077,7.126,120699.57
2024-05-10 08:00:00+00:00,7.126,7.133,7.07,7.1,108186.73
2024-05-10 09:00:00+00:00,7.1,7.103,7.067,7.087,104382.5
2024-05-10 10:00:00+00:00,7.088,7.105,7.071,7.083,116420.89
2024-05-10 11:00:00+00:00,7.083,7.136,7.072,7.131,86281.7
2024-05-10 12:00:00+00:00,7.132,7.133,7.061,7.082,110364.94
2024-05-10 13:00:00+00:00,7.083,7.09,7.048,7.081,104131.6
2024-05-10 14:00:00+00:00,7.079,7.086,6.805,6.861,625898.76
2024-05-10 15:00:00+00:00,6.861,6.933,6.812,6.863,477722.74
2024-05-10 16:00:00+00:00,6.861,6.882,6.753,6.858,418002.38
2024-05-10 17:00:00+00:00,6.858,6.865,6.756,6.796,215796.73
2024-05-10 18:00:00+00:00,6.792,6.846,6.763,6.827,146144.35
2024-05-10 19:00:00+00:00,6.826,6.842,6.782,6.811,101612.73
2024-05-10 20:00:00+00:00,6.814,6.835,6.75,6.79,136672.6
2024-05-10 21:00:00+00:00,6.789,6.823,6.767,6.79,103944.14
2024-05-10 22:00:00+00:00,6.789,6.806,6.69,6.738,255633.11
2024-05-10 23:00:00+00:00,6.737,6.777,6.733,6.746,115375.95
2024-05-11 00:00:00+00:00,6.745,6.785,6.726,6.748,152444.29
2024-05-11 01:00:00+00:00,6.747,6.809,6.739,6.758,131379.7
2024-05-11 02:00:00+00:00,6.759,6.771,6.723,6.74,129554.28
2024-05-11 03:00:00+00:00,6.74,6.754,6.714,6.728,107229.04
2024-05-11 04:00:00+00:00,6.726,6.745,6.71,6.724,83871.18
2024-05-11 05:00:00+00:00,6.724,6.771,6.721,6.769,75386.82
2024-05-11 06:00:00+00:00,6.769,6.793,6.755,6.767,103590.6
2024-05-11 07:00:00+00:00,6.77,6.791,6.751,6.764,82085.25
2024-05-11 08:00:00+00:00,6.764,6.773,6.705,6.711,109491.47
2024-05-11 09:00:00+00:00,6.71,6.722,6.686,6.702,222914.99
2024-05-11 10:00:00+00:00,6.701,6.701,6.643,6.671,169452.69
2024-05-11 11:00:00+00:00,6.668,6.692,6.635,6.678,96363.78
2024-05-11 12:00:00+00:00,6.675,6.717,6.675,6.705,91693.44
2024-05-11 13:00:00+00:00,6.706,6.738,6.691,6.736,64391.37
2024-05-11 14:00:00+00:00,6.736,6.747,6.703,6.708,75398.5
2024-05-11 15:00:00+00:00,6.71,6.788,6.703,6.731,163682.37
2024-05-11 16:00:00+00:00,6.731,6.743,6.703,6.707,73245.44
2024-05-11 17:00:00+00:00,6.71,6.734,6.694,6.718,77176.79
2024-05-11 18:00:00+00:00,6.719,6.741,6.698,6.72,89083.88
2024-05-11 19:00:00+00:00,6.721,6.734,6.712,6.728,68247.51
2024-05-11 20:00:00+00:00,6.727,6.729,6.676,6.718,50994.05
2024-05-11 21:00:00+00:00,6.719,6.72,6.682,6.688,57762.19
2024-05-11 22:00:00+00:00,6.688,6.709,6.673,6.686,51900.81
2024-05-11 23:00:00+00:00,6.687,6.698,6.65,6.659,50627.43
2024-05-12 00:00:00+00:00,6.659,6.715,6.65,6.7,53662.96
2024-05-12 01:00:00+00:00,6.7,6.713,6.688,6.689,22111.85
2024-05-12 02:00:00+00:00,6.69,6.702,6.674,6.691,23301.62
2024-05-12 03:00:00+00:00,6.692,6.703,6.677,6.699,30969.24
2024-05-12 04:00:00+00:00,6.7,6.724,6.691,6.718,46290.49
2024-05-12 05:00:00+00:00,6.718,6.719,6.7,6.711,39520.48
2024-05-12 06:00:00+00:00,6.712,6.713,6.69,6.699,37754.71
2024-05-12 07:00:00+00:00,6.699,6.708,6.639,6.654,99515.71
2024-05-12 08:00:00+00:00,6.654,6.698,6.646,6.687,55124.62
2024-05-12 09:00:00+00:00,6.688,6.695,6.666,6.695,47815.68
2024-05-12 10:00:00+00:00,6.695,6.749,6.681,6.722,103159.42
2024-05-12 11:00:00+00:00,6.722,6.739,6.716,6.734,48359.11
2024-05-12 12:00:00+00:00,6.734,6.749,6.73,6.739,83744.57
2024-05-12 13:00:00+00:00,6.74,6.749,6.722,6.743,62154.86
2024-05-12 14:00:00+00:00,6.744,6.754,6.725,6.731,51444.88
2024-05-12 15:00:00+00:00,6.733,6.762,6.722,6.751,77886.41
2024-05-12 16:00:00+00:00,6.753,6.793,6.718,6.718,111390.83
2024-05-12 17:00:00+00:00,6.718,6.749,6.703,6.718,79447.85
2024-05-12 18:00:00+00:00,6.718,6.718,6.679,6.685,49837.98
2024-05-12 19:00:00+00:00,6.685,6.687,6.666,6.682,57934.56
2024-05-12 20:00:00+00:00,6.685,6.688,6.665,6.676,47070.04
2024-05-12 21:00:00+00:00,6.676,6.676,6.586,6.641,184814.02
2024-05-12 22:00:00+00:00,6.641,6.641,6.617,6.62,104616.44
2024-05-12 23:00:00+00:00,6.621,6.638,6.615,6.617,58306.58
2024-05-13 00:00:00+00:00,6.616,6.687,6.616,6.655,84380.43
2024-05-13 01:00:00+00:00,6.655,6.659,6.544,6.585,133948.44
2024-05-13 02:00:00+00:00,6.585,6.598,6.466,6.512,382596.84
2024-05-13 03:00:00+00:00,6.511,6.513,6.431,6.51,259505.69
2024-05-13 04:00:00+00:00,6.51,6.51,6.445,6.469,108869.36
2024-05-13 05:00:00+00:00,6.468,6.5,6.459,6.47,97489.42
2024-05-13 06:00:00+00:00,6.473,6.603,6.472,6.603,116235.06
2024-05-13 07:00:00+00:00,6.604,6.703,6.593,6.696,212856.16
2024-05-13 08:00:00+00:00,6.694,6.774,6.694,6.74,287641.2
2024-05-13 09:00:00+00:00,6.741,6.786,6.739,6.773,190361.38
2024-05-13 10:00:00+00:00,6.774,6.779,6.684,6.743,178274.06
2024-05-13 11:00:00+00:00,6.742,6.756,6.69,6.73,134326.25
2024-05-13 12:00:00+00:00,6.731,6.738,6.675,6.718,115947.4
2024-05-13 13:00:00+00:00,6.717,6.74,6.694,6.703,81064.61
2024-05-13 14:00:00+00:00,6.703,6.78,6.698,6.714,200206.04
2024-05-13 15:00:00+00:00,6.713,6.779,6.711,6.763,111481.73
2024-05-13 16:00:00+00:00,6.764,6.826,6.748,6.8,196689.74
2024-05-13 17:00:00+00:00,6.804,6.809,6.674,6.687,157692.63
2024-05-13 18:00:00+00:00,6.687,6.689,6.642,6.687,99593.14
2024-05-13 19:00:00+00:00,6.688,6.722,6.687,6.705,107997.56
2024-05-13 20:00:00+00:00,6.705,6.711,6.686,6.694,52262.53
2024-05-13 21:00:00+00:00,6.694,6.703,6.654,6.668,65163.03
2024-05-13 22:00:00+00:00,6.667,6.677,6.652,6.664,189502.72
2024-05-13 23:00:00+00:00,6.664,6.697,6.657,6.669,42701.38
2024-05-14 00:00:00+00:00,6.671,6.697,6.637,6.658,94605.86
2024-05-14 01:00:00+00:00,6.66,6.698,6.625,6.651,108580.93
2024-05-14 02:00:00+00:00,6.646,6.654,6.606,6.644,91077.36
2024-05-14 03:00:00+00:00,6.644,6.665,6.631,6.645,52385.19
2024-05-14 04:00:00+00:00,6.644,6.671,6.616,6.631,76185.72
2024-05-14 05:00:00+00:00,6.631,6.666,6.624,6.644,52079.77
2024-05-14 06:00:00+00:00,6.644,6.645,6.491,6.584,257521.78
2024-05-14 07:00:00+00:00,6.583,6.614,6.577,6.609,84375.59
2024-05-14 08:00:00+00:00,6.608,6.623,6.589,6.611,74545.05
2024-05-14 09:00:00+00:00,6.61,6.624,6.577,6.588,162960.14
2024-05-14 10:00:00+00:00,6.588,6.614,6.582,6.606,74138.96
2024-05-14 11:00:00+00:00,6.607,6.664,6.604,6.651,88548.59
2024-05-14 12:00:00+00:00,6.652,6.685,6.611,6.64,223796.16
2024-05-14 13:00:00+00:00,6.639,6.685,6.612,6.614,112148.35
2024-05-14 14:00:00+00:00,6.614,6.673,6.535,6.615,215495.07
2024-05-14 15:00:00+00:00,6.615,6.69,6.592,6.646,132789.25
2024-05-14 16:00:00+00:00,6.643,6.65,6.608,6.618,104865.29
2024-05-14 17:00:00+00:00,6.618,6.621,6.498,6.57,341503.0
2024-05-14 18:00:00+00:00,6.566,6.592,6.551,6.56,72135.32
2024-05-14 19:00:00+00:00,6.56,6.573,6.545,6.555,54249.61
2024-05-14 20:00:00+00:00,6.554,6.581,6.532,6.536,69125.28
2024-05-14 21:00:00+00:00,6.538,6.551,6.51,6.538,63363.81
2024-05-14 22:00:00+00:00,6.538,6.538,6.476,6.496,83483.25
2024-05-14 23:00:00+00:00,6.499,6.499,6.469,6.485,54243.65
2024-05-15 00:00:00+00:00,6.485,6.537,6.461,6.487,83637.31
2024-05-15 01:00:00+00:00,6.487,6.533,6.483,6.518,42414.6
2024-05-15 02:00:00+00:00,6.518,6.535,6.512,6.527,34506.88
2024-05-15 03:00:00+00:00,6.527,6.54,6.517,6.521,81528.8
2024-05-15 04:00:00+00:00,6.521,6.527,6.492,6.501,85229.0
2024-05-15 05:00:00+00:00,6.503,6.51,6.474,6.496,88346.26
2024-05-15 06:00:00+00:00,6.497,6.512,6.466,6.492,116290.88
2024-05-15 07:00:00+00:00,6.492,6.534,6.491,6.524,142948.7
2024-05-15 08:00:00+00:00,6.523,6.645,6.523,6.584,432899.79
2024-05-15 09:00:00+00:00,6.583,6.676,6.527,6.64,181195.74
2024-05-15 10:00:00+00:00,6.64,6.668,6.613,6.64,110275.04
2024-05-15 11:00:00+00:00,6.641,6.644,6.49,6.554,272331.77
2024-05-15 12:00:00+00:00,6.554,6.836,6.52,6.781,744861.26
2024-05-15 13:00:00+00:00,6.782,6.926,6.775,6.854,450649.86
2024-05-15 14:00:00+00:00,6.856,6.916,6.827,6.916,192985.27
2024-05-15 15:00:00+00:00,6.917,6.941,6.862,6.864,277529.46
2024-05-15 16:00:00+00:00,6.868,6.912,6.839,6.889,134948.33
2024-05-15 17:00:00+00:00,6.892,6.95,6.886,6.932,154753.1
2024-05-15 18:00:00+00:00,6.934,6.96,6.893,6.936,131643.0
2024-05-15 19:00:00+00:00,6.936,7.013,6.904,7.012,266531.03
2024-05-15 20:00:00+00:00,7.01,7.029,6.958,6.987,170691.32
2024-05-15 21:00:00+00:00,6.99,6.998,6.927,6.939,79539.67
2024-05-15 22:00:00+00:00,6.939,6.969,6.939,6.949,86585.87
2024-05-15 23:00:00+00:00,6.954,6.98,6.942,6.961,80235.07
2024-05-16 00:00:00+00:00,6.961,6.997,6.935,6.966,152407.06
2024-05-16 01:00:00+00:00,6.966,7.02,6.959,7.02,93603.59
2024-05-16 02:00:00+00:00,7.018,7.018,6.926,6.949,202408.46
2024-05-16 03:00:00+00:00,6.949,6.992,6.929,6.978,96395.87
2024-05-16 04:00:00+00:00,6.979,6.992,6.958,6.981,52171.86
2024-05-16 05:00:00+00:00,6.98,6.987,6.947,6.968,170214.14
2024-05-16 06:00:00+00:00,6.967,6.984,6.936,6.951,148200.47
2024-05-16 07:00:00+00:00,6.951,6.973,6.948,6.959,129248.6
2024-05-16 08:00:00+00:00,6.958,6.971,6.919,6.929,109808.29
2024-05-16 09:00:00+00:00,6.929,6.95,6.897,6.95,121545.33
2024-05-16 10:00:00+00:00,6.948,6.949,6.895,6.911,104863.53
2024-05-16 11:00:00+00:00,6.91,6.916,6.884,6.907,89536.63
2024-05-16 12:00:00+00:00,6.906,6.911,6.812,6.858,285603.17
2024-05-16 13:00:00+00:00,6.858,6.932,6.817,6.93,159784.13
2024-05-16 14:00:00+00:00,6.93,6.944,6.822,6.837,235776.98
2024-05-16 15:00:00+00:00,6.838,6.964,6.827,6.927,178746.61
2024-05-16 16:00:00+00:00,6.928,6.982,6.901,6.966,196190.21
2024-05-16 17:00:00+00:00,6.966,6.987,6.889,6.931,149171.02
2024-05-16 18:00:00+00:00,6.931,6.943,6.91,6.92,92127.35
2024-05-16 19:00:00+00:00,6.919,7.0,6.911,6.959,128717.27
2024-05-16 20:00:00+00:00,6.958,6.966,6.903,6.92,133283.54
2024-05-16 21:00:00+00:00,6.921,6.984,6.89,6.983,80940.46
2024-05-16 22:00:00+00:00,6.983,7.015,6.937,7.014,145560.63
2024-05-16 23:00:00+00:00,7.013,7.066,7.0,7.025,159404.15
2024-05-17 00:00:00+00:00,7.025,7.072,7.019,7.066,112319.29
2024-05-17 01:00:00+00:00,7.066,7.089,7.022,7.076,98993.67
2024-05-17 02:00:00+00:00,7.076,7.085,7.004,7.017,198202.03
2024-05-17 03:00:00+00:00,7.017,7.039,6.999,7.003,182897.18
2024-05-17 04:00:00+00:00,7.004,7.118,7.004,7.052,286476.42
2024-05-17 05:00:00+00:00,7.054,7.069,7.022,7.068,131312.97
2024-05-17 06:00:00+00:00,7.07,7.155,7.051,7.129,206373.49
2024-05-17 07:00:00+00:00,7.132,7.299,7.132,7.273,521482.15
2024-05-17 08:00:00+00:00,7.273,7.29,7.201,7.261,336162.87
2024-05-17 09:00:00+00:00,7.258,7.272,7.221,7.227,175738.6
2024-05-17 10:00:00+00:00,7.228,7.263,7.218,7.244,118596.26
2024-05-17 11:00:00+00:00,7.244,7.251,7.201,7.202,89088.22
2024-05-17 12:00:00+00:00,7.202,7.265,7.168,7.244,178717.2
2024-05-17 13:00:00+00:00,7.244,7.25,7.14,7.17,234971.75
2024-05-17 14:00:00+00:00,7.17,7.19,7.158,7.187,108247.95
2024-05-17 15:00:00+00:00,7.187,7.242,7.141,7.236,403966.0
2024-05-17 16:00:00+00:00,7.237,7.273,7.226,7.234,171160.53
2024-05-17 17:00:00+00:00,7.232,7.259,7.213,7.224,120636.89
2024-05-17 18:00:00+00:00,7.224,7.233,7.181,7.227,117113.5
2024-05-17 19:00:00+00:00,7.226,7.226,7.187,7.199,110761.0
2024-05-17 20:00:00+00:00,7.199,7.217,7.178,7.18,140818.06
2024-05-17 21:00:00+00:00,7.18,7.211,7.18,7.196,100288.44
2024-05-17 22:00:00+00:00,7.195,7.205,7.182,7.202,50015.45
2024-05-17 23:00:00+00:00,7.2,7.206,7.176,7.199,62057.86
2024-05-18 00:00:00+00:00,7.198,7.199,7.172,7.177,95649.8
2024-05-18 01:00:00+00:00,7.177,7.211,7.15,7.211,72578.51
2024-05-18 02:00:00+00:00,7.209,7.215,7.17,7.188,38197.06
2024-05-18 03:00:00+00:00,7.187,7.232,7.186,7.207,80155.95
2024-05-18 04:00:00+00:00,7.206,7.21,7.178,7.182,54333.75
2024-05-18 05:00:00+00:00,7.183,7.195,7.152,7.173,63608.42
2024-05-18 06:00:00+00:00,7.173,7.214,7.163,7.192,77453.05
2024-05-18 07:00:00+00:00,7.191,7.219,7.187,7.195,67775.28
2024-05-18 08:00:00+00:00,7.196,7.229,7.194,7.206,62359.44
2024-05-18 09:00:00+00:00,7.204,7.208,7.184,7.202,62668.79
2024-05-18 10:00:00+00:00,7.202,7.208,7.17,7.184,72630.5
2024-05-18 11:00:00+00:00,7.184,7.203,7.172,7.184,87277.04
2024-05-18 12:00:00+00:00,7.183,7.186,7.114,7.12,254664.19
2024-05-18 13:00:00+00:00,7.12,7.132,7.077,7.081,168231.91
2024-05-18 14:00:00+00:00,7.081,7.117,7.063,7.103,144208.15
2024-05-18 15:00:00+00:00,7.104,7.148,7.104,7.131,88178.88
2024-05-18 16:00:00+00:00,7.132,7.153,7.12,7.124,66174.25
2024-05-18 17:00:00+00:00,7.124,7.173,7.122,7.157,57149.28
2024-05-18 18:00:00+00:00,7.158,7.185,7.155,7.175,46245.89
2024-05-18 19:00:00+00:00,7.175,7.185,7.169,7.172,34191.04
2024-05-18 20:00:00+00:00,7.171,7.182,7.158,7.16,53952.65
2024-05-18 21:00:00+00:00,7.16,7.167,7.124,7.128,65741.09
2024-05-18 22:00:00+00:00,7.129,7.155,7.118,7.144,45123.44
2024-05-18 23:00:00+00:00,7.145,7.164,7.139,7.157,31386.29
2024-05-19 00:00:00+00:00,7.157,7.161,7.118,7.125,54494.86
2024-05-19 01:00:00+00:00,7.126,7.148,7.123,7.132,32492.62
2024-05-19 02:00:00+00:00,7.132,7.16,7.13,7.159,35196.93
2024-05-19 03:00:00+00:00,7.158,7.18,7.14,7.152,51790.46
2024-05-19 04:00:00+00:00,7.153,7.155,7.112,7.131,37201.0
2024-05-19 05:00:00+00:00,7.13,7.135,7.112,7.114,25267.01
2024-05-19 06:00:00+00:00,7.113,7.118,7.074,7.085,57344.95
2024-05-19 07:00:00+00:00,7.085,7.111,7.074,7.108,39604.82
2024-05-19 08:00:00+00:00,7.108,7.116,7.07,7.076,62572.3
2024-05-19 09:00:00+00:00,7.077,7.083,7.056,7.08,53311.76
2024-05-19 10:00:00+00:00,7.081,7.123,7.073,7.112,107064.1
2024-05-19 11:00:00+00:00,7.113,7.117,7.045,7.104,152073.16
2024-05-19 12:00:00+00:00,7.104,7.105,7.005,7.019,155406.94
2024-05-19 13:00:00+00:00,7.017,7.034,6.959,7.012,137984.69
2024-05-19 14:00:00+00:00,7.012,7.035,6.999,7.017,90186.4
2024-05-19 15:00:00+00:00,7.016,7.04,6.984,7.029,110284.77
2024-05-19 16:00:00+00:00,7.029,7.037,6.955,6.968,109950.38
2024-05-19 17:00:00+00:00,6.969,7.009,6.957,6.989,59515.73
2024-05-19 18:00:00+00:00,6.986,6.992,6.923,6.928,79781.52
2024-05-19 19:00:00+00:00,6.928,6.981,6.914,6.93,146861.77
2024-05-19 20:00:00+00:00,6.929,6.96,6.92,6.959,89094.29
2024-05-19 21:00:00+00:00,6.957,6.971,6.889,6.945,98742.99
2024-05-19 22:00:00+00:00,6.945,6.969,6.937,6.959,47658.39
2024-05-19 23:00:00+00:00,6.96,6.962,6.926,6.931,40700.77
2024-05-20 00:00:00+00:00,6.93,6.962,6.911,6.935,57417.31
2024-05-20 01:00:00+00:00,6.937,6.95,6.851,6.924,107127.85
2024-05-20 02:00:00+00:00,6.924,6.965,6.918,6.961,54741.58
2024-05-20 03:00:00+00:00,6.962,6.972,6.942,6.946,55756.78
2024-05-20 04:00:00+00:00,6.947,7.04,6.944,7.017,105130.8
2024-05-20 05:00:00+00:00,7.018,7.071,7.017,7.054,119488.96
2024-05-20 06:00:00+00:00,7.055,7.057,6.878,6.904,127993.45
2024-05-20 07:00:00+00:00,6.904,7.017,6.889,7.001,103405.31
2024-05-20 08:00:00+00:00,7.0,7.051,7.0,7.047,72393.79
2024-05-20 09:00:00+00:00,7.048,7.063,7.005,7.005,83983.94
2024-05-20 10:00:00+00:00,7.005,7.058,6.996,7.044,96847.51
2024-05-20 11:00:00+00:00,7.045,7.069,7.003,7.015,106330.8
2024-05-20 12:00:00+00:00,7.015,7.018,6.971,6.976,75885.37
2024-05-20 13:00:00+00:00,6.977,7.029,6.971,7.019,97772.07
2024-05-20 14:00:00+00:00,7.017,7.025,6.951,6.998,139620.69
2024-05-20 15:00:00+00:00,6.998,7.055,6.985,7.05,136038.61
2024-05-20 16:00:00+00:00,7.05,7.149,7.034,7.119,203127.42
2024-05-20 17:00:00+00:00,7.119,7.155,7.092,7.144,131406.88
2024-05-20 18:00:00+00:00,7.144,7.194,7.128,7.166,128877.13
2024-05-20 19:00:00+00:00,7.166,7.45,7.146,7.412,978231.78
2024-05-20 20:00:00+00:00,7.411,7.456,7.323,7.416,613588.34
2024-05-20 21:00:00+00:00,7.416,7.539,7.358,7.533,529132.45
2024-05-20 22:00:00+00:00,7.532,7.578,7.506,7.521,426209.69
2024-05-20 23:00:00+00:00,7.522,7.584,7.504,7.575,277736.56
2024-05-21 00:00:00+00:00,7.574,7.66,7.566,7.573,326546.29
2024-05-21 01:00:00+00:00,7.574,7.588,7.465,7.541,405849.27
2024-05-21 02:00:00+00:00,7.541,7.548,7.48,7.483,163210.2
2024-05-21 03:00:00+00:00,7.483,7.51,7.474,7.489,105084.29
2024-05-21 04:00:00+00:00,7.489,7.52,7.455,7.466,166494.36
2024-05-21 05:00:00+00:00,7.466,7.52,7.428,7.498,202335.51
2024-05-21 06:00:00+00:00,7.497,7.547,7.482,7.535,222945.38
2024-05-21 07:00:00+00:00,7.535,7.555,7.502,7.546,119697.3
2024-05-21 08:00:00+00:00,7.545,7.578,7.517,7.577,162793.5
2024-05-21 09:00:00+00:00,7.577,7.591,7.527,7.561,126213.3
2024-05-21 10:00:00+00:00,7.561,7.574,7.52,7.54,167110.07
2024-05-21 11:00:00+00:00,7.54,7.6,7.528,7.582,282190.8
2024-05-21 12:00:00+00:00,7.582,7.592,7.523,7.541,252209.74
2024-05-21 13:00:00+00:00,7.539,7.671,7.497,7.578,468302.31
2024-05-21 14:00:00+00:00,7.579,7.649,7.575,7.598,322902.21
2024-05-21 15:00:00+00:00,7.597,7.654,7.508,7.529,274659.05
2024-05-21 16:00:00+00:00,7.529,7.624,7.496,7.588,304975.88
2024-05-21 17:00:00+00:00,7.589,7.636,7.567,7.621,180205.52
2024-05-21 18:00:00+00:00,7.62,7.658,7.573,7.597,95867.29
2024-05-21 19:00:00+00:00,7.595,7.607,7.486,7.533,211898.69
2024-05-21 20:00:00+00:00,7.536,7.618,7.529,7.586,133449.15
2024-05-21 21:00:00+00:00,7.585,7.593,7.531,7.57,91248.64
2024-05-21 22:00:00+00:00,7.565,7.635,7.564,7.63,105642.73
2024-05-21 23:00:00+00:00,7.631,7.631,7.599,7.61,65979.19
2024-05-22 00:00:00+00:00,7.609,7.701,7.608,7.634,350728.54
2024-05-22 01:00:00+00:00,7.635,7.699,7.626,7.646,113784.37
2024-05-22 02:00:00+00:00,7.649,7.659,7.596,7.613,110463.93
2024-05-22 03:00:00+00:00,7.613,7.618,7.565,7.611,163977.28
2024-05-22 04:00:00+00:00,7.61,7.616,7.46,7.532,224580.57
2024-05-22 05:00:00+00:00,7.534,7.575,7.506,7.574,124013.18
2024-05-22 06:00:00+00:00,7.574,7.628,7.568,7.624,114376.24
2024-05-22 07:00:00+00:00,7.623,7.661,7.61,7.643,145450.11
2024-05-22 08:00:00+00:00,7.64,7.685,7.597,7.609,221625.11
2024-05-22 09:00:00+00:00,7.609,7.617,7.544,7.554,181250.01
2024-05-22 10:00:00+00:00,7.555,7.625,7.537,7.622,123896.68
2024-05-22 11:00:00+00:00,7.621,7.64,7.568,7.569,239121.71
2024-05-22 12:00:00+00:00,7.567,7.629,7.423,7.434,277898.35
2024-05-22 13:00:00+00:00,7.432,7.538,7.431,7.537,177653.34
2024-05-22 14:00:00+00:00,7.538,7.607,7.506,7.585,217887.04
2024-05-22 15:00:00+00:00,7.584,7.655,7.523,7.607,175558.41
2024-05-22 16:00:00+00:00,7.607,7.612,7.528,7.567,193454.73
2024-05-22 17:00:00+00:00,7.567,7.629,7.528,7.542,119704.07
2024-05-22 18:00:00+00:00,7.541,7.553,7.433,7.493,225078.53
2024-05-22 19:00:00+00:00,7.493,7.495,7.436,7.446,240183.84
2024-05-22 20:00:00+00:00,7.446,7.508,7.396,7.436,248842.8
2024-05-22 21:00:00+00:00,7.436,7.479,7.38,7.479,191284.04
2024-05-22 22:00:00+00:00,7.478,7.498,7.436,7.454,82822.74
2024-05-22 23:00:00+00:00,7.454,7.467,7.441,7.467,46425.36
2024-05-23 00:00:00+00:00,7.466,7.559,7.465,7.532,136523.32
2024-05-23 01:00:00+00:00,7.533,7.556,7.476,7.525,70265.61
2024-05-23 02:00:00+00:00,7.525,7.555,7.51,7.539,49302.49
2024-05-23 03:00:00+00:00,7.54,7.591,7.526,7.584,45518.76
2024-05-23 04:00:00+00:00,7.585,7.604,7.558,7.59,103060.02
2024-05-23 05:00:00+00:00,7.587,7.589,7.521,7.537,68839.2
2024-05-23 06:00:00+00:00,7.531,7.587,7.517,7.562,51338.12
2024-05-23 07:00:00+00:00,7.562,7.603,7.536,7.587,93157.09
2024-05-23 08:00:00+00:00,7.586,7.59,7.548,7.549,84398.24
2024-05-23 09:00:00+00:00,7.547,7.584,7.497,7.501,220857.26
2024-05-23 10:00:00+00:00,7.5,7.507,7.409,7.419,595127.61
2024-05-23 11:00:00+00:00,7.42,7.514,7.418,7.508,233591.18
2024-05-23 12:00:00+00:00,7.506,7.542,7.323,7.385,469453.23
2024-05-23 13:00:00+00:00,7.385,7.45,7.177,7.254,957345.65
2024-05-23 14:00:00+00:00,7.254,7.309,7.174,7.192,509115.74
2024-05-23 15:00:00+00:00,7.192,7.279,7.181,7.206,237190.18
2024-05-23 16:00:00+00:00,7.205,7.212,7.113,7.141,440620.11
2024-05-23 17:00:00+00:00,7.14,7.17,7.113,7.121,109010.76
2024-05-23 18:00:00+00:00,7.12,7.133,7.01,7.12,625421.19
2024-05-23 19:00:00+00:00,7.12,7.154,7.067,7.13,460403.24
2024-05-23 20:00:00+00:00,7.132,7.158,6.895,7.149,1033558.62
2024-05-23 21:00:00+00:00,7.146,7.249,7.084,7.239,1239536.74
2024-05-23 22:00:00+00:00,7.239,7.255,7.18,7.208,124830.37
2024-05-23 23:00:00+00:00,7.208,7.217,7.168,7.2,87245.93
2024-05-24 00:00:00+00:00,7.199,7.315,7.179,7.294,154064.75
2024-05-24 01:00:00+00:00,7.294,7.294,7.235,7.266,79757.08
2024-05-24 02:00:00+00:00,7.266,7.278,7.205,7.262,90066.26
2024-05-24 03:00:00+00:00,7.263,7.291,7.246,7.259,90705.35
2024-05-24 04:00:00+00:00,7.258,7.274,7.233,7.245,85979.17
2024-05-24 05:00:00+00:00,7.244,7.247,7.102,7.12,561548.88
2024-05-24 06:00:00+00:00,7.118,7.165,7.052,7.054,172800.98
2024-05-24 07:00:00+00:00,7.053,7.119,7.017,7.111,196252.1
2024-05-24 08:00:00+00:00,7.112,7.142,7.03,7.139,340008.65
2024-05-24 09:00:00+00:00,7.14,7.172,7.117,7.154,90747.59
2024-05-24 10:00:00+00:00,7.152,7.192,7.146,7.158,73770.25
2024-05-24 11:00:00+00:00,7.159,7.221,7.154,7.217,70734.86
2024-05-24 12:00:00+00:00,7.217,7.279,7.202,7.264,134344.74
2024-05-24 13:00:00+00:00,7.264,7.289,7.224,7.232,92223.14
2024-05-24 14:00:00+00:00,7.233,7.336,7.224,7.328,190939.86
2024-05-24 15:00:00+00:00,7.328,7.386,7.247,7.26,394497.65
2024-05-24 16:00:00+00:00,7.261,7.261,7.182,7.187,142803.93
2024-05-24 17:00:00+00:00,7.187,7.264,7.185,7.26,120860.66
2024-05-24 18:00:00+00:00,7.261,7.316,7.233,7.251,177168.8
2024-05-24 19:00:00+00:00,7.251,7.286,7.238,7.265,61272.21
2024-05-24 20:00:00+00:00,7.266,7.292,7.221,7.225,308251.12
2024-05-24 21:00:00+00:00,7.224,7.271,7.211,7.261,126519.29
2024-05-24 22:00:00+00:00,7.262,7.265,7.228,7.234,46507.08
2024-05-24 23:00:00+00:00,7.233,7.253,7.225,7.244,26158.64
2024-05-25 00:00:00+00:00,7.244,7.26,7.22,7.232,49967.76
2024-05-25 01:00:00+00:00,7.233,7.292,7.232,7.28,60572.58
2024-05-25 02:00:00+00:00,7.279,7.294,7.261,7.278,72601.26
2024-05-25 03:00:00+00:00,7.279,7.312,7.271,7.307,91011.28
2024-05-25 04:00:00+00:00,7.307,7.329,7.294,7.317,73667.74
2024-05-25 05:00:00+00:00,7.318,7.329,7.3,7.301,61184.2
2024-05-25 06:00:00+00:00,7.3,7.307,7.263,7.288,79382.26
2024-05-25 07:00:00+00:00,7.287,7.302,7.274,7.297,59640.38
2024-05-25 08:00:00+00:00,7.298,7.302,7.27,7.274,58382.71
2024-05-25 09:00:00+00:00,7.273,7.309,7.271,7.307,62456.44
2024-05-25 10:00:00+00:00,7.309,7.33,7.296,7.33,69499.1
2024-05-25 11:00:00+00:00,7.329,7.341,7.294,7.304,82521.22
2024-05-25 12:00:00+00:00,7.302,7.315,7.276,7.294,76662.01
2024-05-25 13:00:00+00:00,7.293,7.317,7.263,7.273,86512.83
2024-05-25 14:00:00+00:00,7.272,7.311,7.262,7.308,68807.99
2024-05-25 15:00:00+00:00,7.308,7.35,7.307,7.331,97773.62
2024-05-25 16:00:00+00:00,7.33,7.365,7.328,7.349,117071.3
2024-05-25 17:00:00+00:00,7.349,7.356,7.331,7.349,37224.98
2024-05-25 18:00:00+00:00,7.348,7.4,7.346,7.375,262022.1
2024-05-25 19:00:00+00:00,7.376,7.383,7.36,7.366,89502.28
2024-05-25 20:00:00+00:00,7.365,7.377,7.339,7.341,98381.89
2024-05-25 21:00:00+00:00,7.342,7.367,7.337,7.355,66265.71
2024-05-25 22:00:00+00:00,7.355,7.388,7.34,7.386,76202.25
2024-05-25 23:00:00+00:00,7.386,7.438,7.386,7.425,119148.38
2024-05-26 00:00:00+00:00,7.426,7.492,7.413,7.472,213575.26
2024-05-26 01:00:00+00:00,7.473,7.519,7.473,7.486,106707.92
2024-05-26 02:00:00+00:00,7.487,7.494,7.416,7.435,122363.92
2024-05-26 03:00:00+00:00,7.434,7.48,7.409,7.477,87368.51
2024-05-26 04:00:00+00:00,7.474,7.475,7.397,7.41,49815.11
2024-05-26 05:00:00+00:00,7.409,7.432,7.408,7.412,34747.01
2024-05-26 06:00:00+00:00,7.412,7.42,7.384,7.4,43270.11
2024-05-26 07:00:00+00:00,7.4,7.46,7.391,7.438,83337.64
2024-05-26 08:00:00+00:00,7.437,7.491,7.419,7.434,123099.11
2024-05-26 09:00:00+00:00,7.434,7.45,7.367,7.389,82083.35
2024-05-26 10:00:00+00:00,7.389,7.463,7.388,7.461,60842.42
2024-05-26 11:00:00+00:00,7.462,7.466,7.431,7.447,93757.93
2024-05-26 12:00:00+00:00,7.447,7.479,7.42,7.465,92474.24
2024-05-26 13:00:00+00:00,7.464,7.5,7.441,7.499,120995.18
2024-05-26 14:00:00+00:00,7.5,7.596,7.489,7.585,412383.64
2024-05-26 15:00:00+00:00,7.587,7.64,7.513,7.582,346189.48
2024-05-26 16:00:00+00:00,7.582,7.627,7.535,7.541,213218.03
2024-05-26 17:00:00+00:00,7.542,7.549,7.514,7.516,115944.31
2024-05-26 18:00:00+00:00,7.516,7.538,7.492,7.51,119734.16
2024-05-26 19:00:00+00:00,7.512,7.571,7.511,7.547,117823.73
2024-05-26 20:00:00+00:00,7.548,7.574,7.537,7.551,47648.58
2024-05-26 21:00:00+00:00,7.55,7.559,7.473,7.558,85594.5
2024-05-26 22:00:00+00:00,7.56,7.587,7.543,7.575,75404.88
2024-05-26 23:00:00+00:00,7.576,7.593,7.533,7.557,79185.37
2024-05-27 00:00:00+00:00,7.556,7.566,7.501,7.54,113395.39
2024-05-27 01:00:00+00:00,7.54,7.577,7.495,7.534,78431.87
2024-05-27 02:00:00+00:00,7.535,7.541,7.483,7.488,112790.27
2024-05-27 03:00:00+00:00,7.489,7.504,7.477,7.491,56159.08
2024-05-27 04:00:00+00:00,7.49,7.503,7.469,7.47,83661.11
2024-05-27 05:00:00+00:00,7.47,7.473,7.404,7.425,105341.94
2024-05-27 06:00:00+00:00,7.425,7.425,7.388,7.392,72845.51
2024-05-27 07:00:00+00:00,7.392,7.421,7.38,7.411,105465.35
2024-05-27 08:00:00+00:00,7.413,7.46,7.411,7.441,218088.77
2024-05-27 09:00:00+00:00,7.441,7.471,7.418,7.456,94528.69
2024-05-27 10:00:00+00:00,7.454,7.492,7.44,7.483,111939.27
2024-05-27 11:00:00+00:00,7.481,7.489,7.443,7.482,89222.83
2024-05-27 12:00:00+00:00,7.482,7.493,7.456,7.466,103784.77
2024-05-27 13:00:00+00:00,7.467,7.518,7.466,7.51,93202.98
2024-05-27 14:00:00+00:00,7.508,7.526,7.476,7.526,122501.97
2024-05-27 15:00:00+00:00,7.527,7.738,7.522,7.725,472396.51
2024-05-27 16:00:00+00:00,7.725,7.775,7.674,7.714,476569.37
2024-05-27 17:00:00+00:00,7.714,7.735,7.661,7.681,169761.63
2024-05-27 18:00:00+00:00,7.681,7.697,7.628,7.628,154048.68
2024-05-27 19:00:00+00:00,7.629,7.674,7.511,7.554,306817.55
2024-05-27 20:00:00+00:00,7.554,7.679,7.545,7.67,149651.24
2024-05-27 21:00:00+00:00,7.672,7.682,7.624,7.642,94946.48
2024-05-27 22:00:00+00:00,7.643,7.643,7.604,7.605,86552.5
2024-05-27 23:00:00+00:00,7.605,7.642,7.594,7.64,139523.2
2024-05-28 00:00:00+00:00,7.64,7.657,7.577,7.601,156726.45
2024-05-28 01:00:00+00:00,7.593,7.667,7.523,7.548,258814.21
2024-05-28 02:00:00+00:00,7.54,7.591,7.482,7.58,372857.99
2024-05-28 03:00:00+00:00,7.58,7.597,7.507,7.536,245526.94
2024-05-28 04:00:00+00:00,7.535,7.542,7.375,7.399,389244.65
2024-05-28 05:00:00+00:00,7.399,7.444,7.371,7.421,201442.61
2024-05-28 06:00:00+00:00,7.421,7.426,7.36,7.396,153683.01
2024-05-28 07:00:00+00:00,7.396,7.405,7.317,7.334,211695.33
2024-05-28 08:00:00+00:00,7.334,7.416,7.322,7.412,272984.99
2024-05-28 09:00:00+00:00,7.412,7.44,7.379,7.427,145760.25
2024-05-28 10:00:00+00:00,7.426,7.484,7.414,7.431,200226.44
2024-05-28 11:00:00+00:00,7.431,7.463,7.38,7.394,448124.07
2024-05-28 12:00:00+00:00,7.395,7.408,7.356,7.364,149498.4
2024-05-28 13:00:00+00:00,7.366,7.413,7.288,7.32,269339.62
2024-05-28 14:00:00+00:00,7.322,7.365,7.277,7.318,228933.33
2024-05-28 15:00:00+00:00,7.318,7.392,7.278,7.391,221612.06
2024-05-28 16:00:00+00:00,7.39,7.405,7.325,7.349,146358.08
2024-05-28 17:00:00+00:00,7.349,7.407,7.34,7.378,113266.6
2024-05-28 18:00:00+00:00,7.378,7.421,7.304,7.355,191808.86
2024-05-28 19:00:00+00:00,7.355,7.439,7.348,7.429,96368.37
2024-05-28 20:00:00+00:00,7.431,7.492,7.397,7.403,153280.59
2024-05-28 21:00:00+00:00,7.402,7.415,7.38,7.404,160262.98
2024-05-28 22:00:00+00:00,7.404,7.42,7.368,7.369,78159.37
2024-05-28 23:00:00+00:00,7.368,7.386,7.347,7.37,69030.41
2024-05-29 00:00:00+00:00,7.371,7.39,7.33,7.343,46407.91
2024-05-29 01:00:00+00:00,7.343,7.374,7.303,7.34,91778.96
2024-05-29 02:00:00+00:00,7.339,7.379,7.308,7.353,83406.1
2024-05-29 03:00:00+00:00,7.354,7.409,7.354,7.387,105630.13
2024-05-29 04:00:00+00:00,7.387,7.438,7.381,7.416,111988.56
2024-05-29 05:00:00+00:00,7.417,7.441,7.394,7.428,116232.98
2024-05-29 06:00:00+00:00,7.428,7.562,7.427,7.471,454360.04
2024-05-29 07:00:00+00:00,7.47,7.5,7.404,7.408,154210.5
2024-05-29 08:00:00+00:00,7.408,7.438,7.322,7.426,371512.52
2024-05-29 09:00:00+00:00,7.426,7.484,7.402,7.413,234781.41
2024-05-29 10:00:00+00:00,7.412,7.483,7.4,7.469,185998.21
2024-05-29 11:00:00+00:00,7.469,7.484,7.366,7.376,292870.26
2024-05-29 12:00:00+00:00,7.376,7.413,7.321,7.352,204267.28
2024-05-29 13:00:00+00:00,7.351,7.397,7.28,7.312,279874.91
2024-05-29 14:00:00+00:00,7.311,7.321,7.238,7.256,197355.31
2024-05-29 15:00:00+00:00,7.256,7.297,7.212,7.227,243439.4
2024-05-29 16:00:00+00:00,7.227,7.255,7.18,7.251,314241.33
2024-05-29 17:00:00+00:00,7.25,7.277,7.203,7.249,81971.86
2024-05-29 18:00:00+00:00,7.248,7.252,7.19,7.214,86071.28
2024-05-29 19:00:00+00:00,7.214,7.235,7.18,7.183,93711.39
2024-05-29 20:00:00+00:00,7.184,7.196,7.159,7.178,190830.83
2024-05-29 21:00:00+00:00,7.177,7.215,7.145,7.194,110466.93
2024-05-29 22:00:00+00:00,7.194,7.208,7.169,7.178,83081.23
2024-05-29 23:00:00+00:00,7.177,7.206,7.17,7.178,86935.24
2024-05-30 00:00:00+00:00,7.178,7.216,7.148,7.159,127557.52
2024-05-30 01:00:00+00:00,7.159,7.21,7.145,7.197,70921.8
2024-05-30 02:00:00+00:00,7.196,7.236,7.189,7.201,77030.26
2024-05-30 03:00:00+00:00,7.2,7.243,7.198,7.227,68654.91
2024-05-30 04:00:00+00:00,7.228,7.233,7.17,7.174,125845.81
2024-05-30 05:00:00+00:00,7.175,7.178,7.138,7.139,234655.73
2024-05-30 06:00:00+00:00,7.139,7.143,7.029,7.038,419927.61
2024-05-30 07:00:00+00:00,7.039,7.057,6.948,6.971,437426.36
2024-05-30 08:00:00+00:00,6.971,7.055,6.923,7.046,352575.46
2024-05-30 09:00:00+00:00,7.045,7.05,6.998,7.03,122835.41
2024-05-30 10:00:00+00:00,7.03,7.067,7.0,7.057,112456.76
2024-05-30 11:00:00+00:00,7.057,7.079,7.038,7.046,136032.38
2024-05-30 12:00:00+00:00,7.045,7.091,7.025,7.079,169639.91
2024-05-30 13:00:00+00:00,7.078,7.107,7.058,7.094,158890.92
2024-05-30 14:00:00+00:00,7.095,7.113,7.05,7.055,123370.16
2024-05-30 15:00:00+00:00,7.055,7.079,7.028,7.071,120203.45
2024-05-30 16:00:00+00:00,7.07,7.089,7.038,7.057,92721.9
2024-05-30 17:00:00+00:00,7.058,7.142,7.053,7.117,273636.97
2024-05-30 18:00:00+00:00,7.117,7.129,7.067,7.096,122817.64
2024-05-30 19:00:00+00:00,7.097,7.111,7.031,7.058,422332.12
2024-05-30 20:00:00+00:00,7.055,7.055,6.971,7.01,225550.92
2024-05-30 21:00:00+00:00,7.01,7.027,6.981,7.025,121892.49
2024-05-30 22:00:00+00:00,7.025,7.025,7.0,7.004,49144.17
2024-05-30 23:00:00+00:00,7.003,7.024,6.994,6.998,44954.84
2024-05-31 00:00:00+00:00,6.997,6.999,6.954,6.985,73145.26
2024-05-31 01:00:00+00:00,6.985,7.014,6.955,6.973,81455.4
2024-05-31 02:00:00+00:00,6.973,7.017,6.966,6.989,50436.06
2024-05-31 03:00:00+00:00,6.989,7.015,6.983,7.004,53801.95
2024-05-31 04:00:00+00:00,7.004,7.013,6.986,6.993,76181.53
2024-05-31 05:00:00+00:00,6.993,6.994,6.917,6.979,136400.52
2024-05-31 06:00:00+00:00,6.979,7.003,6.958,6.977,63256.93
2024-05-31 07:00:00+00:00,6.977,7.017,6.977,6.992,69407.49
2024-05-31 08:00:00+00:00,6.993,7.015,6.987,7.0,49459.26
2024-05-31 09:00:00+00:00,7.0,7.001,6.964,6.983,56914.37
2024-05-31 10:00:00+00:00,6.985,7.02,6.967,6.979,58663.84
2024-05-31 11:00:00+00:00,6.979,7.003,6.967,6.994,75269.89
2024-05-31 12:00:00+00:00,6.994,7.054,6.985,7.028,169881.03
2024-05-31 13:00:00+00:00,7.027,7.046,6.964,6.974,137628.16
2024-05-31 14:00:00+00:00,6.972,6.972,6.913,6.95,216634.2
2024-05-31 15:00:00+00:00,6.95,6.962,6.858,6.861,181413.12
2024-05-31 16:00:00+00:00,6.86,6.92,6.803,6.912,351213.31
2024-05-31 17:00:00+00:00,6.911,6.956,6.903,6.955,81812.16
2024-05-31 18:00:00+00:00,6.955,6.972,6.934,6.962,94720.15
2024-05-31 19:00:00+00:00,6.962,7.004,6.953,6.991,74110.06
2024-05-31 20:00:00+00:00,6.992,7.0,6.962,6.992,61623.01
2024-05-31 21:00:00+00:00,6.992,7.015,6.985,7.001,81607.4
2024-05-31 22:00:00+00:00,7.001,7.008,6.984,6.991,104739.47
2024-05-31 23:00:00+00:00,6.991,7.011,6.951,6.984,78292.09
2024-06-01 00:00:00+00:00,6.984,7.001,6.968,6.986,38514.65
2024-06-01 01:00:00+00:00,6.986,6.994,6.959,6.969,43986.19
2024-06-01 02:00:00+00:00,6.969,6.986,6.959,6.978,25550.95
2024-06-01 03:00:00+00:00,6.979,7.006,6.972,6.999,38788.58
2024-06-01 04:00:00+00:00,6.997,7.03,6.993,7.024,39401.78
2024-06-01 05:00:00+00:00,7.025,7.044,7.008,7.029,42532.8
2024-06-01 06:00:00+00:00,7.03,7.047,7.023,7.044,39092.57
2024-06-01 07:00:00+00:00,7.044,7.045,7.005,7.014,68369.08
2024-06-01 08:00:00+00:00,7.014,7.03,7.005,7.03,43471.78
2024-06-01 09:00:00+00:00,7.029,7.087,7.014,7.066,122222.28
2024-06-01 10:00:00+00:00,7.066,7.066,7.036,7.056,83046.34
2024-06-01 11:00:00+00:00,7.057,7.07,7.051,7.065,61368.38
2024-06-01 12:00:00+00:00,7.064,7.095,7.062,7.085,108517.68
2024-06-01 13:00:00+00:00,7.084,7.128,7.084,7.107,134880.78
2024-06-01 14:00:00+00:00,7.107,7.135,7.104,7.121,64970.53
2024-06-01 15:00:00+00:00,7.121,7.125,7.09,7.092,75851.69
2024-06-01 16:00:00+00:00,7.092,7.106,7.081,7.086,51495.94
2024-06-01 17:00:00+00:00,7.086,7.099,7.059,7.099,181278.58
2024-06-01 18:00:00+00:00,7.097,7.1,7.062,7.064,40292.55
2024-06-01 19:00:00+00:00,7.065,7.088,7.061,7.075,31306.91
2024-06-01 20:00:00+00:00,7.073,7.091,7.072,7.089,39981.63
2024-06-01 21:00:00+00:00,7.09,7.111,7.082,7.103,49882.3
2024-06-01 22:00:00+00:00,7.103,7.107,7.083,7.088,36295.48
2024-06-01 23:00:00+00:00,7.088,7.092,7.048,7.062,45428.19
