timestamp,open,high,low,close,volume
2025-05-18 16:00:00+00:00,2.966,2.986,2.957,2.968,556463.74
2025-05-18 17:00:00+00:00,2.968,2.968,2.877,2.881,446035.29
2025-05-18 18:00:00+00:00,2.881,2.884,2.815,2.839,415777.31
2025-05-18 19:00:00+00:00,2.838,2.855,2.78,2.782,293810.92
2025-05-18 20:00:00+00:00,2.781,2.814,2.724,2.81,687726.61
2025-05-18 21:00:00+00:00,2.81,2.858,2.81,2.832,195786.88
2025-05-18 22:00:00+00:00,2.833,2.87,2.802,2.869,282503.44
2025-05-18 23:00:00+00:00,2.867,2.923,2.848,2.911,339051.96
2025-05-19 00:00:00+00:00,2.912,2.932,2.841,2.846,408398.09
2025-05-19 01:00:00+00:00,2.845,2.86,2.824,2.826,222545.54
2025-05-19 02:00:00+00:00,2.825,2.831,2.801,2.808,190804.94
2025-05-19 03:00:00+00:00,2.807,2.809,2.769,2.779,203795.19
2025-05-19 04:00:00+00:00,2.781,2.802,2.733,2.747,501734.38
2025-05-19 05:00:00+00:00,2.747,2.77,2.733,2.763,344710.11
2025-05-19 06:00:00+00:00,2.763,2.792,2.73,2.733,271368.32
2025-05-19 07:00:00+00:00,2.732,2.807,2.73,2.787,531087.88
2025-05-19 08:00:00+00:00,2.787,2.809,2.771,2.788,190742.21
2025-05-19 09:00:00+00:00,2.786,2.803,2.762,2.777,299451.62
2025-05-19 10:00:00+00:00,2.776,2.785,2.751,2.773,442516.19
2025-05-19 11:00:00+00:00,2.773,2.777,2.763,2.77,69362.56
2025-05-19 12:00:00+00:00,2.77,2.773,2.734,2.747,207491.44
2025-05-19 13:00:00+00:00,2.746,2.8,2.746,2.786,254544.09
2025-05-19 14:00:00+00:00,2.787,2.828,2.78,2.82,422043.95
2025-05-19 15:00:00+00:00,2.819,2.848,2.818,2.838,197681.31
2025-05-19 16:00:00+00:00,2.839,2.883,2.816,2.879,248465.61
2025-05-19 17:00:00+00:00,2.879,2.909,2.877,2.9,202026.67
2025-05-19 18:00:00+00:00,2.9,2.911,2.852,2.864,235785.61
2025-05-19 19:00:00+00:00,2.865,2.891,2.857,2.884,311742.22
2025-05-19 20:00:00+00:00,2.884,2.889,2.862,2.869,248920.9
2025-05-19 21:00:00+00:00,2.869,2.87,2.842,2.862,236936.89
2025-05-19 22:00:00+00:00,2.861,2.861,2.837,2.844,116597.67
2025-05-19 23:00:00+00:00,2.844,2.865,2.842,2.859,90733.54
2025-05-20 00:00:00+00:00,2.86,2.889,2.846,2.85,156045.48
2025-05-20 01:00:00+00:00,2.849,2.898,2.845,2.888,92590.5
2025-05-20 02:00:00+00:00,2.888,2.925,2.885,2.889,450096.59
2025-05-20 03:00:00+00:00,2.89,2.893,2.865,2.877,158863.73
2025-05-20 04:00:00+00:00,2.878,2.884,2.858,2.881,129145.91
2025-05-20 05:00:00+00:00,2.882,2.897,2.875,2.882,115362.61
2025-05-20 06:00:00+00:00,2.882,2.889,2.858,2.866,97876.85
2025-05-20 07:00:00+00:00,2.866,2.87,2.836,2.846,212173.78
2025-05-20 08:00:00+00:00,2.846,2.852,2.825,2.842,189194.87
2025-05-20 09:00:00+00:00,2.841,2.853,2.829,2.839,151660.53
2025-05-20 10:00:00+00:00,2.84,2.851,2.809,2.821,175698.45
2025-05-20 11:00:00+00:00,2.82,2.824,2.793,2.814,113693.17
2025-05-20 12:00:00+00:00,2.814,2.814,2.78,2.799,171938.45
2025-05-20 13:00:00+00:00,2.8,2.806,2.777,2.789,203521.28
2025-05-20 14:00:00+00:00,2.789,2.811,2.783,2.799,194315.83
2025-05-20 15:00:00+00:00,2.799,2.829,2.798,2.82,111581.32
2025-05-20 16:00:00+00:00,2.82,2.828,2.793,2.797,179623.4
2025-05-20 17:00:00+00:00,2.798,2.834,2.796,2.824,92933.35
2025-05-20 18:00:00+00:00,2.824,2.83,2.762,2.769,202361.52
2025-05-20 19:00:00+00:00,2.768,2.844,2.765,2.83,128284.39
2025-05-20 20:00:00+00:00,2.831,2.863,2.822,2.856,231685.03
2025-05-20 21:00:00+00:00,2.857,2.875,2.844,2.857,189802.49
2025-05-20 22:00:00+00:00,2.857,2.864,2.826,2.855,152597.2
2025-05-20 23:00:00+00:00,2.856,2.88,2.847,2.864,176910.42
2025-05-21 00:00:00+00:00,2.864,2.879,2.848,2.85,213341.66
2025-05-21 01:00:00+00:00,2.851,2.874,2.836,2.839,129547.52
2025-05-21 02:00:00+00:00,2.839,2.859,2.814,2.858,144698.89
2025-05-21 03:00:00+00:00,2.858,2.894,2.858,2.881,256722.74
2025-05-21 04:00:00+00:00,2.881,2.901,2.868,2.882,358199.53
2025-05-21 05:00:00+00:00,2.882,2.908,2.879,2.895,185176.19
2025-05-21 06:00:00+00:00,2.897,2.917,2.882,2.897,219939.28
2025-05-21 07:00:00+00:00,2.898,2.902,2.853,2.859,309910.03
2025-05-21 08:00:00+00:00,2.86,2.874,2.849,2.851,137269.67
2025-05-21 09:00:00+00:00,2.851,2.855,2.837,2.85,105637.24
2025-05-21 10:00:00+00:00,2.85,2.864,2.844,2.862,88898.57
2025-05-21 11:00:00+00:00,2.863,2.895,2.861,2.88,184634.92
2025-05-21 12:00:00+00:00,2.881,2.894,2.869,2.874,99521.64
2025-05-21 13:00:00+00:00,2.875,2.904,2.857,2.888,262527.01
2025-05-21 14:00:00+00:00,2.889,2.919,2.871,2.919,270491.17
2025-05-21 15:00:00+00:00,2.92,2.932,2.899,2.914,457804.67
2025-05-21 16:00:00+00:00,2.915,3.002,2.913,2.962,552582.78
2025-05-21 17:00:00+00:00,2.963,2.975,2.825,2.852,1285736.64
2025-05-21 18:00:00+00:00,2.853,2.901,2.843,2.876,281274.58
2025-05-21 19:00:00+00:00,2.876,2.918,2.86,2.914,254535.26
2025-05-21 20:00:00+00:00,2.914,2.922,2.893,2.913,164380.19
2025-05-21 21:00:00+00:00,2.914,2.924,2.898,2.904,70728.05
2025-05-21 22:00:00+00:00,2.904,2.939,2.903,2.937,88298.74
2025-05-21 23:00:00+00:00,2.936,2.984,2.93,2.944,399987.3
2025-05-22 00:00:00+00:00,2.944,2.993,2.943,2.992,292497.23
2025-05-22 01:00:00+00:00,2.99,3.009,2.973,2.978,263284.06
2025-05-22 02:00:00+00:00,2.978,2.998,2.975,2.991,174322.36
2025-05-22 03:00:00+00:00,2.991,3.029,2.978,3.014,410792.12
2025-05-22 04:00:00+00:00,3.015,3.029,3.008,3.02,273463.77
2025-05-22 05:00:00+00:00,3.02,3.036,3.0,3.002,400818.91
2025-05-22 06:00:00+00:00,3.003,3.015,2.994,2.998,217138.81
2025-05-22 07:00:00+00:00,2.997,3.019,2.99,3.019,199558.69
2025-05-22 08:00:00+00:00,3.019,3.056,3.015,3.047,287190.2
2025-05-22 09:00:00+00:00,3.047,3.078,3.041,3.059,386275.72
2025-05-22 10:00:00+00:00,3.059,3.063,3.036,3.042,129385.01
2025-05-22 11:00:00+00:00,3.042,3.05,3.024,3.038,334289.73
2025-05-22 12:00:00+00:00,3.04,3.051,3.021,3.033,159730.09
2025-05-22 13:00:00+00:00,3.033,3.038,3.006,3.012,538182.49
2025-05-22 14:00:00+00:00,3.012,3.063,3.01,3.059,514532.13
2025-05-22 15:00:00+00:00,3.06,3.096,3.055,3.068,379280.85
2025-05-22 16:00:00+00:00,3.069,3.086,3.049,3.056,272019.11
2025-05-22 17:00:00+00:00,3.057,3.075,3.048,3.058,269705.97
2025-05-22 18:00:00+00:00,3.057,3.072,3.045,3.064,107818.31
2025-05-22 19:00:00+00:00,3.064,3.072,3.043,3.056,136209.57
2025-05-22 20:00:00+00:00,3.057,3.078,3.052,3.062,131484.94
2025-05-22 21:00:00+00:00,3.061,3.063,3.038,3.053,163108.89
2025-05-22 22:00:00+00:00,3.054,3.084,3.054,3.067,114497.29
2025-05-22 23:00:00+00:00,3.067,3.092,3.067,3.085,153244.94
2025-05-23 00:00:00+00:00,3.086,3.097,3.07,3.083,290174.85
2025-05-23 01:00:00+00:00,3.083,3.109,3.067,3.096,208424.39
2025-05-23 02:00:00+00:00,3.095,3.158,3.092,3.133,708018.6
2025-05-23 03:00:00+00:00,3.132,3.143,3.12,3.133,310429.71
2025-05-23 04:00:00+00:00,3.133,3.139,3.078,3.1,473175.79
2025-05-23 05:00:00+00:00,3.1,3.104,3.069,3.092,145021.47
2025-05-23 06:00:00+00:00,3.092,3.093,3.03,3.044,235251.88
2025-05-23 07:00:00+00:00,3.044,3.065,3.034,3.042,123065.42
2025-05-23 08:00:00+00:00,3.042,3.072,3.039,3.065,180546.08
2025-05-23 09:00:00+00:00,3.064,3.104,3.061,3.101,127857.28
2025-05-23 10:00:00+00:00,3.101,3.101,3.067,3.084,110263.62
2025-05-23 11:00:00+00:00,3.084,3.085,2.932,2.95,1285919.45
2025-05-23 12:00:00+00:00,2.951,2.954,2.866,2.94,1927319.82
2025-05-23 13:00:00+00:00,2.941,3.0,2.926,2.996,685870.2
2025-05-23 14:00:00+00:00,2.997,3.016,2.978,2.997,267140.38
2025-05-23 15:00:00+00:00,2.998,3.005,2.953,2.953,239416.86
2025-05-23 16:00:00+00:00,2.955,2.974,2.935,2.971,299539.54
2025-05-23 17:00:00+00:00,2.971,2.984,2.963,2.97,146614.98
2025-05-23 18:00:00+00:00,2.97,2.978,2.94,2.947,402487.97
2025-05-23 19:00:00+00:00,2.946,2.96,2.931,2.935,85484.27
2025-05-23 20:00:00+00:00,2.936,2.936,2.9,2.905,123749.38
2025-05-23 21:00:00+00:00,2.905,2.92,2.888,2.898,137119.2
2025-05-23 22:00:00+00:00,2.899,2.914,2.878,2.879,104237.24
2025-05-23 23:00:00+00:00,2.878,2.887,2.827,2.845,487932.32
2025-05-24 00:00:00+00:00,2.845,2.875,2.828,2.85,229970.19
2025-05-24 01:00:00+00:00,2.85,2.871,2.845,2.847,225547.77
2025-05-24 02:00:00+00:00,2.846,2.867,2.837,2.867,188538.71
2025-05-24 03:00:00+00:00,2.867,2.887,2.863,2.874,157459.0
2025-05-24 04:00:00+00:00,2.874,2.888,2.866,2.879,103787.1
2025-05-24 05:00:00+00:00,2.879,2.879,2.853,2.866,128230.76
2025-05-24 06:00:00+00:00,2.865,2.869,2.844,2.858,107839.86
2025-05-24 07:00:00+00:00,2.859,2.874,2.848,2.851,96546.18
2025-05-24 08:00:00+00:00,2.852,2.866,2.838,2.864,270034.76
2025-05-24 09:00:00+00:00,2.863,2.868,2.852,2.854,75801.07
2025-05-24 10:00:00+00:00,2.854,2.883,2.85,2.876,180549.93
2025-05-24 11:00:00+00:00,2.876,2.885,2.864,2.868,146060.13
2025-05-24 12:00:00+00:00,2.868,2.875,2.853,2.869,232657.75
2025-05-24 13:00:00+00:00,2.87,2.87,2.851,2.852,97124.99
2025-05-24 14:00:00+00:00,2.851,2.875,2.85,2.873,176139.24
2025-05-24 15:00:00+00:00,2.873,2.881,2.854,2.863,71755.59
2025-05-24 16:00:00+00:00,2.862,2.868,2.844,2.86,90598.2
2025-05-24 17:00:00+00:00,2.861,2.877,2.858,2.86,59659.63
2025-05-24 18:00:00+00:00,2.859,2.868,2.847,2.849,54207.75
2025-05-24 19:00:00+00:00,2.848,2.856,2.841,2.853,51784.59
2025-05-24 20:00:00+00:00,2.852,2.86,2.847,2.85,46932.16
2025-05-24 21:00:00+00:00,2.85,2.85,2.813,2.841,180825.62
2025-05-24 22:00:00+00:00,2.84,2.84,2.818,2.821,103122.95
2025-05-24 23:00:00+00:00,2.82,2.83,2.803,2.823,174049.74
2025-05-25 00:00:00+00:00,2.824,2.834,2.776,2.784,336231.14
2025-05-25 01:00:00+00:00,2.785,2.794,2.761,2.782,242696.64
2025-05-25 02:00:00+00:00,2.783,2.81,2.773,2.807,147431.32
2025-05-25 03:00:00+00:00,2.805,2.824,2.803,2.816,89707.9
2025-05-25 04:00:00+00:00,2.815,2.825,2.804,2.822,52096.69
2025-05-25 05:00:00+00:00,2.821,2.823,2.812,2.821,72358.23
2025-05-25 06:00:00+00:00,2.821,2.824,2.804,2.81,112269.1
2025-05-25 07:00:00+00:00,2.809,2.809,2.785,2.796,115845.54
2025-05-25 08:00:00+00:00,2.795,2.795,2.757,2.768,171095.97
2025-05-25 09:00:00+00:00,2.77,2.781,2.754,2.777,194666.2
2025-05-25 10:00:00+00:00,2.777,2.783,2.762,2.765,98370.48
2025-05-25 11:00:00+00:00,2.764,2.779,2.76,2.777,99900.35
2025-05-25 12:00:00+00:00,2.776,2.791,2.758,2.789,185402.28
2025-05-25 13:00:00+00:00,2.788,2.799,2.774,2.789,389250.83
2025-05-25 14:00:00+00:00,2.788,2.791,2.76,2.768,171085.25
2025-05-25 15:00:00+00:00,2.768,2.77,2.719,2.76,760155.4
2025-05-25 16:00:00+00:00,2.758,2.758,2.73,2.756,135055.6
2025-05-25 17:00:00+00:00,2.757,2.786,2.757,2.763,505426.47
2025-05-25 18:00:00+00:00,2.764,2.771,2.753,2.755,59214.69
2025-05-25 19:00:00+00:00,2.754,2.788,2.754,2.778,71598.89
2025-05-25 20:00:00+00:00,2.778,2.779,2.762,2.764,78780.75
2025-05-25 21:00:00+00:00,2.765,2.775,2.743,2.754,89359.62
2025-05-25 22:00:00+00:00,2.755,2.823,2.75,2.82,261921.02
2025-05-25 23:00:00+00:00,2.821,2.825,2.798,2.815,137607.37
2025-05-26 00:00:00+00:00,2.816,2.846,2.799,2.846,194271.54
2025-05-26 01:00:00+00:00,2.846,2.849,2.817,2.822,568603.4
2025-05-26 02:00:00+00:00,2.822,2.822,2.8,2.803,216499.68
2025-05-26 03:00:00+00:00,2.803,2.816,2.796,2.808,311003.23
2025-05-26 04:00:00+00:00,2.808,2.82,2.805,2.815,216912.8
2025-05-26 05:00:00+00:00,2.815,2.827,2.811,2.826,353716.08
2025-05-26 06:00:00+00:00,2.826,2.841,2.817,2.841,325902.26
2025-05-26 07:00:00+00:00,2.839,2.862,2.839,2.852,505967.63
2025-05-26 08:00:00+00:00,2.853,2.86,2.831,2.837,145677.2
2025-05-26 09:00:00+00:00,2.837,2.847,2.821,2.828,70193.06
2025-05-26 10:00:00+00:00,2.827,2.839,2.818,2.824,82779.66
2025-05-26 11:00:00+00:00,2.825,2.838,2.82,2.832,91950.75
2025-05-26 12:00:00+00:00,2.832,2.842,2.816,2.837,104397.91
2025-05-26 13:00:00+00:00,2.837,2.842,2.799,2.809,248159.13
2025-05-26 14:00:00+00:00,2.808,2.816,2.785,2.789,162224.51
2025-05-26 15:00:00+00:00,2.79,2.828,2.788,2.82,133197.34
2025-05-26 16:00:00+00:00,2.821,2.829,2.781,2.793,225509.27
2025-05-26 17:00:00+00:00,2.792,2.802,2.753,2.767,308347.4
2025-05-26 18:00:00+00:00,2.766,2.788,2.759,2.776,52656.99
2025-05-26 19:00:00+00:00,2.776,2.79,2.773,2.783,54535.55
2025-05-26 20:00:00+00:00,2.782,2.8,2.776,2.8,109954.52
2025-05-26 21:00:00+00:00,2.798,2.803,2.782,2.789,67137.48
2025-05-26 22:00:00+00:00,2.79,2.808,2.781,2.783,61296.0
2025-05-26 23:00:00+00:00,2.783,2.793,2.763,2.791,280822.62
2025-05-27 00:00:00+00:00,2.791,2.809,2.782,2.783,81801.41
2025-05-27 01:00:00+00:00,2.784,2.784,2.734,2.77,322214.16
2025-05-27 02:00:00+00:00,2.769,2.787,2.768,2.779,73083.17
2025-05-27 03:00:00+00:00,2.779,2.813,2.778,2.798,225315.87
2025-05-27 04:00:00+00:00,2.798,2.818,2.797,2.806,133027.36
2025-05-27 05:00:00+00:00,2.805,2.822,2.79,2.819,97441.85
2025-05-27 06:00:00+00:00,2.819,2.876,2.819,2.853,412680.54
2025-05-27 07:00:00+00:00,2.854,2.864,2.84,2.85,273956.5
2025-05-27 08:00:00+00:00,2.851,2.888,2.851,2.882,399133.08
2025-05-27 09:00:00+00:00,2.883,2.894,2.868,2.88,188718.74
2025-05-27 10:00:00+00:00,2.882,2.885,2.866,2.884,133210.97
2025-05-27 11:00:00+00:00,2.883,2.885,2.866,2.883,115628.1
2025-05-27 12:00:00+00:00,2.883,2.899,2.88,2.887,124162.9
2025-05-27 13:00:00+00:00,2.887,2.922,2.887,2.891,355865.79
2025-05-27 14:00:00+00:00,2.891,2.909,2.857,2.88,267560.15
2025-05-27 15:00:00+00:00,2.88,2.893,2.869,2.89,155947.8
2025-05-27 16:00:00+00:00,2.891,2.917,2.885,2.9,211619.08
2025-05-27 17:00:00+00:00,2.9,2.918,2.898,2.9,148709.32
2025-05-27 18:00:00+00:00,2.901,2.912,2.883,2.892,146915.75
2025-05-27 19:00:00+00:00,2.891,2.898,2.88,2.89,71089.07
2025-05-27 20:00:00+00:00,2.89,2.912,2.889,2.906,118004.27
2025-05-27 21:00:00+00:00,2.906,2.917,2.889,2.894,105003.97
2025-05-27 22:00:00+00:00,2.895,2.899,2.868,2.886,82179.72
2025-05-27 23:00:00+00:00,2.886,2.888,2.87,2.883,109352.37
2025-05-28 00:00:00+00:00,2.884,2.899,2.867,2.899,166089.85
2025-05-28 01:00:00+00:00,2.9,2.901,2.869,2.872,104632.83
2025-05-28 02:00:00+00:00,2.871,2.881,2.859,2.867,360500.75
2025-05-28 03:00:00+00:00,2.866,2.879,2.859,2.875,91735.79
2025-05-28 04:00:00+00:00,2.875,2.894,2.858,2.888,224047.25
2025-05-28 05:00:00+00:00,2.888,2.888,2.867,2.869,92235.94
2025-05-28 06:00:00+00:00,2.87,2.87,2.835,2.85,215212.04
2025-05-28 07:00:00+00:00,2.849,2.868,2.846,2.857,121183.51
2025-05-28 08:00:00+00:00,2.857,2.871,2.845,2.863,493150.85
2025-05-28 09:00:00+00:00,2.864,2.865,2.83,2.838,256628.23
2025-05-28 10:00:00+00:00,2.837,2.857,2.821,2.856,250786.79
2025-05-28 11:00:00+00:00,2.856,2.886,2.856,2.882,227031.23
2025-05-28 12:00:00+00:00,2.883,2.909,2.869,2.888,466894.64
2025-05-28 13:00:00+00:00,2.888,2.895,2.846,2.855,449586.9
2025-05-28 14:00:00+00:00,2.854,2.859,2.825,2.827,510577.53
2025-05-28 15:00:00+00:00,2.826,2.84,2.804,2.818,292294.59
2025-05-28 16:00:00+00:00,2.82,2.834,2.815,2.828,134829.8
2025-05-28 17:00:00+00:00,2.829,2.85,2.813,2.822,102264.85
2025-05-28 18:00:00+00:00,2.821,2.829,2.787,2.788,177811.41
2025-05-28 19:00:00+00:00,2.788,2.81,2.76,2.763,244211.49
2025-05-28 20:00:00+00:00,2.762,2.789,2.757,2.788,144523.72
2025-05-28 21:00:00+00:00,2.787,2.806,2.778,2.805,105327.73
2025-05-28 22:00:00+00:00,2.804,2.808,2.789,2.806,57144.33
2025-05-28 23:00:00+00:00,2.806,2.868,2.806,2.862,261988.77
2025-05-29 00:00:00+00:00,2.862,2.906,2.856,2.904,253063.53
2025-05-29 01:00:00+00:00,2.905,2.909,2.873,2.893,345543.31
2025-05-29 02:00:00+00:00,2.894,2.947,2.88,2.946,290538.95
2025-05-29 03:00:00+00:00,2.948,2.949,2.908,2.911,282219.04
2025-05-29 04:00:00+00:00,2.912,2.919,2.853,2.879,240563.31
2025-05-29 05:00:00+00:00,2.879,2.88,2.858,2.863,175743.78
2025-05-29 06:00:00+00:00,2.863,2.881,2.863,2.868,141975.72
2025-05-29 07:00:00+00:00,2.869,2.872,2.853,2.864,100897.95
2025-05-29 08:00:00+00:00,2.865,2.873,2.846,2.867,149147.59
2025-05-29 09:00:00+00:00,2.866,2.869,2.851,2.859,100706.39
2025-05-29 10:00:00+00:00,2.861,2.865,2.849,2.862,91866.55
2025-05-29 11:00:00+00:00,2.861,2.87,2.851,2.869,103042.15
2025-05-29 12:00:00+00:00,2.868,2.868,2.83,2.842,196612.7
2025-05-29 13:00:00+00:00,2.843,2.854,2.809,2.819,211195.69
2025-05-29 14:00:00+00:00,2.818,2.833,2.783,2.83,285017.39
2025-05-29 15:00:00+00:00,2.83,2.839,2.811,2.816,111416.08
2025-05-29 16:00:00+00:00,2.815,2.828,2.783,2.783,138830.03
2025-05-29 17:00:00+00:00,2.782,2.803,2.774,2.789,181034.79
2025-05-29 18:00:00+00:00,2.79,2.806,2.774,2.777,135058.49
2025-05-29 19:00:00+00:00,2.777,2.79,2.748,2.761,224893.37
2025-05-29 20:00:00+00:00,2.761,2.775,2.757,2.767,150668.51
2025-05-29 21:00:00+00:00,2.767,2.797,2.766,2.796,87628.61
2025-05-29 22:00:00+00:00,2.797,2.799,2.778,2.778,63459.01
2025-05-29 23:00:00+00:00,2.777,2.79,2.751,2.765,123508.51
2025-05-30 00:00:00+00:00,2.764,2.782,2.569,2.618,4512278.44
2025-05-30 01:00:00+00:00,2.619,2.672,2.607,2.652,862513.28
2025-05-30 02:00:00+00:00,2.652,2.688,2.65,2.668,482442.15
2025-05-30 03:00:00+00:00,2.667,2.687,2.661,2.674,241502.06
2025-05-30 04:00:00+00:00,2.673,2.681,2.661,2.672,132248.92
2025-05-30 05:00:00+00:00,2.672,2.684,2.658,2.671,130276.5
2025-05-30 06:00:00+00:00,2.67,2.67,2.626,2.638,336203.5
2025-05-30 07:00:00+00:00,2.64,2.668,2.64,2.651,458404.59
2025-05-30 08:00:00+00:00,2.651,2.663,2.634,2.643,167235.91
2025-05-30 09:00:00+00:00,2.644,2.665,2.628,2.658,177234.54
2025-05-30 10:00:00+00:00,2.657,2.669,2.644,2.667,130168.74
2025-05-30 11:00:00+00:00,2.667,2.676,2.657,2.669,93525.66
2025-05-30 12:00:00+00:00,2.669,2.675,2.63,2.663,197837.95
2025-05-30 13:00:00+00:00,2.663,2.671,2.636,2.639,287823.45
2025-05-30 14:00:00+00:00,2.64,2.668,2.633,2.661,486578.59
2025-05-30 15:00:00+00:00,2.66,2.673,2.642,2.642,147119.35
2025-05-30 16:00:00+00:00,2.643,2.655,2.539,2.584,1780300.38
2025-05-30 17:00:00+00:00,2.583,2.605,2.56,2.578,442957.47
2025-05-30 18:00:00+00:00,2.577,2.598,2.568,2.583,461559.35
2025-05-30 19:00:00+00:00,2.583,2.601,2.58,2.588,162729.41
2025-05-30 20:00:00+00:00,2.588,2.597,2.572,2.572,289695.26
2025-05-30 21:00:00+00:00,2.572,2.586,2.556,2.562,186862.55
2025-05-30 22:00:00+00:00,2.563,2.569,2.507,2.509,482516.68
2025-05-30 23:00:00+00:00,2.509,2.53,2.49,2.512,752736.09
2025-05-31 00:00:00+00:00,2.512,2.524,2.459,2.476,1060980.96
2025-05-31 01:00:00+00:00,2.477,2.504,2.437,2.471,1097692.45
2025-05-31 02:00:00+00:00,2.47,2.497,2.455,2.457,558717.0
2025-05-31 03:00:00+00:00,2.458,2.483,2.442,2.48,418167.66
2025-05-31 04:00:00+00:00,2.479,2.498,2.463,2.493,298367.95
2025-05-31 05:00:00+00:00,2.493,2.499,2.481,2.484,308994.81
2025-05-31 06:00:00+00:00,2.485,2.512,2.481,2.504,127265.42
2025-05-31 07:00:00+00:00,2.503,2.509,2.493,2.5,177212.03
2025-05-31 08:00:00+00:00,2.499,2.509,2.488,2.5,131866.67
2025-05-31 09:00:00+00:00,2.5,2.508,2.491,2.501,130165.27
2025-05-31 10:00:00+00:00,2.501,2.525,2.494,2.508,155147.95
2025-05-31 11:00:00+00:00,2.507,2.51,2.496,2.503,89624.97
2025-05-31 12:00:00+00:00,2.503,2.542,2.498,2.542,144968.97
2025-05-31 13:00:00+00:00,2.541,2.564,2.539,2.55,211846.89
2025-05-31 14:00:00+00:00,2.548,2.564,2.546,2.552,138693.3
2025-05-31 15:00:00+00:00,2.551,2.569,2.546,2.553,311182.53
2025-05-31 16:00:00+00:00,2.553,2.572,2.55,2.564,213072.98
2025-05-31 17:00:00+00:00,2.564,2.572,2.549,2.551,155431.79
2025-05-31 18:00:00+00:00,2.551,2.58,2.55,2.58,76304.44
2025-05-31 19:00:00+00:00,2.58,2.585,2.573,2.576,84160.3
2025-05-31 20:00:00+00:00,2.577,2.613,2.573,2.612,1200654.19
2025-05-31 21:00:00+00:00,2.613,2.623,2.601,2.613,461734.52
2025-05-31 22:00:00+00:00,2.614,2.615,2.594,2.598,164265.97
2025-05-31 23:00:00+00:00,2.598,2.61,2.591,2.596,111044.79
2025-06-01 00:00:00+00:00,2.597,2.598,2.573,2.584,122584.71
2025-06-01 01:00:00+00:00,2.583,2.596,2.558,2.567,88278.88
2025-06-01 02:00:00+00:00,2.567,2.571,2.549,2.566,76957.09
2025-06-01 03:00:00+00:00,2.566,2.57,2.549,2.561,58306.32
2025-06-01 04:00:00+00:00,2.561,2.576,2.554,2.574,95259.05
2025-06-01 05:00:00+00:00,2.574,2.582,2.566,2.571,104926.05
2025-06-01 06:00:00+00:00,2.571,2.571,2.557,2.559,54431.77
2025-06-01 07:00:00+00:00,2.558,2.562,2.551,2.556,63369.79
2025-06-01 08:00:00+00:00,2.557,2.559,2.54,2.546,109263.55
2025-06-01 09:00:00+00:00,2.546,2.552,2.507,2.525,244715.54
2025-06-01 10:00:00+00:00,2.526,2.534,2.517,2.533,103429.64
2025-06-01 11:00:00+00:00,2.533,2.548,2.529,2.538,98819.97
2025-06-01 12:00:00+00:00,2.538,2.539,2.512,2.519,92533.56
2025-06-01 13:00:00+00:00,2.518,2.541,2.516,2.533,85307.14
2025-06-01 14:00:00+00:00,2.534,2.561,2.534,2.551,281258.07
2025-06-01 15:00:00+00:00,2.551,2.56,2.541,2.559,193800.68
2025-06-01 16:00:00+00:00,2.558,2.588,2.558,2.578,163770.41
2025-06-01 17:00:00+00:00,2.578,2.58,2.566,2.568,134287.42
2025-06-01 18:00:00+00:00,2.569,2.569,2.522,2.541,155676.9
2025-06-01 19:00:00+00:00,2.541,2.556,2.54,2.556,70263.86
2025-06-01 20:00:00+00:00,2.556,2.568,2.546,2.556,64603.01
2025-06-01 21:00:00+00:00,2.556,2.577,2.554,2.574,61875.68
2025-06-01 22:00:00+00:00,2.575,2.588,2.567,2.57,78296.39
2025-06-01 23:00:00+00:00,2.571,2.581,2.567,2.57,57727.94
2025-06-02 00:00:00+00:00,2.57,2.574,2.563,2.567,96606.6
2025-06-02 01:00:00+00:00,2.568,2.578,2.554,2.555,107073.22
2025-06-02 02:00:00+00:00,2.555,2.556,2.537,2.54,104201.32
2025-06-02 03:00:00+00:00,2.541,2.541,2.521,2.533,108802.01
2025-06-02 04:00:00+00:00,2.533,2.541,2.528,2.532,66122.43
2025-06-02 05:00:00+00:00,2.533,2.543,2.519,2.533,70239.16
2025-06-02 06:00:00+00:00,2.533,2.548,2.52,2.54,119790.54
2025-06-02 07:00:00+00:00,2.541,2.562,2.54,2.552,93234.48
2025-06-02 08:00:00+00:00,2.553,2.568,2.538,2.542,275878.69
2025-06-02 09:00:00+00:00,2.542,2.542,2.511,2.52,136880.51
2025-06-02 10:00:00+00:00,2.519,2.528,2.509,2.523,192621.11
2025-06-02 11:00:00+00:00,2.523,2.531,2.516,2.527,72175.56
2025-06-02 12:00:00+00:00,2.527,2.545,2.516,2.543,72303.35
2025-06-02 13:00:00+00:00,2.544,2.56,2.532,2.535,122574.68
2025-06-02 14:00:00+00:00,2.534,2.566,2.53,2.552,168115.13
2025-06-02 15:00:00+00:00,2.551,2.564,2.539,2.556,172368.76
2025-06-02 16:00:00+00:00,2.555,2.568,2.551,2.565,111410.94
2025-06-02 17:00:00+00:00,2.565,2.569,2.553,2.563,77705.63
2025-06-02 18:00:00+00:00,2.563,2.575,2.553,2.554,63673.49
2025-06-02 19:00:00+00:00,2.555,2.564,2.529,2.544,122508.57
2025-06-02 20:00:00+00:00,2.544,2.583,2.544,2.582,119158.79
2025-06-02 21:00:00+00:00,2.583,2.612,2.583,2.612,140582.67
2025-06-02 22:00:00+00:00,2.612,2.649,2.612,2.627,264630.48
2025-06-02 23:00:00+00:00,2.627,2.649,2.626,2.643,429111.02
2025-06-03 00:00:00+00:00,2.643,2.68,2.639,2.668,423191.14
2025-06-03 01:00:00+00:00,2.668,2.687,2.666,2.682,227285.43
2025-06-03 02:00:00+00:00,2.683,2.687,2.647,2.65,129733.56
2025-06-03 03:00:00+00:00,2.649,2.654,2.627,2.634,138574.14
2025-06-03 04:00:00+00:00,2.635,2.637,2.617,2.625,140432.76
2025-06-03 05:00:00+00:00,2.626,2.649,2.625,2.642,93851.78
2025-06-03 06:00:00+00:00,2.642,2.642,2.628,2.639,75746.28
2025-06-03 07:00:00+00:00,2.638,2.641,2.62,2.622,94675.63
2025-06-03 08:00:00+00:00,2.623,2.627,2.4,2.616,788190.02
2025-06-03 09:00:00+00:00,2.616,2.625,2.608,2.619,69967.65
2025-06-03 10:00:00+00:00,2.618,2.623,2.615,2.621,67974.17
2025-06-03 11:00:00+00:00,2.621,2.629,2.615,2.619,43949.22
2025-06-03 12:00:00+00:00,2.62,2.623,2.609,2.619,114544.61
2025-06-03 13:00:00+00:00,2.618,2.637,2.612,2.631,185146.41
2025-06-03 14:00:00+00:00,2.632,2.649,2.62,2.646,223753.79
2025-06-03 15:00:00+00:00,2.647,2.651,2.629,2.63,210176.19
2025-06-03 16:00:00+00:00,2.63,2.645,2.624,2.633,178112.53
2025-06-03 17:00:00+00:00,2.633,2.65,2.632,2.639,122498.02
2025-06-03 18:00:00+00:00,2.64,2.641,2.624,2.639,103218.4
2025-06-03 19:00:00+00:00,2.639,2.656,2.639,2.654,113901.04
2025-06-03 20:00:00+00:00,2.655,2.657,2.618,2.631,90731.13
2025-06-03 21:00:00+00:00,2.631,2.634,2.593,2.609,158757.17
2025-06-03 22:00:00+00:00,2.61,2.643,2.606,2.638,117232.77
2025-06-03 23:00:00+00:00,2.639,2.644,2.624,2.627,176801.78
2025-06-04 00:00:00+00:00,2.627,2.654,2.624,2.654,87214.84
2025-06-04 01:00:00+00:00,2.654,2.673,2.651,2.654,114489.21
2025-06-04 02:00:00+00:00,2.653,2.665,2.63,2.635,60573.99
2025-06-04 03:00:00+00:00,2.635,2.654,2.635,2.645,82160.61
2025-06-04 04:00:00+00:00,2.645,2.647,2.634,2.642,48380.07
2025-06-04 05:00:00+00:00,2.643,2.647,2.629,2.63,100276.55
2025-06-04 06:00:00+00:00,2.63,2.637,2.62,2.629,111195.51
2025-06-04 07:00:00+00:00,2.63,2.636,2.619,2.623,60109.82
2025-06-04 08:00:00+00:00,2.622,2.641,2.622,2.637,75528.12
2025-06-04 09:00:00+00:00,2.636,2.642,2.619,2.634,122966.15
2025-06-04 10:00:00+00:00,2.634,2.642,2.618,2.62,66417.79
2025-06-04 11:00:00+00:00,2.619,2.629,2.608,2.61,97834.41
2025-06-04 12:00:00+00:00,2.611,2.617,2.588,2.595,167599.7
2025-06-04 13:00:00+00:00,2.594,2.605,2.58,2.589,102049.08
2025-06-04 14:00:00+00:00,2.588,2.604,2.57,2.603,208564.64
2025-06-04 15:00:00+00:00,2.603,2.632,2.6,2.626,173538.77
2025-06-04 16:00:00+00:00,2.627,2.629,2.612,2.623,108067.26
2025-06-04 17:00:00+00:00,2.622,2.623,2.591,2.599,95045.13
2025-06-04 18:00:00+00:00,2.599,2.623,2.599,2.615,100945.73
2025-06-04 19:00:00+00:00,2.614,2.618,2.591,2.591,51138.76
2025-06-04 20:00:00+00:00,2.591,2.592,2.555,2.566,153397.12
2025-06-04 21:00:00+00:00,2.565,2.591,2.542,2.581,246724.08
2025-06-04 22:00:00+00:00,2.581,2.586,2.563,2.563,76861.81
2025-06-04 23:00:00+00:00,2.562,2.571,2.55,2.562,86839.17
2025-06-05 00:00:00+00:00,2.562,2.579,2.555,2.579,81376.57
2025-06-05 01:00:00+00:00,2.578,2.593,2.569,2.575,64488.88
2025-06-05 02:00:00+00:00,2.576,2.602,2.575,2.593,123018.2
2025-06-05 03:00:00+00:00,2.592,2.594,2.584,2.588,63747.33
2025-06-05 04:00:00+00:00,2.589,2.591,2.576,2.583,61030.05
2025-06-05 05:00:00+00:00,2.583,2.583,2.548,2.555,122869.72
2025-06-05 06:00:00+00:00,2.556,2.568,2.549,2.558,108528.29
2025-06-05 07:00:00+00:00,2.557,2.587,2.552,2.557,211107.99
2025-06-05 08:00:00+00:00,2.557,2.56,2.543,2.552,171848.38
2025-06-05 09:00:00+00:00,2.552,2.561,2.542,2.55,233971.55
2025-06-05 10:00:00+00:00,2.551,2.551,2.513,2.525,256125.08
2025-06-05 11:00:00+00:00,2.525,2.525,2.503,2.52,332101.98
2025-06-05 12:00:00+00:00,2.519,2.561,2.515,2.548,259725.53
2025-06-05 13:00:00+00:00,2.549,2.558,2.501,2.506,347282.91
2025-06-05 14:00:00+00:00,2.506,2.522,2.464,2.509,485666.33
2025-06-05 15:00:00+00:00,2.508,2.527,2.5,2.521,177721.22
2025-06-05 16:00:00+00:00,2.52,2.523,2.478,2.489,219737.93
2025-06-05 17:00:00+00:00,2.489,2.501,2.483,2.494,128409.83
2025-06-05 18:00:00+00:00,2.493,2.494,2.469,2.481,117249.89
2025-06-05 19:00:00+00:00,2.481,2.484,2.371,2.406,1933875.52
2025-06-05 20:00:00+00:00,2.407,2.418,2.319,2.326,1333448.08
2025-06-05 21:00:00+00:00,2.326,2.367,2.32,2.366,541881.32
2025-06-05 22:00:00+00:00,2.366,2.381,2.346,2.372,341603.66
2025-06-05 23:00:00+00:00,2.373,2.384,2.36,2.367,339067.7
2025-06-06 00:00:00+00:00,2.367,2.392,2.361,2.39,232758.02
2025-06-06 01:00:00+00:00,2.39,2.394,2.376,2.385,165480.73
2025-06-06 02:00:00+00:00,2.384,2.398,2.376,2.398,126885.3
2025-06-06 03:00:00+00:00,2.397,2.418,2.392,2.415,322383.4
2025-06-06 04:00:00+00:00,2.415,2.42,2.401,2.417,118002.56
2025-06-06 05:00:00+00:00,2.418,2.424,2.406,2.418,121833.92
2025-06-06 06:00:00+00:00,2.417,2.426,2.408,2.425,129583.02
2025-06-06 07:00:00+00:00,2.425,2.427,2.407,2.409,88132.51
2025-06-06 08:00:00+00:00,2.41,2.418,2.407,2.409,198615.66
2025-06-06 09:00:00+00:00,2.409,2.42,2.402,2.403,214514.28
2025-06-06 10:00:00+00:00,2.403,2.413,2.395,2.397,254149.6
2025-06-06 11:00:00+00:00,2.398,2.415,2.396,2.403,285525.34
2025-06-06 12:00:00+00:00,2.403,2.44,2.403,2.414,539217.77
2025-06-06 13:00:00+00:00,2.413,2.448,2.413,2.434,456941.47
2025-06-06 14:00:00+00:00,2.434,2.456,2.43,2.456,365199.23
2025-06-06 15:00:00+00:00,2.456,2.466,2.433,2.442,219085.46
2025-06-06 16:00:00+00:00,2.443,2.455,2.431,2.433,146103.42
2025-06-06 17:00:00+00:00,2.433,2.434,2.413,2.429,163369.35
2025-06-06 18:00:00+00:00,2.429,2.432,2.408,2.411,122968.78
2025-06-06 19:00:00+00:00,2.411,2.42,2.405,2.417,108617.79
2025-06-06 20:00:00+00:00,2.417,2.435,2.414,2.425,47609.98
2025-06-06 21:00:00+00:00,2.426,2.431,2.415,2.424,82682.15
2025-06-06 22:00:00+00:00,2.425,2.425,2.404,2.416,97338.15
2025-06-06 23:00:00+00:00,2.416,2.418,2.407,2.409,137171.03
2025-06-07 00:00:00+00:00,2.41,2.438,2.399,2.438,118544.6
2025-06-07 01:00:00+00:00,2.438,2.446,2.43,2.44,69044.19
2025-06-07 02:00:00+00:00,2.439,2.454,2.436,2.452,67670.5
2025-06-07 03:00:00+00:00,2.452,2.475,2.448,2.467,182972.72
2025-06-07 04:00:00+00:00,2.467,2.473,2.46,2.473,196233.63
2025-06-07 05:00:00+00:00,2.473,2.491,2.467,2.487,96473.23
2025-06-07 06:00:00+00:00,2.487,2.494,2.474,2.494,105791.19
2025-06-07 07:00:00+00:00,2.495,2.511,2.485,2.503,135577.22
2025-06-07 08:00:00+00:00,2.504,2.509,2.489,2.491,159553.11
2025-06-07 09:00:00+00:00,2.492,2.498,2.482,2.489,175941.72
2025-06-07 10:00:00+00:00,2.49,2.511,2.488,2.508,127777.88
2025-06-07 11:00:00+00:00,2.509,2.515,2.501,2.504,70187.67
2025-06-07 12:00:00+00:00,2.505,2.518,2.502,2.507,83102.41
2025-06-07 13:00:00+00:00,2.507,2.52,2.502,2.511,138287.85
2025-06-07 14:00:00+00:00,2.512,2.525,2.507,2.515,123303.66
2025-06-07 15:00:00+00:00,2.515,2.521,2.506,2.51,125090.12
2025-06-07 16:00:00+00:00,2.511,2.521,2.488,2.493,165174.59
2025-06-07 17:00:00+00:00,2.494,2.498,2.484,2.486,97053.49
2025-06-07 18:00:00+00:00,2.486,2.505,2.486,2.497,98863.21
2025-06-07 19:00:00+00:00,2.496,2.505,2.496,2.497,51750.03
2025-06-07 20:00:00+00:00,2.498,2.51,2.498,2.505,60366.92
2025-06-07 21:00:00+00:00,2.505,2.518,2.504,2.516,55207.04
2025-06-07 22:00:00+00:00,2.516,2.526,2.51,2.517,66650.94
2025-06-07 23:00:00+00:00,2.518,2.518,2.505,2.507,77319.44
2025-06-08 00:00:00+00:00,2.508,2.508,2.494,2.5,76795.35
2025-06-08 01:00:00+00:00,2.499,2.511,2.494,2.51,98416.12
2025-06-08 02:00:00+00:00,2.509,2.511,2.503,2.503,62141.1
2025-06-08 03:00:00+00:00,2.503,2.504,2.497,2.5,79011.86
2025-06-08 04:00:00+00:00,2.5,2.514,2.495,2.514,130543.73
2025-06-08 05:00:00+00:00,2.514,2.514,2.49,2.493,129705.91
2025-06-08 06:00:00+00:00,2.493,2.502,2.492,2.492,74492.24
2025-06-08 07:00:00+00:00,2.493,2.504,2.487,2.489,132097.87
2025-06-08 08:00:00+00:00,2.49,2.502,2.489,2.489,95910.14
2025-06-08 09:00:00+00:00,2.489,2.492,2.47,2.476,338289.71
2025-06-08 10:00:00+00:00,2.475,2.49,2.47,2.488,133112.11
2025-06-08 11:00:00+00:00,2.489,2.512,2.489,2.51,270471.67
2025-06-08 12:00:00+00:00,2.51,2.514,2.493,2.501,111195.31
2025-06-08 13:00:00+00:00,2.502,2.532,2.494,2.511,241121.54
2025-06-08 14:00:00+00:00,2.511,2.527,2.507,2.518,164405.49
2025-06-08 15:00:00+00:00,2.517,2.531,2.517,2.52,129477.18
2025-06-08 16:00:00+00:00,2.521,2.544,2.521,2.536,127568.83
2025-06-08 17:00:00+00:00,2.536,2.542,2.519,2.523,146606.58
2025-06-08 18:00:00+00:00,2.523,2.526,2.515,2.523,50715.93
2025-06-08 19:00:00+00:00,2.524,2.529,2.498,2.506,1295085.6
2025-06-08 20:00:00+00:00,2.507,2.507,2.495,2.498,100416.53
2025-06-08 21:00:00+00:00,2.498,2.514,2.498,2.509,94545.89
2025-06-08 22:00:00+00:00,2.509,2.51,2.487,2.489,143022.89
2025-06-08 23:00:00+00:00,2.49,2.49,2.479,2.487,112686.08
2025-06-09 00:00:00+00:00,2.488,2.498,2.482,2.491,100652.59
2025-06-09 01:00:00+00:00,2.491,2.495,2.48,2.486,73614.33
2025-06-09 02:00:00+00:00,2.485,2.502,2.484,2.486,73359.58
2025-06-09 03:00:00+00:00,2.485,2.49,2.475,2.487,57723.51
2025-06-09 04:00:00+00:00,2.487,2.491,2.477,2.479,61594.9
2025-06-09 05:00:00+00:00,2.48,2.48,2.458,2.46,148091.18
2025-06-09 06:00:00+00:00,2.459,2.475,2.456,2.471,174912.75
2025-06-09 07:00:00+00:00,2.47,2.47,2.455,2.464,111164.49
2025-06-09 08:00:00+00:00,2.465,2.48,2.454,2.478,130672.18
2025-06-09 09:00:00+00:00,2.479,2.51,2.474,2.5,174910.3
2025-06-09 10:00:00+00:00,2.499,2.527,2.496,2.515,354401.29
2025-06-09 11:00:00+00:00,2.516,2.529,2.509,2.517,221314.88
2025-06-09 12:00:00+00:00,2.517,2.527,2.511,2.524,248041.32
2025-06-09 13:00:00+00:00,2.524,2.525,2.477,2.484,380043.37
2025-06-09 14:00:00+00:00,2.484,2.504,2.482,2.496,164526.75
2025-06-09 15:00:00+00:00,2.496,2.514,2.494,2.502,164691.58
2025-06-09 16:00:00+00:00,2.501,2.531,2.501,2.513,287183.63
2025-06-09 17:00:00+00:00,2.515,2.529,2.513,2.523,153672.11
2025-06-09 18:00:00+00:00,2.523,2.531,2.519,2.53,73772.59
2025-06-09 19:00:00+00:00,2.53,2.532,2.512,2.521,89582.57
2025-06-09 20:00:00+00:00,2.523,2.525,2.516,2.52,53848.23
2025-06-09 21:00:00+00:00,2.519,2.576,2.519,2.573,257206.24
2025-06-09 22:00:00+00:00,2.574,2.607,2.571,2.604,243401.06
2025-06-09 23:00:00+00:00,2.604,2.614,2.586,2.602,180741.04
2025-06-10 00:00:00+00:00,2.602,2.637,2.599,2.619,539666.73
2025-06-10 01:00:00+00:00,2.619,2.634,2.609,2.625,116314.85
2025-06-10 02:00:00+00:00,2.624,2.626,2.604,2.609,122472.84
2025-06-10 03:00:00+00:00,2.609,2.611,2.593,2.597,143354.65
2025-06-10 04:00:00+00:00,2.598,2.605,2.584,2.596,151947.72
2025-06-10 05:00:00+00:00,2.596,2.601,2.568,2.579,126100.2
2025-06-10 06:00:00+00:00,2.579,2.594,2.567,2.59,173043.3
2025-06-10 07:00:00+00:00,2.589,2.599,2.584,2.592,73888.74
2025-06-10 08:00:00+00:00,2.592,2.602,2.587,2.592,89785.43
2025-06-10 09:00:00+00:00,2.592,2.61,2.591,2.609,102793.75
2025-06-10 10:00:00+00:00,2.61,2.61,2.593,2.607,109011.34
2025-06-10 11:00:00+00:00,2.607,2.701,2.595,2.693,855223.36
2025-06-10 12:00:00+00:00,2.693,2.725,2.678,2.713,461661.65
2025-06-10 13:00:00+00:00,2.713,2.716,2.657,2.69,608097.81
2025-06-10 14:00:00+00:00,2.689,2.689,2.65,2.659,322448.21
2025-06-10 15:00:00+00:00,2.658,2.68,2.638,2.672,429691.01
2025-06-10 16:00:00+00:00,2.673,2.7,2.673,2.688,333741.12
2025-06-10 17:00:00+00:00,2.689,2.715,2.679,2.682,111589.12
2025-06-10 18:00:00+00:00,2.682,2.716,2.678,2.71,127459.32
2025-06-10 19:00:00+00:00,2.711,2.73,2.696,2.705,184702.11
2025-06-10 20:00:00+00:00,2.705,2.711,2.694,2.709,77660.39
2025-06-10 21:00:00+00:00,2.71,2.72,2.694,2.711,246575.34
2025-06-10 22:00:00+00:00,2.711,2.749,2.71,2.723,248514.48
2025-06-10 23:00:00+00:00,2.723,2.735,2.718,2.732,147766.89
2025-06-11 00:00:00+00:00,2.731,2.74,2.703,2.704,172979.74
2025-06-11 01:00:00+00:00,2.704,2.707,2.688,2.699,199615.58
2025-06-11 02:00:00+00:00,2.698,2.711,2.692,2.7,192880.53
2025-06-11 03:00:00+00:00,2.7,2.73,2.698,2.718,103163.25
2025-06-11 04:00:00+00:00,2.717,2.725,2.71,2.713,81920.14
2025-06-11 05:00:00+00:00,2.713,2.723,2.709,2.713,70267.39
2025-06-11 06:00:00+00:00,2.713,2.725,2.711,2.724,109839.48
2025-06-11 07:00:00+00:00,2.725,2.736,2.717,2.723,122766.09
2025-06-11 08:00:00+00:00,2.723,2.731,2.706,2.712,97431.65
2025-06-11 09:00:00+00:00,2.713,2.715,2.683,2.691,129814.13
2025-06-11 10:00:00+00:00,2.692,2.708,2.69,2.705,85864.64
2025-06-11 11:00:00+00:00,2.706,2.706,2.68,2.696,142390.56
2025-06-11 12:00:00+00:00,2.696,2.737,2.68,2.72,466069.58
2025-06-11 13:00:00+00:00,2.72,2.736,2.71,2.719,220375.68
2025-06-11 14:00:00+00:00,2.72,2.762,2.713,2.751,292367.11
2025-06-11 15:00:00+00:00,2.752,2.77,2.736,2.76,246494.64
2025-06-11 16:00:00+00:00,2.76,2.769,2.742,2.753,167446.52
2025-06-11 17:00:00+00:00,2.753,2.754,2.708,2.709,290667.27
2025-06-11 18:00:00+00:00,2.709,2.716,2.693,2.7,176053.66
2025-06-11 19:00:00+00:00,2.701,2.71,2.692,2.696,70190.26
2025-06-11 20:00:00+00:00,2.696,2.714,2.683,2.703,72042.04
2025-06-11 21:00:00+00:00,2.704,2.725,2.668,2.675,173269.44
2025-06-11 22:00:00+00:00,2.674,2.689,2.664,2.675,197274.9
2025-06-11 23:00:00+00:00,2.676,2.701,2.675,2.692,143830.1
2025-06-12 00:00:00+00:00,2.691,2.703,2.669,2.684,175108.3
2025-06-12 01:00:00+00:00,2.683,2.688,2.662,2.686,98823.73
2025-06-12 02:00:00+00:00,2.684,2.695,2.66,2.665,108332.52
2025-06-12 03:00:00+00:00,2.665,2.669,2.64,2.652,143551.63
2025-06-12 04:00:00+00:00,2.652,2.652,2.63,2.646,100285.25
2025-06-12 05:00:00+00:00,2.646,2.657,2.625,2.651,144413.7
2025-06-12 06:00:00+00:00,2.65,2.653,2.63,2.639,86135.89
2025-06-12 07:00:00+00:00,2.639,2.644,2.615,2.627,107020.4
2025-06-12 08:00:00+00:00,2.625,2.632,2.612,2.626,140301.81
2025-06-12 09:00:00+00:00,2.625,2.637,2.619,2.625,82682.42
2025-06-12 10:00:00+00:00,2.625,2.629,2.594,2.606,184573.79
2025-06-12 11:00:00+00:00,2.605,2.609,2.579,2.587,177496.07
2025-06-12 12:00:00+00:00,2.587,2.62,2.578,2.611,290453.32
2025-06-12 13:00:00+00:00,2.611,2.635,2.611,2.629,107748.57
2025-06-12 14:00:00+00:00,2.629,2.647,2.629,2.636,102088.39
2025-06-12 15:00:00+00:00,2.637,2.641,2.589,2.592,180216.78
2025-06-12 16:00:00+00:00,2.591,2.622,2.587,2.616,113104.91
2025-06-12 17:00:00+00:00,2.616,2.639,2.614,2.626,79697.73
2025-06-12 18:00:00+00:00,2.625,2.626,2.581,2.594,107940.9
2025-06-12 19:00:00+00:00,2.594,2.601,2.538,2.544,228114.18
2025-06-12 20:00:00+00:00,2.543,2.547,2.482,2.499,509780.56
2025-06-12 21:00:00+00:00,2.498,2.525,2.489,2.501,212597.04
2025-06-12 22:00:00+00:00,2.5,2.515,2.498,2.504,149706.94
2025-06-12 23:00:00+00:00,2.504,2.521,2.501,2.505,184763.89
2025-06-13 00:00:00+00:00,2.505,2.506,2.366,2.4,1928558.85
2025-06-13 01:00:00+00:00,2.399,2.399,2.344,2.375,1444575.17
2025-06-13 02:00:00+00:00,2.374,2.376,2.336,2.361,713227.5
2025-06-13 03:00:00+00:00,2.36,2.412,2.357,2.402,968153.64
2025-06-13 04:00:00+00:00,2.401,2.401,2.379,2.394,311005.39
2025-06-13 05:00:00+00:00,2.393,2.401,2.386,2.387,186381.44
2025-06-13 06:00:00+00:00,2.386,2.393,2.358,2.393,434540.14
2025-06-13 07:00:00+00:00,2.393,2.394,2.374,2.379,436119.04
2025-06-13 08:00:00+00:00,2.38,2.405,2.374,2.388,382620.64
2025-06-13 09:00:00+00:00,2.387,2.394,2.368,2.376,399724.52
2025-06-13 10:00:00+00:00,2.377,2.384,2.362,2.383,376119.29
2025-06-13 11:00:00+00:00,2.383,2.392,2.368,2.391,191185.92
2025-06-13 12:00:00+00:00,2.392,2.402,2.371,2.376,246207.3
2025-06-13 13:00:00+00:00,2.375,2.397,2.368,2.376,279489.01
2025-06-13 14:00:00+00:00,2.377,2.388,2.355,2.38,498174.99
2025-06-13 15:00:00+00:00,2.381,2.421,2.379,2.408,433797.91
2025-06-13 16:00:00+00:00,2.409,2.443,2.405,2.438,278054.78
2025-06-13 17:00:00+00:00,2.438,2.439,2.405,2.428,118473.13
2025-06-13 18:00:00+00:00,2.428,2.432,2.385,2.4,189302.28
2025-06-13 19:00:00+00:00,2.399,2.408,2.386,2.398,107623.78
2025-06-13 20:00:00+00:00,2.399,2.432,2.393,2.427,102267.36
2025-06-13 21:00:00+00:00,2.428,2.442,2.416,2.436,121009.13
2025-06-13 22:00:00+00:00,2.437,2.456,2.435,2.447,155949.66
2025-06-13 23:00:00+00:00,2.447,2.466,2.444,2.46,135315.5
2025-06-14 00:00:00+00:00,2.461,2.461,2.433,2.435,319147.87
2025-06-14 01:00:00+00:00,2.436,2.437,2.42,2.427,125091.11
2025-06-14 02:00:00+00:00,2.427,2.438,2.424,2.432,38290.65
2025-06-14 03:00:00+00:00,2.431,2.444,2.427,2.431,62432.21
2025-06-14 04:00:00+00:00,2.43,2.441,2.428,2.437,56998.67
2025-06-14 05:00:00+00:00,2.438,2.451,2.432,2.449,32911.05
2025-06-14 06:00:00+00:00,2.449,2.451,2.433,2.437,127305.81
2025-06-14 07:00:00+00:00,2.436,2.443,2.42,2.438,85364.27
2025-06-14 08:00:00+00:00,2.438,2.445,2.426,2.444,183130.67
2025-06-14 09:00:00+00:00,2.443,2.444,2.428,2.43,35843.36
2025-06-14 10:00:00+00:00,2.43,2.44,2.422,2.435,85141.49
2025-06-14 11:00:00+00:00,2.435,2.445,2.431,2.438,39228.49
2025-06-14 12:00:00+00:00,2.438,2.439,2.422,2.436,72552.58
2025-06-14 13:00:00+00:00,2.435,2.444,2.42,2.426,95412.53
2025-06-14 14:00:00+00:00,2.427,2.432,2.413,2.421,47182.01
2025-06-14 15:00:00+00:00,2.421,2.428,2.4,2.413,137860.03
2025-06-14 16:00:00+00:00,2.412,2.418,2.382,2.386,155304.18
2025-06-14 17:00:00+00:00,2.387,2.419,2.385,2.417,99058.56
2025-06-14 18:00:00+00:00,2.417,2.431,2.394,2.409,114469.14
2025-06-14 19:00:00+00:00,2.409,2.417,2.401,2.402,44492.09
2025-06-14 20:00:00+00:00,2.401,2.407,2.382,2.403,79632.87
2025-06-14 21:00:00+00:00,2.404,2.432,2.401,2.426,64789.01
2025-06-14 22:00:00+00:00,2.426,2.433,2.413,2.417,40996.09
2025-06-14 23:00:00+00:00,2.416,2.43,2.416,2.419,61790.45
2025-06-15 00:00:00+00:00,2.42,2.428,2.417,2.426,42434.69
2025-06-15 01:00:00+00:00,2.426,2.429,2.408,2.415,43484.05
2025-06-15 02:00:00+00:00,2.416,2.426,2.415,2.417,31468.25
2025-06-15 03:00:00+00:00,2.417,2.427,2.417,2.424,29940.69
2025-06-15 04:00:00+00:00,2.423,2.432,2.422,2.431,102252.26
2025-06-15 05:00:00+00:00,2.43,2.443,2.418,2.443,49719.31
2025-06-15 06:00:00+00:00,2.444,2.447,2.417,2.417,210034.99
2025-06-15 07:00:00+00:00,2.417,2.419,2.408,2.417,66159.46
2025-06-15 08:00:00+00:00,2.418,2.42,2.41,2.417,27709.57
2025-06-15 09:00:00+00:00,2.417,2.417,2.395,2.397,60991.94
2025-06-15 10:00:00+00:00,2.398,2.412,2.397,2.411,76262.77
2025-06-15 11:00:00+00:00,2.412,2.413,2.393,2.401,99653.98
2025-06-15 12:00:00+00:00,2.401,2.409,2.394,2.407,37109.52
2025-06-15 13:00:00+00:00,2.407,2.425,2.403,2.421,77955.35
2025-06-15 14:00:00+00:00,2.422,2.437,2.401,2.434,153365.21
2025-06-15 15:00:00+00:00,2.434,2.436,2.412,2.415,89163.26
2025-06-15 16:00:00+00:00,2.416,2.42,2.404,2.415,84815.21
2025-06-15 17:00:00+00:00,2.415,2.42,2.399,2.411,73516.99
2025-06-15 18:00:00+00:00,2.411,2.411,2.396,2.405,38917.62
2025-06-15 19:00:00+00:00,2.404,2.412,2.386,2.395,55329.76
2025-06-15 20:00:00+00:00,2.396,2.396,2.366,2.38,164836.95
2025-06-15 21:00:00+00:00,2.379,2.39,2.372,2.389,69097.06
2025-06-15 22:00:00+00:00,2.39,2.42,2.388,2.415,97759.42
2025-06-15 23:00:00+00:00,2.416,2.424,2.412,2.421,94584.89
2025-06-16 00:00:00+00:00,2.421,2.424,2.409,2.414,93103.24
2025-06-16 01:00:00+00:00,2.414,2.439,2.398,2.437,256540.9
2025-06-16 02:00:00+00:00,2.438,2.458,2.438,2.444,146119.43
2025-06-16 03:00:00+00:00,2.444,2.451,2.44,2.444,48363.06
2025-06-16 04:00:00+00:00,2.443,2.465,2.442,2.457,83008.09
2025-06-16 05:00:00+00:00,2.458,2.483,2.455,2.478,229171.62
2025-06-16 06:00:00+00:00,2.478,2.495,2.478,2.484,145905.94
2025-06-16 07:00:00+00:00,2.484,2.496,2.484,2.491,129826.97
2025-06-16 08:00:00+00:00,2.492,2.493,2.483,2.49,112938.13
2025-06-16 09:00:00+00:00,2.491,2.507,2.491,2.5,195141.04
2025-06-16 10:00:00+00:00,2.501,2.509,2.493,2.502,175747.34
2025-06-16 11:00:00+00:00,2.503,2.526,2.487,2.516,245787.23
2025-06-16 12:00:00+00:00,2.516,2.537,2.514,2.53,337074.68
2025-06-16 13:00:00+00:00,2.529,2.536,2.521,2.536,237597.31
2025-06-16 14:00:00+00:00,2.536,2.556,2.533,2.547,320342.73
2025-06-16 15:00:00+00:00,2.548,2.552,2.52,2.524,273278.85
2025-06-16 16:00:00+00:00,2.524,2.54,2.519,2.523,162513.66
2025-06-16 17:00:00+00:00,2.522,2.534,2.519,2.527,70592.89
2025-06-16 18:00:00+00:00,2.528,2.543,2.526,2.543,63742.28
2025-06-16 19:00:00+00:00,2.544,2.551,2.537,2.543,97822.22
2025-06-16 20:00:00+00:00,2.544,2.568,2.535,2.56,240259.18
2025-06-16 21:00:00+00:00,2.559,2.57,2.547,2.552,146201.98
2025-06-16 22:00:00+00:00,2.552,2.556,2.484,2.5,501631.21
2025-06-16 23:00:00+00:00,2.499,2.519,2.457,2.463,425538.4
2025-06-17 00:00:00+00:00,2.463,2.491,2.413,2.489,750573.9
2025-06-17 01:00:00+00:00,2.491,2.497,2.471,2.473,149313.0
2025-06-17 02:00:00+00:00,2.473,2.49,2.457,2.488,121288.53
2025-06-17 03:00:00+00:00,2.488,2.495,2.475,2.482,107175.46
2025-06-17 04:00:00+00:00,2.482,2.485,2.469,2.474,72947.59
2025-06-17 05:00:00+00:00,2.474,2.477,2.455,2.459,58663.77
2025-06-17 06:00:00+00:00,2.459,2.465,2.445,2.45,117560.64
2025-06-17 07:00:00+00:00,2.45,2.455,2.443,2.446,105557.53
2025-06-17 08:00:00+00:00,2.445,2.448,2.42,2.426,154086.86
2025-06-17 09:00:00+00:00,2.426,2.438,2.421,2.43,111955.47
2025-06-17 10:00:00+00:00,2.43,2.43,2.406,2.424,162725.85
2025-06-17 11:00:00+00:00,2.424,2.425,2.405,2.411,95595.17
2025-06-17 12:00:00+00:00,2.411,2.422,2.406,2.411,116158.0
2025-06-17 13:00:00+00:00,2.41,2.428,2.408,2.415,117225.28
2025-06-17 14:00:00+00:00,2.417,2.434,2.402,2.405,216043.7
2025-06-17 15:00:00+00:00,2.405,2.405,2.369,2.391,480433.88
2025-06-17 16:00:00+00:00,2.391,2.395,2.342,2.344,398683.47
2025-06-17 17:00:00+00:00,2.344,2.377,2.341,2.366,307295.98
2025-06-17 18:00:00+00:00,2.366,2.394,2.363,2.393,117164.33
2025-06-17 19:00:00+00:00,2.395,2.445,2.393,2.431,188810.94
2025-06-17 20:00:00+00:00,2.432,2.436,2.407,2.408,99665.7
2025-06-17 21:00:00+00:00,2.408,2.411,2.387,2.395,120997.64
2025-06-17 22:00:00+00:00,2.395,2.396,2.371,2.375,117430.86
2025-06-17 23:00:00+00:00,2.376,2.401,2.376,2.393,57310.68
2025-06-18 00:00:00+00:00,2.394,2.409,2.387,2.403,78241.07
2025-06-18 01:00:00+00:00,2.404,2.415,2.389,2.39,63768.58
2025-06-18 02:00:00+00:00,2.389,2.397,2.381,2.385,148262.34
2025-06-18 03:00:00+00:00,2.385,2.401,2.385,2.397,62675.69
2025-06-18 04:00:00+00:00,2.397,2.415,2.395,2.413,65644.29
2025-06-18 05:00:00+00:00,2.413,2.416,2.403,2.406,61558.02
2025-06-18 06:00:00+00:00,2.407,2.413,2.39,2.396,74708.72
2025-06-18 07:00:00+00:00,2.395,2.401,2.39,2.396,65692.41
2025-06-18 08:00:00+00:00,2.398,2.406,2.377,2.383,260464.74
2025-06-18 09:00:00+00:00,2.384,2.39,2.364,2.371,195223.09
2025-06-18 10:00:00+00:00,2.371,2.371,2.333,2.341,525846.83
2025-06-18 11:00:00+00:00,2.34,2.372,2.338,2.372,384796.71
2025-06-18 12:00:00+00:00,2.371,2.378,2.355,2.358,180717.01
2025-06-18 13:00:00+00:00,2.358,2.359,2.314,2.353,995771.35
2025-06-18 14:00:00+00:00,2.353,2.385,2.345,2.358,321620.61
2025-06-18 15:00:00+00:00,2.358,2.371,2.341,2.364,164395.64
2025-06-18 16:00:00+00:00,2.364,2.368,2.343,2.351,116006.31
2025-06-18 17:00:00+00:00,2.35,2.367,2.33,2.36,183917.81
2025-06-18 18:00:00+00:00,2.36,2.375,2.337,2.337,380900.47
2025-06-18 19:00:00+00:00,2.336,2.366,2.333,2.34,277282.57
2025-06-18 20:00:00+00:00,2.341,2.4,2.335,2.396,157319.7
2025-06-18 21:00:00+00:00,2.397,2.401,2.382,2.394,203732.87
2025-06-18 22:00:00+00:00,2.393,2.398,2.386,2.394,116219.25
2025-06-18 23:00:00+00:00,2.393,2.404,2.377,2.392,117697.2
2025-06-19 00:00:00+00:00,2.392,2.418,2.384,2.396,194640.85
2025-06-19 01:00:00+00:00,2.397,2.398,2.375,2.381,80792.27
2025-06-19 02:00:00+00:00,2.382,2.388,2.37,2.373,70331.98
2025-06-19 03:00:00+00:00,2.374,2.388,2.374,2.386,54348.93
2025-06-19 04:00:00+00:00,2.386,2.389,2.374,2.387,73608.11
2025-06-19 05:00:00+00:00,2.388,2.4,2.378,2.38,79663.84
2025-06-19 06:00:00+00:00,2.38,2.387,2.368,2.372,75952.21
2025-06-19 07:00:00+00:00,2.373,2.38,2.365,2.367,72232.51
2025-06-19 08:00:00+00:00,2.368,2.373,2.357,2.357,74035.88
2025-06-19 09:00:00+00:00,2.358,2.382,2.353,2.377,134751.02
2025-06-19 10:00:00+00:00,2.377,2.383,2.369,2.373,61326.32
2025-06-19 11:00:00+00:00,2.373,2.373,2.359,2.362,73360.23
2025-06-19 12:00:00+00:00,2.361,2.368,2.351,2.357,62168.36
2025-06-19 13:00:00+00:00,2.357,2.366,2.345,2.347,87493.79
2025-06-19 14:00:00+00:00,2.347,2.357,2.331,2.338,147878.98
2025-06-19 15:00:00+00:00,2.337,2.345,2.33,2.337,98907.76
2025-06-19 16:00:00+00:00,2.337,2.35,2.321,2.323,105440.28
2025-06-19 17:00:00+00:00,2.323,2.36,2.317,2.348,178745.15
2025-06-19 18:00:00+00:00,2.348,2.364,2.339,2.348,77828.83
2025-06-19 19:00:00+00:00,2.349,2.354,2.338,2.341,58942.88
2025-06-19 20:00:00+00:00,2.342,2.352,2.334,2.339,64630.26
2025-06-19 21:00:00+00:00,2.339,2.356,2.338,2.351,106453.9
2025-06-19 22:00:00+00:00,2.351,2.362,2.348,2.351,89726.01
2025-06-19 23:00:00+00:00,2.35,2.353,2.34,2.346,51674.86
2025-06-20 00:00:00+00:00,2.346,2.363,2.346,2.354,76541.12
2025-06-20 01:00:00+00:00,2.354,2.358,2.342,2.354,66928.97
2025-06-20 02:00:00+00:00,2.355,2.355,2.343,2.349,60808.96
2025-06-20 03:00:00+00:00,2.349,2.356,2.341,2.353,37712.52
2025-06-20 04:00:00+00:00,2.353,2.358,2.33,2.332,62625.26
2025-06-20 05:00:00+00:00,2.331,2.348,2.329,2.348,77286.99
2025-06-20 06:00:00+00:00,2.348,2.356,2.345,2.349,123987.14
2025-06-20 07:00:00+00:00,2.349,2.379,2.346,2.375,134207.32
2025-06-20 08:00:00+00:00,2.376,2.386,2.364,2.371,231394.83
2025-06-20 09:00:00+00:00,2.371,2.372,2.357,2.363,151264.29
2025-06-20 10:00:00+00:00,2.364,2.367,2.354,2.36,59529.03
2025-06-20 11:00:00+00:00,2.359,2.37,2.355,2.365,46596.22
2025-06-20 12:00:00+00:00,2.366,2.372,2.361,2.364,98622.35
2025-06-20 13:00:00+00:00,2.364,2.373,2.345,2.352,96074.98
2025-06-20 14:00:00+00:00,2.351,2.357,2.296,2.3,481346.54
2025-06-20 15:00:00+00:00,2.3,2.322,2.299,2.307,325707.72
2025-06-20 16:00:00+00:00,2.308,2.311,2.253,2.253,519439.48
2025-06-20 17:00:00+00:00,2.253,2.268,2.183,2.231,1718272.92
2025-06-20 18:00:00+00:00,2.23,2.249,2.227,2.248,256863.05
2025-06-20 19:00:00+00:00,2.248,2.258,2.239,2.253,136553.04
2025-06-20 20:00:00+00:00,2.256,2.278,2.255,2.268,69859.01
2025-06-20 21:00:00+00:00,2.268,2.276,2.263,2.263,82909.96
2025-06-20 22:00:00+00:00,2.264,2.264,2.243,2.251,132530.3
2025-06-20 23:00:00+00:00,2.251,2.262,2.248,2.261,130362.77
2025-06-21 00:00:00+00:00,2.26,2.276,2.258,2.273,130582.03
2025-06-21 01:00:00+00:00,2.273,2.295,2.271,2.292,98777.47
2025-06-21 02:00:00+00:00,2.293,2.295,2.282,2.29,90658.85
2025-06-21 03:00:00+00:00,2.289,2.299,2.287,2.289,58626.51
2025-06-21 04:00:00+00:00,2.291,2.294,2.283,2.287,98521.93
2025-06-21 05:00:00+00:00,2.287,2.294,2.285,2.293,54291.12
2025-06-21 06:00:00+00:00,2.294,2.298,2.289,2.294,155271.88
2025-06-21 07:00:00+00:00,2.295,2.295,2.285,2.292,53332.34
2025-06-21 08:00:00+00:00,2.292,2.296,2.286,2.296,44635.57
2025-06-21 09:00:00+00:00,2.296,2.298,2.287,2.295,67595.42
2025-06-21 10:00:00+00:00,2.296,2.303,2.284,2.287,52418.93
2025-06-21 11:00:00+00:00,2.287,2.292,2.283,2.288,54915.55
2025-06-21 12:00:00+00:00,2.289,2.291,2.269,2.27,97983.57
2025-06-21 13:00:00+00:00,2.271,2.277,2.248,2.253,186598.88
2025-06-21 14:00:00+00:00,2.253,2.27,2.248,2.263,204945.93
2025-06-21 15:00:00+00:00,2.264,2.274,2.255,2.272,195499.02
2025-06-21 16:00:00+00:00,2.272,2.278,2.257,2.266,142694.98
2025-06-21 17:00:00+00:00,2.265,2.283,2.25,2.259,504065.88
2025-06-21 18:00:00+00:00,2.259,2.273,2.248,2.253,283508.77
2025-06-21 19:00:00+00:00,2.253,2.257,2.23,2.232,248229.57
2025-06-21 20:00:00+00:00,2.232,2.252,2.223,2.243,211032.95
2025-06-21 21:00:00+00:00,2.243,2.246,2.134,2.16,1060812.03
2025-06-21 22:00:00+00:00,2.159,2.193,2.156,2.191,581261.3
2025-06-21 23:00:00+00:00,2.191,2.194,2.146,2.19,629984.9
2025-06-22 00:00:00+00:00,2.189,2.221,2.173,2.21,513759.67
2025-06-22 01:00:00+00:00,2.211,2.222,2.175,2.176,363380.75
2025-06-22 02:00:00+00:00,2.177,2.191,2.15,2.165,372613.91
2025-06-22 03:00:00+00:00,2.166,2.176,2.145,2.161,245569.33
2025-06-22 04:00:00+00:00,2.16,2.189,2.155,2.18,210065.43
2025-06-22 05:00:00+00:00,2.179,2.195,2.175,2.19,251848.6
2025-06-22 06:00:00+00:00,2.191,2.21,2.185,2.204,108141.82
2025-06-22 07:00:00+00:00,2.204,2.206,2.179,2.185,114221.84
2025-06-22 08:00:00+00:00,2.185,2.188,2.166,2.172,79704.3
2025-06-22 09:00:00+00:00,2.173,2.181,2.127,2.135,388897.01
2025-06-22 10:00:00+00:00,2.135,2.171,2.13,2.165,218753.19
2025-06-22 11:00:00+00:00,2.164,2.181,2.162,2.17,200534.19
2025-06-22 12:00:00+00:00,2.17,2.184,2.139,2.164,251576.43
2025-06-22 13:00:00+00:00,2.165,2.169,2.059,2.093,1975603.53
2025-06-22 14:00:00+00:00,2.092,2.107,2.049,2.105,1028497.48
2025-06-22 15:00:00+00:00,2.105,2.108,2.071,2.075,409195.83
2025-06-22 16:00:00+00:00,2.075,2.079,2.042,2.057,451734.83
2025-06-22 17:00:00+00:00,2.057,2.087,2.039,2.066,342459.81
2025-06-22 18:00:00+00:00,2.066,2.076,2.054,2.057,146999.94
2025-06-22 19:00:00+00:00,2.057,2.061,2.031,2.044,210143.81
2025-06-22 20:00:00+00:00,2.046,2.049,1.964,2.036,1913003.55
2025-06-22 21:00:00+00:00,2.036,2.056,2.011,2.015,296529.3
2025-06-22 22:00:00+00:00,2.014,2.064,2.014,2.062,493641.03
2025-06-22 23:00:00+00:00,2.062,2.073,2.054,2.069,218332.49
2025-06-23 00:00:00+00:00,2.069,2.097,2.065,2.08,452756.6
2025-06-23 01:00:00+00:00,2.081,2.089,2.062,2.089,277061.61
2025-06-23 02:00:00+00:00,2.088,2.096,2.081,2.09,135487.29
2025-06-23 03:00:00+00:00,2.09,2.096,2.082,2.086,132250.95
2025-06-23 04:00:00+00:00,2.087,2.099,2.082,2.09,83212.07
2025-06-23 05:00:00+00:00,2.09,2.111,2.09,2.108,84504.04
2025-06-23 06:00:00+00:00,2.108,2.121,2.101,2.114,174902.09
2025-06-23 07:00:00+00:00,2.115,2.129,2.104,2.108,200042.49
2025-06-23 08:00:00+00:00,2.108,2.115,2.094,2.098,119198.9
2025-06-23 09:00:00+00:00,2.099,2.099,2.085,2.09,168104.18
2025-06-23 10:00:00+00:00,2.09,2.091,2.074,2.084,114579.55
2025-06-23 11:00:00+00:00,2.085,2.1,2.079,2.098,116887.95
2025-06-23 12:00:00+00:00,2.098,2.118,2.087,2.118,169729.66
2025-06-23 13:00:00+00:00,2.118,2.155,2.086,2.15,619295.62
2025-06-23 14:00:00+00:00,2.151,2.165,2.132,2.135,473637.36
2025-06-23 15:00:00+00:00,2.134,2.144,2.101,2.104,301197.07
2025-06-23 16:00:00+00:00,2.104,2.111,2.049,2.066,641617.97
2025-06-23 17:00:00+00:00,2.067,2.142,2.056,2.134,461698.44
2025-06-23 18:00:00+00:00,2.134,2.171,2.134,2.164,373510.29
2025-06-23 19:00:00+00:00,2.164,2.181,2.153,2.171,161380.61
2025-06-23 20:00:00+00:00,2.172,2.214,2.168,2.197,393535.82
2025-06-23 21:00:00+00:00,2.198,2.209,2.19,2.197,235424.24
2025-06-23 22:00:00+00:00,2.198,2.271,2.198,2.257,740046.77
2025-06-23 23:00:00+00:00,2.258,2.265,2.248,2.255,373068.34
2025-06-24 00:00:00+00:00,2.255,2.263,2.239,2.249,189179.68
2025-06-24 01:00:00+00:00,2.248,2.26,2.242,2.248,124997.98
2025-06-24 02:00:00+00:00,2.248,2.25,2.227,2.235,313677.48
2025-06-24 03:00:00+00:00,2.235,2.25,2.233,2.243,118326.56
2025-06-24 04:00:00+00:00,2.244,2.248,2.237,2.247,85506.47
2025-06-24 05:00:00+00:00,2.247,2.283,2.245,2.282,245270.79
2025-06-24 06:00:00+00:00,2.281,2.301,2.277,2.293,453554.44
2025-06-24 07:00:00+00:00,2.293,2.298,2.265,2.274,583562.32
2025-06-24 08:00:00+00:00,2.274,2.286,2.256,2.282,571767.89
2025-06-24 09:00:00+00:00,2.281,2.304,2.274,2.284,304303.84
2025-06-24 10:00:00+00:00,2.283,2.292,2.278,2.286,149110.04
2025-06-24 11:00:00+00:00,2.286,2.293,2.273,2.282,274742.3
2025-06-24 12:00:00+00:00,2.282,2.292,2.275,2.285,120817.11
2025-06-24 13:00:00+00:00,2.286,2.292,2.27,2.282,294857.7
2025-06-24 14:00:00+00:00,2.282,2.311,2.281,2.297,382498.1
2025-06-24 15:00:00+00:00,2.298,2.307,2.283,2.296,206423.79
2025-06-24 16:00:00+00:00,2.297,2.358,2.292,2.357,607403.57
2025-06-24 17:00:00+00:00,2.356,2.356,2.307,2.314,347999.04
2025-06-24 18:00:00+00:00,2.314,2.316,2.296,2.298,132870.83
2025-06-24 19:00:00+00:00,2.299,2.303,2.28,2.302,125369.42
2025-06-24 20:00:00+00:00,2.302,2.307,2.288,2.305,65220.87
2025-06-24 21:00:00+00:00,2.304,2.306,2.293,2.305,54440.71
2025-06-24 22:00:00+00:00,2.304,2.305,2.29,2.298,56470.52
2025-06-24 23:00:00+00:00,2.297,2.299,2.285,2.297,85590.89
2025-06-25 00:00:00+00:00,2.298,2.307,2.283,2.303,174901.89
2025-06-25 01:00:00+00:00,2.303,2.307,2.286,2.301,341595.35
2025-06-25 02:00:00+00:00,2.301,2.315,2.3,2.306,199535.55
2025-06-25 03:00:00+00:00,2.306,2.314,2.297,2.303,115216.88
2025-06-25 04:00:00+00:00,2.304,2.308,2.291,2.295,144600.96
2025-06-25 05:00:00+00:00,2.296,2.302,2.277,2.278,179999.95
2025-06-25 06:00:00+00:00,2.278,2.285,2.272,2.282,136283.88
2025-06-25 07:00:00+00:00,2.281,2.294,2.276,2.285,110157.44
2025-06-25 08:00:00+00:00,2.286,2.293,2.257,2.27,195432.71
2025-06-25 09:00:00+00:00,2.271,2.28,2.249,2.257,202686.42
2025-06-25 10:00:00+00:00,2.257,2.27,2.252,2.266,120324.6
2025-06-25 11:00:00+00:00,2.266,2.281,2.258,2.28,92747.01
2025-06-25 12:00:00+00:00,2.281,2.282,2.265,2.277,125391.23
2025-06-25 13:00:00+00:00,2.276,2.299,2.272,2.295,350765.65
2025-06-25 14:00:00+00:00,2.295,2.295,2.247,2.266,637194.39
2025-06-25 15:00:00+00:00,2.266,2.266,2.237,2.242,189092.89
2025-06-25 16:00:00+00:00,2.242,2.248,2.231,2.232,114443.67
2025-06-25 17:00:00+00:00,2.233,2.268,2.232,2.257,125957.6
2025-06-25 18:00:00+00:00,2.257,2.258,2.246,2.253,39696.82
2025-06-25 19:00:00+00:00,2.253,2.267,2.252,2.259,94260.44
2025-06-25 20:00:00+00:00,2.259,2.271,2.254,2.27,38612.2
2025-06-25 21:00:00+00:00,2.27,2.28,2.251,2.255,80368.55
2025-06-25 22:00:00+00:00,2.253,2.254,2.24,2.251,86772.59
2025-06-25 23:00:00+00:00,2.25,2.258,2.242,2.253,105902.31
2025-06-26 00:00:00+00:00,2.253,2.263,2.25,2.253,86397.21
2025-06-26 01:00:00+00:00,2.253,2.285,2.243,2.271,214166.53
2025-06-26 02:00:00+00:00,2.272,2.283,2.258,2.283,220076.21
2025-06-26 03:00:00+00:00,2.282,2.303,2.269,2.273,148734.61
2025-06-26 04:00:00+00:00,2.274,2.275,2.252,2.265,91443.93
2025-06-26 05:00:00+00:00,2.265,2.265,2.252,2.259,53289.93
2025-06-26 06:00:00+00:00,2.258,2.273,2.255,2.27,69821.1
2025-06-26 07:00:00+00:00,2.269,2.282,2.268,2.272,95972.36
2025-06-26 08:00:00+00:00,2.272,2.28,2.262,2.264,76361.71
2025-06-26 09:00:00+00:00,2.264,2.267,2.242,2.249,124767.41
2025-06-26 10:00:00+00:00,2.248,2.26,2.244,2.258,141891.25
2025-06-26 11:00:00+00:00,2.257,2.26,2.25,2.256,122231.03
2025-06-26 12:00:00+00:00,2.255,2.26,2.231,2.235,265682.14
2025-06-26 13:00:00+00:00,2.235,2.236,2.198,2.204,385073.87
2025-06-26 14:00:00+00:00,2.204,2.238,2.194,2.222,269691.9
2025-06-26 15:00:00+00:00,2.222,2.226,2.196,2.21,265219.64
2025-06-26 16:00:00+00:00,2.21,2.21,2.176,2.184,143021.96
2025-06-26 17:00:00+00:00,2.185,2.201,2.18,2.18,87740.74
2025-06-26 18:00:00+00:00,2.18,2.198,2.178,2.19,116169.3
2025-06-26 19:00:00+00:00,2.189,2.216,2.189,2.206,74099.51
2025-06-26 20:00:00+00:00,2.206,2.243,2.205,2.228,104288.06
2025-06-26 21:00:00+00:00,2.227,2.23,2.195,2.214,127784.47
2025-06-26 22:00:00+00:00,2.213,2.227,2.196,2.196,83145.22
2025-06-26 23:00:00+00:00,2.196,2.202,2.194,2.197,52584.09
2025-06-27 00:00:00+00:00,2.197,2.208,2.18,2.182,131278.52
2025-06-27 01:00:00+00:00,2.182,2.217,2.174,2.212,244893.21
2025-06-27 02:00:00+00:00,2.214,2.222,2.207,2.218,79346.76
2025-06-27 03:00:00+00:00,2.218,2.224,2.213,2.221,144282.66
2025-06-27 04:00:00+00:00,2.22,2.22,2.205,2.205,187644.95
2025-06-27 05:00:00+00:00,2.206,2.224,2.192,2.193,228554.98
2025-06-27 06:00:00+00:00,2.193,2.199,2.185,2.19,129452.56
2025-06-27 07:00:00+00:00,2.19,2.203,2.174,2.181,215407.02
2025-06-27 08:00:00+00:00,2.181,2.207,2.175,2.198,209296.57
2025-06-27 09:00:00+00:00,2.198,2.201,2.189,2.193,144176.02
2025-06-27 10:00:00+00:00,2.193,2.194,2.176,2.177,122656.29
2025-06-27 11:00:00+00:00,2.177,2.183,2.165,2.172,230020.55
2025-06-27 12:00:00+00:00,2.173,2.178,2.147,2.152,270616.58
2025-06-27 13:00:00+00:00,2.152,2.166,2.144,2.166,274297.71
2025-06-27 14:00:00+00:00,2.167,2.174,2.153,2.158,213019.33
2025-06-27 15:00:00+00:00,2.157,2.189,2.152,2.183,403671.49
2025-06-27 16:00:00+00:00,2.184,2.208,2.177,2.192,314134.39
2025-06-27 17:00:00+00:00,2.192,2.195,2.156,2.163,237562.48
2025-06-27 18:00:00+00:00,2.162,2.163,2.14,2.148,169473.5
2025-06-27 19:00:00+00:00,2.148,2.171,2.146,2.169,115514.19
2025-06-27 20:00:00+00:00,2.17,2.189,2.165,2.188,98465.82
2025-06-27 21:00:00+00:00,2.189,2.21,2.187,2.202,103123.67
2025-06-27 22:00:00+00:00,2.202,2.216,2.202,2.215,109559.74
2025-06-27 23:00:00+00:00,2.215,2.215,2.205,2.212,131969.51
2025-06-28 00:00:00+00:00,2.212,2.217,2.207,2.209,104668.29
2025-06-28 01:00:00+00:00,2.208,2.214,2.197,2.206,177027.64
2025-06-28 02:00:00+00:00,2.206,2.212,2.199,2.2,164291.04
2025-06-28 03:00:00+00:00,2.2,2.204,2.193,2.195,111462.08
2025-06-28 04:00:00+00:00,2.195,2.199,2.185,2.187,109974.01
2025-06-28 05:00:00+00:00,2.188,2.197,2.182,2.185,151707.25
2025-06-28 06:00:00+00:00,2.185,2.191,2.182,2.19,89552.64
2025-06-28 07:00:00+00:00,2.191,2.204,2.187,2.201,84695.07
2025-06-28 08:00:00+00:00,2.202,2.204,2.189,2.194,91332.76
2025-06-28 09:00:00+00:00,2.195,2.21,2.186,2.204,112461.37
2025-06-28 10:00:00+00:00,2.205,2.215,2.202,2.208,94148.41
2025-06-28 11:00:00+00:00,2.209,2.215,2.203,2.205,65689.96
2025-06-28 12:00:00+00:00,2.205,2.208,2.199,2.206,61468.02
2025-06-28 13:00:00+00:00,2.206,2.211,2.199,2.201,86240.95
2025-06-28 14:00:00+00:00,2.202,2.222,2.201,2.218,171210.3
2025-06-28 15:00:00+00:00,2.219,2.242,2.216,2.239,140298.56
2025-06-28 16:00:00+00:00,2.239,2.256,2.233,2.234,177906.8
2025-06-28 17:00:00+00:00,2.234,2.248,2.227,2.244,134301.73
2025-06-28 18:00:00+00:00,2.245,2.252,2.24,2.252,61425.91
2025-06-28 19:00:00+00:00,2.253,2.26,2.248,2.251,63047.58
2025-06-28 20:00:00+00:00,2.251,2.259,2.25,2.255,54531.26
2025-06-28 21:00:00+00:00,2.254,2.274,2.253,2.271,109166.54
2025-06-28 22:00:00+00:00,2.272,2.283,2.269,2.281,137301.96
2025-06-28 23:00:00+00:00,2.281,2.282,2.266,2.269,148008.13
2025-06-29 00:00:00+00:00,2.269,2.276,2.264,2.271,143374.75
2025-06-29 01:00:00+00:00,2.271,2.271,2.258,2.259,211946.15
2025-06-29 02:00:00+00:00,2.26,2.266,2.25,2.264,149227.11
2025-06-29 03:00:00+00:00,2.264,2.271,2.26,2.262,121303.07
2025-06-29 04:00:00+00:00,2.262,2.268,2.261,2.267,65073.86
2025-06-29 05:00:00+00:00,2.267,2.267,2.257,2.266,101300.39
2025-06-29 06:00:00+00:00,2.266,2.267,2.253,2.258,91344.81
2025-06-29 07:00:00+00:00,2.259,2.265,2.253,2.264,145652.82
2025-06-29 08:00:00+00:00,2.265,2.272,2.26,2.269,114389.27
2025-06-29 09:00:00+00:00,2.269,2.285,2.266,2.275,175980.83
2025-06-29 10:00:00+00:00,2.276,2.281,2.268,2.277,89193.7
2025-06-29 11:00:00+00:00,2.277,2.277,2.268,2.273,73819.34
2025-06-29 12:00:00+00:00,2.273,2.274,2.265,2.272,66700.29
2025-06-29 13:00:00+00:00,2.272,2.277,2.263,2.263,121525.57
2025-06-29 14:00:00+00:00,2.263,2.271,2.253,2.255,131223.07
2025-06-29 15:00:00+00:00,2.254,2.26,2.247,2.256,150850.95
2025-06-29 16:00:00+00:00,2.257,2.269,2.255,2.267,101683.33
2025-06-29 17:00:00+00:00,2.266,2.271,2.253,2.271,91344.97
2025-06-29 18:00:00+00:00,2.27,2.287,2.266,2.285,110591.15
2025-06-29 19:00:00+00:00,2.285,2.289,2.279,2.286,119282.44
2025-06-29 20:00:00+00:00,2.285,2.29,2.28,2.285,72312.75
2025-06-29 21:00:00+00:00,2.285,2.307,2.275,2.305,249599.99
2025-06-29 22:00:00+00:00,2.306,2.414,2.305,2.407,876943.91
2025-06-29 23:00:00+00:00,2.408,2.42,2.386,2.387,385444.11
2025-06-30 00:00:00+00:00,2.388,2.398,2.365,2.367,339295.08
2025-06-30 01:00:00+00:00,2.368,2.37,2.346,2.354,310385.34
2025-06-30 02:00:00+00:00,2.353,2.362,2.341,2.342,170605.81
2025-06-30 03:00:00+00:00,2.343,2.349,2.336,2.338,169142.44
2025-06-30 04:00:00+00:00,2.338,2.34,2.324,2.328,131500.81
2025-06-30 05:00:00+00:00,2.327,2.336,2.323,2.327,83677.61
2025-06-30 06:00:00+00:00,2.328,2.336,2.296,2.311,230569.43
2025-06-30 07:00:00+00:00,2.311,2.336,2.306,2.335,226051.82
2025-06-30 08:00:00+00:00,2.335,2.339,2.315,2.318,133923.54
2025-06-30 09:00:00+00:00,2.32,2.327,2.31,2.31,136394.65
2025-06-30 10:00:00+00:00,2.31,2.318,2.309,2.313,94724.71
2025-06-30 11:00:00+00:00,2.312,2.327,2.307,2.319,159907.85
2025-06-30 12:00:00+00:00,2.319,2.329,2.29,2.296,249787.1
2025-06-30 13:00:00+00:00,2.296,2.306,2.278,2.284,197201.76
2025-06-30 14:00:00+00:00,2.284,2.301,2.274,2.286,245023.88
2025-06-30 15:00:00+00:00,2.286,2.311,2.275,2.293,451753.25
2025-06-30 16:00:00+00:00,2.292,2.303,2.282,2.299,148461.92
2025-06-30 17:00:00+00:00,2.298,2.304,2.292,2.298,287814.18
2025-06-30 18:00:00+00:00,2.297,2.306,2.291,2.299,111990.85
2025-06-30 19:00:00+00:00,2.299,2.34,2.299,2.338,142274.32
2025-06-30 20:00:00+00:00,2.338,2.344,2.323,2.323,122376.85
2025-06-30 21:00:00+00:00,2.323,2.329,2.303,2.31,113415.18
2025-06-30 22:00:00+00:00,2.31,2.316,2.302,2.304,47291.58
2025-06-30 23:00:00+00:00,2.304,2.311,2.299,2.302,90439.57
2025-07-01 00:00:00+00:00,2.302,2.316,2.29,2.304,167870.31
2025-07-01 01:00:00+00:00,2.305,2.319,2.304,2.304,111770.49
2025-07-01 02:00:00+00:00,2.304,2.318,2.293,2.295,155756.95
2025-07-01 03:00:00+00:00,2.295,2.297,2.287,2.292,105131.98
2025-07-01 04:00:00+00:00,2.292,2.292,2.259,2.26,202141.29
2025-07-01 05:00:00+00:00,2.261,2.266,2.245,2.26,264010.68
2025-07-01 06:00:00+00:00,2.26,2.263,2.25,2.262,80371.75
2025-07-01 07:00:00+00:00,2.262,2.269,2.242,2.266,172772.78
2025-07-01 08:00:00+00:00,2.265,2.265,2.246,2.254,134534.72
2025-07-01 09:00:00+00:00,2.254,2.26,2.251,2.259,125001.24
2025-07-01 10:00:00+00:00,2.258,2.262,2.249,2.255,127627.23
2025-07-01 11:00:00+00:00,2.254,2.254,2.224,2.23,320152.48
2025-07-01 12:00:00+00:00,2.23,2.237,2.222,2.228,169437.86
2025-07-01 13:00:00+00:00,2.228,2.242,2.216,2.238,273851.7
2025-07-01 14:00:00+00:00,2.238,2.254,2.225,2.25,466253.69
2025-07-01 15:00:00+00:00,2.249,2.252,2.235,2.24,211790.46
2025-07-01 16:00:00+00:00,2.239,2.248,2.232,2.239,81381.78
2025-07-01 17:00:00+00:00,2.239,2.241,2.228,2.234,81509.82
2025-07-01 18:00:00+00:00,2.234,2.234,2.202,2.21,180866.22
2025-07-01 19:00:00+00:00,2.209,2.22,2.205,2.208,107731.28
2025-07-01 20:00:00+00:00,2.208,2.216,2.194,2.21,184537.38
2025-07-01 21:00:00+00:00,2.209,2.219,2.2,2.209,114215.24
2025-07-01 22:00:00+00:00,2.209,2.212,2.195,2.198,115585.65
2025-07-01 23:00:00+00:00,2.198,2.204,2.18,2.202,325333.35
2025-07-02 00:00:00+00:00,2.202,2.212,2.197,2.2,133713.22
2025-07-02 01:00:00+00:00,2.2,2.211,2.181,2.204,221070.8
2025-07-02 02:00:00+00:00,2.205,2.209,2.195,2.2,77308.85
2025-07-02 03:00:00+00:00,2.2,2.217,2.2,2.205,143228.34
2025-07-02 04:00:00+00:00,2.205,2.237,2.201,2.234,133279.4
2025-07-02 05:00:00+00:00,2.235,2.243,2.226,2.238,187337.84
2025-07-02 06:00:00+00:00,2.238,2.247,2.229,2.246,157022.62
2025-07-02 07:00:00+00:00,2.246,2.25,2.239,2.242,260912.61
2025-07-02 08:00:00+00:00,2.242,2.247,2.24,2.247,115321.47
2025-07-02 09:00:00+00:00,2.247,2.249,2.235,2.237,87044.55
2025-07-02 10:00:00+00:00,2.237,2.248,2.232,2.244,118872.07
2025-07-02 11:00:00+00:00,2.244,2.254,2.238,2.242,146222.41
2025-07-02 12:00:00+00:00,2.241,2.245,2.229,2.239,134666.7
2025-07-02 13:00:00+00:00,2.239,2.262,2.237,2.25,167984.53
2025-07-02 14:00:00+00:00,2.25,2.277,2.248,2.275,656013.91
2025-07-02 15:00:00+00:00,2.275,2.301,2.275,2.299,455876.58
2025-07-02 16:00:00+00:00,2.3,2.427,2.3,2.419,1872620.34
2025-07-02 17:00:00+00:00,2.42,2.43,2.378,2.395,866597.0
2025-07-02 18:00:00+00:00,2.395,2.417,2.395,2.41,300183.32
2025-07-02 19:00:00+00:00,2.411,2.422,2.402,2.421,244278.56
2025-07-02 20:00:00+00:00,2.421,2.436,2.415,2.42,359680.63
2025-07-02 21:00:00+00:00,2.42,2.423,2.404,2.417,311786.16
2025-07-02 22:00:00+00:00,2.418,2.427,2.396,2.398,180800.69
2025-07-02 23:00:00+00:00,2.398,2.4,2.368,2.37,246390.62
2025-07-03 00:00:00+00:00,2.37,2.388,2.363,2.379,285059.63
2025-07-03 01:00:00+00:00,2.379,2.394,2.372,2.394,180456.21
2025-07-03 02:00:00+00:00,2.394,2.395,2.373,2.381,277694.35
2025-07-03 03:00:00+00:00,2.381,2.393,2.376,2.38,213605.89
2025-07-03 04:00:00+00:00,2.38,2.409,2.375,2.409,217632.37
2025-07-03 05:00:00+00:00,2.41,2.427,2.401,2.425,324318.26
2025-07-03 06:00:00+00:00,2.426,2.434,2.419,2.433,310340.0
2025-07-03 07:00:00+00:00,2.433,2.445,2.429,2.438,219765.0
2025-07-03 08:00:00+00:00,2.438,2.44,2.417,2.418,205945.99
2025-07-03 09:00:00+00:00,2.417,2.439,2.414,2.429,341843.24
2025-07-03 10:00:00+00:00,2.429,2.432,2.407,2.415,239503.33
2025-07-03 11:00:00+00:00,2.414,2.417,2.396,2.401,167421.67
2025-07-03 12:00:00+00:00,2.402,2.424,2.37,2.393,859640.22
2025-07-03 13:00:00+00:00,2.392,2.428,2.382,2.423,507382.99
2025-07-03 14:00:00+00:00,2.423,2.429,2.391,2.397,279159.58
2025-07-03 15:00:00+00:00,2.397,2.402,2.358,2.361,351972.74
2025-07-03 16:00:00+00:00,2.361,2.381,2.361,2.377,284243.18
2025-07-03 17:00:00+00:00,2.377,2.386,2.375,2.384,111071.21
2025-07-03 18:00:00+00:00,2.383,2.391,2.373,2.383,121618.87
2025-07-03 19:00:00+00:00,2.382,2.389,2.381,2.384,94727.09
2025-07-03 20:00:00+00:00,2.384,2.398,2.384,2.397,52810.07
2025-07-03 21:00:00+00:00,2.398,2.406,2.392,2.4,61829.3
2025-07-03 22:00:00+00:00,2.401,2.403,2.397,2.402,62868.88
2025-07-03 23:00:00+00:00,2.402,2.405,2.39,2.397,108253.08
2025-07-04 00:00:00+00:00,2.397,2.405,2.387,2.397,140872.18
2025-07-04 01:00:00+00:00,2.397,2.408,2.394,2.394,113263.58
2025-07-04 02:00:00+00:00,2.394,2.396,2.372,2.375,202022.67
2025-07-04 03:00:00+00:00,2.374,2.387,2.371,2.379,90987.12
2025-07-04 04:00:00+00:00,2.378,2.384,2.363,2.363,89976.11
2025-07-04 05:00:00+00:00,2.364,2.381,2.363,2.37,105722.27
2025-07-04 06:00:00+00:00,2.369,2.369,2.34,2.342,364454.07
2025-07-04 07:00:00+00:00,2.341,2.347,2.307,2.314,304240.17
2025-07-04 08:00:00+00:00,2.314,2.323,2.291,2.32,341066.69
2025-07-04 09:00:00+00:00,2.32,2.329,2.314,2.317,76988.23
2025-07-04 10:00:00+00:00,2.317,2.321,2.309,2.309,121106.19
2025-07-04 11:00:00+00:00,2.309,2.325,2.308,2.319,82753.91
2025-07-04 12:00:00+00:00,2.318,2.329,2.31,2.315,115137.82
2025-07-04 13:00:00+00:00,2.315,2.323,2.298,2.302,178329.94
2025-07-04 14:00:00+00:00,2.301,2.306,2.278,2.289,303058.13
2025-07-04 15:00:00+00:00,2.288,2.291,2.258,2.262,342790.35
2025-07-04 16:00:00+00:00,2.261,2.264,2.229,2.243,498878.93
2025-07-04 17:00:00+00:00,2.242,2.256,2.237,2.25,242860.66
2025-07-04 18:00:00+00:00,2.251,2.251,2.236,2.246,129507.5
2025-07-04 19:00:00+00:00,2.246,2.252,2.236,2.24,105136.4
2025-07-04 20:00:00+00:00,2.239,2.25,2.235,2.244,164388.81
2025-07-04 21:00:00+00:00,2.243,2.253,2.237,2.251,92074.07
2025-07-04 22:00:00+00:00,2.25,2.271,2.249,2.271,127914.23
2025-07-04 23:00:00+00:00,2.27,2.271,2.256,2.262,151573.7
2025-07-05 00:00:00+00:00,2.262,2.272,2.255,2.266,166691.79
2025-07-05 01:00:00+00:00,2.265,2.265,2.247,2.255,115523.38
2025-07-05 02:00:00+00:00,2.255,2.263,2.243,2.262,115343.07
2025-07-05 03:00:00+00:00,2.261,2.269,2.26,2.26,119379.17
2025-07-05 04:00:00+00:00,2.26,2.265,2.25,2.251,92089.62
2025-07-05 05:00:00+00:00,2.251,2.262,2.246,2.262,108321.25
2025-07-05 06:00:00+00:00,2.262,2.279,2.258,2.278,114898.18
2025-07-05 07:00:00+00:00,2.278,2.28,2.263,2.265,122429.1
2025-07-05 08:00:00+00:00,2.265,2.268,2.25,2.259,146312.65
2025-07-05 09:00:00+00:00,2.258,2.265,2.245,2.264,109360.84
2025-07-05 10:00:00+00:00,2.264,2.265,2.256,2.257,92395.56
2025-07-05 11:00:00+00:00,2.257,2.268,2.256,2.259,123740.61
2025-07-05 12:00:00+00:00,2.259,2.26,2.239,2.25,173922.09
2025-07-05 13:00:00+00:00,2.249,2.255,2.239,2.241,121073.8
2025-07-05 14:00:00+00:00,2.241,2.248,2.236,2.248,122242.7
2025-07-05 15:00:00+00:00,2.247,2.251,2.237,2.24,120575.45
2025-07-05 16:00:00+00:00,2.241,2.248,2.224,2.241,215006.36
2025-07-05 17:00:00+00:00,2.241,2.249,2.227,2.237,142960.15
2025-07-05 18:00:00+00:00,2.237,2.238,2.215,2.217,246475.99
2025-07-05 19:00:00+00:00,2.217,2.236,2.211,2.234,64423.35
2025-07-05 20:00:00+00:00,2.234,2.248,2.229,2.247,94960.25
2025-07-05 21:00:00+00:00,2.248,2.261,2.246,2.253,163582.99
2025-07-05 22:00:00+00:00,2.252,2.259,2.247,2.258,70189.21
2025-07-05 23:00:00+00:00,2.257,2.261,2.249,2.253,58195.7
2025-07-06 00:00:00+00:00,2.253,2.256,2.246,2.255,87727.67
2025-07-06 01:00:00+00:00,2.256,2.256,2.245,2.252,55008.73
2025-07-06 02:00:00+00:00,2.251,2.258,2.246,2.246,114932.77
2025-07-06 03:00:00+00:00,2.246,2.249,2.238,2.24,175187.54
2025-07-06 04:00:00+00:00,2.239,2.246,2.235,2.235,52598.0
2025-07-06 05:00:00+00:00,2.236,2.239,2.232,2.235,39139.27
2025-07-06 06:00:00+00:00,2.235,2.247,2.233,2.243,63746.35
2025-07-06 07:00:00+00:00,2.244,2.25,2.24,2.242,39044.29
2025-07-06 08:00:00+00:00,2.242,2.251,2.231,2.246,156427.14
2025-07-06 09:00:00+00:00,2.246,2.254,2.242,2.242,112600.05
2025-07-06 10:00:00+00:00,2.243,2.256,2.242,2.248,74402.34
2025-07-06 11:00:00+00:00,2.249,2.255,2.243,2.255,83688.74
2025-07-06 12:00:00+00:00,2.255,2.264,2.247,2.263,87212.29
2025-07-06 13:00:00+00:00,2.263,2.304,2.26,2.292,220445.13
2025-07-06 14:00:00+00:00,2.292,2.297,2.273,2.285,202911.39
2025-07-06 15:00:00+00:00,2.286,2.292,2.28,2.291,67237.86
2025-07-06 16:00:00+00:00,2.29,2.3,2.286,2.297,99144.43
2025-07-06 17:00:00+00:00,2.297,2.297,2.286,2.29,43860.59
2025-07-06 18:00:00+00:00,2.291,2.291,2.264,2.276,92540.87
2025-07-06 19:00:00+00:00,2.277,2.283,2.27,2.278,90474.33
2025-07-06 20:00:00+00:00,2.278,2.29,2.276,2.282,52197.07
2025-07-06 21:00:00+00:00,2.282,2.329,2.282,2.312,175031.37
2025-07-06 22:00:00+00:00,2.313,2.329,2.307,2.309,136056.34
2025-07-06 23:00:00+00:00,2.309,2.31,2.282,2.291,224083.09
2025-07-07 00:00:00+00:00,2.292,2.295,2.278,2.283,294025.82
2025-07-07 01:00:00+00:00,2.283,2.295,2.275,2.291,115543.65
2025-07-07 02:00:00+00:00,2.291,2.319,2.291,2.304,243853.85
2025-07-07 03:00:00+00:00,2.305,2.32,2.302,2.305,151199.79
2025-07-07 04:00:00+00:00,2.306,2.318,2.303,2.304,171224.55
2025-07-07 05:00:00+00:00,2.305,2.308,2.293,2.297,216754.65
2025-07-07 06:00:00+00:00,2.297,2.297,2.281,2.283,86344.03
2025-07-07 07:00:00+00:00,2.283,2.304,2.279,2.304,125378.67
2025-07-07 08:00:00+00:00,2.303,2.308,2.3,2.305,216366.76
2025-07-07 09:00:00+00:00,2.304,2.304,2.285,2.289,75998.61
2025-07-07 10:00:00+00:00,2.288,2.288,2.277,2.279,104479.9
2025-07-07 11:00:00+00:00,2.279,2.285,2.272,2.276,78171.29
2025-07-07 12:00:00+00:00,2.276,2.279,2.265,2.273,194947.33
2025-07-07 13:00:00+00:00,2.273,2.296,2.269,2.295,170531.06
2025-07-07 14:00:00+00:00,2.295,2.295,2.259,2.264,193393.03
2025-07-07 15:00:00+00:00,2.264,2.276,2.264,2.272,92036.85
2025-07-07 16:00:00+00:00,2.271,2.278,2.253,2.262,211025.56
2025-07-07 17:00:00+00:00,2.261,2.275,2.254,2.267,110267.84
2025-07-07 18:00:00+00:00,2.268,2.271,2.248,2.271,188518.6
2025-07-07 19:00:00+00:00,2.271,2.292,2.27,2.281,152998.38
2025-07-07 20:00:00+00:00,2.282,2.282,2.257,2.266,165214.63
2025-07-07 21:00:00+00:00,2.265,2.28,2.256,2.272,120175.65
2025-07-07 22:00:00+00:00,2.273,2.276,2.258,2.268,90169.56
2025-07-07 23:00:00+00:00,2.268,2.281,2.267,2.28,45919.94
2025-07-08 00:00:00+00:00,2.28,2.286,2.271,2.273,264043.19
2025-07-08 01:00:00+00:00,2.273,2.273,2.249,2.253,147926.87
2025-07-08 02:00:00+00:00,2.252,2.259,2.243,2.253,236473.15
2025-07-08 03:00:00+00:00,2.252,2.259,2.249,2.253,57667.65
2025-07-08 04:00:00+00:00,2.252,2.254,2.239,2.252,121015.75
2025-07-08 05:00:00+00:00,2.253,2.256,2.248,2.254,83151.75
2025-07-08 06:00:00+00:00,2.254,2.26,2.249,2.253,110978.41
2025-07-08 07:00:00+00:00,2.252,2.256,2.245,2.256,111604.46
2025-07-08 08:00:00+00:00,2.256,2.26,2.243,2.243,103539.93
2025-07-08 09:00:00+00:00,2.244,2.251,2.239,2.247,112003.35
2025-07-08 10:00:00+00:00,2.247,2.273,2.244,2.272,138851.11
2025-07-08 11:00:00+00:00,2.273,2.298,2.273,2.287,377670.76
2025-07-08 12:00:00+00:00,2.287,2.295,2.28,2.293,152881.54
2025-07-08 13:00:00+00:00,2.293,2.305,2.284,2.298,170202.8
2025-07-08 14:00:00+00:00,2.298,2.3,2.268,2.271,220849.34
2025-07-08 15:00:00+00:00,2.272,2.276,2.258,2.266,149836.45
2025-07-08 16:00:00+00:00,2.267,2.289,2.26,2.281,97672.36
2025-07-08 17:00:00+00:00,2.281,2.326,2.281,2.315,235391.86
2025-07-08 18:00:00+00:00,2.316,2.33,2.316,2.33,104492.51
2025-07-08 19:00:00+00:00,2.331,2.332,2.312,2.319,123112.29
2025-07-08 20:00:00+00:00,2.32,2.323,2.308,2.31,110166.42
2025-07-08 21:00:00+00:00,2.309,2.322,2.308,2.316,85117.63
2025-07-08 22:00:00+00:00,2.317,2.322,2.309,2.314,53470.28
2025-07-08 23:00:00+00:00,2.315,2.316,2.305,2.312,67902.41
2025-07-09 00:00:00+00:00,2.313,2.315,2.295,2.301,238691.92
2025-07-09 01:00:00+00:00,2.302,2.313,2.284,2.291,153332.32
2025-07-09 02:00:00+00:00,2.291,2.295,2.285,2.295,64793.57
2025-07-09 03:00:00+00:00,2.295,2.303,2.289,2.293,82319.43
2025-07-09 04:00:00+00:00,2.292,2.309,2.29,2.309,138850.16
2025-07-09 05:00:00+00:00,2.31,2.336,2.298,2.324,374999.57
2025-07-09 06:00:00+00:00,2.324,2.334,2.317,2.334,191326.51
2025-07-09 07:00:00+00:00,2.334,2.341,2.326,2.336,193673.74
2025-07-09 08:00:00+00:00,2.337,2.352,2.329,2.347,228242.45
2025-07-09 09:00:00+00:00,2.346,2.353,2.328,2.333,167792.68
2025-07-09 10:00:00+00:00,2.334,2.344,2.33,2.344,80294.74
2025-07-09 11:00:00+00:00,2.345,2.357,2.341,2.352,154019.69
2025-07-09 12:00:00+00:00,2.353,2.38,2.351,2.37,391702.78
2025-07-09 13:00:00+00:00,2.37,2.376,2.353,2.356,151993.51
2025-07-09 14:00:00+00:00,2.356,2.366,2.337,2.352,315886.9
2025-07-09 15:00:00+00:00,2.351,2.359,2.345,2.35,120282.01
2025-07-09 16:00:00+00:00,2.351,2.364,2.351,2.362,90913.32
2025-07-09 17:00:00+00:00,2.362,2.365,2.35,2.359,108253.79
2025-07-09 18:00:00+00:00,2.358,2.394,2.357,2.384,265999.94
2025-07-09 19:00:00+00:00,2.384,2.448,2.382,2.442,721076.09
2025-07-09 20:00:00+00:00,2.443,2.458,2.426,2.442,541682.54
2025-07-09 21:00:00+00:00,2.442,2.471,2.439,2.451,383844.42
2025-07-09 22:00:00+00:00,2.451,2.469,2.449,2.458,215671.41
2025-07-09 23:00:00+00:00,2.459,2.46,2.436,2.439,219741.87
2025-07-10 00:00:00+00:00,2.439,2.449,2.421,2.423,377987.29
2025-07-10 01:00:00+00:00,2.424,2.435,2.423,2.429,305707.67
2025-07-10 02:00:00+00:00,2.429,2.444,2.429,2.444,259636.98
2025-07-10 03:00:00+00:00,2.445,2.447,2.432,2.435,238576.73
2025-07-10 04:00:00+00:00,2.435,2.449,2.425,2.445,265944.99
2025-07-10 05:00:00+00:00,2.445,2.449,2.433,2.433,143635.52
2025-07-10 06:00:00+00:00,2.432,2.449,2.424,2.446,222308.37
2025-07-10 07:00:00+00:00,2.446,2.462,2.439,2.442,661193.57
2025-07-10 08:00:00+00:00,2.443,2.45,2.432,2.448,236466.19
2025-07-10 09:00:00+00:00,2.448,2.451,2.434,2.438,195488.34
2025-07-10 10:00:00+00:00,2.437,2.448,2.429,2.445,224025.04
2025-07-10 11:00:00+00:00,2.444,2.444,2.429,2.441,166573.9
2025-07-10 12:00:00+00:00,2.44,2.442,2.427,2.441,123725.28
2025-07-10 13:00:00+00:00,2.441,2.46,2.439,2.444,229767.06
2025-07-10 14:00:00+00:00,2.444,2.454,2.427,2.447,215213.68
2025-07-10 15:00:00+00:00,2.448,2.45,2.434,2.44,159112.28
2025-07-10 16:00:00+00:00,2.441,2.49,2.437,2.489,429718.91
2025-07-10 17:00:00+00:00,2.489,2.517,2.479,2.516,424554.34
2025-07-10 18:00:00+00:00,2.515,2.522,2.495,2.512,354684.27
2025-07-10 19:00:00+00:00,2.512,2.521,2.5,2.511,194350.66
2025-07-10 20:00:00+00:00,2.511,2.533,2.51,2.527,238270.93
2025-07-10 21:00:00+00:00,2.527,2.592,2.525,2.579,1122776.71
2025-07-10 22:00:00+00:00,2.579,2.607,2.579,2.604,559888.23
2025-07-10 23:00:00+00:00,2.603,2.607,2.57,2.589,390072.02
2025-07-11 00:00:00+00:00,2.589,2.593,2.542,2.564,499906.52
2025-07-11 01:00:00+00:00,2.564,2.606,2.562,2.604,466674.57
2025-07-11 02:00:00+00:00,2.604,2.61,2.59,2.608,291474.23
2025-07-11 03:00:00+00:00,2.607,2.619,2.599,2.611,447206.65
2025-07-11 04:00:00+00:00,2.611,2.629,2.6,2.627,399492.38
2025-07-11 05:00:00+00:00,2.626,2.661,2.625,2.638,631526.25
2025-07-11 06:00:00+00:00,2.638,2.653,2.592,2.594,446737.26
2025-07-11 07:00:00+00:00,2.594,2.607,2.577,2.588,407699.05
2025-07-11 08:00:00+00:00,2.588,2.62,2.587,2.618,254597.38
2025-07-11 09:00:00+00:00,2.619,2.638,2.612,2.626,250152.0
2025-07-11 10:00:00+00:00,2.626,2.641,2.623,2.626,286026.25
2025-07-11 11:00:00+00:00,2.626,2.628,2.601,2.612,243287.2
2025-07-11 12:00:00+00:00,2.611,2.636,2.605,2.635,324766.01
2025-07-11 13:00:00+00:00,2.635,2.655,2.61,2.649,463281.81
2025-07-11 14:00:00+00:00,2.65,2.662,2.627,2.648,407579.99
2025-07-11 15:00:00+00:00,2.647,2.679,2.598,2.609,1029781.72
2025-07-11 16:00:00+00:00,2.609,2.639,2.586,2.633,769483.18
2025-07-11 17:00:00+00:00,2.632,2.665,2.628,2.66,622788.47
2025-07-11 18:00:00+00:00,2.661,2.675,2.641,2.654,412465.62
2025-07-11 19:00:00+00:00,2.655,2.659,2.633,2.656,256782.56
2025-07-11 20:00:00+00:00,2.655,2.662,2.616,2.616,272858.96
2025-07-11 21:00:00+00:00,2.617,2.626,2.565,2.587,454177.96
2025-07-11 22:00:00+00:00,2.587,2.597,2.511,2.545,897777.66
2025-07-11 23:00:00+00:00,2.545,2.568,2.541,2.562,200672.54
2025-07-12 00:00:00+00:00,2.563,2.572,2.525,2.548,515308.83
2025-07-12 01:00:00+00:00,2.547,2.59,2.546,2.586,245609.22
2025-07-12 02:00:00+00:00,2.586,2.603,2.578,2.581,245323.46
2025-07-12 03:00:00+00:00,2.58,2.594,2.578,2.585,182446.28
2025-07-12 04:00:00+00:00,2.585,2.589,2.542,2.545,273885.17
2025-07-12 05:00:00+00:00,2.545,2.562,2.525,2.553,256946.8
2025-07-12 06:00:00+00:00,2.553,2.592,2.545,2.589,429225.82
2025-07-12 07:00:00+00:00,2.589,2.595,2.57,2.577,288083.61
2025-07-12 08:00:00+00:00,2.576,2.585,2.557,2.565,187299.46
2025-07-12 09:00:00+00:00,2.564,2.588,2.559,2.585,144336.98
2025-07-12 10:00:00+00:00,2.585,2.588,2.571,2.582,107887.53
2025-07-12 11:00:00+00:00,2.582,2.586,2.568,2.573,116692.88
2025-07-12 12:00:00+00:00,2.574,2.585,2.516,2.544,392666.88
2025-07-12 13:00:00+00:00,2.544,2.544,2.495,2.527,516768.54
2025-07-12 14:00:00+00:00,2.528,2.544,2.508,2.51,311443.04
2025-07-12 15:00:00+00:00,2.511,2.514,2.461,2.48,686663.69
2025-07-12 16:00:00+00:00,2.48,2.523,2.471,2.5,326537.1
2025-07-12 17:00:00+00:00,2.501,2.538,2.498,2.534,163035.64
2025-07-12 18:00:00+00:00,2.533,2.542,2.521,2.535,113203.69
2025-07-12 19:00:00+00:00,2.536,2.541,2.523,2.54,94108.28
2025-07-12 20:00:00+00:00,2.54,2.54,2.5,2.5,211394.28
2025-07-12 21:00:00+00:00,2.501,2.536,2.5,2.536,105683.54
2025-07-12 22:00:00+00:00,2.535,2.537,2.514,2.532,77373.87
2025-07-12 23:00:00+00:00,2.532,2.543,2.522,2.535,151952.26
2025-07-13 00:00:00+00:00,2.535,2.544,2.525,2.532,197818.15
2025-07-13 01:00:00+00:00,2.532,2.544,2.528,2.539,193325.67
2025-07-13 02:00:00+00:00,2.538,2.544,2.518,2.536,110036.17
2025-07-13 03:00:00+00:00,2.537,2.541,2.528,2.536,123027.77
2025-07-13 04:00:00+00:00,2.536,2.559,2.525,2.557,225867.73
2025-07-13 05:00:00+00:00,2.557,2.561,2.54,2.542,124576.06
2025-07-13 06:00:00+00:00,2.542,2.574,2.541,2.557,224737.63
2025-07-13 07:00:00+00:00,2.557,2.573,2.555,2.563,123051.98
2025-07-13 08:00:00+00:00,2.563,2.571,2.551,2.562,136833.11
2025-07-13 09:00:00+00:00,2.562,2.567,2.538,2.547,169467.01
2025-07-13 10:00:00+00:00,2.548,2.559,2.543,2.549,114407.53
2025-07-13 11:00:00+00:00,2.549,2.571,2.549,2.571,96703.53
2025-07-13 12:00:00+00:00,2.571,2.595,2.562,2.586,306316.3
2025-07-13 13:00:00+00:00,2.586,2.598,2.568,2.591,214348.72
2025-07-13 14:00:00+00:00,2.591,2.621,2.584,2.594,320509.18
2025-07-13 15:00:00+00:00,2.595,2.628,2.587,2.592,557284.05
2025-07-13 16:00:00+00:00,2.593,2.608,2.57,2.573,245940.46
2025-07-13 17:00:00+00:00,2.574,2.593,2.564,2.588,129691.35
2025-07-13 18:00:00+00:00,2.589,2.612,2.585,2.603,136608.19
2025-07-13 19:00:00+00:00,2.603,2.615,2.589,2.59,158162.08
2025-07-13 20:00:00+00:00,2.591,2.605,2.581,2.597,72213.31
2025-07-13 21:00:00+00:00,2.597,2.597,2.54,2.561,224403.55
2025-07-13 22:00:00+00:00,2.56,2.566,2.541,2.548,185453.46
2025-07-13 23:00:00+00:00,2.548,2.564,2.544,2.559,110758.56
2025-07-14 00:00:00+00:00,2.56,2.573,2.552,2.56,236249.65
2025-07-14 01:00:00+00:00,2.56,2.589,2.554,2.584,226968.3
2025-07-14 02:00:00+00:00,2.584,2.633,2.579,2.608,417035.31
2025-07-14 03:00:00+00:00,2.609,2.666,2.604,2.639,561862.98
2025-07-14 04:00:00+00:00,2.639,2.68,2.636,2.68,553418.3
2025-07-14 05:00:00+00:00,2.679,2.69,2.62,2.647,712826.66
2025-07-14 06:00:00+00:00,2.647,2.648,2.626,2.635,274265.23
2025-07-14 07:00:00+00:00,2.634,2.669,2.634,2.663,439682.43
2025-07-14 08:00:00+00:00,2.663,2.663,2.621,2.643,371933.7
2025-07-14 09:00:00+00:00,2.643,2.665,2.636,2.647,475106.1
2025-07-14 10:00:00+00:00,2.646,2.661,2.623,2.658,325740.13
2025-07-14 11:00:00+00:00,2.658,2.664,2.633,2.638,254670.76
2025-07-14 12:00:00+00:00,2.637,2.649,2.623,2.639,273914.78
2025-07-14 13:00:00+00:00,2.64,2.651,2.619,2.638,341646.7
2025-07-14 14:00:00+00:00,2.638,2.654,2.59,2.615,695790.72
2025-07-14 15:00:00+00:00,2.615,2.615,2.566,2.588,526449.61
2025-07-14 16:00:00+00:00,2.588,2.609,2.572,2.604,266506.32
2025-07-14 17:00:00+00:00,2.604,2.605,2.583,2.596,116890.72
2025-07-14 18:00:00+00:00,2.597,2.597,2.547,2.56,387919.21
2025-07-14 19:00:00+00:00,2.559,2.569,2.55,2.56,139887.06
2025-07-14 20:00:00+00:00,2.56,2.569,2.523,2.559,195206.37
2025-07-14 21:00:00+00:00,2.559,2.58,2.555,2.576,119228.77
2025-07-14 22:00:00+00:00,2.576,2.584,2.567,2.577,158795.23
2025-07-14 23:00:00+00:00,2.577,2.581,2.558,2.575,103152.79
2025-07-15 00:00:00+00:00,2.574,2.582,2.536,2.541,219576.89
2025-07-15 01:00:00+00:00,2.54,2.552,2.504,2.527,442830.03
2025-07-15 02:00:00+00:00,2.527,2.537,2.494,2.505,663153.83
2025-07-15 03:00:00+00:00,2.504,2.506,2.461,2.487,814565.17
2025-07-15 04:00:00+00:00,2.487,2.513,2.466,2.504,222744.4
2025-07-15 05:00:00+00:00,2.505,2.512,2.497,2.506,99581.31
2025-07-15 06:00:00+00:00,2.506,2.515,2.496,2.511,264548.59
2025-07-15 07:00:00+00:00,2.51,2.523,2.499,2.504,246681.95
2025-07-15 08:00:00+00:00,2.503,2.506,2.482,2.496,212086.15
2025-07-15 09:00:00+00:00,2.496,2.515,2.496,2.503,119263.56
2025-07-15 10:00:00+00:00,2.502,2.515,2.501,2.508,151001.53
2025-07-15 11:00:00+00:00,2.507,2.517,2.489,2.51,197572.64
2025-07-15 12:00:00+00:00,2.51,2.535,2.488,2.525,636874.32
2025-07-15 13:00:00+00:00,2.525,2.55,2.517,2.54,342641.99
2025-07-15 14:00:00+00:00,2.541,2.556,2.472,2.483,447385.12
2025-07-15 15:00:00+00:00,2.483,2.54,2.479,2.535,330718.09
2025-07-15 16:00:00+00:00,2.535,2.57,2.535,2.56,409603.83
2025-07-15 17:00:00+00:00,2.559,2.607,2.553,2.606,345058.91
2025-07-15 18:00:00+00:00,2.607,2.635,2.567,2.59,515352.21
2025-07-15 19:00:00+00:00,2.589,2.611,2.55,2.558,425654.69
2025-07-15 20:00:00+00:00,2.558,2.585,2.547,2.574,169613.07
2025-07-15 21:00:00+00:00,2.573,2.624,2.572,2.618,209233.73
2025-07-15 22:00:00+00:00,2.619,2.622,2.595,2.613,188485.06
2025-07-15 23:00:00+00:00,2.614,2.651,2.614,2.646,303186.62
2025-07-16 00:00:00+00:00,2.646,2.666,2.627,2.664,432987.26
2025-07-16 01:00:00+00:00,2.664,2.671,2.648,2.652,271883.16
2025-07-16 02:00:00+00:00,2.652,2.652,2.601,2.613,563899.79
2025-07-16 03:00:00+00:00,2.614,2.621,2.607,2.608,190548.7
2025-07-16 04:00:00+00:00,2.609,2.623,2.59,2.621,242676.76
2025-07-16 05:00:00+00:00,2.623,2.631,2.617,2.621,141212.24
2025-07-16 06:00:00+00:00,2.621,2.637,2.608,2.635,198571.14
2025-07-16 07:00:00+00:00,2.635,2.646,2.626,2.64,202794.09
2025-07-16 08:00:00+00:00,2.64,2.643,2.625,2.628,133242.07
2025-07-16 09:00:00+00:00,2.628,2.641,2.611,2.62,548968.89
2025-07-16 10:00:00+00:00,2.621,2.622,2.604,2.604,200339.04
2025-07-16 11:00:00+00:00,2.604,2.62,2.604,2.614,102596.35
2025-07-16 12:00:00+00:00,2.615,2.636,2.61,2.62,180978.62
2025-07-16 13:00:00+00:00,2.62,2.63,2.598,2.616,497105.48
2025-07-16 14:00:00+00:00,2.616,2.657,2.598,2.652,641149.36
2025-07-16 15:00:00+00:00,2.653,2.663,2.605,2.632,743207.01
2025-07-16 16:00:00+00:00,2.632,2.676,2.621,2.674,524728.53
2025-07-16 17:00:00+00:00,2.675,2.682,2.658,2.673,559197.79
2025-07-16 18:00:00+00:00,2.674,2.7,2.67,2.679,517205.47
2025-07-16 19:00:00+00:00,2.679,2.683,2.657,2.675,478797.43
2025-07-16 20:00:00+00:00,2.676,2.716,2.676,2.697,431640.91
2025-07-16 21:00:00+00:00,2.698,2.734,2.69,2.719,614971.91
2025-07-16 22:00:00+00:00,2.72,2.739,2.675,2.682,645565.86
2025-07-16 23:00:00+00:00,2.683,2.685,2.638,2.651,599389.28
2025-07-17 00:00:00+00:00,2.652,2.698,2.65,2.663,377677.7
2025-07-17 01:00:00+00:00,2.662,2.678,2.592,2.623,736549.97
2025-07-17 02:00:00+00:00,2.622,2.648,2.62,2.639,260811.65
2025-07-17 03:00:00+00:00,2.639,2.641,2.594,2.614,244972.57
2025-07-17 04:00:00+00:00,2.613,2.633,2.607,2.632,174732.02
2025-07-17 05:00:00+00:00,2.631,2.661,2.617,2.66,178420.87
2025-07-17 06:00:00+00:00,2.66,2.694,2.649,2.681,478028.6
2025-07-17 07:00:00+00:00,2.681,2.681,2.645,2.668,288513.54
2025-07-17 08:00:00+00:00,2.669,2.684,2.661,2.682,195900.32
2025-07-17 09:00:00+00:00,2.683,2.722,2.677,2.705,385484.23
2025-07-17 10:00:00+00:00,2.706,2.712,2.68,2.689,306820.98
2025-07-17 11:00:00+00:00,2.688,2.69,2.665,2.674,297169.96
2025-07-17 12:00:00+00:00,2.674,2.71,2.657,2.697,362378.78
2025-07-17 13:00:00+00:00,2.697,2.706,2.633,2.678,367002.37
2025-07-17 14:00:00+00:00,2.679,2.702,2.665,2.688,414472.7
2025-07-17 15:00:00+00:00,2.689,2.695,2.653,2.687,243002.77
2025-07-17 16:00:00+00:00,2.686,2.692,2.615,2.641,626688.37
2025-07-17 17:00:00+00:00,2.641,2.674,2.635,2.673,329357.0
2025-07-17 18:00:00+00:00,2.674,2.688,2.664,2.685,162922.72
2025-07-17 19:00:00+00:00,2.685,2.696,2.646,2.648,331529.16
2025-07-17 20:00:00+00:00,2.648,2.659,2.614,2.654,332137.87
2025-07-17 21:00:00+00:00,2.654,2.716,2.653,2.7,506572.02
2025-07-17 22:00:00+00:00,2.701,2.741,2.693,2.723,341854.32
2025-07-17 23:00:00+00:00,2.723,2.746,2.703,2.708,533103.04
2025-07-18 00:00:00+00:00,2.709,2.763,2.7,2.76,487245.0
2025-07-18 01:00:00+00:00,2.76,2.813,2.75,2.808,928413.15
2025-07-18 02:00:00+00:00,2.807,2.808,2.777,2.799,747997.32
2025-07-18 03:00:00+00:00,2.799,2.817,2.785,2.817,428478.94
2025-07-18 04:00:00+00:00,2.817,2.868,2.803,2.867,796009.48
2025-07-18 05:00:00+00:00,2.867,2.911,2.853,2.905,1586658.7
2025-07-18 06:00:00+00:00,2.904,2.904,2.859,2.877,1233866.6
2025-07-18 07:00:00+00:00,2.877,2.906,2.837,2.84,1084318.38
2025-07-18 08:00:00+00:00,2.84,2.881,2.82,2.837,787517.33
2025-07-18 09:00:00+00:00,2.838,2.863,2.815,2.861,740044.67
2025-07-18 10:00:00+00:00,2.861,2.882,2.825,2.88,799876.45
2025-07-18 11:00:00+00:00,2.88,2.885,2.835,2.876,360280.39
2025-07-18 12:00:00+00:00,2.877,2.904,2.856,2.904,955697.66
2025-07-18 13:00:00+00:00,2.903,2.909,2.867,2.883,552886.74
2025-07-18 14:00:00+00:00,2.884,2.908,2.793,2.824,1329004.39
2025-07-18 15:00:00+00:00,2.823,2.833,2.752,2.782,1061892.35
2025-07-18 16:00:00+00:00,2.783,2.838,2.777,2.818,679454.59
2025-07-18 17:00:00+00:00,2.818,2.835,2.797,2.821,352551.81
2025-07-18 18:00:00+00:00,2.82,2.822,2.772,2.776,213007.07
2025-07-18 19:00:00+00:00,2.776,2.789,2.744,2.769,340013.37
2025-07-18 20:00:00+00:00,2.768,2.768,2.687,2.734,808666.36
2025-07-18 21:00:00+00:00,2.733,2.788,2.729,2.761,286848.12
2025-07-18 22:00:00+00:00,2.761,2.78,2.729,2.734,378230.27
2025-07-18 23:00:00+00:00,2.735,2.758,2.711,2.753,306806.58
2025-07-19 00:00:00+00:00,2.753,2.77,2.702,2.703,383518.99
2025-07-19 01:00:00+00:00,2.704,2.739,2.682,2.729,386312.49
2025-07-19 02:00:00+00:00,2.729,2.757,2.713,2.751,163584.95
2025-07-19 03:00:00+00:00,2.752,2.807,2.75,2.806,259634.77
2025-07-19 04:00:00+00:00,2.807,2.837,2.793,2.808,417191.1
2025-07-19 05:00:00+00:00,2.809,2.814,2.783,2.796,172523.79
2025-07-19 06:00:00+00:00,2.795,2.797,2.772,2.78,238777.38
2025-07-19 07:00:00+00:00,2.78,2.79,2.758,2.759,168976.51
2025-07-19 08:00:00+00:00,2.759,2.768,2.736,2.747,217739.6
2025-07-19 09:00:00+00:00,2.747,2.763,2.734,2.742,263614.02
2025-07-19 10:00:00+00:00,2.742,2.755,2.727,2.734,157259.63
2025-07-19 11:00:00+00:00,2.735,2.745,2.708,2.711,198670.3
2025-07-19 12:00:00+00:00,2.711,2.727,2.698,2.726,241500.91
2025-07-19 13:00:00+00:00,2.725,2.728,2.701,2.707,172659.68
2025-07-19 14:00:00+00:00,2.709,2.713,2.666,2.671,353663.28
2025-07-19 15:00:00+00:00,2.672,2.713,2.671,2.699,238708.24
2025-07-19 16:00:00+00:00,2.699,2.723,2.684,2.713,202172.46
2025-07-19 17:00:00+00:00,2.713,2.717,2.697,2.712,222284.34
2025-07-19 18:00:00+00:00,2.71,2.746,2.71,2.738,170625.25
2025-07-19 19:00:00+00:00,2.739,2.826,2.738,2.814,468088.63
2025-07-19 20:00:00+00:00,2.813,2.824,2.799,2.799,400577.91
2025-07-19 21:00:00+00:00,2.798,2.804,2.754,2.785,225149.44
2025-07-19 22:00:00+00:00,2.785,2.792,2.771,2.78,91383.21
2025-07-19 23:00:00+00:00,2.779,2.804,2.778,2.802,77518.33
2025-07-20 00:00:00+00:00,2.802,2.804,2.774,2.782,211378.14
2025-07-20 01:00:00+00:00,2.782,2.805,2.78,2.782,366607.02
2025-07-20 02:00:00+00:00,2.781,2.8,2.772,2.787,121605.09
2025-07-20 03:00:00+00:00,2.785,2.823,2.778,2.79,288443.1
2025-07-20 04:00:00+00:00,2.791,2.814,2.781,2.794,186056.13
2025-07-20 05:00:00+00:00,2.794,2.827,2.787,2.824,189983.51
2025-07-20 06:00:00+00:00,2.824,2.84,2.806,2.808,388380.36
2025-07-20 07:00:00+00:00,2.809,2.834,2.809,2.813,234855.59
2025-07-20 08:00:00+00:00,2.814,2.851,2.813,2.844,341907.3
2025-07-20 09:00:00+00:00,2.843,2.859,2.826,2.843,357594.91
2025-07-20 10:00:00+00:00,2.842,2.858,2.838,2.843,246644.98
2025-07-20 11:00:00+00:00,2.843,2.873,2.841,2.862,544259.8
2025-07-20 12:00:00+00:00,2.862,2.876,2.847,2.869,221940.71
2025-07-20 13:00:00+00:00,2.87,2.894,2.866,2.89,506620.8
2025-07-20 14:00:00+00:00,2.889,2.889,2.854,2.872,460958.17
2025-07-20 15:00:00+00:00,2.872,2.928,2.863,2.92,1102937.46
2025-07-20 16:00:00+00:00,2.92,3.009,2.914,2.985,2720259.89
2025-07-20 17:00:00+00:00,2.985,3.025,2.911,2.914,3140242.52
2025-07-20 18:00:00+00:00,2.915,2.94,2.902,2.931,469070.72
2025-07-20 19:00:00+00:00,2.932,2.947,2.927,2.929,273642.01
2025-07-20 20:00:00+00:00,2.93,2.937,2.904,2.921,207919.94
2025-07-20 21:00:00+00:00,2.92,2.937,2.884,2.936,331914.51
2025-07-20 22:00:00+00:00,2.936,2.94,2.817,2.883,1192249.65
2025-07-20 23:00:00+00:00,2.882,2.915,2.861,2.887,661991.2
2025-07-21 00:00:00+00:00,2.888,2.895,2.832,2.869,507925.74
2025-07-21 01:00:00+00:00,2.869,2.877,2.823,2.854,536419.77
2025-07-21 02:00:00+00:00,2.855,2.885,2.853,2.883,293724.97
2025-07-21 03:00:00+00:00,2.884,2.92,2.882,2.911,353162.92
2025-07-21 04:00:00+00:00,2.911,2.917,2.894,2.903,241546.53
2025-07-21 05:00:00+00:00,2.903,2.906,2.886,2.902,173778.25
2025-07-21 06:00:00+00:00,2.904,2.937,2.9,2.925,503822.15
2025-07-21 07:00:00+00:00,2.925,2.951,2.913,2.922,452486.65
2025-07-21 08:00:00+00:00,2.923,2.947,2.907,2.92,402558.94
2025-07-21 09:00:00+00:00,2.921,2.931,2.895,2.915,442574.69
2025-07-21 10:00:00+00:00,2.915,2.932,2.888,2.928,277469.83
2025-07-21 11:00:00+00:00,2.928,2.961,2.923,2.934,365057.65
2025-07-21 12:00:00+00:00,2.934,2.937,2.913,2.926,368795.27
2025-07-21 13:00:00+00:00,2.926,2.955,2.902,2.95,313536.3
2025-07-21 14:00:00+00:00,2.951,2.978,2.928,2.961,441863.23
2025-07-21 15:00:00+00:00,2.96,2.986,2.927,2.935,640949.87
2025-07-21 16:00:00+00:00,2.936,2.945,2.872,2.896,1044814.19
2025-07-21 17:00:00+00:00,2.895,2.924,2.886,2.919,493371.47
2025-07-21 18:00:00+00:00,2.919,2.963,2.889,2.896,337340.5
2025-07-21 19:00:00+00:00,2.895,2.923,2.855,2.871,431358.4
2025-07-21 20:00:00+00:00,2.871,2.901,2.86,2.873,392562.08
2025-07-21 21:00:00+00:00,2.872,2.906,2.86,2.896,353063.94
2025-07-21 22:00:00+00:00,2.897,2.925,2.894,2.918,126405.05
2025-07-21 23:00:00+00:00,2.918,2.932,2.899,2.918,282935.79
2025-07-22 00:00:00+00:00,2.919,2.93,2.878,2.882,343621.06
2025-07-22 01:00:00+00:00,2.882,2.933,2.805,2.923,1122879.73
2025-07-22 02:00:00+00:00,2.924,2.932,2.862,2.873,405576.0
2025-07-22 03:00:00+00:00,2.874,2.881,2.832,2.858,941445.52
2025-07-22 04:00:00+00:00,2.858,2.866,2.774,2.778,862108.9
2025-07-22 05:00:00+00:00,2.778,2.83,2.773,2.809,825559.47
2025-07-22 06:00:00+00:00,2.81,2.842,2.797,2.829,590293.8
2025-07-22 07:00:00+00:00,2.83,2.865,2.82,2.829,473207.38
2025-07-22 08:00:00+00:00,2.829,2.829,2.756,2.803,816491.2
2025-07-22 09:00:00+00:00,2.804,2.816,2.757,2.807,594122.12
2025-07-22 10:00:00+00:00,2.807,2.848,2.799,2.847,422269.63
2025-07-22 11:00:00+00:00,2.847,2.853,2.816,2.839,310164.37
2025-07-22 12:00:00+00:00,2.838,2.85,2.827,2.832,278674.05
2025-07-22 13:00:00+00:00,2.833,2.857,2.788,2.8,848285.4
2025-07-22 14:00:00+00:00,2.798,2.862,2.769,2.862,702081.08
2025-07-22 15:00:00+00:00,2.862,2.89,2.833,2.853,817445.57
2025-07-22 16:00:00+00:00,2.852,2.895,2.842,2.853,530948.32
2025-07-22 17:00:00+00:00,2.852,2.863,2.814,2.837,371117.13
2025-07-22 18:00:00+00:00,2.838,2.891,2.815,2.871,469024.99
2025-07-22 19:00:00+00:00,2.87,2.882,2.82,2.83,392658.79
2025-07-22 20:00:00+00:00,2.829,2.88,2.821,2.868,461922.96
2025-07-22 21:00:00+00:00,2.869,2.9,2.859,2.893,290550.82
2025-07-22 22:00:00+00:00,2.894,2.911,2.885,2.901,353890.4
2025-07-22 23:00:00+00:00,2.902,2.943,2.899,2.932,406499.32
2025-07-23 00:00:00+00:00,2.933,2.941,2.883,2.885,290148.57
2025-07-23 01:00:00+00:00,2.885,2.909,2.872,2.9,274295.69
2025-07-23 02:00:00+00:00,2.9,2.905,2.874,2.896,273220.23
2025-07-23 03:00:00+00:00,2.896,2.909,2.878,2.888,230029.7
2025-07-23 04:00:00+00:00,2.889,2.922,2.882,2.917,293404.39
2025-07-23 05:00:00+00:00,2.916,2.917,2.889,2.904,292505.33
2025-07-23 06:00:00+00:00,2.905,2.907,2.86,2.877,320328.83
2025-07-23 07:00:00+00:00,2.876,2.893,2.845,2.856,326118.35
2025-07-23 08:00:00+00:00,2.857,2.874,2.847,2.874,208447.0
2025-07-23 09:00:00+00:00,2.874,2.878,2.819,2.819,328246.28
2025-07-23 10:00:00+00:00,2.82,2.822,2.795,2.82,341404.38
2025-07-23 11:00:00+00:00,2.819,2.819,2.798,2.815,198612.73
2025-07-23 12:00:00+00:00,2.815,2.817,2.732,2.741,671287.8
2025-07-23 13:00:00+00:00,2.743,2.751,2.642,2.68,2532152.81
2025-07-23 14:00:00+00:00,2.68,2.715,2.673,2.705,812613.9
2025-07-23 15:00:00+00:00,2.704,2.713,2.667,2.704,469337.81
2025-07-23 16:00:00+00:00,2.704,2.704,2.636,2.64,578427.1
2025-07-23 17:00:00+00:00,2.641,2.654,2.604,2.644,896221.53
2025-07-23 18:00:00+00:00,2.644,2.672,2.642,2.672,209292.94
2025-07-23 19:00:00+00:00,2.67,2.675,2.648,2.652,226004.14
2025-07-23 20:00:00+00:00,2.652,2.667,2.577,2.62,1091108.38
2025-07-23 21:00:00+00:00,2.621,2.633,2.553,2.622,649995.65
2025-07-23 22:00:00+00:00,2.622,2.656,2.605,2.643,229267.79
2025-07-23 23:00:00+00:00,2.643,2.659,2.639,2.641,209428.07
2025-07-24 00:00:00+00:00,2.642,2.668,2.623,2.668,363091.72
2025-07-24 01:00:00+00:00,2.667,2.671,2.638,2.669,224872.08
2025-07-24 02:00:00+00:00,2.668,2.671,2.647,2.656,225650.84
2025-07-24 03:00:00+00:00,2.657,2.681,2.644,2.645,190675.42
2025-07-24 04:00:00+00:00,2.646,2.657,2.593,2.598,426150.07
2025-07-24 05:00:00+00:00,2.599,2.601,2.512,2.52,1065032.34
2025-07-24 06:00:00+00:00,2.52,2.569,2.474,2.511,1330888.15
2025-07-24 07:00:00+00:00,2.511,2.562,2.481,2.562,608698.44
2025-07-24 08:00:00+00:00,2.561,2.592,2.548,2.586,332893.84
2025-07-24 09:00:00+00:00,2.586,2.6,2.575,2.589,364921.26
2025-07-24 10:00:00+00:00,2.591,2.606,2.547,2.579,497448.4
2025-07-24 11:00:00+00:00,2.578,2.623,2.575,2.613,357874.58
2025-07-24 12:00:00+00:00,2.612,2.62,2.583,2.595,233029.7
2025-07-24 13:00:00+00:00,2.594,2.619,2.579,2.582,335509.97
2025-07-24 14:00:00+00:00,2.583,2.674,2.564,2.67,472063.08
2025-07-24 15:00:00+00:00,2.671,2.685,2.629,2.637,638299.88
2025-07-24 16:00:00+00:00,2.637,2.64,2.581,2.594,337725.69
2025-07-24 17:00:00+00:00,2.595,2.649,2.591,2.633,215544.13
2025-07-24 18:00:00+00:00,2.633,2.648,2.618,2.641,147969.42
2025-07-24 19:00:00+00:00,2.641,2.659,2.625,2.626,247829.32
2025-07-24 20:00:00+00:00,2.626,2.651,2.622,2.647,117793.13
2025-07-24 21:00:00+00:00,2.647,2.648,2.6,2.611,208996.54
2025-07-24 22:00:00+00:00,2.612,2.627,2.593,2.615,438354.89
2025-07-24 23:00:00+00:00,2.613,2.613,2.576,2.583,324437.77
2025-07-25 00:00:00+00:00,2.584,2.586,2.537,2.553,413316.47
2025-07-25 01:00:00+00:00,2.552,2.591,2.542,2.586,388647.63
2025-07-25 02:00:00+00:00,2.585,2.594,2.538,2.543,511224.03
2025-07-25 03:00:00+00:00,2.543,2.561,2.501,2.535,725706.59
2025-07-25 04:00:00+00:00,2.534,2.569,2.514,2.568,397304.72
2025-07-25 05:00:00+00:00,2.567,2.568,2.537,2.538,385737.93
2025-07-25 06:00:00+00:00,2.538,2.561,2.521,2.55,322015.15
2025-07-25 07:00:00+00:00,2.549,2.577,2.523,2.548,399789.29
2025-07-25 08:00:00+00:00,2.548,2.584,2.545,2.563,309356.78
2025-07-25 09:00:00+00:00,2.562,2.61,2.552,2.607,536543.67
2025-07-25 10:00:00+00:00,2.607,2.621,2.596,2.604,367105.41
2025-07-25 11:00:00+00:00,2.605,2.622,2.603,2.609,161952.23
2025-07-25 12:00:00+00:00,2.611,2.625,2.594,2.609,220204.01
2025-07-25 13:00:00+00:00,2.608,2.628,2.59,2.614,313273.44
2025-07-25 14:00:00+00:00,2.615,2.619,2.538,2.538,728141.64
2025-07-25 15:00:00+00:00,2.539,2.565,2.517,2.552,381432.36
2025-07-25 16:00:00+00:00,2.551,2.584,2.54,2.579,425901.09
2025-07-25 17:00:00+00:00,2.579,2.596,2.568,2.574,315994.93
2025-07-25 18:00:00+00:00,2.573,2.588,2.571,2.579,162454.1
2025-07-25 19:00:00+00:00,2.576,2.596,2.57,2.578,84347.55
2025-07-25 20:00:00+00:00,2.58,2.625,2.578,2.618,244302.69
2025-07-25 21:00:00+00:00,2.619,2.64,2.618,2.64,204768.99
2025-07-25 22:00:00+00:00,2.64,2.648,2.634,2.647,100712.31
2025-07-25 23:00:00+00:00,2.646,2.651,2.638,2.65,151535.28
2025-07-26 00:00:00+00:00,2.65,2.651,2.633,2.644,134634.36
2025-07-26 01:00:00+00:00,2.643,2.645,2.623,2.623,186979.3
2025-07-26 02:00:00+00:00,2.625,2.658,2.624,2.645,130801.6
2025-07-26 03:00:00+00:00,2.645,2.653,2.636,2.648,99686.06
2025-07-26 04:00:00+00:00,2.647,2.653,2.641,2.644,96673.2
2025-07-26 05:00:00+00:00,2.643,2.652,2.636,2.648,86144.75
2025-07-26 06:00:00+00:00,2.646,2.649,2.637,2.639,97048.37
2025-07-26 07:00:00+00:00,2.639,2.644,2.634,2.639,70581.25
2025-07-26 08:00:00+00:00,2.638,2.66,2.638,2.65,180357.64
2025-07-26 09:00:00+00:00,2.651,2.657,2.646,2.657,132626.64
2025-07-26 10:00:00+00:00,2.656,2.67,2.653,2.656,464600.08
2025-07-26 11:00:00+00:00,2.656,2.665,2.644,2.65,134306.11
2025-07-26 12:00:00+00:00,2.65,2.658,2.64,2.655,114029.57
2025-07-26 13:00:00+00:00,2.655,2.669,2.651,2.658,98215.97
2025-07-26 14:00:00+00:00,2.659,2.667,2.651,2.655,153104.23
2025-07-26 15:00:00+00:00,2.654,2.665,2.641,2.664,179321.7
2025-07-26 16:00:00+00:00,2.665,2.671,2.654,2.662,186110.55
2025-07-26 17:00:00+00:00,2.662,2.663,2.65,2.656,136480.65
2025-07-26 18:00:00+00:00,2.656,2.677,2.644,2.673,235618.01
2025-07-26 19:00:00+00:00,2.674,2.695,2.674,2.691,292657.65
2025-07-26 20:00:00+00:00,2.691,2.692,2.675,2.675,55132.27
2025-07-26 21:00:00+00:00,2.675,2.688,2.67,2.686,100716.78
2025-07-26 22:00:00+00:00,2.686,2.702,2.672,2.674,163695.21
2025-07-26 23:00:00+00:00,2.673,2.677,2.66,2.664,77254.97
2025-07-27 00:00:00+00:00,2.664,2.672,2.656,2.67,90703.77
2025-07-27 01:00:00+00:00,2.671,2.687,2.663,2.676,138022.99
2025-07-27 02:00:00+00:00,2.676,2.701,2.673,2.695,272528.55
2025-07-27 03:00:00+00:00,2.696,2.699,2.684,2.685,98778.43
2025-07-27 04:00:00+00:00,2.687,2.698,2.681,2.695,148134.2
2025-07-27 05:00:00+00:00,2.695,2.72,2.693,2.704,264475.34
2025-07-27 06:00:00+00:00,2.704,2.704,2.69,2.701,109329.63
2025-07-27 07:00:00+00:00,2.701,2.708,2.688,2.695,93755.36
2025-07-27 08:00:00+00:00,2.696,2.698,2.676,2.686,128739.94
2025-07-27 09:00:00+00:00,2.685,2.687,2.668,2.674,193208.6
2025-07-27 10:00:00+00:00,2.674,2.71,2.674,2.705,237127.47
2025-07-27 11:00:00+00:00,2.706,2.713,2.687,2.691,116483.72
2025-07-27 12:00:00+00:00,2.691,2.707,2.676,2.706,152827.29
2025-07-27 13:00:00+00:00,2.706,2.713,2.694,2.698,157213.51
2025-07-27 14:00:00+00:00,2.696,2.71,2.68,2.69,170378.72
2025-07-27 15:00:00+00:00,2.69,2.701,2.677,2.701,125101.11
2025-07-27 16:00:00+00:00,2.701,2.742,2.701,2.715,478448.56
2025-07-27 17:00:00+00:00,2.716,2.725,2.698,2.72,203257.09
2025-07-27 18:00:00+00:00,2.721,2.737,2.715,2.724,197994.14
2025-07-27 19:00:00+00:00,2.722,2.723,2.706,2.714,111351.32
2025-07-27 20:00:00+00:00,2.715,2.726,2.707,2.711,59725.35
2025-07-27 21:00:00+00:00,2.712,2.728,2.702,2.728,86960.78
2025-07-27 22:00:00+00:00,2.728,2.76,2.727,2.749,280500.5
2025-07-27 23:00:00+00:00,2.747,2.764,2.731,2.758,219242.85
2025-07-28 00:00:00+00:00,2.759,2.795,2.753,2.76,468578.4
2025-07-28 01:00:00+00:00,2.76,2.762,2.734,2.745,226438.25
2025-07-28 02:00:00+00:00,2.746,2.794,2.735,2.779,333123.91
2025-07-28 03:00:00+00:00,2.78,2.787,2.759,2.764,229803.33
2025-07-28 04:00:00+00:00,2.764,2.785,2.748,2.784,281919.07
2025-07-28 05:00:00+00:00,2.784,2.81,2.779,2.8,417175.74
2025-07-28 06:00:00+00:00,2.801,2.803,2.783,2.796,202938.71
2025-07-28 07:00:00+00:00,2.796,2.797,2.763,2.779,268321.9
2025-07-28 08:00:00+00:00,2.779,2.792,2.768,2.782,193564.01
2025-07-28 09:00:00+00:00,2.783,2.801,2.774,2.795,174131.07
2025-07-28 10:00:00+00:00,2.795,2.795,2.773,2.778,211996.9
2025-07-28 11:00:00+00:00,2.778,2.78,2.756,2.774,183245.62
2025-07-28 12:00:00+00:00,2.774,2.777,2.752,2.759,87138.87
2025-07-28 13:00:00+00:00,2.76,2.76,2.711,2.723,419363.64
2025-07-28 14:00:00+00:00,2.723,2.734,2.674,2.681,583677.13
2025-07-28 15:00:00+00:00,2.681,2.699,2.66,2.676,271653.82
2025-07-28 16:00:00+00:00,2.676,2.691,2.658,2.674,194241.54
2025-07-28 17:00:00+00:00,2.673,2.688,2.661,2.664,170724.22
2025-07-28 18:00:00+00:00,2.665,2.668,2.623,2.631,328091.54
2025-07-28 19:00:00+00:00,2.631,2.647,2.601,2.628,301461.24
2025-07-28 20:00:00+00:00,2.628,2.632,2.596,2.61,201511.61
2025-07-28 21:00:00+00:00,2.609,2.626,2.584,2.606,207666.75
2025-07-28 22:00:00+00:00,2.606,2.616,2.578,2.595,228923.78
2025-07-28 23:00:00+00:00,2.596,2.608,2.589,2.607,198493.52
2025-07-29 00:00:00+00:00,2.608,2.629,2.565,2.6,607665.56
2025-07-29 01:00:00+00:00,2.6,2.613,2.583,2.583,121198.58
2025-07-29 02:00:00+00:00,2.583,2.589,2.553,2.561,286093.02
2025-07-29 03:00:00+00:00,2.563,2.607,2.563,2.605,209322.72
2025-07-29 04:00:00+00:00,2.604,2.611,2.584,2.586,237904.85
2025-07-29 05:00:00+00:00,2.586,2.633,2.586,2.633,239445.0
2025-07-29 06:00:00+00:00,2.633,2.651,2.624,2.645,177898.33
2025-07-29 07:00:00+00:00,2.647,2.672,2.643,2.664,332491.68
2025-07-29 08:00:00+00:00,2.664,2.665,2.644,2.652,114034.56
2025-07-29 09:00:00+00:00,2.653,2.655,2.632,2.634,178106.49
2025-07-29 10:00:00+00:00,2.635,2.637,2.588,2.594,257719.15
2025-07-29 11:00:00+00:00,2.594,2.619,2.592,2.614,168304.56
2025-07-29 12:00:00+00:00,2.613,2.646,2.608,2.635,199078.93
2025-07-29 13:00:00+00:00,2.635,2.653,2.608,2.615,256356.06
2025-07-29 14:00:00+00:00,2.616,2.618,2.549,2.57,392948.42
2025-07-29 15:00:00+00:00,2.569,2.583,2.553,2.572,312411.55
2025-07-29 16:00:00+00:00,2.572,2.577,2.527,2.563,506173.7
2025-07-29 17:00:00+00:00,2.565,2.59,2.559,2.571,167634.61
2025-07-29 18:00:00+00:00,2.57,2.573,2.558,2.564,105766.22
2025-07-29 19:00:00+00:00,2.563,2.576,2.54,2.54,215876.68
2025-07-29 20:00:00+00:00,2.54,2.557,2.515,2.532,288401.03
2025-07-29 21:00:00+00:00,2.533,2.578,2.52,2.566,115297.69
2025-07-29 22:00:00+00:00,2.566,2.576,2.547,2.567,153709.53
2025-07-29 23:00:00+00:00,2.568,2.574,2.558,2.57,208797.02
2025-07-30 00:00:00+00:00,2.571,2.572,2.538,2.557,145818.98
2025-07-30 01:00:00+00:00,2.556,2.577,2.529,2.564,200791.95
2025-07-30 02:00:00+00:00,2.564,2.587,2.557,2.571,171562.71
2025-07-30 03:00:00+00:00,2.571,2.58,2.562,2.565,170146.74
2025-07-30 04:00:00+00:00,2.564,2.571,2.539,2.541,156794.85
2025-07-30 05:00:00+00:00,2.542,2.565,2.528,2.557,150485.47
2025-07-30 06:00:00+00:00,2.557,2.562,2.547,2.557,164147.69
2025-07-30 07:00:00+00:00,2.556,2.561,2.526,2.532,145433.96
2025-07-30 08:00:00+00:00,2.533,2.548,2.515,2.535,179957.57
2025-07-30 09:00:00+00:00,2.535,2.542,2.507,2.516,365847.69
2025-07-30 10:00:00+00:00,2.516,2.528,2.491,2.498,465458.36
2025-07-30 11:00:00+00:00,2.498,2.513,2.457,2.472,936231.6
2025-07-30 12:00:00+00:00,2.472,2.488,2.45,2.475,676106.02
2025-07-30 13:00:00+00:00,2.475,2.489,2.46,2.479,551776.1
2025-07-30 14:00:00+00:00,2.48,2.53,2.468,2.528,422183.41
2025-07-30 15:00:00+00:00,2.528,2.53,2.497,2.506,206661.54
2025-07-30 16:00:00+00:00,2.507,2.531,2.497,2.52,205103.33
2025-07-30 17:00:00+00:00,2.52,2.527,2.509,2.521,183734.31
2025-07-30 18:00:00+00:00,2.521,2.533,2.464,2.466,469403.86
2025-07-30 19:00:00+00:00,2.466,2.48,2.361,2.476,2490231.04
2025-07-30 20:00:00+00:00,2.476,2.495,2.471,2.475,266759.59
2025-07-30 21:00:00+00:00,2.475,2.486,2.445,2.468,270044.95
2025-07-30 22:00:00+00:00,2.467,2.473,2.45,2.463,201864.19
2025-07-30 23:00:00+00:00,2.462,2.497,2.462,2.492,108927.87
2025-07-31 00:00:00+00:00,2.492,2.515,2.482,2.513,243686.82
2025-07-31 01:00:00+00:00,2.513,2.519,2.504,2.51,103596.31
2025-07-31 02:00:00+00:00,2.51,2.524,2.504,2.519,154799.35
2025-07-31 03:00:00+00:00,2.52,2.536,2.519,2.532,130937.85
2025-07-31 04:00:00+00:00,2.533,2.537,2.524,2.536,109347.11
2025-07-31 05:00:00+00:00,2.536,2.539,2.524,2.532,295720.34
2025-07-31 06:00:00+00:00,2.531,2.549,2.523,2.545,202334.46
2025-07-31 07:00:00+00:00,2.544,2.546,2.535,2.536,100187.11
2025-07-31 08:00:00+00:00,2.537,2.548,2.536,2.543,152913.75
2025-07-31 09:00:00+00:00,2.542,2.548,2.538,2.545,200377.74
2025-07-31 10:00:00+00:00,2.545,2.547,2.534,2.535,75145.48
2025-07-31 11:00:00+00:00,2.535,2.538,2.514,2.52,131099.11
2025-07-31 12:00:00+00:00,2.519,2.521,2.493,2.504,214551.83
2025-07-31 13:00:00+00:00,2.502,2.502,2.454,2.471,435553.03
2025-07-31 14:00:00+00:00,2.472,2.478,2.428,2.45,1702896.04
2025-07-31 15:00:00+00:00,2.449,2.477,2.442,2.471,326408.45
2025-07-31 16:00:00+00:00,2.47,2.516,2.463,2.496,398411.24
2025-07-31 17:00:00+00:00,2.497,2.497,2.456,2.462,186760.79
2025-07-31 18:00:00+00:00,2.462,2.475,2.439,2.461,229323.57
2025-07-31 19:00:00+00:00,2.462,2.464,2.439,2.448,131531.79
2025-07-31 20:00:00+00:00,2.447,2.45,2.422,2.436,308935.15
2025-07-31 21:00:00+00:00,2.435,2.447,2.4,2.429,281280.54
2025-07-31 22:00:00+00:00,2.427,2.427,2.394,2.401,323584.11
2025-07-31 23:00:00+00:00,2.401,2.419,2.384,2.392,271983.02
2025-08-01 00:00:00+00:00,2.391,2.398,2.314,2.372,1100018.37
2025-08-01 01:00:00+00:00,2.372,2.385,2.342,2.372,604468.41
2025-08-01 02:00:00+00:00,2.371,2.393,2.36,2.387,352413.1
2025-08-01 03:00:00+00:00,2.387,2.398,2.378,2.386,176702.64
2025-08-01 04:00:00+00:00,2.385,2.385,2.364,2.365,183846.4
2025-08-01 05:00:00+00:00,2.366,2.373,2.344,2.355,325107.93
2025-08-01 06:00:00+00:00,2.355,2.362,2.335,2.359,346409.28
2025-08-01 07:00:00+00:00,2.359,2.367,2.339,2.348,447944.81
2025-08-01 08:00:00+00:00,2.347,2.347,2.287,2.325,1619884.14
2025-08-01 09:00:00+00:00,2.324,2.351,2.322,2.331,430790.12
2025-08-01 10:00:00+00:00,2.33,2.348,2.328,2.342,218597.95
2025-08-01 11:00:00+00:00,2.342,2.356,2.333,2.351,172363.93
2025-08-01 12:00:00+00:00,2.35,2.377,2.337,2.356,598269.49
2025-08-01 13:00:00+00:00,2.355,2.366,2.292,2.309,689159.53
2025-08-01 14:00:00+00:00,2.308,2.372,2.294,2.36,525709.47
2025-08-01 15:00:00+00:00,2.361,2.365,2.325,2.349,422705.75
2025-08-01 16:00:00+00:00,2.348,2.366,2.314,2.322,308902.24
2025-08-01 17:00:00+00:00,2.323,2.337,2.304,2.312,464051.19
2025-08-01 18:00:00+00:00,2.312,2.334,2.287,2.316,628850.75
2025-08-01 19:00:00+00:00,2.315,2.347,2.313,2.342,405116.77
2025-08-01 20:00:00+00:00,2.342,2.349,2.282,2.326,596387.08
2025-08-01 21:00:00+00:00,2.326,2.342,2.322,2.325,244018.11
2025-08-01 22:00:00+00:00,2.326,2.328,2.218,2.267,1674491.89
2025-08-01 23:00:00+00:00,2.267,2.302,2.263,2.296,371002.51
2025-08-02 00:00:00+00:00,2.296,2.322,2.294,2.319,295710.41
2025-08-02 01:00:00+00:00,2.319,2.324,2.305,2.32,155851.89
2025-08-02 02:00:00+00:00,2.319,2.325,2.316,2.322,95441.68
2025-08-02 03:00:00+00:00,2.323,2.327,2.318,2.323,59142.12
2025-08-02 04:00:00+00:00,2.323,2.335,2.318,2.335,100575.82
2025-08-02 05:00:00+00:00,2.334,2.335,2.324,2.324,55162.94
2025-08-02 06:00:00+00:00,2.326,2.327,2.276,2.292,1151685.25
2025-08-02 07:00:00+00:00,2.291,2.325,2.27,2.324,235418.7
2025-08-02 08:00:00+00:00,2.324,2.33,2.297,2.301,112202.98
2025-08-02 09:00:00+00:00,2.3,2.309,2.292,2.306,106153.96
2025-08-02 10:00:00+00:00,2.305,2.306,2.283,2.301,214299.5
2025-08-02 11:00:00+00:00,2.3,2.319,2.287,2.307,147763.9
2025-08-02 12:00:00+00:00,2.307,2.31,2.289,2.308,117058.63
2025-08-02 13:00:00+00:00,2.308,2.321,2.295,2.315,142018.33
2025-08-02 14:00:00+00:00,2.316,2.319,2.278,2.291,258661.74
2025-08-02 15:00:00+00:00,2.291,2.31,2.273,2.281,175689.69
2025-08-02 16:00:00+00:00,2.281,2.301,2.256,2.286,350390.64
2025-08-02 17:00:00+00:00,2.286,2.3,2.239,2.251,333112.6
2025-08-02 18:00:00+00:00,2.252,2.262,2.225,2.233,679133.81
2025-08-02 19:00:00+00:00,2.234,2.278,2.224,2.253,380005.24
2025-08-02 20:00:00+00:00,2.252,2.273,2.249,2.272,349053.39
2025-08-02 21:00:00+00:00,2.273,2.284,2.26,2.275,199574.01
2025-08-02 22:00:00+00:00,2.274,2.287,2.258,2.281,129853.81
2025-08-02 23:00:00+00:00,2.281,2.285,2.249,2.272,194662.05
2025-08-03 00:00:00+00:00,2.273,2.289,2.236,2.287,297893.69
2025-08-03 01:00:00+00:00,2.288,2.3,2.279,2.294,140385.26
2025-08-03 02:00:00+00:00,2.294,2.308,2.294,2.304,266981.55
2025-08-03 03:00:00+00:00,2.304,2.308,2.298,2.3,85533.58
2025-08-03 04:00:00+00:00,2.299,2.304,2.293,2.302,96020.86
2025-08-03 05:00:00+00:00,2.301,2.309,2.301,2.308,133801.6
2025-08-03 06:00:00+00:00,2.308,2.313,2.302,2.312,139224.76
2025-08-03 07:00:00+00:00,2.313,2.32,2.308,2.313,238962.08
2025-08-03 08:00:00+00:00,2.314,2.318,2.308,2.315,106261.11
2025-08-03 09:00:00+00:00,2.314,2.322,2.311,2.322,142427.26
2025-08-03 10:00:00+00:00,2.321,2.332,2.321,2.329,96711.02
2025-08-03 11:00:00+00:00,2.33,2.342,2.327,2.329,151808.21
2025-08-03 12:00:00+00:00,2.328,2.335,2.319,2.332,94463.88
2025-08-03 13:00:00+00:00,2.332,2.337,2.325,2.329,61890.3
2025-08-03 14:00:00+00:00,2.33,2.334,2.315,2.329,112723.17
2025-08-03 15:00:00+00:00,2.328,2.336,2.323,2.334,75969.81
2025-08-03 16:00:00+00:00,2.334,2.34,2.326,2.337,83494.43
2025-08-03 17:00:00+00:00,2.337,2.34,2.324,2.334,77932.51
2025-08-03 18:00:00+00:00,2.334,2.338,2.329,2.334,68277.73
2025-08-03 19:00:00+00:00,2.336,2.345,2.331,2.333,64405.35
2025-08-03 20:00:00+00:00,2.333,2.337,2.329,2.335,52603.18
2025-08-03 21:00:00+00:00,2.334,2.345,2.333,2.344,69533.69
2025-08-03 22:00:00+00:00,2.344,2.351,2.333,2.342,99016.92
2025-08-03 23:00:00+00:00,2.342,2.355,2.34,2.344,73592.86
2025-08-04 00:00:00+00:00,2.343,2.376,2.34,2.375,247567.59
2025-08-04 01:00:00+00:00,2.374,2.38,2.355,2.358,179009.96
2025-08-04 02:00:00+00:00,2.359,2.373,2.35,2.373,117169.27
2025-08-04 03:00:00+00:00,2.373,2.375,2.364,2.365,85751.01
2025-08-04 04:00:00+00:00,2.366,2.374,2.36,2.363,190669.21
2025-08-04 05:00:00+00:00,2.363,2.371,2.356,2.369,66889.31
2025-08-04 06:00:00+00:00,2.369,2.369,2.354,2.367,75656.7
2025-08-04 07:00:00+00:00,2.367,2.377,2.36,2.368,143644.45
2025-08-04 08:00:00+00:00,2.369,2.378,2.367,2.371,133826.61
2025-08-04 09:00:00+00:00,2.371,2.377,2.36,2.362,100176.42
2025-08-04 10:00:00+00:00,2.363,2.37,2.358,2.364,47397.62
2025-08-04 11:00:00+00:00,2.363,2.363,2.349,2.356,144988.81
2025-08-04 12:00:00+00:00,2.357,2.366,2.354,2.365,45025.61
2025-08-04 13:00:00+00:00,2.365,2.39,2.355,2.389,271363.84
2025-08-04 14:00:00+00:00,2.389,2.403,2.378,2.384,381542.77
2025-08-04 15:00:00+00:00,2.384,2.396,2.379,2.389,119716.42
2025-08-04 16:00:00+00:00,2.389,2.416,2.389,2.415,145198.47
2025-08-04 17:00:00+00:00,2.416,2.434,2.411,2.415,190257.3
2025-08-04 18:00:00+00:00,2.414,2.417,2.403,2.408,120468.67
2025-08-04 19:00:00+00:00,2.408,2.408,2.393,2.4,112505.41
2025-08-04 20:00:00+00:00,2.399,2.418,2.397,2.413,115024.23
2025-08-04 21:00:00+00:00,2.413,2.434,2.413,2.425,130361.1
2025-08-04 22:00:00+00:00,2.426,2.439,2.426,2.437,104325.75
2025-08-04 23:00:00+00:00,2.436,2.437,2.422,2.425,93943.06
2025-08-05 00:00:00+00:00,2.427,2.432,2.416,2.42,154983.0
2025-08-05 01:00:00+00:00,2.419,2.427,2.407,2.409,75831.94
2025-08-05 02:00:00+00:00,2.409,2.416,2.402,2.408,74560.58
2025-08-05 03:00:00+00:00,2.407,2.407,2.382,2.382,131170.98
2025-08-05 04:00:00+00:00,2.382,2.392,2.374,2.38,85221.51
2025-08-05 05:00:00+00:00,2.38,2.387,2.373,2.386,109729.5
2025-08-05 06:00:00+00:00,2.385,2.391,2.367,2.374,97407.67
2025-08-05 07:00:00+00:00,2.374,2.38,2.343,2.352,331131.51
2025-08-05 08:00:00+00:00,2.352,2.367,2.349,2.363,165534.58
2025-08-05 09:00:00+00:00,2.364,2.393,2.364,2.389,194243.53
2025-08-05 10:00:00+00:00,2.39,2.413,2.383,2.408,155466.15
2025-08-05 11:00:00+00:00,2.408,2.415,2.402,2.407,170045.29
2025-08-05 12:00:00+00:00,2.408,2.411,2.361,2.376,270154.57
2025-08-05 13:00:00+00:00,2.375,2.396,2.371,2.389,136773.69
2025-08-05 14:00:00+00:00,2.388,2.389,2.336,2.343,527308.38
2025-08-05 15:00:00+00:00,2.343,2.357,2.314,2.326,323350.53
2025-08-05 16:00:00+00:00,2.324,2.342,2.315,2.325,153151.55
2025-08-05 17:00:00+00:00,2.326,2.343,2.32,2.341,76156.96
2025-08-05 18:00:00+00:00,2.34,2.341,2.307,2.327,96538.05
2025-08-05 19:00:00+00:00,2.327,2.333,2.302,2.31,117532.78
2025-08-05 20:00:00+00:00,2.311,2.329,2.31,2.312,43826.66
2025-08-05 21:00:00+00:00,2.311,2.322,2.299,2.301,90682.42
2025-08-05 22:00:00+00:00,2.301,2.321,2.282,2.321,161664.04
2025-08-05 23:00:00+00:00,2.32,2.341,2.318,2.333,144528.84
2025-08-06 00:00:00+00:00,2.333,2.333,2.302,2.306,215044.7
2025-08-06 01:00:00+00:00,2.306,2.311,2.293,2.311,146234.32
2025-08-06 02:00:00+00:00,2.309,2.311,2.294,2.298,107214.8
2025-08-06 03:00:00+00:00,2.299,2.299,2.283,2.287,122734.34
2025-08-06 04:00:00+00:00,2.288,2.293,2.28,2.291,95260.79
2025-08-06 05:00:00+00:00,2.291,2.342,2.286,2.326,285752.44
2025-08-06 06:00:00+00:00,2.327,2.339,2.315,2.334,81767.89
2025-08-06 07:00:00+00:00,2.335,2.349,2.331,2.344,115994.11
2025-08-06 08:00:00+00:00,2.345,2.348,2.321,2.331,94259.32
2025-08-06 09:00:00+00:00,2.33,2.349,2.324,2.338,124228.56
2025-08-06 10:00:00+00:00,2.338,2.341,2.325,2.33,144053.34
2025-08-06 11:00:00+00:00,2.329,2.347,2.327,2.334,244539.45
2025-08-06 12:00:00+00:00,2.334,2.34,2.312,2.32,151681.93
2025-08-06 13:00:00+00:00,2.32,2.338,2.315,2.33,196417.66
2025-08-06 14:00:00+00:00,2.331,2.37,2.322,2.368,262898.04
2025-08-06 15:00:00+00:00,2.369,2.383,2.357,2.38,181965.0
2025-08-06 16:00:00+00:00,2.379,2.385,2.361,2.365,175858.72
2025-08-06 17:00:00+00:00,2.365,2.384,2.359,2.382,135252.71
2025-08-06 18:00:00+00:00,2.382,2.395,2.373,2.374,338031.07
2025-08-06 19:00:00+00:00,2.375,2.379,2.37,2.379,55270.19
2025-08-06 20:00:00+00:00,2.379,2.381,2.37,2.375,61215.57
2025-08-06 21:00:00+00:00,2.376,2.382,2.367,2.377,63252.66
2025-08-06 22:00:00+00:00,2.378,2.383,2.375,2.381,41449.97
2025-08-06 23:00:00+00:00,2.38,2.382,2.375,2.378,76501.82
2025-08-07 00:00:00+00:00,2.378,2.387,2.373,2.38,135698.24
2025-08-07 01:00:00+00:00,2.379,2.402,2.375,2.377,121876.43
2025-08-07 02:00:00+00:00,2.377,2.383,2.373,2.378,86018.65
2025-08-07 03:00:00+00:00,2.377,2.38,2.369,2.374,79774.15
2025-08-07 04:00:00+00:00,2.374,2.388,2.372,2.379,89104.96
2025-08-07 05:00:00+00:00,2.378,2.386,2.373,2.385,95538.64
2025-08-07 06:00:00+00:00,2.386,2.399,2.382,2.389,779730.79
2025-08-07 07:00:00+00:00,2.39,2.396,2.385,2.388,210482.2
2025-08-07 08:00:00+00:00,2.388,2.398,2.38,2.382,366776.67
2025-08-07 09:00:00+00:00,2.383,2.391,2.378,2.388,141623.59
2025-08-07 10:00:00+00:00,2.388,2.439,2.386,2.436,502188.13
2025-08-07 11:00:00+00:00,2.436,2.451,2.433,2.45,247837.7
2025-08-07 12:00:00+00:00,2.45,2.456,2.435,2.448,269070.0
2025-08-07 13:00:00+00:00,2.449,2.456,2.44,2.442,206849.96
2025-08-07 14:00:00+00:00,2.443,2.444,2.425,2.432,247497.71
2025-08-07 15:00:00+00:00,2.432,2.44,2.424,2.437,189270.85
2025-08-07 16:00:00+00:00,2.437,2.44,2.388,2.42,282794.88
2025-08-07 17:00:00+00:00,2.42,2.426,2.415,2.422,132967.94
2025-08-07 18:00:00+00:00,2.421,2.424,2.395,2.42,1192574.04
2025-08-07 19:00:00+00:00,2.42,2.447,2.415,2.447,217898.87
2025-08-07 20:00:00+00:00,2.447,2.465,2.446,2.461,161984.72
2025-08-07 21:00:00+00:00,2.461,2.475,2.454,2.466,190286.67
2025-08-07 22:00:00+00:00,2.467,2.486,2.463,2.484,343386.07
2025-08-07 23:00:00+00:00,2.485,2.49,2.476,2.489,190473.65
2025-08-08 00:00:00+00:00,2.489,2.523,2.446,2.479,1071255.38
2025-08-08 01:00:00+00:00,2.479,2.511,2.438,2.476,2035394.33
2025-08-08 02:00:00+00:00,2.477,2.485,2.462,2.473,123930.91
2025-08-08 03:00:00+00:00,2.473,2.502,2.472,2.487,343310.71
2025-08-08 04:00:00+00:00,2.489,2.49,2.471,2.472,127436.04
2025-08-08 05:00:00+00:00,2.471,2.479,2.464,2.465,112838.92
2025-08-08 06:00:00+00:00,2.465,2.493,2.462,2.493,151835.45
2025-08-08 07:00:00+00:00,2.492,2.512,2.475,2.502,334962.77
2025-08-08 08:00:00+00:00,2.501,2.515,2.492,2.498,204094.14
2025-08-08 09:00:00+00:00,2.498,2.503,2.485,2.499,95054.22
2025-08-08 10:00:00+00:00,2.499,2.505,2.488,2.494,142025.88
2025-08-08 11:00:00+00:00,2.494,2.502,2.494,2.496,118316.97
2025-08-08 12:00:00+00:00,2.496,2.497,2.474,2.475,90467.45
2025-08-08 13:00:00+00:00,2.475,2.522,2.474,2.522,390267.16
2025-08-08 14:00:00+00:00,2.522,2.533,2.492,2.505,550044.07
2025-08-08 15:00:00+00:00,2.505,2.508,2.467,2.485,329107.99
2025-08-08 16:00:00+00:00,2.487,2.501,2.483,2.501,168821.34
2025-08-08 17:00:00+00:00,2.501,2.55,2.5,2.549,352798.46
2025-08-08 18:00:00+00:00,2.55,2.554,2.532,2.542,208740.24
2025-08-08 19:00:00+00:00,2.542,2.55,2.535,2.55,144682.33
2025-08-08 20:00:00+00:00,2.55,2.554,2.537,2.544,114241.78
2025-08-08 21:00:00+00:00,2.544,2.546,2.536,2.542,92474.91
2025-08-08 22:00:00+00:00,2.541,2.554,2.536,2.548,165926.42
2025-08-08 23:00:00+00:00,2.548,2.557,2.541,2.545,97597.5
2025-08-09 00:00:00+00:00,2.546,2.552,2.538,2.544,124091.56
2025-08-09 01:00:00+00:00,2.544,2.56,2.54,2.557,82037.32
2025-08-09 02:00:00+00:00,2.557,2.571,2.55,2.55,150852.2
2025-08-09 03:00:00+00:00,2.55,2.559,2.544,2.552,105802.18
2025-08-09 04:00:00+00:00,2.553,2.573,2.544,2.566,175921.48
2025-08-09 05:00:00+00:00,2.565,2.61,2.56,2.605,617002.68
2025-08-09 06:00:00+00:00,2.606,2.607,2.583,2.588,175350.09
2025-08-09 07:00:00+00:00,2.588,2.604,2.584,2.603,320240.31
2025-08-09 08:00:00+00:00,2.604,2.61,2.595,2.6,202764.0
2025-08-09 09:00:00+00:00,2.599,2.621,2.597,2.614,180606.97
2025-08-09 10:00:00+00:00,2.614,2.636,2.612,2.629,496166.82
2025-08-09 11:00:00+00:00,2.63,2.645,2.619,2.628,626767.59
2025-08-09 12:00:00+00:00,2.628,2.646,2.622,2.64,398965.29
2025-08-09 13:00:00+00:00,2.641,2.641,2.61,2.611,343700.13
2025-08-09 14:00:00+00:00,2.611,2.62,2.596,2.618,367676.03
2025-08-09 15:00:00+00:00,2.617,2.627,2.598,2.622,218416.92
2025-08-09 16:00:00+00:00,2.623,2.639,2.621,2.623,208155.8
2025-08-09 17:00:00+00:00,2.622,2.638,2.619,2.633,111185.59
2025-08-09 18:00:00+00:00,2.632,2.641,2.621,2.637,233000.82
2025-08-09 19:00:00+00:00,2.636,2.653,2.634,2.644,161371.73
2025-08-09 20:00:00+00:00,2.643,2.664,2.638,2.656,235741.74
2025-08-09 21:00:00+00:00,2.656,2.66,2.632,2.643,216359.88
2025-08-09 22:00:00+00:00,2.644,2.66,2.632,2.636,188908.6
2025-08-09 23:00:00+00:00,2.637,2.64,2.626,2.631,262338.01
2025-08-10 00:00:00+00:00,2.631,2.66,2.62,2.648,409959.05
2025-08-10 01:00:00+00:00,2.649,2.659,2.633,2.638,212974.94
2025-08-10 02:00:00+00:00,2.637,2.642,2.619,2.619,259707.93
2025-08-10 03:00:00+00:00,2.619,2.648,2.607,2.646,358373.77
2025-08-10 04:00:00+00:00,2.645,2.661,2.633,2.655,178641.2
2025-08-10 05:00:00+00:00,2.656,2.656,2.617,2.618,272309.26
2025-08-10 06:00:00+00:00,2.619,2.623,2.597,2.606,284086.18
2025-08-10 07:00:00+00:00,2.605,2.618,2.558,2.567,803501.5
2025-08-10 08:00:00+00:00,2.568,2.591,2.538,2.588,514973.31
2025-08-10 09:00:00+00:00,2.588,2.601,2.585,2.593,132087.6
2025-08-10 10:00:00+00:00,2.592,2.598,2.562,2.573,245010.65
2025-08-10 11:00:00+00:00,2.573,2.585,2.565,2.566,210995.43
2025-08-10 12:00:00+00:00,2.567,2.585,2.562,2.584,173254.2
2025-08-10 13:00:00+00:00,2.584,2.588,2.556,2.557,168907.02
2025-08-10 14:00:00+00:00,2.557,2.61,2.551,2.603,345932.69
2025-08-10 15:00:00+00:00,2.603,2.617,2.593,2.602,222119.04
2025-08-10 16:00:00+00:00,2.603,2.614,2.598,2.609,193159.55
2025-08-10 17:00:00+00:00,2.608,2.617,2.6,2.613,155115.15
2025-08-10 18:00:00+00:00,2.614,2.623,2.61,2.623,156846.76
2025-08-10 19:00:00+00:00,2.624,2.636,2.62,2.622,205328.24
2025-08-10 20:00:00+00:00,2.624,2.627,2.61,2.617,236695.77
2025-08-10 21:00:00+00:00,2.616,2.616,2.592,2.614,129299.14
2025-08-10 22:00:00+00:00,2.615,2.624,2.602,2.622,99109.32
2025-08-10 23:00:00+00:00,2.623,2.628,2.61,2.622,108044.71
2025-08-11 00:00:00+00:00,2.623,2.63,2.612,2.612,140762.57
2025-08-11 01:00:00+00:00,2.611,2.656,2.609,2.644,272647.91
2025-08-11 02:00:00+00:00,2.643,2.683,2.642,2.675,494416.06
2025-08-11 03:00:00+00:00,2.676,2.676,2.657,2.664,386683.22
2025-08-11 04:00:00+00:00,2.664,2.68,2.649,2.649,230718.52
2025-08-11 05:00:00+00:00,2.649,2.657,2.633,2.641,610409.61
2025-08-11 06:00:00+00:00,2.642,2.648,2.629,2.636,407452.77
2025-08-11 07:00:00+00:00,2.636,2.642,2.598,2.603,364968.61
2025-08-11 08:00:00+00:00,2.602,2.624,2.592,2.617,228915.83
2025-08-11 09:00:00+00:00,2.618,2.622,2.6,2.605,105936.03
2025-08-11 10:00:00+00:00,2.606,2.607,2.578,2.583,281223.07
2025-08-11 11:00:00+00:00,2.584,2.584,2.521,2.533,667525.22
2025-08-11 12:00:00+00:00,2.533,2.539,2.483,2.504,1207107.79
2025-08-11 13:00:00+00:00,2.505,2.53,2.481,2.524,517853.71
2025-08-11 14:00:00+00:00,2.525,2.551,2.521,2.526,372246.33
2025-08-11 15:00:00+00:00,2.526,2.548,2.513,2.547,244227.34
2025-08-11 16:00:00+00:00,2.546,2.579,2.541,2.549,536632.12
2025-08-11 17:00:00+00:00,2.549,2.56,2.523,2.53,238728.55
2025-08-11 18:00:00+00:00,2.531,2.541,2.511,2.531,243270.88
2025-08-11 19:00:00+00:00,2.53,2.532,2.496,2.515,204896.5
2025-08-11 20:00:00+00:00,2.515,2.516,2.501,2.51,133264.45
2025-08-11 21:00:00+00:00,2.509,2.521,2.46,2.482,379452.24
2025-08-11 22:00:00+00:00,2.482,2.483,2.449,2.466,412597.41
2025-08-11 23:00:00+00:00,2.465,2.478,2.46,2.47,136395.84
2025-08-12 00:00:00+00:00,2.469,2.496,2.461,2.49,163116.0
2025-08-12 01:00:00+00:00,2.49,2.504,2.482,2.498,189307.44
2025-08-12 02:00:00+00:00,2.498,2.52,2.494,2.499,270851.73
2025-08-12 03:00:00+00:00,2.499,2.499,2.48,2.485,213368.14
2025-08-12 04:00:00+00:00,2.484,2.502,2.481,2.495,235087.64
2025-08-12 05:00:00+00:00,2.495,2.495,2.467,2.474,539110.75
2025-08-12 06:00:00+00:00,2.474,2.484,2.451,2.471,277640.31
2025-08-12 07:00:00+00:00,2.471,2.497,2.471,2.497,221931.09
2025-08-12 08:00:00+00:00,2.497,2.499,2.476,2.478,230799.47
2025-08-12 09:00:00+00:00,2.478,2.482,2.469,2.472,109404.64
2025-08-12 10:00:00+00:00,2.472,2.476,2.456,2.462,224949.09
2025-08-12 11:00:00+00:00,2.464,2.481,2.446,2.478,214559.55
2025-08-12 12:00:00+00:00,2.477,2.545,2.468,2.528,911359.27
2025-08-12 13:00:00+00:00,2.528,2.542,2.496,2.513,634832.91
2025-08-12 14:00:00+00:00,2.513,2.543,2.51,2.542,257971.7
2025-08-12 15:00:00+00:00,2.542,2.585,2.542,2.584,476697.15
2025-08-12 16:00:00+00:00,2.584,2.617,2.576,2.613,421364.02
2025-08-12 17:00:00+00:00,2.614,2.637,2.611,2.622,383340.07
2025-08-12 18:00:00+00:00,2.624,2.647,2.616,2.621,194936.78
2025-08-12 19:00:00+00:00,2.621,2.638,2.621,2.633,125480.38
2025-08-12 20:00:00+00:00,2.634,2.662,2.63,2.655,342722.96
2025-08-12 21:00:00+00:00,2.656,2.656,2.628,2.634,213242.79
2025-08-12 22:00:00+00:00,2.635,2.645,2.628,2.64,288918.77
2025-08-12 23:00:00+00:00,2.639,2.643,2.623,2.631,199813.19
2025-08-13 00:00:00+00:00,2.63,2.652,2.63,2.645,210758.56
2025-08-13 01:00:00+00:00,2.644,2.644,2.612,2.619,303740.19
2025-08-13 02:00:00+00:00,2.619,2.645,2.601,2.644,285582.19
2025-08-13 03:00:00+00:00,2.645,2.665,2.636,2.654,478053.42
2025-08-13 04:00:00+00:00,2.653,2.664,2.643,2.652,262388.93
2025-08-13 05:00:00+00:00,2.653,2.654,2.619,2.622,306872.87
2025-08-13 06:00:00+00:00,2.623,2.639,2.614,2.631,350719.81
2025-08-13 07:00:00+00:00,2.63,2.648,2.628,2.648,182574.16
2025-08-13 08:00:00+00:00,2.647,2.679,2.647,2.667,456945.35
2025-08-13 09:00:00+00:00,2.667,2.693,2.666,2.69,380518.4
2025-08-13 10:00:00+00:00,2.691,2.711,2.687,2.7,584549.01
2025-08-13 11:00:00+00:00,2.699,2.706,2.685,2.695,317731.01
2025-08-13 12:00:00+00:00,2.696,2.702,2.674,2.68,464289.03
2025-08-13 13:00:00+00:00,2.68,2.73,2.678,2.706,1301868.53
2025-08-13 14:00:00+00:00,2.707,2.721,2.659,2.683,919881.19
2025-08-13 15:00:00+00:00,2.683,2.713,2.665,2.697,1082724.2
2025-08-13 16:00:00+00:00,2.698,2.732,2.696,2.702,382212.65
2025-08-13 17:00:00+00:00,2.703,2.721,2.697,2.709,175605.48
2025-08-13 18:00:00+00:00,2.708,2.725,2.685,2.694,207949.21
2025-08-13 19:00:00+00:00,2.693,2.719,2.689,2.718,190358.33
2025-08-13 20:00:00+00:00,2.718,2.728,2.706,2.718,223512.82
2025-08-13 21:00:00+00:00,2.719,2.733,2.71,2.717,226738.33
2025-08-13 22:00:00+00:00,2.716,2.761,2.713,2.748,356620.33
2025-08-13 23:00:00+00:00,2.748,2.758,2.732,2.733,190790.09
2025-08-14 00:00:00+00:00,2.733,2.748,2.714,2.718,269020.55
2025-08-14 01:00:00+00:00,2.718,2.743,2.705,2.733,324686.47
2025-08-14 02:00:00+00:00,2.732,2.757,2.723,2.757,347224.35
2025-08-14 03:00:00+00:00,2.756,2.758,2.741,2.746,212441.47
2025-08-14 04:00:00+00:00,2.747,2.75,2.718,2.719,189125.76
2025-08-14 05:00:00+00:00,2.719,2.728,2.695,2.701,306698.49
2025-08-14 06:00:00+00:00,2.7,2.705,2.671,2.7,435102.05
2025-08-14 07:00:00+00:00,2.699,2.701,2.67,2.682,261573.4
2025-08-14 08:00:00+00:00,2.682,2.683,2.643,2.648,472500.51
2025-08-14 09:00:00+00:00,2.647,2.673,2.631,2.672,498493.05
2025-08-14 10:00:00+00:00,2.671,2.674,2.633,2.658,495918.61
2025-08-14 11:00:00+00:00,2.657,2.668,2.65,2.659,171813.03
2025-08-14 12:00:00+00:00,2.658,2.666,2.477,2.537,4064728.62
2025-08-14 13:00:00+00:00,2.537,2.57,2.49,2.552,1639619.23
2025-08-14 14:00:00+00:00,2.553,2.583,2.543,2.562,308443.1
2025-08-14 15:00:00+00:00,2.562,2.571,2.537,2.542,261175.35
2025-08-14 16:00:00+00:00,2.541,2.541,2.496,2.503,368539.48
2025-08-14 17:00:00+00:00,2.502,2.518,2.483,2.509,299039.96
2025-08-14 18:00:00+00:00,2.51,2.51,2.472,2.503,329003.6
2025-08-14 19:00:00+00:00,2.504,2.52,2.501,2.502,103294.42
2025-08-14 20:00:00+00:00,2.501,2.506,2.488,2.506,97682.53
2025-08-14 21:00:00+00:00,2.506,2.512,2.452,2.482,357726.88
2025-08-14 22:00:00+00:00,2.48,2.5,2.466,2.5,134349.76
2025-08-14 23:00:00+00:00,2.5,2.516,2.498,2.505,118214.85
2025-08-15 00:00:00+00:00,2.505,2.517,2.491,2.498,202846.87
2025-08-15 01:00:00+00:00,2.499,2.52,2.492,2.518,200485.07
2025-08-15 02:00:00+00:00,2.517,2.523,2.512,2.515,188234.09
2025-08-15 03:00:00+00:00,2.515,2.544,2.51,2.537,322039.15
2025-08-15 04:00:00+00:00,2.536,2.542,2.519,2.52,104194.92
2025-08-15 05:00:00+00:00,2.52,2.53,2.512,2.53,144063.4
2025-08-15 06:00:00+00:00,2.529,2.555,2.529,2.539,224544.37
2025-08-15 07:00:00+00:00,2.539,2.542,2.515,2.527,155519.0
2025-08-15 08:00:00+00:00,2.526,2.531,2.515,2.52,133848.61
2025-08-15 09:00:00+00:00,2.521,2.528,2.495,2.504,235867.96
2025-08-15 10:00:00+00:00,2.503,2.524,2.503,2.51,75102.34
2025-08-15 11:00:00+00:00,2.51,2.516,2.499,2.507,184026.83
2025-08-15 12:00:00+00:00,2.506,2.534,2.488,2.508,578484.16
2025-08-15 13:00:00+00:00,2.507,2.511,2.477,2.487,409801.4
2025-08-15 14:00:00+00:00,2.485,2.501,2.453,2.46,468101.1
2025-08-15 15:00:00+00:00,2.461,2.464,2.406,2.427,987102.47
2025-08-15 16:00:00+00:00,2.426,2.437,2.403,2.432,896648.28
2025-08-15 17:00:00+00:00,2.431,2.458,2.418,2.444,304078.49
2025-08-15 18:00:00+00:00,2.443,2.447,2.421,2.43,199288.71
2025-08-15 19:00:00+00:00,2.431,2.446,2.421,2.425,187552.83
2025-08-15 20:00:00+00:00,2.425,2.447,2.417,2.447,180703.03
2025-08-15 21:00:00+00:00,2.448,2.458,2.438,2.458,90858.67
2025-08-15 22:00:00+00:00,2.459,2.48,2.452,2.48,57612.58
2025-08-15 23:00:00+00:00,2.48,2.484,2.453,2.466,117156.81
2025-08-16 00:00:00+00:00,2.464,2.492,2.461,2.492,137364.83
2025-08-16 01:00:00+00:00,2.493,2.496,2.48,2.491,99922.96
2025-08-16 02:00:00+00:00,2.492,2.502,2.48,2.486,342450.09
2025-08-16 03:00:00+00:00,2.486,2.492,2.475,2.477,67283.56
2025-08-16 04:00:00+00:00,2.478,2.491,2.474,2.49,52552.88
2025-08-16 05:00:00+00:00,2.49,2.49,2.476,2.478,43899.39
2025-08-16 06:00:00+00:00,2.478,2.482,2.473,2.476,65612.27
2025-08-16 07:00:00+00:00,2.475,2.498,2.475,2.493,153930.3
2025-08-16 08:00:00+00:00,2.493,2.497,2.487,2.487,70652.37
2025-08-16 09:00:00+00:00,2.488,2.505,2.475,2.475,342034.34
2025-08-16 10:00:00+00:00,2.475,2.487,2.469,2.474,187297.6
2025-08-16 11:00:00+00:00,2.475,2.492,2.465,2.466,128616.13
2025-08-16 12:00:00+00:00,2.467,2.489,2.463,2.488,148881.36
2025-08-16 13:00:00+00:00,2.488,2.502,2.478,2.479,161639.26
2025-08-16 14:00:00+00:00,2.48,2.514,2.476,2.51,210055.77
2025-08-16 15:00:00+00:00,2.51,2.539,2.508,2.523,319677.35
2025-08-16 16:00:00+00:00,2.524,2.531,2.511,2.515,86094.7
2025-08-16 17:00:00+00:00,2.515,2.518,2.502,2.507,255467.11
2025-08-16 18:00:00+00:00,2.506,2.521,2.503,2.508,167136.91
2025-08-16 19:00:00+00:00,2.507,2.52,2.507,2.51,35267.26
2025-08-16 20:00:00+00:00,2.51,2.526,2.508,2.524,44522.93
2025-08-16 21:00:00+00:00,2.524,2.525,2.515,2.515,50723.61
2025-08-16 22:00:00+00:00,2.516,2.537,2.511,2.534,60451.36
2025-08-16 23:00:00+00:00,2.534,2.535,2.523,2.532,68203.88
2025-08-17 00:00:00+00:00,2.532,2.536,2.525,2.528,56204.06
2025-08-17 01:00:00+00:00,2.527,2.528,2.516,2.522,111964.42
2025-08-17 02:00:00+00:00,2.523,2.536,2.513,2.536,52496.4
2025-08-17 03:00:00+00:00,2.536,2.54,2.527,2.531,99334.08
2025-08-17 04:00:00+00:00,2.53,2.546,2.53,2.545,127889.7
2025-08-17 05:00:00+00:00,2.546,2.559,2.541,2.545,202469.67
2025-08-17 06:00:00+00:00,2.545,2.559,2.543,2.544,80500.13
2025-08-17 07:00:00+00:00,2.544,2.558,2.54,2.548,151884.39
2025-08-17 08:00:00+00:00,2.548,2.571,2.544,2.568,184194.31
2025-08-17 09:00:00+00:00,2.568,2.582,2.565,2.581,145020.57
2025-08-17 10:00:00+00:00,2.582,2.585,2.569,2.575,91750.35
2025-08-17 11:00:00+00:00,2.575,2.58,2.566,2.578,154630.18
2025-08-17 12:00:00+00:00,2.579,2.582,2.566,2.57,195922.21
2025-08-17 13:00:00+00:00,2.569,2.577,2.56,2.57,184639.88
2025-08-17 14:00:00+00:00,2.57,2.593,2.561,2.592,168360.77
2025-08-17 15:00:00+00:00,2.593,2.619,2.585,2.619,265316.87
2025-08-17 16:00:00+00:00,2.619,2.63,2.584,2.592,476452.89
2025-08-17 17:00:00+00:00,2.593,2.598,2.583,2.583,140458.29
2025-08-17 18:00:00+00:00,2.584,2.591,2.539,2.568,478808.78
2025-08-17 19:00:00+00:00,2.567,2.577,2.553,2.556,160946.13
2025-08-17 20:00:00+00:00,2.557,2.571,2.555,2.556,120490.3
2025-08-17 21:00:00+00:00,2.556,2.566,2.551,2.558,140161.15
2025-08-17 22:00:00+00:00,2.557,2.583,2.553,2.576,229337.68
2025-08-17 23:00:00+00:00,2.577,2.577,2.552,2.559,125588.89
2025-08-18 00:00:00+00:00,2.557,2.562,2.535,2.551,177194.67
2025-08-18 01:00:00+00:00,2.55,2.553,2.508,2.514,555118.12
2025-08-18 02:00:00+00:00,2.514,2.517,2.473,2.475,693103.12
2025-08-18 03:00:00+00:00,2.476,2.483,2.448,2.472,476363.53
2025-08-18 04:00:00+00:00,2.472,2.489,2.46,2.486,244182.87
2025-08-18 05:00:00+00:00,2.486,2.493,2.457,2.484,225085.72
2025-08-18 06:00:00+00:00,2.484,2.484,2.43,2.449,577709.21
2025-08-18 07:00:00+00:00,2.449,2.459,2.442,2.451,199174.55
2025-08-18 08:00:00+00:00,2.45,2.456,2.432,2.434,187582.77
2025-08-18 09:00:00+00:00,2.433,2.462,2.419,2.451,405453.64
2025-08-18 10:00:00+00:00,2.45,2.459,2.445,2.448,218833.5
2025-08-18 11:00:00+00:00,2.448,2.454,2.442,2.449,104451.64
2025-08-18 12:00:00+00:00,2.448,2.483,2.444,2.483,197563.81
2025-08-18 13:00:00+00:00,2.483,2.492,2.453,2.453,183291.35
2025-08-18 14:00:00+00:00,2.454,2.476,2.444,2.476,192319.63
2025-08-18 15:00:00+00:00,2.476,2.48,2.451,2.472,199536.71
2025-08-18 16:00:00+00:00,2.472,2.481,2.443,2.447,134578.96
2025-08-18 17:00:00+00:00,2.447,2.486,2.445,2.467,142714.6
2025-08-18 18:00:00+00:00,2.467,2.478,2.456,2.476,51875.37
2025-08-18 19:00:00+00:00,2.477,2.483,2.465,2.47,90808.53
2025-08-18 20:00:00+00:00,2.471,2.478,2.456,2.469,69061.36
2025-08-18 21:00:00+00:00,2.469,2.493,2.468,2.489,83375.43
2025-08-18 22:00:00+00:00,2.49,2.513,2.489,2.489,145402.17
2025-08-18 23:00:00+00:00,2.49,2.493,2.466,2.468,101367.39
2025-08-19 00:00:00+00:00,2.469,2.49,2.434,2.489,283492.06
2025-08-19 01:00:00+00:00,2.489,2.499,2.454,2.46,212958.18
2025-08-19 02:00:00+00:00,2.46,2.462,2.447,2.451,89170.95
2025-08-19 03:00:00+00:00,2.452,2.452,2.404,2.409,554106.62
2025-08-19 04:00:00+00:00,2.408,2.431,2.386,2.431,447046.4
2025-08-19 05:00:00+00:00,2.431,2.436,2.418,2.42,141890.25
2025-08-19 06:00:00+00:00,2.42,2.427,2.409,2.42,99614.92
2025-08-19 07:00:00+00:00,2.42,2.422,2.4,2.416,169407.9
2025-08-19 08:00:00+00:00,2.417,2.434,2.402,2.424,167424.64
2025-08-19 09:00:00+00:00,2.424,2.448,2.423,2.438,225235.67
2025-08-19 10:00:00+00:00,2.438,2.456,2.434,2.447,201027.32
2025-08-19 11:00:00+00:00,2.448,2.455,2.443,2.454,89386.83
2025-08-19 12:00:00+00:00,2.455,2.456,2.436,2.445,56401.06
2025-08-19 13:00:00+00:00,2.444,2.457,2.414,2.435,312733.16
2025-08-19 14:00:00+00:00,2.436,2.443,2.383,2.397,582699.19
2025-08-19 15:00:00+00:00,2.398,2.419,2.384,2.393,408565.86
2025-08-19 16:00:00+00:00,2.393,2.4,2.37,2.376,395660.29
2025-08-19 17:00:00+00:00,2.377,2.394,2.357,2.391,263834.81
2025-08-19 18:00:00+00:00,2.39,2.391,2.355,2.366,423038.59
2025-08-19 19:00:00+00:00,2.367,2.388,2.35,2.371,300557.27
2025-08-19 20:00:00+00:00,2.37,2.39,2.359,2.389,104113.15
2025-08-19 21:00:00+00:00,2.389,2.391,2.378,2.391,69479.49
2025-08-19 22:00:00+00:00,2.391,2.392,2.376,2.384,84573.23
2025-08-19 23:00:00+00:00,2.383,2.384,2.353,2.359,223562.38
2025-08-20 00:00:00+00:00,2.359,2.381,2.359,2.374,154141.95
2025-08-20 01:00:00+00:00,2.376,2.384,2.348,2.373,465290.75
2025-08-20 02:00:00+00:00,2.374,2.383,2.361,2.364,305874.92
2025-08-20 03:00:00+00:00,2.364,2.379,2.356,2.367,190740.01
2025-08-20 04:00:00+00:00,2.367,2.387,2.367,2.381,143271.87
2025-08-20 05:00:00+00:00,2.381,2.389,2.372,2.388,77108.65
2025-08-20 06:00:00+00:00,2.389,2.391,2.37,2.377,263447.38
2025-08-20 07:00:00+00:00,2.378,2.39,2.375,2.377,130658.66
2025-08-20 08:00:00+00:00,2.377,2.407,2.376,2.406,181000.8
2025-08-20 09:00:00+00:00,2.405,2.407,2.393,2.397,188576.71
2025-08-20 10:00:00+00:00,2.396,2.408,2.395,2.403,111083.18
2025-08-20 11:00:00+00:00,2.403,2.406,2.364,2.393,224757.02
2025-08-20 12:00:00+00:00,2.393,2.412,2.387,2.393,219546.35
2025-08-20 13:00:00+00:00,2.392,2.394,2.35,2.357,431357.28
2025-08-20 14:00:00+00:00,2.357,2.408,2.315,2.397,901599.91
2025-08-20 15:00:00+00:00,2.396,2.439,2.393,2.415,346586.68
2025-08-20 16:00:00+00:00,2.415,2.442,2.414,2.424,286054.92
2025-08-20 17:00:00+00:00,2.425,2.448,2.419,2.438,202266.87
2025-08-20 18:00:00+00:00,2.438,2.438,2.396,2.414,236976.18
2025-08-20 19:00:00+00:00,2.414,2.45,2.412,2.449,112275.43
2025-08-20 20:00:00+00:00,2.45,2.451,2.439,2.441,131463.56
2025-08-20 21:00:00+00:00,2.442,2.448,2.431,2.441,121665.79
2025-08-20 22:00:00+00:00,2.442,2.448,2.436,2.445,65917.0
2025-08-20 23:00:00+00:00,2.445,2.445,2.432,2.435,101339.57
2025-08-21 00:00:00+00:00,2.435,2.439,2.424,2.438,89851.37
2025-08-21 01:00:00+00:00,2.438,2.459,2.429,2.458,133465.43
2025-08-21 02:00:00+00:00,2.459,2.463,2.423,2.433,218123.4
2025-08-21 03:00:00+00:00,2.435,2.462,2.435,2.438,120872.28
2025-08-21 04:00:00+00:00,2.439,2.448,2.432,2.437,66631.58
2025-08-21 05:00:00+00:00,2.438,2.447,2.43,2.444,73347.99
2025-08-21 06:00:00+00:00,2.444,2.444,2.425,2.43,130599.92
2025-08-21 07:00:00+00:00,2.43,2.434,2.413,2.432,96306.13
2025-08-21 08:00:00+00:00,2.432,2.436,2.412,2.412,90121.8
2025-08-21 09:00:00+00:00,2.412,2.416,2.4,2.406,169230.5
2025-08-21 10:00:00+00:00,2.405,2.411,2.401,2.405,55255.36
2025-08-21 11:00:00+00:00,2.405,2.412,2.39,2.4,298190.35
2025-08-21 12:00:00+00:00,2.4,2.408,2.38,2.389,191685.48
2025-08-21 13:00:00+00:00,2.389,2.419,2.384,2.399,161525.64
2025-08-21 14:00:00+00:00,2.4,2.427,2.387,2.395,206677.41
2025-08-21 15:00:00+00:00,2.395,2.4,2.373,2.381,244961.45
2025-08-21 16:00:00+00:00,2.382,2.4,2.377,2.379,125640.08
2025-08-21 17:00:00+00:00,2.38,2.396,2.374,2.392,132609.68
2025-08-21 18:00:00+00:00,2.393,2.411,2.389,2.411,140292.95
2025-08-21 19:00:00+00:00,2.41,2.418,2.389,2.394,101348.19
2025-08-21 20:00:00+00:00,2.394,2.411,2.383,2.402,87380.42
2025-08-21 21:00:00+00:00,2.402,2.415,2.389,2.409,70596.72
2025-08-21 22:00:00+00:00,2.41,2.417,2.406,2.415,68950.15
2025-08-21 23:00:00+00:00,2.414,2.415,2.383,2.392,79432.19
2025-08-22 00:00:00+00:00,2.393,2.405,2.384,2.387,95797.37
2025-08-22 01:00:00+00:00,2.388,2.398,2.374,2.393,112420.71
2025-08-22 02:00:00+00:00,2.393,2.419,2.39,2.402,150500.02
2025-08-22 03:00:00+00:00,2.404,2.409,2.381,2.386,158800.26
2025-08-22 04:00:00+00:00,2.387,2.407,2.387,2.392,159857.47
2025-08-22 05:00:00+00:00,2.392,2.401,2.386,2.396,74042.59
2025-08-22 06:00:00+00:00,2.396,2.406,2.381,2.385,106300.09
2025-08-22 07:00:00+00:00,2.384,2.406,2.384,2.4,168620.98
2025-08-22 08:00:00+00:00,2.399,2.411,2.391,2.391,122378.55
2025-08-22 09:00:00+00:00,2.392,2.399,2.385,2.394,90716.73
2025-08-22 10:00:00+00:00,2.394,2.394,2.375,2.379,227400.62
2025-08-22 11:00:00+00:00,2.379,2.379,2.356,2.357,448865.01
2025-08-22 12:00:00+00:00,2.357,2.358,2.304,2.326,762989.07
2025-08-22 13:00:00+00:00,2.326,2.359,2.31,2.336,591872.15
2025-08-22 14:00:00+00:00,2.337,2.459,2.337,2.45,4051211.25
2025-08-22 15:00:00+00:00,2.45,2.5,2.45,2.476,874326.53
2025-08-22 16:00:00+00:00,2.475,2.548,2.475,2.531,1218504.04
2025-08-22 17:00:00+00:00,2.531,2.572,2.531,2.542,880966.94
2025-08-22 18:00:00+00:00,2.543,2.57,2.539,2.565,780227.69
2025-08-22 19:00:00+00:00,2.566,2.582,2.557,2.574,357272.38
2025-08-22 20:00:00+00:00,2.575,2.593,2.575,2.591,266289.45
2025-08-22 21:00:00+00:00,2.591,2.613,2.588,2.597,498907.66
2025-08-22 22:00:00+00:00,2.598,2.605,2.572,2.577,360005.44
2025-08-22 23:00:00+00:00,2.577,2.594,2.567,2.577,600425.28
2025-08-23 00:00:00+00:00,2.578,2.584,2.556,2.558,276137.7
2025-08-23 01:00:00+00:00,2.559,2.566,2.518,2.535,310299.03
2025-08-23 02:00:00+00:00,2.535,2.543,2.485,2.508,504001.66
2025-08-23 03:00:00+00:00,2.508,2.524,2.5,2.516,158643.38
2025-08-23 04:00:00+00:00,2.516,2.55,2.516,2.55,271936.34
2025-08-23 05:00:00+00:00,2.549,2.562,2.542,2.559,220703.33
2025-08-23 06:00:00+00:00,2.558,2.561,2.547,2.556,285657.63
2025-08-23 07:00:00+00:00,2.556,2.559,2.533,2.538,200937.17
2025-08-23 08:00:00+00:00,2.539,2.549,2.53,2.535,256369.02
2025-08-23 09:00:00+00:00,2.534,2.552,2.529,2.548,305503.65
2025-08-23 10:00:00+00:00,2.548,2.55,2.535,2.538,172806.2
2025-08-23 11:00:00+00:00,2.537,2.541,2.527,2.531,352121.81
2025-08-23 12:00:00+00:00,2.532,2.538,2.522,2.524,614500.5
2025-08-23 13:00:00+00:00,2.524,2.529,2.508,2.51,482637.96
2025-08-23 14:00:00+00:00,2.51,2.534,2.508,2.517,654708.62
2025-08-23 15:00:00+00:00,2.517,2.531,2.514,2.524,210546.94
2025-08-23 16:00:00+00:00,2.525,2.528,2.509,2.513,168266.3
2025-08-23 17:00:00+00:00,2.514,2.521,2.51,2.513,144917.81
2025-08-23 18:00:00+00:00,2.514,2.52,2.512,2.516,183914.4
2025-08-23 19:00:00+00:00,2.517,2.538,2.516,2.536,144976.7
2025-08-23 20:00:00+00:00,2.538,2.539,2.521,2.529,170663.47
2025-08-23 21:00:00+00:00,2.529,2.529,2.514,2.518,128967.14
2025-08-23 22:00:00+00:00,2.518,2.534,2.517,2.532,199993.93
2025-08-23 23:00:00+00:00,2.533,2.536,2.523,2.525,154970.57
2025-08-24 00:00:00+00:00,2.526,2.533,2.52,2.522,171270.65
2025-08-24 01:00:00+00:00,2.522,2.522,2.5,2.502,191070.7
2025-08-24 02:00:00+00:00,2.503,2.512,2.495,2.497,341036.0
2025-08-24 03:00:00+00:00,2.497,2.499,2.483,2.494,254490.21
2025-08-24 04:00:00+00:00,2.494,2.5,2.485,2.491,171102.46
2025-08-24 05:00:00+00:00,2.491,2.491,2.472,2.478,283559.42
2025-08-24 06:00:00+00:00,2.477,2.477,2.443,2.445,513808.47
2025-08-24 07:00:00+00:00,2.444,2.458,2.438,2.442,760907.88
2025-08-24 08:00:00+00:00,2.442,2.452,2.436,2.444,345651.88
2025-08-24 09:00:00+00:00,2.444,2.45,2.432,2.437,372653.1
2025-08-24 10:00:00+00:00,2.436,2.436,2.396,2.397,774384.56
2025-08-24 11:00:00+00:00,2.397,2.41,2.39,2.405,451140.4
2025-08-24 12:00:00+00:00,2.405,2.411,2.398,2.405,364956.35
2025-08-24 13:00:00+00:00,2.405,2.412,2.399,2.401,371680.57
2025-08-24 14:00:00+00:00,2.4,2.415,2.394,2.41,409694.69
2025-08-24 15:00:00+00:00,2.41,2.439,2.405,2.409,565656.11
2025-08-24 16:00:00+00:00,2.409,2.418,2.394,2.406,398382.84
2025-08-24 17:00:00+00:00,2.405,2.456,2.405,2.446,588813.06
2025-08-24 18:00:00+00:00,2.445,2.528,2.441,2.519,874338.33
2025-08-24 19:00:00+00:00,2.519,2.548,2.41,2.462,3942910.94
2025-08-24 20:00:00+00:00,2.463,2.467,2.405,2.439,1378718.44
2025-08-24 21:00:00+00:00,2.44,2.455,2.422,2.427,588597.1
2025-08-24 22:00:00+00:00,2.427,2.43,2.387,2.425,434376.07
2025-08-24 23:00:00+00:00,2.426,2.437,2.418,2.425,308848.11
2025-08-25 00:00:00+00:00,2.425,2.44,2.371,2.392,688480.16
2025-08-25 01:00:00+00:00,2.393,2.422,2.388,2.412,296280.08
2025-08-25 02:00:00+00:00,2.412,2.446,2.411,2.438,286721.8
2025-08-25 03:00:00+00:00,2.437,2.446,2.409,2.414,223510.23
2025-08-25 04:00:00+00:00,2.414,2.42,2.382,2.384,659491.05
2025-08-25 05:00:00+00:00,2.385,2.389,2.353,2.355,779416.26
2025-08-25 06:00:00+00:00,2.354,2.356,2.313,2.314,1400961.77
2025-08-25 07:00:00+00:00,2.314,2.33,2.294,2.302,1400375.34
2025-08-25 08:00:00+00:00,2.302,2.321,2.282,2.317,659152.09
2025-08-25 09:00:00+00:00,2.316,2.32,2.304,2.316,299382.47
2025-08-25 10:00:00+00:00,2.315,2.315,2.275,2.289,990514.51
2025-08-25 11:00:00+00:00,2.289,2.306,2.287,2.305,274973.13
2025-08-25 12:00:00+00:00,2.305,2.308,2.291,2.305,367820.41
2025-08-25 13:00:00+00:00,2.304,2.306,2.278,2.293,625220.17
2025-08-25 14:00:00+00:00,2.294,2.308,2.286,2.294,588218.6
2025-08-25 15:00:00+00:00,2.294,2.299,2.268,2.274,565128.45
2025-08-25 16:00:00+00:00,2.274,2.29,2.264,2.266,375007.5
2025-08-25 17:00:00+00:00,2.266,2.272,2.246,2.264,628753.77
2025-08-25 18:00:00+00:00,2.265,2.273,2.254,2.262,346449.97
2025-08-25 19:00:00+00:00,2.261,2.266,2.216,2.22,1395705.74
2025-08-25 20:00:00+00:00,2.22,2.227,2.146,2.154,2889616.78
2025-08-25 21:00:00+00:00,2.152,2.175,2.136,2.156,1568790.01
2025-08-25 22:00:00+00:00,2.156,2.192,2.153,2.182,616051.49
2025-08-25 23:00:00+00:00,2.181,2.19,2.171,2.185,274183.96
2025-08-26 00:00:00+00:00,2.185,2.202,2.172,2.191,791931.04
2025-08-26 01:00:00+00:00,2.191,2.227,2.184,2.223,439365.56
2025-08-26 02:00:00+00:00,2.223,2.236,2.218,2.225,268605.49
2025-08-26 03:00:00+00:00,2.224,2.232,2.216,2.227,69671.75
2025-08-26 04:00:00+00:00,2.226,2.235,2.225,2.229,120423.99
2025-08-26 05:00:00+00:00,2.229,2.238,2.226,2.226,102953.66
2025-08-26 06:00:00+00:00,2.226,2.238,2.222,2.231,150846.93
2025-08-26 07:00:00+00:00,2.231,2.256,2.226,2.242,149665.16
2025-08-26 08:00:00+00:00,2.242,2.251,2.232,2.246,113118.27
2025-08-26 09:00:00+00:00,2.246,2.262,2.245,2.262,103827.59
2025-08-26 10:00:00+00:00,2.263,2.304,2.263,2.303,399185.5
2025-08-26 11:00:00+00:00,2.304,2.308,2.259,2.27,479832.7
2025-08-26 12:00:00+00:00,2.271,2.337,2.265,2.322,1173229.39
2025-08-26 13:00:00+00:00,2.321,2.341,2.282,2.307,659846.77
2025-08-26 14:00:00+00:00,2.307,2.324,2.286,2.317,452787.78
2025-08-26 15:00:00+00:00,2.316,2.326,2.292,2.299,346427.39
2025-08-26 16:00:00+00:00,2.299,2.333,2.299,2.333,283070.29
2025-08-26 17:00:00+00:00,2.332,2.333,2.31,2.324,209471.21
2025-08-26 18:00:00+00:00,2.323,2.328,2.316,2.325,158887.19
2025-08-26 19:00:00+00:00,2.326,2.352,2.321,2.347,269183.19
2025-08-26 20:00:00+00:00,2.346,2.358,2.336,2.34,210149.92
2025-08-26 21:00:00+00:00,2.341,2.341,2.326,2.339,157182.8
2025-08-26 22:00:00+00:00,2.339,2.342,2.323,2.329,110232.31
2025-08-26 23:00:00+00:00,2.329,2.339,2.321,2.324,152398.68
2025-08-27 00:00:00+00:00,2.324,2.325,2.302,2.307,185542.86
2025-08-27 01:00:00+00:00,2.307,2.318,2.302,2.318,208625.38
2025-08-27 02:00:00+00:00,2.318,2.325,2.304,2.322,121628.26
2025-08-27 03:00:00+00:00,2.322,2.339,2.308,2.329,154830.35
2025-08-27 04:00:00+00:00,2.329,2.34,2.323,2.335,132682.17
2025-08-27 05:00:00+00:00,2.336,2.336,2.317,2.321,131101.1
2025-08-27 06:00:00+00:00,2.321,2.322,2.305,2.307,132713.06
2025-08-27 07:00:00+00:00,2.307,2.307,2.292,2.298,215006.77
2025-08-27 08:00:00+00:00,2.298,2.31,2.288,2.31,126003.05
2025-08-27 09:00:00+00:00,2.309,2.319,2.306,2.307,95107.22
2025-08-27 10:00:00+00:00,2.306,2.312,2.3,2.3,124026.75
2025-08-27 11:00:00+00:00,2.301,2.31,2.296,2.307,82050.67
2025-08-27 12:00:00+00:00,2.306,2.312,2.294,2.304,271341.66
2025-08-27 13:00:00+00:00,2.305,2.33,2.295,2.311,343044.98
2025-08-27 14:00:00+00:00,2.312,2.339,2.303,2.318,217672.61
2025-08-27 15:00:00+00:00,2.319,2.335,2.317,2.334,246341.17
2025-08-27 16:00:00+00:00,2.334,2.335,2.308,2.327,166333.2
2025-08-27 17:00:00+00:00,2.326,2.343,2.318,2.337,96536.47
2025-08-27 18:00:00+00:00,2.338,2.349,2.331,2.331,106648.71
2025-08-27 19:00:00+00:00,2.332,2.342,2.312,2.332,211449.68
2025-08-27 20:00:00+00:00,2.332,2.352,2.306,2.347,2163382.89
2025-08-27 21:00:00+00:00,2.348,2.351,2.313,2.32,121264.77
2025-08-27 22:00:00+00:00,2.32,2.32,2.295,2.311,185272.65
2025-08-27 23:00:00+00:00,2.311,2.318,2.301,2.308,105180.24
2025-08-28 00:00:00+00:00,2.308,2.316,2.287,2.304,140114.55
2025-08-28 01:00:00+00:00,2.304,2.328,2.303,2.323,139492.06
2025-08-28 02:00:00+00:00,2.323,2.331,2.307,2.31,104265.94
2025-08-28 03:00:00+00:00,2.31,2.32,2.306,2.316,216504.52
2025-08-28 04:00:00+00:00,2.316,2.332,2.31,2.328,118231.11
2025-08-28 05:00:00+00:00,2.328,2.333,2.32,2.329,212911.15
2025-08-28 06:00:00+00:00,2.329,2.33,2.321,2.33,83451.97
2025-08-28 07:00:00+00:00,2.33,2.33,2.318,2.328,88727.73
2025-08-28 08:00:00+00:00,2.328,2.353,2.328,2.342,590642.84
2025-08-28 09:00:00+00:00,2.343,2.344,2.327,2.33,204946.4
2025-08-28 10:00:00+00:00,2.331,2.343,2.324,2.341,204100.32
2025-08-28 11:00:00+00:00,2.34,2.34,2.324,2.336,118903.96
2025-08-28 12:00:00+00:00,2.336,2.348,2.333,2.339,121486.71
2025-08-28 13:00:00+00:00,2.34,2.351,2.336,2.35,221801.49
2025-08-28 14:00:00+00:00,2.351,2.393,2.347,2.386,633378.04
2025-08-28 15:00:00+00:00,2.386,2.402,2.359,2.363,840059.3
2025-08-28 16:00:00+00:00,2.363,2.38,2.315,2.315,532201.73
2025-08-28 17:00:00+00:00,2.314,2.342,2.308,2.336,221113.04
2025-08-28 18:00:00+00:00,2.336,2.351,2.328,2.344,151832.14
2025-08-28 19:00:00+00:00,2.345,2.356,2.321,2.321,131285.99
2025-08-28 20:00:00+00:00,2.321,2.34,2.316,2.337,124061.9
2025-08-28 21:00:00+00:00,2.338,2.368,2.338,2.367,122780.92
2025-08-28 22:00:00+00:00,2.367,2.397,2.366,2.395,356420.03
2025-08-28 23:00:00+00:00,2.395,2.396,2.376,2.383,318898.63
2025-08-29 00:00:00+00:00,2.383,2.399,2.373,2.377,285948.31
2025-08-29 01:00:00+00:00,2.376,2.378,2.349,2.355,280098.37
2025-08-29 02:00:00+00:00,2.355,2.375,2.35,2.37,245151.6
2025-08-29 03:00:00+00:00,2.37,2.376,2.362,2.367,123777.51
2025-08-29 04:00:00+00:00,2.367,2.372,2.354,2.359,165653.88
2025-08-29 05:00:00+00:00,2.359,2.372,2.357,2.363,102645.28
2025-08-29 06:00:00+00:00,2.364,2.366,2.337,2.349,533269.53
2025-08-29 07:00:00+00:00,2.349,2.349,2.3,2.305,519357.87
2025-08-29 08:00:00+00:00,2.306,2.312,2.261,2.263,698000.31
2025-08-29 09:00:00+00:00,2.264,2.288,2.243,2.286,566263.8
2025-08-29 10:00:00+00:00,2.285,2.303,2.284,2.293,342039.85
2025-08-29 11:00:00+00:00,2.292,2.301,2.284,2.287,154594.71
2025-08-29 12:00:00+00:00,2.286,2.343,2.284,2.311,782526.95
2025-08-29 13:00:00+00:00,2.311,2.313,2.253,2.282,591211.86
2025-08-29 14:00:00+00:00,2.283,2.296,2.246,2.278,866315.93
2025-08-29 15:00:00+00:00,2.278,2.294,2.265,2.27,207125.51
2025-08-29 16:00:00+00:00,2.27,2.277,2.248,2.265,310232.17
2025-08-29 17:00:00+00:00,2.265,2.266,2.241,2.251,237606.15
2025-08-29 18:00:00+00:00,2.25,2.256,2.228,2.233,345659.18
2025-08-29 19:00:00+00:00,2.233,2.265,2.23,2.255,216023.9
2025-08-29 20:00:00+00:00,2.256,2.258,2.239,2.241,151720.92
2025-08-29 21:00:00+00:00,2.241,2.272,2.231,2.27,247084.69
2025-08-29 22:00:00+00:00,2.27,2.272,2.254,2.269,92244.36
2025-08-29 23:00:00+00:00,2.269,2.274,2.264,2.27,137370.36
2025-08-30 00:00:00+00:00,2.27,2.276,2.26,2.266,126214.68
2025-08-30 01:00:00+00:00,2.266,2.275,2.231,2.234,478562.18
2025-08-30 02:00:00+00:00,2.234,2.269,2.231,2.267,200665.86
2025-08-30 03:00:00+00:00,2.267,2.302,2.267,2.296,209323.49
2025-08-30 04:00:00+00:00,2.296,2.299,2.286,2.286,91297.49
2025-08-30 05:00:00+00:00,2.287,2.299,2.285,2.29,123144.61
2025-08-30 06:00:00+00:00,2.29,2.297,2.285,2.29,82171.15
2025-08-30 07:00:00+00:00,2.29,2.306,2.289,2.303,124325.65
2025-08-30 08:00:00+00:00,2.303,2.304,2.293,2.295,105706.79
2025-08-30 09:00:00+00:00,2.296,2.297,2.286,2.288,170023.44
2025-08-30 10:00:00+00:00,2.289,2.299,2.287,2.297,106036.62
2025-08-30 11:00:00+00:00,2.297,2.302,2.289,2.3,61782.75
2025-08-30 12:00:00+00:00,2.3,2.3,2.274,2.281,268266.2
2025-08-30 13:00:00+00:00,2.28,2.281,2.257,2.278,402369.47
2025-08-30 14:00:00+00:00,2.278,2.279,2.267,2.279,277348.25
2025-08-30 15:00:00+00:00,2.278,2.296,2.273,2.289,130553.37
2025-08-30 16:00:00+00:00,2.288,2.289,2.273,2.274,65323.09
2025-08-30 17:00:00+00:00,2.273,2.28,2.267,2.272,101708.23
2025-08-30 18:00:00+00:00,2.272,2.278,2.265,2.272,50136.49
2025-08-30 19:00:00+00:00,2.271,2.281,2.267,2.281,67365.04
2025-08-30 20:00:00+00:00,2.28,2.28,2.265,2.273,73196.38
2025-08-30 21:00:00+00:00,2.272,2.278,2.27,2.277,72215.77
2025-08-30 22:00:00+00:00,2.276,2.292,2.269,2.291,80985.18
2025-08-30 23:00:00+00:00,2.291,2.299,2.288,2.291,106007.85
2025-08-31 00:00:00+00:00,2.29,2.325,2.29,2.325,307793.81
2025-08-31 01:00:00+00:00,2.326,2.333,2.319,2.329,254882.83
2025-08-31 02:00:00+00:00,2.329,2.337,2.325,2.332,113911.76
2025-08-31 03:00:00+00:00,2.333,2.342,2.329,2.34,182890.82
2025-08-31 04:00:00+00:00,2.341,2.342,2.315,2.319,136810.79
2025-08-31 05:00:00+00:00,2.319,2.319,2.309,2.312,86337.24
2025-08-31 06:00:00+00:00,2.313,2.314,2.299,2.301,174591.68
2025-08-31 07:00:00+00:00,2.302,2.311,2.301,2.304,101037.95
2025-08-31 08:00:00+00:00,2.304,2.32,2.304,2.32,109706.58
2025-08-31 09:00:00+00:00,2.32,2.32,2.302,2.302,134340.8
2025-08-31 10:00:00+00:00,2.302,2.303,2.288,2.295,99866.06
2025-08-31 11:00:00+00:00,2.295,2.304,2.289,2.304,98795.08
2025-08-31 12:00:00+00:00,2.304,2.313,2.295,2.309,196251.58
2025-08-31 13:00:00+00:00,2.309,2.316,2.299,2.304,212789.62
2025-08-31 14:00:00+00:00,2.305,2.308,2.291,2.299,157429.05
2025-08-31 15:00:00+00:00,2.3,2.316,2.3,2.31,132119.2
2025-08-31 16:00:00+00:00,2.31,2.31,2.298,2.303,68666.31
2025-08-31 17:00:00+00:00,2.303,2.306,2.296,2.3,115542.01
2025-08-31 18:00:00+00:00,2.3,2.313,2.299,2.312,77657.83
2025-08-31 19:00:00+00:00,2.312,2.312,2.295,2.298,129348.32
2025-08-31 20:00:00+00:00,2.299,2.309,2.294,2.306,65381.98
2025-08-31 21:00:00+00:00,2.305,2.312,2.303,2.309,94156.14
2025-08-31 22:00:00+00:00,2.309,2.311,2.288,2.294,98895.07
2025-08-31 23:00:00+00:00,2.294,2.294,2.266,2.27,283245.07
2025-09-01 00:00:00+00:00,2.27,2.272,2.242,2.262,508188.69
2025-09-01 01:00:00+00:00,2.262,2.277,2.25,2.265,195645.12
2025-09-01 02:00:00+00:00,2.265,2.267,2.226,2.234,531904.81
2025-09-01 03:00:00+00:00,2.235,2.249,2.229,2.245,182462.45
2025-09-01 04:00:00+00:00,2.245,2.247,2.222,2.232,205377.17
2025-09-01 05:00:00+00:00,2.231,2.248,2.218,2.243,217754.07
2025-09-01 06:00:00+00:00,2.244,2.252,2.227,2.248,195055.09
2025-09-01 07:00:00+00:00,2.249,2.365,2.234,2.362,1362120.3
2025-09-01 08:00:00+00:00,2.361,2.512,2.328,2.504,9937486.65
2025-09-01 09:00:00+00:00,2.504,2.517,2.422,2.438,3492927.95
2025-09-01 10:00:00+00:00,2.439,2.444,2.383,2.402,1850178.31
2025-09-01 11:00:00+00:00,2.401,2.42,2.37,2.387,999574.28
2025-09-01 12:00:00+00:00,2.387,2.402,2.351,2.354,860188.74
2025-09-01 13:00:00+00:00,2.354,2.356,2.329,2.342,930751.75
2025-09-01 14:00:00+00:00,2.341,2.355,2.32,2.339,666794.8
2025-09-01 15:00:00+00:00,2.339,2.346,2.314,2.319,341319.26
2025-09-01 16:00:00+00:00,2.318,2.322,2.295,2.311,487262.12
2025-09-01 17:00:00+00:00,2.311,2.32,2.296,2.305,236631.78
2025-09-01 18:00:00+00:00,2.305,2.322,2.303,2.311,179343.91
2025-09-01 19:00:00+00:00,2.312,2.333,2.307,2.331,300555.6
2025-09-01 20:00:00+00:00,2.331,2.333,2.253,2.279,1365684.97
2025-09-01 21:00:00+00:00,2.278,2.278,2.242,2.264,740887.38
2025-09-01 22:00:00+00:00,2.263,2.274,2.242,2.258,510209.83
2025-09-01 23:00:00+00:00,2.258,2.292,2.257,2.287,396973.8
2025-09-02 00:00:00+00:00,2.287,2.293,2.251,2.258,620089.04
2025-09-02 01:00:00+00:00,2.257,2.286,2.253,2.268,384653.36
2025-09-02 02:00:00+00:00,2.269,2.294,2.261,2.294,626337.54
2025-09-02 03:00:00+00:00,2.294,2.304,2.283,2.289,269984.92
2025-09-02 04:00:00+00:00,2.288,2.29,2.275,2.287,257705.75
2025-09-02 05:00:00+00:00,2.288,2.29,2.279,2.286,160755.16
2025-09-02 06:00:00+00:00,2.285,2.288,2.279,2.282,265551.29
2025-09-02 07:00:00+00:00,2.282,2.282,2.259,2.263,365090.03
2025-09-02 08:00:00+00:00,2.262,2.275,2.259,2.268,163576.25
2025-09-02 09:00:00+00:00,2.267,2.279,2.267,2.279,162920.47
2025-09-02 10:00:00+00:00,2.279,2.282,2.268,2.276,182883.38
2025-09-02 11:00:00+00:00,2.276,2.277,2.265,2.268,197521.92
2025-09-02 12:00:00+00:00,2.267,2.27,2.217,2.221,846571.99
2025-09-02 13:00:00+00:00,2.219,2.283,2.219,2.279,680996.52
2025-09-02 14:00:00+00:00,2.28,2.29,2.264,2.277,595234.64
2025-09-02 15:00:00+00:00,2.276,2.277,2.232,2.236,358965.37
2025-09-02 16:00:00+00:00,2.237,2.256,2.231,2.25,214492.49
2025-09-02 17:00:00+00:00,2.251,2.266,2.249,2.255,474601.24
2025-09-02 18:00:00+00:00,2.256,2.257,2.226,2.245,221476.93
2025-09-02 19:00:00+00:00,2.246,2.256,2.225,2.234,133398.49
2025-09-02 20:00:00+00:00,2.234,2.27,2.229,2.266,268295.83
2025-09-02 21:00:00+00:00,2.266,2.281,2.261,2.281,297203.72
2025-09-02 22:00:00+00:00,2.281,2.281,2.268,2.277,139361.49
2025-09-02 23:00:00+00:00,2.278,2.279,2.266,2.27,176030.84
2025-09-03 00:00:00+00:00,2.271,2.277,2.262,2.268,182915.72
2025-09-03 01:00:00+00:00,2.268,2.278,2.256,2.278,174847.82
2025-09-03 02:00:00+00:00,2.278,2.286,2.27,2.275,150824.76
2025-09-03 03:00:00+00:00,2.275,2.278,2.269,2.278,257952.86
2025-09-03 04:00:00+00:00,2.279,2.282,2.27,2.28,225954.51
2025-09-03 05:00:00+00:00,2.28,2.281,2.272,2.275,208896.02
2025-09-03 06:00:00+00:00,2.275,2.276,2.261,2.264,239007.93
2025-09-03 07:00:00+00:00,2.265,2.269,2.255,2.267,137726.02
2025-09-03 08:00:00+00:00,2.267,2.279,2.262,2.264,182128.62
2025-09-03 09:00:00+00:00,2.265,2.276,2.256,2.276,88346.25
2025-09-03 10:00:00+00:00,2.277,2.283,2.271,2.271,160059.36
2025-09-03 11:00:00+00:00,2.271,2.284,2.27,2.276,215146.34
2025-09-03 12:00:00+00:00,2.277,2.286,2.269,2.274,149484.35
2025-09-03 13:00:00+00:00,2.275,2.301,2.273,2.293,339957.97
2025-09-03 14:00:00+00:00,2.293,2.321,2.286,2.319,473074.56
2025-09-03 15:00:00+00:00,2.32,2.33,2.313,2.323,329931.17
2025-09-03 16:00:00+00:00,2.323,2.335,2.314,2.316,354976.77
2025-09-03 17:00:00+00:00,2.317,2.33,2.317,2.322,245113.48
2025-09-03 18:00:00+00:00,2.321,2.327,2.318,2.327,148961.15
2025-09-03 19:00:00+00:00,2.326,2.331,2.322,2.33,212337.35
2025-09-03 20:00:00+00:00,2.33,2.337,2.325,2.336,164160.93
2025-09-03 21:00:00+00:00,2.337,2.353,2.331,2.352,189532.99
2025-09-03 22:00:00+00:00,2.351,2.359,2.335,2.337,208493.81
2025-09-03 23:00:00+00:00,2.339,2.343,2.321,2.329,269774.77
2025-09-04 00:00:00+00:00,2.33,2.335,2.323,2.333,178299.91
2025-09-04 01:00:00+00:00,2.333,2.334,2.322,2.332,141476.98
2025-09-04 02:00:00+00:00,2.333,2.334,2.306,2.311,369612.36
2025-09-04 03:00:00+00:00,2.311,2.312,2.287,2.293,304732.16
2025-09-04 04:00:00+00:00,2.292,2.298,2.285,2.286,220070.68
2025-09-04 05:00:00+00:00,2.286,2.286,2.256,2.263,342521.44
2025-09-04 06:00:00+00:00,2.263,2.267,2.252,2.257,138433.62
2025-09-04 07:00:00+00:00,2.257,2.275,2.257,2.273,174696.43
2025-09-04 08:00:00+00:00,2.272,2.279,2.261,2.262,179093.79
2025-09-04 09:00:00+00:00,2.262,2.273,2.262,2.273,146342.96
2025-09-04 10:00:00+00:00,2.273,2.284,2.27,2.275,229663.43
2025-09-04 11:00:00+00:00,2.274,2.284,2.27,2.27,111141.0
2025-09-04 12:00:00+00:00,2.27,2.283,2.261,2.279,265402.21
2025-09-04 13:00:00+00:00,2.279,2.283,2.265,2.271,168019.78
2025-09-04 14:00:00+00:00,2.27,2.273,2.242,2.254,469775.06
2025-09-04 15:00:00+00:00,2.254,2.256,2.237,2.246,222272.44
2025-09-04 16:00:00+00:00,2.246,2.252,2.235,2.246,222113.22
2025-09-04 17:00:00+00:00,2.246,2.258,2.242,2.245,154917.27
2025-09-04 18:00:00+00:00,2.245,2.254,2.232,2.242,613285.12
2025-09-04 19:00:00+00:00,2.241,2.249,2.235,2.238,160686.03
2025-09-04 20:00:00+00:00,2.238,2.259,2.236,2.256,119434.26
2025-09-04 21:00:00+00:00,2.255,2.27,2.254,2.268,82227.73
2025-09-04 22:00:00+00:00,2.269,2.277,2.262,2.276,115400.98
2025-09-04 23:00:00+00:00,2.276,2.279,2.262,2.264,190634.21
2025-09-05 00:00:00+00:00,2.263,2.277,2.263,2.268,95897.45
2025-09-05 01:00:00+00:00,2.268,2.289,2.265,2.284,145682.34
2025-09-05 02:00:00+00:00,2.284,2.287,2.279,2.285,187018.34
2025-09-05 03:00:00+00:00,2.284,2.285,2.277,2.284,159553.11
2025-09-05 04:00:00+00:00,2.284,2.286,2.279,2.284,107113.81
2025-09-05 05:00:00+00:00,2.283,2.293,2.28,2.291,119776.46
2025-09-05 06:00:00+00:00,2.291,2.297,2.286,2.295,93984.46
2025-09-05 07:00:00+00:00,2.296,2.332,2.295,2.326,714105.74
2025-09-05 08:00:00+00:00,2.326,2.329,2.31,2.322,423041.78
2025-09-05 09:00:00+00:00,2.323,2.323,2.307,2.321,326641.04
2025-09-05 10:00:00+00:00,2.321,2.328,2.319,2.321,232605.79
2025-09-05 11:00:00+00:00,2.321,2.329,2.32,2.322,523507.53
2025-09-05 12:00:00+00:00,2.323,2.374,2.32,2.373,1090817.31
2025-09-05 13:00:00+00:00,2.374,2.382,2.347,2.355,926151.92
2025-09-05 14:00:00+00:00,2.355,2.356,2.293,2.31,1126350.14
2025-09-05 15:00:00+00:00,2.31,2.329,2.303,2.318,274695.13
2025-09-05 16:00:00+00:00,2.317,2.324,2.313,2.318,129359.87
2025-09-05 17:00:00+00:00,2.317,2.317,2.304,2.309,155779.44
2025-09-05 18:00:00+00:00,2.31,2.322,2.301,2.32,231234.49
2025-09-05 19:00:00+00:00,2.32,2.335,2.316,2.335,139657.25
2025-09-05 20:00:00+00:00,2.334,2.355,2.334,2.353,275604.31
2025-09-05 21:00:00+00:00,2.354,2.355,2.332,2.335,253909.34
2025-09-05 22:00:00+00:00,2.334,2.357,2.333,2.356,207688.28
2025-09-05 23:00:00+00:00,2.356,2.358,2.342,2.345,156750.5
2025-09-06 00:00:00+00:00,2.345,2.355,2.335,2.341,287654.91
2025-09-06 01:00:00+00:00,2.341,2.344,2.333,2.335,246224.67
2025-09-06 02:00:00+00:00,2.335,2.339,2.316,2.323,203548.99
2025-09-06 03:00:00+00:00,2.323,2.333,2.321,2.328,185639.52
2025-09-06 04:00:00+00:00,2.328,2.33,2.306,2.316,262025.46
2025-09-06 05:00:00+00:00,2.316,2.319,2.31,2.317,146797.75
2025-09-06 06:00:00+00:00,2.317,2.323,2.315,2.319,94682.51
2025-09-06 07:00:00+00:00,2.319,2.321,2.314,2.318,74607.72
2025-09-06 08:00:00+00:00,2.318,2.322,2.309,2.317,106955.77
2025-09-06 09:00:00+00:00,2.317,2.317,2.301,2.306,137560.13
2025-09-06 10:00:00+00:00,2.305,2.317,2.301,2.316,121427.92
2025-09-06 11:00:00+00:00,2.316,2.32,2.31,2.32,89239.15
2025-09-06 12:00:00+00:00,2.319,2.322,2.312,2.313,155980.97
2025-09-06 13:00:00+00:00,2.313,2.316,2.307,2.313,119037.85
2025-09-06 14:00:00+00:00,2.313,2.326,2.311,2.323,100245.28
2025-09-06 15:00:00+00:00,2.322,2.323,2.311,2.312,126324.01
2025-09-06 16:00:00+00:00,2.312,2.341,2.309,2.333,210645.27
2025-09-06 17:00:00+00:00,2.333,2.336,2.32,2.328,63034.78
2025-09-06 18:00:00+00:00,2.327,2.334,2.324,2.332,73249.53
2025-09-06 19:00:00+00:00,2.331,2.333,2.313,2.314,80644.36
2025-09-06 20:00:00+00:00,2.315,2.326,2.311,2.324,59756.36
2025-09-06 21:00:00+00:00,2.324,2.329,2.32,2.329,42745.78
2025-09-06 22:00:00+00:00,2.329,2.337,2.327,2.331,63039.24
2025-09-06 23:00:00+00:00,2.332,2.332,2.323,2.327,93108.1
2025-09-07 00:00:00+00:00,2.326,2.335,2.324,2.332,170665.94
2025-09-07 01:00:00+00:00,2.332,2.356,2.331,2.353,166716.87
2025-09-07 02:00:00+00:00,2.353,2.371,2.35,2.368,172669.42
2025-09-07 03:00:00+00:00,2.368,2.368,2.355,2.358,116106.92
2025-09-07 04:00:00+00:00,2.358,2.366,2.356,2.364,105389.61
2025-09-07 05:00:00+00:00,2.364,2.433,2.357,2.412,1440341.43
2025-09-07 06:00:00+00:00,2.411,2.417,2.36,2.366,1116834.95
2025-09-07 07:00:00+00:00,2.367,2.384,2.366,2.374,152642.34
2025-09-07 08:00:00+00:00,2.375,2.384,2.372,2.381,294869.43
2025-09-07 09:00:00+00:00,2.381,2.385,2.363,2.372,299891.51
2025-09-07 10:00:00+00:00,2.373,2.376,2.368,2.37,120731.44
2025-09-07 11:00:00+00:00,2.372,2.379,2.369,2.378,89686.45
2025-09-07 12:00:00+00:00,2.377,2.38,2.371,2.379,106211.76
2025-09-07 13:00:00+00:00,2.38,2.396,2.38,2.394,225206.16
2025-09-07 14:00:00+00:00,2.395,2.401,2.387,2.394,312033.02
2025-09-07 15:00:00+00:00,2.394,2.394,2.382,2.387,209268.18
2025-09-07 16:00:00+00:00,2.387,2.389,2.374,2.383,186081.63
2025-09-07 17:00:00+00:00,2.382,2.387,2.369,2.379,235471.54
2025-09-07 18:00:00+00:00,2.38,2.39,2.366,2.373,239932.17
2025-09-07 19:00:00+00:00,2.373,2.384,2.369,2.381,222597.14
2025-09-07 20:00:00+00:00,2.38,2.389,2.376,2.388,92638.37
2025-09-07 21:00:00+00:00,2.389,2.395,2.384,2.385,119781.01
2025-09-07 22:00:00+00:00,2.384,2.406,2.382,2.405,134862.89
2025-09-07 23:00:00+00:00,2.406,2.412,2.393,2.394,280386.56
2025-09-08 00:00:00+00:00,2.394,2.399,2.385,2.388,205984.96
2025-09-08 01:00:00+00:00,2.388,2.393,2.38,2.388,296100.48
2025-09-08 02:00:00+00:00,2.387,2.414,2.385,2.413,152046.52
2025-09-08 03:00:00+00:00,2.414,2.428,2.41,2.418,430051.96
2025-09-08 04:00:00+00:00,2.418,2.42,2.4,2.412,329947.22
2025-09-08 05:00:00+00:00,2.412,2.415,2.403,2.409,127736.57
2025-09-08 06:00:00+00:00,2.41,2.467,2.397,2.423,1427066.18
2025-09-08 07:00:00+00:00,2.423,2.431,2.41,2.414,262927.51
2025-09-08 08:00:00+00:00,2.415,2.426,2.412,2.418,145182.6
2025-09-08 09:00:00+00:00,2.418,2.433,2.415,2.428,251969.43
2025-09-08 10:00:00+00:00,2.428,2.434,2.422,2.423,304579.35
2025-09-08 11:00:00+00:00,2.425,2.425,2.408,2.42,225495.14
2025-09-08 12:00:00+00:00,2.421,2.428,2.414,2.426,110272.14
2025-09-08 13:00:00+00:00,2.427,2.44,2.418,2.42,291340.2
2025-09-08 14:00:00+00:00,2.419,2.443,2.419,2.443,429442.14
2025-09-08 15:00:00+00:00,2.441,2.455,2.441,2.447,362772.42
2025-09-08 16:00:00+00:00,2.447,2.454,2.438,2.442,462799.44
2025-09-08 17:00:00+00:00,2.441,2.46,2.436,2.44,243825.96
2025-09-08 18:00:00+00:00,2.44,2.449,2.432,2.446,263083.57
2025-09-08 19:00:00+00:00,2.444,2.445,2.42,2.429,320596.77
2025-09-08 20:00:00+00:00,2.429,2.436,2.422,2.43,203544.12
2025-09-08 21:00:00+00:00,2.431,2.446,2.425,2.445,196258.84
2025-09-08 22:00:00+00:00,2.444,2.452,2.441,2.445,271055.91
2025-09-08 23:00:00+00:00,2.445,2.447,2.432,2.439,82557.41
2025-09-09 00:00:00+00:00,2.439,2.459,2.436,2.448,252552.61
2025-09-09 01:00:00+00:00,2.448,2.456,2.431,2.436,173991.66
2025-09-09 02:00:00+00:00,2.435,2.437,2.409,2.417,431559.1
2025-09-09 03:00:00+00:00,2.417,2.448,2.411,2.447,217690.75
2025-09-09 04:00:00+00:00,2.446,2.454,2.438,2.448,171948.46
2025-09-09 05:00:00+00:00,2.448,2.454,2.437,2.453,183631.48
2025-09-09 06:00:00+00:00,2.453,2.495,2.453,2.487,607092.41
2025-09-09 07:00:00+00:00,2.487,2.498,2.476,2.486,550848.04
2025-09-09 08:00:00+00:00,2.486,2.49,2.48,2.484,146062.44
2025-09-09 09:00:00+00:00,2.484,2.496,2.479,2.491,204289.32
2025-09-09 10:00:00+00:00,2.492,2.504,2.478,2.482,468003.57
2025-09-09 11:00:00+00:00,2.482,2.493,2.479,2.485,175422.94
2025-09-09 12:00:00+00:00,2.486,2.5,2.466,2.472,387854.26
2025-09-09 13:00:00+00:00,2.472,2.48,2.461,2.476,377796.99
2025-09-09 14:00:00+00:00,2.476,2.481,2.426,2.45,1209075.28
2025-09-09 15:00:00+00:00,2.451,2.454,2.421,2.437,558917.35
2025-09-09 16:00:00+00:00,2.436,2.437,2.416,2.432,340379.69
2025-09-09 17:00:00+00:00,2.432,2.449,2.428,2.436,218217.49
2025-09-09 18:00:00+00:00,2.436,2.445,2.429,2.44,143983.96
2025-09-09 19:00:00+00:00,2.439,2.447,2.435,2.44,93292.7
2025-09-09 20:00:00+00:00,2.44,2.444,2.432,2.442,75059.01
2025-09-09 21:00:00+00:00,2.441,2.456,2.436,2.438,88896.34
2025-09-09 22:00:00+00:00,2.439,2.456,2.435,2.456,73869.53
2025-09-09 23:00:00+00:00,2.457,2.465,2.45,2.451,120258.63
2025-09-10 00:00:00+00:00,2.452,2.454,2.434,2.435,188436.33
2025-09-10 01:00:00+00:00,2.435,2.454,2.433,2.447,140470.43
2025-09-10 02:00:00+00:00,2.447,2.47,2.446,2.461,298158.96
2025-09-10 03:00:00+00:00,2.461,2.469,2.455,2.468,135628.57
2025-09-10 04:00:00+00:00,2.468,2.468,2.458,2.465,119127.56
2025-09-10 05:00:00+00:00,2.464,2.464,2.448,2.455,169999.3
2025-09-10 06:00:00+00:00,2.455,2.465,2.445,2.462,117485.22
2025-09-10 07:00:00+00:00,2.461,2.477,2.457,2.466,308443.38
2025-09-10 08:00:00+00:00,2.467,2.472,2.456,2.46,373911.73
2025-09-10 09:00:00+00:00,2.46,2.463,2.452,2.462,124408.33
2025-09-10 10:00:00+00:00,2.461,2.463,2.444,2.447,327557.58
2025-09-10 11:00:00+00:00,2.446,2.453,2.437,2.452,237927.12
2025-09-10 12:00:00+00:00,2.452,2.494,2.451,2.491,949305.23
2025-09-10 13:00:00+00:00,2.492,2.509,2.481,2.5,819592.14
2025-09-10 14:00:00+00:00,2.501,2.51,2.487,2.49,346201.69
2025-09-10 15:00:00+00:00,2.489,2.504,2.489,2.493,183152.88
2025-09-10 16:00:00+00:00,2.493,2.503,2.475,2.501,231288.35
2025-09-10 17:00:00+00:00,2.501,2.506,2.479,2.493,138885.57
2025-09-10 18:00:00+00:00,2.492,2.493,2.478,2.489,109681.0
2025-09-10 19:00:00+00:00,2.489,2.49,2.45,2.46,286487.39
2025-09-10 20:00:00+00:00,2.459,2.473,2.457,2.47,70755.74
2025-09-10 21:00:00+00:00,2.469,2.487,2.469,2.486,87146.17
2025-09-10 22:00:00+00:00,2.486,2.492,2.48,2.485,202189.56
2025-09-10 23:00:00+00:00,2.485,2.497,2.482,2.492,121047.43
2025-09-11 00:00:00+00:00,2.491,2.504,2.484,2.5,278434.67
2025-09-11 01:00:00+00:00,2.5,2.509,2.498,2.506,93827.65
2025-09-11 02:00:00+00:00,2.505,2.506,2.496,2.496,87917.32
2025-09-11 03:00:00+00:00,2.496,2.509,2.492,2.507,117143.33
2025-09-11 04:00:00+00:00,2.507,2.529,2.503,2.524,435859.8
2025-09-11 05:00:00+00:00,2.524,2.534,2.513,2.521,405711.61
2025-09-11 06:00:00+00:00,2.521,2.533,2.514,2.532,153581.01
2025-09-11 07:00:00+00:00,2.532,2.538,2.525,2.533,216297.59
2025-09-11 08:00:00+00:00,2.533,2.534,2.523,2.524,124155.02
2025-09-11 09:00:00+00:00,2.525,2.525,2.51,2.518,192848.05
2025-09-11 10:00:00+00:00,2.517,2.52,2.509,2.515,79345.77
2025-09-11 11:00:00+00:00,2.515,2.517,2.495,2.499,304532.37
2025-09-11 12:00:00+00:00,2.5,2.532,2.464,2.501,1176761.7
2025-09-11 13:00:00+00:00,2.502,2.515,2.476,2.515,447462.73
2025-09-11 14:00:00+00:00,2.515,2.518,2.482,2.495,267998.48
2025-09-11 15:00:00+00:00,2.495,2.5,2.48,2.484,143074.02
2025-09-11 16:00:00+00:00,2.484,2.498,2.484,2.493,84269.77
2025-09-11 17:00:00+00:00,2.494,2.505,2.49,2.504,104198.71
2025-09-11 18:00:00+00:00,2.505,2.51,2.496,2.505,148425.61
2025-09-11 19:00:00+00:00,2.504,2.52,2.503,2.516,98358.11
2025-09-11 20:00:00+00:00,2.516,2.525,2.511,2.523,92294.09
2025-09-11 21:00:00+00:00,2.522,2.526,2.517,2.525,113096.14
2025-09-11 22:00:00+00:00,2.526,2.539,2.522,2.534,146387.04
2025-09-11 23:00:00+00:00,2.534,2.542,2.534,2.536,117259.22
2025-09-12 00:00:00+00:00,2.536,2.561,2.53,2.548,337831.86
2025-09-12 01:00:00+00:00,2.549,2.556,2.534,2.535,166204.5
2025-09-12 02:00:00+00:00,2.535,2.543,2.529,2.532,160450.43
2025-09-12 03:00:00+00:00,2.532,2.535,2.517,2.528,109078.22
2025-09-12 04:00:00+00:00,2.527,2.532,2.521,2.528,155594.59
2025-09-12 05:00:00+00:00,2.528,2.547,2.523,2.545,169202.95
2025-09-12 06:00:00+00:00,2.545,2.55,2.536,2.539,392057.95
2025-09-12 07:00:00+00:00,2.538,2.545,2.527,2.529,160302.34
2025-09-12 08:00:00+00:00,2.53,2.531,2.513,2.519,196974.32
2025-09-12 09:00:00+00:00,2.519,2.52,2.505,2.51,191398.34
2025-09-12 10:00:00+00:00,2.509,2.509,2.492,2.503,154521.57
2025-09-12 11:00:00+00:00,2.502,2.508,2.481,2.483,156688.83
2025-09-12 12:00:00+00:00,2.483,2.496,2.471,2.493,266263.32
2025-09-12 13:00:00+00:00,2.493,2.509,2.489,2.505,122684.17
2025-09-12 14:00:00+00:00,2.506,2.518,2.494,2.503,207727.05
2025-09-12 15:00:00+00:00,2.502,2.504,2.478,2.487,161642.38
2025-09-12 16:00:00+00:00,2.488,2.514,2.486,2.514,135056.85
2025-09-12 17:00:00+00:00,2.513,2.542,2.509,2.536,461292.92
2025-09-12 18:00:00+00:00,2.536,2.547,2.532,2.543,142887.4
2025-09-12 19:00:00+00:00,2.544,2.558,2.538,2.556,134350.04
2025-09-12 20:00:00+00:00,2.555,2.557,2.536,2.553,382976.63
2025-09-12 21:00:00+00:00,2.554,2.555,2.541,2.548,159488.2
2025-09-12 22:00:00+00:00,2.548,2.574,2.548,2.561,303009.67
2025-09-12 23:00:00+00:00,2.561,2.563,2.555,2.561,169238.97
2025-09-13 00:00:00+00:00,2.561,2.561,2.544,2.559,250186.24
2025-09-13 01:00:00+00:00,2.56,2.575,2.56,2.561,358796.08
2025-09-13 02:00:00+00:00,2.561,2.58,2.557,2.579,376286.03
2025-09-13 03:00:00+00:00,2.579,2.592,2.576,2.59,184380.21
2025-09-13 04:00:00+00:00,2.59,2.59,2.572,2.573,115222.84
2025-09-13 05:00:00+00:00,2.573,2.578,2.566,2.575,160855.51
2025-09-13 06:00:00+00:00,2.576,2.584,2.572,2.577,291293.95
2025-09-13 07:00:00+00:00,2.576,2.576,2.566,2.566,210618.71
2025-09-13 08:00:00+00:00,2.566,2.582,2.563,2.581,100519.72
2025-09-13 09:00:00+00:00,2.581,2.607,2.58,2.599,465957.14
2025-09-13 10:00:00+00:00,2.599,2.619,2.594,2.614,359252.43
2025-09-13 11:00:00+00:00,2.614,2.632,2.6,2.629,341475.11
2025-09-13 12:00:00+00:00,2.629,2.642,2.625,2.634,377601.19
2025-09-13 13:00:00+00:00,2.634,2.65,2.579,2.614,841342.16
2025-09-13 14:00:00+00:00,2.614,2.632,2.593,2.616,422575.3
2025-09-13 15:00:00+00:00,2.615,2.632,2.601,2.61,378301.57
2025-09-13 16:00:00+00:00,2.611,2.622,2.59,2.599,515660.89
2025-09-13 17:00:00+00:00,2.6,2.619,2.567,2.616,481835.51
2025-09-13 18:00:00+00:00,2.615,2.617,2.6,2.61,185480.19
2025-09-13 19:00:00+00:00,2.61,2.612,2.6,2.606,117698.55
2025-09-13 20:00:00+00:00,2.606,2.63,2.605,2.622,132584.54
2025-09-13 21:00:00+00:00,2.622,2.633,2.62,2.626,106812.2
2025-09-13 22:00:00+00:00,2.627,2.634,2.619,2.621,94602.16
2025-09-13 23:00:00+00:00,2.621,2.625,2.613,2.62,131066.59
2025-09-14 00:00:00+00:00,2.62,2.624,2.596,2.601,176368.45
2025-09-14 01:00:00+00:00,2.601,2.602,2.573,2.602,230237.85
2025-09-14 02:00:00+00:00,2.602,2.624,2.6,2.616,247289.85
2025-09-14 03:00:00+00:00,2.617,2.619,2.582,2.584,303980.18
2025-09-14 04:00:00+00:00,2.585,2.592,2.559,2.587,325441.32
2025-09-14 05:00:00+00:00,2.586,2.61,2.586,2.608,96280.15
2025-09-14 06:00:00+00:00,2.609,2.614,2.586,2.595,165282.38
2025-09-14 07:00:00+00:00,2.595,2.602,2.58,2.586,95088.53
2025-09-14 08:00:00+00:00,2.586,2.595,2.576,2.583,171849.95
2025-09-14 09:00:00+00:00,2.582,2.601,2.576,2.6,117094.03
2025-09-14 10:00:00+00:00,2.599,2.601,2.581,2.582,69243.46
2025-09-14 11:00:00+00:00,2.582,2.586,2.537,2.539,445228.7
2025-09-14 12:00:00+00:00,2.539,2.555,2.512,2.525,392718.81
2025-09-14 13:00:00+00:00,2.525,2.53,2.487,2.502,550675.47
2025-09-14 14:00:00+00:00,2.503,2.52,2.474,2.49,725761.5
2025-09-14 15:00:00+00:00,2.489,2.502,2.475,2.495,262111.44
2025-09-14 16:00:00+00:00,2.494,2.515,2.489,2.513,333967.43
2025-09-14 17:00:00+00:00,2.513,2.532,2.51,2.525,273373.08
2025-09-14 18:00:00+00:00,2.525,2.525,2.51,2.517,254301.34
2025-09-14 19:00:00+00:00,2.516,2.525,2.508,2.514,90200.39
2025-09-14 20:00:00+00:00,2.512,2.529,2.512,2.52,72057.9
2025-09-14 21:00:00+00:00,2.519,2.534,2.509,2.528,129935.94
2025-09-14 22:00:00+00:00,2.529,2.545,2.524,2.535,405167.29
2025-09-14 23:00:00+00:00,2.535,2.536,2.508,2.515,163868.23
2025-09-15 00:00:00+00:00,2.515,2.532,2.513,2.515,187871.64
2025-09-15 01:00:00+00:00,2.515,2.538,2.497,2.531,280837.9
2025-09-15 02:00:00+00:00,2.53,2.548,2.527,2.527,239693.02
2025-09-15 03:00:00+00:00,2.526,2.542,2.526,2.537,84064.99
2025-09-15 04:00:00+00:00,2.537,2.549,2.53,2.535,177478.15
2025-09-15 05:00:00+00:00,2.534,2.555,2.533,2.553,184954.03
2025-09-15 06:00:00+00:00,2.554,2.554,2.504,2.514,410977.57
2025-09-15 07:00:00+00:00,2.514,2.533,2.482,2.487,675028.78
2025-09-15 08:00:00+00:00,2.486,2.486,2.406,2.413,2042670.95
2025-09-15 09:00:00+00:00,2.413,2.443,2.408,2.441,373260.35
2025-09-15 10:00:00+00:00,2.44,2.44,2.415,2.428,260698.46
2025-09-15 11:00:00+00:00,2.428,2.435,2.415,2.426,153273.96
2025-09-15 12:00:00+00:00,2.425,2.43,2.406,2.409,275604.51
2025-09-15 13:00:00+00:00,2.408,2.428,2.398,2.415,304140.85
2025-09-15 14:00:00+00:00,2.415,2.421,2.393,2.399,315232.96
2025-09-15 15:00:00+00:00,2.399,2.411,2.373,2.389,588455.31
2025-09-15 16:00:00+00:00,2.389,2.402,2.37,2.385,534333.24
2025-09-15 17:00:00+00:00,2.384,2.405,2.381,2.404,190288.83
2025-09-15 18:00:00+00:00,2.403,2.404,2.394,2.401,76244.95
2025-09-15 19:00:00+00:00,2.401,2.411,2.391,2.404,71813.67
2025-09-15 20:00:00+00:00,2.404,2.412,2.399,2.41,83403.2
2025-09-15 21:00:00+00:00,2.41,2.418,2.405,2.416,127936.96
2025-09-15 22:00:00+00:00,2.415,2.418,2.404,2.407,130654.45
2025-09-15 23:00:00+00:00,2.406,2.415,2.403,2.412,159340.05
2025-09-16 00:00:00+00:00,2.412,2.412,2.402,2.41,177094.16
2025-09-16 01:00:00+00:00,2.41,2.423,2.402,2.402,145723.61
2025-09-16 02:00:00+00:00,2.403,2.414,2.399,2.399,89034.04
2025-09-16 03:00:00+00:00,2.398,2.405,2.396,2.396,138033.64
2025-09-16 04:00:00+00:00,2.395,2.398,2.373,2.397,203583.48
2025-09-16 05:00:00+00:00,2.396,2.414,2.394,2.413,132298.6
2025-09-16 06:00:00+00:00,2.413,2.42,2.398,2.401,168009.86
2025-09-16 07:00:00+00:00,2.402,2.418,2.402,2.412,80641.74
2025-09-16 08:00:00+00:00,2.413,2.441,2.413,2.432,570628.74
2025-09-16 09:00:00+00:00,2.432,2.435,2.42,2.428,186872.44
2025-09-16 10:00:00+00:00,2.428,2.429,2.419,2.42,55877.17
2025-09-16 11:00:00+00:00,2.421,2.429,2.415,2.427,75147.34
2025-09-16 12:00:00+00:00,2.426,2.44,2.424,2.435,167746.33
2025-09-16 13:00:00+00:00,2.435,2.459,2.421,2.444,521762.96
2025-09-16 14:00:00+00:00,2.444,2.444,2.411,2.441,214691.92
2025-09-16 15:00:00+00:00,2.441,2.463,2.43,2.462,179079.07
2025-09-16 16:00:00+00:00,2.463,2.466,2.446,2.453,169627.98
2025-09-16 17:00:00+00:00,2.452,2.508,2.452,2.503,277769.02
2025-09-16 18:00:00+00:00,2.504,2.552,2.502,2.54,870554.05
2025-09-16 19:00:00+00:00,2.541,2.602,2.541,2.596,852084.76
2025-09-16 20:00:00+00:00,2.597,2.66,2.575,2.638,2900299.21
2025-09-16 21:00:00+00:00,2.638,2.651,2.6,2.608,794600.96
2025-09-16 22:00:00+00:00,2.608,2.612,2.567,2.571,399261.19
2025-09-16 23:00:00+00:00,2.57,2.58,2.548,2.556,400281.32
2025-09-17 00:00:00+00:00,2.556,2.588,2.556,2.567,443975.92
2025-09-17 01:00:00+00:00,2.567,2.571,2.539,2.547,405343.03
2025-09-17 02:00:00+00:00,2.546,2.558,2.545,2.55,217255.15
2025-09-17 03:00:00+00:00,2.549,2.572,2.547,2.566,515639.06
2025-09-17 04:00:00+00:00,2.567,2.58,2.545,2.551,337773.2
2025-09-17 05:00:00+00:00,2.552,2.558,2.525,2.549,321892.54
2025-09-17 06:00:00+00:00,2.548,2.562,2.542,2.561,220820.58
2025-09-17 07:00:00+00:00,2.56,2.56,2.539,2.543,138134.64
2025-09-17 08:00:00+00:00,2.543,2.544,2.517,2.523,474574.65
2025-09-17 09:00:00+00:00,2.523,2.523,2.497,2.498,352369.71
2025-09-17 10:00:00+00:00,2.498,2.507,2.477,2.488,336755.18
2025-09-17 11:00:00+00:00,2.488,2.504,2.485,2.496,246297.25
2025-09-17 12:00:00+00:00,2.495,2.507,2.488,2.506,255383.41
2025-09-17 13:00:00+00:00,2.505,2.512,2.484,2.49,343560.91
2025-09-17 14:00:00+00:00,2.489,2.492,2.466,2.474,371829.42
2025-09-17 15:00:00+00:00,2.474,2.483,2.47,2.474,181288.02
2025-09-17 16:00:00+00:00,2.473,2.499,2.457,2.496,422202.47
2025-09-17 17:00:00+00:00,2.497,2.518,2.466,2.472,580946.18
2025-09-17 18:00:00+00:00,2.47,2.521,2.465,2.492,1164307.78
2025-09-17 19:00:00+00:00,2.492,2.54,2.492,2.537,295550.35
2025-09-17 20:00:00+00:00,2.537,2.564,2.526,2.529,225845.56
2025-09-17 21:00:00+00:00,2.529,2.56,2.512,2.553,148191.95
2025-09-17 22:00:00+00:00,2.554,2.587,2.554,2.582,290330.4
2025-09-17 23:00:00+00:00,2.581,2.588,2.564,2.569,296872.47
2025-09-18 00:00:00+00:00,2.57,2.574,2.552,2.558,276167.06
2025-09-18 01:00:00+00:00,2.559,2.573,2.558,2.566,275595.63
2025-09-18 02:00:00+00:00,2.567,2.568,2.555,2.568,229539.03
2025-09-18 03:00:00+00:00,2.568,2.587,2.563,2.582,403823.38
2025-09-18 04:00:00+00:00,2.582,2.585,2.567,2.58,237661.18
2025-09-18 05:00:00+00:00,2.58,2.58,2.561,2.569,138919.26
2025-09-18 06:00:00+00:00,2.569,2.571,2.534,2.541,664691.7
2025-09-18 07:00:00+00:00,2.54,2.553,2.532,2.542,229007.45
2025-09-18 08:00:00+00:00,2.542,2.569,2.537,2.562,264686.7
2025-09-18 09:00:00+00:00,2.563,2.566,2.548,2.55,270880.45
2025-09-18 10:00:00+00:00,2.551,2.553,2.529,2.534,249477.05
2025-09-18 11:00:00+00:00,2.534,2.543,2.53,2.536,97653.66
2025-09-18 12:00:00+00:00,2.537,2.554,2.533,2.546,133542.23
2025-09-18 13:00:00+00:00,2.545,2.561,2.534,2.552,236235.29
2025-09-18 14:00:00+00:00,2.552,2.565,2.547,2.559,181829.68
2025-09-18 15:00:00+00:00,2.56,2.568,2.551,2.557,317876.35
2025-09-18 16:00:00+00:00,2.558,2.574,2.554,2.566,223619.8
2025-09-18 17:00:00+00:00,2.566,2.582,2.565,2.58,405778.79
2025-09-18 18:00:00+00:00,2.58,2.589,2.578,2.582,128630.99
2025-09-18 19:00:00+00:00,2.581,2.581,2.561,2.574,107673.51
2025-09-18 20:00:00+00:00,2.575,2.581,2.57,2.579,68124.37
2025-09-18 21:00:00+00:00,2.578,2.589,2.574,2.584,119123.61
2025-09-18 22:00:00+00:00,2.583,2.587,2.57,2.575,194716.65
2025-09-18 23:00:00+00:00,2.575,2.58,2.562,2.577,470985.06
2025-09-19 00:00:00+00:00,2.578,2.613,2.578,2.611,773544.13
2025-09-19 01:00:00+00:00,2.611,2.613,2.591,2.595,305722.5
2025-09-19 02:00:00+00:00,2.595,2.604,2.575,2.577,272806.74
2025-09-19 03:00:00+00:00,2.578,2.586,2.548,2.557,285617.05
2025-09-19 04:00:00+00:00,2.557,2.567,2.531,2.566,423157.77
2025-09-19 05:00:00+00:00,2.567,2.57,2.545,2.559,293977.02
2025-09-19 06:00:00+00:00,2.559,2.559,2.534,2.535,172521.02
2025-09-19 07:00:00+00:00,2.536,2.559,2.533,2.54,639990.68
2025-09-19 08:00:00+00:00,2.54,2.558,2.535,2.544,287506.15
2025-09-19 09:00:00+00:00,2.545,2.572,2.515,2.533,444817.24
2025-09-19 10:00:00+00:00,2.532,2.54,2.523,2.531,182932.34
2025-09-19 11:00:00+00:00,2.53,2.531,2.496,2.508,524121.21
2025-09-19 12:00:00+00:00,2.508,2.523,2.506,2.51,77364.62
2025-09-19 13:00:00+00:00,2.51,2.529,2.509,2.519,130585.52
2025-09-19 14:00:00+00:00,2.519,2.524,2.486,2.498,233957.16
2025-09-19 15:00:00+00:00,2.498,2.499,2.466,2.491,518616.54
2025-09-19 16:00:00+00:00,2.492,2.503,2.49,2.498,94277.15
2025-09-19 17:00:00+00:00,2.499,2.499,2.471,2.474,112532.69
2025-09-19 18:00:00+00:00,2.475,2.478,2.457,2.469,220183.45
2025-09-19 19:00:00+00:00,2.469,2.479,2.464,2.464,77584.78
2025-09-19 20:00:00+00:00,2.464,2.476,2.462,2.462,67961.11
2025-09-19 21:00:00+00:00,2.462,2.479,2.453,2.474,125370.77
2025-09-19 22:00:00+00:00,2.474,2.481,2.468,2.47,68251.72
2025-09-19 23:00:00+00:00,2.469,2.471,2.426,2.447,411552.92
2025-09-20 00:00:00+00:00,2.447,2.465,2.44,2.463,135385.54
2025-09-20 01:00:00+00:00,2.464,2.464,2.45,2.456,90925.62
2025-09-20 02:00:00+00:00,2.455,2.46,2.433,2.46,131624.39
2025-09-20 03:00:00+00:00,2.46,2.46,2.445,2.455,234172.09
2025-09-20 04:00:00+00:00,2.454,2.461,2.45,2.459,102244.94
2025-09-20 05:00:00+00:00,2.46,2.472,2.458,2.471,92608.45
2025-09-20 06:00:00+00:00,2.47,2.473,2.46,2.467,173507.83
2025-09-20 07:00:00+00:00,2.468,2.477,2.462,2.476,129435.36
2025-09-20 08:00:00+00:00,2.477,2.477,2.454,2.455,226141.01
2025-09-20 09:00:00+00:00,2.455,2.46,2.44,2.445,111178.6
2025-09-20 10:00:00+00:00,2.446,2.452,2.436,2.437,133650.64
2025-09-20 11:00:00+00:00,2.436,2.451,2.432,2.45,89730.35
2025-09-20 12:00:00+00:00,2.45,2.45,2.441,2.447,63631.67
2025-09-20 13:00:00+00:00,2.446,2.451,2.433,2.442,185864.94
2025-09-20 14:00:00+00:00,2.441,2.465,2.428,2.462,276401.03
2025-09-20 15:00:00+00:00,2.462,2.479,2.461,2.469,289228.41
2025-09-20 16:00:00+00:00,2.469,2.475,2.458,2.471,129836.24
2025-09-20 17:00:00+00:00,2.471,2.473,2.455,2.457,134172.4
2025-09-20 18:00:00+00:00,2.457,2.457,2.44,2.443,304699.91
2025-09-20 19:00:00+00:00,2.443,2.454,2.439,2.447,68972.99
2025-09-20 20:00:00+00:00,2.447,2.458,2.445,2.454,111159.71
2025-09-20 21:00:00+00:00,2.454,2.462,2.45,2.452,111307.49
2025-09-20 22:00:00+00:00,2.452,2.456,2.445,2.451,72923.66
2025-09-20 23:00:00+00:00,2.452,2.452,2.44,2.444,114099.07
2025-09-21 00:00:00+00:00,2.444,2.455,2.44,2.447,191437.32
2025-09-21 01:00:00+00:00,2.447,2.452,2.433,2.439,165732.44
2025-09-21 02:00:00+00:00,2.438,2.448,2.423,2.447,237831.26
2025-09-21 03:00:00+00:00,2.447,2.452,2.441,2.452,118492.78
2025-09-21 04:00:00+00:00,2.451,2.452,2.443,2.451,136966.16
2025-09-21 05:00:00+00:00,2.451,2.465,2.446,2.464,134368.04
2025-09-21 06:00:00+00:00,2.465,2.475,2.465,2.466,237786.54
2025-09-21 07:00:00+00:00,2.465,2.475,2.461,2.466,141206.99
2025-09-21 08:00:00+00:00,2.467,2.468,2.449,2.454,100603.87
2025-09-21 09:00:00+00:00,2.454,2.455,2.411,2.431,378999.86
2025-09-21 10:00:00+00:00,2.43,2.437,2.421,2.423,109710.13
2025-09-21 11:00:00+00:00,2.422,2.435,2.42,2.428,93823.45
2025-09-21 12:00:00+00:00,2.428,2.445,2.425,2.434,93977.54
2025-09-21 13:00:00+00:00,2.433,2.442,2.43,2.437,79980.79
2025-09-21 14:00:00+00:00,2.438,2.44,2.425,2.426,175690.29
2025-09-21 15:00:00+00:00,2.426,2.435,2.417,2.421,87055.17
2025-09-21 16:00:00+00:00,2.421,2.427,2.398,2.411,251043.34
2025-09-21 17:00:00+00:00,2.41,2.422,2.392,2.422,101707.78
2025-09-21 18:00:00+00:00,2.422,2.428,2.415,2.428,77441.4
2025-09-21 19:00:00+00:00,2.429,2.429,2.406,2.42,76149.05
2025-09-21 20:00:00+00:00,2.419,2.42,2.408,2.411,84409.32
2025-09-21 21:00:00+00:00,2.411,2.417,2.405,2.411,62206.07
2025-09-21 22:00:00+00:00,2.411,2.421,2.397,2.421,157514.58
2025-09-21 23:00:00+00:00,2.419,2.419,2.396,2.396,140380.0
2025-09-22 00:00:00+00:00,2.396,2.41,2.326,2.341,1401973.37
2025-09-22 01:00:00+00:00,2.341,2.361,2.331,2.346,595331.68
2025-09-22 02:00:00+00:00,2.346,2.356,2.303,2.335,784380.1
2025-09-22 03:00:00+00:00,2.336,2.349,2.335,2.343,272381.76
2025-09-22 04:00:00+00:00,2.343,2.352,2.334,2.342,329326.47
2025-09-22 05:00:00+00:00,2.342,2.344,2.299,2.3,432996.14
2025-09-22 06:00:00+00:00,2.301,2.303,2.168,2.27,3282820.84
2025-09-22 07:00:00+00:00,2.269,2.28,2.261,2.262,571293.65
2025-09-22 08:00:00+00:00,2.261,2.27,2.239,2.262,544253.42
2025-09-22 09:00:00+00:00,2.261,2.266,2.238,2.244,369917.15
2025-09-22 10:00:00+00:00,2.244,2.267,2.242,2.265,214202.86
2025-09-22 11:00:00+00:00,2.264,2.267,2.248,2.253,322875.1
2025-09-22 12:00:00+00:00,2.253,2.264,2.246,2.258,295604.4
2025-09-22 13:00:00+00:00,2.257,2.27,2.25,2.27,227605.87
2025-09-22 14:00:00+00:00,2.27,2.272,2.244,2.25,276761.74
2025-09-22 15:00:00+00:00,2.249,2.252,2.234,2.238,407345.68
2025-09-22 16:00:00+00:00,2.238,2.252,2.233,2.239,291642.88
2025-09-22 17:00:00+00:00,2.24,2.25,2.229,2.247,192416.33
2025-09-22 18:00:00+00:00,2.248,2.253,2.24,2.24,220623.59
2025-09-22 19:00:00+00:00,2.241,2.244,2.221,2.228,472698.35
2025-09-22 20:00:00+00:00,2.228,2.25,2.225,2.247,140515.78
2025-09-22 21:00:00+00:00,2.247,2.26,2.242,2.258,89361.33
2025-09-22 22:00:00+00:00,2.258,2.259,2.252,2.257,64036.89
2025-09-22 23:00:00+00:00,2.256,2.266,2.254,2.26,133999.33
2025-09-23 00:00:00+00:00,2.259,2.269,2.253,2.255,173380.87
2025-09-23 01:00:00+00:00,2.255,2.26,2.239,2.239,170034.05
2025-09-23 02:00:00+00:00,2.239,2.25,2.226,2.23,126577.5
2025-09-23 03:00:00+00:00,2.231,2.262,2.213,2.255,392394.77
2025-09-23 04:00:00+00:00,2.256,2.262,2.237,2.247,213028.38
2025-09-23 05:00:00+00:00,2.246,2.254,2.238,2.245,146376.89
2025-09-23 06:00:00+00:00,2.245,2.272,2.243,2.269,317331.41
2025-09-23 07:00:00+00:00,2.269,2.271,2.258,2.259,164089.9
2025-09-23 08:00:00+00:00,2.259,2.273,2.258,2.268,365626.77
2025-09-23 09:00:00+00:00,2.268,2.277,2.259,2.266,190613.71
2025-09-23 10:00:00+00:00,2.266,2.283,2.262,2.28,171844.76
2025-09-23 11:00:00+00:00,2.279,2.279,2.268,2.273,76802.58
2025-09-23 12:00:00+00:00,2.273,2.281,2.269,2.274,144600.67
2025-09-23 13:00:00+00:00,2.274,2.277,2.263,2.268,102187.17
2025-09-23 14:00:00+00:00,2.268,2.287,2.264,2.268,193593.35
2025-09-23 15:00:00+00:00,2.267,2.281,2.252,2.271,309941.94
2025-09-23 16:00:00+00:00,2.271,2.283,2.257,2.274,223667.03
2025-09-23 17:00:00+00:00,2.273,2.274,2.241,2.246,247320.57
2025-09-23 18:00:00+00:00,2.245,2.252,2.234,2.24,150000.27
2025-09-23 19:00:00+00:00,2.239,2.254,2.229,2.232,115310.27
2025-09-23 20:00:00+00:00,2.233,2.249,2.232,2.249,114123.11
2025-09-23 21:00:00+00:00,2.249,2.261,2.241,2.257,64970.87
2025-09-23 22:00:00+00:00,2.257,2.26,2.245,2.247,60762.7
2025-09-23 23:00:00+00:00,2.248,2.254,2.233,2.238,71660.28
2025-09-24 00:00:00+00:00,2.237,2.259,2.237,2.248,136427.56
2025-09-24 01:00:00+00:00,2.247,2.273,2.242,2.27,129765.71
2025-09-24 02:00:00+00:00,2.27,2.271,2.255,2.265,228850.69
2025-09-24 03:00:00+00:00,2.265,2.267,2.226,2.235,382704.77
2025-09-24 04:00:00+00:00,2.234,2.264,2.203,2.25,660893.56
2025-09-24 05:00:00+00:00,2.249,2.268,2.248,2.265,163538.14
2025-09-24 06:00:00+00:00,2.265,2.272,2.26,2.269,160092.08
2025-09-24 07:00:00+00:00,2.269,2.272,2.258,2.265,137002.72
2025-09-24 08:00:00+00:00,2.266,2.269,2.261,2.269,110573.71
2025-09-24 09:00:00+00:00,2.269,2.275,2.265,2.269,146006.27
2025-09-24 10:00:00+00:00,2.269,2.272,2.264,2.271,153205.51
2025-09-24 11:00:00+00:00,2.271,2.282,2.269,2.276,126580.01
2025-09-24 12:00:00+00:00,2.275,2.282,2.273,2.274,122662.84
2025-09-24 13:00:00+00:00,2.275,2.281,2.261,2.262,188904.49
2025-09-24 14:00:00+00:00,2.263,2.296,2.263,2.287,165853.16
2025-09-24 15:00:00+00:00,2.287,2.289,2.27,2.27,326156.24
2025-09-24 16:00:00+00:00,2.271,2.277,2.264,2.272,120375.99
2025-09-24 17:00:00+00:00,2.273,2.278,2.27,2.273,84938.33
2025-09-24 18:00:00+00:00,2.272,2.274,2.251,2.258,130705.84
2025-09-24 19:00:00+00:00,2.258,2.259,2.246,2.253,116526.38
2025-09-24 20:00:00+00:00,2.254,2.256,2.233,2.243,316856.96
2025-09-24 21:00:00+00:00,2.242,2.248,2.194,2.221,841206.88
2025-09-24 22:00:00+00:00,2.22,2.236,2.219,2.228,344004.18
2025-09-24 23:00:00+00:00,2.228,2.233,2.214,2.227,348746.16
2025-09-25 00:00:00+00:00,2.227,2.231,2.214,2.217,181742.05
2025-09-25 01:00:00+00:00,2.217,2.226,2.208,2.214,269721.47
2025-09-25 02:00:00+00:00,2.214,2.239,2.202,2.228,279034.31
2025-09-25 03:00:00+00:00,2.228,2.228,2.198,2.213,226254.7
2025-09-25 04:00:00+00:00,2.212,2.218,2.167,2.183,579110.78
2025-09-25 05:00:00+00:00,2.183,2.211,2.173,2.204,271017.82
2025-09-25 06:00:00+00:00,2.204,2.206,2.186,2.187,338669.85
2025-09-25 07:00:00+00:00,2.187,2.208,2.185,2.198,235357.03
2025-09-25 08:00:00+00:00,2.199,2.21,2.189,2.2,201552.88
2025-09-25 09:00:00+00:00,2.2,2.214,2.192,2.195,242423.88
2025-09-25 10:00:00+00:00,2.196,2.208,2.191,2.192,122511.91
2025-09-25 11:00:00+00:00,2.193,2.2,2.179,2.189,232636.19
2025-09-25 12:00:00+00:00,2.188,2.205,2.15,2.196,1123624.68
2025-09-25 13:00:00+00:00,2.196,2.212,2.18,2.195,526133.1
2025-09-25 14:00:00+00:00,2.195,2.222,2.195,2.202,300248.76
2025-09-25 15:00:00+00:00,2.203,2.206,2.186,2.196,232607.11
2025-09-25 16:00:00+00:00,2.196,2.201,2.16,2.165,366719.46
2025-09-25 17:00:00+00:00,2.163,2.166,2.085,2.101,1691341.44
2025-09-25 18:00:00+00:00,2.101,2.158,2.093,2.158,548575.75
2025-09-25 19:00:00+00:00,2.157,2.168,2.138,2.141,178064.45
2025-09-25 20:00:00+00:00,2.142,2.145,2.111,2.121,243802.86
2025-09-25 21:00:00+00:00,2.121,2.14,2.111,2.134,179618.84
2025-09-25 22:00:00+00:00,2.133,2.144,2.117,2.122,177545.51
2025-09-25 23:00:00+00:00,2.123,2.136,2.101,2.12,438071.93
2025-09-26 00:00:00+00:00,2.12,2.149,2.115,2.145,240870.0
2025-09-26 01:00:00+00:00,2.145,2.152,2.136,2.143,244915.38
2025-09-26 02:00:00+00:00,2.143,2.153,2.134,2.142,151385.58
2025-09-26 03:00:00+00:00,2.142,2.15,2.135,2.148,230662.15
2025-09-26 04:00:00+00:00,2.148,2.152,2.134,2.138,111647.48
2025-09-26 05:00:00+00:00,2.138,2.151,2.132,2.136,162522.39
2025-09-26 06:00:00+00:00,2.137,2.148,2.124,2.13,289790.65
2025-09-26 07:00:00+00:00,2.131,2.143,2.121,2.135,252559.69
2025-09-26 08:00:00+00:00,2.135,2.142,2.131,2.136,226865.55
2025-09-26 09:00:00+00:00,2.135,2.14,2.116,2.124,193669.64
2025-09-26 10:00:00+00:00,2.125,2.125,2.099,2.106,458503.43
2025-09-26 11:00:00+00:00,2.106,2.123,2.096,2.119,293376.72
2025-09-26 12:00:00+00:00,2.118,2.146,2.1,2.136,462548.86
2025-09-26 13:00:00+00:00,2.136,2.157,2.123,2.149,460706.22
2025-09-26 14:00:00+00:00,2.149,2.152,2.128,2.137,230324.18
2025-09-26 15:00:00+00:00,2.138,2.156,2.136,2.149,98045.64
2025-09-26 16:00:00+00:00,2.148,2.174,2.146,2.174,182771.41
2025-09-26 17:00:00+00:00,2.173,2.192,2.172,2.189,246728.53
2025-09-26 18:00:00+00:00,2.189,2.202,2.185,2.195,131917.72
2025-09-26 19:00:00+00:00,2.195,2.196,2.177,2.185,188769.34
2025-09-26 20:00:00+00:00,2.185,2.192,2.18,2.181,92060.46
2025-09-26 21:00:00+00:00,2.18,2.193,2.178,2.192,80365.96
2025-09-26 22:00:00+00:00,2.192,2.198,2.19,2.191,96327.19
2025-09-26 23:00:00+00:00,2.191,2.197,2.187,2.196,88314.82
2025-09-27 00:00:00+00:00,2.196,2.197,2.189,2.195,132594.99
2025-09-27 01:00:00+00:00,2.196,2.196,2.186,2.191,126524.64
2025-09-27 02:00:00+00:00,2.19,2.194,2.187,2.188,64994.42
2025-09-27 03:00:00+00:00,2.188,2.195,2.185,2.187,88324.93
2025-09-27 04:00:00+00:00,2.186,2.19,2.184,2.189,75389.11
2025-09-27 05:00:00+00:00,2.188,2.192,2.18,2.19,84903.35
2025-09-27 06:00:00+00:00,2.19,2.192,2.184,2.192,120927.87
2025-09-27 07:00:00+00:00,2.192,2.195,2.182,2.187,76657.41
2025-09-27 08:00:00+00:00,2.186,2.197,2.178,2.179,341548.69
2025-09-27 09:00:00+00:00,2.179,2.188,2.165,2.185,160350.87
2025-09-27 10:00:00+00:00,2.184,2.198,2.181,2.189,81891.65
2025-09-27 11:00:00+00:00,2.189,2.191,2.187,2.19,55836.88
2025-09-27 12:00:00+00:00,2.191,2.197,2.183,2.194,220279.76
2025-09-27 13:00:00+00:00,2.193,2.196,2.187,2.191,46215.8
2025-09-27 14:00:00+00:00,2.192,2.197,2.188,2.189,95258.91
2025-09-27 15:00:00+00:00,2.189,2.196,2.178,2.194,62554.99
2025-09-27 16:00:00+00:00,2.193,2.194,2.181,2.183,64383.31
2025-09-27 17:00:00+00:00,2.183,2.183,2.166,2.181,148781.26
2025-09-27 18:00:00+00:00,2.18,2.182,2.171,2.178,35804.77
2025-09-27 19:00:00+00:00,2.179,2.186,2.178,2.185,42660.45
2025-09-27 20:00:00+00:00,2.185,2.189,2.182,2.186,39291.12
2025-09-27 21:00:00+00:00,2.187,2.195,2.183,2.193,60675.89
2025-09-27 22:00:00+00:00,2.193,2.211,2.191,2.197,80664.07
2025-09-27 23:00:00+00:00,2.197,2.2,2.188,2.19,77395.02
2025-09-28 00:00:00+00:00,2.19,2.193,2.179,2.181,150234.88
2025-09-28 01:00:00+00:00,2.181,2.183,2.163,2.17,235409.16
2025-09-28 02:00:00+00:00,2.169,2.174,2.162,2.168,73591.63
2025-09-28 03:00:00+00:00,2.169,2.172,2.159,2.165,117954.69
2025-09-28 04:00:00+00:00,2.166,2.17,2.16,2.165,304533.5
2025-09-28 05:00:00+00:00,2.164,2.165,2.152,2.156,435435.42
2025-09-28 06:00:00+00:00,2.157,2.161,2.139,2.148,201972.97
2025-09-28 07:00:00+00:00,2.149,2.158,2.143,2.153,243352.28
2025-09-28 08:00:00+00:00,2.154,2.156,2.14,2.143,199852.29
2025-09-28 09:00:00+00:00,2.143,2.149,2.135,2.142,221373.1
2025-09-28 10:00:00+00:00,2.141,2.146,2.129,2.142,122688.41
2025-09-28 11:00:00+00:00,2.143,2.144,2.132,2.139,111017.99
2025-09-28 12:00:00+00:00,2.139,2.14,2.124,2.132,238954.12
2025-09-28 13:00:00+00:00,2.133,2.165,2.129,2.16,177765.65
2025-09-28 14:00:00+00:00,2.161,2.168,2.157,2.166,94492.96
2025-09-28 15:00:00+00:00,2.166,2.168,2.159,2.163,82677.69
2025-09-28 16:00:00+00:00,2.164,2.18,2.157,2.167,244713.58
2025-09-28 17:00:00+00:00,2.167,2.176,2.162,2.169,165325.33
2025-09-28 18:00:00+00:00,2.169,2.175,2.167,2.175,28951.86
2025-09-28 19:00:00+00:00,2.176,2.18,2.168,2.179,48023.92
2025-09-28 20:00:00+00:00,2.18,2.192,2.176,2.182,110123.9
2025-09-28 21:00:00+00:00,2.182,2.193,2.181,2.186,91135.18
2025-09-28 22:00:00+00:00,2.187,2.221,2.187,2.213,213943.72
2025-09-28 23:00:00+00:00,2.214,2.217,2.206,2.215,153767.33
2025-09-29 00:00:00+00:00,2.215,2.215,2.201,2.201,108799.92
2025-09-29 01:00:00+00:00,2.202,2.205,2.192,2.193,156394.02
2025-09-29 02:00:00+00:00,2.193,2.206,2.189,2.2,97588.83
2025-09-29 03:00:00+00:00,2.2,2.202,2.193,2.201,66435.24
2025-09-29 04:00:00+00:00,2.201,2.202,2.186,2.189,125966.35
2025-09-29 05:00:00+00:00,2.19,2.194,2.178,2.191,154916.95
2025-09-29 06:00:00+00:00,2.191,2.192,2.18,2.181,80451.02
2025-09-29 07:00:00+00:00,2.181,2.192,2.175,2.186,127398.3
2025-09-29 08:00:00+00:00,2.187,2.195,2.182,2.189,117039.44
2025-09-29 09:00:00+00:00,2.189,2.194,2.179,2.182,90731.59
2025-09-29 10:00:00+00:00,2.181,2.188,2.172,2.172,84284.52
2025-09-29 11:00:00+00:00,2.172,2.179,2.161,2.174,125331.34
2025-09-29 12:00:00+00:00,2.174,2.181,2.155,2.157,193407.19
2025-09-29 13:00:00+00:00,2.157,2.196,2.146,2.19,351589.94
2025-09-29 14:00:00+00:00,2.191,2.218,2.189,2.212,400346.93
2025-09-29 15:00:00+00:00,2.212,2.217,2.189,2.192,213708.97
2025-09-29 16:00:00+00:00,2.192,2.202,2.173,2.174,132585.74
2025-09-29 17:00:00+00:00,2.174,2.189,2.166,2.189,164142.83
2025-09-29 18:00:00+00:00,2.188,2.189,2.181,2.188,50287.86
2025-09-29 19:00:00+00:00,2.187,2.206,2.185,2.205,90868.9
2025-09-29 20:00:00+00:00,2.206,2.231,2.204,2.23,147733.42
2025-09-29 21:00:00+00:00,2.231,2.233,2.218,2.22,100832.15
2025-09-29 22:00:00+00:00,2.219,2.222,2.212,2.216,95278.59
2025-09-29 23:00:00+00:00,2.215,2.218,2.209,2.21,73883.93
2025-09-30 00:00:00+00:00,2.21,2.212,2.19,2.191,208773.55
2025-09-30 01:00:00+00:00,2.191,2.202,2.174,2.187,128922.14
2025-09-30 02:00:00+00:00,2.186,2.193,2.183,2.183,77885.83
2025-09-30 03:00:00+00:00,2.182,2.197,2.182,2.19,87450.86
2025-09-30 04:00:00+00:00,2.19,2.199,2.188,2.193,113278.25
2025-09-30 05:00:00+00:00,2.193,2.204,2.187,2.2,154710.44
2025-09-30 06:00:00+00:00,2.199,2.203,2.19,2.191,141196.08
2025-09-30 07:00:00+00:00,2.191,2.198,2.174,2.181,122702.46
2025-09-30 08:00:00+00:00,2.182,2.186,2.176,2.177,162208.92
2025-09-30 09:00:00+00:00,2.177,2.19,2.17,2.173,255212.64
2025-09-30 10:00:00+00:00,2.173,2.181,2.172,2.174,99802.46
2025-09-30 11:00:00+00:00,2.174,2.179,2.161,2.177,104308.34
2025-09-30 12:00:00+00:00,2.176,2.182,2.167,2.168,146518.54
2025-09-30 13:00:00+00:00,2.168,2.188,2.159,2.175,231577.06
2025-09-30 14:00:00+00:00,2.175,2.179,2.158,2.169,310489.94
2025-09-30 15:00:00+00:00,2.169,2.169,2.13,2.152,578683.87
2025-09-30 16:00:00+00:00,2.151,2.157,2.143,2.153,165702.12
2025-09-30 17:00:00+00:00,2.153,2.162,2.146,2.15,262756.71
2025-09-30 18:00:00+00:00,2.149,2.161,2.144,2.159,142726.31
2025-09-30 19:00:00+00:00,2.159,2.187,2.159,2.186,135172.81
2025-09-30 20:00:00+00:00,2.186,2.2,2.185,2.197,202130.65
2025-09-30 21:00:00+00:00,2.198,2.201,2.186,2.186,123387.75
2025-09-30 22:00:00+00:00,2.187,2.197,2.179,2.182,93050.91
2025-09-30 23:00:00+00:00,2.181,2.188,2.175,2.188,80011.03
2025-10-01 00:00:00+00:00,2.188,2.193,2.169,2.179,157292.68
2025-10-01 01:00:00+00:00,2.18,2.195,2.175,2.195,109868.19
2025-10-01 02:00:00+00:00,2.195,2.196,2.182,2.184,153794.92
2025-10-01 03:00:00+00:00,2.183,2.186,2.165,2.165,204082.34
2025-10-01 04:00:00+00:00,2.166,2.185,2.164,2.178,180685.19
2025-10-01 05:00:00+00:00,2.179,2.198,2.179,2.188,271500.92
2025-10-01 06:00:00+00:00,2.189,2.192,2.178,2.18,143025.64
2025-10-01 07:00:00+00:00,2.181,2.191,2.178,2.182,296442.13
2025-10-01 08:00:00+00:00,2.181,2.263,2.18,2.26,895959.07
2025-10-01 09:00:00+00:00,2.261,2.274,2.255,2.268,507433.73
2025-10-01 10:00:00+00:00,2.268,2.27,2.249,2.253,246259.7
2025-10-01 11:00:00+00:00,2.253,2.259,2.249,2.256,148203.01
2025-10-01 12:00:00+00:00,2.255,2.261,2.238,2.241,297383.66
2025-10-01 13:00:00+00:00,2.241,2.256,2.241,2.252,389873.34
2025-10-01 14:00:00+00:00,2.252,2.264,2.249,2.256,162725.23
2025-10-01 15:00:00+00:00,2.257,2.266,2.249,2.261,207100.07
2025-10-01 16:00:00+00:00,2.262,2.266,2.25,2.254,315393.6
2025-10-01 17:00:00+00:00,2.254,2.261,2.253,2.256,90455.58
2025-10-01 18:00:00+00:00,2.256,2.287,2.255,2.283,202769.14
2025-10-01 19:00:00+00:00,2.282,2.302,2.281,2.296,666686.44
2025-10-01 20:00:00+00:00,2.296,2.299,2.288,2.293,213222.31
2025-10-01 21:00:00+00:00,2.293,2.296,2.281,2.287,213286.97
2025-10-01 22:00:00+00:00,2.287,2.298,2.283,2.288,88466.38
2025-10-01 23:00:00+00:00,2.288,2.299,2.285,2.296,185586.89
2025-10-02 00:00:00+00:00,2.297,2.308,2.292,2.294,351434.44
2025-10-02 01:00:00+00:00,2.293,2.32,2.29,2.318,212608.86
2025-10-02 02:00:00+00:00,2.318,2.333,2.308,2.329,256015.57
2025-10-02 03:00:00+00:00,2.329,2.33,2.318,2.32,148944.23
2025-10-02 04:00:00+00:00,2.321,2.326,2.312,2.326,172535.23
2025-10-02 05:00:00+00:00,2.326,2.34,2.326,2.338,204800.97
2025-10-02 06:00:00+00:00,2.338,2.353,2.334,2.337,342615.29
2025-10-02 07:00:00+00:00,2.337,2.34,2.322,2.323,219173.14
2025-10-02 08:00:00+00:00,2.323,2.328,2.32,2.324,107874.92
2025-10-02 09:00:00+00:00,2.323,2.329,2.318,2.328,99697.16
2025-10-02 10:00:00+00:00,2.328,2.346,2.321,2.342,255690.59
2025-10-02 11:00:00+00:00,2.342,2.357,2.339,2.343,258912.36
2025-10-02 12:00:00+00:00,2.344,2.362,2.342,2.359,255975.95
2025-10-02 13:00:00+00:00,2.36,2.362,2.335,2.348,298538.16
2025-10-02 14:00:00+00:00,2.347,2.349,2.306,2.318,389596.97
2025-10-02 15:00:00+00:00,2.319,2.338,2.307,2.336,382091.56
2025-10-02 16:00:00+00:00,2.335,2.356,2.331,2.342,357454.83
2025-10-02 17:00:00+00:00,2.341,2.386,2.338,2.378,478764.52
2025-10-02 18:00:00+00:00,2.379,2.391,2.379,2.384,440267.33
2025-10-02 19:00:00+00:00,2.385,2.392,2.381,2.383,301143.46
2025-10-02 20:00:00+00:00,2.383,2.392,2.375,2.384,169733.15
2025-10-02 21:00:00+00:00,2.385,2.399,2.383,2.389,169144.02
2025-10-02 22:00:00+00:00,2.389,2.398,2.38,2.386,175730.91
2025-10-02 23:00:00+00:00,2.386,2.388,2.379,2.385,187997.65
2025-10-03 00:00:00+00:00,2.385,2.386,2.356,2.36,440350.38
2025-10-03 01:00:00+00:00,2.36,2.364,2.338,2.34,342887.61
2025-10-03 02:00:00+00:00,2.34,2.354,2.337,2.345,254959.57
2025-10-03 03:00:00+00:00,2.346,2.36,2.335,2.338,319595.78
2025-10-03 04:00:00+00:00,2.338,2.357,2.338,2.352,232200.59
2025-10-03 05:00:00+00:00,2.352,2.354,2.336,2.343,106245.33
2025-10-03 06:00:00+00:00,2.344,2.344,2.316,2.331,285584.71
2025-10-03 07:00:00+00:00,2.329,2.332,2.319,2.331,254929.09
2025-10-03 08:00:00+00:00,2.332,2.334,2.314,2.333,501120.46
2025-10-03 09:00:00+00:00,2.332,2.335,2.323,2.331,156640.83
2025-10-03 10:00:00+00:00,2.331,2.332,2.325,2.327,110413.62
2025-10-03 11:00:00+00:00,2.327,2.329,2.316,2.323,107456.16
2025-10-03 12:00:00+00:00,2.322,2.33,2.316,2.329,186055.83
2025-10-03 13:00:00+00:00,2.328,2.348,2.316,2.341,391198.3
2025-10-03 14:00:00+00:00,2.34,2.355,2.323,2.347,317681.6
2025-10-03 15:00:00+00:00,2.347,2.389,2.341,2.387,293771.0
2025-10-03 16:00:00+00:00,2.388,2.432,2.388,2.398,888432.36
2025-10-03 17:00:00+00:00,2.399,2.405,2.353,2.371,1421947.58
2025-10-03 18:00:00+00:00,2.371,2.419,2.362,2.413,383431.5
2025-10-03 19:00:00+00:00,2.413,2.428,2.407,2.415,261386.39
2025-10-03 20:00:00+00:00,2.415,2.418,2.407,2.413,127377.31
2025-10-03 21:00:00+00:00,2.414,2.416,2.398,2.405,140961.3
2025-10-03 22:00:00+00:00,2.406,2.413,2.399,2.403,100798.73
2025-10-03 23:00:00+00:00,2.403,2.403,2.389,2.391,203147.96
2025-10-04 00:00:00+00:00,2.39,2.405,2.386,2.4,186822.81
2025-10-04 01:00:00+00:00,2.401,2.401,2.367,2.374,235080.93
2025-10-04 02:00:00+00:00,2.375,2.382,2.359,2.373,114048.45
2025-10-04 03:00:00+00:00,2.373,2.375,2.354,2.364,227125.31
2025-10-04 04:00:00+00:00,2.364,2.37,2.354,2.363,127114.08
2025-10-04 05:00:00+00:00,2.363,2.374,2.36,2.37,137344.05
2025-10-04 06:00:00+00:00,2.37,2.378,2.369,2.372,83076.3
2025-10-04 07:00:00+00:00,2.372,2.372,2.355,2.361,116883.39
2025-10-04 08:00:00+00:00,2.36,2.363,2.336,2.34,368601.79
2025-10-04 09:00:00+00:00,2.339,2.346,2.319,2.321,291015.35
2025-10-04 10:00:00+00:00,2.32,2.333,2.304,2.308,340170.58
2025-10-04 11:00:00+00:00,2.308,2.321,2.304,2.316,254722.27
2025-10-04 12:00:00+00:00,2.316,2.326,2.314,2.32,199148.28
2025-10-04 13:00:00+00:00,2.32,2.344,2.318,2.332,197133.61
2025-10-04 14:00:00+00:00,2.332,2.341,2.303,2.304,204378.1
2025-10-04 15:00:00+00:00,2.304,2.314,2.269,2.284,723749.6
2025-10-04 16:00:00+00:00,2.284,2.294,2.275,2.292,179958.64
2025-10-04 17:00:00+00:00,2.293,2.298,2.284,2.292,102066.3
2025-10-04 18:00:00+00:00,2.292,2.295,2.283,2.285,79969.1
2025-10-04 19:00:00+00:00,2.285,2.299,2.285,2.299,64368.6
2025-10-04 20:00:00+00:00,2.3,2.309,2.3,2.302,105378.76
2025-10-04 21:00:00+00:00,2.302,2.314,2.302,2.308,69512.82
2025-10-04 22:00:00+00:00,2.307,2.318,2.305,2.314,130808.63
2025-10-04 23:00:00+00:00,2.314,2.317,2.309,2.315,78756.76
2025-10-05 00:00:00+00:00,2.315,2.323,2.296,2.297,205091.07
2025-10-05 01:00:00+00:00,2.297,2.307,2.296,2.304,146720.39
2025-10-05 02:00:00+00:00,2.303,2.345,2.3,2.345,468768.36
2025-10-05 03:00:00+00:00,2.345,2.355,2.336,2.338,418973.7
2025-10-05 04:00:00+00:00,2.339,2.37,2.336,2.364,671681.45
2025-10-05 05:00:00+00:00,2.365,2.378,2.361,2.376,268391.16
2025-10-05 06:00:00+00:00,2.376,2.377,2.363,2.367,211964.76
2025-10-05 07:00:00+00:00,2.366,2.405,2.366,2.405,294402.35
2025-10-05 08:00:00+00:00,2.405,2.417,2.388,2.391,352013.59
2025-10-05 09:00:00+00:00,2.391,2.396,2.365,2.373,589907.85
2025-10-05 10:00:00+00:00,2.374,2.386,2.362,2.368,235968.94
2025-10-05 11:00:00+00:00,2.367,2.372,2.358,2.369,221259.08
2025-10-05 12:00:00+00:00,2.368,2.369,2.352,2.352,123753.23
2025-10-05 13:00:00+00:00,2.351,2.365,2.351,2.361,205938.0
2025-10-05 14:00:00+00:00,2.362,2.377,2.349,2.361,188673.16
2025-10-05 15:00:00+00:00,2.36,2.374,2.358,2.37,133643.6
2025-10-05 16:00:00+00:00,2.369,2.378,2.35,2.373,400606.85
2025-10-05 17:00:00+00:00,2.373,2.379,2.34,2.346,256479.29
2025-10-05 18:00:00+00:00,2.346,2.353,2.33,2.345,148859.81
2025-10-05 19:00:00+00:00,2.345,2.345,2.311,2.314,205878.97
2025-10-05 20:00:00+00:00,2.314,2.331,2.306,2.321,202649.8
2025-10-05 21:00:00+00:00,2.321,2.33,2.318,2.327,140755.24
2025-10-05 22:00:00+00:00,2.328,2.338,2.322,2.336,149272.12
2025-10-05 23:00:00+00:00,2.336,2.339,2.33,2.331,102441.97
2025-10-06 00:00:00+00:00,2.331,2.351,2.314,2.319,286758.81
2025-10-06 01:00:00+00:00,2.32,2.355,2.31,2.34,494550.77
2025-10-06 02:00:00+00:00,2.34,2.361,2.331,2.351,224532.07
2025-10-06 03:00:00+00:00,2.35,2.353,2.337,2.343,163351.57
2025-10-06 04:00:00+00:00,2.342,2.342,2.322,2.324,111434.02
2025-10-06 05:00:00+00:00,2.324,2.334,2.316,2.333,101759.09
2025-10-06 06:00:00+00:00,2.333,2.362,2.333,2.353,150452.74
2025-10-06 07:00:00+00:00,2.352,2.361,2.332,2.345,124111.83
2025-10-06 08:00:00+00:00,2.345,2.36,2.345,2.354,133258.9
2025-10-06 09:00:00+00:00,2.354,2.361,2.352,2.354,59408.96
2025-10-06 10:00:00+00:00,2.354,2.357,2.341,2.35,105907.32
2025-10-06 11:00:00+00:00,2.349,2.365,2.342,2.352,120086.19
2025-10-06 12:00:00+00:00,2.353,2.372,2.353,2.369,208908.88
2025-10-06 13:00:00+00:00,2.368,2.422,2.365,2.416,839869.27
2025-10-06 14:00:00+00:00,2.416,2.431,2.4,2.402,1136179.06
2025-10-06 15:00:00+00:00,2.403,2.425,2.403,2.415,269667.74
2025-10-06 16:00:00+00:00,2.416,2.424,2.402,2.414,169899.32
2025-10-06 17:00:00+00:00,2.413,2.429,2.407,2.422,268682.42
2025-10-06 18:00:00+00:00,2.421,2.426,2.412,2.421,192943.53
2025-10-06 19:00:00+00:00,2.421,2.423,2.413,2.418,133119.18
2025-10-06 20:00:00+00:00,2.419,2.427,2.405,2.412,178632.6
2025-10-06 21:00:00+00:00,2.412,2.417,2.398,2.413,198059.94
2025-10-06 22:00:00+00:00,2.413,2.421,2.406,2.414,164020.82
2025-10-06 23:00:00+00:00,2.415,2.416,2.403,2.407,194593.97
2025-10-07 00:00:00+00:00,2.406,2.413,2.401,2.409,167639.2
2025-10-07 01:00:00+00:00,2.409,2.415,2.394,2.399,133147.48
2025-10-07 02:00:00+00:00,2.398,2.405,2.389,2.396,157448.76
2025-10-07 03:00:00+00:00,2.395,2.401,2.388,2.394,104298.51
2025-10-07 04:00:00+00:00,2.394,2.414,2.38,2.407,305859.1
2025-10-07 05:00:00+00:00,2.407,2.412,2.397,2.403,150300.76
2025-10-07 06:00:00+00:00,2.402,2.406,2.37,2.376,290485.12
2025-10-07 07:00:00+00:00,2.376,2.389,2.368,2.374,347828.68
2025-10-07 08:00:00+00:00,2.374,2.38,2.351,2.373,428131.29
2025-10-07 09:00:00+00:00,2.373,2.389,2.372,2.387,141559.94
2025-10-07 10:00:00+00:00,2.386,2.399,2.379,2.391,210348.6
2025-10-07 11:00:00+00:00,2.391,2.403,2.385,2.4,198144.38
2025-10-07 12:00:00+00:00,2.4,2.407,2.389,2.407,277446.68
2025-10-07 13:00:00+00:00,2.407,2.409,2.357,2.379,739022.85
2025-10-07 14:00:00+00:00,2.378,2.381,2.323,2.325,1232316.35
2025-10-07 15:00:00+00:00,2.325,2.33,2.279,2.292,2086770.31
2025-10-07 16:00:00+00:00,2.291,2.312,2.271,2.303,832779.21
2025-10-07 17:00:00+00:00,2.303,2.311,2.291,2.292,255120.88
2025-10-07 18:00:00+00:00,2.292,2.303,2.281,2.281,325608.18
2025-10-07 19:00:00+00:00,2.28,2.296,2.279,2.287,232662.23
2025-10-07 20:00:00+00:00,2.287,2.315,2.286,2.306,200736.71
2025-10-07 21:00:00+00:00,2.305,2.311,2.286,2.293,141072.77
2025-10-07 22:00:00+00:00,2.292,2.306,2.287,2.298,88968.54
2025-10-07 23:00:00+00:00,2.298,2.3,2.274,2.28,269256.25
2025-10-08 00:00:00+00:00,2.28,2.301,2.276,2.294,324079.92
2025-10-08 01:00:00+00:00,2.293,2.308,2.292,2.303,152875.5
2025-10-08 02:00:00+00:00,2.302,2.307,2.291,2.293,235748.79
2025-10-08 03:00:00+00:00,2.294,2.294,2.248,2.267,607866.33
2025-10-08 04:00:00+00:00,2.268,2.283,2.254,2.279,201620.33
2025-10-08 05:00:00+00:00,2.28,2.28,2.259,2.268,121761.99
2025-10-08 06:00:00+00:00,2.267,2.279,2.258,2.276,212290.92
2025-10-08 07:00:00+00:00,2.276,2.285,2.271,2.285,185954.12
2025-10-08 08:00:00+00:00,2.286,2.307,2.282,2.297,409055.13
2025-10-08 09:00:00+00:00,2.297,2.298,2.284,2.291,291308.05
2025-10-08 10:00:00+00:00,2.292,2.299,2.285,2.294,333613.83
2025-10-08 11:00:00+00:00,2.294,2.299,2.283,2.287,141379.32
2025-10-08 12:00:00+00:00,2.287,2.293,2.28,2.285,184125.67
2025-10-08 13:00:00+00:00,2.286,2.297,2.272,2.296,332201.3
2025-10-08 14:00:00+00:00,2.295,2.323,2.285,2.289,616154.76
2025-10-08 15:00:00+00:00,2.289,2.309,2.289,2.301,263475.64
2025-10-08 16:00:00+00:00,2.302,2.334,2.297,2.334,178055.42
2025-10-08 17:00:00+00:00,2.335,2.418,2.333,2.408,1044008.87
2025-10-08 18:00:00+00:00,2.409,2.413,2.382,2.382,566034.62
2025-10-08 19:00:00+00:00,2.382,2.384,2.367,2.379,240689.16
2025-10-08 20:00:00+00:00,2.378,2.386,2.364,2.365,157518.34
2025-10-08 21:00:00+00:00,2.365,2.377,2.365,2.375,167055.6
2025-10-08 22:00:00+00:00,2.376,2.385,2.374,2.374,134082.69
2025-10-08 23:00:00+00:00,2.373,2.376,2.363,2.365,193712.39
2025-10-09 00:00:00+00:00,2.365,2.368,2.342,2.343,243082.59
2025-10-09 01:00:00+00:00,2.343,2.344,2.321,2.336,289664.1
2025-10-09 02:00:00+00:00,2.336,2.336,2.287,2.295,446638.92
2025-10-09 03:00:00+00:00,2.295,2.32,2.295,2.318,165436.08
2025-10-09 04:00:00+00:00,2.317,2.322,2.31,2.321,112778.08
2025-10-09 05:00:00+00:00,2.321,2.326,2.31,2.315,104398.15
2025-10-09 06:00:00+00:00,2.315,2.315,2.293,2.295,242554.41
2025-10-09 07:00:00+00:00,2.296,2.298,2.278,2.284,547252.02
2025-10-09 08:00:00+00:00,2.285,2.287,2.248,2.252,496646.4
2025-10-09 09:00:00+00:00,2.252,2.268,2.251,2.262,357435.2
2025-10-09 10:00:00+00:00,2.261,2.274,2.252,2.268,247203.39
2025-10-09 11:00:00+00:00,2.267,2.281,2.267,2.273,335108.3
2025-10-09 12:00:00+00:00,2.272,2.298,2.269,2.292,220519.34
2025-10-09 13:00:00+00:00,2.292,2.293,2.253,2.256,388633.99
2025-10-09 14:00:00+00:00,2.255,2.268,2.231,2.253,680675.45
2025-10-09 15:00:00+00:00,2.254,2.265,2.239,2.25,334756.36
2025-10-09 16:00:00+00:00,2.25,2.258,2.22,2.229,556556.97
2025-10-09 17:00:00+00:00,2.229,2.281,2.225,2.272,441401.19
2025-10-09 18:00:00+00:00,2.272,2.274,2.256,2.257,250802.53
2025-10-09 19:00:00+00:00,2.256,2.272,2.256,2.27,59771.65
2025-10-09 20:00:00+00:00,2.27,2.275,2.265,2.275,142303.12
2025-10-09 21:00:00+00:00,2.274,2.281,2.27,2.28,64849.55
2025-10-09 22:00:00+00:00,2.28,2.313,2.277,2.304,170961.55
2025-10-09 23:00:00+00:00,2.305,2.305,2.292,2.298,113805.88
2025-10-10 00:00:00+00:00,2.297,2.312,2.29,2.307,310046.29
2025-10-10 01:00:00+00:00,2.306,2.315,2.304,2.31,289589.74
2025-10-10 02:00:00+00:00,2.31,2.313,2.297,2.298,272947.35
2025-10-10 03:00:00+00:00,2.299,2.364,2.288,2.337,757382.87
2025-10-10 04:00:00+00:00,2.337,2.347,2.324,2.341,430818.25
2025-10-10 05:00:00+00:00,2.342,2.392,2.329,2.389,863893.67
2025-10-10 06:00:00+00:00,2.389,2.391,2.352,2.36,438223.17
2025-10-10 07:00:00+00:00,2.359,2.377,2.349,2.352,410459.33
2025-10-10 08:00:00+00:00,2.352,2.379,2.351,2.372,314609.09
2025-10-10 09:00:00+00:00,2.371,2.384,2.355,2.364,390188.71
2025-10-10 10:00:00+00:00,2.364,2.381,2.362,2.377,191359.2
2025-10-10 11:00:00+00:00,2.378,2.388,2.374,2.382,347451.04
2025-10-10 12:00:00+00:00,2.381,2.416,2.373,2.408,775922.47
2025-10-10 13:00:00+00:00,2.408,2.447,2.394,2.402,1180239.22
2025-10-10 14:00:00+00:00,2.403,2.407,2.353,2.367,828835.7
2025-10-10 15:00:00+00:00,2.366,2.369,2.267,2.296,3433448.98
2025-10-10 16:00:00+00:00,2.297,2.317,2.283,2.287,557073.9
2025-10-10 17:00:00+00:00,2.288,2.292,2.25,2.259,598464.61
2025-10-10 18:00:00+00:00,2.258,2.265,2.24,2.24,416359.59
2025-10-10 19:00:00+00:00,2.241,2.247,2.188,2.213,1412540.1
2025-10-10 20:00:00+00:00,2.213,2.233,2.081,2.094,2751700.23
2025-10-10 21:00:00+00:00,2.094,2.596,0.32,1.561,20563270.98
2025-10-10 22:00:00+00:00,1.569,1.84,1.39,1.627,20323332.67
2025-10-10 23:00:00+00:00,1.627,1.773,1.608,1.685,14748999.62
2025-10-11 00:00:00+00:00,1.685,1.739,1.658,1.694,10512058.63
2025-10-11 01:00:00+00:00,1.694,1.697,1.591,1.62,8190807.45
2025-10-11 02:00:00+00:00,1.621,1.754,1.619,1.743,4674784.23
2025-10-11 03:00:00+00:00,1.742,1.75,1.665,1.694,4320373.03
2025-10-11 04:00:00+00:00,1.694,1.71,1.684,1.709,2360357.5
2025-10-11 05:00:00+00:00,1.708,1.718,1.674,1.687,2465041.63
2025-10-11 06:00:00+00:00,1.686,1.717,1.678,1.683,1795704.01
2025-10-11 07:00:00+00:00,1.684,1.7,1.672,1.682,2459220.25
2025-10-11 08:00:00+00:00,1.681,1.72,1.662,1.711,2607950.28
2025-10-11 09:00:00+00:00,1.712,1.732,1.687,1.691,1858829.31
2025-10-11 10:00:00+00:00,1.691,1.705,1.653,1.672,3619131.54
2025-10-11 11:00:00+00:00,1.672,1.679,1.645,1.67,1417482.9
2025-10-11 12:00:00+00:00,1.669,1.676,1.635,1.655,1141973.42
2025-10-11 13:00:00+00:00,1.654,1.657,1.608,1.651,2156195.39
2025-10-11 14:00:00+00:00,1.652,1.657,1.636,1.653,1016553.39
2025-10-11 15:00:00+00:00,1.653,1.665,1.645,1.652,793519.3
2025-10-11 16:00:00+00:00,1.651,1.672,1.639,1.65,845964.08
2025-10-11 17:00:00+00:00,1.65,1.663,1.642,1.653,484323.76
2025-10-11 18:00:00+00:00,1.652,1.653,1.635,1.635,447882.96
2025-10-11 19:00:00+00:00,1.635,1.637,1.557,1.573,1582300.36
2025-10-11 20:00:00+00:00,1.574,1.577,1.511,1.523,2110975.99
2025-10-11 21:00:00+00:00,1.523,1.548,1.494,1.543,1576213.45
2025-10-11 22:00:00+00:00,1.543,1.564,1.54,1.563,448787.17
2025-10-11 23:00:00+00:00,1.563,1.571,1.557,1.563,494189.4
2025-10-12 00:00:00+00:00,1.564,1.566,1.525,1.529,592469.82
2025-10-12 01:00:00+00:00,1.529,1.554,1.515,1.518,666546.14
2025-10-12 02:00:00+00:00,1.517,1.53,1.494,1.515,946213.75
2025-10-12 03:00:00+00:00,1.515,1.557,1.513,1.538,888045.72
2025-10-12 04:00:00+00:00,1.539,1.566,1.536,1.557,515866.3
2025-10-12 05:00:00+00:00,1.557,1.56,1.551,1.551,583075.82
2025-10-12 06:00:00+00:00,1.55,1.57,1.545,1.569,687365.86
2025-10-12 07:00:00+00:00,1.569,1.577,1.556,1.576,865983.06
2025-10-12 08:00:00+00:00,1.576,1.582,1.561,1.563,463586.8
2025-10-12 09:00:00+00:00,1.563,1.569,1.538,1.568,596009.36
2025-10-12 10:00:00+00:00,1.568,1.577,1.557,1.559,806901.46
2025-10-12 11:00:00+00:00,1.559,1.569,1.555,1.558,320301.75
2025-10-12 12:00:00+00:00,1.558,1.577,1.555,1.56,500723.4
2025-10-12 13:00:00+00:00,1.56,1.572,1.535,1.543,753823.78
2025-10-12 14:00:00+00:00,1.543,1.626,1.542,1.601,1977870.05
2025-10-12 15:00:00+00:00,1.601,1.654,1.599,1.643,2306147.63
2025-10-12 16:00:00+00:00,1.643,1.686,1.643,1.666,2250334.64
2025-10-12 17:00:00+00:00,1.666,1.682,1.656,1.668,1018454.47
2025-10-12 18:00:00+00:00,1.668,1.679,1.65,1.662,474503.28
2025-10-12 19:00:00+00:00,1.663,1.691,1.662,1.69,422124.99
2025-10-12 20:00:00+00:00,1.69,1.696,1.673,1.678,666329.07
2025-10-12 21:00:00+00:00,1.678,1.685,1.644,1.666,494508.84
2025-10-12 22:00:00+00:00,1.666,1.678,1.646,1.659,657650.8
2025-10-12 23:00:00+00:00,1.659,1.66,1.642,1.659,661276.35
2025-10-13 00:00:00+00:00,1.659,1.673,1.638,1.645,930769.38
2025-10-13 01:00:00+00:00,1.644,1.66,1.633,1.658,691486.59
2025-10-13 02:00:00+00:00,1.658,1.662,1.641,1.652,498167.87
2025-10-13 03:00:00+00:00,1.652,1.657,1.64,1.644,547105.99
2025-10-13 04:00:00+00:00,1.645,1.648,1.631,1.645,521550.14
2025-10-13 05:00:00+00:00,1.645,1.646,1.626,1.631,496648.11
2025-10-13 06:00:00+00:00,1.631,1.663,1.625,1.659,496460.7
2025-10-13 07:00:00+00:00,1.659,1.672,1.649,1.654,766890.88
2025-10-13 08:00:00+00:00,1.654,1.678,1.653,1.676,516548.87
2025-10-13 09:00:00+00:00,1.676,1.684,1.662,1.682,546445.74
2025-10-13 10:00:00+00:00,1.682,1.686,1.664,1.674,720373.05
2025-10-13 11:00:00+00:00,1.673,1.674,1.595,1.631,3452840.14
2025-10-13 12:00:00+00:00,1.63,1.652,1.612,1.633,1164006.61
2025-10-13 13:00:00+00:00,1.633,1.679,1.628,1.663,3209094.3
2025-10-13 14:00:00+00:00,1.662,1.668,1.621,1.636,2161177.42
2025-10-13 15:00:00+00:00,1.635,1.666,1.634,1.66,1127882.58
2025-10-13 16:00:00+00:00,1.661,1.671,1.647,1.668,1385896.33
2025-10-13 17:00:00+00:00,1.668,1.7,1.665,1.699,1025801.27
2025-10-13 18:00:00+00:00,1.698,1.701,1.678,1.689,1313197.25
2025-10-13 19:00:00+00:00,1.689,1.723,1.687,1.719,1170093.57
2025-10-13 20:00:00+00:00,1.719,1.731,1.708,1.73,520051.82
2025-10-13 21:00:00+00:00,1.73,1.74,1.723,1.728,676791.15
2025-10-13 22:00:00+00:00,1.728,1.734,1.714,1.722,492518.86
2025-10-13 23:00:00+00:00,1.721,1.737,1.717,1.73,902817.04
2025-10-14 00:00:00+00:00,1.731,1.738,1.72,1.733,463805.98
2025-10-14 01:00:00+00:00,1.733,1.739,1.725,1.734,724310.55
2025-10-14 02:00:00+00:00,1.733,1.733,1.703,1.705,1006203.23
2025-10-14 03:00:00+00:00,1.705,1.706,1.683,1.692,1355986.43
2025-10-14 04:00:00+00:00,1.692,1.696,1.651,1.662,839821.2
2025-10-14 05:00:00+00:00,1.663,1.678,1.634,1.645,1292383.85
2025-10-14 06:00:00+00:00,1.644,1.657,1.556,1.595,3621483.05
2025-10-14 07:00:00+00:00,1.596,1.608,1.58,1.588,1152175.43
2025-10-14 08:00:00+00:00,1.588,1.611,1.574,1.603,996217.36
2025-10-14 09:00:00+00:00,1.603,1.618,1.6,1.607,532955.25
2025-10-14 10:00:00+00:00,1.606,1.606,1.565,1.593,1103398.7
2025-10-14 11:00:00+00:00,1.593,1.615,1.592,1.605,540890.48
2025-10-14 12:00:00+00:00,1.606,1.606,1.582,1.584,554611.97
2025-10-14 13:00:00+00:00,1.584,1.619,1.571,1.605,797915.27
2025-10-14 14:00:00+00:00,1.605,1.634,1.598,1.615,739646.2
2025-10-14 15:00:00+00:00,1.615,1.656,1.605,1.653,694506.85
2025-10-14 16:00:00+00:00,1.654,1.685,1.64,1.665,980801.12
2025-10-14 17:00:00+00:00,1.664,1.686,1.642,1.664,720922.02
2025-10-14 18:00:00+00:00,1.664,1.682,1.663,1.668,233991.07
2025-10-14 19:00:00+00:00,1.668,1.684,1.643,1.666,632154.7
2025-10-14 20:00:00+00:00,1.667,1.679,1.659,1.678,163462.54
2025-10-14 21:00:00+00:00,1.678,1.68,1.661,1.678,242584.16
2025-10-14 22:00:00+00:00,1.678,1.688,1.667,1.673,274757.08
2025-10-14 23:00:00+00:00,1.673,1.682,1.672,1.675,146574.6
2025-10-15 00:00:00+00:00,1.674,1.676,1.658,1.67,568294.81
2025-10-15 01:00:00+00:00,1.67,1.673,1.652,1.664,356191.55
2025-10-15 02:00:00+00:00,1.664,1.686,1.662,1.674,468995.24
2025-10-15 03:00:00+00:00,1.675,1.679,1.653,1.66,376542.66
2025-10-15 04:00:00+00:00,1.66,1.672,1.655,1.665,382490.68
2025-10-15 05:00:00+00:00,1.665,1.675,1.661,1.668,394162.12
2025-10-15 06:00:00+00:00,1.669,1.676,1.653,1.674,403052.19
2025-10-15 07:00:00+00:00,1.675,1.683,1.666,1.677,453654.97
2025-10-15 08:00:00+00:00,1.677,1.713,1.676,1.693,1693170.75
2025-10-15 09:00:00+00:00,1.693,1.693,1.665,1.671,745037.56
2025-10-15 10:00:00+00:00,1.67,1.678,1.658,1.665,355995.81
2025-10-15 11:00:00+00:00,1.665,1.673,1.649,1.661,495354.7
2025-10-15 12:00:00+00:00,1.66,1.669,1.643,1.652,612690.57
2025-10-15 13:00:00+00:00,1.652,1.658,1.61,1.643,1103639.04
2025-10-15 14:00:00+00:00,1.643,1.66,1.614,1.623,585165.59
2025-10-15 15:00:00+00:00,1.623,1.636,1.605,1.616,621596.24
2025-10-15 16:00:00+00:00,1.616,1.625,1.606,1.617,264134.88
2025-10-15 17:00:00+00:00,1.618,1.618,1.598,1.617,475393.11
2025-10-15 18:00:00+00:00,1.617,1.627,1.607,1.625,413213.42
2025-10-15 19:00:00+00:00,1.624,1.624,1.599,1.605,235411.25
2025-10-15 20:00:00+00:00,1.606,1.613,1.577,1.598,575341.2
2025-10-15 21:00:00+00:00,1.597,1.608,1.58,1.59,360161.47
2025-10-15 22:00:00+00:00,1.591,1.606,1.588,1.591,262462.04
2025-10-15 23:00:00+00:00,1.592,1.605,1.591,1.604,202018.06
2025-10-16 00:00:00+00:00,1.603,1.607,1.595,1.596,277006.16
2025-10-16 01:00:00+00:00,1.596,1.614,1.595,1.612,249956.62
2025-10-16 02:00:00+00:00,1.612,1.617,1.597,1.607,402951.37
2025-10-16 03:00:00+00:00,1.606,1.608,1.593,1.594,163183.28
2025-10-16 04:00:00+00:00,1.593,1.606,1.587,1.592,206288.94
2025-10-16 05:00:00+00:00,1.592,1.604,1.581,1.592,334562.6
2025-10-16 06:00:00+00:00,1.592,1.613,1.59,1.611,321962.26
2025-10-16 07:00:00+00:00,1.611,1.612,1.592,1.596,202182.34
2025-10-16 08:00:00+00:00,1.597,1.598,1.58,1.581,392283.12
2025-10-16 09:00:00+00:00,1.58,1.597,1.532,1.585,1933135.91
2025-10-16 10:00:00+00:00,1.585,1.603,1.577,1.592,693449.0
2025-10-16 11:00:00+00:00,1.592,1.601,1.584,1.6,371784.71
2025-10-16 12:00:00+00:00,1.6,1.612,1.597,1.599,463222.18
2025-10-16 13:00:00+00:00,1.599,1.603,1.577,1.585,500592.7
2025-10-16 14:00:00+00:00,1.585,1.595,1.554,1.574,908799.62
2025-10-16 15:00:00+00:00,1.574,1.578,1.527,1.536,1221642.96
2025-10-16 16:00:00+00:00,1.536,1.562,1.514,1.561,1537886.18
2025-10-16 17:00:00+00:00,1.561,1.562,1.535,1.538,577718.0
2025-10-16 18:00:00+00:00,1.539,1.539,1.516,1.53,779533.76
2025-10-16 19:00:00+00:00,1.531,1.531,1.485,1.497,1217694.72
2025-10-16 20:00:00+00:00,1.497,1.503,1.462,1.471,701457.73
2025-10-16 21:00:00+00:00,1.472,1.5,1.469,1.499,362273.19
2025-10-16 22:00:00+00:00,1.5,1.501,1.479,1.48,362840.32
2025-10-16 23:00:00+00:00,1.479,1.493,1.477,1.493,200109.31
2025-10-17 00:00:00+00:00,1.493,1.503,1.488,1.503,452766.28
2025-10-17 01:00:00+00:00,1.503,1.516,1.492,1.497,546231.48
2025-10-17 02:00:00+00:00,1.497,1.501,1.481,1.492,525673.8
2025-10-17 03:00:00+00:00,1.491,1.504,1.491,1.503,296429.33
2025-10-17 04:00:00+00:00,1.504,1.508,1.495,1.503,166377.83
2025-10-17 05:00:00+00:00,1.503,1.503,1.482,1.486,570106.22
2025-10-17 06:00:00+00:00,1.485,1.49,1.429,1.439,1223924.5
2025-10-17 07:00:00+00:00,1.439,1.443,1.398,1.403,1569410.61
2025-10-17 08:00:00+00:00,1.402,1.414,1.376,1.398,1398234.39
2025-10-17 09:00:00+00:00,1.398,1.44,1.394,1.418,954734.71
2025-10-17 10:00:00+00:00,1.418,1.426,1.389,1.413,833262.24
2025-10-17 11:00:00+00:00,1.414,1.457,1.413,1.443,1197708.73
2025-10-17 12:00:00+00:00,1.444,1.454,1.44,1.441,349336.36
2025-10-17 13:00:00+00:00,1.442,1.463,1.431,1.453,691056.02
2025-10-17 14:00:00+00:00,1.452,1.457,1.421,1.437,798429.39
2025-10-17 15:00:00+00:00,1.437,1.462,1.431,1.461,539154.01
2025-10-17 16:00:00+00:00,1.462,1.481,1.45,1.453,840906.09
2025-10-17 17:00:00+00:00,1.454,1.468,1.45,1.464,307727.04
2025-10-17 18:00:00+00:00,1.464,1.477,1.458,1.461,401587.06
2025-10-17 19:00:00+00:00,1.462,1.467,1.451,1.458,239756.02
2025-10-17 20:00:00+00:00,1.459,1.474,1.455,1.47,247152.34
2025-10-17 21:00:00+00:00,1.47,1.486,1.47,1.474,305920.19
2025-10-17 22:00:00+00:00,1.474,1.477,1.466,1.471,191136.13
2025-10-17 23:00:00+00:00,1.471,1.472,1.459,1.465,208838.91
2025-10-18 00:00:00+00:00,1.465,1.477,1.462,1.473,163664.97
2025-10-18 01:00:00+00:00,1.473,1.499,1.473,1.497,271244.46
2025-10-18 02:00:00+00:00,1.497,1.506,1.484,1.491,383952.79
2025-10-18 03:00:00+00:00,1.491,1.499,1.491,1.495,153427.24
2025-10-18 04:00:00+00:00,1.494,1.494,1.479,1.48,243515.14
2025-10-18 05:00:00+00:00,1.479,1.485,1.471,1.483,238252.87
2025-10-18 06:00:00+00:00,1.484,1.488,1.473,1.483,202584.55
2025-10-18 07:00:00+00:00,1.484,1.504,1.479,1.483,446379.29
2025-10-18 08:00:00+00:00,1.483,1.493,1.482,1.484,160639.27
2025-10-18 09:00:00+00:00,1.485,1.498,1.484,1.495,161765.66
2025-10-18 10:00:00+00:00,1.494,1.499,1.487,1.499,383933.42
2025-10-18 11:00:00+00:00,1.499,1.506,1.493,1.501,231791.61
2025-10-18 12:00:00+00:00,1.5,1.51,1.496,1.503,331859.11
2025-10-18 13:00:00+00:00,1.502,1.505,1.493,1.498,169403.62
2025-10-18 14:00:00+00:00,1.498,1.506,1.488,1.503,308444.83
2025-10-18 15:00:00+00:00,1.503,1.511,1.487,1.496,688037.56
2025-10-18 16:00:00+00:00,1.495,1.496,1.477,1.486,270908.01
2025-10-18 17:00:00+00:00,1.487,1.498,1.482,1.496,113034.64
2025-10-18 18:00:00+00:00,1.497,1.499,1.49,1.491,122831.78
2025-10-18 19:00:00+00:00,1.491,1.495,1.488,1.494,116342.85
2025-10-18 20:00:00+00:00,1.494,1.502,1.492,1.494,97733.8
2025-10-18 21:00:00+00:00,1.494,1.499,1.49,1.498,87579.26
2025-10-18 22:00:00+00:00,1.499,1.5,1.493,1.495,105165.11
2025-10-18 23:00:00+00:00,1.495,1.496,1.491,1.495,185285.38
2025-10-19 00:00:00+00:00,1.495,1.496,1.48,1.485,464445.8
2025-10-19 01:00:00+00:00,1.485,1.491,1.479,1.49,152142.1
2025-10-19 02:00:00+00:00,1.49,1.494,1.488,1.492,98767.18
2025-10-19 03:00:00+00:00,1.492,1.514,1.489,1.509,227945.33
2025-10-19 04:00:00+00:00,1.51,1.511,1.495,1.497,129834.72
2025-10-19 05:00:00+00:00,1.498,1.502,1.487,1.491,155930.67
2025-10-19 06:00:00+00:00,1.491,1.493,1.48,1.485,112730.26
2025-10-19 07:00:00+00:00,1.485,1.492,1.483,1.492,94719.08
2025-10-19 08:00:00+00:00,1.491,1.507,1.477,1.482,495856.06
2025-10-19 09:00:00+00:00,1.481,1.51,1.47,1.499,648449.87
2025-10-19 10:00:00+00:00,1.5,1.523,1.494,1.518,468931.96
2025-10-19 11:00:00+00:00,1.519,1.532,1.512,1.514,458105.63
2025-10-19 12:00:00+00:00,1.515,1.517,1.503,1.509,200489.21
2025-10-19 13:00:00+00:00,1.509,1.533,1.504,1.528,464739.82
2025-10-19 14:00:00+00:00,1.528,1.542,1.519,1.539,486010.67
2025-10-19 15:00:00+00:00,1.539,1.547,1.534,1.538,439516.86
2025-10-19 16:00:00+00:00,1.539,1.546,1.53,1.542,311992.58
2025-10-19 17:00:00+00:00,1.543,1.556,1.535,1.535,419005.88
2025-10-19 18:00:00+00:00,1.536,1.541,1.533,1.539,136102.47
2025-10-19 19:00:00+00:00,1.539,1.54,1.53,1.54,108450.33
2025-10-19 20:00:00+00:00,1.54,1.554,1.539,1.553,295156.18
2025-10-19 21:00:00+00:00,1.553,1.554,1.535,1.543,205987.74
2025-10-19 22:00:00+00:00,1.544,1.55,1.542,1.546,156211.64
2025-10-19 23:00:00+00:00,1.545,1.545,1.529,1.532,240057.78
2025-10-20 00:00:00+00:00,1.533,1.533,1.501,1.518,673253.94
2025-10-20 01:00:00+00:00,1.52,1.525,1.515,1.517,142133.31
2025-10-20 02:00:00+00:00,1.517,1.53,1.51,1.529,209069.82
2025-10-20 03:00:00+00:00,1.528,1.573,1.526,1.565,356165.61
2025-10-20 04:00:00+00:00,1.566,1.574,1.561,1.571,440338.53
2025-10-20 05:00:00+00:00,1.571,1.581,1.564,1.577,308413.54
2025-10-20 06:00:00+00:00,1.577,1.6,1.575,1.592,566347.65
2025-10-20 07:00:00+00:00,1.591,1.594,1.578,1.585,316948.63
2025-10-20 08:00:00+00:00,1.586,1.601,1.582,1.588,209626.41
2025-10-20 09:00:00+00:00,1.588,1.591,1.583,1.588,189910.54
2025-10-20 10:00:00+00:00,1.589,1.61,1.589,1.601,443248.4
2025-10-20 11:00:00+00:00,1.601,1.617,1.592,1.617,582947.38
2025-10-20 12:00:00+00:00,1.618,1.62,1.6,1.604,420794.42
2025-10-20 13:00:00+00:00,1.605,1.62,1.597,1.617,317961.6
2025-10-20 14:00:00+00:00,1.617,1.629,1.607,1.625,464072.14
2025-10-20 15:00:00+00:00,1.625,1.626,1.59,1.591,614347.54
2025-10-20 16:00:00+00:00,1.59,1.593,1.561,1.579,897855.02
2025-10-20 17:00:00+00:00,1.579,1.586,1.567,1.576,291320.62
2025-10-20 18:00:00+00:00,1.576,1.589,1.572,1.587,154190.21
2025-10-20 19:00:00+00:00,1.588,1.6,1.579,1.595,241445.47
2025-10-20 20:00:00+00:00,1.595,1.6,1.59,1.596,157097.76
2025-10-20 21:00:00+00:00,1.596,1.601,1.583,1.586,225103.05
2025-10-20 22:00:00+00:00,1.587,1.593,1.586,1.59,201283.21
2025-10-20 23:00:00+00:00,1.589,1.591,1.58,1.58,136212.79
2025-10-21 00:00:00+00:00,1.58,1.584,1.574,1.578,275267.14
2025-10-21 01:00:00+00:00,1.577,1.578,1.563,1.569,380923.21
2025-10-21 02:00:00+00:00,1.57,1.57,1.555,1.555,212963.43
2025-10-21 03:00:00+00:00,1.555,1.559,1.549,1.552,167942.55
2025-10-21 04:00:00+00:00,1.552,1.554,1.517,1.522,1108509.68
2025-10-21 05:00:00+00:00,1.522,1.531,1.517,1.523,287967.63
2025-10-21 06:00:00+00:00,1.524,1.537,1.521,1.535,359769.19
2025-10-21 07:00:00+00:00,1.535,1.545,1.528,1.542,288552.37
2025-10-21 08:00:00+00:00,1.543,1.543,1.526,1.539,678954.87
2025-10-21 09:00:00+00:00,1.539,1.56,1.533,1.553,829196.08
2025-10-21 10:00:00+00:00,1.553,1.581,1.552,1.565,1482569.15
2025-10-21 11:00:00+00:00,1.565,1.566,1.553,1.56,311150.53
2025-10-21 12:00:00+00:00,1.559,1.572,1.552,1.556,469700.14
2025-10-21 13:00:00+00:00,1.557,1.565,1.545,1.553,448969.82
2025-10-21 14:00:00+00:00,1.554,1.604,1.554,1.603,864622.31
2025-10-21 15:00:00+00:00,1.603,1.643,1.595,1.63,1196261.42
2025-10-21 16:00:00+00:00,1.63,1.653,1.617,1.621,1303225.14
2025-10-21 17:00:00+00:00,1.622,1.647,1.612,1.641,797670.29
2025-10-21 18:00:00+00:00,1.641,1.646,1.627,1.635,298703.6
2025-10-21 19:00:00+00:00,1.634,1.636,1.624,1.625,140020.74
2025-10-21 20:00:00+00:00,1.626,1.63,1.604,1.611,265111.31
2025-10-21 21:00:00+00:00,1.61,1.614,1.584,1.605,332990.35
2025-10-21 22:00:00+00:00,1.605,1.606,1.572,1.578,553701.63
2025-10-21 23:00:00+00:00,1.578,1.584,1.554,1.561,423888.91
2025-10-22 00:00:00+00:00,1.561,1.569,1.547,1.557,521304.1
2025-10-22 01:00:00+00:00,1.558,1.576,1.556,1.567,473370.24
2025-10-22 02:00:00+00:00,1.568,1.573,1.556,1.557,187643.7
2025-10-22 03:00:00+00:00,1.557,1.56,1.543,1.56,356322.82
2025-10-22 04:00:00+00:00,1.559,1.571,1.558,1.569,371310.7
2025-10-22 05:00:00+00:00,1.569,1.569,1.532,1.546,418142.95
2025-10-22 06:00:00+00:00,1.545,1.547,1.53,1.534,593016.3
2025-10-22 07:00:00+00:00,1.534,1.544,1.526,1.541,295473.21
2025-10-22 08:00:00+00:00,1.54,1.54,1.53,1.53,155068.1
2025-10-22 09:00:00+00:00,1.53,1.533,1.513,1.519,317466.31
2025-10-22 10:00:00+00:00,1.518,1.525,1.507,1.508,199788.79
2025-10-22 11:00:00+00:00,1.509,1.533,1.494,1.525,605183.34
2025-10-22 12:00:00+00:00,1.524,1.538,1.521,1.529,251917.18
2025-10-22 13:00:00+00:00,1.53,1.552,1.52,1.55,335222.42
2025-10-22 14:00:00+00:00,1.549,1.552,1.521,1.552,801090.74
2025-10-22 15:00:00+00:00,1.552,1.559,1.53,1.547,335760.51
2025-10-22 16:00:00+00:00,1.546,1.556,1.528,1.541,552513.86
2025-10-22 17:00:00+00:00,1.542,1.551,1.523,1.529,211821.18
2025-10-22 18:00:00+00:00,1.528,1.535,1.515,1.526,228952.98
2025-10-22 19:00:00+00:00,1.526,1.541,1.512,1.527,242914.38
2025-10-22 20:00:00+00:00,1.527,1.53,1.507,1.509,200895.69
2025-10-22 21:00:00+00:00,1.509,1.509,1.46,1.484,921543.58
2025-10-22 22:00:00+00:00,1.483,1.496,1.478,1.487,321639.83
2025-10-22 23:00:00+00:00,1.487,1.524,1.487,1.519,442173.34
2025-10-23 00:00:00+00:00,1.519,1.529,1.517,1.523,292945.17
2025-10-23 01:00:00+00:00,1.523,1.531,1.52,1.521,321297.51
2025-10-23 02:00:00+00:00,1.522,1.53,1.521,1.526,176273.58
2025-10-23 03:00:00+00:00,1.527,1.536,1.526,1.531,151753.73
2025-10-23 04:00:00+00:00,1.53,1.543,1.526,1.535,230044.08
2025-10-23 05:00:00+00:00,1.535,1.538,1.529,1.535,131547.3
2025-10-23 06:00:00+00:00,1.535,1.555,1.534,1.554,279443.07
2025-10-23 07:00:00+00:00,1.554,1.554,1.542,1.546,240237.92
2025-10-23 08:00:00+00:00,1.547,1.554,1.542,1.542,281965.21
2025-10-23 09:00:00+00:00,1.542,1.546,1.537,1.544,303371.71
2025-10-23 10:00:00+00:00,1.545,1.555,1.544,1.551,344772.92
2025-10-23 11:00:00+00:00,1.551,1.555,1.543,1.546,294163.91
2025-10-23 12:00:00+00:00,1.545,1.547,1.53,1.546,349406.5
2025-10-23 13:00:00+00:00,1.546,1.563,1.541,1.558,549935.2
2025-10-23 14:00:00+00:00,1.558,1.56,1.54,1.552,460115.2
2025-10-23 15:00:00+00:00,1.552,1.57,1.548,1.559,378894.81
2025-10-23 16:00:00+00:00,1.56,1.573,1.554,1.568,300129.47
2025-10-23 17:00:00+00:00,1.569,1.579,1.555,1.575,495070.12
2025-10-23 18:00:00+00:00,1.576,1.577,1.558,1.562,244804.28
2025-10-23 19:00:00+00:00,1.561,1.565,1.554,1.562,154589.8
2025-10-23 20:00:00+00:00,1.561,1.561,1.538,1.544,280349.74
2025-10-23 21:00:00+00:00,1.543,1.55,1.539,1.54,154667.32
2025-10-23 22:00:00+00:00,1.541,1.551,1.54,1.547,155251.63
2025-10-23 23:00:00+00:00,1.547,1.557,1.546,1.556,112915.02
2025-10-24 00:00:00+00:00,1.557,1.563,1.551,1.558,175571.74
2025-10-24 01:00:00+00:00,1.558,1.562,1.551,1.558,116279.26
2025-10-24 02:00:00+00:00,1.558,1.559,1.551,1.555,138705.31
2025-10-24 03:00:00+00:00,1.554,1.556,1.549,1.553,103750.3
2025-10-24 04:00:00+00:00,1.552,1.581,1.547,1.577,293482.02
2025-10-24 05:00:00+00:00,1.577,1.581,1.572,1.576,173859.77
2025-10-24 06:00:00+00:00,1.575,1.578,1.571,1.577,217545.18
2025-10-24 07:00:00+00:00,1.576,1.58,1.562,1.569,201875.39
2025-10-24 08:00:00+00:00,1.569,1.579,1.562,1.575,271729.84
2025-10-24 09:00:00+00:00,1.575,1.576,1.566,1.569,130507.01
2025-10-24 10:00:00+00:00,1.568,1.568,1.56,1.561,328041.11
2025-10-24 11:00:00+00:00,1.561,1.561,1.544,1.561,305078.18
2025-10-24 12:00:00+00:00,1.561,1.597,1.556,1.572,980150.83
2025-10-24 13:00:00+00:00,1.572,1.573,1.549,1.564,384067.48
2025-10-24 14:00:00+00:00,1.563,1.563,1.536,1.547,783950.19
2025-10-24 15:00:00+00:00,1.547,1.556,1.538,1.544,359078.12
2025-10-24 16:00:00+00:00,1.543,1.545,1.532,1.538,421095.91
2025-10-24 17:00:00+00:00,1.537,1.548,1.537,1.541,253802.69
2025-10-24 18:00:00+00:00,1.541,1.553,1.541,1.552,95266.24
2025-10-24 19:00:00+00:00,1.553,1.567,1.553,1.563,193680.84
2025-10-24 20:00:00+00:00,1.563,1.573,1.563,1.567,188161.73
2025-10-24 21:00:00+00:00,1.568,1.576,1.563,1.573,330947.09
2025-10-24 22:00:00+00:00,1.574,1.576,1.569,1.57,155912.84
2025-10-24 23:00:00+00:00,1.57,1.572,1.566,1.569,147056.11
2025-10-25 00:00:00+00:00,1.569,1.579,1.565,1.571,314016.69
2025-10-25 01:00:00+00:00,1.572,1.577,1.567,1.568,177719.4
2025-10-25 02:00:00+00:00,1.568,1.569,1.562,1.565,102226.97
2025-10-25 03:00:00+00:00,1.565,1.566,1.557,1.557,137203.06
2025-10-25 04:00:00+00:00,1.557,1.565,1.557,1.56,158851.77
2025-10-25 05:00:00+00:00,1.561,1.561,1.552,1.556,242800.26
2025-10-25 06:00:00+00:00,1.557,1.557,1.549,1.549,379571.33
2025-10-25 07:00:00+00:00,1.549,1.56,1.548,1.55,222135.41
2025-10-25 08:00:00+00:00,1.55,1.561,1.549,1.561,117002.16
2025-10-25 09:00:00+00:00,1.561,1.561,1.55,1.55,202551.94
2025-10-25 10:00:00+00:00,1.551,1.552,1.541,1.549,267380.77
2025-10-25 11:00:00+00:00,1.548,1.555,1.546,1.554,122533.23
2025-10-25 12:00:00+00:00,1.554,1.561,1.552,1.558,181754.91
2025-10-25 13:00:00+00:00,1.558,1.558,1.552,1.558,161890.4
2025-10-25 14:00:00+00:00,1.557,1.569,1.556,1.568,228434.3
2025-10-25 15:00:00+00:00,1.567,1.567,1.56,1.564,182082.59
2025-10-25 16:00:00+00:00,1.564,1.567,1.559,1.562,192863.04
2025-10-25 17:00:00+00:00,1.562,1.569,1.561,1.563,65268.55
2025-10-25 18:00:00+00:00,1.562,1.573,1.559,1.57,138243.53
2025-10-25 19:00:00+00:00,1.57,1.57,1.565,1.569,73094.53
2025-10-25 20:00:00+00:00,1.569,1.57,1.563,1.563,77428.52
2025-10-25 21:00:00+00:00,1.563,1.565,1.559,1.563,87732.54
2025-10-25 22:00:00+00:00,1.563,1.57,1.558,1.566,103196.3
2025-10-25 23:00:00+00:00,1.567,1.567,1.56,1.56,118378.09
2025-10-26 00:00:00+00:00,1.561,1.566,1.555,1.562,162612.13
2025-10-26 01:00:00+00:00,1.562,1.563,1.546,1.552,187766.06
2025-10-26 02:00:00+00:00,1.552,1.556,1.547,1.551,118501.32
2025-10-26 03:00:00+00:00,1.55,1.553,1.544,1.548,105942.58
2025-10-26 04:00:00+00:00,1.548,1.559,1.547,1.559,60490.82
2025-10-26 05:00:00+00:00,1.559,1.565,1.555,1.564,94398.62
2025-10-26 06:00:00+00:00,1.564,1.565,1.56,1.563,185709.97
2025-10-26 07:00:00+00:00,1.563,1.573,1.561,1.571,114639.68
2025-10-26 08:00:00+00:00,1.572,1.583,1.572,1.577,208960.49
2025-10-26 09:00:00+00:00,1.578,1.6,1.576,1.598,352766.28
2025-10-26 10:00:00+00:00,1.598,1.599,1.588,1.595,112938.21
2025-10-26 11:00:00+00:00,1.595,1.633,1.591,1.629,710940.87
2025-10-26 12:00:00+00:00,1.629,1.64,1.621,1.629,411492.38
2025-10-26 13:00:00+00:00,1.629,1.644,1.623,1.637,326304.96
2025-10-26 14:00:00+00:00,1.637,1.64,1.627,1.64,283749.69
2025-10-26 15:00:00+00:00,1.64,1.647,1.631,1.645,207659.16
2025-10-26 16:00:00+00:00,1.645,1.645,1.63,1.634,323282.32
2025-10-26 17:00:00+00:00,1.635,1.639,1.63,1.637,132283.4
2025-10-26 18:00:00+00:00,1.638,1.65,1.638,1.646,238312.01
2025-10-26 19:00:00+00:00,1.646,1.648,1.641,1.646,203832.6
2025-10-26 20:00:00+00:00,1.646,1.646,1.628,1.632,530937.46
2025-10-26 21:00:00+00:00,1.633,1.645,1.628,1.643,393158.58
2025-10-26 22:00:00+00:00,1.643,1.674,1.643,1.664,827841.63
2025-10-26 23:00:00+00:00,1.665,1.668,1.651,1.653,274023.94
2025-10-27 00:00:00+00:00,1.652,1.664,1.649,1.66,235561.71
2025-10-27 01:00:00+00:00,1.659,1.676,1.657,1.672,286004.03
2025-10-27 02:00:00+00:00,1.672,1.675,1.663,1.667,247463.82
2025-10-27 03:00:00+00:00,1.666,1.671,1.663,1.671,193568.64
2025-10-27 04:00:00+00:00,1.671,1.678,1.667,1.673,253399.25
2025-10-27 05:00:00+00:00,1.672,1.686,1.669,1.67,305256.97
2025-10-27 06:00:00+00:00,1.67,1.675,1.666,1.67,230531.59
2025-10-27 07:00:00+00:00,1.67,1.672,1.654,1.667,558678.01
2025-10-27 08:00:00+00:00,1.667,1.668,1.641,1.65,653420.69
2025-10-27 09:00:00+00:00,1.65,1.65,1.624,1.63,1043618.45
2025-10-27 10:00:00+00:00,1.63,1.635,1.625,1.627,250177.29
2025-10-27 11:00:00+00:00,1.627,1.639,1.621,1.639,314221.19
2025-10-27 12:00:00+00:00,1.638,1.638,1.619,1.621,409456.67
2025-10-27 13:00:00+00:00,1.62,1.632,1.602,1.624,1202914.79
2025-10-27 14:00:00+00:00,1.624,1.627,1.604,1.616,613248.1
2025-10-27 15:00:00+00:00,1.617,1.635,1.617,1.629,234639.17
2025-10-27 16:00:00+00:00,1.63,1.666,1.629,1.663,1037397.0
2025-10-27 17:00:00+00:00,1.664,1.677,1.659,1.671,549204.34
2025-10-27 18:00:00+00:00,1.672,1.678,1.661,1.665,361326.91
2025-10-27 19:00:00+00:00,1.666,1.67,1.657,1.658,714176.31
2025-10-27 20:00:00+00:00,1.658,1.66,1.647,1.653,404901.69
2025-10-27 21:00:00+00:00,1.652,1.663,1.639,1.65,339683.9
2025-10-27 22:00:00+00:00,1.649,1.656,1.637,1.641,246765.13
2025-10-27 23:00:00+00:00,1.641,1.646,1.629,1.64,305580.85
2025-10-28 00:00:00+00:00,1.64,1.643,1.623,1.629,444994.19
2025-10-28 01:00:00+00:00,1.629,1.637,1.627,1.63,297293.83
2025-10-28 02:00:00+00:00,1.63,1.635,1.603,1.617,411896.61
2025-10-28 03:00:00+00:00,1.616,1.624,1.608,1.617,244629.07
2025-10-28 04:00:00+00:00,1.616,1.641,1.613,1.634,359788.26
2025-10-28 05:00:00+00:00,1.635,1.642,1.614,1.618,433677.85
2025-10-28 06:00:00+00:00,1.618,1.65,1.616,1.647,352455.89
2025-10-28 07:00:00+00:00,1.648,1.652,1.624,1.627,447150.79
2025-10-28 08:00:00+00:00,1.626,1.638,1.625,1.631,224747.45
2025-10-28 09:00:00+00:00,1.631,1.638,1.626,1.637,228812.71
2025-10-28 10:00:00+00:00,1.637,1.64,1.628,1.636,238631.85
2025-10-28 11:00:00+00:00,1.636,1.64,1.625,1.626,264766.02
2025-10-28 12:00:00+00:00,1.625,1.633,1.612,1.63,871465.55
2025-10-28 13:00:00+00:00,1.63,1.648,1.63,1.64,619037.13
2025-10-28 14:00:00+00:00,1.64,1.647,1.588,1.622,1029242.48
2025-10-28 15:00:00+00:00,1.622,1.629,1.608,1.618,504678.0
2025-10-28 16:00:00+00:00,1.618,1.635,1.61,1.631,376696.52
2025-10-28 17:00:00+00:00,1.632,1.636,1.625,1.627,181384.36
2025-10-28 18:00:00+00:00,1.627,1.633,1.614,1.619,267137.12
2025-10-28 19:00:00+00:00,1.62,1.621,1.585,1.594,453890.01
2025-10-28 20:00:00+00:00,1.594,1.595,1.552,1.559,1177119.52
2025-10-28 21:00:00+00:00,1.558,1.562,1.532,1.552,1326654.53
2025-10-28 22:00:00+00:00,1.552,1.564,1.543,1.563,396634.69
2025-10-28 23:00:00+00:00,1.563,1.564,1.554,1.558,242720.03
2025-10-29 00:00:00+00:00,1.557,1.562,1.552,1.557,261821.39
2025-10-29 01:00:00+00:00,1.556,1.571,1.554,1.563,426681.86
2025-10-29 02:00:00+00:00,1.563,1.565,1.559,1.559,167108.6
2025-10-29 03:00:00+00:00,1.559,1.56,1.549,1.557,264451.39
2025-10-29 04:00:00+00:00,1.556,1.566,1.555,1.564,142774.6
2025-10-29 05:00:00+00:00,1.564,1.575,1.562,1.569,231806.91
2025-10-29 06:00:00+00:00,1.569,1.573,1.564,1.571,181447.15
2025-10-29 07:00:00+00:00,1.57,1.582,1.568,1.579,224740.37
2025-10-29 08:00:00+00:00,1.578,1.581,1.57,1.571,259849.0
2025-10-29 09:00:00+00:00,1.571,1.578,1.564,1.577,171577.21
2025-10-29 10:00:00+00:00,1.577,1.602,1.576,1.599,702009.05
2025-10-29 11:00:00+00:00,1.599,1.632,1.598,1.624,998597.78
2025-10-29 12:00:00+00:00,1.624,1.644,1.612,1.616,817307.04
2025-10-29 13:00:00+00:00,1.616,1.625,1.608,1.615,597716.4
2025-10-29 14:00:00+00:00,1.615,1.627,1.61,1.624,446924.33
2025-10-29 15:00:00+00:00,1.624,1.627,1.591,1.6,797291.5
2025-10-29 16:00:00+00:00,1.599,1.611,1.592,1.598,438003.43
2025-10-29 17:00:00+00:00,1.597,1.638,1.596,1.638,305453.78
2025-10-29 18:00:00+00:00,1.637,1.641,1.54,1.603,3537595.68
2025-10-29 19:00:00+00:00,1.603,1.634,1.595,1.615,782027.21
2025-10-29 20:00:00+00:00,1.616,1.633,1.6,1.623,398834.27
2025-10-29 21:00:00+00:00,1.624,1.625,1.611,1.615,259675.61
2025-10-29 22:00:00+00:00,1.615,1.62,1.608,1.61,192268.92
2025-10-29 23:00:00+00:00,1.61,1.61,1.577,1.584,464599.29
2025-10-30 00:00:00+00:00,1.584,1.604,1.574,1.601,324885.64
2025-10-30 01:00:00+00:00,1.601,1.604,1.59,1.597,299192.43
2025-10-30 02:00:00+00:00,1.598,1.61,1.595,1.607,221627.67
2025-10-30 03:00:00+00:00,1.607,1.607,1.581,1.587,360810.85
2025-10-30 04:00:00+00:00,1.586,1.586,1.516,1.538,1746253.36
2025-10-30 05:00:00+00:00,1.538,1.566,1.53,1.564,553462.78
2025-10-30 06:00:00+00:00,1.563,1.569,1.545,1.559,480147.44
2025-10-30 07:00:00+00:00,1.559,1.582,1.558,1.574,266084.62
2025-10-30 08:00:00+00:00,1.573,1.573,1.551,1.551,286215.04
2025-10-30 09:00:00+00:00,1.551,1.555,1.539,1.545,393600.85
2025-10-30 10:00:00+00:00,1.544,1.552,1.537,1.545,243942.0
2025-10-30 11:00:00+00:00,1.545,1.549,1.537,1.537,131184.82
2025-10-30 12:00:00+00:00,1.537,1.538,1.502,1.518,1066400.48
2025-10-30 13:00:00+00:00,1.517,1.521,1.475,1.484,1052529.25
2025-10-30 14:00:00+00:00,1.484,1.495,1.475,1.482,745105.09
2025-10-30 15:00:00+00:00,1.482,1.485,1.453,1.461,869653.35
2025-10-30 16:00:00+00:00,1.461,1.473,1.453,1.459,1190376.32
2025-10-30 17:00:00+00:00,1.458,1.459,1.413,1.432,1405685.24
2025-10-30 18:00:00+00:00,1.432,1.433,1.404,1.411,624652.01
2025-10-30 19:00:00+00:00,1.411,1.419,1.397,1.408,955342.91
2025-10-30 20:00:00+00:00,1.408,1.426,1.404,1.424,636917.83
2025-10-30 21:00:00+00:00,1.424,1.432,1.418,1.428,245597.85
2025-10-30 22:00:00+00:00,1.429,1.441,1.427,1.441,202567.83
2025-10-30 23:00:00+00:00,1.442,1.465,1.438,1.463,378062.29
2025-10-31 00:00:00+00:00,1.464,1.471,1.456,1.464,456295.9
2025-10-31 01:00:00+00:00,1.464,1.481,1.462,1.481,317359.34
2025-10-31 02:00:00+00:00,1.481,1.488,1.468,1.487,336061.44
2025-10-31 03:00:00+00:00,1.488,1.488,1.473,1.476,333023.9
2025-10-31 04:00:00+00:00,1.477,1.502,1.476,1.5,389639.38
2025-10-31 05:00:00+00:00,1.499,1.506,1.493,1.497,173521.26
2025-10-31 06:00:00+00:00,1.498,1.507,1.496,1.504,357571.9
2025-10-31 07:00:00+00:00,1.505,1.523,1.503,1.519,654665.48
2025-10-31 08:00:00+00:00,1.518,1.52,1.504,1.506,368740.95
2025-10-31 09:00:00+00:00,1.506,1.511,1.494,1.501,287908.57
2025-10-31 10:00:00+00:00,1.5,1.508,1.496,1.496,246229.13
2025-10-31 11:00:00+00:00,1.496,1.519,1.493,1.517,320364.38
2025-10-31 12:00:00+00:00,1.516,1.516,1.502,1.502,599107.19
2025-10-31 13:00:00+00:00,1.502,1.513,1.496,1.512,354283.68
2025-10-31 14:00:00+00:00,1.513,1.521,1.504,1.518,488531.16
2025-10-31 15:00:00+00:00,1.517,1.529,1.5,1.502,452573.07
2025-10-31 16:00:00+00:00,1.502,1.504,1.471,1.475,616419.41
2025-10-31 17:00:00+00:00,1.474,1.485,1.462,1.476,424911.36
2025-10-31 18:00:00+00:00,1.476,1.5,1.474,1.492,363444.5
2025-10-31 19:00:00+00:00,1.493,1.517,1.483,1.511,378304.31
2025-10-31 20:00:00+00:00,1.511,1.513,1.498,1.499,289999.63
2025-10-31 21:00:00+00:00,1.499,1.509,1.497,1.502,640946.44
2025-10-31 22:00:00+00:00,1.503,1.512,1.501,1.504,293867.87
2025-10-31 23:00:00+00:00,1.504,1.519,1.503,1.515,276315.39
2025-11-01 00:00:00+00:00,1.516,1.535,1.507,1.53,455133.16
2025-11-01 01:00:00+00:00,1.53,1.542,1.522,1.531,626342.12
2025-11-01 02:00:00+00:00,1.531,1.537,1.515,1.537,328686.62
2025-11-01 03:00:00+00:00,1.538,1.543,1.531,1.538,513369.03
2025-11-01 04:00:00+00:00,1.538,1.545,1.535,1.537,316119.04
2025-11-01 05:00:00+00:00,1.537,1.543,1.533,1.534,300462.84
2025-11-01 06:00:00+00:00,1.534,1.539,1.529,1.539,350540.6
2025-11-01 07:00:00+00:00,1.539,1.568,1.536,1.562,691905.99
2025-11-01 08:00:00+00:00,1.561,1.573,1.556,1.57,629815.72
2025-11-01 09:00:00+00:00,1.57,1.576,1.562,1.565,531166.41
2025-11-01 10:00:00+00:00,1.565,1.605,1.565,1.597,1026403.56
2025-11-01 11:00:00+00:00,1.598,1.643,1.598,1.635,2574884.83
2025-11-01 12:00:00+00:00,1.635,1.692,1.635,1.688,3180264.31
2025-11-01 13:00:00+00:00,1.688,1.716,1.666,1.693,4181703.21
2025-11-01 14:00:00+00:00,1.692,1.702,1.667,1.69,1727384.64
2025-11-01 15:00:00+00:00,1.689,1.706,1.671,1.676,1049720.83
2025-11-01 16:00:00+00:00,1.677,1.704,1.666,1.683,1318916.21
2025-11-01 17:00:00+00:00,1.683,1.716,1.665,1.68,1704720.74
2025-11-01 18:00:00+00:00,1.68,1.693,1.675,1.691,500407.41
2025-11-01 19:00:00+00:00,1.691,1.698,1.682,1.688,426340.83
2025-11-01 20:00:00+00:00,1.688,1.69,1.671,1.673,397778.72
2025-11-01 21:00:00+00:00,1.674,1.68,1.655,1.656,467822.32
2025-11-01 22:00:00+00:00,1.656,1.664,1.654,1.662,271888.58
2025-11-01 23:00:00+00:00,1.662,1.677,1.661,1.672,278414.33
2025-11-02 00:00:00+00:00,1.672,1.687,1.661,1.678,937399.21
2025-11-02 01:00:00+00:00,1.677,1.697,1.668,1.687,853883.12
2025-11-02 02:00:00+00:00,1.687,1.69,1.675,1.675,361648.67
2025-11-02 03:00:00+00:00,1.675,1.678,1.66,1.665,687525.33
2025-11-02 04:00:00+00:00,1.664,1.68,1.664,1.677,314351.25
2025-11-02 05:00:00+00:00,1.676,1.707,1.668,1.701,726232.1
2025-11-02 06:00:00+00:00,1.701,1.709,1.686,1.694,929551.0
2025-11-02 07:00:00+00:00,1.693,1.711,1.692,1.708,549187.77
2025-11-02 08:00:00+00:00,1.708,1.726,1.705,1.723,1219107.4
2025-11-02 09:00:00+00:00,1.723,1.796,1.723,1.734,5649068.91
2025-11-02 10:00:00+00:00,1.733,1.746,1.671,1.68,2119224.61
2025-11-02 11:00:00+00:00,1.68,1.694,1.673,1.678,932365.87
2025-11-02 12:00:00+00:00,1.678,1.69,1.658,1.68,1550374.9
2025-11-02 13:00:00+00:00,1.679,1.679,1.646,1.666,808932.2
2025-11-02 14:00:00+00:00,1.665,1.676,1.621,1.63,1181936.21
2025-11-02 15:00:00+00:00,1.629,1.644,1.623,1.633,806161.75
2025-11-02 16:00:00+00:00,1.632,1.642,1.611,1.64,646861.2
2025-11-02 17:00:00+00:00,1.64,1.64,1.626,1.637,279289.26
2025-11-02 18:00:00+00:00,1.637,1.641,1.627,1.631,177338.71
2025-11-02 19:00:00+00:00,1.632,1.635,1.619,1.625,199673.35
2025-11-02 20:00:00+00:00,1.624,1.638,1.62,1.637,300251.31
2025-11-02 21:00:00+00:00,1.637,1.641,1.627,1.627,202621.35
2025-11-02 22:00:00+00:00,1.628,1.655,1.625,1.651,486920.88
2025-11-02 23:00:00+00:00,1.651,1.674,1.651,1.666,472815.21
2025-11-03 00:00:00+00:00,1.667,1.668,1.645,1.649,565728.79
2025-11-03 01:00:00+00:00,1.648,1.66,1.642,1.648,572641.32
2025-11-03 02:00:00+00:00,1.648,1.65,1.627,1.65,1244791.09
2025-11-03 03:00:00+00:00,1.649,1.652,1.566,1.571,2181680.09
2025-11-03 04:00:00+00:00,1.572,1.573,1.55,1.57,943627.59
2025-11-03 05:00:00+00:00,1.569,1.576,1.518,1.52,1123192.71
2025-11-03 06:00:00+00:00,1.519,1.535,1.497,1.53,1208230.47
2025-11-03 07:00:00+00:00,1.529,1.536,1.515,1.524,594312.38
2025-11-03 08:00:00+00:00,1.524,1.526,1.504,1.522,783214.24
2025-11-03 09:00:00+00:00,1.521,1.533,1.507,1.508,503168.15
2025-11-03 10:00:00+00:00,1.507,1.524,1.503,1.508,673224.1
2025-11-03 11:00:00+00:00,1.509,1.548,1.509,1.532,402386.39
2025-11-03 12:00:00+00:00,1.533,1.544,1.529,1.534,502148.57
2025-11-03 13:00:00+00:00,1.533,1.555,1.528,1.539,483867.39
2025-11-03 14:00:00+00:00,1.539,1.564,1.535,1.562,493009.06
2025-11-03 15:00:00+00:00,1.563,1.564,1.442,1.472,3941465.63
2025-11-03 16:00:00+00:00,1.473,1.512,1.454,1.494,962260.45
2025-11-03 17:00:00+00:00,1.493,1.52,1.489,1.52,735877.33
2025-11-03 18:00:00+00:00,1.519,1.519,1.468,1.472,481491.21
2025-11-03 19:00:00+00:00,1.472,1.473,1.428,1.431,1170568.79
2025-11-03 20:00:00+00:00,1.432,1.434,1.404,1.415,1095065.77
2025-11-03 21:00:00+00:00,1.414,1.436,1.406,1.424,668138.83
2025-11-03 22:00:00+00:00,1.424,1.469,1.406,1.448,784535.91
2025-11-03 23:00:00+00:00,1.448,1.45,1.417,1.443,717194.55
2025-11-04 00:00:00+00:00,1.443,1.466,1.425,1.458,570793.24
2025-11-04 01:00:00+00:00,1.458,1.487,1.451,1.477,745334.41
2025-11-04 02:00:00+00:00,1.476,1.49,1.472,1.478,563966.97
2025-11-04 03:00:00+00:00,1.478,1.522,1.473,1.517,1154428.52
2025-11-04 04:00:00+00:00,1.518,1.558,1.508,1.546,2162955.94
2025-11-04 05:00:00+00:00,1.547,1.547,1.44,1.45,2597912.58
2025-11-04 06:00:00+00:00,1.449,1.502,1.43,1.48,1640019.72
2025-11-04 07:00:00+00:00,1.479,1.484,1.445,1.454,1226164.19
2025-11-04 08:00:00+00:00,1.453,1.496,1.441,1.481,824976.18
2025-11-04 09:00:00+00:00,1.481,1.483,1.457,1.472,782576.35
2025-11-04 10:00:00+00:00,1.472,1.492,1.47,1.481,754718.13
2025-11-04 11:00:00+00:00,1.481,1.491,1.466,1.471,850413.39
2025-11-04 12:00:00+00:00,1.471,1.472,1.448,1.455,543125.27
2025-11-04 13:00:00+00:00,1.455,1.468,1.44,1.457,650423.93
2025-11-04 14:00:00+00:00,1.456,1.489,1.422,1.484,2053572.37
2025-11-04 15:00:00+00:00,1.484,1.49,1.452,1.454,1380887.62
2025-11-04 16:00:00+00:00,1.454,1.465,1.41,1.416,1443235.4
2025-11-04 17:00:00+00:00,1.416,1.42,1.362,1.384,2766833.65
2025-11-04 18:00:00+00:00,1.385,1.385,1.327,1.366,2170248.57
2025-11-04 19:00:00+00:00,1.365,1.375,1.342,1.346,1393652.48
2025-11-04 20:00:00+00:00,1.347,1.358,1.28,1.339,3045934.74
2025-11-04 21:00:00+00:00,1.339,1.341,1.27,1.329,2333119.29
2025-11-04 22:00:00+00:00,1.33,1.373,1.318,1.373,1308830.6
2025-11-04 23:00:00+00:00,1.373,1.383,1.36,1.367,664985.16
2025-11-05 00:00:00+00:00,1.368,1.38,1.351,1.358,552584.76
2025-11-05 01:00:00+00:00,1.357,1.357,1.297,1.344,989872.41
2025-11-05 02:00:00+00:00,1.345,1.394,1.345,1.393,933636.33
2025-11-05 03:00:00+00:00,1.394,1.407,1.384,1.4,816630.47
2025-11-05 04:00:00+00:00,1.401,1.405,1.386,1.391,387330.28
2025-11-05 05:00:00+00:00,1.391,1.405,1.388,1.393,356628.02
2025-11-05 06:00:00+00:00,1.393,1.393,1.377,1.388,419309.92
2025-11-05 07:00:00+00:00,1.387,1.389,1.368,1.374,541670.05
2025-11-05 08:00:00+00:00,1.374,1.374,1.343,1.359,1344504.44
2025-11-05 09:00:00+00:00,1.358,1.372,1.356,1.366,356644.01
2025-11-05 10:00:00+00:00,1.365,1.369,1.344,1.346,663445.83
2025-11-05 11:00:00+00:00,1.346,1.377,1.345,1.374,695678.39
2025-11-05 12:00:00+00:00,1.373,1.384,1.364,1.368,666935.23
2025-11-05 13:00:00+00:00,1.368,1.381,1.356,1.372,833136.03
2025-11-05 14:00:00+00:00,1.371,1.375,1.339,1.353,1105616.77
2025-11-05 15:00:00+00:00,1.354,1.379,1.348,1.377,633931.42
2025-11-05 16:00:00+00:00,1.378,1.402,1.357,1.401,1133266.65
2025-11-05 17:00:00+00:00,1.401,1.416,1.385,1.396,904869.49
2025-11-05 18:00:00+00:00,1.395,1.414,1.394,1.41,645000.52
2025-11-05 19:00:00+00:00,1.41,1.412,1.397,1.405,481873.68
2025-11-05 20:00:00+00:00,1.405,1.417,1.4,1.404,456865.96
2025-11-05 21:00:00+00:00,1.404,1.408,1.39,1.397,287434.42
2025-11-05 22:00:00+00:00,1.397,1.413,1.394,1.413,308872.45
2025-11-05 23:00:00+00:00,1.412,1.413,1.396,1.397,293699.49
2025-11-06 00:00:00+00:00,1.396,1.396,1.373,1.378,679554.17
2025-11-06 01:00:00+00:00,1.377,1.377,1.348,1.369,729473.24
2025-11-06 02:00:00+00:00,1.368,1.381,1.35,1.374,877693.3
2025-11-06 03:00:00+00:00,1.375,1.383,1.373,1.381,331237.14
2025-11-06 04:00:00+00:00,1.382,1.387,1.373,1.379,373416.97
2025-11-06 05:00:00+00:00,1.379,1.38,1.34,1.341,587563.75
2025-11-06 06:00:00+00:00,1.342,1.35,1.324,1.327,827484.77
2025-11-06 07:00:00+00:00,1.327,1.349,1.326,1.337,533131.99
2025-11-06 08:00:00+00:00,1.336,1.34,1.325,1.335,476786.72
2025-11-06 09:00:00+00:00,1.336,1.345,1.33,1.34,326522.99
2025-11-06 10:00:00+00:00,1.34,1.361,1.331,1.356,780623.02
2025-11-06 11:00:00+00:00,1.356,1.358,1.344,1.349,593076.88
2025-11-06 12:00:00+00:00,1.349,1.357,1.335,1.337,1002358.12
2025-11-06 13:00:00+00:00,1.336,1.41,1.336,1.396,1751718.32
2025-11-06 14:00:00+00:00,1.396,1.419,1.376,1.39,2490658.79
2025-11-06 15:00:00+00:00,1.389,1.408,1.357,1.378,2060422.18
2025-11-06 16:00:00+00:00,1.379,1.436,1.363,1.43,2675368.9
2025-11-06 17:00:00+00:00,1.431,1.545,1.43,1.542,7460880.11
2025-11-06 18:00:00+00:00,1.541,1.69,1.528,1.65,7381420.15
2025-11-06 19:00:00+00:00,1.65,1.95,1.649,1.78,12286045.87
2025-11-06 20:00:00+00:00,1.781,1.945,1.718,1.79,8509445.68
2025-11-06 21:00:00+00:00,1.788,1.851,1.754,1.809,4437731.94
2025-11-06 22:00:00+00:00,1.809,1.95,1.763,1.92,6130616.44
2025-11-06 23:00:00+00:00,1.919,1.941,1.819,1.893,4675295.27
2025-11-07 00:00:00+00:00,1.894,2.365,1.866,2.085,13284353.66
2025-11-07 01:00:00+00:00,2.085,2.3,2.022,2.156,6353181.19
2025-11-07 02:00:00+00:00,2.153,2.17,2.051,2.094,3032281.68
2025-11-07 03:00:00+00:00,2.095,2.153,2.06,2.135,3763638.6
2025-11-07 04:00:00+00:00,2.136,2.261,1.996,2.053,5402075.59
2025-11-07 05:00:00+00:00,2.053,2.206,2.051,2.14,3543469.39
2025-11-07 06:00:00+00:00,2.141,2.292,2.123,2.171,5977417.36
2025-11-07 07:00:00+00:00,2.172,2.249,2.104,2.204,5131477.7
2025-11-07 08:00:00+00:00,2.203,2.207,2.08,2.106,3909523.09
2025-11-07 09:00:00+00:00,2.106,2.343,2.105,2.328,4915045.2
2025-11-07 10:00:00+00:00,2.328,2.394,2.201,2.256,5253152.57
2025-11-07 11:00:00+00:00,2.256,2.262,2.059,2.107,4895599.76
2025-11-07 12:00:00+00:00,2.107,2.189,2.065,2.085,3063231.97
2025-11-07 13:00:00+00:00,2.085,2.241,2.028,2.192,4125395.23
2025-11-07 14:00:00+00:00,2.193,2.325,2.153,2.289,5827317.58
2025-11-07 15:00:00+00:00,2.289,2.525,2.274,2.516,9664195.21
2025-11-07 16:00:00+00:00,2.515,3.174,2.466,2.99,22629680.25
2025-11-07 17:00:00+00:00,2.989,3.508,2.826,3.439,13005166.88
2025-11-07 18:00:00+00:00,3.44,3.973,3.19,3.332,20822664.71
2025-11-07 19:00:00+00:00,3.332,3.534,3.174,3.288,7724904.95
2025-11-07 20:00:00+00:00,3.288,3.472,3.232,3.419,4811629.59
2025-11-07 21:00:00+00:00,3.419,3.713,3.397,3.513,6754650.11
2025-11-07 22:00:00+00:00,3.512,3.555,3.343,3.395,3701480.26
2025-11-07 23:00:00+00:00,3.395,3.399,3.255,3.392,4582883.75
2025-11-08 00:00:00+00:00,3.392,3.513,2.91,2.946,8994459.52
2025-11-08 01:00:00+00:00,2.946,3.275,2.926,3.248,7022560.38
2025-11-08 02:00:00+00:00,3.246,3.418,3.14,3.31,4281969.86
2025-11-08 03:00:00+00:00,3.31,3.4,3.111,3.136,4471299.38
2025-11-08 04:00:00+00:00,3.136,3.472,3.134,3.331,5615573.8
2025-11-08 05:00:00+00:00,3.331,3.365,3.118,3.167,4131660.4
2025-11-08 06:00:00+00:00,3.166,3.225,3.041,3.143,6156439.73
2025-11-08 07:00:00+00:00,3.143,3.328,3.1,3.269,5873703.13
2025-11-08 08:00:00+00:00,3.27,3.665,3.207,3.356,11896379.31
2025-11-08 09:00:00+00:00,3.354,3.393,3.192,3.297,6691271.41
2025-11-08 10:00:00+00:00,3.295,3.393,3.282,3.302,2843231.14
2025-11-08 11:00:00+00:00,3.302,3.34,3.131,3.28,3995324.78
2025-11-08 12:00:00+00:00,3.28,3.411,3.246,3.369,3555690.4
2025-11-08 13:00:00+00:00,3.367,3.52,3.165,3.203,7075625.42
2025-11-08 14:00:00+00:00,3.204,3.241,2.991,3.113,6484831.7
2025-11-08 15:00:00+00:00,3.113,3.118,2.856,2.883,5916487.03
2025-11-08 16:00:00+00:00,2.882,2.943,2.728,2.846,8099445.39
2025-11-08 17:00:00+00:00,2.847,2.879,2.768,2.797,2663067.33
2025-11-08 18:00:00+00:00,2.797,2.913,2.769,2.879,2576236.09
2025-11-08 19:00:00+00:00,2.878,2.91,2.795,2.842,1932713.73
2025-11-08 20:00:00+00:00,2.841,2.874,2.805,2.835,1163120.68
2025-11-08 21:00:00+00:00,2.835,2.949,2.756,2.918,3686733.53
2025-11-08 22:00:00+00:00,2.92,3.186,2.904,3.057,5347929.01
2025-11-08 23:00:00+00:00,3.057,3.063,2.932,2.958,4052906.78
2025-11-09 00:00:00+00:00,2.957,2.998,2.861,2.917,2642241.09
2025-11-09 01:00:00+00:00,2.917,2.954,2.822,2.892,2302019.3
2025-11-09 02:00:00+00:00,2.892,2.894,2.625,2.657,4276384.72
2025-11-09 03:00:00+00:00,2.658,2.689,2.512,2.558,8252298.64
2025-11-09 04:00:00+00:00,2.558,2.612,2.529,2.547,2388260.12
2025-11-09 05:00:00+00:00,2.547,2.564,2.494,2.548,3756244.1
2025-11-09 06:00:00+00:00,2.547,2.598,2.513,2.535,2027338.61
2025-11-09 07:00:00+00:00,2.535,2.641,2.534,2.63,2127258.36
2025-11-09 08:00:00+00:00,2.631,2.688,2.576,2.604,2779362.58
2025-11-09 09:00:00+00:00,2.603,2.675,2.535,2.556,2910930.0
2025-11-09 10:00:00+00:00,2.555,2.589,2.531,2.585,2667085.93
2025-11-09 11:00:00+00:00,2.585,2.757,2.584,2.752,4022188.25
2025-11-09 12:00:00+00:00,2.752,2.802,2.654,2.666,3683906.28
2025-11-09 13:00:00+00:00,2.666,2.78,2.639,2.709,2667198.13
2025-11-09 14:00:00+00:00,2.709,2.866,2.67,2.744,4193388.17
2025-11-09 15:00:00+00:00,2.744,2.84,2.723,2.742,3406289.03
2025-11-09 16:00:00+00:00,2.742,2.762,2.671,2.701,1679739.37
2025-11-09 17:00:00+00:00,2.701,2.767,2.653,2.719,1263744.47
2025-11-09 18:00:00+00:00,2.719,2.816,2.658,2.8,1365976.98
2025-11-09 19:00:00+00:00,2.8,2.912,2.76,2.904,2059920.84
2025-11-09 20:00:00+00:00,2.902,2.96,2.829,2.857,2819858.59
2025-11-09 21:00:00+00:00,2.857,2.902,2.814,2.821,1779976.84
2025-11-09 22:00:00+00:00,2.82,2.827,2.746,2.821,1062649.3
2025-11-09 23:00:00+00:00,2.822,2.854,2.725,2.782,1374651.29
2025-11-10 00:00:00+00:00,2.782,2.792,2.682,2.747,2028849.32
2025-11-10 01:00:00+00:00,2.747,2.754,2.628,2.637,1977342.83
2025-11-10 02:00:00+00:00,2.638,2.731,2.626,2.703,1696320.97
2025-11-10 03:00:00+00:00,2.703,2.926,2.701,2.802,3371227.12
2025-11-10 04:00:00+00:00,2.801,2.812,2.677,2.73,2346127.48
2025-11-10 05:00:00+00:00,2.729,2.757,2.68,2.722,1493646.28
2025-11-10 06:00:00+00:00,2.721,2.74,2.654,2.695,1049704.53
2025-11-10 07:00:00+00:00,2.695,2.72,2.612,2.624,2434909.54
2025-11-10 08:00:00+00:00,2.624,2.657,2.576,2.605,1802533.96
2025-11-10 09:00:00+00:00,2.604,2.644,2.602,2.643,950554.23
2025-11-10 10:00:00+00:00,2.642,2.661,2.562,2.591,1462965.03
2025-11-10 11:00:00+00:00,2.592,2.645,2.584,2.621,935816.3
2025-11-10 12:00:00+00:00,2.621,2.63,2.548,2.584,1598437.97
2025-11-10 13:00:00+00:00,2.584,2.618,2.55,2.56,1530813.69
2025-11-10 14:00:00+00:00,2.559,2.559,2.474,2.525,2938613.46
2025-11-10 15:00:00+00:00,2.525,2.543,2.493,2.513,1322358.17
2025-11-10 16:00:00+00:00,2.513,2.566,2.464,2.484,2082127.88
2025-11-10 17:00:00+00:00,2.484,2.553,2.481,2.527,1435165.16
2025-11-10 18:00:00+00:00,2.528,2.568,2.517,2.547,707508.93
2025-11-10 19:00:00+00:00,2.547,2.603,2.539,2.579,705006.51
2025-11-10 20:00:00+00:00,2.579,2.637,2.57,2.594,1370123.43
2025-11-10 21:00:00+00:00,2.595,2.6,2.544,2.565,1594229.47
2025-11-10 22:00:00+00:00,2.566,2.59,2.518,2.575,1390355.06
2025-11-10 23:00:00+00:00,2.576,2.594,2.518,2.555,899918.62
2025-11-11 00:00:00+00:00,2.555,2.643,2.491,2.549,2644608.94
2025-11-11 01:00:00+00:00,2.548,2.68,2.505,2.524,3437524.98
2025-11-11 02:00:00+00:00,2.525,2.58,2.512,2.535,1247890.46
2025-11-11 03:00:00+00:00,2.535,2.628,2.534,2.575,1836634.43
2025-11-11 04:00:00+00:00,2.576,2.599,2.494,2.503,1213495.16
2025-11-11 05:00:00+00:00,2.502,2.502,2.357,2.387,4580983.42
2025-11-11 06:00:00+00:00,2.387,2.437,2.381,2.392,1690443.24
2025-11-11 07:00:00+00:00,2.392,2.408,2.332,2.349,2570906.9
2025-11-11 08:00:00+00:00,2.35,2.366,2.325,2.356,1191958.92
2025-11-11 09:00:00+00:00,2.356,2.381,2.332,2.353,1300445.58
2025-11-11 10:00:00+00:00,2.354,2.404,2.351,2.377,1030072.84
2025-11-11 11:00:00+00:00,2.377,2.41,2.37,2.39,1229000.38
2025-11-11 12:00:00+00:00,2.39,2.42,2.359,2.401,1054496.55
2025-11-11 13:00:00+00:00,2.401,2.434,2.388,2.393,1367060.17
2025-11-11 14:00:00+00:00,2.392,2.429,2.358,2.421,1847723.54
2025-11-11 15:00:00+00:00,2.42,2.42,2.354,2.407,1538990.36
2025-11-11 16:00:00+00:00,2.406,2.437,2.382,2.399,1406745.43
2025-11-11 17:00:00+00:00,2.399,2.409,2.336,2.364,1317595.41
2025-11-11 18:00:00+00:00,2.364,2.369,2.307,2.322,1460020.31
2025-11-11 19:00:00+00:00,2.323,2.327,2.271,2.285,1849257.58
2025-11-11 20:00:00+00:00,2.285,2.305,2.223,2.232,2125833.77
2025-11-11 21:00:00+00:00,2.232,2.266,2.208,2.224,1469936.17
2025-11-11 22:00:00+00:00,2.224,2.253,2.197,2.244,1451300.23
2025-11-11 23:00:00+00:00,2.243,2.253,2.214,2.228,1064519.8
2025-11-12 00:00:00+00:00,2.229,2.274,2.178,2.18,1698582.64
2025-11-12 01:00:00+00:00,2.181,2.253,2.181,2.251,1618239.93
2025-11-12 02:00:00+00:00,2.25,2.273,2.23,2.263,951355.97
2025-11-12 03:00:00+00:00,2.264,2.28,2.248,2.263,657631.66
2025-11-12 04:00:00+00:00,2.263,2.269,2.25,2.26,589610.7
2025-11-12 05:00:00+00:00,2.26,2.284,2.253,2.266,673469.31
2025-11-12 06:00:00+00:00,2.266,2.288,2.25,2.269,884031.42
2025-11-12 07:00:00+00:00,2.269,2.33,2.256,2.289,1525798.08
2025-11-12 08:00:00+00:00,2.289,2.362,2.275,2.335,1565601.06
2025-11-12 09:00:00+00:00,2.335,2.354,2.325,2.328,1068496.41
2025-11-12 10:00:00+00:00,2.328,2.347,2.325,2.337,749526.14
2025-11-12 11:00:00+00:00,2.337,2.359,2.295,2.303,1545984.84
2025-11-12 12:00:00+00:00,2.303,2.32,2.28,2.296,842331.83
2025-11-12 13:00:00+00:00,2.296,2.324,2.29,2.311,561706.13
2025-11-12 14:00:00+00:00,2.309,2.31,2.214,2.249,1363916.09
2025-11-12 15:00:00+00:00,2.249,2.261,2.159,2.167,1901785.97
2025-11-12 16:00:00+00:00,2.167,2.179,2.103,2.117,2182696.78
2025-11-12 17:00:00+00:00,2.116,2.175,2.082,2.174,2251018.68
2025-11-12 18:00:00+00:00,2.173,2.19,2.145,2.159,995483.54
2025-11-12 19:00:00+00:00,2.157,2.171,2.144,2.156,533733.16
2025-11-12 20:00:00+00:00,2.155,2.24,2.15,2.203,1471767.02
2025-11-12 21:00:00+00:00,2.204,2.209,2.167,2.185,1039344.73
2025-11-12 22:00:00+00:00,2.185,2.206,2.169,2.201,583006.16
2025-11-12 23:00:00+00:00,2.2,2.204,2.171,2.197,384350.36
2025-11-13 00:00:00+00:00,2.197,2.236,2.188,2.192,919918.09
2025-11-13 01:00:00+00:00,2.192,2.226,2.178,2.183,771781.04
2025-11-13 02:00:00+00:00,2.184,2.195,2.162,2.18,442840.71
2025-11-13 03:00:00+00:00,2.18,2.228,2.156,2.195,1225390.37
2025-11-13 04:00:00+00:00,2.195,2.209,2.176,2.187,645714.14
2025-11-13 05:00:00+00:00,2.187,2.226,2.173,2.219,361186.22
2025-11-13 06:00:00+00:00,2.219,2.224,2.185,2.186,552687.93
2025-11-13 07:00:00+00:00,2.186,2.198,2.159,2.165,339684.83
2025-11-13 08:00:00+00:00,2.164,2.211,2.159,2.195,333013.47
2025-11-13 09:00:00+00:00,2.195,2.199,2.154,2.16,493373.51
2025-11-13 10:00:00+00:00,2.16,2.182,2.131,2.134,516880.86
2025-11-13 11:00:00+00:00,2.135,2.16,2.135,2.149,362761.91
2025-11-13 12:00:00+00:00,2.149,2.193,2.149,2.169,504330.88
2025-11-13 13:00:00+00:00,2.169,2.177,2.132,2.137,433630.19
2025-11-13 14:00:00+00:00,2.137,2.185,2.11,2.171,1417345.6
2025-11-13 15:00:00+00:00,2.171,2.171,2.093,2.117,968541.75
2025-11-13 16:00:00+00:00,2.116,2.133,2.052,2.057,1677567.8
2025-11-13 17:00:00+00:00,2.057,2.07,2.035,2.047,805638.13
2025-11-13 18:00:00+00:00,2.047,2.065,2.014,2.038,1509374.96
2025-11-13 19:00:00+00:00,2.039,2.04,2.003,2.031,1389456.47
2025-11-13 20:00:00+00:00,2.031,2.058,2.017,2.034,739678.74
2025-11-13 21:00:00+00:00,2.035,2.04,1.994,2.018,674978.12
2025-11-13 22:00:00+00:00,2.017,2.069,2.015,2.058,623757.01
2025-11-13 23:00:00+00:00,2.058,2.09,2.056,2.068,629079.88
2025-11-14 00:00:00+00:00,2.068,2.137,2.05,2.089,2098764.34
2025-11-14 01:00:00+00:00,2.089,2.139,2.078,2.109,1194000.37
2025-11-14 02:00:00+00:00,2.109,2.122,2.099,2.106,572034.37
2025-11-14 03:00:00+00:00,2.106,2.122,2.057,2.089,2140963.11
2025-11-14 04:00:00+00:00,2.089,2.089,2.002,2.066,1379880.26
2025-11-14 05:00:00+00:00,2.065,2.111,2.034,2.106,1410269.93
2025-11-14 06:00:00+00:00,2.105,2.125,2.055,2.124,1302765.47
2025-11-14 07:00:00+00:00,2.123,2.144,2.096,2.144,1248721.87
2025-11-14 08:00:00+00:00,2.143,2.172,2.109,2.133,1685520.49
2025-11-14 09:00:00+00:00,2.132,2.132,2.065,2.092,1172365.31
2025-11-14 10:00:00+00:00,2.093,2.124,2.093,2.104,426284.73
2025-11-14 11:00:00+00:00,2.104,2.104,2.048,2.063,788821.74
2025-11-14 12:00:00+00:00,2.063,2.088,2.002,2.079,1844045.62
2025-11-14 13:00:00+00:00,2.079,2.093,2.043,2.068,1076425.55
2025-11-14 14:00:00+00:00,2.068,2.094,2.015,2.07,1651829.57
2025-11-14 15:00:00+00:00,2.071,2.086,2.033,2.038,1628818.81
2025-11-14 16:00:00+00:00,2.038,2.059,2.013,2.036,1105518.03
2025-11-14 17:00:00+00:00,2.036,2.051,1.96,1.977,1353163.72
2025-11-14 18:00:00+00:00,1.977,2.029,1.975,1.998,998430.62
2025-11-14 19:00:00+00:00,1.998,2.039,1.993,2.033,442759.7
2025-11-14 20:00:00+00:00,2.033,2.033,1.949,1.971,569967.09
2025-11-14 21:00:00+00:00,1.971,2.022,1.966,2.006,476642.75
2025-11-14 22:00:00+00:00,2.006,2.035,1.998,2.005,622154.68
2025-11-14 23:00:00+00:00,2.006,2.006,1.931,1.997,783281.74
2025-11-15 00:00:00+00:00,1.998,2.016,1.975,2.009,462160.81
2025-11-15 01:00:00+00:00,2.009,2.063,2.002,2.039,686951.08
2025-11-15 02:00:00+00:00,2.039,2.04,2.022,2.038,704458.78
2025-11-15 03:00:00+00:00,2.038,2.06,2.022,2.043,682370.42
2025-11-15 04:00:00+00:00,2.042,2.1,2.04,2.055,1154603.15
2025-11-15 05:00:00+00:00,2.055,2.095,2.038,2.084,1005675.1
2025-11-15 06:00:00+00:00,2.085,2.2,2.07,2.14,3375669.77
2025-11-15 07:00:00+00:00,2.14,2.145,2.092,2.096,1562493.03
2025-11-15 08:00:00+00:00,2.097,2.103,2.026,2.037,1480890.99
2025-11-15 09:00:00+00:00,2.036,2.052,2.005,2.014,753777.12
2025-11-15 10:00:00+00:00,2.013,2.048,2.008,2.045,664496.43
2025-11-15 11:00:00+00:00,2.045,2.058,2.026,2.045,609538.94
2025-11-15 12:00:00+00:00,2.044,2.082,2.029,2.073,820433.3
2025-11-15 13:00:00+00:00,2.072,2.168,2.066,2.144,2449878.45
2025-11-15 14:00:00+00:00,2.144,2.171,2.093,2.108,2711947.56
2025-11-15 15:00:00+00:00,2.108,2.126,2.086,2.097,873715.18
2025-11-15 16:00:00+00:00,2.097,2.12,2.053,2.113,1429925.08
2025-11-15 17:00:00+00:00,2.113,2.154,2.092,2.118,1076589.52
2025-11-15 18:00:00+00:00,2.117,2.117,2.091,2.104,462895.96
2025-11-15 19:00:00+00:00,2.103,2.103,2.092,2.095,197259.13
